model,seed,level,epoch,train_total,train_effect,train_vq,eval_total,eval_effect,eval_vq,active_codes,ema_used_codes,step_counter,last_check_step,surprise_streak,distance_mean,distance_p90,distance_p95,distance_max,surprise_support
dynamic,3,1,1,6.2085849571228025,6.193124039967855,0.015460922991236052,6.005763751665751,6.005763751665751,0.0,1.0,1.0,10.0,0.0,0.0,,,,,
dynamic,3,1,2,5.889739793141683,5.865843938191731,0.02389583577712377,5.685678637822469,5.685678637822469,0.0,1.0,1.0,20.0,0.0,0.0,,,,,
dynamic,3,1,3,5.607062975565593,5.557962786356608,0.04910018006960551,5.393189395268758,5.393189395268758,0.0,1.0,1.0,30.0,0.0,0.0,,,,,
dynamic,3,1,4,5.368112239837647,5.277850036621094,0.09026222050189972,5.1308809185028075,5.1308809185028075,0.0,1.0,1.0,40.0,0.0,0.0,,,,,
dynamic,3,1,5,5.170238246917725,5.026317583719889,0.1439206478993098,4.894523579279582,4.894523579279582,0.0,1.0,1.0,50.0,0.0,0.0,,,,,
dynamic,3,1,6,5.031773643493652,4.798577238718669,0.23319636046886444,4.6719153785705565,4.6719153785705565,0.0,1.0,1.0,60.0,0.0,0.0,,,,,
dynamic,3,1,7,4.944724000295003,4.580676714579265,0.36404730955759684,4.458358503977458,4.458358503977458,0.0,1.0,1.0,70.0,0.0,0.0,,,,,
dynamic,3,1,8,4.92698564529419,4.371085402170817,0.5559002153078715,4.25510187625885,4.25510187625885,0.0,1.0,1.0,80.0,0.0,0.0,,,,,
dynamic,3,1,9,5.006722704569499,4.170391864776612,0.8363308159510294,4.057317503293356,4.057317503293356,0.0,1.0,1.0,90.0,0.0,0.0,,,,,
dynamic,3,1,10,5.1218526077270505,3.9799212805430093,1.1419312763214111,3.883690439860026,3.883690439860026,0.0,1.0,1.0,100.0,0.0,0.0,,,,,
dynamic,3,1,11,5.294288132985433,3.813988135655721,1.4803000275293987,3.72354807694753,3.72354807694753,0.0,1.0,1.0,110.0,0.0,0.0,,,,,
dynamic,3,1,12,5.3957865524291995,3.669018443425496,1.7267681090037028,3.5905470911661785,3.5905470911661785,0.0,1.0,1.0,120.0,0.0,0.0,,,,,
dynamic,3,1,13,5.379295902252197,3.533241243362427,1.8460547224680584,3.4603631353378295,3.4603631353378295,0.0,1.0,1.0,130.0,0.0,0.0,,,,,
dynamic,3,1,14,5.323271045684814,3.4084834671020507,1.9147876421610515,3.336344418525696,3.336344418525696,0.0,1.0,1.0,140.0,0.0,0.0,,,,,
dynamic,3,1,15,5.231704190572103,3.2905350716908774,1.9411691665649413,3.2306576665242512,3.2306576665242512,0.0,1.0,1.0,150.0,0.0,0.0,,,,,
dynamic,3,1,16,5.161083138783773,3.187589931488037,1.9734932327270507,3.133654923439026,3.133654923439026,0.0,1.0,1.0,160.0,0.0,0.0,,,,,
dynamic,3,1,17,5.048767967224121,3.092883424758911,1.9558845520019532,3.0391079584757485,3.0391079584757485,0.0,1.0,1.0,170.0,0.0,0.0,,,,,
dynamic,3,1,18,4.928780746459961,3.001541566848755,1.9272391414642334,2.9512348143259683,2.9512348143259683,0.0,1.0,1.0,180.0,0.0,0.0,,,,,
dynamic,3,1,19,4.78328400293986,2.9167095851898193,1.866574494043986,2.870856606165568,2.870856606165568,0.0,1.0,1.0,190.0,0.0,0.0,,,,,
dynamic,3,1,20,4.664442354838053,2.838673928578695,1.8257684008280437,2.795220381418864,2.795220381418864,0.0,1.0,1.0,200.0,0.0,0.0,,,,,
dynamic,3,1,21,4.512559223175049,2.7648709138234455,1.7476883522669475,2.7265472634633383,2.7265472634633383,0.0,1.0,1.0,210.0,201.0,1.0,14.167009353637695,35.71234130859375,67.29119873046875,175.68539428710938,248.0
dynamic,3,1,22,4.361244869232178,2.6984675852457682,1.6627773173650107,2.6598538176218667,2.6598538176218667,0.0,1.0,1.0,220.0,201.0,1.0,14.167009353637695,35.71234130859375,67.29119873046875,175.68539428710938,248.0
dynamic,3,1,23,4.18699371655782,2.632668972015381,1.5543247699737548,2.5992105134328205,2.5992105134328205,0.0,1.0,1.0,230.0,201.0,1.0,14.167009353637695,35.71234130859375,67.29119873046875,175.68539428710938,248.0
dynamic,3,1,24,4.066415023803711,2.5754645442962647,1.4909504922231038,2.5421241029103596,2.5421241029103596,0.0,1.0,1.0,240.0,201.0,1.0,14.167009353637695,35.71234130859375,67.29119873046875,175.68539428710938,248.0
dynamic,3,1,25,3.924921003977458,2.518602104187012,1.4063188997904459,2.488867635726929,2.488867635726929,0.0,1.0,1.0,250.0,201.0,1.0,14.167009353637695,35.71234130859375,67.29119873046875,175.68539428710938,248.0
dynamic,3,1,26,3.7769063313802085,2.4665189615885414,1.310387347539266,2.4361466630299886,2.4361466630299886,0.0,1.0,1.0,260.0,201.0,1.0,14.167009353637695,35.71234130859375,67.29119873046875,175.68539428710938,248.0
dynamic,3,1,27,3.6965736389160155,2.415351543426514,1.281222095489502,2.3875274244944253,2.3875274244944253,0.0,1.0,1.0,270.0,201.0,1.0,14.167009353637695,35.71234130859375,67.29119873046875,175.68539428710938,248.0
dynamic,3,1,28,3.6667184193929034,2.368627602259318,1.2980908091862997,2.3431138229370116,2.3431138229370116,0.0,1.0,1.0,280.0,201.0,1.0,14.167009353637695,35.71234130859375,67.29119873046875,175.68539428710938,248.0
dynamic,3,1,29,3.65875514348348,2.325592419306437,1.3331626987457275,2.3013365014394123,2.3013365014394123,0.0,1.0,1.0,290.0,201.0,1.0,14.167009353637695,35.71234130859375,67.29119873046875,175.68539428710938,248.0
dynamic,3,1,30,3.6413954448699952,2.284594809214274,1.3568006229400635,2.2627058537801106,2.2627058537801106,0.0,1.0,1.0,300.0,201.0,1.0,14.167009353637695,35.71234130859375,67.29119873046875,175.68539428710938,248.0
dynamic,3,1,31,4.373210849761963,3.282812468210856,1.0903983942667643,3.2664873441060385,3.2664873441060385,0.0,2.0,2.0,310.0,301.0,0.0,11.211830139160156,33.35683822631836,52.82698059082031,152.36297607421875,242.0
dynamic,3,1,32,3.801880407333374,3.119657882054647,0.6822225125630696,3.0471459833780923,3.0471459833780923,0.0,2.0,2.0,320.0,301.0,0.0,11.211830139160156,33.35683822631836,52.82698059082031,152.36297607421875,242.0
dynamic,3,1,33,3.207020460764567,2.83744966506958,0.36957077503204344,2.7677290693918866,2.7677290693918866,0.0,2.0,2.0,330.0,301.0,0.0,11.211830139160156,33.35683822631836,52.82698059082031,152.36297607421875,242.0
dynamic,3,1,34,2.8905847104390463,2.6063252703348794,0.2842594289779663,2.5063619486490887,2.5063619486490887,0.0,2.0,2.0,340.0,301.0,0.0,11.211830139160156,33.35683822631836,52.82698059082031,152.36297607421875,242.0
dynamic,3,1,35,2.778001244862874,2.4419179503122965,0.3360832897822062,2.297171196937561,2.297171196937561,0.0,2.0,2.0,350.0,301.0,0.0,11.211830139160156,33.35683822631836,52.82698059082031,152.36297607421875,242.0
dynamic,3,1,36,2.7011630503336588,2.2298117287953696,0.47135135014851887,2.060554552078247,2.060554552078247,0.0,2.0,2.0,360.0,301.0,0.0,11.211830139160156,33.35683822631836,52.82698059082031,152.36297607421875,242.0
dynamic,3,1,37,2.5299679470062255,1.9316237497329711,0.5983442290623983,1.8245520162582398,1.8245520162582398,0.0,2.0,2.0,370.0,301.0,0.0,11.211830139160156,33.35683822631836,52.82698059082031,152.36297607421875,242.0
dynamic,3,1,38,2.3874295711517335,1.6819822804133098,0.7054472653071086,1.6131774957974752,1.6131774957974752,0.0,2.0,2.0,380.0,301.0,0.0,11.211830139160156,33.35683822631836,52.82698059082031,152.36297607421875,242.0
dynamic,3,1,39,2.291074603398641,1.4916766341527303,0.7993979525566101,1.4180969580014546,1.4180969580014546,0.0,2.0,2.0,390.0,301.0,0.0,11.211830139160156,33.35683822631836,52.82698059082031,152.36297607421875,242.0
dynamic,3,1,40,2.1882473182678224,1.381340446472168,0.8069068590799967,1.345766065120697,1.345766065120697,0.0,2.0,2.0,400.0,301.0,0.0,11.211830139160156,33.35683822631836,52.82698059082031,152.36297607421875,242.0
dynamic,3,1,41,2.0620361105600993,1.364229483604431,0.6978066229820251,1.3735864146550496,1.3735864146550496,0.0,2.0,2.0,410.0,401.0,1.0,6.380457878112793,21.235435485839844,42.363059997558594,103.77638244628906,126.0
dynamic,3,1,42,1.8893048191070556,1.400135038693746,0.48916977922121685,1.4071227606137593,1.4071227606137593,0.0,2.0,2.0,420.0,401.0,1.0,6.380457878112793,21.235435485839844,42.363059997558594,103.77638244628906,126.0
dynamic,3,1,43,1.725958072344462,1.431703373591105,0.29425470213095345,1.40874188264211,1.40874188264211,0.0,2.0,2.0,430.0,401.0,1.0,6.380457878112793,21.235435485839844,42.363059997558594,103.77638244628906,126.0
dynamic,3,1,44,1.714459573427836,1.5317100127538046,0.1827495570977529,1.381737887064616,1.381737887064616,0.0,2.0,2.0,440.0,401.0,1.0,6.380457878112793,21.235435485839844,42.363059997558594,103.77638244628906,126.0
dynamic,3,1,45,1.8488275718688965,1.6984196790059407,0.15040791670481363,1.3327020502090454,1.3327020502090454,0.0,2.0,2.0,450.0,401.0,1.0,6.380457878112793,21.235435485839844,42.363059997558594,103.77638244628906,126.0
dynamic,3,1,46,1.7709072240193684,1.6165874433517455,0.15431974589824676,1.2610977617899577,1.2610977617899577,0.0,2.0,2.0,460.0,401.0,1.0,6.380457878112793,21.235435485839844,42.363059997558594,103.77638244628906,126.0
dynamic,3,1,47,1.5947297175725301,1.426432998975118,0.16829673488934835,1.1917393279075623,1.1917393279075623,0.0,2.0,2.0,470.0,401.0,1.0,6.380457878112793,21.235435485839844,42.363059997558594,103.77638244628906,126.0
dynamic,3,1,48,1.4159134578704835,1.2314429108301799,0.18447056531906128,1.1358289456367492,1.1358289456367492,0.0,2.0,2.0,480.0,401.0,1.0,6.380457878112793,21.235435485839844,42.363059997558594,103.77638244628906,126.0
dynamic,3,1,49,1.3692153453826905,1.1639949321746825,0.20522042949994404,1.0871407437324523,1.0871407437324523,0.0,2.0,2.0,490.0,401.0,1.0,6.380457878112793,21.235435485839844,42.363059997558594,103.77638244628906,126.0
dynamic,3,1,50,1.3065716807047527,1.0934739549954733,0.21309773127237955,1.0526143503189087,1.0526143503189087,0.0,2.0,2.0,500.0,401.0,1.0,6.380457878112793,21.235435485839844,42.363059997558594,103.77638244628906,126.0
dynamic,3,1,51,1.8193364254633586,1.6623107624053954,0.15702567358811698,2.064192143678665,2.064192143678665,0.0,3.0,3.0,510.0,501.0,0.0,1.7987987995147705,3.7064740657806396,6.05097770690918,14.28780746459961,146.0
dynamic,3,1,52,1.3841781616210938,1.2722046502431235,0.11197349309921265,1.7424120195706685,1.7424120195706685,0.0,3.0,3.0,520.0,501.0,0.0,1.7987987995147705,3.7064740657806396,6.05097770690918,14.28780746459961,146.0
dynamic,3,1,53,1.2697061665852865,1.1791830698649088,0.09052309830983479,1.0761749207973481,1.0761749207973481,0.0,3.0,3.0,530.0,501.0,0.0,1.7987987995147705,3.7064740657806396,6.05097770690918,14.28780746459961,146.0
dynamic,3,1,54,1.1530296834309897,1.0702696895599366,0.08275999089082083,1.000387657880783,1.000387657880783,0.0,3.0,3.0,540.0,501.0,0.0,1.7987987995147705,3.7064740657806396,6.05097770690918,14.28780746459961,146.0
dynamic,3,1,55,1.114151986440023,1.0387840930620829,0.07536788860956828,0.9910049502054851,0.9910049502054851,0.0,3.0,3.0,550.0,501.0,0.0,1.7987987995147705,3.7064740657806396,6.05097770690918,14.28780746459961,146.0
dynamic,3,1,56,1.1094937086105348,1.041844920317332,0.06764880230029424,0.9866167934735616,0.9866167934735616,0.0,3.0,3.0,560.0,501.0,0.0,1.7987987995147705,3.7064740657806396,6.05097770690918,14.28780746459961,146.0
dynamic,3,1,57,1.0770089467366537,1.0139676205317179,0.06304134329160055,0.9660731188456217,0.9660731188456217,0.0,3.0,3.0,570.0,501.0,0.0,1.7987987995147705,3.7064740657806396,6.05097770690918,14.28780746459961,146.0
dynamic,3,1,58,1.0425252040227255,0.9823073506355285,0.06021786073843638,0.9554368491967519,0.9554368491967519,0.0,3.0,3.0,580.0,501.0,0.0,1.7987987995147705,3.7064740657806396,6.05097770690918,14.28780746459961,146.0
dynamic,3,1,59,1.0141592359542846,0.9579920975367228,0.0561671382188797,0.9412647211551666,0.9412647211551666,0.0,3.0,3.0,590.0,501.0,0.0,1.7987987995147705,3.7064740657806396,6.05097770690918,14.28780746459961,146.0
dynamic,3,1,60,1.004555971622467,0.947812332312266,0.05674362430969874,0.9233140567938487,0.9233140567938487,0.0,3.0,3.0,600.0,501.0,0.0,1.7987987995147705,3.7064740657806396,6.05097770690918,14.28780746459961,146.0
dynamic,3,1,61,0.9820746064186097,0.9294411396980286,0.05263347193598747,0.9137766591707865,0.9137766591707865,0.0,3.0,3.0,610.0,601.0,1.0,0.4562751054763794,1.0851106643676758,1.5967602729797363,4.480303764343262,28.0
dynamic,3,1,62,0.964024167060852,0.9080792554219563,0.05594491908947627,0.9007735002040863,0.9007735002040863,0.0,3.0,3.0,620.0,601.0,1.0,0.4562751054763794,1.0851106643676758,1.5967602729797363,4.480303764343262,28.0
dynamic,3,1,63,0.9705241870880127,0.9164015356699625,0.054122645457585654,0.8900945317745209,0.8900945317745209,0.0,3.0,3.0,630.0,601.0,1.0,0.4562751054763794,1.0851106643676758,1.5967602729797363,4.480303764343262,28.0
dynamic,3,1,64,0.9407242107391357,0.8870572924613953,0.05366691236694654,0.8742038534084956,0.8742038534084956,0.0,3.0,3.0,640.0,601.0,1.0,0.4562751054763794,1.0851106643676758,1.5967602729797363,4.480303764343262,28.0
dynamic,3,1,65,0.9458532881736755,0.8919560917218526,0.05389720072348913,0.8634924666086833,0.8634924666086833,0.0,3.0,3.0,650.0,601.0,1.0,0.4562751054763794,1.0851106643676758,1.5967602729797363,4.480303764343262,28.0
dynamic,3,1,66,0.9363053401311239,0.8816621216138204,0.05464322134852409,0.8550954737265904,0.8550954737265904,0.0,3.0,3.0,660.0,601.0,1.0,0.4562751054763794,1.0851106643676758,1.5967602729797363,4.480303764343262,28.0
dynamic,3,1,67,0.9340833679835001,0.8802208010355631,0.053862563769022626,0.8478439478079478,0.8478439478079478,0.0,3.0,3.0,670.0,601.0,1.0,0.4562751054763794,1.0851106643676758,1.5967602729797363,4.480303764343262,28.0
dynamic,3,1,68,0.9253799597422282,0.8710937571525573,0.05428619866569837,0.840108763774236,0.840108763774236,0.0,3.0,3.0,680.0,601.0,1.0,0.4562751054763794,1.0851106643676758,1.5967602729797363,4.480303764343262,28.0
dynamic,3,1,69,0.9043709373474121,0.8511583336194356,0.053212603131930034,0.8326496132214865,0.8326496132214865,0.0,3.0,3.0,690.0,601.0,1.0,0.4562751054763794,1.0851106643676758,1.5967602729797363,4.480303764343262,28.0
dynamic,3,1,70,0.9061134012540182,0.8515485779444376,0.054564821223417916,0.8273987191915512,0.8273987191915512,0.0,3.0,3.0,700.0,601.0,1.0,0.4562751054763794,1.0851106643676758,1.5967602729797363,4.480303764343262,28.0
dynamic,3,1,71,1.077657731374105,1.0316918738683065,0.0459658508002758,0.9463394514719645,0.9463394514719645,0.0,4.0,4.0,710.0,701.0,0.0,0.3943026065826416,0.9015356302261353,1.1105515956878662,2.69211483001709,19.0
dynamic,3,1,72,1.0241150124867757,0.9754298941294353,0.0486851300795873,0.9282102616628011,0.9282102616628011,0.0,4.0,4.0,720.0,701.0,0.0,0.3943026065826416,0.9015356302261353,1.1105515956878662,2.69211483001709,19.0
dynamic,3,1,73,0.9824868122736613,0.9356367905934652,0.046850021878878274,0.907599547902743,0.907599547902743,0.0,4.0,4.0,730.0,701.0,0.0,0.3943026065826416,0.9015356302261353,1.1105515956878662,2.69211483001709,19.0
dynamic,3,1,74,0.9495293505986532,0.9053651340802511,0.04416421338915825,0.8885991817712784,0.8885991817712784,0.0,4.0,4.0,740.0,701.0,0.0,0.3943026065826416,0.9015356302261353,1.1105515956878662,2.69211483001709,19.0
dynamic,3,1,75,0.9657804322242737,0.9305623499552409,0.03521807511647542,0.8741668897867203,0.8741668897867203,0.0,4.0,4.0,750.0,701.0,0.0,0.3943026065826416,0.9015356302261353,1.1105515956878662,2.69211483001709,19.0
dynamic,3,1,76,0.9179554033279419,0.8902445157368978,0.027710894793272017,0.8479867120583852,0.8479867120583852,0.0,4.0,4.0,760.0,701.0,0.0,0.3943026065826416,0.9015356302261353,1.1105515956878662,2.69211483001709,19.0
dynamic,3,1,77,0.9451801633834839,0.9215108386675517,0.02366932603220145,0.8406799797217052,0.8406799797217052,0.0,4.0,4.0,770.0,701.0,0.0,0.3943026065826416,0.9015356302261353,1.1105515956878662,2.69211483001709,19.0
dynamic,3,1,78,0.8968186648686727,0.875656468073527,0.021162182639042536,0.8195765686035156,0.8195765686035156,0.0,4.0,4.0,780.0,701.0,0.0,0.3943026065826416,0.9015356302261353,1.1105515956878662,2.69211483001709,19.0
dynamic,3,1,79,0.9227577797571818,0.902720034122467,0.02003775142133236,0.8142603564262391,0.8142603564262391,0.0,4.0,4.0,790.0,701.0,0.0,0.3943026065826416,0.9015356302261353,1.1105515956878662,2.69211483001709,19.0
dynamic,3,1,80,0.9033380023638408,0.8833669137954712,0.01997107560435931,0.8142098263899485,0.8142098263899485,0.0,4.0,4.0,800.0,701.0,0.0,0.3943026065826416,0.9015356302261353,1.1105515956878662,2.69211483001709,19.0
dynamic,3,1,81,0.8733935753504435,0.8541875370343526,0.01920604392886162,0.8174913861354192,0.8174913861354192,0.0,4.0,4.0,810.0,801.0,0.0,0.14571687579154968,0.2932036817073822,0.5044748783111572,0.9751682281494141,0.0
dynamic,3,1,82,0.8682347838083903,0.8489854272206624,0.019249354526400565,0.8048080879449845,0.8048080879449845,0.0,4.0,4.0,820.0,801.0,0.0,0.14571687579154968,0.2932036817073822,0.5044748783111572,0.9751682281494141,0.0
dynamic,3,1,83,0.8530017868677775,0.8330590852101644,0.01994270275036494,0.8035110344489416,0.8035110344489416,0.0,4.0,4.0,830.0,801.0,0.0,0.14571687579154968,0.2932036817073822,0.5044748783111572,0.9751682281494141,0.0
dynamic,3,1,84,0.8278125325838724,0.807573668162028,0.020238874256610872,0.7920227022965749,0.7920227022965749,0.0,4.0,4.0,840.0,801.0,0.0,0.14571687579154968,0.2932036817073822,0.5044748783111572,0.9751682281494141,0.0
dynamic,3,1,85,0.8455658332506816,0.8241884406407675,0.02137738826374213,0.7851209456721941,0.7851209456721941,0.0,4.0,4.0,850.0,801.0,0.0,0.14571687579154968,0.2932036817073822,0.5044748783111572,0.9751682281494141,0.0
dynamic,3,1,86,0.8421918280919393,0.8194124945004782,0.022779327829678852,0.7930004069209099,0.7930004069209099,0.0,4.0,4.0,860.0,801.0,0.0,0.14571687579154968,0.2932036817073822,0.5044748783111572,0.9751682281494141,0.0
dynamic,3,1,87,0.8302969034512838,0.8067962114016215,0.023500695278247198,0.7855835717916488,0.7855835717916488,0.0,4.0,4.0,870.0,801.0,0.0,0.14571687579154968,0.2932036817073822,0.5044748783111572,0.9751682281494141,0.0
dynamic,3,1,88,0.824961195786794,0.8017153382301331,0.023245864336689313,0.783557380437851,0.783557380437851,0.0,4.0,4.0,880.0,801.0,0.0,0.14571687579154968,0.2932036817073822,0.5044748783111572,0.9751682281494141,0.0
dynamic,3,1,89,0.8191324512163798,0.7964449214935303,0.022687531809012094,0.7794106760621071,0.7794106760621071,0.0,4.0,4.0,890.0,801.0,0.0,0.14571687579154968,0.2932036817073822,0.5044748783111572,0.9751682281494141,0.0
dynamic,3,1,90,0.811554737885793,0.7896935455004375,0.021861204306284587,0.7824737330277761,0.7824737330277761,0.0,4.0,4.0,900.0,801.0,0.0,0.14571687579154968,0.2932036817073822,0.5044748783111572,0.9751682281494141,0.0
dynamic,3,1,91,0.8124070326487224,0.7908468039830526,0.02156023231645425,0.7770999601483345,0.7770999601483345,0.0,4.0,4.0,910.0,901.0,0.0,0.16249413788318634,0.3771870732307434,0.5067166686058044,1.9992799758911133,4.0
dynamic,3,1,92,0.821403021812439,0.8011979158719381,0.02020510526994864,0.7700728437304497,0.7700728437304497,0.0,4.0,4.0,920.0,901.0,0.0,0.16249413788318634,0.3771870732307434,0.5067166686058044,1.9992799758911133,4.0
dynamic,3,1,93,0.8029631980260213,0.7831354761123657,0.01982772906621297,0.7719024361173312,0.7719024361173312,0.0,4.0,4.0,930.0,901.0,0.0,0.16249413788318634,0.3771870732307434,0.5067166686058044,1.9992799758911133,4.0
dynamic,3,1,94,0.7938390827178955,0.77563099304835,0.018208093047142028,0.7599216648936271,0.7599216648936271,0.0,4.0,4.0,940.0,901.0,0.0,0.16249413788318634,0.3771870732307434,0.5067166686058044,1.9992799758911133,4.0
dynamic,3,1,95,0.7833550842603048,0.76624582529068,0.01710926445821921,0.7465880569815636,0.7465880569815636,0.0,4.0,4.0,950.0,901.0,0.0,0.16249413788318634,0.3771870732307434,0.5067166686058044,1.9992799758911133,4.0
dynamic,3,1,96,0.7863769475618998,0.7687877305348714,0.017589216294387977,0.7423330803712209,0.7423330803712209,0.0,4.0,4.0,960.0,901.0,0.0,0.16249413788318634,0.3771870732307434,0.5067166686058044,1.9992799758911133,4.0
dynamic,3,1,97,0.7937033796310424,0.7763987668355306,0.017304620208839574,0.7357957550883293,0.7357957550883293,0.0,4.0,4.0,970.0,901.0,0.0,0.16249413788318634,0.3771870732307434,0.5067166686058044,1.9992799758911133,4.0
dynamic,3,1,98,0.7691235486666361,0.751742889881134,0.017380656972527504,0.7323069938023885,0.7323069938023885,0.0,4.0,4.0,980.0,901.0,0.0,0.16249413788318634,0.3771870732307434,0.5067166686058044,1.9992799758911133,4.0
dynamic,3,1,99,0.7660420099894206,0.7491190163294474,0.016922990779081982,0.7285884629686673,0.7285884629686673,0.0,4.0,4.0,990.0,901.0,0.0,0.16249413788318634,0.3771870732307434,0.5067166686058044,1.9992799758911133,4.0
dynamic,3,1,100,0.7718815398216248,0.754134657382965,0.017746876627206802,0.7247335327665011,0.7247335327665011,0.0,4.0,4.0,1000.0,901.0,0.0,0.16249413788318634,0.3771870732307434,0.5067166686058044,1.9992799758911133,4.0
dynamic,3,1,101,0.7559473474820455,0.7388362852732341,0.017111062332987786,0.7208077624440193,0.7208077624440193,0.0,4.0,4.0,1010.0,1001.0,0.0,0.183136448264122,0.4749535322189331,0.7030148506164551,1.473271369934082,4.0
dynamic,3,1,102,0.7529016582171122,0.7353819076220195,0.017519742871324222,0.7155017291506132,0.7155017291506132,0.0,4.0,4.0,1020.0,1001.0,0.0,0.183136448264122,0.4749535322189331,0.7030148506164551,1.473271369934082,4.0
dynamic,3,1,103,0.7633451581001282,0.7468403418858846,0.016504820982615152,0.7119843545556068,0.7119843545556068,0.0,4.0,4.0,1030.0,1001.0,0.0,0.183136448264122,0.4749535322189331,0.7030148506164551,1.473271369934082,4.0
dynamic,3,1,104,0.7664314270019531,0.7502773769696554,0.01615404722591241,0.710216039220492,0.710216039220492,0.0,4.0,4.0,1040.0,1001.0,0.0,0.183136448264122,0.4749535322189331,0.7030148506164551,1.473271369934082,4.0
dynamic,3,1,105,0.7474968560536702,0.7320893955230713,0.015407468105355898,0.7078573057055473,0.7078573057055473,0.0,4.0,4.0,1050.0,1001.0,0.0,0.183136448264122,0.4749535322189331,0.7030148506164551,1.473271369934082,4.0
dynamic,3,1,106,0.7388316567738851,0.7240538597106934,0.014777793648342292,0.7093780676523844,0.7093780676523844,0.0,4.0,4.0,1060.0,1001.0,0.0,0.183136448264122,0.4749535322189331,0.7030148506164551,1.473271369934082,4.0
dynamic,3,1,107,0.7277200659116109,0.712517744700114,0.01520232838888963,0.7078833821415901,0.7078833821415901,0.0,4.0,4.0,1070.0,1001.0,0.0,0.183136448264122,0.4749535322189331,0.7030148506164551,1.473271369934082,4.0
dynamic,3,1,108,0.7378318778673808,0.7224454490343729,0.015386424412329992,0.7048160724838575,0.7048160724838575,0.0,4.0,4.0,1080.0,1001.0,0.0,0.183136448264122,0.4749535322189331,0.7030148506164551,1.473271369934082,4.0
dynamic,3,1,109,0.7268789609273275,0.7116482742627461,0.015230682914455732,0.7044931383927663,0.7044931383927663,0.0,4.0,4.0,1090.0,1001.0,0.0,0.183136448264122,0.4749535322189331,0.7030148506164551,1.473271369934082,4.0
dynamic,3,1,110,0.7344755132993063,0.7197903505961101,0.01468516061703364,0.7034781881173452,0.7034781881173452,0.0,4.0,4.0,1100.0,1001.0,0.0,0.183136448264122,0.4749535322189331,0.7030148506164551,1.473271369934082,4.0
dynamic,3,1,111,0.7219017783800761,0.7085612797737122,0.0133405023564895,0.7018253095944722,0.7018253095944722,0.0,4.0,4.0,1110.0,1101.0,0.0,0.0997367799282074,0.2445429414510727,0.46849972009658813,1.3836898803710938,1.0
dynamic,3,1,112,0.7229267160097758,0.7101164158185324,0.012810289822518826,0.6991069483757019,0.6991069483757019,0.0,4.0,4.0,1120.0,1101.0,0.0,0.0997367799282074,0.2445429414510727,0.46849972009658813,1.3836898803710938,1.0
dynamic,3,1,113,0.7153037524223328,0.7035074329376221,0.011796317858000597,0.6986727817853292,0.6986727817853292,0.0,4.0,4.0,1130.0,1101.0,0.0,0.0997367799282074,0.2445429414510727,0.46849972009658813,1.3836898803710938,1.0
dynamic,3,1,114,0.7158215618133545,0.7037086963653565,0.012112863386670749,0.6982502403855324,0.6982502403855324,0.0,4.0,4.0,1140.0,1101.0,0.0,0.0997367799282074,0.2445429414510727,0.46849972009658813,1.3836898803710938,1.0
dynamic,3,1,115,0.7283895301818848,0.7156818270683288,0.012707710961500803,0.697870462735494,0.697870462735494,0.0,4.0,4.0,1150.0,1101.0,0.0,0.0997367799282074,0.2445429414510727,0.46849972009658813,1.3836898803710938,1.0
dynamic,3,1,116,0.7115209841728211,0.6995703800519307,0.011950601724286873,0.6948736106355985,0.6948736106355985,0.0,4.0,4.0,1160.0,1101.0,0.0,0.0997367799282074,0.2445429414510727,0.46849972009658813,1.3836898803710938,1.0
dynamic,3,1,117,0.7166529353459676,0.7051747051874796,0.011478231698274612,0.6928618718187014,0.6928618718187014,0.0,4.0,4.0,1170.0,1101.0,0.0,0.0997367799282074,0.2445429414510727,0.46849972009658813,1.3836898803710938,1.0
dynamic,3,1,118,0.7186906838417053,0.7063688286145529,0.01232186439136664,0.6909441118439038,0.6909441118439038,0.0,4.0,4.0,1180.0,1101.0,0.0,0.0997367799282074,0.2445429414510727,0.46849972009658813,1.3836898803710938,1.0
dynamic,3,1,119,0.7068449910481771,0.6952122616767883,0.01163272445400556,0.6894669098655383,0.6894669098655383,0.0,4.0,4.0,1190.0,1101.0,0.0,0.0997367799282074,0.2445429414510727,0.46849972009658813,1.3836898803710938,1.0
dynamic,3,1,120,0.7055756338437398,0.6935059444109599,0.012069690488278866,0.6883046273390452,0.6883046273390452,0.0,4.0,4.0,1200.0,1101.0,0.0,0.0997367799282074,0.2445429414510727,0.46849972009658813,1.3836898803710938,1.0
dynamic,3,1,121,0.7088525247573852,0.6971004851659139,0.01175202985604604,0.6862380897005399,0.6862380897005399,0.0,4.0,4.0,1210.0,1201.0,0.0,0.10058216750621796,0.2468104362487793,0.37118518352508545,1.5569496154785156,3.0
dynamic,3,1,122,0.7128740318616231,0.701410547097524,0.011463481187820434,0.6850382600227992,0.6850382600227992,0.0,4.0,4.0,1220.0,1201.0,0.0,0.10058216750621796,0.2468104362487793,0.37118518352508545,1.5569496154785156,3.0
dynamic,3,1,123,0.695305495262146,0.6844722819328308,0.010833210969964664,0.6831095264355341,0.6831095264355341,0.0,4.0,4.0,1230.0,1201.0,0.0,0.10058216750621796,0.2468104362487793,0.37118518352508545,1.5569496154785156,3.0
dynamic,3,1,124,0.6990088001887004,0.6879039200146994,0.011104876423875492,0.6827002799510956,0.6827002799510956,0.0,4.0,4.0,1240.0,1201.0,0.0,0.10058216750621796,0.2468104362487793,0.37118518352508545,1.5569496154785156,3.0
dynamic,3,1,125,0.6937918893496196,0.681843167146047,0.011948724885781607,0.6808260189493497,0.6808260189493497,0.0,4.0,4.0,1250.0,1201.0,0.0,0.10058216750621796,0.2468104362487793,0.37118518352508545,1.5569496154785156,3.0
dynamic,3,1,126,0.7012697140375773,0.689870700041453,0.01139902484913667,0.6793721342086791,0.6793721342086791,0.0,4.0,4.0,1260.0,1201.0,0.0,0.10058216750621796,0.2468104362487793,0.37118518352508545,1.5569496154785156,3.0
dynamic,3,1,127,0.6910775637626648,0.680351373354594,0.010726197784145674,0.6779211974143982,0.6779211974143982,0.0,4.0,4.0,1270.0,1201.0,0.0,0.10058216750621796,0.2468104362487793,0.37118518352508545,1.5569496154785156,3.0
dynamic,3,1,128,0.6898884185155233,0.6790400950113932,0.010848327291508515,0.6761329772075018,0.6761329772075018,0.0,4.0,4.0,1280.0,1201.0,0.0,0.10058216750621796,0.2468104362487793,0.37118518352508545,1.5569496154785156,3.0
dynamic,3,1,129,0.6892231321334839,0.6776153349876404,0.011607804397741953,0.6743121758103371,0.6743121758103371,0.0,4.0,4.0,1290.0,1201.0,0.0,0.10058216750621796,0.2468104362487793,0.37118518352508545,1.5569496154785156,3.0
dynamic,3,1,130,0.6867888681093852,0.6757756066322327,0.011013263625403245,0.673027913570404,0.673027913570404,0.0,4.0,4.0,1300.0,1201.0,0.0,0.10058216750621796,0.2468104362487793,0.37118518352508545,1.5569496154785156,3.0
dynamic,3,1,131,0.6822072267532349,0.6721113634109497,0.010095860287547111,0.6709523391723633,0.6709523391723633,0.0,4.0,4.0,1310.0,1301.0,0.0,0.07594552636146545,0.20132076740264893,0.3096344470977783,0.7213945388793945,0.0
dynamic,3,1,132,0.6915825986862183,0.6804605666796366,0.011122035930554072,0.6696260265509287,0.6696260265509287,0.0,4.0,4.0,1320.0,1301.0,0.0,0.07594552636146545,0.20132076740264893,0.3096344470977783,0.7213945388793945,0.0
dynamic,3,1,133,0.6852267758051555,0.674353084564209,0.010873686981697878,0.6674497234821319,0.6674497234821319,0.0,4.0,4.0,1330.0,1301.0,0.0,0.07594552636146545,0.20132076740264893,0.3096344470977783,0.7213945388793945,0.0
dynamic,3,1,134,0.6985272828737895,0.6866737389564515,0.011853547617793083,0.6662212966879208,0.6662212966879208,0.0,4.0,4.0,1340.0,1301.0,0.0,0.07594552636146545,0.20132076740264893,0.3096344470977783,0.7213945388793945,0.0
dynamic,3,1,135,0.6793207335472107,0.6682234366734823,0.011097291136781375,0.6660730202992757,0.6660730202992757,0.0,4.0,4.0,1350.0,1301.0,0.0,0.07594552636146545,0.20132076740264893,0.3096344470977783,0.7213945388793945,0.0
dynamic,3,1,136,0.6795473647117615,0.6685560822486878,0.010991284474730491,0.665842121342818,0.665842121342818,0.0,4.0,4.0,1360.0,1301.0,0.0,0.07594552636146545,0.20132076740264893,0.3096344470977783,0.7213945388793945,0.0
dynamic,3,1,137,0.6782621630032857,0.6673751068115235,0.010887060140570004,0.6641552657882372,0.6641552657882372,0.0,4.0,4.0,1370.0,1301.0,0.0,0.07594552636146545,0.20132076740264893,0.3096344470977783,0.7213945388793945,0.0
dynamic,3,1,138,0.680520256360372,0.6693418590227763,0.011178389899432659,0.662853211859862,0.662853211859862,0.0,4.0,4.0,1380.0,1301.0,0.0,0.07594552636146545,0.20132076740264893,0.3096344470977783,0.7213945388793945,0.0
dynamic,3,1,139,0.6803361733754476,0.6691990939776102,0.01113707202176253,0.6618704813718795,0.6618704813718795,0.0,4.0,4.0,1390.0,1301.0,0.0,0.07594552636146545,0.20132076740264893,0.3096344470977783,0.7213945388793945,0.0
dynamic,3,1,140,0.6766350150108338,0.6656078028678895,0.011027215992410978,0.6597260382771492,0.6597260382771492,0.0,4.0,4.0,1400.0,1301.0,0.0,0.07594552636146545,0.20132076740264893,0.3096344470977783,0.7213945388793945,0.0
dynamic,3,1,141,0.6745464173952739,0.6635206508636474,0.011025762682159742,0.6577691621581714,0.6577691621581714,0.0,4.0,4.0,1410.0,1401.0,0.0,0.07667352259159088,0.18947303295135498,0.3293874263763428,0.8174481391906738,0.0
dynamic,3,1,142,0.6891237576802571,0.6775181802113851,0.011605578089753786,0.6581304327646891,0.6581304327646891,0.0,4.0,4.0,1420.0,1401.0,0.0,0.07667352259159088,0.18947303295135498,0.3293874263763428,0.8174481391906738,0.0
dynamic,3,1,143,0.6780332159996033,0.666875286102295,0.011157938229540984,0.655661148428917,0.655661148428917,0.0,4.0,4.0,1430.0,1401.0,0.0,0.07667352259159088,0.18947303295135498,0.3293874263763428,0.8174481391906738,0.0
dynamic,3,1,144,0.670197627544403,0.6586903818448384,0.01150724347680807,0.654560239414374,0.654560239414374,0.0,4.0,4.0,1440.0,1401.0,0.0,0.07667352259159088,0.18947303295135498,0.3293874263763428,0.8174481391906738,0.0
dynamic,3,1,145,0.6694224898020427,0.6580386622746786,0.011383817456662655,0.6546786070863406,0.6546786070863406,0.0,4.0,4.0,1450.0,1401.0,0.0,0.07667352259159088,0.18947303295135498,0.3293874263763428,0.8174481391906738,0.0
dynamic,3,1,146,0.6690671594937643,0.657723343372345,0.011343812557558218,0.6550702039400736,0.6550702039400736,0.0,4.0,4.0,1460.0,1401.0,0.0,0.07667352259159088,0.18947303295135498,0.3293874263763428,0.8174481391906738,0.0
dynamic,3,1,147,0.665711878935496,0.6551032050450643,0.010608679999907812,0.6536532691121102,0.6536532691121102,0.0,4.0,4.0,1470.0,1401.0,0.0,0.07667352259159088,0.18947303295135498,0.3293874263763428,0.8174481391906738,0.0
dynamic,3,1,148,0.6682941007614136,0.6569362004597982,0.011357895446320375,0.6511000280082225,0.6511000280082225,0.0,4.0,4.0,1480.0,1401.0,0.0,0.07667352259159088,0.18947303295135498,0.3293874263763428,0.8174481391906738,0.0
dynamic,3,1,149,0.6691026933987936,0.6579626965522766,0.011139997653663159,0.6501557729641596,0.6501557729641596,0.0,4.0,4.0,1490.0,1401.0,0.0,0.07667352259159088,0.18947303295135498,0.3293874263763428,0.8174481391906738,0.0
dynamic,3,1,150,0.6637395222981771,0.6524829355875651,0.011256578713655471,0.6493196435769399,0.6493196435769399,0.0,4.0,4.0,1500.0,1401.0,0.0,0.07667352259159088,0.18947303295135498,0.3293874263763428,0.8174481391906738,0.0
dynamic,3,1,151,0.6636452547709147,0.6528545959790548,0.010790654222170511,0.6482235371569792,0.6482235371569792,0.0,4.0,4.0,1510.0,1501.0,0.0,0.08277057856321335,0.1964414119720459,0.3156667947769165,1.305842399597168,2.0
dynamic,3,1,152,0.6634417223930359,0.6521010017395019,0.011340721199909845,0.6476401069263618,0.6476401069263618,0.0,4.0,4.0,1520.0,1501.0,0.0,0.08277057856321335,0.1964414119720459,0.3156667947769165,1.305842399597168,2.0
dynamic,3,1,153,0.6617329176266988,0.6508610836664835,0.010871833426256975,0.6468275779982408,0.6468275779982408,0.0,4.0,4.0,1530.0,1501.0,0.0,0.08277057856321335,0.1964414119720459,0.3156667947769165,1.305842399597168,2.0
dynamic,3,1,154,0.6585006848971049,0.6475609771410624,0.010939709494511287,0.6459676896532377,0.6459676896532377,0.0,4.0,4.0,1540.0,1501.0,0.0,0.08277057856321335,0.1964414119720459,0.3156667947769165,1.305842399597168,2.0
dynamic,3,1,155,0.6647958652178446,0.6537188657124837,0.011076994960506757,0.6451055110494296,0.6451055110494296,0.0,4.0,4.0,1550.0,1501.0,0.0,0.08277057856321335,0.1964414119720459,0.3156667947769165,1.305842399597168,2.0
dynamic,3,1,156,0.6728825918833414,0.6617090932528178,0.011173508440454802,0.6442298156023025,0.6442298156023025,0.0,4.0,4.0,1560.0,1501.0,0.0,0.08277057856321335,0.1964414119720459,0.3156667947769165,1.305842399597168,2.0
dynamic,3,1,157,0.6577621134122212,0.6458900515238444,0.011872059864302476,0.6441206233203411,0.6441206233203411,0.0,4.0,4.0,1570.0,1501.0,0.0,0.08277057856321335,0.1964414119720459,0.3156667947769165,1.305842399597168,2.0
dynamic,3,1,158,0.6541113130251567,0.6423603085676829,0.011750992337862651,0.6439033128817876,0.6439033128817876,0.0,4.0,4.0,1580.0,1501.0,0.0,0.08277057856321335,0.1964414119720459,0.3156667947769165,1.305842399597168,2.0
dynamic,3,1,159,0.6579244073232015,0.6459838859240215,0.01194052795569102,0.6435949198404948,0.6435949198404948,0.0,4.0,4.0,1590.0,1501.0,0.0,0.08277057856321335,0.1964414119720459,0.3156667947769165,1.305842399597168,2.0
dynamic,3,1,160,0.6593205038706461,0.6475199929873149,0.011800508809586366,0.6426004697879155,0.6426004697879155,0.0,4.0,4.0,1600.0,1501.0,0.0,0.08277057856321335,0.1964414119720459,0.3156667947769165,1.305842399597168,2.0
dynamic,3,1,161,0.6579498084386189,0.6467851312955221,0.011164681514104208,0.6424649090568224,0.6424649090568224,0.0,4.0,4.0,1610.0,1601.0,0.0,0.07497484982013702,0.19894373416900635,0.29478883743286133,0.9898333549499512,0.0
dynamic,3,1,162,0.6639493060112,0.65221186876297,0.011737445332109929,0.6408130475878715,0.6408130475878715,0.0,4.0,4.0,1620.0,1601.0,0.0,0.07497484982013702,0.19894373416900635,0.29478883743286133,0.9898333549499512,0.0
dynamic,3,1,163,0.6584022696812948,0.6471243198712667,0.011277959073583284,0.6400470254818599,0.6400470254818599,0.0,4.0,4.0,1630.0,1601.0,0.0,0.07497484982013702,0.19894373416900635,0.29478883743286133,0.9898333549499512,0.0
dynamic,3,1,164,0.6542580342292785,0.6422087597846985,0.012049276009202003,0.6395792044699192,0.6395792044699192,0.0,4.0,4.0,1640.0,1601.0,0.0,0.07497484982013702,0.19894373416900635,0.29478883743286133,0.9898333549499512,0.0
dynamic,3,1,165,0.652515218257904,0.6416442688306173,0.010870949439704418,0.6391797490417958,0.6391797490417958,0.0,4.0,4.0,1650.0,1601.0,0.0,0.07497484982013702,0.19894373416900635,0.29478883743286133,0.9898333549499512,0.0
dynamic,3,1,166,0.6543620975812277,0.6423431046803793,0.0120189976071318,0.6382670731842518,0.6382670731842518,0.0,4.0,4.0,1660.0,1601.0,0.0,0.07497484982013702,0.19894373416900635,0.29478883743286133,0.9898333549499512,0.0
dynamic,3,1,167,0.6541866525014242,0.6419223833084107,0.012264268149932226,0.6371344285706679,0.6371344285706679,0.0,4.0,4.0,1670.0,1601.0,0.0,0.07497484982013702,0.19894373416900635,0.29478883743286133,0.9898333549499512,0.0
dynamic,3,1,168,0.6518432060877483,0.639822952747345,0.012020248969395955,0.6357757918039958,0.6357757918039958,0.0,4.0,4.0,1680.0,1601.0,0.0,0.07497484982013702,0.19894373416900635,0.29478883743286133,0.9898333549499512,0.0
dynamic,3,1,169,0.6592482082049052,0.64648797194163,0.012760224690039953,0.6348450008531411,0.6348450008531411,0.0,4.0,4.0,1690.0,1601.0,0.0,0.07497484982013702,0.19894373416900635,0.29478883743286133,0.9898333549499512,0.0
dynamic,3,1,170,0.6541485253969829,0.6415907756487529,0.012557756180564563,0.6341218641897043,0.6341218641897043,0.0,4.0,4.0,1700.0,1601.0,0.0,0.07497484982013702,0.19894373416900635,0.29478883743286133,0.9898333549499512,0.0
dynamic,3,1,171,0.6602000037829081,0.6480105137825012,0.012189487715562185,0.6341068249444167,0.6341068249444167,0.0,4.0,4.0,1710.0,1701.0,0.0,0.08550126850605011,0.18619883060455322,0.3132614493370056,1.1184272766113281,1.0
dynamic,3,1,172,0.646939222017924,0.6344646672407787,0.012474556292096773,0.6335143914322058,0.6335143914322058,0.0,4.0,4.0,1720.0,1701.0,0.0,0.08550126850605011,0.18619883060455322,0.3132614493370056,1.1184272766113281,1.0
dynamic,3,1,173,0.6457053152720134,0.6339124608039856,0.011792854368686677,0.6327373215556145,0.6327373215556145,0.0,4.0,4.0,1730.0,1701.0,0.0,0.08550126850605011,0.18619883060455322,0.3132614493370056,1.1184272766113281,1.0
dynamic,3,1,174,0.6508414085706075,0.6386681699752808,0.012173238222797712,0.6316534162561098,0.6316534162561098,0.0,4.0,4.0,1740.0,1701.0,0.0,0.08550126850605011,0.18619883060455322,0.3132614493370056,1.1184272766113281,1.0
dynamic,3,1,175,0.6521406094233195,0.6404368201891582,0.011703792413075766,0.6307784841458003,0.6307784841458003,0.0,4.0,4.0,1750.0,1701.0,0.0,0.08550126850605011,0.18619883060455322,0.3132614493370056,1.1184272766113281,1.0
dynamic,3,1,176,0.6520101189613342,0.6398270670572916,0.01218305841088295,0.6309970412154993,0.6309970412154993,0.0,4.0,4.0,1760.0,1701.0,0.0,0.08550126850605011,0.18619883060455322,0.3132614493370056,1.1184272766113281,1.0
dynamic,3,1,177,0.6482386883099874,0.6359723059336344,0.01226638258745273,0.6301793293158213,0.6301793293158213,0.0,4.0,4.0,1770.0,1701.0,0.0,0.08550126850605011,0.18619883060455322,0.3132614493370056,1.1184272766113281,1.0
dynamic,3,1,178,0.6449300940831503,0.6323884503046672,0.012541645963986714,0.6299516197045644,0.6299516197045644,0.0,4.0,4.0,1780.0,1701.0,0.0,0.08550126850605011,0.18619883060455322,0.3132614493370056,1.1184272766113281,1.0
dynamic,3,1,179,0.647650154431661,0.635326071580251,0.012324087123076121,0.628526098827521,0.628526098827521,0.0,4.0,4.0,1790.0,1701.0,0.0,0.08550126850605011,0.18619883060455322,0.3132614493370056,1.1184272766113281,1.0
dynamic,3,1,180,0.6502332226435343,0.637694042523702,0.0125391752521197,0.6272488086422284,0.6272488086422284,0.0,4.0,4.0,1800.0,1701.0,0.0,0.08550126850605011,0.18619883060455322,0.3132614493370056,1.1184272766113281,1.0
dynamic,3,1,181,0.6420554383595785,0.6299565490086874,0.01209889014561971,0.6263375574847062,0.6263375574847062,0.0,4.0,4.0,1810.0,1801.0,0.0,0.09554901719093323,0.20557141304016113,0.30328723788261414,1.6000900268554688,2.0
dynamic,3,1,182,0.6455904491742452,0.6324622464179993,0.013128207723299663,0.6263439605633417,0.6263439605633417,0.0,4.0,4.0,1820.0,1801.0,0.0,0.09554901719093323,0.20557141304016113,0.30328723788261414,1.6000900268554688,2.0
dynamic,3,1,183,0.6491953802108764,0.6357249673207601,0.013470414504408836,0.625167738199234,0.625167738199234,0.0,4.0,4.0,1830.0,1801.0,0.0,0.09554901719093323,0.20557141304016113,0.30328723788261414,1.6000900268554688,2.0
dynamic,3,1,184,0.6451103178660075,0.6312977147102355,0.013812603503465653,0.6254727303981781,0.6254727303981781,0.0,4.0,4.0,1840.0,1801.0,0.0,0.09554901719093323,0.20557141304016113,0.30328723788261414,1.6000900268554688,2.0
dynamic,3,1,185,0.6433819754918416,0.6301204943656922,0.013261490861574809,0.6250807998577753,0.6250807998577753,0.0,4.0,4.0,1850.0,1801.0,0.0,0.09554901719093323,0.20557141304016113,0.30328723788261414,1.6000900268554688,2.0
dynamic,3,1,186,0.6416619388262431,0.6284070046742757,0.013254931767781575,0.622527560343345,0.622527560343345,0.0,4.0,4.0,1860.0,1801.0,0.0,0.09554901719093323,0.20557141304016113,0.30328723788261414,1.6000900268554688,2.0
dynamic,3,1,187,0.6458201861381531,0.6328704778353373,0.012949710388978323,0.622364698946476,0.622364698946476,0.0,4.0,4.0,1870.0,1801.0,0.0,0.09554901719093323,0.20557141304016113,0.30328723788261414,1.6000900268554688,2.0
dynamic,3,1,188,0.6368587764104208,0.6236265389124552,0.01323223656664292,0.6222561354935169,0.6222561354935169,0.0,4.0,4.0,1880.0,1801.0,0.0,0.09554901719093323,0.20557141304016113,0.30328723788261414,1.6000900268554688,2.0
dynamic,3,1,189,0.6428783909479777,0.6292149432500204,0.013663445810476939,0.6233058442672094,0.6233058442672094,0.0,4.0,4.0,1890.0,1801.0,0.0,0.09554901719093323,0.20557141304016113,0.30328723788261414,1.6000900268554688,2.0
dynamic,3,1,190,0.6394557483990987,0.6259971992174784,0.013458546611169974,0.6228754034141699,0.6228754034141699,0.0,4.0,4.0,1900.0,1801.0,0.0,0.09554901719093323,0.20557141304016113,0.30328723788261414,1.6000900268554688,2.0
dynamic,3,1,191,0.6438640411694845,0.6302874700228374,0.013576573394238949,0.6204461074372133,0.6204461074372133,0.0,4.0,4.0,1910.0,1901.0,0.0,0.10581374168395996,0.22169089317321777,0.37318873405456543,1.0304040908813477,1.0
dynamic,3,1,192,0.6382044657071432,0.6249504446983337,0.013254022896289826,0.6199642305572828,0.6199642305572828,0.0,4.0,4.0,1920.0,1901.0,0.0,0.10581374168395996,0.22169089317321777,0.37318873405456543,1.0304040908813477,1.0
dynamic,3,1,193,0.6474725365638733,0.6340836008389791,0.013388927752772967,0.6193446984390417,0.6193446984390417,0.0,4.0,4.0,1930.0,1901.0,0.0,0.10581374168395996,0.22169089317321777,0.37318873405456543,1.0304040908813477,1.0
dynamic,3,1,194,0.6505335291226705,0.6364786648750305,0.014054861987630526,0.6186849643290043,0.6186849643290043,0.0,4.0,4.0,1940.0,1901.0,0.0,0.10581374168395996,0.22169089317321777,0.37318873405456543,1.0304040908813477,1.0
dynamic,3,1,195,0.628745501836141,0.6154325477282206,0.013312945912281672,0.6164165868361791,0.6164165868361791,0.0,4.0,4.0,1950.0,1901.0,0.0,0.10581374168395996,0.22169089317321777,0.37318873405456543,1.0304040908813477,1.0
dynamic,3,1,196,0.6465310899416605,0.6331003483136495,0.013430736809968948,0.6150997574627399,0.6150997574627399,0.0,4.0,4.0,1960.0,1901.0,0.0,0.10581374168395996,0.22169089317321777,0.37318873405456543,1.0304040908813477,1.0
dynamic,3,1,197,0.6323544597625732,0.6192484307289123,0.013106031740705171,0.6159547181427478,0.6159547181427478,0.0,4.0,4.0,1970.0,1901.0,0.0,0.10581374168395996,0.22169089317321777,0.37318873405456543,1.0304040908813477,1.0
dynamic,3,1,198,0.6618410555521647,0.6473172092437744,0.014523848220705985,0.6159396969775359,0.6159396969775359,0.0,4.0,4.0,1980.0,1901.0,0.0,0.10581374168395996,0.22169089317321777,0.37318873405456543,1.0304040908813477,1.0
dynamic,3,1,199,0.6327393420537313,0.618374605178833,0.014364741444587707,0.6151500895122687,0.6151500895122687,0.0,4.0,4.0,1990.0,1901.0,0.0,0.10581374168395996,0.22169089317321777,0.37318873405456543,1.0304040908813477,1.0
dynamic,3,1,200,0.636952645778656,0.6221264998118082,0.01482615314424038,0.6131405384838581,0.6131405384838581,0.0,4.0,4.0,2000.0,1901.0,0.0,0.10581374168395996,0.22169089317321777,0.37318873405456543,1.0304040908813477,1.0
dynamic,3,1,201,0.6374351064364115,0.6228450632095337,0.014590046604474386,0.6143832470476628,0.6143832470476628,0.0,4.0,4.0,2010.0,2001.0,0.0,0.11938400566577911,0.2855968475341797,0.4936317205429077,1.2257413864135742,2.0
dynamic,3,1,202,0.634469187259674,0.620100470383962,0.014368727517624696,0.6128824872275194,0.6128824872275194,0.0,4.0,4.0,2020.0,2001.0,0.0,0.11938400566577911,0.2855968475341797,0.4936317205429077,1.2257413864135742,2.0
dynamic,3,1,203,0.6478429206212362,0.6325522915522257,0.015290619681278865,0.609727930277586,0.609727930277586,0.0,4.0,4.0,2030.0,2001.0,0.0,0.11938400566577911,0.2855968475341797,0.4936317205429077,1.2257413864135742,2.0
dynamic,3,1,204,0.6396679862340291,0.6243091098467509,0.015358873804410299,0.6096060345570247,0.6096060345570247,0.0,4.0,4.0,2040.0,2001.0,0.0,0.11938400566577911,0.2855968475341797,0.4936317205429077,1.2257413864135742,2.0
dynamic,3,1,205,0.6365441370010376,0.6209510914484659,0.01559304488201936,0.6088892518977325,0.6088892518977325,0.0,4.0,4.0,2050.0,2001.0,0.0,0.11938400566577911,0.2855968475341797,0.4936317205429077,1.2257413864135742,2.0
dynamic,3,1,206,0.631345206896464,0.6161838134129842,0.015161388516426087,0.6062916827698549,0.6062916827698549,0.0,4.0,4.0,2060.0,2001.0,0.0,0.11938400566577911,0.2855968475341797,0.4936317205429077,1.2257413864135742,2.0
dynamic,3,1,207,0.6279834580421447,0.6127219279607137,0.015261521140734355,0.6044747841854891,0.6044747841854891,0.0,4.0,4.0,2070.0,2001.0,0.0,0.11938400566577911,0.2855968475341797,0.4936317205429077,1.2257413864135742,2.0
dynamic,3,1,208,0.6305488705635071,0.6152190864086151,0.015329780951142312,0.6074737302958966,0.6074737302958966,0.0,4.0,4.0,2080.0,2001.0,0.0,0.11938400566577911,0.2855968475341797,0.4936317205429077,1.2257413864135742,2.0
dynamic,3,1,209,0.6413336380322774,0.6264362072944641,0.014897436661024888,0.6048770419259866,0.6048770419259866,0.0,4.0,4.0,2090.0,2001.0,0.0,0.11938400566577911,0.2855968475341797,0.4936317205429077,1.2257413864135742,2.0
dynamic,3,1,210,0.6352660020192464,0.6195215686162313,0.015744431912899017,0.6053463350236415,0.6053463350236415,0.0,4.0,4.0,2100.0,2001.0,0.0,0.11938400566577911,0.2855968475341797,0.4936317205429077,1.2257413864135742,2.0
dynamic,3,1,211,0.6294608624776205,0.6138375465075175,0.01562331609427929,0.6025810572504997,0.6025810572504997,0.0,4.0,4.0,2110.0,2101.0,0.0,0.13937580585479736,0.32847923040390015,0.4411758482456207,1.8085651397705078,4.0
dynamic,3,1,212,0.6211426782608033,0.6061822350819905,0.014960444370905558,0.6007803413271904,0.6007803413271904,0.0,4.0,4.0,2120.0,2101.0,0.0,0.13937580585479736,0.32847923040390015,0.4411758482456207,1.8085651397705078,4.0
dynamic,3,1,213,0.6251584188143412,0.6105987588564555,0.014559658430516719,0.5984423694511255,0.5984423694511255,0.0,4.0,4.0,2130.0,2101.0,0.0,0.13937580585479736,0.32847923040390015,0.4411758482456207,1.8085651397705078,4.0
dynamic,3,1,214,0.6307474342981975,0.6154706891377767,0.015276742627223333,0.5962432045241197,0.5962432045241197,0.0,4.0,4.0,2140.0,2101.0,0.0,0.13937580585479736,0.32847923040390015,0.4411758482456207,1.8085651397705078,4.0
dynamic,3,1,215,0.6202330533663432,0.6062100521723429,0.014023003429174423,0.5984276918321848,0.5984276918321848,0.0,4.0,4.0,2150.0,2101.0,0.0,0.13937580585479736,0.32847923040390015,0.4411758482456207,1.8085651397705078,4.0
dynamic,3,1,216,0.613909413019816,0.5999523591995239,0.01395704614619414,0.5949350357800722,0.5949350357800722,0.0,4.0,4.0,2160.0,2101.0,0.0,0.13937580585479736,0.32847923040390015,0.4411758482456207,1.8085651397705078,4.0
dynamic,3,1,217,0.6294832158088685,0.6150119400024414,0.014471264990667502,0.595366111372908,0.595366111372908,0.0,4.0,4.0,2170.0,2101.0,0.0,0.13937580585479736,0.32847923040390015,0.4411758482456207,1.8085651397705078,4.0
dynamic,3,1,218,0.6242170977592468,0.6103123299280803,0.013904773605366547,0.5949396830548843,0.5949396830548843,0.0,4.0,4.0,2180.0,2101.0,0.0,0.13937580585479736,0.32847923040390015,0.4411758482456207,1.8085651397705078,4.0
dynamic,3,1,219,0.6159891613324483,0.6009033258756001,0.015085838660597801,0.5937390308578809,0.5937390308578809,0.0,4.0,4.0,2190.0,2101.0,0.0,0.13937580585479736,0.32847923040390015,0.4411758482456207,1.8085651397705078,4.0
dynamic,3,1,220,0.6205187678337097,0.6051517899831136,0.01536697417497635,0.5958702505379915,0.5958702505379915,0.0,4.0,4.0,2200.0,2101.0,0.0,0.13937580585479736,0.32847923040390015,0.4411758482456207,1.8085651397705078,4.0
dynamic,3,1,221,0.6155765239397685,0.6002325630187988,0.015343959083159765,0.5932145436356465,0.5932145436356465,0.0,4.0,4.0,2210.0,2201.0,0.0,0.11957646906375885,0.2702908515930176,0.45167702436447144,1.2924776077270508,1.0
dynamic,3,1,222,0.6129230157534281,0.5980864810943604,0.014836538930733998,0.5892332942287127,0.5892332942287127,0.0,4.0,4.0,2220.0,2201.0,0.0,0.11957646906375885,0.2702908515930176,0.45167702436447144,1.2924776077270508,1.0
dynamic,3,1,223,0.6189633838335673,0.6041838979721069,0.014779486631353696,0.5892999040087065,0.5892999040087065,0.0,4.0,4.0,2230.0,2201.0,0.0,0.11957646906375885,0.2702908515930176,0.45167702436447144,1.2924776077270508,1.0
dynamic,3,1,224,0.6118814396858215,0.5978730702400208,0.014008375816047192,0.5870841494699319,0.5870841494699319,0.0,4.0,4.0,2240.0,2201.0,0.0,0.11957646906375885,0.2702908515930176,0.45167702436447144,1.2924776077270508,1.0
dynamic,3,1,225,0.6193378941218058,0.6036841233571371,0.01565377078950405,0.5870786176125209,0.5870786176125209,0.0,4.0,4.0,2250.0,2201.0,0.0,0.11957646906375885,0.2702908515930176,0.45167702436447144,1.2924776077270508,1.0
dynamic,3,1,226,0.6077547033627828,0.5939050348599751,0.013849669471383094,0.5838544115175803,0.5838544115175803,0.0,4.0,4.0,2260.0,2201.0,0.0,0.11957646906375885,0.2702908515930176,0.45167702436447144,1.2924776077270508,1.0
dynamic,3,1,227,0.6192467308044434,0.6053157035509745,0.013931028097867965,0.5839827290425698,0.5839827290425698,0.0,4.0,4.0,2270.0,2201.0,0.0,0.11957646906375885,0.2702908515930176,0.45167702436447144,1.2924776077270508,1.0
dynamic,3,1,228,0.6181799093882243,0.604320137500763,0.013859771142403285,0.585077613418301,0.585077613418301,0.0,4.0,4.0,2280.0,2201.0,0.0,0.11957646906375885,0.2702908515930176,0.45167702436447144,1.2924776077270508,1.0
dynamic,3,1,229,0.6088302071889241,0.5954453603426615,0.013384849106272061,0.5830691066881021,0.5830691066881021,0.0,4.0,4.0,2290.0,2201.0,0.0,0.11957646906375885,0.2702908515930176,0.45167702436447144,1.2924776077270508,1.0
dynamic,3,1,230,0.6039954535166423,0.5897861321767172,0.014209329883257548,0.5823675031214952,0.5823675031214952,0.0,4.0,4.0,2300.0,2201.0,0.0,0.11957646906375885,0.2702908515930176,0.45167702436447144,1.2924776077270508,1.0
dynamic,3,1,231,0.6149424298604329,0.600188725789388,0.014753708640734355,0.5812656841178735,0.5812656841178735,0.0,4.0,4.0,2310.0,2301.0,0.0,0.10266515612602234,0.20551782846450806,0.32425546646118164,2.053314208984375,2.0
dynamic,3,1,232,0.6178294595082601,0.6024228763580323,0.015406573961178461,0.5821766402820746,0.5821766402820746,0.0,4.0,4.0,2320.0,2301.0,0.0,0.10266515612602234,0.20551782846450806,0.32425546646118164,2.053314208984375,2.0
dynamic,3,1,233,0.6135665877660116,0.5992028800646464,0.014363707614441713,0.5809666120757659,0.5809666120757659,0.0,4.0,4.0,2330.0,2301.0,0.0,0.10266515612602234,0.20551782846450806,0.32425546646118164,2.053314208984375,2.0
dynamic,3,1,234,0.6039268676439921,0.5892888919512431,0.014637986024220784,0.5800559838612874,0.5800559838612874,0.0,4.0,4.0,2340.0,2301.0,0.0,0.10266515612602234,0.20551782846450806,0.32425546646118164,2.053314208984375,2.0
dynamic,3,1,235,0.6147756481170654,0.599925852616628,0.014849796506265799,0.5777018745740254,0.5777018745740254,0.0,4.0,4.0,2350.0,2301.0,0.0,0.10266515612602234,0.20551782846450806,0.32425546646118164,2.053314208984375,2.0
dynamic,3,1,236,0.6051235564549764,0.5912438003222148,0.013879752655824026,0.581062881797552,0.581062881797552,0.0,4.0,4.0,2360.0,2301.0,0.0,0.10266515612602234,0.20551782846450806,0.32425546646118164,2.053314208984375,2.0
dynamic,3,1,237,0.6084548449516296,0.5947967036565145,0.013658148671189944,0.577939737389485,0.577939737389485,0.0,4.0,4.0,2370.0,2301.0,0.0,0.10266515612602234,0.20551782846450806,0.32425546646118164,2.053314208984375,2.0
dynamic,3,1,238,0.6100446263949076,0.5952243065834045,0.014820326268672943,0.5772897896915674,0.5772897896915674,0.0,4.0,4.0,2380.0,2301.0,0.0,0.10266515612602234,0.20551782846450806,0.32425546646118164,2.053314208984375,2.0
dynamic,3,1,239,0.6066507601737976,0.5923061013221741,0.014344661658008894,0.5748642766972383,0.5748642766972383,0.0,4.0,4.0,2390.0,2301.0,0.0,0.10266515612602234,0.20551782846450806,0.32425546646118164,2.053314208984375,2.0
dynamic,3,1,240,0.6049525737762451,0.5901683735847473,0.014784193535645803,0.5763122326135636,0.5763122326135636,0.0,4.0,4.0,2400.0,2301.0,0.0,0.10266515612602234,0.20551782846450806,0.32425546646118164,2.053314208984375,2.0
dynamic,3,1,241,0.6170382889111837,0.601827301979065,0.015210990210374196,0.5736536362518867,0.5736536362518867,0.0,4.0,4.0,2410.0,2401.0,0.0,0.10642881691455841,0.2575584650039673,0.33977025747299194,0.8502087593078613,0.0
dynamic,3,1,242,0.5979844768842061,0.5829784377415975,0.015006042321523031,0.5739119949440161,0.5739119949440161,0.0,4.0,4.0,2420.0,2401.0,0.0,0.10642881691455841,0.2575584650039673,0.33977025747299194,0.8502087593078613,0.0
dynamic,3,1,243,0.5978545808792114,0.5821823207537333,0.015672255357106528,0.57579614803195,0.57579614803195,0.0,4.0,4.0,2430.0,2401.0,0.0,0.10642881691455841,0.2575584650039673,0.33977025747299194,0.8502087593078613,0.0
dynamic,3,1,244,0.60556947072347,0.5909982117017111,0.014571250105897585,0.5769800027459859,0.5769800027459859,0.0,4.0,4.0,2440.0,2401.0,0.0,0.10642881691455841,0.2575584650039673,0.33977025747299194,0.8502087593078613,0.0
dynamic,3,1,245,0.6090419499079386,0.5938202977180481,0.015221642628312111,0.5714216275513172,0.5714216275513172,0.0,4.0,4.0,2450.0,2401.0,0.0,0.10642881691455841,0.2575584650039673,0.33977025747299194,0.8502087593078613,0.0
dynamic,3,1,246,0.601667141119639,0.5863619033495585,0.015305239210526149,0.5690145859618981,0.5690145859618981,0.0,4.0,4.0,2460.0,2401.0,0.0,0.10642881691455841,0.2575584650039673,0.33977025747299194,0.8502087593078613,0.0
dynamic,3,1,247,0.6041725786526998,0.5894101452827454,0.014762435567875704,0.5690619056175152,0.5690619056175152,0.0,4.0,4.0,2470.0,2401.0,0.0,0.10642881691455841,0.2575584650039673,0.33977025747299194,0.8502087593078613,0.0
dynamic,3,1,248,0.59469486951828,0.5797939538955689,0.01490090270837148,0.5711911390473445,0.5711911390473445,0.0,4.0,4.0,2480.0,2401.0,0.0,0.10642881691455841,0.2575584650039673,0.33977025747299194,0.8502087593078613,0.0
dynamic,3,1,249,0.5966220823923747,0.5821093853314717,0.014512696067492167,0.573746539503336,0.573746539503336,0.0,4.0,4.0,2490.0,2401.0,0.0,0.10642881691455841,0.2575584650039673,0.33977025747299194,0.8502087593078613,0.0
dynamic,3,1,250,0.6080025680859884,0.5931639877955118,0.014838568568229675,0.5697809752573569,0.5697809752573569,0.0,4.0,4.0,2500.0,2401.0,0.0,0.10642881691455841,0.2575584650039673,0.33977025747299194,0.8502087593078613,0.0
dynamic,3,1,251,0.601044789950053,0.5864277084668478,0.014617081892987093,0.5693291645993789,0.5693291645993789,0.0,4.0,4.0,2510.0,2501.0,0.0,0.11872892826795578,0.2720341682434082,0.3779503107070923,1.1439790725708008,1.0
dynamic,3,1,252,0.6039968609809876,0.5892702158292135,0.014726646393537522,0.5673453057557345,0.5673453057557345,0.0,4.0,4.0,2520.0,2501.0,0.0,0.11872892826795578,0.2720341682434082,0.3779503107070923,1.1439790725708008,1.0
dynamic,3,1,253,0.6053768221537272,0.5900911887486776,0.015285627916455269,0.5656227222085,0.5656227222085,0.0,4.0,4.0,2530.0,2501.0,0.0,0.11872892826795578,0.2720341682434082,0.3779503107070923,1.1439790725708008,1.0
dynamic,3,1,254,0.6023642643292745,0.586554631392161,0.015809630751609804,0.5692471591631572,0.5692471591631572,0.0,4.0,4.0,2540.0,2501.0,0.0,0.11872892826795578,0.2720341682434082,0.3779503107070923,1.1439790725708008,1.0
dynamic,3,1,255,0.6111132899920145,0.5952244981129964,0.015888795877496403,0.5718184142559767,0.5718184142559767,0.0,4.0,4.0,2550.0,2501.0,0.0,0.11872892826795578,0.2720341682434082,0.3779503107070923,1.1439790725708008,1.0
dynamic,3,1,256,0.599485878944397,0.5839526502291361,0.01553322583436966,0.573743330637614,0.573743330637614,0.0,4.0,4.0,2560.0,2501.0,0.0,0.11872892826795578,0.2720341682434082,0.3779503107070923,1.1439790725708008,1.0
dynamic,3,1,257,0.593183049360911,0.5772648501396179,0.015918199171622596,0.5661705148716768,0.5661705148716768,0.0,4.0,4.0,2570.0,2501.0,0.0,0.11872892826795578,0.2720341682434082,0.3779503107070923,1.1439790725708008,1.0
dynamic,3,1,258,0.5976033282279968,0.5825307059288025,0.015072626732289792,0.5651386615633964,0.5651386615633964,0.0,4.0,4.0,2580.0,2501.0,0.0,0.11872892826795578,0.2720341682434082,0.3779503107070923,1.1439790725708008,1.0
dynamic,3,1,259,0.5944802331924438,0.5798446702957153,0.014635558649897575,0.5677202384173871,0.5677202384173871,0.0,4.0,4.0,2590.0,2501.0,0.0,0.11872892826795578,0.2720341682434082,0.3779503107070923,1.1439790725708008,1.0
dynamic,3,1,260,0.5944562760988871,0.5797595040003458,0.014696774830420811,0.5707193992286921,0.5707193992286921,0.0,4.0,4.0,2600.0,2501.0,0.0,0.11872892826795578,0.2720341682434082,0.3779503107070923,1.1439790725708008,1.0
dynamic,3,1,261,0.5920148293177286,0.5773604639371236,0.01465437004963557,0.5707814476142327,0.5707814476142327,0.0,4.0,4.0,2610.0,2601.0,0.0,0.12349475175142288,0.29746687412261963,0.45068931579589844,1.3616056442260742,3.0
dynamic,3,1,262,0.6088072196642558,0.5937578070163727,0.015049415752291679,0.5682062407582998,0.5682062407582998,0.0,4.0,4.0,2620.0,2601.0,0.0,0.12349475175142288,0.29746687412261963,0.45068931579589844,1.3616056442260742,3.0
dynamic,3,1,263,0.5910861627260844,0.5754907822608948,0.015595391392707825,0.5644454844295979,0.5644454844295979,0.0,4.0,4.0,2630.0,2601.0,0.0,0.12349475175142288,0.29746687412261963,0.45068931579589844,1.3616056442260742,3.0
dynamic,3,1,264,0.6033797963460287,0.5864141170183818,0.016965674373010796,0.5646587268014749,0.5646587268014749,0.0,4.0,4.0,2640.0,2601.0,0.0,0.12349475175142288,0.29746687412261963,0.45068931579589844,1.3616056442260742,3.0
dynamic,3,1,265,0.6153886421521505,0.5989203969637553,0.01646824464201927,0.563622555906574,0.563622555906574,0.0,4.0,4.0,2650.0,2601.0,0.0,0.12349475175142288,0.29746687412261963,0.45068931579589844,1.3616056442260742,3.0
dynamic,3,1,266,0.5867219797770182,0.5710321203867594,0.015689860930045447,0.5636545574168365,0.5636545574168365,0.0,4.0,4.0,2660.0,2601.0,0.0,0.12349475175142288,0.29746687412261963,0.45068931579589844,1.3616056442260742,3.0
dynamic,3,1,267,0.5976369698842366,0.5828629899024963,0.014773979932069779,0.5630940326303243,0.5630940326303243,0.0,4.0,4.0,2670.0,2601.0,0.0,0.12349475175142288,0.29746687412261963,0.45068931579589844,1.3616056442260742,3.0
dynamic,3,1,268,0.5929015556971232,0.5784207622210185,0.014480797164142132,0.5666077756385008,0.5666077756385008,0.0,4.0,4.0,2680.0,2601.0,0.0,0.12349475175142288,0.29746687412261963,0.45068931579589844,1.3616056442260742,3.0
dynamic,3,1,269,0.6023515860239664,0.5880728681882222,0.01427871843179067,0.5681561104953289,0.5681561104953289,0.0,4.0,4.0,2690.0,2601.0,0.0,0.12349475175142288,0.29746687412261963,0.45068931579589844,1.3616056442260742,3.0
dynamic,3,1,270,0.5926265048980713,0.5781359664599101,0.014490545094013214,0.5648545973002911,0.5648545973002911,0.0,4.0,4.0,2700.0,2601.0,0.0,0.12349475175142288,0.29746687412261963,0.45068931579589844,1.3616056442260742,3.0
dynamic,3,1,271,0.5974298191070556,0.5824328128496806,0.01499701718489329,0.5629723857094844,0.5629723857094844,0.0,4.0,4.0,2710.0,2701.0,0.0,0.10854483395814896,0.24016427993774414,0.36389589309692383,0.7790803909301758,0.0
dynamic,3,1,272,0.5905329402287801,0.5741504104932149,0.016382540687918664,0.5598023915290833,0.5598023915290833,0.0,4.0,4.0,2720.0,2701.0,0.0,0.10854483395814896,0.24016427993774414,0.36389589309692383,0.7790803909301758,0.0
dynamic,3,1,273,0.589057420094808,0.5740346805254618,0.015022738898793856,0.5577279195934534,0.5577279195934534,0.0,4.0,4.0,2730.0,2701.0,0.0,0.10854483395814896,0.24016427993774414,0.36389589309692383,0.7790803909301758,0.0
dynamic,3,1,274,0.589718595345815,0.5746247863769531,0.015093812470634778,0.5614478736619155,0.5614478736619155,0.0,4.0,4.0,2740.0,2701.0,0.0,0.10854483395814896,0.24016427993774414,0.36389589309692383,0.7790803909301758,0.0
dynamic,3,1,275,0.597350902557373,0.5822766041755676,0.015074302765230337,0.5604933043817679,0.5604933043817679,0.0,4.0,4.0,2750.0,2701.0,0.0,0.10854483395814896,0.24016427993774414,0.36389589309692383,0.7790803909301758,0.0
dynamic,3,1,276,0.5889550431569417,0.5742441852887471,0.014710863257447878,0.5619834016263485,0.5619834016263485,0.0,4.0,4.0,2760.0,2701.0,0.0,0.10854483395814896,0.24016427993774414,0.36389589309692383,0.7790803909301758,0.0
dynamic,3,1,277,0.5990994882583618,0.5840879480044047,0.015011545668045679,0.564458037863175,0.564458037863175,0.0,4.0,4.0,2770.0,2701.0,0.0,0.10854483395814896,0.24016427993774414,0.36389589309692383,0.7790803909301758,0.0
dynamic,3,1,278,0.5857462739944458,0.5692374722162883,0.01650880053639412,0.5557273201147716,0.5557273201147716,0.0,4.0,4.0,2780.0,2701.0,0.0,0.10854483395814896,0.24016427993774414,0.36389589309692383,0.7790803909301758,0.0
dynamic,3,1,279,0.5890563980738321,0.573635779619217,0.015420619162420431,0.5570184178898732,0.5570184178898732,0.0,4.0,4.0,2790.0,2701.0,0.0,0.10854483395814896,0.24016427993774414,0.36389589309692383,0.7790803909301758,0.0
dynamic,3,1,280,0.5880939722061157,0.5724642936388652,0.015629679920772712,0.5531833540151516,0.5531833540151516,0.0,4.0,4.0,2800.0,2701.0,0.0,0.10854483395814896,0.24016427993774414,0.36389589309692383,0.7790803909301758,0.0
dynamic,3,1,281,0.5848478404680888,0.5700762263933817,0.014771614894270898,0.5565747908006112,0.5565747908006112,0.0,4.0,4.0,2810.0,2801.0,0.0,0.1108669638633728,0.24782121181488037,0.3680000305175781,1.0769643783569336,2.0
dynamic,3,1,282,0.585727334022522,0.5709293039639791,0.014798033734162648,0.5636839776237805,0.5636839776237805,0.0,4.0,4.0,2820.0,2801.0,0.0,0.1108669638633728,0.24782121181488037,0.3680000305175781,1.0769643783569336,2.0
dynamic,3,1,283,0.5838730359077453,0.5679084428151449,0.015964585890372595,0.5660167363286018,0.5660167363286018,0.0,4.0,4.0,2830.0,2801.0,0.0,0.1108669638633728,0.24782121181488037,0.3680000305175781,1.0769643783569336,2.0
dynamic,3,1,284,0.5844050407409668,0.5677627158164978,0.016642324551939966,0.5601155006388823,0.5601155006388823,0.0,4.0,4.0,2840.0,2801.0,0.0,0.1108669638633728,0.24782121181488037,0.3680000305175781,1.0769643783569336,2.0
dynamic,3,1,285,0.5862005114555359,0.5703988552093506,0.01580165686706702,0.5505867026001215,0.5505867026001215,0.0,4.0,4.0,2850.0,2801.0,0.0,0.1108669638633728,0.24782121181488037,0.3680000305175781,1.0769643783569336,2.0
dynamic,3,1,286,0.5855311759312948,0.5693394549687704,0.016191716839869818,0.5537006116906802,0.5537006116906802,0.0,4.0,4.0,2860.0,2801.0,0.0,0.1108669638633728,0.24782121181488037,0.3680000305175781,1.0769643783569336,2.0
dynamic,3,1,287,0.5906373476982116,0.575205180644989,0.015432176714142164,0.5575324599444866,0.5575324599444866,0.0,4.0,4.0,2870.0,2801.0,0.0,0.1108669638633728,0.24782121181488037,0.3680000305175781,1.0769643783569336,2.0
dynamic,3,1,288,0.5864640704790751,0.5712464265028636,0.0152176400522391,0.558239784091711,0.558239784091711,0.0,4.0,4.0,2880.0,2801.0,0.0,0.1108669638633728,0.24782121181488037,0.3680000305175781,1.0769643783569336,2.0
dynamic,3,1,289,0.5840472284952799,0.5688184094429016,0.015228823671738306,0.5505163904527823,0.5505163904527823,0.0,4.0,4.0,2890.0,2801.0,0.0,0.1108669638633728,0.24782121181488037,0.3680000305175781,1.0769643783569336,2.0
dynamic,3,1,290,0.5846384652455647,0.5693311166763305,0.015307354852557182,0.5553026259442171,0.5553026259442171,0.0,4.0,4.0,2900.0,2801.0,0.0,0.1108669638633728,0.24782121181488037,0.3680000305175781,1.0769643783569336,2.0
dynamic,3,1,291,0.5918892669677734,0.5759411978721619,0.01594806969165802,0.559035727356871,0.559035727356871,0.0,4.0,4.0,2910.0,2901.0,0.0,0.1461101770401001,0.3338899612426758,0.5249348878860474,1.4710386991500854,4.0
dynamic,3,1,292,0.5732344603538513,0.5574274404843649,0.015807028462489447,0.5500680283457041,0.5500680283457041,0.0,4.0,4.0,2920.0,2901.0,0.0,0.1461101770401001,0.3338899612426758,0.5249348878860474,1.4710386991500854,4.0
dynamic,3,1,293,0.5801257765293122,0.5638569045066834,0.016268871873617172,0.5551300807793935,0.5551300807793935,0.0,4.0,4.0,2930.0,2901.0,0.0,0.1461101770401001,0.3338899612426758,0.5249348878860474,1.4710386991500854,4.0
dynamic,3,1,294,0.5923540528615315,0.5756665094693502,0.016687541405359906,0.5538727063934008,0.5538727063934008,0.0,4.0,4.0,2940.0,2901.0,0.0,0.1461101770401001,0.3338899612426758,0.5249348878860474,1.4710386991500854,4.0
dynamic,3,1,295,0.584738716284434,0.56905046860377,0.015688246538241704,0.5573330718030532,0.5573330718030532,0.0,4.0,4.0,2950.0,2901.0,0.0,0.1461101770401001,0.3338899612426758,0.5249348878860474,1.4710386991500854,4.0
dynamic,3,1,296,0.579005974928538,0.5634729743003846,0.015533002763986588,0.5539158387233813,0.5539158387233813,0.0,4.0,4.0,2960.0,2901.0,0.0,0.1461101770401001,0.3338899612426758,0.5249348878860474,1.4710386991500854,4.0
dynamic,3,1,297,0.5826952640215556,0.5669923631350199,0.015702898502349853,0.557846059675018,0.557846059675018,0.0,4.0,4.0,2970.0,2901.0,0.0,0.1461101770401001,0.3338899612426758,0.5249348878860474,1.4710386991500854,4.0
dynamic,3,1,298,0.5832154750823975,0.5674410621325175,0.01577440932393074,0.5510845123728116,0.5510845123728116,0.0,4.0,4.0,2980.0,2901.0,0.0,0.1461101770401001,0.3338899612426758,0.5249348878860474,1.4710386991500854,4.0
dynamic,3,1,299,0.5759641246000926,0.5602768393357594,0.01568728836874167,0.5562378034243981,0.5562378034243981,0.0,4.0,4.0,2990.0,2901.0,0.0,0.1461101770401001,0.3338899612426758,0.5249348878860474,1.4710386991500854,4.0
dynamic,3,1,300,0.5744430160522461,0.5584727573394775,0.015970265865325926,0.5524027785410484,0.5524027785410484,0.0,4.0,4.0,3000.0,2901.0,0.0,0.1461101770401001,0.3338899612426758,0.5249348878860474,1.4710386991500854,4.0
dynamic,3,1,301,0.5763755933443705,0.5603609736760458,0.016014616414904596,0.5534900736063719,0.5534900736063719,0.0,4.0,4.0,3010.0,3001.0,0.0,0.12674352526664734,0.3178527355194092,0.4547290802001953,0.9743804931640625,0.0
dynamic,3,1,302,0.5775061360994975,0.5613058185577393,0.01620031942923864,0.5518906343728304,0.5518906343728304,0.0,4.0,4.0,3020.0,3001.0,0.0,0.12674352526664734,0.3178527355194092,0.4547290802001953,0.9743804931640625,0.0
dynamic,3,1,303,0.5789856568972269,0.5630725558598836,0.01591310774286588,0.5472101298967997,0.5472101298967997,0.0,4.0,4.0,3030.0,3001.0,0.0,0.12674352526664734,0.3178527355194092,0.4547290802001953,0.9743804931640625,0.0
dynamic,3,1,304,0.5773177599906921,0.5611758287747701,0.016141930669546126,0.5432600922385852,0.5432600922385852,0.0,4.0,4.0,3040.0,3001.0,0.0,0.12674352526664734,0.3178527355194092,0.4547290802001953,0.9743804931640625,0.0
dynamic,3,1,305,0.5796781055132548,0.5622840746243795,0.01739403446515401,0.552484404767553,0.552484404767553,0.0,4.0,4.0,3050.0,3001.0,0.0,0.12674352526664734,0.3178527355194092,0.4547290802001953,0.9743804931640625,0.0
dynamic,3,1,306,0.5744946710268657,0.5581459410985311,0.016348735988140108,0.5576025298734506,0.5576025298734506,0.0,4.0,4.0,3060.0,3001.0,0.0,0.12674352526664734,0.3178527355194092,0.4547290802001953,0.9743804931640625,0.0
dynamic,3,1,307,0.5744483133157094,0.5585514998435974,0.01589680311580499,0.5478645204255979,0.5478645204255979,0.0,4.0,4.0,3070.0,3001.0,0.0,0.12674352526664734,0.3178527355194092,0.4547290802001953,0.9743804931640625,0.0
dynamic,3,1,308,0.5802053777376811,0.5638153608640035,0.016390021902819473,0.549120711783568,0.549120711783568,0.0,4.0,4.0,3080.0,3001.0,0.0,0.12674352526664734,0.3178527355194092,0.4547290802001953,0.9743804931640625,0.0
dynamic,3,1,309,0.5838480567932129,0.5671918253103893,0.01665622557202975,0.5551282925158739,0.5551282925158739,0.0,4.0,4.0,3090.0,3001.0,0.0,0.12674352526664734,0.3178527355194092,0.4547290802001953,0.9743804931640625,0.0
dynamic,3,1,310,0.5793757033348084,0.5628925387064616,0.016483168030778567,0.5537739405532678,0.5537739405532678,0.0,4.0,4.0,3100.0,3001.0,0.0,0.12674352526664734,0.3178527355194092,0.4547290802001953,0.9743804931640625,0.0
dynamic,3,1,311,0.5734616148471833,0.5575489660104116,0.015912650699416796,0.5508253445724646,0.5508253445724646,0.0,4.0,4.0,3110.0,3101.0,0.0,0.12116353958845139,0.2920161485671997,0.36742550134658813,0.9635000228881836,0.0
dynamic,3,1,312,0.5736460570494334,0.5566391348838806,0.017006926263372104,0.5498359946906567,0.5498359946906567,0.0,4.0,4.0,3120.0,3101.0,0.0,0.12116353958845139,0.2920161485671997,0.36742550134658813,0.9635000228881836,0.0
dynamic,3,1,313,0.5701085337003072,0.5533822695414226,0.016726262470086416,0.5500424223889907,0.5500424223889907,0.0,4.0,4.0,3130.0,3101.0,0.0,0.12116353958845139,0.2920161485671997,0.36742550134658813,0.9635000228881836,0.0
dynamic,3,1,314,0.5873849352200826,0.5701860102017721,0.01719892178972562,0.5568986271818479,0.5568986271818479,0.0,4.0,4.0,3140.0,3101.0,0.0,0.12116353958845139,0.2920161485671997,0.36742550134658813,0.9635000228881836,0.0
dynamic,3,1,315,0.5913638512293498,0.5739316455523173,0.017432202597459156,0.556706447477142,0.556706447477142,0.0,4.0,4.0,3150.0,3101.0,0.0,0.12116353958845139,0.2920161485671997,0.36742550134658813,0.9635000228881836,0.0
dynamic,3,1,316,0.5807389879226684,0.5637546610832215,0.01698432837923368,0.5522714583327373,0.5522714583327373,0.0,4.0,4.0,3160.0,3101.0,0.0,0.12116353958845139,0.2920161485671997,0.36742550134658813,0.9635000228881836,0.0
dynamic,3,1,317,0.5827393627166748,0.5660263911883037,0.016712959210077923,0.5503833186378082,0.5503833186378082,0.0,4.0,4.0,3170.0,3101.0,0.0,0.12116353958845139,0.2920161485671997,0.36742550134658813,0.9635000228881836,0.0
dynamic,3,1,318,0.5838401492436727,0.5673837145169576,0.01645643246670564,0.5436424099157254,0.5436424099157254,0.0,4.0,4.0,3180.0,3101.0,0.0,0.12116353958845139,0.2920161485671997,0.36742550134658813,0.9635000228881836,0.0
dynamic,3,1,319,0.5718981289863586,0.5548391326268514,0.017058996905883153,0.5538224723190069,0.5538224723190069,0.0,4.0,4.0,3190.0,3101.0,0.0,0.12116353958845139,0.2920161485671997,0.36742550134658813,0.9635000228881836,0.0
dynamic,3,1,320,0.5746407675743103,0.5575120210647583,0.01712875021000703,0.5592043872922658,0.5592043872922658,0.0,4.0,4.0,3200.0,3101.0,0.0,0.12116353958845139,0.2920161485671997,0.36742550134658813,0.9635000228881836,0.0
dynamic,3,1,321,0.5811197336514791,0.5640805379549663,0.01703919693827629,0.5460544769962629,0.5460544769962629,0.0,4.0,4.0,3210.0,3201.0,0.0,0.1352050006389618,0.2933041751384735,0.4032719135284424,1.577108383178711,2.0
dynamic,3,1,322,0.5715301275253296,0.554578135808309,0.01695198973019918,0.5440694965918859,0.5440694965918859,0.0,4.0,4.0,3220.0,3201.0,0.0,0.1352050006389618,0.2933041751384735,0.4032719135284424,1.577108383178711,2.0
dynamic,3,1,323,0.5671550011634827,0.5506049513816833,0.01655004563430945,0.5442318937679131,0.5442318937679131,0.0,4.0,4.0,3230.0,3201.0,0.0,0.1352050006389618,0.2933041751384735,0.4032719135284424,1.577108383178711,2.0
dynamic,3,1,324,0.572619133790334,0.555859858194987,0.01675927792986234,0.5508553550392389,0.5508553550392389,0.0,4.0,4.0,3240.0,3201.0,0.0,0.1352050006389618,0.2933041751384735,0.4032719135284424,1.577108383178711,2.0
dynamic,3,1,325,0.570984578927358,0.5540908475716909,0.016893724078933397,0.5556045661618312,0.5556045661618312,0.0,4.0,4.0,3250.0,3201.0,0.0,0.1352050006389618,0.2933041751384735,0.4032719135284424,1.577108383178711,2.0
dynamic,3,1,326,0.5796462543805441,0.5630438510576884,0.01660240891079108,0.5534416632602612,0.5534416632602612,0.0,4.0,4.0,3260.0,3201.0,0.0,0.1352050006389618,0.2933041751384735,0.4032719135284424,1.577108383178711,2.0
dynamic,3,1,327,0.5735741885503133,0.5567892893155416,0.01678490680952867,0.5474091892689467,0.5474091892689467,0.0,4.0,4.0,3270.0,3201.0,0.0,0.1352050006389618,0.2933041751384735,0.4032719135284424,1.577108383178711,2.0
dynamic,3,1,328,0.572552170753479,0.5556630714734395,0.016889095318814117,0.5473827017595371,0.5473827017595371,0.0,4.0,4.0,3280.0,3201.0,0.0,0.1352050006389618,0.2933041751384735,0.4032719135284424,1.577108383178711,2.0
dynamic,3,1,329,0.5779877710342407,0.5605774426460266,0.01741032878557841,0.5439744394520919,0.5439744394520919,0.0,4.0,4.0,3290.0,3201.0,0.0,0.1352050006389618,0.2933041751384735,0.4032719135284424,1.577108383178711,2.0
dynamic,3,1,330,0.5782111263275147,0.5604977289835612,0.017713394165039063,0.5404740201930205,0.5404740201930205,0.0,4.0,4.0,3300.0,3201.0,0.0,0.1352050006389618,0.2933041751384735,0.4032719135284424,1.577108383178711,2.0
dynamic,3,1,331,0.5703104265530904,0.5531880970795949,0.017122337222099306,0.5439541414876778,0.5439541414876778,0.0,4.0,4.0,3310.0,3301.0,0.0,0.1422167718410492,0.28699934482574463,0.40461423993110657,1.5227184295654297,4.0
dynamic,3,1,332,0.5645410029093424,0.5478853472073872,0.01665565894295772,0.5448093771934509,0.5448093771934509,0.0,4.0,4.0,3320.0,3301.0,0.0,0.1422167718410492,0.28699934482574463,0.40461423993110657,1.5227184295654297,4.0
dynamic,3,1,333,0.5712894447644552,0.554267262617747,0.01702218289176623,0.5456193905075392,0.5456193905075392,0.0,4.0,4.0,3330.0,3301.0,0.0,0.1422167718410492,0.28699934482574463,0.40461423993110657,1.5227184295654297,4.0
dynamic,3,1,334,0.5743949309984843,0.5571530588467916,0.017241870214541752,0.5440116953353087,0.5440116953353087,0.0,4.0,4.0,3340.0,3301.0,0.0,0.1422167718410492,0.28699934482574463,0.40461423993110657,1.5227184295654297,4.0
dynamic,3,1,335,0.5704244422912598,0.5527122823397318,0.017712156573931378,0.5441914729773998,0.5441914729773998,0.0,4.0,4.0,3350.0,3301.0,0.0,0.1422167718410492,0.28699934482574463,0.40461423993110657,1.5227184295654297,4.0
dynamic,3,1,336,0.5707979011535644,0.5534724386533102,0.017325457905729612,0.5450590951989095,0.5450590951989095,0.0,4.0,4.0,3360.0,3301.0,0.0,0.1422167718410492,0.28699934482574463,0.40461423993110657,1.5227184295654297,4.0
dynamic,3,1,337,0.5747515757878622,0.5576982204119364,0.017053350706895194,0.537457577213645,0.537457577213645,0.0,4.0,4.0,3370.0,3301.0,0.0,0.1422167718410492,0.28699934482574463,0.40461423993110657,1.5227184295654297,4.0
dynamic,3,1,338,0.5639259401957194,0.5463219356536865,0.017603996147712072,0.5356140354027351,0.5356140354027351,0.0,4.0,4.0,3380.0,3301.0,0.0,0.1422167718410492,0.28699934482574463,0.40461423993110657,1.5227184295654297,4.0
dynamic,3,1,339,0.5633711719512939,0.5464514271418254,0.01691974605123202,0.5385297462840875,0.5385297462840875,0.0,4.0,4.0,3390.0,3301.0,0.0,0.1422167718410492,0.28699934482574463,0.40461423993110657,1.5227184295654297,4.0
dynamic,3,1,340,0.5687622539202373,0.5521968118349712,0.01656543416281541,0.539348997225364,0.539348997225364,0.0,4.0,4.0,3400.0,3301.0,0.0,0.1422167718410492,0.28699934482574463,0.40461423993110657,1.5227184295654297,4.0
dynamic,3,1,341,0.5535050598780314,0.5366517384847005,0.016853322833776475,0.5394550790637731,0.5394550790637731,0.0,4.0,4.0,3410.0,3401.0,0.0,0.13195739686489105,0.3157397508621216,0.38117504119873047,1.0718708038330078,1.0
dynamic,3,1,342,0.5787575809160869,0.5612590622901916,0.017498527442415555,0.5550268759330114,0.5550268759330114,0.0,4.0,4.0,3420.0,3401.0,0.0,0.13195739686489105,0.3157397508621216,0.38117504119873047,1.0718708038330078,1.0
dynamic,3,1,343,0.565371789932251,0.5475336337089538,0.01783816466728846,0.5393283876528343,0.5393283876528343,0.0,4.0,4.0,3430.0,3401.0,0.0,0.13195739686489105,0.3157397508621216,0.38117504119873047,1.0718708038330078,1.0
dynamic,3,1,344,0.5696338812510172,0.5513132047653199,0.018320673654476802,0.5371470391005277,0.5371470391005277,0.0,4.0,4.0,3440.0,3401.0,0.0,0.13195739686489105,0.3157397508621216,0.38117504119873047,1.0718708038330078,1.0
dynamic,3,1,345,0.5644840931892395,0.5457522821426392,0.018731809308131536,0.5445573402196169,0.5445573402196169,0.0,4.0,4.0,3450.0,3401.0,0.0,0.13195739686489105,0.3157397508621216,0.38117504119873047,1.0718708038330078,1.0
dynamic,3,1,346,0.5636877195040385,0.5457936982313792,0.017894017547369002,0.5423615255455176,0.5423615255455176,0.0,4.0,4.0,3460.0,3401.0,0.0,0.13195739686489105,0.3157397508621216,0.38117504119873047,1.0718708038330078,1.0
dynamic,3,1,347,0.5702783727645874,0.5525758250554402,0.017702554712692897,0.5396796808143457,0.5396796808143457,0.0,4.0,4.0,3470.0,3401.0,0.0,0.13195739686489105,0.3157397508621216,0.38117504119873047,1.0718708038330078,1.0
dynamic,3,1,348,0.5687606835365295,0.5505033842722575,0.018257290373245874,0.5398245578755935,0.5398245578755935,0.0,4.0,4.0,3480.0,3401.0,0.0,0.13195739686489105,0.3157397508621216,0.38117504119873047,1.0718708038330078,1.0
dynamic,3,1,349,0.5770958352088928,0.5579541540145874,0.01914168171584606,0.5286823302755753,0.5286823302755753,0.0,4.0,4.0,3490.0,3401.0,0.0,0.13195739686489105,0.3157397508621216,0.38117504119873047,1.0718708038330078,1.0
dynamic,3,1,350,0.5591380365689596,0.5410071523984273,0.018130876223246255,0.5389024215688308,0.5389024215688308,0.0,4.0,4.0,3500.0,3401.0,0.0,0.13195739686489105,0.3157397508621216,0.38117504119873047,1.0718708038330078,1.0
dynamic,3,1,351,0.559848964214325,0.541755404472351,0.018093560338020325,0.5430504410713911,0.5430504410713911,0.0,4.0,4.0,3510.0,3501.0,0.0,0.1360323429107666,0.2998882532119751,0.37781625986099243,0.7817592620849609,0.0
dynamic,3,1,352,0.5740696454048156,0.5555825424194336,0.018487110858162244,0.5397693290064732,0.5397693290064732,0.0,4.0,4.0,3520.0,3501.0,0.0,0.1360323429107666,0.2998882532119751,0.37781625986099243,0.7817592620849609,0.0
dynamic,3,1,353,0.5655476733048757,0.5476771676540375,0.017870504036545755,0.5298773822933436,0.5298773822933436,0.0,4.0,4.0,3530.0,3501.0,0.0,0.1360323429107666,0.2998882532119751,0.37781625986099243,0.7817592620849609,0.0
dynamic,3,1,354,0.5722567892074585,0.5535864106814067,0.018670376787583032,0.5287744892885288,0.5287744892885288,0.0,4.0,4.0,3540.0,3501.0,0.0,0.1360323429107666,0.2998882532119751,0.37781625986099243,0.7817592620849609,0.0
dynamic,3,1,355,0.5629479289054871,0.5444003470738729,0.018547583172718683,0.5317116262267033,0.5317116262267033,0.0,4.0,4.0,3550.0,3501.0,0.0,0.1360323429107666,0.2998882532119751,0.37781625986099243,0.7817592620849609,0.0
dynamic,3,1,356,0.5682724054654439,0.5494936593373616,0.018778743396202724,0.5485400830457607,0.5485400830457607,0.0,4.0,4.0,3560.0,3501.0,0.0,0.1360323429107666,0.2998882532119751,0.37781625986099243,0.7817592620849609,0.0
dynamic,3,1,357,0.5578511977195739,0.5393532061576843,0.01849798858165741,0.5536847818891207,0.5536847818891207,0.0,4.0,4.0,3570.0,3501.0,0.0,0.1360323429107666,0.2998882532119751,0.37781625986099243,0.7817592620849609,0.0
dynamic,3,1,358,0.5652289017041524,0.5462442469596863,0.018984659761190414,0.5255947542438905,0.5255947542438905,0.0,4.0,4.0,3580.0,3501.0,0.0,0.1360323429107666,0.2998882532119751,0.37781625986099243,0.7817592620849609,0.0
dynamic,3,1,359,0.5500630593299866,0.5314628513654073,0.01860021710395813,0.5286542007575432,0.5286542007575432,0.0,4.0,4.0,3590.0,3501.0,0.0,0.1360323429107666,0.2998882532119751,0.37781625986099243,0.7817592620849609,0.0
dynamic,3,1,360,0.5537089419364929,0.5350585234165192,0.018650420953830082,0.5293063351263603,0.5293063351263603,0.0,4.0,4.0,3600.0,3501.0,0.0,0.1360323429107666,0.2998882532119751,0.37781625986099243,0.7817592620849609,0.0
dynamic,3,1,361,0.5496758635838827,0.5315285547574361,0.01814730331301689,0.5292105466127396,0.5292105466127396,0.0,4.0,4.0,3610.0,3601.0,0.0,0.1542963683605194,0.3648991584777832,0.5253596901893616,1.225499153137207,1.0
dynamic,3,1,362,0.5567730967203776,0.5386870034535726,0.018086089144150417,0.5321708008398612,0.5321708008398612,0.0,4.0,4.0,3620.0,3601.0,0.0,0.1542963683605194,0.3648991584777832,0.5253596901893616,1.225499153137207,1.0
dynamic,3,1,363,0.5676377367973328,0.5479713829358419,0.019666348298390705,0.5358899186303219,0.5358899186303219,0.0,4.0,4.0,3630.0,3601.0,0.0,0.1542963683605194,0.3648991584777832,0.5253596901893616,1.225499153137207,1.0
dynamic,3,1,364,0.5657758212089539,0.5465659356117248,0.019209884305795035,0.5378261337429285,0.5378261337429285,0.0,4.0,4.0,3640.0,3601.0,0.0,0.1542963683605194,0.3648991584777832,0.5253596901893616,1.225499153137207,1.0
dynamic,3,1,365,0.5444795044263204,0.5264694015185039,0.018010108123222988,0.5281470077981552,0.5281470077981552,0.0,4.0,4.0,3650.0,3601.0,0.0,0.1542963683605194,0.3648991584777832,0.5253596901893616,1.225499153137207,1.0
dynamic,3,1,366,0.5562629946072897,0.5379048665364583,0.018358126084009805,0.5295702171077331,0.5295702171077331,0.0,4.0,4.0,3660.0,3601.0,0.0,0.1542963683605194,0.3648991584777832,0.5253596901893616,1.225499153137207,1.0
dynamic,3,1,367,0.56303346713384,0.5437351131439209,0.01929835294683774,0.5222858759015798,0.5222858759015798,0.0,4.0,4.0,3670.0,3601.0,0.0,0.1542963683605194,0.3648991584777832,0.5253596901893616,1.225499153137207,1.0
dynamic,3,1,368,0.5489350175857544,0.5302637648582459,0.018671252156297367,0.523619947185119,0.523619947185119,0.0,4.0,4.0,3680.0,3601.0,0.0,0.1542963683605194,0.3648991584777832,0.5253596901893616,1.225499153137207,1.0
dynamic,3,1,369,0.5493727970123291,0.5301060354709626,0.019266766458749772,0.5286075571427743,0.5286075571427743,0.0,4.0,4.0,3690.0,3601.0,0.0,0.1542963683605194,0.3648991584777832,0.5253596901893616,1.225499153137207,1.0
dynamic,3,1,370,0.5540888436635335,0.5356045524279277,0.018484286218881606,0.5297694653769334,0.5297694653769334,0.0,4.0,4.0,3700.0,3601.0,0.0,0.1542963683605194,0.3648991584777832,0.5253596901893616,1.225499153137207,1.0
dynamic,3,1,371,0.5615080467859904,0.5425999196370442,0.01890812223156293,0.5272510639578104,0.5272510639578104,0.0,4.0,4.0,3710.0,3701.0,0.0,0.14248818159103394,0.32727837562561035,0.3994755744934082,0.9508537650108337,0.0
dynamic,3,1,372,0.5602270332972209,0.5412647827466329,0.018962247123320897,0.5233234069993099,0.5233234069993099,0.0,4.0,4.0,3720.0,3701.0,0.0,0.14248818159103394,0.32727837562561035,0.3994755744934082,0.9508537650108337,0.0
dynamic,3,1,373,0.5694883171717325,0.550499705473582,0.01898861284057299,0.5255444920311372,0.5255444920311372,0.0,4.0,4.0,3730.0,3701.0,0.0,0.14248818159103394,0.32727837562561035,0.3994755744934082,0.9508537650108337,0.0
dynamic,3,1,374,0.5489243221282959,0.5301653051376343,0.018759020591775578,0.5223318668951591,0.5223318668951591,0.0,4.0,4.0,3740.0,3701.0,0.0,0.14248818159103394,0.32727837562561035,0.3994755744934082,0.9508537650108337,0.0
dynamic,3,1,375,0.5583097859223684,0.5391602575778961,0.01914953348537286,0.5267517240593831,0.5267517240593831,0.0,4.0,4.0,3750.0,3701.0,0.0,0.14248818159103394,0.32727837562561035,0.3994755744934082,0.9508537650108337,0.0
dynamic,3,1,376,0.5441247359911601,0.5256061740716298,0.018518565793832143,0.524782483552893,0.524782483552893,0.0,4.0,4.0,3760.0,3701.0,0.0,0.14248818159103394,0.32727837562561035,0.3994755744934082,0.9508537650108337,0.0
dynamic,3,1,377,0.5568240571022034,0.5375189125537873,0.019305154333511987,0.5305651899923881,0.5305651899923881,0.0,4.0,4.0,3770.0,3701.0,0.0,0.14248818159103394,0.32727837562561035,0.3994755744934082,0.9508537650108337,0.0
dynamic,3,1,378,0.5422123992443084,0.523319654862086,0.018892748405536015,0.5305425223211447,0.5305425223211447,0.0,4.0,4.0,3780.0,3701.0,0.0,0.14248818159103394,0.32727837562561035,0.3994755744934082,0.9508537650108337,0.0
dynamic,3,1,379,0.5603317324320475,0.5404734675089519,0.019858253300189973,0.5186955013374488,0.5186955013374488,0.0,4.0,4.0,3790.0,3701.0,0.0,0.14248818159103394,0.32727837562561035,0.3994755744934082,0.9508537650108337,0.0
dynamic,3,1,380,0.5538059258460999,0.5348505425453186,0.01895537922779719,0.5146676599731048,0.5146676599731048,0.0,4.0,4.0,3800.0,3701.0,0.0,0.14248818159103394,0.32727837562561035,0.3994755744934082,0.9508537650108337,0.0
dynamic,3,1,381,0.5543672148386637,0.5353096612294515,0.019057550157109897,0.518531245837609,0.518531245837609,0.0,4.0,4.0,3810.0,3801.0,0.0,0.14864546060562134,0.3546767234802246,0.4736219644546509,1.079972505569458,1.0
dynamic,3,1,382,0.5477650133768718,0.5291108099619547,0.018654193778832755,0.5255081924051046,0.5255081924051046,0.0,4.0,4.0,3820.0,3801.0,0.0,0.14864546060562134,0.3546767234802246,0.4736219644546509,1.079972505569458,1.0
dynamic,3,1,383,0.5449764076868693,0.5261532680193584,0.018823143442471824,0.5227228151758512,0.5227228151758512,0.0,4.0,4.0,3830.0,3801.0,0.0,0.14864546060562134,0.3546767234802246,0.4736219644546509,1.079972505569458,1.0
dynamic,3,1,384,0.5399386994043986,0.5207719643910725,0.0191667315363884,0.5187174255897602,0.5187174255897602,0.0,4.0,4.0,3840.0,3801.0,0.0,0.14864546060562134,0.3546767234802246,0.4736219644546509,1.079972505569458,1.0
dynamic,3,1,385,0.5470193703969319,0.5277873007456462,0.01923206598808368,0.5169232293466727,0.5169232293466727,0.0,4.0,4.0,3850.0,3801.0,0.0,0.14864546060562134,0.3546767234802246,0.4736219644546509,1.079972505569458,1.0
dynamic,3,1,386,0.544883082707723,0.5260420799255371,0.018841008245944976,0.5169134914378325,0.5169134914378325,0.0,4.0,4.0,3860.0,3801.0,0.0,0.14864546060562134,0.3546767234802246,0.4736219644546509,1.079972505569458,1.0
dynamic,3,1,387,0.5555868832270304,0.5366356444358825,0.018951227813959123,0.5183990731090308,0.5183990731090308,0.0,4.0,4.0,3870.0,3801.0,0.0,0.14864546060562134,0.3546767234802246,0.4736219644546509,1.079972505569458,1.0
dynamic,3,1,388,0.5481003125508627,0.5283831942081452,0.019717110296090443,0.5228893202294906,0.5228893202294906,0.0,4.0,4.0,3880.0,3801.0,0.0,0.14864546060562134,0.3546767234802246,0.4736219644546509,1.079972505569458,1.0
dynamic,3,1,389,0.559468340476354,0.539957309961319,0.019511030738552412,0.5182739008963108,0.5182739008963108,0.0,4.0,4.0,3890.0,3801.0,0.0,0.14864546060562134,0.3546767234802246,0.4736219644546509,1.079972505569458,1.0
dynamic,3,1,390,0.5473388878504435,0.5270901473363241,0.02024874414006869,0.5127907754729192,0.5127907754729192,0.0,4.0,4.0,3900.0,3801.0,0.0,0.14864546060562134,0.3546767234802246,0.4736219644546509,1.079972505569458,1.0
dynamic,3,1,391,0.5381086647510529,0.5186441195011139,0.019464543089270592,0.5182400886217753,0.5182400886217753,0.0,4.0,4.0,3910.0,3901.0,0.0,0.14875653386116028,0.3039044141769409,0.5241920948028564,1.030324935913086,2.0
dynamic,3,1,392,0.5372330093383789,0.5174747641881307,0.01975823861857255,0.5264242787410816,0.5264242787410816,0.0,4.0,4.0,3920.0,3901.0,0.0,0.14875653386116028,0.3039044141769409,0.5241920948028564,1.030324935913086,2.0
dynamic,3,1,393,0.5511194713910421,0.531243580977122,0.01987588738401731,0.5203683371593555,0.5203683371593555,0.0,4.0,4.0,3930.0,3901.0,0.0,0.14875653386116028,0.3039044141769409,0.5241920948028564,1.030324935913086,2.0
dynamic,3,1,394,0.5557831819852194,0.5359030429522197,0.019880141665538153,0.5170336144914229,0.5170336144914229,0.0,4.0,4.0,3940.0,3901.0,0.0,0.14875653386116028,0.3039044141769409,0.5241920948028564,1.030324935913086,2.0
dynamic,3,1,395,0.5401261142889658,0.5209878611564637,0.019138256460428237,0.5165439770370722,0.5165439770370722,0.0,4.0,4.0,3950.0,3901.0,0.0,0.14875653386116028,0.3039044141769409,0.5241920948028564,1.030324935913086,2.0
dynamic,3,1,396,0.5435035387674968,0.5235273130734761,0.01997622087597847,0.5262532236178716,0.5262532236178716,0.0,4.0,4.0,3960.0,3901.0,0.0,0.14875653386116028,0.3039044141769409,0.5241920948028564,1.030324935913086,2.0
dynamic,3,1,397,0.5484046999613444,0.5285267301400502,0.019877965052922567,0.5116426577915748,0.5116426577915748,0.0,4.0,4.0,3970.0,3901.0,0.0,0.14875653386116028,0.3039044141769409,0.5241920948028564,1.030324935913086,2.0
dynamic,3,1,398,0.5371098248163859,0.5175609461466472,0.01954888790845871,0.5076186793794235,0.5076186793794235,0.0,4.0,4.0,3980.0,3901.0,0.0,0.14875653386116028,0.3039044141769409,0.5241920948028564,1.030324935913086,2.0
dynamic,3,1,399,0.5347611037890116,0.5145458761850993,0.02021522623797258,0.5149919045468171,0.5149919045468171,0.0,4.0,4.0,3990.0,3901.0,0.0,0.14875653386116028,0.3039044141769409,0.5241920948028564,1.030324935913086,2.0
dynamic,3,1,400,0.5348170288403828,0.5146884218851725,0.02012859801451365,0.5258197040110827,0.5258197040110827,0.0,4.0,4.0,4000.0,3901.0,0.0,0.14875653386116028,0.3039044141769409,0.5241920948028564,1.030324935913086,2.0
dynamic,3,1,401,0.5607080984115601,0.5404142721494039,0.02029383016129335,0.5080797656873862,0.5080797656873862,0.0,4.0,4.0,4010.0,4001.0,0.0,0.15999996662139893,0.3488115072250366,0.4393216371536255,1.6492691040039062,3.0
dynamic,3,1,402,0.5456832178433736,0.5254551434516906,0.02022807334860166,0.504615826656421,0.504615826656421,0.0,4.0,4.0,4020.0,4001.0,0.0,0.15999996662139893,0.3488115072250366,0.4393216371536255,1.6492691040039062,3.0
dynamic,3,1,403,0.5351359717051188,0.514359401067098,0.020776582484443983,0.4998484031111002,0.4998484031111002,0.0,4.0,4.0,4030.0,4001.0,0.0,0.15999996662139893,0.3488115072250366,0.4393216371536255,1.6492691040039062,3.0
dynamic,3,1,404,0.5361124706268311,0.5160202209154765,0.020092248742779095,0.5080672974387804,0.5080672974387804,0.0,4.0,4.0,4040.0,4001.0,0.0,0.15999996662139893,0.3488115072250366,0.4393216371536255,1.6492691040039062,3.0
dynamic,3,1,405,0.5458556882540385,0.5260288898150126,0.019826794068018596,0.5211569748322169,0.5211569748322169,0.0,4.0,4.0,4050.0,4001.0,0.0,0.15999996662139893,0.3488115072250366,0.4393216371536255,1.6492691040039062,3.0
dynamic,3,1,406,0.5492022931575775,0.5285900525252024,0.020612249225378035,0.5089816891153653,0.5089816891153653,0.0,4.0,4.0,4060.0,4001.0,0.0,0.15999996662139893,0.3488115072250366,0.4393216371536255,1.6492691040039062,3.0
dynamic,3,1,407,0.5396403622627258,0.5196006472905477,0.020039709930618602,0.5056849178423484,0.5056849178423484,0.0,4.0,4.0,4070.0,4001.0,0.0,0.15999996662139893,0.3488115072250366,0.4393216371536255,1.6492691040039062,3.0
dynamic,3,1,408,0.5366976435979207,0.5161371819178263,0.02056045822799206,0.5014247966557741,0.5014247966557741,0.0,4.0,4.0,4080.0,4001.0,0.0,0.15999996662139893,0.3488115072250366,0.4393216371536255,1.6492691040039062,3.0
dynamic,3,1,409,0.5423802264531453,0.5219780468940735,0.020402178168296814,0.5006121344119311,0.5006121344119311,0.0,4.0,4.0,4090.0,4001.0,0.0,0.15999996662139893,0.3488115072250366,0.4393216371536255,1.6492691040039062,3.0
dynamic,3,1,410,0.5329223529497782,0.5129749703407288,0.019947384943564732,0.5191014543175697,0.5191014543175697,0.0,4.0,4.0,4100.0,4001.0,0.0,0.15999996662139893,0.3488115072250366,0.4393216371536255,1.6492691040039062,3.0
dynamic,3,1,411,0.5366540789604187,0.5160440484682719,0.020610028803348543,0.5176970932384332,0.5176970932384332,0.0,4.0,4.0,4110.0,4101.0,0.0,0.16473165154457092,0.3506656885147095,0.5061463117599487,1.1364936828613281,2.0
dynamic,3,1,412,0.5481303588549296,0.5279522506395976,0.02017811767756939,0.5051919680833816,0.5051919680833816,0.0,4.0,4.0,4120.0,4101.0,0.0,0.16473165154457092,0.3506656885147095,0.5061463117599487,1.1364936828613281,2.0
dynamic,3,1,413,0.5313024957974751,0.5109688758850097,0.02033361715575059,0.5150359999388456,0.5150359999388456,0.0,4.0,4.0,4130.0,4101.0,0.0,0.16473165154457092,0.3506656885147095,0.5061463117599487,1.1364936828613281,2.0
dynamic,3,1,414,0.5480960090955098,0.5272445162137349,0.02085149032374223,0.5130078998208046,0.5130078998208046,0.0,4.0,4.0,4140.0,4101.0,0.0,0.16473165154457092,0.3506656885147095,0.5061463117599487,1.1364936828613281,2.0
dynamic,3,1,415,0.5387583335240682,0.5178847273190816,0.020873606130480768,0.5087328814466794,0.5087328814466794,0.0,4.0,4.0,4150.0,4101.0,0.0,0.16473165154457092,0.3506656885147095,0.5061463117599487,1.1364936828613281,2.0
dynamic,3,1,416,0.5255839645862579,0.5047149542967478,0.020869013369083405,0.5140268362810214,0.5140268362810214,0.0,4.0,4.0,4160.0,4101.0,0.0,0.16473165154457092,0.3506656885147095,0.5061463117599487,1.1364936828613281,2.0
dynamic,3,1,417,0.5288787873586019,0.5080638432502746,0.02081494522591432,0.507663808738192,0.507663808738192,0.0,4.0,4.0,4170.0,4101.0,0.0,0.16473165154457092,0.3506656885147095,0.5061463117599487,1.1364936828613281,2.0
dynamic,3,1,418,0.5539635109901428,0.5314862561225892,0.0224772513906161,0.49951194355885187,0.49951194355885187,0.0,4.0,4.0,4180.0,4101.0,0.0,0.16473165154457092,0.3506656885147095,0.5061463117599487,1.1364936828613281,2.0
dynamic,3,1,419,0.530512425104777,0.5096591782569885,0.020853250126043957,0.49772277670602005,0.49772277670602005,0.0,4.0,4.0,4190.0,4101.0,0.0,0.16473165154457092,0.3506656885147095,0.5061463117599487,1.1364936828613281,2.0
dynamic,3,1,420,0.544796171983083,0.5233749794960022,0.02142118868728479,0.4985179077833891,0.4985179077833891,0.0,4.0,4.0,4200.0,4101.0,0.0,0.16473165154457092,0.3506656885147095,0.5061463117599487,1.1364936828613281,2.0
dynamic,3,1,421,0.5395609052975973,0.5183923359711965,0.021168567314743994,0.5105287228773038,0.5105287228773038,0.0,4.0,4.0,4210.0,4201.0,0.0,0.17671532928943634,0.4121440649032593,0.5972716808319092,1.0782718658447266,3.0
dynamic,3,1,422,0.5358702123165131,0.5141290446122487,0.021741169517238933,0.5119325570513805,0.5119325570513805,0.0,4.0,4.0,4220.0,4201.0,0.0,0.17671532928943634,0.4121440649032593,0.5972716808319092,1.0782718658447266,3.0
dynamic,3,1,423,0.5497803656260173,0.5276776496569315,0.022102716962496438,0.5080038746694724,0.5080038746694724,0.0,4.0,4.0,4230.0,4201.0,0.0,0.17671532928943634,0.4121440649032593,0.5972716808319092,1.0782718658447266,3.0
dynamic,3,1,424,0.5411939001083375,0.5196331612269084,0.021560733715693156,0.5042194344351689,0.5042194344351689,0.0,4.0,4.0,4240.0,4201.0,0.0,0.17671532928943634,0.4121440649032593,0.5972716808319092,1.0782718658447266,3.0
dynamic,3,1,425,0.5243889260292053,0.5031137744585673,0.02127515748143196,0.501114410708348,0.501114410708348,0.0,4.0,4.0,4250.0,4201.0,0.0,0.17671532928943634,0.4121440649032593,0.5972716808319092,1.0782718658447266,3.0
dynamic,3,1,426,0.540845004717509,0.5186517254511516,0.02219328408439954,0.5111826708664496,0.5111826708664496,0.0,4.0,4.0,4260.0,4201.0,0.0,0.17671532928943634,0.4121440649032593,0.5972716808319092,1.0782718658447266,3.0
dynamic,3,1,427,0.534360454082489,0.5127196435133616,0.02164080599943797,0.5037323159476121,0.5037323159476121,0.0,4.0,4.0,4270.0,4201.0,0.0,0.17671532928943634,0.4121440649032593,0.5972716808319092,1.0782718658447266,3.0
dynamic,3,1,428,0.5314557560284933,0.509116423924764,0.022339338113864262,0.5109648359070221,0.5109648359070221,0.0,4.0,4.0,4280.0,4201.0,0.0,0.17671532928943634,0.4121440649032593,0.5972716808319092,1.0782718658447266,3.0
dynamic,3,1,429,0.5218085543314616,0.49981679717699684,0.02199175159136454,0.503529414186875,0.503529414186875,0.0,4.0,4.0,4290.0,4201.0,0.0,0.17671532928943634,0.4121440649032593,0.5972716808319092,1.0782718658447266,3.0
dynamic,3,1,430,0.5227243113517761,0.5006982024510701,0.02202611727019151,0.508410163645943,0.508410163645943,0.0,4.0,4.0,4300.0,4201.0,0.0,0.17671532928943634,0.4121440649032593,0.5972716808319092,1.0782718658447266,3.0
dynamic,3,1,431,0.529665588537852,0.5071925695737203,0.02247302383184433,0.5062233388175567,0.5062233388175567,0.0,4.0,4.0,4310.0,4301.0,0.0,0.17080968618392944,0.38714438676834106,0.4903884530067444,1.2404842376708984,2.0
dynamic,3,1,432,0.532466387351354,0.5106390074888865,0.021827379887302715,0.49285484877725444,0.49285484877725444,0.0,4.0,4.0,4320.0,4301.0,0.0,0.17080968618392944,0.38714438676834106,0.4903884530067444,1.2404842376708984,2.0
dynamic,3,1,433,0.521827077070872,0.4998813951015472,0.021945677225788433,0.5003255297988654,0.5003255297988654,0.0,4.0,4.0,4330.0,4301.0,0.0,0.17080968618392944,0.38714438676834106,0.4903884530067444,1.2404842376708984,2.0
dynamic,3,1,434,0.5282435671488444,0.5057274353504181,0.022516133611400924,0.514350345681111,0.514350345681111,0.0,4.0,4.0,4340.0,4301.0,0.0,0.17080968618392944,0.38714438676834106,0.4903884530067444,1.2404842376708984,2.0
dynamic,3,1,435,0.5347298431396484,0.5120438003540039,0.02268603359659513,0.5084526524941126,0.5084526524941126,0.0,4.0,4.0,4350.0,4301.0,0.0,0.17080968618392944,0.38714438676834106,0.4903884530067444,1.2404842376708984,2.0
dynamic,3,1,436,0.5452533181508382,0.5216756272315979,0.02357769193748633,0.501728943536679,0.501728943536679,0.0,4.0,4.0,4360.0,4301.0,0.0,0.17080968618392944,0.38714438676834106,0.4903884530067444,1.2404842376708984,2.0
dynamic,3,1,437,0.5199729418754577,0.4979890243212382,0.021983919392029445,0.5023166513691346,0.5023166513691346,0.0,4.0,4.0,4370.0,4301.0,0.0,0.17080968618392944,0.38714438676834106,0.4903884530067444,1.2404842376708984,2.0
dynamic,3,1,438,0.5235634668668111,0.5013405521710713,0.022222918296853703,0.5036918204774459,0.5036918204774459,0.0,4.0,4.0,4380.0,4301.0,0.0,0.17080968618392944,0.38714438676834106,0.4903884530067444,1.2404842376708984,2.0
dynamic,3,1,439,0.5257710043589274,0.5026133886973063,0.02315761459370454,0.49777541279792786,0.49777541279792786,0.0,4.0,4.0,4390.0,4301.0,0.0,0.17080968618392944,0.38714438676834106,0.4903884530067444,1.2404842376708984,2.0
dynamic,3,1,440,0.525270185470581,0.502652333577474,0.022617854699492453,0.49611038078864417,0.49611038078864417,0.0,4.0,4.0,4400.0,4301.0,0.0,0.17080968618392944,0.38714438676834106,0.4903884530067444,1.2404842376708984,2.0
dynamic,3,1,441,0.5196637904644013,0.496326965490977,0.023336825792988142,0.506510049700737,0.506510049700737,0.0,4.0,4.0,4410.0,4401.0,0.0,0.17262457311153412,0.41040706634521484,0.5468311309814453,1.145667552947998,1.0
dynamic,3,1,442,0.5335128506024679,0.5101008669535319,0.023411977713306744,0.5059842727333307,0.5059842727333307,0.0,4.0,4.0,4420.0,4401.0,0.0,0.17262457311153412,0.41040706634521484,0.5468311309814453,1.145667552947998,1.0
dynamic,3,1,443,0.5298659634590149,0.5068462435404459,0.023019712219635644,0.49553532866140204,0.49553532866140204,0.0,4.0,4.0,4430.0,4401.0,0.0,0.17262457311153412,0.41040706634521484,0.5468311309814453,1.145667552947998,1.0
dynamic,3,1,444,0.5302272891998291,0.507594826221466,0.02263246399660905,0.4921191429843505,0.4921191429843505,0.0,4.0,4.0,4440.0,4401.0,0.0,0.17262457311153412,0.41040706634521484,0.5468311309814453,1.145667552947998,1.0
dynamic,3,1,445,0.5167541511853536,0.4938805564244588,0.022873595183094342,0.48510686501860617,0.48510686501860617,0.0,4.0,4.0,4450.0,4401.0,0.0,0.17262457311153412,0.41040706634521484,0.5468311309814453,1.145667552947998,1.0
dynamic,3,1,446,0.5202447211742401,0.4974754599730174,0.02276926428079605,0.4843627098451058,0.4843627098451058,0.0,4.0,4.0,4460.0,4401.0,0.0,0.17262457311153412,0.41040706634521484,0.5468311309814453,1.145667552947998,1.0
dynamic,3,1,447,0.5222073912620544,0.49877277970314027,0.023434614737828572,0.495583245481054,0.495583245481054,0.0,4.0,4.0,4470.0,4401.0,0.0,0.17262457311153412,0.41040706634521484,0.5468311309814453,1.145667552947998,1.0
dynamic,3,1,448,0.536844486395518,0.5132454518477122,0.02359902982910474,0.4912573747585217,0.4912573747585217,0.0,4.0,4.0,4480.0,4401.0,0.0,0.17262457311153412,0.41040706634521484,0.5468311309814453,1.145667552947998,1.0
dynamic,3,1,449,0.5093231666088104,0.4872212874889374,0.02210187554359436,0.4855646738409996,0.4855646738409996,0.0,4.0,4.0,4490.0,4401.0,0.0,0.17262457311153412,0.41040706634521484,0.5468311309814453,1.145667552947998,1.0
dynamic,3,1,450,0.5280031518141428,0.504818720817566,0.02318443516890208,0.4847592143714428,0.4847592143714428,0.0,4.0,4.0,4500.0,4401.0,0.0,0.17262457311153412,0.41040706634521484,0.5468311309814453,1.145667552947998,1.0
dynamic,3,1,451,0.5183593273162842,0.49455572207768755,0.02380360245704651,0.4843562964598338,0.4843562964598338,0.0,4.0,4.0,4510.0,4501.0,0.0,0.1804133951663971,0.3899660110473633,0.5138269066810608,1.2808942794799805,3.0
dynamic,3,1,452,0.5304577954610189,0.5064744655291239,0.023983319103717805,0.49279353231191636,0.49279353231191636,0.0,4.0,4.0,4520.0,4501.0,0.0,0.1804133951663971,0.3899660110473633,0.5138269066810608,1.2808942794799805,3.0
dynamic,3,1,453,0.5181350390116374,0.49357270161310834,0.024562340329090753,0.500268339390556,0.500268339390556,0.0,4.0,4.0,4530.0,4501.0,0.0,0.1804133951663971,0.3899660110473633,0.5138269066810608,1.2808942794799805,3.0
dynamic,3,1,454,0.5400619188944499,0.5155071131388347,0.024554804787039756,0.4947335413346688,0.4947335413346688,0.0,4.0,4.0,4540.0,4501.0,0.0,0.1804133951663971,0.3899660110473633,0.5138269066810608,1.2808942794799805,3.0
dynamic,3,1,455,0.5264004929860433,0.5022084482510885,0.024192047317822773,0.47922383579115074,0.47922383579115074,0.0,4.0,4.0,4550.0,4501.0,0.0,0.1804133951663971,0.3899660110473633,0.5138269066810608,1.2808942794799805,3.0
dynamic,3,1,456,0.5416961121559143,0.5160639850298564,0.025632131348053613,0.4858931835492452,0.4858931835492452,0.0,4.0,4.0,4560.0,4501.0,0.0,0.1804133951663971,0.3899660110473633,0.5138269066810608,1.2808942794799805,3.0
dynamic,3,1,457,0.5293701386451721,0.5041470384597778,0.02522310569882393,0.48329785289863747,0.48329785289863747,0.0,4.0,4.0,4570.0,4501.0,0.0,0.1804133951663971,0.3899660110473633,0.5138269066810608,1.2808942794799805,3.0
dynamic,3,1,458,0.5170066539446513,0.4913736526171366,0.025632993777592976,0.49009215747316676,0.49009215747316676,0.0,4.0,4.0,4580.0,4501.0,0.0,0.1804133951663971,0.3899660110473633,0.5138269066810608,1.2808942794799805,3.0
dynamic,3,1,459,0.543377525806427,0.5188040236632029,0.02457349459330241,0.47912002553542454,0.47912002553542454,0.0,4.0,4.0,4590.0,4501.0,0.0,0.1804133951663971,0.3899660110473633,0.5138269066810608,1.2808942794799805,3.0
dynamic,3,1,460,0.5245020771026612,0.5001786800225576,0.024323397502303123,0.4733952512592077,0.4733952512592077,0.0,4.0,4.0,4600.0,4501.0,0.0,0.1804133951663971,0.3899660110473633,0.5138269066810608,1.2808942794799805,3.0
dynamic,3,1,461,0.5147242863972982,0.4894699501991272,0.025254344766338668,0.4704532857487599,0.4704532857487599,0.0,4.0,4.0,4610.0,4601.0,0.0,0.19085267186164856,0.43926429748535156,0.6311478018760681,1.0979480743408203,2.0
dynamic,3,1,462,0.5030862736701965,0.47816939115524293,0.024916877249876658,0.48023056271175546,0.48023056271175546,0.0,4.0,4.0,4620.0,4601.0,0.0,0.19085267186164856,0.43926429748535156,0.6311478018760681,1.0979480743408203,2.0
dynamic,3,1,463,0.5095484205087026,0.4842131809393565,0.025335241680343946,0.4869038579364618,0.4869038579364618,0.0,4.0,4.0,4630.0,4601.0,0.0,0.19085267186164856,0.43926429748535156,0.6311478018760681,1.0979480743408203,2.0
dynamic,3,1,464,0.5277919578552246,0.5020986421902974,0.025693312287330627,0.4868488875279824,0.4868488875279824,0.0,4.0,4.0,4640.0,4601.0,0.0,0.19085267186164856,0.43926429748535156,0.6311478018760681,1.0979480743408203,2.0
dynamic,3,1,465,0.5239025783538819,0.4973057309786479,0.026596851001183194,0.4813794685651859,0.4813794685651859,0.0,4.0,4.0,4650.0,4601.0,0.0,0.19085267186164856,0.43926429748535156,0.6311478018760681,1.0979480743408203,2.0
dynamic,3,1,466,0.5138505935668946,0.48782029072443645,0.026030304059386253,0.47930345838268595,0.47930345838268595,0.0,4.0,4.0,4660.0,4601.0,0.0,0.19085267186164856,0.43926429748535156,0.6311478018760681,1.0979480743408203,2.0
dynamic,3,1,467,0.5282996002833048,0.5014341767628988,0.02686543107032776,0.48359887301921844,0.48359887301921844,0.0,4.0,4.0,4670.0,4601.0,0.0,0.19085267186164856,0.43926429748535156,0.6311478018760681,1.0979480743408203,2.0
dynamic,3,1,468,0.513781570593516,0.4866073600451152,0.027174204488595328,0.48801525416473546,0.48801525416473546,0.0,4.0,4.0,4680.0,4601.0,0.0,0.19085267186164856,0.43926429748535156,0.6311478018760681,1.0979480743408203,2.0
dynamic,3,1,469,0.5220921651522319,0.4956305503845215,0.02646162375807762,0.4950558215379715,0.4950558215379715,0.0,4.0,4.0,4690.0,4601.0,0.0,0.19085267186164856,0.43926429748535156,0.6311478018760681,1.0979480743408203,2.0
dynamic,3,1,470,0.5320661155382792,0.5049613678455352,0.027104756832122802,0.4863727493087451,0.4863727493087451,0.0,4.0,4.0,4700.0,4601.0,0.0,0.19085267186164856,0.43926429748535156,0.6311478018760681,1.0979480743408203,2.0
dynamic,3,1,471,0.5220534435908,0.49510090589523315,0.02695253019531568,0.48619969544311364,0.48619969544311364,0.0,4.0,4.0,4710.0,4701.0,0.0,0.21511739492416382,0.4427051544189453,0.6921566128730774,1.6263582706451416,7.0
dynamic,3,1,472,0.5133426809310913,0.4871200696627299,0.026222611914078396,0.469460058187445,0.469460058187445,0.0,4.0,4.0,4720.0,4701.0,0.0,0.21511739492416382,0.4427051544189453,0.6921566128730774,1.6263582706451416,7.0
dynamic,3,1,473,0.5191738553841909,0.49216291507085164,0.02701093815267086,0.4778898907949527,0.4778898907949527,0.0,4.0,4.0,4730.0,4701.0,0.0,0.21511739492416382,0.4427051544189453,0.6921566128730774,1.6263582706451416,7.0
dynamic,3,1,474,0.5079358426729838,0.4798590131600698,0.028076834604144098,0.4682625870158275,0.4682625870158275,0.0,4.0,4.0,4740.0,4701.0,0.0,0.21511739492416382,0.4427051544189453,0.6921566128730774,1.6263582706451416,7.0
dynamic,3,1,475,0.5029445099830627,0.4751832191149394,0.02776128222544988,0.4830708817392588,0.4830708817392588,0.0,4.0,4.0,4750.0,4701.0,0.0,0.21511739492416382,0.4427051544189453,0.6921566128730774,1.6263582706451416,7.0
dynamic,3,1,476,0.5145265324910482,0.48677077134450275,0.027755758613348006,0.4774210551381111,0.4774210551381111,0.0,4.0,4.0,4760.0,4701.0,0.0,0.21511739492416382,0.4427051544189453,0.6921566128730774,1.6263582706451416,7.0
dynamic,3,1,477,0.5229518111546835,0.4943996552626292,0.028552154898643493,0.47288343533873556,0.47288343533873556,0.0,4.0,4.0,4770.0,4701.0,0.0,0.21511739492416382,0.4427051544189453,0.6921566128730774,1.6263582706451416,7.0
dynamic,3,1,478,0.5202612288792928,0.4904070274035136,0.02985420947273572,0.4626287945856651,0.4626287945856651,0.0,4.0,4.0,4780.0,4701.0,0.0,0.21511739492416382,0.4427051544189453,0.6921566128730774,1.6263582706451416,7.0
dynamic,3,1,479,0.5210335310300191,0.4918477439880371,0.02918578346570333,0.4628214794645707,0.4628214794645707,0.0,4.0,4.0,4790.0,4701.0,0.0,0.21511739492416382,0.4427051544189453,0.6921566128730774,1.6263582706451416,7.0
dynamic,3,1,480,0.5182708779970805,0.4884594202041626,0.029811455855766934,0.47324635883172356,0.47324635883172356,0.0,4.0,4.0,4800.0,4701.0,0.0,0.21511739492416382,0.4427051544189453,0.6921566128730774,1.6263582706451416,7.0
dynamic,3,1,481,0.5217940775553386,0.49329103946685793,0.02850303992629051,0.4996033900976181,0.4996033900976181,0.0,4.0,4.0,4810.0,4801.0,0.0,0.197731152176857,0.47187578678131104,0.6150717735290527,1.2024304866790771,1.0
dynamic,3,1,482,0.5109335962931315,0.48252840757369997,0.02840519095460574,0.5038126265009244,0.5038126265009244,0.0,4.0,4.0,4820.0,4801.0,0.0,0.197731152176857,0.47187578678131104,0.6150717735290527,1.2024304866790771,1.0
dynamic,3,1,483,0.5374947448571523,0.5088050083319346,0.028689731881022452,0.47226048496862255,0.47226048496862255,0.0,4.0,4.0,4830.0,4801.0,0.0,0.197731152176857,0.47187578678131104,0.6150717735290527,1.2024304866790771,1.0
dynamic,3,1,484,0.5132257890701294,0.48453646222750346,0.028689324061075848,0.4686988326658805,0.4686988326658805,0.0,4.0,4.0,4840.0,4801.0,0.0,0.197731152176857,0.47187578678131104,0.6150717735290527,1.2024304866790771,1.0
dynamic,3,1,485,0.5301351579030354,0.5011234188079834,0.029011732041835783,0.4774688597023487,0.4774688597023487,0.0,4.0,4.0,4850.0,4801.0,0.0,0.197731152176857,0.47187578678131104,0.6150717735290527,1.2024304866790771,1.0
dynamic,3,1,486,0.5097219697634379,0.48070176124572755,0.029020215670267743,0.49674885953466097,0.49674885953466097,0.0,4.0,4.0,4860.0,4801.0,0.0,0.197731152176857,0.47187578678131104,0.6150717735290527,1.2024304866790771,1.0
dynamic,3,1,487,0.5282067767779033,0.4990980203946431,0.02910876994331678,0.47092242516577243,0.47092242516577243,0.0,4.0,4.0,4870.0,4801.0,0.0,0.197731152176857,0.47187578678131104,0.6150717735290527,1.2024304866790771,1.0
dynamic,3,1,488,0.510662351846695,0.4804218248526255,0.03024053876598676,0.47379969075322154,0.47379969075322154,0.0,4.0,4.0,4880.0,4801.0,0.0,0.197731152176857,0.47187578678131104,0.6150717735290527,1.2024304866790771,1.0
dynamic,3,1,489,0.5031483602523804,0.4744429596265157,0.028705399185419082,0.4850604884078105,0.4850604884078105,0.0,4.0,4.0,4890.0,4801.0,0.0,0.197731152176857,0.47187578678131104,0.6150717735290527,1.2024304866790771,1.0
dynamic,3,1,490,0.5050673937797546,0.47464273929595946,0.030424657265345257,0.4961412833879391,0.4961412833879391,0.0,4.0,4.0,4900.0,4801.0,0.0,0.197731152176857,0.47187578678131104,0.6150717735290527,1.2024304866790771,1.0
dynamic,3,1,491,0.5288277697563172,0.4990300663312276,0.02979769617319107,0.4915533505131801,0.4915533505131801,0.0,4.0,4.0,4910.0,4901.0,1.0,0.2407936155796051,0.4985381066799164,1.0003409385681152,1.771006464958191,13.0
dynamic,3,1,492,0.5267688814798991,0.49605475743611654,0.030714118083318073,0.4788827699174484,0.4788827699174484,0.0,4.0,4.0,4920.0,4901.0,1.0,0.2407936155796051,0.4985381066799164,1.0003409385681152,1.771006464958191,13.0
dynamic,3,1,493,0.5195994265874226,0.48993847370147703,0.029660952339569727,0.4885986743370692,0.4885986743370692,0.0,4.0,4.0,4930.0,4901.0,1.0,0.2407936155796051,0.4985381066799164,1.0003409385681152,1.771006464958191,13.0
dynamic,3,1,494,0.5268549116452536,0.49560152689615883,0.03125337782005469,0.4708505019297202,0.4708505019297202,0.0,4.0,4.0,4940.0,4901.0,1.0,0.2407936155796051,0.4985381066799164,1.0003409385681152,1.771006464958191,13.0
dynamic,3,1,495,0.5086299745241801,0.47711072603861493,0.03151924461126328,0.463540683761239,0.463540683761239,0.0,4.0,4.0,4950.0,4901.0,1.0,0.2407936155796051,0.4985381066799164,1.0003409385681152,1.771006464958191,13.0
dynamic,3,1,496,0.5243824100494385,0.49189499258995056,0.03248742520809174,0.4819781535615524,0.4819781535615524,0.0,4.0,4.0,4960.0,4901.0,1.0,0.2407936155796051,0.4985381066799164,1.0003409385681152,1.771006464958191,13.0
dynamic,3,1,497,0.5179855597019195,0.48561561743418374,0.03236994092663129,0.47796904789904754,0.47796904789904754,0.0,4.0,4.0,4970.0,4901.0,1.0,0.2407936155796051,0.4985381066799164,1.0003409385681152,1.771006464958191,13.0
dynamic,3,1,498,0.5035065491994222,0.47151732524236045,0.03198922952016195,0.46195188966890177,0.46195188966890177,0.0,4.0,4.0,4980.0,4901.0,1.0,0.2407936155796051,0.4985381066799164,1.0003409385681152,1.771006464958191,13.0
dynamic,3,1,499,0.5145102628072102,0.48163141250610353,0.032878861178954444,0.45243575764199095,0.45243575764199095,0.0,4.0,4.0,4990.0,4901.0,1.0,0.2407936155796051,0.4985381066799164,1.0003409385681152,1.771006464958191,13.0
dynamic,3,1,500,0.5015358352661132,0.46869020382563276,0.032845631937185926,0.458773485198617,0.458773485198617,0.0,4.0,4.0,5000.0,4901.0,1.0,0.2407936155796051,0.4985381066799164,1.0003409385681152,1.771006464958191,13.0
