model,seed,level,epoch,train_total,train_effect,train_vq,eval_total,eval_effect,eval_vq,active_codes,ema_used_codes
vq,1,1,1,4.56648224512736,4.561417077382406,0.005065129896004995,4.562547365824382,4.562547365824382,0.0,4.0,4.0
vq,1,1,2,4.394020919799805,4.388493270874023,0.00552770501623551,4.443022880554199,4.443022880554199,0.0,4.0,4.0
vq,1,1,3,4.2212099329630535,4.2132843971252445,0.007925611386696497,4.3058332824707035,4.3058332824707035,0.0,4.0,4.0
vq,1,1,4,4.01657556215922,4.004378430048624,0.012197116389870644,4.03844292640686,4.03844292640686,0.0,4.0,4.0
vq,1,1,5,3.8232794507344563,3.805995480219523,0.01728400153418382,3.7141622638702394,3.7141622638702394,0.0,4.0,4.0
vq,1,1,6,3.6449148845672608,3.619814338684082,0.025100534980495772,3.560763260523478,3.560763260523478,0.0,4.0,4.0
vq,1,1,7,3.510431995391846,3.480601905186971,0.02983010470867157,3.4981295617421466,3.4981295617421466,0.0,4.0,4.0
vq,1,1,8,3.394753589630127,3.356553258895874,0.03820032050212224,3.3268055566151937,3.3268055566151937,0.0,4.0,4.0
vq,1,1,9,3.251897532145182,3.215802583694458,0.0360949403544267,3.129218913714091,3.129218913714091,0.0,4.0,4.0
vq,1,1,10,3.0996206029256186,3.0570172882080078,0.04260329609115918,3.0113042958577476,3.0113042958577476,0.0,4.0,4.0
vq,1,1,11,2.9541399161020916,2.895926570892334,0.05821329678098361,2.8580842447280883,2.8580842447280883,0.0,4.0,4.0
vq,1,1,12,2.844965442021688,2.77695156733195,0.06801387141148249,2.715884240468343,2.715884240468343,0.0,4.0,4.0
vq,1,1,13,2.736709321339925,2.654593121210734,0.08211626142263412,2.597822036743164,2.597822036743164,0.0,4.0,4.0
vq,1,1,14,2.6413211313883465,2.551783692042033,0.08953747401634853,2.477874487241109,2.477874487241109,0.0,4.0,4.0
vq,1,1,15,2.5480663204193115,2.473996696472168,0.07406964128216108,2.3985533348719277,2.3985533348719277,0.0,4.0,4.0
vq,1,1,16,2.459146483739217,2.4009513823191324,0.058195081998904545,2.339242363770803,2.339242363770803,0.0,4.0,4.0
vq,1,1,17,2.388707024256388,2.3398438358306883,0.048863206654787064,2.268058701356252,2.268058701356252,0.0,4.0,4.0
vq,1,1,18,2.3200627168019614,2.2839816125233967,0.03608107621471087,2.2161569293340047,2.2161569293340047,0.0,4.0,4.0
vq,1,1,19,2.2227521657943727,2.194508786201477,0.028243387192487715,2.1491187691688536,2.1491187691688536,0.0,4.0,4.0
vq,1,1,20,2.1862096850077313,2.16264422416687,0.023565441071987152,2.0824361777305604,2.0824361777305604,0.0,4.0,4.0
vq,1,1,21,2.1332333787282307,2.111517941157023,0.02171545368929704,2.0257619333267214,2.0257619333267214,0.0,4.0,4.0
vq,1,1,22,2.0206877422332763,2.0011704715092975,0.019517273157835007,1.9541178774833678,1.9541178774833678,0.0,4.0,4.0
vq,1,1,23,1.977114936510722,1.957225817044576,0.019889137347539266,1.8957417980829874,1.8957417980829874,0.0,4.0,4.0
vq,1,1,24,1.919417397181193,1.8978889226913451,0.02152849902709325,1.845353151957194,1.845353151957194,0.0,4.0,4.0
vq,1,1,25,1.8650596729914348,1.8420865980784098,0.022973088870445888,1.7898788921038309,1.7898788921038309,0.0,4.0,4.0
vq,1,1,26,1.8053862349192302,1.7836633157730102,0.02172293665508429,1.7462765598297119,1.7462765598297119,0.0,4.0,4.0
vq,1,1,27,1.7599202680587769,1.7386631107330321,0.021257165695230167,1.7029912439982096,1.7029912439982096,0.0,4.0,4.0
vq,1,1,28,1.7213356892267864,1.7023778263727825,0.01895785061021646,1.6621551712354024,1.6621551712354024,0.0,4.0,4.0
vq,1,1,29,1.6761035044987997,1.6560497188568115,0.020053799897432327,1.6029880746205647,1.6029880746205647,0.0,4.0,4.0
vq,1,1,30,1.6281045977274577,1.606130968729655,0.021973642135659853,1.557454686164856,1.557454686164856,0.0,4.0,4.0
vq,1,1,31,1.59570347627004,1.5728093751271566,0.022894103129704794,1.5175217016537985,1.5175217016537985,0.0,4.0,4.0
vq,1,1,32,1.5419678004582722,1.5199868551890054,0.02198094889521599,1.4781165846188864,1.4781165846188864,0.0,4.0,4.0
vq,1,1,33,1.5112566582361857,1.4906359847386679,0.020620691378911336,1.442502860625585,1.442502860625585,0.0,4.0,4.0
vq,1,1,34,1.4722405004501342,1.4522034120559693,0.020037084842721622,1.4188874864578247,1.4188874864578247,0.0,4.0,4.0
vq,1,1,35,1.451784995396932,1.4324419275919595,0.01934305672844251,1.3780134542783102,1.3780134542783102,0.0,4.0,4.0
vq,1,1,36,1.4100386412938435,1.3883717489242553,0.02166688951353232,1.3491591890652974,1.3491591890652974,0.0,4.0,4.0
vq,1,1,37,1.3757808494567871,1.3528900559743244,0.022890795494119327,1.3281674420833587,1.3281674420833587,0.0,4.0,4.0
vq,1,1,38,1.360800828933716,1.338332241376241,0.022468599503238994,1.288685341278712,1.288685341278712,0.0,4.0,4.0
vq,1,1,39,1.3200553846359253,1.2961141713460287,0.02394119441509247,1.2686562085151671,1.2686562085151671,0.0,4.0,4.0
vq,1,1,40,1.3082852522532145,1.2847677659988403,0.023517483075459797,1.2476172443230946,1.2476172443230946,0.0,4.0,4.0
vq,1,1,41,1.2834131574630738,1.2600680160522462,0.023345144018530845,1.2221150183677674,1.2221150183677674,0.0,4.0,4.0
vq,1,1,42,1.2607969840367634,1.2391698137919107,0.02162715216477712,1.2002760752042134,1.2002760752042134,0.0,4.0,4.0
vq,1,1,43,1.235574426651001,1.21384508450826,0.02172933558622996,1.1748811141649882,1.1748811141649882,0.0,4.0,4.0
vq,1,1,44,1.211703766187032,1.1902469237645468,0.021456842347979545,1.1565796482563018,1.1565796482563018,0.0,4.0,4.0
vq,1,1,45,1.1879876200358073,1.167847359975179,0.02014023358623187,1.1367799095312754,1.1367799095312754,0.0,4.0,4.0
vq,1,1,46,1.1699087715148926,1.1489841794967652,0.02092459999024868,1.1138405764102937,1.1138405764102937,0.0,4.0,4.0
vq,1,1,47,1.1324283281962078,1.1118678522109986,0.020560479623576006,1.0922547908624014,1.0922547908624014,0.0,4.0,4.0
vq,1,1,48,1.117913579940796,1.09889582157135,0.019017771482467652,1.0762062362829845,1.0762062362829845,0.0,4.0,4.0
vq,1,1,49,1.1047627305984498,1.0874546202023825,0.01730811810741822,1.0616578773657481,1.0616578773657481,0.0,4.0,4.0
vq,1,1,50,1.0964304002126057,1.078607023557027,0.01782338668902715,1.0456490015983582,1.0456490015983582,0.0,4.0,4.0
vq,1,1,51,1.076435194015503,1.0584268871943157,0.018008321846524875,1.0278385818004607,1.0278385818004607,0.0,4.0,4.0
vq,1,1,52,1.0708422565460205,1.0536250193913779,0.01721722903350989,1.024714878797531,1.024714878797531,0.0,4.0,4.0
vq,1,1,53,1.0455179818471272,1.0290335655212401,0.01648442250986894,1.008899468978246,1.008899468978246,0.0,4.0,4.0
vq,1,1,54,1.0310428269704184,1.0141800657908122,0.016862774913509685,0.9905289077758789,0.9905289077758789,0.0,4.0,4.0
vq,1,1,55,1.015509597460429,0.9987354755401612,0.01677412576973438,0.9914797421296437,0.9914797421296437,0.0,4.0,4.0
vq,1,1,56,1.0148364321390788,0.998235691388448,0.016600745568672817,0.973831851085027,0.973831851085027,0.0,4.0,4.0
vq,1,1,57,0.9993524567286174,0.9827690426508585,0.01658342679341634,0.9645882987976074,0.9645882987976074,0.0,4.0,4.0
vq,1,1,58,0.9796100950241089,0.9637253093719482,0.015884786546230316,0.949309092760086,0.949309092760086,0.0,4.0,4.0
vq,1,1,59,0.9930494594573974,0.9755092779795329,0.017540189872185388,0.9352310883998871,0.9352310883998871,0.0,4.0,4.0
vq,1,1,60,0.9668362617492676,0.9509343560536703,0.015901909718910853,0.9247497570514679,0.9247497570514679,0.0,4.0,4.0
vq,1,1,61,0.9536509688695272,0.938012060324351,0.01563891371091207,0.9138337391614914,0.9138337391614914,0.0,4.0,4.0
vq,1,1,62,0.9476560354232788,0.9317317740122477,0.015924266477425893,0.9106476151943207,0.9106476151943207,0.0,4.0,4.0
vq,1,1,63,0.934951213200887,0.9194478829701741,0.01550332504014174,0.8959049445390701,0.8959049445390701,0.0,4.0,4.0
vq,1,1,64,0.9284908612569173,0.9106379675865174,0.017852888231476148,0.8853824216127396,0.8853824216127396,0.0,4.0,4.0
vq,1,1,65,0.9173494998613994,0.898826220035553,0.01852326902250449,0.8785588711500167,0.8785588711500167,0.0,4.0,4.0
vq,1,1,66,0.9012440315882365,0.8836092789967854,0.017634747140109538,0.8752901140848796,0.8752901140848796,0.0,4.0,4.0
vq,1,1,67,0.8978150685628256,0.880605764389038,0.017209301392237347,0.8638775736093521,0.8638775736093521,0.0,4.0,4.0
vq,1,1,68,0.8905330379803975,0.8737886730829875,0.016744366238514583,0.8620513667662938,0.8620513667662938,0.0,4.0,4.0
vq,1,1,69,0.879741952419281,0.8634207844734192,0.01632117196917534,0.849534354408582,0.849534354408582,0.0,4.0,4.0
vq,1,1,70,0.8751257411638895,0.8578640651702881,0.01726167822877566,0.8424413013458252,0.8424413013458252,0.0,4.0,4.0
vq,1,1,71,0.8651503046353658,0.848565088113149,0.01658519941071669,0.839626146753629,0.839626146753629,0.0,4.0,4.0
vq,1,1,72,0.8595935146013896,0.8439589778582255,0.015634532645344736,0.8287753274043401,0.8287753274043401,0.0,4.0,4.0
vq,1,1,73,0.8494506430625915,0.8331570871671041,0.016293553933501244,0.821506410241127,0.821506410241127,0.0,4.0,4.0
vq,1,1,74,0.8462053934733073,0.8296197764078777,0.016585618605216346,0.819212747613589,0.819212747613589,0.0,4.0,4.0
vq,1,1,75,0.8408335280418396,0.8246814894676209,0.016152038301030795,0.8162994684775671,0.8162994684775671,0.0,4.0,4.0
vq,1,1,76,0.8362104829152425,0.819831580320994,0.016378908455371856,0.8068340512116751,0.8068340512116751,0.0,4.0,4.0
vq,1,1,77,0.8308900125821431,0.8125331004460653,0.018356919748087723,0.8053313225507737,0.8053313225507737,0.0,4.0,4.0
vq,1,1,78,0.8250301790237426,0.8071673067410787,0.017862866992751757,0.8027354204654693,0.8027354204654693,0.0,4.0,4.0
vq,1,1,79,0.8198988866806031,0.8033658401171366,0.016533046786983807,0.7933292810122172,0.7933292810122172,0.0,4.0,4.0
vq,1,1,80,0.8115639241536459,0.7947172204653422,0.01684669764091571,0.7854970000187556,0.7854970000187556,0.0,4.0,4.0
vq,1,1,81,0.809423747062683,0.7916867462793986,0.017736993233362832,0.7795157790184021,0.7795157790184021,0.0,4.0,4.0
vq,1,1,82,0.8030822801589966,0.7867673444747925,0.01631491950402657,0.7787045363585154,0.7787045363585154,0.0,4.0,4.0
vq,1,1,83,0.7996522307395935,0.7825546916325887,0.017097543502847354,0.7696776213248571,0.7696776213248571,0.0,4.0,4.0
vq,1,1,84,0.7911127789815267,0.7729983107248942,0.018114470640818277,0.76708005686601,0.76708005686601,0.0,4.0,4.0
vq,1,1,85,0.7908848222096762,0.7721989305814108,0.018685886884729067,0.7649998368819555,0.7649998368819555,0.0,4.0,4.0
vq,1,1,86,0.7839127047856649,0.7652180671691895,0.018694635132948556,0.7566835929950079,0.7566835929950079,0.0,4.0,4.0
vq,1,1,87,0.7823542579015096,0.7596703139940898,0.02268393581112226,0.7514020997285843,0.7514020997285843,0.0,4.0,4.0
vq,1,1,88,0.7802083126703898,0.7565173792839051,0.023690941234429677,0.7523851597309112,0.7523851597309112,0.0,4.0,4.0
vq,1,1,89,0.7747377093633016,0.7528242675463358,0.021913442214330038,0.7513604670763016,0.7513604670763016,0.0,4.0,4.0
vq,1,1,90,0.7690466340382894,0.7489678295453389,0.020078805635372798,0.7469207527240117,0.7469207527240117,0.0,4.0,4.0
vq,1,1,91,0.7697233446439107,0.7470624446868896,0.022660889824231464,0.7363313514987627,0.7363313514987627,0.0,4.0,4.0
vq,1,1,92,0.7609939352671306,0.7373426651954651,0.023651276777187983,0.7329681746164958,0.7329681746164958,0.0,4.0,4.0
vq,1,1,93,0.7640006693204244,0.7383440025647481,0.025656667749087016,0.730889245669047,0.730889245669047,0.0,4.0,4.0
vq,1,1,94,0.7600261155764262,0.7346016867955526,0.025424428408344586,0.7316177380084992,0.7316177380084992,0.0,4.0,4.0
vq,1,1,95,0.7544078254699706,0.7306958111127217,0.02371202014386654,0.7296565218766531,0.7296565218766531,0.0,4.0,4.0
vq,1,1,96,0.7519865679740906,0.7273023772239685,0.02468418682614962,0.7221660879254341,0.7221660879254341,0.0,4.0,4.0
vq,1,1,97,0.7450995055834452,0.7205776675542196,0.02452184004088243,0.7124986799558004,0.7124986799558004,0.0,4.0,4.0
vq,1,1,98,0.7481570227940877,0.7206244198481242,0.027532598227262495,0.716481034954389,0.716481034954389,0.0,4.0,4.0
vq,1,1,99,0.742425971031189,0.7163574576377869,0.026068508848547934,0.7201111646493276,0.7201111646493276,0.0,4.0,4.0
vq,1,1,100,0.7400323836008708,0.7138670873641968,0.02616530219713847,0.7058600043257077,0.7058600043257077,0.0,4.0,4.0
vq,1,1,101,0.7329213460286458,0.7050790270169576,0.02784230391184489,0.698845765888691,0.698845765888691,0.0,4.0,4.0
vq,1,1,102,0.733767360051473,0.7039131410916646,0.029854222436745962,0.6964071634411811,0.6964071634411811,0.0,4.0,4.0
vq,1,1,103,0.7356378157933553,0.702443561553955,0.03319425920645396,0.7017117998997371,0.7017117998997371,0.0,4.0,4.0
vq,1,1,104,0.7317314155896505,0.7005884726842244,0.031142936299244563,0.701240378121535,0.701240378121535,0.0,4.0,4.0
vq,1,1,105,0.7239256389935811,0.6913413445154826,0.03258429378271103,0.6886902477343877,0.6886902477343877,0.0,4.0,4.0
vq,1,1,106,0.7215363732973734,0.6888205846150716,0.03271578321854274,0.6834653008977573,0.6834653008977573,0.0,4.0,4.0
vq,1,1,107,0.7241447981198629,0.6883232339223226,0.03582156285643578,0.6839684213201205,0.6839684213201205,0.0,4.0,4.0
vq,1,1,108,0.7251473275820414,0.685084768931071,0.040062555521726606,0.6840564655264219,0.6840564655264219,0.0,4.0,4.0
vq,1,1,109,0.7209499287605285,0.6817554807662964,0.03919444764653841,0.6783032350738843,0.6783032350738843,0.0,4.0,4.0
vq,1,1,110,0.7173274787267049,0.6792467363675435,0.03808074831962585,0.668570806880792,0.668570806880792,0.0,4.0,4.0
vq,1,1,111,0.7178579950332642,0.6770353166262308,0.04082267497976621,0.6707586110631625,0.6707586110631625,0.0,4.0,4.0
vq,1,1,112,0.7135786668459574,0.6720315400759379,0.04154712567726771,0.6749676764011383,0.6749676764011383,0.0,4.0,4.0
vq,1,1,113,0.7173443802197774,0.6708306988080343,0.046513682206471764,0.6675117305914561,0.6675117305914561,0.0,4.0,4.0
vq,1,1,114,0.7131173865000406,0.6642490379015604,0.04886834551890691,0.6613907943169276,0.6613907943169276,0.0,4.0,4.0
vq,1,1,115,0.7205864024162293,0.6693756238619486,0.05121077701449394,0.6614970736702284,0.6614970736702284,0.0,4.0,4.0
vq,1,1,116,0.7165807827313742,0.6627371780077617,0.053843609939018884,0.6665343406796456,0.6665343406796456,0.0,4.0,4.0
vq,1,1,117,0.7114033794403076,0.6583608174324036,0.05304255723953247,0.6593533949057261,0.6593533949057261,0.0,4.0,4.0
vq,1,1,118,0.7112070568402609,0.6564828475316365,0.05472421372930209,0.6532034595807393,0.6532034595807393,0.0,4.0,4.0
vq,1,1,119,0.7136979095141093,0.6566860953966777,0.05701180328925451,0.6657799188296,0.6657799188296,0.0,4.0,4.0
vq,1,1,120,0.7053553732236226,0.6486548670132954,0.056700501143932346,0.6640113544464111,0.6640113544464111,0.0,4.0,4.0
vq,1,1,121,0.7082634878158569,0.6474015990893046,0.060861886789401375,0.6509889790415764,0.6509889790415764,0.0,4.0,4.0
vq,1,1,122,0.7092876895268758,0.6434877896308899,0.06579990883668264,0.644763461748759,0.644763461748759,0.0,4.0,4.0
vq,1,1,123,0.7124628806114197,0.6432607841491699,0.06920208950837453,0.6438871469100317,0.6438871469100317,0.0,4.0,4.0
vq,1,1,124,0.7124119925498963,0.6403109916051228,0.07210099796454111,0.6400774588187536,0.6400774588187536,0.0,4.0,4.0
vq,1,1,125,0.7132212956746419,0.6378197582562765,0.07540153503417969,0.6452878148357073,0.6452878148357073,0.0,4.0,4.0
vq,1,1,126,0.7096699078877767,0.635363183816274,0.07430672198534012,0.6394450762867927,0.6394450762867927,0.0,4.0,4.0
vq,1,1,127,0.7069456473986307,0.6261064632733663,0.08083918342987696,0.6284322275718053,0.6284322275718053,0.0,4.0,4.0
vq,1,1,128,0.7122690908114115,0.628574542204539,0.08369454880555471,0.6324226840337117,0.6324226840337117,0.0,4.0,4.0
vq,1,1,129,0.7095750625928243,0.6218958552678426,0.08767921288808186,0.6370526668429375,0.6370526668429375,0.0,4.0,4.0
vq,1,1,130,0.7100160710016886,0.6222502819697062,0.08776579519112905,0.6219097569584846,0.6219097569584846,0.0,4.0,4.0
vq,1,1,131,0.7097912748654683,0.6160271286964416,0.09376414775848389,0.6182024219632148,0.6182024219632148,0.0,4.0,4.0
vq,1,1,132,0.7113409344355265,0.6141890215873719,0.09715190668900808,0.6248646507660548,0.6248646507660548,0.0,4.0,4.0
vq,1,1,133,0.7085803699493408,0.613925887743632,0.0946544827024142,0.6167736756801605,0.6167736756801605,0.0,4.0,4.0
vq,1,1,134,0.7085356251398722,0.6123998204867045,0.09613581399122874,0.6078549193342527,0.6078549193342527,0.0,4.0,4.0
vq,1,1,135,0.7142139911651612,0.609877994855245,0.10433599392573038,0.6156944945454598,0.6156944945454598,0.0,4.0,4.0
vq,1,1,136,0.7082366355260213,0.6046858334541321,0.10355080703894297,0.6266747884949049,0.6266747884949049,0.0,4.0,4.0
vq,1,1,137,0.7021320343017579,0.599552284081777,0.10257974008719127,0.6106688194473584,0.6106688194473584,0.0,4.0,4.0
vq,1,1,138,0.7048341910044352,0.5976222674051921,0.1072119261821111,0.5993055962522824,0.5993055962522824,0.0,4.0,4.0
vq,1,1,139,0.7053892628351848,0.5982297571500143,0.10715950906276703,0.6036902569731076,0.6036902569731076,0.0,4.0,4.0
vq,1,1,140,0.6982247765858968,0.5889349444707235,0.1092898295323054,0.6120206714669864,0.6120206714669864,0.0,4.0,4.0
vq,1,1,141,0.696213108698527,0.5883734814325968,0.10783963024616242,0.5997350825866063,0.5997350825866063,0.0,4.0,4.0
vq,1,1,142,0.6926548926035563,0.5881951554616293,0.10445973813533783,0.5894287174940109,0.5894287174940109,0.0,4.0,4.0
vq,1,1,143,0.6915307776133219,0.5819716636339823,0.10955911199251811,0.5824400010704994,0.5824400010704994,0.0,4.0,4.0
vq,1,1,144,0.693278325398763,0.5792941276232402,0.1139841898282369,0.5865173106392224,0.5865173106392224,0.0,4.0,4.0
vq,1,1,145,0.6889645512898763,0.5739378984769186,0.1150266428788503,0.580519354591767,0.580519354591767,0.0,4.0,4.0
vq,1,1,146,0.687155663172404,0.5718692477544148,0.11528641313314437,0.5653700728217761,0.5653700728217761,0.0,4.0,4.0
vq,1,1,147,0.6855416107177734,0.5651301431655884,0.1204114689429601,0.577046297689279,0.577046297689279,0.0,4.0,4.0
vq,1,1,148,0.6836230500539144,0.5620798548062642,0.12154319167137145,0.57549816797177,0.57549816797177,0.0,4.0,4.0
vq,1,1,149,0.6865025393168132,0.5587170910835266,0.12778544982274373,0.5630309952795506,0.5630309952795506,0.0,4.0,4.0
vq,1,1,150,0.6784819761912028,0.5503223745028177,0.12815959294637044,0.5480192293723424,0.5480192293723424,0.0,4.0,4.0
vq,1,1,151,0.6753094498316446,0.5456564974784851,0.1296529573202133,0.5529123125473658,0.5529123125473658,0.0,4.0,4.0
vq,1,1,152,0.6704800470670065,0.5423565673828125,0.1281234852472941,0.5388474146525065,0.5388474146525065,0.0,4.0,4.0
vq,1,1,153,0.6755688293774923,0.5415206952889761,0.13404813021421433,0.5387069011727968,0.5387069011727968,0.0,4.0,4.0
vq,1,1,154,0.6683461125691732,0.5314258488019308,0.13692027548948923,0.530589839965105,0.530589839965105,0.0,4.0,4.0
vq,1,1,155,0.6678033868471781,0.5325323828061421,0.13527101516723633,0.5301408689220747,0.5301408689220747,0.0,4.0,4.0
vq,1,1,156,0.6710682439804078,0.5328703900178273,0.13819784184296927,0.5333079322675864,0.5333079322675864,0.0,4.0,4.0
vq,1,1,157,0.6638623825709025,0.5258737850189209,0.13798860043287278,0.5217574606339137,0.5217574606339137,0.0,4.0,4.0
vq,1,1,158,0.661808074315389,0.5234999028841655,0.1383081618944804,0.5282778086761634,0.5282778086761634,0.0,4.0,4.0
vq,1,1,159,0.6627304188410441,0.5226750651995341,0.14005535205205283,0.5176751305162907,0.5176751305162907,0.0,4.0,4.0
vq,1,1,160,0.656579294204712,0.5166255036989847,0.1399537972609202,0.5133449689050515,0.5133449689050515,0.0,4.0,4.0
vq,1,1,161,0.646310674349467,0.5054069987932841,0.14090367337067922,0.5094358141720295,0.5094358141720295,0.0,4.0,4.0
vq,1,1,162,0.6387640945116679,0.49720871448516846,0.14155536750952402,0.4958570560316245,0.4958570560316245,0.0,4.0,4.0
vq,1,1,163,0.645367354551951,0.5013286749521891,0.14403866430123646,0.4972601861258348,0.4972601861258348,0.0,4.0,4.0
vq,1,1,164,0.6466861867904663,0.4904791005452474,0.1562070882320404,0.5007622907062371,0.5007622907062371,0.0,4.0,4.0
vq,1,1,165,0.6483085378011068,0.49114302555720013,0.1571655031045278,0.5018603651722272,0.5018603651722272,0.0,4.0,4.0
vq,1,1,166,0.6420282030105591,0.4822712008158366,0.15975700736045836,0.48340988556543985,0.48340988556543985,0.0,4.0,4.0
vq,1,1,167,0.637343996365865,0.4773738757769267,0.1599701209863027,0.4811834450562795,0.4811834450562795,0.0,4.0,4.0
vq,1,1,168,0.6461088387171428,0.48063026944796244,0.16547856171925862,0.5170434274772803,0.5170434274772803,0.0,4.0,4.0
vq,1,1,169,0.6418953577677409,0.47837618867556253,0.16351916750272116,0.4723034123082956,0.4723034123082956,0.0,4.0,4.0
vq,1,1,170,0.6331269335746765,0.4704747100671132,0.1626522155602773,0.46894488712151844,0.46894488712151844,0.0,4.0,4.0
vq,1,1,171,0.6368001778920491,0.4711182936032613,0.16568188230196634,0.4810728028913339,0.4810728028913339,0.0,4.0,4.0
vq,1,1,172,0.6383817474047343,0.46675062060356143,0.17163112302621206,0.47058649569749833,0.47058649569749833,0.0,4.0,4.0
vq,1,1,173,0.6396558364232381,0.4663376331329346,0.17331819534301757,0.4581137508153915,0.4581137508153915,0.0,4.0,4.0
vq,1,1,174,0.6285549426078796,0.4620270915826162,0.16652784943580629,0.4625573424001535,0.4625573424001535,0.0,4.0,4.0
vq,1,1,175,0.6261822708447774,0.4647404464085897,0.16144181708494823,0.45494644368688264,0.45494644368688264,0.0,4.0,4.0
vq,1,1,176,0.6249670863151551,0.4589789954821269,0.1659880886475245,0.4496125816802184,0.4496125816802184,0.0,4.0,4.0
vq,1,1,177,0.6166349164644878,0.44888387362162274,0.16775104542573294,0.45222726672887803,0.45222726672887803,0.0,4.0,4.0
vq,1,1,178,0.6176475087801615,0.44736338218053184,0.17028412659962971,0.4596443408230941,0.4596443408230941,0.0,4.0,4.0
vq,1,1,179,0.6220017886161804,0.4492305099964142,0.1727712760368983,0.43166905611753464,0.43166905611753464,0.0,4.0,4.0
vq,1,1,180,0.5943856517473857,0.4365734346707662,0.15781221330165862,0.43202023724714916,0.43202023724714916,0.0,4.0,4.0
vq,1,1,181,0.5929648192723592,0.4370171356201172,0.15594768782456717,0.4235958664615949,0.4235958664615949,0.0,4.0,4.0
vq,1,1,182,0.6048071948687236,0.4444384860992432,0.16036871294180552,0.4249040508766969,0.4249040508766969,0.0,4.0,4.0
vq,1,1,183,0.5949830492337544,0.4313271339734395,0.1636559025446574,0.42344667767484984,0.42344667767484984,0.0,4.0,4.0
vq,1,1,184,0.586071384747823,0.4162764223416646,0.16979497154553733,0.4143455833693345,0.4143455833693345,0.0,4.0,4.0
vq,1,1,185,0.5952878570556641,0.422286456823349,0.17300139904022216,0.41085588177045185,0.41085588177045185,0.0,4.0,4.0
vq,1,1,186,0.5957697439193725,0.4272342578570048,0.16853549281756083,0.4080722391108672,0.4080722391108672,0.0,4.0,4.0
vq,1,1,187,0.5836941973368327,0.4155542353789012,0.1681399615605672,0.40390222479899723,0.40390222479899723,0.0,4.0,4.0
vq,1,1,188,0.5807865810394287,0.4191045029958089,0.1616820784409841,0.4218124261498451,0.4218124261498451,0.0,4.0,4.0
vq,1,1,189,0.5889879703521729,0.41976367235183715,0.1692242952187856,0.41801205193003016,0.41801205193003016,0.0,4.0,4.0
vq,1,1,190,0.587233435312907,0.41554240544637044,0.17169103582700093,0.4086174315214157,0.4086174315214157,0.0,4.0,4.0
vq,1,1,191,0.5959786836306254,0.425794464747111,0.17018421570460002,0.4248758257428805,0.4248758257428805,0.0,4.0,4.0
vq,1,1,192,0.5923676300048828,0.417721354564031,0.17464628239472707,0.4313482583562533,0.4313482583562533,0.0,4.0,4.0
vq,1,1,193,0.5767690348625183,0.4098401423295339,0.1669288835922877,0.4014295044541359,0.4014295044541359,0.0,4.0,4.0
vq,1,1,194,0.5721830463409424,0.4146909689903259,0.1574920799334844,0.430615143229564,0.430615143229564,0.0,4.0,4.0
vq,1,1,195,0.5795201293627421,0.42370695908864336,0.1558131734530131,0.44166875412066775,0.44166875412066775,0.0,4.0,4.0
vq,1,1,196,0.554640146891276,0.40431156317392986,0.15032858808835348,0.39306795741120976,0.39306795741120976,0.0,4.0,4.0
vq,1,1,197,0.5704620277881622,0.4202612745761871,0.15020075003306071,0.4265180263419946,0.4265180263419946,0.0,4.0,4.0
vq,1,1,198,0.556599657535553,0.40086114247639976,0.1557385128736496,0.3952945543825626,0.3952945543825626,0.0,4.0,4.0
vq,1,1,199,0.5449724276860555,0.4058442250887553,0.1391281948486964,0.3975413050750891,0.3975413050750891,0.0,4.0,4.0
vq,1,1,200,0.542946668068568,0.4085841202735901,0.1343625530600548,0.4317888853450616,0.4317888853450616,0.0,4.0,4.0
vq,1,1,201,0.5656644614537557,0.4261738061904907,0.13949066480000813,0.4329135111471017,0.4329135111471017,0.0,4.0,4.0
vq,1,1,202,0.5512508531411489,0.41123642365137736,0.14001443107922873,0.42521272708972296,0.42521272708972296,0.0,4.0,4.0
vq,1,1,203,0.5480300633112589,0.41483049432436625,0.1331995701789856,0.401729945341746,0.401729945341746,0.0,4.0,4.0
vq,1,1,204,0.5307577959696452,0.4038577155272166,0.12690008362134297,0.4211210349698861,0.4211210349698861,0.0,4.0,4.0
vq,1,1,205,0.5457887562115987,0.41885706146558127,0.12693170030911763,0.4373553772767385,0.4373553772767385,0.0,4.0,4.0
vq,1,1,206,0.5193736219406128,0.3909451631704966,0.12842846324046453,0.41872930705547334,0.41872930705547334,0.0,4.0,4.0
vq,1,1,207,0.5348778804143269,0.4026647992928823,0.13221308132012685,0.39019118616978327,0.39019118616978327,0.0,4.0,4.0
vq,1,1,208,0.5261820971965789,0.397416699330012,0.1287653891245524,0.3873915039996306,0.3873915039996306,0.0,4.0,4.0
vq,1,1,209,0.5042922012011211,0.3732605731487274,0.13103162944316865,0.3775188258786996,0.3775188258786996,0.0,4.0,4.0
vq,1,1,210,0.5162907981872559,0.379445679585139,0.1368451189994812,0.3814800478021304,0.3814800478021304,0.0,4.0,4.0
vq,1,1,211,0.5016662375132243,0.3696629246075948,0.13200331846872965,0.3735355733335018,0.3735355733335018,0.0,4.0,4.0
vq,1,1,212,0.5368386220932007,0.4041320343812307,0.13270658989747366,0.38443272655208904,0.38443272655208904,0.0,4.0,4.0
vq,1,1,213,0.5025270513693492,0.3765762956937154,0.12595075776179632,0.3977108869949977,0.3977108869949977,0.0,4.0,4.0
vq,1,1,214,0.4814219292004903,0.35495140274365744,0.1264705296357473,0.35844346868495147,0.35844346868495147,0.0,4.0,4.0
vq,1,1,215,0.503691538174947,0.3721696186065674,0.13152191162109375,0.35863417146106563,0.35863417146106563,0.0,4.0,4.0
vq,1,1,216,0.5150315765539805,0.37586833278338116,0.13916324377059935,0.3575538563976685,0.3575538563976685,0.0,4.0,4.0
vq,1,1,217,0.5023980871836344,0.3599093254407247,0.1424887579679489,0.36126785054802896,0.36126785054802896,0.0,4.0,4.0
vq,1,1,218,0.497431214650472,0.35675973852475484,0.14067147453625997,0.34995576518277327,0.34995576518277327,0.0,4.0,4.0
vq,1,1,219,0.49629892269770304,0.35831617991129555,0.13798274119695028,0.3495592867086331,0.3495592867086331,0.0,4.0,4.0
vq,1,1,220,0.49412085851033527,0.35645806034406025,0.1376628065109253,0.34983668421705566,0.34983668421705566,0.0,4.0,4.0
vq,1,1,221,0.4932451264063517,0.35281716148058573,0.14042796313762665,0.35571697567900024,0.35571697567900024,0.0,4.0,4.0
vq,1,1,222,0.491125545501709,0.3461085732777913,0.14501697619756063,0.34421965047717096,0.34421965047717096,0.0,4.0,4.0
vq,1,1,223,0.48592955589294434,0.3455811349550883,0.1403484219312668,0.3478705412646135,0.3478705412646135,0.0,4.0,4.0
vq,1,1,224,0.494840665658315,0.3578832920392354,0.13695737679799397,0.34220475621521473,0.34220475621521473,0.0,4.0,4.0
vq,1,1,225,0.49614848136901857,0.3553697431087494,0.14077874541282653,0.3440303169439236,0.3440303169439236,0.0,4.0,4.0
vq,1,1,226,0.4906051516532898,0.3520515735944112,0.13855358282725017,0.3482319819678863,0.3482319819678863,0.0,4.0,4.0
vq,1,1,227,0.46325781345367434,0.33434105436007183,0.12891675213972728,0.3397011449933052,0.3397011449933052,0.0,4.0,4.0
vq,1,1,228,0.4967305346330007,0.3677296467622121,0.12900089313586552,0.34514664908250176,0.34514664908250176,0.0,4.0,4.0
vq,1,1,229,0.49361348708470665,0.3640947143236796,0.1295187743504842,0.3600713794181744,0.3600713794181744,0.0,4.0,4.0
vq,1,1,230,0.4779909038543701,0.3494403541088104,0.1285505493481954,0.357855642636617,0.357855642636617,0.0,4.0,4.0
vq,1,1,231,0.4950988173484802,0.36143786072731016,0.133660961886247,0.34429234710832435,0.34429234710832435,0.0,4.0,4.0
vq,1,1,232,0.5066097629070282,0.374618319272995,0.13199145048856736,0.3630692154665788,0.3630692154665788,0.0,4.0,4.0
vq,1,1,233,0.4967215565840403,0.3653544024626414,0.13136715650558473,0.3597776219497124,0.3597776219497124,0.0,4.0,4.0
vq,1,1,234,0.4835244631767273,0.3529453837871552,0.13057907700538635,0.3472170952707529,0.3472170952707529,0.0,4.0,4.0
vq,1,1,235,0.5031397279103597,0.3706894544760386,0.13245027561982473,0.35586518809199336,0.35586518809199336,0.0,4.0,4.0
vq,1,1,236,0.4989117431640625,0.3682735311985016,0.13063820739587148,0.38330005479355655,0.38330005479355655,0.0,4.0,4.0
vq,1,1,237,0.47497366070747377,0.34882998108863833,0.12614367882410685,0.35726963631808756,0.35726963631808756,0.0,4.0,4.0
vq,1,1,238,0.49402631521224977,0.36541200081507363,0.12861432015895843,0.36206359838445984,0.36206359838445984,0.0,4.0,4.0
vq,1,1,239,0.4986160135269165,0.3683402379353841,0.13027576804161073,0.37183396774033706,0.37183396774033706,0.0,4.0,4.0
vq,1,1,240,0.5075175686677297,0.37494534174601235,0.13257221897443136,0.3641229916115602,0.3641229916115602,0.0,4.0,4.0
vq,1,1,241,0.48741087039311726,0.3560286976893743,0.13138217329978943,0.36113731491069,0.36113731491069,0.0,4.0,4.0
vq,1,1,242,0.4679309209187826,0.3398278359572093,0.12810307919979094,0.35441674634814263,0.35441674634814263,0.0,4.0,4.0
vq,1,1,243,0.4683904361724853,0.34001658638318377,0.12837385455767314,0.3529247375080983,0.3529247375080983,0.0,4.0,4.0
vq,1,1,244,0.4966031841437022,0.3623507750034332,0.13425240804751715,0.35155456103384497,0.35155456103384497,0.0,4.0,4.0
vq,1,1,245,0.5224039014180502,0.3819881272315979,0.1404157781600952,0.3886915559321642,0.3886915559321642,0.0,4.0,4.0
vq,1,1,246,0.4935579204559326,0.35369873921076456,0.13985918124516805,0.35676108695566655,0.35676108695566655,0.0,4.0,4.0
vq,1,1,247,0.47731042305628457,0.3437368357181549,0.1335735790928205,0.3435021830101808,0.3435021830101808,0.0,4.0,4.0
vq,1,1,248,0.4902466384569804,0.34715762654940285,0.14308900932470958,0.34497144910196464,0.34497144910196464,0.0,4.0,4.0
vq,1,1,249,0.5117957393328348,0.36224019368489585,0.14955553929011026,0.3405782703310251,0.3405782703310251,0.0,4.0,4.0
vq,1,1,250,0.5206103893121083,0.36768622557322184,0.15292415897051492,0.3505883921931187,0.3505883921931187,0.0,4.0,4.0
vq,1,1,251,0.4805382561683655,0.33419472058614097,0.14634353498617808,0.3441277009000381,0.3441277009000381,0.0,4.0,4.0
vq,1,1,252,0.4836268480618795,0.33287980159123737,0.1507470522324244,0.3303252125283082,0.3303252125283082,0.0,4.0,4.0
vq,1,1,253,0.4741169762611389,0.32580769817034405,0.1483092733224233,0.33574626403550306,0.33574626403550306,0.0,4.0,4.0
vq,1,1,254,0.48216729958852134,0.32487292488416036,0.15729437053203582,0.33138402802248795,0.33138402802248795,0.0,4.0,4.0
vq,1,1,255,0.47440356453259785,0.31321160475413007,0.1611919597784678,0.32082610338926315,0.32082610338926315,0.0,4.0,4.0
vq,1,1,256,0.474391516049703,0.31337330778439837,0.16101821521917978,0.31705199857552846,0.31705199857552846,0.0,4.0,4.0
vq,1,1,257,0.49434928854306537,0.3269045348962148,0.16744475841522216,0.3246879312892755,0.3246879312892755,0.0,4.0,4.0
vq,1,1,258,0.49700392166773477,0.3339371289809545,0.16306679368019103,0.3192311072846254,0.3192311072846254,0.0,4.0,4.0
vq,1,1,259,0.49083842277526857,0.3291276768843333,0.16171074469884236,0.3268766381839911,0.3268766381839911,0.0,4.0,4.0
vq,1,1,260,0.4858504501978556,0.3287787385781606,0.15707170208295188,0.32573395915329456,0.32573395915329456,0.0,4.0,4.0
vq,1,1,261,0.46842523336410524,0.3207103522618612,0.14771488428115845,0.32519534600277744,0.32519534600277744,0.0,4.0,4.0
vq,1,1,262,0.469363135099411,0.32416303277015684,0.14520011027654012,0.32702858810623486,0.32702858810623486,0.0,4.0,4.0
vq,1,1,263,0.46371623675028484,0.31481789151827494,0.14889834264914195,0.3194247401257356,0.3194247401257356,0.0,4.0,4.0
vq,1,1,264,0.4715265369415283,0.31677575707435607,0.15475077549616495,0.31898734673857687,0.31898734673857687,0.0,4.0,4.0
vq,1,1,265,0.4546549761295319,0.3141668784618378,0.14048810084660848,0.3186612396190564,0.3186612396190564,0.0,4.0,4.0
vq,1,1,266,0.4393571158250173,0.3004481438795725,0.13890896876653036,0.31515612160166107,0.31515612160166107,0.0,4.0,4.0
vq,1,1,267,0.4572904376188914,0.30766323566436765,0.14962719877560934,0.31256250001490116,0.31256250001490116,0.0,4.0,4.0
vq,1,1,268,0.46225881338119507,0.30352708339691165,0.15873172521591186,0.3089607702195644,0.3089607702195644,0.0,4.0,4.0
vq,1,1,269,0.4596618493398031,0.3028694200515747,0.15679243048032124,0.3075195523848136,0.3075195523848136,0.0,4.0,4.0
vq,1,1,270,0.45570743004480996,0.303160054286321,0.152547367811203,0.3162322939435641,0.3162322939435641,0.0,4.0,4.0
vq,1,1,271,0.4469091995557149,0.300174187819163,0.14673501173655193,0.31025614976882937,0.31025614976882937,0.0,4.0,4.0
vq,1,1,272,0.4582586149374644,0.30599304536978406,0.15226556956768036,0.3088726248095433,0.3088726248095433,0.0,4.0,4.0
vq,1,1,273,0.45021029432614645,0.300299676656723,0.14991062005360922,0.3101807668308417,0.3101807668308417,0.0,4.0,4.0
vq,1,1,274,0.4433994376659393,0.3010601540406545,0.14233928362528483,0.3038936706880728,0.3038936706880728,0.0,4.0,4.0
vq,1,1,275,0.4480277339617411,0.3021121370792389,0.14591559926668804,0.30815514095127583,0.30815514095127583,0.0,4.0,4.0
vq,1,1,276,0.4449074149131775,0.29640977223714193,0.14849763413270314,0.3057289986312389,0.3057289986312389,0.0,4.0,4.0
vq,1,1,277,0.4486925919850667,0.2989785222212474,0.14971407135327658,0.30544204607605935,0.30544204607605935,0.0,4.0,4.0
vq,1,1,278,0.4528515283266703,0.3045009684562683,0.14835056225458781,0.3028728266308705,0.3028728266308705,0.0,4.0,4.0
vq,1,1,279,0.44460508902867635,0.2969738499323527,0.14763123750686646,0.30503977052867415,0.30503977052867415,0.0,4.0,4.0
vq,1,1,280,0.4314694889386495,0.2941220978895823,0.13734739104906718,0.30259961031377314,0.30259961031377314,0.0,4.0,4.0
vq,1,1,281,0.4443416531880697,0.30590993762016294,0.1384317167599996,0.30933597144981223,0.30933597144981223,0.0,4.0,4.0
vq,1,1,282,0.4667930237452189,0.32537415325641633,0.14141887307167053,0.31162865648667015,0.31162865648667015,0.0,4.0,4.0
vq,1,1,283,0.45980193495750427,0.315840669075648,0.1439612627029419,0.3138061561435461,0.3138061561435461,0.0,4.0,4.0
vq,1,1,284,0.4427985715866089,0.3036249832312266,0.13917358577251435,0.31356121085584165,0.31356121085584165,0.0,4.0,4.0
vq,1,1,285,0.43423082391421003,0.297731120189031,0.13649970690409344,0.3062547948708137,0.3062547948708137,0.0,4.0,4.0
vq,1,1,286,0.4573537532488505,0.31229952653249105,0.14505422880252203,0.30872513227164744,0.30872513227164744,0.0,4.0,4.0
vq,1,1,287,0.47779776374499006,0.3343821748097738,0.14341559688250224,0.3073667828241984,0.3073667828241984,0.0,4.0,4.0
vq,1,1,288,0.43955342054367064,0.3000622951984406,0.1394911234577497,0.3060434640198946,0.3060434640198946,0.0,4.0,4.0
vq,1,1,289,0.4508027982711792,0.3077538287639618,0.1430489710966746,0.30591858856379983,0.30591858856379983,0.0,4.0,4.0
vq,1,1,290,0.43996771454811096,0.304195788304011,0.13577192624409992,0.3077413294215997,0.3077413294215997,0.0,4.0,4.0
vq,1,1,291,0.4497268068790436,0.3051593307654063,0.14456748167673747,0.3077154840528965,0.3077154840528965,0.0,4.0,4.0
vq,1,1,292,0.438815491994222,0.29519669969876605,0.14361879030863445,0.3090669925510883,0.3090669925510883,0.0,4.0,4.0
vq,1,1,293,0.4489335680007935,0.3010069024562836,0.1479266655445099,0.2980123679091533,0.2980123679091533,0.0,4.0,4.0
vq,1,1,294,0.45346799691518147,0.3040193247795105,0.14944867213567098,0.30028248528639473,0.30028248528639473,0.0,4.0,4.0
vq,1,1,295,0.4386437447865804,0.29898956696192425,0.13965417623519896,0.2953758953511715,0.2953758953511715,0.0,4.0,4.0
vq,1,1,296,0.45557584524154665,0.3048008986314138,0.15077494442462921,0.29999916059275467,0.29999916059275467,0.0,4.0,4.0
vq,1,1,297,0.4627713092168172,0.3144944854577382,0.14827682435512543,0.2975814403345188,0.2975814403345188,0.0,4.0,4.0
vq,1,1,298,0.4560854466756185,0.3035246682167053,0.15256078282992044,0.30467591499288876,0.30467591499288876,0.0,4.0,4.0
vq,1,1,299,0.4777864170074463,0.32324888308842975,0.15453753491242728,0.31185088271896044,0.31185088271896044,0.0,4.0,4.0
vq,1,1,300,0.4352427581946055,0.2997426891326904,0.13550006747245788,0.2999278332293034,0.2999278332293034,0.0,4.0,4.0
vq,1,1,301,0.4821832847595215,0.33427646160125735,0.1479068257411321,0.31174072322746116,0.31174072322746116,0.0,4.0,4.0
vq,1,1,302,0.48006207625071207,0.33626108010609945,0.1438010025024414,0.31449350746969384,0.31449350746969384,0.0,4.0,4.0
vq,1,1,303,0.46748277187347415,0.32894593199094135,0.13853684067726135,0.31215427719056604,0.31215427719056604,0.0,4.0,4.0
vq,1,1,304,0.4378499968846639,0.2963273350397746,0.14152266343434652,0.3141776366780202,0.3141776366780202,0.0,4.0,4.0
vq,1,1,305,0.4447936216990153,0.30297527273495994,0.141818345785141,0.31147657327353956,0.31147657327353956,0.0,4.0,4.0
vq,1,1,306,0.4712889838218689,0.3275254464149475,0.1437635431687037,0.3113696634521087,0.3113696634521087,0.0,4.0,4.0
vq,1,1,307,0.46832202196121214,0.3207659367720286,0.14755608359972636,0.31135201908648014,0.31135201908648014,0.0,4.0,4.0
vq,1,1,308,0.4823378570874532,0.32470293521881105,0.1576349240541458,0.32348106836279233,0.32348106836279233,0.0,4.0,4.0
vq,1,1,309,0.45531519651412966,0.2987983469168345,0.15651685118675232,0.32704818323254586,0.32704818323254586,0.0,4.0,4.0
vq,1,1,310,0.4491668442885081,0.2991534467538198,0.15001339753468831,0.31344445049762726,0.31344445049762726,0.0,4.0,4.0
vq,1,1,311,0.45955195744832356,0.31003979365030926,0.14951215902964274,0.31096174543102584,0.31096174543102584,0.0,4.0,4.0
vq,1,1,312,0.46343324303627015,0.31825459440549214,0.1451786478360494,0.3088310424735149,0.3088310424735149,0.0,4.0,4.0
vq,1,1,313,0.48260883649190267,0.3274959739049276,0.15511286358038584,0.3123386697222789,0.3123386697222789,0.0,4.0,4.0
vq,1,1,314,0.466370530128479,0.3052044975757599,0.1611660299698512,0.3107448261479537,0.3107448261479537,0.0,4.0,4.0
vq,1,1,315,0.48037423690160114,0.30846309661865234,0.17191114405790964,0.32202425417800745,0.32202425417800745,0.0,4.0,4.0
vq,1,1,316,0.4491652544339498,0.2911084572474162,0.15805679817994436,0.31181219284733136,0.31181219284733136,0.0,4.0,4.0
vq,1,1,317,0.472001527150472,0.31619897643725076,0.15580255448818206,0.3083924808104833,0.3083924808104833,0.0,4.0,4.0
vq,1,1,318,0.4871300478776296,0.3384106481075287,0.1487194029490153,0.3267933248480161,0.3267933248480161,0.0,4.0,4.0
vq,1,1,319,0.4419368839263916,0.30173955639203387,0.14019732435544333,0.31060707069933413,0.31060707069933413,0.0,4.0,4.0
vq,1,1,320,0.4770221555233002,0.31482624212900795,0.1621959133942922,0.3105338657399019,0.3105338657399019,0.0,4.0,4.0
vq,1,1,321,0.5033731762568155,0.33950926820437116,0.16386390805244447,0.3157651842882236,0.3157651842882236,0.0,4.0,4.0
vq,1,1,322,0.4657489013671875,0.3015964663028717,0.16415244301160176,0.3181611016144355,0.3181611016144355,0.0,4.0,4.0
vq,1,1,323,0.48459488232930503,0.309913094441096,0.17468178947766622,0.31051238253712654,0.31051238253712654,0.0,4.0,4.0
vq,1,1,324,0.46732837438583374,0.29746353983879087,0.16986484249432882,0.31031243202586967,0.31031243202586967,0.0,4.0,4.0
vq,1,1,325,0.47279077212015785,0.30584310988585156,0.16694766441981,0.29950830069681006,0.29950830069681006,0.0,4.0,4.0
vq,1,1,326,0.46729721506436667,0.2974137731393178,0.1698834466934204,0.30551913325985275,0.30551913325985275,0.0,4.0,4.0
vq,1,1,327,0.4889006205399831,0.3217750430107117,0.16712558229764302,0.3126823992033799,0.3126823992033799,0.0,4.0,4.0
vq,1,1,328,0.48288896520932517,0.3133626317977905,0.1695263381799062,0.315078611895442,0.315078611895442,0.0,4.0,4.0
vq,1,1,329,0.4712277086575826,0.3014930284023285,0.1697346818447113,0.3078288168956836,0.3078288168956836,0.0,4.0,4.0
vq,1,1,330,0.4780179286003113,0.2995422108968099,0.17847571551799774,0.3076981435219447,0.3076981435219447,0.0,4.0,4.0
vq,1,1,331,0.4925795841217041,0.3175895122687022,0.17499006827672323,0.30532667102913064,0.30532667102913064,0.0,4.0,4.0
vq,1,1,332,0.499150112469991,0.3290128763516744,0.17013723929723104,0.312863038678964,0.312863038678964,0.0,4.0,4.0
vq,1,1,333,0.49082377274831135,0.32003084778785706,0.1707929233709971,0.3146536217381557,0.3146536217381557,0.0,4.0,4.0
vq,1,1,334,0.4982073799769084,0.322367240190506,0.17584014296531678,0.3168028503159682,0.3168028503159682,0.0,4.0,4.0
vq,1,1,335,0.49274813334147133,0.3234625260035197,0.16928560515244803,0.31369566433131696,0.31369566433131696,0.0,4.0,4.0
vq,1,1,336,0.4611933108170827,0.2945420491695404,0.16665126323699953,0.31018136605620383,0.31018136605620383,0.0,4.0,4.0
vq,1,1,337,0.4943729829788208,0.32103153189023337,0.17334144592285156,0.31221325387557347,0.31221325387557347,0.0,4.0,4.0
vq,1,1,338,0.5433712065219879,0.3686325414975484,0.1747386602560679,0.3302322745323181,0.3302322745323181,0.0,4.0,4.0
vq,1,1,339,0.4927370119094849,0.32613006949424744,0.16660694201787313,0.3348051465054353,0.3348051465054353,0.0,4.0,4.0
vq,1,1,340,0.5023530133565267,0.32960120995839437,0.17275180498758952,0.31650634271403155,0.31650634271403155,0.0,4.0,4.0
vq,1,1,341,0.48503538290659587,0.3123483709494273,0.17268700937430065,0.3162757455309232,0.3162757455309232,0.0,4.0,4.0
vq,1,1,342,0.4991265531380971,0.3266127614180247,0.17251378695170086,0.32095389820635317,0.32095389820635317,0.0,4.0,4.0
vq,1,1,343,0.49639293471972146,0.324831139643987,0.1715617871284485,0.32090937020877996,0.32090937020877996,0.0,4.0,4.0
vq,1,1,344,0.4938879934946696,0.32112392981847127,0.1727640599012375,0.3255145244052013,0.3255145244052013,0.0,4.0,4.0
vq,1,1,345,0.5306216200192769,0.3607637560367584,0.16985786298910777,0.33686348401010036,0.33686348401010036,0.0,4.0,4.0
vq,1,1,346,0.4884622001647949,0.32243549942970273,0.16602669656276703,0.3310582505663236,0.3310582505663236,0.0,4.0,4.0
vq,1,1,347,0.5042018826802571,0.3398952595392863,0.16430662035942079,0.32969309161106747,0.32969309161106747,0.0,4.0,4.0
vq,1,1,348,0.518445950349172,0.3549382714430491,0.16350767731666566,0.33685380198061465,0.33685380198061465,0.0,4.0,4.0
vq,1,1,349,0.5064291445414225,0.3395218465725581,0.16690730214118957,0.33745635504523913,0.33745635504523913,0.0,4.0,4.0
vq,1,1,350,0.5269058799743652,0.34923550645510354,0.17767036120096844,0.3331074807792902,0.3331074807792902,0.0,4.0,4.0
vq,1,1,351,0.5012624343236287,0.3310857143004735,0.17017672220865884,0.3340916459759076,0.3340916459759076,0.0,4.0,4.0
vq,1,1,352,0.4996360715230306,0.3303891674677531,0.16924690445264182,0.32973193635543185,0.32973193635543185,0.0,4.0,4.0
vq,1,1,353,0.5398931423823039,0.36982155164082847,0.17007159332434335,0.33210669028262296,0.33210669028262296,0.0,4.0,4.0
vq,1,1,354,0.5006048345565796,0.3400038198630015,0.1606010216474533,0.3309998938192924,0.3309998938192924,0.0,4.0,4.0
vq,1,1,355,0.5373386160532634,0.3794111774365107,0.15792743066946666,0.33832546023031074,0.33832546023031074,0.0,4.0,4.0
vq,1,1,356,0.5336753400166829,0.38111456831296286,0.1525607666373253,0.3508162856847048,0.3508162856847048,0.0,4.0,4.0
vq,1,1,357,0.5044379568099976,0.36022034923235574,0.14421761294205984,0.34949174396693705,0.34949174396693705,0.0,4.0,4.0
vq,1,1,358,0.479171150525411,0.3418371637662252,0.13733398755391438,0.33703551431496936,0.33703551431496936,0.0,4.0,4.0
vq,1,1,359,0.5393726364771525,0.3972877109050751,0.14208492676417034,0.3492330357680718,0.3492330357680718,0.0,4.0,4.0
vq,1,1,360,0.4857716755072276,0.34397794703642526,0.1417937316497167,0.3482702075690031,0.3482702075690031,0.0,4.0,4.0
vq,1,1,361,0.48219651540120445,0.3446383420626322,0.13755817512671153,0.33106943724056087,0.33106943724056087,0.0,4.0,4.0
vq,1,1,362,0.5149819215138753,0.37647464831670124,0.13850727061430612,0.34234421369930107,0.34234421369930107,0.0,4.0,4.0
vq,1,1,363,0.5355117611090342,0.39945568283398947,0.13605607827504476,0.3501977096001307,0.3501977096001307,0.0,4.0,4.0
vq,1,1,364,0.4926896866162618,0.37045679489771527,0.122232892314593,0.35622056360046067,0.35622056360046067,0.0,4.0,4.0
vq,1,1,365,0.514796663125356,0.39459301471710206,0.1202036420504252,0.36724686878422896,0.36724686878422896,0.0,4.0,4.0
vq,1,1,366,0.49286652247111,0.37666685342788697,0.11619967222213745,0.3627725764612357,0.3627725764612357,0.0,4.0,4.0
vq,1,1,367,0.5086384447415669,0.38515385866165164,0.12348458498716354,0.372689796363314,0.372689796363314,0.0,4.0,4.0
vq,1,1,368,0.517208350499471,0.38699172814687094,0.1302166263262431,0.3774924313277006,0.3774924313277006,0.0,4.0,4.0
vq,1,1,369,0.5064742608865103,0.3717643217245738,0.1347099224726359,0.3794703150788943,0.3794703150788943,0.0,4.0,4.0
vq,1,1,370,0.5138051835695903,0.3806260939439138,0.13317909439404804,0.3659618157396714,0.3659618157396714,0.0,4.0,4.0
vq,1,1,371,0.5297189458211263,0.3935611887772878,0.1361577606201172,0.3789778110384941,0.3789778110384941,0.0,4.0,4.0
vq,1,1,372,0.5130012492338817,0.37621724406878154,0.1367840083440145,0.3720729598402977,0.3720729598402977,0.0,4.0,4.0
vq,1,1,373,0.49522276123364767,0.3630187670389811,0.13220400055249532,0.3607445191591978,0.3607445191591978,0.0,4.0,4.0
vq,1,1,374,0.5005469143390655,0.3659644361337026,0.13458247741063437,0.3672308849543333,0.3672308849543333,0.0,4.0,4.0
vq,1,1,375,0.5105224279562632,0.37248768091201784,0.13803475022315978,0.3671832791219155,0.3671832791219155,0.0,4.0,4.0
vq,1,1,376,0.5120119814078014,0.3645379563172658,0.14747402667999268,0.3671061347176631,0.3671061347176631,0.0,4.0,4.0
vq,1,1,377,0.5457401903470357,0.39097031553586326,0.1547698785861333,0.3715959811707338,0.3715959811707338,0.0,4.0,4.0
vq,1,1,378,0.5204390152295431,0.367551128466924,0.15288788457711538,0.3625827723244826,0.3625827723244826,0.0,4.0,4.0
vq,1,1,379,0.5095114850997925,0.3543974272410075,0.15511405527591704,0.3691774558275938,0.3691774558275938,0.0,4.0,4.0
vq,1,1,380,0.548928058942159,0.3871555916468302,0.16177246828873953,0.3617421820759773,0.3617421820759773,0.0,4.0,4.0
vq,1,1,381,0.5242249826590221,0.3629142916202545,0.1613106910387675,0.35578115853170555,0.35578115853170555,0.0,4.0,4.0
vq,1,1,382,0.5283767628669739,0.36402371287345886,0.16435306111971537,0.35238020911812784,0.35238020911812784,0.0,4.0,4.0
vq,1,1,383,0.5686630447705586,0.38633318662643434,0.18232985436916352,0.3743438186496496,0.3743438186496496,0.0,4.0,4.0
vq,1,1,384,0.518214381535848,0.35183780471483866,0.16637657205263773,0.3550313928971688,0.3550313928971688,0.0,4.0,4.0
vq,1,1,385,0.5756424101193746,0.3936818587779999,0.1819605561097463,0.3543147953599691,0.3543147953599691,0.0,4.0,4.0
vq,1,1,386,0.558034151395162,0.3770280635356903,0.18100608627001444,0.379419332370162,0.379419332370162,0.0,4.0,4.0
vq,1,1,387,0.5529278484980266,0.3828510423501333,0.1700768067439397,0.3612885334342718,0.3612885334342718,0.0,4.0,4.0
vq,1,1,388,0.5653428208827972,0.3870704718430837,0.1782723569869995,0.3518996188789606,0.3518996188789606,0.0,4.0,4.0
vq,1,1,389,0.5354873530069987,0.3630148899555206,0.17247247576713562,0.3518628142029047,0.3518628142029047,0.0,4.0,4.0
vq,1,1,390,0.5519480816523235,0.3787279830376307,0.17322010397911072,0.35448399422069393,0.35448399422069393,0.0,4.0,4.0
vq,1,1,391,0.5726129599412282,0.3985381861527761,0.17407476425170898,0.35538266219198705,0.35538266219198705,0.0,4.0,4.0
vq,1,1,392,0.5454688803354899,0.3719686150550842,0.17350025673707326,0.3555308842410644,0.3555308842410644,0.0,4.0,4.0
vq,1,1,393,0.5482111891110738,0.37075090607007344,0.17746028045813242,0.365188587953647,0.365188587953647,0.0,4.0,4.0
vq,1,1,394,0.5464950879414876,0.3725186868508657,0.17397640585899354,0.35763183707992235,0.35763183707992235,0.0,4.0,4.0
vq,1,1,395,0.5594988958040873,0.3761973977088928,0.1833014965057373,0.36658757969737055,0.36658757969737055,0.0,4.0,4.0
vq,1,1,396,0.5879319063822428,0.4032182685534159,0.18471363306045532,0.3751489968101184,0.3751489968101184,0.0,4.0,4.0
vq,1,1,397,0.5450315602620442,0.367766117254893,0.17726543923219046,0.37682384726901846,0.37682384726901846,0.0,4.0,4.0
vq,1,1,398,0.5491847864786784,0.384851998090744,0.16433278997739156,0.3725339928269386,0.3725339928269386,0.0,4.0,4.0
vq,1,1,399,0.5426385903358459,0.3765524697303772,0.16608613073825837,0.37311048835515975,0.37311048835515975,0.0,4.0,4.0
vq,1,1,400,0.5834974165757497,0.399194051027298,0.18430337190628052,0.38184922143816946,0.38184922143816946,0.0,4.0,4.0
vq,1,1,401,0.5664122279485067,0.39086305260658266,0.17554917216300964,0.38977135735253493,0.38977135735253493,0.0,4.0,4.0
vq,1,1,402,0.5536409413814545,0.3793123630682627,0.17432856877644856,0.36211286606887977,0.36211286606887977,0.0,4.0,4.0
vq,1,1,403,0.5667504787445068,0.3848406640688578,0.1819098178545634,0.39708733730018136,0.39708733730018136,0.0,4.0,4.0
vq,1,1,404,0.53713525613149,0.36791174252827963,0.16922350883483886,0.35992640115320684,0.35992640115320684,0.0,4.0,4.0
vq,1,1,405,0.5621919393539428,0.38130032539367675,0.18089160084724426,0.3637232628464699,0.3637232628464699,0.0,4.0,4.0
vq,1,1,406,0.5904392111301422,0.40351468523343403,0.18692451635996502,0.3743538748472929,0.3743538748472929,0.0,4.0,4.0
vq,1,1,407,0.5685316117604574,0.38439801454544065,0.18413359602292378,0.36803577055533726,0.36803577055533726,0.0,4.0,4.0
vq,1,1,408,0.5924010515213013,0.40087209184964495,0.19152896285057067,0.40148232914507387,0.40148232914507387,0.0,4.0,4.0
vq,1,1,409,0.5639306298891703,0.3832444683710734,0.1806861561536789,0.3820187388112148,0.3820187388112148,0.0,4.0,4.0
vq,1,1,410,0.5732220268249512,0.375887459119161,0.19733455856641133,0.39433797642588614,0.39433797642588614,0.0,4.0,4.0
vq,1,1,411,0.6122291294733683,0.41845973014831545,0.19376939813296,0.415415744210283,0.415415744210283,0.0,4.0,4.0
vq,1,1,412,0.5959027314186096,0.40761397778987885,0.18828876535097758,0.38273916885256765,0.38273916885256765,0.0,4.0,4.0
vq,1,1,413,0.6227783115704855,0.4370978160699209,0.18568049709002177,0.4367614672333002,0.4367614672333002,0.0,4.0,4.0
vq,1,1,414,0.5812227344512939,0.40543872515360513,0.17578399618466695,0.393311726351579,0.393311726351579,0.0,4.0,4.0
vq,1,1,415,0.5438168676694234,0.37739909887313844,0.16641776402791342,0.3932457336286704,0.3932457336286704,0.0,4.0,4.0
vq,1,1,416,0.5707955702145895,0.40742114663124085,0.163374432126681,0.3886730320006609,0.3886730320006609,0.0,4.0,4.0
vq,1,1,417,0.5801855874061584,0.41817710796991986,0.16200847566127777,0.4161018587152163,0.4161018587152163,0.0,4.0,4.0
vq,1,1,418,0.5421493526299794,0.3896477703253428,0.15250157753626506,0.40257993375261625,0.40257993375261625,0.0,4.0,4.0
vq,1,1,419,0.5653524883588155,0.4115550522009532,0.15379744152228036,0.40453659268716974,0.40453659268716974,0.0,4.0,4.0
vq,1,1,420,0.5389919805526734,0.3814095962047577,0.15758238275845846,0.374623385121425,0.374623385121425,0.0,4.0,4.0
vq,1,1,421,0.5967446704705556,0.41154606302579244,0.18519860744476319,0.3952942357212305,0.3952942357212305,0.0,4.0,4.0
vq,1,1,422,0.5614410722255707,0.39146870334943135,0.16997236569722493,0.4021717348943154,0.4021717348943154,0.0,4.0,4.0
vq,1,1,423,0.5582027355829875,0.3904369537035624,0.16776578028996786,0.3727780939141909,0.3727780939141909,0.0,4.0,4.0
vq,1,1,424,0.5826323604583741,0.40268129070599873,0.1799510633945465,0.3904709788908561,0.3904709788908561,0.0,4.0,4.0
vq,1,1,425,0.5496326128641764,0.38870553612709047,0.16092707773049672,0.3759413735071818,0.3759413735071818,0.0,4.0,4.0
vq,1,1,426,0.5977837045987447,0.44329805692036944,0.1544856502612432,0.3750993077705304,0.3750993077705304,0.0,4.0,4.0
vq,1,1,427,0.5896514685948689,0.4273191706339518,0.16233229915301006,0.3926303260276715,0.3926303260276715,0.0,4.0,4.0
vq,1,1,428,0.5792891820271809,0.4203495399157206,0.1589396357536316,0.39341870561242104,0.39341870561242104,0.0,4.0,4.0
vq,1,1,429,0.5932166202863057,0.43592969099680584,0.15728693723678588,0.3914924623568853,0.3914924623568853,0.0,4.0,4.0
vq,1,1,430,0.5772149483362834,0.4295235371589661,0.14769141554832457,0.40264903582632544,0.40264903582632544,0.0,4.0,4.0
vq,1,1,431,0.6010535224278768,0.44731654445330304,0.1537369881073634,0.3842798574020465,0.3842798574020465,0.0,4.0,4.0
vq,1,1,432,0.5681568729877472,0.4170335833231608,0.15112329284350076,0.3809366733580828,0.3809366733580828,0.0,4.0,4.0
vq,1,1,433,0.547097540696462,0.3990835976600647,0.14801395734151204,0.3911008913069963,0.3911008913069963,0.0,4.0,4.0
vq,1,1,434,0.5565878736972809,0.40950998187065124,0.14707788705825806,0.4141024080663919,0.4141024080663919,0.0,4.0,4.0
vq,1,1,435,0.565261017481486,0.4062257432937622,0.1590352674325307,0.39059810265898703,0.39059810265898703,0.0,4.0,4.0
vq,1,1,436,0.5673447092374165,0.40578826785087585,0.16155643661816915,0.4090218380838633,0.4090218380838633,0.0,4.0,4.0
vq,1,1,437,0.567338539759318,0.4142814755439758,0.15305705567200978,0.3801772180199623,0.3801772180199623,0.0,4.0,4.0
vq,1,1,438,0.5487196242809296,0.40797840774059296,0.14074121177196502,0.4064652286718289,0.4064652286718289,0.0,4.0,4.0
vq,1,1,439,0.5638950498898824,0.4270496761798859,0.1368453845381737,0.40448138808210693,0.40448138808210693,0.0,4.0,4.0
vq,1,1,440,0.5792919158935547,0.4411281951268514,0.13816372394561768,0.4406355867534876,0.4406355867534876,0.0,4.0,4.0
vq,1,1,441,0.5516316604614258,0.40501052141189575,0.14662113646666208,0.3764388460665941,0.3764388460665941,0.0,4.0,4.0
vq,1,1,442,0.5552248581250508,0.4008615676561991,0.1543632968266805,0.38428481077154475,0.38428481077154475,0.0,4.0,4.0
vq,1,1,443,0.571337480545044,0.4174341575304667,0.153903316060702,0.3915650685628255,0.3915650685628255,0.0,4.0,4.0
vq,1,1,444,0.5509493716557821,0.3979319226741791,0.15301745216051738,0.3742253339787324,0.3742253339787324,0.0,4.0,4.0
vq,1,1,445,0.582818337281545,0.4217380873362223,0.16108023663361867,0.3945581065615018,0.3945581065615018,0.0,4.0,4.0
vq,1,1,446,0.5826432224114736,0.43100369493166607,0.1516395322481791,0.4175039573510488,0.4175039573510488,0.0,4.0,4.0
vq,1,1,447,0.5429242261250814,0.4014735599358877,0.14145066301027934,0.36281120280424756,0.36281120280424756,0.0,4.0,4.0
vq,1,1,448,0.5857591819763184,0.4326804582277934,0.1530787209669749,0.4169157253950834,0.4169157253950834,0.0,4.0,4.0
vq,1,1,449,0.5393678585688273,0.3915954697132111,0.14777238527933756,0.38358781586090723,0.38358781586090723,0.0,4.0,4.0
vq,1,1,450,0.5712882725397745,0.4195978832244873,0.15169039527575176,0.3852547256896893,0.3852547256896893,0.0,4.0,4.0
vq,1,1,451,0.5625752154986063,0.408856760263443,0.15371844828128814,0.3912480278064807,0.3912480278064807,0.0,4.0,4.0
vq,1,1,452,0.5520831807454427,0.4011511631806691,0.15093201657136282,0.39289165774981183,0.39289165774981183,0.0,4.0,4.0
vq,1,1,453,0.5729493125279744,0.4163984517256419,0.1565508586168289,0.4538575709362825,0.4538575709362825,0.0,4.0,4.0
vq,1,1,454,0.5473488728205363,0.39864299376805623,0.14870588183403016,0.3982998021195332,0.3982998021195332,0.0,4.0,4.0
vq,1,1,455,0.5495429563522339,0.3974628539880117,0.1520801011721293,0.40547444120049475,0.40547444120049475,0.0,4.0,4.0
vq,1,1,456,0.5540788578987121,0.4036671094099681,0.1504117516676585,0.3986806986729304,0.3986806986729304,0.0,4.0,4.0
vq,1,1,457,0.5708825604120891,0.4161115491390228,0.1547710140546163,0.39499987597266834,0.39499987597266834,0.0,4.0,4.0
vq,1,1,458,0.5421149682998657,0.3881542456150055,0.15396072268486022,0.38640376716852187,0.38640376716852187,0.0,4.0,4.0
vq,1,1,459,0.5528821444511414,0.39482526938120527,0.1580568665266037,0.3894761590907971,0.3894761590907971,0.0,4.0,4.0
vq,1,1,460,0.57054674466451,0.41113744258880613,0.1594092998902003,0.4068835591276487,0.4068835591276487,0.0,4.0,4.0
vq,1,1,461,0.5523653634389242,0.39542853871981304,0.15693682312965393,0.39432132403055825,0.39432132403055825,0.0,4.0,4.0
vq,1,1,462,0.5678410498301188,0.40657673875490824,0.16126431008179984,0.39814965923627216,0.39814965923627216,0.0,4.0,4.0
vq,1,1,463,0.5632177058855693,0.4055480333169301,0.15766967097918191,0.4017414969454209,0.4017414969454209,0.0,4.0,4.0
vq,1,1,464,0.587341312567393,0.4246512182553609,0.16269008735815685,0.4064074361075958,0.4064074361075958,0.0,4.0,4.0
vq,1,1,465,0.5618109353383383,0.40054383178551994,0.16126710096995037,0.3999257023135821,0.3999257023135821,0.0,4.0,4.0
vq,1,1,466,0.5538054005304972,0.38435577670733134,0.1694496238231659,0.3883783879627784,0.3883783879627784,0.0,4.0,4.0
vq,1,1,467,0.5700864164034526,0.39938973387082416,0.17069668153921763,0.3757678188383579,0.3757678188383579,0.0,4.0,4.0
vq,1,1,468,0.5658237918217977,0.39352054874102277,0.17230324526627858,0.39386602965493994,0.39386602965493994,0.0,4.0,4.0
vq,1,1,469,0.5742443037033081,0.407776825428009,0.16646748661994934,0.37601687883337337,0.37601687883337337,0.0,4.0,4.0
vq,1,1,470,0.5673363455136617,0.3937709673245748,0.17356537759304047,0.3711950874576966,0.3711950874576966,0.0,4.0,4.0
vq,1,1,471,0.5924717338879903,0.42124064326286315,0.1712310928106308,0.3877988975991805,0.3877988975991805,0.0,4.0,4.0
vq,1,1,472,0.5370463800430297,0.36564651409784954,0.1713998621702194,0.36229799283047515,0.36229799283047515,0.0,4.0,4.0
vq,1,1,473,0.5813200187683105,0.4081470759709676,0.17317294538021089,0.3723668003330628,0.3723668003330628,0.0,4.0,4.0
vq,1,1,474,0.5641055138905843,0.38269283294677736,0.18141266862551372,0.36473177211980023,0.36473177211980023,0.0,4.0,4.0
vq,1,1,475,0.5999927735328674,0.41716294566790263,0.18282982528209688,0.37903261254231135,0.37903261254231135,0.0,4.0,4.0
vq,1,1,476,0.5575486000378926,0.3801400077342987,0.17740858912467958,0.4039225733776887,0.4039225733776887,0.0,4.0,4.0
vq,1,1,477,0.5689693856239318,0.389670885403951,0.17929849485556285,0.38191760358711085,0.38191760358711085,0.0,4.0,4.0
vq,1,1,478,0.5779335149129232,0.3873026788234711,0.1906308360894521,0.3849392329653104,0.3849392329653104,0.0,4.0,4.0
vq,1,1,479,0.5838104009628295,0.39528830130894976,0.18852210919062296,0.41466389355560146,0.41466389355560146,0.0,4.0,4.0
vq,1,1,480,0.5709808826446533,0.3832635207970937,0.1877173666159312,0.39436919197440146,0.39436919197440146,0.0,4.0,4.0
vq,1,1,481,0.5982345032691956,0.40343916257222495,0.19479534327983855,0.40058763508995376,0.40058763508995376,0.0,4.0,4.0
vq,1,1,482,0.5715474367141724,0.3789413877328237,0.1926060511668523,0.3927070864786704,0.3927070864786704,0.0,4.0,4.0
vq,1,1,483,0.5557906031608582,0.3613181130091349,0.1944724816083908,0.354740811213851,0.354740811213851,0.0,4.0,4.0
vq,1,1,484,0.6065987348556519,0.4095097517967224,0.19708898623784382,0.36749317673345405,0.36749317673345405,0.0,4.0,4.0
vq,1,1,485,0.5547483913103739,0.3653447312116623,0.18940365592638653,0.3580975444366535,0.3580975444366535,0.0,4.0,4.0
vq,1,1,486,0.595425877571106,0.400287667910258,0.19513820429642995,0.3929227793465058,0.3929227793465058,0.0,4.0,4.0
vq,1,1,487,0.5722941517829895,0.3823233703772227,0.18997078041235607,0.3835314052055279,0.3835314052055279,0.0,4.0,4.0
vq,1,1,488,0.5941779963175455,0.396742417216301,0.19743557532628378,0.38619109978278476,0.38619109978278476,0.0,4.0,4.0
vq,1,1,489,0.5820461078484853,0.39313074390093483,0.18891536712646484,0.367757879520456,0.367757879520456,0.0,4.0,4.0
vq,1,1,490,0.6276806092262268,0.4267970073223114,0.2008836152156194,0.39422289182742437,0.39422289182742437,0.0,4.0,4.0
vq,1,1,491,0.6130551759401958,0.41447796165943146,0.1985772200425466,0.48173252592484156,0.48173252592484156,0.0,4.0,4.0
vq,1,1,492,0.5465767780939738,0.3662456872065862,0.18033108552296956,0.42613635284205276,0.42613635284205276,0.0,4.0,4.0
vq,1,1,493,0.5903812607129415,0.4057565474510193,0.1846247180302938,0.36020133808255195,0.36020133808255195,0.0,4.0,4.0
vq,1,1,494,0.5809220918019613,0.39583556294441224,0.18508652885754903,0.418907615095377,0.418907615095377,0.0,4.0,4.0
vq,1,1,495,0.5788131936391194,0.379682839512825,0.19913035412629446,0.37399138798316317,0.37399138798316317,0.0,4.0,4.0
vq,1,1,496,0.6236338647206624,0.43965675274531046,0.18397710502147674,0.4346426701297363,0.4346426701297363,0.0,4.0,4.0
vq,1,1,497,0.5880257733662924,0.41126749952634173,0.17675827185312906,0.42872876971960067,0.42872876971960067,0.0,4.0,4.0
vq,1,1,498,0.5368488534291586,0.3639505167802175,0.17289834042390187,0.3627224911004305,0.3627224911004305,0.0,4.0,4.0
vq,1,1,499,0.5607066102822622,0.381742357412974,0.17896424810091655,0.3552186268568039,0.3552186268568039,0.0,4.0,4.0
vq,1,1,500,0.5502460439999898,0.36713849047819774,0.18310755292574565,0.3514108772824208,0.3514108772824208,0.0,4.0,4.0
vq,1,2,1,4.501789433288574,4.476078455352783,0.02571095132827759,4.115088953399658,4.115088953399658,0.0,2.0,2.0
vq,1,2,2,3.882379529571533,3.8304222827911376,0.05195725362300873,3.928473844909668,3.928473844909668,0.0,2.0,2.0
vq,1,2,3,3.3985055839538574,3.2808190380096436,0.11768654613494874,3.308683871841431,3.308683871841431,0.0,2.0,2.0
vq,1,2,4,3.0075853713989256,2.852214155960083,0.15537118442058565,2.7363635684967043,2.7363635684967043,0.0,2.0,2.0
vq,1,2,5,2.565550257110596,2.4763362617492675,0.08921399521827698,2.3167272281646727,2.3167272281646727,0.0,2.0,2.0
vq,1,2,6,2.3031578453063966,2.227480172920227,0.07567767207622528,2.063556662368774,2.063556662368774,0.0,2.0,2.0
vq,1,2,7,2.0615885387420656,1.9971170318603515,0.06447153978347778,1.8704166301727294,1.8704166301727294,0.0,2.0,2.0
vq,1,2,8,1.8798120292663574,1.8103729932785033,0.06943903389573097,1.6979236194610596,1.6979236194610596,0.0,2.0,2.0
vq,1,2,9,1.7117820852279664,1.6545017232894899,0.057280366921424866,1.5601029438018799,1.5601029438018799,0.0,2.0,2.0
vq,1,2,10,1.589651915359497,1.5294685583114624,0.0601833467900753,1.439375821495056,1.439375821495056,0.0,2.0,2.0
vq,1,2,11,1.465777067565918,1.4128821269989014,0.05289492855668068,1.3404450155258179,1.3404450155258179,0.0,2.0,2.0
vq,1,2,12,1.3675958475112915,1.327153179550171,0.04044266192317009,1.2455128164291382,1.2455128164291382,0.0,2.0,2.0
vq,1,2,13,1.285462248802185,1.2378155279159546,0.04764672317504883,1.179527218055725,1.179527218055725,0.0,2.0,2.0
vq,1,2,14,1.224183568763733,1.1753995441436769,0.04878399735689163,1.1204276308059693,1.1204276308059693,0.0,2.0,2.0
vq,1,2,15,1.159044240951538,1.116618077468872,0.04242616758942604,1.0537658517837525,1.0537658517837525,0.0,2.0,2.0
vq,1,2,16,1.1140441667556762,1.0657742393493652,0.048269918835163114,1.0150838115692138,1.0150838115692138,0.0,2.0,2.0
vq,1,2,17,1.044970782661438,1.012263714027405,0.03270705231428146,0.9785531347274781,0.9785531347274781,0.0,2.0,2.0
vq,1,2,18,1.0395969261169433,0.989003860282898,0.05059305486083031,0.9428818460464478,0.9428818460464478,0.0,2.0,2.0
vq,1,2,19,0.988863437461853,0.9589495225906373,0.029913905370235444,0.9280274839401245,0.9280274839401245,0.0,2.0,2.0
vq,1,2,20,0.9857896594047546,0.9323554753303528,0.05343417196571827,0.9008786640167237,0.9008786640167237,0.0,2.0,2.0
vq,1,2,21,0.9412398427963257,0.9137808560371399,0.027458976846933363,0.8841732034683227,0.8841732034683227,0.0,2.0,2.0
vq,1,2,22,0.9276568818092347,0.8829335463523865,0.044723327019810674,0.8428160331726074,0.8428160331726074,0.0,2.0,2.0
vq,1,2,23,0.8953713523864746,0.8666379124641418,0.028733430182933808,0.8445913673400879,0.8445913673400879,0.0,2.0,2.0
vq,1,2,24,0.8873471876144409,0.8481685086250306,0.03917867751717567,0.8120018848419189,0.8120018848419189,0.0,2.0,2.0
vq,1,2,25,0.857822559261322,0.8288147921562194,0.029007759061455727,0.8113300825119019,0.8113300825119019,0.0,2.0,2.0
vq,1,2,26,0.8536089208602905,0.8225681522369385,0.03104077050983906,0.7922140012741089,0.7922140012741089,0.0,2.0,2.0
vq,1,2,27,0.8541678651809692,0.8240659947395325,0.03010186358690262,0.7928983999252319,0.7928983999252319,0.0,2.0,2.0
vq,1,2,28,0.8459923197746276,0.812133477306366,0.033858830586075785,0.7777004114151,0.7777004114151,0.0,2.0,2.0
vq,1,2,29,0.8258174032211304,0.8005025189399719,0.025314880710840225,0.7699545343399048,0.7699545343399048,0.0,2.0,2.0
vq,1,2,30,0.8284327340126038,0.7988536748886108,0.029579055726528167,0.7606842555999755,0.7606842555999755,0.0,2.0,2.0
vq,1,2,31,0.8214909498214722,0.7899366767883301,0.031554276591539386,0.7542460578918457,0.7542460578918457,0.0,2.0,2.0
vq,1,2,32,0.8085876217842102,0.7790306030273437,0.02955702251791954,0.7571587196350098,0.7571587196350098,0.0,2.0,2.0
vq,1,2,33,0.8063895038604736,0.7759620251655579,0.030427473610639574,0.7455878730773926,0.7455878730773926,0.0,2.0,2.0
vq,1,2,34,0.8139026169776916,0.778343285560608,0.03555933374166489,0.7492753616333008,0.7492753616333008,0.0,2.0,2.0
vq,1,2,35,0.8031766286849975,0.7746449772834778,0.0285316528737545,0.7443583965301513,0.7443583965301513,0.0,2.0,2.0
vq,1,2,36,0.8003119475364685,0.7653968735694885,0.034915077611804006,0.7322079961776733,0.7322079961776733,0.0,2.0,2.0
vq,1,2,37,0.7996615526199341,0.7656300621986389,0.03403149988055229,0.7269370158195496,0.7269370158195496,0.0,2.0,2.0
vq,1,2,38,0.7950169267654419,0.7572362285614014,0.037780706799030304,0.7290708366394043,0.7290708366394043,0.0,2.0,2.0
vq,1,2,39,0.7882451083183288,0.7529573572158813,0.03528775295615196,0.7222486328125,0.7222486328125,0.0,2.0,2.0
vq,1,2,40,0.7827338949203492,0.7486734442710876,0.034060450056195256,0.7143885632514954,0.7143885632514954,0.0,2.0,2.0
vq,1,2,41,0.7900693912506104,0.7555182377815246,0.03455116209983826,0.7144451962471008,0.7144451962471008,0.0,2.0,2.0
vq,1,2,42,0.7864399657249451,0.7498427548408508,0.03659720949530602,0.710937315273285,0.710937315273285,0.0,2.0,2.0
vq,1,2,43,0.7818906959533691,0.7431677028656006,0.03872299693822861,0.7181382369995117,0.7181382369995117,0.0,2.0,2.0
vq,1,2,44,0.7869075275421142,0.7468558501243592,0.04005166894495487,0.7105988988876343,0.7105988988876343,0.0,2.0,2.0
vq,1,2,45,0.7781867065429687,0.7392070362091064,0.03897968386411667,0.7114356472969056,0.7114356472969056,0.0,2.0,2.0
vq,1,2,46,0.7762630958557128,0.737522539138794,0.03874055219292641,0.7079394598960876,0.7079394598960876,0.0,2.0,2.0
vq,1,2,47,0.7737258715629578,0.7324767219543457,0.041249150598049164,0.6980988204002381,0.6980988204002381,0.0,2.0,2.0
vq,1,2,48,0.779266716003418,0.7371237293243408,0.0421429874509573,0.7095839303016662,0.7095839303016662,0.0,2.0,2.0
vq,1,2,49,0.7755897205352783,0.7346045177459717,0.04098520432710648,0.702469973564148,0.702469973564148,0.0,2.0,2.0
vq,1,2,50,0.7654714977264404,0.730631978225708,0.034839517098665236,0.6936970143318176,0.6936970143318176,0.0,2.0,2.0
vq,1,2,51,0.7643991134643555,0.7294107047080993,0.03498841099143028,0.7122826608657837,0.7122826608657837,0.0,2.0,2.0
vq,1,2,52,0.77294177236557,0.7285505669593811,0.04439120690822601,0.6984378176689148,0.6984378176689148,0.0,2.0,2.0
vq,1,2,53,0.7759331237792969,0.7315575841903686,0.04437553519010544,0.7058246366500854,0.7058246366500854,0.0,2.0,2.0
vq,1,2,54,0.7661006029129028,0.7189227765083313,0.04717782469987869,0.694321217250824,0.694321217250824,0.0,2.0,2.0
vq,1,2,55,0.7761890301704407,0.7284010025978088,0.047788026452064515,0.701108276939392,0.701108276939392,0.0,2.0,2.0
vq,1,2,56,0.7774438426017761,0.7309746938705445,0.046469143098592756,0.7006487512588501,0.7006487512588501,0.0,2.0,2.0
vq,1,2,57,0.7727481029510498,0.732570823764801,0.040177273440361025,0.6852049131393433,0.6852049131393433,0.0,2.0,2.0
vq,1,2,58,0.7630721244812012,0.7209933417320251,0.042078778260946276,0.6958506484985352,0.6958506484985352,0.0,2.0,2.0
vq,1,2,59,0.7809597429275512,0.7308580969810485,0.050101650840044025,0.686518947315216,0.686518947315216,0.0,2.0,2.0
vq,1,2,60,0.7662375261306763,0.7233035647392273,0.04293396036028862,0.6886713232040406,0.6886713232040406,0.0,2.0,2.0
vq,1,2,61,0.7813772965431214,0.7290484433174134,0.052328854548931124,0.6902999870300293,0.6902999870300293,0.0,2.0,2.0
vq,1,2,62,0.7629931756019592,0.7189965357780457,0.0439966426730156,0.6871334224700928,0.6871334224700928,0.0,2.0,2.0
vq,1,2,63,0.7567615407943725,0.7150670146942139,0.041694524216651915,0.696415062046051,0.696415062046051,0.0,2.0,2.0
vq,1,2,64,0.7762879817008972,0.7212319005012512,0.05505608028173447,0.6808858723640442,0.6808858723640442,0.0,2.0,2.0
vq,1,2,65,0.7565961215019226,0.706655334854126,0.04994078397750854,0.6778510316848755,0.6778510316848755,0.0,2.0,2.0
vq,1,2,66,0.7476353638648987,0.6979491130828858,0.04968624981641769,0.6735543979644776,0.6735543979644776,0.0,2.0,2.0
vq,1,2,67,0.7659631812095642,0.708398369026184,0.057564809399843216,0.6931208765029907,0.6931208765029907,0.0,2.0,2.0
vq,1,2,68,0.7658964787483216,0.7142967199325562,0.05159976523518562,0.6831534942626953,0.6831534942626953,0.0,2.0,2.0
vq,1,2,69,0.7688584595680237,0.7163685180664062,0.05248993894457817,0.6794038499832153,0.6794038499832153,0.0,2.0,2.0
vq,1,2,70,0.768014882850647,0.7159138135910034,0.0521010635137558,0.679660137462616,0.679660137462616,0.0,2.0,2.0
vq,1,2,71,0.7526430137634277,0.7058242255210877,0.04681877976059914,0.6813870409965516,0.6813870409965516,0.0,2.0,2.0
vq,1,2,72,0.7620011729240418,0.706291534614563,0.055709635412693026,0.6705250762939453,0.6705250762939453,0.0,2.0,2.0
vq,1,2,73,0.7583711913108826,0.707039140510559,0.05133204830884933,0.6780867737770081,0.6780867737770081,0.0,2.0,2.0
vq,1,2,74,0.7503613186836242,0.7030440197944641,0.04731729076504707,0.6681650064468384,0.6681650064468384,0.0,2.0,2.0
vq,1,2,75,0.7673496746063232,0.7097152617454529,0.057634414052963254,0.6787273447036744,0.6787273447036744,0.0,2.0,2.0
vq,1,2,76,0.7672857258796691,0.7071540621757507,0.06013167115449906,0.6695945892333984,0.6695945892333984,0.0,2.0,2.0
vq,1,2,77,0.7376632561683655,0.6875540628433228,0.05010919669270515,0.6713864591598511,0.6713864591598511,0.0,2.0,2.0
vq,1,2,78,0.7709863243103028,0.7106825510025024,0.06030377887487411,0.6660557446479798,0.6660557446479798,0.0,2.0,2.0
vq,1,2,79,0.7600453804016113,0.7070203447341918,0.05302503319978714,0.679075133228302,0.679075133228302,0.0,2.0,2.0
vq,1,2,80,0.7544567648887635,0.7028486779212951,0.05160809075832367,0.6655142473220825,0.6655142473220825,0.0,2.0,2.0
vq,1,2,81,0.7554443143844605,0.6967474187850952,0.05869689908027649,0.6752524694442749,0.6752524694442749,0.0,2.0,2.0
vq,1,2,82,0.7531295200347901,0.69858537940979,0.05454414029121399,0.6660141185760498,0.6660141185760498,0.0,2.0,2.0
vq,1,2,83,0.739412124633789,0.6870385357856751,0.05237358429431915,0.663877268409729,0.663877268409729,0.0,2.0,2.0
vq,1,2,84,0.7578006315231324,0.6949080198287964,0.06289261748194694,0.674709020614624,0.674709020614624,0.0,2.0,2.0
vq,1,2,85,0.768597946357727,0.708466492176056,0.060131448978185655,0.6600142244338989,0.6600142244338989,0.0,2.0,2.0
vq,1,2,86,0.7427838305473328,0.6910281971931458,0.05175563600063324,0.6678555260658264,0.6678555260658264,0.0,2.0,2.0
vq,1,2,87,0.7529770406723022,0.6875927626609802,0.06538427745103836,0.6762381484031678,0.6762381484031678,0.0,2.0,2.0
vq,1,2,88,0.7489834613800049,0.6998123658180236,0.049171102744340896,0.6617661012649536,0.6617661012649536,0.0,2.0,2.0
vq,1,2,89,0.7500790091514588,0.6964453969955444,0.05363361514210701,0.662938093662262,0.662938093662262,0.0,2.0,2.0
vq,1,2,90,0.7588851890563965,0.6920293586730957,0.06685582786798477,0.6616418652534485,0.6616418652534485,0.0,2.0,2.0
vq,1,2,91,0.7400712014198303,0.6873383688926696,0.05273282985687256,0.6593077361106873,0.6593077361106873,0.0,2.0,2.0
vq,1,2,92,0.7510132424354553,0.6871438957214355,0.06386934554576874,0.6473280673027039,0.6473280673027039,0.0,2.0,2.0
vq,1,2,93,0.7530397070884705,0.687651950454712,0.06538775030374527,0.643846768951416,0.643846768951416,0.0,2.0,2.0
vq,1,2,94,0.7303180934906006,0.6764582815170288,0.05385981410741806,0.6451321979522705,0.6451321979522705,0.0,2.0,2.0
vq,1,2,95,0.7465418280601501,0.6871082816123962,0.05943355214595795,0.6458913199424744,0.6458913199424744,0.0,2.0,2.0
vq,1,2,96,0.7562697137832641,0.6922415315628052,0.06402817826867103,0.6453602392196656,0.6453602392196656,0.0,2.0,2.0
vq,1,2,97,0.7456753513336182,0.686406631565094,0.0592687271296978,0.653248744392395,0.653248744392395,0.0,2.0,2.0
vq,1,2,98,0.7384467423439026,0.6780901020050049,0.06035664471387863,0.6532078698158265,0.6532078698158265,0.0,2.0,2.0
vq,1,2,99,0.7483538887023926,0.6910225697517395,0.05733131203651428,0.6567733902931213,0.6567733902931213,0.0,2.0,2.0
vq,1,2,100,0.752003357219696,0.6885525098800659,0.06345084731578828,0.6503389352798462,0.6503389352798462,0.0,2.0,2.0
vq,1,2,101,0.7336809831619263,0.6777679105758667,0.05591306481957436,0.6467227602005005,0.6467227602005005,0.0,2.0,2.0
vq,1,2,102,0.7415660033226014,0.6763195903778076,0.06524641749858856,0.6457039574623108,0.6457039574623108,0.0,2.0,2.0
vq,1,2,103,0.7381112564086914,0.6761117764472961,0.06199946898818016,0.6509586275100708,0.6509586275100708,0.0,2.0,2.0
vq,1,2,104,0.7600386743545532,0.6979377964019775,0.062100885808467864,0.6519755722045898,0.6519755722045898,0.0,2.0,2.0
vq,1,2,105,0.728891107559204,0.6701131554603577,0.05877796186208725,0.6465938389778138,0.6465938389778138,0.0,2.0,2.0
vq,1,2,106,0.7287195986747742,0.6687532647132873,0.059966326308250426,0.6475960660934448,0.6475960660934448,0.0,2.0,2.0
vq,1,2,107,0.7430370271682739,0.6800669867515564,0.0629700434923172,0.6462770351409912,0.6462770351409912,0.0,2.0,2.0
vq,1,2,108,0.739977689743042,0.6785973212242127,0.06138036863207817,0.6433354416847229,0.6433354416847229,0.0,2.0,2.0
vq,1,2,109,0.7364529861450195,0.6718362282752991,0.06461675264239311,0.6396883722305298,0.6396883722305298,0.0,2.0,2.0
vq,1,2,110,0.729146462059021,0.6709678692817688,0.05817859488725662,0.6448949257850647,0.6448949257850647,0.0,2.0,2.0
vq,1,2,111,0.7440811298370361,0.6818105680465698,0.06227056241631508,0.6521412749290466,0.6521412749290466,0.0,2.0,2.0
vq,1,2,112,0.7407495011329651,0.6755390090942383,0.06521049286723136,0.6365886643409729,0.6365886643409729,0.0,2.0,2.0
vq,1,2,113,0.7411998736381531,0.6817179862976074,0.05948188790082932,0.6345987664222718,0.6345987664222718,0.0,2.0,2.0
vq,1,2,114,0.736454658985138,0.6781834851264954,0.05827117462158203,0.6439819724082947,0.6439819724082947,0.0,2.0,2.0
vq,1,2,115,0.731764602470398,0.6734402034759521,0.05832439533472061,0.6337936414718628,0.6337936414718628,0.0,2.0,2.0
vq,1,2,116,0.7399375224113465,0.6769873585700988,0.06295016193389892,0.6378888338088989,0.6378888338088989,0.0,2.0,2.0
vq,1,2,117,0.7325283297538757,0.6720940861701965,0.06043423449397087,0.6415109689712525,0.6415109689712525,0.0,2.0,2.0
vq,1,2,118,0.73154266872406,0.6755665599822998,0.05597611176967621,0.6384550064086915,0.6384550064086915,0.0,2.0,2.0
vq,1,2,119,0.7240710295677185,0.66040912399292,0.06366191158890724,0.6395427886962891,0.6395427886962891,0.0,2.0,2.0
vq,1,2,120,0.7242997771263122,0.6675015100479126,0.056798259627819064,0.6381542863845825,0.6381542863845825,0.0,2.0,2.0
vq,1,2,121,0.7250515925407409,0.665636835861206,0.05941476390361786,0.6453981008529663,0.6453981008529663,0.0,2.0,2.0
vq,1,2,122,0.7349812604904175,0.6712443404197693,0.063736921864748,0.6441111877441407,0.6441111877441407,0.0,2.0,2.0
vq,1,2,123,0.7398631145477295,0.6767683499336242,0.06309476389884949,0.6403259901046753,0.6403259901046753,0.0,2.0,2.0
vq,1,2,124,0.7440069308280944,0.6825669237136841,0.061440004801750187,0.6402501725196839,0.6402501725196839,0.0,2.0,2.0
vq,1,2,125,0.7342126587867737,0.6699963125228882,0.06421634718179703,0.6328387512207031,0.6328387512207031,0.0,2.0,2.0
vq,1,2,126,0.7378961989402771,0.673068710899353,0.06482747783064842,0.6296613174438477,0.6296613174438477,0.0,2.0,2.0
vq,1,2,127,0.7302416055679322,0.6659951086997986,0.0642464966416359,0.6309016582489013,0.6309016582489013,0.0,2.0,2.0
vq,1,2,128,0.7221389678955078,0.661041928577423,0.06109704228043556,0.6308241762161255,0.6308241762161255,0.0,2.0,2.0
vq,1,2,129,0.7290264240264892,0.6673474443435669,0.061678981947898864,0.6267972444534302,0.6267972444534302,0.0,2.0,2.0
vq,1,2,130,0.7212504318237305,0.6607190237045288,0.060531403517723084,0.6329052448272705,0.6329052448272705,0.0,2.0,2.0
vq,1,2,131,0.7316798726081848,0.6617052132606507,0.06997466260194779,0.6308020320892334,0.6308020320892334,0.0,2.0,2.0
vq,1,2,132,0.726101978969574,0.6614444261550904,0.06465754163861274,0.6339937150001526,0.6339937150001526,0.0,2.0,2.0
vq,1,2,133,0.7242380451202393,0.660275978565216,0.06396206785440445,0.6336620341300965,0.6336620341300965,0.0,2.0,2.0
vq,1,2,134,0.7319685294151306,0.6657556144714355,0.06621291597485543,0.6338135120391846,0.6338135120391846,0.0,2.0,2.0
vq,1,2,135,0.7216110064506531,0.6558216738700867,0.06578933197259904,0.6320335916519165,0.6320335916519165,0.0,2.0,2.0
vq,1,2,136,0.7182911212921143,0.651303157043457,0.06698797371983528,0.6296166421890259,0.6296166421890259,0.0,2.0,2.0
vq,1,2,137,0.7179846865653992,0.6536458497047424,0.06433883823156357,0.630652499961853,0.630652499961853,0.0,2.0,2.0
vq,1,2,138,0.7260405418395997,0.6609034418106079,0.0651371097445488,0.6204455057144165,0.6204455057144165,0.0,2.0,2.0
vq,1,2,139,0.7221581808090209,0.6552385014533997,0.06691968222856522,0.6198905913352967,0.6198905913352967,0.0,2.0,2.0
vq,1,2,140,0.7143201740264893,0.6517594696044922,0.06256071016788482,0.6274619302749633,0.6274619302749633,0.0,2.0,2.0
vq,1,2,141,0.7193268724441528,0.6595440740585328,0.05978278976678848,0.6286809576034545,0.6286809576034545,0.0,2.0,2.0
vq,1,2,142,0.7130601492881775,0.65123917760849,0.06182097771763802,0.6331021761894227,0.6331021761894227,0.0,2.0,2.0
vq,1,2,143,0.7184604076385498,0.6531986588478088,0.0652617447733879,0.6528165742874146,0.6528165742874146,0.0,2.0,2.0
vq,1,2,144,0.7232576126098633,0.6609882093429565,0.06226940858364105,0.6217321888923645,0.6217321888923645,0.0,2.0,2.0
vq,1,2,145,0.7196115445137024,0.6570933745384216,0.06251816965937615,0.6271314710617065,0.6271314710617065,0.0,2.0,2.0
vq,1,2,146,0.7032812229156494,0.6420109083175659,0.061270302391052245,0.6394969156265259,0.6394969156265259,0.0,2.0,2.0
vq,1,2,147,0.7250489612579346,0.6581263012886047,0.06692266362905502,0.625189522075653,0.625189522075653,0.0,2.0,2.0
vq,1,2,148,0.7085593724250794,0.6460469197273254,0.06251244789361954,0.625818465423584,0.625818465423584,0.0,2.0,2.0
vq,1,2,149,0.7109305999755859,0.6493636890411377,0.061566914570331574,0.6279167632102967,0.6279167632102967,0.0,2.0,2.0
vq,1,2,150,0.7054926521301269,0.6455980262756348,0.059894631016254425,0.6305535700798035,0.6305535700798035,0.0,2.0,2.0
vq,1,2,151,0.7059796427726746,0.6451236582756043,0.0608559934258461,0.6242350737571716,0.6242350737571716,0.0,2.0,2.0
vq,1,2,152,0.7191018590927124,0.6560632704734802,0.06303859882950782,0.6259838928222656,0.6259838928222656,0.0,2.0,2.0
vq,1,2,153,0.7029006458282471,0.6411068210601807,0.06179382492303848,0.6268462712287903,0.6268462712287903,0.0,2.0,2.0
vq,1,2,154,0.7070233870506286,0.6460391375541688,0.060984242403507236,0.6243243511199951,0.6243243511199951,0.0,2.0,2.0
vq,1,2,155,0.7075528923988342,0.6467891518592834,0.06076373551487923,0.6249470423698426,0.6249470423698426,0.0,2.0,2.0
vq,1,2,156,0.7188582702636719,0.6532049379348754,0.06565333089232445,0.6214954190254212,0.6214954190254212,0.0,2.0,2.0
vq,1,2,157,0.7206994517326355,0.6536716943740845,0.06702775576710701,0.6185301694869995,0.6185301694869995,0.0,2.0,2.0
vq,1,2,158,0.7069008456230164,0.6455829856872558,0.06131784770488739,0.6174319293022156,0.6174319293022156,0.0,2.0,2.0
vq,1,2,159,0.7236318765640258,0.6531286594390869,0.07050322040319443,0.6210243114471435,0.6210243114471435,0.0,2.0,2.0
vq,1,2,160,0.7076331975936889,0.645496419620514,0.0621367821931839,0.6272598978042603,0.6272598978042603,0.0,2.0,2.0
vq,1,2,161,0.6990427240371704,0.6419725524902343,0.057070172083377835,0.627134761428833,0.627134761428833,0.0,2.0,2.0
vq,1,2,162,0.7224395908355713,0.6559557282447815,0.06648385635018349,0.6180368315696716,0.6180368315696716,0.0,2.0,2.0
vq,1,2,163,0.7257451826095581,0.660442871761322,0.06530232272148133,0.6200144324302673,0.6200144324302673,0.0,2.0,2.0
vq,1,2,164,0.7233089981079102,0.6593146935462951,0.06399430626630784,0.616669176864624,0.616669176864624,0.0,2.0,2.0
vq,1,2,165,0.6917796606063843,0.6328564423561096,0.058923214501142504,0.6181657509803772,0.6181657509803772,0.0,2.0,2.0
vq,1,2,166,0.7125634658813477,0.644482081413269,0.06808138118982315,0.6327752345085144,0.6327752345085144,0.0,2.0,2.0
vq,1,2,167,0.7014467617988587,0.6418121206283569,0.05963463780283928,0.628541999053955,0.628541999053955,0.0,2.0,2.0
vq,1,2,168,0.7144124739646912,0.6464043543815613,0.06800811307430267,0.6264612893104553,0.6264612893104553,0.0,2.0,2.0
vq,1,2,169,0.7140587708473206,0.6488446365356445,0.06521413022875786,0.6306356122016906,0.6306356122016906,0.0,2.0,2.0
vq,1,2,170,0.7179288266181946,0.6552328245162964,0.0626959946990013,0.6091275574684143,0.6091275574684143,0.0,2.0,2.0
vq,1,2,171,0.7027920511245728,0.6448027836799621,0.05798927666544914,0.6287376308441162,0.6287376308441162,0.0,2.0,2.0
vq,1,2,172,0.7143911163330078,0.647954761505127,0.06643635969758034,0.6432772501945495,0.6432772501945495,0.0,2.0,2.0
vq,1,2,173,0.7038641296386718,0.6427218601226806,0.06114226033687591,0.6217290475845337,0.6217290475845337,0.0,2.0,2.0
vq,1,2,174,0.7044162058830261,0.6408305861473084,0.06358562754392624,0.6155337885856629,0.6155337885856629,0.0,2.0,2.0
vq,1,2,175,0.7130302978515625,0.6465295133590698,0.06650078319311142,0.6207630814552307,0.6207630814552307,0.0,2.0,2.0
vq,1,2,176,0.7112621267318726,0.6487851512908935,0.06247697241306305,0.6162664954185486,0.6162664954185486,0.0,2.0,2.0
vq,1,2,177,0.7027163288116455,0.6382832565307617,0.06443307627439498,0.6183476294517517,0.6183476294517517,0.0,2.0,2.0
vq,1,2,178,0.704719760799408,0.633050244140625,0.07166950682997704,0.6109876078605652,0.6109876078605652,0.0,2.0,2.0
vq,1,2,179,0.6953608669281006,0.6280183641433715,0.06734250664710999,0.6157439922332764,0.6157439922332764,0.0,2.0,2.0
vq,1,2,180,0.6985742608070373,0.6303883415222168,0.06818591142892838,0.6267390096664429,0.6267390096664429,0.0,2.0,2.0
vq,1,2,181,0.6926599601745606,0.6298942875862121,0.06276566689014434,0.6076872945785522,0.6076872945785522,0.0,2.0,2.0
vq,1,2,182,0.7138491716384888,0.6435411745071411,0.07030798869132995,0.6133921154022217,0.6133921154022217,0.0,2.0,2.0
vq,1,2,183,0.7027287433624267,0.6407756188392639,0.06195311554670334,0.6043468220710755,0.6043468220710755,0.0,2.0,2.0
vq,1,2,184,0.6976547414779664,0.6339799169540405,0.06367481803894043,0.6148039588928222,0.6148039588928222,0.0,2.0,2.0
vq,1,2,185,0.701128387928009,0.6373576454162597,0.06377074688673019,0.6094742397308349,0.6094742397308349,0.0,2.0,2.0
vq,1,2,186,0.703815113067627,0.6391767931938171,0.06463832691907882,0.6089141008377075,0.6089141008377075,0.0,2.0,2.0
vq,1,2,187,0.7074526478767394,0.6418324151039123,0.0656202153801918,0.6106441000938415,0.6106441000938415,0.0,2.0,2.0
vq,1,2,188,0.705983556842804,0.6363656706809998,0.0696178896188736,0.6560128185272217,0.6560128185272217,0.0,2.0,2.0
vq,1,2,189,0.6957930748939514,0.6292269198417664,0.06656616364717484,0.609600212097168,0.609600212097168,0.0,2.0,2.0
vq,1,2,190,0.6830532369613648,0.6190808891296387,0.06397235584259033,0.6070744623184204,0.6070744623184204,0.0,2.0,2.0
vq,1,2,191,0.6953259821891785,0.6304360507011414,0.06488993819952012,0.6125791001319886,0.6125791001319886,0.0,2.0,2.0
vq,1,2,192,0.7056291704177856,0.6332021060943603,0.07242705283164978,0.6072392967224121,0.6072392967224121,0.0,2.0,2.0
vq,1,2,193,0.717304666519165,0.6464385840415955,0.07086607520580292,0.6270539451599121,0.6270539451599121,0.0,2.0,2.0
vq,1,2,194,0.7091149740219116,0.6395573413848877,0.0695576280117035,0.6038167915344238,0.6038167915344238,0.0,2.0,2.0
vq,1,2,195,0.6976002263069153,0.6311474595069885,0.06645276736021041,0.6042919626235962,0.6042919626235962,0.0,2.0,2.0
vq,1,2,196,0.7014382216453552,0.6349351360321045,0.0665030899643898,0.6094774568557739,0.6094774568557739,0.0,2.0,2.0
vq,1,2,197,0.6851765113830567,0.6191856825828552,0.06599082190990448,0.6116836166381836,0.6116836166381836,0.0,2.0,2.0
vq,1,2,198,0.6967880995750427,0.6285327235221863,0.06825538675785064,0.6059797595024109,0.6059797595024109,0.0,2.0,2.0
vq,1,2,199,0.6915691738128662,0.6273195831298828,0.06424959378242492,0.6127640627861023,0.6127640627861023,0.0,2.0,2.0
vq,1,2,200,0.6957229791641235,0.6348495478630066,0.060873440569639205,0.6135966363906861,0.6135966363906861,0.0,2.0,2.0
vq,1,2,201,0.6786742184638977,0.6103775659561157,0.06829665457010269,0.6073435567855835,0.6073435567855835,0.0,2.0,2.0
vq,1,2,202,0.6949747009277344,0.6278295292854309,0.06714517785906791,0.6101936820030213,0.6101936820030213,0.0,2.0,2.0
vq,1,2,203,0.6852081072807312,0.6269690187454223,0.05823908965587616,0.6072683930397034,0.6072683930397034,0.0,2.0,2.0
vq,1,2,204,0.6957383236885071,0.6248691090583801,0.07086920946836471,0.6045107782363892,0.6045107782363892,0.0,2.0,2.0
vq,1,2,205,0.698126087474823,0.6265561084747314,0.07156998754739761,0.6059436970710754,0.6059436970710754,0.0,2.0,2.0
vq,1,2,206,0.7077506442070007,0.641721580696106,0.06602906250357628,0.622678401184082,0.622678401184082,0.0,2.0,2.0
vq,1,2,207,0.6893368023872376,0.6263230501174927,0.06301375458240509,0.6016097033500671,0.6016097033500671,0.0,2.0,2.0
vq,1,2,208,0.7024531358718872,0.636591097354889,0.065862042760849,0.6042665548324585,0.6042665548324585,0.0,2.0,2.0
vq,1,2,209,0.7036320184707642,0.6310313646316529,0.0726006567120552,0.6054634960174561,0.6054634960174561,0.0,2.0,2.0
vq,1,2,210,0.6769072381973267,0.6134986828804017,0.06340855179429054,0.6113583520889282,0.6113583520889282,0.0,2.0,2.0
vq,1,2,211,0.6889768696784974,0.6187128833770752,0.07026398322582245,0.6057754794120789,0.6057754794120789,0.0,2.0,2.0
vq,1,2,212,0.6975485531806945,0.6302874116897583,0.06726113940477371,0.5995759234428406,0.5995759234428406,0.0,2.0,2.0
vq,1,2,213,0.6898596751213074,0.6188044651985168,0.07105519977807999,0.6215377265930175,0.6215377265930175,0.0,2.0,2.0
vq,1,2,214,0.6829417135238648,0.6220214670181274,0.06092024865746498,0.600350131034851,0.600350131034851,0.0,2.0,2.0
vq,1,2,215,0.6987750415802002,0.6302973033905029,0.06847773818969727,0.6129203204154968,0.6129203204154968,0.0,2.0,2.0
vq,1,2,216,0.6945353236198425,0.6241722949028015,0.07036303443908691,0.6048479042053223,0.6048479042053223,0.0,2.0,2.0
vq,1,2,217,0.6880260210037231,0.6264623227119446,0.061563701993227006,0.5996879812240601,0.5996879812240601,0.0,2.0,2.0
vq,1,2,218,0.6715885133743286,0.6118121857643127,0.059776324152946474,0.6082468952178955,0.6082468952178955,0.0,2.0,2.0
vq,1,2,219,0.7128498591423035,0.6466794953346252,0.0661703567624092,0.5938715136528016,0.5938715136528016,0.0,2.0,2.0
vq,1,2,220,0.6984887121200561,0.6331019424438477,0.06538677142858505,0.5956327791213989,0.5956327791213989,0.0,2.0,2.0
vq,1,2,221,0.686563427734375,0.6177463756561279,0.0688170487999916,0.5967672123908997,0.5967672123908997,0.0,2.0,2.0
vq,1,2,222,0.6890772572517395,0.6251116467475891,0.0639656038403511,0.6015833688735962,0.6015833688735962,0.0,2.0,2.0
vq,1,2,223,0.6945752168655396,0.621774034500122,0.07280118582248687,0.5911182479858399,0.5911182479858399,0.0,2.0,2.0
vq,1,2,224,0.6942509525299072,0.6266615589141846,0.06758939480781555,0.6072177199363709,0.6072177199363709,0.0,2.0,2.0
vq,1,2,225,0.6953580382347107,0.6260018853187561,0.06935616799592972,0.5928278563499451,0.5928278563499451,0.0,2.0,2.0
vq,1,2,226,0.6944683291435242,0.6225606168746948,0.07190772254467011,0.6026481666564941,0.6026481666564941,0.0,2.0,2.0
vq,1,2,227,0.6773586603164673,0.6171631541252136,0.060195499098300936,0.5990886299133301,0.5990886299133301,0.0,2.0,2.0
vq,1,2,228,0.6870026864051819,0.6153041071891785,0.07169858127832412,0.5957645526885986,0.5957645526885986,0.0,2.0,2.0
vq,1,2,229,0.6988313577651978,0.6271726251602173,0.0716587302684784,0.6009690480232239,0.6009690480232239,0.0,2.0,2.0
vq,1,2,230,0.6733529995918274,0.6096436736106873,0.06370931603908539,0.5984314366340637,0.5984314366340637,0.0,2.0,2.0
vq,1,2,231,0.6922462468147278,0.6239063808441162,0.06833986476063729,0.5963167241096496,0.5963167241096496,0.0,2.0,2.0
vq,1,2,232,0.68276881980896,0.6153212498664856,0.06744757505655288,0.5947195798873901,0.5947195798873901,0.0,2.0,2.0
vq,1,2,233,0.6900366289138794,0.6266820768356324,0.063354556453228,0.589000559425354,0.589000559425354,0.0,2.0,2.0
vq,1,2,234,0.6839712373733521,0.616541224193573,0.0674300233244896,0.5933767645835877,0.5933767645835877,0.0,2.0,2.0
vq,1,2,235,0.6929647356987,0.6152564460754395,0.07770829244852066,0.601749136352539,0.601749136352539,0.0,2.0,2.0
vq,1,2,236,0.6843940579414368,0.6192696125984192,0.065124451649189,0.5985305447578431,0.5985305447578431,0.0,2.0,2.0
vq,1,2,237,0.6946028530120849,0.6203582224845886,0.0742446263551712,0.595724271774292,0.595724271774292,0.0,2.0,2.0
vq,1,2,238,0.7026064376831055,0.6333158383369446,0.06929059344530106,0.588159345626831,0.588159345626831,0.0,2.0,2.0
vq,1,2,239,0.6995256191253663,0.6325424273490906,0.0669831816315651,0.5937779980659484,0.5937779980659484,0.0,2.0,2.0
vq,1,2,240,0.6995976860046387,0.6330707419395447,0.06652693964242935,0.6055743371009826,0.6055743371009826,0.0,2.0,2.0
vq,1,2,241,0.6804564067840576,0.6209490158081055,0.05950739481449127,0.5964667651176453,0.5964667651176453,0.0,2.0,2.0
vq,1,2,242,0.6938045593261719,0.6254848047256469,0.06831975119113923,0.5959412844657898,0.5959412844657898,0.0,2.0,2.0
vq,1,2,243,0.6889128965377808,0.6256046888351441,0.06330820496678352,0.5997782326698303,0.5997782326698303,0.0,2.0,2.0
vq,1,2,244,0.6982066243171692,0.6274892984390259,0.07071732623577118,0.5891749145507813,0.5891749145507813,0.0,2.0,2.0
vq,1,2,245,0.6862672877311706,0.6184345284461975,0.06783275701999664,0.5931506896972656,0.5931506896972656,0.0,2.0,2.0
vq,1,2,246,0.6927071081161499,0.6242540469169616,0.0684530513048172,0.5894402063369751,0.5894402063369751,0.0,2.0,2.0
vq,1,2,247,0.6927885498046875,0.6232150702476501,0.06957348238229752,0.5949652338981628,0.5949652338981628,0.0,2.0,2.0
vq,1,2,248,0.681880742073059,0.605698035621643,0.07618269529938698,0.5949954454421997,0.5949954454421997,0.0,2.0,2.0
vq,1,2,249,0.6888140159606934,0.6221581102371215,0.06665590823888778,0.5940566397666931,0.5940566397666931,0.0,2.0,2.0
vq,1,2,250,0.6860738445281982,0.6203194313049316,0.0657544132232666,0.5967805158615113,0.5967805158615113,0.0,2.0,2.0
vq,1,2,251,0.7002535611152649,0.6287532258033752,0.07150034202337265,0.5967192488670349,0.5967192488670349,0.0,2.0,2.0
vq,1,2,252,0.6869315519332886,0.6172252125740051,0.06970633035898209,0.5943794574737549,0.5943794574737549,0.0,2.0,2.0
vq,1,2,253,0.7027613128662109,0.6328428997993469,0.06991841609477997,0.5857500441551209,0.5857500441551209,0.0,2.0,2.0
vq,1,2,254,0.695805686378479,0.6234584824562073,0.07234720369577408,0.5986521812438965,0.5986521812438965,0.0,2.0,2.0
vq,1,2,255,0.6973621829986573,0.6243786129951477,0.07298357173204421,0.6002222985267639,0.6002222985267639,0.0,2.0,2.0
vq,1,2,256,0.6866322677612304,0.6194427500724793,0.06718951140642167,0.5837822458267212,0.5837822458267212,0.0,2.0,2.0
vq,1,2,257,0.7006805819511414,0.6314319496154785,0.06924863731861114,0.5853268475532531,0.5853268475532531,0.0,2.0,2.0
vq,1,2,258,0.6856627320289612,0.6163727597236633,0.06928996613621712,0.583300789642334,0.583300789642334,0.0,2.0,2.0
vq,1,2,259,0.6799420886993408,0.617013050365448,0.06292903279066085,0.5812120211601257,0.5812120211601257,0.0,2.0,2.0
vq,1,2,260,0.6757549290657043,0.6045536728858948,0.07120125007629395,0.5827175099372863,0.5827175099372863,0.0,2.0,2.0
vq,1,2,261,0.6802914217948913,0.6074599548339844,0.07283145529031754,0.5867860488891602,0.5867860488891602,0.0,2.0,2.0
vq,1,2,262,0.6834425514221192,0.6162535737991333,0.06718897932767869,0.5925869194984436,0.5925869194984436,0.0,2.0,2.0
vq,1,2,263,0.6789098642349243,0.6036098534584046,0.07530001912117004,0.585197891330719,0.585197891330719,0.0,2.0,2.0
vq,1,2,264,0.683533823108673,0.6153595405578614,0.06817427849173546,0.5824720972061157,0.5824720972061157,0.0,2.0,2.0
vq,1,2,265,0.6815957701683044,0.6108900561332703,0.07070572372674942,0.5851190858840942,0.5851190858840942,0.0,2.0,2.0
vq,1,2,266,0.6852965485572815,0.6099384744644165,0.07535807620286941,0.5855031108856201,0.5855031108856201,0.0,2.0,2.0
vq,1,2,267,0.6845589728355408,0.6143682547569275,0.07019072382450103,0.5846358491897583,0.5846358491897583,0.0,2.0,2.0
vq,1,2,268,0.684956600189209,0.6166514548301697,0.06830514899492264,0.5822609267234802,0.5822609267234802,0.0,2.0,2.0
vq,1,2,269,0.6918411306381226,0.6187858780860901,0.07305526013374329,0.5887681279182434,0.5887681279182434,0.0,2.0,2.0
vq,1,2,270,0.7105930046081543,0.6364730556488037,0.07411996538639068,0.5853327418327332,0.5853327418327332,0.0,2.0,2.0
vq,1,2,271,0.6739749645233154,0.6069999202728271,0.0669750278711319,0.57726420211792,0.57726420211792,0.0,2.0,2.0
vq,1,2,272,0.6931064929962159,0.6222805018424988,0.07082598316669464,0.591950181388855,0.591950181388855,0.0,2.0,2.0
vq,1,2,273,0.6761789594650268,0.6047517637252807,0.07142719093561173,0.582210477733612,0.582210477733612,0.0,2.0,2.0
vq,1,2,274,0.6978337446212769,0.6266405439376831,0.07119320487976075,0.5879357745170594,0.5879357745170594,0.0,2.0,2.0
vq,1,2,275,0.6751827193260193,0.6104253458023071,0.06475737273693084,0.5928244769096375,0.5928244769096375,0.0,2.0,2.0
vq,1,2,276,0.6999842438697815,0.621446215248108,0.07853802880048752,0.5789547207832336,0.5789547207832336,0.0,2.0,2.0
vq,1,2,277,0.6854322803497315,0.6081446864128113,0.07728758671283723,0.5787198006629943,0.5787198006629943,0.0,2.0,2.0
vq,1,2,278,0.6987644279479981,0.6261326773643494,0.07263175035715103,0.578398335647583,0.578398335647583,0.0,2.0,2.0
vq,1,2,279,0.6868891575813293,0.6181299869537353,0.06875918169021607,0.5787320569038391,0.5787320569038391,0.0,2.0,2.0
vq,1,2,280,0.6881392539978027,0.61117694606781,0.07696231650114059,0.5915580994606018,0.5915580994606018,0.0,2.0,2.0
vq,1,2,281,0.6894142009735107,0.6170024652004242,0.07241173251867294,0.5891425645828247,0.5891425645828247,0.0,2.0,2.0
vq,1,2,282,0.6742126189231873,0.6081207859039307,0.066091839325428,0.5905705605506897,0.5905705605506897,0.0,2.0,2.0
vq,1,2,283,0.7031275676727295,0.6232886736869812,0.07983889862895012,0.5773381769180298,0.5773381769180298,0.0,2.0,2.0
vq,1,2,284,0.6809401322364808,0.6109654428482055,0.06997468539476395,0.5783849855422973,0.5783849855422973,0.0,2.0,2.0
vq,1,2,285,0.682908133983612,0.6129208082199097,0.06998732693195343,0.5885958221435547,0.5885958221435547,0.0,2.0,2.0
vq,1,2,286,0.6841402306556702,0.6094738924980163,0.07466632788181304,0.5811138501167298,0.5811138501167298,0.0,2.0,2.0
vq,1,2,287,0.6893123706817627,0.6227737252235412,0.06653863554000855,0.5765659914016724,0.5765659914016724,0.0,2.0,2.0
vq,1,2,288,0.6888900065422058,0.6170431750297546,0.07184683319330215,0.5791208831787109,0.5791208831787109,0.0,2.0,2.0
vq,1,2,289,0.6864893873214721,0.6178828531265259,0.06860652443170548,0.5768901721954346,0.5768901721954346,0.0,2.0,2.0
vq,1,2,290,0.6754100940704346,0.6007476352691651,0.07466245875358582,0.5862821433067322,0.5862821433067322,0.0,2.0,2.0
vq,1,2,291,0.6651087215423584,0.5965008126258851,0.06860790741443634,0.5901935160636902,0.5901935160636902,0.0,2.0,2.0
vq,1,2,292,0.7081352077484131,0.6287608863830566,0.07937431983947754,0.5793077680587768,0.5793077680587768,0.0,2.0,2.0
vq,1,2,293,0.6802200722694397,0.6162484009742737,0.06397167420983314,0.5783947384834289,0.5783947384834289,0.0,2.0,2.0
vq,1,2,294,0.6707412299156189,0.6032955808639526,0.06744565284252167,0.5800575537681579,0.5800575537681579,0.0,2.0,2.0
vq,1,2,295,0.6866022703170777,0.6108419226646423,0.07576034226417541,0.5747569369316101,0.5747569369316101,0.0,2.0,2.0
vq,1,2,296,0.6866087084770203,0.6126968512535095,0.07391185228824615,0.5773741231918335,0.5773741231918335,0.0,2.0,2.0
vq,1,2,297,0.684009459400177,0.6117325518608093,0.07227690356969833,0.5751024238586426,0.5751024238586426,0.0,2.0,2.0
vq,1,2,298,0.6855122370719909,0.6096357604980469,0.07587647275924683,0.5885739270210266,0.5885739270210266,0.0,2.0,2.0
vq,1,2,299,0.6879920570373536,0.6115521103858947,0.07643996325731277,0.6065489467620849,0.6065489467620849,0.0,2.0,2.0
vq,1,2,300,0.6777882299423218,0.6090901846885681,0.06869804765582084,0.5826007701873779,0.5826007701873779,0.0,2.0,2.0
vq,1,2,301,0.6839541741371155,0.6096310748100281,0.07432310273647308,0.5861417551994323,0.5861417551994323,0.0,2.0,2.0
vq,1,2,302,0.6829481840133667,0.6101411653518677,0.07280701947212219,0.5774425848007202,0.5774425848007202,0.0,2.0,2.0
vq,1,2,303,0.6811425133705139,0.6050858841896057,0.07605662841796874,0.5776522780418396,0.5776522780418396,0.0,2.0,2.0
vq,1,2,304,0.6920582634925843,0.6167068968772889,0.0753513645529747,0.581016668510437,0.581016668510437,0.0,2.0,2.0
vq,1,2,305,0.6727648766517639,0.5996144343852997,0.07315044516324996,0.5816486868858337,0.5816486868858337,0.0,2.0,2.0
vq,1,2,306,0.6786923379898071,0.606939518737793,0.07175282055139541,0.6036264344215393,0.6036264344215393,0.0,2.0,2.0
vq,1,2,307,0.6796071264266967,0.6108346189498901,0.06877250747680665,0.5779799434661865,0.5779799434661865,0.0,2.0,2.0
vq,1,2,308,0.6908517839431763,0.6177994176864624,0.07305236208438873,0.5825463442802429,0.5825463442802429,0.0,2.0,2.0
vq,1,2,309,0.6952031807899475,0.6168727773666381,0.07833039864301682,0.5834547141075134,0.5834547141075134,0.0,2.0,2.0
vq,1,2,310,0.6714637180328369,0.6057327035903931,0.06573101350069047,0.5735596428871155,0.5735596428871155,0.0,2.0,2.0
vq,1,2,311,0.6731546136856079,0.6044122373580932,0.0687423665881157,0.582948672580719,0.582948672580719,0.0,2.0,2.0
vq,1,2,312,0.674032329750061,0.6032236251831055,0.07080871163606643,0.5876021300315857,0.5876021300315857,0.0,2.0,2.0
vq,1,2,313,0.6869390628814698,0.6143721544265747,0.07256691453456879,0.5770481378555298,0.5770481378555298,0.0,2.0,2.0
vq,1,2,314,0.6967227172851562,0.6172423975944519,0.07948032745718955,0.5939432479858399,0.5939432479858399,0.0,2.0,2.0
vq,1,2,315,0.6871875951766968,0.620790860080719,0.06639673132896423,0.5813271179199219,0.5813271179199219,0.0,2.0,2.0
vq,1,2,316,0.6848759897232055,0.6051738635063172,0.07970213084220887,0.6034894399642944,0.6034894399642944,0.0,2.0,2.0
vq,1,2,317,0.6751022010803223,0.6074917976379395,0.06761040422916412,0.5743069029808044,0.5743069029808044,0.0,2.0,2.0
vq,1,2,318,0.6832657078742981,0.6190233408927918,0.06424235746860504,0.5793707983016968,0.5793707983016968,0.0,2.0,2.0
vq,1,2,319,0.6890775894165039,0.6170661952018738,0.07201140108108521,0.584602532196045,0.584602532196045,0.0,2.0,2.0
vq,1,2,320,0.6811150482177735,0.6044520034790039,0.07666305043697356,0.5822876472473144,0.5822876472473144,0.0,2.0,2.0
vq,1,2,321,0.6738279280662537,0.6029542456626892,0.07087368493676185,0.5866323645591736,0.5866323645591736,0.0,2.0,2.0
vq,1,2,322,0.6832972499847412,0.6119330654144287,0.07136417841911316,0.5794622758865356,0.5794622758865356,0.0,2.0,2.0
vq,1,2,323,0.6783857456207275,0.604483678150177,0.07390207357406617,0.5768975869178772,0.5768975869178772,0.0,2.0,2.0
vq,1,2,324,0.670045222568512,0.5980912536621094,0.07195397483110427,0.5892252840995789,0.5892252840995789,0.0,2.0,2.0
vq,1,2,325,0.6840969675064087,0.610363933467865,0.0737330235362053,0.5831019284248352,0.5831019284248352,0.0,2.0,2.0
vq,1,2,326,0.6893690461158752,0.6143006989479065,0.07506834752559662,0.5826063022613526,0.5826063022613526,0.0,2.0,2.0
vq,1,2,327,0.670277676486969,0.5994215644836426,0.07085611007213592,0.5793998286247254,0.5793998286247254,0.0,2.0,2.0
vq,1,2,328,0.701419188117981,0.6268119897842407,0.07460720156431198,0.5813763072967529,0.5813763072967529,0.0,2.0,2.0
vq,1,2,329,0.6842409196853638,0.6185296056747437,0.06571130833625793,0.5960877875328064,0.5960877875328064,0.0,2.0,2.0
vq,1,2,330,0.6779456241607666,0.6077373766899109,0.07020824098587036,0.5782279077529907,0.5782279077529907,0.0,2.0,2.0
vq,1,2,331,0.6828206302642822,0.6067574315071106,0.07606321157217026,0.5991944967269898,0.5991944967269898,0.0,2.0,2.0
vq,1,2,332,0.6756698309898377,0.6032987977027893,0.072371038043499,0.5794108123779297,0.5794108123779297,0.0,2.0,2.0
vq,1,2,333,0.677942339515686,0.6033829739570618,0.07455936748981476,0.5724059447288513,0.5724059447288513,0.0,2.0,2.0
vq,1,2,334,0.6911832446098327,0.6115465183258056,0.07963673144578934,0.5735466793060303,0.5735466793060303,0.0,2.0,2.0
vq,1,2,335,0.6821675638198853,0.6119332921981812,0.07023427548408508,0.5920979329109192,0.5920979329109192,0.0,2.0,2.0
vq,1,2,336,0.671268668460846,0.6024360721588135,0.06883259210586548,0.5683996025085449,0.5683996025085449,0.0,2.0,2.0
vq,1,2,337,0.6857631778717042,0.602836968421936,0.08292621461153031,0.5738584545135498,0.5738584545135498,0.0,2.0,2.0
vq,1,2,338,0.6774440682411194,0.6056591174125672,0.07178494490385055,0.5748484487533569,0.5748484487533569,0.0,2.0,2.0
vq,1,2,339,0.6876519823074341,0.6169326368331909,0.07071933609247208,0.5716993025779724,0.5716993025779724,0.0,2.0,2.0
vq,1,2,340,0.6733763843536377,0.5970378387451172,0.07633854031562805,0.5939973436355591,0.5939973436355591,0.0,2.0,2.0
vq,1,2,341,0.6722992253303528,0.6032364191055298,0.06906281124949455,0.5864154802322388,0.5864154802322388,0.0,2.0,2.0
vq,1,2,342,0.6805129441261292,0.6060875512123108,0.07442539937496186,0.5758487856864929,0.5758487856864929,0.0,2.0,2.0
vq,1,2,343,0.6847977289199829,0.6091504850387573,0.07564724850654601,0.5700813058853149,0.5700813058853149,0.0,2.0,2.0
vq,1,2,344,0.6995569942474366,0.6261317094802856,0.0734252952694893,0.5782655274391174,0.5782655274391174,0.0,2.0,2.0
vq,1,2,345,0.6855653632164002,0.6120092055320739,0.0735561603307724,0.5722651951789856,0.5722651951789856,0.0,2.0,2.0
vq,1,2,346,0.6870472730636596,0.612174444770813,0.07487282465696335,0.5794749607086181,0.5794749607086181,0.0,2.0,2.0
vq,1,2,347,0.671418896484375,0.5996411143302918,0.07177779218554496,0.5663948467254639,0.5663948467254639,0.0,2.0,2.0
vq,1,2,348,0.6858742084503174,0.6144852232933045,0.07138898639082909,0.577347294998169,0.577347294998169,0.0,2.0,2.0
vq,1,2,349,0.670815001487732,0.6030955943107605,0.06771940524578095,0.5724425209045411,0.5724425209045411,0.0,2.0,2.0
vq,1,2,350,0.6677589393615723,0.5922739006996155,0.07548504382371903,0.5826236444473266,0.5826236444473266,0.0,2.0,2.0
vq,1,2,351,0.6797731070518493,0.609563542175293,0.07020956083536148,0.5748851322174072,0.5748851322174072,0.0,2.0,2.0
vq,1,2,352,0.6800820756912231,0.602536119556427,0.07754595685005188,0.5792126240730285,0.5792126240730285,0.0,2.0,2.0
vq,1,2,353,0.6803244909286499,0.6096628582954406,0.0706616253376007,0.572274597454071,0.572274597454071,0.0,2.0,2.0
vq,1,2,354,0.6790290070533752,0.6041652873516082,0.07486372603178024,0.5881318276405334,0.5881318276405334,0.0,2.0,2.0
vq,1,2,355,0.6841141952514649,0.6031149954795837,0.08099921256303787,0.5751463858604431,0.5751463858604431,0.0,2.0,2.0
vq,1,2,356,0.6737323964118958,0.603457148361206,0.07027525527477264,0.580521441745758,0.580521441745758,0.0,2.0,2.0
vq,1,2,357,0.6833158699989319,0.6113004114151,0.0720154549241066,0.5823618837356568,0.5823618837356568,0.0,2.0,2.0
vq,1,2,358,0.6980364725112915,0.6200867000579834,0.0779497774362564,0.5771729768753052,0.5771729768753052,0.0,2.0,2.0
vq,1,2,359,0.6798771121978759,0.6011953634262085,0.0786817443728447,0.5763081346511841,0.5763081346511841,0.0,2.0,2.0
vq,1,2,360,0.6896065166473389,0.6161419819831848,0.07346454252004624,0.5807074124336242,0.5807074124336242,0.0,2.0,2.0
vq,1,2,361,0.661697054862976,0.5853644636154175,0.07633258900642395,0.5846337071418762,0.5846337071418762,0.0,2.0,2.0
vq,1,2,362,0.6673423999786376,0.5949701345443725,0.07237227100133896,0.5757112704277039,0.5757112704277039,0.0,2.0,2.0
vq,1,2,363,0.6848857308387757,0.6049400786399841,0.07994563940763473,0.5697846439361572,0.5697846439361572,0.0,2.0,2.0
vq,1,2,364,0.6732613186836243,0.6009652489662171,0.0722960698723793,0.5705444156646728,0.5705444156646728,0.0,2.0,2.0
vq,1,2,365,0.6724064262390137,0.5928051023483276,0.07960132195949554,0.5790449003219604,0.5790449003219604,0.0,2.0,2.0
vq,1,2,366,0.6646390953063965,0.5910985435485839,0.07354055638313294,0.5750456075668335,0.5750456075668335,0.0,2.0,2.0
vq,1,2,367,0.6576048589706421,0.5854982430458069,0.072106609416008,0.586467820072174,0.586467820072174,0.0,2.0,2.0
vq,1,2,368,0.6906416694641113,0.6134211078643799,0.07722054858207703,0.5738178003311157,0.5738178003311157,0.0,2.0,2.0
vq,1,2,369,0.6696924102783203,0.5920596761703492,0.07763272894620896,0.5802868404388428,0.5802868404388428,0.0,2.0,2.0
vq,1,2,370,0.6707501007080078,0.6001975275993348,0.07055258167982101,0.5714952557563782,0.5714952557563782,0.0,2.0,2.0
vq,1,2,371,0.6581637965202332,0.5820615253448487,0.07610227938890457,0.5698535774230957,0.5698535774230957,0.0,2.0,2.0
vq,1,2,372,0.67540612449646,0.6035835559844971,0.07182257192134857,0.5824347149848939,0.5824347149848939,0.0,2.0,2.0
vq,1,2,373,0.6939735369682312,0.6165160194396972,0.07745751699209213,0.5862733894348144,0.5862733894348144,0.0,2.0,2.0
vq,1,2,374,0.6712259544372559,0.5964308938980103,0.07479505331516266,0.5824238600730895,0.5824238600730895,0.0,2.0,2.0
vq,1,2,375,0.6715915803909301,0.5960811557769775,0.0755104343533516,0.5960241184234619,0.5960241184234619,0.0,2.0,2.0
vq,1,2,376,0.6826709478378296,0.6021045457839966,0.08056640129089356,0.5744900201797485,0.5744900201797485,0.0,2.0,2.0
vq,1,2,377,0.6871749523162842,0.6079619123935699,0.07921304948329926,0.5672944269180298,0.5672944269180298,0.0,2.0,2.0
vq,1,2,378,0.6804922993659973,0.6061564182281494,0.0743358761548996,0.5814104502677917,0.5814104502677917,0.0,2.0,2.0
vq,1,2,379,0.6980103939056397,0.6219217485427856,0.07608864653110504,0.5855735161781311,0.5855735161781311,0.0,2.0,2.0
vq,1,2,380,0.6768148920059204,0.6068538187026977,0.06996107940673828,0.580290952205658,0.580290952205658,0.0,2.0,2.0
vq,1,2,381,0.6758390146255493,0.5983242930412292,0.07751471543312073,0.5734420929908752,0.5734420929908752,0.0,2.0,2.0
vq,1,2,382,0.6727123169898986,0.600693590927124,0.07201873124837875,0.5878474984169006,0.5878474984169006,0.0,2.0,2.0
vq,1,2,383,0.6916486109733582,0.6070705883026123,0.08457802531719208,0.568150305557251,0.568150305557251,0.0,2.0,2.0
vq,1,2,384,0.6739374863624573,0.6068101558685303,0.06712733518481255,0.5774229471206666,0.5774229471206666,0.0,2.0,2.0
vq,1,2,385,0.6731122374534607,0.6039970607757569,0.06911517456769943,0.5731228627204895,0.5731228627204895,0.0,2.0,2.0
vq,1,2,386,0.6919869688034057,0.6107416768074035,0.08124529029130936,0.5717294832229615,0.5717294832229615,0.0,2.0,2.0
vq,1,2,387,0.6740298881530762,0.6023714241981506,0.07165845648050308,0.5717025702476501,0.5717025702476501,0.0,2.0,2.0
vq,1,2,388,0.6801426006317138,0.5993631820678711,0.08077942161560059,0.5767079401016235,0.5767079401016235,0.0,2.0,2.0
vq,1,2,389,0.6818895395278931,0.6084469407081604,0.0734426014661789,0.5891820068359375,0.5891820068359375,0.0,2.0,2.0
vq,1,2,390,0.6940215348243713,0.6161186497688294,0.07790288799405098,0.5745217150688171,0.5745217150688171,0.0,2.0,2.0
vq,1,2,391,0.6624605590820313,0.5871803067207336,0.07528025805950164,0.5909477551460266,0.5909477551460266,0.0,2.0,2.0
vq,1,2,392,0.7009307129859924,0.6204632642745972,0.08046745346784592,0.5698630036354065,0.5698630036354065,0.0,2.0,2.0
vq,1,2,393,0.670104002380371,0.5959379240036011,0.07416608488559723,0.5653406843185425,0.5653406843185425,0.0,2.0,2.0
vq,1,2,394,0.6821559581756592,0.6044527834892273,0.07770318267345429,0.5677814191818237,0.5677814191818237,0.0,2.0,2.0
vq,1,2,395,0.6776590809822083,0.6041114868164063,0.07354759914875031,0.5763141868591308,0.5763141868591308,0.0,2.0,2.0
vq,1,2,396,0.6831071617126465,0.6103579301834107,0.07274924014806747,0.5805724466323853,0.5805724466323853,0.0,2.0,2.0
vq,1,2,397,0.6866394819259644,0.6106191274642945,0.0760203544139862,0.5740412954330444,0.5740412954330444,0.0,2.0,2.0
vq,1,2,398,0.6772351636886597,0.6000988053321838,0.07713636152148247,0.5766541682243347,0.5766541682243347,0.0,2.0,2.0
vq,1,2,399,0.6741271200180053,0.6003275877952575,0.07379952149391174,0.5774557974815369,0.5774557974815369,0.0,2.0,2.0
vq,1,2,400,0.6865493313789368,0.6028330814361572,0.08371624971628189,0.5736674069404603,0.5736674069404603,0.0,2.0,2.0
vq,1,2,401,0.6916209449768066,0.6201228268623352,0.07149811778068542,0.5825386888504028,0.5825386888504028,0.0,2.0,2.0
vq,1,2,402,0.6818937124252319,0.6037273129463195,0.07816638749837876,0.5846487113952636,0.5846487113952636,0.0,2.0,2.0
vq,1,2,403,0.6767442418098449,0.5959590416908264,0.08078520586490631,0.5857813010215759,0.5857813010215759,0.0,2.0,2.0
vq,1,2,404,0.6595037205696106,0.5892324903488159,0.07027121671438218,0.5798184038162232,0.5798184038162232,0.0,2.0,2.0
vq,1,2,405,0.6862108629226684,0.6112955240249633,0.07491533472537995,0.5710360704421997,0.5710360704421997,0.0,2.0,2.0
vq,1,2,406,0.6767541979789734,0.6010438666343689,0.07571033170223236,0.5734862114906311,0.5734862114906311,0.0,2.0,2.0
vq,1,2,407,0.6709561016082763,0.5982453817367553,0.07271072274446487,0.5704344213485718,0.5704344213485718,0.0,2.0,2.0
vq,1,2,408,0.6639652030944824,0.5887073190689087,0.07525789170265197,0.5758743622779846,0.5758743622779846,0.0,2.0,2.0
vq,1,2,409,0.6683452222824097,0.5960367086410523,0.07230851157903671,0.5859210760116577,0.5859210760116577,0.0,2.0,2.0
vq,1,2,410,0.6718251664161682,0.5963121675491333,0.07551299487352371,0.5815220652580261,0.5815220652580261,0.0,2.0,2.0
vq,1,2,411,0.6811327584266662,0.6048974499702454,0.0762353065252304,0.5935087355613708,0.5935087355613708,0.0,2.0,2.0
vq,1,2,412,0.6854633423805236,0.6044152467727661,0.08104809771776199,0.5803029324531556,0.5803029324531556,0.0,2.0,2.0
vq,1,2,413,0.6752645935058593,0.6015620609283447,0.07370254559516906,0.5787850267410278,0.5787850267410278,0.0,2.0,2.0
vq,1,2,414,0.6759049342155456,0.6028881774902344,0.0730167523264885,0.5673309254646302,0.5673309254646302,0.0,2.0,2.0
vq,1,2,415,0.6814385782241821,0.5997988804817199,0.08163969733715057,0.5842892051696778,0.5842892051696778,0.0,2.0,2.0
vq,1,2,416,0.679664497756958,0.6017590975761413,0.0779054009437561,0.5742443034172058,0.5742443034172058,0.0,2.0,2.0
vq,1,2,417,0.6736462182998657,0.5987476881980895,0.07489852781295776,0.5746417834281922,0.5746417834281922,0.0,2.0,2.0
vq,1,2,418,0.6918397190093994,0.6125241712570191,0.07931555408239364,0.5689135398864746,0.5689135398864746,0.0,2.0,2.0
vq,1,2,419,0.6761793779373169,0.6021707122802734,0.07400866130590439,0.571284304523468,0.571284304523468,0.0,2.0,2.0
vq,1,2,420,0.6694035354614258,0.5911268048286438,0.07827672717571259,0.5780819482803344,0.5780819482803344,0.0,2.0,2.0
vq,1,2,421,0.6865458585739136,0.6021267959594726,0.08441905498504639,0.5760928526878357,0.5760928526878357,0.0,2.0,2.0
vq,1,2,422,0.6969746318817138,0.6183893712043762,0.07858526166677475,0.5767782272338867,0.5767782272338867,0.0,2.0,2.0
vq,1,2,423,0.6709983249664306,0.6008436574935913,0.07015466361045837,0.5685189242362976,0.5685189242362976,0.0,2.0,2.0
vq,1,2,424,0.6733474075317383,0.5942154713630676,0.07913193688392639,0.5813328344345092,0.5813328344345092,0.0,2.0,2.0
vq,1,2,425,0.6794086954116821,0.6039067695617676,0.075501926612854,0.5749926060676575,0.5749926060676575,0.0,2.0,2.0
vq,1,2,426,0.6956353438377381,0.6124759266853332,0.08315942653417588,0.5679414507865905,0.5679414507865905,0.0,2.0,2.0
vq,1,2,427,0.6950532188415527,0.6138308318138123,0.08122238990068435,0.5850376268386841,0.5850376268386841,0.0,2.0,2.0
vq,1,2,428,0.6703714473724365,0.5994771206855773,0.07089432994127273,0.562959573173523,0.562959573173523,0.0,2.0,2.0
vq,1,2,429,0.6679436826705932,0.5930853879928589,0.07485830246210098,0.5713517948150635,0.5713517948150635,0.0,2.0,2.0
vq,1,2,430,0.6671784882545471,0.5975956910133362,0.06958281319737435,0.5605053186416626,0.5605053186416626,0.0,2.0,2.0
vq,1,2,431,0.6691046821594239,0.5906170744895936,0.07848760362863541,0.5753403674125671,0.5753403674125671,0.0,2.0,2.0
vq,1,2,432,0.6673734230995179,0.593828567123413,0.07354485292434693,0.5756842399597168,0.5756842399597168,0.0,2.0,2.0
vq,1,2,433,0.6630899216651917,0.5930062329292297,0.07008368624448776,0.5821311873435974,0.5821311873435974,0.0,2.0,2.0
vq,1,2,434,0.6725136345863342,0.598396201133728,0.07411744639873505,0.5743962283134461,0.5743962283134461,0.0,2.0,2.0
vq,1,2,435,0.6870488862991333,0.6037459206581116,0.08330296559333801,0.5747981519699097,0.5747981519699097,0.0,2.0,2.0
vq,1,2,436,0.6774671895027161,0.6035231194496155,0.07394407234191895,0.5834196441650391,0.5834196441650391,0.0,2.0,2.0
vq,1,2,437,0.675050965499878,0.5992313275337219,0.075819633436203,0.5706746317863465,0.5706746317863465,0.0,2.0,2.0
vq,1,2,438,0.6724774920463562,0.5924351483345032,0.08004234622716903,0.5850304430007934,0.5850304430007934,0.0,2.0,2.0
vq,1,2,439,0.6793032346725464,0.6050246680259704,0.07427857023477555,0.5788517201423645,0.5788517201423645,0.0,2.0,2.0
vq,1,2,440,0.6819966864585877,0.6045831581115723,0.07741352659463882,0.5764780776023865,0.5764780776023865,0.0,2.0,2.0
vq,1,2,441,0.6606847862243652,0.584975735092163,0.07570904861688614,0.5771043563842774,0.5771043563842774,0.0,2.0,2.0
vq,1,2,442,0.6821238518714905,0.6004548565864563,0.08166898994445801,0.5917816459655761,0.5917816459655761,0.0,2.0,2.0
vq,1,2,443,0.6760171465873718,0.599408623456955,0.07660851298570633,0.5716949667930603,0.5716949667930603,0.0,2.0,2.0
vq,1,2,444,0.6737294506072998,0.5980309803009033,0.07569847277402877,0.5735740333557129,0.5735740333557129,0.0,2.0,2.0
vq,1,2,445,0.6808644094467163,0.602601993560791,0.07826241148710252,0.5813174026489257,0.5813174026489257,0.0,2.0,2.0
vq,1,2,446,0.679381192111969,0.6043587409973145,0.07502245699167251,0.584994815158844,0.584994815158844,0.0,2.0,2.0
vq,1,2,447,0.6681879089355469,0.5942088041305542,0.07397910058498383,0.5803551412582397,0.5803551412582397,0.0,2.0,2.0
vq,1,2,448,0.6709069833755493,0.5977725472450256,0.07313444762229919,0.5752699392318725,0.5752699392318725,0.0,2.0,2.0
vq,1,2,449,0.669861581325531,0.5913712624549866,0.07849031029939652,0.5707357231140137,0.5707357231140137,0.0,2.0,2.0
vq,1,2,450,0.6845884511947632,0.6095563802719116,0.07503206751346587,0.575613128566742,0.575613128566742,0.0,2.0,2.0
vq,1,2,451,0.6890333740234375,0.6148902041435241,0.07414315996170044,0.5805043148994445,0.5805043148994445,0.0,2.0,2.0
vq,1,2,452,0.6656447296142578,0.5892905199050903,0.0763541963338852,0.578701877117157,0.578701877117157,0.0,2.0,2.0
vq,1,2,453,0.6931515844345093,0.6146871696472168,0.07846442030668259,0.5712736612319946,0.5712736612319946,0.0,2.0,2.0
vq,1,2,454,0.6714054904937744,0.596653674697876,0.07475180933475495,0.5795013236045837,0.5795013236045837,0.0,2.0,2.0
vq,1,2,455,0.6565988152503968,0.580531709575653,0.07606711312532424,0.5742755286216736,0.5742755286216736,0.0,2.0,2.0
vq,1,2,456,0.6561103736877442,0.5853390472412109,0.07077132489681244,0.5819773115158081,0.5819773115158081,0.0,2.0,2.0
vq,1,2,457,0.6807855481147767,0.6037992859840393,0.07698626388311386,0.5754948901176453,0.5754948901176453,0.0,2.0,2.0
vq,1,2,458,0.6927576096534729,0.6145878088951111,0.07816981090307236,0.5755047723770141,0.5755047723770141,0.0,2.0,2.0
vq,1,2,459,0.6716043889045715,0.5956599023818969,0.07594448825120925,0.5869438508033752,0.5869438508033752,0.0,2.0,2.0
vq,1,2,460,0.6665912401199341,0.5896033673286438,0.07698786264657974,0.5747634439468384,0.5747634439468384,0.0,2.0,2.0
vq,1,2,461,0.6778980997085571,0.6001175662040711,0.07778053368330001,0.5765663376808167,0.5765663376808167,0.0,2.0,2.0
vq,1,2,462,0.669117949962616,0.593029346370697,0.07608859941959381,0.5744990364074707,0.5744990364074707,0.0,2.0,2.0
vq,1,2,463,0.6692163106918335,0.5915978470802307,0.07761847012043,0.5797952273368835,0.5797952273368835,0.0,2.0,2.0
vq,1,2,464,0.6718535343170166,0.5958028687477112,0.07605066673755646,0.5806891592979431,0.5806891592979431,0.0,2.0,2.0
vq,1,2,465,0.691502917098999,0.6087051992416381,0.08279772553443909,0.583553636932373,0.583553636932373,0.0,2.0,2.0
vq,1,2,466,0.660715545463562,0.584817837715149,0.07589770523309708,0.5819617267608642,0.5819617267608642,0.0,2.0,2.0
vq,1,2,467,0.680785928440094,0.5912431399822236,0.08954278922080994,0.573323400592804,0.573323400592804,0.0,2.0,2.0
vq,1,2,468,0.6599994029045105,0.586476986503601,0.07352242438793183,0.5761983004570007,0.5761983004570007,0.0,2.0,2.0
vq,1,2,469,0.6771546724319458,0.5934916207313538,0.08366305416822434,0.5773533375740051,0.5773533375740051,0.0,2.0,2.0
vq,1,2,470,0.6542070712089538,0.5862275538444519,0.06797952117919921,0.5702422234535217,0.5702422234535217,0.0,2.0,2.0
vq,1,2,471,0.6759783354759217,0.6019037750244141,0.07407456103563309,0.5728589755058289,0.5728589755058289,0.0,2.0,2.0
vq,1,2,472,0.673726654624939,0.58938509349823,0.0843415607213974,0.5782329028129578,0.5782329028129578,0.0,2.0,2.0
vq,1,2,473,0.669744042301178,0.5843510957717896,0.0853929513335228,0.5783916380882264,0.5783916380882264,0.0,2.0,2.0
vq,1,2,474,0.6747119269371032,0.5956562925338745,0.07905563933849334,0.5796779199600219,0.5796779199600219,0.0,2.0,2.0
vq,1,2,475,0.6767549339294434,0.5925384634971619,0.08421646715402603,0.5832269096374512,0.5832269096374512,0.0,2.0,2.0
vq,1,2,476,0.6641482424736023,0.5879094552040101,0.07623879220485687,0.5738454120635986,0.5738454120635986,0.0,2.0,2.0
vq,1,2,477,0.6811660528182983,0.603772962474823,0.07739308342933655,0.5745499262809753,0.5745499262809753,0.0,2.0,2.0
vq,1,2,478,0.6743504179954529,0.5971553572654724,0.07719505803585053,0.575133735370636,0.575133735370636,0.0,2.0,2.0
vq,1,2,479,0.675742336177826,0.5979405451774598,0.07780179198980332,0.5762239621162415,0.5762239621162415,0.0,2.0,2.0
vq,1,2,480,0.693110778427124,0.6091447215080261,0.08396605384349823,0.5857504716873169,0.5857504716873169,0.0,2.0,2.0
vq,1,2,481,0.6810110317230225,0.6034270621299743,0.07758396954536438,0.5718858373641967,0.5718858373641967,0.0,2.0,2.0
vq,1,2,482,0.6631732624053955,0.5807444848060608,0.08242877917289734,0.5691351725578309,0.5691351725578309,0.0,2.0,2.0
vq,1,2,483,0.6750228377342224,0.596488374042511,0.07853445911407471,0.5715124060630798,0.5715124060630798,0.0,2.0,2.0
vq,1,2,484,0.6762986876487732,0.5934509025573731,0.08284777676463127,0.5724534596443176,0.5724534596443176,0.0,2.0,2.0
vq,1,2,485,0.6688700681686401,0.5955006122589112,0.07336945453882217,0.5771740926742553,0.5771740926742553,0.0,2.0,2.0
vq,1,2,486,0.6839820960998535,0.5984638874053955,0.0855182026386261,0.5709205657958984,0.5709205657958984,0.0,2.0,2.0
vq,1,2,487,0.6721254473686218,0.5926348865509034,0.0794905642747879,0.5701439525604248,0.5701439525604248,0.0,2.0,2.0
vq,1,2,488,0.6887784699440003,0.6037698914527893,0.08500858800411225,0.5775170435905457,0.5775170435905457,0.0,2.0,2.0
vq,1,2,489,0.6795418231964111,0.5984942873954773,0.0810475380897522,0.5646950325965882,0.5646950325965882,0.0,2.0,2.0
vq,1,2,490,0.6632181739807129,0.5829414423942566,0.08027672772407532,0.5684870810508728,0.5684870810508728,0.0,2.0,2.0
vq,1,2,491,0.6797353101730347,0.5985160186767579,0.08121929548978805,0.5728397504806518,0.5728397504806518,0.0,2.0,2.0
vq,1,2,492,0.6780846007347107,0.5993840376853943,0.07870056282281876,0.5904604976654053,0.5904604976654053,0.0,2.0,2.0
vq,1,2,493,0.6777974459648133,0.5947810978889465,0.08301633991003037,0.5804393211364746,0.5804393211364746,0.0,2.0,2.0
vq,1,2,494,0.6732803386688232,0.5955722023010254,0.07770814574956894,0.5701840752601623,0.5701840752601623,0.0,2.0,2.0
vq,1,2,495,0.6711311838150025,0.5882932648658753,0.08283791567087173,0.5806760458946228,0.5806760458946228,0.0,2.0,2.0
vq,1,2,496,0.6924628712654114,0.613654029083252,0.07880883338451386,0.5658608162879943,0.5658608162879943,0.0,2.0,2.0
vq,1,2,497,0.683527146434784,0.5982067455291749,0.0853203972697258,0.5793025156974793,0.5793025156974793,0.0,2.0,2.0
vq,1,2,498,0.6797573719978333,0.6086587060928345,0.07109866763353348,0.5731788249015808,0.5731788249015808,0.0,2.0,2.0
vq,1,2,499,0.6739058570861817,0.5935839489936828,0.08032191172838211,0.5778684279441834,0.5778684279441834,0.0,2.0,2.0
vq,1,2,500,0.666386199760437,0.5902079393386841,0.07617826688289642,0.5753371745109558,0.5753371745109558,0.0,2.0,2.0
