model,seed,level,epoch,train_total,train_effect,train_vq,eval_total,eval_effect,eval_vq
original,2,1,1,7.0180693562825525,7.0180693562825525,0.0,6.259211400349935,6.259211400349935,0.0
original,2,1,2,6.464157962799073,6.464157962799073,0.0,7.78889129002889,7.78889129002889,0.0
original,2,1,3,5.9104406356811525,5.9104406356811525,0.0,6.033729540506998,6.033729540506998,0.0
original,2,1,4,5.515426648457845,5.515426648457845,0.0,5.481708437601725,5.481708437601725,0.0
original,2,1,5,5.373525721232096,5.373525721232096,0.0,5.263365961710612,5.263365961710612,0.0
original,2,1,6,5.2705209350585935,5.2705209350585935,0.0,5.077200425465902,5.077200425465902,0.0
original,2,1,7,4.957890021006266,4.957890021006266,0.0,4.770304419199626,4.770304419199626,0.0
original,2,1,8,4.647554244995117,4.647554244995117,0.0,4.6082386175791425,4.6082386175791425,0.0
original,2,1,9,4.449448649088541,4.449448649088541,0.0,4.420850467681885,4.420850467681885,0.0
original,2,1,10,4.445434226989746,4.445434226989746,0.0,4.132645023663839,4.132645023663839,0.0
original,2,1,11,4.015574951171875,4.015574951171875,0.0,4.071211605072022,4.071211605072022,0.0
original,2,1,12,4.081050383249918,4.081050383249918,0.0,3.885437119801839,3.885437119801839,0.0
original,2,1,13,3.621848319371541,3.621848319371541,0.0,3.7370012474060057,3.7370012474060057,0.0
original,2,1,14,3.6120910994211832,3.6120910994211832,0.0,3.421930014292399,3.421930014292399,0.0
original,2,1,15,3.690946044921875,3.690946044921875,0.0,3.330953426361084,3.330953426361084,0.0
original,2,1,16,3.2611624336242677,3.2611624336242677,0.0,3.2247213045756022,3.2247213045756022,0.0
original,2,1,17,3.183971665700277,3.183971665700277,0.0,2.961392256418864,2.961392256418864,0.0
original,2,1,18,3.2030705897013347,3.2030705897013347,0.0,2.9863203684488933,2.9863203684488933,0.0
original,2,1,19,2.873067579269409,2.873067579269409,0.0,2.7983297220865886,2.7983297220865886,0.0
original,2,1,20,2.881706428527832,2.881706428527832,0.0,2.632382049560547,2.632382049560547,0.0
original,2,1,21,2.8130631478627524,2.8130631478627524,0.0,2.594449084599813,2.594449084599813,0.0
original,2,1,22,2.687900482813517,2.687900482813517,0.0,2.4331891409556072,2.4331891409556072,0.0
original,2,1,23,2.6442929712931313,2.6442929712931313,0.0,2.3890420428911843,2.3890420428911843,0.0
original,2,1,24,2.418728971481323,2.418728971481323,0.0,2.294364411830902,2.294364411830902,0.0
original,2,1,25,2.4059779771169025,2.4059779771169025,0.0,2.233276975949605,2.233276975949605,0.0
original,2,1,26,2.3431994501749673,2.3431994501749673,0.0,2.144467737674713,2.144467737674713,0.0
original,2,1,27,2.300976489384969,2.300976489384969,0.0,2.0861418851216635,2.0861418851216635,0.0
original,2,1,28,2.072624766031901,2.072624766031901,0.0,1.9549020099639893,1.9549020099639893,0.0
original,2,1,29,2.103473606109619,2.103473606109619,0.0,1.8840272156397502,1.8840272156397502,0.0
original,2,1,30,2.0805196634928387,2.0805196634928387,0.0,1.9213621425628662,1.9213621425628662,0.0
original,2,1,31,1.9029359245300292,1.9029359245300292,0.0,1.872491348584493,1.872491348584493,0.0
original,2,1,32,1.8574379968643189,1.8574379968643189,0.0,1.8022039127349854,1.8022039127349854,0.0
original,2,1,33,1.8337204806009928,1.8337204806009928,0.0,1.7902308742205302,1.7902308742205302,0.0
original,2,1,34,1.754066548347473,1.754066548347473,0.0,1.7347599784533183,1.7347599784533183,0.0
original,2,1,35,1.7159472195307415,1.7159472195307415,0.0,1.6580441975593567,1.6580441975593567,0.0
original,2,1,36,1.7126278575261433,1.7126278575261433,0.0,1.6224845019976297,1.6224845019976297,0.0
original,2,1,37,1.652310881614685,1.652310881614685,0.0,1.6429574648539225,1.6429574648539225,0.0
original,2,1,38,1.6062093814214071,1.6062093814214071,0.0,1.5850783228874206,1.5850783228874206,0.0
original,2,1,39,1.5705663045247396,1.5705663045247396,0.0,1.5914311051368712,1.5914311051368712,0.0
original,2,1,40,1.6341880385080974,1.6341880385080974,0.0,1.6615943257013956,1.6615943257013956,0.0
original,2,1,41,1.4770279200871785,1.4770279200871785,0.0,1.5180824836095175,1.5180824836095175,0.0
original,2,1,42,1.4548031536738077,1.4548031536738077,0.0,1.4611778195699057,1.4611778195699057,0.0
original,2,1,43,1.4887046241760253,1.4887046241760253,0.0,1.4970387681325277,1.4970387681325277,0.0
original,2,1,44,1.5240627479553224,1.5240627479553224,0.0,1.4803078397115073,1.4803078397115073,0.0
original,2,1,45,1.449336258570353,1.449336258570353,0.0,1.4468817694981893,1.4468817694981893,0.0
original,2,1,46,1.4002647113800049,1.4002647113800049,0.0,1.4600029015541076,1.4600029015541076,0.0
original,2,1,47,1.4071387894948324,1.4071387894948324,0.0,1.4529694104194641,1.4529694104194641,0.0
original,2,1,48,1.3886320877075196,1.3886320877075196,0.0,1.37695911804835,1.37695911804835,0.0
original,2,1,49,1.3647759437561036,1.3647759437561036,0.0,1.3698592162132264,1.3698592162132264,0.0
original,2,1,50,1.339700501759847,1.339700501759847,0.0,1.3418541113535563,1.3418541113535563,0.0
original,2,1,51,1.3404235458374023,1.3404235458374023,0.0,1.3485639921824137,1.3485639921824137,0.0
original,2,1,52,1.3419618368148805,1.3419618368148805,0.0,1.337955109278361,1.337955109278361,0.0
original,2,1,53,1.272651039759318,1.272651039759318,0.0,1.3249341169993083,1.3249341169993083,0.0
original,2,1,54,1.2838478310902914,1.2838478310902914,0.0,1.2831328550974528,1.2831328550974528,0.0
original,2,1,55,1.2581505870819092,1.2581505870819092,0.0,1.2397331746419271,1.2397331746419271,0.0
original,2,1,56,1.2899088525772096,1.2899088525772096,0.0,1.2783382256825766,1.2783382256825766,0.0
original,2,1,57,1.2441886377334594,1.2441886377334594,0.0,1.2683181262016296,1.2683181262016296,0.0
original,2,1,58,1.2181893555323282,1.2181893555323282,0.0,1.257773510615031,1.257773510615031,0.0
original,2,1,59,1.1885381158192951,1.1885381158192951,0.0,1.1964539798100788,1.1964539798100788,0.0
original,2,1,60,1.2039549954732258,1.2039549954732258,0.0,1.1743033345540363,1.1743033345540363,0.0
original,2,1,61,1.1824256292978923,1.1824256292978923,0.0,1.1681810895601907,1.1681810895601907,0.0
original,2,1,62,1.1540325673421223,1.1540325673421223,0.0,1.1714006384213766,1.1714006384213766,0.0
original,2,1,63,1.1377227401733399,1.1377227401733399,0.0,1.1382789993286133,1.1382789993286133,0.0
original,2,1,64,1.1101826318105061,1.1101826318105061,0.0,1.1427536884943643,1.1427536884943643,0.0
original,2,1,65,1.1090328216552734,1.1090328216552734,0.0,1.1246965193748475,1.1246965193748475,0.0
original,2,1,66,1.114819819132487,1.114819819132487,0.0,1.1039392638206482,1.1039392638206482,0.0
original,2,1,67,1.1091609128316244,1.1091609128316244,0.0,1.1192230876286824,1.1192230876286824,0.0
original,2,1,68,1.0893184312184652,1.0893184312184652,0.0,1.0791123660405477,1.0791123660405477,0.0
original,2,1,69,1.0881089051564534,1.0881089051564534,0.0,1.069556775490443,1.069556775490443,0.0
original,2,1,70,1.0494023005167643,1.0494023005167643,0.0,1.066862241824468,1.066862241824468,0.0
original,2,1,71,1.072738709449768,1.072738709449768,0.0,1.069945242802302,1.069945242802302,0.0
original,2,1,72,1.0236179765065512,1.0236179765065512,0.0,1.040184003909429,1.040184003909429,0.0
original,2,1,73,1.0506992880503336,1.0506992880503336,0.0,1.026605284611384,1.026605284611384,0.0
original,2,1,74,1.033584676583608,1.033584676583608,0.0,1.0140857175985971,1.0140857175985971,0.0
original,2,1,75,1.0010775343577067,1.0010775343577067,0.0,1.0245559549331664,1.0245559549331664,0.0
original,2,1,76,0.9988161087036133,0.9988161087036133,0.0,0.9917260519663493,0.9917260519663493,0.0
original,2,1,77,0.9962557713190715,0.9962557713190715,0.0,0.9801237503687541,0.9801237503687541,0.0
original,2,1,78,1.016138432820638,1.016138432820638,0.0,0.9720992855230968,0.9720992855230968,0.0
original,2,1,79,0.9837396264076232,0.9837396264076232,0.0,0.9784301340579986,0.9784301340579986,0.0
original,2,1,80,0.9569235889116923,0.9569235889116923,0.0,0.956746860742569,0.956746860742569,0.0
original,2,1,81,0.96774711449941,0.96774711449941,0.0,0.9378528265158336,0.9378528265158336,0.0
original,2,1,82,0.9580005979537964,0.9580005979537964,0.0,0.9344524852434795,0.9344524852434795,0.0
original,2,1,83,0.9361830687522888,0.9361830687522888,0.0,0.9279259284337361,0.9279259284337361,0.0
original,2,1,84,0.9290873026847839,0.9290873026847839,0.0,0.9036801342169444,0.9036801342169444,0.0
original,2,1,85,0.9287881724039714,0.9287881724039714,0.0,0.8957267312208811,0.8957267312208811,0.0
original,2,1,86,0.8979326089223226,0.8979326089223226,0.0,0.8827050284544626,0.8827050284544626,0.0
original,2,1,87,0.8936681167284648,0.8936681167284648,0.0,0.873142005999883,0.873142005999883,0.0
original,2,1,88,0.898023993174235,0.898023993174235,0.0,0.8737896736462911,0.8737896736462911,0.0
original,2,1,89,0.8845648121833801,0.8845648121833801,0.0,0.8624248099327088,0.8624248099327088,0.0
original,2,1,90,0.8767809120814005,0.8767809120814005,0.0,0.9549441003799438,0.9549441003799438,0.0
original,2,1,91,0.8654054482777913,0.8654054482777913,0.0,0.8414939359823863,0.8414939359823863,0.0
original,2,1,92,0.8583946434656778,0.8583946434656778,0.0,0.8500103731950124,0.8500103731950124,0.0
original,2,1,93,0.840761174360911,0.840761174360911,0.0,0.8271488074461619,0.8271488074461619,0.0
original,2,1,94,0.8211579036712646,0.8211579036712646,0.0,0.8091204400857289,0.8091204400857289,0.0
original,2,1,95,0.8169823797543844,0.8169823797543844,0.0,0.8149633169174194,0.8149633169174194,0.0
original,2,1,96,0.811663203239441,0.811663203239441,0.0,0.8065293518702189,0.8065293518702189,0.0
original,2,1,97,0.8264711292584738,0.8264711292584738,0.0,0.7793780549367268,0.7793780549367268,0.0
original,2,1,98,0.7867986647288004,0.7867986647288004,0.0,0.7675749357541403,0.7675749357541403,0.0
original,2,1,99,0.7617703978220621,0.7617703978220621,0.0,0.7591136574745179,0.7591136574745179,0.0
original,2,1,100,0.7728516777356466,0.7728516777356466,0.0,0.756633556286494,0.756633556286494,0.0
original,2,1,101,0.7524463359514872,0.7524463359514872,0.0,0.7394667700926463,0.7394667700926463,0.0
original,2,1,102,0.7415703574816386,0.7415703574816386,0.0,0.7359714365005493,0.7359714365005493,0.0
original,2,1,103,0.7405133438110352,0.7405133438110352,0.0,0.7232849129041036,0.7232849129041036,0.0
original,2,1,104,0.7202803206443786,0.7202803206443786,0.0,0.7189990115165711,0.7189990115165711,0.0
original,2,1,105,0.708183856010437,0.708183856010437,0.0,0.7015904792149862,0.7015904792149862,0.0
original,2,1,106,0.7145706303914388,0.7145706303914388,0.0,0.7062991797924042,0.7062991797924042,0.0
original,2,1,107,0.6906462780634562,0.6906462780634562,0.0,0.6929885598023733,0.6929885598023733,0.0
original,2,1,108,0.6772660160064697,0.6772660160064697,0.0,0.6824250376224518,0.6824250376224518,0.0
original,2,1,109,0.6851065031687419,0.6851065031687419,0.0,0.681669747432073,0.681669747432073,0.0
original,2,1,110,0.6807116254170735,0.6807116254170735,0.0,0.6740951335430145,0.6740951335430145,0.0
original,2,1,111,0.6658463716506958,0.6658463716506958,0.0,0.6696216575304668,0.6696216575304668,0.0
original,2,1,112,0.658429339726766,0.658429339726766,0.0,0.6467356781164805,0.6467356781164805,0.0
original,2,1,113,0.6488533631960551,0.6488533631960551,0.0,0.64195130387942,0.64195130387942,0.0
original,2,1,114,0.6461725354194641,0.6461725354194641,0.0,0.629704384803772,0.629704384803772,0.0
original,2,1,115,0.6474800332387288,0.6474800332387288,0.0,0.6351038455963135,0.6351038455963135,0.0
original,2,1,116,0.6273114816347758,0.6273114816347758,0.0,0.6525931851069132,0.6525931851069132,0.0
original,2,1,117,0.6224218066533407,0.6224218066533407,0.0,0.6151106174786886,0.6151106174786886,0.0
original,2,1,118,0.6182931955655416,0.6182931955655416,0.0,0.6125365002950033,0.6125365002950033,0.0
original,2,1,119,0.6133699043591817,0.6133699043591817,0.0,0.6071960894266765,0.6071960894266765,0.0
original,2,1,120,0.6119533125559489,0.6119533125559489,0.0,0.6040121754010518,0.6040121754010518,0.0
original,2,1,121,0.604334143002828,0.604334143002828,0.0,0.6018276325861613,0.6018276325861613,0.0
original,2,1,122,0.5969371740023295,0.5969371740023295,0.0,0.5910564915339152,0.5910564915339152,0.0
original,2,1,123,0.5953749148050944,0.5953749148050944,0.0,0.5969618109862009,0.5969618109862009,0.0
original,2,1,124,0.5952323325475057,0.5952323325475057,0.0,0.5969500537713369,0.5969500537713369,0.0
original,2,1,125,0.5881775705019633,0.5881775705019633,0.0,0.6024892512957255,0.6024892512957255,0.0
original,2,1,126,0.5935575664043427,0.5935575664043427,0.0,0.6061368827025095,0.6061368827025095,0.0
original,2,1,127,0.582191747824351,0.582191747824351,0.0,0.5895241638024648,0.5895241638024648,0.0
original,2,1,128,0.6012448342641195,0.6012448342641195,0.0,0.5903018716971079,0.5903018716971079,0.0
original,2,1,129,0.565489829381307,0.565489829381307,0.0,0.580137643814087,0.580137643814087,0.0
original,2,1,130,0.5860679896672567,0.5860679896672567,0.0,0.5901916865507761,0.5901916865507761,0.0
original,2,1,131,0.5819637473424276,0.5819637473424276,0.0,0.5816089757283529,0.5816089757283529,0.0
original,2,1,132,0.56124311765035,0.56124311765035,0.0,0.5647258754571279,0.5647258754571279,0.0
original,2,1,133,0.5941072368621826,0.5941072368621826,0.0,0.585176587899526,0.585176587899526,0.0
original,2,1,134,0.5690419912338257,0.5690419912338257,0.0,0.5922226190567017,0.5922226190567017,0.0
original,2,1,135,0.5800946609179178,0.5800946609179178,0.0,0.5850162899494171,0.5850162899494171,0.0
original,2,1,136,0.5819194936752319,0.5819194936752319,0.0,0.5748374017079672,0.5748374017079672,0.0
original,2,1,137,0.5516795722643534,0.5516795722643534,0.0,0.6066793398062388,0.6066793398062388,0.0
original,2,1,138,0.5973105788230896,0.5973105788230896,0.0,0.594370403289795,0.594370403289795,0.0
original,2,1,139,0.5850719698270161,0.5850719698270161,0.0,0.5711653474966685,0.5711653474966685,0.0
original,2,1,140,0.537141584555308,0.537141584555308,0.0,0.5501734018325806,0.5501734018325806,0.0
original,2,1,141,0.5869699263572693,0.5869699263572693,0.0,0.5557551920413971,0.5557551920413971,0.0
original,2,1,142,0.5486399555206298,0.5486399555206298,0.0,0.5359345253308614,0.5359345253308614,0.0
original,2,1,143,0.5515450247128805,0.5515450247128805,0.0,0.5532570958137513,0.5532570958137513,0.0
original,2,1,144,0.5588246790568033,0.5588246790568033,0.0,0.5516161700089772,0.5516161700089772,0.0
original,2,1,145,0.5677589623133341,0.5677589623133341,0.0,0.5696721696853637,0.5696721696853637,0.0
original,2,1,146,0.5382189758618673,0.5382189758618673,0.0,0.572590039173762,0.572590039173762,0.0
original,2,1,147,0.5511271238327027,0.5511271238327027,0.0,0.595952851374944,0.595952851374944,0.0
original,2,1,148,0.6071942536036173,0.6071942536036173,0.0,0.5415594426790873,0.5415594426790873,0.0
original,2,1,149,0.5713826930522918,0.5713826930522918,0.0,0.5771799290180206,0.5771799290180206,0.0
original,2,1,150,0.5664286533991496,0.5664286533991496,0.0,0.5965646918614705,0.5965646918614705,0.0
original,2,1,151,0.6114715317885081,0.6114715317885081,0.0,0.6208901949723562,0.6208901949723562,0.0
original,2,1,152,0.5791303507486979,0.5791303507486979,0.0,0.5798875447114309,0.5798875447114309,0.0
original,2,1,153,0.5790932961304982,0.5790932961304982,0.0,0.5695827758312225,0.5695827758312225,0.0
original,2,1,154,0.5781543548901876,0.5781543548901876,0.0,0.5543836275736491,0.5543836275736491,0.0
original,2,1,155,0.5803932563463847,0.5803932563463847,0.0,0.5480424960454305,0.5480424960454305,0.0
original,2,1,156,0.6296549757321676,0.6296549757321676,0.0,0.5749363132317861,0.5749363132317861,0.0
original,2,1,157,0.5894937642415364,0.5894937642415364,0.0,0.5762460390726726,0.5762460390726726,0.0
original,2,1,158,0.6050711623827616,0.6050711623827616,0.0,0.5911768845717112,0.5911768845717112,0.0
original,2,1,159,0.6005676428476969,0.6005676428476969,0.0,0.5953654563426971,0.5953654563426971,0.0
original,2,1,160,0.6193673610687256,0.6193673610687256,0.0,0.5814835850397746,0.5814835850397746,0.0
original,2,1,161,0.5837028344472249,0.5837028344472249,0.0,0.5985019719600677,0.5985019719600677,0.0
original,2,1,162,0.6238866472244262,0.6238866472244262,0.0,0.5713767218589783,0.5713767218589783,0.0
original,2,1,163,0.6764399878184001,0.6764399878184001,0.0,0.655596118370692,0.655596118370692,0.0
original,2,1,164,0.6564657823244731,0.6564657823244731,0.0,0.6543730243047079,0.6543730243047079,0.0
original,2,1,165,0.6705088011423747,0.6705088011423747,0.0,0.6440872653325399,0.6440872653325399,0.0
original,2,1,166,0.6687875588734945,0.6687875588734945,0.0,0.7110287777582804,0.7110287777582804,0.0
original,2,1,167,0.7060557730992635,0.7060557730992635,0.0,0.6668317385514577,0.6668317385514577,0.0
original,2,1,168,0.688300674756368,0.688300674756368,0.0,0.6658163444201152,0.6658163444201152,0.0
original,2,1,169,0.6657969244321187,0.6657969244321187,0.0,0.6365451069672903,0.6365451069672903,0.0
original,2,1,170,0.6727597292264302,0.6727597292264302,0.0,0.7016429301102957,0.7016429301102957,0.0
original,2,1,171,0.6997909871737162,0.6997909871737162,0.0,0.6883809598286946,0.6883809598286946,0.0
original,2,1,172,0.7167735846837362,0.7167735846837362,0.0,0.6779961228370667,0.6779961228370667,0.0
original,2,1,173,0.7006651655832926,0.7006651655832926,0.0,0.6611345005035401,0.6611345005035401,0.0
original,2,1,174,0.6953292973836263,0.6953292973836263,0.0,0.6582249840100606,0.6582249840100606,0.0
original,2,1,175,0.7529202977816264,0.7529202977816264,0.0,0.6524966649214426,0.6524966649214426,0.0
original,2,1,176,0.6899970467885336,0.6899970467885336,0.0,0.6884979637463887,0.6884979637463887,0.0
original,2,1,177,0.7020463498433431,0.7020463498433431,0.0,0.6553435087203979,0.6553435087203979,0.0
original,2,1,178,0.6886504244804382,0.6886504244804382,0.0,0.5940573438008626,0.5940573438008626,0.0
original,2,1,179,0.7242497897148132,0.7242497897148132,0.0,0.621466064453125,0.621466064453125,0.0
original,2,1,180,0.7393041356404623,0.7393041356404623,0.0,0.6164145755767823,0.6164145755767823,0.0
original,2,1,181,0.7177077611287435,0.7177077611287435,0.0,0.6984538495540619,0.6984538495540619,0.0
original,2,1,182,0.7288578732808431,0.7288578732808431,0.0,0.7157252808411916,0.7157252808411916,0.0
original,2,1,183,0.7952838516235352,0.7952838516235352,0.0,0.7779080231984457,0.7779080231984457,0.0
original,2,1,184,0.7587920586268108,0.7587920586268108,0.0,0.8159611352284749,0.8159611352284749,0.0
original,2,1,185,0.7711797777811686,0.7711797777811686,0.0,0.6983409853776296,0.6983409853776296,0.0
original,2,1,186,0.7536920547485352,0.7536920547485352,0.0,0.7126149924596151,0.7126149924596151,0.0
original,2,1,187,0.806335608959198,0.806335608959198,0.0,0.8055241882801056,0.8055241882801056,0.0
original,2,1,188,0.7978999344507853,0.7978999344507853,0.0,0.8666258478164672,0.8666258478164672,0.0
original,2,1,189,0.7559167742729187,0.7559167742729187,0.0,0.7746526495615641,0.7746526495615641,0.0
original,2,1,190,0.7458233801523845,0.7458233801523845,0.0,0.7485031012694041,0.7485031012694041,0.0
original,2,1,191,0.7546117893854777,0.7546117893854777,0.0,0.7972325050830841,0.7972325050830841,0.0
original,2,1,192,0.7677189973990123,0.7677189973990123,0.0,0.78327823082606,0.78327823082606,0.0
original,2,1,193,0.8102899853388469,0.8102899853388469,0.0,0.7757594009240468,0.7757594009240468,0.0
original,2,1,194,0.7579705135027568,0.7579705135027568,0.0,0.7779244879881541,0.7779244879881541,0.0
original,2,1,195,0.7730527353286744,0.7730527353286744,0.0,0.7528976019223531,0.7528976019223531,0.0
original,2,1,196,0.7735556721687317,0.7735556721687317,0.0,0.7044473079840342,0.7044473079840342,0.0
original,2,1,197,0.7578013531366984,0.7578013531366984,0.0,0.6792137598991395,0.6792137598991395,0.0
original,2,1,198,0.7760009741783143,0.7760009741783143,0.0,0.6776714654763539,0.6776714654763539,0.0
original,2,1,199,0.7227425646781921,0.7227425646781921,0.0,0.6518976656595866,0.6518976656595866,0.0
original,2,1,200,0.7098392216364543,0.7098392216364543,0.0,0.6767613605658214,0.6767613605658214,0.0
original,2,1,201,0.7147293750445048,0.7147293750445048,0.0,0.6806887475649516,0.6806887475649516,0.0
original,2,1,202,0.7006586360931396,0.7006586360931396,0.0,0.6395703685283661,0.6395703685283661,0.0
original,2,1,203,0.7049114990234375,0.7049114990234375,0.0,0.677247078816096,0.677247078816096,0.0
original,2,1,204,0.7386412374178568,0.7386412374178568,0.0,0.6550613983472189,0.6550613983472189,0.0
original,2,1,205,0.6611994171142578,0.6611994171142578,0.0,0.6241163424650829,0.6241163424650829,0.0
original,2,1,206,0.6984035269419352,0.6984035269419352,0.0,0.6501066370805104,0.6501066370805104,0.0
original,2,1,207,0.6779516092936198,0.6779516092936198,0.0,0.6155139116446177,0.6155139116446177,0.0
original,2,1,208,0.6676530075073243,0.6676530075073243,0.0,0.6104469839731852,0.6104469839731852,0.0
original,2,1,209,0.6752873961130778,0.6752873961130778,0.0,0.6600177884101868,0.6600177884101868,0.0
original,2,1,210,0.6888872202237447,0.6888872202237447,0.0,0.6201991478602091,0.6201991478602091,0.0
original,2,1,211,0.6396796735127767,0.6396796735127767,0.0,0.5726004878679911,0.5726004878679911,0.0
original,2,1,212,0.6430624532699585,0.6430624532699585,0.0,0.598822546005249,0.598822546005249,0.0
original,2,1,213,0.6878406945864359,0.6878406945864359,0.0,0.6419216378529866,0.6419216378529866,0.0
original,2,1,214,0.6792066677411397,0.6792066677411397,0.0,0.5883023512363433,0.5883023512363433,0.0
original,2,1,215,0.6277349344889323,0.6277349344889323,0.0,0.5782056903839111,0.5782056903839111,0.0
original,2,1,216,0.6270902260144552,0.6270902260144552,0.0,0.5850737671057383,0.5850737671057383,0.0
original,2,1,217,0.6600006997585297,0.6600006997585297,0.0,0.6426213773091635,0.6426213773091635,0.0
original,2,1,218,0.6430715576807657,0.6430715576807657,0.0,0.6170074129104615,0.6170074129104615,0.0
original,2,1,219,0.6583923665682475,0.6583923665682475,0.0,0.6419800853729248,0.6419800853729248,0.0
original,2,1,220,0.6299261895815531,0.6299261895815531,0.0,0.5754981557528178,0.5754981557528178,0.0
original,2,1,221,0.6260378432273864,0.6260378432273864,0.0,0.5395325569311777,0.5395325569311777,0.0
original,2,1,222,0.6040701572100321,0.6040701572100321,0.0,0.5431377192338308,0.5431377192338308,0.0
original,2,1,223,0.6120768324534098,0.6120768324534098,0.0,0.5892292114098867,0.5892292114098867,0.0
original,2,1,224,0.5858217740058899,0.5858217740058899,0.0,0.5422270154953003,0.5422270154953003,0.0
original,2,1,225,0.5981617021560669,0.5981617021560669,0.0,0.5497906541824341,0.5497906541824341,0.0
original,2,1,226,0.6011521490414937,0.6011521490414937,0.0,0.6077267563343048,0.6077267563343048,0.0
original,2,1,227,0.5974554260571797,0.5974554260571797,0.0,0.5241882157325745,0.5241882157325745,0.0
original,2,1,228,0.6043085098266602,0.6043085098266602,0.0,0.675397975842158,0.675397975842158,0.0
original,2,1,229,0.6032141796747843,0.6032141796747843,0.0,0.5427963145573934,0.5427963145573934,0.0
original,2,1,230,0.5866122126579285,0.5866122126579285,0.0,0.5303750300407409,0.5303750300407409,0.0
original,2,1,231,0.5840710639953614,0.5840710639953614,0.0,0.5243414954344432,0.5243414954344432,0.0
original,2,1,232,0.5809243178367615,0.5809243178367615,0.0,0.5031920981407165,0.5031920981407165,0.0
original,2,1,233,0.5585957741737366,0.5585957741737366,0.0,0.5039760716756185,0.5039760716756185,0.0
original,2,1,234,0.5526020161310832,0.5526020161310832,0.0,0.5592546057701111,0.5592546057701111,0.0
original,2,1,235,0.5745115001996358,0.5745115001996358,0.0,0.5513107911745707,0.5513107911745707,0.0
original,2,1,236,0.5813997181256613,0.5813997181256613,0.0,0.5448220288753509,0.5448220288753509,0.0
original,2,1,237,0.5723564275105795,0.5723564275105795,0.0,0.516837702592214,0.516837702592214,0.0
original,2,1,238,0.5412299354871114,0.5412299354871114,0.0,0.5053436334927877,0.5053436334927877,0.0
original,2,1,239,0.5462775905927022,0.5462775905927022,0.0,0.5004862900575002,0.5004862900575002,0.0
original,2,1,240,0.5488090936342875,0.5488090936342875,0.0,0.46859466791152954,0.46859466791152954,0.0
original,2,1,241,0.5202430232365927,0.5202430232365927,0.0,0.488487464984258,0.488487464984258,0.0
original,2,1,242,0.5255681387583415,0.5255681387583415,0.0,0.49301009813944496,0.49301009813944496,0.0
original,2,1,243,0.5361872355143229,0.5361872355143229,0.0,0.4685076614220937,0.4685076614220937,0.0
original,2,1,244,0.5230157725016276,0.5230157725016276,0.0,0.5251032169659933,0.5251032169659933,0.0
original,2,1,245,0.5334938875834148,0.5334938875834148,0.0,0.5154102238019308,0.5154102238019308,0.0
original,2,1,246,0.5056948260466257,0.5056948260466257,0.0,0.49073257366816203,0.49073257366816203,0.0
original,2,1,247,0.5208166790008545,0.5208166790008545,0.0,0.501283388932546,0.501283388932546,0.0
original,2,1,248,0.5138433599472045,0.5138433599472045,0.0,0.5012275719642639,0.5012275719642639,0.0
original,2,1,249,0.5216196163495381,0.5216196163495381,0.0,0.45915997664133706,0.45915997664133706,0.0
original,2,1,250,0.49716813683509825,0.49716813683509825,0.0,0.4591810647646586,0.4591810647646586,0.0
original,2,1,251,0.48696970264116923,0.48696970264116923,0.0,0.457265301545461,0.457265301545461,0.0
original,2,1,252,0.49995118538538613,0.49995118538538613,0.0,0.4825316600004832,0.4825316600004832,0.0
original,2,1,253,0.5245262710253398,0.5245262710253398,0.0,0.4818225065867106,0.4818225065867106,0.0
original,2,1,254,0.5261257108052572,0.5261257108052572,0.0,0.45986462076505025,0.45986462076505025,0.0
original,2,1,255,0.5109302059809366,0.5109302059809366,0.0,0.46107452392578124,0.46107452392578124,0.0
original,2,1,256,0.5139638344446819,0.5139638344446819,0.0,0.46796226501464844,0.46796226501464844,0.0
original,2,1,257,0.4893300731976827,0.4893300731976827,0.0,0.4791832951704661,0.4791832951704661,0.0
original,2,1,258,0.5014279357592265,0.5014279357592265,0.0,0.48220162630081176,0.48220162630081176,0.0
original,2,1,259,0.493841712474823,0.493841712474823,0.0,0.4809078121185303,0.4809078121185303,0.0
original,2,1,260,0.5088676830132802,0.5088676830132802,0.0,0.4741065975030263,0.4741065975030263,0.0
original,2,1,261,0.4800471266110738,0.4800471266110738,0.0,0.47485313256581624,0.47485313256581624,0.0
original,2,1,262,0.4876142493883769,0.4876142493883769,0.0,0.45203100363413495,0.45203100363413495,0.0
original,2,1,263,0.4706795756022135,0.4706795756022135,0.0,0.46451298872629804,0.46451298872629804,0.0
original,2,1,264,0.5109015679359437,0.5109015679359437,0.0,0.4802279790242513,0.4802279790242513,0.0
original,2,1,265,0.4930582896868388,0.4930582896868388,0.0,0.45269548614819843,0.45269548614819843,0.0
original,2,1,266,0.477647287050883,0.477647287050883,0.0,0.473441580136617,0.473441580136617,0.0
original,2,1,267,0.4791543670495351,0.4791543670495351,0.0,0.4591267506281535,0.4591267506281535,0.0
original,2,1,268,0.493768793741862,0.493768793741862,0.0,0.44262308955192564,0.44262308955192564,0.0
original,2,1,269,0.4419114565849304,0.4419114565849304,0.0,0.4466466283798218,0.4466466283798218,0.0
original,2,1,270,0.47734020233154295,0.47734020233154295,0.0,0.4457394727071126,0.4457394727071126,0.0
original,2,1,271,0.4934100119272868,0.4934100119272868,0.0,0.42997257471084593,0.42997257471084593,0.0
original,2,1,272,0.4802645977338155,0.4802645977338155,0.0,0.4357324202855428,0.4357324202855428,0.0
original,2,1,273,0.4574698328971863,0.4574698328971863,0.0,0.4374320769309998,0.4374320769309998,0.0
original,2,1,274,0.4585396385192871,0.4585396385192871,0.0,0.43656137824058533,0.43656137824058533,0.0
original,2,1,275,0.47611158529917397,0.47611158529917397,0.0,0.43439066608746846,0.43439066608746846,0.0
original,2,1,276,0.4673324410120646,0.4673324410120646,0.0,0.4585844075679779,0.4585844075679779,0.0
original,2,1,277,0.46475204547246296,0.46475204547246296,0.0,0.442808354695638,0.442808354695638,0.0
original,2,1,278,0.4623382540543874,0.4623382540543874,0.0,0.4176478377978007,0.4176478377978007,0.0
original,2,1,279,0.47417128284772236,0.47417128284772236,0.0,0.4242315061887105,0.4242315061887105,0.0
original,2,1,280,0.45957245349884035,0.45957245349884035,0.0,0.42514225204785666,0.42514225204785666,0.0
original,2,1,281,0.48355361819267273,0.48355361819267273,0.0,0.4429134956995646,0.4429134956995646,0.0
original,2,1,282,0.4576681943734487,0.4576681943734487,0.0,0.45499107797940574,0.45499107797940574,0.0
original,2,1,283,0.43857327461242673,0.43857327461242673,0.0,0.45854233384132387,0.45854233384132387,0.0
original,2,1,284,0.4744850794474284,0.4744850794474284,0.0,0.45264833052953085,0.45264833052953085,0.0
original,2,1,285,0.44098908980687457,0.44098908980687457,0.0,0.4349798234303792,0.4349798234303792,0.0
original,2,1,286,0.48651626745859783,0.48651626745859783,0.0,0.42606366833051046,0.42606366833051046,0.0
original,2,1,287,0.4455394903818766,0.4455394903818766,0.0,0.4185047793388367,0.4185047793388367,0.0
original,2,1,288,0.45380916277567546,0.45380916277567546,0.0,0.41818469842274986,0.41818469842274986,0.0
original,2,1,289,0.414953381617864,0.414953381617864,0.0,0.42610074798266095,0.42610074798266095,0.0
original,2,1,290,0.4636654714743296,0.4636654714743296,0.0,0.4135001405080159,0.4135001405080159,0.0
original,2,1,291,0.45990917603174847,0.45990917603174847,0.0,0.3977297214667002,0.3977297214667002,0.0
original,2,1,292,0.4845350170135498,0.4845350170135498,0.0,0.39814685702323915,0.39814685702323915,0.0
original,2,1,293,0.41779143492380777,0.41779143492380777,0.0,0.4071101689338684,0.4071101689338684,0.0
original,2,1,294,0.41057849725087486,0.41057849725087486,0.0,0.4031433300177256,0.4031433300177256,0.0
original,2,1,295,0.4383852259318034,0.4383852259318034,0.0,0.40786285042762754,0.40786285042762754,0.0
original,2,1,296,0.4520176680882772,0.4520176680882772,0.0,0.4063986206054688,0.4063986206054688,0.0
original,2,1,297,0.42895068287849425,0.42895068287849425,0.0,0.4046557080745697,0.4046557080745697,0.0
original,2,1,298,0.44208022276560466,0.44208022276560466,0.0,0.40720665017763774,0.40720665017763774,0.0
original,2,1,299,0.4527177000045776,0.4527177000045776,0.0,0.4060005871454875,0.4060005871454875,0.0
original,2,1,300,0.4197062047322591,0.4197062047322591,0.0,0.3730281209945679,0.3730281209945679,0.0
original,2,1,301,0.4233267100652059,0.4233267100652059,0.0,0.38331726551055906,0.38331726551055906,0.0
original,2,1,302,0.4305871884028117,0.4305871884028117,0.0,0.4052344008286794,0.4052344008286794,0.0
original,2,1,303,0.4240639861424764,0.4240639861424764,0.0,0.39830500483512876,0.39830500483512876,0.0
original,2,1,304,0.41986394961675005,0.41986394961675005,0.0,0.40598583936691285,0.40598583936691285,0.0
original,2,1,305,0.41295390407244364,0.41295390407244364,0.0,0.4076266964276632,0.4076266964276632,0.0
original,2,1,306,0.4566218654314677,0.4566218654314677,0.0,0.4125733168919881,0.4125733168919881,0.0
original,2,1,307,0.4347770881652832,0.4347770881652832,0.0,0.4008629580338796,0.4008629580338796,0.0
original,2,1,308,0.4573687529563904,0.4573687529563904,0.0,0.38680532495180764,0.38680532495180764,0.0
original,2,1,309,0.43874740719795224,0.43874740719795224,0.0,0.411032159725825,0.411032159725825,0.0
original,2,1,310,0.42880988041559853,0.42880988041559853,0.0,0.4235315239429474,0.4235315239429474,0.0
original,2,1,311,0.3898322228590647,0.3898322228590647,0.0,0.4104655917485555,0.4104655917485555,0.0
original,2,1,312,0.38030970414479576,0.38030970414479576,0.0,0.38525250911712644,0.38525250911712644,0.0
original,2,1,313,0.40507941246032714,0.40507941246032714,0.0,0.36451668858528136,0.36451668858528136,0.0
original,2,1,314,0.41727697213490805,0.41727697213490805,0.0,0.3641964256763458,0.3641964256763458,0.0
original,2,1,315,0.40144520918528237,0.40144520918528237,0.0,0.3801351014773051,0.3801351014773051,0.0
original,2,1,316,0.4306377299626668,0.4306377299626668,0.0,0.401184508005778,0.401184508005778,0.0
original,2,1,317,0.42449546813964845,0.42449546813964845,0.0,0.3941831890741984,0.3941831890741984,0.0
original,2,1,318,0.40003857572873436,0.40003857572873436,0.0,0.4109014070034027,0.4109014070034027,0.0
original,2,1,319,0.3882734807332357,0.3882734807332357,0.0,0.36446582595507304,0.36446582595507304,0.0
original,2,1,320,0.40873002409935,0.40873002409935,0.0,0.3900486715634664,0.3900486715634664,0.0
original,2,1,321,0.4336483444770177,0.4336483444770177,0.0,0.3728267407417297,0.3728267407417297,0.0
original,2,1,322,0.4021459484100342,0.4021459484100342,0.0,0.3594790160655975,0.3594790160655975,0.0
original,2,1,323,0.36878859837849937,0.36878859837849937,0.0,0.38429067651430765,0.38429067651430765,0.0
original,2,1,324,0.39077714681625364,0.39077714681625364,0.0,0.3813889785607656,0.3813889785607656,0.0
original,2,1,325,0.36824961125850675,0.36824961125850675,0.0,0.3836893355846405,0.3836893355846405,0.0
original,2,1,326,0.4010420838991801,0.4010420838991801,0.0,0.36713611920674644,0.36713611920674644,0.0
original,2,1,327,0.3893356470266978,0.3893356470266978,0.0,0.34806703209877016,0.34806703209877016,0.0
original,2,1,328,0.39640878041585287,0.39640878041585287,0.0,0.36079447309176127,0.36079447309176127,0.0
original,2,1,329,0.36351432025432584,0.36351432025432584,0.0,0.363141489426295,0.363141489426295,0.0
original,2,1,330,0.4058109716574351,0.4058109716574351,0.0,0.3461309826374054,0.3461309826374054,0.0
original,2,1,331,0.376465390920639,0.376465390920639,0.0,0.345963267882665,0.345963267882665,0.0
original,2,1,332,0.3978273518880208,0.3978273518880208,0.0,0.3605026773611705,0.3605026773611705,0.0
original,2,1,333,0.3955954122543335,0.3955954122543335,0.0,0.3585106261571248,0.3585106261571248,0.0
original,2,1,334,0.36417160034179685,0.36417160034179685,0.0,0.34848761876424156,0.34848761876424156,0.0
original,2,1,335,0.3527063012123108,0.3527063012123108,0.0,0.3756019874413808,0.3756019874413808,0.0
original,2,1,336,0.3687531836827596,0.3687531836827596,0.0,0.36591999014218646,0.36591999014218646,0.0
original,2,1,337,0.36896446963151297,0.36896446963151297,0.0,0.32723944147427875,0.32723944147427875,0.0
original,2,1,338,0.36240119457244874,0.36240119457244874,0.0,0.34720306237538656,0.34720306237538656,0.0
original,2,1,339,0.3875277594725291,0.3875277594725291,0.0,0.3627674384911855,0.3627674384911855,0.0
original,2,1,340,0.36410836021105447,0.36410836021105447,0.0,0.35179389317830406,0.35179389317830406,0.0
original,2,1,341,0.3460335238774617,0.3460335238774617,0.0,0.317334068218867,0.317334068218867,0.0
original,2,1,342,0.3808077863852183,0.3808077863852183,0.0,0.34431723395983377,0.34431723395983377,0.0
original,2,1,343,0.3838244454065959,0.3838244454065959,0.0,0.3052545615037282,0.3052545615037282,0.0
original,2,1,344,0.35905569354693095,0.35905569354693095,0.0,0.3393140232563019,0.3393140232563019,0.0
original,2,1,345,0.3578450957934062,0.3578450957934062,0.0,0.3443976410230001,0.3443976410230001,0.0
original,2,1,346,0.38687124649683635,0.38687124649683635,0.0,0.34665292541186016,0.34665292541186016,0.0
original,2,1,347,0.37140905459721885,0.37140905459721885,0.0,0.3291151785850525,0.3291151785850525,0.0
original,2,1,348,0.3545190636316935,0.3545190636316935,0.0,0.3280691715081533,0.3280691715081533,0.0
original,2,1,349,0.38582602580388387,0.38582602580388387,0.0,0.3448322403430939,0.3448322403430939,0.0
original,2,1,350,0.37310488025347394,0.37310488025347394,0.0,0.33915841817855835,0.33915841817855835,0.0
original,2,1,351,0.34705875992774965,0.34705875992774965,0.0,0.3345813123385111,0.3345813123385111,0.0
original,2,1,352,0.3224691180388133,0.3224691180388133,0.0,0.3219742953777313,0.3219742953777313,0.0
original,2,1,353,0.33115604599316917,0.33115604599316917,0.0,0.30714933514595033,0.30714933514595033,0.0
original,2,1,354,0.30002393047014875,0.30002393047014875,0.0,0.3084902632236481,0.3084902632236481,0.0
original,2,1,355,0.341816771030426,0.341816771030426,0.0,0.307335862716039,0.307335862716039,0.0
original,2,1,356,0.32146879176298776,0.32146879176298776,0.0,0.3006771981716156,0.3006771981716156,0.0
original,2,1,357,0.34957729776700336,0.34957729776700336,0.0,0.2729089053471883,0.2729089053471883,0.0
original,2,1,358,0.30403016924858095,0.30403016924858095,0.0,0.27182221015294394,0.27182221015294394,0.0
original,2,1,359,0.31726728041966756,0.31726728041966756,0.0,0.3112064131100972,0.3112064131100972,0.0
original,2,1,360,0.34994026402632394,0.34994026402632394,0.0,0.2731570680936178,0.2731570680936178,0.0
original,2,1,361,0.3159316376845042,0.3159316376845042,0.0,0.27408631523450216,0.27408631523450216,0.0
original,2,1,362,0.30626742243766786,0.30626742243766786,0.0,0.28537143508593243,0.28537143508593243,0.0
original,2,1,363,0.33056724866231285,0.33056724866231285,0.0,0.27432308236757913,0.27432308236757913,0.0
original,2,1,364,0.3320956778526306,0.3320956778526306,0.0,0.3325154467423757,0.3325154467423757,0.0
original,2,1,365,0.3166687023639679,0.3166687023639679,0.0,0.2904356483618418,0.2904356483618418,0.0
original,2,1,366,0.31350075840950015,0.31350075840950015,0.0,0.269052338997523,0.269052338997523,0.0
original,2,1,367,0.32674657821655273,0.32674657821655273,0.0,0.28718609929084776,0.28718609929084776,0.0
original,2,1,368,0.3082520194848378,0.3082520194848378,0.0,0.2979600628217061,0.2979600628217061,0.0
original,2,1,369,0.3121655356884003,0.3121655356884003,0.0,0.3034330375989278,0.3034330375989278,0.0
original,2,1,370,0.3448223125934601,0.3448223125934601,0.0,0.3334331774711609,0.3334331774711609,0.0
original,2,1,371,0.3529282605648041,0.3529282605648041,0.0,0.3252410566806793,0.3252410566806793,0.0
original,2,1,372,0.3060172275702159,0.3060172275702159,0.0,0.26847254792849223,0.26847254792849223,0.0
original,2,1,373,0.2929421361287435,0.2929421361287435,0.0,0.2838789808750153,0.2838789808750153,0.0
original,2,1,374,0.2922049041589101,0.2922049041589101,0.0,0.2551063291231791,0.2551063291231791,0.0
original,2,1,375,0.30713751951853435,0.30713751951853435,0.0,0.26620108683904015,0.26620108683904015,0.0
original,2,1,376,0.3301882517337799,0.3301882517337799,0.0,0.28448570330937706,0.28448570330937706,0.0
original,2,1,377,0.3107671650250753,0.3107671650250753,0.0,0.2781452643871307,0.2781452643871307,0.0
original,2,1,378,0.3121022625764211,0.3121022625764211,0.0,0.29463066697120666,0.29463066697120666,0.0
original,2,1,379,0.3018160545825958,0.3018160545825958,0.0,0.28075325608253476,0.28075325608253476,0.0
original,2,1,380,0.2996970987319946,0.2996970987319946,0.0,0.261888413031896,0.261888413031896,0.0
original,2,1,381,0.2860479700565338,0.2860479700565338,0.0,0.2745325231552124,0.2745325231552124,0.0
original,2,1,382,0.29959519346555075,0.29959519346555075,0.0,0.2785442356268565,0.2785442356268565,0.0
original,2,1,383,0.30431015133857725,0.30431015133857725,0.0,0.25360660552978515,0.25360660552978515,0.0
original,2,1,384,0.28732592781384786,0.28732592781384786,0.0,0.24621498545010884,0.24621498545010884,0.0
original,2,1,385,0.29030223210652667,0.29030223210652667,0.0,0.24901617248853047,0.24901617248853047,0.0
original,2,1,386,0.30596335291862486,0.30596335291862486,0.0,0.26043236056963603,0.26043236056963603,0.0
original,2,1,387,0.3141907064119975,0.3141907064119975,0.0,0.2559419023990631,0.2559419023990631,0.0
original,2,1,388,0.3011284705003103,0.3011284705003103,0.0,0.26223721901575725,0.26223721901575725,0.0
original,2,1,389,0.27111156066258746,0.27111156066258746,0.0,0.24242432594299315,0.24242432594299315,0.0
original,2,1,390,0.2504057494799296,0.2504057494799296,0.0,0.24249951402346293,0.24249951402346293,0.0
original,2,1,391,0.2626532524824142,0.2626532524824142,0.0,0.2300091580549876,0.2300091580549876,0.0
original,2,1,392,0.2835827529430389,0.2835827529430389,0.0,0.23856987158457438,0.23856987158457438,0.0
original,2,1,393,0.2897713754574458,0.2897713754574458,0.0,0.26440070549647016,0.26440070549647016,0.0
original,2,1,394,0.3032500998179118,0.3032500998179118,0.0,0.2589277795950572,0.2589277795950572,0.0
original,2,1,395,0.29155829270680744,0.29155829270680744,0.0,0.25066357453664145,0.25066357453664145,0.0
original,2,1,396,0.280728461543719,0.280728461543719,0.0,0.257830669482549,0.257830669482549,0.0
original,2,1,397,0.28167955438296,0.28167955438296,0.0,0.2574923547108968,0.2574923547108968,0.0
original,2,1,398,0.279328308502833,0.279328308502833,0.0,0.24921984155972798,0.24921984155972798,0.0
original,2,1,399,0.2727051734924316,0.2727051734924316,0.0,0.24815213123957316,0.24815213123957316,0.0
original,2,1,400,0.2684743257363637,0.2684743257363637,0.0,0.23722005446751912,0.23722005446751912,0.0
original,2,1,401,0.2641375635067622,0.2641375635067622,0.0,0.22482142825921378,0.22482142825921378,0.0
original,2,1,402,0.2613653214772542,0.2613653214772542,0.0,0.2181942687431971,0.2181942687431971,0.0
original,2,1,403,0.2410293388366699,0.2410293388366699,0.0,0.2230970484018326,0.2230970484018326,0.0
original,2,1,404,0.2775736129283905,0.2775736129283905,0.0,0.24722530047098795,0.24722530047098795,0.0
original,2,1,405,0.2628657329082489,0.2628657329082489,0.0,0.23900262832641603,0.23900262832641603,0.0
original,2,1,406,0.27122711261113486,0.27122711261113486,0.0,0.2553420114517212,0.2553420114517212,0.0
original,2,1,407,0.23783515612284342,0.23783515612284342,0.0,0.2482010211547216,0.2482010211547216,0.0
original,2,1,408,0.256446061929067,0.256446061929067,0.0,0.222927130262057,0.222927130262057,0.0
original,2,1,409,0.24531663060188294,0.24531663060188294,0.0,0.22180381735165913,0.22180381735165913,0.0
original,2,1,410,0.24587066173553468,0.24587066173553468,0.0,0.21135310510794322,0.21135310510794322,0.0
original,2,1,411,0.24218053261439004,0.24218053261439004,0.0,0.22984147389729817,0.22984147389729817,0.0
original,2,1,412,0.2659783681233724,0.2659783681233724,0.0,0.2603451148668925,0.2603451148668925,0.0
original,2,1,413,0.27376572370529173,0.27376572370529173,0.0,0.23574905355771383,0.23574905355771383,0.0
original,2,1,414,0.26994985779126485,0.26994985779126485,0.0,0.23797113259633382,0.23797113259633382,0.0
original,2,1,415,0.2649103764692942,0.2649103764692942,0.0,0.21919518252213796,0.21919518252213796,0.0
original,2,1,416,0.2494337280591329,0.2494337280591329,0.0,0.22327403922875722,0.22327403922875722,0.0
original,2,1,417,0.2557399519284566,0.2557399519284566,0.0,0.24016686101754506,0.24016686101754506,0.0
original,2,1,418,0.23423060377438862,0.23423060377438862,0.0,0.2190679661432902,0.2190679661432902,0.0
original,2,1,419,0.2252906306584676,0.2252906306584676,0.0,0.23671308875083924,0.23671308875083924,0.0
original,2,1,420,0.23657162566979725,0.23657162566979725,0.0,0.2405638917287191,0.2405638917287191,0.0
original,2,1,421,0.2535658387343089,0.2535658387343089,0.0,0.23841231544812522,0.23841231544812522,0.0
original,2,1,422,0.2531539595127106,0.2531539595127106,0.0,0.22755674481391908,0.22755674481391908,0.0
original,2,1,423,0.24860125303268432,0.24860125303268432,0.0,0.2473959372440974,0.2473959372440974,0.0
original,2,1,424,0.25896928191185,0.25896928191185,0.0,0.21509031355381011,0.21509031355381011,0.0
original,2,1,425,0.22332943896452587,0.22332943896452587,0.0,0.21055652638276418,0.21055652638276418,0.0
original,2,1,426,0.24299669981002808,0.24299669981002808,0.0,0.21473406493663788,0.21473406493663788,0.0
original,2,1,427,0.23873187919457753,0.23873187919457753,0.0,0.23991420050462087,0.23991420050462087,0.0
original,2,1,428,0.21889684895674388,0.21889684895674388,0.0,0.2369886541366577,0.2369886541366577,0.0
original,2,1,429,0.22836228688557944,0.22836228688557944,0.0,0.23583825290203095,0.23583825290203095,0.0
original,2,1,430,0.24922478199005127,0.24922478199005127,0.0,0.21869311551253,0.21869311551253,0.0
original,2,1,431,0.2273146859804789,0.2273146859804789,0.0,0.21473592281341553,0.21473592281341553,0.0
original,2,1,432,0.20712798674901325,0.20712798674901325,0.0,0.20247554659843445,0.20247554659843445,0.0
original,2,1,433,0.22629218916098276,0.22629218916098276,0.0,0.24784398754437764,0.24784398754437764,0.0
original,2,1,434,0.24671832998593649,0.24671832998593649,0.0,0.25062260568141936,0.25062260568141936,0.0
original,2,1,435,0.2665726919968923,0.2665726919968923,0.0,0.23333576142787935,0.23333576142787935,0.0
original,2,1,436,0.2446845151980718,0.2446845151980718,0.0,0.21892412523428598,0.21892412523428598,0.0
original,2,1,437,0.2413557227452596,0.2413557227452596,0.0,0.21758765717347464,0.21758765717347464,0.0
original,2,1,438,0.2286828645070394,0.2286828645070394,0.0,0.20899063011010488,0.20899063011010488,0.0
original,2,1,439,0.2282803972562154,0.2282803972562154,0.0,0.2369888013601303,0.2369888013601303,0.0
original,2,1,440,0.2303568442662557,0.2303568442662557,0.0,0.23119603991508483,0.23119603991508483,0.0
original,2,1,441,0.21049020171165467,0.21049020171165467,0.0,0.23823640505472818,0.23823640505472818,0.0
original,2,1,442,0.2501101891199748,0.2501101891199748,0.0,0.24328557431697845,0.24328557431697845,0.0
original,2,1,443,0.2636208786567052,0.2636208786567052,0.0,0.26199034849802655,0.26199034849802655,0.0
original,2,1,444,0.2825942659378052,0.2825942659378052,0.0,0.2585146496693293,0.2585146496693293,0.0
original,2,1,445,0.2812045951684316,0.2812045951684316,0.0,0.2076730473836263,0.2076730473836263,0.0
original,2,1,446,0.2437329069773356,0.2437329069773356,0.0,0.21020300805568695,0.21020300805568695,0.0
original,2,1,447,0.22566213806470234,0.22566213806470234,0.0,0.22162157615025838,0.22162157615025838,0.0
original,2,1,448,0.22950074712435403,0.22950074712435403,0.0,0.22391774694124858,0.22391774694124858,0.0
original,2,1,449,0.23347697019577027,0.23347697019577027,0.0,0.2224777328968048,0.2224777328968048,0.0
original,2,1,450,0.22607807636260988,0.22607807636260988,0.0,0.19809756100177764,0.19809756100177764,0.0
original,2,1,451,0.23468556761741638,0.23468556761741638,0.0,0.21803352375825247,0.21803352375825247,0.0
original,2,1,452,0.23485789855321249,0.23485789855321249,0.0,0.21115325272083282,0.21115325272083282,0.0
original,2,1,453,0.21750749150911966,0.21750749150911966,0.0,0.19693736871083578,0.19693736871083578,0.0
original,2,1,454,0.2157622641324997,0.2157622641324997,0.0,0.20262111028035482,0.20262111028035482,0.0
original,2,1,455,0.22463261882464092,0.22463261882464092,0.0,0.20163091719150544,0.20163091719150544,0.0
original,2,1,456,0.2509751095374425,0.2509751095374425,0.0,0.20020135045051574,0.20020135045051574,0.0
original,2,1,457,0.23369831720987955,0.23369831720987955,0.0,0.2000081366300583,0.2000081366300583,0.0
original,2,1,458,0.2072571921348572,0.2072571921348572,0.0,0.19132435659567515,0.19132435659567515,0.0
original,2,1,459,0.21017837782700857,0.21017837782700857,0.0,0.1987089365720749,0.1987089365720749,0.0
original,2,1,460,0.21100682616233826,0.21100682616233826,0.0,0.20474406083424887,0.20474406083424887,0.0
original,2,1,461,0.22367804010709127,0.22367804010709127,0.0,0.22406037112077076,0.22406037112077076,0.0
original,2,1,462,0.22040428241093954,0.22040428241093954,0.0,0.20654497921466827,0.20654497921466827,0.0
original,2,1,463,0.20672203262646993,0.20672203262646993,0.0,0.20234800775845846,0.20234800775845846,0.0
original,2,1,464,0.20245364387830098,0.20245364387830098,0.0,0.20885481278101603,0.20885481278101603,0.0
original,2,1,465,0.21015193124612172,0.21015193124612172,0.0,0.20090383609135945,0.20090383609135945,0.0
original,2,1,466,0.19663255532582602,0.19663255532582602,0.0,0.19729927122592927,0.19729927122592927,0.0
original,2,1,467,0.2185112444559733,0.2185112444559733,0.0,0.19553694407145183,0.19553694407145183,0.0
original,2,1,468,0.2070055842399597,0.2070055842399597,0.0,0.18991706629594168,0.18991706629594168,0.0
original,2,1,469,0.2203263701995214,0.2203263701995214,0.0,0.21901364783445995,0.21901364783445995,0.0
original,2,1,470,0.2450359841187795,0.2450359841187795,0.0,0.20987966597080232,0.20987966597080232,0.0
original,2,1,471,0.24119707504908244,0.24119707504908244,0.0,0.23099276900291443,0.23099276900291443,0.0
original,2,1,472,0.22650894343852998,0.22650894343852998,0.0,0.20218875070412953,0.20218875070412953,0.0
original,2,1,473,0.20498799761136374,0.20498799761136374,0.0,0.1947485335667928,0.1947485335667928,0.0
original,2,1,474,0.21863418618837993,0.21863418618837993,0.0,0.22547236402829487,0.22547236402829487,0.0
original,2,1,475,0.2133269743124644,0.2133269743124644,0.0,0.224544344941775,0.224544344941775,0.0
original,2,1,476,0.2120302246014277,0.2120302246014277,0.0,0.19636552155017853,0.19636552155017853,0.0
original,2,1,477,0.20188967843850453,0.20188967843850453,0.0,0.18548131227493286,0.18548131227493286,0.0
original,2,1,478,0.20238830049832662,0.20238830049832662,0.0,0.19079597095648448,0.19079597095648448,0.0
original,2,1,479,0.21490032891432445,0.21490032891432445,0.0,0.20186763723691303,0.20186763723691303,0.0
original,2,1,480,0.23081605970859528,0.23081605970859528,0.0,0.20763920585314433,0.20763920585314433,0.0
original,2,1,481,0.23012627959251403,0.23012627959251403,0.0,0.20326521396636962,0.20326521396636962,0.0
original,2,1,482,0.19037253459294637,0.19037253459294637,0.0,0.189741845925649,0.189741845925649,0.0
original,2,1,483,0.2141519304116567,0.2141519304116567,0.0,0.1961259518067042,0.1961259518067042,0.0
original,2,1,484,0.1919096839427948,0.1919096839427948,0.0,0.2030484809478124,0.2030484809478124,0.0
original,2,1,485,0.19635033408800762,0.19635033408800762,0.0,0.19527692794799806,0.19527692794799806,0.0
original,2,1,486,0.19827191054821014,0.19827191054821014,0.0,0.1934494924545288,0.1934494924545288,0.0
original,2,1,487,0.20114626745382944,0.20114626745382944,0.0,0.20182169338067374,0.20182169338067374,0.0
original,2,1,488,0.19911763370037078,0.19911763370037078,0.0,0.19544259170691172,0.19544259170691172,0.0
original,2,1,489,0.2145912988980611,0.2145912988980611,0.0,0.18779181361198424,0.18779181361198424,0.0
original,2,1,490,0.1899690544605255,0.1899690544605255,0.0,0.1758345741033554,0.1758345741033554,0.0
original,2,1,491,0.1882355809211731,0.1882355809211731,0.0,0.22027344167232513,0.22027344167232513,0.0
original,2,1,492,0.23209043622016906,0.23209043622016906,0.0,0.20458885212739308,0.20458885212739308,0.0
original,2,1,493,0.21045318166414897,0.21045318166414897,0.0,0.19191966275374095,0.19191966275374095,0.0
original,2,1,494,0.18259939471880596,0.18259939471880596,0.0,0.18306707044442494,0.18306707044442494,0.0
original,2,1,495,0.16936367084582646,0.16936367084582646,0.0,0.1971220028400421,0.1971220028400421,0.0
original,2,1,496,0.19485625366369883,0.19485625366369883,0.0,0.19788896203041076,0.19788896203041076,0.0
original,2,1,497,0.21268231590588887,0.21268231590588887,0.0,0.21171051442623137,0.21171051442623137,0.0
original,2,1,498,0.23426724592844644,0.23426724592844644,0.0,0.2059830669562022,0.2059830669562022,0.0
original,2,1,499,0.2365464973449707,0.2365464973449707,0.0,0.19076015750567119,0.19076015750567119,0.0
original,2,1,500,0.1882985997200012,0.1882985997200012,0.0,0.18671990176041922,0.18671990176041922,0.0
original,2,2,1,2.595528243255615,2.595528243255615,0.0,2.6115107620239257,2.6115107620239257,0.0
original,2,2,2,2.33922204284668,2.33922204284668,0.0,2.407966508102417,2.407966508102417,0.0
original,2,2,3,2.1078592807769776,2.1078592807769776,0.0,2.098826716995239,2.098826716995239,0.0
original,2,2,4,1.9452578699111938,1.9452578699111938,0.0,1.8637765979766845,1.8637765979766845,0.0
original,2,2,5,1.80068321018219,1.80068321018219,0.0,1.9764948963165283,1.9764948963165283,0.0
original,2,2,6,1.6834040803909303,1.6834040803909303,0.0,1.8232505348205565,1.8232505348205565,0.0
original,2,2,7,1.5697717266082765,1.5697717266082765,0.0,1.6592047340393066,1.6592047340393066,0.0
original,2,2,8,1.481774070739746,1.481774070739746,0.0,1.6966645553588868,1.6966645553588868,0.0
original,2,2,9,1.4164207433700562,1.4164207433700562,0.0,1.3700306531906128,1.3700306531906128,0.0
original,2,2,10,1.3650922801971435,1.3650922801971435,0.0,1.3139151929855346,1.3139151929855346,0.0
original,2,2,11,1.3031050727844238,1.3031050727844238,0.0,1.2581456418991088,1.2581456418991088,0.0
original,2,2,12,1.2570534463882446,1.2570534463882446,0.0,1.215950345993042,1.215950345993042,0.0
original,2,2,13,1.1925609281539917,1.1925609281539917,0.0,1.1938209384918212,1.1938209384918212,0.0
original,2,2,14,1.1870653894424439,1.1870653894424439,0.0,1.1337311807632446,1.1337311807632446,0.0
original,2,2,15,1.1508210706710815,1.1508210706710815,0.0,1.1019863334655762,1.1019863334655762,0.0
original,2,2,16,1.1218675830841065,1.1218675830841065,0.0,1.0809796607971192,1.0809796607971192,0.0
original,2,2,17,1.1011957253456115,1.1011957253456115,0.0,1.0732316938400268,1.0732316938400268,0.0
original,2,2,18,1.0836572357177734,1.0836572357177734,0.0,1.0364559862136842,1.0364559862136842,0.0
original,2,2,19,1.0638305750846864,1.0638305750846864,0.0,1.0424224594116211,1.0424224594116211,0.0
original,2,2,20,1.0341940913200378,1.0341940913200378,0.0,0.9924757106781006,0.9924757106781006,0.0
original,2,2,21,1.0221710292816162,1.0221710292816162,0.0,0.9790761795043945,0.9790761795043945,0.0
original,2,2,22,1.031182281112671,1.031182281112671,0.0,0.9605608907699585,0.9605608907699585,0.0
original,2,2,23,1.0004253704071044,1.0004253704071044,0.0,0.9738539014816284,0.9738539014816284,0.0
original,2,2,24,0.9842844566345215,0.9842844566345215,0.0,0.9520797138214111,0.9520797138214111,0.0
original,2,2,25,0.9685634624481201,0.9685634624481201,0.0,0.9350039829254151,0.9350039829254151,0.0
original,2,2,26,0.9720092794418335,0.9720092794418335,0.0,0.9486775163650513,0.9486775163650513,0.0
original,2,2,27,0.9680451050758362,0.9680451050758362,0.0,0.9384812961578369,0.9384812961578369,0.0
original,2,2,28,0.9366131650924683,0.9366131650924683,0.0,0.9071937923431397,0.9071937923431397,0.0
original,2,2,29,0.9441982839584351,0.9441982839584351,0.0,0.9133702035903931,0.9133702035903931,0.0
original,2,2,30,0.9211865796089173,0.9211865796089173,0.0,0.902307504272461,0.902307504272461,0.0
original,2,2,31,0.9182211989402771,0.9182211989402771,0.0,0.8735012977600097,0.8735012977600097,0.0
original,2,2,32,0.8974999998092651,0.8974999998092651,0.0,0.8658836700439453,0.8658836700439453,0.0
original,2,2,33,0.8735772459983826,0.8735772459983826,0.0,0.8424959506988525,0.8424959506988525,0.0
original,2,2,34,0.9006441600799561,0.9006441600799561,0.0,0.8694809761047363,0.8694809761047363,0.0
original,2,2,35,0.8610353260040283,0.8610353260040283,0.0,0.8804577039718628,0.8804577039718628,0.0
original,2,2,36,0.8655652700424195,0.8655652700424195,0.0,0.81314340133667,0.81314340133667,0.0
original,2,2,37,0.8476638152122498,0.8476638152122498,0.0,0.8070222869873047,0.8070222869873047,0.0
original,2,2,38,0.8430990833282471,0.8430990833282471,0.0,0.8466463787078857,0.8466463787078857,0.0
original,2,2,39,0.8206472086906433,0.8206472086906433,0.0,0.8018279554367066,0.8018279554367066,0.0
original,2,2,40,0.829563362121582,0.829563362121582,0.0,0.791434641456604,0.791434641456604,0.0
original,2,2,41,0.8275833731651306,0.8275833731651306,0.0,0.7927287868499756,0.7927287868499756,0.0
original,2,2,42,0.8072065465927124,0.8072065465927124,0.0,0.7854736862182617,0.7854736862182617,0.0
original,2,2,43,0.8061523189544678,0.8061523189544678,0.0,0.7766068124771118,0.7766068124771118,0.0
original,2,2,44,0.7998979389190674,0.7998979389190674,0.0,0.7769843311309814,0.7769843311309814,0.0
original,2,2,45,0.7942522513389587,0.7942522513389587,0.0,0.7652325115203857,0.7652325115203857,0.0
original,2,2,46,0.7863978627204895,0.7863978627204895,0.0,0.7613538740158081,0.7613538740158081,0.0
original,2,2,47,0.8018020424842834,0.8018020424842834,0.0,0.773062467956543,0.773062467956543,0.0
original,2,2,48,0.776867892074585,0.776867892074585,0.0,0.7491065624237061,0.7491065624237061,0.0
original,2,2,49,0.7895508156776428,0.7895508156776428,0.0,0.7484802026748657,0.7484802026748657,0.0
original,2,2,50,0.7874833759307861,0.7874833759307861,0.0,0.786289061164856,0.786289061164856,0.0
original,2,2,51,0.7746639631271363,0.7746639631271363,0.0,0.746242947769165,0.746242947769165,0.0
original,2,2,52,0.7641304330825806,0.7641304330825806,0.0,0.7438355312347412,0.7438355312347412,0.0
original,2,2,53,0.7465859210014343,0.7465859210014343,0.0,0.7372723022460937,0.7372723022460937,0.0
original,2,2,54,0.7531166152954102,0.7531166152954102,0.0,0.7423036993026734,0.7423036993026734,0.0
original,2,2,55,0.751559413433075,0.751559413433075,0.0,0.7657042949676514,0.7657042949676514,0.0
original,2,2,56,0.7577374029159546,0.7577374029159546,0.0,0.7328690292358399,0.7328690292358399,0.0
original,2,2,57,0.746758988571167,0.746758988571167,0.0,0.7517126344680786,0.7517126344680786,0.0
original,2,2,58,0.7322207123756409,0.7322207123756409,0.0,0.748366875076294,0.748366875076294,0.0
original,2,2,59,0.7576788228034973,0.7576788228034973,0.0,0.7503407140731811,0.7503407140731811,0.0
original,2,2,60,0.7550177918434143,0.7550177918434143,0.0,0.7439910142898559,0.7439910142898559,0.0
original,2,2,61,0.7467132307052612,0.7467132307052612,0.0,0.7362178791046142,0.7362178791046142,0.0
original,2,2,62,0.7430126750946044,0.7430126750946044,0.0,0.7316093124389649,0.7316093124389649,0.0
original,2,2,63,0.7437474700927734,0.7437474700927734,0.0,0.734195908164978,0.734195908164978,0.0
original,2,2,64,0.7533115427970887,0.7533115427970887,0.0,0.7270793376922607,0.7270793376922607,0.0
original,2,2,65,0.7370795771598816,0.7370795771598816,0.0,0.7063334478378296,0.7063334478378296,0.0
original,2,2,66,0.7281755953788758,0.7281755953788758,0.0,0.6989897480010986,0.6989897480010986,0.0
original,2,2,67,0.7322265062332153,0.7322265062332153,0.0,0.7103118906021119,0.7103118906021119,0.0
original,2,2,68,0.7237703676223755,0.7237703676223755,0.0,0.7178304311752319,0.7178304311752319,0.0
original,2,2,69,0.7116481179237366,0.7116481179237366,0.0,0.7107358316421509,0.7107358316421509,0.0
original,2,2,70,0.7251378145217896,0.7251378145217896,0.0,0.6923961570739746,0.6923961570739746,0.0
original,2,2,71,0.7266873513221741,0.7266873513221741,0.0,0.7007467748641968,0.7007467748641968,0.0
original,2,2,72,0.7302665201187134,0.7302665201187134,0.0,0.6989532049179077,0.6989532049179077,0.0
original,2,2,73,0.7173022906303406,0.7173022906303406,0.0,0.7055915433883667,0.7055915433883667,0.0
original,2,2,74,0.7223014008522034,0.7223014008522034,0.0,0.7173899850845337,0.7173899850845337,0.0
original,2,2,75,0.7000132675170898,0.7000132675170898,0.0,0.6892505750656128,0.6892505750656128,0.0
original,2,2,76,0.706940859413147,0.706940859413147,0.0,0.6865611190795898,0.6865611190795898,0.0
original,2,2,77,0.7193583714485169,0.7193583714485169,0.0,0.6916773141860962,0.6916773141860962,0.0
original,2,2,78,0.7266832485198974,0.7266832485198974,0.0,0.6844182168960571,0.6844182168960571,0.0
original,2,2,79,0.7052444189071655,0.7052444189071655,0.0,0.7003536493301391,0.7003536493301391,0.0
original,2,2,80,0.700770219039917,0.700770219039917,0.0,0.6883429485321045,0.6883429485321045,0.0
original,2,2,81,0.7077519095420838,0.7077519095420838,0.0,0.6879834894180298,0.6879834894180298,0.0
original,2,2,82,0.7037967726707458,0.7037967726707458,0.0,0.68247116355896,0.68247116355896,0.0
original,2,2,83,0.7007961602210998,0.7007961602210998,0.0,0.6904134979248047,0.6904134979248047,0.0
original,2,2,84,0.7011669338226318,0.7011669338226318,0.0,0.6726136772155762,0.6726136772155762,0.0
original,2,2,85,0.6920694418907165,0.6920694418907165,0.0,0.6679396560668945,0.6679396560668945,0.0
original,2,2,86,0.6945676309585571,0.6945676309585571,0.0,0.6776413282394409,0.6776413282394409,0.0
original,2,2,87,0.6957919004440307,0.6957919004440307,0.0,0.6596276195526123,0.6596276195526123,0.0
original,2,2,88,0.6906991145133973,0.6906991145133973,0.0,0.6762388673782349,0.6762388673782349,0.0
original,2,2,89,0.688921863937378,0.688921863937378,0.0,0.6626834859848022,0.6626834859848022,0.0
original,2,2,90,0.6754858800888062,0.6754858800888062,0.0,0.6591743530273437,0.6591743530273437,0.0
original,2,2,91,0.6859602117538453,0.6859602117538453,0.0,0.6652673446655274,0.6652673446655274,0.0
original,2,2,92,0.6886255554199219,0.6886255554199219,0.0,0.6636248149871826,0.6636248149871826,0.0
original,2,2,93,0.6914168946266175,0.6914168946266175,0.0,0.6615951999664307,0.6615951999664307,0.0
original,2,2,94,0.6863596155166626,0.6863596155166626,0.0,0.6647093900680542,0.6647093900680542,0.0
original,2,2,95,0.6893097777366638,0.6893097777366638,0.0,0.6722357122421264,0.6722357122421264,0.0
original,2,2,96,0.6936675847053528,0.6936675847053528,0.0,0.6541402378082275,0.6541402378082275,0.0
original,2,2,97,0.6846271434783936,0.6846271434783936,0.0,0.6585011245727539,0.6585011245727539,0.0
original,2,2,98,0.6993365863800048,0.6993365863800048,0.0,0.6581067642211914,0.6581067642211914,0.0
original,2,2,99,0.6848628480911255,0.6848628480911255,0.0,0.6524016666412353,0.6524016666412353,0.0
original,2,2,100,0.676744571685791,0.676744571685791,0.0,0.6502094352722168,0.6502094352722168,0.0
original,2,2,101,0.6711768897056579,0.6711768897056579,0.0,0.6356709936141968,0.6356709936141968,0.0
original,2,2,102,0.6846467325210571,0.6846467325210571,0.0,0.6441365743637085,0.6441365743637085,0.0
original,2,2,103,0.6855286847114563,0.6855286847114563,0.0,0.6612232038497925,0.6612232038497925,0.0
original,2,2,104,0.6812067454338073,0.6812067454338073,0.0,0.6384131381988526,0.6384131381988526,0.0
original,2,2,105,0.6807589064598083,0.6807589064598083,0.0,0.651060249710083,0.651060249710083,0.0
original,2,2,106,0.6764435910224914,0.6764435910224914,0.0,0.6389605777740478,0.6389605777740478,0.0
original,2,2,107,0.6630511850357056,0.6630511850357056,0.0,0.6447579698562622,0.6447579698562622,0.0
original,2,2,108,0.6703630517959595,0.6703630517959595,0.0,0.6369318872451782,0.6369318872451782,0.0
original,2,2,109,0.6645747052192688,0.6645747052192688,0.0,0.6349957626342774,0.6349957626342774,0.0
original,2,2,110,0.6689235877037049,0.6689235877037049,0.0,0.645160263633728,0.645160263633728,0.0
original,2,2,111,0.6657552448272706,0.6657552448272706,0.0,0.6358472019195557,0.6358472019195557,0.0
original,2,2,112,0.6812299674987793,0.6812299674987793,0.0,0.6303343744277954,0.6303343744277954,0.0
original,2,2,113,0.663459778881073,0.663459778881073,0.0,0.6352928539276123,0.6352928539276123,0.0
original,2,2,114,0.6801737831115723,0.6801737831115723,0.0,0.6313818632125855,0.6313818632125855,0.0
original,2,2,115,0.6706315371513367,0.6706315371513367,0.0,0.6424823379516602,0.6424823379516602,0.0
original,2,2,116,0.6624318008422851,0.6624318008422851,0.0,0.6430047203063964,0.6430047203063964,0.0
original,2,2,117,0.6710920627593994,0.6710920627593994,0.0,0.6279330001831055,0.6279330001831055,0.0
original,2,2,118,0.6535500099182129,0.6535500099182129,0.0,0.6367994909286498,0.6367994909286498,0.0
original,2,2,119,0.6480774541854858,0.6480774541854858,0.0,0.6310953466415405,0.6310953466415405,0.0
original,2,2,120,0.6568830929756164,0.6568830929756164,0.0,0.635014409828186,0.635014409828186,0.0
original,2,2,121,0.6606797510147094,0.6606797510147094,0.0,0.6203763269424438,0.6203763269424438,0.0
original,2,2,122,0.6554072923660278,0.6554072923660278,0.0,0.6318263149261475,0.6318263149261475,0.0
original,2,2,123,0.6645099517822266,0.6645099517822266,0.0,0.635375001335144,0.635375001335144,0.0
original,2,2,124,0.6539260328292846,0.6539260328292846,0.0,0.633159440612793,0.633159440612793,0.0
original,2,2,125,0.6518448384284973,0.6518448384284973,0.0,0.6247932039260864,0.6247932039260864,0.0
original,2,2,126,0.657474277305603,0.657474277305603,0.0,0.6278323097229004,0.6278323097229004,0.0
original,2,2,127,0.6597475605964661,0.6597475605964661,0.0,0.6448224239349365,0.6448224239349365,0.0
original,2,2,128,0.6670973980903625,0.6670973980903625,0.0,0.6341824079513549,0.6341824079513549,0.0
original,2,2,129,0.6427804615020752,0.6427804615020752,0.0,0.632376443862915,0.632376443862915,0.0
original,2,2,130,0.6536239942550659,0.6536239942550659,0.0,0.6422192796707153,0.6422192796707153,0.0
original,2,2,131,0.6656344336509704,0.6656344336509704,0.0,0.6469355695724487,0.6469355695724487,0.0
original,2,2,132,0.6605740255355835,0.6605740255355835,0.0,0.6420984233856201,0.6420984233856201,0.0
original,2,2,133,0.6744632656097412,0.6744632656097412,0.0,0.6929065076828003,0.6929065076828003,0.0
original,2,2,134,0.6662859376907349,0.6662859376907349,0.0,0.6279186862945557,0.6279186862945557,0.0
original,2,2,135,0.6474941875457764,0.6474941875457764,0.0,0.6360073837280273,0.6360073837280273,0.0
original,2,2,136,0.661637012386322,0.661637012386322,0.0,0.6329263423919678,0.6329263423919678,0.0
original,2,2,137,0.6684735174179077,0.6684735174179077,0.0,0.6473443590164184,0.6473443590164184,0.0
original,2,2,138,0.6703027620315551,0.6703027620315551,0.0,0.647535177230835,0.647535177230835,0.0
original,2,2,139,0.6664564982414246,0.6664564982414246,0.0,0.6383974571228027,0.6383974571228027,0.0
original,2,2,140,0.6533615054130554,0.6533615054130554,0.0,0.6439125793457031,0.6439125793457031,0.0
original,2,2,141,0.6616447757720947,0.6616447757720947,0.0,0.6496941705703735,0.6496941705703735,0.0
original,2,2,142,0.6563704429626465,0.6563704429626465,0.0,0.6408323879241944,0.6408323879241944,0.0
original,2,2,143,0.6508799924850464,0.6508799924850464,0.0,0.639807027053833,0.639807027053833,0.0
original,2,2,144,0.6612380369186401,0.6612380369186401,0.0,0.6428822780609131,0.6428822780609131,0.0
original,2,2,145,0.6636425910949707,0.6636425910949707,0.0,0.6411666793823242,0.6411666793823242,0.0
original,2,2,146,0.655900267791748,0.655900267791748,0.0,0.6360318225860596,0.6360318225860596,0.0
original,2,2,147,0.6410009508132934,0.6410009508132934,0.0,0.6343503450393677,0.6343503450393677,0.0
original,2,2,148,0.6569408737182617,0.6569408737182617,0.0,0.6206450691223144,0.6206450691223144,0.0
original,2,2,149,0.665026999759674,0.665026999759674,0.0,0.6264273992538452,0.6264273992538452,0.0
original,2,2,150,0.6557283471107483,0.6557283471107483,0.0,0.6259413782119752,0.6259413782119752,0.0
original,2,2,151,0.6522376210212707,0.6522376210212707,0.0,0.627305348777771,0.627305348777771,0.0
original,2,2,152,0.6496380228042603,0.6496380228042603,0.0,0.6314573070526123,0.6314573070526123,0.0
original,2,2,153,0.6591853315353393,0.6591853315353393,0.0,0.6419326173782348,0.6419326173782348,0.0
original,2,2,154,0.6575826462745666,0.6575826462745666,0.0,0.6379664567947387,0.6379664567947387,0.0
original,2,2,155,0.6498114152908325,0.6498114152908325,0.0,0.6210786075592041,0.6210786075592041,0.0
original,2,2,156,0.6483317049980164,0.6483317049980164,0.0,0.623456192779541,0.623456192779541,0.0
original,2,2,157,0.6604677209854126,0.6604677209854126,0.0,0.6300526899337768,0.6300526899337768,0.0
original,2,2,158,0.6469567397117615,0.6469567397117615,0.0,0.6140981492996216,0.6140981492996216,0.0
original,2,2,159,0.6463583584785462,0.6463583584785462,0.0,0.6168328012466431,0.6168328012466431,0.0
original,2,2,160,0.6387016000747681,0.6387016000747681,0.0,0.6102300683975219,0.6102300683975219,0.0
original,2,2,161,0.6359713010787964,0.6359713010787964,0.0,0.610352910900116,0.610352910900116,0.0
original,2,2,162,0.6504690356254578,0.6504690356254578,0.0,0.6200181696891784,0.6200181696891784,0.0
original,2,2,163,0.6593923911094666,0.6593923911094666,0.0,0.609510050201416,0.609510050201416,0.0
original,2,2,164,0.6584929133415223,0.6584929133415223,0.0,0.6153598188400269,0.6153598188400269,0.0
original,2,2,165,0.6512724807739257,0.6512724807739257,0.0,0.6259535461425781,0.6259535461425781,0.0
original,2,2,166,0.647694319152832,0.647694319152832,0.0,0.632320325088501,0.632320325088501,0.0
original,2,2,167,0.6424657380104065,0.6424657380104065,0.0,0.6077046378135681,0.6077046378135681,0.0
original,2,2,168,0.638175867652893,0.638175867652893,0.0,0.614566464138031,0.614566464138031,0.0
original,2,2,169,0.6329770504951477,0.6329770504951477,0.0,0.6247790983200073,0.6247790983200073,0.0
original,2,2,170,0.6350038916587829,0.6350038916587829,0.0,0.6197931874275208,0.6197931874275208,0.0
original,2,2,171,0.6404684730529785,0.6404684730529785,0.0,0.6090557423591614,0.6090557423591614,0.0
original,2,2,172,0.6423864951133728,0.6423864951133728,0.0,0.6132610369682312,0.6132610369682312,0.0
original,2,2,173,0.6492718180656433,0.6492718180656433,0.0,0.6089657562255859,0.6089657562255859,0.0
original,2,2,174,0.6330735257148743,0.6330735257148743,0.0,0.6203302287101745,0.6203302287101745,0.0
original,2,2,175,0.6491006140708924,0.6491006140708924,0.0,0.6235757136344909,0.6235757136344909,0.0
original,2,2,176,0.6340795577049255,0.6340795577049255,0.0,0.6063261494636536,0.6063261494636536,0.0
original,2,2,177,0.6303330647468567,0.6303330647468567,0.0,0.6037634046554565,0.6037634046554565,0.0
original,2,2,178,0.6227269359588623,0.6227269359588623,0.0,0.6125604748725891,0.6125604748725891,0.0
original,2,2,179,0.6319135355949402,0.6319135355949402,0.0,0.6138401058197022,0.6138401058197022,0.0
original,2,2,180,0.6369280406951904,0.6369280406951904,0.0,0.5913483634948731,0.5913483634948731,0.0
original,2,2,181,0.6363027444839477,0.6363027444839477,0.0,0.6058614908218384,0.6058614908218384,0.0
original,2,2,182,0.6301515365600586,0.6301515365600586,0.0,0.6135326619148255,0.6135326619148255,0.0
original,2,2,183,0.643594598197937,0.643594598197937,0.0,0.6028991514205932,0.6028991514205932,0.0
original,2,2,184,0.6387961729049683,0.6387961729049683,0.0,0.6079684141159057,0.6079684141159057,0.0
original,2,2,185,0.6465406714439392,0.6465406714439392,0.0,0.6066405200958251,0.6066405200958251,0.0
original,2,2,186,0.6552730512619018,0.6552730512619018,0.0,0.6198228731155395,0.6198228731155395,0.0
original,2,2,187,0.625242456626892,0.625242456626892,0.0,0.6035582567214965,0.6035582567214965,0.0
original,2,2,188,0.623490741443634,0.623490741443634,0.0,0.5945683862686157,0.5945683862686157,0.0
original,2,2,189,0.6196817160606384,0.6196817160606384,0.0,0.6030411210060119,0.6030411210060119,0.0
original,2,2,190,0.6439268546104431,0.6439268546104431,0.0,0.6064984018325805,0.6064984018325805,0.0
original,2,2,191,0.6290678175449371,0.6290678175449371,0.0,0.6242796772003174,0.6242796772003174,0.0
original,2,2,192,0.651445431137085,0.651445431137085,0.0,0.598881854057312,0.598881854057312,0.0
original,2,2,193,0.6161936308860779,0.6161936308860779,0.0,0.6056827389717102,0.6056827389717102,0.0
original,2,2,194,0.6239398396492004,0.6239398396492004,0.0,0.5955188497543334,0.5955188497543334,0.0
original,2,2,195,0.6176554140090942,0.6176554140090942,0.0,0.5988843109130859,0.5988843109130859,0.0
original,2,2,196,0.615435547542572,0.615435547542572,0.0,0.602394985294342,0.602394985294342,0.0
original,2,2,197,0.6299044052124023,0.6299044052124023,0.0,0.6065582808494567,0.6065582808494567,0.0
original,2,2,198,0.6209402418136597,0.6209402418136597,0.0,0.5884630997657776,0.5884630997657776,0.0
original,2,2,199,0.6325330986022949,0.6325330986022949,0.0,0.6014189318656922,0.6014189318656922,0.0
original,2,2,200,0.6405088256835938,0.6405088256835938,0.0,0.6056328109741211,0.6056328109741211,0.0
original,2,2,201,0.6329155883789063,0.6329155883789063,0.0,0.6024219617843628,0.6024219617843628,0.0
original,2,2,202,0.6398237003326416,0.6398237003326416,0.0,0.6169141532897949,0.6169141532897949,0.0
original,2,2,203,0.6322993616104126,0.6322993616104126,0.0,0.6057706028938293,0.6057706028938293,0.0
original,2,2,204,0.6310506380081177,0.6310506380081177,0.0,0.5986076600074768,0.5986076600074768,0.0
original,2,2,205,0.6235880881309509,0.6235880881309509,0.0,0.597181003856659,0.597181003856659,0.0
original,2,2,206,0.6298844066619873,0.6298844066619873,0.0,0.5989564920425415,0.5989564920425415,0.0
original,2,2,207,0.6237930500984192,0.6237930500984192,0.0,0.5870394552230835,0.5870394552230835,0.0
original,2,2,208,0.645441361618042,0.645441361618042,0.0,0.6326581013679504,0.6326581013679504,0.0
original,2,2,209,0.640058939743042,0.640058939743042,0.0,0.5803454424858093,0.5803454424858093,0.0
original,2,2,210,0.6432109990119934,0.6432109990119934,0.0,0.5853034893035889,0.5853034893035889,0.0
original,2,2,211,0.6434881896972656,0.6434881896972656,0.0,0.6179729590415954,0.6179729590415954,0.0
original,2,2,212,0.6531245524406433,0.6531245524406433,0.0,0.6299285202980042,0.6299285202980042,0.0
original,2,2,213,0.6268232752799988,0.6268232752799988,0.0,0.5903709330558777,0.5903709330558777,0.0
original,2,2,214,0.6317698301315308,0.6317698301315308,0.0,0.5887227993965148,0.5887227993965148,0.0
original,2,2,215,0.632983683013916,0.632983683013916,0.0,0.6134528244972229,0.6134528244972229,0.0
original,2,2,216,0.6319201071739197,0.6319201071739197,0.0,0.5969277474403382,0.5969277474403382,0.0
original,2,2,217,0.6489241199493408,0.6489241199493408,0.0,0.6195679533004761,0.6195679533004761,0.0
original,2,2,218,0.6279868733406067,0.6279868733406067,0.0,0.5972870613098145,0.5972870613098145,0.0
original,2,2,219,0.6267143169879913,0.6267143169879913,0.0,0.5760440196037292,0.5760440196037292,0.0
original,2,2,220,0.628910737323761,0.628910737323761,0.0,0.5805259170532227,0.5805259170532227,0.0
original,2,2,221,0.6543639065742493,0.6543639065742493,0.0,0.593615523147583,0.593615523147583,0.0
original,2,2,222,0.6398469529151917,0.6398469529151917,0.0,0.6041443269729614,0.6041443269729614,0.0
original,2,2,223,0.624067379283905,0.624067379283905,0.0,0.6167577680587768,0.6167577680587768,0.0
original,2,2,224,0.6349757598876953,0.6349757598876953,0.0,0.5858360637664795,0.5858360637664795,0.0
original,2,2,225,0.6335291686058044,0.6335291686058044,0.0,0.582338743019104,0.582338743019104,0.0
original,2,2,226,0.6438800659179688,0.6438800659179688,0.0,0.5925611305236816,0.5925611305236816,0.0
original,2,2,227,0.6189459972381591,0.6189459972381591,0.0,0.635449737739563,0.635449737739563,0.0
original,2,2,228,0.6340704093933105,0.6340704093933105,0.0,0.6099847465515137,0.6099847465515137,0.0
original,2,2,229,0.6353605226516723,0.6353605226516723,0.0,0.5918593634605408,0.5918593634605408,0.0
original,2,2,230,0.6557812035560608,0.6557812035560608,0.0,0.5925854475975036,0.5925854475975036,0.0
original,2,2,231,0.648179821395874,0.648179821395874,0.0,0.5999280407905578,0.5999280407905578,0.0
original,2,2,232,0.6225269050598145,0.6225269050598145,0.0,0.5856372093200684,0.5856372093200684,0.0
original,2,2,233,0.6340142102241516,0.6340142102241516,0.0,0.5957423274993896,0.5957423274993896,0.0
original,2,2,234,0.6181056264877319,0.6181056264877319,0.0,0.5822298866271972,0.5822298866271972,0.0
original,2,2,235,0.6158039920806885,0.6158039920806885,0.0,0.6045286578178406,0.6045286578178406,0.0
original,2,2,236,0.6217400150299073,0.6217400150299073,0.0,0.6014300515174865,0.6014300515174865,0.0
original,2,2,237,0.6341569178581238,0.6341569178581238,0.0,0.5904719973564148,0.5904719973564148,0.0
original,2,2,238,0.604930447101593,0.604930447101593,0.0,0.599208434009552,0.599208434009552,0.0
original,2,2,239,0.6336695919990539,0.6336695919990539,0.0,0.6032738697052002,0.6032738697052002,0.0
original,2,2,240,0.6241958094596862,0.6241958094596862,0.0,0.5847202554702758,0.5847202554702758,0.0
original,2,2,241,0.6152026211738586,0.6152026211738586,0.0,0.5965166193962097,0.5965166193962097,0.0
original,2,2,242,0.615734069442749,0.615734069442749,0.0,0.5749256525039673,0.5749256525039673,0.0
original,2,2,243,0.6363768007278442,0.6363768007278442,0.0,0.5808762714385987,0.5808762714385987,0.0
original,2,2,244,0.6343175971984863,0.6343175971984863,0.0,0.5885121556282044,0.5885121556282044,0.0
original,2,2,245,0.6277684015274048,0.6277684015274048,0.0,0.5886692342758179,0.5886692342758179,0.0
original,2,2,246,0.6359479188919067,0.6359479188919067,0.0,0.6041627150535583,0.6041627150535583,0.0
original,2,2,247,0.614927344417572,0.614927344417572,0.0,0.5961059445381165,0.5961059445381165,0.0
original,2,2,248,0.6112442749977112,0.6112442749977112,0.0,0.5779013237953186,0.5779013237953186,0.0
original,2,2,249,0.6177415902137756,0.6177415902137756,0.0,0.5897553724288941,0.5897553724288941,0.0
original,2,2,250,0.6399722560882568,0.6399722560882568,0.0,0.580207527923584,0.580207527923584,0.0
original,2,2,251,0.6313055572509766,0.6313055572509766,0.0,0.5986719889640808,0.5986719889640808,0.0
original,2,2,252,0.6168586331367493,0.6168586331367493,0.0,0.5794043625831604,0.5794043625831604,0.0
original,2,2,253,0.6289785534858704,0.6289785534858704,0.0,0.5787439862251281,0.5787439862251281,0.0
original,2,2,254,0.6278287534713745,0.6278287534713745,0.0,0.6095193287849426,0.6095193287849426,0.0
original,2,2,255,0.6220123533248901,0.6220123533248901,0.0,0.5829491676330566,0.5829491676330566,0.0
original,2,2,256,0.6193123424530029,0.6193123424530029,0.0,0.5797540287971497,0.5797540287971497,0.0
original,2,2,257,0.633543247795105,0.633543247795105,0.0,0.5869554411888123,0.5869554411888123,0.0
original,2,2,258,0.6348828045845032,0.6348828045845032,0.0,0.6008724011421204,0.6008724011421204,0.0
original,2,2,259,0.6293085227966309,0.6293085227966309,0.0,0.5864799036979675,0.5864799036979675,0.0
original,2,2,260,0.6246224649429322,0.6246224649429322,0.0,0.5793908281326294,0.5793908281326294,0.0
original,2,2,261,0.621323412322998,0.621323412322998,0.0,0.5808912742614746,0.5808912742614746,0.0
original,2,2,262,0.6219003733634949,0.6219003733634949,0.0,0.5901198424339295,0.5901198424339295,0.0
original,2,2,263,0.6172736291885376,0.6172736291885376,0.0,0.5885339671134949,0.5885339671134949,0.0
original,2,2,264,0.6191050179481506,0.6191050179481506,0.0,0.586137324142456,0.586137324142456,0.0
original,2,2,265,0.6193095638275147,0.6193095638275147,0.0,0.5862679522514344,0.5862679522514344,0.0
original,2,2,266,0.6274514892578125,0.6274514892578125,0.0,0.5807553363800049,0.5807553363800049,0.0
original,2,2,267,0.6058738706588745,0.6058738706588745,0.0,0.5816809309005737,0.5816809309005737,0.0
original,2,2,268,0.6178578817367554,0.6178578817367554,0.0,0.5691219645500183,0.5691219645500183,0.0
original,2,2,269,0.6315495941162109,0.6315495941162109,0.0,0.5812304696083069,0.5812304696083069,0.0
original,2,2,270,0.60771944065094,0.60771944065094,0.0,0.5727496120452881,0.5727496120452881,0.0
original,2,2,271,0.6211518610954284,0.6211518610954284,0.0,0.5839651600837708,0.5839651600837708,0.0
original,2,2,272,0.6175945885658264,0.6175945885658264,0.0,0.5808760638236999,0.5808760638236999,0.0
original,2,2,273,0.6083902933120727,0.6083902933120727,0.0,0.5814047231674194,0.5814047231674194,0.0
original,2,2,274,0.6248444216728211,0.6248444216728211,0.0,0.5809215412139893,0.5809215412139893,0.0
original,2,2,275,0.6299468872070313,0.6299468872070313,0.0,0.5897072047233581,0.5897072047233581,0.0
original,2,2,276,0.6045821200370789,0.6045821200370789,0.0,0.5945310522079468,0.5945310522079468,0.0
original,2,2,277,0.5918769274711609,0.5918769274711609,0.0,0.5722748173713684,0.5722748173713684,0.0
original,2,2,278,0.597774160194397,0.597774160194397,0.0,0.5608879312515259,0.5608879312515259,0.0
original,2,2,279,0.6069392159461975,0.6069392159461975,0.0,0.5675838652610778,0.5675838652610778,0.0
original,2,2,280,0.6379722609519959,0.6379722609519959,0.0,0.5880189640998841,0.5880189640998841,0.0
original,2,2,281,0.6148404272079467,0.6148404272079467,0.0,0.5696327437400818,0.5696327437400818,0.0
original,2,2,282,0.6042494109153748,0.6042494109153748,0.0,0.5688362524032593,0.5688362524032593,0.0
original,2,2,283,0.6221264121055603,0.6221264121055603,0.0,0.5927623774528503,0.5927623774528503,0.0
original,2,2,284,0.6163324304580688,0.6163324304580688,0.0,0.565441462802887,0.565441462802887,0.0
original,2,2,285,0.5926350790977478,0.5926350790977478,0.0,0.6024632224082946,0.6024632224082946,0.0
original,2,2,286,0.6042645868301392,0.6042645868301392,0.0,0.5785693994522094,0.5785693994522094,0.0
original,2,2,287,0.6092740968704223,0.6092740968704223,0.0,0.5770389199256897,0.5770389199256897,0.0
original,2,2,288,0.6208384678840637,0.6208384678840637,0.0,0.5721118042945862,0.5721118042945862,0.0
original,2,2,289,0.6123499201774597,0.6123499201774597,0.0,0.5752349591255188,0.5752349591255188,0.0
original,2,2,290,0.6063722567558288,0.6063722567558288,0.0,0.5682901766777039,0.5682901766777039,0.0
original,2,2,291,0.5941593693733216,0.5941593693733216,0.0,0.5853592430114746,0.5853592430114746,0.0
original,2,2,292,0.6123292944908142,0.6123292944908142,0.0,0.5691701467514038,0.5691701467514038,0.0
original,2,2,293,0.6201766978263855,0.6201766978263855,0.0,0.5863816651344299,0.5863816651344299,0.0
original,2,2,294,0.6183319385528564,0.6183319385528564,0.0,0.5669758014678955,0.5669758014678955,0.0
original,2,2,295,0.5932328876495361,0.5932328876495361,0.0,0.5598649222373963,0.5598649222373963,0.0
original,2,2,296,0.6342997794151306,0.6342997794151306,0.0,0.5928455798149109,0.5928455798149109,0.0
original,2,2,297,0.6001152066230774,0.6001152066230774,0.0,0.5710296311378479,0.5710296311378479,0.0
original,2,2,298,0.609048987865448,0.609048987865448,0.0,0.5830609427452087,0.5830609427452087,0.0
original,2,2,299,0.6155761388778687,0.6155761388778687,0.0,0.5792842683792114,0.5792842683792114,0.0
original,2,2,300,0.6120865142822266,0.6120865142822266,0.0,0.5944783423423767,0.5944783423423767,0.0
original,2,2,301,0.6058638271331787,0.6058638271331787,0.0,0.5789981342315674,0.5789981342315674,0.0
original,2,2,302,0.6157926387786865,0.6157926387786865,0.0,0.5853537850379944,0.5853537850379944,0.0
original,2,2,303,0.5987453274726867,0.5987453274726867,0.0,0.5708576681137085,0.5708576681137085,0.0
original,2,2,304,0.6257357800483704,0.6257357800483704,0.0,0.5748529272079468,0.5748529272079468,0.0
original,2,2,305,0.6068269327163697,0.6068269327163697,0.0,0.5927217596054077,0.5927217596054077,0.0
original,2,2,306,0.6003492861747741,0.6003492861747741,0.0,0.5871989999771118,0.5871989999771118,0.0
original,2,2,307,0.5999629110336304,0.5999629110336304,0.0,0.5731032559394836,0.5731032559394836,0.0
original,2,2,308,0.6289411814689636,0.6289411814689636,0.0,0.5746673638343811,0.5746673638343811,0.0
original,2,2,309,0.6151654279708862,0.6151654279708862,0.0,0.5974289076805115,0.5974289076805115,0.0
original,2,2,310,0.5988946105957031,0.5988946105957031,0.0,0.5755090441703796,0.5755090441703796,0.0
original,2,2,311,0.6071524417877198,0.6071524417877198,0.0,0.5693918444633483,0.5693918444633483,0.0
original,2,2,312,0.6243120405197143,0.6243120405197143,0.0,0.5906521556854248,0.5906521556854248,0.0
original,2,2,313,0.6061125752449036,0.6061125752449036,0.0,0.567777672290802,0.567777672290802,0.0
original,2,2,314,0.6067642012596131,0.6067642012596131,0.0,0.5786578330993652,0.5786578330993652,0.0
original,2,2,315,0.6159968202590942,0.6159968202590942,0.0,0.592793827342987,0.592793827342987,0.0
original,2,2,316,0.6042983332633972,0.6042983332633972,0.0,0.5864125557899476,0.5864125557899476,0.0
original,2,2,317,0.6267248501777649,0.6267248501777649,0.0,0.6213772023200989,0.6213772023200989,0.0
original,2,2,318,0.6046118772506713,0.6046118772506713,0.0,0.5742265309333802,0.5742265309333802,0.0
original,2,2,319,0.603095510005951,0.603095510005951,0.0,0.5873145102500915,0.5873145102500915,0.0
original,2,2,320,0.602297320652008,0.602297320652008,0.0,0.5694213528633117,0.5694213528633117,0.0
original,2,2,321,0.6098476709365844,0.6098476709365844,0.0,0.5701613095283509,0.5701613095283509,0.0
original,2,2,322,0.6178072019577027,0.6178072019577027,0.0,0.5889896040916442,0.5889896040916442,0.0
original,2,2,323,0.6142159550666809,0.6142159550666809,0.0,0.5708553743362427,0.5708553743362427,0.0
original,2,2,324,0.6189809600830078,0.6189809600830078,0.0,0.5869166359901429,0.5869166359901429,0.0
original,2,2,325,0.6028934628486633,0.6028934628486633,0.0,0.5785896974563599,0.5785896974563599,0.0
original,2,2,326,0.6036520950317383,0.6036520950317383,0.0,0.5706927436828614,0.5706927436828614,0.0
original,2,2,327,0.6167313353538513,0.6167313353538513,0.0,0.5933705871582031,0.5933705871582031,0.0
original,2,2,328,0.6140012783050537,0.6140012783050537,0.0,0.6013670868873596,0.6013670868873596,0.0
original,2,2,329,0.6133531701087952,0.6133531701087952,0.0,0.6026266218185424,0.6026266218185424,0.0
original,2,2,330,0.6189025032997131,0.6189025032997131,0.0,0.5750375950813293,0.5750375950813293,0.0
original,2,2,331,0.6139845970153809,0.6139845970153809,0.0,0.5692908122062683,0.5692908122062683,0.0
original,2,2,332,0.609819860458374,0.609819860458374,0.0,0.5807537324905395,0.5807537324905395,0.0
original,2,2,333,0.6034662652015687,0.6034662652015687,0.0,0.5846164869308472,0.5846164869308472,0.0
original,2,2,334,0.6290932829856872,0.6290932829856872,0.0,0.5902927810668945,0.5902927810668945,0.0
original,2,2,335,0.6208172934532166,0.6208172934532166,0.0,0.5728346913337707,0.5728346913337707,0.0
original,2,2,336,0.5944736937522889,0.5944736937522889,0.0,0.5763993913650513,0.5763993913650513,0.0
original,2,2,337,0.6194085905075073,0.6194085905075073,0.0,0.5827186412811279,0.5827186412811279,0.0
original,2,2,338,0.6074636778831481,0.6074636778831481,0.0,0.5962931066513062,0.5962931066513062,0.0
original,2,2,339,0.5997735445022583,0.5997735445022583,0.0,0.5692472382545471,0.5692472382545471,0.0
original,2,2,340,0.5846247031211853,0.5846247031211853,0.0,0.5672991571426391,0.5672991571426391,0.0
original,2,2,341,0.5991289765357971,0.5991289765357971,0.0,0.5707668375968933,0.5707668375968933,0.0
original,2,2,342,0.6134733879089356,0.6134733879089356,0.0,0.5679420840263367,0.5679420840263367,0.0
original,2,2,343,0.5872324454307556,0.5872324454307556,0.0,0.574645804309845,0.574645804309845,0.0
original,2,2,344,0.6036135113716126,0.6036135113716126,0.0,0.5643144183158875,0.5643144183158875,0.0
original,2,2,345,0.6080357999801635,0.6080357999801635,0.0,0.5942303881645202,0.5942303881645202,0.0
original,2,2,346,0.6161272826194764,0.6161272826194764,0.0,0.580081691646576,0.580081691646576,0.0
original,2,2,347,0.6203776718139649,0.6203776718139649,0.0,0.5675750436782837,0.5675750436782837,0.0
original,2,2,348,0.6252581497192383,0.6252581497192383,0.0,0.5838949664115906,0.5838949664115906,0.0
original,2,2,349,0.6153150875091553,0.6153150875091553,0.0,0.5795272727966309,0.5795272727966309,0.0
original,2,2,350,0.618172582244873,0.618172582244873,0.0,0.5768383845329285,0.5768383845329285,0.0
original,2,2,351,0.6209073602676392,0.6209073602676392,0.0,0.6113441993713379,0.6113441993713379,0.0
original,2,2,352,0.6115923515319824,0.6115923515319824,0.0,0.5840294887542724,0.5840294887542724,0.0
original,2,2,353,0.6110249430656433,0.6110249430656433,0.0,0.5811339717864991,0.5811339717864991,0.0
original,2,2,354,0.5945909077644348,0.5945909077644348,0.0,0.5809687582015991,0.5809687582015991,0.0
original,2,2,355,0.6145840493202209,0.6145840493202209,0.0,0.5965410918235778,0.5965410918235778,0.0
original,2,2,356,0.6039073149681091,0.6039073149681091,0.0,0.5669516661643982,0.5669516661643982,0.0
original,2,2,357,0.6047808183670044,0.6047808183670044,0.0,0.5844600410461426,0.5844600410461426,0.0
original,2,2,358,0.6172624082565308,0.6172624082565308,0.0,0.5705158950805664,0.5705158950805664,0.0
original,2,2,359,0.618267183971405,0.618267183971405,0.0,0.6056796627998352,0.6056796627998352,0.0
original,2,2,360,0.6216254761695862,0.6216254761695862,0.0,0.5768385311126709,0.5768385311126709,0.0
original,2,2,361,0.5921046951293946,0.5921046951293946,0.0,0.5717406624794006,0.5717406624794006,0.0
original,2,2,362,0.6189472467422485,0.6189472467422485,0.0,0.5691754029273987,0.5691754029273987,0.0
original,2,2,363,0.6010507762432098,0.6010507762432098,0.0,0.577516452217102,0.577516452217102,0.0
original,2,2,364,0.6247140607833862,0.6247140607833862,0.0,0.6077096464157105,0.6077096464157105,0.0
original,2,2,365,0.6052133360862731,0.6052133360862731,0.0,0.5583620672225952,0.5583620672225952,0.0
original,2,2,366,0.606888545036316,0.606888545036316,0.0,0.5938084610939026,0.5938084610939026,0.0
original,2,2,367,0.6112118862152099,0.6112118862152099,0.0,0.5855973773002624,0.5855973773002624,0.0
original,2,2,368,0.614181734752655,0.614181734752655,0.0,0.5773606840133667,0.5773606840133667,0.0
original,2,2,369,0.6029860065460205,0.6029860065460205,0.0,0.5789618793487549,0.5789618793487549,0.0
original,2,2,370,0.6016925174713135,0.6016925174713135,0.0,0.5651288075447083,0.5651288075447083,0.0
original,2,2,371,0.5904955134391785,0.5904955134391785,0.0,0.5651042432785034,0.5651042432785034,0.0
original,2,2,372,0.5970877819061279,0.5970877819061279,0.0,0.5871151858329773,0.5871151858329773,0.0
original,2,2,373,0.6143841133117676,0.6143841133117676,0.0,0.569025206565857,0.569025206565857,0.0
original,2,2,374,0.6168574484825134,0.6168574484825134,0.0,0.6055048517227173,0.6055048517227173,0.0
original,2,2,375,0.5958272407531738,0.5958272407531738,0.0,0.5839394946098327,0.5839394946098327,0.0
original,2,2,376,0.6103382487297058,0.6103382487297058,0.0,0.5887984985351562,0.5887984985351562,0.0
original,2,2,377,0.6048757729530334,0.6048757729530334,0.0,0.6025714447975159,0.6025714447975159,0.0
original,2,2,378,0.6003800477981568,0.6003800477981568,0.0,0.5777246380805969,0.5777246380805969,0.0
original,2,2,379,0.6024057634353638,0.6024057634353638,0.0,0.5827712766647339,0.5827712766647339,0.0
original,2,2,380,0.6110490015983582,0.6110490015983582,0.0,0.5694586440086364,0.5694586440086364,0.0
original,2,2,381,0.6137184668540955,0.6137184668540955,0.0,0.5901989943504333,0.5901989943504333,0.0
original,2,2,382,0.6098299748420716,0.6098299748420716,0.0,0.5934874758720398,0.5934874758720398,0.0
original,2,2,383,0.6200370212554932,0.6200370212554932,0.0,0.5623088319778442,0.5623088319778442,0.0
original,2,2,384,0.5964271884918213,0.5964271884918213,0.0,0.5925800415039062,0.5925800415039062,0.0
original,2,2,385,0.5946381491661071,0.5946381491661071,0.0,0.5565066993713379,0.5565066993713379,0.0
original,2,2,386,0.6042236486434936,0.6042236486434936,0.0,0.5575151074409485,0.5575151074409485,0.0
original,2,2,387,0.5896661442756653,0.5896661442756653,0.0,0.5582679355621338,0.5582679355621338,0.0
original,2,2,388,0.6029996680259705,0.6029996680259705,0.0,0.5854250477790832,0.5854250477790832,0.0
original,2,2,389,0.6124490733146668,0.6124490733146668,0.0,0.5981434093475342,0.5981434093475342,0.0
original,2,2,390,0.6092557252883911,0.6092557252883911,0.0,0.5712707582473755,0.5712707582473755,0.0
original,2,2,391,0.6156354748725891,0.6156354748725891,0.0,0.5844820446014404,0.5844820446014404,0.0
original,2,2,392,0.5988477787971497,0.5988477787971497,0.0,0.5602928472518921,0.5602928472518921,0.0
original,2,2,393,0.5968652303695678,0.5968652303695678,0.0,0.6118774821281433,0.6118774821281433,0.0
original,2,2,394,0.5988688500404358,0.5988688500404358,0.0,0.5682217432022094,0.5682217432022094,0.0
original,2,2,395,0.6031649941444397,0.6031649941444397,0.0,0.6137716802597046,0.6137716802597046,0.0
original,2,2,396,0.5842057201385498,0.5842057201385498,0.0,0.5659051002502441,0.5659051002502441,0.0
original,2,2,397,0.60627245388031,0.60627245388031,0.0,0.5713896872520446,0.5713896872520446,0.0
original,2,2,398,0.6104723121643066,0.6104723121643066,0.0,0.5872796304702759,0.5872796304702759,0.0
original,2,2,399,0.5989421313285828,0.5989421313285828,0.0,0.5705928966522217,0.5705928966522217,0.0
original,2,2,400,0.6205226301193237,0.6205226301193237,0.0,0.5772524556159974,0.5772524556159974,0.0
original,2,2,401,0.6048777585983276,0.6048777585983276,0.0,0.5789046074867249,0.5789046074867249,0.0
original,2,2,402,0.6060618324279785,0.6060618324279785,0.0,0.5901036052703857,0.5901036052703857,0.0
original,2,2,403,0.5964750608444214,0.5964750608444214,0.0,0.5654843786239624,0.5654843786239624,0.0
original,2,2,404,0.6055058446884155,0.6055058446884155,0.0,0.5753207988739014,0.5753207988739014,0.0
original,2,2,405,0.6195232308387756,0.6195232308387756,0.0,0.6064906301498413,0.6064906301498413,0.0
original,2,2,406,0.6064470993995666,0.6064470993995666,0.0,0.5816218503952026,0.5816218503952026,0.0
original,2,2,407,0.5999744382858276,0.5999744382858276,0.0,0.58851650390625,0.58851650390625,0.0
original,2,2,408,0.6110800233840943,0.6110800233840943,0.0,0.5637774855613709,0.5637774855613709,0.0
original,2,2,409,0.6228997462272644,0.6228997462272644,0.0,0.5830813374519348,0.5830813374519348,0.0
original,2,2,410,0.6012950899124145,0.6012950899124145,0.0,0.5707554146766662,0.5707554146766662,0.0
original,2,2,411,0.6011239169120789,0.6011239169120789,0.0,0.5778516438484191,0.5778516438484191,0.0
original,2,2,412,0.6118200406074524,0.6118200406074524,0.0,0.5782393669128418,0.5782393669128418,0.0
original,2,2,413,0.6093024719238281,0.6093024719238281,0.0,0.5804958569526673,0.5804958569526673,0.0
original,2,2,414,0.6003682518959046,0.6003682518959046,0.0,0.5695369359970093,0.5695369359970093,0.0
original,2,2,415,0.5999560564041138,0.5999560564041138,0.0,0.6146949253082276,0.6146949253082276,0.0
original,2,2,416,0.6269207353591919,0.6269207353591919,0.0,0.6339360057830811,0.6339360057830811,0.0
original,2,2,417,0.597704596042633,0.597704596042633,0.0,0.5707417895317077,0.5707417895317077,0.0
original,2,2,418,0.5873874714851379,0.5873874714851379,0.0,0.5703712993621827,0.5703712993621827,0.0
original,2,2,419,0.6078266931533813,0.6078266931533813,0.0,0.6215146042823791,0.6215146042823791,0.0
original,2,2,420,0.6048627447128296,0.6048627447128296,0.0,0.5677300934791565,0.5677300934791565,0.0
original,2,2,421,0.5850083077430726,0.5850083077430726,0.0,0.5880217692375184,0.5880217692375184,0.0
original,2,2,422,0.6014767796516418,0.6014767796516418,0.0,0.5853961912155151,0.5853961912155151,0.0
original,2,2,423,0.5976817066192627,0.5976817066192627,0.0,0.5664730794906616,0.5664730794906616,0.0
original,2,2,424,0.5946888854026794,0.5946888854026794,0.0,0.5747283842086792,0.5747283842086792,0.0
original,2,2,425,0.5967493360519409,0.5967493360519409,0.0,0.5691329102516174,0.5691329102516174,0.0
original,2,2,426,0.6212653755187988,0.6212653755187988,0.0,0.5702540019989014,0.5702540019989014,0.0
original,2,2,427,0.6122814927101136,0.6122814927101136,0.0,0.5914354915618897,0.5914354915618897,0.0
original,2,2,428,0.6155744786262513,0.6155744786262513,0.0,0.5826393113136291,0.5826393113136291,0.0
original,2,2,429,0.6127207018852234,0.6127207018852234,0.0,0.5618545744895935,0.5618545744895935,0.0
original,2,2,430,0.6109561007976532,0.6109561007976532,0.0,0.6332435859680176,0.6332435859680176,0.0
original,2,2,431,0.5907868265151978,0.5907868265151978,0.0,0.5608146181106567,0.5608146181106567,0.0
original,2,2,432,0.5975107230186463,0.5975107230186463,0.0,0.5687668507575989,0.5687668507575989,0.0
original,2,2,433,0.6028841584205628,0.6028841584205628,0.0,0.5601111263275147,0.5601111263275147,0.0
original,2,2,434,0.5946125651359558,0.5946125651359558,0.0,0.6061592386245728,0.6061592386245728,0.0
original,2,2,435,0.6134967002868652,0.6134967002868652,0.0,0.5783051090240479,0.5783051090240479,0.0
original,2,2,436,0.5962046110153199,0.5962046110153199,0.0,0.5759728547096252,0.5759728547096252,0.0
original,2,2,437,0.5986879026412963,0.5986879026412963,0.0,0.5779993575096131,0.5779993575096131,0.0
original,2,2,438,0.6074631316184997,0.6074631316184997,0.0,0.6239003112792969,0.6239003112792969,0.0
original,2,2,439,0.5937789902687073,0.5937789902687073,0.0,0.5590020916938782,0.5590020916938782,0.0
original,2,2,440,0.6019146467208862,0.6019146467208862,0.0,0.5770214149475098,0.5770214149475098,0.0
original,2,2,441,0.6024882482528686,0.6024882482528686,0.0,0.5698803412437439,0.5698803412437439,0.0
original,2,2,442,0.5972157427787781,0.5972157427787781,0.0,0.594317962360382,0.594317962360382,0.0
original,2,2,443,0.5858401854515076,0.5858401854515076,0.0,0.5565508877754212,0.5565508877754212,0.0
original,2,2,444,0.5861511355400085,0.5861511355400085,0.0,0.5632724117279053,0.5632724117279053,0.0
original,2,2,445,0.6116316355705261,0.6116316355705261,0.0,0.5928166689872741,0.5928166689872741,0.0
original,2,2,446,0.6088880043983459,0.6088880043983459,0.0,0.5571515022277832,0.5571515022277832,0.0
original,2,2,447,0.6053363583564758,0.6053363583564758,0.0,0.5574187215805053,0.5574187215805053,0.0
original,2,2,448,0.6097805799484253,0.6097805799484253,0.0,0.5862314785003662,0.5862314785003662,0.0
original,2,2,449,0.598246755027771,0.598246755027771,0.0,0.5573096183776856,0.5573096183776856,0.0
original,2,2,450,0.6037984719276428,0.6037984719276428,0.0,0.5958116145133973,0.5958116145133973,0.0
original,2,2,451,0.6095136468887329,0.6095136468887329,0.0,0.5803020538330078,0.5803020538330078,0.0
original,2,2,452,0.6058225583076478,0.6058225583076478,0.0,0.5754944395065308,0.5754944395065308,0.0
original,2,2,453,0.6149449043273926,0.6149449043273926,0.0,0.5808615662574768,0.5808615662574768,0.0
original,2,2,454,0.6079855214118958,0.6079855214118958,0.0,0.5943289137840271,0.5943289137840271,0.0
original,2,2,455,0.602788677406311,0.602788677406311,0.0,0.5824581842422485,0.5824581842422485,0.0
original,2,2,456,0.6117040062904358,0.6117040062904358,0.0,0.5592878114700317,0.5592878114700317,0.0
original,2,2,457,0.6050708623886109,0.6050708623886109,0.0,0.5940685429573059,0.5940685429573059,0.0
original,2,2,458,0.6012437773704529,0.6012437773704529,0.0,0.5623472760200501,0.5623472760200501,0.0
original,2,2,459,0.6097939441680909,0.6097939441680909,0.0,0.5686123684883118,0.5686123684883118,0.0
original,2,2,460,0.6033505655288697,0.6033505655288697,0.0,0.6140302614212036,0.6140302614212036,0.0
original,2,2,461,0.595826206111908,0.595826206111908,0.0,0.5547379858970642,0.5547379858970642,0.0
original,2,2,462,0.604106646823883,0.604106646823883,0.0,0.6054498579025268,0.6054498579025268,0.0
original,2,2,463,0.5904837343215943,0.5904837343215943,0.0,0.5898244344711304,0.5898244344711304,0.0
original,2,2,464,0.5990298111915588,0.5990298111915588,0.0,0.5694639106750489,0.5694639106750489,0.0
original,2,2,465,0.6084928977966308,0.6084928977966308,0.0,0.5583117346763611,0.5583117346763611,0.0
original,2,2,466,0.6148036270141601,0.6148036270141601,0.0,0.5738681352615357,0.5738681352615357,0.0
original,2,2,467,0.60957059841156,0.60957059841156,0.0,0.568462789440155,0.568462789440155,0.0
original,2,2,468,0.5949703512191773,0.5949703512191773,0.0,0.5634824096679687,0.5634824096679687,0.0
original,2,2,469,0.6112499381065368,0.6112499381065368,0.0,0.6087074298858642,0.6087074298858642,0.0
original,2,2,470,0.5938591083526611,0.5938591083526611,0.0,0.5532977847099304,0.5532977847099304,0.0
original,2,2,471,0.6102263961791993,0.6102263961791993,0.0,0.5946246364593506,0.5946246364593506,0.0
original,2,2,472,0.6025183391571045,0.6025183391571045,0.0,0.5619744070053101,0.5619744070053101,0.0
original,2,2,473,0.611853741645813,0.611853741645813,0.0,0.6111201707839966,0.6111201707839966,0.0
original,2,2,474,0.5972874709129333,0.5972874709129333,0.0,0.5639190039634705,0.5639190039634705,0.0
original,2,2,475,0.5879307085037232,0.5879307085037232,0.0,0.6057150480270386,0.6057150480270386,0.0
original,2,2,476,0.6047806401252747,0.6047806401252747,0.0,0.5622667932510376,0.5622667932510376,0.0
original,2,2,477,0.5893646160125733,0.5893646160125733,0.0,0.5955943387031555,0.5955943387031555,0.0
original,2,2,478,0.6007577715396881,0.6007577715396881,0.0,0.5560851900100708,0.5560851900100708,0.0
original,2,2,479,0.607075729751587,0.607075729751587,0.0,0.596706676197052,0.596706676197052,0.0
original,2,2,480,0.593901933670044,0.593901933670044,0.0,0.559607204914093,0.559607204914093,0.0
original,2,2,481,0.6022593006134033,0.6022593006134033,0.0,0.5624378092765808,0.5624378092765808,0.0
original,2,2,482,0.6196013362884522,0.6196013362884522,0.0,0.5605258753776551,0.5605258753776551,0.0
original,2,2,483,0.6057665244102478,0.6057665244102478,0.0,0.5984838899612427,0.5984838899612427,0.0
original,2,2,484,0.6126430193901062,0.6126430193901062,0.0,0.5678590392112732,0.5678590392112732,0.0
original,2,2,485,0.603148007106781,0.603148007106781,0.0,0.5660331851005554,0.5660331851005554,0.0
original,2,2,486,0.5946753339767457,0.5946753339767457,0.0,0.5499522416114807,0.5499522416114807,0.0
original,2,2,487,0.6108717341423034,0.6108717341423034,0.0,0.5700847420692444,0.5700847420692444,0.0
original,2,2,488,0.5943405436515808,0.5943405436515808,0.0,0.5564037514686584,0.5564037514686584,0.0
original,2,2,489,0.5913147795677185,0.5913147795677185,0.0,0.5526064658164977,0.5526064658164977,0.0
original,2,2,490,0.6102105978012085,0.6102105978012085,0.0,0.5589835600852966,0.5589835600852966,0.0
original,2,2,491,0.6041148215293884,0.6041148215293884,0.0,0.5915411953926086,0.5915411953926086,0.0
original,2,2,492,0.5966829633712769,0.5966829633712769,0.0,0.6024004221916198,0.6024004221916198,0.0
original,2,2,493,0.6023816383361816,0.6023816383361816,0.0,0.5614004888534546,0.5614004888534546,0.0
original,2,2,494,0.6037390154838562,0.6037390154838562,0.0,0.5902373986244202,0.5902373986244202,0.0
original,2,2,495,0.6040416809082031,0.6040416809082031,0.0,0.5692127955436707,0.5692127955436707,0.0
original,2,2,496,0.6189838112831115,0.6189838112831115,0.0,0.6109072979927063,0.6109072979927063,0.0
original,2,2,497,0.614337762928009,0.614337762928009,0.0,0.5615368063926697,0.5615368063926697,0.0
original,2,2,498,0.5793197975158692,0.5793197975158692,0.0,0.6135869364738464,0.6135869364738464,0.0
original,2,2,499,0.5905538089752197,0.5905538089752197,0.0,0.5584981889724732,0.5584981889724732,0.0
original,2,2,500,0.6026880805969238,0.6026880805969238,0.0,0.5631022653579711,0.5631022653579711,0.0
