WARNING: CUDA unavailable; falling back to CPU.
Copied shared label.pt from save/stable1/label.pt
Copied shared effect_names.npy from save/stable1/effect_names.npy
batch_norm: true
cnn: true
epoch1: 500
batch_size1: 256
learning_rate1: 1.0e-05
code1_dim: 2
filters1:
- 1
- 32
- 64
- 128
- 256
epoch2: 500
batch_size2: 256
learning_rate2: 5.0e-05
code2_dim: 1
filters2:
- 2
- 32
- 64
- 128
- 256
hidden_dim: 128
depth: 2
size: 42
device: cpu
load: null
save: /home/kubra/DeepSym/save/poster_5seed/original/seed_2
source_opts: /home/kubra/DeepSym/opts.yaml
source_save: save/stable1
poster_model: original
seed: 2
time: Sun Jul 19 00:37:47 2026
effect_weights1:
- 1.0
- 1.0
- 10.0
effect_weights2:
- 1.0
- 1.0
- 5.0
- 1.0
- 1.0
- 1.0
vq_commitment_cost: 0.25
vq_decay: 0.99
vq_epsilon: 1.0e-05
vq_num_embeddings1: 4
vq_num_embeddings2: 2
dynamic_initial_embeddings: 1
dynamic_warmup_steps: 200
dynamic_growth_interval: 100
dynamic_min_support: 8
dynamic_min_support_fraction: 0.05
dynamic_required_checks: 2
surprise_threshold_1: 1.0
surprise_threshold_2: 1.0


=== original | seed=2 | level=1 | epochs=500 ===
========== ENCODER ==========
Sequential(
  (0): ConvBlock(
    (block): Sequential(
      (0): Conv2d(1, 32, kernel_size=(3, 3), stride=(1, 1), padding=(1, 1))
      (1): BatchNorm2d(32, eps=1e-05, momentum=0.1, affine=True, track_running_stats=True)
      (2): ReLU()
    )
  )
  (1): ConvBlock(
    (block): Sequential(
      (0): Conv2d(32, 32, kernel_size=(3, 3), stride=(2, 2), padding=(1, 1))
      (1): BatchNorm2d(32, eps=1e-05, momentum=0.1, affine=True, track_running_stats=True)
      (2): ReLU()
    )
  )
  (2): ConvBlock(
    (block): Sequential(
      (0): Conv2d(32, 64, kernel_size=(3, 3), stride=(1, 1), padding=(1, 1))
      (1): BatchNorm2d(64, eps=1e-05, momentum=0.1, affine=True, track_running_stats=True)
      (2): ReLU()
    )
  )
  (3): ConvBlock(
    (block): Sequential(
      (0): Conv2d(64, 64, kernel_size=(3, 3), stride=(2, 2), padding=(1, 1))
      (1): BatchNorm2d(64, eps=1e-05, momentum=0.1, affine=True, track_running_stats=True)
      (2): ReLU()
    )
  )
  (4): ConvBlock(
    (block): Sequential(
      (0): Conv2d(64, 128, kernel_size=(3, 3), stride=(1, 1), padding=(1, 1))
      (1): BatchNorm2d(128, eps=1e-05, momentum=0.1, affine=True, track_running_stats=True)
      (2): ReLU()
    )
  )
  (5): ConvBlock(
    (block): Sequential(
      (0): Conv2d(128, 128, kernel_size=(3, 3), stride=(2, 2), padding=(1, 1))
      (1): BatchNorm2d(128, eps=1e-05, momentum=0.1, affine=True, track_running_stats=True)
      (2): ReLU()
    )
  )
  (6): ConvBlock(
    (block): Sequential(
      (0): Conv2d(128, 256, kernel_size=(3, 3), stride=(1, 1), padding=(1, 1))
      (1): BatchNorm2d(256, eps=1e-05, momentum=0.1, affine=True, track_running_stats=True)
      (2): ReLU()
    )
  )
  (7): ConvBlock(
    (block): Sequential(
      (0): Conv2d(256, 256, kernel_size=(3, 3), stride=(2, 2), padding=(1, 1))
      (1): BatchNorm2d(256, eps=1e-05, momentum=0.1, affine=True, track_running_stats=True)
      (2): ReLU()
    )
  )
  (8): Avg(dims=[2, 3])
  (9): MLP(
    (layers): Sequential(
      (0): Linear(in_features=256, out_features=2)
    )
  )
  (10): STLayer()
)
parameter count: 1174114
=============================
========== DECODER ==========
MLP(
  (layers): Sequential(
    (0): Linear(in_features=5, out_features=128)
    (1): ReLU()
    (2): Linear(in_features=128, out_features=128)
    (3): ReLU()
    (4): Linear(in_features=128, out_features=3)
  )
)
parameter count: 17667
=============================
level=1 epoch=1/500 train_effect=7.018069 eval_effect=6.259211 train_vq=0.000000 
level=1 epoch=2/500 train_effect=6.464158 eval_effect=7.788891 train_vq=0.000000 
level=1 epoch=3/500 train_effect=5.910441 eval_effect=6.033730 train_vq=0.000000 
level=1 epoch=4/500 train_effect=5.515427 eval_effect=5.481708 train_vq=0.000000 
level=1 epoch=5/500 train_effect=5.373526 eval_effect=5.263366 train_vq=0.000000 
level=1 epoch=6/500 train_effect=5.270521 eval_effect=5.077200 train_vq=0.000000 
level=1 epoch=7/500 train_effect=4.957890 eval_effect=4.770304 train_vq=0.000000 
level=1 epoch=8/500 train_effect=4.647554 eval_effect=4.608239 train_vq=0.000000 
level=1 epoch=9/500 train_effect=4.449449 eval_effect=4.420850 train_vq=0.000000 
level=1 epoch=10/500 train_effect=4.445434 eval_effect=4.132645 train_vq=0.000000 
level=1 epoch=11/500 train_effect=4.015575 eval_effect=4.071212 train_vq=0.000000 
level=1 epoch=12/500 train_effect=4.081050 eval_effect=3.885437 train_vq=0.000000 
level=1 epoch=13/500 train_effect=3.621848 eval_effect=3.737001 train_vq=0.000000 
level=1 epoch=14/500 train_effect=3.612091 eval_effect=3.421930 train_vq=0.000000 
level=1 epoch=15/500 train_effect=3.690946 eval_effect=3.330953 train_vq=0.000000 
level=1 epoch=16/500 train_effect=3.261162 eval_effect=3.224721 train_vq=0.000000 
level=1 epoch=17/500 train_effect=3.183972 eval_effect=2.961392 train_vq=0.000000 
level=1 epoch=18/500 train_effect=3.203071 eval_effect=2.986320 train_vq=0.000000 
level=1 epoch=19/500 train_effect=2.873068 eval_effect=2.798330 train_vq=0.000000 
level=1 epoch=20/500 train_effect=2.881706 eval_effect=2.632382 train_vq=0.000000 
level=1 epoch=21/500 train_effect=2.813063 eval_effect=2.594449 train_vq=0.000000 
level=1 epoch=22/500 train_effect=2.687900 eval_effect=2.433189 train_vq=0.000000 
level=1 epoch=23/500 train_effect=2.644293 eval_effect=2.389042 train_vq=0.000000 
level=1 epoch=24/500 train_effect=2.418729 eval_effect=2.294364 train_vq=0.000000 
level=1 epoch=25/500 train_effect=2.405978 eval_effect=2.233277 train_vq=0.000000 
level=1 epoch=26/500 train_effect=2.343199 eval_effect=2.144468 train_vq=0.000000 
level=1 epoch=27/500 train_effect=2.300976 eval_effect=2.086142 train_vq=0.000000 
level=1 epoch=28/500 train_effect=2.072625 eval_effect=1.954902 train_vq=0.000000 
level=1 epoch=29/500 train_effect=2.103474 eval_effect=1.884027 train_vq=0.000000 
level=1 epoch=30/500 train_effect=2.080520 eval_effect=1.921362 train_vq=0.000000 
level=1 epoch=31/500 train_effect=1.902936 eval_effect=1.872491 train_vq=0.000000 
level=1 epoch=32/500 train_effect=1.857438 eval_effect=1.802204 train_vq=0.000000 
level=1 epoch=33/500 train_effect=1.833720 eval_effect=1.790231 train_vq=0.000000 
level=1 epoch=34/500 train_effect=1.754067 eval_effect=1.734760 train_vq=0.000000 
level=1 epoch=35/500 train_effect=1.715947 eval_effect=1.658044 train_vq=0.000000 
level=1 epoch=36/500 train_effect=1.712628 eval_effect=1.622485 train_vq=0.000000 
level=1 epoch=37/500 train_effect=1.652311 eval_effect=1.642957 train_vq=0.000000 
level=1 epoch=38/500 train_effect=1.606209 eval_effect=1.585078 train_vq=0.000000 
level=1 epoch=39/500 train_effect=1.570566 eval_effect=1.591431 train_vq=0.000000 
level=1 epoch=40/500 train_effect=1.634188 eval_effect=1.661594 train_vq=0.000000 
level=1 epoch=41/500 train_effect=1.477028 eval_effect=1.518082 train_vq=0.000000 
level=1 epoch=42/500 train_effect=1.454803 eval_effect=1.461178 train_vq=0.000000 
level=1 epoch=43/500 train_effect=1.488705 eval_effect=1.497039 train_vq=0.000000 
level=1 epoch=44/500 train_effect=1.524063 eval_effect=1.480308 train_vq=0.000000 
level=1 epoch=45/500 train_effect=1.449336 eval_effect=1.446882 train_vq=0.000000 
level=1 epoch=46/500 train_effect=1.400265 eval_effect=1.460003 train_vq=0.000000 
level=1 epoch=47/500 train_effect=1.407139 eval_effect=1.452969 train_vq=0.000000 
level=1 epoch=48/500 train_effect=1.388632 eval_effect=1.376959 train_vq=0.000000 
level=1 epoch=49/500 train_effect=1.364776 eval_effect=1.369859 train_vq=0.000000 
level=1 epoch=50/500 train_effect=1.339701 eval_effect=1.341854 train_vq=0.000000 
level=1 epoch=51/500 train_effect=1.340424 eval_effect=1.348564 train_vq=0.000000 
level=1 epoch=52/500 train_effect=1.341962 eval_effect=1.337955 train_vq=0.000000 
level=1 epoch=53/500 train_effect=1.272651 eval_effect=1.324934 train_vq=0.000000 
level=1 epoch=54/500 train_effect=1.283848 eval_effect=1.283133 train_vq=0.000000 
level=1 epoch=55/500 train_effect=1.258151 eval_effect=1.239733 train_vq=0.000000 
level=1 epoch=56/500 train_effect=1.289909 eval_effect=1.278338 train_vq=0.000000 
level=1 epoch=57/500 train_effect=1.244189 eval_effect=1.268318 train_vq=0.000000 
level=1 epoch=58/500 train_effect=1.218189 eval_effect=1.257774 train_vq=0.000000 
level=1 epoch=59/500 train_effect=1.188538 eval_effect=1.196454 train_vq=0.000000 
level=1 epoch=60/500 train_effect=1.203955 eval_effect=1.174303 train_vq=0.000000 
level=1 epoch=61/500 train_effect=1.182426 eval_effect=1.168181 train_vq=0.000000 
level=1 epoch=62/500 train_effect=1.154033 eval_effect=1.171401 train_vq=0.000000 
level=1 epoch=63/500 train_effect=1.137723 eval_effect=1.138279 train_vq=0.000000 
level=1 epoch=64/500 train_effect=1.110183 eval_effect=1.142754 train_vq=0.000000 
level=1 epoch=65/500 train_effect=1.109033 eval_effect=1.124697 train_vq=0.000000 
level=1 epoch=66/500 train_effect=1.114820 eval_effect=1.103939 train_vq=0.000000 
level=1 epoch=67/500 train_effect=1.109161 eval_effect=1.119223 train_vq=0.000000 
level=1 epoch=68/500 train_effect=1.089318 eval_effect=1.079112 train_vq=0.000000 
level=1 epoch=69/500 train_effect=1.088109 eval_effect=1.069557 train_vq=0.000000 
level=1 epoch=70/500 train_effect=1.049402 eval_effect=1.066862 train_vq=0.000000 
level=1 epoch=71/500 train_effect=1.072739 eval_effect=1.069945 train_vq=0.000000 
level=1 epoch=72/500 train_effect=1.023618 eval_effect=1.040184 train_vq=0.000000 
level=1 epoch=73/500 train_effect=1.050699 eval_effect=1.026605 train_vq=0.000000 
level=1 epoch=74/500 train_effect=1.033585 eval_effect=1.014086 train_vq=0.000000 
level=1 epoch=75/500 train_effect=1.001078 eval_effect=1.024556 train_vq=0.000000 
level=1 epoch=76/500 train_effect=0.998816 eval_effect=0.991726 train_vq=0.000000 
level=1 epoch=77/500 train_effect=0.996256 eval_effect=0.980124 train_vq=0.000000 
level=1 epoch=78/500 train_effect=1.016138 eval_effect=0.972099 train_vq=0.000000 
level=1 epoch=79/500 train_effect=0.983740 eval_effect=0.978430 train_vq=0.000000 
level=1 epoch=80/500 train_effect=0.956924 eval_effect=0.956747 train_vq=0.000000 
level=1 epoch=81/500 train_effect=0.967747 eval_effect=0.937853 train_vq=0.000000 
level=1 epoch=82/500 train_effect=0.958001 eval_effect=0.934452 train_vq=0.000000 
level=1 epoch=83/500 train_effect=0.936183 eval_effect=0.927926 train_vq=0.000000 
level=1 epoch=84/500 train_effect=0.929087 eval_effect=0.903680 train_vq=0.000000 
level=1 epoch=85/500 train_effect=0.928788 eval_effect=0.895727 train_vq=0.000000 
level=1 epoch=86/500 train_effect=0.897933 eval_effect=0.882705 train_vq=0.000000 
level=1 epoch=87/500 train_effect=0.893668 eval_effect=0.873142 train_vq=0.000000 
level=1 epoch=88/500 train_effect=0.898024 eval_effect=0.873790 train_vq=0.000000 
level=1 epoch=89/500 train_effect=0.884565 eval_effect=0.862425 train_vq=0.000000 
level=1 epoch=90/500 train_effect=0.876781 eval_effect=0.954944 train_vq=0.000000 
level=1 epoch=91/500 train_effect=0.865405 eval_effect=0.841494 train_vq=0.000000 
level=1 epoch=92/500 train_effect=0.858395 eval_effect=0.850010 train_vq=0.000000 
level=1 epoch=93/500 train_effect=0.840761 eval_effect=0.827149 train_vq=0.000000 
level=1 epoch=94/500 train_effect=0.821158 eval_effect=0.809120 train_vq=0.000000 
level=1 epoch=95/500 train_effect=0.816982 eval_effect=0.814963 train_vq=0.000000 
level=1 epoch=96/500 train_effect=0.811663 eval_effect=0.806529 train_vq=0.000000 
level=1 epoch=97/500 train_effect=0.826471 eval_effect=0.779378 train_vq=0.000000 
level=1 epoch=98/500 train_effect=0.786799 eval_effect=0.767575 train_vq=0.000000 
level=1 epoch=99/500 train_effect=0.761770 eval_effect=0.759114 train_vq=0.000000 
level=1 epoch=100/500 train_effect=0.772852 eval_effect=0.756634 train_vq=0.000000 
level=1 epoch=101/500 train_effect=0.752446 eval_effect=0.739467 train_vq=0.000000 
level=1 epoch=102/500 train_effect=0.741570 eval_effect=0.735971 train_vq=0.000000 
level=1 epoch=103/500 train_effect=0.740513 eval_effect=0.723285 train_vq=0.000000 
level=1 epoch=104/500 train_effect=0.720280 eval_effect=0.718999 train_vq=0.000000 
level=1 epoch=105/500 train_effect=0.708184 eval_effect=0.701590 train_vq=0.000000 
level=1 epoch=106/500 train_effect=0.714571 eval_effect=0.706299 train_vq=0.000000 
level=1 epoch=107/500 train_effect=0.690646 eval_effect=0.692989 train_vq=0.000000 
level=1 epoch=108/500 train_effect=0.677266 eval_effect=0.682425 train_vq=0.000000 
level=1 epoch=109/500 train_effect=0.685107 eval_effect=0.681670 train_vq=0.000000 
level=1 epoch=110/500 train_effect=0.680712 eval_effect=0.674095 train_vq=0.000000 
level=1 epoch=111/500 train_effect=0.665846 eval_effect=0.669622 train_vq=0.000000 
level=1 epoch=112/500 train_effect=0.658429 eval_effect=0.646736 train_vq=0.000000 
level=1 epoch=113/500 train_effect=0.648853 eval_effect=0.641951 train_vq=0.000000 
level=1 epoch=114/500 train_effect=0.646173 eval_effect=0.629704 train_vq=0.000000 
level=1 epoch=115/500 train_effect=0.647480 eval_effect=0.635104 train_vq=0.000000 
level=1 epoch=116/500 train_effect=0.627311 eval_effect=0.652593 train_vq=0.000000 
level=1 epoch=117/500 train_effect=0.622422 eval_effect=0.615111 train_vq=0.000000 
level=1 epoch=118/500 train_effect=0.618293 eval_effect=0.612537 train_vq=0.000000 
level=1 epoch=119/500 train_effect=0.613370 eval_effect=0.607196 train_vq=0.000000 
level=1 epoch=120/500 train_effect=0.611953 eval_effect=0.604012 train_vq=0.000000 
level=1 epoch=121/500 train_effect=0.604334 eval_effect=0.601828 train_vq=0.000000 
level=1 epoch=122/500 train_effect=0.596937 eval_effect=0.591056 train_vq=0.000000 
level=1 epoch=123/500 train_effect=0.595375 eval_effect=0.596962 train_vq=0.000000 
level=1 epoch=124/500 train_effect=0.595232 eval_effect=0.596950 train_vq=0.000000 
level=1 epoch=125/500 train_effect=0.588178 eval_effect=0.602489 train_vq=0.000000 
level=1 epoch=126/500 train_effect=0.593558 eval_effect=0.606137 train_vq=0.000000 
level=1 epoch=127/500 train_effect=0.582192 eval_effect=0.589524 train_vq=0.000000 
level=1 epoch=128/500 train_effect=0.601245 eval_effect=0.590302 train_vq=0.000000 
level=1 epoch=129/500 train_effect=0.565490 eval_effect=0.580138 train_vq=0.000000 
level=1 epoch=130/500 train_effect=0.586068 eval_effect=0.590192 train_vq=0.000000 
level=1 epoch=131/500 train_effect=0.581964 eval_effect=0.581609 train_vq=0.000000 
level=1 epoch=132/500 train_effect=0.561243 eval_effect=0.564726 train_vq=0.000000 
level=1 epoch=133/500 train_effect=0.594107 eval_effect=0.585177 train_vq=0.000000 
level=1 epoch=134/500 train_effect=0.569042 eval_effect=0.592223 train_vq=0.000000 
level=1 epoch=135/500 train_effect=0.580095 eval_effect=0.585016 train_vq=0.000000 
level=1 epoch=136/500 train_effect=0.581919 eval_effect=0.574837 train_vq=0.000000 
level=1 epoch=137/500 train_effect=0.551680 eval_effect=0.606679 train_vq=0.000000 
level=1 epoch=138/500 train_effect=0.597311 eval_effect=0.594370 train_vq=0.000000 
level=1 epoch=139/500 train_effect=0.585072 eval_effect=0.571165 train_vq=0.000000 
level=1 epoch=140/500 train_effect=0.537142 eval_effect=0.550173 train_vq=0.000000 
level=1 epoch=141/500 train_effect=0.586970 eval_effect=0.555755 train_vq=0.000000 
level=1 epoch=142/500 train_effect=0.548640 eval_effect=0.535935 train_vq=0.000000 
level=1 epoch=143/500 train_effect=0.551545 eval_effect=0.553257 train_vq=0.000000 
level=1 epoch=144/500 train_effect=0.558825 eval_effect=0.551616 train_vq=0.000000 
level=1 epoch=145/500 train_effect=0.567759 eval_effect=0.569672 train_vq=0.000000 
level=1 epoch=146/500 train_effect=0.538219 eval_effect=0.572590 train_vq=0.000000 
level=1 epoch=147/500 train_effect=0.551127 eval_effect=0.595953 train_vq=0.000000 
level=1 epoch=148/500 train_effect=0.607194 eval_effect=0.541559 train_vq=0.000000 
level=1 epoch=149/500 train_effect=0.571383 eval_effect=0.577180 train_vq=0.000000 
level=1 epoch=150/500 train_effect=0.566429 eval_effect=0.596565 train_vq=0.000000 
level=1 epoch=151/500 train_effect=0.611472 eval_effect=0.620890 train_vq=0.000000 
level=1 epoch=152/500 train_effect=0.579130 eval_effect=0.579888 train_vq=0.000000 
level=1 epoch=153/500 train_effect=0.579093 eval_effect=0.569583 train_vq=0.000000 
level=1 epoch=154/500 train_effect=0.578154 eval_effect=0.554384 train_vq=0.000000 
level=1 epoch=155/500 train_effect=0.580393 eval_effect=0.548042 train_vq=0.000000 
level=1 epoch=156/500 train_effect=0.629655 eval_effect=0.574936 train_vq=0.000000 
level=1 epoch=157/500 train_effect=0.589494 eval_effect=0.576246 train_vq=0.000000 
level=1 epoch=158/500 train_effect=0.605071 eval_effect=0.591177 train_vq=0.000000 
level=1 epoch=159/500 train_effect=0.600568 eval_effect=0.595365 train_vq=0.000000 
level=1 epoch=160/500 train_effect=0.619367 eval_effect=0.581484 train_vq=0.000000 
level=1 epoch=161/500 train_effect=0.583703 eval_effect=0.598502 train_vq=0.000000 
level=1 epoch=162/500 train_effect=0.623887 eval_effect=0.571377 train_vq=0.000000 
level=1 epoch=163/500 train_effect=0.676440 eval_effect=0.655596 train_vq=0.000000 
level=1 epoch=164/500 train_effect=0.656466 eval_effect=0.654373 train_vq=0.000000 
level=1 epoch=165/500 train_effect=0.670509 eval_effect=0.644087 train_vq=0.000000 
level=1 epoch=166/500 train_effect=0.668788 eval_effect=0.711029 train_vq=0.000000 
level=1 epoch=167/500 train_effect=0.706056 eval_effect=0.666832 train_vq=0.000000 
level=1 epoch=168/500 train_effect=0.688301 eval_effect=0.665816 train_vq=0.000000 
level=1 epoch=169/500 train_effect=0.665797 eval_effect=0.636545 train_vq=0.000000 
level=1 epoch=170/500 train_effect=0.672760 eval_effect=0.701643 train_vq=0.000000 
level=1 epoch=171/500 train_effect=0.699791 eval_effect=0.688381 train_vq=0.000000 
level=1 epoch=172/500 train_effect=0.716774 eval_effect=0.677996 train_vq=0.000000 
level=1 epoch=173/500 train_effect=0.700665 eval_effect=0.661135 train_vq=0.000000 
level=1 epoch=174/500 train_effect=0.695329 eval_effect=0.658225 train_vq=0.000000 
level=1 epoch=175/500 train_effect=0.752920 eval_effect=0.652497 train_vq=0.000000 
level=1 epoch=176/500 train_effect=0.689997 eval_effect=0.688498 train_vq=0.000000 
level=1 epoch=177/500 train_effect=0.702046 eval_effect=0.655344 train_vq=0.000000 
level=1 epoch=178/500 train_effect=0.688650 eval_effect=0.594057 train_vq=0.000000 
level=1 epoch=179/500 train_effect=0.724250 eval_effect=0.621466 train_vq=0.000000 
level=1 epoch=180/500 train_effect=0.739304 eval_effect=0.616415 train_vq=0.000000 
level=1 epoch=181/500 train_effect=0.717708 eval_effect=0.698454 train_vq=0.000000 
level=1 epoch=182/500 train_effect=0.728858 eval_effect=0.715725 train_vq=0.000000 
level=1 epoch=183/500 train_effect=0.795284 eval_effect=0.777908 train_vq=0.000000 
level=1 epoch=184/500 train_effect=0.758792 eval_effect=0.815961 train_vq=0.000000 
level=1 epoch=185/500 train_effect=0.771180 eval_effect=0.698341 train_vq=0.000000 
level=1 epoch=186/500 train_effect=0.753692 eval_effect=0.712615 train_vq=0.000000 
level=1 epoch=187/500 train_effect=0.806336 eval_effect=0.805524 train_vq=0.000000 
level=1 epoch=188/500 train_effect=0.797900 eval_effect=0.866626 train_vq=0.000000 
level=1 epoch=189/500 train_effect=0.755917 eval_effect=0.774653 train_vq=0.000000 
level=1 epoch=190/500 train_effect=0.745823 eval_effect=0.748503 train_vq=0.000000 
level=1 epoch=191/500 train_effect=0.754612 eval_effect=0.797233 train_vq=0.000000 
level=1 epoch=192/500 train_effect=0.767719 eval_effect=0.783278 train_vq=0.000000 
level=1 epoch=193/500 train_effect=0.810290 eval_effect=0.775759 train_vq=0.000000 
level=1 epoch=194/500 train_effect=0.757971 eval_effect=0.777924 train_vq=0.000000 
level=1 epoch=195/500 train_effect=0.773053 eval_effect=0.752898 train_vq=0.000000 
level=1 epoch=196/500 train_effect=0.773556 eval_effect=0.704447 train_vq=0.000000 
level=1 epoch=197/500 train_effect=0.757801 eval_effect=0.679214 train_vq=0.000000 
level=1 epoch=198/500 train_effect=0.776001 eval_effect=0.677671 train_vq=0.000000 
level=1 epoch=199/500 train_effect=0.722743 eval_effect=0.651898 train_vq=0.000000 
level=1 epoch=200/500 train_effect=0.709839 eval_effect=0.676761 train_vq=0.000000 
level=1 epoch=201/500 train_effect=0.714729 eval_effect=0.680689 train_vq=0.000000 
level=1 epoch=202/500 train_effect=0.700659 eval_effect=0.639570 train_vq=0.000000 
level=1 epoch=203/500 train_effect=0.704911 eval_effect=0.677247 train_vq=0.000000 
level=1 epoch=204/500 train_effect=0.738641 eval_effect=0.655061 train_vq=0.000000 
level=1 epoch=205/500 train_effect=0.661199 eval_effect=0.624116 train_vq=0.000000 
level=1 epoch=206/500 train_effect=0.698404 eval_effect=0.650107 train_vq=0.000000 
level=1 epoch=207/500 train_effect=0.677952 eval_effect=0.615514 train_vq=0.000000 
level=1 epoch=208/500 train_effect=0.667653 eval_effect=0.610447 train_vq=0.000000 
level=1 epoch=209/500 train_effect=0.675287 eval_effect=0.660018 train_vq=0.000000 
level=1 epoch=210/500 train_effect=0.688887 eval_effect=0.620199 train_vq=0.000000 
level=1 epoch=211/500 train_effect=0.639680 eval_effect=0.572600 train_vq=0.000000 
level=1 epoch=212/500 train_effect=0.643062 eval_effect=0.598823 train_vq=0.000000 
level=1 epoch=213/500 train_effect=0.687841 eval_effect=0.641922 train_vq=0.000000 
level=1 epoch=214/500 train_effect=0.679207 eval_effect=0.588302 train_vq=0.000000 
level=1 epoch=215/500 train_effect=0.627735 eval_effect=0.578206 train_vq=0.000000 
level=1 epoch=216/500 train_effect=0.627090 eval_effect=0.585074 train_vq=0.000000 
level=1 epoch=217/500 train_effect=0.660001 eval_effect=0.642621 train_vq=0.000000 
level=1 epoch=218/500 train_effect=0.643072 eval_effect=0.617007 train_vq=0.000000 
level=1 epoch=219/500 train_effect=0.658392 eval_effect=0.641980 train_vq=0.000000 
level=1 epoch=220/500 train_effect=0.629926 eval_effect=0.575498 train_vq=0.000000 
level=1 epoch=221/500 train_effect=0.626038 eval_effect=0.539533 train_vq=0.000000 
level=1 epoch=222/500 train_effect=0.604070 eval_effect=0.543138 train_vq=0.000000 
level=1 epoch=223/500 train_effect=0.612077 eval_effect=0.589229 train_vq=0.000000 
level=1 epoch=224/500 train_effect=0.585822 eval_effect=0.542227 train_vq=0.000000 
level=1 epoch=225/500 train_effect=0.598162 eval_effect=0.549791 train_vq=0.000000 
level=1 epoch=226/500 train_effect=0.601152 eval_effect=0.607727 train_vq=0.000000 
level=1 epoch=227/500 train_effect=0.597455 eval_effect=0.524188 train_vq=0.000000 
level=1 epoch=228/500 train_effect=0.604309 eval_effect=0.675398 train_vq=0.000000 
level=1 epoch=229/500 train_effect=0.603214 eval_effect=0.542796 train_vq=0.000000 
level=1 epoch=230/500 train_effect=0.586612 eval_effect=0.530375 train_vq=0.000000 
level=1 epoch=231/500 train_effect=0.584071 eval_effect=0.524341 train_vq=0.000000 
level=1 epoch=232/500 train_effect=0.580924 eval_effect=0.503192 train_vq=0.000000 
level=1 epoch=233/500 train_effect=0.558596 eval_effect=0.503976 train_vq=0.000000 
level=1 epoch=234/500 train_effect=0.552602 eval_effect=0.559255 train_vq=0.000000 
level=1 epoch=235/500 train_effect=0.574512 eval_effect=0.551311 train_vq=0.000000 
level=1 epoch=236/500 train_effect=0.581400 eval_effect=0.544822 train_vq=0.000000 
level=1 epoch=237/500 train_effect=0.572356 eval_effect=0.516838 train_vq=0.000000 
level=1 epoch=238/500 train_effect=0.541230 eval_effect=0.505344 train_vq=0.000000 
level=1 epoch=239/500 train_effect=0.546278 eval_effect=0.500486 train_vq=0.000000 
level=1 epoch=240/500 train_effect=0.548809 eval_effect=0.468595 train_vq=0.000000 
level=1 epoch=241/500 train_effect=0.520243 eval_effect=0.488487 train_vq=0.000000 
level=1 epoch=242/500 train_effect=0.525568 eval_effect=0.493010 train_vq=0.000000 
level=1 epoch=243/500 train_effect=0.536187 eval_effect=0.468508 train_vq=0.000000 
level=1 epoch=244/500 train_effect=0.523016 eval_effect=0.525103 train_vq=0.000000 
level=1 epoch=245/500 train_effect=0.533494 eval_effect=0.515410 train_vq=0.000000 
level=1 epoch=246/500 train_effect=0.505695 eval_effect=0.490733 train_vq=0.000000 
level=1 epoch=247/500 train_effect=0.520817 eval_effect=0.501283 train_vq=0.000000 
level=1 epoch=248/500 train_effect=0.513843 eval_effect=0.501228 train_vq=0.000000 
level=1 epoch=249/500 train_effect=0.521620 eval_effect=0.459160 train_vq=0.000000 
level=1 epoch=250/500 train_effect=0.497168 eval_effect=0.459181 train_vq=0.000000 
level=1 epoch=251/500 train_effect=0.486970 eval_effect=0.457265 train_vq=0.000000 
level=1 epoch=252/500 train_effect=0.499951 eval_effect=0.482532 train_vq=0.000000 
level=1 epoch=253/500 train_effect=0.524526 eval_effect=0.481823 train_vq=0.000000 
level=1 epoch=254/500 train_effect=0.526126 eval_effect=0.459865 train_vq=0.000000 
level=1 epoch=255/500 train_effect=0.510930 eval_effect=0.461075 train_vq=0.000000 
level=1 epoch=256/500 train_effect=0.513964 eval_effect=0.467962 train_vq=0.000000 
level=1 epoch=257/500 train_effect=0.489330 eval_effect=0.479183 train_vq=0.000000 
level=1 epoch=258/500 train_effect=0.501428 eval_effect=0.482202 train_vq=0.000000 
level=1 epoch=259/500 train_effect=0.493842 eval_effect=0.480908 train_vq=0.000000 
level=1 epoch=260/500 train_effect=0.508868 eval_effect=0.474107 train_vq=0.000000 
level=1 epoch=261/500 train_effect=0.480047 eval_effect=0.474853 train_vq=0.000000 
level=1 epoch=262/500 train_effect=0.487614 eval_effect=0.452031 train_vq=0.000000 
level=1 epoch=263/500 train_effect=0.470680 eval_effect=0.464513 train_vq=0.000000 
level=1 epoch=264/500 train_effect=0.510902 eval_effect=0.480228 train_vq=0.000000 
level=1 epoch=265/500 train_effect=0.493058 eval_effect=0.452695 train_vq=0.000000 
level=1 epoch=266/500 train_effect=0.477647 eval_effect=0.473442 train_vq=0.000000 
level=1 epoch=267/500 train_effect=0.479154 eval_effect=0.459127 train_vq=0.000000 
level=1 epoch=268/500 train_effect=0.493769 eval_effect=0.442623 train_vq=0.000000 
level=1 epoch=269/500 train_effect=0.441911 eval_effect=0.446647 train_vq=0.000000 
level=1 epoch=270/500 train_effect=0.477340 eval_effect=0.445739 train_vq=0.000000 
level=1 epoch=271/500 train_effect=0.493410 eval_effect=0.429973 train_vq=0.000000 
level=1 epoch=272/500 train_effect=0.480265 eval_effect=0.435732 train_vq=0.000000 
level=1 epoch=273/500 train_effect=0.457470 eval_effect=0.437432 train_vq=0.000000 
level=1 epoch=274/500 train_effect=0.458540 eval_effect=0.436561 train_vq=0.000000 
level=1 epoch=275/500 train_effect=0.476112 eval_effect=0.434391 train_vq=0.000000 
level=1 epoch=276/500 train_effect=0.467332 eval_effect=0.458584 train_vq=0.000000 
level=1 epoch=277/500 train_effect=0.464752 eval_effect=0.442808 train_vq=0.000000 
level=1 epoch=278/500 train_effect=0.462338 eval_effect=0.417648 train_vq=0.000000 
level=1 epoch=279/500 train_effect=0.474171 eval_effect=0.424232 train_vq=0.000000 
level=1 epoch=280/500 train_effect=0.459572 eval_effect=0.425142 train_vq=0.000000 
level=1 epoch=281/500 train_effect=0.483554 eval_effect=0.442913 train_vq=0.000000 
level=1 epoch=282/500 train_effect=0.457668 eval_effect=0.454991 train_vq=0.000000 
level=1 epoch=283/500 train_effect=0.438573 eval_effect=0.458542 train_vq=0.000000 
level=1 epoch=284/500 train_effect=0.474485 eval_effect=0.452648 train_vq=0.000000 
level=1 epoch=285/500 train_effect=0.440989 eval_effect=0.434980 train_vq=0.000000 
level=1 epoch=286/500 train_effect=0.486516 eval_effect=0.426064 train_vq=0.000000 
level=1 epoch=287/500 train_effect=0.445539 eval_effect=0.418505 train_vq=0.000000 
level=1 epoch=288/500 train_effect=0.453809 eval_effect=0.418185 train_vq=0.000000 
level=1 epoch=289/500 train_effect=0.414953 eval_effect=0.426101 train_vq=0.000000 
level=1 epoch=290/500 train_effect=0.463665 eval_effect=0.413500 train_vq=0.000000 
level=1 epoch=291/500 train_effect=0.459909 eval_effect=0.397730 train_vq=0.000000 
level=1 epoch=292/500 train_effect=0.484535 eval_effect=0.398147 train_vq=0.000000 
level=1 epoch=293/500 train_effect=0.417791 eval_effect=0.407110 train_vq=0.000000 
level=1 epoch=294/500 train_effect=0.410578 eval_effect=0.403143 train_vq=0.000000 
level=1 epoch=295/500 train_effect=0.438385 eval_effect=0.407863 train_vq=0.000000 
level=1 epoch=296/500 train_effect=0.452018 eval_effect=0.406399 train_vq=0.000000 
level=1 epoch=297/500 train_effect=0.428951 eval_effect=0.404656 train_vq=0.000000 
level=1 epoch=298/500 train_effect=0.442080 eval_effect=0.407207 train_vq=0.000000 
level=1 epoch=299/500 train_effect=0.452718 eval_effect=0.406001 train_vq=0.000000 
level=1 epoch=300/500 train_effect=0.419706 eval_effect=0.373028 train_vq=0.000000 
level=1 epoch=301/500 train_effect=0.423327 eval_effect=0.383317 train_vq=0.000000 
level=1 epoch=302/500 train_effect=0.430587 eval_effect=0.405234 train_vq=0.000000 
level=1 epoch=303/500 train_effect=0.424064 eval_effect=0.398305 train_vq=0.000000 
level=1 epoch=304/500 train_effect=0.419864 eval_effect=0.405986 train_vq=0.000000 
level=1 epoch=305/500 train_effect=0.412954 eval_effect=0.407627 train_vq=0.000000 
level=1 epoch=306/500 train_effect=0.456622 eval_effect=0.412573 train_vq=0.000000 
level=1 epoch=307/500 train_effect=0.434777 eval_effect=0.400863 train_vq=0.000000 
level=1 epoch=308/500 train_effect=0.457369 eval_effect=0.386805 train_vq=0.000000 
level=1 epoch=309/500 train_effect=0.438747 eval_effect=0.411032 train_vq=0.000000 
level=1 epoch=310/500 train_effect=0.428810 eval_effect=0.423532 train_vq=0.000000 
level=1 epoch=311/500 train_effect=0.389832 eval_effect=0.410466 train_vq=0.000000 
level=1 epoch=312/500 train_effect=0.380310 eval_effect=0.385253 train_vq=0.000000 
level=1 epoch=313/500 train_effect=0.405079 eval_effect=0.364517 train_vq=0.000000 
level=1 epoch=314/500 train_effect=0.417277 eval_effect=0.364196 train_vq=0.000000 
level=1 epoch=315/500 train_effect=0.401445 eval_effect=0.380135 train_vq=0.000000 
level=1 epoch=316/500 train_effect=0.430638 eval_effect=0.401185 train_vq=0.000000 
level=1 epoch=317/500 train_effect=0.424495 eval_effect=0.394183 train_vq=0.000000 
level=1 epoch=318/500 train_effect=0.400039 eval_effect=0.410901 train_vq=0.000000 
level=1 epoch=319/500 train_effect=0.388273 eval_effect=0.364466 train_vq=0.000000 
level=1 epoch=320/500 train_effect=0.408730 eval_effect=0.390049 train_vq=0.000000 
level=1 epoch=321/500 train_effect=0.433648 eval_effect=0.372827 train_vq=0.000000 
level=1 epoch=322/500 train_effect=0.402146 eval_effect=0.359479 train_vq=0.000000 
level=1 epoch=323/500 train_effect=0.368789 eval_effect=0.384291 train_vq=0.000000 
level=1 epoch=324/500 train_effect=0.390777 eval_effect=0.381389 train_vq=0.000000 
level=1 epoch=325/500 train_effect=0.368250 eval_effect=0.383689 train_vq=0.000000 
level=1 epoch=326/500 train_effect=0.401042 eval_effect=0.367136 train_vq=0.000000 
level=1 epoch=327/500 train_effect=0.389336 eval_effect=0.348067 train_vq=0.000000 
level=1 epoch=328/500 train_effect=0.396409 eval_effect=0.360794 train_vq=0.000000 
level=1 epoch=329/500 train_effect=0.363514 eval_effect=0.363141 train_vq=0.000000 
level=1 epoch=330/500 train_effect=0.405811 eval_effect=0.346131 train_vq=0.000000 
level=1 epoch=331/500 train_effect=0.376465 eval_effect=0.345963 train_vq=0.000000 
level=1 epoch=332/500 train_effect=0.397827 eval_effect=0.360503 train_vq=0.000000 
level=1 epoch=333/500 train_effect=0.395595 eval_effect=0.358511 train_vq=0.000000 
level=1 epoch=334/500 train_effect=0.364172 eval_effect=0.348488 train_vq=0.000000 
level=1 epoch=335/500 train_effect=0.352706 eval_effect=0.375602 train_vq=0.000000 
level=1 epoch=336/500 train_effect=0.368753 eval_effect=0.365920 train_vq=0.000000 
level=1 epoch=337/500 train_effect=0.368964 eval_effect=0.327239 train_vq=0.000000 
level=1 epoch=338/500 train_effect=0.362401 eval_effect=0.347203 train_vq=0.000000 
level=1 epoch=339/500 train_effect=0.387528 eval_effect=0.362767 train_vq=0.000000 
level=1 epoch=340/500 train_effect=0.364108 eval_effect=0.351794 train_vq=0.000000 
level=1 epoch=341/500 train_effect=0.346034 eval_effect=0.317334 train_vq=0.000000 
level=1 epoch=342/500 train_effect=0.380808 eval_effect=0.344317 train_vq=0.000000 
level=1 epoch=343/500 train_effect=0.383824 eval_effect=0.305255 train_vq=0.000000 
level=1 epoch=344/500 train_effect=0.359056 eval_effect=0.339314 train_vq=0.000000 
level=1 epoch=345/500 train_effect=0.357845 eval_effect=0.344398 train_vq=0.000000 
level=1 epoch=346/500 train_effect=0.386871 eval_effect=0.346653 train_vq=0.000000 
level=1 epoch=347/500 train_effect=0.371409 eval_effect=0.329115 train_vq=0.000000 
level=1 epoch=348/500 train_effect=0.354519 eval_effect=0.328069 train_vq=0.000000 
level=1 epoch=349/500 train_effect=0.385826 eval_effect=0.344832 train_vq=0.000000 
level=1 epoch=350/500 train_effect=0.373105 eval_effect=0.339158 train_vq=0.000000 
level=1 epoch=351/500 train_effect=0.347059 eval_effect=0.334581 train_vq=0.000000 
level=1 epoch=352/500 train_effect=0.322469 eval_effect=0.321974 train_vq=0.000000 
level=1 epoch=353/500 train_effect=0.331156 eval_effect=0.307149 train_vq=0.000000 
level=1 epoch=354/500 train_effect=0.300024 eval_effect=0.308490 train_vq=0.000000 
level=1 epoch=355/500 train_effect=0.341817 eval_effect=0.307336 train_vq=0.000000 
level=1 epoch=356/500 train_effect=0.321469 eval_effect=0.300677 train_vq=0.000000 
level=1 epoch=357/500 train_effect=0.349577 eval_effect=0.272909 train_vq=0.000000 
level=1 epoch=358/500 train_effect=0.304030 eval_effect=0.271822 train_vq=0.000000 
level=1 epoch=359/500 train_effect=0.317267 eval_effect=0.311206 train_vq=0.000000 
level=1 epoch=360/500 train_effect=0.349940 eval_effect=0.273157 train_vq=0.000000 
level=1 epoch=361/500 train_effect=0.315932 eval_effect=0.274086 train_vq=0.000000 
level=1 epoch=362/500 train_effect=0.306267 eval_effect=0.285371 train_vq=0.000000 
level=1 epoch=363/500 train_effect=0.330567 eval_effect=0.274323 train_vq=0.000000 
level=1 epoch=364/500 train_effect=0.332096 eval_effect=0.332515 train_vq=0.000000 
level=1 epoch=365/500 train_effect=0.316669 eval_effect=0.290436 train_vq=0.000000 
level=1 epoch=366/500 train_effect=0.313501 eval_effect=0.269052 train_vq=0.000000 
level=1 epoch=367/500 train_effect=0.326747 eval_effect=0.287186 train_vq=0.000000 
level=1 epoch=368/500 train_effect=0.308252 eval_effect=0.297960 train_vq=0.000000 
level=1 epoch=369/500 train_effect=0.312166 eval_effect=0.303433 train_vq=0.000000 
level=1 epoch=370/500 train_effect=0.344822 eval_effect=0.333433 train_vq=0.000000 
level=1 epoch=371/500 train_effect=0.352928 eval_effect=0.325241 train_vq=0.000000 
level=1 epoch=372/500 train_effect=0.306017 eval_effect=0.268473 train_vq=0.000000 
level=1 epoch=373/500 train_effect=0.292942 eval_effect=0.283879 train_vq=0.000000 
level=1 epoch=374/500 train_effect=0.292205 eval_effect=0.255106 train_vq=0.000000 
level=1 epoch=375/500 train_effect=0.307138 eval_effect=0.266201 train_vq=0.000000 
level=1 epoch=376/500 train_effect=0.330188 eval_effect=0.284486 train_vq=0.000000 
level=1 epoch=377/500 train_effect=0.310767 eval_effect=0.278145 train_vq=0.000000 
level=1 epoch=378/500 train_effect=0.312102 eval_effect=0.294631 train_vq=0.000000 
level=1 epoch=379/500 train_effect=0.301816 eval_effect=0.280753 train_vq=0.000000 
level=1 epoch=380/500 train_effect=0.299697 eval_effect=0.261888 train_vq=0.000000 
level=1 epoch=381/500 train_effect=0.286048 eval_effect=0.274533 train_vq=0.000000 
level=1 epoch=382/500 train_effect=0.299595 eval_effect=0.278544 train_vq=0.000000 
level=1 epoch=383/500 train_effect=0.304310 eval_effect=0.253607 train_vq=0.000000 
level=1 epoch=384/500 train_effect=0.287326 eval_effect=0.246215 train_vq=0.000000 
level=1 epoch=385/500 train_effect=0.290302 eval_effect=0.249016 train_vq=0.000000 
level=1 epoch=386/500 train_effect=0.305963 eval_effect=0.260432 train_vq=0.000000 
level=1 epoch=387/500 train_effect=0.314191 eval_effect=0.255942 train_vq=0.000000 
level=1 epoch=388/500 train_effect=0.301128 eval_effect=0.262237 train_vq=0.000000 
level=1 epoch=389/500 train_effect=0.271112 eval_effect=0.242424 train_vq=0.000000 
level=1 epoch=390/500 train_effect=0.250406 eval_effect=0.242500 train_vq=0.000000 
level=1 epoch=391/500 train_effect=0.262653 eval_effect=0.230009 train_vq=0.000000 
level=1 epoch=392/500 train_effect=0.283583 eval_effect=0.238570 train_vq=0.000000 
level=1 epoch=393/500 train_effect=0.289771 eval_effect=0.264401 train_vq=0.000000 
level=1 epoch=394/500 train_effect=0.303250 eval_effect=0.258928 train_vq=0.000000 
level=1 epoch=395/500 train_effect=0.291558 eval_effect=0.250664 train_vq=0.000000 
level=1 epoch=396/500 train_effect=0.280728 eval_effect=0.257831 train_vq=0.000000 
level=1 epoch=397/500 train_effect=0.281680 eval_effect=0.257492 train_vq=0.000000 
level=1 epoch=398/500 train_effect=0.279328 eval_effect=0.249220 train_vq=0.000000 
level=1 epoch=399/500 train_effect=0.272705 eval_effect=0.248152 train_vq=0.000000 
level=1 epoch=400/500 train_effect=0.268474 eval_effect=0.237220 train_vq=0.000000 
level=1 epoch=401/500 train_effect=0.264138 eval_effect=0.224821 train_vq=0.000000 
level=1 epoch=402/500 train_effect=0.261365 eval_effect=0.218194 train_vq=0.000000 
level=1 epoch=403/500 train_effect=0.241029 eval_effect=0.223097 train_vq=0.000000 
level=1 epoch=404/500 train_effect=0.277574 eval_effect=0.247225 train_vq=0.000000 
level=1 epoch=405/500 train_effect=0.262866 eval_effect=0.239003 train_vq=0.000000 
level=1 epoch=406/500 train_effect=0.271227 eval_effect=0.255342 train_vq=0.000000 
level=1 epoch=407/500 train_effect=0.237835 eval_effect=0.248201 train_vq=0.000000 
level=1 epoch=408/500 train_effect=0.256446 eval_effect=0.222927 train_vq=0.000000 
level=1 epoch=409/500 train_effect=0.245317 eval_effect=0.221804 train_vq=0.000000 
level=1 epoch=410/500 train_effect=0.245871 eval_effect=0.211353 train_vq=0.000000 
level=1 epoch=411/500 train_effect=0.242181 eval_effect=0.229841 train_vq=0.000000 
level=1 epoch=412/500 train_effect=0.265978 eval_effect=0.260345 train_vq=0.000000 
level=1 epoch=413/500 train_effect=0.273766 eval_effect=0.235749 train_vq=0.000000 
level=1 epoch=414/500 train_effect=0.269950 eval_effect=0.237971 train_vq=0.000000 
level=1 epoch=415/500 train_effect=0.264910 eval_effect=0.219195 train_vq=0.000000 
level=1 epoch=416/500 train_effect=0.249434 eval_effect=0.223274 train_vq=0.000000 
level=1 epoch=417/500 train_effect=0.255740 eval_effect=0.240167 train_vq=0.000000 
level=1 epoch=418/500 train_effect=0.234231 eval_effect=0.219068 train_vq=0.000000 
level=1 epoch=419/500 train_effect=0.225291 eval_effect=0.236713 train_vq=0.000000 
level=1 epoch=420/500 train_effect=0.236572 eval_effect=0.240564 train_vq=0.000000 
level=1 epoch=421/500 train_effect=0.253566 eval_effect=0.238412 train_vq=0.000000 
level=1 epoch=422/500 train_effect=0.253154 eval_effect=0.227557 train_vq=0.000000 
level=1 epoch=423/500 train_effect=0.248601 eval_effect=0.247396 train_vq=0.000000 
level=1 epoch=424/500 train_effect=0.258969 eval_effect=0.215090 train_vq=0.000000 
level=1 epoch=425/500 train_effect=0.223329 eval_effect=0.210557 train_vq=0.000000 
level=1 epoch=426/500 train_effect=0.242997 eval_effect=0.214734 train_vq=0.000000 
level=1 epoch=427/500 train_effect=0.238732 eval_effect=0.239914 train_vq=0.000000 
level=1 epoch=428/500 train_effect=0.218897 eval_effect=0.236989 train_vq=0.000000 
level=1 epoch=429/500 train_effect=0.228362 eval_effect=0.235838 train_vq=0.000000 
level=1 epoch=430/500 train_effect=0.249225 eval_effect=0.218693 train_vq=0.000000 
level=1 epoch=431/500 train_effect=0.227315 eval_effect=0.214736 train_vq=0.000000 
level=1 epoch=432/500 train_effect=0.207128 eval_effect=0.202476 train_vq=0.000000 
level=1 epoch=433/500 train_effect=0.226292 eval_effect=0.247844 train_vq=0.000000 
level=1 epoch=434/500 train_effect=0.246718 eval_effect=0.250623 train_vq=0.000000 
level=1 epoch=435/500 train_effect=0.266573 eval_effect=0.233336 train_vq=0.000000 
level=1 epoch=436/500 train_effect=0.244685 eval_effect=0.218924 train_vq=0.000000 
level=1 epoch=437/500 train_effect=0.241356 eval_effect=0.217588 train_vq=0.000000 
level=1 epoch=438/500 train_effect=0.228683 eval_effect=0.208991 train_vq=0.000000 
level=1 epoch=439/500 train_effect=0.228280 eval_effect=0.236989 train_vq=0.000000 
level=1 epoch=440/500 train_effect=0.230357 eval_effect=0.231196 train_vq=0.000000 
level=1 epoch=441/500 train_effect=0.210490 eval_effect=0.238236 train_vq=0.000000 
level=1 epoch=442/500 train_effect=0.250110 eval_effect=0.243286 train_vq=0.000000 
level=1 epoch=443/500 train_effect=0.263621 eval_effect=0.261990 train_vq=0.000000 
level=1 epoch=444/500 train_effect=0.282594 eval_effect=0.258515 train_vq=0.000000 
level=1 epoch=445/500 train_effect=0.281205 eval_effect=0.207673 train_vq=0.000000 
level=1 epoch=446/500 train_effect=0.243733 eval_effect=0.210203 train_vq=0.000000 
level=1 epoch=447/500 train_effect=0.225662 eval_effect=0.221622 train_vq=0.000000 
level=1 epoch=448/500 train_effect=0.229501 eval_effect=0.223918 train_vq=0.000000 
level=1 epoch=449/500 train_effect=0.233477 eval_effect=0.222478 train_vq=0.000000 
level=1 epoch=450/500 train_effect=0.226078 eval_effect=0.198098 train_vq=0.000000 
level=1 epoch=451/500 train_effect=0.234686 eval_effect=0.218034 train_vq=0.000000 
level=1 epoch=452/500 train_effect=0.234858 eval_effect=0.211153 train_vq=0.000000 
level=1 epoch=453/500 train_effect=0.217507 eval_effect=0.196937 train_vq=0.000000 
level=1 epoch=454/500 train_effect=0.215762 eval_effect=0.202621 train_vq=0.000000 
level=1 epoch=455/500 train_effect=0.224633 eval_effect=0.201631 train_vq=0.000000 
level=1 epoch=456/500 train_effect=0.250975 eval_effect=0.200201 train_vq=0.000000 
level=1 epoch=457/500 train_effect=0.233698 eval_effect=0.200008 train_vq=0.000000 
level=1 epoch=458/500 train_effect=0.207257 eval_effect=0.191324 train_vq=0.000000 
level=1 epoch=459/500 train_effect=0.210178 eval_effect=0.198709 train_vq=0.000000 
level=1 epoch=460/500 train_effect=0.211007 eval_effect=0.204744 train_vq=0.000000 
level=1 epoch=461/500 train_effect=0.223678 eval_effect=0.224060 train_vq=0.000000 
level=1 epoch=462/500 train_effect=0.220404 eval_effect=0.206545 train_vq=0.000000 
level=1 epoch=463/500 train_effect=0.206722 eval_effect=0.202348 train_vq=0.000000 
level=1 epoch=464/500 train_effect=0.202454 eval_effect=0.208855 train_vq=0.000000 
level=1 epoch=465/500 train_effect=0.210152 eval_effect=0.200904 train_vq=0.000000 
level=1 epoch=466/500 train_effect=0.196633 eval_effect=0.197299 train_vq=0.000000 
level=1 epoch=467/500 train_effect=0.218511 eval_effect=0.195537 train_vq=0.000000 
level=1 epoch=468/500 train_effect=0.207006 eval_effect=0.189917 train_vq=0.000000 
level=1 epoch=469/500 train_effect=0.220326 eval_effect=0.219014 train_vq=0.000000 
level=1 epoch=470/500 train_effect=0.245036 eval_effect=0.209880 train_vq=0.000000 
level=1 epoch=471/500 train_effect=0.241197 eval_effect=0.230993 train_vq=0.000000 
level=1 epoch=472/500 train_effect=0.226509 eval_effect=0.202189 train_vq=0.000000 
level=1 epoch=473/500 train_effect=0.204988 eval_effect=0.194749 train_vq=0.000000 
level=1 epoch=474/500 train_effect=0.218634 eval_effect=0.225472 train_vq=0.000000 
level=1 epoch=475/500 train_effect=0.213327 eval_effect=0.224544 train_vq=0.000000 
level=1 epoch=476/500 train_effect=0.212030 eval_effect=0.196366 train_vq=0.000000 
level=1 epoch=477/500 train_effect=0.201890 eval_effect=0.185481 train_vq=0.000000 
level=1 epoch=478/500 train_effect=0.202388 eval_effect=0.190796 train_vq=0.000000 
level=1 epoch=479/500 train_effect=0.214900 eval_effect=0.201868 train_vq=0.000000 
level=1 epoch=480/500 train_effect=0.230816 eval_effect=0.207639 train_vq=0.000000 
level=1 epoch=481/500 train_effect=0.230126 eval_effect=0.203265 train_vq=0.000000 
level=1 epoch=482/500 train_effect=0.190373 eval_effect=0.189742 train_vq=0.000000 
level=1 epoch=483/500 train_effect=0.214152 eval_effect=0.196126 train_vq=0.000000 
level=1 epoch=484/500 train_effect=0.191910 eval_effect=0.203048 train_vq=0.000000 
level=1 epoch=485/500 train_effect=0.196350 eval_effect=0.195277 train_vq=0.000000 
level=1 epoch=486/500 train_effect=0.198272 eval_effect=0.193449 train_vq=0.000000 
level=1 epoch=487/500 train_effect=0.201146 eval_effect=0.201822 train_vq=0.000000 
level=1 epoch=488/500 train_effect=0.199118 eval_effect=0.195443 train_vq=0.000000 
level=1 epoch=489/500 train_effect=0.214591 eval_effect=0.187792 train_vq=0.000000 
level=1 epoch=490/500 train_effect=0.189969 eval_effect=0.175835 train_vq=0.000000 
level=1 epoch=491/500 train_effect=0.188236 eval_effect=0.220273 train_vq=0.000000 
level=1 epoch=492/500 train_effect=0.232090 eval_effect=0.204589 train_vq=0.000000 
level=1 epoch=493/500 train_effect=0.210453 eval_effect=0.191920 train_vq=0.000000 
level=1 epoch=494/500 train_effect=0.182599 eval_effect=0.183067 train_vq=0.000000 
level=1 epoch=495/500 train_effect=0.169364 eval_effect=0.197122 train_vq=0.000000 
level=1 epoch=496/500 train_effect=0.194856 eval_effect=0.197889 train_vq=0.000000 
level=1 epoch=497/500 train_effect=0.212682 eval_effect=0.211711 train_vq=0.000000 
level=1 epoch=498/500 train_effect=0.234267 eval_effect=0.205983 train_vq=0.000000 
level=1 epoch=499/500 train_effect=0.236546 eval_effect=0.190760 train_vq=0.000000 
level=1 epoch=500/500 train_effect=0.188299 eval_effect=0.186720 train_vq=0.000000 
Best level-1 deterministic weighted MSE: 0.17583457

=== original | seed=2 | level=2 | epochs=500 ===
========== ENCODER ==========
Sequential(
  (0): ConvBlock(
    (block): Sequential(
      (0): Conv2d(2, 32, kernel_size=(3, 3), stride=(1, 1), padding=(1, 1))
      (1): BatchNorm2d(32, eps=1e-05, momentum=0.1, affine=True, track_running_stats=True)
      (2): ReLU()
    )
  )
  (1): ConvBlock(
    (block): Sequential(
      (0): Conv2d(32, 32, kernel_size=(3, 3), stride=(2, 2), padding=(1, 1))
      (1): BatchNorm2d(32, eps=1e-05, momentum=0.1, affine=True, track_running_stats=True)
      (2): ReLU()
    )
  )
  (2): ConvBlock(
    (block): Sequential(
      (0): Conv2d(32, 64, kernel_size=(3, 3), stride=(1, 1), padding=(1, 1))
      (1): BatchNorm2d(64, eps=1e-05, momentum=0.1, affine=True, track_running_stats=True)
      (2): ReLU()
    )
  )
  (3): ConvBlock(
    (block): Sequential(
      (0): Conv2d(64, 64, kernel_size=(3, 3), stride=(2, 2), padding=(1, 1))
      (1): BatchNorm2d(64, eps=1e-05, momentum=0.1, affine=True, track_running_stats=True)
      (2): ReLU()
    )
  )
  (4): ConvBlock(
    (block): Sequential(
      (0): Conv2d(64, 128, kernel_size=(3, 3), stride=(1, 1), padding=(1, 1))
      (1): BatchNorm2d(128, eps=1e-05, momentum=0.1, affine=True, track_running_stats=True)
      (2): ReLU()
    )
  )
  (5): ConvBlock(
    (block): Sequential(
      (0): Conv2d(128, 128, kernel_size=(3, 3), stride=(2, 2), padding=(1, 1))
      (1): BatchNorm2d(128, eps=1e-05, momentum=0.1, affine=True, track_running_stats=True)
      (2): ReLU()
    )
  )
  (6): ConvBlock(
    (block): Sequential(
      (0): Conv2d(128, 256, kernel_size=(3, 3), stride=(1, 1), padding=(1, 1))
      (1): BatchNorm2d(256, eps=1e-05, momentum=0.1, affine=True, track_running_stats=True)
      (2): ReLU()
    )
  )
  (7): ConvBlock(
    (block): Sequential(
      (0): Conv2d(256, 256, kernel_size=(3, 3), stride=(2, 2), padding=(1, 1))
      (1): BatchNorm2d(256, eps=1e-05, momentum=0.1, affine=True, track_running_stats=True)
      (2): ReLU()
    )
  )
  (8): Avg(dims=[2, 3])
  (9): MLP(
    (layers): Sequential(
      (0): Linear(in_features=256, out_features=1)
    )
  )
  (10): STLayer()
)
parameter count: 1174145
=============================
========== DECODER ==========
MLP(
  (layers): Sequential(
    (0): Linear(in_features=5, out_features=128)
    (1): ReLU()
    (2): Linear(in_features=128, out_features=128)
    (3): ReLU()
    (4): Linear(in_features=128, out_features=6)
  )
)
parameter count: 18054
=============================
level=2 epoch=1/500 train_effect=2.595528 eval_effect=2.611511 train_vq=0.000000 
level=2 epoch=2/500 train_effect=2.339222 eval_effect=2.407967 train_vq=0.000000 
level=2 epoch=3/500 train_effect=2.107859 eval_effect=2.098827 train_vq=0.000000 
level=2 epoch=4/500 train_effect=1.945258 eval_effect=1.863777 train_vq=0.000000 
level=2 epoch=5/500 train_effect=1.800683 eval_effect=1.976495 train_vq=0.000000 
level=2 epoch=6/500 train_effect=1.683404 eval_effect=1.823251 train_vq=0.000000 
level=2 epoch=7/500 train_effect=1.569772 eval_effect=1.659205 train_vq=0.000000 
level=2 epoch=8/500 train_effect=1.481774 eval_effect=1.696665 train_vq=0.000000 
level=2 epoch=9/500 train_effect=1.416421 eval_effect=1.370031 train_vq=0.000000 
level=2 epoch=10/500 train_effect=1.365092 eval_effect=1.313915 train_vq=0.000000 
level=2 epoch=11/500 train_effect=1.303105 eval_effect=1.258146 train_vq=0.000000 
level=2 epoch=12/500 train_effect=1.257053 eval_effect=1.215950 train_vq=0.000000 
level=2 epoch=13/500 train_effect=1.192561 eval_effect=1.193821 train_vq=0.000000 
level=2 epoch=14/500 train_effect=1.187065 eval_effect=1.133731 train_vq=0.000000 
level=2 epoch=15/500 train_effect=1.150821 eval_effect=1.101986 train_vq=0.000000 
level=2 epoch=16/500 train_effect=1.121868 eval_effect=1.080980 train_vq=0.000000 
level=2 epoch=17/500 train_effect=1.101196 eval_effect=1.073232 train_vq=0.000000 
level=2 epoch=18/500 train_effect=1.083657 eval_effect=1.036456 train_vq=0.000000 
level=2 epoch=19/500 train_effect=1.063831 eval_effect=1.042422 train_vq=0.000000 
level=2 epoch=20/500 train_effect=1.034194 eval_effect=0.992476 train_vq=0.000000 
level=2 epoch=21/500 train_effect=1.022171 eval_effect=0.979076 train_vq=0.000000 
level=2 epoch=22/500 train_effect=1.031182 eval_effect=0.960561 train_vq=0.000000 
level=2 epoch=23/500 train_effect=1.000425 eval_effect=0.973854 train_vq=0.000000 
level=2 epoch=24/500 train_effect=0.984284 eval_effect=0.952080 train_vq=0.000000 
level=2 epoch=25/500 train_effect=0.968563 eval_effect=0.935004 train_vq=0.000000 
level=2 epoch=26/500 train_effect=0.972009 eval_effect=0.948678 train_vq=0.000000 
level=2 epoch=27/500 train_effect=0.968045 eval_effect=0.938481 train_vq=0.000000 
level=2 epoch=28/500 train_effect=0.936613 eval_effect=0.907194 train_vq=0.000000 
level=2 epoch=29/500 train_effect=0.944198 eval_effect=0.913370 train_vq=0.000000 
level=2 epoch=30/500 train_effect=0.921187 eval_effect=0.902308 train_vq=0.000000 
level=2 epoch=31/500 train_effect=0.918221 eval_effect=0.873501 train_vq=0.000000 
level=2 epoch=32/500 train_effect=0.897500 eval_effect=0.865884 train_vq=0.000000 
level=2 epoch=33/500 train_effect=0.873577 eval_effect=0.842496 train_vq=0.000000 
level=2 epoch=34/500 train_effect=0.900644 eval_effect=0.869481 train_vq=0.000000 
level=2 epoch=35/500 train_effect=0.861035 eval_effect=0.880458 train_vq=0.000000 
level=2 epoch=36/500 train_effect=0.865565 eval_effect=0.813143 train_vq=0.000000 
level=2 epoch=37/500 train_effect=0.847664 eval_effect=0.807022 train_vq=0.000000 
level=2 epoch=38/500 train_effect=0.843099 eval_effect=0.846646 train_vq=0.000000 
level=2 epoch=39/500 train_effect=0.820647 eval_effect=0.801828 train_vq=0.000000 
level=2 epoch=40/500 train_effect=0.829563 eval_effect=0.791435 train_vq=0.000000 
level=2 epoch=41/500 train_effect=0.827583 eval_effect=0.792729 train_vq=0.000000 
level=2 epoch=42/500 train_effect=0.807207 eval_effect=0.785474 train_vq=0.000000 
level=2 epoch=43/500 train_effect=0.806152 eval_effect=0.776607 train_vq=0.000000 
level=2 epoch=44/500 train_effect=0.799898 eval_effect=0.776984 train_vq=0.000000 
level=2 epoch=45/500 train_effect=0.794252 eval_effect=0.765233 train_vq=0.000000 
level=2 epoch=46/500 train_effect=0.786398 eval_effect=0.761354 train_vq=0.000000 
level=2 epoch=47/500 train_effect=0.801802 eval_effect=0.773062 train_vq=0.000000 
level=2 epoch=48/500 train_effect=0.776868 eval_effect=0.749107 train_vq=0.000000 
level=2 epoch=49/500 train_effect=0.789551 eval_effect=0.748480 train_vq=0.000000 
level=2 epoch=50/500 train_effect=0.787483 eval_effect=0.786289 train_vq=0.000000 
level=2 epoch=51/500 train_effect=0.774664 eval_effect=0.746243 train_vq=0.000000 
level=2 epoch=52/500 train_effect=0.764130 eval_effect=0.743836 train_vq=0.000000 
level=2 epoch=53/500 train_effect=0.746586 eval_effect=0.737272 train_vq=0.000000 
level=2 epoch=54/500 train_effect=0.753117 eval_effect=0.742304 train_vq=0.000000 
level=2 epoch=55/500 train_effect=0.751559 eval_effect=0.765704 train_vq=0.000000 
level=2 epoch=56/500 train_effect=0.757737 eval_effect=0.732869 train_vq=0.000000 
level=2 epoch=57/500 train_effect=0.746759 eval_effect=0.751713 train_vq=0.000000 
level=2 epoch=58/500 train_effect=0.732221 eval_effect=0.748367 train_vq=0.000000 
level=2 epoch=59/500 train_effect=0.757679 eval_effect=0.750341 train_vq=0.000000 
level=2 epoch=60/500 train_effect=0.755018 eval_effect=0.743991 train_vq=0.000000 
level=2 epoch=61/500 train_effect=0.746713 eval_effect=0.736218 train_vq=0.000000 
level=2 epoch=62/500 train_effect=0.743013 eval_effect=0.731609 train_vq=0.000000 
level=2 epoch=63/500 train_effect=0.743747 eval_effect=0.734196 train_vq=0.000000 
level=2 epoch=64/500 train_effect=0.753312 eval_effect=0.727079 train_vq=0.000000 
level=2 epoch=65/500 train_effect=0.737080 eval_effect=0.706333 train_vq=0.000000 
level=2 epoch=66/500 train_effect=0.728176 eval_effect=0.698990 train_vq=0.000000 
level=2 epoch=67/500 train_effect=0.732227 eval_effect=0.710312 train_vq=0.000000 
level=2 epoch=68/500 train_effect=0.723770 eval_effect=0.717830 train_vq=0.000000 
level=2 epoch=69/500 train_effect=0.711648 eval_effect=0.710736 train_vq=0.000000 
level=2 epoch=70/500 train_effect=0.725138 eval_effect=0.692396 train_vq=0.000000 
level=2 epoch=71/500 train_effect=0.726687 eval_effect=0.700747 train_vq=0.000000 
level=2 epoch=72/500 train_effect=0.730267 eval_effect=0.698953 train_vq=0.000000 
level=2 epoch=73/500 train_effect=0.717302 eval_effect=0.705592 train_vq=0.000000 
level=2 epoch=74/500 train_effect=0.722301 eval_effect=0.717390 train_vq=0.000000 
level=2 epoch=75/500 train_effect=0.700013 eval_effect=0.689251 train_vq=0.000000 
level=2 epoch=76/500 train_effect=0.706941 eval_effect=0.686561 train_vq=0.000000 
level=2 epoch=77/500 train_effect=0.719358 eval_effect=0.691677 train_vq=0.000000 
level=2 epoch=78/500 train_effect=0.726683 eval_effect=0.684418 train_vq=0.000000 
level=2 epoch=79/500 train_effect=0.705244 eval_effect=0.700354 train_vq=0.000000 
level=2 epoch=80/500 train_effect=0.700770 eval_effect=0.688343 train_vq=0.000000 
level=2 epoch=81/500 train_effect=0.707752 eval_effect=0.687983 train_vq=0.000000 
level=2 epoch=82/500 train_effect=0.703797 eval_effect=0.682471 train_vq=0.000000 
level=2 epoch=83/500 train_effect=0.700796 eval_effect=0.690413 train_vq=0.000000 
level=2 epoch=84/500 train_effect=0.701167 eval_effect=0.672614 train_vq=0.000000 
level=2 epoch=85/500 train_effect=0.692069 eval_effect=0.667940 train_vq=0.000000 
level=2 epoch=86/500 train_effect=0.694568 eval_effect=0.677641 train_vq=0.000000 
level=2 epoch=87/500 train_effect=0.695792 eval_effect=0.659628 train_vq=0.000000 
level=2 epoch=88/500 train_effect=0.690699 eval_effect=0.676239 train_vq=0.000000 
level=2 epoch=89/500 train_effect=0.688922 eval_effect=0.662683 train_vq=0.000000 
level=2 epoch=90/500 train_effect=0.675486 eval_effect=0.659174 train_vq=0.000000 
level=2 epoch=91/500 train_effect=0.685960 eval_effect=0.665267 train_vq=0.000000 
level=2 epoch=92/500 train_effect=0.688626 eval_effect=0.663625 train_vq=0.000000 
level=2 epoch=93/500 train_effect=0.691417 eval_effect=0.661595 train_vq=0.000000 
level=2 epoch=94/500 train_effect=0.686360 eval_effect=0.664709 train_vq=0.000000 
level=2 epoch=95/500 train_effect=0.689310 eval_effect=0.672236 train_vq=0.000000 
level=2 epoch=96/500 train_effect=0.693668 eval_effect=0.654140 train_vq=0.000000 
level=2 epoch=97/500 train_effect=0.684627 eval_effect=0.658501 train_vq=0.000000 
level=2 epoch=98/500 train_effect=0.699337 eval_effect=0.658107 train_vq=0.000000 
level=2 epoch=99/500 train_effect=0.684863 eval_effect=0.652402 train_vq=0.000000 
level=2 epoch=100/500 train_effect=0.676745 eval_effect=0.650209 train_vq=0.000000 
level=2 epoch=101/500 train_effect=0.671177 eval_effect=0.635671 train_vq=0.000000 
level=2 epoch=102/500 train_effect=0.684647 eval_effect=0.644137 train_vq=0.000000 
level=2 epoch=103/500 train_effect=0.685529 eval_effect=0.661223 train_vq=0.000000 
level=2 epoch=104/500 train_effect=0.681207 eval_effect=0.638413 train_vq=0.000000 
level=2 epoch=105/500 train_effect=0.680759 eval_effect=0.651060 train_vq=0.000000 
level=2 epoch=106/500 train_effect=0.676444 eval_effect=0.638961 train_vq=0.000000 
level=2 epoch=107/500 train_effect=0.663051 eval_effect=0.644758 train_vq=0.000000 
level=2 epoch=108/500 train_effect=0.670363 eval_effect=0.636932 train_vq=0.000000 
level=2 epoch=109/500 train_effect=0.664575 eval_effect=0.634996 train_vq=0.000000 
level=2 epoch=110/500 train_effect=0.668924 eval_effect=0.645160 train_vq=0.000000 
level=2 epoch=111/500 train_effect=0.665755 eval_effect=0.635847 train_vq=0.000000 
level=2 epoch=112/500 train_effect=0.681230 eval_effect=0.630334 train_vq=0.000000 
level=2 epoch=113/500 train_effect=0.663460 eval_effect=0.635293 train_vq=0.000000 
level=2 epoch=114/500 train_effect=0.680174 eval_effect=0.631382 train_vq=0.000000 
level=2 epoch=115/500 train_effect=0.670632 eval_effect=0.642482 train_vq=0.000000 
level=2 epoch=116/500 train_effect=0.662432 eval_effect=0.643005 train_vq=0.000000 
level=2 epoch=117/500 train_effect=0.671092 eval_effect=0.627933 train_vq=0.000000 
level=2 epoch=118/500 train_effect=0.653550 eval_effect=0.636799 train_vq=0.000000 
level=2 epoch=119/500 train_effect=0.648077 eval_effect=0.631095 train_vq=0.000000 
level=2 epoch=120/500 train_effect=0.656883 eval_effect=0.635014 train_vq=0.000000 
level=2 epoch=121/500 train_effect=0.660680 eval_effect=0.620376 train_vq=0.000000 
level=2 epoch=122/500 train_effect=0.655407 eval_effect=0.631826 train_vq=0.000000 
level=2 epoch=123/500 train_effect=0.664510 eval_effect=0.635375 train_vq=0.000000 
level=2 epoch=124/500 train_effect=0.653926 eval_effect=0.633159 train_vq=0.000000 
level=2 epoch=125/500 train_effect=0.651845 eval_effect=0.624793 train_vq=0.000000 
level=2 epoch=126/500 train_effect=0.657474 eval_effect=0.627832 train_vq=0.000000 
level=2 epoch=127/500 train_effect=0.659748 eval_effect=0.644822 train_vq=0.000000 
level=2 epoch=128/500 train_effect=0.667097 eval_effect=0.634182 train_vq=0.000000 
level=2 epoch=129/500 train_effect=0.642780 eval_effect=0.632376 train_vq=0.000000 
level=2 epoch=130/500 train_effect=0.653624 eval_effect=0.642219 train_vq=0.000000 
level=2 epoch=131/500 train_effect=0.665634 eval_effect=0.646936 train_vq=0.000000 
level=2 epoch=132/500 train_effect=0.660574 eval_effect=0.642098 train_vq=0.000000 
level=2 epoch=133/500 train_effect=0.674463 eval_effect=0.692907 train_vq=0.000000 
level=2 epoch=134/500 train_effect=0.666286 eval_effect=0.627919 train_vq=0.000000 
level=2 epoch=135/500 train_effect=0.647494 eval_effect=0.636007 train_vq=0.000000 
level=2 epoch=136/500 train_effect=0.661637 eval_effect=0.632926 train_vq=0.000000 
level=2 epoch=137/500 train_effect=0.668474 eval_effect=0.647344 train_vq=0.000000 
level=2 epoch=138/500 train_effect=0.670303 eval_effect=0.647535 train_vq=0.000000 
level=2 epoch=139/500 train_effect=0.666456 eval_effect=0.638397 train_vq=0.000000 
level=2 epoch=140/500 train_effect=0.653362 eval_effect=0.643913 train_vq=0.000000 
level=2 epoch=141/500 train_effect=0.661645 eval_effect=0.649694 train_vq=0.000000 
level=2 epoch=142/500 train_effect=0.656370 eval_effect=0.640832 train_vq=0.000000 
level=2 epoch=143/500 train_effect=0.650880 eval_effect=0.639807 train_vq=0.000000 
level=2 epoch=144/500 train_effect=0.661238 eval_effect=0.642882 train_vq=0.000000 
level=2 epoch=145/500 train_effect=0.663643 eval_effect=0.641167 train_vq=0.000000 
level=2 epoch=146/500 train_effect=0.655900 eval_effect=0.636032 train_vq=0.000000 
level=2 epoch=147/500 train_effect=0.641001 eval_effect=0.634350 train_vq=0.000000 
level=2 epoch=148/500 train_effect=0.656941 eval_effect=0.620645 train_vq=0.000000 
level=2 epoch=149/500 train_effect=0.665027 eval_effect=0.626427 train_vq=0.000000 
level=2 epoch=150/500 train_effect=0.655728 eval_effect=0.625941 train_vq=0.000000 
level=2 epoch=151/500 train_effect=0.652238 eval_effect=0.627305 train_vq=0.000000 
level=2 epoch=152/500 train_effect=0.649638 eval_effect=0.631457 train_vq=0.000000 
level=2 epoch=153/500 train_effect=0.659185 eval_effect=0.641933 train_vq=0.000000 
level=2 epoch=154/500 train_effect=0.657583 eval_effect=0.637966 train_vq=0.000000 
level=2 epoch=155/500 train_effect=0.649811 eval_effect=0.621079 train_vq=0.000000 
level=2 epoch=156/500 train_effect=0.648332 eval_effect=0.623456 train_vq=0.000000 
level=2 epoch=157/500 train_effect=0.660468 eval_effect=0.630053 train_vq=0.000000 
level=2 epoch=158/500 train_effect=0.646957 eval_effect=0.614098 train_vq=0.000000 
level=2 epoch=159/500 train_effect=0.646358 eval_effect=0.616833 train_vq=0.000000 
level=2 epoch=160/500 train_effect=0.638702 eval_effect=0.610230 train_vq=0.000000 
level=2 epoch=161/500 train_effect=0.635971 eval_effect=0.610353 train_vq=0.000000 
level=2 epoch=162/500 train_effect=0.650469 eval_effect=0.620018 train_vq=0.000000 
level=2 epoch=163/500 train_effect=0.659392 eval_effect=0.609510 train_vq=0.000000 
level=2 epoch=164/500 train_effect=0.658493 eval_effect=0.615360 train_vq=0.000000 
level=2 epoch=165/500 train_effect=0.651272 eval_effect=0.625954 train_vq=0.000000 
level=2 epoch=166/500 train_effect=0.647694 eval_effect=0.632320 train_vq=0.000000 
level=2 epoch=167/500 train_effect=0.642466 eval_effect=0.607705 train_vq=0.000000 
level=2 epoch=168/500 train_effect=0.638176 eval_effect=0.614566 train_vq=0.000000 
level=2 epoch=169/500 train_effect=0.632977 eval_effect=0.624779 train_vq=0.000000 
level=2 epoch=170/500 train_effect=0.635004 eval_effect=0.619793 train_vq=0.000000 
level=2 epoch=171/500 train_effect=0.640468 eval_effect=0.609056 train_vq=0.000000 
level=2 epoch=172/500 train_effect=0.642386 eval_effect=0.613261 train_vq=0.000000 
level=2 epoch=173/500 train_effect=0.649272 eval_effect=0.608966 train_vq=0.000000 
level=2 epoch=174/500 train_effect=0.633074 eval_effect=0.620330 train_vq=0.000000 
level=2 epoch=175/500 train_effect=0.649101 eval_effect=0.623576 train_vq=0.000000 
level=2 epoch=176/500 train_effect=0.634080 eval_effect=0.606326 train_vq=0.000000 
level=2 epoch=177/500 train_effect=0.630333 eval_effect=0.603763 train_vq=0.000000 
level=2 epoch=178/500 train_effect=0.622727 eval_effect=0.612560 train_vq=0.000000 
level=2 epoch=179/500 train_effect=0.631914 eval_effect=0.613840 train_vq=0.000000 
level=2 epoch=180/500 train_effect=0.636928 eval_effect=0.591348 train_vq=0.000000 
level=2 epoch=181/500 train_effect=0.636303 eval_effect=0.605861 train_vq=0.000000 
level=2 epoch=182/500 train_effect=0.630152 eval_effect=0.613533 train_vq=0.000000 
level=2 epoch=183/500 train_effect=0.643595 eval_effect=0.602899 train_vq=0.000000 
level=2 epoch=184/500 train_effect=0.638796 eval_effect=0.607968 train_vq=0.000000 
level=2 epoch=185/500 train_effect=0.646541 eval_effect=0.606641 train_vq=0.000000 
level=2 epoch=186/500 train_effect=0.655273 eval_effect=0.619823 train_vq=0.000000 
level=2 epoch=187/500 train_effect=0.625242 eval_effect=0.603558 train_vq=0.000000 
level=2 epoch=188/500 train_effect=0.623491 eval_effect=0.594568 train_vq=0.000000 
level=2 epoch=189/500 train_effect=0.619682 eval_effect=0.603041 train_vq=0.000000 
level=2 epoch=190/500 train_effect=0.643927 eval_effect=0.606498 train_vq=0.000000 
level=2 epoch=191/500 train_effect=0.629068 eval_effect=0.624280 train_vq=0.000000 
level=2 epoch=192/500 train_effect=0.651445 eval_effect=0.598882 train_vq=0.000000 
level=2 epoch=193/500 train_effect=0.616194 eval_effect=0.605683 train_vq=0.000000 
level=2 epoch=194/500 train_effect=0.623940 eval_effect=0.595519 train_vq=0.000000 
level=2 epoch=195/500 train_effect=0.617655 eval_effect=0.598884 train_vq=0.000000 
level=2 epoch=196/500 train_effect=0.615436 eval_effect=0.602395 train_vq=0.000000 
level=2 epoch=197/500 train_effect=0.629904 eval_effect=0.606558 train_vq=0.000000 
level=2 epoch=198/500 train_effect=0.620940 eval_effect=0.588463 train_vq=0.000000 
level=2 epoch=199/500 train_effect=0.632533 eval_effect=0.601419 train_vq=0.000000 
level=2 epoch=200/500 train_effect=0.640509 eval_effect=0.605633 train_vq=0.000000 
level=2 epoch=201/500 train_effect=0.632916 eval_effect=0.602422 train_vq=0.000000 
level=2 epoch=202/500 train_effect=0.639824 eval_effect=0.616914 train_vq=0.000000 
level=2 epoch=203/500 train_effect=0.632299 eval_effect=0.605771 train_vq=0.000000 
level=2 epoch=204/500 train_effect=0.631051 eval_effect=0.598608 train_vq=0.000000 
level=2 epoch=205/500 train_effect=0.623588 eval_effect=0.597181 train_vq=0.000000 
level=2 epoch=206/500 train_effect=0.629884 eval_effect=0.598956 train_vq=0.000000 
level=2 epoch=207/500 train_effect=0.623793 eval_effect=0.587039 train_vq=0.000000 
level=2 epoch=208/500 train_effect=0.645441 eval_effect=0.632658 train_vq=0.000000 
level=2 epoch=209/500 train_effect=0.640059 eval_effect=0.580345 train_vq=0.000000 
level=2 epoch=210/500 train_effect=0.643211 eval_effect=0.585303 train_vq=0.000000 
level=2 epoch=211/500 train_effect=0.643488 eval_effect=0.617973 train_vq=0.000000 
level=2 epoch=212/500 train_effect=0.653125 eval_effect=0.629929 train_vq=0.000000 
level=2 epoch=213/500 train_effect=0.626823 eval_effect=0.590371 train_vq=0.000000 
level=2 epoch=214/500 train_effect=0.631770 eval_effect=0.588723 train_vq=0.000000 
level=2 epoch=215/500 train_effect=0.632984 eval_effect=0.613453 train_vq=0.000000 
level=2 epoch=216/500 train_effect=0.631920 eval_effect=0.596928 train_vq=0.000000 
level=2 epoch=217/500 train_effect=0.648924 eval_effect=0.619568 train_vq=0.000000 
level=2 epoch=218/500 train_effect=0.627987 eval_effect=0.597287 train_vq=0.000000 
level=2 epoch=219/500 train_effect=0.626714 eval_effect=0.576044 train_vq=0.000000 
level=2 epoch=220/500 train_effect=0.628911 eval_effect=0.580526 train_vq=0.000000 
level=2 epoch=221/500 train_effect=0.654364 eval_effect=0.593616 train_vq=0.000000 
level=2 epoch=222/500 train_effect=0.639847 eval_effect=0.604144 train_vq=0.000000 
level=2 epoch=223/500 train_effect=0.624067 eval_effect=0.616758 train_vq=0.000000 
level=2 epoch=224/500 train_effect=0.634976 eval_effect=0.585836 train_vq=0.000000 
level=2 epoch=225/500 train_effect=0.633529 eval_effect=0.582339 train_vq=0.000000 
level=2 epoch=226/500 train_effect=0.643880 eval_effect=0.592561 train_vq=0.000000 
level=2 epoch=227/500 train_effect=0.618946 eval_effect=0.635450 train_vq=0.000000 
level=2 epoch=228/500 train_effect=0.634070 eval_effect=0.609985 train_vq=0.000000 
level=2 epoch=229/500 train_effect=0.635361 eval_effect=0.591859 train_vq=0.000000 
level=2 epoch=230/500 train_effect=0.655781 eval_effect=0.592585 train_vq=0.000000 
level=2 epoch=231/500 train_effect=0.648180 eval_effect=0.599928 train_vq=0.000000 
level=2 epoch=232/500 train_effect=0.622527 eval_effect=0.585637 train_vq=0.000000 
level=2 epoch=233/500 train_effect=0.634014 eval_effect=0.595742 train_vq=0.000000 
level=2 epoch=234/500 train_effect=0.618106 eval_effect=0.582230 train_vq=0.000000 
level=2 epoch=235/500 train_effect=0.615804 eval_effect=0.604529 train_vq=0.000000 
level=2 epoch=236/500 train_effect=0.621740 eval_effect=0.601430 train_vq=0.000000 
level=2 epoch=237/500 train_effect=0.634157 eval_effect=0.590472 train_vq=0.000000 
level=2 epoch=238/500 train_effect=0.604930 eval_effect=0.599208 train_vq=0.000000 
level=2 epoch=239/500 train_effect=0.633670 eval_effect=0.603274 train_vq=0.000000 
level=2 epoch=240/500 train_effect=0.624196 eval_effect=0.584720 train_vq=0.000000 
level=2 epoch=241/500 train_effect=0.615203 eval_effect=0.596517 train_vq=0.000000 
level=2 epoch=242/500 train_effect=0.615734 eval_effect=0.574926 train_vq=0.000000 
level=2 epoch=243/500 train_effect=0.636377 eval_effect=0.580876 train_vq=0.000000 
level=2 epoch=244/500 train_effect=0.634318 eval_effect=0.588512 train_vq=0.000000 
level=2 epoch=245/500 train_effect=0.627768 eval_effect=0.588669 train_vq=0.000000 
level=2 epoch=246/500 train_effect=0.635948 eval_effect=0.604163 train_vq=0.000000 
level=2 epoch=247/500 train_effect=0.614927 eval_effect=0.596106 train_vq=0.000000 
level=2 epoch=248/500 train_effect=0.611244 eval_effect=0.577901 train_vq=0.000000 
level=2 epoch=249/500 train_effect=0.617742 eval_effect=0.589755 train_vq=0.000000 
level=2 epoch=250/500 train_effect=0.639972 eval_effect=0.580208 train_vq=0.000000 
level=2 epoch=251/500 train_effect=0.631306 eval_effect=0.598672 train_vq=0.000000 
level=2 epoch=252/500 train_effect=0.616859 eval_effect=0.579404 train_vq=0.000000 
level=2 epoch=253/500 train_effect=0.628979 eval_effect=0.578744 train_vq=0.000000 
level=2 epoch=254/500 train_effect=0.627829 eval_effect=0.609519 train_vq=0.000000 
level=2 epoch=255/500 train_effect=0.622012 eval_effect=0.582949 train_vq=0.000000 
level=2 epoch=256/500 train_effect=0.619312 eval_effect=0.579754 train_vq=0.000000 
level=2 epoch=257/500 train_effect=0.633543 eval_effect=0.586955 train_vq=0.000000 
level=2 epoch=258/500 train_effect=0.634883 eval_effect=0.600872 train_vq=0.000000 
level=2 epoch=259/500 train_effect=0.629309 eval_effect=0.586480 train_vq=0.000000 
level=2 epoch=260/500 train_effect=0.624622 eval_effect=0.579391 train_vq=0.000000 
level=2 epoch=261/500 train_effect=0.621323 eval_effect=0.580891 train_vq=0.000000 
level=2 epoch=262/500 train_effect=0.621900 eval_effect=0.590120 train_vq=0.000000 
level=2 epoch=263/500 train_effect=0.617274 eval_effect=0.588534 train_vq=0.000000 
level=2 epoch=264/500 train_effect=0.619105 eval_effect=0.586137 train_vq=0.000000 
level=2 epoch=265/500 train_effect=0.619310 eval_effect=0.586268 train_vq=0.000000 
level=2 epoch=266/500 train_effect=0.627451 eval_effect=0.580755 train_vq=0.000000 
level=2 epoch=267/500 train_effect=0.605874 eval_effect=0.581681 train_vq=0.000000 
level=2 epoch=268/500 train_effect=0.617858 eval_effect=0.569122 train_vq=0.000000 
level=2 epoch=269/500 train_effect=0.631550 eval_effect=0.581230 train_vq=0.000000 
level=2 epoch=270/500 train_effect=0.607719 eval_effect=0.572750 train_vq=0.000000 
level=2 epoch=271/500 train_effect=0.621152 eval_effect=0.583965 train_vq=0.000000 
level=2 epoch=272/500 train_effect=0.617595 eval_effect=0.580876 train_vq=0.000000 
level=2 epoch=273/500 train_effect=0.608390 eval_effect=0.581405 train_vq=0.000000 
level=2 epoch=274/500 train_effect=0.624844 eval_effect=0.580922 train_vq=0.000000 
level=2 epoch=275/500 train_effect=0.629947 eval_effect=0.589707 train_vq=0.000000 
level=2 epoch=276/500 train_effect=0.604582 eval_effect=0.594531 train_vq=0.000000 
level=2 epoch=277/500 train_effect=0.591877 eval_effect=0.572275 train_vq=0.000000 
level=2 epoch=278/500 train_effect=0.597774 eval_effect=0.560888 train_vq=0.000000 
level=2 epoch=279/500 train_effect=0.606939 eval_effect=0.567584 train_vq=0.000000 
level=2 epoch=280/500 train_effect=0.637972 eval_effect=0.588019 train_vq=0.000000 
level=2 epoch=281/500 train_effect=0.614840 eval_effect=0.569633 train_vq=0.000000 
level=2 epoch=282/500 train_effect=0.604249 eval_effect=0.568836 train_vq=0.000000 
level=2 epoch=283/500 train_effect=0.622126 eval_effect=0.592762 train_vq=0.000000 
level=2 epoch=284/500 train_effect=0.616332 eval_effect=0.565441 train_vq=0.000000 
level=2 epoch=285/500 train_effect=0.592635 eval_effect=0.602463 train_vq=0.000000 
level=2 epoch=286/500 train_effect=0.604265 eval_effect=0.578569 train_vq=0.000000 
level=2 epoch=287/500 train_effect=0.609274 eval_effect=0.577039 train_vq=0.000000 
level=2 epoch=288/500 train_effect=0.620838 eval_effect=0.572112 train_vq=0.000000 
level=2 epoch=289/500 train_effect=0.612350 eval_effect=0.575235 train_vq=0.000000 
level=2 epoch=290/500 train_effect=0.606372 eval_effect=0.568290 train_vq=0.000000 
level=2 epoch=291/500 train_effect=0.594159 eval_effect=0.585359 train_vq=0.000000 
level=2 epoch=292/500 train_effect=0.612329 eval_effect=0.569170 train_vq=0.000000 
level=2 epoch=293/500 train_effect=0.620177 eval_effect=0.586382 train_vq=0.000000 
level=2 epoch=294/500 train_effect=0.618332 eval_effect=0.566976 train_vq=0.000000 
level=2 epoch=295/500 train_effect=0.593233 eval_effect=0.559865 train_vq=0.000000 
level=2 epoch=296/500 train_effect=0.634300 eval_effect=0.592846 train_vq=0.000000 
level=2 epoch=297/500 train_effect=0.600115 eval_effect=0.571030 train_vq=0.000000 
level=2 epoch=298/500 train_effect=0.609049 eval_effect=0.583061 train_vq=0.000000 
level=2 epoch=299/500 train_effect=0.615576 eval_effect=0.579284 train_vq=0.000000 
level=2 epoch=300/500 train_effect=0.612087 eval_effect=0.594478 train_vq=0.000000 
level=2 epoch=301/500 train_effect=0.605864 eval_effect=0.578998 train_vq=0.000000 
level=2 epoch=302/500 train_effect=0.615793 eval_effect=0.585354 train_vq=0.000000 
level=2 epoch=303/500 train_effect=0.598745 eval_effect=0.570858 train_vq=0.000000 
level=2 epoch=304/500 train_effect=0.625736 eval_effect=0.574853 train_vq=0.000000 
level=2 epoch=305/500 train_effect=0.606827 eval_effect=0.592722 train_vq=0.000000 
level=2 epoch=306/500 train_effect=0.600349 eval_effect=0.587199 train_vq=0.000000 
level=2 epoch=307/500 train_effect=0.599963 eval_effect=0.573103 train_vq=0.000000 
level=2 epoch=308/500 train_effect=0.628941 eval_effect=0.574667 train_vq=0.000000 
level=2 epoch=309/500 train_effect=0.615165 eval_effect=0.597429 train_vq=0.000000 
level=2 epoch=310/500 train_effect=0.598895 eval_effect=0.575509 train_vq=0.000000 
level=2 epoch=311/500 train_effect=0.607152 eval_effect=0.569392 train_vq=0.000000 
level=2 epoch=312/500 train_effect=0.624312 eval_effect=0.590652 train_vq=0.000000 
level=2 epoch=313/500 train_effect=0.606113 eval_effect=0.567778 train_vq=0.000000 
level=2 epoch=314/500 train_effect=0.606764 eval_effect=0.578658 train_vq=0.000000 
level=2 epoch=315/500 train_effect=0.615997 eval_effect=0.592794 train_vq=0.000000 
level=2 epoch=316/500 train_effect=0.604298 eval_effect=0.586413 train_vq=0.000000 
level=2 epoch=317/500 train_effect=0.626725 eval_effect=0.621377 train_vq=0.000000 
level=2 epoch=318/500 train_effect=0.604612 eval_effect=0.574227 train_vq=0.000000 
level=2 epoch=319/500 train_effect=0.603096 eval_effect=0.587315 train_vq=0.000000 
level=2 epoch=320/500 train_effect=0.602297 eval_effect=0.569421 train_vq=0.000000 
level=2 epoch=321/500 train_effect=0.609848 eval_effect=0.570161 train_vq=0.000000 
level=2 epoch=322/500 train_effect=0.617807 eval_effect=0.588990 train_vq=0.000000 
level=2 epoch=323/500 train_effect=0.614216 eval_effect=0.570855 train_vq=0.000000 
level=2 epoch=324/500 train_effect=0.618981 eval_effect=0.586917 train_vq=0.000000 
level=2 epoch=325/500 train_effect=0.602893 eval_effect=0.578590 train_vq=0.000000 
level=2 epoch=326/500 train_effect=0.603652 eval_effect=0.570693 train_vq=0.000000 
level=2 epoch=327/500 train_effect=0.616731 eval_effect=0.593371 train_vq=0.000000 
level=2 epoch=328/500 train_effect=0.614001 eval_effect=0.601367 train_vq=0.000000 
level=2 epoch=329/500 train_effect=0.613353 eval_effect=0.602627 train_vq=0.000000 
level=2 epoch=330/500 train_effect=0.618903 eval_effect=0.575038 train_vq=0.000000 
level=2 epoch=331/500 train_effect=0.613985 eval_effect=0.569291 train_vq=0.000000 
level=2 epoch=332/500 train_effect=0.609820 eval_effect=0.580754 train_vq=0.000000 
level=2 epoch=333/500 train_effect=0.603466 eval_effect=0.584616 train_vq=0.000000 
level=2 epoch=334/500 train_effect=0.629093 eval_effect=0.590293 train_vq=0.000000 
level=2 epoch=335/500 train_effect=0.620817 eval_effect=0.572835 train_vq=0.000000 
level=2 epoch=336/500 train_effect=0.594474 eval_effect=0.576399 train_vq=0.000000 
level=2 epoch=337/500 train_effect=0.619409 eval_effect=0.582719 train_vq=0.000000 
level=2 epoch=338/500 train_effect=0.607464 eval_effect=0.596293 train_vq=0.000000 
level=2 epoch=339/500 train_effect=0.599774 eval_effect=0.569247 train_vq=0.000000 
level=2 epoch=340/500 train_effect=0.584625 eval_effect=0.567299 train_vq=0.000000 
level=2 epoch=341/500 train_effect=0.599129 eval_effect=0.570767 train_vq=0.000000 
level=2 epoch=342/500 train_effect=0.613473 eval_effect=0.567942 train_vq=0.000000 
level=2 epoch=343/500 train_effect=0.587232 eval_effect=0.574646 train_vq=0.000000 
level=2 epoch=344/500 train_effect=0.603614 eval_effect=0.564314 train_vq=0.000000 
level=2 epoch=345/500 train_effect=0.608036 eval_effect=0.594230 train_vq=0.000000 
level=2 epoch=346/500 train_effect=0.616127 eval_effect=0.580082 train_vq=0.000000 
level=2 epoch=347/500 train_effect=0.620378 eval_effect=0.567575 train_vq=0.000000 
level=2 epoch=348/500 train_effect=0.625258 eval_effect=0.583895 train_vq=0.000000 
level=2 epoch=349/500 train_effect=0.615315 eval_effect=0.579527 train_vq=0.000000 
level=2 epoch=350/500 train_effect=0.618173 eval_effect=0.576838 train_vq=0.000000 
level=2 epoch=351/500 train_effect=0.620907 eval_effect=0.611344 train_vq=0.000000 
level=2 epoch=352/500 train_effect=0.611592 eval_effect=0.584029 train_vq=0.000000 
level=2 epoch=353/500 train_effect=0.611025 eval_effect=0.581134 train_vq=0.000000 
level=2 epoch=354/500 train_effect=0.594591 eval_effect=0.580969 train_vq=0.000000 
level=2 epoch=355/500 train_effect=0.614584 eval_effect=0.596541 train_vq=0.000000 
level=2 epoch=356/500 train_effect=0.603907 eval_effect=0.566952 train_vq=0.000000 
level=2 epoch=357/500 train_effect=0.604781 eval_effect=0.584460 train_vq=0.000000 
level=2 epoch=358/500 train_effect=0.617262 eval_effect=0.570516 train_vq=0.000000 
level=2 epoch=359/500 train_effect=0.618267 eval_effect=0.605680 train_vq=0.000000 
level=2 epoch=360/500 train_effect=0.621625 eval_effect=0.576839 train_vq=0.000000 
level=2 epoch=361/500 train_effect=0.592105 eval_effect=0.571741 train_vq=0.000000 
level=2 epoch=362/500 train_effect=0.618947 eval_effect=0.569175 train_vq=0.000000 
level=2 epoch=363/500 train_effect=0.601051 eval_effect=0.577516 train_vq=0.000000 
level=2 epoch=364/500 train_effect=0.624714 eval_effect=0.607710 train_vq=0.000000 
level=2 epoch=365/500 train_effect=0.605213 eval_effect=0.558362 train_vq=0.000000 
level=2 epoch=366/500 train_effect=0.606889 eval_effect=0.593808 train_vq=0.000000 
level=2 epoch=367/500 train_effect=0.611212 eval_effect=0.585597 train_vq=0.000000 
level=2 epoch=368/500 train_effect=0.614182 eval_effect=0.577361 train_vq=0.000000 
level=2 epoch=369/500 train_effect=0.602986 eval_effect=0.578962 train_vq=0.000000 
level=2 epoch=370/500 train_effect=0.601693 eval_effect=0.565129 train_vq=0.000000 
level=2 epoch=371/500 train_effect=0.590496 eval_effect=0.565104 train_vq=0.000000 
level=2 epoch=372/500 train_effect=0.597088 eval_effect=0.587115 train_vq=0.000000 
level=2 epoch=373/500 train_effect=0.614384 eval_effect=0.569025 train_vq=0.000000 
level=2 epoch=374/500 train_effect=0.616857 eval_effect=0.605505 train_vq=0.000000 
level=2 epoch=375/500 train_effect=0.595827 eval_effect=0.583939 train_vq=0.000000 
level=2 epoch=376/500 train_effect=0.610338 eval_effect=0.588798 train_vq=0.000000 
level=2 epoch=377/500 train_effect=0.604876 eval_effect=0.602571 train_vq=0.000000 
level=2 epoch=378/500 train_effect=0.600380 eval_effect=0.577725 train_vq=0.000000 
level=2 epoch=379/500 train_effect=0.602406 eval_effect=0.582771 train_vq=0.000000 
level=2 epoch=380/500 train_effect=0.611049 eval_effect=0.569459 train_vq=0.000000 
level=2 epoch=381/500 train_effect=0.613718 eval_effect=0.590199 train_vq=0.000000 
level=2 epoch=382/500 train_effect=0.609830 eval_effect=0.593487 train_vq=0.000000 
level=2 epoch=383/500 train_effect=0.620037 eval_effect=0.562309 train_vq=0.000000 
level=2 epoch=384/500 train_effect=0.596427 eval_effect=0.592580 train_vq=0.000000 
level=2 epoch=385/500 train_effect=0.594638 eval_effect=0.556507 train_vq=0.000000 
level=2 epoch=386/500 train_effect=0.604224 eval_effect=0.557515 train_vq=0.000000 
level=2 epoch=387/500 train_effect=0.589666 eval_effect=0.558268 train_vq=0.000000 
level=2 epoch=388/500 train_effect=0.603000 eval_effect=0.585425 train_vq=0.000000 
level=2 epoch=389/500 train_effect=0.612449 eval_effect=0.598143 train_vq=0.000000 
level=2 epoch=390/500 train_effect=0.609256 eval_effect=0.571271 train_vq=0.000000 
level=2 epoch=391/500 train_effect=0.615635 eval_effect=0.584482 train_vq=0.000000 
level=2 epoch=392/500 train_effect=0.598848 eval_effect=0.560293 train_vq=0.000000 
level=2 epoch=393/500 train_effect=0.596865 eval_effect=0.611877 train_vq=0.000000 
level=2 epoch=394/500 train_effect=0.598869 eval_effect=0.568222 train_vq=0.000000 
level=2 epoch=395/500 train_effect=0.603165 eval_effect=0.613772 train_vq=0.000000 
level=2 epoch=396/500 train_effect=0.584206 eval_effect=0.565905 train_vq=0.000000 
level=2 epoch=397/500 train_effect=0.606272 eval_effect=0.571390 train_vq=0.000000 
level=2 epoch=398/500 train_effect=0.610472 eval_effect=0.587280 train_vq=0.000000 
level=2 epoch=399/500 train_effect=0.598942 eval_effect=0.570593 train_vq=0.000000 
level=2 epoch=400/500 train_effect=0.620523 eval_effect=0.577252 train_vq=0.000000 
level=2 epoch=401/500 train_effect=0.604878 eval_effect=0.578905 train_vq=0.000000 
level=2 epoch=402/500 train_effect=0.606062 eval_effect=0.590104 train_vq=0.000000 
level=2 epoch=403/500 train_effect=0.596475 eval_effect=0.565484 train_vq=0.000000 
level=2 epoch=404/500 train_effect=0.605506 eval_effect=0.575321 train_vq=0.000000 
level=2 epoch=405/500 train_effect=0.619523 eval_effect=0.606491 train_vq=0.000000 
level=2 epoch=406/500 train_effect=0.606447 eval_effect=0.581622 train_vq=0.000000 
level=2 epoch=407/500 train_effect=0.599974 eval_effect=0.588517 train_vq=0.000000 
level=2 epoch=408/500 train_effect=0.611080 eval_effect=0.563777 train_vq=0.000000 
level=2 epoch=409/500 train_effect=0.622900 eval_effect=0.583081 train_vq=0.000000 
level=2 epoch=410/500 train_effect=0.601295 eval_effect=0.570755 train_vq=0.000000 
level=2 epoch=411/500 train_effect=0.601124 eval_effect=0.577852 train_vq=0.000000 
level=2 epoch=412/500 train_effect=0.611820 eval_effect=0.578239 train_vq=0.000000 
level=2 epoch=413/500 train_effect=0.609302 eval_effect=0.580496 train_vq=0.000000 
level=2 epoch=414/500 train_effect=0.600368 eval_effect=0.569537 train_vq=0.000000 
level=2 epoch=415/500 train_effect=0.599956 eval_effect=0.614695 train_vq=0.000000 
level=2 epoch=416/500 train_effect=0.626921 eval_effect=0.633936 train_vq=0.000000 
level=2 epoch=417/500 train_effect=0.597705 eval_effect=0.570742 train_vq=0.000000 
level=2 epoch=418/500 train_effect=0.587387 eval_effect=0.570371 train_vq=0.000000 
level=2 epoch=419/500 train_effect=0.607827 eval_effect=0.621515 train_vq=0.000000 
level=2 epoch=420/500 train_effect=0.604863 eval_effect=0.567730 train_vq=0.000000 
level=2 epoch=421/500 train_effect=0.585008 eval_effect=0.588022 train_vq=0.000000 
level=2 epoch=422/500 train_effect=0.601477 eval_effect=0.585396 train_vq=0.000000 
level=2 epoch=423/500 train_effect=0.597682 eval_effect=0.566473 train_vq=0.000000 
level=2 epoch=424/500 train_effect=0.594689 eval_effect=0.574728 train_vq=0.000000 
level=2 epoch=425/500 train_effect=0.596749 eval_effect=0.569133 train_vq=0.000000 
level=2 epoch=426/500 train_effect=0.621265 eval_effect=0.570254 train_vq=0.000000 
level=2 epoch=427/500 train_effect=0.612281 eval_effect=0.591435 train_vq=0.000000 
level=2 epoch=428/500 train_effect=0.615574 eval_effect=0.582639 train_vq=0.000000 
level=2 epoch=429/500 train_effect=0.612721 eval_effect=0.561855 train_vq=0.000000 
level=2 epoch=430/500 train_effect=0.610956 eval_effect=0.633244 train_vq=0.000000 
level=2 epoch=431/500 train_effect=0.590787 eval_effect=0.560815 train_vq=0.000000 
level=2 epoch=432/500 train_effect=0.597511 eval_effect=0.568767 train_vq=0.000000 
level=2 epoch=433/500 train_effect=0.602884 eval_effect=0.560111 train_vq=0.000000 
level=2 epoch=434/500 train_effect=0.594613 eval_effect=0.606159 train_vq=0.000000 
level=2 epoch=435/500 train_effect=0.613497 eval_effect=0.578305 train_vq=0.000000 
level=2 epoch=436/500 train_effect=0.596205 eval_effect=0.575973 train_vq=0.000000 
level=2 epoch=437/500 train_effect=0.598688 eval_effect=0.577999 train_vq=0.000000 
level=2 epoch=438/500 train_effect=0.607463 eval_effect=0.623900 train_vq=0.000000 
level=2 epoch=439/500 train_effect=0.593779 eval_effect=0.559002 train_vq=0.000000 
level=2 epoch=440/500 train_effect=0.601915 eval_effect=0.577021 train_vq=0.000000 
level=2 epoch=441/500 train_effect=0.602488 eval_effect=0.569880 train_vq=0.000000 
level=2 epoch=442/500 train_effect=0.597216 eval_effect=0.594318 train_vq=0.000000 
level=2 epoch=443/500 train_effect=0.585840 eval_effect=0.556551 train_vq=0.000000 
level=2 epoch=444/500 train_effect=0.586151 eval_effect=0.563272 train_vq=0.000000 
level=2 epoch=445/500 train_effect=0.611632 eval_effect=0.592817 train_vq=0.000000 
level=2 epoch=446/500 train_effect=0.608888 eval_effect=0.557152 train_vq=0.000000 
level=2 epoch=447/500 train_effect=0.605336 eval_effect=0.557419 train_vq=0.000000 
level=2 epoch=448/500 train_effect=0.609781 eval_effect=0.586231 train_vq=0.000000 
level=2 epoch=449/500 train_effect=0.598247 eval_effect=0.557310 train_vq=0.000000 
level=2 epoch=450/500 train_effect=0.603798 eval_effect=0.595812 train_vq=0.000000 
level=2 epoch=451/500 train_effect=0.609514 eval_effect=0.580302 train_vq=0.000000 
level=2 epoch=452/500 train_effect=0.605823 eval_effect=0.575494 train_vq=0.000000 
level=2 epoch=453/500 train_effect=0.614945 eval_effect=0.580862 train_vq=0.000000 
level=2 epoch=454/500 train_effect=0.607986 eval_effect=0.594329 train_vq=0.000000 
level=2 epoch=455/500 train_effect=0.602789 eval_effect=0.582458 train_vq=0.000000 
level=2 epoch=456/500 train_effect=0.611704 eval_effect=0.559288 train_vq=0.000000 
level=2 epoch=457/500 train_effect=0.605071 eval_effect=0.594069 train_vq=0.000000 
level=2 epoch=458/500 train_effect=0.601244 eval_effect=0.562347 train_vq=0.000000 
level=2 epoch=459/500 train_effect=0.609794 eval_effect=0.568612 train_vq=0.000000 
level=2 epoch=460/500 train_effect=0.603351 eval_effect=0.614030 train_vq=0.000000 
level=2 epoch=461/500 train_effect=0.595826 eval_effect=0.554738 train_vq=0.000000 
level=2 epoch=462/500 train_effect=0.604107 eval_effect=0.605450 train_vq=0.000000 
level=2 epoch=463/500 train_effect=0.590484 eval_effect=0.589824 train_vq=0.000000 
level=2 epoch=464/500 train_effect=0.599030 eval_effect=0.569464 train_vq=0.000000 
level=2 epoch=465/500 train_effect=0.608493 eval_effect=0.558312 train_vq=0.000000 
level=2 epoch=466/500 train_effect=0.614804 eval_effect=0.573868 train_vq=0.000000 
level=2 epoch=467/500 train_effect=0.609571 eval_effect=0.568463 train_vq=0.000000 
level=2 epoch=468/500 train_effect=0.594970 eval_effect=0.563482 train_vq=0.000000 
level=2 epoch=469/500 train_effect=0.611250 eval_effect=0.608707 train_vq=0.000000 
level=2 epoch=470/500 train_effect=0.593859 eval_effect=0.553298 train_vq=0.000000 
level=2 epoch=471/500 train_effect=0.610226 eval_effect=0.594625 train_vq=0.000000 
level=2 epoch=472/500 train_effect=0.602518 eval_effect=0.561974 train_vq=0.000000 
level=2 epoch=473/500 train_effect=0.611854 eval_effect=0.611120 train_vq=0.000000 
level=2 epoch=474/500 train_effect=0.597287 eval_effect=0.563919 train_vq=0.000000 
level=2 epoch=475/500 train_effect=0.587931 eval_effect=0.605715 train_vq=0.000000 
level=2 epoch=476/500 train_effect=0.604781 eval_effect=0.562267 train_vq=0.000000 
level=2 epoch=477/500 train_effect=0.589365 eval_effect=0.595594 train_vq=0.000000 
level=2 epoch=478/500 train_effect=0.600758 eval_effect=0.556085 train_vq=0.000000 
level=2 epoch=479/500 train_effect=0.607076 eval_effect=0.596707 train_vq=0.000000 
level=2 epoch=480/500 train_effect=0.593902 eval_effect=0.559607 train_vq=0.000000 
level=2 epoch=481/500 train_effect=0.602259 eval_effect=0.562438 train_vq=0.000000 
level=2 epoch=482/500 train_effect=0.619601 eval_effect=0.560526 train_vq=0.000000 
level=2 epoch=483/500 train_effect=0.605767 eval_effect=0.598484 train_vq=0.000000 
level=2 epoch=484/500 train_effect=0.612643 eval_effect=0.567859 train_vq=0.000000 
level=2 epoch=485/500 train_effect=0.603148 eval_effect=0.566033 train_vq=0.000000 
level=2 epoch=486/500 train_effect=0.594675 eval_effect=0.549952 train_vq=0.000000 
level=2 epoch=487/500 train_effect=0.610872 eval_effect=0.570085 train_vq=0.000000 
level=2 epoch=488/500 train_effect=0.594341 eval_effect=0.556404 train_vq=0.000000 
level=2 epoch=489/500 train_effect=0.591315 eval_effect=0.552606 train_vq=0.000000 
level=2 epoch=490/500 train_effect=0.610211 eval_effect=0.558984 train_vq=0.000000 
level=2 epoch=491/500 train_effect=0.604115 eval_effect=0.591541 train_vq=0.000000 
level=2 epoch=492/500 train_effect=0.596683 eval_effect=0.602400 train_vq=0.000000 
level=2 epoch=493/500 train_effect=0.602382 eval_effect=0.561400 train_vq=0.000000 
level=2 epoch=494/500 train_effect=0.603739 eval_effect=0.590237 train_vq=0.000000 
level=2 epoch=495/500 train_effect=0.604042 eval_effect=0.569213 train_vq=0.000000 
level=2 epoch=496/500 train_effect=0.618984 eval_effect=0.610907 train_vq=0.000000 
level=2 epoch=497/500 train_effect=0.614338 eval_effect=0.561537 train_vq=0.000000 
/home/kubra/DeepSym/models.py:143: FutureWarning: You are using `torch.load` with `weights_only=False` (the current default value), which uses the default pickle module implicitly. It is possible to construct malicious pickle data which will execute arbitrary code during unpickling (See https://github.com/pytorch/pytorch/blob/main/SECURITY.md#untrusted-models for more details). In a future release, the default value for `weights_only` will be flipped to `True`. This limits the functions that could be executed during unpickling. Arbitrary objects will no longer be allowed to be loaded via this mode unless they are explicitly allowlisted by the user via `torch.serialization.add_safe_globals`. We recommend you start setting `weights_only=True` for any use case where you don't have full control of the loaded file. Please open an issue on GitHub for any issues related to this experimental feature.
  encoder_state = torch.load(
/home/kubra/DeepSym/models.py:147: FutureWarning: You are using `torch.load` with `weights_only=False` (the current default value), which uses the default pickle module implicitly. It is possible to construct malicious pickle data which will execute arbitrary code during unpickling (See https://github.com/pytorch/pytorch/blob/main/SECURITY.md#untrusted-models for more details). In a future release, the default value for `weights_only` will be flipped to `True`. This limits the functions that could be executed during unpickling. Arbitrary objects will no longer be allowed to be loaded via this mode unless they are explicitly allowlisted by the user via `torch.serialization.add_safe_globals`. We recommend you start setting `weights_only=True` for any use case where you don't have full control of the loaded file. Please open an issue on GitHub for any issues related to this experimental feature.
  decoder_state = torch.load(
/home/kubra/DeepSym/data.py:9: FutureWarning: You are using `torch.load` with `weights_only=False` (the current default value), which uses the default pickle module implicitly. It is possible to construct malicious pickle data which will execute arbitrary code during unpickling (See https://github.com/pytorch/pytorch/blob/main/SECURITY.md#untrusted-models for more details). In a future release, the default value for `weights_only` will be flipped to `True`. This limits the functions that could be executed during unpickling. Arbitrary objects will no longer be allowed to be loaded via this mode unless they are explicitly allowlisted by the user via `torch.serialization.add_safe_globals`. We recommend you start setting `weights_only=True` for any use case where you don't have full control of the loaded file. Please open an issue on GitHub for any issues related to this experimental feature.
  self.observation = torch.load("data/img/obs_prev_z.pt").unsqueeze(1)
/home/kubra/DeepSym/data.py:10: FutureWarning: You are using `torch.load` with `weights_only=False` (the current default value), which uses the default pickle module implicitly. It is possible to construct malicious pickle data which will execute arbitrary code during unpickling (See https://github.com/pytorch/pytorch/blob/main/SECURITY.md#untrusted-models for more details). In a future release, the default value for `weights_only` will be flipped to `True`. This limits the functions that could be executed during unpickling. Arbitrary objects will no longer be allowed to be loaded via this mode unless they are explicitly allowlisted by the user via `torch.serialization.add_safe_globals`. We recommend you start setting `weights_only=True` for any use case where you don't have full control of the loaded file. Please open an issue on GitHub for any issues related to this experimental feature.
  self.action = torch.load("data/img/action.pt")
/home/kubra/DeepSym/data.py:12: FutureWarning: You are using `torch.load` with `weights_only=False` (the current default value), which uses the default pickle module implicitly. It is possible to construct malicious pickle data which will execute arbitrary code during unpickling (See https://github.com/pytorch/pytorch/blob/main/SECURITY.md#untrusted-models for more details). In a future release, the default value for `weights_only` will be flipped to `True`. This limits the functions that could be executed during unpickling. Arbitrary objects will no longer be allowed to be loaded via this mode unless they are explicitly allowlisted by the user via `torch.serialization.add_safe_globals`. We recommend you start setting `weights_only=True` for any use case where you don't have full control of the loaded file. Please open an issue on GitHub for any issues related to this experimental feature.
  self.effect = torch.load("data/img/delta_pix_1.pt")
/home/kubra/DeepSym/data.py:34: FutureWarning: You are using `torch.load` with `weights_only=False` (the current default value), which uses the default pickle module implicitly. It is possible to construct malicious pickle data which will execute arbitrary code during unpickling (See https://github.com/pytorch/pytorch/blob/main/SECURITY.md#untrusted-models for more details). In a future release, the default value for `weights_only` will be flipped to `True`. This limits the functions that could be executed during unpickling. Arbitrary objects will no longer be allowed to be loaded via this mode unless they are explicitly allowlisted by the user via `torch.serialization.add_safe_globals`. We recommend you start setting `weights_only=True` for any use case where you don't have full control of the loaded file. Please open an issue on GitHub for any issues related to this experimental feature.
  self.observation = torch.load("data/img/obs_prev_z.pt")
/home/kubra/DeepSym/data.py:38: FutureWarning: You are using `torch.load` with `weights_only=False` (the current default value), which uses the default pickle module implicitly. It is possible to construct malicious pickle data which will execute arbitrary code during unpickling (See https://github.com/pytorch/pytorch/blob/main/SECURITY.md#untrusted-models for more details). In a future release, the default value for `weights_only` will be flipped to `True`. This limits the functions that could be executed during unpickling. Arbitrary objects will no longer be allowed to be loaded via this mode unless they are explicitly allowlisted by the user via `torch.serialization.add_safe_globals`. We recommend you start setting `weights_only=True` for any use case where you don't have full control of the loaded file. Please open an issue on GitHub for any issues related to this experimental feature.
  self.effect = torch.load("data/img/delta_pix_3.pt")
/home/kubra/DeepSym/poster_eval.py:467: FutureWarning: You are using `torch.load` with `weights_only=False` (the current default value), which uses the default pickle module implicitly. It is possible to construct malicious pickle data which will execute arbitrary code during unpickling (See https://github.com/pytorch/pytorch/blob/main/SECURITY.md#untrusted-models for more details). In a future release, the default value for `weights_only` will be flipped to `True`. This limits the functions that could be executed during unpickling. Arbitrary objects will no longer be allowed to be loaded via this mode unless they are explicitly allowlisted by the user via `torch.serialization.add_safe_globals`. We recommend you start setting `weights_only=True` for any use case where you don't have full control of the loaded file. Please open an issue on GitHub for any issues related to this experimental feature.
  effect_labels = torch.load(labels_path, map_location="cpu").detach().cpu().numpy().astype(int)
{
  "model": "original",
  "seed": 2,
  "level1_weighted_mse": 0.1758345741033554,
  "level2_weighted_mse": 0.5499522416114807,
  "object_used_codes": 4,
  "relation_used_codes": 2,
  "object_affordance_purity": 0.9916666666666667,
  "tuple_effect_purity": 0.7924,
  "poster_dir": "/home/kubra/DeepSym/save/poster_5seed/original/seed_2/poster"
}
/home/kubra/DeepSym/.venv/lib/python3.8/site-packages/torch/cuda/__init__.py:128: UserWarning: CUDA initialization: CUDA unknown error - this may be due to an incorrectly set up environment, e.g. changing env variable CUDA_VISIBLE_DEVICES after program start. Setting the available devices to be zero. (Triggered internally at ../c10/cuda/CUDAFunctions.cpp:108.)
  return torch._C._cuda_getDeviceCount() > 0
/home/kubra/DeepSym/data.py:9: FutureWarning: You are using `torch.load` with `weights_only=False` (the current default value), which uses the default pickle module implicitly. It is possible to construct malicious pickle data which will execute arbitrary code during unpickling (See https://github.com/pytorch/pytorch/blob/main/SECURITY.md#untrusted-models for more details). In a future release, the default value for `weights_only` will be flipped to `True`. This limits the functions that could be executed during unpickling. Arbitrary objects will no longer be allowed to be loaded via this mode unless they are explicitly allowlisted by the user via `torch.serialization.add_safe_globals`. We recommend you start setting `weights_only=True` for any use case where you don't have full control of the loaded file. Please open an issue on GitHub for any issues related to this experimental feature.
  self.observation = torch.load("data/img/obs_prev_z.pt").unsqueeze(1)
/home/kubra/DeepSym/data.py:10: FutureWarning: You are using `torch.load` with `weights_only=False` (the current default value), which uses the default pickle module implicitly. It is possible to construct malicious pickle data which will execute arbitrary code during unpickling (See https://github.com/pytorch/pytorch/blob/main/SECURITY.md#untrusted-models for more details). In a future release, the default value for `weights_only` will be flipped to `True`. This limits the functions that could be executed during unpickling. Arbitrary objects will no longer be allowed to be loaded via this mode unless they are explicitly allowlisted by the user via `torch.serialization.add_safe_globals`. We recommend you start setting `weights_only=True` for any use case where you don't have full control of the loaded file. Please open an issue on GitHub for any issues related to this experimental feature.
  self.action = torch.load("data/img/action.pt")
/home/kubra/DeepSym/data.py:12: FutureWarning: You are using `torch.load` with `weights_only=False` (the current default value), which uses the default pickle module implicitly. It is possible to construct malicious pickle data which will execute arbitrary code during unpickling (See https://github.com/pytorch/pytorch/blob/main/SECURITY.md#untrusted-models for more details). In a future release, the default value for `weights_only` will be flipped to `True`. This limits the functions that could be executed during unpickling. Arbitrary objects will no longer be allowed to be loaded via this mode unless they are explicitly allowlisted by the user via `torch.serialization.add_safe_globals`. We recommend you start setting `weights_only=True` for any use case where you don't have full control of the loaded file. Please open an issue on GitHub for any issues related to this experimental feature.
  self.effect = torch.load("data/img/delta_pix_1.pt")
/home/kubra/DeepSym/models.py:143: FutureWarning: You are using `torch.load` with `weights_only=False` (the current default value), which uses the default pickle module implicitly. It is possible to construct malicious pickle data which will execute arbitrary code during unpickling (See https://github.com/pytorch/pytorch/blob/main/SECURITY.md#untrusted-models for more details). In a future release, the default value for `weights_only` will be flipped to `True`. This limits the functions that could be executed during unpickling. Arbitrary objects will no longer be allowed to be loaded via this mode unless they are explicitly allowlisted by the user via `torch.serialization.add_safe_globals`. We recommend you start setting `weights_only=True` for any use case where you don't have full control of the loaded file. Please open an issue on GitHub for any issues related to this experimental feature.
  encoder_state = torch.load(
/home/kubra/DeepSym/models.py:147: FutureWarning: You are using `torch.load` with `weights_only=False` (the current default value), which uses the default pickle module implicitly. It is possible to construct malicious pickle data which will execute arbitrary code during unpickling (See https://github.com/pytorch/pytorch/blob/main/SECURITY.md#untrusted-models for more details). In a future release, the default value for `weights_only` will be flipped to `True`. This limits the functions that could be executed during unpickling. Arbitrary objects will no longer be allowed to be loaded via this mode unless they are explicitly allowlisted by the user via `torch.serialization.add_safe_globals`. We recommend you start setting `weights_only=True` for any use case where you don't have full control of the loaded file. Please open an issue on GitHub for any issues related to this experimental feature.
  decoder_state = torch.load(
/home/kubra/DeepSym/data.py:34: FutureWarning: You are using `torch.load` with `weights_only=False` (the current default value), which uses the default pickle module implicitly. It is possible to construct malicious pickle data which will execute arbitrary code during unpickling (See https://github.com/pytorch/pytorch/blob/main/SECURITY.md#untrusted-models for more details). In a future release, the default value for `weights_only` will be flipped to `True`. This limits the functions that could be executed during unpickling. Arbitrary objects will no longer be allowed to be loaded via this mode unless they are explicitly allowlisted by the user via `torch.serialization.add_safe_globals`. We recommend you start setting `weights_only=True` for any use case where you don't have full control of the loaded file. Please open an issue on GitHub for any issues related to this experimental feature.
  self.observation = torch.load("data/img/obs_prev_z.pt")
/home/kubra/DeepSym/data.py:38: FutureWarning: You are using `torch.load` with `weights_only=False` (the current default value), which uses the default pickle module implicitly. It is possible to construct malicious pickle data which will execute arbitrary code during unpickling (See https://github.com/pytorch/pytorch/blob/main/SECURITY.md#untrusted-models for more details). In a future release, the default value for `weights_only` will be flipped to `True`. This limits the functions that could be executed during unpickling. Arbitrary objects will no longer be allowed to be loaded via this mode unless they are explicitly allowlisted by the user via `torch.serialization.add_safe_globals`. We recommend you start setting `weights_only=True` for any use case where you don't have full control of the loaded file. Please open an issue on GitHub for any issues related to this experimental feature.
  self.effect = torch.load("data/img/delta_pix_3.pt")
level=2 epoch=498/500 train_effect=0.579320 eval_effect=0.613587 train_vq=0.000000 
level=2 epoch=499/500 train_effect=0.590554 eval_effect=0.558498 train_vq=0.000000 
level=2 epoch=500/500 train_effect=0.602688 eval_effect=0.563102 train_vq=0.000000 
Best level-2 deterministic weighted MSE: 0.54995224

Running poster evaluation:
  /home/kubra/DeepSym/.venv/bin/python /home/kubra/DeepSym/poster_eval.py -opts /home/kubra/DeepSym/save/poster_5seed/original/seed_2/opts.yaml --model original
