model,seed,level,epoch,train_total,train_effect,train_vq,eval_total,eval_effect,eval_vq,active_codes,ema_used_codes,step_counter,last_check_step,surprise_streak,distance_mean,distance_p90,distance_p95,distance_max,surprise_support
dynamic,2,1,1,4.477323112487793,4.462576128641764,0.014746909042199453,4.382632876237233,4.382632876237233,0.0,1.0,1.0,10.0,0.0,0.0,,,,,
dynamic,2,1,2,4.351844361623129,4.325747305552165,0.026097043802340826,4.245545391241709,4.245545391241709,0.0,1.0,1.0,20.0,0.0,0.0,,,,,
dynamic,2,1,3,4.24430996576945,4.190402361551921,0.05390760531028112,4.113588440418243,4.113588440418243,0.0,1.0,1.0,30.0,0.0,0.0,,,,,
dynamic,2,1,4,4.127669455210368,4.059452851613362,0.0682166083653768,3.9868501885732015,3.9868501885732015,0.0,1.0,1.0,40.0,0.0,0.0,,,,,
dynamic,2,1,5,4.017785339355469,3.9360286649068197,0.08175661722819011,3.8674188526471456,3.8674188526471456,0.0,1.0,1.0,50.0,0.0,0.0,,,,,
dynamic,2,1,6,3.9290983295440673,3.820129311879476,0.1089690022667249,3.755028972625732,3.755028972625732,0.0,1.0,1.0,60.0,0.0,0.0,,,,,
dynamic,2,1,7,3.8541394488016762,3.7104444313049316,0.1436949650446574,3.6527248207728067,3.6527248207728067,0.0,1.0,1.0,70.0,0.0,0.0,,,,,
dynamic,2,1,8,3.807978852589925,3.6102589893341066,0.19771985868612926,3.5538331278165183,3.5538331278165183,0.0,1.0,1.0,80.0,0.0,0.0,,,,,
dynamic,2,1,9,3.7675679524739585,3.5143992932637533,0.2531686317920685,3.459018939336141,3.459018939336141,0.0,1.0,1.0,90.0,0.0,0.0,,,,,
dynamic,2,1,10,3.724648993810018,3.422209135691325,0.30243985533714296,3.367984250386556,3.367984250386556,0.0,1.0,1.0,100.0,0.0,0.0,,,,,
dynamic,2,1,11,3.6696168041229247,3.330761184692383,0.3388555721441905,3.283320436477661,3.283320436477661,0.0,1.0,1.0,110.0,0.0,0.0,,,,,
dynamic,2,1,12,3.6262089093526204,3.2471204535166422,0.3790884451071421,3.200517725944519,3.200517725944519,0.0,1.0,1.0,120.0,0.0,0.0,,,,,
dynamic,2,1,13,3.5668808142344157,3.1676308345794677,0.39924996892611186,3.1195772314071655,3.1195772314071655,0.0,1.0,1.0,130.0,0.0,0.0,,,,,
dynamic,2,1,14,3.5060249010721845,3.0893244393666586,0.4167005133628845,3.0477519925435383,3.0477519925435383,0.0,1.0,1.0,140.0,0.0,0.0,,,,,
dynamic,2,1,15,3.4053623708089193,3.0187503242492677,0.3866120564937592,2.978023648262024,2.978023648262024,0.0,1.0,1.0,150.0,0.0,0.0,,,,,
dynamic,2,1,16,3.321957066853841,2.9505948956807453,0.37136218309402463,2.910787108739217,2.910787108739217,0.0,1.0,1.0,160.0,0.0,0.0,,,,,
dynamic,2,1,17,3.25303014755249,2.884074150721232,0.36895599087079367,2.849469895362854,2.849469895362854,0.0,1.0,1.0,170.0,0.0,0.0,,,,,
dynamic,2,1,18,3.139248399734497,2.824804490407308,0.3144439208507538,2.7915610122680663,2.7915610122680663,0.0,1.0,1.0,180.0,0.0,0.0,,,,,
dynamic,2,1,19,3.0289451694488525,2.768662627538045,0.26028252065181734,2.7379192113876343,2.7379192113876343,0.0,1.0,1.0,190.0,0.0,0.0,,,,,
dynamic,2,1,20,2.934837586085002,2.7168461163838704,0.21799142857392628,2.6854505252838137,2.6854505252838137,0.0,1.0,1.0,200.0,0.0,0.0,,,,,
dynamic,2,1,21,2.8633385117848715,2.664394540786743,0.1989439688126246,2.636568004290263,2.636568004290263,0.0,1.0,1.0,210.0,201.0,1.0,1.7069735527038574,4.201902389526367,7.111607074737549,19.135696411132812,106.0
dynamic,2,1,22,2.7976153659820557,2.617532745997111,0.1800826491912206,2.5899568589528403,2.5899568589528403,0.0,1.0,1.0,220.0,201.0,1.0,1.7069735527038574,4.201902389526367,7.111607074737549,19.135696411132812,106.0
dynamic,2,1,23,2.7407064628601074,2.572020724614461,0.16868575910727182,2.5456097300847373,2.5456097300847373,0.0,1.0,1.0,230.0,201.0,1.0,1.7069735527038574,4.201902389526367,7.111607074737549,19.135696411132812,106.0
dynamic,2,1,24,2.6793973604838053,2.528265240987142,0.1511320956548055,2.5043123324712115,2.5043123324712115,0.0,1.0,1.0,240.0,201.0,1.0,1.7069735527038574,4.201902389526367,7.111607074737549,19.135696411132812,106.0
dynamic,2,1,25,2.637888018290202,2.487697769800822,0.15019026239713032,2.4645061397552492,2.4645061397552492,0.0,1.0,1.0,250.0,201.0,1.0,1.7069735527038574,4.201902389526367,7.111607074737549,19.135696411132812,106.0
dynamic,2,1,26,2.595206263860067,2.4482347106933595,0.14697156310081483,2.4257481145858764,2.4257481145858764,0.0,1.0,1.0,260.0,201.0,1.0,1.7069735527038574,4.201902389526367,7.111607074737549,19.135696411132812,106.0
dynamic,2,1,27,2.555713748931885,2.41007781346639,0.14563592533270517,2.3897266801198325,2.3897266801198325,0.0,1.0,1.0,270.0,201.0,1.0,1.7069735527038574,4.201902389526367,7.111607074737549,19.135696411132812,106.0
dynamic,2,1,28,2.4893586095174154,2.3751035928726196,0.1142550524075826,2.355280251502991,2.355280251502991,0.0,1.0,1.0,280.0,201.0,1.0,1.7069735527038574,4.201902389526367,7.111607074737549,19.135696411132812,106.0
dynamic,2,1,29,2.4640299383799236,2.3411156527201333,0.12291429917017618,2.322366280555725,2.322366280555725,0.0,1.0,1.0,290.0,201.0,1.0,1.7069735527038574,4.201902389526367,7.111607074737549,19.135696411132812,106.0
dynamic,2,1,30,2.4396262550354004,2.308964049021403,0.13066222627957663,2.2905223035812377,2.2905223035812377,0.0,1.0,1.0,300.0,201.0,1.0,1.7069735527038574,4.201902389526367,7.111607074737549,19.135696411132812,106.0
dynamic,2,1,31,2.4043884468078613,2.330556780497233,0.0738316602508227,2.265562440554301,2.265562440554301,0.0,2.0,2.0,310.0,301.0,0.0,1.0562562942504883,2.3393101692199707,3.0283870697021484,5.294261932373047,112.0
dynamic,2,1,32,2.353853492736816,2.256569199562073,0.09728431552648545,2.2296937402089436,2.2296937402089436,0.0,2.0,2.0,320.0,301.0,0.0,1.0562562942504883,2.3393101692199707,3.0283870697021484,5.294261932373047,112.0
dynamic,2,1,33,2.356519842147827,2.2038472016652424,0.15267263333002726,2.1812244129180907,2.1812244129180907,0.0,2.0,2.0,330.0,301.0,0.0,1.0562562942504883,2.3393101692199707,3.0283870697021484,5.294261932373047,112.0
dynamic,2,1,34,2.400453211466471,2.1532366275787354,0.247216637134552,2.122372496922811,2.122372496922811,0.0,2.0,2.0,340.0,301.0,0.0,1.0562562942504883,2.3393101692199707,3.0283870697021484,5.294261932373047,112.0
dynamic,2,1,35,2.4837334219614666,2.1223466618855795,0.3613867207368215,2.069005387624105,2.069005387624105,0.0,2.0,2.0,350.0,301.0,0.0,1.0562562942504883,2.3393101692199707,3.0283870697021484,5.294261932373047,112.0
dynamic,2,1,36,2.5170991675059002,2.0757049783070882,0.4413941423098246,2.059751723607381,2.059751723607381,0.0,2.0,2.0,360.0,301.0,0.0,1.0562562942504883,2.3393101692199707,3.0283870697021484,5.294261932373047,112.0
dynamic,2,1,37,2.5425439167022703,2.0271140925089517,0.5154298400878906,2.0066581535339356,2.0066581535339356,0.0,2.0,2.0,370.0,301.0,0.0,1.0562562942504883,2.3393101692199707,3.0283870697021484,5.294261932373047,112.0
dynamic,2,1,38,2.579046891530355,1.9549733098347981,0.6240735832850138,1.914919851620992,1.914919851620992,0.0,2.0,2.0,380.0,301.0,0.0,1.0562562942504883,2.3393101692199707,3.0283870697021484,5.294261932373047,112.0
dynamic,2,1,39,2.5646917152404787,1.894895175298055,0.6697965606053671,1.8247693300247192,1.8247693300247192,0.0,2.0,2.0,390.0,301.0,0.0,1.0562562942504883,2.3393101692199707,3.0283870697021484,5.294261932373047,112.0
dynamic,2,1,40,2.4611987113952636,1.820173619588216,0.6410250894228617,1.7444282102584838,1.7444282102584838,0.0,2.0,2.0,400.0,301.0,0.0,1.0562562942504883,2.3393101692199707,3.0283870697021484,5.294261932373047,112.0
dynamic,2,1,41,2.227544816335042,1.7439592250188192,0.48358559687932334,1.673199536005656,1.673199536005656,0.0,2.0,2.0,410.0,401.0,1.0,4.260263442993164,12.843563079833984,22.263973236083984,48.27229309082031,143.0
dynamic,2,1,42,2.0477972825368247,1.7271957969665528,0.3206014784177144,1.6152137851715087,1.6152137851715087,0.0,2.0,2.0,420.0,401.0,1.0,4.260263442993164,12.843563079833984,22.263973236083984,48.27229309082031,143.0
dynamic,2,1,43,1.9807268873850505,1.7027613814671834,0.2779655236005783,1.5809075339635212,1.5809075339635212,0.0,2.0,2.0,430.0,401.0,1.0,4.260263442993164,12.843563079833984,22.263973236083984,48.27229309082031,143.0
dynamic,2,1,44,2.1167441972096763,1.8904219770431518,0.22632223467032114,1.8749080912272136,1.8749080912272136,0.0,2.0,2.0,440.0,401.0,1.0,4.260263442993164,12.843563079833984,22.263973236083984,48.27229309082031,143.0
dynamic,2,1,45,2.2091120688120522,1.9724641021092733,0.23664794147014617,1.8036112562815347,1.8036112562815347,0.0,2.0,2.0,450.0,401.0,1.0,4.260263442993164,12.843563079833984,22.263973236083984,48.27229309082031,143.0
dynamic,2,1,46,2.053044660886129,1.8577588939666747,0.19528573125600815,1.9079443295796712,1.9079443295796712,0.0,2.0,2.0,460.0,401.0,1.0,4.260263442993164,12.843563079833984,22.263973236083984,48.27229309082031,143.0
dynamic,2,1,47,2.0053841829299928,1.896804157892863,0.10858000924189885,2.0034948714574177,2.0034948714574177,0.0,2.0,2.0,470.0,401.0,1.0,4.260263442993164,12.843563079833984,22.263973236083984,48.27229309082031,143.0
dynamic,2,1,48,1.975048564275106,1.8712512175242106,0.10379735469818115,1.7539899762471516,1.7539899762471516,0.0,2.0,2.0,480.0,401.0,1.0,4.260263442993164,12.843563079833984,22.263973236083984,48.27229309082031,143.0
dynamic,2,1,49,1.9098985481262207,1.7818645524978638,0.12803398847579955,1.710129632949829,1.710129632949829,0.0,2.0,2.0,490.0,401.0,1.0,4.260263442993164,12.843563079833984,22.263973236083984,48.27229309082031,143.0
dynamic,2,1,50,1.8879591623942058,1.7242496776580811,0.16370946645736695,1.7269447739919026,1.7269447739919026,0.0,2.0,2.0,500.0,401.0,1.0,4.260263442993164,12.843563079833984,22.263973236083984,48.27229309082031,143.0
dynamic,2,1,51,1.8932198937733968,1.7336164935429892,0.159603395263354,2.0214937098821006,2.0214937098821006,0.0,3.0,3.0,510.0,501.0,0.0,1.440276026725769,3.522432327270508,4.3066534996032715,8.255393981933594,112.0
dynamic,2,1,52,1.7854504458109537,1.6652408250172932,0.12020960728327433,1.7581731907526652,1.7581731907526652,0.0,3.0,3.0,520.0,501.0,0.0,1.440276026725769,3.522432327270508,4.3066534996032715,8.255393981933594,112.0
dynamic,2,1,53,1.846870714823405,1.7562279001871746,0.0906428172190984,1.9923313967386882,1.9923313967386882,0.0,3.0,3.0,530.0,501.0,0.0,1.440276026725769,3.522432327270508,4.3066534996032715,8.255393981933594,112.0
dynamic,2,1,54,1.8742291323343914,1.7857408380508424,0.08848828126986821,1.6925241947174072,1.6925241947174072,0.0,3.0,3.0,540.0,501.0,0.0,1.440276026725769,3.522432327270508,4.3066534996032715,8.255393981933594,112.0
dynamic,2,1,55,1.736271489461263,1.663239049911499,0.07303243686755498,1.7240389188130696,1.7240389188130696,0.0,3.0,3.0,550.0,501.0,0.0,1.440276026725769,3.522432327270508,4.3066534996032715,8.255393981933594,112.0
dynamic,2,1,56,1.7918139108022053,1.7256147114435831,0.0661991986632347,1.722163356145223,1.722163356145223,0.0,3.0,3.0,560.0,501.0,0.0,1.440276026725769,3.522432327270508,4.3066534996032715,8.255393981933594,112.0
dynamic,2,1,57,1.8373958651224773,1.7676054684321085,0.06979038859407106,1.6061934375762938,1.6061934375762938,0.0,3.0,3.0,570.0,501.0,0.0,1.440276026725769,3.522432327270508,4.3066534996032715,8.255393981933594,112.0
dynamic,2,1,58,1.7553815285364787,1.676311453183492,0.07907007704178493,1.7368161710103354,1.7368161710103354,0.0,3.0,3.0,580.0,501.0,0.0,1.440276026725769,3.522432327270508,4.3066534996032715,8.255393981933594,112.0
dynamic,2,1,59,1.7896247673034669,1.6990318536758422,0.09059293826421101,1.5954505252838134,1.5954505252838134,0.0,3.0,3.0,590.0,501.0,0.0,1.440276026725769,3.522432327270508,4.3066534996032715,8.255393981933594,112.0
dynamic,2,1,60,1.7112085437774658,1.6183803606033325,0.09282816787560781,1.6034843603769937,1.6034843603769937,0.0,3.0,3.0,600.0,501.0,0.0,1.440276026725769,3.522432327270508,4.3066534996032715,8.255393981933594,112.0
dynamic,2,1,61,1.7206078879038493,1.6183632946014403,0.10224461714426676,1.601210896174113,1.601210896174113,0.0,3.0,3.0,610.0,501.0,0.0,1.440276026725769,3.522432327270508,4.3066534996032715,8.255393981933594,112.0
dynamic,2,1,62,1.6954843235015868,1.5849383640289307,0.11054595122734706,1.5217289098103841,1.5217289098103841,0.0,3.0,3.0,620.0,501.0,0.0,1.440276026725769,3.522432327270508,4.3066534996032715,8.255393981933594,112.0
dynamic,2,1,63,1.6676921590169271,1.5530340274175007,0.11465811888376871,1.5041157722473144,1.5041157722473144,0.0,3.0,3.0,630.0,501.0,0.0,1.440276026725769,3.522432327270508,4.3066534996032715,8.255393981933594,112.0
dynamic,2,1,64,1.6352659797668456,1.517325169245402,0.11794081469376883,1.4661691792805989,1.4661691792805989,0.0,3.0,3.0,640.0,501.0,0.0,1.440276026725769,3.522432327270508,4.3066534996032715,8.255393981933594,112.0
dynamic,2,1,65,1.572362985610962,1.4680699014663696,0.1042930801709493,1.4828499380747477,1.4828499380747477,0.0,3.0,3.0,650.0,501.0,0.0,1.440276026725769,3.522432327270508,4.3066534996032715,8.255393981933594,112.0
dynamic,2,1,66,1.4899845663706461,1.4118627484639485,0.07812180976072947,1.4805139255523683,1.4805139255523683,0.0,3.0,3.0,660.0,501.0,0.0,1.440276026725769,3.522432327270508,4.3066534996032715,8.255393981933594,112.0
dynamic,2,1,67,1.4694204839070637,1.3993133258819581,0.07010716438293457,1.4321677525838217,1.4321677525838217,0.0,3.0,3.0,670.0,501.0,0.0,1.440276026725769,3.522432327270508,4.3066534996032715,8.255393981933594,112.0
dynamic,2,1,68,1.4208974202473958,1.3501524591445924,0.0707449546456337,1.3313038667043051,1.3313038667043051,0.0,3.0,3.0,680.0,501.0,0.0,1.440276026725769,3.522432327270508,4.3066534996032715,8.255393981933594,112.0
dynamic,2,1,69,1.3245501375198365,1.258820684750875,0.06572945962349573,1.2378978220621746,1.2378978220621746,0.0,3.0,3.0,690.0,501.0,0.0,1.440276026725769,3.522432327270508,4.3066534996032715,8.255393981933594,112.0
dynamic,2,1,70,1.2814541578292846,1.2118272113800048,0.06962695380051931,1.1963895670572917,1.1963895670572917,0.0,3.0,3.0,700.0,501.0,0.0,1.440276026725769,3.522432327270508,4.3066534996032715,8.255393981933594,112.0
dynamic,2,1,71,1.2413557306925456,1.1596026595433553,0.08175307194391887,1.145704387029012,1.145704387029012,0.0,3.0,3.0,710.0,501.0,0.0,1.440276026725769,3.522432327270508,4.3066534996032715,8.255393981933594,112.0
dynamic,2,1,72,1.2249472697575887,1.1310402981440226,0.09390697886546452,1.0920418691635132,1.0920418691635132,0.0,3.0,3.0,720.0,501.0,0.0,1.440276026725769,3.522432327270508,4.3066534996032715,8.255393981933594,112.0
dynamic,2,1,73,1.2347219212849936,1.1139965740839641,0.12072536587715149,1.0463885100682577,1.0463885100682577,0.0,3.0,3.0,730.0,501.0,0.0,1.440276026725769,3.522432327270508,4.3066534996032715,8.255393981933594,112.0
dynamic,2,1,74,1.2323922379811605,1.0763507763544717,0.15604146003723143,1.0154031387964884,1.0154031387964884,0.0,3.0,3.0,740.0,501.0,0.0,1.440276026725769,3.522432327270508,4.3066534996032715,8.255393981933594,112.0
dynamic,2,1,75,1.2025369167327882,1.008075213432312,0.19446171859900158,0.9855141894022623,0.9855141894022623,0.0,3.0,3.0,750.0,501.0,0.0,1.440276026725769,3.522432327270508,4.3066534996032715,8.255393981933594,112.0
dynamic,2,1,76,1.1949979050954183,0.9594700749715169,0.2355278253555298,0.9545157559712728,0.9545157559712728,0.0,3.0,3.0,760.0,501.0,0.0,1.440276026725769,3.522432327270508,4.3066534996032715,8.255393981933594,112.0
dynamic,2,1,77,1.1281724993387858,0.9525875568389892,0.17558494408925374,0.932097814877828,0.932097814877828,0.0,3.0,3.0,770.0,501.0,0.0,1.440276026725769,3.522432327270508,4.3066534996032715,8.255393981933594,112.0
dynamic,2,1,78,1.088455712000529,0.9956688451766967,0.09278685808181762,0.909270904858907,0.909270904858907,0.0,3.0,3.0,780.0,501.0,0.0,1.440276026725769,3.522432327270508,4.3066534996032715,8.255393981933594,112.0
dynamic,2,1,79,1.1732392835617065,1.1125099007288615,0.060729397535324095,1.071826623280843,1.071826623280843,0.0,3.0,3.0,790.0,501.0,0.0,1.440276026725769,3.522432327270508,4.3066534996032715,8.255393981933594,112.0
dynamic,2,1,80,1.2851291306813557,1.2165618308385213,0.06856727798779806,1.2270215527216592,1.2270215527216592,0.0,3.0,3.0,800.0,501.0,0.0,1.440276026725769,3.522432327270508,4.3066534996032715,8.255393981933594,112.0
dynamic,2,1,81,1.2455674950281779,1.1688652165730795,0.0767022720972697,1.0733856789271037,1.0733856789271037,0.0,3.0,3.0,810.0,501.0,0.0,1.440276026725769,3.522432327270508,4.3066534996032715,8.255393981933594,112.0
dynamic,2,1,82,1.097416451772054,1.014243353207906,0.08317309995492299,1.0680680282910664,1.0680680282910664,0.0,3.0,3.0,820.0,501.0,0.0,1.440276026725769,3.522432327270508,4.3066534996032715,8.255393981933594,112.0
dynamic,2,1,83,0.9888076623280843,0.899315197467804,0.08949247697989146,0.8955408080418905,0.8955408080418905,0.0,3.0,3.0,830.0,501.0,0.0,1.440276026725769,3.522432327270508,4.3066534996032715,8.255393981933594,112.0
dynamic,2,1,84,0.9282683285077413,0.8634187881151835,0.06484954059123993,0.9036286815007528,0.9036286815007528,0.0,3.0,3.0,840.0,501.0,0.0,1.440276026725769,3.522432327270508,4.3066534996032715,8.255393981933594,112.0
dynamic,2,1,85,0.891952211856842,0.8557730317115784,0.03617918819189072,0.9442764377593994,0.9442764377593994,0.0,3.0,3.0,850.0,501.0,0.0,1.440276026725769,3.522432327270508,4.3066534996032715,8.255393981933594,112.0
dynamic,2,1,86,0.9168776559829712,0.8783543713887533,0.03852327823638916,0.8527060826619466,0.8527060826619466,0.0,3.0,3.0,860.0,501.0,0.0,1.440276026725769,3.522432327270508,4.3066534996032715,8.255393981933594,112.0
dynamic,2,1,87,0.8947604648272196,0.8528388261795044,0.04192163358132044,0.8364777914683024,0.8364777914683024,0.0,3.0,3.0,870.0,501.0,0.0,1.440276026725769,3.522432327270508,4.3066534996032715,8.255393981933594,112.0
dynamic,2,1,88,0.8773355921109517,0.8200931509335836,0.057242446144421893,0.835516079266866,0.835516079266866,0.0,3.0,3.0,880.0,501.0,0.0,1.440276026725769,3.522432327270508,4.3066534996032715,8.255393981933594,112.0
dynamic,2,1,89,0.8722966575622558,0.7909440334637959,0.08135262320439021,0.8052180957794189,0.8052180957794189,0.0,3.0,3.0,890.0,501.0,0.0,1.440276026725769,3.522432327270508,4.3066534996032715,8.255393981933594,112.0
dynamic,2,1,90,0.8507396475474039,0.7785315187772115,0.07220813194910686,0.7862551021575928,0.7862551021575928,0.0,3.0,3.0,900.0,501.0,0.0,1.440276026725769,3.522432327270508,4.3066534996032715,8.255393981933594,112.0
dynamic,2,1,91,0.8202962636947632,0.773817647298177,0.04647861565152804,0.8727356163660686,0.8727356163660686,0.0,3.0,3.0,910.0,501.0,0.0,1.440276026725769,3.522432327270508,4.3066534996032715,8.255393981933594,112.0
dynamic,2,1,92,0.925687685807546,0.8648998300234477,0.06078786621491114,0.9045097255706787,0.9045097255706787,0.0,3.0,3.0,920.0,501.0,0.0,1.440276026725769,3.522432327270508,4.3066534996032715,8.255393981933594,112.0
dynamic,2,1,93,0.8366611480712891,0.7893995602925619,0.04726159001390139,0.7767409896850586,0.7767409896850586,0.0,3.0,3.0,930.0,501.0,0.0,1.440276026725769,3.522432327270508,4.3066534996032715,8.255393981933594,112.0
dynamic,2,1,94,0.78614222129186,0.7497633012135824,0.036378919730583825,0.7957865746816,0.7957865746816,0.0,3.0,3.0,940.0,501.0,0.0,1.440276026725769,3.522432327270508,4.3066534996032715,8.255393981933594,112.0
dynamic,2,1,95,0.7986147729555766,0.7466354052225749,0.0519793751835823,0.773331610361735,0.773331610361735,0.0,3.0,3.0,950.0,501.0,0.0,1.440276026725769,3.522432327270508,4.3066534996032715,8.255393981933594,112.0
dynamic,2,1,96,0.8025805441538493,0.742635547320048,0.059944999317328135,0.7383318630854289,0.7383318630854289,0.0,3.0,3.0,960.0,501.0,0.0,1.440276026725769,3.522432327270508,4.3066534996032715,8.255393981933594,112.0
dynamic,2,1,97,0.7749808653195699,0.7354801122347514,0.039500759541988374,0.7922492138544719,0.7922492138544719,0.0,3.0,3.0,970.0,501.0,0.0,1.440276026725769,3.522432327270508,4.3066534996032715,8.255393981933594,112.0
dynamic,2,1,98,0.7596138668060303,0.7251416007677715,0.03447227120399475,0.818690767288208,0.818690767288208,0.0,3.0,3.0,980.0,501.0,0.0,1.440276026725769,3.522432327270508,4.3066534996032715,8.255393981933594,112.0
dynamic,2,1,99,0.8353579195340475,0.7843646518389384,0.05099326933423678,0.7315714597702027,0.7315714597702027,0.0,3.0,3.0,990.0,501.0,0.0,1.440276026725769,3.522432327270508,4.3066534996032715,8.255393981933594,112.0
dynamic,2,1,100,0.7692289845148722,0.724264357884725,0.044964627673228584,0.7058019685745239,0.7058019685745239,0.0,3.0,3.0,1000.0,501.0,0.0,1.440276026725769,3.522432327270508,4.3066534996032715,8.255393981933594,112.0
dynamic,2,1,101,0.7470120247205099,0.705959989229838,0.041052022675673164,0.7244711248079936,0.7244711248079936,0.0,3.0,3.0,1010.0,501.0,0.0,1.440276026725769,3.522432327270508,4.3066534996032715,8.255393981933594,112.0
dynamic,2,1,102,0.7586848616600037,0.7010837093989054,0.057601152062416075,0.7178234219551086,0.7178234219551086,0.0,3.0,3.0,1020.0,501.0,0.0,1.440276026725769,3.522432327270508,4.3066534996032715,8.255393981933594,112.0
dynamic,2,1,103,0.7543029904365539,0.6860405504703522,0.06826243698596954,0.6827256258328755,0.6827256258328755,0.0,3.0,3.0,1030.0,501.0,0.0,1.440276026725769,3.522432327270508,4.3066534996032715,8.255393981933594,112.0
dynamic,2,1,104,0.715389773050944,0.6562108238538106,0.059178945819536845,0.6716338173548381,0.6716338173548381,0.0,3.0,3.0,1040.0,501.0,0.0,1.440276026725769,3.522432327270508,4.3066534996032715,8.255393981933594,112.0
dynamic,2,1,105,0.70145348072052,0.6594394373893738,0.04201404149333636,0.6981848239898681,0.6981848239898681,0.0,3.0,3.0,1050.0,501.0,0.0,1.440276026725769,3.522432327270508,4.3066534996032715,8.255393981933594,112.0
dynamic,2,1,106,0.7092698049545288,0.6683623242378235,0.040907479176918664,0.6638260173797608,0.6638260173797608,0.0,3.0,3.0,1060.0,501.0,0.0,1.440276026725769,3.522432327270508,4.3066534996032715,8.255393981933594,112.0
dynamic,2,1,107,0.7234663383165996,0.6749701317151388,0.04849619617064794,0.6296756553649903,0.6296756553649903,0.0,3.0,3.0,1070.0,501.0,0.0,1.440276026725769,3.522432327270508,4.3066534996032715,8.255393981933594,112.0
dynamic,2,1,108,0.6906365688641866,0.6464868791898092,0.04414968733986219,0.6363322432835897,0.6363322432835897,0.0,3.0,3.0,1080.0,501.0,0.0,1.440276026725769,3.522432327270508,4.3066534996032715,8.255393981933594,112.0
dynamic,2,1,109,0.7000953539212544,0.6608687615394593,0.0392265905936559,0.6487245353062948,0.6487245353062948,0.0,3.0,3.0,1090.0,501.0,0.0,1.440276026725769,3.522432327270508,4.3066534996032715,8.255393981933594,112.0
dynamic,2,1,110,0.6833669718106588,0.6340988902250926,0.049268077860275906,0.6570774523417154,0.6570774523417154,0.0,3.0,3.0,1100.0,501.0,0.0,1.440276026725769,3.522432327270508,4.3066534996032715,8.255393981933594,112.0
dynamic,2,1,111,0.6767253669102987,0.6181967353820801,0.05852862805128098,0.6188927626609803,0.6188927626609803,0.0,3.0,3.0,1110.0,501.0,0.0,1.440276026725769,3.522432327270508,4.3066534996032715,8.255393981933594,112.0
dynamic,2,1,112,0.6714802734057108,0.6176671679814657,0.053813106815020245,0.6131338834762573,0.6131338834762573,0.0,3.0,3.0,1120.0,501.0,0.0,1.440276026725769,3.522432327270508,4.3066534996032715,8.255393981933594,112.0
dynamic,2,1,113,0.6509778285026551,0.6078924910227458,0.0430853367348512,0.6241401076316834,0.6241401076316834,0.0,3.0,3.0,1130.0,501.0,0.0,1.440276026725769,3.522432327270508,4.3066534996032715,8.255393981933594,112.0
dynamic,2,1,114,0.6482943081855774,0.6062252020835877,0.04206910520792007,0.6008180658022563,0.6008180658022563,0.0,3.0,3.0,1140.0,501.0,0.0,1.440276026725769,3.522432327270508,4.3066534996032715,8.255393981933594,112.0
dynamic,2,1,115,0.6415078361829122,0.5928040639559428,0.04870376725991567,0.5796257058779398,0.5796257058779398,0.0,3.0,3.0,1150.0,501.0,0.0,1.440276026725769,3.522432327270508,4.3066534996032715,8.255393981933594,112.0
dynamic,2,1,116,0.6504202389717102,0.6007868456840515,0.04963338921467463,0.5762473011016845,0.5762473011016845,0.0,3.0,3.0,1160.0,501.0,0.0,1.440276026725769,3.522432327270508,4.3066534996032715,8.255393981933594,112.0
dynamic,2,1,117,0.6359512988726298,0.5890508103370666,0.0469004891316096,0.5752940432230631,0.5752940432230631,0.0,3.0,3.0,1170.0,501.0,0.0,1.440276026725769,3.522432327270508,4.3066534996032715,8.255393981933594,112.0
dynamic,2,1,118,0.6370006211598714,0.5869348502159119,0.05006577735145887,0.5793935751914978,0.5793935751914978,0.0,3.0,3.0,1180.0,501.0,0.0,1.440276026725769,3.522432327270508,4.3066534996032715,8.255393981933594,112.0
dynamic,2,1,119,0.631627106666565,0.5741802223523458,0.05744687408208847,0.577811468442281,0.577811468442281,0.0,3.0,3.0,1190.0,501.0,0.0,1.440276026725769,3.522432327270508,4.3066534996032715,8.255393981933594,112.0
dynamic,2,1,120,0.6427589551607767,0.5863334266344706,0.05642552663882573,0.5703170577685038,0.5703170577685038,0.0,3.0,3.0,1200.0,501.0,0.0,1.440276026725769,3.522432327270508,4.3066534996032715,8.255393981933594,112.0
dynamic,2,1,121,0.6261398585637411,0.5702769021193187,0.055862957239151,0.5503279542922974,0.5503279542922974,0.0,3.0,3.0,1210.0,501.0,0.0,1.440276026725769,3.522432327270508,4.3066534996032715,8.255393981933594,112.0
dynamic,2,1,122,0.6113728547096252,0.5564381909370423,0.054934655874967576,0.54367493947347,0.54367493947347,0.0,3.0,3.0,1220.0,501.0,0.0,1.440276026725769,3.522432327270508,4.3066534996032715,8.255393981933594,112.0
dynamic,2,1,123,0.5979746452967326,0.546688392162323,0.05128625641266505,0.5553196597099305,0.5553196597099305,0.0,3.0,3.0,1230.0,501.0,0.0,1.440276026725769,3.522432327270508,4.3066534996032715,8.255393981933594,112.0
dynamic,2,1,124,0.5926549100875854,0.543975920677185,0.04867898543675741,0.5443874184290568,0.5443874184290568,0.0,3.0,3.0,1240.0,501.0,0.0,1.440276026725769,3.522432327270508,4.3066534996032715,8.255393981933594,112.0
dynamic,2,1,125,0.5833761469523112,0.5331464330355327,0.05022970964511236,0.542940444946289,0.542940444946289,0.0,3.0,3.0,1250.0,501.0,0.0,1.440276026725769,3.522432327270508,4.3066534996032715,8.255393981933594,112.0
dynamic,2,1,126,0.5928342119852702,0.5403706506888072,0.05246356651186943,0.5546924169858297,0.5546924169858297,0.0,3.0,3.0,1260.0,501.0,0.0,1.440276026725769,3.522432327270508,4.3066534996032715,8.255393981933594,112.0
dynamic,2,1,127,0.5961968231201172,0.5399274905522664,0.05626934056480726,0.5362883750597636,0.5362883750597636,0.0,3.0,3.0,1270.0,501.0,0.0,1.440276026725769,3.522432327270508,4.3066534996032715,8.255393981933594,112.0
dynamic,2,1,128,0.5911057933171591,0.5317305930455526,0.05937519873181979,0.5415750992298126,0.5415750992298126,0.0,3.0,3.0,1280.0,501.0,0.0,1.440276026725769,3.522432327270508,4.3066534996032715,8.255393981933594,112.0
dynamic,2,1,129,0.6140487575531006,0.5489899341265361,0.06505882064501445,0.5389311615626017,0.5389311615626017,0.0,3.0,3.0,1290.0,501.0,0.0,1.440276026725769,3.522432327270508,4.3066534996032715,8.255393981933594,112.0
dynamic,2,1,130,0.6271185429890951,0.5611598443984985,0.06595869352420171,0.5320710527896881,0.5320710527896881,0.0,3.0,3.0,1300.0,501.0,0.0,1.440276026725769,3.522432327270508,4.3066534996032715,8.255393981933594,112.0
dynamic,2,1,131,0.5935865108172099,0.5274267450968424,0.06615977654854456,0.5481310359636943,0.5481310359636943,0.0,3.0,3.0,1310.0,501.0,0.0,1.440276026725769,3.522432327270508,4.3066534996032715,8.255393981933594,112.0
dynamic,2,1,132,0.5914760414759318,0.5231082463264465,0.068367786804835,0.5368749113877614,0.5368749113877614,0.0,3.0,3.0,1320.0,501.0,0.0,1.440276026725769,3.522432327270508,4.3066534996032715,8.255393981933594,112.0
dynamic,2,1,133,0.6449409929911295,0.573328685760498,0.0716123029589653,0.5464739191532135,0.5464739191532135,0.0,3.0,3.0,1330.0,501.0,0.0,1.440276026725769,3.522432327270508,4.3066534996032715,8.255393981933594,112.0
dynamic,2,1,134,0.6059394001960754,0.5332226554552714,0.0727167421579361,0.5477154445648194,0.5477154445648194,0.0,3.0,3.0,1340.0,501.0,0.0,1.440276026725769,3.522432327270508,4.3066534996032715,8.255393981933594,112.0
dynamic,2,1,135,0.600047771135966,0.5264297533035278,0.07361800928910574,0.53960608959198,0.53960608959198,0.0,3.0,3.0,1350.0,501.0,0.0,1.440276026725769,3.522432327270508,4.3066534996032715,8.255393981933594,112.0
dynamic,2,1,136,0.6063234225908916,0.5305524158477783,0.07577100356419882,0.5388039044539134,0.5388039044539134,0.0,3.0,3.0,1360.0,501.0,0.0,1.440276026725769,3.522432327270508,4.3066534996032715,8.255393981933594,112.0
dynamic,2,1,137,0.6080184531211853,0.5279713336626689,0.08004712363084157,0.5329490689436595,0.5329490689436595,0.0,3.0,3.0,1370.0,501.0,0.0,1.440276026725769,3.522432327270508,4.3066534996032715,8.255393981933594,112.0
dynamic,2,1,138,0.6389613691965739,0.5581260951360066,0.0808352768421173,0.5358326975504557,0.5358326975504557,0.0,3.0,3.0,1380.0,501.0,0.0,1.440276026725769,3.522432327270508,4.3066534996032715,8.255393981933594,112.0
dynamic,2,1,139,0.6028017910321554,0.51921626329422,0.08358551830053329,0.5540937650203704,0.5540937650203704,0.0,3.0,3.0,1390.0,501.0,0.0,1.440276026725769,3.522432327270508,4.3066534996032715,8.255393981933594,112.0
dynamic,2,1,140,0.6079748932520549,0.5240835905075073,0.0838913048307101,0.519147877295812,0.519147877295812,0.0,3.0,3.0,1400.0,501.0,0.0,1.440276026725769,3.522432327270508,4.3066534996032715,8.255393981933594,112.0
dynamic,2,1,141,0.6184805917739868,0.5342122395833333,0.08426835159460704,0.5276611610253652,0.5276611610253652,0.0,3.0,3.0,1410.0,501.0,0.0,1.440276026725769,3.522432327270508,4.3066534996032715,8.255393981933594,112.0
dynamic,2,1,142,0.5871219817797343,0.5032846391201019,0.08383734156688054,0.5435336204369863,0.5435336204369863,0.0,3.0,3.0,1420.0,501.0,0.0,1.440276026725769,3.522432327270508,4.3066534996032715,8.255393981933594,112.0
dynamic,2,1,143,0.614655278523763,0.5290604496002197,0.08559483448664347,0.5275543018182118,0.5275543018182118,0.0,3.0,3.0,1430.0,501.0,0.0,1.440276026725769,3.522432327270508,4.3066534996032715,8.255393981933594,112.0
dynamic,2,1,144,0.6064115111033122,0.5192747143904368,0.08713678300380706,0.528648495276769,0.528648495276769,0.0,3.0,3.0,1440.0,501.0,0.0,1.440276026725769,3.522432327270508,4.3066534996032715,8.255393981933594,112.0
dynamic,2,1,145,0.6285887130101522,0.5410318319002787,0.08755687654018401,0.5218735194206238,0.5218735194206238,0.0,3.0,3.0,1450.0,501.0,0.0,1.440276026725769,3.522432327270508,4.3066534996032715,8.255393981933594,112.0
dynamic,2,1,146,0.6075407266616821,0.5187257675329844,0.08881495952606201,0.5370831076304118,0.5370831076304118,0.0,3.0,3.0,1460.0,501.0,0.0,1.440276026725769,3.522432327270508,4.3066534996032715,8.255393981933594,112.0
dynamic,2,1,147,0.6148571117719015,0.5224484757582346,0.09240863889455796,0.5328794666131338,0.5328794666131338,0.0,3.0,3.0,1470.0,501.0,0.0,1.440276026725769,3.522432327270508,4.3066534996032715,8.255393981933594,112.0
dynamic,2,1,148,0.6198115428288777,0.5239776182174682,0.09583392630020778,0.5385957483450572,0.5385957483450572,0.0,3.0,3.0,1480.0,501.0,0.0,1.440276026725769,3.522432327270508,4.3066534996032715,8.255393981933594,112.0
dynamic,2,1,149,0.6248210016886393,0.5315242278575897,0.09329677601655324,0.532434168656667,0.532434168656667,0.0,3.0,3.0,1490.0,501.0,0.0,1.440276026725769,3.522432327270508,4.3066534996032715,8.255393981933594,112.0
dynamic,2,1,150,0.6221369393666585,0.5320088124275207,0.09012812455495199,0.5302656801541646,0.5302656801541646,0.0,3.0,3.0,1500.0,501.0,0.0,1.440276026725769,3.522432327270508,4.3066534996032715,8.255393981933594,112.0
dynamic,2,1,151,0.6010766688982646,0.5091959551970164,0.09188070644934972,0.5378588791688284,0.5378588791688284,0.0,3.0,3.0,1510.0,501.0,0.0,1.440276026725769,3.522432327270508,4.3066534996032715,8.255393981933594,112.0
dynamic,2,1,152,0.6175132282574971,0.5236918369928996,0.09382139682769776,0.5245699536800384,0.5245699536800384,0.0,3.0,3.0,1520.0,501.0,0.0,1.440276026725769,3.522432327270508,4.3066534996032715,8.255393981933594,112.0
dynamic,2,1,153,0.5967840989430745,0.5027589639027913,0.09402513394753138,0.5142407929897308,0.5142407929897308,0.0,3.0,3.0,1530.0,501.0,0.0,1.440276026725769,3.522432327270508,4.3066534996032715,8.255393981933594,112.0
dynamic,2,1,154,0.6086744034290313,0.5159188961982727,0.09275550136963527,0.5125500253836314,0.5125500253836314,0.0,3.0,3.0,1540.0,501.0,0.0,1.440276026725769,3.522432327270508,4.3066534996032715,8.255393981933594,112.0
dynamic,2,1,155,0.5745155803362528,0.483265122572581,0.09125045458475749,0.5029334755738576,0.5029334755738576,0.0,3.0,3.0,1550.0,501.0,0.0,1.440276026725769,3.522432327270508,4.3066534996032715,8.255393981933594,112.0
dynamic,2,1,156,0.6086712574958801,0.5176076404253642,0.09106362740198772,0.5258044350147247,0.5258044350147247,0.0,3.0,3.0,1560.0,501.0,0.0,1.440276026725769,3.522432327270508,4.3066534996032715,8.255393981933594,112.0
dynamic,2,1,157,0.6043460893630982,0.5147406220436096,0.08960546185572942,0.5201530456542969,0.5201530456542969,0.0,3.0,3.0,1570.0,501.0,0.0,1.440276026725769,3.522432327270508,4.3066534996032715,8.255393981933594,112.0
dynamic,2,1,158,0.5820131278038025,0.4888312411308289,0.09318188081185023,0.48769541064898175,0.48769541064898175,0.0,3.0,3.0,1580.0,501.0,0.0,1.440276026725769,3.522432327270508,4.3066534996032715,8.255393981933594,112.0
dynamic,2,1,159,0.6064794373512268,0.5134030111630757,0.09307642777760823,0.4893720289071401,0.4893720289071401,0.0,3.0,3.0,1590.0,501.0,0.0,1.440276026725769,3.522432327270508,4.3066534996032715,8.255393981933594,112.0
dynamic,2,1,160,0.6057349348068237,0.5108439608414967,0.09489096899827322,0.5492251952489217,0.5492251952489217,0.0,3.0,3.0,1600.0,501.0,0.0,1.440276026725769,3.522432327270508,4.3066534996032715,8.255393981933594,112.0
dynamic,2,1,161,0.6183922751744588,0.5219657357533772,0.09642654101053874,0.4803337800502777,0.4803337800502777,0.0,3.0,3.0,1610.0,501.0,0.0,1.440276026725769,3.522432327270508,4.3066534996032715,8.255393981933594,112.0
dynamic,2,1,162,0.627765777905782,0.5314618674914042,0.09630391597747803,0.5247452692190806,0.5247452692190806,0.0,3.0,3.0,1620.0,501.0,0.0,1.440276026725769,3.522432327270508,4.3066534996032715,8.255393981933594,112.0
dynamic,2,1,163,0.597179266611735,0.4979307262102763,0.09924853603045146,0.4865207707881927,0.4865207707881927,0.0,3.0,3.0,1630.0,501.0,0.0,1.440276026725769,3.522432327270508,4.3066534996032715,8.255393981933594,112.0
dynamic,2,1,164,0.5814778010050455,0.483190221786499,0.09828758011261622,0.49599137584368386,0.49599137584368386,0.0,3.0,3.0,1640.0,501.0,0.0,1.440276026725769,3.522432327270508,4.3066534996032715,8.255393981933594,112.0
dynamic,2,1,165,0.5910996588071188,0.49023775617281595,0.10086190958817799,0.5502391282717387,0.5502391282717387,0.0,3.0,3.0,1650.0,501.0,0.0,1.440276026725769,3.522432327270508,4.3066534996032715,8.255393981933594,112.0
dynamic,2,1,166,0.6142926168441772,0.5119807116190592,0.10231189727783203,0.5205428961912791,0.5205428961912791,0.0,3.0,3.0,1660.0,501.0,0.0,1.440276026725769,3.522432327270508,4.3066534996032715,8.255393981933594,112.0
dynamic,2,1,167,0.6220294713974,0.5210022711753846,0.10102720538775126,0.5151806489626567,0.5151806489626567,0.0,3.0,3.0,1670.0,501.0,0.0,1.440276026725769,3.522432327270508,4.3066534996032715,8.255393981933594,112.0
dynamic,2,1,168,0.5951259462038676,0.49182854612668353,0.10329739928245545,0.5023903302351633,0.5023903302351633,0.0,3.0,3.0,1680.0,501.0,0.0,1.440276026725769,3.522432327270508,4.3066534996032715,8.255393981933594,112.0
dynamic,2,1,169,0.5817095319430033,0.47505842367808027,0.1066511180003484,0.49123855312665304,0.49123855312665304,0.0,3.0,3.0,1690.0,501.0,0.0,1.440276026725769,3.522432327270508,4.3066534996032715,8.255393981933594,112.0
dynamic,2,1,170,0.6118719236056009,0.5030752205848694,0.1087966991464297,0.5546298956871033,0.5546298956871033,0.0,3.0,3.0,1700.0,501.0,0.0,1.440276026725769,3.522432327270508,4.3066534996032715,8.255393981933594,112.0
dynamic,2,1,171,0.6448542785644531,0.535239181915919,0.10961509307225545,0.5638306117057801,0.5638306117057801,0.0,3.0,3.0,1710.0,501.0,0.0,1.440276026725769,3.522432327270508,4.3066534996032715,8.255393981933594,112.0
dynamic,2,1,172,0.6472086270650228,0.5397723817825317,0.10743624846140544,0.5806704248984654,0.5806704248984654,0.0,3.0,3.0,1720.0,501.0,0.0,1.440276026725769,3.522432327270508,4.3066534996032715,8.255393981933594,112.0
dynamic,2,1,173,0.6282534329096476,0.516196281115214,0.11205713639656703,0.49999388893445335,0.49999388893445335,0.0,3.0,3.0,1730.0,501.0,0.0,1.440276026725769,3.522432327270508,4.3066534996032715,8.255393981933594,112.0
dynamic,2,1,174,0.5979307707150777,0.48712647676467896,0.11080429255962372,0.5015034228563309,0.5015034228563309,0.0,3.0,3.0,1740.0,501.0,0.0,1.440276026725769,3.522432327270508,4.3066534996032715,8.255393981933594,112.0
dynamic,2,1,175,0.564247864484787,0.4541619575023651,0.11008592049280802,0.47936348497867587,0.47936348497867587,0.0,3.0,3.0,1750.0,501.0,0.0,1.440276026725769,3.522432327270508,4.3066534996032715,8.255393981933594,112.0
dynamic,2,1,176,0.5985195628801981,0.48878294746081036,0.10973660806814829,0.5323768190542857,0.5323768190542857,0.0,3.0,3.0,1760.0,501.0,0.0,1.440276026725769,3.522432327270508,4.3066534996032715,8.255393981933594,112.0
dynamic,2,1,177,0.600488612651825,0.4924519507090251,0.10803666760524114,0.47239435275395714,0.47239435275395714,0.0,3.0,3.0,1770.0,501.0,0.0,1.440276026725769,3.522432327270508,4.3066534996032715,8.255393981933594,112.0
dynamic,2,1,178,0.6056272315979004,0.49906113227208454,0.10656609783569972,0.5130833993355434,0.5130833993355434,0.0,3.0,3.0,1780.0,501.0,0.0,1.440276026725769,3.522432327270508,4.3066534996032715,8.255393981933594,112.0
dynamic,2,1,179,0.5883625547091166,0.480447549422582,0.10791500349839528,0.48212318460146586,0.48212318460146586,0.0,3.0,3.0,1790.0,501.0,0.0,1.440276026725769,3.522432327270508,4.3066534996032715,8.255393981933594,112.0
dynamic,2,1,180,0.5796895734469096,0.4716308895746867,0.10805868446826934,0.49037879407405854,0.49037879407405854,0.0,3.0,3.0,1800.0,501.0,0.0,1.440276026725769,3.522432327270508,4.3066534996032715,8.255393981933594,112.0
dynamic,2,1,181,0.559084259668986,0.45040353377660114,0.10868072589238485,0.4648024799426397,0.4648024799426397,0.0,3.0,3.0,1810.0,501.0,0.0,1.440276026725769,3.522432327270508,4.3066534996032715,8.255393981933594,112.0
dynamic,2,1,182,0.5580428862571716,0.4501070499420166,0.10793583561976751,0.4583379328250885,0.4583379328250885,0.0,3.0,3.0,1820.0,501.0,0.0,1.440276026725769,3.522432327270508,4.3066534996032715,8.255393981933594,112.0
dynamic,2,1,183,0.5566670942306519,0.44906578540802,0.10760131408770879,0.4730424547195435,0.4730424547195435,0.0,3.0,3.0,1830.0,501.0,0.0,1.440276026725769,3.522432327270508,4.3066534996032715,8.255393981933594,112.0
dynamic,2,1,184,0.5846675570805867,0.47459726333618163,0.11007030020157496,0.4946098272005717,0.4946098272005717,0.0,3.0,3.0,1840.0,501.0,0.0,1.440276026725769,3.522432327270508,4.3066534996032715,8.255393981933594,112.0
dynamic,2,1,185,0.5875969131787618,0.4761794213453929,0.11141748706499735,0.49143001198768616,0.49143001198768616,0.0,3.0,3.0,1850.0,501.0,0.0,1.440276026725769,3.522432327270508,4.3066534996032715,8.255393981933594,112.0
dynamic,2,1,186,0.5801951710383098,0.46491438388824463,0.1152807875474294,0.46043315172195437,0.46043315172195437,0.0,3.0,3.0,1860.0,501.0,0.0,1.440276026725769,3.522432327270508,4.3066534996032715,8.255393981933594,112.0
dynamic,2,1,187,0.5783425140380859,0.4636962628364563,0.11464624305566153,0.496379142999649,0.496379142999649,0.0,3.0,3.0,1870.0,501.0,0.0,1.440276026725769,3.522432327270508,4.3066534996032715,8.255393981933594,112.0
dynamic,2,1,188,0.5806279977162679,0.46207690795262657,0.11855109333992005,0.4491122217973073,0.4491122217973073,0.0,3.0,3.0,1880.0,501.0,0.0,1.440276026725769,3.522432327270508,4.3066534996032715,8.255393981933594,112.0
dynamic,2,1,189,0.5575892313321431,0.44059650977452597,0.11699272314707439,0.4690644800662994,0.4690644800662994,0.0,3.0,3.0,1890.0,501.0,0.0,1.440276026725769,3.522432327270508,4.3066534996032715,8.255393981933594,112.0
dynamic,2,1,190,0.5713460723559062,0.45431163390477497,0.11703443686167399,0.45337282876173657,0.45337282876173657,0.0,3.0,3.0,1900.0,501.0,0.0,1.440276026725769,3.522432327270508,4.3066534996032715,8.255393981933594,112.0
dynamic,2,1,191,0.5831638622283936,0.4685887126127879,0.11457514931758245,0.5182178827126821,0.5182178827126821,0.0,3.0,3.0,1910.0,501.0,0.0,1.440276026725769,3.522432327270508,4.3066534996032715,8.255393981933594,112.0
dynamic,2,1,192,0.5638501254717508,0.450115221341451,0.11373490194479624,0.44974317808945974,0.44974317808945974,0.0,3.0,3.0,1920.0,501.0,0.0,1.440276026725769,3.522432327270508,4.3066534996032715,8.255393981933594,112.0
dynamic,2,1,193,0.5721010533968608,0.45922237475713096,0.11287867466608684,0.43792186975479125,0.43792186975479125,0.0,3.0,3.0,1930.0,501.0,0.0,1.440276026725769,3.522432327270508,4.3066534996032715,8.255393981933594,112.0
dynamic,2,1,194,0.5569930096467336,0.4445286770661672,0.11246433228254318,0.4211833542585373,0.4211833542585373,0.0,3.0,3.0,1940.0,501.0,0.0,1.440276026725769,3.522432327270508,4.3066534996032715,8.255393981933594,112.0
dynamic,2,1,195,0.5347372849782308,0.4222692902882894,0.11246799707412719,0.44553092737992606,0.44553092737992606,0.0,3.0,3.0,1950.0,501.0,0.0,1.440276026725769,3.522432327270508,4.3066534996032715,8.255393981933594,112.0
dynamic,2,1,196,0.5621504346529643,0.4463872845967611,0.11576315611600876,0.4407895831267039,0.4407895831267039,0.0,3.0,3.0,1960.0,501.0,0.0,1.440276026725769,3.522432327270508,4.3066534996032715,8.255393981933594,112.0
dynamic,2,1,197,0.5737249247233073,0.4566164040565491,0.11710852106412252,0.48582483212153116,0.48582483212153116,0.0,3.0,3.0,1970.0,501.0,0.0,1.440276026725769,3.522432327270508,4.3066534996032715,8.255393981933594,112.0
dynamic,2,1,198,0.5471703004837036,0.4271378668149312,0.12003243406613667,0.43396281043688456,0.43396281043688456,0.0,3.0,3.0,1980.0,501.0,0.0,1.440276026725769,3.522432327270508,4.3066534996032715,8.255393981933594,112.0
dynamic,2,1,199,0.5856921982765197,0.46568812847137453,0.12000408331553142,0.41957494854927063,0.41957494854927063,0.0,3.0,3.0,1990.0,501.0,0.0,1.440276026725769,3.522432327270508,4.3066534996032715,8.255393981933594,112.0
dynamic,2,1,200,0.5429791347185771,0.42229574084281923,0.1206833936770757,0.4239417966206869,0.4239417966206869,0.0,3.0,3.0,2000.0,501.0,0.0,1.440276026725769,3.522432327270508,4.3066534996032715,8.255393981933594,112.0
dynamic,2,1,201,0.5653788661956787,0.43976306200027465,0.12561580936113995,0.4583442618449529,0.4583442618449529,0.0,3.0,3.0,2010.0,501.0,0.0,1.440276026725769,3.522432327270508,4.3066534996032715,8.255393981933594,112.0
dynamic,2,1,202,0.5555412340164184,0.4278873546918233,0.1276538787285487,0.4346879643201828,0.4346879643201828,0.0,3.0,3.0,2020.0,501.0,0.0,1.440276026725769,3.522432327270508,4.3066534996032715,8.255393981933594,112.0
dynamic,2,1,203,0.5672253449757894,0.4406938215096792,0.1265315282344818,0.4379487136999766,0.4379487136999766,0.0,3.0,3.0,2030.0,501.0,0.0,1.440276026725769,3.522432327270508,4.3066534996032715,8.255393981933594,112.0
dynamic,2,1,204,0.6093992149829864,0.48241679708162943,0.1269824160138766,0.46370848019917804,0.46370848019917804,0.0,3.0,3.0,2040.0,501.0,0.0,1.440276026725769,3.522432327270508,4.3066534996032715,8.255393981933594,112.0
dynamic,2,1,205,0.5652379544576009,0.43985568046569823,0.12538227458794912,0.4221865093708038,0.4221865093708038,0.0,3.0,3.0,2050.0,501.0,0.0,1.440276026725769,3.522432327270508,4.3066534996032715,8.255393981933594,112.0
dynamic,2,1,206,0.5773617347081502,0.44692637721697487,0.13043535947799684,0.4534893769025803,0.4534893769025803,0.0,3.0,3.0,2060.0,501.0,0.0,1.440276026725769,3.522432327270508,4.3066534996032715,8.255393981933594,112.0
dynamic,2,1,207,0.5586794424057007,0.4267891156673431,0.13189033130804698,0.45804305871327716,0.45804305871327716,0.0,3.0,3.0,2070.0,501.0,0.0,1.440276026725769,3.522432327270508,4.3066534996032715,8.255393981933594,112.0
dynamic,2,1,208,0.5848335965474447,0.4477240387598673,0.13710956772168478,0.4473494460185369,0.4473494460185369,0.0,3.0,3.0,2080.0,501.0,0.0,1.440276026725769,3.522432327270508,4.3066534996032715,8.255393981933594,112.0
dynamic,2,1,209,0.579544551372528,0.44432418743769325,0.13522037446498872,0.42816555718580884,0.42816555718580884,0.0,3.0,3.0,2090.0,501.0,0.0,1.440276026725769,3.522432327270508,4.3066534996032715,8.255393981933594,112.0
dynamic,2,1,210,0.571239492893219,0.4330333077907562,0.13820618748664856,0.4197030947605769,0.4197030947605769,0.0,3.0,3.0,2100.0,501.0,0.0,1.440276026725769,3.522432327270508,4.3066534996032715,8.255393981933594,112.0
dynamic,2,1,211,0.5441499018669128,0.40901135325431826,0.13513854642709097,0.43150637408097586,0.43150637408097586,0.0,3.0,3.0,2110.0,501.0,0.0,1.440276026725769,3.522432327270508,4.3066534996032715,8.255393981933594,112.0
dynamic,2,1,212,0.5570308764775594,0.41764714002609254,0.1393837289015452,0.4412298208475113,0.4412298208475113,0.0,3.0,3.0,2120.0,501.0,0.0,1.440276026725769,3.522432327270508,4.3066534996032715,8.255393981933594,112.0
dynamic,2,1,213,0.5889441076914469,0.44828784465789795,0.1406562566757202,0.45453857084115346,0.45453857084115346,0.0,3.0,3.0,2130.0,501.0,0.0,1.440276026725769,3.522432327270508,4.3066534996032715,8.255393981933594,112.0
dynamic,2,1,214,0.6069404951731364,0.46705660462379456,0.13988387942314148,0.4425295408566793,0.4425295408566793,0.0,3.0,3.0,2140.0,501.0,0.0,1.440276026725769,3.522432327270508,4.3066534996032715,8.255393981933594,112.0
dynamic,2,1,215,0.5857394258181254,0.4440980172157288,0.14164140512545903,0.46964139461517335,0.46964139461517335,0.0,3.0,3.0,2150.0,501.0,0.0,1.440276026725769,3.522432327270508,4.3066534996032715,8.255393981933594,112.0
dynamic,2,1,216,0.5985315998395284,0.4552329917748769,0.14329860965410868,0.41283571600914004,0.41283571600914004,0.0,3.0,3.0,2160.0,501.0,0.0,1.440276026725769,3.522432327270508,4.3066534996032715,8.255393981933594,112.0
dynamic,2,1,217,0.5694175060590109,0.4203379273414612,0.14907957871754965,0.4037005925178528,0.4037005925178528,0.0,3.0,3.0,2170.0,501.0,0.0,1.440276026725769,3.522432327270508,4.3066534996032715,8.255393981933594,112.0
dynamic,2,1,218,0.5557373587290446,0.40588614106178283,0.14985122621059419,0.4027924660841624,0.4027924660841624,0.0,3.0,3.0,2180.0,501.0,0.0,1.440276026725769,3.522432327270508,4.3066534996032715,8.255393981933594,112.0
dynamic,2,1,219,0.5999007161458333,0.44920756419499713,0.15069314777851106,0.47230159640312197,0.47230159640312197,0.0,3.0,3.0,2190.0,501.0,0.0,1.440276026725769,3.522432327270508,4.3066534996032715,8.255393981933594,112.0
dynamic,2,1,220,0.6332901259263356,0.4831942411263784,0.1500958816210429,0.44770473698774976,0.44770473698774976,0.0,3.0,3.0,2200.0,501.0,0.0,1.440276026725769,3.522432327270508,4.3066534996032715,8.255393981933594,112.0
dynamic,2,1,221,0.6561837657292684,0.5042458625634512,0.15193790217240652,0.48802118440469106,0.48802118440469106,0.0,3.0,3.0,2210.0,501.0,0.0,1.440276026725769,3.522432327270508,4.3066534996032715,8.255393981933594,112.0
dynamic,2,1,222,0.6320934756596883,0.4755351881186167,0.15655829548835754,0.4696489765246709,0.4696489765246709,0.0,3.0,3.0,2220.0,501.0,0.0,1.440276026725769,3.522432327270508,4.3066534996032715,8.255393981933594,112.0
dynamic,2,1,223,0.5901462999979655,0.4249753018220266,0.16517099539438884,0.43617566764354704,0.43617566764354704,0.0,3.0,3.0,2230.0,501.0,0.0,1.440276026725769,3.522432327270508,4.3066534996032715,8.255393981933594,112.0
dynamic,2,1,224,0.5721048537890117,0.4065466972192128,0.16555814703305563,0.40275441865126294,0.40275441865126294,0.0,3.0,3.0,2240.0,501.0,0.0,1.440276026725769,3.522432327270508,4.3066534996032715,8.255393981933594,112.0
dynamic,2,1,225,0.5954357973734538,0.4295215129852295,0.1659142808119456,0.408004066546758,0.408004066546758,0.0,3.0,3.0,2250.0,501.0,0.0,1.440276026725769,3.522432327270508,4.3066534996032715,8.255393981933594,112.0
dynamic,2,1,226,0.6110086290041605,0.4475998862584432,0.1634087421496709,0.48161514580249787,0.48161514580249787,0.0,3.0,3.0,2260.0,501.0,0.0,1.440276026725769,3.522432327270508,4.3066534996032715,8.255393981933594,112.0
dynamic,2,1,227,0.6239439860979716,0.4699720505873362,0.15397193551063537,0.5009082343180974,0.5009082343180974,0.0,3.0,3.0,2270.0,501.0,0.0,1.440276026725769,3.522432327270508,4.3066534996032715,8.255393981933594,112.0
dynamic,2,1,228,0.6417266591389974,0.4929513303438822,0.14877533733844758,0.45317070960998534,0.45317070960998534,0.0,3.0,3.0,2280.0,501.0,0.0,1.440276026725769,3.522432327270508,4.3066534996032715,8.255393981933594,112.0
dynamic,2,1,229,0.6895638195673625,0.5411872013409933,0.14837661822636922,0.5331724747021993,0.5331724747021993,0.0,3.0,3.0,2290.0,501.0,0.0,1.440276026725769,3.522432327270508,4.3066534996032715,8.255393981933594,112.0
dynamic,2,1,230,0.5874684985478719,0.4382639308770498,0.1492045682668686,0.44138022522131604,0.44138022522131604,0.0,3.0,3.0,2300.0,501.0,0.0,1.440276026725769,3.522432327270508,4.3066534996032715,8.255393981933594,112.0
dynamic,2,1,231,0.5819422912597656,0.4194447354475657,0.1624975468715032,0.42027182936668395,0.42027182936668395,0.0,3.0,3.0,2310.0,501.0,0.0,1.440276026725769,3.522432327270508,4.3066534996032715,8.255393981933594,112.0
dynamic,2,1,232,0.5478044986724854,0.3834082571665446,0.16439625302950542,0.39772012948989865,0.39772012948989865,0.0,3.0,3.0,2320.0,501.0,0.0,1.440276026725769,3.522432327270508,4.3066534996032715,8.255393981933594,112.0
dynamic,2,1,233,0.5844287085533142,0.42365126172701517,0.16077744523684184,0.3959639533360799,0.3959639533360799,0.0,3.0,3.0,2330.0,501.0,0.0,1.440276026725769,3.522432327270508,4.3066534996032715,8.255393981933594,112.0
dynamic,2,1,234,0.6043990723292033,0.44362224022547403,0.16077682534853618,0.454900195201238,0.454900195201238,0.0,3.0,3.0,2340.0,501.0,0.0,1.440276026725769,3.522432327270508,4.3066534996032715,8.255393981933594,112.0
dynamic,2,1,235,0.6136956795056661,0.4622717253367106,0.1514239595333735,0.4399675224224726,0.4399675224224726,0.0,3.0,3.0,2350.0,501.0,0.0,1.440276026725769,3.522432327270508,4.3066534996032715,8.255393981933594,112.0
dynamic,2,1,236,0.6738443851470948,0.5200127240022023,0.15383166313171387,0.49090033491452534,0.49090033491452534,0.0,3.0,3.0,2360.0,501.0,0.0,1.440276026725769,3.522432327270508,4.3066534996032715,8.255393981933594,112.0
dynamic,2,1,237,0.6549571935335795,0.5026778837045034,0.15227932413419087,0.5553365393479666,0.5553365393479666,0.0,3.0,3.0,2370.0,501.0,0.0,1.440276026725769,3.522432327270508,4.3066534996032715,8.255393981933594,112.0
dynamic,2,1,238,0.620618839263916,0.4646531311670939,0.15596570173899332,0.5084920835494995,0.5084920835494995,0.0,3.0,3.0,2380.0,501.0,0.0,1.440276026725769,3.522432327270508,4.3066534996032715,8.255393981933594,112.0
dynamic,2,1,239,0.5777925364176433,0.3987920554478963,0.1790004869302114,0.4407535348335902,0.4407535348335902,0.0,3.0,3.0,2390.0,501.0,0.0,1.440276026725769,3.522432327270508,4.3066534996032715,8.255393981933594,112.0
dynamic,2,1,240,0.5942108114560445,0.41516458670298256,0.17904622316360475,0.431554500857989,0.431554500857989,0.0,3.0,3.0,2400.0,501.0,0.0,1.440276026725769,3.522432327270508,4.3066534996032715,8.255393981933594,112.0
dynamic,2,1,241,0.6218013103802998,0.4276724743843079,0.1941288290421168,0.4341396389404933,0.4341396389404933,0.0,3.0,3.0,2410.0,501.0,0.0,1.440276026725769,3.522432327270508,4.3066534996032715,8.255393981933594,112.0
dynamic,2,1,242,0.6239651298522949,0.4349145499865214,0.1890505983432134,0.561377444267273,0.561377444267273,0.0,3.0,3.0,2420.0,501.0,0.0,1.440276026725769,3.522432327270508,4.3066534996032715,8.255393981933594,112.0
dynamic,2,1,243,0.6803691832224528,0.5054227264722189,0.17494645873705547,0.4893814458449682,0.4893814458449682,0.0,3.0,3.0,2430.0,501.0,0.0,1.440276026725769,3.522432327270508,4.3066534996032715,8.255393981933594,112.0
dynamic,2,1,244,0.6751112659772237,0.5126559130350749,0.1624553503592809,0.5002787735064824,0.5002787735064824,0.0,3.0,3.0,2440.0,501.0,0.0,1.440276026725769,3.522432327270508,4.3066534996032715,8.255393981933594,112.0
dynamic,2,1,245,0.6473018717765808,0.4759032503763835,0.17139863093694052,0.509473536213239,0.509473536213239,0.0,3.0,3.0,2450.0,501.0,0.0,1.440276026725769,3.522432327270508,4.3066534996032715,8.255393981933594,112.0
dynamic,2,1,246,0.5996419592698415,0.4206645147005717,0.17897743821144105,0.4301227881511052,0.4301227881511052,0.0,3.0,3.0,2460.0,501.0,0.0,1.440276026725769,3.522432327270508,4.3066534996032715,8.255393981933594,112.0
dynamic,2,1,247,0.6294330024719238,0.43261273940404255,0.19682026406129202,0.4403299464782079,0.4403299464782079,0.0,3.0,3.0,2470.0,501.0,0.0,1.440276026725769,3.522432327270508,4.3066534996032715,8.255393981933594,112.0
dynamic,2,1,248,0.6182543563842774,0.4184420088926951,0.19981234431266784,0.43204880118370054,0.43204880118370054,0.0,3.0,3.0,2480.0,501.0,0.0,1.440276026725769,3.522432327270508,4.3066534996032715,8.255393981933594,112.0
dynamic,2,1,249,0.631513713200887,0.4374006732304891,0.1941130393743515,0.47685119807720183,0.47685119807720183,0.0,3.0,3.0,2490.0,501.0,0.0,1.440276026725769,3.522432327270508,4.3066534996032715,8.255393981933594,112.0
dynamic,2,1,250,0.7176641845703124,0.5267172741889954,0.1909469081958135,0.5489462969700495,0.5489462969700495,0.0,3.0,3.0,2500.0,501.0,0.0,1.440276026725769,3.522432327270508,4.3066534996032715,8.255393981933594,112.0
dynamic,2,1,251,0.7037126735846202,0.5276450570424398,0.1760676101843516,0.516704733967781,0.516704733967781,0.0,3.0,3.0,2510.0,501.0,0.0,1.440276026725769,3.522432327270508,4.3066534996032715,8.255393981933594,112.0
dynamic,2,1,252,0.7016762081782023,0.5291210492451985,0.17255516330401102,0.5275170965989431,0.5275170965989431,0.0,3.0,3.0,2520.0,501.0,0.0,1.440276026725769,3.522432327270508,4.3066534996032715,8.255393981933594,112.0
dynamic,2,1,253,0.6252879142761231,0.44733447710673013,0.17795344789822895,0.43642582913239797,0.43642582913239797,0.0,3.0,3.0,2530.0,501.0,0.0,1.440276026725769,3.522432327270508,4.3066534996032715,8.255393981933594,112.0
dynamic,2,1,254,0.5913556448618571,0.4005123007297516,0.1908433383703232,0.4247068609793981,0.4247068609793981,0.0,3.0,3.0,2540.0,501.0,0.0,1.440276026725769,3.522432327270508,4.3066534996032715,8.255393981933594,112.0
dynamic,2,1,255,0.615132118066152,0.4158585047721863,0.19927360693613688,0.4246032619476318,0.4246032619476318,0.0,3.0,3.0,2550.0,501.0,0.0,1.440276026725769,3.522432327270508,4.3066534996032715,8.255393981933594,112.0
dynamic,2,1,256,0.6005233112970988,0.4014134474595388,0.19910987496376037,0.4982864644130071,0.4982864644130071,0.0,3.0,3.0,2560.0,501.0,0.0,1.440276026725769,3.522432327270508,4.3066534996032715,8.255393981933594,112.0
dynamic,2,1,257,0.6088010223706564,0.4206948681672414,0.18810615321000418,0.4555481509367625,0.4555481509367625,0.0,3.0,3.0,2570.0,501.0,0.0,1.440276026725769,3.522432327270508,4.3066534996032715,8.255393981933594,112.0
dynamic,2,1,258,0.6975190114974975,0.5143654147783915,0.18315359473228454,0.5653348271052042,0.5653348271052042,0.0,3.0,3.0,2580.0,501.0,0.0,1.440276026725769,3.522432327270508,4.3066534996032715,8.255393981933594,112.0
dynamic,2,1,259,0.6773240502675374,0.508652868270874,0.1686711871623993,0.5315349191427231,0.5315349191427231,0.0,3.0,3.0,2590.0,501.0,0.0,1.440276026725769,3.522432327270508,4.3066534996032715,8.255393981933594,112.0
dynamic,2,1,260,0.6602149510383606,0.4829383595784505,0.1772765898704529,0.48108569939931234,0.48108569939931234,0.0,3.0,3.0,2600.0,501.0,0.0,1.440276026725769,3.522432327270508,4.3066534996032715,8.255393981933594,112.0
dynamic,2,1,261,0.6325607593854269,0.4331555438041687,0.1994052219390869,0.4408767245213191,0.4408767245213191,0.0,3.0,3.0,2610.0,501.0,0.0,1.440276026725769,3.522432327270508,4.3066534996032715,8.255393981933594,112.0
dynamic,2,1,262,0.6588880594571431,0.4471998965740204,0.2116881650686264,0.4384836518764496,0.4384836518764496,0.0,3.0,3.0,2620.0,501.0,0.0,1.440276026725769,3.522432327270508,4.3066534996032715,8.255393981933594,112.0
dynamic,2,1,263,0.6615134032567342,0.4403439815839132,0.221169416308403,0.43758302946885425,0.43758302946885425,0.0,3.0,3.0,2630.0,501.0,0.0,1.440276026725769,3.522432327270508,4.3066534996032715,8.255393981933594,112.0
dynamic,2,1,264,0.6064701922734579,0.38633667190869647,0.22013351202011108,0.4489776227871577,0.4489776227871577,0.0,3.0,3.0,2640.0,501.0,0.0,1.440276026725769,3.522432327270508,4.3066534996032715,8.255393981933594,112.0
dynamic,2,1,265,0.6143771298726399,0.41307974418004356,0.20129738370577493,0.4175723302364349,0.4175723302364349,0.0,3.0,3.0,2650.0,501.0,0.0,1.440276026725769,3.522432327270508,4.3066534996032715,8.255393981933594,112.0
dynamic,2,1,266,0.6788378175099691,0.49279356638590494,0.18604425311088563,0.4515225064754486,0.4515225064754486,0.0,3.0,3.0,2660.0,501.0,0.0,1.440276026725769,3.522432327270508,4.3066534996032715,8.255393981933594,112.0
dynamic,2,1,267,0.6293309279282888,0.4584024178981781,0.17092850526173908,0.45177070538202924,0.45177070538202924,0.0,3.0,3.0,2670.0,501.0,0.0,1.440276026725769,3.522432327270508,4.3066534996032715,8.255393981933594,112.0
dynamic,2,1,268,0.6356740935643515,0.46581404288609823,0.1698600443204244,0.4757513479391734,0.4757513479391734,0.0,3.0,3.0,2680.0,501.0,0.0,1.440276026725769,3.522432327270508,4.3066534996032715,8.255393981933594,112.0
dynamic,2,1,269,0.6272890567779541,0.44343507130940757,0.18385398387908936,0.47234503328800204,0.47234503328800204,0.0,3.0,3.0,2690.0,501.0,0.0,1.440276026725769,3.522432327270508,4.3066534996032715,8.255393981933594,112.0
dynamic,2,1,270,0.6330384047826131,0.4371994972229004,0.19583890557289124,0.47450571914513906,0.47450571914513906,0.0,3.0,3.0,2700.0,501.0,0.0,1.440276026725769,3.522432327270508,4.3066534996032715,8.255393981933594,112.0
dynamic,2,1,271,0.6600947388013204,0.4401878398656845,0.21990689357121784,0.41433124820391337,0.41433124820391337,0.0,3.0,3.0,2710.0,501.0,0.0,1.440276026725769,3.522432327270508,4.3066534996032715,8.255393981933594,112.0
dynamic,2,1,272,0.6404431581497192,0.41492045283317563,0.2255227090915044,0.38608858744303387,0.38608858744303387,0.0,3.0,3.0,2720.0,501.0,0.0,1.440276026725769,3.522432327270508,4.3066534996032715,8.255393981933594,112.0
dynamic,2,1,273,0.6251285592714946,0.4060361838340759,0.21909238119920094,0.4112536954879761,0.4112536954879761,0.0,3.0,3.0,2730.0,501.0,0.0,1.440276026725769,3.522432327270508,4.3066534996032715,8.255393981933594,112.0
dynamic,2,1,274,0.6185577082633972,0.41414355238278705,0.20441415429115295,0.49019160906473797,0.49019160906473797,0.0,3.0,3.0,2740.0,501.0,0.0,1.440276026725769,3.522432327270508,4.3066534996032715,8.255393981933594,112.0
dynamic,2,1,275,0.6583723974227905,0.46924765745798747,0.18912473996480306,0.4584919540087382,0.4584919540087382,0.0,3.0,3.0,2750.0,501.0,0.0,1.440276026725769,3.522432327270508,4.3066534996032715,8.255393981933594,112.0
dynamic,2,1,276,0.6815988826751709,0.5068029761314392,0.1747959021727244,0.4484277828534444,0.4484277828534444,0.0,3.0,3.0,2760.0,501.0,0.0,1.440276026725769,3.522432327270508,4.3066534996032715,8.255393981933594,112.0
dynamic,2,1,277,0.6599033959706624,0.4834220838546753,0.17648131688435872,0.4348699482282003,0.4348699482282003,0.0,3.0,3.0,2770.0,501.0,0.0,1.440276026725769,3.522432327270508,4.3066534996032715,8.255393981933594,112.0
dynamic,2,1,278,0.6191602961222331,0.4314202618598938,0.18774003783861795,0.43079369644323984,0.43079369644323984,0.0,3.0,3.0,2780.0,501.0,0.0,1.440276026725769,3.522432327270508,4.3066534996032715,8.255393981933594,112.0
dynamic,2,1,279,0.6115898688634237,0.40717180093129474,0.2044180663426717,0.4179254349072774,0.4179254349072774,0.0,3.0,3.0,2790.0,501.0,0.0,1.440276026725769,3.522432327270508,4.3066534996032715,8.255393981933594,112.0
dynamic,2,1,280,0.6018516643842061,0.3874806106090546,0.21437105536460876,0.3818586089213689,0.3818586089213689,0.0,3.0,3.0,2800.0,501.0,0.0,1.440276026725769,3.522432327270508,4.3066534996032715,8.255393981933594,112.0
dynamic,2,1,281,0.5779736769199372,0.3692795825004578,0.2086940880616506,0.37630331973234815,0.37630331973234815,0.0,3.0,3.0,2810.0,501.0,0.0,1.440276026725769,3.522432327270508,4.3066534996032715,8.255393981933594,112.0
dynamic,2,1,282,0.5810198410352071,0.3847756894429525,0.19624414145946503,0.39512576897939045,0.39512576897939045,0.0,3.0,3.0,2820.0,501.0,0.0,1.440276026725769,3.522432327270508,4.3066534996032715,8.255393981933594,112.0
dynamic,2,1,283,0.6427620951334635,0.450438772837321,0.19232332865397136,0.40626655240853626,0.40626655240853626,0.0,3.0,3.0,2830.0,501.0,0.0,1.440276026725769,3.522432327270508,4.3066534996032715,8.255393981933594,112.0
dynamic,2,1,284,0.6783190488815307,0.4930590653419495,0.18525996963183086,0.527200938463211,0.527200938463211,0.0,3.0,3.0,2840.0,501.0,0.0,1.440276026725769,3.522432327270508,4.3066534996032715,8.255393981933594,112.0
dynamic,2,1,285,0.6612035942077636,0.4883180777231852,0.17288550853729248,0.45382829089959464,0.45382829089959464,0.0,3.0,3.0,2850.0,501.0,0.0,1.440276026725769,3.522432327270508,4.3066534996032715,8.255393981933594,112.0
dynamic,2,1,286,0.6352752701441446,0.44572142243385315,0.18955385088920593,0.4512139852841695,0.4512139852841695,0.0,3.0,3.0,2860.0,501.0,0.0,1.440276026725769,3.522432327270508,4.3066534996032715,8.255393981933594,112.0
dynamic,2,1,287,0.6334574007987976,0.43419090072313943,0.19926650325457254,0.4175395562251409,0.4175395562251409,0.0,3.0,3.0,2870.0,501.0,0.0,1.440276026725769,3.522432327270508,4.3066534996032715,8.255393981933594,112.0
dynamic,2,1,288,0.6131449524561564,0.4075726008415222,0.2055723430713018,0.4189119746287664,0.4189119746287664,0.0,3.0,3.0,2880.0,501.0,0.0,1.440276026725769,3.522432327270508,4.3066534996032715,8.255393981933594,112.0
dynamic,2,1,289,0.588807901541392,0.3712002964814504,0.21760761300722758,0.3762642933924993,0.3762642933924993,0.0,3.0,3.0,2890.0,501.0,0.0,1.440276026725769,3.522432327270508,4.3066534996032715,8.255393981933594,112.0
dynamic,2,1,290,0.5894534691174825,0.3834918415546417,0.20596161862214407,0.3944092281659444,0.3944092281659444,0.0,3.0,3.0,2900.0,501.0,0.0,1.440276026725769,3.522432327270508,4.3066534996032715,8.255393981933594,112.0
dynamic,2,1,291,0.6001238226890564,0.40207422733306886,0.19804959634939828,0.39546610216299694,0.39546610216299694,0.0,3.0,3.0,2910.0,501.0,0.0,1.440276026725769,3.522432327270508,4.3066534996032715,8.255393981933594,112.0
dynamic,2,1,292,0.6445386123657226,0.44422858715057373,0.20031002402305603,0.4840387320518494,0.4840387320518494,0.0,3.0,3.0,2920.0,501.0,0.0,1.440276026725769,3.522432327270508,4.3066534996032715,8.255393981933594,112.0
dynamic,2,1,293,0.6689706707000732,0.47907774925231933,0.18989293058713277,0.4189419426520665,0.4189419426520665,0.0,3.0,3.0,2930.0,501.0,0.0,1.440276026725769,3.522432327270508,4.3066534996032715,8.255393981933594,112.0
dynamic,2,1,294,0.6957189416885377,0.5086893479029337,0.18702959100405375,0.4832585614919662,0.4832585614919662,0.0,3.0,3.0,2940.0,501.0,0.0,1.440276026725769,3.522432327270508,4.3066534996032715,8.255393981933594,112.0
dynamic,2,1,295,0.6713987159729004,0.4866156033674876,0.1847831110159556,0.4576147419214249,0.4576147419214249,0.0,3.0,3.0,2950.0,501.0,0.0,1.440276026725769,3.522432327270508,4.3066534996032715,8.255393981933594,112.0
dynamic,2,1,296,0.6275725324948629,0.43035954554875694,0.1972129911184311,0.4506452927986781,0.4506452927986781,0.0,3.0,3.0,2960.0,501.0,0.0,1.440276026725769,3.522432327270508,4.3066534996032715,8.255393981933594,112.0
dynamic,2,1,297,0.61923424243927,0.4085462220509847,0.21068801681200663,0.4154396543900172,0.4154396543900172,0.0,3.0,3.0,2970.0,501.0,0.0,1.440276026725769,3.522432327270508,4.3066534996032715,8.255393981933594,112.0
dynamic,2,1,298,0.6417265280087789,0.4110569552580516,0.23066957910855612,0.4067384821176529,0.4067384821176529,0.0,3.0,3.0,2980.0,501.0,0.0,1.440276026725769,3.522432327270508,4.3066534996032715,8.255393981933594,112.0
dynamic,2,1,299,0.6134841259320577,0.3860455544789632,0.22743857085704802,0.38534337977568306,0.38534337977568306,0.0,3.0,3.0,2990.0,501.0,0.0,1.440276026725769,3.522432327270508,4.3066534996032715,8.255393981933594,112.0
dynamic,2,1,300,0.6185971212387085,0.4006853346029917,0.21791178822517396,0.42001636683940885,0.42001636683940885,0.0,3.0,3.0,3000.0,501.0,0.0,1.440276026725769,3.522432327270508,4.3066534996032715,8.255393981933594,112.0
dynamic,2,1,301,0.6162393490473429,0.4120182132720947,0.2042211425304413,0.4447175526618958,0.4447175526618958,0.0,3.0,3.0,3010.0,501.0,0.0,1.440276026725769,3.522432327270508,4.3066534996032715,8.255393981933594,112.0
dynamic,2,1,302,0.6690264781316121,0.47334864616394046,0.1956778415044149,0.457236980398496,0.457236980398496,0.0,3.0,3.0,3020.0,501.0,0.0,1.440276026725769,3.522432327270508,4.3066534996032715,8.255393981933594,112.0
dynamic,2,1,303,0.6782088796297709,0.49555511395136514,0.1826537545522054,0.48348253071308134,0.48348253071308134,0.0,3.0,3.0,3030.0,501.0,0.0,1.440276026725769,3.522432327270508,4.3066534996032715,8.255393981933594,112.0
dynamic,2,1,304,0.6742999013264974,0.4952502806981405,0.17904961943626405,0.4794219293196996,0.4794219293196996,0.0,3.0,3.0,3040.0,501.0,0.0,1.440276026725769,3.522432327270508,4.3066534996032715,8.255393981933594,112.0
dynamic,2,1,305,0.6329904047648112,0.45086210330327353,0.18212829947471618,0.43747680107752485,0.43747680107752485,0.0,3.0,3.0,3050.0,501.0,0.0,1.440276026725769,3.522432327270508,4.3066534996032715,8.255393981933594,112.0
dynamic,2,1,306,0.6018557111422221,0.4034179123242696,0.1984377924601237,0.4136550339063009,0.4136550339063009,0.0,3.0,3.0,3060.0,501.0,0.0,1.440276026725769,3.522432327270508,4.3066534996032715,8.255393981933594,112.0
dynamic,2,1,307,0.6254370403289795,0.4051311906178792,0.22030585924784343,0.38968062539895376,0.38968062539895376,0.0,3.0,3.0,3070.0,501.0,0.0,1.440276026725769,3.522432327270508,4.3066534996032715,8.255393981933594,112.0
dynamic,2,1,308,0.6118443981806437,0.3929623341560364,0.21888207157452902,0.3621125362316767,0.3621125362316767,0.0,3.0,3.0,3080.0,501.0,0.0,1.440276026725769,3.522432327270508,4.3066534996032715,8.255393981933594,112.0
dynamic,2,1,309,0.6119553025563558,0.3897123126188914,0.2222429915269216,0.3492604794104894,0.3492604794104894,0.0,3.0,3.0,3090.0,501.0,0.0,1.440276026725769,3.522432327270508,4.3066534996032715,8.255393981933594,112.0
dynamic,2,1,310,0.6027509562174479,0.39689704020818073,0.20585391720136006,0.40295236130555473,0.40295236130555473,0.0,3.0,3.0,3100.0,501.0,0.0,1.440276026725769,3.522432327270508,4.3066534996032715,8.255393981933594,112.0
dynamic,2,1,311,0.5970083101590474,0.399922829469045,0.19708547910054525,0.3701124592622121,0.3701124592622121,0.0,3.0,3.0,3110.0,501.0,0.0,1.440276026725769,3.522432327270508,4.3066534996032715,8.255393981933594,112.0
dynamic,2,1,312,0.6186943467458089,0.42484060366948445,0.19385374267896016,0.4427679475148519,0.4427679475148519,0.0,3.0,3.0,3120.0,501.0,0.0,1.440276026725769,3.522432327270508,4.3066534996032715,8.255393981933594,112.0
dynamic,2,1,313,0.6367871356010437,0.45221004406611126,0.18457709153493246,0.425928337375323,0.425928337375323,0.0,3.0,3.0,3130.0,501.0,0.0,1.440276026725769,3.522432327270508,4.3066534996032715,8.255393981933594,112.0
dynamic,2,1,314,0.6470100418726603,0.4688471758365631,0.17816286762555442,0.43699056943257647,0.43699056943257647,0.0,3.0,3.0,3140.0,501.0,0.0,1.440276026725769,3.522432327270508,4.3066534996032715,8.255393981933594,112.0
dynamic,2,1,315,0.6208310071627299,0.44344118316968284,0.17738983352979024,0.44937491714954375,0.44937491714954375,0.0,3.0,3.0,3150.0,501.0,0.0,1.440276026725769,3.522432327270508,4.3066534996032715,8.255393981933594,112.0
dynamic,2,1,316,0.6308611790339153,0.4364776380856832,0.19438355147838593,0.43668757875760394,0.43668757875760394,0.0,3.0,3.0,3160.0,501.0,0.0,1.440276026725769,3.522432327270508,4.3066534996032715,8.255393981933594,112.0
dynamic,2,1,317,0.59380033493042,0.3799819322427114,0.21381840546925862,0.39979958375295005,0.39979958375295005,0.0,3.0,3.0,3170.0,501.0,0.0,1.440276026725769,3.522432327270508,4.3066534996032715,8.255393981933594,112.0
dynamic,2,1,318,0.5782813549041748,0.3548001432418823,0.22348121325174966,0.36006316979726155,0.36006316979726155,0.0,3.0,3.0,3180.0,501.0,0.0,1.440276026725769,3.522432327270508,4.3066534996032715,8.255393981933594,112.0
dynamic,2,1,319,0.5822212314605713,0.36513321558634443,0.2170880154768626,0.3589219089349111,0.3589219089349111,0.0,3.0,3.0,3190.0,501.0,0.0,1.440276026725769,3.522432327270508,4.3066534996032715,8.255393981933594,112.0
dynamic,2,1,320,0.5618591940402985,0.3527716581026713,0.20908754070599875,0.38586336493492124,0.38586336493492124,0.0,3.0,3.0,3200.0,501.0,0.0,1.440276026725769,3.522432327270508,4.3066534996032715,8.255393981933594,112.0
dynamic,2,1,321,0.5608681484063467,0.36328682184219363,0.19758132815361024,0.4219192681709925,0.4219192681709925,0.0,3.0,3.0,3210.0,501.0,0.0,1.440276026725769,3.522432327270508,4.3066534996032715,8.255393981933594,112.0
dynamic,2,1,322,0.5955402207374573,0.4051764671007792,0.1903637409210205,0.3887962965170542,0.3887962965170542,0.0,3.0,3.0,3220.0,501.0,0.0,1.440276026725769,3.522432327270508,4.3066534996032715,8.255393981933594,112.0
dynamic,2,1,323,0.647091646194458,0.4584094866116842,0.18868215262889862,0.4268297032515208,0.4268297032515208,0.0,3.0,3.0,3230.0,501.0,0.0,1.440276026725769,3.522432327270508,4.3066534996032715,8.255393981933594,112.0
dynamic,2,1,324,0.6696657093365987,0.49016655365626016,0.17949915885925294,0.47474161684513094,0.47474161684513094,0.0,3.0,3.0,3240.0,501.0,0.0,1.440276026725769,3.522432327270508,4.3066534996032715,8.255393981933594,112.0
dynamic,2,1,325,0.6656939125061035,0.4844374704360962,0.1812564367055893,0.4601427388191223,0.4601427388191223,0.0,3.0,3.0,3250.0,501.0,0.0,1.440276026725769,3.522432327270508,4.3066534996032715,8.255393981933594,112.0
dynamic,2,1,326,0.6148509947458903,0.42507652242978416,0.18977446635564169,0.4420581821600596,0.4420581821600596,0.0,3.0,3.0,3260.0,501.0,0.0,1.440276026725769,3.522432327270508,4.3066534996032715,8.255393981933594,112.0
dynamic,2,1,327,0.6096945277849833,0.400986613035202,0.2087079147497813,0.399244451324145,0.399244451324145,0.0,3.0,3.0,3270.0,501.0,0.0,1.440276026725769,3.522432327270508,4.3066534996032715,8.255393981933594,112.0
dynamic,2,1,328,0.6020245524247487,0.37957111457983655,0.222453444202741,0.359069585998853,0.359069585998853,0.0,3.0,3.0,3280.0,501.0,0.0,1.440276026725769,3.522432327270508,4.3066534996032715,8.255393981933594,112.0
dynamic,2,1,329,0.5911496841907501,0.37277107159296674,0.21837862054506937,0.3667381169398626,0.3667381169398626,0.0,3.0,3.0,3290.0,501.0,0.0,1.440276026725769,3.522432327270508,4.3066534996032715,8.255393981933594,112.0
dynamic,2,1,330,0.5592207928498586,0.3492929212252299,0.20992787480354308,0.3582849206527074,0.3582849206527074,0.0,3.0,3.0,3300.0,501.0,0.0,1.440276026725769,3.522432327270508,4.3066534996032715,8.255393981933594,112.0
dynamic,2,1,331,0.5726920286814372,0.3709942615032196,0.20169776459534963,0.3813359626134237,0.3813359626134237,0.0,3.0,3.0,3310.0,501.0,0.0,1.440276026725769,3.522432327270508,4.3066534996032715,8.255393981933594,112.0
dynamic,2,1,332,0.5979422028859457,0.4052181653181712,0.1927240365743637,0.3791347901026408,0.3791347901026408,0.0,3.0,3.0,3320.0,501.0,0.0,1.440276026725769,3.522432327270508,4.3066534996032715,8.255393981933594,112.0
dynamic,2,1,333,0.6355364664395651,0.4490941870212555,0.186442266702652,0.4144377513726552,0.4144377513726552,0.0,3.0,3.0,3330.0,501.0,0.0,1.440276026725769,3.522432327270508,4.3066534996032715,8.255393981933594,112.0
dynamic,2,1,334,0.6480518873532614,0.4703234601020813,0.17772842725118002,0.4455993254979452,0.4455993254979452,0.0,3.0,3.0,3340.0,501.0,0.0,1.440276026725769,3.522432327270508,4.3066534996032715,8.255393981933594,112.0
dynamic,2,1,335,0.6231175676981608,0.44970571319262187,0.17341185092926026,0.444734831849734,0.444734831849734,0.0,3.0,3.0,3350.0,501.0,0.0,1.440276026725769,3.522432327270508,4.3066534996032715,8.255393981933594,112.0
dynamic,2,1,336,0.6324833257993062,0.4539935819307963,0.17848975757757823,0.45776381969451907,0.45776381969451907,0.0,3.0,3.0,3360.0,501.0,0.0,1.440276026725769,3.522432327270508,4.3066534996032715,8.255393981933594,112.0
dynamic,2,1,337,0.6328219898541768,0.4466367264588674,0.18618526339530944,0.42520201961199444,0.42520201961199444,0.0,3.0,3.0,3370.0,501.0,0.0,1.440276026725769,3.522432327270508,4.3066534996032715,8.255393981933594,112.0
dynamic,2,1,338,0.5799709606170654,0.3859711229801178,0.19399984459082287,0.397493573029836,0.397493573029836,0.0,3.0,3.0,3380.0,501.0,0.0,1.440276026725769,3.522432327270508,4.3066534996032715,8.255393981933594,112.0
dynamic,2,1,339,0.5536822589238485,0.35782561580340067,0.1958566451072693,0.3492584329843521,0.3492584329843521,0.0,3.0,3.0,3390.0,501.0,0.0,1.440276026725769,3.522432327270508,4.3066534996032715,8.255393981933594,112.0
dynamic,2,1,340,0.5363230069478353,0.3470073489348094,0.18931564529736836,0.33209248264630636,0.33209248264630636,0.0,3.0,3.0,3400.0,501.0,0.0,1.440276026725769,3.522432327270508,4.3066534996032715,8.255393981933594,112.0
dynamic,2,1,341,0.5212594191233317,0.3332075889905294,0.18805182258288067,0.3432227243979772,0.3432227243979772,0.0,3.0,3.0,3410.0,501.0,0.0,1.440276026725769,3.522432327270508,4.3066534996032715,8.255393981933594,112.0
dynamic,2,1,342,0.5219986232121786,0.3398115134239197,0.18218710978825886,0.35143694798151653,0.35143694798151653,0.0,3.0,3.0,3420.0,501.0,0.0,1.440276026725769,3.522432327270508,4.3066534996032715,8.255393981933594,112.0
dynamic,2,1,343,0.5268217158317566,0.34401329080263776,0.18280842026074728,0.3593600422143936,0.3593600422143936,0.0,3.0,3.0,3430.0,501.0,0.0,1.440276026725769,3.522432327270508,4.3066534996032715,8.255393981933594,112.0
dynamic,2,1,344,0.5628749791781108,0.3798606038093567,0.18301437218983968,0.3518240797519684,0.3518240797519684,0.0,3.0,3.0,3440.0,501.0,0.0,1.440276026725769,3.522432327270508,4.3066534996032715,8.255393981933594,112.0
dynamic,2,1,345,0.6292949636777242,0.4436500402291616,0.18564492980639138,0.3762925511598587,0.3762925511598587,0.0,3.0,3.0,3450.0,501.0,0.0,1.440276026725769,3.522432327270508,4.3066534996032715,8.255393981933594,112.0
dynamic,2,1,346,0.655656050046285,0.47304983377456666,0.18260621349016826,0.43730975488821666,0.43730975488821666,0.0,3.0,3.0,3460.0,501.0,0.0,1.440276026725769,3.522432327270508,4.3066534996032715,8.255393981933594,112.0
dynamic,2,1,347,0.6307398994763692,0.4546895615259806,0.1760503379503886,0.4365729687611262,0.4365729687611262,0.0,3.0,3.0,3470.0,501.0,0.0,1.440276026725769,3.522432327270508,4.3066534996032715,8.255393981933594,112.0
dynamic,2,1,348,0.6283844868342082,0.45362146258354186,0.17476300557454427,0.43127576728661854,0.43127576728661854,0.0,3.0,3.0,3480.0,501.0,0.0,1.440276026725769,3.522432327270508,4.3066534996032715,8.255393981933594,112.0
dynamic,2,1,349,0.6173044872283936,0.42971916516621905,0.18758532563845318,0.4224460905790329,0.4224460905790329,0.0,3.0,3.0,3490.0,501.0,0.0,1.440276026725769,3.522432327270508,4.3066534996032715,8.255393981933594,112.0
dynamic,2,1,350,0.5909545882542928,0.38368789037068685,0.20726669947306314,0.36354105969270073,0.36354105969270073,0.0,3.0,3.0,3500.0,501.0,0.0,1.440276026725769,3.522432327270508,4.3066534996032715,8.255393981933594,112.0
dynamic,2,1,351,0.5745598475138346,0.3653703991572062,0.20918944040934245,0.3494941830635071,0.3494941830635071,0.0,3.0,3.0,3510.0,501.0,0.0,1.440276026725769,3.522432327270508,4.3066534996032715,8.255393981933594,112.0
dynamic,2,1,352,0.5691565529505411,0.3552654679616292,0.21389108121395112,0.3369837919871012,0.3369837919871012,0.0,3.0,3.0,3520.0,501.0,0.0,1.440276026725769,3.522432327270508,4.3066534996032715,8.255393981933594,112.0
dynamic,2,1,353,0.5646070233980814,0.35890612959861756,0.20570090015729267,0.3562257695198059,0.3562257695198059,0.0,3.0,3.0,3530.0,501.0,0.0,1.440276026725769,3.522432327270508,4.3066534996032715,8.255393981933594,112.0
dynamic,2,1,354,0.5565719032287597,0.35986554543177285,0.19670635720094046,0.34242523709932965,0.34242523709932965,0.0,3.0,3.0,3540.0,501.0,0.0,1.440276026725769,3.522432327270508,4.3066534996032715,8.255393981933594,112.0
dynamic,2,1,355,0.585074184735616,0.3903709673881531,0.19470321575800578,0.36916069527467094,0.36916069527467094,0.0,3.0,3.0,3550.0,501.0,0.0,1.440276026725769,3.522432327270508,4.3066534996032715,8.255393981933594,112.0
dynamic,2,1,356,0.5950828886032105,0.4097157378991445,0.1853671443462372,0.3891086063782374,0.3891086063782374,0.0,3.0,3.0,3560.0,501.0,0.0,1.440276026725769,3.522432327270508,4.3066534996032715,8.255393981933594,112.0
dynamic,2,1,357,0.638914028008779,0.455861349105835,0.18305268744627634,0.4282255212465922,0.4282255212465922,0.0,3.0,3.0,3570.0,501.0,0.0,1.440276026725769,3.522432327270508,4.3066534996032715,8.255393981933594,112.0
dynamic,2,1,358,0.6423163473606109,0.46667741338411967,0.1756389339764913,0.4493588715791702,0.4493588715791702,0.0,3.0,3.0,3580.0,501.0,0.0,1.440276026725769,3.522432327270508,4.3066534996032715,8.255393981933594,112.0
dynamic,2,1,359,0.6252547311782837,0.45039660771687823,0.17485812703768414,0.4434611680110296,0.4434611680110296,0.0,3.0,3.0,3590.0,501.0,0.0,1.440276026725769,3.522432327270508,4.3066534996032715,8.255393981933594,112.0
dynamic,2,1,360,0.604474147160848,0.41628664950529737,0.18818748752276102,0.439392827351888,0.439392827351888,0.0,3.0,3.0,3600.0,501.0,0.0,1.440276026725769,3.522432327270508,4.3066534996032715,8.255393981933594,112.0
dynamic,2,1,361,0.6137608289718628,0.41190348704655966,0.2018573413292567,0.40124348163604734,0.40124348163604734,0.0,3.0,3.0,3610.0,501.0,0.0,1.440276026725769,3.522432327270508,4.3066534996032715,8.255393981933594,112.0
dynamic,2,1,362,0.599972734451294,0.3857497449715932,0.2142229914665222,0.3658569391568502,0.3658569391568502,0.0,3.0,3.0,3620.0,501.0,0.0,1.440276026725769,3.522432327270508,4.3066534996032715,8.255393981933594,112.0
dynamic,2,1,363,0.5804549487431844,0.3581326901912689,0.22232225596904753,0.33056309203306833,0.33056309203306833,0.0,3.0,3.0,3630.0,501.0,0.0,1.440276026725769,3.522432327270508,4.3066534996032715,8.255393981933594,112.0
dynamic,2,1,364,0.5592807579040527,0.34547736128171286,0.21380339662233988,0.33519347151120504,0.33519347151120504,0.0,3.0,3.0,3640.0,501.0,0.0,1.440276026725769,3.522432327270508,4.3066534996032715,8.255393981933594,112.0
dynamic,2,1,365,0.5440164709091186,0.3412854131062826,0.2027310566107432,0.34163871546586355,0.34163871546586355,0.0,3.0,3.0,3650.0,501.0,0.0,1.440276026725769,3.522432327270508,4.3066534996032715,8.255393981933594,112.0
dynamic,2,1,366,0.5473816553751628,0.34866260886192324,0.19871904134750365,0.3760195912917455,0.3760195912917455,0.0,3.0,3.0,3660.0,501.0,0.0,1.440276026725769,3.522432327270508,4.3066534996032715,8.255393981933594,112.0
dynamic,2,1,367,0.5930067420005798,0.40436230500539144,0.1886444252729416,0.38832776367664334,0.38832776367664334,0.0,3.0,3.0,3670.0,501.0,0.0,1.440276026725769,3.522432327270508,4.3066534996032715,8.255393981933594,112.0
dynamic,2,1,368,0.6104128702481588,0.4218448559443156,0.18856802801291148,0.3800992316007614,0.3800992316007614,0.0,3.0,3.0,3680.0,501.0,0.0,1.440276026725769,3.522432327270508,4.3066534996032715,8.255393981933594,112.0
dynamic,2,1,369,0.6211964376767476,0.4384914215405782,0.1827050123612086,0.42097633878389995,0.42097633878389995,0.0,3.0,3.0,3690.0,501.0,0.0,1.440276026725769,3.522432327270508,4.3066534996032715,8.255393981933594,112.0
dynamic,2,1,370,0.6696190019448598,0.48857567985852557,0.18104332844416302,0.4535118951400121,0.4535118951400121,0.0,3.0,3.0,3700.0,501.0,0.0,1.440276026725769,3.522432327270508,4.3066534996032715,8.255393981933594,112.0
dynamic,2,1,371,0.6306306600570679,0.4513550309340159,0.17927563190460205,0.4511826781431834,0.4511826781431834,0.0,3.0,3.0,3710.0,501.0,0.0,1.440276026725769,3.522432327270508,4.3066534996032715,8.255393981933594,112.0
dynamic,2,1,372,0.6289831844965617,0.44037002325057983,0.18861316442489623,0.43781745036443076,0.43781745036443076,0.0,3.0,3.0,3720.0,501.0,0.0,1.440276026725769,3.522432327270508,4.3066534996032715,8.255393981933594,112.0
dynamic,2,1,373,0.5957123986879984,0.3933294717470805,0.20238293011983235,0.41287856380144755,0.41287856380144755,0.0,3.0,3.0,3730.0,501.0,0.0,1.440276026725769,3.522432327270508,4.3066534996032715,8.255393981933594,112.0
dynamic,2,1,374,0.5719940551122029,0.3580291295051575,0.21396492719650267,0.3573873529831568,0.3573873529831568,0.0,3.0,3.0,3740.0,501.0,0.0,1.440276026725769,3.522432327270508,4.3066534996032715,8.255393981933594,112.0
dynamic,2,1,375,0.5746117424964905,0.3623099795977275,0.2123017692565918,0.3473166477680206,0.3473166477680206,0.0,3.0,3.0,3750.0,501.0,0.0,1.440276026725769,3.522432327270508,4.3066534996032715,8.255393981933594,112.0
dynamic,2,1,376,0.568544883330663,0.36229995846748353,0.20624492486317952,0.34531498730182647,0.34531498730182647,0.0,3.0,3.0,3760.0,501.0,0.0,1.440276026725769,3.522432327270508,4.3066534996032715,8.255393981933594,112.0
dynamic,2,1,377,0.5462991627057393,0.34937589208285014,0.1969232807556788,0.3774068679412206,0.3774068679412206,0.0,3.0,3.0,3770.0,501.0,0.0,1.440276026725769,3.522432327270508,4.3066534996032715,8.255393981933594,112.0
dynamic,2,1,378,0.5749497199058533,0.3799532103538513,0.19499650955200196,0.35094177623589834,0.35094177623589834,0.0,3.0,3.0,3780.0,501.0,0.0,1.440276026725769,3.522432327270508,4.3066534996032715,8.255393981933594,112.0
dynamic,2,1,379,0.5973580924669901,0.40474787712097166,0.19261021157105765,0.3786026132106781,0.3786026132106781,0.0,3.0,3.0,3790.0,501.0,0.0,1.440276026725769,3.522432327270508,4.3066534996032715,8.255393981933594,112.0
dynamic,2,1,380,0.6188780808448792,0.4340104897816976,0.18486759742101033,0.4052704791227976,0.4052704791227976,0.0,3.0,3.0,3800.0,501.0,0.0,1.440276026725769,3.522432327270508,4.3066534996032715,8.255393981933594,112.0
dynamic,2,1,381,0.6383505078156789,0.46048908710479736,0.17786141594250998,0.4407458617289861,0.4407458617289861,0.0,3.0,3.0,3810.0,501.0,0.0,1.440276026725769,3.522432327270508,4.3066534996032715,8.255393981933594,112.0
dynamic,2,1,382,0.6363501620292663,0.4662458475430806,0.1701043297847112,0.4446723886330922,0.4446723886330922,0.0,3.0,3.0,3820.0,501.0,0.0,1.440276026725769,3.522432327270508,4.3066534996032715,8.255393981933594,112.0
dynamic,2,1,383,0.603192617893219,0.4343935473759969,0.16879907151063284,0.4665772471825282,0.4665772471825282,0.0,3.0,3.0,3830.0,501.0,0.0,1.440276026725769,3.522432327270508,4.3066534996032715,8.255393981933594,112.0
dynamic,2,1,384,0.5923140915234884,0.42721867640813194,0.165095427831014,0.4288508633772532,0.4288508633772532,0.0,3.0,3.0,3840.0,501.0,0.0,1.440276026725769,3.522432327270508,4.3066534996032715,8.255393981933594,112.0
dynamic,2,1,385,0.5471632146835327,0.3782998021443685,0.16886341730753582,0.3842460489273071,0.3842460489273071,0.0,3.0,3.0,3850.0,501.0,0.0,1.440276026725769,3.522432327270508,4.3066534996032715,8.255393981933594,112.0
dynamic,2,1,386,0.5359111714363098,0.3629591623942057,0.17295201381047567,0.34524369617303213,0.34524369617303213,0.0,3.0,3.0,3860.0,501.0,0.0,1.440276026725769,3.522432327270508,4.3066534996032715,8.255393981933594,112.0
dynamic,2,1,387,0.5103640906016031,0.3391240664323171,0.17124001820882162,0.32793650567531585,0.32793650567531585,0.0,3.0,3.0,3870.0,501.0,0.0,1.440276026725769,3.522432327270508,4.3066534996032715,8.255393981933594,112.0
dynamic,2,1,388,0.5032789921760559,0.3445009100437164,0.15877808372179666,0.3226434087753296,0.3226434087753296,0.0,3.0,3.0,3880.0,501.0,0.0,1.440276026725769,3.522432327270508,4.3066534996032715,8.255393981933594,112.0
dynamic,2,1,389,0.4853931681315104,0.33295687039693195,0.15243629932403566,0.3210825657844543,0.3210825657844543,0.0,3.0,3.0,3890.0,501.0,0.0,1.440276026725769,3.522432327270508,4.3066534996032715,8.255393981933594,112.0
dynamic,2,1,390,0.4873270332813263,0.33544893860816954,0.15187809149424236,0.3185207583506902,0.3185207583506902,0.0,3.0,3.0,3900.0,501.0,0.0,1.440276026725769,3.522432327270508,4.3066534996032715,8.255393981933594,112.0
dynamic,2,1,391,0.4952578922112783,0.34054442584514616,0.1547134663661321,0.3766567093133926,0.3766567093133926,0.0,3.0,3.0,3910.0,501.0,0.0,1.440276026725769,3.522432327270508,4.3066534996032715,8.255393981933594,112.0
dynamic,2,1,392,0.5135920981566111,0.3545630685488383,0.1590290359656016,0.3200647081931432,0.3200647081931432,0.0,3.0,3.0,3920.0,501.0,0.0,1.440276026725769,3.522432327270508,4.3066534996032715,8.255393981933594,112.0
dynamic,2,1,393,0.5266430695851644,0.35821433703104655,0.1684287319580714,0.339806206425031,0.339806206425031,0.0,3.0,3.0,3930.0,501.0,0.0,1.440276026725769,3.522432327270508,4.3066534996032715,8.255393981933594,112.0
dynamic,2,1,394,0.5867839455604553,0.41444759964942934,0.17233635544776915,0.3725568121671677,0.3725568121671677,0.0,3.0,3.0,3940.0,501.0,0.0,1.440276026725769,3.522432327270508,4.3066534996032715,8.255393981933594,112.0
dynamic,2,1,395,0.6285652367273966,0.45615377426147463,0.17241146564483642,0.4191599484284719,0.4191599484284719,0.0,3.0,3.0,3950.0,501.0,0.0,1.440276026725769,3.522432327270508,4.3066534996032715,8.255393981933594,112.0
dynamic,2,1,396,0.6056212997436523,0.43917865594228106,0.16644263525803885,0.41698410371939343,0.41698410371939343,0.0,3.0,3.0,3960.0,501.0,0.0,1.440276026725769,3.522432327270508,4.3066534996032715,8.255393981933594,112.0
dynamic,2,1,397,0.592871987024943,0.4236823646227519,0.1691896096865336,0.41593220551808674,0.41593220551808674,0.0,3.0,3.0,3970.0,501.0,0.0,1.440276026725769,3.522432327270508,4.3066534996032715,8.255393981933594,112.0
dynamic,2,1,398,0.586050922870636,0.4150798126061757,0.1709711092710495,0.4052484597762426,0.4052484597762426,0.0,3.0,3.0,3980.0,501.0,0.0,1.440276026725769,3.522432327270508,4.3066534996032715,8.255393981933594,112.0
dynamic,2,1,399,0.5518681446711222,0.364869905312856,0.18699824730555217,0.33072802404562635,0.33072802404562635,0.0,3.0,3.0,3990.0,501.0,0.0,1.440276026725769,3.522432327270508,4.3066534996032715,8.255393981933594,112.0
dynamic,2,1,400,0.5508255370457967,0.35309203386306764,0.19773350576559703,0.3204903056224187,0.3204903056224187,0.0,3.0,3.0,4000.0,501.0,0.0,1.440276026725769,3.522432327270508,4.3066534996032715,8.255393981933594,112.0
dynamic,2,1,401,0.554360051949819,0.3570292898019155,0.19733076433340707,0.3367068475484848,0.3367068475484848,0.0,3.0,3.0,4010.0,501.0,0.0,1.440276026725769,3.522432327270508,4.3066534996032715,8.255393981933594,112.0
dynamic,2,1,402,0.5682887395222982,0.37378522674242654,0.1945035187403361,0.33516798694928485,0.33516798694928485,0.0,3.0,3.0,4020.0,501.0,0.0,1.440276026725769,3.522432327270508,4.3066534996032715,8.255393981933594,112.0
dynamic,2,1,403,0.5521501223246257,0.36118663946787516,0.19096347113450368,0.33791507661342624,0.33791507661342624,0.0,3.0,3.0,4030.0,501.0,0.0,1.440276026725769,3.522432327270508,4.3066534996032715,8.255393981933594,112.0
dynamic,2,1,404,0.5759363619486491,0.38659422675768534,0.18934213201204936,0.3652639796336492,0.3652639796336492,0.0,3.0,3.0,4040.0,501.0,0.0,1.440276026725769,3.522432327270508,4.3066534996032715,8.255393981933594,112.0
dynamic,2,1,405,0.617381153901418,0.4393341155846914,0.17804704308509828,0.38761657575766245,0.38761657575766245,0.0,3.0,3.0,4050.0,501.0,0.0,1.440276026725769,3.522432327270508,4.3066534996032715,8.255393981933594,112.0
dynamic,2,1,406,0.6196452784538269,0.44436500946680707,0.17528027057647705,0.42707781612873075,0.42707781612873075,0.0,3.0,3.0,4060.0,501.0,0.0,1.440276026725769,3.522432327270508,4.3066534996032715,8.255393981933594,112.0
dynamic,2,1,407,0.6140263692537944,0.4454994523525238,0.168526917497317,0.44482835292816164,0.44482835292816164,0.0,3.0,3.0,4070.0,501.0,0.0,1.440276026725769,3.522432327270508,4.3066534996032715,8.255393981933594,112.0
dynamic,2,1,408,0.6228969009717306,0.4567025629679362,0.1661943342288335,0.4458197238047918,0.4458197238047918,0.0,3.0,3.0,4080.0,501.0,0.0,1.440276026725769,3.522432327270508,4.3066534996032715,8.255393981933594,112.0
dynamic,2,1,409,0.6139645250638326,0.45292519410451254,0.16103932877381644,0.4908257375160853,0.4908257375160853,0.0,3.0,3.0,4090.0,501.0,0.0,1.440276026725769,3.522432327270508,4.3066534996032715,8.255393981933594,112.0
dynamic,2,1,410,0.5819857589403789,0.42859978636105855,0.15338596522808076,0.410386717915535,0.410386717915535,0.0,3.0,3.0,4100.0,501.0,0.0,1.440276026725769,3.522432327270508,4.3066534996032715,8.255393981933594,112.0
dynamic,2,1,411,0.5433896970748902,0.37840575734774273,0.1649839448928833,0.3608441547552745,0.3608441547552745,0.0,3.0,3.0,4110.0,501.0,0.0,1.440276026725769,3.522432327270508,4.3066534996032715,8.255393981933594,112.0
dynamic,2,1,412,0.5130753215154013,0.34196794430414834,0.17110737502574921,0.3353414291143417,0.3353414291143417,0.0,3.0,3.0,4120.0,501.0,0.0,1.440276026725769,3.522432327270508,4.3066534996032715,8.255393981933594,112.0
dynamic,2,1,413,0.5096715331077576,0.3523889060815175,0.1572826317946116,0.3315124829610189,0.3315124829610189,0.0,3.0,3.0,4130.0,501.0,0.0,1.440276026725769,3.522432327270508,4.3066534996032715,8.255393981933594,112.0
dynamic,2,1,414,0.49602026224136353,0.3466013769308726,0.14941888848940532,0.33016864438851673,0.33016864438851673,0.0,3.0,3.0,4140.0,501.0,0.0,1.440276026725769,3.522432327270508,4.3066534996032715,8.255393981933594,112.0
dynamic,2,1,415,0.47310229380925495,0.33069756110509235,0.14240472535292306,0.32666459341843923,0.32666459341843923,0.0,3.0,3.0,4150.0,501.0,0.0,1.440276026725769,3.522432327270508,4.3066534996032715,8.255393981933594,112.0
dynamic,2,1,416,0.4570395453770955,0.3207437988122304,0.1362957497437795,0.32577220380306243,0.32577220380306243,0.0,3.0,3.0,4160.0,501.0,0.0,1.440276026725769,3.522432327270508,4.3066534996032715,8.255393981933594,112.0
dynamic,2,1,417,0.46489169160525007,0.32738022843996684,0.1375114631652832,0.31624456425507863,0.31624456425507863,0.0,3.0,3.0,4170.0,501.0,0.0,1.440276026725769,3.522432327270508,4.3066534996032715,8.255393981933594,112.0
dynamic,2,1,418,0.4945819886525472,0.34784645001093545,0.14673553983370463,0.3180610068639119,0.3180610068639119,0.0,3.0,3.0,4180.0,501.0,0.0,1.440276026725769,3.522432327270508,4.3066534996032715,8.255393981933594,112.0
dynamic,2,1,419,0.49350850423177084,0.3407874325911204,0.15272107044855754,0.33411586304505664,0.33411586304505664,0.0,3.0,3.0,4190.0,501.0,0.0,1.440276026725769,3.522432327270508,4.3066534996032715,8.255393981933594,112.0
dynamic,2,1,420,0.5227525691191356,0.3638806664943695,0.15887190898259482,0.34644984861214956,0.34644984861214956,0.0,3.0,3.0,4200.0,501.0,0.0,1.440276026725769,3.522432327270508,4.3066534996032715,8.255393981933594,112.0
dynamic,2,1,421,0.5727712257703146,0.4110548683007558,0.1617163489262263,0.36650216082731885,0.36650216082731885,0.0,3.0,3.0,4210.0,501.0,0.0,1.440276026725769,3.522432327270508,4.3066534996032715,8.255393981933594,112.0
dynamic,2,1,422,0.6020621307690939,0.43706449508666995,0.16499763349692026,0.3887136177221934,0.3887136177221934,0.0,3.0,3.0,4220.0,501.0,0.0,1.440276026725769,3.522432327270508,4.3066534996032715,8.255393981933594,112.0
dynamic,2,1,423,0.589262622197469,0.4302853459119797,0.15897728641827902,0.3865686841805776,0.3865686841805776,0.0,3.0,3.0,4230.0,501.0,0.0,1.440276026725769,3.522432327270508,4.3066534996032715,8.255393981933594,112.0
dynamic,2,1,424,0.572551675637563,0.41070775588353475,0.16184390485286712,0.4123710652192434,0.4123710652192434,0.0,3.0,3.0,4240.0,501.0,0.0,1.440276026725769,3.522432327270508,4.3066534996032715,8.255393981933594,112.0
dynamic,2,1,425,0.5688978997866313,0.4027890121936798,0.16610889077186586,0.4149542764822642,0.4149542764822642,0.0,3.0,3.0,4250.0,501.0,0.0,1.440276026725769,3.522432327270508,4.3066534996032715,8.255393981933594,112.0
dynamic,2,1,426,0.5585715929667155,0.3823434841632843,0.1762281099955241,0.39956153571605685,0.39956153571605685,0.0,3.0,3.0,4260.0,501.0,0.0,1.440276026725769,3.522432327270508,4.3066534996032715,8.255393981933594,112.0
dynamic,2,1,427,0.5349226740996043,0.3498222029209137,0.185100474357605,0.34383823335170743,0.34383823335170743,0.0,3.0,3.0,4270.0,501.0,0.0,1.440276026725769,3.522432327270508,4.3066534996032715,8.255393981933594,112.0
dynamic,2,1,428,0.5507315746943156,0.3615123375256856,0.18921924193700154,0.34453126847743987,0.34453126847743987,0.0,3.0,3.0,4280.0,501.0,0.0,1.440276026725769,3.522432327270508,4.3066534996032715,8.255393981933594,112.0
dynamic,2,1,429,0.5519622802734375,0.36465447624524433,0.18730780780315398,0.3517190041144689,0.3517190041144689,0.0,3.0,3.0,4290.0,501.0,0.0,1.440276026725769,3.522432327270508,4.3066534996032715,8.255393981933594,112.0
dynamic,2,1,430,0.561960236231486,0.3739918680985769,0.1879683627684911,0.34844100614388784,0.34844100614388784,0.0,3.0,3.0,4300.0,501.0,0.0,1.440276026725769,3.522432327270508,4.3066534996032715,8.255393981933594,112.0
dynamic,2,1,431,0.5331844933827719,0.3466119925181071,0.18657251238822936,0.35978053450584413,0.35978053450584413,0.0,3.0,3.0,4310.0,501.0,0.0,1.440276026725769,3.522432327270508,4.3066534996032715,8.255393981933594,112.0
dynamic,2,1,432,0.5563520208994548,0.37606226722399394,0.1802897604306539,0.3652759051322937,0.3652759051322937,0.0,3.0,3.0,4320.0,501.0,0.0,1.440276026725769,3.522432327270508,4.3066534996032715,8.255393981933594,112.0
dynamic,2,1,433,0.6011721110343933,0.4250040219227473,0.17616809646288553,0.3826533486445745,0.3826533486445745,0.0,3.0,3.0,4330.0,501.0,0.0,1.440276026725769,3.522432327270508,4.3066534996032715,8.255393981933594,112.0
dynamic,2,1,434,0.6103002572059631,0.44048801898956297,0.16981224397818248,0.4177475837866465,0.4177475837866465,0.0,3.0,3.0,4340.0,501.0,0.0,1.440276026725769,3.522432327270508,4.3066534996032715,8.255393981933594,112.0
dynamic,2,1,435,0.5971706819534301,0.42969918489456177,0.1674714869260788,0.4447314472993215,0.4447314472993215,0.0,3.0,3.0,4350.0,501.0,0.0,1.440276026725769,3.522432327270508,4.3066534996032715,8.255393981933594,112.0
dynamic,2,1,436,0.5927733651796977,0.43756531238555907,0.15520804584026338,0.4608289164304733,0.4608289164304733,0.0,3.0,3.0,4360.0,501.0,0.0,1.440276026725769,3.522432327270508,4.3066534996032715,8.255393981933594,112.0
dynamic,2,1,437,0.5588522219657898,0.41605385740598044,0.1427983737985293,0.3847624079386393,0.3847624079386393,0.0,3.0,3.0,4370.0,501.0,0.0,1.440276026725769,3.522432327270508,4.3066534996032715,8.255393981933594,112.0
dynamic,2,1,438,0.526334327061971,0.37858789404233295,0.14774642944335936,0.37598561187585194,0.37598561187585194,0.0,3.0,3.0,4380.0,501.0,0.0,1.440276026725769,3.522432327270508,4.3066534996032715,8.255393981933594,112.0
dynamic,2,1,439,0.5108272163073222,0.3595404370625814,0.15128677765528362,0.34953839202721915,0.34953839202721915,0.0,3.0,3.0,4390.0,501.0,0.0,1.440276026725769,3.522432327270508,4.3066534996032715,8.255393981933594,112.0
dynamic,2,1,440,0.4855533496538798,0.33793810923894246,0.1476152330636978,0.34165867845217385,0.34165867845217385,0.0,3.0,3.0,4400.0,501.0,0.0,1.440276026725769,3.522432327270508,4.3066534996032715,8.255393981933594,112.0
dynamic,2,1,441,0.47248271306355794,0.3345114866892497,0.13797123750050863,0.3371394413709641,0.3371394413709641,0.0,3.0,3.0,4410.0,501.0,0.0,1.440276026725769,3.522432327270508,4.3066534996032715,8.255393981933594,112.0
dynamic,2,1,442,0.47236035982767743,0.3396872905890147,0.13267306725184122,0.33678184390068056,0.33678184390068056,0.0,3.0,3.0,4420.0,501.0,0.0,1.440276026725769,3.522432327270508,4.3066534996032715,8.255393981933594,112.0
dynamic,2,1,443,0.45998239755630493,0.33360069870948794,0.12638170013825098,0.33233783682187396,0.33233783682187396,0.0,3.0,3.0,4430.0,501.0,0.0,1.440276026725769,3.522432327270508,4.3066534996032715,8.255393981933594,112.0
dynamic,2,1,444,0.46156450907389324,0.33691073695818585,0.12465377072493235,0.3185140734910965,0.3185140734910965,0.0,3.0,3.0,4440.0,501.0,0.0,1.440276026725769,3.522432327270508,4.3066534996032715,8.255393981933594,112.0
dynamic,2,1,445,0.4443276365598043,0.31897343913714093,0.1253541980187098,0.3314755392074585,0.3314755392074585,0.0,3.0,3.0,4450.0,501.0,0.0,1.440276026725769,3.522432327270508,4.3066534996032715,8.255393981933594,112.0
dynamic,2,1,446,0.4480435601870219,0.3252989117304484,0.12274465103944143,0.3180668685833613,0.3180668685833613,0.0,3.0,3.0,4460.0,501.0,0.0,1.440276026725769,3.522432327270508,4.3066534996032715,8.255393981933594,112.0
dynamic,2,1,447,0.4535587219397227,0.3244907526175181,0.12906796981890997,0.313180579940478,0.313180579940478,0.0,3.0,3.0,4470.0,501.0,0.0,1.440276026725769,3.522432327270508,4.3066534996032715,8.255393981933594,112.0
dynamic,2,1,448,0.48045933882395425,0.3442667615413666,0.13619258334239323,0.32359342694282534,0.32359342694282534,0.0,3.0,3.0,4480.0,501.0,0.0,1.440276026725769,3.522432327270508,4.3066534996032715,8.255393981933594,112.0
dynamic,2,1,449,0.5156372833251953,0.37234858751296995,0.14328869740168254,0.3303765308856964,0.3303765308856964,0.0,3.0,3.0,4490.0,501.0,0.0,1.440276026725769,3.522432327270508,4.3066534996032715,8.255393981933594,112.0
dynamic,2,1,450,0.5311545856793721,0.38364605903625487,0.14750852445761362,0.34142286856969195,0.34142286856969195,0.0,3.0,3.0,4500.0,501.0,0.0,1.440276026725769,3.522432327270508,4.3066534996032715,8.255393981933594,112.0
dynamic,2,1,451,0.5194965215524038,0.3670670859018962,0.15242943088213604,0.3543039002021154,0.3543039002021154,0.0,3.0,3.0,4510.0,501.0,0.0,1.440276026725769,3.522432327270508,4.3066534996032715,8.255393981933594,112.0
dynamic,2,1,452,0.5230648771921793,0.3709351372718811,0.152129740913709,0.3536279646555583,0.3536279646555583,0.0,3.0,3.0,4520.0,501.0,0.0,1.440276026725769,3.522432327270508,4.3066534996032715,8.255393981933594,112.0
dynamic,2,1,453,0.5468946059544881,0.3896984295050303,0.15719617227713267,0.3628752644856771,0.3628752644856771,0.0,3.0,3.0,4530.0,501.0,0.0,1.440276026725769,3.522432327270508,4.3066534996032715,8.255393981933594,112.0
dynamic,2,1,454,0.5155244394143422,0.355142924785614,0.16038150827089945,0.35486807743708293,0.35486807743708293,0.0,3.0,3.0,4540.0,501.0,0.0,1.440276026725769,3.522432327270508,4.3066534996032715,8.255393981933594,112.0
dynamic,2,1,455,0.5363618954022725,0.3775240739186605,0.15883782784144085,0.36415772159894305,0.36415772159894305,0.0,3.0,3.0,4550.0,501.0,0.0,1.440276026725769,3.522432327270508,4.3066534996032715,8.255393981933594,112.0
dynamic,2,1,456,0.5385077579816182,0.3776750155289968,0.16083273927370706,0.3693606887261073,0.3693606887261073,0.0,3.0,3.0,4560.0,501.0,0.0,1.440276026725769,3.522432327270508,4.3066534996032715,8.255393981933594,112.0
dynamic,2,1,457,0.5111294714609782,0.3475198249022166,0.1636096449693044,0.345214653412501,0.345214653412501,0.0,3.0,3.0,4570.0,501.0,0.0,1.440276026725769,3.522432327270508,4.3066534996032715,8.255393981933594,112.0
dynamic,2,1,458,0.5170226287841797,0.351283038854599,0.16573959370454153,0.3544355060656865,0.3544355060656865,0.0,3.0,3.0,4580.0,501.0,0.0,1.440276026725769,3.522432327270508,4.3066534996032715,8.255393981933594,112.0
dynamic,2,1,459,0.5653797086079916,0.4044636126359304,0.1609160820643107,0.40227452635765076,0.40227452635765076,0.0,3.0,3.0,4590.0,501.0,0.0,1.440276026725769,3.522432327270508,4.3066534996032715,8.255393981933594,112.0
dynamic,2,1,460,0.5530996195475261,0.3913528676827749,0.16174676259358725,0.39311761339505513,0.39311761339505513,0.0,3.0,3.0,4600.0,501.0,0.0,1.440276026725769,3.522432327270508,4.3066534996032715,8.255393981933594,112.0
dynamic,2,1,461,0.5254487681388855,0.3698731827735901,0.15557559172312418,0.38556765417257943,0.38556765417257943,0.0,3.0,3.0,4610.0,501.0,0.0,1.440276026725769,3.522432327270508,4.3066534996032715,8.255393981933594,112.0
dynamic,2,1,462,0.5305237968762716,0.3877764896551768,0.14274731119473774,0.3637307999531428,0.3637307999531428,0.0,3.0,3.0,4620.0,501.0,0.0,1.440276026725769,3.522432327270508,4.3066534996032715,8.255393981933594,112.0
dynamic,2,1,463,0.5127169752120971,0.38001863678296405,0.13269833048184712,0.36402572214603424,0.36402572214603424,0.0,3.0,3.0,4630.0,501.0,0.0,1.440276026725769,3.522432327270508,4.3066534996032715,8.255393981933594,112.0
dynamic,2,1,464,0.5095629326502482,0.37936310370763143,0.13019982258478802,0.3646976574261983,0.3646976574261983,0.0,3.0,3.0,4640.0,501.0,0.0,1.440276026725769,3.522432327270508,4.3066534996032715,8.255393981933594,112.0
dynamic,2,1,465,0.48829126040140786,0.3584941788514455,0.12979708234469095,0.35727426369984944,0.35727426369984944,0.0,3.0,3.0,4650.0,501.0,0.0,1.440276026725769,3.522432327270508,4.3066534996032715,8.255393981933594,112.0
dynamic,2,1,466,0.4954393212000529,0.3652150662740072,0.13022425611813862,0.3458984539906184,0.3458984539906184,0.0,3.0,3.0,4660.0,501.0,0.0,1.440276026725769,3.522432327270508,4.3066534996032715,8.255393981933594,112.0
dynamic,2,1,467,0.4890358885129293,0.3597806239128113,0.12925526479880015,0.34637557208538056,0.34637557208538056,0.0,3.0,3.0,4670.0,501.0,0.0,1.440276026725769,3.522432327270508,4.3066534996032715,8.255393981933594,112.0
dynamic,2,1,468,0.4880533977349599,0.35694485584894814,0.13110854983329773,0.340981352130572,0.340981352130572,0.0,3.0,3.0,4680.0,501.0,0.0,1.440276026725769,3.522432327270508,4.3066534996032715,8.255393981933594,112.0
dynamic,2,1,469,0.4820231469472249,0.3534891223907471,0.12853403250376383,0.33954171160856883,0.33954171160856883,0.0,3.0,3.0,4690.0,501.0,0.0,1.440276026725769,3.522432327270508,4.3066534996032715,8.255393981933594,112.0
dynamic,2,1,470,0.4711761403083801,0.34411382595698037,0.12706231037775675,0.3392433176438014,0.3392433176438014,0.0,3.0,3.0,4700.0,501.0,0.0,1.440276026725769,3.522432327270508,4.3066534996032715,8.255393981933594,112.0
dynamic,2,1,471,0.4853736154238383,0.35281920671463013,0.13255440632502238,0.33898288587729136,0.33898288587729136,0.0,3.0,3.0,4710.0,501.0,0.0,1.440276026725769,3.522432327270508,4.3066534996032715,8.255393981933594,112.0
dynamic,2,1,472,0.4826751617590586,0.35185211539268496,0.13082304398218791,0.3409907974799474,0.3409907974799474,0.0,3.0,3.0,4720.0,501.0,0.0,1.440276026725769,3.522432327270508,4.3066534996032715,8.255393981933594,112.0
dynamic,2,1,473,0.4720359412829081,0.3424158239364624,0.12962011436621348,0.33376980185508726,0.33376980185508726,0.0,3.0,3.0,4730.0,501.0,0.0,1.440276026725769,3.522432327270508,4.3066534996032715,8.255393981933594,112.0
dynamic,2,1,474,0.47181284507115684,0.3399341909090678,0.13187865416208902,0.33191170593102776,0.33191170593102776,0.0,3.0,3.0,4740.0,501.0,0.0,1.440276026725769,3.522432327270508,4.3066534996032715,8.255393981933594,112.0
dynamic,2,1,475,0.47454252719879153,0.34511969407399495,0.12942283431688945,0.3292262750864029,0.3292262750864029,0.0,3.0,3.0,4750.0,501.0,0.0,1.440276026725769,3.522432327270508,4.3066534996032715,8.255393981933594,112.0
dynamic,2,1,476,0.4531474224726359,0.32753625710805256,0.1256111733118693,0.3278183780113856,0.3278183780113856,0.0,3.0,3.0,4760.0,501.0,0.0,1.440276026725769,3.522432327270508,4.3066534996032715,8.255393981933594,112.0
dynamic,2,1,477,0.43484715819358827,0.31451080203056336,0.12033635586500167,0.32154559512933095,0.32154559512933095,0.0,3.0,3.0,4770.0,501.0,0.0,1.440276026725769,3.522432327270508,4.3066534996032715,8.255393981933594,112.0
dynamic,2,1,478,0.44282201846440633,0.3253640778859456,0.11745794077714285,0.3144433033466339,0.3144433033466339,0.0,3.0,3.0,4780.0,501.0,0.0,1.440276026725769,3.522432327270508,4.3066534996032715,8.255393981933594,112.0
dynamic,2,1,479,0.4608674510320028,0.3402397201458613,0.12062773406505585,0.31739388247330985,0.31739388247330985,0.0,3.0,3.0,4790.0,501.0,0.0,1.440276026725769,3.522432327270508,4.3066534996032715,8.255393981933594,112.0
dynamic,2,1,480,0.4734318558375041,0.3477914635340373,0.12564038594563803,0.3208538461724917,0.3208538461724917,0.0,3.0,3.0,4800.0,501.0,0.0,1.440276026725769,3.522432327270508,4.3066534996032715,8.255393981933594,112.0
dynamic,2,1,481,0.4625809880097707,0.3350013029575348,0.12757968107859294,0.33079127172629036,0.33079127172629036,0.0,3.0,3.0,4810.0,501.0,0.0,1.440276026725769,3.522432327270508,4.3066534996032715,8.255393981933594,112.0
dynamic,2,1,482,0.50347709496816,0.37364662329355874,0.12983046631018322,0.35669956157604854,0.35669956157604854,0.0,3.0,3.0,4820.0,501.0,0.0,1.440276026725769,3.522432327270508,4.3066534996032715,8.255393981933594,112.0
dynamic,2,1,483,0.5084909590085348,0.37036309162775677,0.1381278705596924,0.3674041191736857,0.3674041191736857,0.0,3.0,3.0,4830.0,501.0,0.0,1.440276026725769,3.522432327270508,4.3066534996032715,8.255393981933594,112.0
dynamic,2,1,484,0.5041507291793823,0.3645494107405345,0.13960131814082463,0.35564959307511645,0.35564959307511645,0.0,3.0,3.0,4840.0,501.0,0.0,1.440276026725769,3.522432327270508,4.3066534996032715,8.255393981933594,112.0
dynamic,2,1,485,0.51695188442866,0.3707877314090729,0.14616415401299795,0.3522779894868533,0.3522779894868533,0.0,3.0,3.0,4850.0,501.0,0.0,1.440276026725769,3.522432327270508,4.3066534996032715,8.255393981933594,112.0
dynamic,2,1,486,0.5262311792373657,0.37666114846865334,0.14957003712654113,0.360870542327563,0.360870542327563,0.0,3.0,3.0,4860.0,501.0,0.0,1.440276026725769,3.522432327270508,4.3066534996032715,8.255393981933594,112.0
dynamic,2,1,487,0.5278910120328267,0.3725376339753469,0.15535338123639425,0.35344142655531563,0.35344142655531563,0.0,3.0,3.0,4870.0,501.0,0.0,1.440276026725769,3.522432327270508,4.3066534996032715,8.255393981933594,112.0
dynamic,2,1,488,0.5118936975797017,0.3490650498867035,0.16282865146795908,0.33631281157334647,0.33631281157334647,0.0,3.0,3.0,4880.0,501.0,0.0,1.440276026725769,3.522432327270508,4.3066534996032715,8.255393981933594,112.0
dynamic,2,1,489,0.5335908428827921,0.36914848963419594,0.16444234629472096,0.3508846135934194,0.3508846135934194,0.0,3.0,3.0,4890.0,501.0,0.0,1.440276026725769,3.522432327270508,4.3066534996032715,8.255393981933594,112.0
dynamic,2,1,490,0.5426225241025289,0.37157383720080056,0.17104868213335672,0.3583500156799952,0.3583500156799952,0.0,3.0,3.0,4900.0,501.0,0.0,1.440276026725769,3.522432327270508,4.3066534996032715,8.255393981933594,112.0
dynamic,2,1,491,0.5287331382433573,0.3577862739562988,0.17094686686992644,0.3580164893468221,0.3580164893468221,0.0,3.0,3.0,4910.0,501.0,0.0,1.440276026725769,3.522432327270508,4.3066534996032715,8.255393981933594,112.0
dynamic,2,1,492,0.5539807081222534,0.3835001262029012,0.17048057874043782,0.33873852372169494,0.33873852372169494,0.0,3.0,3.0,4920.0,501.0,0.0,1.440276026725769,3.522432327270508,4.3066534996032715,8.255393981933594,112.0
dynamic,2,1,493,0.5212615259488423,0.35405757784843445,0.16720395028591156,0.34780140697956086,0.34780140697956086,0.0,3.0,3.0,4930.0,501.0,0.0,1.440276026725769,3.522432327270508,4.3066534996032715,8.255393981933594,112.0
dynamic,2,1,494,0.5154869715372722,0.3537209669748942,0.16176600654919943,0.3562614166736603,0.3562614166736603,0.0,3.0,3.0,4940.0,501.0,0.0,1.440276026725769,3.522432327270508,4.3066534996032715,8.255393981933594,112.0
dynamic,2,1,495,0.5250366199016571,0.36958693265914916,0.15544967611630758,0.3623158206542333,0.3623158206542333,0.0,3.0,3.0,4950.0,501.0,0.0,1.440276026725769,3.522432327270508,4.3066534996032715,8.255393981933594,112.0
dynamic,2,1,496,0.533411078453064,0.3802245509624481,0.15318653444449107,0.35995078066984815,0.35995078066984815,0.0,3.0,3.0,4960.0,501.0,0.0,1.440276026725769,3.522432327270508,4.3066534996032715,8.255393981933594,112.0
dynamic,2,1,497,0.5250273291269938,0.37705864508946735,0.14796869138876598,0.3725750124454498,0.3725750124454498,0.0,3.0,3.0,4970.0,501.0,0.0,1.440276026725769,3.522432327270508,4.3066534996032715,8.255393981933594,112.0
dynamic,2,1,498,0.5223511278629303,0.382707496881485,0.1396436309814453,0.36688434282938637,0.36688434282938637,0.0,3.0,3.0,4980.0,501.0,0.0,1.440276026725769,3.522432327270508,4.3066534996032715,8.255393981933594,112.0
dynamic,2,1,499,0.5179549702008566,0.3846254428227743,0.13332952042420707,0.3651351861159007,0.3651351861159007,0.0,3.0,3.0,4990.0,501.0,0.0,1.440276026725769,3.522432327270508,4.3066534996032715,8.255393981933594,112.0
dynamic,2,1,500,0.5084992464383443,0.37918103218078614,0.12931821833054225,0.36999747773011527,0.36999747773011527,0.0,3.0,3.0,5000.0,501.0,0.0,1.440276026725769,3.522432327270508,4.3066534996032715,8.255393981933594,112.0
