model,seed,level,epoch,train_total,train_effect,train_vq,eval_total,eval_effect,eval_vq,active_codes,ema_used_codes
vq,5,1,1,5.701042188008627,5.694432334899902,0.006609867575267951,5.489926452636719,5.489926452636719,0.0,4.0,4.0
vq,5,1,2,5.34825226465861,5.340162099202474,0.008090207626422246,5.191142934163412,5.191142934163412,0.0,4.0,4.0
vq,5,1,3,4.894888655344645,4.878533725738525,0.01635491465528806,4.407832972208658,4.407832972208658,0.0,4.0,4.0
vq,5,1,4,4.635186926523844,4.599208599726359,0.03597832381725311,4.439709288279215,4.439709288279215,0.0,4.0,4.0
vq,5,1,5,4.381289755503337,4.326582088470459,0.05470766951640447,4.199973055521647,4.199973055521647,0.0,4.0,4.0
vq,5,1,6,4.149213542938233,4.0891499265035,0.06006360391775767,3.801927916208903,3.801927916208903,0.0,4.0,4.0
vq,5,1,7,3.9158861764272053,3.8591804949442547,0.056705686748027805,3.5057183996836345,3.5057183996836345,0.0,4.0,4.0
vq,5,1,8,3.8666708437601724,3.824454396565755,0.04221646745999654,3.4250294653574627,3.4250294653574627,0.0,4.0,4.0
vq,5,1,9,3.881810785929362,3.8364615567525227,0.04534922430912654,3.549125830332438,3.549125830332438,0.0,4.0,4.0
vq,5,1,10,3.668408489227295,3.6036668904622395,0.06474155028661092,3.515131044387817,3.515131044387817,0.0,4.0,4.0
vq,5,1,11,3.5196648693084716,3.424370368321737,0.0952944932381312,3.3661238225301107,3.3661238225301107,0.0,4.0,4.0
vq,5,1,12,3.4772936344146728,3.3538561884562172,0.12343748092651367,3.261528606414795,3.261528606414795,0.0,4.0,4.0
vq,5,1,13,3.3592944780985516,3.207030928929647,0.1522635304927826,3.146433490117391,3.146433490117391,0.0,4.0,4.0
vq,5,1,14,3.243593371709188,3.06779283841451,0.17580056309700012,3.057913080851237,3.057913080851237,0.0,4.0,4.0
vq,5,1,15,3.0706652450561522,2.927104870478312,0.14356041292349497,2.9148918469746907,2.9148918469746907,0.0,4.0,4.0
vq,5,1,16,2.9170317395528156,2.7975434112548827,0.11948832591374715,2.7567941761016845,2.7567941761016845,0.0,4.0,4.0
vq,5,1,17,2.764119129180908,2.6720442644755047,0.09207483331362407,2.5956196276346843,2.5956196276346843,0.0,4.0,4.0
vq,5,1,18,2.5978137175242106,2.520363941192627,0.0774497660001119,2.443720202445984,2.443720202445984,0.0,4.0,4.0
vq,5,1,19,2.513200108210246,2.4404512945810954,0.0727487955490748,2.313864544232686,2.313864544232686,0.0,4.0,4.0
vq,5,1,20,2.399692668914795,2.3104326343536377,0.08926004509131114,2.2368070634206134,2.2368070634206134,0.0,4.0,4.0
vq,5,1,21,2.333385117848714,2.210084114074707,0.12330101013183593,2.1428158394495647,2.1428158394495647,0.0,4.0,4.0
vq,5,1,22,2.283382749557495,2.120199810663859,0.1631829301516215,2.0499783086776735,2.0499783086776735,0.0,4.0,4.0
vq,5,1,23,2.1809396076202394,2.014984391530355,0.16595523516337077,1.961344120502472,1.961344120502472,0.0,4.0,4.0
vq,5,1,24,2.059221952756246,1.9198051436742147,0.13941681265830994,1.8897506658236185,1.8897506658236185,0.0,4.0,4.0
vq,5,1,25,1.9109440914789835,1.8179635334014892,0.09298055181900661,1.7845228163401285,1.7845228163401285,0.0,4.0,4.0
vq,5,1,26,1.7656663751602173,1.6870801496505736,0.07858623345692953,1.6479780387878418,1.6479780387878418,0.0,4.0,4.0
vq,5,1,27,1.7211311610539755,1.6571752707163492,0.06395591030518213,1.5661674173672995,1.5661674173672995,0.0,4.0,4.0
vq,5,1,28,1.609115826288859,1.570607827504476,0.038508007923762,1.5321179684003194,1.5321179684003194,0.0,4.0,4.0
vq,5,1,29,1.528026943206787,1.5013443883260091,0.026682541767756144,1.5045397861798604,1.5045397861798604,0.0,4.0,4.0
vq,5,1,30,1.5393909295399983,1.5112352228164674,0.028155710399150848,1.4926696610450745,1.4926696610450745,0.0,4.0,4.0
vq,5,1,31,1.4986814514795939,1.4685609149932861,0.030120552405714988,1.474116285641988,1.474116285641988,0.0,4.0,4.0
vq,5,1,32,1.4802013651529948,1.4511509768168132,0.029050393402576445,1.4296528108914692,1.4296528108914692,0.0,4.0,4.0
vq,5,1,33,1.4415392875671387,1.4151823790868123,0.026356904457012813,1.3582066496213276,1.3582066496213276,0.0,4.0,4.0
vq,5,1,34,1.3889250818888346,1.3630275106430054,0.025897585650285083,1.3132637206713358,1.3132637206713358,0.0,4.0,4.0
vq,5,1,35,1.3179099861780803,1.2910196367899578,0.02689035395781199,1.285079558690389,1.285079558690389,0.0,4.0,4.0
vq,5,1,36,1.3248875522613526,1.292226710319519,0.03266082813342412,1.2594307390848796,1.2594307390848796,0.0,4.0,4.0
vq,5,1,37,1.2853488079706827,1.2503626203536988,0.034986177484194435,1.2431144348780314,1.2431144348780314,0.0,4.0,4.0
vq,5,1,38,1.2497036059697468,1.2123003307978313,0.03740326990683873,1.2105215549468995,1.2105215549468995,0.0,4.0,4.0
vq,5,1,39,1.2268101660410564,1.189463833173116,0.03734632218877475,1.182271900177002,1.182271900177002,0.0,4.0,4.0
vq,5,1,40,1.215461711883545,1.173991665840149,0.04147006163994471,1.1456374788284303,1.1456374788284303,0.0,4.0,4.0
vq,5,1,41,1.158221985499064,1.1172005955378215,0.041021408364176754,1.1205803644657135,1.1205803644657135,0.0,4.0,4.0
vq,5,1,42,1.1443259731928508,1.1055636962254842,0.038762268374363584,1.0979828850428264,1.0979828850428264,0.0,4.0,4.0
vq,5,1,43,1.1221699158350626,1.0826251284281412,0.03954479744036992,1.0952615630626679,1.0952615630626679,0.0,4.0,4.0
vq,5,1,44,1.1109057633082071,1.0768690347671508,0.034036738872528075,1.0920057276884714,1.0920057276884714,0.0,4.0,4.0
vq,5,1,45,1.0666668105125428,1.0372521980603535,0.0294146129488945,1.0741794741153716,1.0741794741153716,0.0,4.0,4.0
vq,5,1,46,1.0779752620061238,1.0481926306088765,0.02978264441092809,1.0491320955753327,1.0491320955753327,0.0,4.0,4.0
vq,5,1,47,1.04488250096639,1.0181966924667358,0.026685806338985762,1.0293484818935394,1.0293484818935394,0.0,4.0,4.0
vq,5,1,48,1.0579161318143209,1.0332434137662252,0.0246727055311203,1.0142820684115093,1.0142820684115093,0.0,4.0,4.0
vq,5,1,49,1.0091288630167643,0.9868613735834757,0.022267507935563723,0.9865682311852773,0.9865682311852773,0.0,4.0,4.0
vq,5,1,50,1.0040871930122375,0.981148267587026,0.022938910151521365,0.9541761008898417,0.9541761008898417,0.0,4.0,4.0
vq,5,1,51,0.9862105671564738,0.9614491256078085,0.02476143737634023,0.9355360873540243,0.9355360873540243,0.0,4.0,4.0
vq,5,1,52,0.9603099759419759,0.9334564812978109,0.02685349387427171,0.9114560258388519,0.9114560258388519,0.0,4.0,4.0
vq,5,1,53,0.9310621730486552,0.9045023862520853,0.026559774999817213,0.8825280793507894,0.8825280793507894,0.0,4.0,4.0
vq,5,1,54,0.9270453914006551,0.8982671817143758,0.028778211971124013,0.8867559309800466,0.8867559309800466,0.0,4.0,4.0
vq,5,1,55,0.9198416717847189,0.8949773581822713,0.024864318718512853,0.8808926310141881,0.8808926310141881,0.0,4.0,4.0
vq,5,1,56,0.9104749298095703,0.8868081442515056,0.023666779001553853,0.8685896734396616,0.8685896734396616,0.0,4.0,4.0
vq,5,1,57,0.9162209637959798,0.8934224541982015,0.022798510293165843,0.8606140259901682,0.8606140259901682,0.0,4.0,4.0
vq,5,1,58,0.905776203473409,0.8842750310897827,0.021501169030865033,0.8486467184623082,0.8486467184623082,0.0,4.0,4.0
vq,5,1,59,0.8727715174357097,0.8516724713643392,0.021099042321244876,0.8394728861252467,0.8394728861252467,0.0,4.0,4.0
vq,5,1,60,0.8863412960370382,0.8650593161582947,0.021281968901554742,0.8164395423730214,0.8164395423730214,0.0,4.0,4.0
vq,5,1,61,0.8672985013326009,0.8447853048642476,0.0225131893157959,0.8097670249144236,0.8097670249144236,0.0,4.0,4.0
vq,5,1,62,0.8460612964630126,0.823894920349121,0.022166376908620198,0.795663836201032,0.795663836201032,0.0,4.0,4.0
vq,5,1,63,0.8318108002344767,0.8082943940162659,0.023516399090488752,0.7942345750331878,0.7942345750331878,0.0,4.0,4.0
vq,5,1,64,0.8309494829177857,0.8089325960477193,0.022016894618670145,0.7867320704460145,0.7867320704460145,0.0,4.0,4.0
vq,5,1,65,0.8175677100817362,0.7968543187777202,0.02071338934202989,0.7784716331958771,0.7784716331958771,0.0,4.0,4.0
vq,5,1,66,0.8387957167625427,0.8179033780097962,0.020892341434955598,0.7732232964038849,0.7732232964038849,0.0,4.0,4.0
vq,5,1,67,0.816150176525116,0.7953934915860494,0.020756694078445433,0.7602699379126231,0.7602699379126231,0.0,4.0,4.0
vq,5,1,68,0.8048023811976115,0.7853393411636352,0.019463046503563723,0.7597710206111272,0.7597710206111272,0.0,4.0,4.0
vq,5,1,69,0.7869167971611023,0.7680095585187277,0.018907243435581526,0.7475970278183619,0.7475970278183619,0.0,4.0,4.0
vq,5,1,70,0.7923711562156677,0.7732917022705078,0.019079446444908776,0.7426842399438223,0.7426842399438223,0.0,4.0,4.0
vq,5,1,71,0.7929430198669434,0.7739565420150757,0.018986487438281376,0.7375421327352524,0.7375421327352524,0.0,4.0,4.0
vq,5,1,72,0.7990213775634766,0.7800485301017761,0.018972846095760665,0.7327438193559647,0.7327438193559647,0.0,4.0,4.0
vq,5,1,73,0.7650933901468913,0.748158396879832,0.016934999873240788,0.7275566826264064,0.7275566826264064,0.0,4.0,4.0
vq,5,1,74,0.7625508467356364,0.7443398865063985,0.01821095369756222,0.7226364836096764,0.7226364836096764,0.0,4.0,4.0
vq,5,1,75,0.7692800410588583,0.7518437186876933,0.017436320260167122,0.7180999186635018,0.7180999186635018,0.0,4.0,4.0
vq,5,1,76,0.7544066635767619,0.7368778665860494,0.017528788844744365,0.7171275865038236,0.7171275865038236,0.0,4.0,4.0
vq,5,1,77,0.7747891775767008,0.755694731871287,0.01909444143374761,0.7138687052329381,0.7138687052329381,0.0,4.0,4.0
vq,5,1,78,0.7608014376958211,0.7421043944358826,0.018697035027046997,0.7062467351555825,0.7062467351555825,0.0,4.0,4.0
vq,5,1,79,0.7516581487655639,0.7337055905659994,0.01795255089799563,0.7052745799223582,0.7052745799223582,0.0,4.0,4.0
vq,5,1,80,0.7363307062784831,0.7178225048383077,0.018508202905456225,0.701572474638621,0.701572474638621,0.0,4.0,4.0
vq,5,1,81,0.7224841006596883,0.7052974192301432,0.01718667631347974,0.696693844795227,0.696693844795227,0.0,4.0,4.0
vq,5,1,82,0.7364220476150513,0.7200889205932617,0.016333129107952118,0.6936898486812909,0.6936898486812909,0.0,4.0,4.0
vq,5,1,83,0.7238927054405212,0.7087653470039368,0.015127358784278233,0.6907446612914403,0.6907446612914403,0.0,4.0,4.0
vq,5,1,84,0.7189750679334005,0.7022598958015442,0.016715169052282968,0.6913384888569514,0.6913384888569514,0.0,4.0,4.0
vq,5,1,85,0.7162622404098511,0.6994802220662435,0.01678202266494433,0.6883723923563957,0.6883723923563957,0.0,4.0,4.0
vq,5,1,86,0.7061150097846984,0.6889096633593241,0.01720534175634384,0.6864321321249008,0.6864321321249008,0.0,4.0,4.0
vq,5,1,87,0.7047026085853577,0.6875527421633403,0.017149864162007967,0.685100413163503,0.685100413163503,0.0,4.0,4.0
vq,5,1,88,0.7024455269177755,0.6863681435585022,0.016077379037936528,0.6818589238325755,0.6818589238325755,0.0,4.0,4.0
vq,5,1,89,0.7101914262771607,0.6941562096277872,0.016035209198792776,0.6792061159014702,0.6792061159014702,0.0,4.0,4.0
vq,5,1,90,0.6989871652921041,0.6826041960716247,0.016382966215411823,0.6764762624104818,0.6764762624104818,0.0,4.0,4.0
vq,5,1,91,0.6910690538088481,0.6745496129989624,0.01651944100856781,0.6763089987635612,0.6763089987635612,0.0,4.0,4.0
vq,5,1,92,0.6946062358220418,0.6781875975926717,0.016418639371792474,0.6725410760442416,0.6725410760442416,0.0,4.0,4.0
vq,5,1,93,0.6972588976224263,0.68075545946757,0.016503430952628455,0.6698112994432449,0.6698112994432449,0.0,4.0,4.0
vq,5,1,94,0.6904041131337484,0.6752586102485657,0.015145491907993953,0.6685181234280269,0.6685181234280269,0.0,4.0,4.0
vq,5,1,95,0.6960691952705383,0.6796569768587748,0.016412214661637944,0.6664077549179395,0.6664077549179395,0.0,4.0,4.0
vq,5,1,96,0.6922829945882162,0.674885340531667,0.017397651970386504,0.6671846174200375,0.6671846174200375,0.0,4.0,4.0
vq,5,1,97,0.6845813218752543,0.6682185435295105,0.01636277660727501,0.661251747906208,0.661251747906208,0.0,4.0,4.0
vq,5,1,98,0.6898435274759929,0.6733235653241475,0.016519954912364482,0.6603245391448339,0.6603245391448339,0.0,4.0,4.0
vq,5,1,99,0.7037281775474549,0.6869093481699625,0.01681883027156194,0.6588361267248789,0.6588361267248789,0.0,4.0,4.0
vq,5,1,100,0.6784501973787943,0.6620875104268392,0.01636268451809883,0.6558585315942764,0.6558585315942764,0.0,4.0,4.0
vq,5,1,101,0.6972669529914856,0.680678714911143,0.016588233460982642,0.6571424825986226,0.6571424825986226,0.0,4.0,4.0
vq,5,1,102,0.688794268767039,0.6726759505271912,0.016118316973249117,0.6545827203989029,0.6545827203989029,0.0,4.0,4.0
vq,5,1,103,0.6786463689804078,0.6633451000849406,0.015301272335151831,0.6513934218883515,0.6513934218883515,0.0,4.0,4.0
vq,5,1,104,0.6728054491678873,0.6573199653625488,0.01548548144598802,0.647684038033088,0.647684038033088,0.0,4.0,4.0
vq,5,1,105,0.6744810016949971,0.6585344624519348,0.01594653621315956,0.6446072229246298,0.6446072229246298,0.0,4.0,4.0
vq,5,1,106,0.6847978059450786,0.6681999715169271,0.01659783234198888,0.6445085748533408,0.6445085748533408,0.0,4.0,4.0
vq,5,1,107,0.6700327555338542,0.6542652304967245,0.015767529383301736,0.6415512925883134,0.6415512925883134,0.0,4.0,4.0
vq,5,1,108,0.664701546827952,0.6489479569594065,0.015753595928351086,0.6408490723371506,0.6408490723371506,0.0,4.0,4.0
vq,5,1,109,0.664146515528361,0.64736354748408,0.016782962108651798,0.6389416626095772,0.6389416626095772,0.0,4.0,4.0
vq,5,1,110,0.6733789849281311,0.65633238474528,0.01704660584529241,0.6362164451181889,0.6362164451181889,0.0,4.0,4.0
vq,5,1,111,0.6620102922121683,0.6453911511103312,0.01661913921435674,0.6340167905390263,0.6340167905390263,0.0,4.0,4.0
vq,5,1,112,0.6650937589009603,0.6501056400934855,0.014988125016291936,0.6319859400888284,0.6319859400888284,0.0,4.0,4.0
vq,5,1,113,0.666324934164683,0.6497234638532002,0.016601473093032837,0.6312844303747018,0.6312844303747018,0.0,4.0,4.0
vq,5,1,114,0.6615481146176656,0.6450858648618062,0.016462244105835754,0.6317813085516294,0.6317813085516294,0.0,4.0,4.0
vq,5,1,115,0.6498830540974935,0.6336785936355591,0.01620446195205053,0.62679050664107,0.62679050664107,0.0,4.0,4.0
vq,5,1,116,0.6577350584665934,0.6423530189196268,0.015382037212451299,0.625779627909263,0.625779627909263,0.0,4.0,4.0
vq,5,1,117,0.6512015279134115,0.6352150789896647,0.015986451022326945,0.6260838096837202,0.6260838096837202,0.0,4.0,4.0
vq,5,1,118,0.6608241287867228,0.6445149834950765,0.016309140051404634,0.6232007277011872,0.6232007277011872,0.0,4.0,4.0
vq,5,1,119,0.6529930178324381,0.6373172696431478,0.01567574848731359,0.6191002170741559,0.6191002170741559,0.0,4.0,4.0
vq,5,1,120,0.6398293860753377,0.6244018483161926,0.015427539696296056,0.6167251526316007,0.6167251526316007,0.0,4.0,4.0
vq,5,1,121,0.6453885610898336,0.6297531096140544,0.0156354529162248,0.6146397080024083,0.6146397080024083,0.0,4.0,4.0
vq,5,1,122,0.6395572241147359,0.6234542489051819,0.01610297314822674,0.6130886157353719,0.6130886157353719,0.0,4.0,4.0
vq,5,1,123,0.6403153077761332,0.6244447366396586,0.015870571359992026,0.611886249979337,0.611886249979337,0.0,4.0,4.0
vq,5,1,124,0.6461615204811096,0.6307126108805339,0.015448906868696212,0.6047171349823475,0.6047171349823475,0.0,4.0,4.0
vq,5,1,125,0.6540705466270447,0.6374280651410421,0.016642483323812483,0.6047671657303969,0.6047671657303969,0.0,4.0,4.0
vq,5,1,126,0.6295811820030213,0.6144394985834758,0.015141686672965686,0.6027093872924646,0.6027093872924646,0.0,4.0,4.0
vq,5,1,127,0.6300181500116984,0.6152468021710714,0.014771341408292452,0.6047485010325908,0.6047485010325908,0.0,4.0,4.0
vq,5,1,128,0.6363265935579936,0.6216339786847432,0.014692612414558728,0.5999988287687301,0.5999988287687301,0.0,4.0,4.0
vq,5,1,129,0.6269320503870646,0.6127270515759786,0.014204994936784109,0.5975652335087458,0.5975652335087458,0.0,4.0,4.0
vq,5,1,130,0.6246213213602702,0.6096020404497783,0.01501928669710954,0.5960679397980372,0.5960679397980372,0.0,4.0,4.0
vq,5,1,131,0.6370248627662659,0.6211316601435344,0.015893211364746095,0.5933539086083571,0.5933539086083571,0.0,4.0,4.0
vq,5,1,132,0.615546326637268,0.6002435525258382,0.015302779873212179,0.5912094519038995,0.5912094519038995,0.0,4.0,4.0
vq,5,1,133,0.6149523202578226,0.598688147465388,0.016264173599580923,0.589763469795386,0.589763469795386,0.0,4.0,4.0
vq,5,1,134,0.6291632843017578,0.6134710137049357,0.015692273130019505,0.5861513667802016,0.5861513667802016,0.0,4.0,4.0
vq,5,1,135,0.6224763107299804,0.6065637421607971,0.015912574144701163,0.5858911583324273,0.5858911583324273,0.0,4.0,4.0
vq,5,1,136,0.6142194835344951,0.5997182369232178,0.014501247828205426,0.5849148790041606,0.5849148790041606,0.0,4.0,4.0
vq,5,1,137,0.6111769986152649,0.5968672529856364,0.014309743667642276,0.5828382073839505,0.5828382073839505,0.0,4.0,4.0
vq,5,1,138,0.6130737654368082,0.5980745395024617,0.014999219154318174,0.5786944752434889,0.5786944752434889,0.0,4.0,4.0
vq,5,1,139,0.601353645324707,0.587602633635203,0.01375101209928592,0.5762085810800394,0.5762085810800394,0.0,4.0,4.0
vq,5,1,140,0.6102234943707784,0.5957763640085856,0.014447120899955432,0.5750838509202003,0.5750838509202003,0.0,4.0,4.0
vq,5,1,141,0.5985694718360901,0.584165853659312,0.014403627986709277,0.5719710726042588,0.5719710726042588,0.0,4.0,4.0
vq,5,1,142,0.5996845356623332,0.5846313937505087,0.015053147772947946,0.5700101486345133,0.5700101486345133,0.0,4.0,4.0
vq,5,1,143,0.6091912031173706,0.594339702129364,0.014851488570372263,0.5714765593906244,0.5714765593906244,0.0,4.0,4.0
vq,5,1,144,0.5931948796908061,0.579799792766571,0.013395090078314145,0.5668284189949433,0.5668284189949433,0.0,4.0,4.0
vq,5,1,145,0.5933838764826457,0.5798032029469808,0.013580675820509593,0.5676084326952696,0.5676084326952696,0.0,4.0,4.0
vq,5,1,146,0.594064625898997,0.5794517703851064,0.014612854321797689,0.5655098359535138,0.5655098359535138,0.0,4.0,4.0
vq,5,1,147,0.6006269009908041,0.5858438913027445,0.014783010830481847,0.5645875079929829,0.5645875079929829,0.0,4.0,4.0
vq,5,1,148,0.5898320603370667,0.5748114983240763,0.015020564446846645,0.5650636641929547,0.5650636641929547,0.0,4.0,4.0
vq,5,1,149,0.5859275857607523,0.5721390398343404,0.013788540711005529,0.5601209199428558,0.5601209199428558,0.0,4.0,4.0
vq,5,1,150,0.5929374488194784,0.5793442503611247,0.013593194199105103,0.558217813745141,0.558217813745141,0.0,4.0,4.0
vq,5,1,151,0.5808039077123006,0.5679247959454854,0.01287911668419838,0.5568280174086492,0.5568280174086492,0.0,4.0,4.0
vq,5,1,152,0.5859437290827433,0.573299659093221,0.01264406681060791,0.5564563751469056,0.5564563751469056,0.0,4.0,4.0
vq,5,1,153,0.5754967013994853,0.562904707590739,0.012591996304690838,0.5528278895964225,0.5528278895964225,0.0,4.0,4.0
vq,5,1,154,0.5811731131871541,0.5688606365521749,0.012312476150691509,0.5493181120355924,0.5493181120355924,0.0,4.0,4.0
vq,5,1,155,0.5840533169110617,0.5721231166521709,0.011930207734306654,0.5490744294474522,0.5490744294474522,0.0,4.0,4.0
vq,5,1,156,0.5696773894627889,0.5582820463180542,0.011395354432364306,0.5478002492835125,0.5478002492835125,0.0,4.0,4.0
vq,5,1,157,0.5681339248021444,0.5568550149599711,0.011278912002841632,0.5451027198384205,0.5451027198384205,0.0,4.0,4.0
vq,5,1,158,0.5640563289324443,0.5531415168444316,0.010914807816346487,0.5465479769061009,0.5465479769061009,0.0,4.0,4.0
vq,5,1,159,0.5704716904958089,0.5586593778928121,0.01181230099250873,0.5437872409323852,0.5437872409323852,0.0,4.0,4.0
vq,5,1,160,0.5672444601853689,0.5549505492051442,0.01229390874505043,0.540110838189721,0.540110838189721,0.0,4.0,4.0
vq,5,1,161,0.5670243326822917,0.5548120872179667,0.012212257807453473,0.54448435716331,0.54448435716331,0.0,4.0,4.0
vq,5,1,162,0.568028457959493,0.5563656044006348,0.011662848591804505,0.5382936928917964,0.5382936928917964,0.0,4.0,4.0
vq,5,1,163,0.5582055656115213,0.5469016925493876,0.01130387645214796,0.5346364705761274,0.5346364705761274,0.0,4.0,4.0
vq,5,1,164,0.5625119479497274,0.5503943800926209,0.012117569458981355,0.5361399757117034,0.5361399757117034,0.0,4.0,4.0
vq,5,1,165,0.5578202033042907,0.545031003554662,0.012789201761285464,0.5333530029157797,0.5333530029157797,0.0,4.0,4.0
vq,5,1,166,0.5496257289250692,0.5374495673179627,0.012176159843802452,0.5301237522562345,0.5301237522562345,0.0,4.0,4.0
vq,5,1,167,0.5649074172973633,0.5526038757960001,0.012303551994264125,0.5322371930132309,0.5322371930132309,0.0,4.0,4.0
vq,5,1,168,0.5539104191462199,0.5415954867998759,0.012314923579494158,0.5255102204779784,0.5255102204779784,0.0,4.0,4.0
vq,5,1,169,0.5514651294549306,0.5391427501042684,0.012322379102309544,0.5290894699593385,0.5290894699593385,0.0,4.0,4.0
vq,5,1,170,0.5456197563807169,0.5341586621602377,0.01146108994881312,0.5289049270004034,0.5289049270004034,0.0,4.0,4.0
vq,5,1,171,0.5460076395670573,0.5335113302866618,0.012496319723625977,0.5223940814038118,0.5223940814038118,0.0,4.0,4.0
vq,5,1,172,0.5490374437967936,0.5369976290067037,0.012039824239909649,0.5242516624430815,0.5242516624430815,0.0,4.0,4.0
vq,5,1,173,0.5527910391489664,0.5398992323875427,0.012891805867354075,0.5262228931983312,0.5262228931983312,0.0,4.0,4.0
vq,5,1,174,0.5512304242451985,0.5383494361241659,0.012880984048048655,0.518965971643726,0.518965971643726,0.0,4.0,4.0
vq,5,1,175,0.5508367081483205,0.5389697448412577,0.011866959954301516,0.5171351274847984,0.5171351274847984,0.0,4.0,4.0
vq,5,1,176,0.5386141125361125,0.5268022163709005,0.011811891347169876,0.5157410773634911,0.5157410773634911,0.0,4.0,4.0
vq,5,1,177,0.5450510644912719,0.5326448218027751,0.012406236045062542,0.51211779281497,0.51211779281497,0.0,4.0,4.0
vq,5,1,178,0.5364175319671631,0.5241386540730795,0.012278879185517629,0.5139570877452692,0.5139570877452692,0.0,4.0,4.0
vq,5,1,179,0.540497001806895,0.5263724637031555,0.014124542052547137,0.5154331434021393,0.5154331434021393,0.0,4.0,4.0
vq,5,1,180,0.5438625844319661,0.5307421294848124,0.013120457082986831,0.5099654344717661,0.5099654344717661,0.0,4.0,4.0
vq,5,1,181,0.5433998107910156,0.5298042662938436,0.013595548470815023,0.5111526130636533,0.5111526130636533,0.0,4.0,4.0
vq,5,1,182,0.5432019193967184,0.5290039277076721,0.014197980587681135,0.5198993894954522,0.5198993894954522,0.0,4.0,4.0
vq,5,1,183,0.5372652840614319,0.5236803515752156,0.013584929158290227,0.5047421176731587,0.5047421176731587,0.0,4.0,4.0
vq,5,1,184,0.5329692363739014,0.5196043793360392,0.01336485505104065,0.5031823358684778,0.5031823358684778,0.0,4.0,4.0
vq,5,1,185,0.5282881021499634,0.5158021072546641,0.012485995541016261,0.51961454577744,0.51961454577744,0.0,4.0,4.0
vq,5,1,186,0.5425882418950398,0.5292515246073405,0.013336713276803493,0.5079969857136408,0.5079969857136408,0.0,4.0,4.0
vq,5,1,187,0.5253121868769328,0.5134273823102316,0.011884808639685314,0.4999946034699678,0.4999946034699678,0.0,4.0,4.0
vq,5,1,188,0.5291511472066244,0.5166702564557394,0.01248087984820207,0.508996800010403,0.508996800010403,0.0,4.0,4.0
vq,5,1,189,0.5274584909280141,0.5153637925783793,0.012094697666664917,0.4988754064589739,0.4988754064589739,0.0,4.0,4.0
vq,5,1,190,0.5227016504605612,0.511520406405131,0.011181249419848124,0.5024029752115409,0.5024029752115409,0.0,4.0,4.0
vq,5,1,191,0.526211187839508,0.5141694037119547,0.012041788225372633,0.49761844262480737,0.49761844262480737,0.0,4.0,4.0
vq,5,1,192,0.5240689468383789,0.5124351525306702,0.011633796940247217,0.5024789383262396,0.5024789383262396,0.0,4.0,4.0
vq,5,1,193,0.5287446808815003,0.51637823899587,0.012366438160339992,0.4959449308862289,0.4959449308862289,0.0,4.0,4.0
vq,5,1,194,0.5296226382255554,0.5174798655509949,0.012142770799497764,0.49593813709914686,0.49593813709914686,0.0,4.0,4.0
vq,5,1,195,0.5140842429796855,0.5018821903069814,0.012202048115432263,0.4953868648658196,0.4953868648658196,0.0,4.0,4.0
vq,5,1,196,0.5195253539085388,0.5064466214179992,0.01307872485369444,0.4877746269851923,0.4877746269851923,0.0,4.0,4.0
vq,5,1,197,0.5094859604040781,0.4964626411596934,0.013023325155178705,0.4891437766949336,0.4891437766949336,0.0,4.0,4.0
vq,5,1,198,0.5178549647331238,0.5054424285888672,0.012412533288200696,0.4888056003053983,0.4888056003053983,0.0,4.0,4.0
vq,5,1,199,0.5191157646973927,0.5064728311697642,0.012642931987841924,0.4860914785166581,0.4860914785166581,0.0,4.0,4.0
vq,5,1,200,0.5124986636638641,0.5005500634511312,0.011948603851099809,0.4955664008607467,0.4955664008607467,0.0,4.0,4.0
vq,5,1,201,0.5139496858914693,0.5008333106835683,0.013116383180022239,0.4812538625299931,0.4812538625299931,0.0,4.0,4.0
vq,5,1,202,0.5120060483614604,0.4992964967091878,0.012709555042286713,0.48987890084584557,0.48987890084584557,0.0,4.0,4.0
vq,5,1,203,0.5107619436581929,0.4983451859156291,0.012416750838359197,0.4773203132549922,0.4773203132549922,0.0,4.0,4.0
vq,5,1,204,0.5060984381039937,0.4940423520406087,0.01205608402689298,0.49035055451095105,0.49035055451095105,0.0,4.0,4.0
vq,5,1,205,0.5189025704065958,0.5057561488946279,0.013146418953935306,0.479948232298096,0.479948232298096,0.0,4.0,4.0
vq,5,1,206,0.5057617712020874,0.49273950219154355,0.013022264465689659,0.47866831665237747,0.47866831665237747,0.0,4.0,4.0
vq,5,1,207,0.5006372606754304,0.4882414984703064,0.012395764912168185,0.47674968242645266,0.47674968242645266,0.0,4.0,4.0
vq,5,1,208,0.5029401302337646,0.4910826623439789,0.011857465567688148,0.4768445945282777,0.4768445945282777,0.0,4.0,4.0
vq,5,1,209,0.4945693794886271,0.48312720855077107,0.011442171558737755,0.4847694569826126,0.4847694569826126,0.0,4.0,4.0
vq,5,1,210,0.5145848250389099,0.5016314311822255,0.012953389237324397,0.48226492044826347,0.48226492044826347,0.0,4.0,4.0
vq,5,1,211,0.49766465584437053,0.48589151541392006,0.011773145645856858,0.4701075190057357,0.4701075190057357,0.0,4.0,4.0
vq,5,1,212,0.499716694355011,0.4879638266563415,0.01175286711504062,0.48637729751567044,0.48637729751567044,0.0,4.0,4.0
vq,5,1,213,0.4930131610234578,0.48106870412826536,0.011944453679025174,0.4674459216247002,0.4674459216247002,0.0,4.0,4.0
vq,5,1,214,0.49688964207967123,0.4847900732358297,0.012099565466245016,0.4734845697134733,0.4734845697134733,0.0,4.0,4.0
vq,5,1,215,0.5033661548296611,0.4907144530614217,0.012651700874169667,0.46988764390349386,0.46988764390349386,0.0,4.0,4.0
vq,5,1,216,0.49319245855013527,0.4813996013005575,0.011792862005531788,0.4676790001988411,0.4676790001988411,0.0,4.0,4.0
vq,5,1,217,0.4937791017691294,0.4812737294038137,0.012505368466178576,0.4721270346889893,0.4721270346889893,0.0,4.0,4.0
vq,5,1,218,0.4920621200402578,0.4805393143494924,0.011522801419099171,0.4631944465388854,0.4631944465388854,0.0,4.0,4.0
vq,5,1,219,0.49512229998906454,0.48271283507347107,0.012409466182192167,0.4716688514997562,0.4716688514997562,0.0,4.0,4.0
vq,5,1,220,0.5023261308670044,0.49052588939666747,0.011800242165724437,0.4722550644973914,0.4722550644973914,0.0,4.0,4.0
vq,5,1,221,0.48928439219792685,0.4769370698928833,0.012347319995363553,0.4648785560329755,0.4648785560329755,0.0,4.0,4.0
vq,5,1,222,0.49268356402715047,0.4811654678980509,0.011518088839948178,0.4639794594049454,0.4639794594049454,0.0,4.0,4.0
vq,5,1,223,0.4819471089045207,0.47115114132563274,0.010795961767435074,0.4744455865770578,0.4744455865770578,0.0,4.0,4.0
vq,5,1,224,0.4909064118067423,0.48009683688481647,0.010809571320811907,0.4555254774540663,0.4555254774540663,0.0,4.0,4.0
vq,5,1,225,0.4805262366930644,0.46945724924405413,0.01106898879011472,0.46590845418473087,0.46590845418473087,0.0,4.0,4.0
vq,5,1,226,0.48047682801882424,0.46917821606000265,0.011298612902561823,0.4637392356743415,0.4637392356743415,0.0,4.0,4.0
vq,5,1,227,0.4859942857424418,0.4735929814974467,0.012401300817728042,0.4546735582500696,0.4546735582500696,0.0,4.0,4.0
vq,5,1,228,0.4720874611536662,0.46030906041463215,0.011778395536045233,0.462546921223402,0.462546921223402,0.0,4.0,4.0
vq,5,1,229,0.48212552467981973,0.4709949417908986,0.011130578021208445,0.45372861097256345,0.45372861097256345,0.0,4.0,4.0
vq,5,1,230,0.4780117388566335,0.4661832106113434,0.011828527301549912,0.4642030727614959,0.4642030727614959,0.0,4.0,4.0
vq,5,1,231,0.48163185516993207,0.47023502985636395,0.011396824916203818,0.4543251901865005,0.4543251901865005,0.0,4.0,4.0
vq,5,1,232,0.47640898942947385,0.4649569018681844,0.011452085872491202,0.4666457550475995,0.4666457550475995,0.0,4.0,4.0
vq,5,1,233,0.48157907247543336,0.4693836375077565,0.012195432086785635,0.45216345181067785,0.45216345181067785,0.0,4.0,4.0
vq,5,1,234,0.47551225701967875,0.46410574436187746,0.011406516395509244,0.4467942212273677,0.4467942212273677,0.0,4.0,4.0
vq,5,1,235,0.4682715225219727,0.4568966607252757,0.011374862616260846,0.4550825042277575,0.4550825042277575,0.0,4.0,4.0
vq,5,1,236,0.46508453488349916,0.45360395510991414,0.011480574930707614,0.4476224644482136,0.4476224644482136,0.0,4.0,4.0
vq,5,1,237,0.47954836368560794,0.46758095900217694,0.011967404385407766,0.4390574177354574,0.4390574177354574,0.0,4.0,4.0
vq,5,1,238,0.46543083985646566,0.4536171881357829,0.011813649833202362,0.4390072035541137,0.4390072035541137,0.0,4.0,4.0
vq,5,1,239,0.4657578245798747,0.4538768760363261,0.011880947550137837,0.4614965525269508,0.4614965525269508,0.0,4.0,4.0
vq,5,1,240,0.45871525565783183,0.447270534435908,0.011444722637534141,0.4403804225971301,0.4403804225971301,0.0,4.0,4.0
vq,5,1,241,0.46002662777900694,0.4494265766938527,0.010600050042072932,0.44019380864997704,0.44019380864997704,0.0,4.0,4.0
vq,5,1,242,0.46981785774230955,0.45761741558710733,0.012200442105531693,0.43970609245200953,0.43970609245200953,0.0,4.0,4.0
vq,5,1,243,0.4630808540185293,0.45217097679773965,0.01090987908343474,0.43730165061851345,0.43730165061851345,0.0,4.0,4.0
vq,5,1,244,0.4614427165190379,0.45124683022499085,0.01019588403403759,0.4327122710148493,0.4327122710148493,0.0,4.0,4.0
vq,5,1,245,0.4586436152458191,0.447719996770223,0.010923620834946633,0.4336250267922878,0.4336250267922878,0.0,4.0,4.0
vq,5,1,246,0.451598383585612,0.44041650970776874,0.01118187427520752,0.4335554845134417,0.4335554845134417,0.0,4.0,4.0
vq,5,1,247,0.45226357142130535,0.4411453954378764,0.011118175387382507,0.4307970369358857,0.4307970369358857,0.0,4.0,4.0
vq,5,1,248,0.4508905879656474,0.4384363039334615,0.01245428502559662,0.4246020051340262,0.4246020051340262,0.0,4.0,4.0
vq,5,1,249,0.45791465481122334,0.44629070520401,0.011623952488104503,0.42885566674172876,0.42885566674172876,0.0,4.0,4.0
vq,5,1,250,0.45540801286697385,0.44335732420285545,0.012050693035125732,0.4298641476780176,0.4298641476780176,0.0,4.0,4.0
vq,5,1,251,0.44130915522575376,0.4307525988419851,0.010556558097402255,0.42056466817855837,0.42056466817855837,0.0,4.0,4.0
vq,5,1,252,0.44273401776949567,0.4313662175337474,0.011367803427080313,0.42156401139994465,0.42156401139994465,0.0,4.0,4.0
vq,5,1,253,0.4453573950131734,0.43393961747487386,0.011417780915896097,0.4188258007665475,0.4188258007665475,0.0,4.0,4.0
vq,5,1,254,0.4455933356285095,0.43393744746843976,0.011655885875225067,0.4163361956427495,0.4163361956427495,0.0,4.0,4.0
vq,5,1,255,0.4316718149185181,0.42037566264470416,0.011296152882277966,0.41519064016640184,0.41519064016640184,0.0,4.0,4.0
vq,5,1,256,0.4399945573012034,0.42763930837313335,0.01235525295138359,0.42296719826757906,0.42296719826757906,0.0,4.0,4.0
vq,5,1,257,0.4404049841562907,0.42903457244237264,0.011370406970381736,0.4105231878409783,0.4105231878409783,0.0,4.0,4.0
vq,5,1,258,0.43718577226003014,0.4259506046772003,0.011235165558755398,0.42127765707671644,0.42127765707671644,0.0,4.0,4.0
vq,5,1,259,0.43173277616500855,0.42017927328745525,0.011553504876792431,0.4102381162097057,0.4102381162097057,0.0,4.0,4.0
vq,5,1,260,0.43209767738978067,0.41989662011464435,0.012201058032612006,0.41218986695011456,0.41218986695011456,0.0,4.0,4.0
vq,5,1,261,0.4358909547328949,0.42454845825831095,0.011342498461405436,0.4144293183833361,0.4144293183833361,0.0,4.0,4.0
vq,5,1,262,0.43257983684539797,0.4208937911192576,0.011686042745908102,0.41634377698103586,0.41634377698103586,0.0,4.0,4.0
vq,5,1,263,0.43481376687685647,0.4239353756109873,0.010878392656644186,0.41178933409353097,0.41178933409353097,0.0,4.0,4.0
vq,5,1,264,0.42934852282206215,0.41848135670026143,0.010867170368631681,0.4027724989503622,0.4027724989503622,0.0,4.0,4.0
vq,5,1,265,0.44306188384691875,0.43179216305414836,0.01126972034573555,0.4092597666134437,0.4092597666134437,0.0,4.0,4.0
vq,5,1,266,0.4283717759450277,0.41687323013941446,0.011498542688786983,0.4104965725541115,0.4104965725541115,0.0,4.0,4.0
vq,5,1,267,0.42736292600631715,0.416351744333903,0.011011184267699719,0.3998768194268147,0.3998768194268147,0.0,4.0,4.0
vq,5,1,268,0.4197991100947062,0.4082132053375244,0.011585902472337086,0.4125001429021358,0.4125001429021358,0.0,4.0,4.0
vq,5,1,269,0.4267566172281901,0.41503065506617226,0.011725962422788143,0.4015656542778015,0.4015656542778015,0.0,4.0,4.0
vq,5,1,270,0.4195992318789164,0.4083203403155009,0.011278891985615094,0.40698209285736087,0.40698209285736087,0.0,4.0,4.0
vq,5,1,271,0.4252824544906616,0.41443777322769165,0.010844680443406106,0.4124469856421153,0.4124469856421153,0.0,4.0,4.0
vq,5,1,272,0.4198049434026082,0.4087099099159241,0.011095034976800283,0.39381556113560995,0.39381556113560995,0.0,4.0,4.0
vq,5,1,273,0.4192093280951182,0.4071533989906311,0.012055923864245414,0.4527478773891926,0.4527478773891926,0.0,4.0,4.0
vq,5,1,274,0.430029456615448,0.4181562586625417,0.011873198226094245,0.4044831712047259,0.4044831712047259,0.0,4.0,4.0
vq,5,1,275,0.42275795380274456,0.41063705722490945,0.012120896006623904,0.40319362516204516,0.40319362516204516,0.0,4.0,4.0
vq,5,1,276,0.41946702361106875,0.4083389977614085,0.011128022943933806,0.39009893770019216,0.39009893770019216,0.0,4.0,4.0
vq,5,1,277,0.41311442335446674,0.40249215324719745,0.010622267996271452,0.39223600789904595,0.39223600789904595,0.0,4.0,4.0
vq,5,1,278,0.41626078287760415,0.40467971165974936,0.011581072236100833,0.4015631345411142,0.4015631345411142,0.0,4.0,4.0
vq,5,1,279,0.4108369028568268,0.3996445906162262,0.011192310117185116,0.38856629555424055,0.38856629555424055,0.0,4.0,4.0
vq,5,1,280,0.4091711930433909,0.3975441837310791,0.0116270096351703,0.3938214706877867,0.3938214706877867,0.0,4.0,4.0
vq,5,1,281,0.40987205505371094,0.3980054811636607,0.011866571555535,0.3870273332297802,0.3870273332297802,0.0,4.0,4.0
vq,5,1,282,0.4097260308265686,0.39890172561009724,0.010824307116369407,0.3890497298538685,0.3890497298538685,0.0,4.0,4.0
vq,5,1,283,0.42154600660006203,0.4095794192949931,0.011966583654284477,0.38773526112238565,0.38773526112238565,0.0,4.0,4.0
vq,5,1,284,0.39570257186889646,0.38547950983047485,0.010223065490523974,0.3962747820218404,0.3962747820218404,0.0,4.0,4.0
vq,5,1,285,0.41184157768885293,0.39988433082898456,0.011957247033715248,0.384211860448122,0.384211860448122,0.0,4.0,4.0
vq,5,1,286,0.3964625946680705,0.38555189887682595,0.010910690476497014,0.3848187464972337,0.3848187464972337,0.0,4.0,4.0
vq,5,1,287,0.4063841374715169,0.394085214138031,0.012298924351731936,0.37742833986878394,0.37742833986878394,0.0,4.0,4.0
vq,5,1,288,0.39886025110880535,0.3876313094298045,0.011228941182295482,0.3773102521399657,0.3773102521399657,0.0,4.0,4.0
vq,5,1,289,0.405850651661555,0.3931638777256012,0.012686770906051,0.40544442847371104,0.40544442847371104,0.0,4.0,4.0
vq,5,1,290,0.3942646511395772,0.38213776429494223,0.012126885950565339,0.3723083521425724,0.3723083521425724,0.0,4.0,4.0
vq,5,1,291,0.40711624423662823,0.39450440406799314,0.01261183609565099,0.3822406827410062,0.3822406827410062,0.0,4.0,4.0
vq,5,1,292,0.4100396001338959,0.3972148331006368,0.012824767356117567,0.3797043265899022,0.3797043265899022,0.0,4.0,4.0
vq,5,1,293,0.39411733587582903,0.3825543455282847,0.011562986572583516,0.3860935347775618,0.3860935347775618,0.0,4.0,4.0
vq,5,1,294,0.3958823637167613,0.3828815948963165,0.013000770024955272,0.3787657453119755,0.3787657453119755,0.0,4.0,4.0
vq,5,1,295,0.4038765263557434,0.39073715766270956,0.013139367972811063,0.380353984584411,0.380353984584411,0.0,4.0,4.0
vq,5,1,296,0.38440849939982097,0.3735300421714783,0.010878456694384416,0.3998617944121361,0.3998617944121361,0.0,4.0,4.0
vq,5,1,297,0.41427905480066934,0.4012867859999339,0.012992267422378063,0.3705249276260535,0.3705249276260535,0.0,4.0,4.0
vq,5,1,298,0.3772337047259013,0.3663494563102722,0.01088424856464068,0.38276424234112105,0.38276424234112105,0.0,4.0,4.0
vq,5,1,299,0.4028144939740499,0.38962822437286376,0.01318626880645752,0.38556438197692233,0.38556438197692233,0.0,4.0,4.0
vq,5,1,300,0.38884448607762656,0.37684452255566914,0.01199996699889501,0.3652260686457157,0.3652260686457157,0.0,4.0,4.0
vq,5,1,301,0.3842129683494568,0.3720066650708516,0.01220630120486021,0.3867390980323156,0.3867390980323156,0.0,4.0,4.0
vq,5,1,302,0.40205533782641095,0.3884115292628606,0.01364380370825529,0.3686170790096124,0.3686170790096124,0.0,4.0,4.0
vq,5,1,303,0.38012696345647173,0.3678600505987803,0.012266911466916402,0.38575130954384806,0.38575130954384806,0.0,4.0,4.0
vq,5,1,304,0.3900347057978312,0.3772224712371826,0.012812236572305362,0.3623634893198808,0.3623634893198808,0.0,4.0,4.0
vq,5,1,305,0.37917558193206785,0.36659967303276064,0.012575909122824669,0.3532997012635072,0.3532997012635072,0.0,4.0,4.0
vq,5,1,306,0.3756963344415029,0.3632997953891754,0.012396539660791557,0.3736396515369415,0.3736396515369415,0.0,4.0,4.0
vq,5,1,307,0.386893462340037,0.37391318957010905,0.01298027070860068,0.3581807821989059,0.3581807821989059,0.0,4.0,4.0
vq,5,1,308,0.3749472471078237,0.36336366573969525,0.011583585143089294,0.35665642470121384,0.35665642470121384,0.0,4.0,4.0
vq,5,1,309,0.3879129000504812,0.3740850031375885,0.01382788894077142,0.35557353640596073,0.35557353640596073,0.0,4.0,4.0
vq,5,1,310,0.3699452606836955,0.3586372752984365,0.011307990873853365,0.35558929244677223,0.35558929244677223,0.0,4.0,4.0
vq,5,1,311,0.38804995457331337,0.37389950394630433,0.014150455941756566,0.3550310010214647,0.3550310010214647,0.0,4.0,4.0
vq,5,1,312,0.3842024723688761,0.37153084635734557,0.01267163097858429,0.351721483618021,0.351721483618021,0.0,4.0,4.0
vq,5,1,313,0.3652163362503052,0.353534521261851,0.011681815683841705,0.3786415436863899,0.3786415436863899,0.0,4.0,4.0
vq,5,1,314,0.3788411446412404,0.36561172604560854,0.01322941799958547,0.3443145990868409,0.3443145990868409,0.0,4.0,4.0
vq,5,1,315,0.3676999068260193,0.3564219907919566,0.011277916605273882,0.34314143791794777,0.34314143791794777,0.0,4.0,4.0
vq,5,1,316,0.37814081748326617,0.3639023292064667,0.014238485296567282,0.36711910461386044,0.36711910461386044,0.0,4.0,4.0
vq,5,1,317,0.3686218889554342,0.355438023408254,0.013183860778808594,0.33918855105837187,0.33918855105837187,0.0,4.0,4.0
vq,5,1,318,0.36232881784439086,0.3505584506193797,0.011770371372501056,0.3400649336973826,0.3400649336973826,0.0,4.0,4.0
vq,5,1,319,0.3591602857907613,0.3464840257167816,0.012676260980467001,0.3488504257798195,0.3488504257798195,0.0,4.0,4.0
vq,5,1,320,0.3630925683180491,0.35100945552190144,0.012083112895488739,0.3427785756687323,0.3427785756687323,0.0,4.0,4.0
vq,5,1,321,0.35931456247965493,0.34696954250335693,0.012345018597940604,0.342017523398002,0.342017523398002,0.0,4.0,4.0
vq,5,1,322,0.3558668084939321,0.3433318543434143,0.012534955566128094,0.34615860238671303,0.34615860238671303,0.0,4.0,4.0
vq,5,1,323,0.36372329155604044,0.3508904012044271,0.012832888613144557,0.34298417553305627,0.34298417553305627,0.0,4.0,4.0
vq,5,1,324,0.35625893036524453,0.34378141721089683,0.012477513353029887,0.33641915157437324,0.33641915157437324,0.0,4.0,4.0
vq,5,1,325,0.34834462761878965,0.33757893125216165,0.010765691710015138,0.34281469220916433,0.34281469220916433,0.0,4.0,4.0
vq,5,1,326,0.36081753492355345,0.3467750895023346,0.014042447408040365,0.3341529421011607,0.3341529421011607,0.0,4.0,4.0
vq,5,1,327,0.3597020121415456,0.3464175232251485,0.013284491921464602,0.34818102811773616,0.34818102811773616,0.0,4.0,4.0
vq,5,1,328,0.36032154798507693,0.34770306388537087,0.012618483304977416,0.33281347995003063,0.33281347995003063,0.0,4.0,4.0
vq,5,1,329,0.3520304691791534,0.3395962111155192,0.012434254040320714,0.36171597748994827,0.36171597748994827,0.0,4.0,4.0
vq,5,1,330,0.35795839587847395,0.34534859339396157,0.012609800174832344,0.3273170201480389,0.3273170201480389,0.0,4.0,4.0
vq,5,1,331,0.3745205573240916,0.3605804475148519,0.01394011249144872,0.3395875051617622,0.3395875051617622,0.0,4.0,4.0
vq,5,1,332,0.350848921140035,0.33745317578315737,0.013395747840404511,0.33155863220493,0.33155863220493,0.0,4.0,4.0
vq,5,1,333,0.34323752284049985,0.33195345481236777,0.011284072076280911,0.331988165974617,0.331988165974617,0.0,4.0,4.0
vq,5,1,334,0.35209819157918293,0.3387760158379873,0.013322178199887276,0.3254166741669178,0.3254166741669178,0.0,4.0,4.0
vq,5,1,335,0.3503352431456248,0.337334037621816,0.013001202965776126,0.3212917730708917,0.3212917730708917,0.0,4.0,4.0
vq,5,1,336,0.33646004637082416,0.3233487951755524,0.013111254100998242,0.3342850537598133,0.3342850537598133,0.0,4.0,4.0
vq,5,1,337,0.34972486952940623,0.33533474485079445,0.014390123275419076,0.3322815372049808,0.3322815372049808,0.0,4.0,4.0
vq,5,1,338,0.3409654879570007,0.32859960039456687,0.012365889710684617,0.32046929354468984,0.32046929354468984,0.0,4.0,4.0
vq,5,1,339,0.35756848057111107,0.3432090946038564,0.014359383595486481,0.32856063718597095,0.32856063718597095,0.0,4.0,4.0
vq,5,1,340,0.3471144763628642,0.3329326355457306,0.014181838929653167,0.35042109961311024,0.35042109961311024,0.0,4.0,4.0
vq,5,1,341,0.3429987887541453,0.32921655495961505,0.01378223384420077,0.32072993690768875,0.32072993690768875,0.0,4.0,4.0
vq,5,1,342,0.33468110760053,0.3216053970654805,0.013075709144274394,0.3391958705584208,0.3391958705584208,0.0,4.0,4.0
vq,5,1,343,0.3518495790163676,0.33764437516530355,0.014205201417207719,0.324216768493255,0.324216768493255,0.0,4.0,4.0
vq,5,1,344,0.35585601687431334,0.34102417071660357,0.014831847349802653,0.3163318992157777,0.3163318992157777,0.0,4.0,4.0
vq,5,1,345,0.3305668358008067,0.3172004397710164,0.013366396042207877,0.3675442285339038,0.3675442285339038,0.0,4.0,4.0
vq,5,1,346,0.3475814688205719,0.33227545619010923,0.015306011649469535,0.31442232519388197,0.31442232519388197,0.0,4.0,4.0
vq,5,1,347,0.3450656036535899,0.3315726081530253,0.013493000666300456,0.3179298793772856,0.3179298793772856,0.0,4.0,4.0
vq,5,1,348,0.3403263449668884,0.32626405040423073,0.014062293780346711,0.3253138310213884,0.3253138310213884,0.0,4.0,4.0
vq,5,1,349,0.3366093810399373,0.3224916593233744,0.014117723107337951,0.32346424718697864,0.32346424718697864,0.0,4.0,4.0
vq,5,1,350,0.3349597163995107,0.322262096007665,0.012697618405024211,0.3149018166959286,0.3149018166959286,0.0,4.0,4.0
vq,5,1,351,0.3376290766398112,0.32349316120147703,0.01413591389854749,0.32690260842442515,0.32690260842442515,0.0,4.0,4.0
vq,5,1,352,0.3272813975811005,0.3136690088113149,0.013612391104300818,0.31712137217322983,0.31712137217322983,0.0,4.0,4.0
vq,5,1,353,0.3321353093783061,0.3186140529314677,0.013521257092555364,0.31268264720837274,0.31268264720837274,0.0,4.0,4.0
vq,5,1,354,0.3349324572086334,0.32039974133173627,0.014532716299096743,0.3219396415849527,0.3219396415849527,0.0,4.0,4.0
vq,5,1,355,0.3376120368639628,0.32400718649228416,0.013604851638277371,0.30799568990866344,0.30799568990866344,0.0,4.0,4.0
vq,5,1,356,0.3220547068119049,0.30867385149002075,0.013380856141448022,0.3745302146673202,0.3745302146673202,0.0,4.0,4.0
vq,5,1,357,0.3436919899781545,0.32793669164180755,0.015755294263362883,0.3018386937181155,0.3018386937181155,0.0,4.0,4.0
vq,5,1,358,0.3244031834602356,0.310610107978185,0.013793073495229085,0.30700855498512586,0.30700855498512586,0.0,4.0,4.0
vq,5,1,359,0.33098888794581094,0.3157300659020742,0.015258820528785388,0.30657024229566254,0.30657024229566254,0.0,4.0,4.0
vq,5,1,360,0.3170781890551249,0.3038598692417145,0.01321831734230121,0.3139391080538432,0.3139391080538432,0.0,4.0,4.0
vq,5,1,361,0.3266593432426453,0.3123266836007436,0.014332651558021704,0.29970662847161295,0.29970662847161295,0.0,4.0,4.0
vq,5,1,362,0.33483138799667356,0.3187214052677155,0.01610998496413231,0.30463156471649805,0.30463156471649805,0.0,4.0,4.0
vq,5,1,363,0.3187833535671234,0.3043870317935944,0.014396319041649501,0.3078754783173402,0.3078754783173402,0.0,4.0,4.0
vq,5,1,364,0.3301914171377818,0.31472937266031903,0.015462040926019351,0.30731401905417444,0.30731401905417444,0.0,4.0,4.0
vq,5,1,365,0.327129199107488,0.31308019161224365,0.014049007520079614,0.3055354284743468,0.3055354284743468,0.0,4.0,4.0
vq,5,1,366,0.3262038751443227,0.3116928319136302,0.014511046037077903,0.2957463852067788,0.2957463852067788,0.0,4.0,4.0
vq,5,1,367,0.3300018076101939,0.31484108726183574,0.015160721292098363,0.29505007714033127,0.29505007714033127,0.0,4.0,4.0
vq,5,1,368,0.3212342115243276,0.30536081274350485,0.015873398805658023,0.32860638077060383,0.32860638077060383,0.0,4.0,4.0
vq,5,1,369,0.32649358550707497,0.3113542737563451,0.015139312359193961,0.3010665941735109,0.3010665941735109,0.0,4.0,4.0
vq,5,1,370,0.3083508022626241,0.2949654225508372,0.013385382654766242,0.3059823065002759,0.3059823065002759,0.0,4.0,4.0
vq,5,1,371,0.3232406290372213,0.3077453525861104,0.015495281765858333,0.2924059407909711,0.2924059407909711,0.0,4.0,4.0
vq,5,1,372,0.3153481340408325,0.30117011030515034,0.014178023437658945,0.31828761597474414,0.31828761597474414,0.0,4.0,4.0
vq,5,1,373,0.3330734078089396,0.3165704600016276,0.01650294482707977,0.30801071216662723,0.30801071216662723,0.0,4.0,4.0
vq,5,1,374,0.31277077277501425,0.2987263244390488,0.014044450794657071,0.30511262610554696,0.30511262610554696,0.0,4.0,4.0
vq,5,1,375,0.3197101374467214,0.30463165601094566,0.015078481237093608,0.29413272281487784,0.29413272281487784,0.0,4.0,4.0
vq,5,1,376,0.32688974936803183,0.3107474652926127,0.01614228201409181,0.2910058239102364,0.2910058239102364,0.0,4.0,4.0
vq,5,1,377,0.3153881339232127,0.2998460833231608,0.015542048836747806,0.29790084684888524,0.29790084684888524,0.0,4.0,4.0
vq,5,1,378,0.31338528792063397,0.29735498785972597,0.0160302971303463,0.2909923638900121,0.2909923638900121,0.0,4.0,4.0
vq,5,1,379,0.30717865586280824,0.2930887099107107,0.01408995047211647,0.2876007078588009,0.2876007078588009,0.0,4.0,4.0
vq,5,1,380,0.312801878452301,0.296758013566335,0.016043864861130713,0.28985514357686043,0.28985514357686043,0.0,4.0,4.0
vq,5,1,381,0.3133564388751984,0.29799670457839966,0.015359736283620199,0.2859575533866882,0.2859575533866882,0.0,4.0,4.0
vq,5,1,382,0.3219064442316691,0.3055368733406067,0.016369568233688674,0.29212709913651147,0.29212709913651147,0.0,4.0,4.0
vq,5,1,383,0.30281661947568256,0.28786723772684736,0.014949385871489843,0.28466528316338857,0.28466528316338857,0.0,4.0,4.0
vq,5,1,384,0.3075157956282298,0.2923025826613108,0.015213211824496586,0.28842795809110006,0.28842795809110006,0.0,4.0,4.0
vq,5,1,385,0.3131262572606405,0.29782990376154583,0.01529635081688563,0.2810245843231678,0.2810245843231678,0.0,4.0,4.0
vq,5,1,386,0.3070864593982697,0.29078454852104185,0.016301915248235068,0.30724370951453844,0.30724370951453844,0.0,4.0,4.0
vq,5,1,387,0.3080372393131256,0.2913514065742493,0.016685833384593327,0.27879673436284064,0.27879673436284064,0.0,4.0,4.0
vq,5,1,388,0.30122374296188353,0.2854488341013591,0.015774905408422153,0.3077116119364897,0.3077116119364897,0.0,4.0,4.0
vq,5,1,389,0.30142266313234967,0.28664047559102374,0.014782186970114708,0.2783874913553397,0.2783874913553397,0.0,4.0,4.0
vq,5,1,390,0.2973483153184255,0.2826155642668406,0.014732751349608103,0.2968563903371493,0.2968563903371493,0.0,4.0,4.0
vq,5,1,391,0.307014301220576,0.291483819882075,0.015530482654770215,0.2847996984422207,0.2847996984422207,0.0,4.0,4.0
vq,5,1,392,0.2939722343285878,0.27908345421155295,0.014888782699902852,0.30385024959842366,0.30385024959842366,0.0,4.0,4.0
vq,5,1,393,0.3140408714612325,0.2975790099302928,0.016461861804127693,0.277384125739336,0.277384125739336,0.0,4.0,4.0
vq,5,1,394,0.3087054717540741,0.29190553665161134,0.01679993763566017,0.27446471244096754,0.27446471244096754,0.0,4.0,4.0
vq,5,1,395,0.29847893913586937,0.28335330764452615,0.015125627927482128,0.2691350795328617,0.2691350795328617,0.0,4.0,4.0
vq,5,1,396,0.3106488688786824,0.2931978245576223,0.01745104690392812,0.27418978124856946,0.27418978124856946,0.0,4.0,4.0
vq,5,1,397,0.3031212071577708,0.2865189011891683,0.016602307309707007,0.2707737486561139,0.2707737486561139,0.0,4.0,4.0
vq,5,1,398,0.30606985211372373,0.29033473451932273,0.015735118389129638,0.3507843052347501,0.3507843052347501,0.0,4.0,4.0
vq,5,1,399,0.30252289632956186,0.2853978862365087,0.017125012402733168,0.27294859757026035,0.27294859757026035,0.0,4.0,4.0
vq,5,1,400,0.2862810691197713,0.27139861981074015,0.014882450674970944,0.290849667886893,0.290849667886893,0.0,4.0,4.0
vq,5,1,401,0.3027886080741882,0.28531395276387533,0.01747465059161186,0.2838807415465514,0.2838807415465514,0.0,4.0,4.0
vq,5,1,402,0.29807372371355695,0.28174941182136537,0.01632430945833524,0.264804144303004,0.264804144303004,0.0,4.0,4.0
vq,5,1,403,0.2893067443370819,0.27246692856152854,0.016839811901251476,0.28093591252962746,0.28093591252962746,0.0,4.0,4.0
vq,5,1,404,0.2889849050839742,0.2720114270846049,0.016973472386598586,0.26984951853752137,0.26984951853752137,0.0,4.0,4.0
vq,5,1,405,0.29408437212308247,0.2775226167837779,0.016561753501494726,0.2634289614359538,0.2634289614359538,0.0,4.0,4.0
vq,5,1,406,0.3124145066738129,0.29475266098976133,0.017661848987142244,0.2659118274350961,0.2659118274350961,0.0,4.0,4.0
vq,5,1,407,0.2848443802197774,0.26900282661120095,0.015841558625300727,0.2986684477329254,0.2986684477329254,0.0,4.0,4.0
vq,5,1,408,0.29703864018122356,0.27975055952866873,0.017288079870243868,0.26533826688925427,0.26533826688925427,0.0,4.0,4.0
vq,5,1,409,0.2975093791882197,0.28071883777777357,0.0167905426522096,0.2653467255830765,0.2653467255830765,0.0,4.0,4.0
vq,5,1,410,0.2937592935562134,0.2765788012742996,0.017180495883027714,0.28063314537207285,0.28063314537207285,0.0,4.0,4.0
vq,5,1,411,0.2863240450620651,0.26871886392434435,0.017605182106296222,0.2608453749616941,0.2608453749616941,0.0,4.0,4.0
vq,5,1,412,0.28976051290829974,0.2730735679467519,0.016686946973204612,0.2566699317097664,0.2566699317097664,0.0,4.0,4.0
vq,5,1,413,0.3085530451933543,0.2897266425689061,0.018826409690082074,0.2698672966659069,0.2698672966659069,0.0,4.0,4.0
vq,5,1,414,0.27671486218770347,0.2601938571532567,0.016521004339059193,0.27319466347495713,0.27319466347495713,0.0,4.0,4.0
vq,5,1,415,0.29988436778386435,0.2819772148132324,0.017907148897647857,0.25929393192132316,0.25929393192132316,0.0,4.0,4.0
vq,5,1,416,0.28876126567522686,0.2709490128358205,0.017812250157197316,0.2583528545002143,0.2583528545002143,0.0,4.0,4.0
vq,5,1,417,0.2815799943606059,0.26489431818326314,0.016685675904154776,0.2560284860432148,0.2560284860432148,0.0,4.0,4.0
vq,5,1,418,0.31069851279258726,0.2923598317305247,0.018338684762517612,0.26924067169427873,0.26924067169427873,0.0,4.0,4.0
vq,5,1,419,0.28661860605080924,0.270016808907191,0.016601792288323244,0.2582394060989221,0.2582394060989221,0.0,4.0,4.0
vq,5,1,420,0.28804404656092325,0.27021970868110656,0.0178243392209212,0.2830595318973064,0.2830595318973064,0.0,4.0,4.0
vq,5,1,421,0.285982000430425,0.2686542729536692,0.01732772638400396,0.25012616435686746,0.25012616435686746,0.0,4.0,4.0
vq,5,1,422,0.29989042778809866,0.28223106026649475,0.01765936697522799,0.25665523901581766,0.25665523901581766,0.0,4.0,4.0
vq,5,1,423,0.28906300822893777,0.2715474474430084,0.017515563915173213,0.2720551418761412,0.2720551418761412,0.0,4.0,4.0
vq,5,1,424,0.2856798674662908,0.2675179960330327,0.01816186763346195,0.24408732021848362,0.24408732021848362,0.0,4.0,4.0
vq,5,1,425,0.27674663861592613,0.25983271121978757,0.016913924912611643,0.26736865391333897,0.26736865391333897,0.0,4.0,4.0
vq,5,1,426,0.2930379223823547,0.27321357528368634,0.01982434908548991,0.2539955487847328,0.2539955487847328,0.0,4.0,4.0
vq,5,1,427,0.26897378941377004,0.25310047606627145,0.01587331178287665,0.251104317009449,0.251104317009449,0.0,4.0,4.0
vq,5,1,428,0.28135159850120545,0.26332552909851076,0.01802606793741385,0.2529846295217673,0.2529846295217673,0.0,4.0,4.0
vq,5,1,429,0.2855017439524333,0.26710156083106995,0.01840017904837926,0.2507334222396215,0.2507334222396215,0.0,4.0,4.0
vq,5,1,430,0.27050116340319313,0.2535932755470276,0.016907890141010285,0.27525004640221595,0.27525004640221595,0.0,4.0,4.0
vq,5,1,431,0.29631802916526795,0.27755325436592104,0.0187647741039594,0.25947276333967845,0.25947276333967845,0.0,4.0,4.0
vq,5,1,432,0.2714273464679718,0.2543899218241374,0.01703742186228434,0.2587807091077169,0.2587807091077169,0.0,4.0,4.0
vq,5,1,433,0.28546050548553464,0.26659075379371644,0.01886975054939588,0.24613709434866904,0.24613709434866904,0.0,4.0,4.0
vq,5,1,434,0.27054153005282083,0.2525030136108398,0.018038514902194342,0.25315116743246713,0.25315116743246713,0.0,4.0,4.0
vq,5,1,435,0.2938232715924581,0.2749502658843994,0.018873007694880168,0.24544488181670507,0.24544488181670507,0.0,4.0,4.0
vq,5,1,436,0.28834603865941366,0.2697087041536967,0.018637333139777182,0.24313721214731535,0.24313721214731535,0.0,4.0,4.0
vq,5,1,437,0.26791530768076577,0.25060489694277444,0.01731040726105372,0.24970256318648656,0.24970256318648656,0.0,4.0,4.0
vq,5,1,438,0.2849986751874288,0.26451890806357065,0.02047976742188136,0.25634590461850165,0.25634590461850165,0.0,4.0,4.0
vq,5,1,439,0.27545434832572935,0.2580553336938222,0.017399015525976818,0.25398092821240426,0.25398092821240426,0.0,4.0,4.0
vq,5,1,440,0.26087110698223115,0.24198290944099426,0.018888196994860967,0.2863958645363649,0.2863958645363649,0.0,4.0,4.0
vq,5,1,441,0.29398427923520404,0.27267075101534527,0.021313527251283326,0.2457010649641355,0.2457010649641355,0.0,4.0,4.0
vq,5,1,442,0.26828183730443317,0.2510181907812754,0.0172636478766799,0.2442280414700508,0.2442280414700508,0.0,4.0,4.0
vq,5,1,443,0.2796832402547201,0.2605696757634481,0.01911356156071027,0.2337561821937561,0.2337561821937561,0.0,4.0,4.0
vq,5,1,444,0.2781914516290029,0.2596502451101939,0.01854121019442876,0.22936940610408782,0.22936940610408782,0.0,4.0,4.0
vq,5,1,445,0.27043569803237916,0.2514038062095642,0.01903189204633236,0.24262981201211611,0.24262981201211611,0.0,4.0,4.0
vq,5,1,446,0.2726522380113602,0.25356221477190655,0.019090020408233006,0.2373562963306904,0.2373562963306904,0.0,4.0,4.0
vq,5,1,447,0.28124006112416583,0.2599276375770569,0.021312423745791117,0.262506569425265,0.262506569425265,0.0,4.0,4.0
vq,5,1,448,0.2800975517431895,0.2605662786960602,0.01953127165635427,0.23344376186529794,0.23344376186529794,0.0,4.0,4.0
vq,5,1,449,0.27316683769226074,0.25288343071937563,0.020283404539028802,0.26055475329359373,0.26055475329359373,0.0,4.0,4.0
vq,5,1,450,0.265425381064415,0.246375084122022,0.019050290038188297,0.23547623192270598,0.23547623192270598,0.0,4.0,4.0
vq,5,1,451,0.2841039123137792,0.26395610173543294,0.020147810007135072,0.2397854925195376,0.2397854925195376,0.0,4.0,4.0
vq,5,1,452,0.2690588406721751,0.2483702834447225,0.020688556656241416,0.23397355695565542,0.23397355695565542,0.0,4.0,4.0
vq,5,1,453,0.27558391412099204,0.25621024827162425,0.01937366505463918,0.23350776533285778,0.23350776533285778,0.0,4.0,4.0
vq,5,1,454,0.2757799728711446,0.2547587025165558,0.021021271000305812,0.2727895342806975,0.2727895342806975,0.0,4.0,4.0
vq,5,1,455,0.2779101745287577,0.2579774983723958,0.019932675311962765,0.23383771697680156,0.23383771697680156,0.0,4.0,4.0
vq,5,1,456,0.2707556921243668,0.24953327278296153,0.021222416212161383,0.2608009581267834,0.2608009581267834,0.0,4.0,4.0
vq,5,1,457,0.2750332800547282,0.2543227010965347,0.02071057985226313,0.2302090974152088,0.2302090974152088,0.0,4.0,4.0
vq,5,1,458,0.27896776258945466,0.25990284740924835,0.01906491776307424,0.22479751497507094,0.22479751497507094,0.0,4.0,4.0
vq,5,1,459,0.26480368852615355,0.24574450810750326,0.019059182157119114,0.22724543834726016,0.22724543834726016,0.0,4.0,4.0
vq,5,1,460,0.26175838033358256,0.2427561314900716,0.01900225097934405,0.21771908616026242,0.21771908616026242,0.0,4.0,4.0
vq,5,1,461,0.2931185547510783,0.27282729705174763,0.020291257426142694,0.21866398503383,0.21866398503383,0.0,4.0,4.0
vq,5,1,462,0.25892335255940757,0.2385600960254669,0.020363256881634394,0.2443212713797887,0.2443212713797887,0.0,4.0,4.0
vq,5,1,463,0.2699835129578908,0.25024149854977923,0.01974201445778211,0.22810297295451165,0.22810297295451165,0.0,4.0,4.0
vq,5,1,464,0.26352057377497357,0.24329893231391908,0.020221640715996424,0.23961951245864233,0.23961951245864233,0.0,4.0,4.0
vq,5,1,465,0.246268669962883,0.2277289342880249,0.018539733638366064,0.24106603468457857,0.24106603468457857,0.0,4.0,4.0
vq,5,1,466,0.28351229111353554,0.26225985010464986,0.02125243638952573,0.23080101956923801,0.23080101956923801,0.0,4.0,4.0
vq,5,1,467,0.25579254508018495,0.2365110969543457,0.019281447157263754,0.25625264768799144,0.25625264768799144,0.0,4.0,4.0
vq,5,1,468,0.26786866784095764,0.24651806592941283,0.021350601861874263,0.22956070298949877,0.22956070298949877,0.0,4.0,4.0
vq,5,1,469,0.28406891187032063,0.2603865897655487,0.023682315746943156,0.24730851923425992,0.24730851923425992,0.0,4.0,4.0
vq,5,1,470,0.26513418952624,0.24498023251692455,0.020153956015904743,0.2269943066438039,0.2269943066438039,0.0,4.0,4.0
vq,5,1,471,0.27617367188135783,0.25470592101414996,0.02146775131424268,0.2503284422059854,0.2503284422059854,0.0,4.0,4.0
vq,5,1,472,0.23854638655980429,0.2187240731716156,0.01982231135169665,0.2321650675435861,0.2321650675435861,0.0,4.0,4.0
vq,5,1,473,0.289674357175827,0.2665392231941223,0.02313513239224752,0.2224019455909729,0.2224019455909729,0.0,4.0,4.0
vq,5,1,474,0.27724881331125895,0.2553654305140177,0.021883379941185315,0.23578861807783444,0.23578861807783444,0.0,4.0,4.0
vq,5,1,475,0.28465547382831574,0.26031759262084964,0.024337881207466126,0.2214548619091511,0.2214548619091511,0.0,4.0,4.0
vq,5,1,476,0.2564973256985347,0.23455477158228558,0.021942553718884785,0.25396082098285355,0.25396082098285355,0.0,4.0,4.0
vq,5,1,477,0.2594447060426076,0.23694828689098357,0.02249641954898834,0.2381484275062879,0.2381484275062879,0.0,4.0,4.0
vq,5,1,478,0.25135106007258096,0.23080001950263976,0.020551041414340335,0.22450024560093879,0.22450024560093879,0.0,4.0,4.0
vq,5,1,479,0.2540388917922974,0.23187261700630188,0.022166273519396783,0.2208194739619891,0.2208194739619891,0.0,4.0,4.0
vq,5,1,480,0.2665772271156311,0.2445788101355235,0.021998418991764388,0.22070708771546682,0.22070708771546682,0.0,4.0,4.0
vq,5,1,481,0.27210437575976054,0.24995146274566651,0.02215291033188502,0.2329905782143275,0.2329905782143275,0.0,4.0,4.0
vq,5,1,482,0.257489230632782,0.23629831671714782,0.021190913170576097,0.2747849549353123,0.2747849549353123,0.0,4.0,4.0
vq,5,1,483,0.24318346063296,0.22113743901252747,0.022046022365490595,0.24539435143272081,0.24539435143272081,0.0,4.0,4.0
vq,5,1,484,0.24376996556917827,0.22377204378445945,0.019997923771540325,0.262567807585001,0.262567807585001,0.0,4.0,4.0
vq,5,1,485,0.2738134038448334,0.2520794383684794,0.021733958348631857,0.22629549299677212,0.22629549299677212,0.0,4.0,4.0
vq,5,1,486,0.2569007674853007,0.23438424229621888,0.022516525487105053,0.23863305509090424,0.23863305509090424,0.0,4.0,4.0
vq,5,1,487,0.2582999008893967,0.23769909739494324,0.020600799843668936,0.23451237261295318,0.23451237261295318,0.0,4.0,4.0
vq,5,1,488,0.27202827056248985,0.24921371658643088,0.022814549629886945,0.22236238663395247,0.22236238663395247,0.0,4.0,4.0
vq,5,1,489,0.2491563081741333,0.2288000633319219,0.020356239676475527,0.2619631793598334,0.2619631793598334,0.0,4.0,4.0
vq,5,1,490,0.3004371201992035,0.27490521550178526,0.02553190549214681,0.2301577557126681,0.2301577557126681,0.0,4.0,4.0
vq,5,1,491,0.2446928358078003,0.2243078577518463,0.020384978502988815,0.21221108883619308,0.21221108883619308,0.0,4.0,4.0
vq,5,1,492,0.27655514240264895,0.25196539680163066,0.024589743465185165,0.23413588240742683,0.23413588240742683,0.0,4.0,4.0
vq,5,1,493,0.23691457112630207,0.2175330416361491,0.01938152693212032,0.22381636554996173,0.22381636554996173,0.0,4.0,4.0
vq,5,1,494,0.264289927482605,0.23998696645100911,0.02430296247204145,0.24760187511642773,0.24760187511642773,0.0,4.0,4.0
vq,5,1,495,0.2592401683330536,0.2368807985385259,0.02235936909914017,0.21194836070140202,0.21194836070140202,0.0,4.0,4.0
vq,5,1,496,0.24843356728553773,0.22743058760960896,0.02100298317770163,0.2402242085337639,0.2402242085337639,0.0,4.0,4.0
vq,5,1,497,0.2874962552388509,0.26291882316271464,0.024577431281407675,0.2470508354405562,0.2470508354405562,0.0,4.0,4.0
vq,5,1,498,0.2394736119111379,0.2171044445037842,0.02236916502316793,0.2525232055783272,0.2525232055783272,0.0,4.0,4.0
vq,5,1,499,0.28994032979011536,0.264243954817454,0.025696376586953798,0.2416254204014937,0.2416254204014937,0.0,4.0,4.0
vq,5,1,500,0.2694108883539836,0.24704569876194,0.022365187207857767,0.22006122907002768,0.22006122907002768,0.0,4.0,4.0
vq,5,2,1,3.526518876647949,3.509450839614868,0.017068038421869276,3.3163549797058107,3.3163549797058107,0.0,2.0,2.0
vq,5,2,2,3.0402737522125243,3.0048165977478027,0.0354571579515934,2.935001214981079,2.935001214981079,0.0,2.0,2.0
vq,5,2,3,2.6900019569396973,2.6530172035217285,0.03698475920557976,2.5615686786651612,2.5615686786651612,0.0,2.0,2.0
vq,5,2,4,2.4388325107574462,2.4026299961090087,0.0362024994134903,2.315003211975098,2.315003211975098,0.0,2.0,2.0
vq,5,2,5,2.2595701053619384,2.2040101360321045,0.05555995985269546,2.139999535369873,2.139999535369873,0.0,2.0,2.0
vq,5,2,6,2.094320677947998,2.035916200256348,0.05840447523593902,2.002403074645996,2.002403074645996,0.0,2.0,2.0
vq,5,2,7,1.951554549598694,1.9100441928863525,0.04151036375761032,1.8560056079864502,1.8560056079864502,0.0,2.0,2.0
vq,5,2,8,1.8383081901550293,1.7844552526473998,0.05385293396115303,1.7483922496795654,1.7483922496795654,0.0,2.0,2.0
vq,5,2,9,1.7136423942565917,1.6765115089416505,0.03713087501525879,1.6592758529663085,1.6592758529663085,0.0,2.0,2.0
vq,5,2,10,1.6262424280166625,1.589580930709839,0.03666149486303329,1.5676052740097046,1.5676052740097046,0.0,2.0,2.0
vq,5,2,11,1.5445101564407349,1.5084972791671754,0.03601287822127342,1.4970597379684447,1.4970597379684447,0.0,2.0,2.0
vq,5,2,12,1.4799901346206665,1.4337348274230957,0.046255299365520475,1.4428585472106934,1.4428585472106934,0.0,2.0,2.0
vq,5,2,13,1.4069701049804688,1.373016016960144,0.0339540842294693,1.3502429880142213,1.3502429880142213,0.0,2.0,2.0
vq,5,2,14,1.3440229612350463,1.3111392353057862,0.032883714255690574,1.3026099195480347,1.3026099195480347,0.0,2.0,2.0
vq,5,2,15,1.2892041343688965,1.2561061586380005,0.03309798315167427,1.2372360902786255,1.2372360902786255,0.0,2.0,2.0
vq,5,2,16,1.2465964275360106,1.2160665830612183,0.03052983875274658,1.2078298851013183,1.2078298851013183,0.0,2.0,2.0
vq,5,2,17,1.20328916721344,1.1686502012252808,0.034638961517810825,1.160382981300354,1.160382981300354,0.0,2.0,2.0
vq,5,2,18,1.1732248247146606,1.1435056476593017,0.02971917126774788,1.139051663017273,1.139051663017273,0.0,2.0,2.0
vq,5,2,19,1.1410903169631958,1.1126427185058594,0.028447595942020416,1.0950436723709107,1.0950436723709107,0.0,2.0,2.0
vq,5,2,20,1.1000984649658203,1.0725536260604858,0.027544836562871933,1.0837045166015624,1.0837045166015624,0.0,2.0,2.0
vq,5,2,21,1.0697030405044556,1.0426310724258423,0.02707197623848915,1.0527877437591553,1.0527877437591553,0.0,2.0,2.0
vq,5,2,22,1.0531187737464904,1.0265380805015565,0.026580700042843818,1.0286846014022828,1.0286846014022828,0.0,2.0,2.0
vq,5,2,23,1.0298349996566774,1.0025318021774292,0.02730319780111313,1.0196502489089967,1.0196502489089967,0.0,2.0,2.0
vq,5,2,24,1.0009589639663696,0.9701028137207032,0.03085616007745266,0.9976570384979248,0.9976570384979248,0.0,2.0,2.0
vq,5,2,25,0.9909909030914307,0.9611673163414002,0.02982358322441578,0.9887713655471801,0.9887713655471801,0.0,2.0,2.0
vq,5,2,26,0.9727413331031799,0.9423196857452393,0.03042165502011776,0.9771272296905518,0.9771272296905518,0.0,2.0,2.0
vq,5,2,27,0.962139548587799,0.9284655272483826,0.033674015313386915,0.9491808008193969,0.9491808008193969,0.0,2.0,2.0
vq,5,2,28,0.950178326511383,0.9206853781700134,0.02949295312166214,0.9379680335998535,0.9379680335998535,0.0,2.0,2.0
vq,5,2,29,0.9371683295249938,0.9026102018356323,0.03455813553035259,0.9485153123855591,0.9485153123855591,0.0,2.0,2.0
vq,5,2,30,0.9094879309654236,0.8783296842575073,0.03115825442969799,0.9090038745880127,0.9090038745880127,0.0,2.0,2.0
vq,5,2,31,0.9069236252784729,0.8783097332954407,0.02861388766169548,0.8990255962371826,0.8990255962371826,0.0,2.0,2.0
vq,5,2,32,0.9052371577262879,0.8696446208000184,0.03559254597127438,0.9503719543457031,0.9503719543457031,0.0,2.0,2.0
vq,5,2,33,0.8980681348800659,0.8651462484359741,0.03292188782691956,0.9395826725006103,0.9395826725006103,0.0,2.0,2.0
vq,5,2,34,0.9106805715560913,0.8750005127906799,0.03568005647361278,0.8929841100692749,0.8929841100692749,0.0,2.0,2.0
vq,5,2,35,0.8723970807075501,0.8373277599334716,0.035069316893816,0.9041305274963379,0.9041305274963379,0.0,2.0,2.0
vq,5,2,36,0.8635527072906494,0.8349514873504639,0.028601226323843,0.8801747135162353,0.8801747135162353,0.0,2.0,2.0
vq,5,2,37,0.8638680412292481,0.8256838895797729,0.03818415544331074,0.8764538251876831,0.8764538251876831,0.0,2.0,2.0
vq,5,2,38,0.8677650319099426,0.8332747006416321,0.034490322548151015,0.8739420883178711,0.8739420883178711,0.0,2.0,2.0
vq,5,2,39,0.8407025961875916,0.8105842495918274,0.030118338739871978,0.8518531202316284,0.8518531202316284,0.0,2.0,2.0
vq,5,2,40,0.8510405437469483,0.8154010120391846,0.035639535397291186,0.8421948120117188,0.8421948120117188,0.0,2.0,2.0
vq,5,2,41,0.8364264248847961,0.801812407875061,0.03461401093006134,0.8349059875488282,0.8349059875488282,0.0,2.0,2.0
vq,5,2,42,0.8403337557792664,0.8044208624839783,0.03591288443207741,0.8412212972640991,0.8412212972640991,0.0,2.0,2.0
vq,5,2,43,0.8247289200782776,0.7895334738731384,0.03519544932246208,0.8795551969528198,0.8795551969528198,0.0,2.0,2.0
vq,5,2,44,0.8308198896408081,0.7922392903327942,0.03858059412240982,0.8298040826797486,0.8298040826797486,0.0,2.0,2.0
vq,5,2,45,0.8230763772010803,0.7884641179084778,0.03461225991845131,0.8235736097335815,0.8235736097335815,0.0,2.0,2.0
vq,5,2,46,0.8270927434921265,0.7839053468704223,0.04318740041255951,0.8329581508636474,0.8329581508636474,0.0,2.0,2.0
vq,5,2,47,0.8178308937072754,0.7813559326171875,0.03647496595084667,0.8343391242980958,0.8343391242980958,0.0,2.0,2.0
vq,5,2,48,0.8098766374588012,0.7768632656097412,0.0330133715569973,0.8305220762252807,0.8305220762252807,0.0,2.0,2.0
vq,5,2,49,0.811643121433258,0.7761953322410583,0.03544779640436173,0.8194777797698974,0.8194777797698974,0.0,2.0,2.0
vq,5,2,50,0.8039568768501282,0.7692255644798279,0.034731306940317154,0.8169640687942505,0.8169640687942505,0.0,2.0,2.0
vq,5,2,51,0.8283232048034668,0.7853008417129517,0.04302235990166664,0.8112320670127868,0.8112320670127868,0.0,2.0,2.0
vq,5,2,52,0.806009930896759,0.7707080146789551,0.035301918482780456,0.8122416163444519,0.8122416163444519,0.0,2.0,2.0
vq,5,2,53,0.7960340842247009,0.7626756679534912,0.03335841199755669,0.8672117891311646,0.8672117891311646,0.0,2.0,2.0
vq,5,2,54,0.7967838846206665,0.761026580619812,0.03575730538964272,0.8162950828552246,0.8162950828552246,0.0,2.0,2.0
vq,5,2,55,0.8059011766433716,0.7673572562217712,0.038543918031454086,0.8074247161865235,0.8074247161865235,0.0,2.0,2.0
vq,5,2,56,0.7965125335693359,0.7573724123001099,0.039140115773677826,0.8419353479385376,0.8419353479385376,0.0,2.0,2.0
vq,5,2,57,0.7949192070960999,0.7571730548858643,0.037746157079935075,0.8010765188217163,0.8010765188217163,0.0,2.0,2.0
vq,5,2,58,0.783511496925354,0.7473840945243836,0.03612740251421928,0.8010041223526001,0.8010041223526001,0.0,2.0,2.0
vq,5,2,59,0.7898143057823181,0.7503808439254761,0.03943345736861229,0.833527116394043,0.833527116394043,0.0,2.0,2.0
vq,5,2,60,0.7943595705032349,0.757272119808197,0.0370874475300312,0.8029797995567322,0.8029797995567322,0.0,2.0,2.0
vq,5,2,61,0.789676794052124,0.749878751373291,0.03979803431034088,0.8001082839012146,0.8001082839012146,0.0,2.0,2.0
vq,5,2,62,0.7875988306999206,0.7557062891960145,0.03189253394007683,0.7964759382247925,0.7964759382247925,0.0,2.0,2.0
vq,5,2,63,0.771216231918335,0.7337928314208985,0.03742340292334557,0.7949859441757202,0.7949859441757202,0.0,2.0,2.0
vq,5,2,64,0.7869822336196899,0.7516035183906555,0.035378708696365356,0.816360786151886,0.816360786151886,0.0,2.0,2.0
vq,5,2,65,0.7720069554328919,0.7325201239585877,0.03948683044314384,0.7893661199569703,0.7893661199569703,0.0,2.0,2.0
vq,5,2,66,0.7786996562004089,0.7415572247505188,0.03714243813753128,0.796064541721344,0.796064541721344,0.0,2.0,2.0
vq,5,2,67,0.7771421859741211,0.737931535243988,0.039210653513669966,0.7922049585342408,0.7922049585342408,0.0,2.0,2.0
vq,5,2,68,0.7683575110435485,0.7353247267723083,0.03303278410434723,0.7889621009826661,0.7889621009826661,0.0,2.0,2.0
vq,5,2,69,0.7887839567184448,0.7464945751190185,0.042289373296499254,0.8005566807746887,0.8005566807746887,0.0,2.0,2.0
vq,5,2,70,0.772080110168457,0.7390393039703369,0.03304081464409828,0.7905645354270935,0.7905645354270935,0.0,2.0,2.0
vq,5,2,71,0.7737441873550415,0.7336282866477967,0.040115894556045535,0.7894139945030212,0.7894139945030212,0.0,2.0,2.0
vq,5,2,72,0.7676150960922241,0.7291002732276917,0.03851482850909233,0.7839864120483399,0.7839864120483399,0.0,2.0,2.0
vq,5,2,73,0.7622224946022034,0.722507449054718,0.039715048736333844,0.780775599861145,0.780775599861145,0.0,2.0,2.0
vq,5,2,74,0.7605410293579101,0.7234470114707947,0.03709401843547821,0.7744332078933716,0.7744332078933716,0.0,2.0,2.0
vq,5,2,75,0.7715980661392212,0.7314202684402465,0.04017780802249908,0.775416446018219,0.775416446018219,0.0,2.0,2.0
vq,5,2,76,0.7596125671386719,0.722454789352417,0.03715777506828308,0.7824620665550232,0.7824620665550232,0.0,2.0,2.0
vq,5,2,77,0.7699070759773254,0.7323447367668152,0.0375623296380043,0.7753568671226502,0.7753568671226502,0.0,2.0,2.0
vq,5,2,78,0.76500396900177,0.7229941655158997,0.042009804475307465,0.8053134576797485,0.8053134576797485,0.0,2.0,2.0
vq,5,2,79,0.752372813796997,0.716328896522522,0.03604391450285912,0.7711981567382813,0.7711981567382813,0.0,2.0,2.0
vq,5,2,80,0.7567785311698914,0.7206430124282837,0.03613551154732704,0.7654267068862916,0.7654267068862916,0.0,2.0,2.0
vq,5,2,81,0.7450812138557434,0.7061832249641419,0.03889800047278404,0.7719675889015197,0.7719675889015197,0.0,2.0,2.0
vq,5,2,82,0.7499013610839844,0.714701278591156,0.0352000827729702,0.7578730004310608,0.7578730004310608,0.0,2.0,2.0
vq,5,2,83,0.7442660581588745,0.7068474519729614,0.03741860466897488,0.7593944877624512,0.7593944877624512,0.0,2.0,2.0
vq,5,2,84,0.7463073620796203,0.7072648824691773,0.03904248488545418,0.7505795931816102,0.7505795931816102,0.0,2.0,2.0
vq,5,2,85,0.7376844697952271,0.7043223587989808,0.033362109965085984,0.7564165946960449,0.7564165946960449,0.0,2.0,2.0
vq,5,2,86,0.7493805000305176,0.7116025292396545,0.03777796598672867,0.7477880363464355,0.7477880363464355,0.0,2.0,2.0
vq,5,2,87,0.7245947014808655,0.6898607449531555,0.034733955407142636,0.7710452722549439,0.7710452722549439,0.0,2.0,2.0
vq,5,2,88,0.732899979019165,0.6940090110778808,0.03889095860719681,0.7462013695716858,0.7462013695716858,0.0,2.0,2.0
vq,5,2,89,0.7365587064743042,0.6971221565246583,0.039436547344923016,0.7556479640007019,0.7556479640007019,0.0,2.0,2.0
vq,5,2,90,0.7339642560005188,0.6923646036148071,0.04159965256452561,0.7485277097702027,0.7485277097702027,0.0,2.0,2.0
vq,5,2,91,0.728783063697815,0.689152220916748,0.03963085025548935,0.7469773944854736,0.7469773944854736,0.0,2.0,2.0
vq,5,2,92,0.7309806694984436,0.6947338450431824,0.03624681046307087,0.7425956120491027,0.7425956120491027,0.0,2.0,2.0
vq,5,2,93,0.7334354373931885,0.6903019704818726,0.04313346588015556,0.7359198352813721,0.7359198352813721,0.0,2.0,2.0
vq,5,2,94,0.7288330963134766,0.6936640542030335,0.035169037634134294,0.7439969102859497,0.7439969102859497,0.0,2.0,2.0
vq,5,2,95,0.732267991065979,0.6952450671195984,0.03702292799651623,0.7399617527008057,0.7399617527008057,0.0,2.0,2.0
vq,5,2,96,0.7297554666519165,0.6944907282829285,0.035264750093221664,0.7380012331962585,0.7380012331962585,0.0,2.0,2.0
vq,5,2,97,0.7230870054244996,0.6878591802597046,0.03522782065272331,0.7434575301170349,0.7434575301170349,0.0,2.0,2.0
vq,5,2,98,0.7206989859580993,0.6807626630783081,0.03993632507026196,0.7391868240356445,0.7391868240356445,0.0,2.0,2.0
vq,5,2,99,0.7250986675262451,0.6896710627555848,0.035427602404356,0.7332434593200684,0.7332434593200684,0.0,2.0,2.0
vq,5,2,100,0.7155110876083374,0.6747870237350464,0.04072406452298164,0.7523195008277893,0.7523195008277893,0.0,2.0,2.0
vq,5,2,101,0.726905499458313,0.6931252241134643,0.03378027799129486,0.7364599730491638,0.7364599730491638,0.0,2.0,2.0
vq,5,2,102,0.722657285785675,0.6819172722816468,0.04074001274108887,0.7645711362838745,0.7645711362838745,0.0,2.0,2.0
vq,5,2,103,0.7158641716957093,0.6764007174491883,0.03946345996856689,0.7307270728111267,0.7307270728111267,0.0,2.0,2.0
vq,5,2,104,0.7137468786239624,0.6757610818862915,0.03798579306006432,0.7346635988235474,0.7346635988235474,0.0,2.0,2.0
vq,5,2,105,0.7213755840301513,0.6846747731208801,0.036700812321901324,0.7236005796432495,0.7236005796432495,0.0,2.0,2.0
vq,5,2,106,0.7155612141609192,0.6751997128486633,0.04036150292754173,0.729440681552887,0.729440681552887,0.0,2.0,2.0
vq,5,2,107,0.7106626051902771,0.6717777820587159,0.038884824657440184,0.7198864610671997,0.7198864610671997,0.0,2.0,2.0
vq,5,2,108,0.7181600021362304,0.6776537279129028,0.0405062735080719,0.7350452788352966,0.7350452788352966,0.0,2.0,2.0
vq,5,2,109,0.7121161561012268,0.6712518740653992,0.040864278399944304,0.7228263237953186,0.7228263237953186,0.0,2.0,2.0
vq,5,2,110,0.7073365498542785,0.6723604740142822,0.034976076537370684,0.7201721784591675,0.7201721784591675,0.0,2.0,2.0
vq,5,2,111,0.7088634809494019,0.6692976349830627,0.03956584268808365,0.7224841121673584,0.7224841121673584,0.0,2.0,2.0
vq,5,2,112,0.7121274423599243,0.6779631155014038,0.03416432089209557,0.716113481426239,0.716113481426239,0.0,2.0,2.0
vq,5,2,113,0.7115343457221985,0.6691091859817505,0.04242515704631805,0.7171993614196778,0.7171993614196778,0.0,2.0,2.0
vq,5,2,114,0.707401187992096,0.6695509016036987,0.0378502922475338,0.72618277759552,0.72618277759552,0.0,2.0,2.0
vq,5,2,115,0.7149390432357788,0.6742891571044922,0.04064988161921501,0.71331509141922,0.71331509141922,0.0,2.0,2.0
vq,5,2,116,0.7076246726989746,0.6668181051254273,0.040806570065021516,0.7209234148979187,0.7209234148979187,0.0,2.0,2.0
vq,5,2,117,0.6987411252021789,0.6601311757087708,0.03860995624661446,0.7218982664108277,0.7218982664108277,0.0,2.0,2.0
vq,5,2,118,0.7069031314849854,0.6627014885902405,0.044201644015312194,0.7102698751449585,0.7102698751449585,0.0,2.0,2.0
vq,5,2,119,0.7084639837265014,0.6689857811927795,0.03947819592356682,0.7300335367202759,0.7300335367202759,0.0,2.0,2.0
vq,5,2,120,0.7005076684951782,0.6629971636772156,0.03751050334870815,0.7197792281150818,0.7197792281150818,0.0,2.0,2.0
vq,5,2,121,0.7143739140510559,0.6702088928222656,0.04416503015756607,0.7155648726463318,0.7155648726463318,0.0,2.0,2.0
vq,5,2,122,0.7061818576812744,0.6697342761039734,0.0364475821018219,0.724474589920044,0.724474589920044,0.0,2.0,2.0
vq,5,2,123,0.6921274145126343,0.6542633423805236,0.03786406596302986,0.7178703105926514,0.7178703105926514,0.0,2.0,2.0
vq,5,2,124,0.705545749950409,0.6646179825782775,0.04092777255773544,0.7153808121681213,0.7153808121681213,0.0,2.0,2.0
vq,5,2,125,0.7000578320503235,0.6575885811805725,0.04246924189329147,0.7117883215904236,0.7117883215904236,0.0,2.0,2.0
vq,5,2,126,0.7034912599563599,0.6604836278915406,0.04300764049291611,0.7123049767494202,0.7123049767494202,0.0,2.0,2.0
vq,5,2,127,0.6889693072319031,0.6469077182769776,0.04206159079670906,0.7179896308898925,0.7179896308898925,0.0,2.0,2.0
vq,5,2,128,0.6976838375091553,0.6535260963439942,0.04415773618221283,0.7149659295082093,0.7149659295082093,0.0,2.0,2.0
vq,5,2,129,0.6996454190254211,0.6593635398864746,0.04028186488747597,0.7112058802604675,0.7112058802604675,0.0,2.0,2.0
vq,5,2,130,0.6962863603591919,0.6549846441268921,0.041301712191104886,0.7164737170219422,0.7164737170219422,0.0,2.0,2.0
vq,5,2,131,0.7054461626052857,0.6560447595596314,0.049401405155658724,0.7146427936553955,0.7146427936553955,0.0,2.0,2.0
vq,5,2,132,0.705005526638031,0.6635539176940918,0.04145159608721733,0.7144836527824402,0.7144836527824402,0.0,2.0,2.0
vq,5,2,133,0.6993888414382935,0.6591544295310974,0.040234404188394544,0.7200483480453491,0.7200483480453491,0.0,2.0,2.0
vq,5,2,134,0.6954247542381287,0.650591457939148,0.04483329665660858,0.7127616433143615,0.7127616433143615,0.0,2.0,2.0
vq,5,2,135,0.701160006904602,0.6622156386375427,0.03894437374472618,0.7195360596656799,0.7195360596656799,0.0,2.0,2.0
vq,5,2,136,0.7026052906990051,0.6572643622398376,0.04534092814326286,0.7137254383087158,0.7137254383087158,0.0,2.0,2.0
vq,5,2,137,0.7036962073326111,0.6598075316429138,0.043888685071468356,0.7197807068824769,0.7197807068824769,0.0,2.0,2.0
vq,5,2,138,0.7064091883659362,0.6600177660942078,0.046391422855854035,0.7091714451789856,0.7091714451789856,0.0,2.0,2.0
vq,5,2,139,0.7015076079368592,0.6562217818260193,0.04528581866025925,0.7055306560516358,0.7055306560516358,0.0,2.0,2.0
vq,5,2,140,0.6930181760787963,0.6513502347946167,0.041667947053909304,0.7094760047912597,0.7094760047912597,0.0,2.0,2.0
vq,5,2,141,0.6981673017501832,0.6549634811401367,0.04320381419062615,0.7054584359169006,0.7054584359169006,0.0,2.0,2.0
vq,5,2,142,0.7015378479003906,0.65870522108078,0.042832626551389696,0.7048736942291259,0.7048736942291259,0.0,2.0,2.0
vq,5,2,143,0.697160009765625,0.6552299180030823,0.04193008370399475,0.7117531775474548,0.7117531775474548,0.0,2.0,2.0
vq,5,2,144,0.7008680427551269,0.6528068729400635,0.04806116584539413,0.7002417225837707,0.7002417225837707,0.0,2.0,2.0
vq,5,2,145,0.695444921207428,0.6501553779602051,0.04528954342603683,0.7015127285957337,0.7015127285957337,0.0,2.0,2.0
vq,5,2,146,0.6800286913871765,0.6358742231369019,0.044154468339681625,0.706460242843628,0.706460242843628,0.0,2.0,2.0
vq,5,2,147,0.6955469847679138,0.649210600566864,0.046336384177207944,0.7034758799552917,0.7034758799552917,0.0,2.0,2.0
vq,5,2,148,0.6803507557868957,0.6416818074226379,0.03866894441246986,0.7110708970069886,0.7110708970069886,0.0,2.0,2.0
vq,5,2,149,0.6926056622505188,0.6476715079307556,0.0449341479241848,0.7081827914237976,0.7081827914237976,0.0,2.0,2.0
vq,5,2,150,0.6975847972869873,0.652227325630188,0.0453574777841568,0.6982302322387696,0.6982302322387696,0.0,2.0,2.0
vq,5,2,151,0.6998233570098877,0.6553516637802124,0.04447169709205628,0.7053726186752319,0.7053726186752319,0.0,2.0,2.0
vq,5,2,152,0.704670994091034,0.6567543858528138,0.04791659697294235,0.7014222430229187,0.7014222430229187,0.0,2.0,2.0
vq,5,2,153,0.6979847486495971,0.649728519821167,0.0482562269449234,0.7089413844108582,0.7089413844108582,0.0,2.0,2.0
vq,5,2,154,0.68630421667099,0.6432308948516846,0.043073317378759385,0.7007410380363465,0.7007410380363465,0.0,2.0,2.0
vq,5,2,155,0.6768800687789917,0.6349629819869995,0.041917095118761065,0.698363875579834,0.698363875579834,0.0,2.0,2.0
vq,5,2,156,0.6900605867385864,0.6474606979370117,0.04259989686012268,0.704393030166626,0.704393030166626,0.0,2.0,2.0
vq,5,2,157,0.6856381112098694,0.6392642996788025,0.046373809760808946,0.6934222317695617,0.6934222317695617,0.0,2.0,2.0
vq,5,2,158,0.681974699306488,0.6403765374183655,0.041598160922527314,0.7017616250991822,0.7017616250991822,0.0,2.0,2.0
vq,5,2,159,0.6871279803276062,0.6394325367927551,0.047695444160699846,0.6982184058189392,0.6982184058189392,0.0,2.0,2.0
vq,5,2,160,0.6902478934288024,0.6419062623023987,0.04834162719845772,0.6969397753715515,0.6969397753715515,0.0,2.0,2.0
vq,5,2,161,0.6859866868019104,0.6424407804489136,0.04354590536355972,0.7046802372932434,0.7046802372932434,0.0,2.0,2.0
vq,5,2,162,0.6917926747322083,0.6460232533454895,0.04576942145228386,0.7018394561767578,0.7018394561767578,0.0,2.0,2.0
vq,5,2,163,0.6853664429664612,0.642086299610138,0.04328014625310898,0.732282425403595,0.732282425403595,0.0,2.0,2.0
vq,5,2,164,0.6910874723434448,0.6427937232017517,0.0482937470972538,0.7002891221046448,0.7002891221046448,0.0,2.0,2.0
vq,5,2,165,0.6777005681991577,0.6312406826019287,0.0464598873257637,0.6997957650184632,0.6997957650184632,0.0,2.0,2.0
vq,5,2,166,0.6863895473480225,0.637436462020874,0.04895308691859245,0.6972456154823303,0.6972456154823303,0.0,2.0,2.0
vq,5,2,167,0.6844911996841431,0.6369994583129883,0.04749173165559769,0.699462439441681,0.699462439441681,0.0,2.0,2.0
vq,5,2,168,0.6922294630050659,0.6408622877120972,0.051367164474725724,0.6975721823692321,0.6975721823692321,0.0,2.0,2.0
vq,5,2,169,0.6875277847290039,0.6383252394676209,0.0492025516808033,0.6938939475059509,0.6938939475059509,0.0,2.0,2.0
vq,5,2,170,0.687660684967041,0.6424471912384033,0.04521349794864655,0.7008499094963073,0.7008499094963073,0.0,2.0,2.0
vq,5,2,171,0.6955068098068238,0.6472109395980835,0.04829587864875794,0.6946023272514343,0.6946023272514343,0.0,2.0,2.0
vq,5,2,172,0.6928865535736084,0.6448266981124878,0.04805984343290329,0.6945846586227417,0.6945846586227417,0.0,2.0,2.0
vq,5,2,173,0.705814358997345,0.655286778640747,0.05052758033275604,0.7040562563896179,0.7040562563896179,0.0,2.0,2.0
vq,5,2,174,0.6931832039833069,0.6506021818161011,0.042581013840436936,0.6905744106292725,0.6905744106292725,0.0,2.0,2.0
vq,5,2,175,0.6874615335464478,0.6401815508842468,0.047279978328943255,0.6957019247055054,0.6957019247055054,0.0,2.0,2.0
vq,5,2,176,0.6839093815803527,0.6318038685798645,0.05210551167726517,0.6913951625823974,0.6913951625823974,0.0,2.0,2.0
vq,5,2,177,0.6737318588256835,0.6282605249404907,0.04547133507728577,0.6909048424720764,0.6909048424720764,0.0,2.0,2.0
vq,5,2,178,0.6935222206115723,0.6432442688941955,0.0502779521882534,0.6915689867019653,0.6915689867019653,0.0,2.0,2.0
vq,5,2,179,0.6752997979164124,0.6280537486076355,0.047246045672893526,0.6909410286903381,0.6909410286903381,0.0,2.0,2.0
vq,5,2,180,0.6856428952217102,0.6404238191604614,0.04521907401680946,0.6909571376800537,0.6909571376800537,0.0,2.0,2.0
vq,5,2,181,0.6741202425003052,0.6262122771263122,0.047907965528964994,0.6897894940376281,0.6897894940376281,0.0,2.0,2.0
vq,5,2,182,0.68488494348526,0.6379536327362061,0.04693131014108658,0.6902094039916992,0.6902094039916992,0.0,2.0,2.0
vq,5,2,183,0.6808867069244384,0.6365157093048096,0.044370999729633334,0.6906681212425232,0.6906681212425232,0.0,2.0,2.0
vq,5,2,184,0.6860569099426269,0.6346222581863403,0.051434644329547884,0.7042667494773864,0.7042667494773864,0.0,2.0,2.0
vq,5,2,185,0.6831634825706482,0.634895021533966,0.04826845888495445,0.7050672105789184,0.7050672105789184,0.0,2.0,2.0
vq,5,2,186,0.6810445763587951,0.635714705657959,0.045329875886440274,0.6894301145553589,0.6894301145553589,0.0,2.0,2.0
vq,5,2,187,0.6803550912857056,0.6334355553627015,0.046919539445638654,0.7075441083908081,0.7075441083908081,0.0,2.0,2.0
vq,5,2,188,0.6912700598716736,0.6323618071556091,0.05890825417637825,0.6917275420188904,0.6917275420188904,0.0,2.0,2.0
vq,5,2,189,0.6671905720710755,0.6224129391670227,0.044777632814645765,0.6922039427757263,0.6922039427757263,0.0,2.0,2.0
vq,5,2,190,0.6706869989395141,0.6286498253822327,0.04203717079758644,0.6917502247810364,0.6917502247810364,0.0,2.0,2.0
vq,5,2,191,0.6822967792510987,0.6313251642227173,0.05097161130309105,0.6885349278450013,0.6885349278450013,0.0,2.0,2.0
vq,5,2,192,0.67690678358078,0.6322105674743652,0.04469620863199234,0.685035355758667,0.685035355758667,0.0,2.0,2.0
vq,5,2,193,0.6747500898361206,0.6305552666664124,0.04419481883645058,0.6880695372581482,0.6880695372581482,0.0,2.0,2.0
vq,5,2,194,0.6830758537292481,0.630847346496582,0.05222850862145424,0.6859381828308105,0.6859381828308105,0.0,2.0,2.0
vq,5,2,195,0.6738058866500855,0.629831065750122,0.043974820494651796,0.6983334349632263,0.6983334349632263,0.0,2.0,2.0
vq,5,2,196,0.6773782876014709,0.6261870940208435,0.05119120118618011,0.686069349193573,0.686069349193573,0.0,2.0,2.0
vq,5,2,197,0.6861659823417664,0.639747413444519,0.04641856723427772,0.6886896375656127,0.6886896375656127,0.0,2.0,2.0
vq,5,2,198,0.6853039365768433,0.6386992646217347,0.04660467641949654,0.6866883778572083,0.6866883778572083,0.0,2.0,2.0
vq,5,2,199,0.685322197151184,0.6354933557510376,0.04982884373664856,0.6846022584915161,0.6846022584915161,0.0,2.0,2.0
vq,5,2,200,0.6836488056182861,0.6356825186729431,0.04796628454327583,0.6928956933021545,0.6928956933021545,0.0,2.0,2.0
vq,5,2,201,0.6841875646591187,0.6361091536521911,0.048078409618139265,0.6899320382118225,0.6899320382118225,0.0,2.0,2.0
vq,5,2,202,0.6854921526908875,0.6367155440330505,0.04877661417722702,0.7096211019515991,0.7096211019515991,0.0,2.0,2.0
vq,5,2,203,0.6873463838577271,0.6326317235946656,0.054714663875102994,0.6830343831062317,0.6830343831062317,0.0,2.0,2.0
vq,5,2,204,0.6627380757331848,0.6179710971832275,0.04476698382496834,0.689534568977356,0.689534568977356,0.0,2.0,2.0
vq,5,2,205,0.6773165718078613,0.625571642780304,0.05174493641257286,0.68542524766922,0.68542524766922,0.0,2.0,2.0
vq,5,2,206,0.6685766632080078,0.6202926524162292,0.04828400989174843,0.6879485906600952,0.6879485906600952,0.0,2.0,2.0
vq,5,2,207,0.6824878616333008,0.6361891916275024,0.046298668277263644,0.6893020318984986,0.6893020318984986,0.0,2.0,2.0
vq,5,2,208,0.6837782593727112,0.6337582040786743,0.05002005628347397,0.687267463684082,0.687267463684082,0.0,2.0,2.0
vq,5,2,209,0.6666610582351684,0.6236477998733521,0.043013260179758074,0.6884387301445007,0.6884387301445007,0.0,2.0,2.0
vq,5,2,210,0.6826563090324402,0.631535120677948,0.05112119053006172,0.6838016867637634,0.6838016867637634,0.0,2.0,2.0
vq,5,2,211,0.6890828981399536,0.6356131885528564,0.05346971726417542,0.6782312745094299,0.6782312745094299,0.0,2.0,2.0
vq,5,2,212,0.6761698451042175,0.6290960248947144,0.04707382090687752,0.6917606485366822,0.6917606485366822,0.0,2.0,2.0
vq,5,2,213,0.6928089072227478,0.6284750347137451,0.06433387206196785,0.6762609635353088,0.6762609635353088,0.0,2.0,2.0
vq,5,2,214,0.6750410954475403,0.6302890246391296,0.04475207740664482,0.6938707489967346,0.6938707489967346,0.0,2.0,2.0
vq,5,2,215,0.6868258352279664,0.627641721534729,0.05918410913944244,0.6833806645393372,0.6833806645393372,0.0,2.0,2.0
vq,5,2,216,0.6847601371765136,0.6398850045204163,0.04487513521313667,0.7022400215148926,0.7022400215148926,0.0,2.0,2.0
vq,5,2,217,0.6914691259384155,0.6391679794311523,0.05230115092992783,0.686076914691925,0.686076914691925,0.0,2.0,2.0
vq,5,2,218,0.6761989099502563,0.6219158675193787,0.05428304155468941,0.6815459441184998,0.6815459441184998,0.0,2.0,2.0
vq,5,2,219,0.6672399206161499,0.6221654121398926,0.0450745029091835,0.6826305233001709,0.6826305233001709,0.0,2.0,2.0
vq,5,2,220,0.6755142562866211,0.6195004933357239,0.05601376081705094,0.688791283416748,0.688791283416748,0.0,2.0,2.0
vq,5,2,221,0.6846727375984192,0.6354398511886596,0.04923289644122124,0.6980044368743896,0.6980044368743896,0.0,2.0,2.0
vq,5,2,222,0.6881562460899353,0.6416850247383118,0.046471226716041564,0.699383643913269,0.699383643913269,0.0,2.0,2.0
vq,5,2,223,0.6773919574737549,0.6232696500778199,0.054122303223609926,0.6808503305435181,0.6808503305435181,0.0,2.0,2.0
vq,5,2,224,0.6796379508018494,0.6274501028060913,0.052187846404314044,0.6860109056472778,0.6860109056472778,0.0,2.0,2.0
vq,5,2,225,0.6781380771636963,0.6282688319206238,0.04986924427747726,0.6850708409309387,0.6850708409309387,0.0,2.0,2.0
vq,5,2,226,0.6768838112831116,0.6244762654304504,0.052407551550865177,0.6774969369888305,0.6774969369888305,0.0,2.0,2.0
vq,5,2,227,0.6845848105430603,0.6303241574287415,0.054260650980472565,0.682859968662262,0.682859968662262,0.0,2.0,2.0
vq,5,2,228,0.6760179226875305,0.6261082001686096,0.04990972846746445,0.6836074481964112,0.6836074481964112,0.0,2.0,2.0
vq,5,2,229,0.6757484535217285,0.6257946500778199,0.0499537925183773,0.6802339060783387,0.6802339060783387,0.0,2.0,2.0
vq,5,2,230,0.680855175113678,0.6275566653251647,0.053298506826162335,0.6860672333717346,0.6860672333717346,0.0,2.0,2.0
vq,5,2,231,0.682604088306427,0.6299980133056641,0.05260607277750969,0.6934864809989929,0.6934864809989929,0.0,2.0,2.0
vq,5,2,232,0.6731756999015808,0.623521187210083,0.04965451028943062,0.6892543835639954,0.6892543835639954,0.0,2.0,2.0
vq,5,2,233,0.6765113456726074,0.6229119609832764,0.05359938186407089,0.6721490203857422,0.6721490203857422,0.0,2.0,2.0
vq,5,2,234,0.6832584855079651,0.628071108341217,0.055187387758493425,0.6867187456130981,0.6867187456130981,0.0,2.0,2.0
vq,5,2,235,0.6777088781356811,0.6242144514083863,0.05349442524909973,0.6710062048912049,0.6710062048912049,0.0,2.0,2.0
vq,5,2,236,0.6763769045829773,0.624753817653656,0.05162309226989746,0.6721530933380127,0.6721530933380127,0.0,2.0,2.0
vq,5,2,237,0.6845790086746216,0.6326678488731384,0.05191115493178368,0.6725913345336914,0.6725913345336914,0.0,2.0,2.0
vq,5,2,238,0.6682989957809449,0.6195995110511779,0.04869949036240578,0.6712059126853943,0.6712059126853943,0.0,2.0,2.0
vq,5,2,239,0.6717562953948975,0.6205369101524353,0.05121938843131065,0.6928082402229309,0.6928082402229309,0.0,2.0,2.0
vq,5,2,240,0.6712351361274719,0.6161332719802857,0.05510187294483185,0.6723597610473633,0.6723597610473633,0.0,2.0,2.0
vq,5,2,241,0.6804184162139892,0.6285827487945557,0.051835678911209104,0.6725509197235108,0.6725509197235108,0.0,2.0,2.0
vq,5,2,242,0.6676666904449463,0.6205157985687256,0.04715089335441589,0.6781383213043213,0.6781383213043213,0.0,2.0,2.0
vq,5,2,243,0.6803967949867249,0.6231124022483826,0.057284393906593324,0.6753291546821594,0.6753291546821594,0.0,2.0,2.0
vq,5,2,244,0.6616103776931763,0.614562718296051,0.047047652846574785,0.6853235083580017,0.6853235083580017,0.0,2.0,2.0
vq,5,2,245,0.6689352498054505,0.6173278979301453,0.05160735604763031,0.6762998465538025,0.6762998465538025,0.0,2.0,2.0
vq,5,2,246,0.6758088821411132,0.6237616934776307,0.05204719115495682,0.6727726984977722,0.6727726984977722,0.0,2.0,2.0
vq,5,2,247,0.6888782239913941,0.6354089247703553,0.05346930115222931,0.6718634468078614,0.6718634468078614,0.0,2.0,2.0
vq,5,2,248,0.6845225780487061,0.6324602588653564,0.052062335634231564,0.6716497820854187,0.6716497820854187,0.0,2.0,2.0
vq,5,2,249,0.6787676562309265,0.6282409737586975,0.05052668473720551,0.6689222440719604,0.6689222440719604,0.0,2.0,2.0
vq,5,2,250,0.6774883625030518,0.6246630805969239,0.05282528805732727,0.6674247591018677,0.6674247591018677,0.0,2.0,2.0
vq,5,2,251,0.6796853437423706,0.6153632192611694,0.06432212735414505,0.6987578048706055,0.6987578048706055,0.0,2.0,2.0
vq,5,2,252,0.6783812121391296,0.6273539503097534,0.05102726391553879,0.671791849899292,0.671791849899292,0.0,2.0,2.0
vq,5,2,253,0.6822467368125915,0.625552925491333,0.05669381504654884,0.6784882845878601,0.6784882845878601,0.0,2.0,2.0
vq,5,2,254,0.6688537775039672,0.6191434781074524,0.04971030442118645,0.6823583292961121,0.6823583292961121,0.0,2.0,2.0
vq,5,2,255,0.6795574493408203,0.619462394618988,0.060095051044225696,0.6754004064559936,0.6754004064559936,0.0,2.0,2.0
vq,5,2,256,0.6742277510643006,0.6197274105072021,0.054500344145298,0.6848980021476746,0.6848980021476746,0.0,2.0,2.0
vq,5,2,257,0.6798333895683288,0.6272921233177186,0.052541260170936584,0.6823500535011292,0.6823500535011292,0.0,2.0,2.0
vq,5,2,258,0.6829992634773254,0.622327346611023,0.06067190885543823,0.6831551705360412,0.6831551705360412,0.0,2.0,2.0
vq,5,2,259,0.6862801397323608,0.6277294948577881,0.05855064204931259,0.6834749166488647,0.6834749166488647,0.0,2.0,2.0
vq,5,2,260,0.6689509830474853,0.6175585293769836,0.05139245443344116,0.6783780476570129,0.6783780476570129,0.0,2.0,2.0
vq,5,2,261,0.6734623084068299,0.6195788068771362,0.05388350785970688,0.6780184396743775,0.6780184396743775,0.0,2.0,2.0
vq,5,2,262,0.6718237989425659,0.6204448861122132,0.05137891121506691,0.6807029773712158,0.6807029773712158,0.0,2.0,2.0
vq,5,2,263,0.6698080695152283,0.6101096515655517,0.05969840919971466,0.6747833204269409,0.6747833204269409,0.0,2.0,2.0
vq,5,2,264,0.670456508731842,0.6175021409988404,0.052954358577728275,0.6721690576553345,0.6721690576553345,0.0,2.0,2.0
vq,5,2,265,0.6691588795661926,0.6161613465309143,0.05299752224087715,0.6776058181762695,0.6776058181762695,0.0,2.0,2.0
vq,5,2,266,0.6750340200424194,0.6175732093811035,0.057460810458660125,0.666004727268219,0.666004727268219,0.0,2.0,2.0
vq,5,2,267,0.6594087099075318,0.6105887724876404,0.04881993591785431,0.691899370098114,0.691899370098114,0.0,2.0,2.0
vq,5,2,268,0.6768919937133789,0.6171451630592346,0.059746834421157836,0.6785529824256897,0.6785529824256897,0.0,2.0,2.0
vq,5,2,269,0.6766002079963684,0.6230991737365723,0.053501037490367886,0.7054378854751587,0.7054378854751587,0.0,2.0,2.0
vq,5,2,270,0.6713085717201233,0.6141775200843811,0.0571310552239418,0.6660553501129151,0.6660553501129151,0.0,2.0,2.0
vq,5,2,271,0.6859121140480041,0.6328041754722595,0.05310794335603714,0.6828383658409118,0.6828383658409118,0.0,2.0,2.0
vq,5,2,272,0.6805671579360962,0.6264274559974671,0.05413969269394875,0.6701335411071777,0.6701335411071777,0.0,2.0,2.0
vq,5,2,273,0.6768134786605835,0.6233871060371399,0.05342637520432472,0.6696806865692139,0.6696806865692139,0.0,2.0,2.0
vq,5,2,274,0.6658172312736511,0.6109061257362366,0.05491110874414444,0.6715387565612793,0.6715387565612793,0.0,2.0,2.0
vq,5,2,275,0.6673075767517089,0.6158629188537598,0.05144465026855469,0.6766388387680053,0.6766388387680053,0.0,2.0,2.0
vq,5,2,276,0.6752228677749634,0.6155453761100769,0.059677488279342654,0.6780274723052978,0.6780274723052978,0.0,2.0,2.0
vq,5,2,277,0.6717300995826722,0.6209679977416992,0.05076210271716118,0.6644193772315979,0.6644193772315979,0.0,2.0,2.0
vq,5,2,278,0.6635484941482543,0.6109307109832763,0.05261778453588486,0.6705485352516174,0.6705485352516174,0.0,2.0,2.0
vq,5,2,279,0.6943358113288879,0.6415080679893493,0.05282774342894554,0.668750210571289,0.668750210571289,0.0,2.0,2.0
vq,5,2,280,0.6673498038291931,0.616612553691864,0.05073725529909134,0.6651739698410034,0.6651739698410034,0.0,2.0,2.0
vq,5,2,281,0.6779477955818176,0.6221425782203674,0.055805224072933195,0.6707117297172547,0.6707117297172547,0.0,2.0,2.0
vq,5,2,282,0.6716167194366455,0.6192772047996521,0.052339520424604415,0.664837636089325,0.664837636089325,0.0,2.0,2.0
vq,5,2,283,0.6831299193382263,0.6215757577896118,0.06155416444540024,0.6715511388778687,0.6715511388778687,0.0,2.0,2.0
vq,5,2,284,0.6498164711952209,0.5985187798500061,0.051297689056396485,0.6639644289970398,0.6639644289970398,0.0,2.0,2.0
vq,5,2,285,0.6688835037231445,0.60780749168396,0.061076009798049925,0.6697747146606445,0.6697747146606445,0.0,2.0,2.0
vq,5,2,286,0.6576342883110047,0.6063502986907959,0.051283990919589996,0.6657846200942993,0.6657846200942993,0.0,2.0,2.0
vq,5,2,287,0.6662596915245056,0.614250357913971,0.052009335988759994,0.6655915051460266,0.6655915051460266,0.0,2.0,2.0
vq,5,2,288,0.6822767872810364,0.618067256641388,0.06420953474640846,0.6688881847381591,0.6688881847381591,0.0,2.0,2.0
vq,5,2,289,0.6631724800109863,0.6127975946426392,0.05037488346099853,0.6683948218345642,0.6683948218345642,0.0,2.0,2.0
vq,5,2,290,0.6635005514144897,0.6062785728454589,0.05722197630405426,0.6677248308181762,0.6677248308181762,0.0,2.0,2.0
vq,5,2,291,0.6647841005325318,0.6129712243080139,0.05181286655068398,0.6784271975517273,0.6784271975517273,0.0,2.0,2.0
vq,5,2,292,0.6661094526290894,0.6081785018920899,0.05793095457553864,0.6780828676223755,0.6780828676223755,0.0,2.0,2.0
vq,5,2,293,0.6772692874908447,0.6203113091468812,0.05695797679424286,0.7029403066635131,0.7029403066635131,0.0,2.0,2.0
vq,5,2,294,0.6870565722465515,0.6228806399345398,0.06417592409849167,0.6922847009658813,0.6922847009658813,0.0,2.0,2.0
vq,5,2,295,0.6539538941383362,0.6021490762710572,0.05180481418967247,0.6743965120315552,0.6743965120315552,0.0,2.0,2.0
vq,5,2,296,0.6664427645683288,0.6144445521354676,0.051998220711946486,0.6671028428077698,0.6671028428077698,0.0,2.0,2.0
vq,5,2,297,0.6691646813392639,0.6201171688079834,0.04904751374125481,0.6647010550498963,0.6647010550498963,0.0,2.0,2.0
vq,5,2,298,0.6745169068336487,0.616419315624237,0.05809758824706077,0.6702030368804932,0.6702030368804932,0.0,2.0,2.0
vq,5,2,299,0.659803062915802,0.6062985734939575,0.05350448437333107,0.6680761286735535,0.6680761286735535,0.0,2.0,2.0
vq,5,2,300,0.6563634057998657,0.6006532166481018,0.05571018881797791,0.6673497990608215,0.6673497990608215,0.0,2.0,2.0
vq,5,2,301,0.6584387018203736,0.60739764919281,0.05104104937314987,0.6712122340202331,0.6712122340202331,0.0,2.0,2.0
vq,5,2,302,0.662475367641449,0.6068538392066956,0.05562152843475342,0.6724637253761292,0.6724637253761292,0.0,2.0,2.0
vq,5,2,303,0.6741002484321594,0.6150836235046386,0.059016612136363986,0.6744258722305297,0.6744258722305297,0.0,2.0,2.0
vq,5,2,304,0.6581534189224243,0.606691732120514,0.05146168465018272,0.6695319439888,0.6695319439888,0.0,2.0,2.0
vq,5,2,305,0.6717532590866089,0.6177936178207397,0.0539596395611763,0.6665429695129395,0.6665429695129395,0.0,2.0,2.0
vq,5,2,306,0.6756602611541748,0.6127824780464173,0.06287778310775757,0.6669812212944031,0.6669812212944031,0.0,2.0,2.0
vq,5,2,307,0.6434597125053406,0.5897312921524048,0.05372841164469719,0.6609954872131347,0.6609954872131347,0.0,2.0,2.0
vq,5,2,308,0.668716713142395,0.6133804062843323,0.05533631469011307,0.6618898931503296,0.6618898931503296,0.0,2.0,2.0
vq,5,2,309,0.6644361824035645,0.6120778932571411,0.052358292627334595,0.6687453651428222,0.6687453651428222,0.0,2.0,2.0
vq,5,2,310,0.6627449402809144,0.6035395037651062,0.05920543774962425,0.6708027953147888,0.6708027953147888,0.0,2.0,2.0
vq,5,2,311,0.670416921043396,0.6156096641540527,0.05480725293755531,0.6949973231315613,0.6949973231315613,0.0,2.0,2.0
vq,5,2,312,0.6679239486694336,0.6119414224624634,0.05598252158164978,0.6987823937416077,0.6987823937416077,0.0,2.0,2.0
vq,5,2,313,0.6821285643577576,0.6236701602935791,0.058458409810066225,0.6752174003601075,0.6752174003601075,0.0,2.0,2.0
vq,5,2,314,0.6578657423973083,0.602707825088501,0.05515792399644852,0.6811510003089905,0.6811510003089905,0.0,2.0,2.0
vq,5,2,315,0.677892862701416,0.6151831270217896,0.06270973662137985,0.6762441967964172,0.6762441967964172,0.0,2.0,2.0
vq,5,2,316,0.6606772710800171,0.6096712358474732,0.05100603296756744,0.6663087819099426,0.6663087819099426,0.0,2.0,2.0
vq,5,2,317,0.6693974972724914,0.606869114780426,0.06252838706970215,0.6662324283599853,0.6662324283599853,0.0,2.0,2.0
vq,5,2,318,0.6700507293701172,0.6165686559677124,0.05348207851648331,0.6625106196403503,0.6625106196403503,0.0,2.0,2.0
vq,5,2,319,0.6623134637832642,0.6027876142501831,0.05952584481835365,0.6610932574272156,0.6610932574272156,0.0,2.0,2.0
vq,5,2,320,0.668952642250061,0.6087043162345886,0.06024833288192749,0.6697222695350648,0.6697222695350648,0.0,2.0,2.0
vq,5,2,321,0.6628672625541687,0.6104724126815796,0.0523948433637619,0.6672816401481628,0.6672816401481628,0.0,2.0,2.0
vq,5,2,322,0.6789059888839721,0.618451118850708,0.060454867899417876,0.6664116277694702,0.6664116277694702,0.0,2.0,2.0
vq,5,2,323,0.6781509220123291,0.6238177825927734,0.05433313601016998,0.6616117727279663,0.6616117727279663,0.0,2.0,2.0
vq,5,2,324,0.6669471755981445,0.6167301543235779,0.050217017233371734,0.6654373593330384,0.6654373593330384,0.0,2.0,2.0
vq,5,2,325,0.6642106330871582,0.6105356081008911,0.05367503070831299,0.6634739751815796,0.6634739751815796,0.0,2.0,2.0
vq,5,2,326,0.6569342819213867,0.6033753575325013,0.05355892829298973,0.6941584751129151,0.6941584751129151,0.0,2.0,2.0
vq,5,2,327,0.6695790360450745,0.6148073950767518,0.05477164328098297,0.6656345070838928,0.6656345070838928,0.0,2.0,2.0
vq,5,2,328,0.6721974074363708,0.6171718291282654,0.055025570231676105,0.661087592792511,0.661087592792511,0.0,2.0,2.0
vq,5,2,329,0.6789033932685852,0.6247712030410767,0.054132191127538684,0.6629479716300964,0.6629479716300964,0.0,2.0,2.0
vq,5,2,330,0.6766403663635254,0.6134733768463134,0.06316698747277259,0.6618296913146973,0.6618296913146973,0.0,2.0,2.0
vq,5,2,331,0.6697959662437439,0.6145036548614502,0.05529230689406395,0.6637423717498779,0.6637423717498779,0.0,2.0,2.0
vq,5,2,332,0.6582839750289917,0.5983501278877258,0.05993384310007095,0.6647350279808044,0.6647350279808044,0.0,2.0,2.0
vq,5,2,333,0.6697401198387146,0.6148130261421204,0.054927083933353424,0.6723662622451783,0.6723662622451783,0.0,2.0,2.0
vq,5,2,334,0.6715727093696594,0.6146718492507934,0.05690085812211037,0.6612518167495728,0.6612518167495728,0.0,2.0,2.0
vq,5,2,335,0.6571085703849793,0.6039134787559509,0.05319509339928627,0.6633349368095398,0.6633349368095398,0.0,2.0,2.0
vq,5,2,336,0.6721796763420105,0.6151571717262269,0.05702252048254013,0.6590650876998901,0.6590650876998901,0.0,2.0,2.0
vq,5,2,337,0.6569710332870483,0.600005536365509,0.05696550408005714,0.661900598526001,0.661900598526001,0.0,2.0,2.0
vq,5,2,338,0.6729965153694153,0.6151214424133301,0.057875070732831956,0.6658709564208984,0.6658709564208984,0.0,2.0,2.0
vq,5,2,339,0.6771849144935608,0.6212982124328613,0.05588671173453331,0.6674123691558838,0.6674123691558838,0.0,2.0,2.0
vq,5,2,340,0.6691506699562073,0.6130490368843079,0.05610163064599037,0.6619941469192505,0.6619941469192505,0.0,2.0,2.0
vq,5,2,341,0.669082966518402,0.6090658966064453,0.06001706991195679,0.6595267995834351,0.6595267995834351,0.0,2.0,2.0
vq,5,2,342,0.6552349205970764,0.6002463932991028,0.054988532483577726,0.6629042337417602,0.6629042337417602,0.0,2.0,2.0
vq,5,2,343,0.6633587746620179,0.6009860505104065,0.062372718811035156,0.6688143287658691,0.6688143287658691,0.0,2.0,2.0
vq,5,2,344,0.6650127880096436,0.6074972270011901,0.05751555957198143,0.6629400825500489,0.6629400825500489,0.0,2.0,2.0
vq,5,2,345,0.6599921867370605,0.6048629815101624,0.055129217863082884,0.6660362347602844,0.6660362347602844,0.0,2.0,2.0
vq,5,2,346,0.6818235566139221,0.619380936050415,0.06244261355996132,0.6633026759147644,0.6633026759147644,0.0,2.0,2.0
vq,5,2,347,0.659613010597229,0.6067782761573791,0.05283471733927727,0.6910691146850586,0.6910691146850586,0.0,2.0,2.0
vq,5,2,348,0.6794766568183899,0.6194730474472046,0.060003614485263826,0.6632198129653931,0.6632198129653931,0.0,2.0,2.0
vq,5,2,349,0.653960728931427,0.6019125,0.05204822908639908,0.6657553344726562,0.6657553344726562,0.0,2.0,2.0
vq,5,2,350,0.6632288825988769,0.6047309348106384,0.05849796069264412,0.6615064108848572,0.6615064108848572,0.0,2.0,2.0
vq,5,2,351,0.6552057643890381,0.5976215419769287,0.05758421570062637,0.6613206210136413,0.6613206210136413,0.0,2.0,2.0
vq,5,2,352,0.6518139427185059,0.5969467546463013,0.05486718461513519,0.6590704447746277,0.6590704447746277,0.0,2.0,2.0
vq,5,2,353,0.6552367343902588,0.6013403273582458,0.053896411609649655,0.6634350377082825,0.6634350377082825,0.0,2.0,2.0
vq,5,2,354,0.6688150846481323,0.6080522835731507,0.06076280401349068,0.6645919838905334,0.6645919838905334,0.0,2.0,2.0
vq,5,2,355,0.6709282713890076,0.609175060558319,0.06175321183800697,0.661025517654419,0.661025517654419,0.0,2.0,2.0
vq,5,2,356,0.6660964095115661,0.6087154612541199,0.05738094637393951,0.6587393985748291,0.6587393985748291,0.0,2.0,2.0
vq,5,2,357,0.6621938045501709,0.6076355366706848,0.054558269649744036,0.6653748145103454,0.6653748145103454,0.0,2.0,2.0
vq,5,2,358,0.6804931402206421,0.6169328945159912,0.06356024878025054,0.6625928250312805,0.6625928250312805,0.0,2.0,2.0
vq,5,2,359,0.6681629064559936,0.6130041155815125,0.05515878741741181,0.6650863299369812,0.6650863299369812,0.0,2.0,2.0
vq,5,2,360,0.6636278017997742,0.6051075516700745,0.058520257401466366,0.6589301911354065,0.6589301911354065,0.0,2.0,2.0
vq,5,2,361,0.6551785708427429,0.6021922296524048,0.052986334949731824,0.6610989317893982,0.6610989317893982,0.0,2.0,2.0
vq,5,2,362,0.6668321439743042,0.6085977005958557,0.05823443637490273,0.6678936046600342,0.6678936046600342,0.0,2.0,2.0
vq,5,2,363,0.6588130591392517,0.6014682580947875,0.05734480394124985,0.6590360123634338,0.6590360123634338,0.0,2.0,2.0
vq,5,2,364,0.662712080001831,0.6061207790374756,0.05659130343198776,0.6597986610412597,0.6597986610412597,0.0,2.0,2.0
vq,5,2,365,0.6633687834739685,0.6047217300415039,0.058647053968906404,0.6598200928688049,0.6598200928688049,0.0,2.0,2.0
vq,5,2,366,0.6599498704910278,0.6041649667739868,0.05578490542173386,0.6585401491165161,0.6585401491165161,0.0,2.0,2.0
vq,5,2,367,0.6708507028579712,0.6119960184097291,0.05885468411445618,0.6616723782539368,0.6616723782539368,0.0,2.0,2.0
vq,5,2,368,0.6598826288223266,0.5958919137001037,0.06399069811105729,0.6696303540229798,0.6696303540229798,0.0,2.0,2.0
vq,5,2,369,0.6676072280883789,0.6126781368255615,0.0549290868639946,0.6690631760597229,0.6690631760597229,0.0,2.0,2.0
vq,5,2,370,0.6631934699058533,0.6035520089149475,0.05964145995974541,0.6680469113349915,0.6680469113349915,0.0,2.0,2.0
vq,5,2,371,0.6671672664642334,0.6139354343414307,0.05323182743191719,0.6670674551963807,0.6670674551963807,0.0,2.0,2.0
vq,5,2,372,0.680641238117218,0.6230476856231689,0.05759356097579003,0.6641339430809021,0.6641339430809021,0.0,2.0,2.0
vq,5,2,373,0.6511514535903931,0.5911852287292481,0.059966214787960055,0.6665299272537232,0.6665299272537232,0.0,2.0,2.0
vq,5,2,374,0.6480970254898071,0.5934733942985535,0.054623628586530686,0.6740182563781738,0.6740182563781738,0.0,2.0,2.0
vq,5,2,375,0.6600627990722656,0.5958005137443543,0.06426227803230286,0.6674317358016968,0.6674317358016968,0.0,2.0,2.0
vq,5,2,376,0.6619945829391479,0.6098164361000061,0.05217814625501633,0.6781839948654175,0.6781839948654175,0.0,2.0,2.0
vq,5,2,377,0.6622803967475891,0.6003964570999145,0.06188393446207047,0.6679648844718933,0.6679648844718933,0.0,2.0,2.0
vq,5,2,378,0.6681413699150085,0.6030704025268555,0.06507096756696701,0.6692479787826539,0.6692479787826539,0.0,2.0,2.0
vq,5,2,379,0.6807545505523681,0.6153966969490051,0.06535785093307495,0.6859728085517883,0.6859728085517883,0.0,2.0,2.0
vq,5,2,380,0.6578494540214539,0.6043842823028565,0.05346517362594604,0.6647914037704468,0.6647914037704468,0.0,2.0,2.0
vq,5,2,381,0.6645838961601257,0.6059976364135742,0.05858626645803452,0.6596140354156494,0.6596140354156494,0.0,2.0,2.0
vq,5,2,382,0.6584159665107727,0.6016522504806519,0.05676371741890907,0.6675563645362854,0.6675563645362854,0.0,2.0,2.0
vq,5,2,383,0.6730893775939941,0.6098499341011048,0.06323944194316863,0.6636839327812195,0.6636839327812195,0.0,2.0,2.0
vq,5,2,384,0.6631555517196656,0.606150931072235,0.05700462024211884,0.6765280824661255,0.6765280824661255,0.0,2.0,2.0
vq,5,2,385,0.668431629371643,0.609357133436203,0.05907449153661728,0.6669292775154114,0.6669292775154114,0.0,2.0,2.0
vq,5,2,386,0.6545451742172241,0.6012095694541931,0.05333560938835144,0.6786043441772461,0.6786043441772461,0.0,2.0,2.0
vq,5,2,387,0.6710484721183777,0.608135290145874,0.06291318479776382,0.6694420136451721,0.6694420136451721,0.0,2.0,2.0
vq,5,2,388,0.6487050563812256,0.5963008836746215,0.052404169857501987,0.665339391708374,0.665339391708374,0.0,2.0,2.0
vq,5,2,389,0.6778417527198791,0.6131124153137207,0.06472934716939927,0.6688506321907044,0.6688506321907044,0.0,2.0,2.0
vq,5,2,390,0.6445366104125977,0.5850517879486083,0.059484824013710025,0.6638139117240905,0.6638139117240905,0.0,2.0,2.0
vq,5,2,391,0.6801436330795289,0.6213829023361206,0.05876072542667389,0.6561814745903015,0.6561814745903015,0.0,2.0,2.0
vq,5,2,392,0.6732303384780883,0.6079353452682495,0.06529499496221543,0.6681335866928101,0.6681335866928101,0.0,2.0,2.0
vq,5,2,393,0.670901431274414,0.6059695543289184,0.06493188424110413,0.6903411032676697,0.6903411032676697,0.0,2.0,2.0
vq,5,2,394,0.670607145023346,0.612466020488739,0.05814112132787704,0.6644186026573181,0.6644186026573181,0.0,2.0,2.0
vq,5,2,395,0.6814916970252991,0.6148320447921753,0.06665965620279313,0.667824864768982,0.667824864768982,0.0,2.0,2.0
vq,5,2,396,0.6659316086769104,0.6078463899612426,0.058085213196277616,0.6589588682174683,0.6589588682174683,0.0,2.0,2.0
vq,5,2,397,0.6652214634895325,0.6061603731155395,0.059061087703704836,0.6594037944793701,0.6594037944793701,0.0,2.0,2.0
vq,5,2,398,0.6606384777069092,0.6029389470100402,0.057699533253908156,0.6594879206657409,0.6594879206657409,0.0,2.0,2.0
vq,5,2,399,0.6552236008644104,0.5914685039043427,0.06375508719682693,0.6606159732818604,0.6606159732818604,0.0,2.0,2.0
vq,5,2,400,0.6529511359214782,0.5946499823570252,0.05830115486383438,0.6609315450668335,0.6609315450668335,0.0,2.0,2.0
vq,5,2,401,0.6671645005226136,0.6047201361656189,0.06244435145258904,0.6640212686538697,0.6640212686538697,0.0,2.0,2.0
vq,5,2,402,0.6554877114295959,0.5979855153083802,0.05750219477415085,0.6689955987930298,0.6689955987930298,0.0,2.0,2.0
vq,5,2,403,0.6724682485580444,0.6119562965393066,0.060511956977844235,0.6662684724807739,0.6662684724807739,0.0,2.0,2.0
vq,5,2,404,0.6592014388084412,0.5998062395095826,0.059395191264152526,0.6586358148574829,0.6586358148574829,0.0,2.0,2.0
vq,5,2,405,0.672835523223877,0.6120711629867553,0.06076436046361923,0.6544064453125,0.6544064453125,0.0,2.0,2.0
vq,5,2,406,0.6610525054931641,0.6081682647705078,0.05288423883914947,0.6604509501457214,0.6604509501457214,0.0,2.0,2.0
vq,5,2,407,0.6666444218635559,0.601855868434906,0.06478854703307152,0.6612741492271423,0.6612741492271423,0.0,2.0,2.0
vq,5,2,408,0.6609445798873901,0.6077975067138672,0.05314707721471786,0.6610107030868531,0.6610107030868531,0.0,2.0,2.0
vq,5,2,409,0.6815788992881775,0.6199201467514038,0.06165875015854835,0.6644462052345276,0.6644462052345276,0.0,2.0,2.0
vq,5,2,410,0.6570212182044983,0.5989556781768799,0.05806554234027862,0.6590305439949036,0.6590305439949036,0.0,2.0,2.0
vq,5,2,411,0.6668262228965759,0.6046275612831116,0.062198665899038316,0.6605606700897216,0.6605606700897216,0.0,2.0,2.0
vq,5,2,412,0.6503725246429444,0.5932945855140686,0.05707794108390808,0.6589960311889649,0.6589960311889649,0.0,2.0,2.0
vq,5,2,413,0.6546701746940613,0.5928287442207336,0.0618414275765419,0.6669575988769532,0.6669575988769532,0.0,2.0,2.0
vq,5,2,414,0.6599175819396973,0.6005157084465027,0.05940187311172485,0.6612138072013855,0.6612138072013855,0.0,2.0,2.0
vq,5,2,415,0.6554227093696594,0.5965822838783265,0.058840430045127866,0.6584625113487244,0.6584625113487244,0.0,2.0,2.0
vq,5,2,416,0.6641766755104065,0.6065587526321411,0.05761791753768921,0.6636395064353943,0.6636395064353943,0.0,2.0,2.0
vq,5,2,417,0.6600478235244751,0.5999994668960571,0.06004835072755814,0.653084833240509,0.653084833240509,0.0,2.0,2.0
vq,5,2,418,0.6630912586212159,0.6028161322593689,0.0602751299738884,0.654070710849762,0.654070710849762,0.0,2.0,2.0
vq,5,2,419,0.6524163113594055,0.5938617639541626,0.0585545480132103,0.6524981203079223,0.6524981203079223,0.0,2.0,2.0
vq,5,2,420,0.659199174118042,0.5994148669242859,0.05978430528640747,0.6638183318138122,0.6638183318138122,0.0,2.0,2.0
vq,5,2,421,0.6695778580665588,0.6111330483436584,0.05844480660557747,0.6684225755691529,0.6684225755691529,0.0,2.0,2.0
vq,5,2,422,0.6612143299102783,0.6008118371009826,0.06040249133110046,0.6577848938941956,0.6577848938941956,0.0,2.0,2.0
vq,5,2,423,0.6635277548789978,0.601091154384613,0.06243660063147545,0.6631169112205505,0.6631169112205505,0.0,2.0,2.0
vq,5,2,424,0.6763039965629578,0.614816049861908,0.0614879518866539,0.6646684791564942,0.6646684791564942,0.0,2.0,2.0
vq,5,2,425,0.6546786542892457,0.5952208753585816,0.05945777745246887,0.6520687713623047,0.6520687713623047,0.0,2.0,2.0
vq,5,2,426,0.6589156867980958,0.5927601408958435,0.06615554150342941,0.6674753095626831,0.6674753095626831,0.0,2.0,2.0
vq,5,2,427,0.6610204755783081,0.6004040293693542,0.060616445916891096,0.656721370601654,0.656721370601654,0.0,2.0,2.0
vq,5,2,428,0.6587176629066467,0.5981210522651672,0.06059661430120468,0.6676849009513856,0.6676849009513856,0.0,2.0,2.0
vq,5,2,429,0.6515194520950317,0.5924606563568116,0.05905879849791527,0.6531298374176026,0.6531298374176026,0.0,2.0,2.0
vq,5,2,430,0.6506322533607483,0.5950948926925659,0.05553735966086388,0.6538259841918945,0.6538259841918945,0.0,2.0,2.0
vq,5,2,431,0.6580313621520996,0.5982218496322632,0.05980951034426689,0.6577261208534241,0.6577261208534241,0.0,2.0,2.0
vq,5,2,432,0.6733137642860413,0.6109989895820618,0.06231478103399277,0.6675481768608094,0.6675481768608094,0.0,2.0,2.0
vq,5,2,433,0.6583645464897155,0.5957264421463012,0.06263811762928963,0.6642266922950745,0.6642266922950745,0.0,2.0,2.0
vq,5,2,434,0.6608874364852906,0.5998972236633301,0.060990219485759736,0.6559249998092651,0.6559249998092651,0.0,2.0,2.0
vq,5,2,435,0.6559695314407349,0.5931283868789673,0.06284113441705703,0.6539773923873902,0.6539773923873902,0.0,2.0,2.0
vq,5,2,436,0.6545120888710022,0.5956708527565002,0.05884124165773392,0.6535678617477417,0.6535678617477417,0.0,2.0,2.0
vq,5,2,437,0.6788384593963623,0.6173482444763183,0.06149020695686341,0.65776722574234,0.65776722574234,0.0,2.0,2.0
vq,5,2,438,0.6598082167625428,0.6011195597648621,0.0586886514544487,0.6624280798912048,0.6624280798912048,0.0,2.0,2.0
vq,5,2,439,0.6605445246696472,0.5995407179832458,0.06100380662083626,0.6574327350616455,0.6574327350616455,0.0,2.0,2.0
vq,5,2,440,0.6647315404891968,0.6038727568626404,0.06085878838300705,0.6598047405242919,0.6598047405242919,0.0,2.0,2.0
vq,5,2,441,0.6658213483810425,0.6005113496780395,0.06531000056266785,0.6567370381355285,0.6567370381355285,0.0,2.0,2.0
vq,5,2,442,0.6587205163002015,0.5948118082046508,0.06390871381759644,0.6690318868637085,0.6690318868637085,0.0,2.0,2.0
vq,5,2,443,0.673648365688324,0.6114688013076782,0.0621795736014843,0.6570512068748474,0.6570512068748474,0.0,2.0,2.0
vq,5,2,444,0.6636382263183593,0.6003123425483704,0.06332589229941368,0.6547463950157165,0.6547463950157165,0.0,2.0,2.0
vq,5,2,445,0.649024792098999,0.5931041758537292,0.05592061451673508,0.6613855043411255,0.6613855043411255,0.0,2.0,2.0
vq,5,2,446,0.6720999086380005,0.603289193725586,0.06881071028709411,0.6558553057670593,0.6558553057670593,0.0,2.0,2.0
vq,5,2,447,0.6735867500305176,0.612555650806427,0.06103110166788101,0.6653381025314331,0.6653381025314331,0.0,2.0,2.0
vq,5,2,448,0.6632614139556885,0.5996910955429077,0.06357031587958335,0.6511491969108582,0.6511491969108582,0.0,2.0,2.0
vq,5,2,449,0.6603126288414002,0.6061368540763855,0.05417576957941055,0.6507896484375,0.6507896484375,0.0,2.0,2.0
vq,5,2,450,0.6609254106521606,0.597873628950119,0.06305178565382957,0.6491395610809326,0.6491395610809326,0.0,2.0,2.0
vq,5,2,451,0.6622606561660767,0.5993002692222595,0.06296039471030235,0.650280843257904,0.650280843257904,0.0,2.0,2.0
vq,5,2,452,0.666228039264679,0.6044059683799744,0.061822058409452436,0.6475425353050231,0.6475425353050231,0.0,2.0,2.0
vq,5,2,453,0.6587674266815186,0.5969618894577027,0.06180553776025772,0.6496346720695496,0.6496346720695496,0.0,2.0,2.0
vq,5,2,454,0.6479106780052185,0.5849111904144287,0.0629994826078415,0.6545008397102356,0.6545008397102356,0.0,2.0,2.0
vq,5,2,455,0.6529525556564331,0.5870084666252137,0.0659440833747387,0.6541265928268433,0.6541265928268433,0.0,2.0,2.0
vq,5,2,456,0.6473180290222168,0.5863169737815856,0.06100105391740799,0.6560396478652954,0.6560396478652954,0.0,2.0,2.0
vq,5,2,457,0.6542434107780457,0.5896067156791687,0.06463669029474259,0.6541408285140992,0.6541408285140992,0.0,2.0,2.0
vq,5,2,458,0.6676277547836303,0.6084389554977417,0.05918880121707916,0.6529829475402832,0.6529829475402832,0.0,2.0,2.0
vq,5,2,459,0.6467143198013305,0.5841505568504334,0.062563764834404,0.6526091487884521,0.6526091487884521,0.0,2.0,2.0
vq,5,2,460,0.6566469488143921,0.5951023159980774,0.061544638830423354,0.6512674175262451,0.6512674175262451,0.0,2.0,2.0
vq,5,2,461,0.6507474279403687,0.5884774093627929,0.06227001321315766,0.6562891634941102,0.6562891634941102,0.0,2.0,2.0
vq,5,2,462,0.6522857080459594,0.5919984529495239,0.06028725269436836,0.6686166646957398,0.6686166646957398,0.0,2.0,2.0
vq,5,2,463,0.681110223865509,0.612886659526825,0.0682235649228096,0.6615387753486633,0.6615387753486633,0.0,2.0,2.0
vq,5,2,464,0.6680787612915039,0.6037436513900757,0.06433511501550675,0.6618723467826844,0.6618723467826844,0.0,2.0,2.0
vq,5,2,465,0.6681976433753968,0.6111160267829895,0.057081609523296356,0.6547511058807373,0.6547511058807373,0.0,2.0,2.0
vq,5,2,466,0.664796745300293,0.5942277821540832,0.07056896889209748,0.6640311708450317,0.6640311708450317,0.0,2.0,2.0
vq,5,2,467,0.6445381651878357,0.582910310459137,0.06162785562872887,0.6486800227165223,0.6486800227165223,0.0,2.0,2.0
vq,5,2,468,0.6656379062652588,0.6082752281188964,0.05736268265843392,0.6554934118270874,0.6554934118270874,0.0,2.0,2.0
vq,5,2,469,0.667088471031189,0.601857147884369,0.06523132981061935,0.652791100025177,0.652791100025177,0.0,2.0,2.0
vq,5,2,470,0.6684912956237793,0.6044290559768677,0.06406224961280822,0.6684143633842469,0.6684143633842469,0.0,2.0,2.0
vq,5,2,471,0.6742399930000306,0.6103058397293091,0.06393415448069573,0.6541113987922669,0.6541113987922669,0.0,2.0,2.0
vq,5,2,472,0.6589895261764527,0.600750754070282,0.05823877937793732,0.6612488062858581,0.6612488062858581,0.0,2.0,2.0
vq,5,2,473,0.6667343967437744,0.6012121673583984,0.06552223147153854,0.6526565256118775,0.6526565256118775,0.0,2.0,2.0
vq,5,2,474,0.6638041450500488,0.6063072731018067,0.05749687576293945,0.652930143737793,0.652930143737793,0.0,2.0,2.0
vq,5,2,475,0.6611545984268189,0.5904055960655212,0.07074900298714638,0.6496655741691589,0.6496655741691589,0.0,2.0,2.0
vq,5,2,476,0.6581767330169678,0.5990417846679688,0.05913495063781738,0.6713910080909729,0.6713910080909729,0.0,2.0,2.0
vq,5,2,477,0.6645699707984924,0.6025953308105468,0.0619746322453022,0.657777541923523,0.657777541923523,0.0,2.0,2.0
vq,5,2,478,0.6523496295928956,0.588262756061554,0.06408687000870705,0.6520457988739013,0.6520457988739013,0.0,2.0,2.0
vq,5,2,479,0.6526489806175232,0.5939115542411805,0.05873742581605911,0.671679730129242,0.671679730129242,0.0,2.0,2.0
vq,5,2,480,0.6502535469055176,0.5899833491325378,0.060270191425085065,0.6579740000724792,0.6579740000724792,0.0,2.0,2.0
vq,5,2,481,0.6620232431411743,0.5985680177688598,0.06345522370934487,0.6513048842430115,0.6513048842430115,0.0,2.0,2.0
vq,5,2,482,0.6622339810371399,0.5966535271644592,0.06558044983148575,0.6577965132713318,0.6577965132713318,0.0,2.0,2.0
vq,5,2,483,0.6601247097015381,0.5963777540206909,0.0637469528079033,0.6487225470542908,0.6487225470542908,0.0,2.0,2.0
vq,5,2,484,0.6509728888511658,0.5853306834220886,0.06564220942258835,0.6469408958435059,0.6469408958435059,0.0,2.0,2.0
vq,5,2,485,0.6646862648010254,0.6039574368476868,0.06072882005572319,0.6598039347648621,0.6598039347648621,0.0,2.0,2.0
vq,5,2,486,0.6638551122665405,0.6016113734245301,0.06224373688697815,0.6644174178123474,0.6644174178123474,0.0,2.0,2.0
vq,5,2,487,0.6636869776725769,0.6001188711166382,0.0635681114256382,0.6548463658332825,0.6548463658332825,0.0,2.0,2.0
vq,5,2,488,0.6648762385368348,0.6029794753074647,0.06189676892757416,0.6612738068580627,0.6612738068580627,0.0,2.0,2.0
vq,5,2,489,0.6613792902946473,0.5944735374450684,0.06690574768781662,0.6586994242668152,0.6586994242668152,0.0,2.0,2.0
vq,5,2,490,0.6687890293121338,0.6080371492385864,0.06075187296271324,0.6550462656974793,0.6550462656974793,0.0,2.0,2.0
vq,5,2,491,0.6589890056610107,0.600571230506897,0.058417786687612536,0.6583342474937439,0.6583342474937439,0.0,2.0,2.0
vq,5,2,492,0.6597109248161316,0.5912045695304871,0.06850636174678802,0.6678096158027649,0.6678096158027649,0.0,2.0,2.0
vq,5,2,493,0.6435713236808777,0.5837878485679626,0.05978347948789597,0.6557759703636169,0.6557759703636169,0.0,2.0,2.0
vq,5,2,494,0.6654867903709412,0.5995614960670471,0.06592528983950614,0.6699441723823547,0.6699441723823547,0.0,2.0,2.0
vq,5,2,495,0.6558423027038575,0.5981487215995789,0.057693582808971404,0.6641168026924134,0.6641168026924134,0.0,2.0,2.0
vq,5,2,496,0.6599604614257812,0.5970825720310211,0.06287788252830505,0.6626308423042298,0.6626308423042298,0.0,2.0,2.0
vq,5,2,497,0.6605984704017639,0.6030480048179626,0.0575504642367363,0.6589760972976685,0.6589760972976685,0.0,2.0,2.0
vq,5,2,498,0.6667744896888733,0.6079550310134888,0.05881945638656616,0.6490553647994995,0.6490553647994995,0.0,2.0,2.0
vq,5,2,499,0.6602984827041626,0.5954972302436828,0.06480124325752258,0.6553357513427734,0.6553357513427734,0.0,2.0,2.0
vq,5,2,500,0.6641469408035279,0.602526865196228,0.061620072937011716,0.6551455627441406,0.6551455627441406,0.0,2.0,2.0
