model,seed,level,epoch,train_total,train_effect,train_vq,eval_total,eval_effect,eval_vq,active_codes,ema_used_codes,step_counter,last_check_step,surprise_streak,distance_mean,distance_p90,distance_p95,distance_max,surprise_support
dynamic,1,1,1,4.6179418309529625,4.6098942375183105,0.008047619884212811,4.530242659250895,4.530242659250895,0.0,1.0,1.0,10.0,0.0,0.0,,,,,
dynamic,1,1,2,4.485738474527995,4.473241068522135,0.01249738734215498,4.397207721074422,4.397207721074422,0.0,1.0,1.0,20.0,0.0,0.0,,,,,
dynamic,1,1,3,4.369324855804443,4.342197481791178,0.02712737813591957,4.269108260472615,4.269108260472615,0.0,1.0,1.0,30.0,0.0,0.0,,,,,
dynamic,1,1,4,4.260680923461914,4.214191157023112,0.04648965318997701,4.142168035507202,4.142168035507202,0.0,1.0,1.0,40.0,0.0,0.0,,,,,
dynamic,1,1,5,4.161985969543457,4.09065842628479,0.0713275330265363,4.022872797648112,4.022872797648112,0.0,1.0,1.0,50.0,0.0,0.0,,,,,
dynamic,1,1,6,4.084656836191813,3.9741620000203453,0.1104948377609253,3.910166393915812,3.910166393915812,0.0,1.0,1.0,60.0,0.0,0.0,,,,,
dynamic,1,1,7,4.022442811330159,3.864085003534953,0.15835782945156096,3.801864684422811,3.801864684422811,0.0,1.0,1.0,70.0,0.0,0.0,,,,,
dynamic,1,1,8,4.004178174336752,3.757853520711263,0.24632466395696004,3.699770002365112,3.699770002365112,0.0,1.0,1.0,80.0,0.0,0.0,,,,,
dynamic,1,1,9,4.028511479695638,3.6582186571757,0.3702927621205648,3.602559429804484,3.602559429804484,0.0,1.0,1.0,90.0,0.0,0.0,,,,,
dynamic,1,1,10,4.104839458465576,3.5617306168874103,0.5431089568138122,3.5104941018422444,3.5104941018422444,0.0,1.0,1.0,100.0,0.0,0.0,,,,,
dynamic,1,1,11,4.2419025293986,3.47355819384257,0.768344357808431,3.4222009785970053,3.4222009785970053,0.0,1.0,1.0,110.0,0.0,0.0,,,,,
dynamic,1,1,12,4.343898646036783,3.386798496246338,0.9571002006530762,3.3386164410909016,3.3386164410909016,0.0,1.0,1.0,120.0,0.0,0.0,,,,,
dynamic,1,1,13,4.464801184336344,3.3055507850646975,1.1592503611246745,3.26070226987203,3.26070226987203,0.0,1.0,1.0,130.0,0.0,0.0,,,,,
dynamic,1,1,14,4.58981138865153,3.2285865847269695,1.3612248134613036,3.1854760678609213,3.1854760678609213,0.0,1.0,1.0,140.0,0.0,0.0,,,,,
dynamic,1,1,15,4.625132204691569,3.155074717203776,1.470057388941447,3.113593953450521,3.113593953450521,0.0,1.0,1.0,150.0,0.0,0.0,,,,,
dynamic,1,1,16,4.636415576934814,3.0832465076446534,1.5531691201527913,3.043148005803426,3.043148005803426,0.0,1.0,1.0,160.0,0.0,0.0,,,,,
dynamic,1,1,17,4.64879446665446,3.0142698097229004,1.6345246521631878,2.975933205286662,2.975933205286662,0.0,1.0,1.0,170.0,0.0,0.0,,,,,
dynamic,1,1,18,4.649646263122559,2.9486099910736083,1.7010362688700358,2.912374776204427,2.912374776204427,0.0,1.0,1.0,180.0,0.0,0.0,,,,,
dynamic,1,1,19,4.632195466359456,2.886790606180827,1.745404872894287,2.8531027444203696,2.8531027444203696,0.0,1.0,1.0,190.0,0.0,0.0,,,,,
dynamic,1,1,20,4.596967455546062,2.829718271891276,1.7672492122650147,2.7981934706370035,2.7981934706370035,0.0,1.0,1.0,200.0,0.0,0.0,,,,,
dynamic,1,1,21,4.54883041381836,2.7771689319610595,1.7716614611943562,2.7459229755401613,2.7459229755401613,0.0,1.0,1.0,210.0,201.0,1.0,13.690600395202637,36.8466911315918,67.23511505126953,176.25814819335938,184.0
dynamic,1,1,22,4.510711660385132,2.7251230748494466,1.7855885219573975,2.6958452161153157,2.6958452161153157,0.0,1.0,1.0,220.0,201.0,1.0,13.690600395202637,36.8466911315918,67.23511505126953,176.25814819335938,184.0
dynamic,1,1,23,4.483646074930827,2.675117235183716,1.8085288429260253,2.6465783723195395,2.6465783723195395,0.0,1.0,1.0,230.0,201.0,1.0,13.690600395202637,36.8466911315918,67.23511505126953,176.25814819335938,184.0
dynamic,1,1,24,4.474627787272135,2.6266726652781167,1.847955233256022,2.599113817214966,2.599113817214966,0.0,1.0,1.0,240.0,201.0,1.0,13.690600395202637,36.8466911315918,67.23511505126953,176.25814819335938,184.0
dynamic,1,1,25,4.4164788500467935,2.5794371000925698,1.8370416784286498,2.5528846549987794,2.5528846549987794,0.0,1.0,1.0,250.0,201.0,1.0,13.690600395202637,36.8466911315918,67.23511505126953,176.25814819335938,184.0
dynamic,1,1,26,4.409041620890299,2.534338566462199,1.8747030703226726,2.509878085454305,2.509878085454305,0.0,1.0,1.0,260.0,201.0,1.0,13.690600395202637,36.8466911315918,67.23511505126953,176.25814819335938,184.0
dynamic,1,1,27,4.408147741953532,2.4924606196085612,1.9156870969136557,2.469201313654582,2.469201313654582,0.0,1.0,1.0,270.0,201.0,1.0,13.690600395202637,36.8466911315918,67.23511505126953,176.25814819335938,184.0
dynamic,1,1,28,4.397842260996501,2.4532803821563722,1.9445618279774983,2.4337108580271405,2.4337108580271405,0.0,1.0,1.0,280.0,201.0,1.0,13.690600395202637,36.8466911315918,67.23511505126953,176.25814819335938,184.0
dynamic,1,1,29,4.397735392252605,2.420636984507243,1.9770984172821044,2.4016157563527427,2.4016157563527427,0.0,1.0,1.0,290.0,201.0,1.0,13.690600395202637,36.8466911315918,67.23511505126953,176.25814819335938,184.0
dynamic,1,1,30,4.432928276062012,2.388406089146932,2.044522212346395,2.3711881542205813,2.3711881542205813,0.0,1.0,1.0,300.0,201.0,1.0,13.690600395202637,36.8466911315918,67.23511505126953,176.25814819335938,184.0
dynamic,1,1,31,4.628137308756511,2.835177392959595,1.7929598649342855,2.7715473492940266,2.7715473492940266,0.0,2.0,2.0,310.0,301.0,0.0,17.1677303314209,52.648826599121094,76.55886840820312,204.86109924316406,232.0
dynamic,1,1,32,4.252138779958089,2.6944669469197593,1.5576717821756998,2.606950298945109,2.606950298945109,0.0,2.0,2.0,320.0,301.0,0.0,17.1677303314209,52.648826599121094,76.55886840820312,204.86109924316406,232.0
dynamic,1,1,33,3.8456534862518312,2.528919973373413,1.3167335255940755,2.4177123578389486,2.4177123578389486,0.0,2.0,2.0,330.0,301.0,0.0,17.1677303314209,52.648826599121094,76.55886840820312,204.86109924316406,232.0
dynamic,1,1,34,3.5116547457377116,2.3683419831593833,1.1433127625783284,2.267977015177409,2.267977015177409,0.0,2.0,2.0,340.0,301.0,0.0,17.1677303314209,52.648826599121094,76.55886840820312,204.86109924316406,232.0
dynamic,1,1,35,3.1271844418843586,2.2143150679270427,0.9128693715731303,2.131801109313965,2.131801109313965,0.0,2.0,2.0,350.0,301.0,0.0,17.1677303314209,52.648826599121094,76.55886840820312,204.86109924316406,232.0
dynamic,1,1,36,2.766487782796224,2.1094413057963055,0.6570465024312337,2.0103484789530435,2.0103484789530435,0.0,2.0,2.0,360.0,301.0,0.0,17.1677303314209,52.648826599121094,76.55886840820312,204.86109924316406,232.0
dynamic,1,1,37,2.4905268287658693,2.0236778418223063,0.4668490207195282,1.9128004582722982,1.9128004582722982,0.0,2.0,2.0,370.0,301.0,0.0,17.1677303314209,52.648826599121094,76.55886840820312,204.86109924316406,232.0
dynamic,1,1,38,2.2381455834706623,1.9267212629318238,0.3114242986838023,1.8355356709162394,1.8355356709162394,0.0,2.0,2.0,380.0,301.0,0.0,17.1677303314209,52.648826599121094,76.55886840820312,204.86109924316406,232.0
dynamic,1,1,39,2.1151233259836832,1.8627737394968669,0.252349587281545,1.8065097602208455,1.8065097602208455,0.0,2.0,2.0,390.0,301.0,0.0,17.1677303314209,52.648826599121094,76.55886840820312,204.86109924316406,232.0
dynamic,1,1,40,1.9513235378265381,1.70678497950236,0.24453856647014618,1.6924787092208862,1.6924787092208862,0.0,2.0,2.0,400.0,301.0,0.0,17.1677303314209,52.648826599121094,76.55886840820312,204.86109924316406,232.0
dynamic,1,1,41,1.8525626595815023,1.6207451725006103,0.2318174825112025,1.5598380168279011,1.5598380168279011,0.0,2.0,2.0,410.0,401.0,1.0,1.7799832820892334,6.123387336730957,8.425494194030762,16.128355026245117,87.0
dynamic,1,1,42,1.7546546506881713,1.5450405089060466,0.20961413224538167,1.4804989846547445,1.4804989846547445,0.0,2.0,2.0,420.0,401.0,1.0,1.7799832820892334,6.123387336730957,8.425494194030762,16.128355026245117,87.0
dynamic,1,1,43,1.6248203404744466,1.438124958674113,0.1866953976949056,1.422103742758433,1.422103742758433,0.0,2.0,2.0,430.0,401.0,1.0,1.7799832820892334,6.123387336730957,8.425494194030762,16.128355026245117,87.0
dynamic,1,1,44,1.5601504818598428,1.400234359105428,0.15991611361503602,1.3717369262377421,1.3717369262377421,0.0,2.0,2.0,440.0,401.0,1.0,1.7799832820892334,6.123387336730957,8.425494194030762,16.128355026245117,87.0
dynamic,1,1,45,1.4855728689829508,1.3426468261082967,0.14292605131864547,1.3241518719991048,1.3241518719991048,0.0,2.0,2.0,450.0,401.0,1.0,1.7799832820892334,6.123387336730957,8.425494194030762,16.128355026245117,87.0
dynamic,1,1,46,1.4218088722229003,1.2934617265065511,0.12834714909394582,1.2728721872965494,1.2728721872965494,0.0,2.0,2.0,460.0,401.0,1.0,1.7799832820892334,6.123387336730957,8.425494194030762,16.128355026245117,87.0
dynamic,1,1,47,1.3668062210083007,1.2599708461761474,0.10683537423610687,1.2428461456298827,1.2428461456298827,0.0,2.0,2.0,470.0,401.0,1.0,1.7799832820892334,6.123387336730957,8.425494194030762,16.128355026245117,87.0
dynamic,1,1,48,1.310335644086202,1.2313475592931111,0.07898808052142461,1.2141246342658996,1.2141246342658996,0.0,2.0,2.0,480.0,401.0,1.0,1.7799832820892334,6.123387336730957,8.425494194030762,16.128355026245117,87.0
dynamic,1,1,49,1.262819881439209,1.2037442779541017,0.05907560517390569,1.1938199504216511,1.1938199504216511,0.0,2.0,2.0,490.0,401.0,1.0,1.7799832820892334,6.123387336730957,8.425494194030762,16.128355026245117,87.0
dynamic,1,1,50,1.2454362392425538,1.1961032883326213,0.049332962532838184,1.1840382893880208,1.1840382893880208,0.0,2.0,2.0,500.0,401.0,1.0,1.7799832820892334,6.123387336730957,8.425494194030762,16.128355026245117,87.0
dynamic,1,1,51,1.2746176973978678,1.2330148871739706,0.041602804859479266,1.1645782160758973,1.1645782160758973,0.0,2.0,2.0,510.0,501.0,0.0,0.28394585847854614,0.6542506814002991,0.8684897422790527,1.6737556457519531,10.0
dynamic,1,1,52,1.214183497428894,1.1728011639912923,0.04138233010967573,1.1339665349324544,1.1339665349324544,0.0,2.0,2.0,520.0,501.0,0.0,0.28394585847854614,0.6542506814002991,0.8684897422790527,1.6737556457519531,10.0
dynamic,1,1,53,1.1903332885106404,1.1428628500302633,0.04747043391068777,1.1128890109062195,1.1128890109062195,0.0,2.0,2.0,530.0,501.0,0.0,0.28394585847854614,0.6542506814002991,0.8684897422790527,1.6737556457519531,10.0
dynamic,1,1,54,1.1628943618138632,1.114077827135722,0.04881652921438217,1.0979625916481017,1.0979625916481017,0.0,2.0,2.0,540.0,501.0,0.0,0.28394585847854614,0.6542506814002991,0.8684897422790527,1.6737556457519531,10.0
dynamic,1,1,55,1.1484683052698772,1.0990253019332885,0.049443009346723556,1.0831366233030955,1.0831366233030955,0.0,2.0,2.0,550.0,501.0,0.0,0.28394585847854614,0.6542506814002991,0.8684897422790527,1.6737556457519531,10.0
dynamic,1,1,56,1.124635934829712,1.076795372168223,0.04784056593974431,1.0677943845589957,1.0677943845589957,0.0,2.0,2.0,560.0,501.0,0.0,0.28394585847854614,0.6542506814002991,0.8684897422790527,1.6737556457519531,10.0
dynamic,1,1,57,1.1065210167566935,1.060994380315145,0.0455266384780407,1.0516146210829418,1.0516146210829418,0.0,2.0,2.0,570.0,501.0,0.0,0.28394585847854614,0.6542506814002991,0.8684897422790527,1.6737556457519531,10.0
dynamic,1,1,58,1.0899709796905517,1.0452416491508485,0.04472931543986003,1.0360404706001283,1.0360404706001283,0.0,2.0,2.0,580.0,501.0,0.0,0.28394585847854614,0.6542506814002991,0.8684897422790527,1.6737556457519531,10.0
dynamic,1,1,59,1.07702645778656,1.029778881072998,0.04724757631619771,1.0210799646377564,1.0210799646377564,0.0,2.0,2.0,590.0,501.0,0.0,0.28394585847854614,0.6542506814002991,0.8684897422790527,1.6737556457519531,10.0
dynamic,1,1,60,1.0675341749191285,1.0213811635971068,0.04615300382177035,1.0066005969047547,1.0066005969047547,0.0,2.0,2.0,600.0,501.0,0.0,0.28394585847854614,0.6542506814002991,0.8684897422790527,1.6737556457519531,10.0
dynamic,1,1,61,1.0454619240760803,1.0008944662412007,0.04456744015216827,0.993185099363327,0.993185099363327,0.0,2.0,2.0,610.0,601.0,1.0,0.3650566041469574,0.9607199430465698,1.4342988729476929,3.4318125247955322,25.0
dynamic,1,1,62,1.0319992129007975,0.9876530758539835,0.04434616406758626,0.980019820133845,0.980019820133845,0.0,2.0,2.0,620.0,601.0,1.0,0.3650566041469574,0.9607199430465698,1.4342988729476929,3.4318125247955322,25.0
dynamic,1,1,63,1.0180166832605997,0.9747922166188558,0.043224469621976215,0.9676137252648671,0.9676137252648671,0.0,2.0,2.0,630.0,601.0,1.0,0.3650566041469574,0.9607199430465698,1.4342988729476929,3.4318125247955322,25.0
dynamic,1,1,64,1.005860946973165,0.9626418654123942,0.043219082007805505,0.9559555713335673,0.9559555713335673,0.0,2.0,2.0,640.0,601.0,1.0,0.3650566041469574,0.9607199430465698,1.4342988729476929,3.4318125247955322,25.0
dynamic,1,1,65,0.9951414140065511,0.9512088990211487,0.04393249750137329,0.9450305028756459,0.9450305028756459,0.0,2.0,2.0,650.0,601.0,1.0,0.3650566041469574,0.9607199430465698,1.4342988729476929,3.4318125247955322,25.0
dynamic,1,1,66,0.9942583926518758,0.947440394560496,0.04681800405184428,0.9346250490347544,0.9346250490347544,0.0,2.0,2.0,660.0,601.0,1.0,0.3650566041469574,0.9607199430465698,1.4342988729476929,3.4318125247955322,25.0
dynamic,1,1,67,0.9779687722524008,0.9302599986394247,0.04770877589782079,0.9244544136524201,0.9244544136524201,0.0,2.0,2.0,670.0,601.0,1.0,0.3650566041469574,0.9607199430465698,1.4342988729476929,3.4318125247955322,25.0
dynamic,1,1,68,0.9724415055910747,0.9270603203773499,0.04538118879000346,0.9145980048179626,0.9145980048179626,0.0,2.0,2.0,680.0,601.0,1.0,0.3650566041469574,0.9607199430465698,1.4342988729476929,3.4318125247955322,25.0
dynamic,1,1,69,0.9600586382548014,0.9174770720799764,0.04258155465126037,0.9053372746706009,0.9053372746706009,0.0,2.0,2.0,690.0,601.0,1.0,0.3650566041469574,0.9607199430465698,1.4342988729476929,3.4318125247955322,25.0
dynamic,1,1,70,0.943676217397054,0.9016240056355794,0.042052222539981206,0.8967232555150986,0.8967232555150986,0.0,2.0,2.0,700.0,601.0,1.0,0.3650566041469574,0.9607199430465698,1.4342988729476929,3.4318125247955322,25.0
dynamic,1,1,71,0.9814828197161357,0.9485237089792887,0.032959102292855584,0.9198205216725668,0.9198205216725668,0.0,3.0,3.0,710.0,701.0,0.0,0.3402089476585388,0.7326294779777527,1.2977031469345093,2.964508056640625,16.0
dynamic,1,1,72,0.9468376541137695,0.9166165113449096,0.03022114815811316,0.8972949314117432,0.8972949314117432,0.0,3.0,3.0,720.0,701.0,0.0,0.3402089476585388,0.7326294779777527,1.2977031469345093,2.964508056640625,16.0
dynamic,1,1,73,0.9296197986602783,0.8991913056373596,0.03042849838733673,0.8909405616919199,0.8909405616919199,0.0,3.0,3.0,730.0,701.0,0.0,0.3402089476585388,0.7326294779777527,1.2977031469345093,2.964508056640625,16.0
dynamic,1,1,74,0.9299327985445658,0.8974630014101664,0.03246979529658953,0.8856566123167674,0.8856566123167674,0.0,3.0,3.0,740.0,701.0,0.0,0.3402089476585388,0.7326294779777527,1.2977031469345093,2.964508056640625,16.0
dynamic,1,1,75,0.9192764290173848,0.8861363355318705,0.03314010168115298,0.8848963008324305,0.8848963008324305,0.0,3.0,3.0,750.0,701.0,0.0,0.3402089476585388,0.7326294779777527,1.2977031469345093,2.964508056640625,16.0
dynamic,1,1,76,0.9148994342486063,0.8797302563985189,0.03516918356219927,0.8747751394907634,0.8747751394907634,0.0,3.0,3.0,760.0,701.0,0.0,0.3402089476585388,0.7326294779777527,1.2977031469345093,2.964508056640625,16.0
dynamic,1,1,77,0.905218981107076,0.8715755311648051,0.03364344110091527,0.8610265195369721,0.8610265195369721,0.0,3.0,3.0,770.0,701.0,0.0,0.3402089476585388,0.7326294779777527,1.2977031469345093,2.964508056640625,16.0
dynamic,1,1,78,0.9015270177523295,0.8679481021563212,0.033578919967015584,0.8551768720149994,0.8551768720149994,0.0,3.0,3.0,780.0,701.0,0.0,0.3402089476585388,0.7326294779777527,1.2977031469345093,2.964508056640625,16.0
dynamic,1,1,79,0.8960581922531128,0.8616929467519124,0.03436525593201319,0.8464468602339427,0.8464468602339427,0.0,3.0,3.0,790.0,701.0,0.0,0.3402089476585388,0.7326294779777527,1.2977031469345093,2.964508056640625,16.0
dynamic,1,1,80,0.8823774512608846,0.8501056377092997,0.03227181404829025,0.8438994481166204,0.8438994481166204,0.0,3.0,3.0,800.0,701.0,0.0,0.3402089476585388,0.7326294779777527,1.2977031469345093,2.964508056640625,16.0
dynamic,1,1,81,0.8827200977007548,0.8489174270629882,0.03380266179641088,0.8429022794961929,0.8429022794961929,0.0,3.0,3.0,810.0,801.0,0.0,0.27034640312194824,0.5809155106544495,0.8292864561080933,3.1321792602539062,8.0
dynamic,1,1,82,0.8734513211250305,0.8399065899848938,0.033544735312461854,0.8358169772227605,0.8358169772227605,0.0,3.0,3.0,820.0,801.0,0.0,0.27034640312194824,0.5809155106544495,0.8292864561080933,3.1321792602539062,8.0
dynamic,1,1,83,0.8743985382715861,0.8412999971707662,0.03309854378302892,0.8340233751138051,0.8340233751138051,0.0,3.0,3.0,830.0,801.0,0.0,0.27034640312194824,0.5809155106544495,0.8292864561080933,3.1321792602539062,8.0
dynamic,1,1,84,0.8639513754844665,0.8317529861132303,0.03219839538137118,0.8322175923983256,0.8322175923983256,0.0,3.0,3.0,840.0,801.0,0.0,0.27034640312194824,0.5809155106544495,0.8292864561080933,3.1321792602539062,8.0
dynamic,1,1,85,0.8677186902364095,0.8343216506640116,0.03339704737067223,0.8198659809430441,0.8198659809430441,0.0,3.0,3.0,850.0,801.0,0.0,0.27034640312194824,0.5809155106544495,0.8292864561080933,3.1321792602539062,8.0
dynamic,1,1,86,0.8641453496615092,0.8306829436620077,0.033462406992912294,0.8131551464398702,0.8131551464398702,0.0,3.0,3.0,860.0,801.0,0.0,0.27034640312194824,0.5809155106544495,0.8292864561080933,3.1321792602539062,8.0
dynamic,1,1,87,0.8632611640294393,0.8247794389724732,0.03848173126578331,0.8115547384818395,0.8115547384818395,0.0,3.0,3.0,870.0,801.0,0.0,0.27034640312194824,0.5809155106544495,0.8292864561080933,3.1321792602539062,8.0
dynamic,1,1,88,0.8597126817703247,0.8197991299629211,0.03991355285048485,0.8012444925308227,0.8012444925308227,0.0,3.0,3.0,880.0,801.0,0.0,0.27034640312194824,0.5809155106544495,0.8292864561080933,3.1321792602539062,8.0
dynamic,1,1,89,0.8496431008974711,0.8066956893603007,0.042947415510813394,0.792685489654541,0.792685489654541,0.0,3.0,3.0,890.0,801.0,0.0,0.27034640312194824,0.5809155106544495,0.8292864561080933,3.1321792602539062,8.0
dynamic,1,1,90,0.8535804669062297,0.814616916179657,0.03896354605754217,0.7861590828498205,0.7861590828498205,0.0,3.0,3.0,900.0,801.0,0.0,0.27034640312194824,0.5809155106544495,0.8292864561080933,3.1321792602539062,8.0
dynamic,1,1,91,0.8289303263028462,0.7916415015856425,0.0372888295352459,0.7818897100289662,0.7818897100289662,0.0,3.0,3.0,910.0,901.0,1.0,0.32450777292251587,0.8425078988075256,1.3104524612426758,2.623450756072998,19.0
dynamic,1,1,92,0.8169480895996094,0.7825900348027547,0.03435805276036263,0.7728981286287308,0.7728981286287308,0.0,3.0,3.0,920.0,901.0,1.0,0.32450777292251587,0.8425078988075256,1.3104524612426758,2.623450756072998,19.0
dynamic,1,1,93,0.8221994781494141,0.7877025008201599,0.034496978024641675,0.7671786385774613,0.7671786385774613,0.0,3.0,3.0,930.0,901.0,1.0,0.32450777292251587,0.8425078988075256,1.3104524612426758,2.623450756072998,19.0
dynamic,1,1,94,0.821340823173523,0.7823310033480326,0.03900982702771823,0.7623056008418401,0.7623056008418401,0.0,3.0,3.0,940.0,901.0,1.0,0.32450777292251587,0.8425078988075256,1.3104524612426758,2.623450756072998,19.0
dynamic,1,1,95,0.8121943291028341,0.7712844276428222,0.04090989629427592,0.7585344450672468,0.7585344450672468,0.0,3.0,3.0,950.0,901.0,1.0,0.32450777292251587,0.8425078988075256,1.3104524612426758,2.623450756072998,19.0
dynamic,1,1,96,0.8040324807167053,0.7620305355389912,0.042001943389574685,0.7564841865499814,0.7564841865499814,0.0,3.0,3.0,960.0,901.0,1.0,0.32450777292251587,0.8425078988075256,1.3104524612426758,2.623450756072998,19.0
dynamic,1,1,97,0.7949753212928772,0.7562698809305827,0.03870543599128723,0.7531737472613652,0.7531737472613652,0.0,3.0,3.0,970.0,901.0,1.0,0.32450777292251587,0.8425078988075256,1.3104524612426758,2.623450756072998,19.0
dynamic,1,1,98,0.8041107320785522,0.762472791671753,0.0416379297276338,0.751882088581721,0.751882088581721,0.0,3.0,3.0,980.0,901.0,1.0,0.32450777292251587,0.8425078988075256,1.3104524612426758,2.623450756072998,19.0
dynamic,1,1,99,0.8070688327153523,0.7582251834869385,0.048843643267949426,0.7486618603269259,0.7486618603269259,0.0,3.0,3.0,990.0,901.0,1.0,0.32450777292251587,0.8425078988075256,1.3104524612426758,2.623450756072998,19.0
dynamic,1,1,100,0.8054140933354695,0.7543935815493266,0.05102050979932149,0.7457951312263806,0.7457951312263806,0.0,3.0,3.0,1000.0,901.0,1.0,0.32450777292251587,0.8425078988075256,1.3104524612426758,2.623450756072998,19.0
dynamic,1,1,101,0.8512338455518087,0.8081372952461243,0.04309654941161473,0.7566448764006297,0.7566448764006297,0.0,4.0,4.0,1010.0,1001.0,0.0,0.40148717164993286,0.8898916840553284,1.1469529867172241,4.537467956542969,16.0
dynamic,1,1,102,0.8144569969177247,0.7749228199323018,0.03953418264786402,0.7511723476648331,0.7511723476648331,0.0,4.0,4.0,1020.0,1001.0,0.0,0.40148717164993286,0.8898916840553284,1.1469529867172241,4.537467956542969,16.0
dynamic,1,1,103,0.8060211523373921,0.7667699209849039,0.03925122266014417,0.7704335755109787,0.7704335755109787,0.0,4.0,4.0,1030.0,1001.0,0.0,0.40148717164993286,0.8898916840553284,1.1469529867172241,4.537467956542969,16.0
dynamic,1,1,104,0.8068834241231283,0.7678335380554199,0.03904988984266917,0.7736756692330042,0.7736756692330042,0.0,4.0,4.0,1040.0,1001.0,0.0,0.40148717164993286,0.8898916840553284,1.1469529867172241,4.537467956542969,16.0
dynamic,1,1,105,0.811239431699117,0.7710351292292277,0.04020430326461792,0.7409018049637477,0.7409018049637477,0.0,4.0,4.0,1050.0,1001.0,0.0,0.40148717164993286,0.8898916840553284,1.1469529867172241,4.537467956542969,16.0
dynamic,1,1,106,0.7939389729499817,0.7532415270805359,0.040697450240453084,0.7397641507784526,0.7397641507784526,0.0,4.0,4.0,1060.0,1001.0,0.0,0.40148717164993286,0.8898916840553284,1.1469529867172241,4.537467956542969,16.0
dynamic,1,1,107,0.7886708561579386,0.7500019574165344,0.0386688952644666,0.7399517625570298,0.7399517625570298,0.0,4.0,4.0,1070.0,1001.0,0.0,0.40148717164993286,0.8898916840553284,1.1469529867172241,4.537467956542969,16.0
dynamic,1,1,108,0.7845149962107341,0.7469576319058736,0.037557356804609296,0.7382165918747584,0.7382165918747584,0.0,4.0,4.0,1080.0,1001.0,0.0,0.40148717164993286,0.8898916840553284,1.1469529867172241,4.537467956542969,16.0
dynamic,1,1,109,0.7828503592809042,0.7471066880226135,0.035743663708368935,0.7368912007411321,0.7368912007411321,0.0,4.0,4.0,1090.0,1001.0,0.0,0.40148717164993286,0.8898916840553284,1.1469529867172241,4.537467956542969,16.0
dynamic,1,1,110,0.7769780095418294,0.7459349632263184,0.031043050289154054,0.7356190750996272,0.7356190750996272,0.0,4.0,4.0,1100.0,1001.0,0.0,0.40148717164993286,0.8898916840553284,1.1469529867172241,4.537467956542969,16.0
dynamic,1,1,111,0.7738508534431457,0.744372554620107,0.029478297829627992,0.7372922853628794,0.7372922853628794,0.0,4.0,4.0,1110.0,1001.0,0.0,0.40148717164993286,0.8898916840553284,1.1469529867172241,4.537467956542969,16.0
dynamic,1,1,112,0.7712975446383158,0.7428736503918966,0.028423891589045524,0.73365680595239,0.73365680595239,0.0,4.0,4.0,1120.0,1001.0,0.0,0.40148717164993286,0.8898916840553284,1.1469529867172241,4.537467956542969,16.0
dynamic,1,1,113,0.7702126328150432,0.7409228706359863,0.02928976317246755,0.7304167888561884,0.7304167888561884,0.0,4.0,4.0,1130.0,1001.0,0.0,0.40148717164993286,0.8898916840553284,1.1469529867172241,4.537467956542969,16.0
dynamic,1,1,114,0.7652901061375936,0.7350167258580526,0.030273385246594748,0.7266826218366623,0.7266826218366623,0.0,4.0,4.0,1140.0,1001.0,0.0,0.40148717164993286,0.8898916840553284,1.1469529867172241,4.537467956542969,16.0
dynamic,1,1,115,0.7664017772674561,0.7357962489128113,0.030605520109335583,0.7255896868308386,0.7255896868308386,0.0,4.0,4.0,1150.0,1001.0,0.0,0.40148717164993286,0.8898916840553284,1.1469529867172241,4.537467956542969,16.0
dynamic,1,1,116,0.764616900285085,0.7333318956693013,0.03128500372171402,0.7233256922165553,0.7233256922165553,0.0,4.0,4.0,1160.0,1001.0,0.0,0.40148717164993286,0.8898916840553284,1.1469529867172241,4.537467956542969,16.0
dynamic,1,1,117,0.7605703767140707,0.7289722498257954,0.03159813384215037,0.7206429721911748,0.7206429721911748,0.0,4.0,4.0,1170.0,1001.0,0.0,0.40148717164993286,0.8898916840553284,1.1469529867172241,4.537467956542969,16.0
dynamic,1,1,118,0.7588463544845581,0.727642126083374,0.031204233715931576,0.7219847867886225,0.7219847867886225,0.0,4.0,4.0,1180.0,1001.0,0.0,0.40148717164993286,0.8898916840553284,1.1469529867172241,4.537467956542969,16.0
dynamic,1,1,119,0.7593467919031779,0.7288160188992818,0.030530773450930915,0.7228965826829274,0.7228965826829274,0.0,4.0,4.0,1190.0,1001.0,0.0,0.40148717164993286,0.8898916840553284,1.1469529867172241,4.537467956542969,16.0
dynamic,1,1,120,0.7571292527516683,0.726718594233195,0.030410663535197575,0.718755089044571,0.718755089044571,0.0,4.0,4.0,1200.0,1001.0,0.0,0.40148717164993286,0.8898916840553284,1.1469529867172241,4.537467956542969,16.0
dynamic,1,1,121,0.7633642633756001,0.7308060789108276,0.03255819062391917,0.7188843313852946,0.7188843313852946,0.0,4.0,4.0,1210.0,1001.0,0.0,0.40148717164993286,0.8898916840553284,1.1469529867172241,4.537467956542969,16.0
dynamic,1,1,122,0.7621348770459493,0.72827738682429,0.033857489253083864,0.7197038946549098,0.7197038946549098,0.0,4.0,4.0,1220.0,1001.0,0.0,0.40148717164993286,0.8898916840553284,1.1469529867172241,4.537467956542969,16.0
dynamic,1,1,123,0.7570892826716105,0.7269514083862305,0.03013787234822909,0.7214521561066309,0.7214521561066309,0.0,4.0,4.0,1230.0,1001.0,0.0,0.40148717164993286,0.8898916840553284,1.1469529867172241,4.537467956542969,16.0
dynamic,1,1,124,0.7559128848711649,0.7290617601076762,0.02685111279288928,0.7199173233906428,0.7199173233906428,0.0,4.0,4.0,1240.0,1001.0,0.0,0.40148717164993286,0.8898916840553284,1.1469529867172241,4.537467956542969,16.0
dynamic,1,1,125,0.7500165939331055,0.7231940984725952,0.026822494392593703,0.720715551773707,0.720715551773707,0.0,4.0,4.0,1250.0,1001.0,0.0,0.40148717164993286,0.8898916840553284,1.1469529867172241,4.537467956542969,16.0
dynamic,1,1,126,0.750904450416565,0.7237480878829956,0.02715636871755123,0.7179544909795126,0.7179544909795126,0.0,4.0,4.0,1260.0,1001.0,0.0,0.40148717164993286,0.8898916840553284,1.1469529867172241,4.537467956542969,16.0
dynamic,1,1,127,0.7552418875694275,0.7255240281422933,0.02971786305308342,0.7178201216459275,0.7178201216459275,0.0,4.0,4.0,1270.0,1001.0,0.0,0.40148717164993286,0.8898916840553284,1.1469529867172241,4.537467956542969,16.0
dynamic,1,1,128,0.7540361515680949,0.7245243167877198,0.029511828819910685,0.7160518987973531,0.7160518987973531,0.0,4.0,4.0,1280.0,1001.0,0.0,0.40148717164993286,0.8898916840553284,1.1469529867172241,4.537467956542969,16.0
dynamic,1,1,129,0.7525065406163534,0.7232995923360189,0.029206953893105188,0.7140417963266372,0.7140417963266372,0.0,4.0,4.0,1290.0,1001.0,0.0,0.40148717164993286,0.8898916840553284,1.1469529867172241,4.537467956542969,16.0
dynamic,1,1,130,0.7483117890357971,0.7200249902407329,0.028286794026692708,0.7124493191639583,0.7124493191639583,0.0,4.0,4.0,1300.0,1001.0,0.0,0.40148717164993286,0.8898916840553284,1.1469529867172241,4.537467956542969,16.0
dynamic,1,1,131,0.7468852154413859,0.7182749509811401,0.028610273202260336,0.7123244261741638,0.7123244261741638,0.0,4.0,4.0,1310.0,1001.0,0.0,0.40148717164993286,0.8898916840553284,1.1469529867172241,4.537467956542969,16.0
dynamic,1,1,132,0.7440222430229188,0.714587349096934,0.029434891790151595,0.7108378823598226,0.7108378823598226,0.0,4.0,4.0,1320.0,1001.0,0.0,0.40148717164993286,0.8898916840553284,1.1469529867172241,4.537467956542969,16.0
dynamic,1,1,133,0.7463930336634318,0.7150290409723917,0.031363987972339,0.708032342394193,0.708032342394193,0.0,4.0,4.0,1330.0,1001.0,0.0,0.40148717164993286,0.8898916840553284,1.1469529867172241,4.537467956542969,16.0
dynamic,1,1,134,0.7509090892473856,0.7173474049568176,0.03356167097886403,0.709202194015185,0.709202194015185,0.0,4.0,4.0,1340.0,1001.0,0.0,0.40148717164993286,0.8898916840553284,1.1469529867172241,4.537467956542969,16.0
dynamic,1,1,135,0.7526507878303528,0.7153823590278625,0.037268434961636863,0.7014296410481135,0.7014296410481135,0.0,4.0,4.0,1350.0,1001.0,0.0,0.40148717164993286,0.8898916840553284,1.1469529867172241,4.537467956542969,16.0
dynamic,1,1,136,0.7428458333015442,0.7083820048967997,0.03446382731199264,0.6975290042161941,0.6975290042161941,0.0,4.0,4.0,1360.0,1001.0,0.0,0.40148717164993286,0.8898916840553284,1.1469529867172241,4.537467956542969,16.0
dynamic,1,1,137,0.7382690318425497,0.7057425514856974,0.03252648045619329,0.7041059255599975,0.7041059255599975,0.0,4.0,4.0,1370.0,1001.0,0.0,0.40148717164993286,0.8898916840553284,1.1469529867172241,4.537467956542969,16.0
dynamic,1,1,138,0.7455826187133789,0.711619455019633,0.0339631624519825,0.7038567399978638,0.7038567399978638,0.0,4.0,4.0,1380.0,1001.0,0.0,0.40148717164993286,0.8898916840553284,1.1469529867172241,4.537467956542969,16.0
dynamic,1,1,139,0.7432033109664917,0.7084811766942342,0.03472213427225749,0.6938305602471033,0.6938305602471033,0.0,4.0,4.0,1390.0,1001.0,0.0,0.40148717164993286,0.8898916840553284,1.1469529867172241,4.537467956542969,16.0
dynamic,1,1,140,0.7425125710169475,0.7050850097338358,0.03742756520708402,0.6931869304180145,0.6931869304180145,0.0,4.0,4.0,1400.0,1001.0,0.0,0.40148717164993286,0.8898916840553284,1.1469529867172241,4.537467956542969,16.0
dynamic,1,1,141,0.7504444742202758,0.7119020549456279,0.03854241689046224,0.686825595498085,0.686825595498085,0.0,4.0,4.0,1410.0,1001.0,0.0,0.40148717164993286,0.8898916840553284,1.1469529867172241,4.537467956542969,16.0
dynamic,1,1,142,0.7485471129417419,0.7125536608695984,0.03599345088005066,0.6871229347586632,0.6871229347586632,0.0,4.0,4.0,1420.0,1001.0,0.0,0.40148717164993286,0.8898916840553284,1.1469529867172241,4.537467956542969,16.0
dynamic,1,1,143,0.7474801198641459,0.7112783201535543,0.03620180288950602,0.6840518298745155,0.6840518298745155,0.0,4.0,4.0,1430.0,1001.0,0.0,0.40148717164993286,0.8898916840553284,1.1469529867172241,4.537467956542969,16.0
dynamic,1,1,144,0.7304346140225728,0.695324608484904,0.03511000355084737,0.6944877137740453,0.6944877137740453,0.0,4.0,4.0,1440.0,1001.0,0.0,0.40148717164993286,0.8898916840553284,1.1469529867172241,4.537467956542969,16.0
dynamic,1,1,145,0.7429742956161499,0.7056425547599793,0.03733173857132594,0.7032253437240918,0.7032253437240918,0.0,4.0,4.0,1450.0,1001.0,0.0,0.40148717164993286,0.8898916840553284,1.1469529867172241,4.537467956542969,16.0
dynamic,1,1,146,0.7458265701929728,0.7075522033373515,0.038274359454711276,0.6728227020303408,0.6728227020303408,0.0,4.0,4.0,1460.0,1001.0,0.0,0.40148717164993286,0.8898916840553284,1.1469529867172241,4.537467956542969,16.0
dynamic,1,1,147,0.7374945267041524,0.699163711865743,0.038330819457769394,0.6772049246231715,0.6772049246231715,0.0,4.0,4.0,1470.0,1001.0,0.0,0.40148717164993286,0.8898916840553284,1.1469529867172241,4.537467956542969,16.0
dynamic,1,1,148,0.7379479463895162,0.7000805966059367,0.03786735663811366,0.7058190533518791,0.7058190533518791,0.0,4.0,4.0,1480.0,1001.0,0.0,0.40148717164993286,0.8898916840553284,1.1469529867172241,4.537467956542969,16.0
dynamic,1,1,149,0.7328541127840678,0.6938106942176819,0.03904342100024223,0.6891350355744362,0.6891350355744362,0.0,4.0,4.0,1490.0,1001.0,0.0,0.40148717164993286,0.8898916840553284,1.1469529867172241,4.537467956542969,16.0
dynamic,1,1,150,0.7298598837852478,0.6905985236167907,0.039261358678340914,0.712495089272658,0.712495089272658,0.0,4.0,4.0,1500.0,1001.0,0.0,0.40148717164993286,0.8898916840553284,1.1469529867172241,4.537467956542969,16.0
dynamic,1,1,151,0.7622163430849711,0.720512592792511,0.041703755309184395,0.7338283839821815,0.7338283839821815,0.0,4.0,4.0,1510.0,1001.0,0.0,0.40148717164993286,0.8898916840553284,1.1469529867172241,4.537467956542969,16.0
dynamic,1,1,152,0.7404184524218241,0.6965318298339844,0.04388661389549573,0.7009917013843854,0.7009917013843854,0.0,4.0,4.0,1520.0,1001.0,0.0,0.40148717164993286,0.8898916840553284,1.1469529867172241,4.537467956542969,16.0
dynamic,1,1,153,0.7586321798960368,0.7172061165173849,0.041426074355840684,0.6807639380296071,0.6807639380296071,0.0,4.0,4.0,1530.0,1001.0,0.0,0.40148717164993286,0.8898916840553284,1.1469529867172241,4.537467956542969,16.0
dynamic,1,1,154,0.7325958077112834,0.6922902075449625,0.04030560965339343,0.6905000479022662,0.6905000479022662,0.0,4.0,4.0,1540.0,1001.0,0.0,0.40148717164993286,0.8898916840553284,1.1469529867172241,4.537467956542969,16.0
dynamic,1,1,155,0.7376513250668844,0.6955468861262003,0.04210444192091624,0.7254194778203964,0.7254194778203964,0.0,4.0,4.0,1550.0,1001.0,0.0,0.40148717164993286,0.8898916840553284,1.1469529867172241,4.537467956542969,16.0
dynamic,1,1,156,0.7362809268633524,0.6934031097094218,0.04287781938910484,0.6906022913257281,0.6906022913257281,0.0,4.0,4.0,1560.0,1001.0,0.0,0.40148717164993286,0.8898916840553284,1.1469529867172241,4.537467956542969,16.0
dynamic,1,1,157,0.7314001337687175,0.6879552086194356,0.043444929917653405,0.76524994323651,0.76524994323651,0.0,4.0,4.0,1570.0,1001.0,0.0,0.40148717164993286,0.8898916840553284,1.1469529867172241,4.537467956542969,16.0
dynamic,1,1,158,0.758362238407135,0.7107061767578124,0.047656064132849375,0.781536078552405,0.781536078552405,0.0,4.0,4.0,1580.0,1001.0,0.0,0.40148717164993286,0.8898916840553284,1.1469529867172241,4.537467956542969,16.0
dynamic,1,1,159,0.7832332134246827,0.7387765312194824,0.04445668548345566,0.6795804238319397,0.6795804238319397,0.0,4.0,4.0,1590.0,1001.0,0.0,0.40148717164993286,0.8898916840553284,1.1469529867172241,4.537467956542969,16.0
dynamic,1,1,160,0.7293990564346313,0.6877305022875468,0.04166855340202649,0.6795377330978711,0.6795377330978711,0.0,4.0,4.0,1600.0,1001.0,0.0,0.40148717164993286,0.8898916840553284,1.1469529867172241,4.537467956542969,16.0
dynamic,1,1,161,0.7388766400019328,0.6968829425175985,0.04199370394150416,0.7246973338723183,0.7246973338723183,0.0,4.0,4.0,1610.0,1001.0,0.0,0.40148717164993286,0.8898916840553284,1.1469529867172241,4.537467956542969,16.0
dynamic,1,1,162,0.7442266901334127,0.6998810696601868,0.04434561118483543,0.756474045018355,0.756474045018355,0.0,4.0,4.0,1620.0,1001.0,0.0,0.40148717164993286,0.8898916840553284,1.1469529867172241,4.537467956542969,16.0
dynamic,1,1,163,0.7598997632662455,0.7160310053825378,0.04386875877777736,0.7048375224073727,0.7048375224073727,0.0,4.0,4.0,1630.0,1001.0,0.0,0.40148717164993286,0.8898916840553284,1.1469529867172241,4.537467956542969,16.0
dynamic,1,1,164,0.7545310759544372,0.7119862302144369,0.04254484663407008,0.7499832503994306,0.7499832503994306,0.0,4.0,4.0,1640.0,1001.0,0.0,0.40148717164993286,0.8898916840553284,1.1469529867172241,4.537467956542969,16.0
dynamic,1,1,165,0.7837977838516236,0.7413223314285279,0.04247545341650645,0.8317468552788099,0.8317468552788099,0.0,4.0,4.0,1650.0,1001.0,0.0,0.40148717164993286,0.8898916840553284,1.1469529867172241,4.537467956542969,16.0
dynamic,1,1,166,0.7747845101356506,0.7305414470036825,0.04424306611220042,0.7402882700165113,0.7402882700165113,0.0,4.0,4.0,1660.0,1001.0,0.0,0.40148717164993286,0.8898916840553284,1.1469529867172241,4.537467956542969,16.0
dynamic,1,1,167,0.7488381052017212,0.7059822646776835,0.04285583913326264,0.6855152100324631,0.6855152100324631,0.0,4.0,4.0,1670.0,1001.0,0.0,0.40148717164993286,0.8898916840553284,1.1469529867172241,4.537467956542969,16.0
dynamic,1,1,168,0.7548843351999919,0.7108028841018676,0.044081446180740995,0.7324935918052992,0.7324935918052992,0.0,4.0,4.0,1680.0,1001.0,0.0,0.40148717164993286,0.8898916840553284,1.1469529867172241,4.537467956542969,16.0
dynamic,1,1,169,0.766085471312205,0.7194780770937602,0.046607402861118315,0.7137129283944765,0.7137129283944765,0.0,4.0,4.0,1690.0,1001.0,0.0,0.40148717164993286,0.8898916840553284,1.1469529867172241,4.537467956542969,16.0
dynamic,1,1,170,0.7445114318529765,0.6993746701876322,0.04513675779104233,0.7274584300319353,0.7274584300319353,0.0,4.0,4.0,1700.0,1001.0,0.0,0.40148717164993286,0.8898916840553284,1.1469529867172241,4.537467956542969,16.0
dynamic,1,1,171,0.762793919245402,0.7163546744982402,0.04643924057483673,0.7466996346910795,0.7466996346910795,0.0,4.0,4.0,1710.0,1001.0,0.0,0.40148717164993286,0.8898916840553284,1.1469529867172241,4.537467956542969,16.0
dynamic,1,1,172,0.7587265102068583,0.7142376041412354,0.0444889053205649,0.7127302225430806,0.7127302225430806,0.0,4.0,4.0,1720.0,1001.0,0.0,0.40148717164993286,0.8898916840553284,1.1469529867172241,4.537467956542969,16.0
dynamic,1,1,173,0.7740824898084004,0.7311491664250692,0.04293332303563754,0.7433418360352516,0.7433418360352516,0.0,4.0,4.0,1730.0,1001.0,0.0,0.40148717164993286,0.8898916840553284,1.1469529867172241,4.537467956542969,16.0
dynamic,1,1,174,0.7796892054875691,0.735855507850647,0.043833703100681305,0.7451136174798012,0.7451136174798012,0.0,4.0,4.0,1740.0,1001.0,0.0,0.40148717164993286,0.8898916840553284,1.1469529867172241,4.537467956542969,16.0
dynamic,1,1,175,0.7626336495081584,0.7173461190859477,0.045287531117598215,0.6992701963583628,0.6992701963583628,0.0,4.0,4.0,1750.0,1001.0,0.0,0.40148717164993286,0.8898916840553284,1.1469529867172241,4.537467956542969,16.0
dynamic,1,1,176,0.7416029246648153,0.6974737048149109,0.04412922660509745,0.7402530703941981,0.7402530703941981,0.0,4.0,4.0,1760.0,1001.0,0.0,0.40148717164993286,0.8898916840553284,1.1469529867172241,4.537467956542969,16.0
dynamic,1,1,177,0.7644309830665589,0.7174687910079957,0.04696219146251678,0.7790121756990751,0.7790121756990751,0.0,4.0,4.0,1770.0,1001.0,0.0,0.40148717164993286,0.8898916840553284,1.1469529867172241,4.537467956542969,16.0
dynamic,1,1,178,0.8171489445368448,0.7714059114456177,0.04574302633603414,0.7285853683948517,0.7285853683948517,0.0,4.0,4.0,1780.0,1001.0,0.0,0.40148717164993286,0.8898916840553284,1.1469529867172241,4.537467956542969,16.0
dynamic,1,1,179,0.7598200996716817,0.7161881852149964,0.04363191366195679,0.6781705572207769,0.6781705572207769,0.0,4.0,4.0,1790.0,1001.0,0.0,0.40148717164993286,0.8898916840553284,1.1469529867172241,4.537467956542969,16.0
dynamic,1,1,180,0.7444333744049072,0.6999522646268209,0.0444811071952184,0.7454389293988546,0.7454389293988546,0.0,4.0,4.0,1800.0,1001.0,0.0,0.40148717164993286,0.8898916840553284,1.1469529867172241,4.537467956542969,16.0
dynamic,1,1,181,0.7540232729911804,0.7088358362515768,0.04518742640813192,0.7131715696056684,0.7131715696056684,0.0,4.0,4.0,1810.0,1001.0,0.0,0.40148717164993286,0.8898916840553284,1.1469529867172241,4.537467956542969,16.0
dynamic,1,1,182,0.7488566215833028,0.7050524131457011,0.04380421643455823,0.6770928444465002,0.6770928444465002,0.0,4.0,4.0,1820.0,1001.0,0.0,0.40148717164993286,0.8898916840553284,1.1469529867172241,4.537467956542969,16.0
dynamic,1,1,183,0.7518725315729777,0.7079580235481262,0.043914506137371065,0.72177672068278,0.72177672068278,0.0,4.0,4.0,1830.0,1001.0,0.0,0.40148717164993286,0.8898916840553284,1.1469529867172241,4.537467956542969,16.0
dynamic,1,1,184,0.7599082136154175,0.7162125690778096,0.043695637683073676,0.7423581717411677,0.7423581717411677,0.0,4.0,4.0,1840.0,1001.0,0.0,0.40148717164993286,0.8898916840553284,1.1469529867172241,4.537467956542969,16.0
dynamic,1,1,185,0.7469045178095499,0.704743750890096,0.04216076791286469,0.696735118230184,0.696735118230184,0.0,4.0,4.0,1850.0,1001.0,0.0,0.40148717164993286,0.8898916840553284,1.1469529867172241,4.537467956542969,16.0
dynamic,1,1,186,0.7479547182718913,0.7057770307858785,0.04217768435676893,0.7000793393452962,0.7000793393452962,0.0,4.0,4.0,1860.0,1001.0,0.0,0.40148717164993286,0.8898916840553284,1.1469529867172241,4.537467956542969,16.0
dynamic,1,1,187,0.7284642243385315,0.686618463198344,0.04184575180212657,0.719778704047203,0.719778704047203,0.0,4.0,4.0,1870.0,1001.0,0.0,0.40148717164993286,0.8898916840553284,1.1469529867172241,4.537467956542969,16.0
dynamic,1,1,188,0.7332317686080932,0.6907442728678386,0.04248750239610672,0.7475191623965899,0.7475191623965899,0.0,4.0,4.0,1880.0,1001.0,0.0,0.40148717164993286,0.8898916840553284,1.1469529867172241,4.537467956542969,16.0
dynamic,1,1,189,0.7220640071233113,0.6766793918609619,0.045384620875120164,0.6745563610394796,0.6745563610394796,0.0,4.0,4.0,1890.0,1001.0,0.0,0.40148717164993286,0.8898916840553284,1.1469529867172241,4.537467956542969,16.0
dynamic,1,1,190,0.7272583317756652,0.6803196120262146,0.04693871488173803,0.7553796314199765,0.7553796314199765,0.0,4.0,4.0,1900.0,1001.0,0.0,0.40148717164993286,0.8898916840553284,1.1469529867172241,4.537467956542969,16.0
dynamic,1,1,191,0.7213742033640543,0.6751342582702636,0.046239949862162275,0.6863436478376389,0.6863436478376389,0.0,4.0,4.0,1910.0,1001.0,0.0,0.40148717164993286,0.8898916840553284,1.1469529867172241,4.537467956542969,16.0
dynamic,1,1,192,0.7231230886777242,0.6755611435572306,0.04756195346514384,0.719973639647166,0.719973639647166,0.0,4.0,4.0,1920.0,1001.0,0.0,0.40148717164993286,0.8898916840553284,1.1469529867172241,4.537467956542969,16.0
dynamic,1,1,193,0.7183147136370341,0.6704351655642191,0.047879551698764164,0.7073647663990656,0.7073647663990656,0.0,4.0,4.0,1930.0,1001.0,0.0,0.40148717164993286,0.8898916840553284,1.1469529867172241,4.537467956542969,16.0
dynamic,1,1,194,0.7124852053324382,0.6640622194608052,0.04842299103736877,0.6410342689355214,0.6410342689355214,0.0,4.0,4.0,1940.0,1001.0,0.0,0.40148717164993286,0.8898916840553284,1.1469529867172241,4.537467956542969,16.0
dynamic,1,1,195,0.7016701690355936,0.652721053759257,0.048949123471975324,0.6516190108656883,0.6516190108656883,0.0,4.0,4.0,1950.0,1001.0,0.0,0.40148717164993286,0.8898916840553284,1.1469529867172241,4.537467956542969,16.0
dynamic,1,1,196,0.6969730345408122,0.6480008808771769,0.04897215152780215,0.6477624699473381,0.6477624699473381,0.0,4.0,4.0,1960.0,1001.0,0.0,0.40148717164993286,0.8898916840553284,1.1469529867172241,4.537467956542969,16.0
dynamic,1,1,197,0.696827564239502,0.6468229953447978,0.05000456233819326,0.6431415247917175,0.6431415247917175,0.0,4.0,4.0,1970.0,1001.0,0.0,0.40148717164993286,0.8898916840553284,1.1469529867172241,4.537467956542969,16.0
dynamic,1,1,198,0.6929287338256835,0.6381677508354187,0.05476098229487737,0.6271265379587809,0.6271265379587809,0.0,4.0,4.0,1980.0,1001.0,0.0,0.40148717164993286,0.8898916840553284,1.1469529867172241,4.537467956542969,16.0
dynamic,1,1,199,0.6951522461573283,0.6404357608159383,0.0547164885699749,0.6565082329511642,0.6565082329511642,0.0,4.0,4.0,1990.0,1001.0,0.0,0.40148717164993286,0.8898916840553284,1.1469529867172241,4.537467956542969,16.0
dynamic,1,1,200,0.6932388265927633,0.6384134078025818,0.054825415263573325,0.6512696698307991,0.6512696698307991,0.0,4.0,4.0,2000.0,1001.0,0.0,0.40148717164993286,0.8898916840553284,1.1469529867172241,4.537467956542969,16.0
dynamic,1,1,201,0.6837729779879252,0.629840194384257,0.05393277496099472,0.6734603980183601,0.6734603980183601,0.0,4.0,4.0,2010.0,1001.0,0.0,0.40148717164993286,0.8898916840553284,1.1469529867172241,4.537467956542969,16.0
dynamic,1,1,202,0.7071650489171346,0.6527657874425252,0.05439925521612168,0.6549332697192828,0.6549332697192828,0.0,4.0,4.0,2020.0,1001.0,0.0,0.40148717164993286,0.8898916840553284,1.1469529867172241,4.537467956542969,16.0
dynamic,1,1,203,0.6812534340222677,0.6289606348673502,0.05229279403885206,0.6574073242147763,0.6574073242147763,0.0,4.0,4.0,2030.0,1001.0,0.0,0.40148717164993286,0.8898916840553284,1.1469529867172241,4.537467956542969,16.0
dynamic,1,1,204,0.6692482566833496,0.6182887427012126,0.050959511200586956,0.6303326221307118,0.6303326221307118,0.0,4.0,4.0,2040.0,1001.0,0.0,0.40148717164993286,0.8898916840553284,1.1469529867172241,4.537467956542969,16.0
dynamic,1,1,205,0.6787868070602417,0.6272205567359924,0.05156625866889954,0.6589190037051836,0.6589190037051836,0.0,4.0,4.0,2050.0,1001.0,0.0,0.40148717164993286,0.8898916840553284,1.1469529867172241,4.537467956542969,16.0
dynamic,1,1,206,0.6715721662839254,0.6223096140225728,0.04926255986094475,0.6266492055853208,0.6266492055853208,0.0,4.0,4.0,2060.0,1001.0,0.0,0.40148717164993286,0.8898916840553284,1.1469529867172241,4.537467956542969,16.0
dynamic,1,1,207,0.6683186054229736,0.6195255970954895,0.048793008575836815,0.6386486732959747,0.6386486732959747,0.0,4.0,4.0,2070.0,1001.0,0.0,0.40148717164993286,0.8898916840553284,1.1469529867172241,4.537467956542969,16.0
dynamic,1,1,208,0.6610001357396443,0.6131120216846466,0.047888112515211106,0.6492276346683502,0.6492276346683502,0.0,4.0,4.0,2080.0,1001.0,0.0,0.40148717164993286,0.8898916840553284,1.1469529867172241,4.537467956542969,16.0
dynamic,1,1,209,0.6660979318618775,0.6196977337201436,0.04640020395318667,0.6186359278361002,0.6186359278361002,0.0,4.0,4.0,2090.0,1001.0,0.0,0.40148717164993286,0.8898916840553284,1.1469529867172241,4.537467956542969,16.0
dynamic,1,1,210,0.6666160631179809,0.6188524429003398,0.047763620863358176,0.608343678911527,0.608343678911527,0.0,4.0,4.0,2100.0,1001.0,0.0,0.40148717164993286,0.8898916840553284,1.1469529867172241,4.537467956542969,16.0
dynamic,1,1,211,0.6511963160832723,0.6054261008898417,0.04577021459738413,0.6183035899202028,0.6183035899202028,0.0,4.0,4.0,2110.0,1001.0,0.0,0.40148717164993286,0.8898916840553284,1.1469529867172241,4.537467956542969,16.0
dynamic,1,1,212,0.6489635578791301,0.6012994201978048,0.04766413708527883,0.5946473058064778,0.5946473058064778,0.0,4.0,4.0,2120.0,1001.0,0.0,0.40148717164993286,0.8898916840553284,1.1469529867172241,4.537467956542969,16.0
dynamic,1,1,213,0.6670408217112224,0.6169480593999227,0.05009274969498317,0.6204545798897744,0.6204545798897744,0.0,4.0,4.0,2130.0,1001.0,0.0,0.40148717164993286,0.8898916840553284,1.1469529867172241,4.537467956542969,16.0
dynamic,1,1,214,0.6422696582476298,0.5943393699328104,0.0479302804172039,0.6024790079394976,0.6024790079394976,0.0,4.0,4.0,2140.0,1001.0,0.0,0.40148717164993286,0.8898916840553284,1.1469529867172241,4.537467956542969,16.0
dynamic,1,1,215,0.644846704006195,0.5968322237332662,0.048014480769634243,0.5954826198021571,0.5954826198021571,0.0,4.0,4.0,2150.0,1001.0,0.0,0.40148717164993286,0.8898916840553284,1.1469529867172241,4.537467956542969,16.0
dynamic,1,1,216,0.6381654024124146,0.5911212968826294,0.04704409718513489,0.6037594278653463,0.6037594278653463,0.0,4.0,4.0,2160.0,1001.0,0.0,0.40148717164993286,0.8898916840553284,1.1469529867172241,4.537467956542969,16.0
dynamic,1,1,217,0.6335942967732747,0.5868255154291788,0.04676877588033676,0.5984243095914523,0.5984243095914523,0.0,4.0,4.0,2170.0,1001.0,0.0,0.40148717164993286,0.8898916840553284,1.1469529867172241,4.537467956542969,16.0
dynamic,1,1,218,0.6452675875027974,0.5986746660868327,0.046592908998330435,0.5988177179296812,0.5988177179296812,0.0,4.0,4.0,2180.0,1001.0,0.0,0.40148717164993286,0.8898916840553284,1.1469529867172241,4.537467956542969,16.0
dynamic,1,1,219,0.6305913559595744,0.5851233450571696,0.045468020836512246,0.5903963043292364,0.5903963043292364,0.0,4.0,4.0,2190.0,1001.0,0.0,0.40148717164993286,0.8898916840553284,1.1469529867172241,4.537467956542969,16.0
dynamic,1,1,220,0.6371414073308309,0.5910549294948578,0.04608647127946218,0.5912255319952965,0.5912255319952965,0.0,4.0,4.0,2200.0,1001.0,0.0,0.40148717164993286,0.8898916840553284,1.1469529867172241,4.537467956542969,16.0
dynamic,1,1,221,0.6261209718386332,0.5818569183349609,0.044264053950707115,0.5947424162427585,0.5947424162427585,0.0,4.0,4.0,2210.0,1001.0,0.0,0.40148717164993286,0.8898916840553284,1.1469529867172241,4.537467956542969,16.0
dynamic,1,1,222,0.6243763442834218,0.5807772827148437,0.04359907045960426,0.5899172096451124,0.5899172096451124,0.0,4.0,4.0,2220.0,1001.0,0.0,0.40148717164993286,0.8898916840553284,1.1469529867172241,4.537467956542969,16.0
dynamic,1,1,223,0.6202287236849467,0.5761188085873922,0.04410991698503494,0.5765515730778377,0.5765515730778377,0.0,4.0,4.0,2230.0,1001.0,0.0,0.40148717164993286,0.8898916840553284,1.1469529867172241,4.537467956542969,16.0
dynamic,1,1,224,0.6232681520779928,0.5784828162193298,0.04478533610701561,0.5823075687885284,0.5823075687885284,0.0,4.0,4.0,2240.0,1001.0,0.0,0.40148717164993286,0.8898916840553284,1.1469529867172241,4.537467956542969,16.0
dynamic,1,1,225,0.6230742851893107,0.5794472432136536,0.04362703651189804,0.5721571499109268,0.5721571499109268,0.0,4.0,4.0,2250.0,1001.0,0.0,0.40148717164993286,0.8898916840553284,1.1469529867172241,4.537467956542969,16.0
dynamic,1,1,226,0.6163328854242961,0.57329727490743,0.043035603215297064,0.5713459517558416,0.5713459517558416,0.0,4.0,4.0,2260.0,1001.0,0.0,0.40148717164993286,0.8898916840553284,1.1469529867172241,4.537467956542969,16.0
dynamic,1,1,227,0.6135216013590494,0.5686354529857636,0.04488614320755005,0.5711056912938753,0.5711056912938753,0.0,4.0,4.0,2270.0,1001.0,0.0,0.40148717164993286,0.8898916840553284,1.1469529867172241,4.537467956542969,16.0
dynamic,1,1,228,0.6184081864356995,0.5731142520904541,0.045293932010730106,0.5682184450825055,0.5682184450825055,0.0,4.0,4.0,2280.0,1001.0,0.0,0.40148717164993286,0.8898916840553284,1.1469529867172241,4.537467956542969,16.0
dynamic,1,1,229,0.614885470867157,0.5696710459391277,0.045214419464270274,0.5665094394485156,0.5665094394485156,0.0,4.0,4.0,2290.0,1001.0,0.0,0.40148717164993286,0.8898916840553284,1.1469529867172241,4.537467956542969,16.0
dynamic,1,1,230,0.6085489646593729,0.5647861170768738,0.0437628535926342,0.5646197824676832,0.5646197824676832,0.0,4.0,4.0,2300.0,1001.0,0.0,0.40148717164993286,0.8898916840553284,1.1469529867172241,4.537467956542969,16.0
dynamic,1,1,231,0.6105253219604492,0.5662302374839783,0.04429507419466972,0.5654742192228636,0.5654742192228636,0.0,4.0,4.0,2310.0,1001.0,0.0,0.40148717164993286,0.8898916840553284,1.1469529867172241,4.537467956542969,16.0
dynamic,1,1,232,0.6040967877705892,0.5613967045148214,0.04270008077224096,0.561178825199604,0.561178825199604,0.0,4.0,4.0,2320.0,1001.0,0.0,0.40148717164993286,0.8898916840553284,1.1469529867172241,4.537467956542969,16.0
dynamic,1,1,233,0.6015831605593364,0.5599531626701355,0.04162999878327052,0.5600038952628772,0.5600038952628772,0.0,4.0,4.0,2330.0,1001.0,0.0,0.40148717164993286,0.8898916840553284,1.1469529867172241,4.537467956542969,16.0
dynamic,1,1,234,0.6023913701375325,0.5617265856266022,0.04066478321949641,0.5566815768678983,0.5566815768678983,0.0,4.0,4.0,2340.0,1001.0,0.0,0.40148717164993286,0.8898916840553284,1.1469529867172241,4.537467956542969,16.0
dynamic,1,1,235,0.5965853222211202,0.555623459815979,0.040961859226226804,0.556293853422006,0.556293853422006,0.0,4.0,4.0,2350.0,1001.0,0.0,0.40148717164993286,0.8898916840553284,1.1469529867172241,4.537467956542969,16.0
dynamic,1,1,236,0.6020400198300679,0.560569121837616,0.04147091140349706,0.5560652915636698,0.5560652915636698,0.0,4.0,4.0,2360.0,1001.0,0.0,0.40148717164993286,0.8898916840553284,1.1469529867172241,4.537467956542969,16.0
dynamic,1,1,237,0.5946206871668498,0.5550526364644368,0.039568051000436144,0.5520944936573505,0.5520944936573505,0.0,4.0,4.0,2370.0,1001.0,0.0,0.40148717164993286,0.8898916840553284,1.1469529867172241,4.537467956542969,16.0
dynamic,1,1,238,0.592902177174886,0.5521512977282206,0.04075087557236354,0.5523682917654514,0.5523682917654514,0.0,4.0,4.0,2380.0,1001.0,0.0,0.40148717164993286,0.8898916840553284,1.1469529867172241,4.537467956542969,16.0
dynamic,1,1,239,0.5908804074923197,0.5520507669448853,0.03882963399092356,0.5480748895307382,0.5480748895307382,0.0,4.0,4.0,2390.0,1001.0,0.0,0.40148717164993286,0.8898916840553284,1.1469529867172241,4.537467956542969,16.0
dynamic,1,1,240,0.592236355940501,0.5534136382738749,0.03882271697123845,0.546521648267905,0.546521648267905,0.0,4.0,4.0,2400.0,1001.0,0.0,0.40148717164993286,0.8898916840553284,1.1469529867172241,4.537467956542969,16.0
dynamic,1,1,241,0.5900869464874268,0.549227839310964,0.04085910161336263,0.5500195059676966,0.5500195059676966,0.0,4.0,4.0,2410.0,1001.0,0.0,0.40148717164993286,0.8898916840553284,1.1469529867172241,4.537467956542969,16.0
dynamic,1,1,242,0.5991608723004659,0.5575309729576111,0.04162989914417267,0.5406128359834353,0.5406128359834353,0.0,4.0,4.0,2420.0,1001.0,0.0,0.40148717164993286,0.8898916840553284,1.1469529867172241,4.537467956542969,16.0
dynamic,1,1,243,0.5898027086257934,0.548187526067098,0.041615179230769475,0.5477469082176686,0.5477469082176686,0.0,4.0,4.0,2430.0,1001.0,0.0,0.40148717164993286,0.8898916840553284,1.1469529867172241,4.537467956542969,16.0
dynamic,1,1,244,0.5791116587320964,0.5386128759384156,0.04049878716468811,0.5441335437695185,0.5441335437695185,0.0,4.0,4.0,2440.0,1001.0,0.0,0.40148717164993286,0.8898916840553284,1.1469529867172241,4.537467956542969,16.0
dynamic,1,1,245,0.5734248773256938,0.5348070391019185,0.03861784095565478,0.5405245705445607,0.5405245705445607,0.0,4.0,4.0,2450.0,1001.0,0.0,0.40148717164993286,0.8898916840553284,1.1469529867172241,4.537467956542969,16.0
dynamic,1,1,246,0.5743621778488159,0.5353144001960755,0.03904776558279991,0.5353893598914147,0.5353893598914147,0.0,4.0,4.0,2460.0,1001.0,0.0,0.40148717164993286,0.8898916840553284,1.1469529867172241,4.537467956542969,16.0
dynamic,1,1,247,0.5682484316825867,0.5287177435557048,0.039530688176552455,0.524296579460303,0.524296579460303,0.0,4.0,4.0,2470.0,1001.0,0.0,0.40148717164993286,0.8898916840553284,1.1469529867172241,4.537467956542969,16.0
dynamic,1,1,248,0.5615161204338074,0.5219753440221151,0.039540777057409285,0.5292791243394216,0.5292791243394216,0.0,4.0,4.0,2480.0,1001.0,0.0,0.40148717164993286,0.8898916840553284,1.1469529867172241,4.537467956542969,16.0
dynamic,1,1,249,0.5660517398516337,0.5264019831021627,0.03964976117014885,0.5101316334803899,0.5101316334803899,0.0,4.0,4.0,2490.0,1001.0,0.0,0.40148717164993286,0.8898916840553284,1.1469529867172241,4.537467956542969,16.0
dynamic,1,1,250,0.5547334440549214,0.515057179927826,0.03967626770337423,0.5056071660419306,0.5056071660419306,0.0,4.0,4.0,2500.0,1001.0,0.0,0.40148717164993286,0.8898916840553284,1.1469529867172241,4.537467956542969,16.0
dynamic,1,1,251,0.5412311124801635,0.5031502978006999,0.03808081770936648,0.5147587751845518,0.5147587751845518,0.0,4.0,4.0,2510.0,1001.0,0.0,0.40148717164993286,0.8898916840553284,1.1469529867172241,4.537467956542969,16.0
dynamic,1,1,252,0.5472119776407878,0.5070250173409779,0.04018695861101151,0.49641742075483003,0.49641742075483003,0.0,4.0,4.0,2520.0,1001.0,0.0,0.40148717164993286,0.8898916840553284,1.1469529867172241,4.537467956542969,16.0
dynamic,1,1,253,0.5363550837834676,0.499295084476471,0.03705999672412872,0.4978079080581665,0.4978079080581665,0.0,4.0,4.0,2530.0,1001.0,0.0,0.40148717164993286,0.8898916840553284,1.1469529867172241,4.537467956542969,16.0
dynamic,1,1,254,0.5316060503323873,0.4972276242574056,0.0343784228960673,0.4934817952911059,0.4934817952911059,0.0,4.0,4.0,2540.0,1001.0,0.0,0.40148717164993286,0.8898916840553284,1.1469529867172241,4.537467956542969,16.0
dynamic,1,1,255,0.528797398408254,0.49513952891031904,0.03365787357091904,0.4942043588062127,0.4942043588062127,0.0,4.0,4.0,2550.0,1001.0,0.0,0.40148717164993286,0.8898916840553284,1.1469529867172241,4.537467956542969,16.0
dynamic,1,1,256,0.5180920954545339,0.48607845187187193,0.032013647283116974,0.4753386733929316,0.4753386733929316,0.0,4.0,4.0,2560.0,1001.0,0.0,0.40148717164993286,0.8898916840553284,1.1469529867172241,4.537467956542969,16.0
dynamic,1,1,257,0.5103760759035746,0.4787106986840566,0.031665380199750265,0.47763296936949096,0.47763296936949096,0.0,4.0,4.0,2570.0,1001.0,0.0,0.40148717164993286,0.8898916840553284,1.1469529867172241,4.537467956542969,16.0
dynamic,1,1,258,0.5217459162076314,0.4900457998116811,0.03170010983943939,0.4730716632306576,0.4730716632306576,0.0,4.0,4.0,2580.0,1001.0,0.0,0.40148717164993286,0.8898916840553284,1.1469529867172241,4.537467956542969,16.0
dynamic,1,1,259,0.5037948886553446,0.4744630483786265,0.02933184042572975,0.47526902943849564,0.47526902943849564,0.0,4.0,4.0,2590.0,1001.0,0.0,0.40148717164993286,0.8898916840553284,1.1469529867172241,4.537467956542969,16.0
dynamic,1,1,260,0.5056287471453349,0.4743944756189982,0.031234267006317776,0.4713080185651779,0.4713080185651779,0.0,4.0,4.0,2600.0,1001.0,0.0,0.40148717164993286,0.8898916840553284,1.1469529867172241,4.537467956542969,16.0
dynamic,1,1,261,0.5057911602656047,0.473152668873469,0.03263849159081777,0.4703994565705458,0.4703994565705458,0.0,4.0,4.0,2610.0,1001.0,0.0,0.40148717164993286,0.8898916840553284,1.1469529867172241,4.537467956542969,16.0
dynamic,1,1,262,0.516923348903656,0.48316205143928526,0.033761294335126875,0.46857983062664665,0.46857983062664665,0.0,4.0,4.0,2620.0,1001.0,0.0,0.40148717164993286,0.8898916840553284,1.1469529867172241,4.537467956542969,16.0
dynamic,1,1,263,0.5110054699579875,0.4775059223175049,0.03349954247474671,0.4687573356926441,0.4687573356926441,0.0,4.0,4.0,2630.0,1001.0,0.0,0.40148717164993286,0.8898916840553284,1.1469529867172241,4.537467956542969,16.0
dynamic,1,1,264,0.5104295047124227,0.47639267762502036,0.034036822766065594,0.4667030255496502,0.4667030255496502,0.0,4.0,4.0,2640.0,1001.0,0.0,0.40148717164993286,0.8898916840553284,1.1469529867172241,4.537467956542969,16.0
dynamic,1,1,265,0.5021526908874512,0.46672089139620465,0.03543179879585902,0.46053646251559255,0.46053646251559255,0.0,4.0,4.0,2650.0,1001.0,0.0,0.40148717164993286,0.8898916840553284,1.1469529867172241,4.537467956542969,16.0
dynamic,1,1,266,0.4972019346555074,0.4619949464003245,0.03520698537429174,0.4562378020087878,0.4562378020087878,0.0,4.0,4.0,2660.0,1001.0,0.0,0.40148717164993286,0.8898916840553284,1.1469529867172241,4.537467956542969,16.0
dynamic,1,1,267,0.5083299366633097,0.4717116896311442,0.03661824161807696,0.46725753327210745,0.46725753327210745,0.0,4.0,4.0,2670.0,1001.0,0.0,0.40148717164993286,0.8898916840553284,1.1469529867172241,4.537467956542969,16.0
dynamic,1,1,268,0.5134469962120056,0.47515337268511454,0.0382936163743337,0.46277272497614225,0.46277272497614225,0.0,4.0,4.0,2680.0,1001.0,0.0,0.40148717164993286,0.8898916840553284,1.1469529867172241,4.537467956542969,16.0
dynamic,1,1,269,0.49870961348215737,0.46106656670570373,0.037643043249845506,0.4585262675086657,0.4585262675086657,0.0,4.0,4.0,2690.0,1001.0,0.0,0.40148717164993286,0.8898916840553284,1.1469529867172241,4.537467956542969,16.0
dynamic,1,1,270,0.4933025046189626,0.4544548181692759,0.038847686847050984,0.4483762080967426,0.4483762080967426,0.0,4.0,4.0,2700.0,1001.0,0.0,0.40148717164993286,0.8898916840553284,1.1469529867172241,4.537467956542969,16.0
dynamic,1,1,271,0.4886938571929932,0.450457645257314,0.03823621491591136,0.44248901536067325,0.44248901536067325,0.0,4.0,4.0,2710.0,1001.0,0.0,0.40148717164993286,0.8898916840553284,1.1469529867172241,4.537467956542969,16.0
dynamic,1,1,272,0.4899643389383952,0.45137569546699524,0.03858863855401675,0.44724105318387347,0.44724105318387347,0.0,4.0,4.0,2720.0,1001.0,0.0,0.40148717164993286,0.8898916840553284,1.1469529867172241,4.537467956542969,16.0
dynamic,1,1,273,0.48264543414115907,0.4459457886219025,0.03669964239001274,0.44381964653730394,0.44381964653730394,0.0,4.0,4.0,2730.0,1001.0,0.0,0.40148717164993286,0.8898916840553284,1.1469529867172241,4.537467956542969,16.0
dynamic,1,1,274,0.4882763067881266,0.4511910780270894,0.03708522722125054,0.4419938320914904,0.4419938320914904,0.0,4.0,4.0,2740.0,1001.0,0.0,0.40148717164993286,0.8898916840553284,1.1469529867172241,4.537467956542969,16.0
dynamic,1,1,275,0.4875844975312551,0.4521764608224233,0.0354080298046271,0.44052610705296197,0.44052610705296197,0.0,4.0,4.0,2750.0,1001.0,0.0,0.40148717164993286,0.8898916840553284,1.1469529867172241,4.537467956542969,16.0
dynamic,1,1,276,0.4856098580360413,0.4481232515970866,0.03748660077651342,0.46145571023225784,0.46145571023225784,0.0,4.0,4.0,2760.0,1001.0,0.0,0.40148717164993286,0.8898916840553284,1.1469529867172241,4.537467956542969,16.0
dynamic,1,1,277,0.4802892748514811,0.44238147656122845,0.03790780052542687,0.4477901291847229,0.4477901291847229,0.0,4.0,4.0,2770.0,1001.0,0.0,0.40148717164993286,0.8898916840553284,1.1469529867172241,4.537467956542969,16.0
dynamic,1,1,278,0.4735078756014506,0.4355291799704234,0.03797869940598806,0.44319609021147094,0.44319609021147094,0.0,4.0,4.0,2780.0,1001.0,0.0,0.40148717164993286,0.8898916840553284,1.1469529867172241,4.537467956542969,16.0
dynamic,1,1,279,0.4727261177698771,0.4349227766195933,0.03780334696173668,0.4346400363743305,0.4346400363743305,0.0,4.0,4.0,2790.0,1001.0,0.0,0.40148717164993286,0.8898916840553284,1.1469529867172241,4.537467956542969,16.0
dynamic,1,1,280,0.4743211269378662,0.4377603034178416,0.03656081944704056,0.43459599509835245,0.43459599509835245,0.0,4.0,4.0,2800.0,1001.0,0.0,0.40148717164993286,0.8898916840553284,1.1469529867172241,4.537467956542969,16.0
dynamic,1,1,281,0.48052326997121175,0.4429354115327199,0.037587852478027345,0.4301249793668588,0.4301249793668588,0.0,4.0,4.0,2810.0,1001.0,0.0,0.40148717164993286,0.8898916840553284,1.1469529867172241,4.537467956542969,16.0
dynamic,1,1,282,0.46441821177800496,0.4294603514671326,0.03495785906910896,0.4332050706446171,0.4332050706446171,0.0,4.0,4.0,2820.0,1001.0,0.0,0.40148717164993286,0.8898916840553284,1.1469529867172241,4.537467956542969,16.0
dynamic,1,1,283,0.46441978216171265,0.4295328378677368,0.034886947373549144,0.4288818255066872,0.4288818255066872,0.0,4.0,4.0,2830.0,1001.0,0.0,0.40148717164993286,0.8898916840553284,1.1469529867172241,4.537467956542969,16.0
dynamic,1,1,284,0.4593210291862488,0.42274275263150535,0.03657827407121658,0.4261095607280731,0.4261095607280731,0.0,4.0,4.0,2840.0,1001.0,0.0,0.40148717164993286,0.8898916840553284,1.1469529867172241,4.537467956542969,16.0
dynamic,1,1,285,0.4508920693397522,0.4146142760912577,0.03627778659264247,0.41667263463139537,0.41667263463139537,0.0,4.0,4.0,2850.0,1001.0,0.0,0.40148717164993286,0.8898916840553284,1.1469529867172241,4.537467956542969,16.0
dynamic,1,1,286,0.45388829429944355,0.41718855063120525,0.03669974019130071,0.41712080121040346,0.41712080121040346,0.0,4.0,4.0,2860.0,1001.0,0.0,0.40148717164993286,0.8898916840553284,1.1469529867172241,4.537467956542969,16.0
dynamic,1,1,287,0.45710183421770734,0.4204266993204753,0.036675136138995486,0.420144145488739,0.420144145488739,0.0,4.0,4.0,2870.0,1001.0,0.0,0.40148717164993286,0.8898916840553284,1.1469529867172241,4.537467956542969,16.0
dynamic,1,1,288,0.4504544965426127,0.4137137011686961,0.03674078931411107,0.4143500621120135,0.4143500621120135,0.0,4.0,4.0,2880.0,1001.0,0.0,0.40148717164993286,0.8898916840553284,1.1469529867172241,4.537467956542969,16.0
dynamic,1,1,289,0.44826114972432457,0.4121019713083903,0.03615917826692263,0.4075620873769124,0.4075620873769124,0.0,4.0,4.0,2890.0,1001.0,0.0,0.40148717164993286,0.8898916840553284,1.1469529867172241,4.537467956542969,16.0
dynamic,1,1,290,0.4488583246866862,0.4115198834737142,0.03733843982219696,0.4091979030271371,0.4091979030271371,0.0,4.0,4.0,2900.0,1001.0,0.0,0.40148717164993286,0.8898916840553284,1.1469529867172241,4.537467956542969,16.0
dynamic,1,1,291,0.4603246915340424,0.42113279581069946,0.03919189100464185,0.4218554816146692,0.4218554816146692,0.0,4.0,4.0,2910.0,1001.0,0.0,0.40148717164993286,0.8898916840553284,1.1469529867172241,4.537467956542969,16.0
dynamic,1,1,292,0.4697681252161662,0.42843620538711547,0.041331919928391775,0.4395750484367212,0.4395750484367212,0.0,4.0,4.0,2920.0,1001.0,0.0,0.40148717164993286,0.8898916840553284,1.1469529867172241,4.537467956542969,16.0
dynamic,1,1,293,0.4756393337249756,0.43393360058466596,0.041705735872189204,0.4257460461060206,0.4257460461060206,0.0,4.0,4.0,2930.0,1001.0,0.0,0.40148717164993286,0.8898916840553284,1.1469529867172241,4.537467956542969,16.0
dynamic,1,1,294,0.45754268805185955,0.4174342183272044,0.04010846128066381,0.407864121645689,0.407864121645689,0.0,4.0,4.0,2940.0,1001.0,0.0,0.40148717164993286,0.8898916840553284,1.1469529867172241,4.537467956542969,16.0
dynamic,1,1,295,0.45373197237650553,0.4141569991906484,0.03957498053709666,0.4144081338743369,0.4144081338743369,0.0,4.0,4.0,2950.0,1001.0,0.0,0.40148717164993286,0.8898916840553284,1.1469529867172241,4.537467956542969,16.0
dynamic,1,1,296,0.45672655701637266,0.4168663982550303,0.03986015801628431,0.4309920997917652,0.4309920997917652,0.0,4.0,4.0,2960.0,1001.0,0.0,0.40148717164993286,0.8898916840553284,1.1469529867172241,4.537467956542969,16.0
dynamic,1,1,297,0.46276708364486696,0.4231163144111633,0.03965076903502147,0.4127506387233734,0.4127506387233734,0.0,4.0,4.0,2970.0,1001.0,0.0,0.40148717164993286,0.8898916840553284,1.1469529867172241,4.537467956542969,16.0
dynamic,1,1,298,0.4615868095556895,0.42113589922587075,0.04045090506474177,0.4078472264111042,0.4078472264111042,0.0,4.0,4.0,2980.0,1001.0,0.0,0.40148717164993286,0.8898916840553284,1.1469529867172241,4.537467956542969,16.0
dynamic,1,1,299,0.4404572053750356,0.3997345046202342,0.04072270194689433,0.39656343817710876,0.39656343817710876,0.0,4.0,4.0,2990.0,1001.0,0.0,0.40148717164993286,0.8898916840553284,1.1469529867172241,4.537467956542969,16.0
dynamic,1,1,300,0.4319915994008382,0.3907650101184845,0.04122658794124921,0.40051325817902883,0.40051325817902883,0.0,4.0,4.0,3000.0,1001.0,0.0,0.40148717164993286,0.8898916840553284,1.1469529867172241,4.537467956542969,16.0
dynamic,1,1,301,0.44362356503804523,0.40314682324727374,0.04047673642635345,0.4096022136012713,0.4096022136012713,0.0,4.0,4.0,3010.0,1001.0,0.0,0.40148717164993286,0.8898916840553284,1.1469529867172241,4.537467956542969,16.0
dynamic,1,1,302,0.43330335497856143,0.3928279892603556,0.040475366115570066,0.40386768653988836,0.40386768653988836,0.0,4.0,4.0,3020.0,1001.0,0.0,0.40148717164993286,0.8898916840553284,1.1469529867172241,4.537467956542969,16.0
dynamic,1,1,303,0.4453159181276957,0.40352083325386046,0.04179508338371913,0.40229308982690176,0.40229308982690176,0.0,4.0,4.0,3030.0,1001.0,0.0,0.40148717164993286,0.8898916840553284,1.1469529867172241,4.537467956542969,16.0
dynamic,1,1,304,0.42585357904434207,0.3843602395057678,0.04149334301551183,0.39132566839456556,0.39132566839456556,0.0,4.0,4.0,3040.0,1001.0,0.0,0.40148717164993286,0.8898916840553284,1.1469529867172241,4.537467956542969,16.0
dynamic,1,1,305,0.42690669258435565,0.3857095730304718,0.04119711766640345,0.3803336909910043,0.3803336909910043,0.0,4.0,4.0,3050.0,1001.0,0.0,0.40148717164993286,0.8898916840553284,1.1469529867172241,4.537467956542969,16.0
dynamic,1,1,306,0.42107449014981585,0.378485537370046,0.04258895089228948,0.3792411698400974,0.3792411698400974,0.0,4.0,4.0,3060.0,1001.0,0.0,0.40148717164993286,0.8898916840553284,1.1469529867172241,4.537467956542969,16.0
dynamic,1,1,307,0.42116041779518126,0.3797335239251455,0.041426891883214315,0.3802074460685253,0.3802074460685253,0.0,4.0,4.0,3070.0,1001.0,0.0,0.40148717164993286,0.8898916840553284,1.1469529867172241,4.537467956542969,16.0
dynamic,1,1,308,0.4302706205844879,0.3874251357714335,0.04284548724691073,0.3914380307495594,0.3914380307495594,0.0,4.0,4.0,3080.0,1001.0,0.0,0.40148717164993286,0.8898916840553284,1.1469529867172241,4.537467956542969,16.0
dynamic,1,1,309,0.4241019252936045,0.38013298193613687,0.043968944599231084,0.3817122254272302,0.3817122254272302,0.0,4.0,4.0,3090.0,1001.0,0.0,0.40148717164993286,0.8898916840553284,1.1469529867172241,4.537467956542969,16.0
dynamic,1,1,310,0.4341616467634837,0.38944910367329916,0.04471254214644432,0.37736194491386416,0.37736194491386416,0.0,4.0,4.0,3100.0,1001.0,0.0,0.40148717164993286,0.8898916840553284,1.1469529867172241,4.537467956542969,16.0
dynamic,1,1,311,0.4347100655237834,0.3898260851701101,0.044883977770805356,0.3909154981871446,0.3909154981871446,0.0,4.0,4.0,3110.0,1001.0,0.0,0.40148717164993286,0.8898916840553284,1.1469529867172241,4.537467956542969,16.0
dynamic,1,1,312,0.42789591511090597,0.3838882156213125,0.044007698744535445,0.3958313569923242,0.3958313569923242,0.0,4.0,4.0,3120.0,1001.0,0.0,0.40148717164993286,0.8898916840553284,1.1469529867172241,4.537467956542969,16.0
dynamic,1,1,313,0.4483279303709666,0.39924962162971495,0.04907830367485682,0.3839699485401313,0.3839699485401313,0.0,4.0,4.0,3130.0,1001.0,0.0,0.40148717164993286,0.8898916840553284,1.1469529867172241,4.537467956542969,16.0
dynamic,1,1,314,0.42608933329582216,0.3803532175223033,0.045736118257045745,0.376188855667909,0.376188855667909,0.0,4.0,4.0,3140.0,1001.0,0.0,0.40148717164993286,0.8898916840553284,1.1469529867172241,4.537467956542969,16.0
dynamic,1,1,315,0.4393039000034332,0.3918679475784302,0.047435952027638756,0.40533869579434395,0.40533869579434395,0.0,4.0,4.0,3150.0,1001.0,0.0,0.40148717164993286,0.8898916840553284,1.1469529867172241,4.537467956542969,16.0
dynamic,1,1,316,0.4537268122037252,0.40527882615725197,0.04844798649350802,0.4023283458749453,0.4023283458749453,0.0,4.0,4.0,3160.0,1001.0,0.0,0.40148717164993286,0.8898916840553284,1.1469529867172241,4.537467956542969,16.0
dynamic,1,1,317,0.43015074968338013,0.3838492023944855,0.04630154917637507,0.38881513734658557,0.38881513734658557,0.0,4.0,4.0,3170.0,1001.0,0.0,0.40148717164993286,0.8898916840553284,1.1469529867172241,4.537467956542969,16.0
dynamic,1,1,318,0.448116059700648,0.3986216636498769,0.04949439853429794,0.395888689160347,0.395888689160347,0.0,4.0,4.0,3180.0,1001.0,0.0,0.40148717164993286,0.8898916840553284,1.1469529867172241,4.537467956542969,16.0
dynamic,1,1,319,0.44859741648038226,0.4003149632612864,0.048282457242409385,0.41098320444424946,0.41098320444424946,0.0,4.0,4.0,3190.0,1001.0,0.0,0.40148717164993286,0.8898916840553284,1.1469529867172241,4.537467956542969,16.0
dynamic,1,1,320,0.4628828998406728,0.40984252651532493,0.05304037461678187,0.40471928055087725,0.40471928055087725,0.0,4.0,4.0,3200.0,1001.0,0.0,0.40148717164993286,0.8898916840553284,1.1469529867172241,4.537467956542969,16.0
dynamic,1,1,321,0.47104401071866353,0.4165836977958679,0.054460318783919014,0.41636071637272837,0.41636071637272837,0.0,4.0,4.0,3210.0,1001.0,0.0,0.40148717164993286,0.8898916840553284,1.1469529867172241,4.537467956542969,16.0
dynamic,1,1,322,0.450094868739446,0.39489158113797507,0.055203287651141485,0.4047781778375308,0.4047781778375308,0.0,4.0,4.0,3220.0,1001.0,0.0,0.40148717164993286,0.8898916840553284,1.1469529867172241,4.537467956542969,16.0
dynamic,1,1,323,0.45165175120035805,0.3989749077955882,0.052676834762096406,0.3962647532920043,0.3962647532920043,0.0,4.0,4.0,3230.0,1001.0,0.0,0.40148717164993286,0.8898916840553284,1.1469529867172241,4.537467956542969,16.0
dynamic,1,1,324,0.47007542610168457,0.41830058058102926,0.051774844725926715,0.4132317751646042,0.4132317751646042,0.0,4.0,4.0,3240.0,1001.0,0.0,0.40148717164993286,0.8898916840553284,1.1469529867172241,4.537467956542969,16.0
dynamic,1,1,325,0.44978208939234415,0.3976299440860748,0.05215214133262634,0.4044318238397439,0.4044318238397439,0.0,4.0,4.0,3250.0,1001.0,0.0,0.40148717164993286,0.8898916840553284,1.1469529867172241,4.537467956542969,16.0
dynamic,1,1,326,0.4672792100906372,0.4133176799615224,0.05396152496337891,0.4064519929389159,0.4064519929389159,0.0,4.0,4.0,3260.0,1001.0,0.0,0.40148717164993286,0.8898916840553284,1.1469529867172241,4.537467956542969,16.0
dynamic,1,1,327,0.4594476771354675,0.40381018320719403,0.05563749596476555,0.442605117559433,0.442605117559433,0.0,4.0,4.0,3270.0,1001.0,0.0,0.40148717164993286,0.8898916840553284,1.1469529867172241,4.537467956542969,16.0
dynamic,1,1,328,0.43072261492411296,0.37778916239738464,0.05293345222870509,0.38422789817055064,0.38422789817055064,0.0,4.0,4.0,3280.0,1001.0,0.0,0.40148717164993286,0.8898916840553284,1.1469529867172241,4.537467956542969,16.0
dynamic,1,1,329,0.4662045649687449,0.40936309496561685,0.056841475466887156,0.4093648404876391,0.4093648404876391,0.0,4.0,4.0,3290.0,1001.0,0.0,0.40148717164993286,0.8898916840553284,1.1469529867172241,4.537467956542969,16.0
dynamic,1,1,330,0.42634525934855144,0.3724921909968058,0.05385306457678477,0.3996550282339255,0.3996550282339255,0.0,4.0,4.0,3300.0,1001.0,0.0,0.40148717164993286,0.8898916840553284,1.1469529867172241,4.537467956542969,16.0
dynamic,1,1,331,0.43073895494143166,0.3797262720266978,0.05101267938812574,0.3753061218559742,0.3753061218559742,0.0,4.0,4.0,3310.0,1001.0,0.0,0.40148717164993286,0.8898916840553284,1.1469529867172241,4.537467956542969,16.0
dynamic,1,1,332,0.4246612850824992,0.3737864037354787,0.050874878764152524,0.360623998939991,0.360623998939991,0.0,4.0,4.0,3320.0,1001.0,0.0,0.40148717164993286,0.8898916840553284,1.1469529867172241,4.537467956542969,16.0
dynamic,1,1,333,0.4080013008912404,0.3578363744417826,0.05016492808858553,0.3691073211530844,0.3691073211530844,0.0,4.0,4.0,3330.0,1001.0,0.0,0.40148717164993286,0.8898916840553284,1.1469529867172241,4.537467956542969,16.0
dynamic,1,1,334,0.4007142889499664,0.3513105003039042,0.04940378665924072,0.3329548600812753,0.3329548600812753,0.0,4.0,4.0,3340.0,1001.0,0.0,0.40148717164993286,0.8898916840553284,1.1469529867172241,4.537467956542969,16.0
dynamic,1,1,335,0.3858885431289673,0.3397182826201121,0.04617026478052139,0.377506998082002,0.377506998082002,0.0,4.0,4.0,3350.0,1001.0,0.0,0.40148717164993286,0.8898916840553284,1.1469529867172241,4.537467956542969,16.0
dynamic,1,1,336,0.39634081403414406,0.35252380013465884,0.04381701499223709,0.3310861868659655,0.3310861868659655,0.0,4.0,4.0,3360.0,1001.0,0.0,0.40148717164993286,0.8898916840553284,1.1469529867172241,4.537467956542969,16.0
dynamic,1,1,337,0.38769956946372985,0.342808221578598,0.044891350368658704,0.33634245534737905,0.33634245534737905,0.0,4.0,4.0,3370.0,1001.0,0.0,0.40148717164993286,0.8898916840553284,1.1469529867172241,4.537467956542969,16.0
dynamic,1,1,338,0.3903415167331696,0.3451200060049693,0.045221511373917264,0.33965465798974037,0.33965465798974037,0.0,4.0,4.0,3380.0,1001.0,0.0,0.40148717164993286,0.8898916840553284,1.1469529867172241,4.537467956542969,16.0
dynamic,1,1,339,0.392683451573054,0.35006673018137613,0.042616722335418064,0.3343373162051042,0.3343373162051042,0.0,4.0,4.0,3390.0,1001.0,0.0,0.40148717164993286,0.8898916840553284,1.1469529867172241,4.537467956542969,16.0
dynamic,1,1,340,0.37803395708402,0.33551432013511656,0.042519635061422985,0.3211066595713298,0.3211066595713298,0.0,4.0,4.0,3400.0,1001.0,0.0,0.40148717164993286,0.8898916840553284,1.1469529867172241,4.537467956542969,16.0
dynamic,1,1,341,0.3887817804018656,0.34513567129770917,0.04364610537886619,0.32626841028531395,0.32626841028531395,0.0,4.0,4.0,3410.0,1001.0,0.0,0.40148717164993286,0.8898916840553284,1.1469529867172241,4.537467956542969,16.0
dynamic,1,1,342,0.39095214049021404,0.34628873387972514,0.04466341301798821,0.32398766626914344,0.32398766626914344,0.0,4.0,4.0,3420.0,1001.0,0.0,0.40148717164993286,0.8898916840553284,1.1469529867172241,4.537467956542969,16.0
dynamic,1,1,343,0.3856405794620514,0.34221469203631083,0.04342589045564334,0.3382327672839165,0.3382327672839165,0.0,4.0,4.0,3430.0,1001.0,0.0,0.40148717164993286,0.8898916840553284,1.1469529867172241,4.537467956542969,16.0
dynamic,1,1,344,0.3789098580678304,0.33275775869687396,0.04615209609270096,0.3244117938975493,0.3244117938975493,0.0,4.0,4.0,3440.0,1001.0,0.0,0.40148717164993286,0.8898916840553284,1.1469529867172241,4.537467956542969,16.0
dynamic,1,1,345,0.3644914960861206,0.32108158071835835,0.04340991293390592,0.33021468222141265,0.33021468222141265,0.0,4.0,4.0,3450.0,1001.0,0.0,0.40148717164993286,0.8898916840553284,1.1469529867172241,4.537467956542969,16.0
dynamic,1,1,346,0.3808837389945984,0.3408491663138072,0.0400345711906751,0.314861680517594,0.314861680517594,0.0,4.0,4.0,3460.0,1001.0,0.0,0.40148717164993286,0.8898916840553284,1.1469529867172241,4.537467956542969,16.0
dynamic,1,1,347,0.36140719532966614,0.3224880345662435,0.038919160217046736,0.3149795530736446,0.3149795530736446,0.0,4.0,4.0,3470.0,1001.0,0.0,0.40148717164993286,0.8898916840553284,1.1469529867172241,4.537467956542969,16.0
dynamic,1,1,348,0.3675052011013031,0.3277646907170614,0.03974050680796305,0.3142117218176524,0.3142117218176524,0.0,4.0,4.0,3480.0,1001.0,0.0,0.40148717164993286,0.8898916840553284,1.1469529867172241,4.537467956542969,16.0
dynamic,1,1,349,0.36622260451316835,0.3285400482018789,0.03768255392710368,0.31862237443526586,0.31862237443526586,0.0,4.0,4.0,3490.0,1001.0,0.0,0.40148717164993286,0.8898916840553284,1.1469529867172241,4.537467956542969,16.0
dynamic,1,1,350,0.3573049060503642,0.31714911897977194,0.0401557878156503,0.3111917076011499,0.3111917076011499,0.0,4.0,4.0,3500.0,1001.0,0.0,0.40148717164993286,0.8898916840553284,1.1469529867172241,4.537467956542969,16.0
dynamic,1,1,351,0.3542312224706014,0.31442083696524303,0.039810386151075364,0.29736095105608307,0.29736095105608307,0.0,4.0,4.0,3510.0,1001.0,0.0,0.40148717164993286,0.8898916840553284,1.1469529867172241,4.537467956542969,16.0
dynamic,1,1,352,0.3522063954671224,0.3118054469426473,0.04040095180273056,0.2893041873971621,0.2893041873971621,0.0,4.0,4.0,3520.0,1001.0,0.0,0.40148717164993286,0.8898916840553284,1.1469529867172241,4.537467956542969,16.0
dynamic,1,1,353,0.3481780401865641,0.30941269715627034,0.03876535187164942,0.29003759106000265,0.29003759106000265,0.0,4.0,4.0,3530.0,1001.0,0.0,0.40148717164993286,0.8898916840553284,1.1469529867172241,4.537467956542969,16.0
dynamic,1,1,354,0.34080142855644224,0.29972667654355367,0.04107475484410922,0.2908990339934826,0.2908990339934826,0.0,4.0,4.0,3540.0,1001.0,0.0,0.40148717164993286,0.8898916840553284,1.1469529867172241,4.537467956542969,16.0
dynamic,1,1,355,0.34462806582450867,0.3013288245598475,0.04329924389719963,0.2866565191745758,0.2866565191745758,0.0,4.0,4.0,3550.0,1001.0,0.0,0.40148717164993286,0.8898916840553284,1.1469529867172241,4.537467956542969,16.0
dynamic,1,1,356,0.3492821021874746,0.3059068771203359,0.043375222931305565,0.2899981405834357,0.2899981405834357,0.0,4.0,4.0,3560.0,1001.0,0.0,0.40148717164993286,0.8898916840553284,1.1469529867172241,4.537467956542969,16.0
dynamic,1,1,357,0.35126707156499226,0.3050964391231537,0.04617063562075297,0.282498290091753,0.282498290091753,0.0,4.0,4.0,3570.0,1001.0,0.0,0.40148717164993286,0.8898916840553284,1.1469529867172241,4.537467956542969,16.0
dynamic,1,1,358,0.3493201684951782,0.30085713624954225,0.0484630353252093,0.2890907480319341,0.2890907480319341,0.0,4.0,4.0,3580.0,1001.0,0.0,0.40148717164993286,0.8898916840553284,1.1469529867172241,4.537467956542969,16.0
dynamic,1,1,359,0.3603866267204285,0.3095289425055186,0.05085768242677053,0.3070067352056503,0.3070067352056503,0.0,4.0,4.0,3590.0,1001.0,0.0,0.40148717164993286,0.8898916840553284,1.1469529867172241,4.537467956542969,16.0
dynamic,1,1,360,0.389338903427124,0.3371737325191498,0.052165169715881345,0.3136351578434308,0.3136351578434308,0.0,4.0,4.0,3600.0,1001.0,0.0,0.40148717164993286,0.8898916840553284,1.1469529867172241,4.537467956542969,16.0
dynamic,1,1,361,0.3888942150274913,0.33439775586128234,0.05449645469586054,0.3188885564605395,0.3188885564605395,0.0,4.0,4.0,3610.0,1001.0,0.0,0.40148717164993286,0.8898916840553284,1.1469529867172241,4.537467956542969,16.0
dynamic,1,1,362,0.37825672308603925,0.3249752708276113,0.05328144853313764,0.3195910125474135,0.3195910125474135,0.0,4.0,4.0,3620.0,1001.0,0.0,0.40148717164993286,0.8898916840553284,1.1469529867172241,4.537467956542969,16.0
dynamic,1,1,363,0.38898263772328695,0.33726532260576886,0.051717317352692284,0.32573986450831094,0.32573986450831094,0.0,4.0,4.0,3630.0,1001.0,0.0,0.40148717164993286,0.8898916840553284,1.1469529867172241,4.537467956542969,16.0
dynamic,1,1,364,0.4133392039934794,0.35818846980730695,0.05515073359012604,0.33967246154944103,0.33967246154944103,0.0,4.0,4.0,3640.0,1001.0,0.0,0.40148717164993286,0.8898916840553284,1.1469529867172241,4.537467956542969,16.0
dynamic,1,1,365,0.40476670662562053,0.35190450787544253,0.05286219110091527,0.32875423366824785,0.32875423366824785,0.0,4.0,4.0,3650.0,1001.0,0.0,0.40148717164993286,0.8898916840553284,1.1469529867172241,4.537467956542969,16.0
dynamic,1,1,366,0.3805375051498413,0.3295114366213481,0.051026068925857544,0.32024397537112237,0.32024397537112237,0.0,4.0,4.0,3660.0,1001.0,0.0,0.40148717164993286,0.8898916840553284,1.1469529867172241,4.537467956542969,16.0
dynamic,1,1,367,0.397285893758138,0.342358318567276,0.05492757404843966,0.32857463086644806,0.32857463086644806,0.0,4.0,4.0,3670.0,1001.0,0.0,0.40148717164993286,0.8898916840553284,1.1469529867172241,4.537467956542969,16.0
dynamic,1,1,368,0.4027618189652761,0.34835299054781593,0.05440882389744123,0.343477755288283,0.343477755288283,0.0,4.0,4.0,3680.0,1001.0,0.0,0.40148717164993286,0.8898916840553284,1.1469529867172241,4.537467956542969,16.0
dynamic,1,1,369,0.4054963068167369,0.35091021498044334,0.05458609273036321,0.3369931744535764,0.3369931744535764,0.0,4.0,4.0,3690.0,1001.0,0.0,0.40148717164993286,0.8898916840553284,1.1469529867172241,4.537467956542969,16.0
dynamic,1,1,370,0.4093938660621643,0.35243096947669983,0.056962893903255464,0.344023301055034,0.344023301055034,0.0,4.0,4.0,3700.0,1001.0,0.0,0.40148717164993286,0.8898916840553284,1.1469529867172241,4.537467956542969,16.0
dynamic,1,1,371,0.40348761796951294,0.3461851139863332,0.057302505373954774,0.34380948429306346,0.34380948429306346,0.0,4.0,4.0,3710.0,1001.0,0.0,0.40148717164993286,0.8898916840553284,1.1469529867172241,4.537467956542969,16.0
dynamic,1,1,372,0.38930946310361225,0.33408594409624737,0.05522352064649264,0.35897986963391304,0.35897986963391304,0.0,4.0,4.0,3720.0,1001.0,0.0,0.40148717164993286,0.8898916840553284,1.1469529867172241,4.537467956542969,16.0
dynamic,1,1,373,0.3939924983183543,0.3386232590675354,0.05536923751235008,0.34123846580584843,0.34123846580584843,0.0,4.0,4.0,3730.0,1001.0,0.0,0.40148717164993286,0.8898916840553284,1.1469529867172241,4.537467956542969,16.0
dynamic,1,1,374,0.4186390153566996,0.3606786060333252,0.057960407435894014,0.3342256596684456,0.3342256596684456,0.0,4.0,4.0,3740.0,1001.0,0.0,0.40148717164993286,0.8898916840553284,1.1469529867172241,4.537467956542969,16.0
dynamic,1,1,375,0.3929150911172231,0.3349045264720917,0.058010561565558116,0.37175020431478817,0.37175020431478817,0.0,4.0,4.0,3750.0,1001.0,0.0,0.40148717164993286,0.8898916840553284,1.1469529867172241,4.537467956542969,16.0
dynamic,1,1,376,0.37184441328048706,0.3181485728422801,0.05369584023952484,0.3376013791064421,0.3376013791064421,0.0,4.0,4.0,3760.0,1001.0,0.0,0.40148717164993286,0.8898916840553284,1.1469529867172241,4.537467956542969,16.0
dynamic,1,1,377,0.3867468218008677,0.3334195657571157,0.05332726086179415,0.3553613337874413,0.3553613337874413,0.0,4.0,4.0,3770.0,1001.0,0.0,0.40148717164993286,0.8898916840553284,1.1469529867172241,4.537467956542969,16.0
dynamic,1,1,378,0.39559715628623965,0.34242481787999474,0.053172337710857394,0.35411136110623675,0.35411136110623675,0.0,4.0,4.0,3780.0,1001.0,0.0,0.40148717164993286,0.8898916840553284,1.1469529867172241,4.537467956542969,16.0
dynamic,1,1,379,0.3461077650388082,0.2971154671907425,0.0489922962586085,0.3266723281145096,0.3266723281145096,0.0,4.0,4.0,3790.0,1001.0,0.0,0.40148717164993286,0.8898916840553284,1.1469529867172241,4.537467956542969,16.0
dynamic,1,1,380,0.3454513732592265,0.2998241742451986,0.045627200305461885,0.2918404332300027,0.2918404332300027,0.0,4.0,4.0,3800.0,1001.0,0.0,0.40148717164993286,0.8898916840553284,1.1469529867172241,4.537467956542969,16.0
dynamic,1,1,381,0.33810704191525776,0.2943370374043783,0.04377000575264295,0.2899658444027106,0.2899658444027106,0.0,4.0,4.0,3810.0,1001.0,0.0,0.40148717164993286,0.8898916840553284,1.1469529867172241,4.537467956542969,16.0
dynamic,1,1,382,0.3315114895502726,0.29169991970062253,0.039811569700638455,0.30373343124985697,0.30373343124985697,0.0,4.0,4.0,3820.0,1001.0,0.0,0.40148717164993286,0.8898916840553284,1.1469529867172241,4.537467956542969,16.0
dynamic,1,1,383,0.33482144435246786,0.29522287726402285,0.03959856559832891,0.2756051529943943,0.2756051529943943,0.0,4.0,4.0,3830.0,1001.0,0.0,0.40148717164993286,0.8898916840553284,1.1469529867172241,4.537467956542969,16.0
dynamic,1,1,384,0.3304912161827087,0.292654687166214,0.037836526681979496,0.2832039428750674,0.2832039428750674,0.0,4.0,4.0,3840.0,1001.0,0.0,0.40148717164993286,0.8898916840553284,1.1469529867172241,4.537467956542969,16.0
dynamic,1,1,385,0.33956522425015767,0.30307864586512245,0.0364865783850352,0.29811406895518305,0.29811406895518305,0.0,4.0,4.0,3850.0,1001.0,0.0,0.40148717164993286,0.8898916840553284,1.1469529867172241,4.537467956542969,16.0
dynamic,1,1,386,0.33899895429611204,0.304073068300883,0.03492588698863983,0.2912874178091685,0.2912874178091685,0.0,4.0,4.0,3860.0,1001.0,0.0,0.40148717164993286,0.8898916840553284,1.1469529867172241,4.537467956542969,16.0
dynamic,1,1,387,0.33027283906936644,0.2969057591756185,0.033367080489794414,0.3012354488670826,0.3012354488670826,0.0,4.0,4.0,3870.0,1001.0,0.0,0.40148717164993286,0.8898916840553284,1.1469529867172241,4.537467956542969,16.0
dynamic,1,1,388,0.33351483980814617,0.3002496314048767,0.03326520621776581,0.2836704130967458,0.2836704130967458,0.0,4.0,4.0,3880.0,1001.0,0.0,0.40148717164993286,0.8898916840553284,1.1469529867172241,4.537467956542969,16.0
dynamic,1,1,389,0.33271114508310956,0.2980392555395762,0.03467188708484173,0.27815260633826255,0.27815260633826255,0.0,4.0,4.0,3890.0,1001.0,0.0,0.40148717164993286,0.8898916840553284,1.1469529867172241,4.537467956542969,16.0
dynamic,1,1,390,0.331406512260437,0.29730653405189517,0.03409997781117757,0.2816138011713823,0.2816138011713823,0.0,4.0,4.0,3900.0,1001.0,0.0,0.40148717164993286,0.8898916840553284,1.1469529867172241,4.537467956542969,16.0
dynamic,1,1,391,0.32381338119506836,0.29084677815437315,0.03296660020947456,0.2771400934457779,0.2771400934457779,0.0,4.0,4.0,3910.0,1001.0,0.0,0.40148717164993286,0.8898916840553284,1.1469529867172241,4.537467956542969,16.0
dynamic,1,1,392,0.3091564007600148,0.2755566330750783,0.03359976758559545,0.26269876698652905,0.26269876698652905,0.0,4.0,4.0,3920.0,1001.0,0.0,0.40148717164993286,0.8898916840553284,1.1469529867172241,4.537467956542969,16.0
dynamic,1,1,393,0.32922329505284625,0.2940413169066111,0.035181980778773624,0.2683337819079558,0.2683337819079558,0.0,4.0,4.0,3930.0,1001.0,0.0,0.40148717164993286,0.8898916840553284,1.1469529867172241,4.537467956542969,16.0
dynamic,1,1,394,0.31031758109728497,0.2756411333878835,0.03467644800742467,0.2623588357369105,0.2623588357369105,0.0,4.0,4.0,3940.0,1001.0,0.0,0.40148717164993286,0.8898916840553284,1.1469529867172241,4.537467956542969,16.0
dynamic,1,1,395,0.31053827961285907,0.27607010006904603,0.0344681798418363,0.2585380739967028,0.2585380739967028,0.0,4.0,4.0,3950.0,1001.0,0.0,0.40148717164993286,0.8898916840553284,1.1469529867172241,4.537467956542969,16.0
dynamic,1,1,396,0.3057163902123769,0.27201068043708804,0.033705715040365854,0.25543838997681934,0.25543838997681934,0.0,4.0,4.0,3960.0,1001.0,0.0,0.40148717164993286,0.8898916840553284,1.1469529867172241,4.537467956542969,16.0
dynamic,1,1,397,0.3052993269761403,0.26994332631429035,0.035355997532606126,0.2524034665028254,0.2524034665028254,0.0,4.0,4.0,3970.0,1001.0,0.0,0.40148717164993286,0.8898916840553284,1.1469529867172241,4.537467956542969,16.0
dynamic,1,1,398,0.3032435901959737,0.26872579256693524,0.034517798970143,0.25339087933301924,0.25339087933301924,0.0,4.0,4.0,3980.0,1001.0,0.0,0.40148717164993286,0.8898916840553284,1.1469529867172241,4.537467956542969,16.0
dynamic,1,1,399,0.2821348090966543,0.2492983502149582,0.03283645744125048,0.2511882592737675,0.2511882592737675,0.0,4.0,4.0,3990.0,1001.0,0.0,0.40148717164993286,0.8898916840553284,1.1469529867172241,4.537467956542969,16.0
dynamic,1,1,400,0.2867111317316691,0.2529784977436066,0.03373262981573741,0.2460955816010634,0.2460955816010634,0.0,4.0,4.0,4000.0,1001.0,0.0,0.40148717164993286,0.8898916840553284,1.1469529867172241,4.537467956542969,16.0
dynamic,1,1,401,0.28557497143745425,0.2515078608194987,0.03406711282829444,0.24534457221627234,0.24534457221627234,0.0,4.0,4.0,4010.0,1001.0,0.0,0.40148717164993286,0.8898916840553284,1.1469529867172241,4.537467956542969,16.0
dynamic,1,1,402,0.29447182099024455,0.25996520817279817,0.03450661192337672,0.23635845030347505,0.23635845030347505,0.0,4.0,4.0,4020.0,1001.0,0.0,0.40148717164993286,0.8898916840553284,1.1469529867172241,4.537467956542969,16.0
dynamic,1,1,403,0.2739785234133402,0.2401285453637441,0.033849971890449526,0.23537743836641312,0.23537743836641312,0.0,4.0,4.0,4030.0,1001.0,0.0,0.40148717164993286,0.8898916840553284,1.1469529867172241,4.537467956542969,16.0
dynamic,1,1,404,0.2900691890716553,0.25351846237977343,0.03655072256922722,0.2347003369530042,0.2347003369530042,0.0,4.0,4.0,4040.0,1001.0,0.0,0.40148717164993286,0.8898916840553284,1.1469529867172241,4.537467956542969,16.0
dynamic,1,1,405,0.2869730194409688,0.25135333140691124,0.03561969260374705,0.24231092701355617,0.24231092701355617,0.0,4.0,4.0,4050.0,1001.0,0.0,0.40148717164993286,0.8898916840553284,1.1469529867172241,4.537467956542969,16.0
dynamic,1,1,406,0.2917737563451131,0.2525560140609741,0.03921774009863536,0.252787245263656,0.252787245263656,0.0,4.0,4.0,4060.0,1001.0,0.0,0.40148717164993286,0.8898916840553284,1.1469529867172241,4.537467956542969,16.0
dynamic,1,1,407,0.32450086951255797,0.2788685619831085,0.045632307132085166,0.2601544701556365,0.2601544701556365,0.0,4.0,4.0,4070.0,1001.0,0.0,0.40148717164993286,0.8898916840553284,1.1469529867172241,4.537467956542969,16.0
dynamic,1,1,408,0.3106674575805664,0.260214893023173,0.050452568630377455,0.25629516477386155,0.25629516477386155,0.0,4.0,4.0,4080.0,1001.0,0.0,0.40148717164993286,0.8898916840553284,1.1469529867172241,4.537467956542969,16.0
dynamic,1,1,409,0.30264416535695393,0.2587705365816752,0.04387363056341807,0.25297996173302334,0.25297996173302334,0.0,4.0,4.0,4090.0,1001.0,0.0,0.40148717164993286,0.8898916840553284,1.1469529867172241,4.537467956542969,16.0
dynamic,1,1,410,0.32355170567830405,0.2753562847773234,0.048195418218771616,0.26796748717625934,0.26796748717625934,0.0,4.0,4.0,4100.0,1001.0,0.0,0.40148717164993286,0.8898916840553284,1.1469529867172241,4.537467956542969,16.0
dynamic,1,1,411,0.35981702208518984,0.30885656793912253,0.05096045265595118,0.2741959885756175,0.2741959885756175,0.0,4.0,4.0,4110.0,1001.0,0.0,0.40148717164993286,0.8898916840553284,1.1469529867172241,4.537467956542969,16.0
dynamic,1,1,412,0.3456351069609324,0.29339264194170633,0.052242467055718105,0.2712996296584606,0.2712996296584606,0.0,4.0,4.0,4120.0,1001.0,0.0,0.40148717164993286,0.8898916840553284,1.1469529867172241,4.537467956542969,16.0
dynamic,1,1,413,0.3349263004461924,0.2822691869735718,0.05265711198250453,0.2800621356566747,0.2800621356566747,0.0,4.0,4.0,4130.0,1001.0,0.0,0.40148717164993286,0.8898916840553284,1.1469529867172241,4.537467956542969,16.0
dynamic,1,1,414,0.32763916015625,0.27397444486618044,0.05366471747557322,0.28833130876223245,0.28833130876223245,0.0,4.0,4.0,4140.0,1001.0,0.0,0.40148717164993286,0.8898916840553284,1.1469529867172241,4.537467956542969,16.0
dynamic,1,1,415,0.3482262655099233,0.29429248491923016,0.05393378376960754,0.29224785859386126,0.29224785859386126,0.0,4.0,4.0,4150.0,1001.0,0.0,0.40148717164993286,0.8898916840553284,1.1469529867172241,4.537467956542969,16.0
dynamic,1,1,416,0.33114662329355876,0.27929394125938417,0.0518526820341746,0.28014219184716543,0.28014219184716543,0.0,4.0,4.0,4160.0,1001.0,0.0,0.40148717164993286,0.8898916840553284,1.1469529867172241,4.537467956542969,16.0
dynamic,1,1,417,0.35945018887519836,0.30071405053138733,0.058736145148674646,0.28105945631861684,0.28105945631861684,0.0,4.0,4.0,4170.0,1001.0,0.0,0.40148717164993286,0.8898916840553284,1.1469529867172241,4.537467956542969,16.0
dynamic,1,1,418,0.32148224155108135,0.26557755629221597,0.055904680490493776,0.27701567138234773,0.27701567138234773,0.0,4.0,4.0,4180.0,1001.0,0.0,0.40148717164993286,0.8898916840553284,1.1469529867172241,4.537467956542969,16.0
dynamic,1,1,419,0.34507532358169557,0.28724140604337056,0.0578339114288489,0.292778082365791,0.292778082365791,0.0,4.0,4.0,4190.0,1001.0,0.0,0.40148717164993286,0.8898916840553284,1.1469529867172241,4.537467956542969,16.0
dynamic,1,1,420,0.32902166406313577,0.2739245621363322,0.055097101976474126,0.2741723856329918,0.2741723856329918,0.0,4.0,4.0,4200.0,1001.0,0.0,0.40148717164993286,0.8898916840553284,1.1469529867172241,4.537467956542969,16.0
dynamic,1,1,421,0.36664262692133587,0.30653358379999796,0.060109039743741356,0.33831527357300123,0.33831527357300123,0.0,4.0,4.0,4210.0,1001.0,0.0,0.40148717164993286,0.8898916840553284,1.1469529867172241,4.537467956542969,16.0
dynamic,1,1,422,0.3115019357204437,0.26033294836680093,0.051168988148371376,0.27600600046416124,0.27600600046416124,0.0,4.0,4.0,4220.0,1001.0,0.0,0.40148717164993286,0.8898916840553284,1.1469529867172241,4.537467956542969,16.0
dynamic,1,1,423,0.32619749784469604,0.27110392212867734,0.05509357889493306,0.26519367781778175,0.26519367781778175,0.0,4.0,4.0,4230.0,1001.0,0.0,0.40148717164993286,0.8898916840553284,1.1469529867172241,4.537467956542969,16.0
dynamic,1,1,424,0.3287772293885549,0.27461396853129066,0.054163259714841844,0.25225590981543067,0.25225590981543067,0.0,4.0,4.0,4240.0,1001.0,0.0,0.40148717164993286,0.8898916840553284,1.1469529867172241,4.537467956542969,16.0
dynamic,1,1,425,0.2944776666164398,0.24541645328203837,0.04906121065219243,0.24599054537713527,0.24599054537713527,0.0,4.0,4.0,4250.0,1001.0,0.0,0.40148717164993286,0.8898916840553284,1.1469529867172241,4.537467956542969,16.0
dynamic,1,1,426,0.2981126006444295,0.25224487324555717,0.045867726504802704,0.2781850569943587,0.2781850569943587,0.0,4.0,4.0,4260.0,1001.0,0.0,0.40148717164993286,0.8898916840553284,1.1469529867172241,4.537467956542969,16.0
dynamic,1,1,427,0.29471307873725894,0.2539465288321177,0.04076655129591624,0.23911530030270417,0.23911530030270417,0.0,4.0,4.0,4270.0,1001.0,0.0,0.40148717164993286,0.8898916840553284,1.1469529867172241,4.537467956542969,16.0
dynamic,1,1,428,0.28587866624196373,0.2501943397521973,0.03568432534734408,0.2676062841961781,0.2676062841961781,0.0,4.0,4.0,4280.0,1001.0,0.0,0.40148717164993286,0.8898916840553284,1.1469529867172241,4.537467956542969,16.0
dynamic,1,1,429,0.29759440739949544,0.26161943991978964,0.03597496718168259,0.23725087533394495,0.23725087533394495,0.0,4.0,4.0,4290.0,1001.0,0.0,0.40148717164993286,0.8898916840553284,1.1469529867172241,4.537467956542969,16.0
dynamic,1,1,430,0.2812733503182729,0.24669710656007132,0.034576244180401165,0.23537061750888824,0.23537061750888824,0.0,4.0,4.0,4300.0,1001.0,0.0,0.40148717164993286,0.8898916840553284,1.1469529867172241,4.537467956542969,16.0
dynamic,1,1,431,0.30821060538291933,0.2726021178563436,0.03560848921537399,0.2498380133509636,0.2498380133509636,0.0,4.0,4.0,4310.0,1001.0,0.0,0.40148717164993286,0.8898916840553284,1.1469529867172241,4.537467956542969,16.0
dynamic,1,1,432,0.28780319611231486,0.2525151707728704,0.035288026357690495,0.23030564427375794,0.23030564427375794,0.0,4.0,4.0,4320.0,1001.0,0.0,0.40148717164993286,0.8898916840553284,1.1469529867172241,4.537467956542969,16.0
dynamic,1,1,433,0.28058361530303955,0.24438510020573934,0.03619851917028427,0.23080916653076808,0.23080916653076808,0.0,4.0,4.0,4330.0,1001.0,0.0,0.40148717164993286,0.8898916840553284,1.1469529867172241,4.537467956542969,16.0
dynamic,1,1,434,0.29015440702438355,0.2527415206034978,0.03741288463274638,0.2301334734261036,0.2301334734261036,0.0,4.0,4.0,4340.0,1001.0,0.0,0.40148717164993286,0.8898916840553284,1.1469529867172241,4.537467956542969,16.0
dynamic,1,1,435,0.29584776202837626,0.2577181247870127,0.03812963555256526,0.22910507013400397,0.22910507013400397,0.0,4.0,4.0,4350.0,1001.0,0.0,0.40148717164993286,0.8898916840553284,1.1469529867172241,4.537467956542969,16.0
dynamic,1,1,436,0.27837193449338277,0.24034543911616008,0.03802649488051733,0.22507198880116144,0.22507198880116144,0.0,4.0,4.0,4360.0,1001.0,0.0,0.40148717164993286,0.8898916840553284,1.1469529867172241,4.537467956542969,16.0
dynamic,1,1,437,0.29547477841377257,0.2556730898221334,0.03980169415473938,0.22957182476917903,0.22957182476917903,0.0,4.0,4.0,4370.0,1001.0,0.0,0.40148717164993286,0.8898916840553284,1.1469529867172241,4.537467956542969,16.0
dynamic,1,1,438,0.27186492005983987,0.23455342610677082,0.03731149325768153,0.22234440570076305,0.22234440570076305,0.0,4.0,4.0,4380.0,1001.0,0.0,0.40148717164993286,0.8898916840553284,1.1469529867172241,4.537467956542969,16.0
dynamic,1,1,439,0.26060947895050046,0.22407784362634023,0.036531638304392496,0.21783265819152195,0.21783265819152195,0.0,4.0,4.0,4390.0,1001.0,0.0,0.40148717164993286,0.8898916840553284,1.1469529867172241,4.537467956542969,16.0
dynamic,1,1,440,0.26605322043100993,0.23061736583709716,0.035435859262943264,0.2226129751900832,0.2226129751900832,0.0,4.0,4.0,4400.0,1001.0,0.0,0.40148717164993286,0.8898916840553284,1.1469529867172241,4.537467956542969,16.0
dynamic,1,1,441,0.2578906524181366,0.2224750324090322,0.03541561976075172,0.206315894673268,0.206315894673268,0.0,4.0,4.0,4410.0,1001.0,0.0,0.40148717164993286,0.8898916840553284,1.1469529867172241,4.537467956542969,16.0
dynamic,1,1,442,0.24227097988128662,0.20822418391704559,0.03404679308334986,0.21449404562513033,0.21449404562513033,0.0,4.0,4.0,4420.0,1001.0,0.0,0.40148717164993286,0.8898916840553284,1.1469529867172241,4.537467956542969,16.0
dynamic,1,1,443,0.2562545092900594,0.2219039197762807,0.03435058618585269,0.2079765044649442,0.2079765044649442,0.0,4.0,4.0,4430.0,1001.0,0.0,0.40148717164993286,0.8898916840553284,1.1469529867172241,4.537467956542969,16.0
dynamic,1,1,444,0.255292622645696,0.22157203356424968,0.033720587839682896,0.2068625895678997,0.2068625895678997,0.0,4.0,4.0,4440.0,1001.0,0.0,0.40148717164993286,0.8898916840553284,1.1469529867172241,4.537467956542969,16.0
dynamic,1,1,445,0.2486299443244934,0.21461737275123596,0.03401257197062175,0.2048477314412594,0.2048477314412594,0.0,4.0,4.0,4450.0,1001.0,0.0,0.40148717164993286,0.8898916840553284,1.1469529867172241,4.537467956542969,16.0
dynamic,1,1,446,0.24759824534257252,0.21264065265655518,0.03495759402712186,0.20636701102058091,0.20636701102058091,0.0,4.0,4.0,4460.0,1001.0,0.0,0.40148717164993286,0.8898916840553284,1.1469529867172241,4.537467956542969,16.0
dynamic,1,1,447,0.24584885795911154,0.21125258167584737,0.034596271713574725,0.2017992748816808,0.2017992748816808,0.0,4.0,4.0,4470.0,1001.0,0.0,0.40148717164993286,0.8898916840553284,1.1469529867172241,4.537467956542969,16.0
dynamic,1,1,448,0.24147506952285766,0.20803342938423156,0.03344164123137792,0.2011574986577034,0.2011574986577034,0.0,4.0,4.0,4480.0,1001.0,0.0,0.40148717164993286,0.8898916840553284,1.1469529867172241,4.537467956542969,16.0
dynamic,1,1,449,0.2534011236826579,0.2187517277399699,0.03464939604202906,0.2013521855821212,0.2013521855821212,0.0,4.0,4.0,4490.0,1001.0,0.0,0.40148717164993286,0.8898916840553284,1.1469529867172241,4.537467956542969,16.0
dynamic,1,1,450,0.24174770792325337,0.2080439724524816,0.033703737159570056,0.20740573694308598,0.20740573694308598,0.0,4.0,4.0,4500.0,1001.0,0.0,0.40148717164993286,0.8898916840553284,1.1469529867172241,4.537467956542969,16.0
dynamic,1,1,451,0.25399973889191946,0.2183638979991277,0.03563583771387736,0.2150150545189778,0.2150150545189778,0.0,4.0,4.0,4510.0,1001.0,0.0,0.40148717164993286,0.8898916840553284,1.1469529867172241,4.537467956542969,16.0
dynamic,1,1,452,0.25611170510451,0.21732308049996693,0.03878862460454305,0.20189989874760308,0.20189989874760308,0.0,4.0,4.0,4520.0,1001.0,0.0,0.40148717164993286,0.8898916840553284,1.1469529867172241,4.537467956542969,16.0
dynamic,1,1,453,0.25595057805379234,0.2126764597495397,0.04327411651611328,0.19944937889774642,0.19944937889774642,0.0,4.0,4.0,4530.0,1001.0,0.0,0.40148717164993286,0.8898916840553284,1.1469529867172241,4.537467956542969,16.0
dynamic,1,1,454,0.2593975728750229,0.21835202435652415,0.041045547078053156,0.20735925575097403,0.20735925575097403,0.0,4.0,4.0,4540.0,1001.0,0.0,0.40148717164993286,0.8898916840553284,1.1469529867172241,4.537467956542969,16.0
dynamic,1,1,455,0.2559092128276825,0.21285558760166168,0.04305362746119499,0.20634230539202691,0.20634230539202691,0.0,4.0,4.0,4550.0,1001.0,0.0,0.40148717164993286,0.8898916840553284,1.1469529867172241,4.537467956542969,16.0
dynamic,1,1,456,0.283833372592926,0.23717644969622295,0.046656924337148666,0.21970043770968914,0.21970043770968914,0.0,4.0,4.0,4560.0,1001.0,0.0,0.40148717164993286,0.8898916840553284,1.1469529867172241,4.537467956542969,16.0
dynamic,1,1,457,0.292868066628774,0.2455117017030716,0.04735636442899704,0.23120866018037,0.23120866018037,0.0,4.0,4.0,4570.0,1001.0,0.0,0.40148717164993286,0.8898916840553284,1.1469529867172241,4.537467956542969,16.0
dynamic,1,1,458,0.29031707366307574,0.24167506436506908,0.048642007311185204,0.22024362777670226,0.22024362777670226,0.0,4.0,4.0,4580.0,1001.0,0.0,0.40148717164993286,0.8898916840553284,1.1469529867172241,4.537467956542969,16.0
dynamic,1,1,459,0.30192075729370116,0.24702436923980714,0.054896387259165444,0.21885550638039908,0.21885550638039908,0.0,4.0,4.0,4590.0,1001.0,0.0,0.40148717164993286,0.8898916840553284,1.1469529867172241,4.537467956542969,16.0
dynamic,1,1,460,0.29329118291536965,0.23995340089003245,0.05333777894576391,0.23404351077973842,0.23404351077973842,0.0,4.0,4.0,4600.0,1001.0,0.0,0.40148717164993286,0.8898916840553284,1.1469529867172241,4.537467956542969,16.0
dynamic,1,1,461,0.2981116720040639,0.24874366184075675,0.0493680148323377,0.2429664657264948,0.2429664657264948,0.0,4.0,4.0,4610.0,1001.0,0.0,0.40148717164993286,0.8898916840553284,1.1469529867172241,4.537467956542969,16.0
dynamic,1,1,462,0.28343354900678,0.23128349105517068,0.0521500567595164,0.22651771935323875,0.22651771935323875,0.0,4.0,4.0,4620.0,1001.0,0.0,0.40148717164993286,0.8898916840553284,1.1469529867172241,4.537467956542969,16.0
dynamic,1,1,463,0.27632143000761666,0.22791199485460917,0.048409433414538704,0.2307458732277155,0.2307458732277155,0.0,4.0,4.0,4630.0,1001.0,0.0,0.40148717164993286,0.8898916840553284,1.1469529867172241,4.537467956542969,16.0
dynamic,1,1,464,0.2714215934276581,0.2263240631421407,0.045097530980904896,0.22944601727028688,0.22944601727028688,0.0,4.0,4.0,4640.0,1001.0,0.0,0.40148717164993286,0.8898916840553284,1.1469529867172241,4.537467956542969,16.0
dynamic,1,1,465,0.28473644296328227,0.23859779973824818,0.0461386427283287,0.24580755695700646,0.24580755695700646,0.0,4.0,4.0,4650.0,1001.0,0.0,0.40148717164993286,0.8898916840553284,1.1469529867172241,4.537467956542969,16.0
dynamic,1,1,466,0.2797041404247284,0.22964973807334899,0.05005440721909205,0.2160826847702265,0.2160826847702265,0.0,4.0,4.0,4660.0,1001.0,0.0,0.40148717164993286,0.8898916840553284,1.1469529867172241,4.537467956542969,16.0
dynamic,1,1,467,0.2577543274561564,0.21238124708334605,0.04537307942907016,0.21958537764847277,0.21958537764847277,0.0,4.0,4.0,4670.0,1001.0,0.0,0.40148717164993286,0.8898916840553284,1.1469529867172241,4.537467956542969,16.0
dynamic,1,1,468,0.2528914906581243,0.21175211509068806,0.0411393770078818,0.19245782271027564,0.19245782271027564,0.0,4.0,4.0,4680.0,1001.0,0.0,0.40148717164993286,0.8898916840553284,1.1469529867172241,4.537467956542969,16.0
dynamic,1,1,469,0.24576560775438944,0.2054648027817408,0.04030079980691274,0.22792352959513665,0.22792352959513665,0.0,4.0,4.0,4690.0,1001.0,0.0,0.40148717164993286,0.8898916840553284,1.1469529867172241,4.537467956542969,16.0
dynamic,1,1,470,0.2655044655005137,0.22757181465625764,0.037932650595903394,0.20366099076966446,0.20366099076966446,0.0,4.0,4.0,4700.0,1001.0,0.0,0.40148717164993286,0.8898916840553284,1.1469529867172241,4.537467956542969,16.0
dynamic,1,1,471,0.2474752426147461,0.21104450623194376,0.03643073469400406,0.20169378442068894,0.20169378442068894,0.0,4.0,4.0,4710.0,1001.0,0.0,0.40148717164993286,0.8898916840553284,1.1469529867172241,4.537467956542969,16.0
dynamic,1,1,472,0.24944940825303397,0.21347874999046326,0.035970658585429194,0.19984342289467652,0.19984342289467652,0.0,4.0,4.0,4720.0,1001.0,0.0,0.40148717164993286,0.8898916840553284,1.1469529867172241,4.537467956542969,16.0
dynamic,1,1,473,0.24982244650522867,0.21413874586423237,0.035683701634407046,0.21184254758059978,0.21184254758059978,0.0,4.0,4.0,4730.0,1001.0,0.0,0.40148717164993286,0.8898916840553284,1.1469529867172241,4.537467956542969,16.0
dynamic,1,1,474,0.2593110235532125,0.22212695439656577,0.03718407114346822,0.2164090417077144,0.2164090417077144,0.0,4.0,4.0,4740.0,1001.0,0.0,0.40148717164993286,0.8898916840553284,1.1469529867172241,4.537467956542969,16.0
dynamic,1,1,475,0.2535198573271433,0.21616151710351308,0.037358340124289194,0.1948039921373129,0.1948039921373129,0.0,4.0,4.0,4750.0,1001.0,0.0,0.40148717164993286,0.8898916840553284,1.1469529867172241,4.537467956542969,16.0
dynamic,1,1,476,0.23858283281326295,0.2015943455696106,0.03698849022388458,0.21972151150306066,0.21972151150306066,0.0,4.0,4.0,4760.0,1001.0,0.0,0.40148717164993286,0.8898916840553284,1.1469529867172241,4.537467956542969,16.0
dynamic,1,1,477,0.2712273899714152,0.23189938485622405,0.039328004817167916,0.19518594284852345,0.19518594284852345,0.0,4.0,4.0,4770.0,1001.0,0.0,0.40148717164993286,0.8898916840553284,1.1469529867172241,4.537467956542969,16.0
dynamic,1,1,478,0.23810813109079998,0.20110244552294412,0.03700568656126658,0.19251827349265416,0.19251827349265416,0.0,4.0,4.0,4780.0,1001.0,0.0,0.40148717164993286,0.8898916840553284,1.1469529867172241,4.537467956542969,16.0
dynamic,1,1,479,0.2518766605854034,0.21439979592959085,0.03747685953974724,0.21468307214478652,0.21468307214478652,0.0,4.0,4.0,4790.0,1001.0,0.0,0.40148717164993286,0.8898916840553284,1.1469529867172241,4.537467956542969,16.0
dynamic,1,1,480,0.2424589200814565,0.2055934582153956,0.0368654598792394,0.19797085374593734,0.19797085374593734,0.0,4.0,4.0,4800.0,1001.0,0.0,0.40148717164993286,0.8898916840553284,1.1469529867172241,4.537467956542969,16.0
dynamic,1,1,481,0.23525775074958802,0.1979545952876409,0.03730315675338109,0.18829626167813937,0.18829626167813937,0.0,4.0,4.0,4810.0,1001.0,0.0,0.40148717164993286,0.8898916840553284,1.1469529867172241,4.537467956542969,16.0
dynamic,1,1,482,0.24850369811058046,0.21036793231964113,0.03813576221466065,0.1837480362256368,0.1837480362256368,0.0,4.0,4.0,4820.0,1001.0,0.0,0.40148717164993286,0.8898916840553284,1.1469529867172241,4.537467956542969,16.0
dynamic,1,1,483,0.22561734080314635,0.18878020763397216,0.0368371331691742,0.1823426951467991,0.1823426951467991,0.0,4.0,4.0,4830.0,1001.0,0.0,0.40148717164993286,0.8898916840553284,1.1469529867172241,4.537467956542969,16.0
dynamic,1,1,484,0.23087615291277566,0.19344464500745137,0.03743150929609935,0.1832357806712389,0.1832357806712389,0.0,4.0,4.0,4840.0,1001.0,0.0,0.40148717164993286,0.8898916840553284,1.1469529867172241,4.537467956542969,16.0
dynamic,1,1,485,0.22671457827091218,0.1918689970175425,0.03484557767709096,0.18099177305897077,0.18099177305897077,0.0,4.0,4.0,4850.0,1001.0,0.0,0.40148717164993286,0.8898916840553284,1.1469529867172241,4.537467956542969,16.0
dynamic,1,1,486,0.23211460471153259,0.19735484103361767,0.03475976675748825,0.1798249834527572,0.1798249834527572,0.0,4.0,4.0,4860.0,1001.0,0.0,0.40148717164993286,0.8898916840553284,1.1469529867172241,4.537467956542969,16.0
dynamic,1,1,487,0.23018401086330414,0.19587090412775676,0.03431310874720415,0.1781720930089553,0.1781720930089553,0.0,4.0,4.0,4870.0,1001.0,0.0,0.40148717164993286,0.8898916840553284,1.1469529867172241,4.537467956542969,16.0
dynamic,1,1,488,0.24066707531611126,0.20418746173381805,0.03647961010535558,0.1857065964738528,0.1857065964738528,0.0,4.0,4.0,4880.0,1001.0,0.0,0.40148717164993286,0.8898916840553284,1.1469529867172241,4.537467956542969,16.0
dynamic,1,1,489,0.2291828993956248,0.19390796343485514,0.0352749365568161,0.18291555153826872,0.18291555153826872,0.0,4.0,4.0,4890.0,1001.0,0.0,0.40148717164993286,0.8898916840553284,1.1469529867172241,4.537467956542969,16.0
dynamic,1,1,490,0.22562584559122723,0.18907141665617624,0.036554427444934846,0.18689151552816233,0.18689151552816233,0.0,4.0,4.0,4900.0,1001.0,0.0,0.40148717164993286,0.8898916840553284,1.1469529867172241,4.537467956542969,16.0
dynamic,1,1,491,0.2293158797423045,0.19232599914073945,0.03698987965782483,0.19512398379544418,0.19512398379544418,0.0,4.0,4.0,4910.0,1001.0,0.0,0.40148717164993286,0.8898916840553284,1.1469529867172241,4.537467956542969,16.0
dynamic,1,1,492,0.24268873214721678,0.20383622586727143,0.0388525061806043,0.18386893558005493,0.18386893558005493,0.0,4.0,4.0,4920.0,1001.0,0.0,0.40148717164993286,0.8898916840553284,1.1469529867172241,4.537467956542969,16.0
dynamic,1,1,493,0.23667436083157858,0.19860365092754365,0.03807070960601171,0.175329031397899,0.175329031397899,0.0,4.0,4.0,4930.0,1001.0,0.0,0.40148717164993286,0.8898916840553284,1.1469529867172241,4.537467956542969,16.0
dynamic,1,1,494,0.23827608982721965,0.2005091138680776,0.03776697834332784,0.19951843115190665,0.19951843115190665,0.0,4.0,4.0,4940.0,1001.0,0.0,0.40148717164993286,0.8898916840553284,1.1469529867172241,4.537467956542969,16.0
dynamic,1,1,495,0.2421051263809204,0.20200641989707946,0.04009870578845342,0.19179091160496076,0.19179091160496076,0.0,4.0,4.0,4950.0,1001.0,0.0,0.40148717164993286,0.8898916840553284,1.1469529867172241,4.537467956542969,16.0
dynamic,1,1,496,0.23517460823059083,0.19366906046867371,0.0415055488049984,0.19206128768622877,0.19206128768622877,0.0,4.0,4.0,4960.0,1001.0,0.0,0.40148717164993286,0.8898916840553284,1.1469529867172241,4.537467956542969,16.0
dynamic,1,1,497,0.24012592514355977,0.1995475216706594,0.040578402280807495,0.20649814593295257,0.20649814593295257,0.0,4.0,4.0,4970.0,1001.0,0.0,0.40148717164993286,0.8898916840553284,1.1469529867172241,4.537467956542969,16.0
dynamic,1,1,498,0.24927210768063862,0.20895774324735006,0.040314360459645586,0.1906540049612522,0.1906540049612522,0.0,4.0,4.0,4980.0,1001.0,0.0,0.40148717164993286,0.8898916840553284,1.1469529867172241,4.537467956542969,16.0
dynamic,1,1,499,0.242057244181633,0.20067449331283568,0.041382751117149986,0.17945529063542684,0.17945529063542684,0.0,4.0,4.0,4990.0,1001.0,0.0,0.40148717164993286,0.8898916840553284,1.1469529867172241,4.537467956542969,16.0
dynamic,1,1,500,0.23499528328577676,0.19715928236643473,0.037835998634497325,0.18469837183753648,0.18469837183753648,0.0,4.0,4.0,5000.0,1001.0,0.0,0.40148717164993286,0.8898916840553284,1.1469529867172241,4.537467956542969,16.0
dynamic,1,2,1,4.122072789764404,4.027306615829468,0.09476620979309082,3.705882189178467,3.705882189178467,0.0,1.0,1.0,10.0,0.0,0.0,,,,,
dynamic,1,2,2,3.6307181095123293,3.454945802307129,0.17577233071327208,3.2019710166931152,3.2019710166931152,0.0,1.0,1.0,20.0,0.0,0.0,,,,,
dynamic,1,2,3,3.3480373302459716,3.0178769081115724,0.3301604856014252,2.8108718910217285,2.8108718910217285,0.0,1.0,1.0,30.0,0.0,0.0,,,,,
dynamic,1,2,4,3.0782070995330812,2.6620338333129885,0.41617330284118653,2.5023213142395018,2.5023213142395018,0.0,1.0,1.0,40.0,0.0,0.0,,,,,
dynamic,1,2,5,2.6959757606506347,2.388663860702515,0.3073118854045868,2.2575283184051513,2.2575283184051513,0.0,1.0,1.0,50.0,0.0,0.0,,,,,
dynamic,1,2,6,2.487520967102051,2.162523511314392,0.3249974168300629,2.0575934825897217,2.0575934825897217,0.0,1.0,1.0,60.0,0.0,0.0,,,,,
dynamic,1,2,7,2.260559563446045,1.9787676973342896,0.28179187455177307,1.8942942291259766,1.8942942291259766,0.0,1.0,1.0,70.0,0.0,0.0,,,,,
dynamic,1,2,8,1.9926827825546265,1.828071220779419,0.16461156706809998,1.7569582431793214,1.7569582431793214,0.0,1.0,1.0,80.0,0.0,0.0,,,,,
dynamic,1,2,9,1.8484824476242065,1.7028344793319703,0.14564799863100053,1.642758659362793,1.642758659362793,0.0,1.0,1.0,90.0,0.0,0.0,,,,,
dynamic,1,2,10,1.7203350395202637,1.5990791772842408,0.12125583202838898,1.5472148971557618,1.5472148971557618,0.0,1.0,1.0,100.0,0.0,0.0,,,,,
dynamic,1,2,11,1.6080878553390503,1.5072959560394288,0.10079188704490662,1.4661657861709594,1.4661657861709594,0.0,1.0,1.0,110.0,0.0,0.0,,,,,
dynamic,1,2,12,1.517314113998413,1.4348021478652955,0.08251196061372756,1.3976630170822144,1.3976630170822144,0.0,1.0,1.0,120.0,0.0,0.0,,,,,
dynamic,1,2,13,1.443826318359375,1.3666741165161134,0.07715222589969635,1.339623966217041,1.339623966217041,0.0,1.0,1.0,130.0,0.0,0.0,,,,,
dynamic,1,2,14,1.3594889083862305,1.313471947479248,0.04601696889400482,1.289924361038208,1.289924361038208,0.0,1.0,1.0,140.0,0.0,0.0,,,,,
dynamic,1,2,15,1.317807851409912,1.2646905780792237,0.0531172580242157,1.2461253368377685,1.2461253368377685,0.0,1.0,1.0,150.0,0.0,0.0,,,,,
dynamic,1,2,16,1.2654643602371216,1.2262186344146728,0.03924572676420212,1.2080477674484253,1.2080477674484253,0.0,1.0,1.0,160.0,0.0,0.0,,,,,
dynamic,1,2,17,1.2261026920318603,1.1904343984603882,0.035668284901976585,1.1747476877212524,1.1747476877212524,0.0,1.0,1.0,170.0,0.0,0.0,,,,,
dynamic,1,2,18,1.189814536857605,1.1594407493591308,0.030373783499002455,1.145486844444275,1.145486844444275,0.0,1.0,1.0,180.0,0.0,0.0,,,,,
dynamic,1,2,19,1.154292253112793,1.1283446193695068,0.025947620704770087,1.1195896703720092,1.1195896703720092,0.0,1.0,1.0,190.0,0.0,0.0,,,,,
dynamic,1,2,20,1.137926699066162,1.1113135293960572,0.026613176837563514,1.0953603267669678,1.0953603267669678,0.0,1.0,1.0,200.0,0.0,0.0,,,,,
dynamic,1,2,21,1.1074162981033324,1.085659316444397,0.02175698207318783,1.0737791767120362,1.0737791767120362,0.0,1.0,1.0,210.0,201.0,0.0,0.08929981291294098,0.21876853704452515,0.35932016372680664,1.8986599445343018,4.0
dynamic,1,2,22,1.0847647794723512,1.061601659679413,0.023163117219507694,1.0547037702560424,1.0547037702560424,0.0,1.0,1.0,220.0,201.0,0.0,0.08929981291294098,0.21876853704452515,0.35932016372680664,1.8986599445343018,4.0
dynamic,1,2,23,1.063007269859314,1.0421478160858155,0.020859440732002257,1.0375572700500488,1.0375572700500488,0.0,1.0,1.0,230.0,201.0,0.0,0.08929981291294098,0.21876853704452515,0.35932016372680664,1.8986599445343018,4.0
dynamic,1,2,24,1.0426012006759644,1.0243881195068358,0.018213073495030402,1.0218179454803467,1.0218179454803467,0.0,1.0,1.0,240.0,201.0,0.0,0.08929981291294098,0.21876853704452515,0.35932016372680664,1.8986599445343018,4.0
dynamic,1,2,25,1.0367503883361817,1.012757532119751,0.023992856121063232,1.0075362329483033,1.0075362329483033,0.0,1.0,1.0,250.0,201.0,0.0,0.08929981291294098,0.21876853704452515,0.35932016372680664,1.8986599445343018,4.0
dynamic,1,2,26,1.0178253757476807,1.00014151096344,0.017683869114518167,0.9943904609680175,0.9943904609680175,0.0,1.0,1.0,260.0,201.0,0.0,0.08929981291294098,0.21876853704452515,0.35932016372680664,1.8986599445343018,4.0
dynamic,1,2,27,1.007447487640381,0.9885890957832336,0.018858394956588746,0.9824059215545654,0.9824059215545654,0.0,1.0,1.0,270.0,201.0,0.0,0.08929981291294098,0.21876853704452515,0.35932016372680664,1.8986599445343018,4.0
dynamic,1,2,28,0.9914381799697876,0.9750977892875672,0.016340392145514488,0.9713131052017212,0.9713131052017212,0.0,1.0,1.0,280.0,201.0,0.0,0.08929981291294098,0.21876853704452515,0.35932016372680664,1.8986599445343018,4.0
dynamic,1,2,29,0.9811112328529358,0.9646684494972229,0.01644277805387974,0.9611645097732544,0.9611645097732544,0.0,1.0,1.0,290.0,201.0,0.0,0.08929981291294098,0.21876853704452515,0.35932016372680664,1.8986599445343018,4.0
dynamic,1,2,30,0.9720627432823181,0.9535884227752686,0.018474319925904273,0.9516057849884033,0.9516057849884033,0.0,1.0,1.0,300.0,201.0,0.0,0.08929981291294098,0.21876853704452515,0.35932016372680664,1.8986599445343018,4.0
dynamic,1,2,31,0.960767288017273,0.9433836874008179,0.017383592501282692,0.9425456085205078,0.9425456085205078,0.0,1.0,1.0,310.0,301.0,0.0,0.08121435344219208,0.2151743471622467,0.34601569175720215,2.0532608032226562,3.0
dynamic,1,2,32,0.9555363451004029,0.9368129388809204,0.018723395937681197,0.9340197841644287,0.9340197841644287,0.0,1.0,1.0,320.0,301.0,0.0,0.08121435344219208,0.2151743471622467,0.34601569175720215,2.0532608032226562,3.0
dynamic,1,2,33,0.9492342762947082,0.9303535461425781,0.018880724656581877,0.9256697761535645,0.9256697761535645,0.0,1.0,1.0,330.0,301.0,0.0,0.08121435344219208,0.2151743471622467,0.34601569175720215,2.0532608032226562,3.0
dynamic,1,2,34,0.9388320219993591,0.9184476202011108,0.02038440300822258,0.9179352071762085,0.9179352071762085,0.0,1.0,1.0,340.0,301.0,0.0,0.08121435344219208,0.2151743471622467,0.34601569175720215,2.0532608032226562,3.0
dynamic,1,2,35,0.9242090487480163,0.9096323327064514,0.014576721058785916,0.9106802089691162,0.9106802089691162,0.0,1.0,1.0,350.0,301.0,0.0,0.08121435344219208,0.2151743471622467,0.34601569175720215,2.0532608032226562,3.0
dynamic,1,2,36,0.9219180498123168,0.9071694116592407,0.014748630878329278,0.9036656744003296,0.9036656744003296,0.0,1.0,1.0,360.0,301.0,0.0,0.08121435344219208,0.2151743471622467,0.34601569175720215,2.0532608032226562,3.0
dynamic,1,2,37,0.9154236705780029,0.901993384552002,0.013430280002951623,0.8970571762084961,0.8970571762084961,0.0,1.0,1.0,370.0,301.0,0.0,0.08121435344219208,0.2151743471622467,0.34601569175720215,2.0532608032226562,3.0
dynamic,1,2,38,0.9048838564872742,0.8914499031066895,0.013433945351839066,0.890793703842163,0.890793703842163,0.0,1.0,1.0,380.0,301.0,0.0,0.08121435344219208,0.2151743471622467,0.34601569175720215,2.0532608032226562,3.0
dynamic,1,2,39,0.8997021835327148,0.8864878803253173,0.013214294989407063,0.8849453439712525,0.8849453439712525,0.0,1.0,1.0,390.0,301.0,0.0,0.08121435344219208,0.2151743471622467,0.34601569175720215,2.0532608032226562,3.0
dynamic,1,2,40,0.8967970423698425,0.8843049155235291,0.012492128279805184,0.8794770273208619,0.8794770273208619,0.0,1.0,1.0,400.0,301.0,0.0,0.08121435344219208,0.2151743471622467,0.34601569175720215,2.0532608032226562,3.0
dynamic,1,2,41,0.8905040717124939,0.8762209362983704,0.014283126984536649,0.8741316743850708,0.8741316743850708,0.0,1.0,1.0,410.0,401.0,0.0,0.05052601546049118,0.09991800785064697,0.1465471386909485,1.3778523206710815,1.0
dynamic,1,2,42,0.886476847076416,0.872070687675476,0.014406167177855969,0.8690864948272705,0.8690864948272705,0.0,1.0,1.0,420.0,401.0,0.0,0.05052601546049118,0.09991800785064697,0.1465471386909485,1.3778523206710815,1.0
dynamic,1,2,43,0.8813396470069885,0.8651826171875,0.01615702748000622,0.8642113128662109,0.8642113128662109,0.0,1.0,1.0,430.0,401.0,0.0,0.05052601546049118,0.09991800785064697,0.1465471386909485,1.3778523206710815,1.0
dynamic,1,2,44,0.8748811966896057,0.8601519746780395,0.014729231126606464,0.8596774709701538,0.8596774709701538,0.0,1.0,1.0,440.0,401.0,0.0,0.05052601546049118,0.09991800785064697,0.1465471386909485,1.3778523206710815,1.0
dynamic,1,2,45,0.8731154909133911,0.8569755814552307,0.016139904353022577,0.855338956451416,0.855338956451416,0.0,1.0,1.0,450.0,401.0,0.0,0.05052601546049118,0.09991800785064697,0.1465471386909485,1.3778523206710815,1.0
dynamic,1,2,46,0.8760106171607971,0.8592754369735718,0.016735171031951903,0.8512409078598022,0.8512409078598022,0.0,1.0,1.0,460.0,401.0,0.0,0.05052601546049118,0.09991800785064697,0.1465471386909485,1.3778523206710815,1.0
dynamic,1,2,47,0.8654355375289917,0.8496227101325988,0.01581283468455076,0.8473199851989746,0.8473199851989746,0.0,1.0,1.0,470.0,401.0,0.0,0.05052601546049118,0.09991800785064697,0.1465471386909485,1.3778523206710815,1.0
dynamic,1,2,48,0.8597930295944214,0.8456711957931519,0.01412183730751276,0.8434410688400269,0.8434410688400269,0.0,1.0,1.0,480.0,401.0,0.0,0.05052601546049118,0.09991800785064697,0.1465471386909485,1.3778523206710815,1.0
dynamic,1,2,49,0.8555247282028198,0.8388815903663636,0.01664313694834709,0.8398556316375733,0.8398556316375733,0.0,1.0,1.0,490.0,401.0,0.0,0.05052601546049118,0.09991800785064697,0.1465471386909485,1.3778523206710815,1.0
dynamic,1,2,50,0.8552390461921692,0.8387777265548706,0.016461315363645555,0.83647138671875,0.83647138671875,0.0,1.0,1.0,500.0,401.0,0.0,0.05052601546049118,0.09991800785064697,0.1465471386909485,1.3778523206710815,1.0
dynamic,1,2,51,0.8578154545783997,0.8395012881278991,0.018314175620675086,0.8331214597702027,0.8331214597702027,0.0,1.0,1.0,510.0,501.0,0.0,0.05717703700065613,0.13379651308059692,0.16985532641410828,1.079376220703125,1.0
dynamic,1,2,52,0.853704126548767,0.8345810486793518,0.019123078987002374,0.8298254686355591,0.8298254686355591,0.0,1.0,1.0,520.0,501.0,0.0,0.05717703700065613,0.13379651308059692,0.16985532641410828,1.079376220703125,1.0
dynamic,1,2,53,0.849387511253357,0.829810012626648,0.019577501963078975,0.8266852270126342,0.8266852270126342,0.0,1.0,1.0,530.0,501.0,0.0,0.05717703700065613,0.13379651308059692,0.16985532641410828,1.079376220703125,1.0
dynamic,1,2,54,0.845037760734558,0.8274602427482605,0.01757752381414175,0.8236201009750366,0.8236201009750366,0.0,1.0,1.0,540.0,501.0,0.0,0.05717703700065613,0.13379651308059692,0.16985532641410828,1.079376220703125,1.0
dynamic,1,2,55,0.8447184414863587,0.8227612658500671,0.021957175233960152,0.8207014139175415,0.8207014139175415,0.0,1.0,1.0,550.0,501.0,0.0,0.05717703700065613,0.13379651308059692,0.16985532641410828,1.079376220703125,1.0
dynamic,1,2,56,0.8400939136505127,0.8198484239578248,0.020245483934879304,0.8179350765228272,0.8179350765228272,0.0,1.0,1.0,560.0,501.0,0.0,0.05717703700065613,0.13379651308059692,0.16985532641410828,1.079376220703125,1.0
dynamic,1,2,57,0.839450546169281,0.8184108642578125,0.02103968098163605,0.8151753438949585,0.8151753438949585,0.0,1.0,1.0,570.0,501.0,0.0,0.05717703700065613,0.13379651308059692,0.16985532641410828,1.079376220703125,1.0
dynamic,1,2,58,0.8361635193824768,0.8153350173950196,0.02082849751114845,0.8124869800567627,0.8124869800567627,0.0,1.0,1.0,580.0,501.0,0.0,0.05717703700065613,0.13379651308059692,0.16985532641410828,1.079376220703125,1.0
dynamic,1,2,59,0.8334699458122253,0.8119476362228394,0.02152230269908905,0.8098685802459716,0.8098685802459716,0.0,1.0,1.0,590.0,501.0,0.0,0.05717703700065613,0.13379651308059692,0.16985532641410828,1.079376220703125,1.0
dynamic,1,2,60,0.8337468877792359,0.8117742820739746,0.021972602385282515,0.8074141859054565,0.8074141859054565,0.0,1.0,1.0,600.0,501.0,0.0,0.05717703700065613,0.13379651308059692,0.16985532641410828,1.079376220703125,1.0
dynamic,1,2,61,0.832701417541504,0.8068279744148255,0.025873439601063728,0.8051361331939697,0.8051361331939697,0.0,1.0,1.0,610.0,601.0,0.0,0.11515983939170837,0.34268489480018616,0.4983803629875183,1.0421216487884521,2.0
dynamic,1,2,62,0.8342500126838684,0.8089821610450745,0.02526785996556282,0.8029380586624145,0.8029380586624145,0.0,1.0,1.0,620.0,601.0,0.0,0.11515983939170837,0.34268489480018616,0.4983803629875183,1.0421216487884521,2.0
dynamic,1,2,63,0.8268379382133484,0.8038784010887146,0.022959538742899896,0.8008924852371215,0.8008924852371215,0.0,1.0,1.0,630.0,601.0,0.0,0.11515983939170837,0.34268489480018616,0.4983803629875183,1.0421216487884521,2.0
dynamic,1,2,64,0.8274845518112183,0.8020214549064636,0.02546310088932514,0.7987205642700196,0.7987205642700196,0.0,1.0,1.0,640.0,601.0,0.0,0.11515983939170837,0.34268489480018616,0.4983803629875183,1.0421216487884521,2.0
dynamic,1,2,65,0.8265376309394836,0.7999414803504944,0.026596154043078423,0.7967308404922485,0.7967308404922485,0.0,1.0,1.0,650.0,601.0,0.0,0.11515983939170837,0.34268489480018616,0.4983803629875183,1.0421216487884521,2.0
dynamic,1,2,66,0.8302196497917176,0.8007119080543518,0.029507740995287895,0.7948031770706177,0.7948031770706177,0.0,1.0,1.0,660.0,601.0,0.0,0.11515983939170837,0.34268489480018616,0.4983803629875183,1.0421216487884521,2.0
dynamic,1,2,67,0.8217265137672425,0.797334788608551,0.024391726911067963,0.79302696018219,0.79302696018219,0.0,1.0,1.0,670.0,601.0,0.0,0.11515983939170837,0.34268489480018616,0.4983803629875183,1.0421216487884521,2.0
dynamic,1,2,68,0.815243199634552,0.7923461617469788,0.02289703993201256,0.7911793159484863,0.7911793159484863,0.0,1.0,1.0,680.0,601.0,0.0,0.11515983939170837,0.34268489480018616,0.4983803629875183,1.0421216487884521,2.0
dynamic,1,2,69,0.8182546188354493,0.7918148948669433,0.02643972126543522,0.7891549837112427,0.7891549837112427,0.0,1.0,1.0,690.0,601.0,0.0,0.11515983939170837,0.34268489480018616,0.4983803629875183,1.0421216487884521,2.0
dynamic,1,2,70,0.818180230998993,0.7947320964813233,0.023448140320181846,0.7871494104385376,0.7871494104385376,0.0,1.0,1.0,700.0,601.0,0.0,0.11515983939170837,0.34268489480018616,0.4983803629875183,1.0421216487884521,2.0
dynamic,1,2,71,0.8177778219223022,0.791681252193451,0.026096565914154053,0.7853918909072876,0.7853918909072876,0.0,1.0,1.0,710.0,701.0,0.0,0.11887392401695251,0.3496638238430023,0.49472862482070923,1.686894178390503,2.0
dynamic,1,2,72,0.8198154914855957,0.7884129940032959,0.03140250213742256,0.7836028388977051,0.7836028388977051,0.0,1.0,1.0,720.0,701.0,0.0,0.11887392401695251,0.3496638238430023,0.49472862482070923,1.686894178390503,2.0
dynamic,1,2,73,0.8133718317985534,0.7846450226783752,0.02872681015431881,0.7818298387527466,0.7818298387527466,0.0,1.0,1.0,730.0,701.0,0.0,0.11887392401695251,0.3496638238430023,0.49472862482070923,1.686894178390503,2.0
dynamic,1,2,74,0.819109003162384,0.7878044193267822,0.031304575330019,0.7801785585403442,0.7801785585403442,0.0,1.0,1.0,740.0,701.0,0.0,0.11887392401695251,0.3496638238430023,0.49472862482070923,1.686894178390503,2.0
dynamic,1,2,75,0.8168144430160522,0.7865629673004151,0.030251475930213927,0.7784966590881348,0.7784966590881348,0.0,1.0,1.0,750.0,701.0,0.0,0.11887392401695251,0.3496638238430023,0.49472862482070923,1.686894178390503,2.0
dynamic,1,2,76,0.8091183430671692,0.7813725850105285,0.027745746165513993,0.7768068891525268,0.7768068891525268,0.0,1.0,1.0,760.0,701.0,0.0,0.11887392401695251,0.3496638238430023,0.49472862482070923,1.686894178390503,2.0
dynamic,1,2,77,0.8116290548324585,0.7829255749702454,0.028703483936190606,0.775379575920105,0.775379575920105,0.0,1.0,1.0,770.0,701.0,0.0,0.11887392401695251,0.3496638238430023,0.49472862482070923,1.686894178390503,2.0
dynamic,1,2,78,0.8134713142395019,0.7755929865837097,0.03787832085490227,0.7738193647384644,0.7738193647384644,0.0,1.0,1.0,780.0,701.0,0.0,0.11887392401695251,0.3496638238430023,0.49472862482070923,1.686894178390503,2.0
dynamic,1,2,79,0.8059315117835999,0.7727107847213746,0.03322073022723198,0.7724137392044067,0.7724137392044067,0.0,1.0,1.0,790.0,701.0,0.0,0.11887392401695251,0.3496638238430023,0.49472862482070923,1.686894178390503,2.0
dynamic,1,2,80,0.8046089252471924,0.7764788187980652,0.028130102151632308,0.7710602430343628,0.7710602430343628,0.0,1.0,1.0,800.0,701.0,0.0,0.11887392401695251,0.3496638238430023,0.49472862482070923,1.686894178390503,2.0
dynamic,1,2,81,0.8019334849357604,0.772167172050476,0.029766303145885468,0.7697016742706299,0.7697016742706299,0.0,1.0,1.0,810.0,801.0,0.0,0.11418336629867554,0.29618537425994873,0.4885336756706238,1.4637157917022705,3.0
dynamic,1,2,82,0.8060043794631958,0.7713691007614136,0.03463527958989143,0.7683474468231202,0.7683474468231202,0.0,1.0,1.0,820.0,801.0,0.0,0.11418336629867554,0.29618537425994873,0.4885336756706238,1.4637157917022705,3.0
dynamic,1,2,83,0.8060650504112243,0.7733526302337647,0.03271242800951004,0.7670985111236572,0.7670985111236572,0.0,1.0,1.0,830.0,801.0,0.0,0.11418336629867554,0.29618537425994873,0.4885336756706238,1.4637157917022705,3.0
dynamic,1,2,84,0.8026159887313843,0.7699168334960937,0.03269915659427643,0.7658335485458374,0.7658335485458374,0.0,1.0,1.0,840.0,801.0,0.0,0.11418336629867554,0.29618537425994873,0.4885336756706238,1.4637157917022705,3.0
dynamic,1,2,85,0.8037570608139039,0.7701883182525635,0.03356873671412468,0.7646615036010742,0.7646615036010742,0.0,1.0,1.0,850.0,801.0,0.0,0.11418336629867554,0.29618537425994873,0.4885336756706238,1.4637157917022705,3.0
dynamic,1,2,86,0.8006382389068604,0.7686631943702698,0.031975039553642275,0.7634941463470459,0.7634941463470459,0.0,1.0,1.0,860.0,801.0,0.0,0.11418336629867554,0.29618537425994873,0.4885336756706238,1.4637157917022705,3.0
dynamic,1,2,87,0.8032556781768799,0.7668995789527893,0.03635609004497528,0.7623216333389282,0.7623216333389282,0.0,1.0,1.0,870.0,801.0,0.0,0.11418336629867554,0.29618537425994873,0.4885336756706238,1.4637157917022705,3.0
dynamic,1,2,88,0.7993567597389222,0.7646412958145141,0.03471545721292496,0.7612165006637573,0.7612165006637573,0.0,1.0,1.0,880.0,801.0,0.0,0.11418336629867554,0.29618537425994873,0.4885336756706238,1.4637157917022705,3.0
dynamic,1,2,89,0.7971524786949158,0.7610604235649109,0.0360920513510704,0.7602029207229615,0.7602029207229615,0.0,1.0,1.0,890.0,801.0,0.0,0.11418336629867554,0.29618537425994873,0.4885336756706238,1.4637157917022705,3.0
dynamic,1,2,90,0.803487948513031,0.7644194727897644,0.0390684717297554,0.75913489818573,0.75913489818573,0.0,1.0,1.0,900.0,801.0,0.0,0.11418336629867554,0.29618537425994873,0.4885336756706238,1.4637157917022705,3.0
dynamic,1,2,91,0.8015623135566712,0.7638890823364258,0.03767323722243309,0.7582808654785156,0.7582808654785156,0.0,1.0,1.0,910.0,901.0,0.0,0.14664292335510254,0.3535674810409546,0.5186929702758789,2.7640113830566406,4.0
dynamic,1,2,92,0.8003417078018189,0.7606536815643311,0.039688016498088834,0.7572623931884765,0.7572623931884765,0.0,1.0,1.0,920.0,901.0,0.0,0.14664292335510254,0.3535674810409546,0.5186929702758789,2.7640113830566406,4.0
dynamic,1,2,93,0.80049294090271,0.7611923686981201,0.039300588876008985,0.7562948505401611,0.7562948505401611,0.0,1.0,1.0,930.0,901.0,0.0,0.14664292335510254,0.3535674810409546,0.5186929702758789,2.7640113830566406,4.0
dynamic,1,2,94,0.8011661127090454,0.7587352543830872,0.04243085785508156,0.7552860061645508,0.7552860061645508,0.0,1.0,1.0,940.0,901.0,0.0,0.14664292335510254,0.3535674810409546,0.5186929702758789,2.7640113830566406,4.0
dynamic,1,2,95,0.8036468240737915,0.7627544399261474,0.04089237669706344,0.7544561094284058,0.7544561094284058,0.0,1.0,1.0,950.0,901.0,0.0,0.14664292335510254,0.3535674810409546,0.5186929702758789,2.7640113830566406,4.0
dynamic,1,2,96,0.8001575356483459,0.7553282026290894,0.044829334139823915,0.7536427639007568,0.7536427639007568,0.0,1.0,1.0,960.0,901.0,0.0,0.14664292335510254,0.3535674810409546,0.5186929702758789,2.7640113830566406,4.0
dynamic,1,2,97,0.8065212176322937,0.7608852079391479,0.04563601297140121,0.7527817462921143,0.7527817462921143,0.0,1.0,1.0,970.0,901.0,0.0,0.14664292335510254,0.3535674810409546,0.5186929702758789,2.7640113830566406,4.0
dynamic,1,2,98,0.7953601408004761,0.7536575772285461,0.0417025720000267,0.7518861839294434,0.7518861839294434,0.0,1.0,1.0,980.0,901.0,0.0,0.14664292335510254,0.3535674810409546,0.5186929702758789,2.7640113830566406,4.0
dynamic,1,2,99,0.7919154029846192,0.7553903677940369,0.03652503260970116,0.7510317440032959,0.7510317440032959,0.0,1.0,1.0,990.0,901.0,0.0,0.14664292335510254,0.3535674810409546,0.5186929702758789,2.7640113830566406,4.0
dynamic,1,2,100,0.7944307006835938,0.7549279386520386,0.03950275424718857,0.7502203998565674,0.7502203998565674,0.0,1.0,1.0,1000.0,901.0,0.0,0.14664292335510254,0.3535674810409546,0.5186929702758789,2.7640113830566406,4.0
dynamic,1,2,101,0.7948877283096314,0.7521206836700439,0.042767050045728686,0.7495220872879028,0.7495220872879028,0.0,1.0,1.0,1010.0,1001.0,0.0,0.14876601099967957,0.38815227150917053,0.7418269515037537,2.3042869567871094,6.0
dynamic,1,2,102,0.7982566637992858,0.7513644891738892,0.04689217096567154,0.7486653612136841,0.7486653612136841,0.0,1.0,1.0,1020.0,1001.0,0.0,0.14876601099967957,0.38815227150917053,0.7418269515037537,2.3042869567871094,6.0
dynamic,1,2,103,0.7929494971275329,0.750422158908844,0.04252734454870224,0.7478932901382447,0.7478932901382447,0.0,1.0,1.0,1030.0,1001.0,0.0,0.14876601099967957,0.38815227150917053,0.7418269515037537,2.3042869567871094,6.0
dynamic,1,2,104,0.7934594592094422,0.7507197461128234,0.042739712178707125,0.7471361125946044,0.7471361125946044,0.0,1.0,1.0,1040.0,1001.0,0.0,0.14876601099967957,0.38815227150917053,0.7418269515037537,2.3042869567871094,6.0
dynamic,1,2,105,0.7977783725738525,0.7507255902290344,0.04705277680158615,0.7464583108901978,0.7464583108901978,0.0,1.0,1.0,1050.0,1001.0,0.0,0.14876601099967957,0.38815227150917053,0.7418269515037537,2.3042869567871094,6.0
dynamic,1,2,106,0.8021170578956603,0.7546377902030945,0.04747927518486977,0.7456935775756836,0.7456935775756836,0.0,1.0,1.0,1060.0,1001.0,0.0,0.14876601099967957,0.38815227150917053,0.7418269515037537,2.3042869567871094,6.0
dynamic,1,2,107,0.793916531085968,0.749149279499054,0.0447672550201416,0.7449617151260376,0.7449617151260376,0.0,1.0,1.0,1070.0,1001.0,0.0,0.14876601099967957,0.38815227150917053,0.7418269515037537,2.3042869567871094,6.0
dynamic,1,2,108,0.794007305431366,0.7517615110397339,0.04224580211043358,0.7442535818099976,0.7442535818099976,0.0,1.0,1.0,1080.0,1001.0,0.0,0.14876601099967957,0.38815227150917053,0.7418269515037537,2.3042869567871094,6.0
dynamic,1,2,109,0.8018310355186462,0.7484976949691773,0.053333331978321075,0.7436294048309326,0.7436294048309326,0.0,1.0,1.0,1090.0,1001.0,0.0,0.14876601099967957,0.38815227150917053,0.7418269515037537,2.3042869567871094,6.0
dynamic,1,2,110,0.7936754615783691,0.7483519634246826,0.04532350867986679,0.7429954019546509,0.7429954019546509,0.0,1.0,1.0,1100.0,1001.0,0.0,0.14876601099967957,0.38815227150917053,0.7418269515037537,2.3042869567871094,6.0
dynamic,1,2,111,0.8000177503585816,0.7505212615966796,0.04949649291038513,0.742360541343689,0.742360541343689,0.0,1.0,1.0,1110.0,1101.0,1.0,0.2598148584365845,0.5272349119186401,1.0582492351531982,7.577173709869385,14.0
dynamic,1,2,112,0.8001324422836303,0.7498523384094238,0.05028010894656181,0.74183665599823,0.74183665599823,0.0,1.0,1.0,1120.0,1101.0,1.0,0.2598148584365845,0.5272349119186401,1.0582492351531982,7.577173709869385,14.0
dynamic,1,2,113,0.7906728913307189,0.7413362230300903,0.04933666031360626,0.7412192171096802,0.7412192171096802,0.0,1.0,1.0,1130.0,1101.0,1.0,0.2598148584365845,0.5272349119186401,1.0582492351531982,7.577173709869385,14.0
dynamic,1,2,114,0.7959284170150757,0.7481279454231262,0.047800473791360855,0.7406300855636596,0.7406300855636596,0.0,1.0,1.0,1140.0,1101.0,1.0,0.2598148584365845,0.5272349119186401,1.0582492351531982,7.577173709869385,14.0
dynamic,1,2,115,0.7976931533813476,0.7458469378471374,0.05184621802568436,0.740153560256958,0.740153560256958,0.0,1.0,1.0,1150.0,1101.0,1.0,0.2598148584365845,0.5272349119186401,1.0582492351531982,7.577173709869385,14.0
dynamic,1,2,116,0.8053918061256409,0.7456488510131836,0.059742961239814756,0.7395747402191162,0.7395747402191162,0.0,1.0,1.0,1160.0,1101.0,1.0,0.2598148584365845,0.5272349119186401,1.0582492351531982,7.577173709869385,14.0
dynamic,1,2,117,0.7943280982971191,0.7464195602416992,0.04790854840278626,0.7390400030136108,0.7390400030136108,0.0,1.0,1.0,1170.0,1101.0,1.0,0.2598148584365845,0.5272349119186401,1.0582492351531982,7.577173709869385,14.0
dynamic,1,2,118,0.7925015632629394,0.7436353018760681,0.04886625658273697,0.738519368171692,0.738519368171692,0.0,1.0,1.0,1180.0,1101.0,1.0,0.2598148584365845,0.5272349119186401,1.0582492351531982,7.577173709869385,14.0
dynamic,1,2,119,0.7928625911712647,0.7424431164741516,0.05041947894096375,0.7380160436630249,0.7380160436630249,0.0,1.0,1.0,1190.0,1101.0,1.0,0.2598148584365845,0.5272349119186401,1.0582492351531982,7.577173709869385,14.0
dynamic,1,2,120,0.7919072383880615,0.7425112572669983,0.049395988035202024,0.7375123531341553,0.7375123531341553,0.0,1.0,1.0,1200.0,1101.0,1.0,0.2598148584365845,0.5272349119186401,1.0582492351531982,7.577173709869385,14.0
dynamic,1,2,121,0.8067728554725647,0.7443924984931946,0.062380363845825196,0.7370572835922241,0.7370572835922241,0.0,1.0,1.0,1210.0,1201.0,0.0,0.22514629364013672,0.520563006401062,0.791229784488678,4.509949684143066,9.0
dynamic,1,2,122,0.8043347778320312,0.7473183883666992,0.057016393303871156,0.7365758033752441,0.7365758033752441,0.0,1.0,1.0,1220.0,1201.0,0.0,0.22514629364013672,0.520563006401062,0.791229784488678,4.509949684143066,9.0
dynamic,1,2,123,0.7927480543136597,0.7425132433891296,0.05023481013774872,0.7361010538101196,0.7361010538101196,0.0,1.0,1.0,1230.0,1201.0,0.0,0.22514629364013672,0.520563006401062,0.791229784488678,4.509949684143066,9.0
dynamic,1,2,124,0.7943784960746765,0.7429122967720032,0.05146619943976402,0.7356879667282105,0.7356879667282105,0.0,1.0,1.0,1240.0,1201.0,0.0,0.22514629364013672,0.520563006401062,0.791229784488678,4.509949684143066,9.0
dynamic,1,2,125,0.7951072599411011,0.741568434047699,0.053538820934295656,0.7352255794525147,0.7352255794525147,0.0,1.0,1.0,1250.0,1201.0,0.0,0.22514629364013672,0.520563006401062,0.791229784488678,4.509949684143066,9.0
dynamic,1,2,126,0.7959854035377503,0.7409416938781739,0.05504371356368065,0.7348273921966553,0.7348273921966553,0.0,1.0,1.0,1260.0,1201.0,0.0,0.22514629364013672,0.520563006401062,0.791229784488678,4.509949684143066,9.0
dynamic,1,2,127,0.7900098021507264,0.7396558061599732,0.050353998523950574,0.7344009483337403,0.7344009483337403,0.0,1.0,1.0,1270.0,1201.0,0.0,0.22514629364013672,0.520563006401062,0.791229784488678,4.509949684143066,9.0
dynamic,1,2,128,0.7947183290481568,0.7391330976486206,0.05558522433042526,0.7339912630081177,0.7339912630081177,0.0,1.0,1.0,1280.0,1201.0,0.0,0.22514629364013672,0.520563006401062,0.791229784488678,4.509949684143066,9.0
dynamic,1,2,129,0.788394831085205,0.7410427500724792,0.047352085053920745,0.7335526397705078,0.7335526397705078,0.0,1.0,1.0,1290.0,1201.0,0.0,0.22514629364013672,0.520563006401062,0.791229784488678,4.509949684143066,9.0
dynamic,1,2,130,0.7895609852790832,0.7410371391296386,0.04852384594678879,0.7332086683273316,0.7332086683273316,0.0,1.0,1.0,1300.0,1201.0,0.0,0.22514629364013672,0.520563006401062,0.791229784488678,4.509949684143066,9.0
dynamic,1,2,131,0.7829170194625854,0.7360590374946594,0.04685798973441124,0.7328452056884766,0.7328452056884766,0.0,1.0,1.0,1310.0,1301.0,0.0,0.1764400750398636,0.38660767674446106,0.8970905542373657,3.593071937561035,11.0
dynamic,1,2,132,0.7975652791976928,0.7367341019630432,0.060831170320510865,0.7324258031845092,0.7324258031845092,0.0,1.0,1.0,1320.0,1301.0,0.0,0.1764400750398636,0.38660767674446106,0.8970905542373657,3.593071937561035,11.0
dynamic,1,2,133,0.7993188367843628,0.7394868905067444,0.05983193234205246,0.7320955667495728,0.7320955667495728,0.0,1.0,1.0,1330.0,1301.0,0.0,0.1764400750398636,0.38660767674446106,0.8970905542373657,3.593071937561035,11.0
dynamic,1,2,134,0.7911967608451843,0.7418002963066102,0.049396460723876955,0.7316668157577515,0.7316668157577515,0.0,1.0,1.0,1340.0,1301.0,0.0,0.1764400750398636,0.38660767674446106,0.8970905542373657,3.593071937561035,11.0
dynamic,1,2,135,0.7845773807525634,0.7411657140731811,0.043411667490005496,0.731291157913208,0.731291157913208,0.0,1.0,1.0,1350.0,1301.0,0.0,0.1764400750398636,0.38660767674446106,0.8970905542373657,3.593071937561035,11.0
dynamic,1,2,136,0.7886930678367615,0.7362281942367553,0.0524648750603199,0.7309725797653198,0.7309725797653198,0.0,1.0,1.0,1360.0,1301.0,0.0,0.1764400750398636,0.38660767674446106,0.8970905542373657,3.593071937561035,11.0
dynamic,1,2,137,0.8030097491264343,0.7359283476829529,0.06708140830993653,0.7305894794464112,0.7305894794464112,0.0,1.0,1.0,1370.0,1301.0,0.0,0.1764400750398636,0.38660767674446106,0.8970905542373657,3.593071937561035,11.0
dynamic,1,2,138,0.8044523504257202,0.7367951015472413,0.06765725538730621,0.7302553312301636,0.7302553312301636,0.0,1.0,1.0,1380.0,1301.0,0.0,0.1764400750398636,0.38660767674446106,0.8970905542373657,3.593071937561035,11.0
dynamic,1,2,139,0.7925629244804382,0.7376715424537659,0.054891375023126604,0.7300105539321899,0.7300105539321899,0.0,1.0,1.0,1390.0,1301.0,0.0,0.1764400750398636,0.38660767674446106,0.8970905542373657,3.593071937561035,11.0
dynamic,1,2,140,0.7833447325706482,0.7349740976333619,0.04837064079642296,0.729637050819397,0.729637050819397,0.0,1.0,1.0,1400.0,1301.0,0.0,0.1764400750398636,0.38660767674446106,0.8970905542373657,3.593071937561035,11.0
dynamic,1,2,141,0.7879978886604309,0.7353991260528564,0.05259876691699028,0.7294143106460571,0.7294143106460571,0.0,1.0,1.0,1410.0,1401.0,1.0,0.24357786774635315,0.5632714033126831,1.1546504497528076,4.911144256591797,16.0
dynamic,1,2,142,0.7922936889648438,0.7326111408233642,0.05968253957033157,0.7289464679718017,0.7289464679718017,0.0,1.0,1.0,1420.0,1401.0,1.0,0.24357786774635315,0.5632714033126831,1.1546504497528076,4.911144256591797,16.0
dynamic,1,2,143,0.7951991187095642,0.7337415038108825,0.06145761088132858,0.7287002944946289,0.7287002944946289,0.0,1.0,1.0,1430.0,1401.0,1.0,0.24357786774635315,0.5632714033126831,1.1546504497528076,4.911144256591797,16.0
dynamic,1,2,144,0.7974176781654357,0.7344365339279175,0.06298114324808121,0.7283357172012329,0.7283357172012329,0.0,1.0,1.0,1440.0,1401.0,1.0,0.24357786774635315,0.5632714033126831,1.1546504497528076,4.911144256591797,16.0
dynamic,1,2,145,0.7995289917945861,0.7348699387550354,0.06465904004573822,0.7281098613739013,0.7281098613739013,0.0,1.0,1.0,1450.0,1401.0,1.0,0.24357786774635315,0.5632714033126831,1.1546504497528076,4.911144256591797,16.0
dynamic,1,2,146,0.7990888444900512,0.7370280178070069,0.062060827177762984,0.7278130420684814,0.7278130420684814,0.0,1.0,1.0,1460.0,1401.0,1.0,0.24357786774635315,0.5632714033126831,1.1546504497528076,4.911144256591797,16.0
dynamic,1,2,147,0.796075830078125,0.7286002993583679,0.06747553105354309,0.7275708557128906,0.7275708557128906,0.0,1.0,1.0,1470.0,1401.0,1.0,0.24357786774635315,0.5632714033126831,1.1546504497528076,4.911144256591797,16.0
dynamic,1,2,148,0.7827041078567505,0.7302432904243469,0.052460829883813856,0.727279221534729,0.727279221534729,0.0,1.0,1.0,1480.0,1401.0,1.0,0.24357786774635315,0.5632714033126831,1.1546504497528076,4.911144256591797,16.0
dynamic,1,2,149,0.785299508190155,0.7310650857925415,0.05423441635966301,0.7269644895553589,0.7269644895553589,0.0,1.0,1.0,1490.0,1401.0,1.0,0.24357786774635315,0.5632714033126831,1.1546504497528076,4.911144256591797,16.0
dynamic,1,2,150,0.794903258228302,0.7318303876876832,0.06307286573648453,0.7267762538909912,0.7267762538909912,0.0,1.0,1.0,1500.0,1401.0,1.0,0.24357786774635315,0.5632714033126831,1.1546504497528076,4.911144256591797,16.0
dynamic,1,2,151,0.8017054718017578,0.7324372659683227,0.06926821359992028,0.7264627698898315,0.7264627698898315,0.0,1.0,1.0,1510.0,1501.0,0.0,0.24201518297195435,0.609720766544342,0.8684064745903015,3.756779670715332,10.0
dynamic,1,2,152,0.7920972871780395,0.7360383596420288,0.05605893234014511,0.7262551036834717,0.7262551036834717,0.0,1.0,1.0,1520.0,1501.0,0.0,0.24201518297195435,0.609720766544342,0.8684064745903015,3.756779670715332,10.0
dynamic,1,2,153,0.7909373292922973,0.7336347647666931,0.057302569890022276,0.7260112024307251,0.7260112024307251,0.0,1.0,1.0,1530.0,1501.0,0.0,0.24201518297195435,0.609720766544342,0.8684064745903015,3.756779670715332,10.0
dynamic,1,2,154,0.7905584646224976,0.7300636486053467,0.060494812405109406,0.7258945922851563,0.7258945922851563,0.0,1.0,1.0,1540.0,1501.0,0.0,0.24201518297195435,0.609720766544342,0.8684064745903015,3.756779670715332,10.0
dynamic,1,2,155,0.7920342790603637,0.7319214522361756,0.060112829250097276,0.7256000373840332,0.7256000373840332,0.0,1.0,1.0,1550.0,1501.0,0.0,0.24201518297195435,0.609720766544342,0.8684064745903015,3.756779670715332,10.0
dynamic,1,2,156,0.8100887547492981,0.7322826788902282,0.07780607105493545,0.7253411525726319,0.7253411525726319,0.0,1.0,1.0,1560.0,1501.0,0.0,0.24201518297195435,0.609720766544342,0.8684064745903015,3.756779670715332,10.0
dynamic,1,2,157,0.7990801851272583,0.7335481560707092,0.06553203257918358,0.7251502723693848,0.7251502723693848,0.0,1.0,1.0,1570.0,1501.0,0.0,0.24201518297195435,0.609720766544342,0.8684064745903015,3.756779670715332,10.0
dynamic,1,2,158,0.7911934601783752,0.7312710611343384,0.059922394287586216,0.7249315662384033,0.7249315662384033,0.0,1.0,1.0,1580.0,1501.0,0.0,0.24201518297195435,0.609720766544342,0.8684064745903015,3.756779670715332,10.0
dynamic,1,2,159,0.7887784471511841,0.7341734639167785,0.054604980880022046,0.7246531095504761,0.7246531095504761,0.0,1.0,1.0,1590.0,1501.0,0.0,0.24201518297195435,0.609720766544342,0.8684064745903015,3.756779670715332,10.0
dynamic,1,2,160,0.7873157139778137,0.733255139541626,0.05406058152914047,0.7244729791641236,0.7244729791641236,0.0,1.0,1.0,1600.0,1501.0,0.0,0.24201518297195435,0.609720766544342,0.8684064745903015,3.756779670715332,10.0
dynamic,1,2,161,0.7923074761390686,0.7312232652664185,0.06108421049118042,0.7243289552688599,0.7243289552688599,0.0,1.0,1.0,1610.0,1601.0,0.0,0.22125029563903809,0.4835318624973297,0.7201436758041382,5.3538007736206055,10.0
dynamic,1,2,162,0.7930164619445801,0.7275544427871704,0.06546202182769775,0.7240980333328247,0.7240980333328247,0.0,1.0,1.0,1620.0,1601.0,0.0,0.22125029563903809,0.4835318624973297,0.7201436758041382,5.3538007736206055,10.0
dynamic,1,2,163,0.7881019904136658,0.7282527210235595,0.059849265551567075,0.7238476856231689,0.7238476856231689,0.0,1.0,1.0,1630.0,1601.0,0.0,0.22125029563903809,0.4835318624973297,0.7201436758041382,5.3538007736206055,10.0
dynamic,1,2,164,0.7923722011566162,0.7312511773109436,0.061121027326583866,0.7236614868164063,0.7236614868164063,0.0,1.0,1.0,1640.0,1601.0,0.0,0.22125029563903809,0.4835318624973297,0.7201436758041382,5.3538007736206055,10.0
dynamic,1,2,165,0.7940135005950928,0.7299925565719605,0.06402094687223435,0.7235251274108887,0.7235251274108887,0.0,1.0,1.0,1650.0,1601.0,0.0,0.22125029563903809,0.4835318624973297,0.7201436758041382,5.3538007736206055,10.0
dynamic,1,2,166,0.789330016708374,0.7323821077346802,0.05694791406989098,0.7235413408279419,0.7235413408279419,0.0,1.0,1.0,1660.0,1601.0,0.0,0.22125029563903809,0.4835318624973297,0.7201436758041382,5.3538007736206055,10.0
dynamic,1,2,167,0.7863574726104736,0.7338349042892456,0.052522572672367096,0.7231880376815796,0.7231880376815796,0.0,1.0,1.0,1670.0,1601.0,0.0,0.22125029563903809,0.4835318624973297,0.7201436758041382,5.3538007736206055,10.0
dynamic,1,2,168,0.7828208033561707,0.7282029001235962,0.05461790392994881,0.7230068481445312,0.7230068481445312,0.0,1.0,1.0,1680.0,1601.0,0.0,0.22125029563903809,0.4835318624973297,0.7201436758041382,5.3538007736206055,10.0
dynamic,1,2,169,0.8040368741035462,0.7313603213310241,0.07267655279636383,0.7227076629638672,0.7227076629638672,0.0,1.0,1.0,1690.0,1601.0,0.0,0.22125029563903809,0.4835318624973297,0.7201436758041382,5.3538007736206055,10.0
dynamic,1,2,170,0.7922229369163514,0.7246802328109742,0.06754270516037941,0.7225157157897949,0.7225157157897949,0.0,1.0,1.0,1700.0,1601.0,0.0,0.22125029563903809,0.4835318624973297,0.7201436758041382,5.3538007736206055,10.0
dynamic,1,2,171,0.7857083318710327,0.732852478313446,0.05285584128499031,0.7223522024154663,0.7223522024154663,0.0,1.0,1.0,1710.0,1701.0,1.0,0.2547394335269928,0.65777188539505,1.1259596347808838,5.855206489562988,15.0
dynamic,1,2,172,0.7933136068344117,0.7298044262886048,0.06350918380022048,0.7222284908294678,0.7222284908294678,0.0,1.0,1.0,1720.0,1701.0,1.0,0.2547394335269928,0.65777188539505,1.1259596347808838,5.855206489562988,15.0
dynamic,1,2,173,0.7832240558624267,0.7283012073516846,0.054922853827476505,0.7220329721450806,0.7220329721450806,0.0,1.0,1.0,1730.0,1701.0,1.0,0.2547394335269928,0.65777188539505,1.1259596347808838,5.855206489562988,15.0
dynamic,1,2,174,0.7959084153175354,0.7300421897888184,0.06586622185111046,0.7218306764602661,0.7218306764602661,0.0,1.0,1.0,1740.0,1701.0,1.0,0.2547394335269928,0.65777188539505,1.1259596347808838,5.855206489562988,15.0
dynamic,1,2,175,0.7906611609458923,0.7287203865051269,0.06194077217578888,0.7216757148742676,0.7216757148742676,0.0,1.0,1.0,1750.0,1701.0,1.0,0.2547394335269928,0.65777188539505,1.1259596347808838,5.855206489562988,15.0
dynamic,1,2,176,0.8066645619392395,0.7304667406082154,0.07619782456159592,0.7215129446029663,0.7215129446029663,0.0,1.0,1.0,1760.0,1701.0,1.0,0.2547394335269928,0.65777188539505,1.1259596347808838,5.855206489562988,15.0
dynamic,1,2,177,0.803345027923584,0.7283828785896301,0.07496215012073516,0.7214307680130004,0.7214307680130004,0.0,1.0,1.0,1770.0,1701.0,1.0,0.2547394335269928,0.65777188539505,1.1259596347808838,5.855206489562988,15.0
dynamic,1,2,178,0.7919993172645569,0.7319782733917236,0.0600210405766964,0.7212854885101319,0.7212854885101319,0.0,1.0,1.0,1780.0,1701.0,1.0,0.2547394335269928,0.65777188539505,1.1259596347808838,5.855206489562988,15.0
dynamic,1,2,179,0.7932691160202027,0.7299649353981018,0.06330417637825012,0.7212095457077027,0.7212095457077027,0.0,1.0,1.0,1790.0,1701.0,1.0,0.2547394335269928,0.65777188539505,1.1259596347808838,5.855206489562988,15.0
dynamic,1,2,180,0.8036818343162536,0.7275846043586731,0.07609722654819488,0.7210879114151001,0.7210879114151001,0.0,1.0,1.0,1800.0,1701.0,1.0,0.2547394335269928,0.65777188539505,1.1259596347808838,5.855206489562988,15.0
dynamic,1,2,181,0.7483694313049316,0.7146261846542359,0.0337432383954525,0.6928543550491333,0.6928543550491333,0.0,2.0,2.0,1810.0,1801.0,0.0,0.3126496970653534,0.7914700508117676,1.1285406351089478,6.454639434814453,18.0
dynamic,1,2,182,0.7223908659934998,0.700322866344452,0.022068007063865663,0.6945060087203979,0.6945060087203979,0.0,2.0,2.0,1820.0,1801.0,0.0,0.3126496970653534,0.7914700508117676,1.1285406351089478,6.454639434814453,18.0
dynamic,1,2,183,0.7222519185066223,0.6977609359741211,0.024490986347198488,0.7029687284469605,0.7029687284469605,0.0,2.0,2.0,1830.0,1801.0,0.0,0.3126496970653534,0.7914700508117676,1.1285406351089478,6.454639434814453,18.0
dynamic,1,2,184,0.7304317255973816,0.7053830286979675,0.025048702174425126,0.6919949548721314,0.6919949548721314,0.0,2.0,2.0,1840.0,1801.0,0.0,0.3126496970653534,0.7914700508117676,1.1285406351089478,6.454639434814453,18.0
dynamic,1,2,185,0.7142489218711853,0.693095327758789,0.021153593227267266,0.6952647317886352,0.6952647317886352,0.0,2.0,2.0,1850.0,1801.0,0.0,0.3126496970653534,0.7914700508117676,1.1285406351089478,6.454639434814453,18.0
dynamic,1,2,186,0.715941359424591,0.6882114015579224,0.0277299537807703,0.721407468032837,0.721407468032837,0.0,2.0,2.0,1860.0,1801.0,0.0,0.3126496970653534,0.7914700508117676,1.1285406351089478,6.454639434814453,18.0
dynamic,1,2,187,0.723825590801239,0.6953122359275817,0.028513362592458725,0.6893826204299927,0.6893826204299927,0.0,2.0,2.0,1870.0,1801.0,0.0,0.3126496970653534,0.7914700508117676,1.1285406351089478,6.454639434814453,18.0
dynamic,1,2,188,0.7210245985031128,0.6967110939025879,0.024313503411412238,0.6889663358688355,0.6889663358688355,0.0,2.0,2.0,1880.0,1801.0,0.0,0.3126496970653534,0.7914700508117676,1.1285406351089478,6.454639434814453,18.0
dynamic,1,2,189,0.7162182793617249,0.691655320930481,0.024562954458594324,0.6887177017211914,0.6887177017211914,0.0,2.0,2.0,1890.0,1801.0,0.0,0.3126496970653534,0.7914700508117676,1.1285406351089478,6.454639434814453,18.0
dynamic,1,2,190,0.7263179811477661,0.6971824980735779,0.029135480684041978,0.7028316915512085,0.7028316915512085,0.0,2.0,2.0,1900.0,1801.0,0.0,0.3126496970653534,0.7914700508117676,1.1285406351089478,6.454639434814453,18.0
dynamic,1,2,191,0.7354836586952209,0.7003995401382447,0.03508412548005581,0.7027085796356202,0.7027085796356202,0.0,2.0,2.0,1910.0,1801.0,0.0,0.3126496970653534,0.7914700508117676,1.1285406351089478,6.454639434814453,18.0
dynamic,1,2,192,0.7239214770317077,0.6942831304550171,0.029638341292738915,0.6998307514190674,0.6998307514190674,0.0,2.0,2.0,1920.0,1801.0,0.0,0.3126496970653534,0.7914700508117676,1.1285406351089478,6.454639434814453,18.0
dynamic,1,2,193,0.7285412178993225,0.6989938620567322,0.02954735199213028,0.6857933170318603,0.6857933170318603,0.0,2.0,2.0,1930.0,1801.0,0.0,0.3126496970653534,0.7914700508117676,1.1285406351089478,6.454639434814453,18.0
dynamic,1,2,194,0.7261280737876892,0.6981891945838928,0.02793887967467308,0.6899770357131958,0.6899770357131958,0.0,2.0,2.0,1940.0,1801.0,0.0,0.3126496970653534,0.7914700508117676,1.1285406351089478,6.454639434814453,18.0
dynamic,1,2,195,0.7210385647773743,0.6885987600326539,0.03243980178236961,0.6869259639739991,0.6869259639739991,0.0,2.0,2.0,1950.0,1801.0,0.0,0.3126496970653534,0.7914700508117676,1.1285406351089478,6.454639434814453,18.0
dynamic,1,2,196,0.7174063766479493,0.6869204812049866,0.030485897654294967,0.6931028631210328,0.6931028631210328,0.0,2.0,2.0,1960.0,1801.0,0.0,0.3126496970653534,0.7914700508117676,1.1285406351089478,6.454639434814453,18.0
dynamic,1,2,197,0.7329705031394959,0.7008923205375671,0.032078184127807614,0.6961276998519897,0.6961276998519897,0.0,2.0,2.0,1970.0,1801.0,0.0,0.3126496970653534,0.7914700508117676,1.1285406351089478,6.454639434814453,18.0
dynamic,1,2,198,0.7294943550109864,0.6984092798233033,0.03108508270382881,0.6828500453948975,0.6828500453948975,0.0,2.0,2.0,1980.0,1801.0,0.0,0.3126496970653534,0.7914700508117676,1.1285406351089478,6.454639434814453,18.0
dynamic,1,2,199,0.7189485421180725,0.6882560417175293,0.03069250215291977,0.6939708873748779,0.6939708873748779,0.0,2.0,2.0,1990.0,1801.0,0.0,0.3126496970653534,0.7914700508117676,1.1285406351089478,6.454639434814453,18.0
dynamic,1,2,200,0.7227881587982178,0.6920069772720336,0.030781182503700256,0.6830256643295288,0.6830256643295288,0.0,2.0,2.0,2000.0,1801.0,0.0,0.3126496970653534,0.7914700508117676,1.1285406351089478,6.454639434814453,18.0
dynamic,1,2,201,0.7179021850585937,0.6864016758918762,0.03150050832629204,0.6917366472244263,0.6917366472244263,0.0,2.0,2.0,2010.0,1801.0,0.0,0.3126496970653534,0.7914700508117676,1.1285406351089478,6.454639434814453,18.0
dynamic,1,2,202,0.7309236724853516,0.6956169429779053,0.03530672847628594,0.6882625450134278,0.6882625450134278,0.0,2.0,2.0,2020.0,1801.0,0.0,0.3126496970653534,0.7914700508117676,1.1285406351089478,6.454639434814453,18.0
dynamic,1,2,203,0.7151340155601501,0.6855306312561035,0.029603381085395813,0.6881861122131347,0.6881861122131347,0.0,2.0,2.0,2030.0,1801.0,0.0,0.3126496970653534,0.7914700508117676,1.1285406351089478,6.454639434814453,18.0
dynamic,1,2,204,0.7291157002449036,0.690239067363739,0.03887662989497185,0.6897846866607666,0.6897846866607666,0.0,2.0,2.0,2040.0,1801.0,0.0,0.3126496970653534,0.7914700508117676,1.1285406351089478,6.454639434814453,18.0
dynamic,1,2,205,0.7218513637542725,0.6879447783470154,0.03390658513903618,0.6757510992050171,0.6757510992050171,0.0,2.0,2.0,2050.0,1801.0,0.0,0.3126496970653534,0.7914700508117676,1.1285406351089478,6.454639434814453,18.0
dynamic,1,2,206,0.725558667755127,0.6884558517456054,0.03710281827449798,0.681727048110962,0.681727048110962,0.0,2.0,2.0,2060.0,1801.0,0.0,0.3126496970653534,0.7914700508117676,1.1285406351089478,6.454639434814453,18.0
dynamic,1,2,207,0.7298660353660583,0.6911410907745361,0.038724942076206206,0.6916206886291504,0.6916206886291504,0.0,2.0,2.0,2070.0,1801.0,0.0,0.3126496970653534,0.7914700508117676,1.1285406351089478,6.454639434814453,18.0
dynamic,1,2,208,0.7120075122833252,0.6797227213859558,0.032284797841310504,0.6737149644851684,0.6737149644851684,0.0,2.0,2.0,2080.0,1801.0,0.0,0.3126496970653534,0.7914700508117676,1.1285406351089478,6.454639434814453,18.0
dynamic,1,2,209,0.7202873194694519,0.684115771484375,0.03617154723107815,0.6786087018966674,0.6786087018966674,0.0,2.0,2.0,2090.0,1801.0,0.0,0.3126496970653534,0.7914700508117676,1.1285406351089478,6.454639434814453,18.0
dynamic,1,2,210,0.7331930448532105,0.6906370253562927,0.04255601494312286,0.6773633897781373,0.6773633897781373,0.0,2.0,2.0,2100.0,1801.0,0.0,0.3126496970653534,0.7914700508117676,1.1285406351089478,6.454639434814453,18.0
dynamic,1,2,211,0.7113734296798706,0.6775746466636657,0.033798781961202624,0.6747430578231811,0.6747430578231811,0.0,2.0,2.0,2110.0,1801.0,0.0,0.3126496970653534,0.7914700508117676,1.1285406351089478,6.454639434814453,18.0
dynamic,1,2,212,0.7211818922996521,0.6920508992195129,0.029130998939275742,0.6794400234222412,0.6794400234222412,0.0,2.0,2.0,2120.0,1801.0,0.0,0.3126496970653534,0.7914700508117676,1.1285406351089478,6.454639434814453,18.0
dynamic,1,2,213,0.730537835407257,0.6905891793251038,0.039948657125234606,0.6894248304367065,0.6894248304367065,0.0,2.0,2.0,2130.0,1801.0,0.0,0.3126496970653534,0.7914700508117676,1.1285406351089478,6.454639434814453,18.0
dynamic,1,2,214,0.712100793838501,0.6837640085220337,0.028336777651309968,0.6692646415710449,0.6692646415710449,0.0,2.0,2.0,2140.0,1801.0,0.0,0.3126496970653534,0.7914700508117676,1.1285406351089478,6.454639434814453,18.0
dynamic,1,2,215,0.7061172742843628,0.6767908347129822,0.029326430177688597,0.6832396654129028,0.6832396654129028,0.0,2.0,2.0,2150.0,1801.0,0.0,0.3126496970653534,0.7914700508117676,1.1285406351089478,6.454639434814453,18.0
dynamic,1,2,216,0.7268623826026916,0.6890932231903076,0.037769161027669904,0.6729363451004028,0.6729363451004028,0.0,2.0,2.0,2160.0,1801.0,0.0,0.3126496970653534,0.7914700508117676,1.1285406351089478,6.454639434814453,18.0
dynamic,1,2,217,0.7238501746177674,0.6869987315177918,0.03685144527554512,0.6691080942153931,0.6691080942153931,0.0,2.0,2.0,2170.0,1801.0,0.0,0.3126496970653534,0.7914700508117676,1.1285406351089478,6.454639434814453,18.0
dynamic,1,2,218,0.71535986328125,0.679670675945282,0.03568918948173523,0.6749665033340454,0.6749665033340454,0.0,2.0,2.0,2180.0,1801.0,0.0,0.3126496970653534,0.7914700508117676,1.1285406351089478,6.454639434814453,18.0
dynamic,1,2,219,0.7169963318824768,0.6817158897399902,0.03528043980002403,0.6738671976089478,0.6738671976089478,0.0,2.0,2.0,2190.0,1801.0,0.0,0.3126496970653534,0.7914700508117676,1.1285406351089478,6.454639434814453,18.0
dynamic,1,2,220,0.714401576423645,0.677165303993225,0.037236279702186584,0.6760438882827758,0.6760438882827758,0.0,2.0,2.0,2200.0,1801.0,0.0,0.3126496970653534,0.7914700508117676,1.1285406351089478,6.454639434814453,18.0
dynamic,1,2,221,0.7077078372955322,0.6706259938240051,0.037081842517852785,0.6710096551895142,0.6710096551895142,0.0,2.0,2.0,2210.0,1801.0,0.0,0.3126496970653534,0.7914700508117676,1.1285406351089478,6.454639434814453,18.0
dynamic,1,2,222,0.7163642046928406,0.6870896119117736,0.029274587976932526,0.674080259513855,0.674080259513855,0.0,2.0,2.0,2220.0,1801.0,0.0,0.3126496970653534,0.7914700508117676,1.1285406351089478,6.454639434814453,18.0
dynamic,1,2,223,0.7204864319801331,0.681140941619873,0.03934548481702804,0.6760870933532714,0.6760870933532714,0.0,2.0,2.0,2230.0,1801.0,0.0,0.3126496970653534,0.7914700508117676,1.1285406351089478,6.454639434814453,18.0
dynamic,1,2,224,0.7121371166229248,0.6726771158218384,0.03946000425815582,0.6759367986679077,0.6759367986679077,0.0,2.0,2.0,2240.0,1801.0,0.0,0.3126496970653534,0.7914700508117676,1.1285406351089478,6.454639434814453,18.0
dynamic,1,2,225,0.7164047772407531,0.6793837825775146,0.03702097911238671,0.665647047996521,0.665647047996521,0.0,2.0,2.0,2250.0,1801.0,0.0,0.3126496970653534,0.7914700508117676,1.1285406351089478,6.454639434814453,18.0
dynamic,1,2,226,0.7179360991477967,0.6800168814659119,0.03791922286748886,0.6714892526626587,0.6714892526626587,0.0,2.0,2.0,2260.0,1801.0,0.0,0.3126496970653534,0.7914700508117676,1.1285406351089478,6.454639434814453,18.0
dynamic,1,2,227,0.7146825508117676,0.6793428130149841,0.03533973998427391,0.667540991973877,0.667540991973877,0.0,2.0,2.0,2270.0,1801.0,0.0,0.3126496970653534,0.7914700508117676,1.1285406351089478,6.454639434814453,18.0
dynamic,1,2,228,0.7136233946800232,0.6765111784934997,0.03711221503019333,0.6682495435714721,0.6682495435714721,0.0,2.0,2.0,2280.0,1801.0,0.0,0.3126496970653534,0.7914700508117676,1.1285406351089478,6.454639434814453,18.0
dynamic,1,2,229,0.7148975943565369,0.6826607311248779,0.03223686849474907,0.6718151248931885,0.6718151248931885,0.0,2.0,2.0,2290.0,1801.0,0.0,0.3126496970653534,0.7914700508117676,1.1285406351089478,6.454639434814453,18.0
dynamic,1,2,230,0.7148105478286744,0.6823860527992248,0.03242449305653572,0.6707419750213623,0.6707419750213623,0.0,2.0,2.0,2300.0,1801.0,0.0,0.3126496970653534,0.7914700508117676,1.1285406351089478,6.454639434814453,18.0
dynamic,1,2,231,0.7191717399597168,0.6774170839309692,0.04175466083288193,0.6690372492790222,0.6690372492790222,0.0,2.0,2.0,2310.0,1801.0,0.0,0.3126496970653534,0.7914700508117676,1.1285406351089478,6.454639434814453,18.0
dynamic,1,2,232,0.7145209902763366,0.6791048211097718,0.035416157495975494,0.6704574823379517,0.6704574823379517,0.0,2.0,2.0,2320.0,1801.0,0.0,0.3126496970653534,0.7914700508117676,1.1285406351089478,6.454639434814453,18.0
dynamic,1,2,233,0.7072048886299134,0.6715727495193482,0.03563213865160942,0.6620527787208557,0.6620527787208557,0.0,2.0,2.0,2330.0,1801.0,0.0,0.3126496970653534,0.7914700508117676,1.1285406351089478,6.454639434814453,18.0
dynamic,1,2,234,0.7169907083511352,0.6774256234169006,0.039565094673633575,0.6692657014846802,0.6692657014846802,0.0,2.0,2.0,2340.0,1801.0,0.0,0.3126496970653534,0.7914700508117676,1.1285406351089478,6.454639434814453,18.0
dynamic,1,2,235,0.7107558181762695,0.6692883873939515,0.041467420840263364,0.6679306060791016,0.6679306060791016,0.0,2.0,2.0,2350.0,1801.0,0.0,0.3126496970653534,0.7914700508117676,1.1285406351089478,6.454639434814453,18.0
dynamic,1,2,236,0.7147595076560974,0.6768683595657349,0.037891145193576815,0.6690084451675415,0.6690084451675415,0.0,2.0,2.0,2360.0,1801.0,0.0,0.3126496970653534,0.7914700508117676,1.1285406351089478,6.454639434814453,18.0
dynamic,1,2,237,0.7207343861579895,0.6779571907997132,0.04277719122767448,0.6643062950134278,0.6643062950134278,0.0,2.0,2.0,2370.0,1801.0,0.0,0.3126496970653534,0.7914700508117676,1.1285406351089478,6.454639434814453,18.0
dynamic,1,2,238,0.7107873414039612,0.6735440249443054,0.03724332144260407,0.6636389793395996,0.6636389793395996,0.0,2.0,2.0,2380.0,1801.0,0.0,0.3126496970653534,0.7914700508117676,1.1285406351089478,6.454639434814453,18.0
dynamic,1,2,239,0.711261710357666,0.6696449652671814,0.041616751396656035,0.6611047041893006,0.6611047041893006,0.0,2.0,2.0,2390.0,1801.0,0.0,0.3126496970653534,0.7914700508117676,1.1285406351089478,6.454639434814453,18.0
dynamic,1,2,240,0.7155315566062928,0.6791968677520752,0.0363346931874752,0.6626481352806092,0.6626481352806092,0.0,2.0,2.0,2400.0,1801.0,0.0,0.3126496970653534,0.7914700508117676,1.1285406351089478,6.454639434814453,18.0
dynamic,1,2,241,0.7091831904411315,0.6755446207046509,0.03363856588602066,0.66473291015625,0.66473291015625,0.0,2.0,2.0,2410.0,1801.0,0.0,0.3126496970653534,0.7914700508117676,1.1285406351089478,6.454639434814453,18.0
dynamic,1,2,242,0.7148793687820435,0.6772376474380493,0.03764171906411648,0.6630748440742492,0.6630748440742492,0.0,2.0,2.0,2420.0,1801.0,0.0,0.3126496970653534,0.7914700508117676,1.1285406351089478,6.454639434814453,18.0
dynamic,1,2,243,0.7032531748771668,0.6719136740684509,0.031339495521783826,0.6616469834327697,0.6616469834327697,0.0,2.0,2.0,2430.0,1801.0,0.0,0.3126496970653534,0.7914700508117676,1.1285406351089478,6.454639434814453,18.0
dynamic,1,2,244,0.7030263512611389,0.6664257031440735,0.03660065039396286,0.6639135285377502,0.6639135285377502,0.0,2.0,2.0,2440.0,1801.0,0.0,0.3126496970653534,0.7914700508117676,1.1285406351089478,6.454639434814453,18.0
dynamic,1,2,245,0.7052131782531739,0.6726684984207153,0.03254468725025654,0.6676670635223388,0.6676670635223388,0.0,2.0,2.0,2450.0,1801.0,0.0,0.3126496970653534,0.7914700508117676,1.1285406351089478,6.454639434814453,18.0
dynamic,1,2,246,0.7185511452674865,0.6764218091011047,0.04212932986021042,0.6602446676254272,0.6602446676254272,0.0,2.0,2.0,2460.0,1801.0,0.0,0.3126496970653534,0.7914700508117676,1.1285406351089478,6.454639434814453,18.0
dynamic,1,2,247,0.7084139336585998,0.6746525545120239,0.0337613822221756,0.6607922896385193,0.6607922896385193,0.0,2.0,2.0,2470.0,1801.0,0.0,0.3126496970653534,0.7914700508117676,1.1285406351089478,6.454639434814453,18.0
dynamic,1,2,248,0.708082665348053,0.67337166929245,0.03471100509762764,0.6630843308448792,0.6630843308448792,0.0,2.0,2.0,2480.0,1801.0,0.0,0.3126496970653534,0.7914700508117676,1.1285406351089478,6.454639434814453,18.0
dynamic,1,2,249,0.7088785694122315,0.6739535125732422,0.0349250535517931,0.6589637023925782,0.6589637023925782,0.0,2.0,2.0,2490.0,1801.0,0.0,0.3126496970653534,0.7914700508117676,1.1285406351089478,6.454639434814453,18.0
dynamic,1,2,250,0.7082071892738342,0.6707638049125672,0.037443389666080476,0.6571540537834167,0.6571540537834167,0.0,2.0,2.0,2500.0,1801.0,0.0,0.3126496970653534,0.7914700508117676,1.1285406351089478,6.454639434814453,18.0
dynamic,1,2,251,0.7175431147575378,0.6725630805969238,0.044980036944150925,0.6645460687637329,0.6645460687637329,0.0,2.0,2.0,2510.0,1801.0,0.0,0.3126496970653534,0.7914700508117676,1.1285406351089478,6.454639434814453,18.0
dynamic,1,2,252,0.7170271874427795,0.6773044931411744,0.039722686809301376,0.6611338598251343,0.6611338598251343,0.0,2.0,2.0,2520.0,1801.0,0.0,0.3126496970653534,0.7914700508117676,1.1285406351089478,6.454639434814453,18.0
dynamic,1,2,253,0.7159964304924011,0.6775234796524048,0.03847295992970467,0.6618978387832641,0.6618978387832641,0.0,2.0,2.0,2530.0,1801.0,0.0,0.3126496970653534,0.7914700508117676,1.1285406351089478,6.454639434814453,18.0
dynamic,1,2,254,0.7055276202201843,0.6697244598388672,0.03580316244363785,0.6689404804229736,0.6689404804229736,0.0,2.0,2.0,2540.0,1801.0,0.0,0.3126496970653534,0.7914700508117676,1.1285406351089478,6.454639434814453,18.0
dynamic,1,2,255,0.7141122350692749,0.6661692059516907,0.0479430277466774,0.6657752508163453,0.6657752508163453,0.0,2.0,2.0,2550.0,1801.0,0.0,0.3126496970653534,0.7914700508117676,1.1285406351089478,6.454639434814453,18.0
dynamic,1,2,256,0.7027616673469543,0.6639663193702697,0.03879534395933151,0.6591984951019287,0.6591984951019287,0.0,2.0,2.0,2560.0,1801.0,0.0,0.3126496970653534,0.7914700508117676,1.1285406351089478,6.454639434814453,18.0
dynamic,1,2,257,0.7134327135086059,0.6731230194091797,0.04030968914031982,0.6592035061836242,0.6592035061836242,0.0,2.0,2.0,2570.0,1801.0,0.0,0.3126496970653534,0.7914700508117676,1.1285406351089478,6.454639434814453,18.0
dynamic,1,2,258,0.7080542095184326,0.6643999485015869,0.04365426707267761,0.6560882195472717,0.6560882195472717,0.0,2.0,2.0,2580.0,1801.0,0.0,0.3126496970653534,0.7914700508117676,1.1285406351089478,6.454639434814453,18.0
dynamic,1,2,259,0.7079712437629699,0.6704808709144592,0.037490373206138614,0.6514363662719727,0.6514363662719727,0.0,2.0,2.0,2590.0,1801.0,0.0,0.3126496970653534,0.7914700508117676,1.1285406351089478,6.454639434814453,18.0
dynamic,1,2,260,0.7098678629875184,0.6689363211631775,0.04093154489994049,0.6596110117912293,0.6596110117912293,0.0,2.0,2.0,2600.0,1801.0,0.0,0.3126496970653534,0.7914700508117676,1.1285406351089478,6.454639434814453,18.0
dynamic,1,2,261,0.7108793451309204,0.6669682229995727,0.04391112356781959,0.659919414806366,0.659919414806366,0.0,2.0,2.0,2610.0,1801.0,0.0,0.3126496970653534,0.7914700508117676,1.1285406351089478,6.454639434814453,18.0
dynamic,1,2,262,0.7058687391281128,0.6659307276725769,0.03993800721168518,0.6506826029777527,0.6506826029777527,0.0,2.0,2.0,2620.0,1801.0,0.0,0.3126496970653534,0.7914700508117676,1.1285406351089478,6.454639434814453,18.0
dynamic,1,2,263,0.7141971949577332,0.6699653435707092,0.04423184566497803,0.6555191626548768,0.6555191626548768,0.0,2.0,2.0,2630.0,1801.0,0.0,0.3126496970653534,0.7914700508117676,1.1285406351089478,6.454639434814453,18.0
dynamic,1,2,264,0.7134706295013428,0.6720243827819824,0.041446235883235934,0.6534789198875427,0.6534789198875427,0.0,2.0,2.0,2640.0,1801.0,0.0,0.3126496970653534,0.7914700508117676,1.1285406351089478,6.454639434814453,18.0
dynamic,1,2,265,0.7115090412139893,0.6655567597389221,0.04595228333473206,0.6554383748054504,0.6554383748054504,0.0,2.0,2.0,2650.0,1801.0,0.0,0.3126496970653534,0.7914700508117676,1.1285406351089478,6.454639434814453,18.0
dynamic,1,2,266,0.7152862317085266,0.671454634475708,0.04383160125017166,0.6681948204994201,0.6681948204994201,0.0,2.0,2.0,2660.0,1801.0,0.0,0.3126496970653534,0.7914700508117676,1.1285406351089478,6.454639434814453,18.0
dynamic,1,2,267,0.7064762434959412,0.6672812671661377,0.03919496755599976,0.653758922290802,0.653758922290802,0.0,2.0,2.0,2670.0,1801.0,0.0,0.3126496970653534,0.7914700508117676,1.1285406351089478,6.454639434814453,18.0
dynamic,1,2,268,0.7034610280036926,0.6630818712234497,0.04037915496230125,0.658568335056305,0.658568335056305,0.0,2.0,2.0,2680.0,1801.0,0.0,0.3126496970653534,0.7914700508117676,1.1285406351089478,6.454639434814453,18.0
dynamic,1,2,269,0.71113569688797,0.6622233859062194,0.04891230409145355,0.6514733517646789,0.6514733517646789,0.0,2.0,2.0,2690.0,1801.0,0.0,0.3126496970653534,0.7914700508117676,1.1285406351089478,6.454639434814453,18.0
dynamic,1,2,270,0.7213229079246521,0.6752747109413147,0.04604819561243057,0.6555713738441468,0.6555713738441468,0.0,2.0,2.0,2700.0,1801.0,0.0,0.3126496970653534,0.7914700508117676,1.1285406351089478,6.454639434814453,18.0
dynamic,1,2,271,0.7037767894744873,0.661338637828827,0.04243814486861229,0.655455048751831,0.655455048751831,0.0,2.0,2.0,2710.0,1801.0,0.0,0.3126496970653534,0.7914700508117676,1.1285406351089478,6.454639434814453,18.0
dynamic,1,2,272,0.7132099663734436,0.6667070110321045,0.046502955949306486,0.6503572648048401,0.6503572648048401,0.0,2.0,2.0,2720.0,1801.0,0.0,0.3126496970653534,0.7914700508117676,1.1285406351089478,6.454639434814453,18.0
dynamic,1,2,273,0.7161788757324219,0.6685120738983155,0.047666802954673765,0.6517056858062744,0.6517056858062744,0.0,2.0,2.0,2730.0,1801.0,0.0,0.3126496970653534,0.7914700508117676,1.1285406351089478,6.454639434814453,18.0
dynamic,1,2,274,0.7132537064552307,0.6635164954185486,0.049737215703725815,0.655746967792511,0.655746967792511,0.0,2.0,2.0,2740.0,1801.0,0.0,0.3126496970653534,0.7914700508117676,1.1285406351089478,6.454639434814453,18.0
dynamic,1,2,275,0.7052504811286926,0.666939274597168,0.03831120247244835,0.6576323403358459,0.6576323403358459,0.0,2.0,2.0,2750.0,1801.0,0.0,0.3126496970653534,0.7914700508117676,1.1285406351089478,6.454639434814453,18.0
dynamic,1,2,276,0.7154864458084107,0.6691086493492127,0.0463777944624424,0.652878608417511,0.652878608417511,0.0,2.0,2.0,2760.0,1801.0,0.0,0.3126496970653534,0.7914700508117676,1.1285406351089478,6.454639434814453,18.0
dynamic,1,2,277,0.7099637603759765,0.6613708535194397,0.04859291251301765,0.6530756642341614,0.6530756642341614,0.0,2.0,2.0,2770.0,1801.0,0.0,0.3126496970653534,0.7914700508117676,1.1285406351089478,6.454639434814453,18.0
dynamic,1,2,278,0.7074037650108337,0.6641440077781677,0.043259770697355274,0.6484220566749572,0.6484220566749572,0.0,2.0,2.0,2780.0,1801.0,0.0,0.3126496970653534,0.7914700508117676,1.1285406351089478,6.454639434814453,18.0
dynamic,1,2,279,0.7070244484901428,0.6627831585884094,0.04424128415584564,0.6448706971168519,0.6448706971168519,0.0,2.0,2.0,2790.0,1801.0,0.0,0.3126496970653534,0.7914700508117676,1.1285406351089478,6.454639434814453,18.0
dynamic,1,2,280,0.7043483165740967,0.6572234164237976,0.04712490766644478,0.6470089260101318,0.6470089260101318,0.0,2.0,2.0,2800.0,1801.0,0.0,0.3126496970653534,0.7914700508117676,1.1285406351089478,6.454639434814453,18.0
dynamic,1,2,281,0.7065420646667481,0.6573071044921875,0.049234966659545895,0.6459865178108215,0.6459865178108215,0.0,2.0,2.0,2810.0,1801.0,0.0,0.3126496970653534,0.7914700508117676,1.1285406351089478,6.454639434814453,18.0
dynamic,1,2,282,0.7116568734169006,0.6662335576057434,0.04542331657409668,0.651287924861908,0.651287924861908,0.0,2.0,2.0,2820.0,1801.0,0.0,0.3126496970653534,0.7914700508117676,1.1285406351089478,6.454639434814453,18.0
dynamic,1,2,283,0.7029658562660217,0.6610553348541259,0.041910528522729876,0.6489672289848327,0.6489672289848327,0.0,2.0,2.0,2830.0,1801.0,0.0,0.3126496970653534,0.7914700508117676,1.1285406351089478,6.454639434814453,18.0
dynamic,1,2,284,0.7110537780761719,0.6621019122123718,0.04895185652971268,0.6495395851135254,0.6495395851135254,0.0,2.0,2.0,2840.0,1801.0,0.0,0.3126496970653534,0.7914700508117676,1.1285406351089478,6.454639434814453,18.0
dynamic,1,2,285,0.702051611328125,0.6532424194335937,0.048809190952777866,0.6443617532730103,0.6443617532730103,0.0,2.0,2.0,2850.0,1801.0,0.0,0.3126496970653534,0.7914700508117676,1.1285406351089478,6.454639434814453,18.0
dynamic,1,2,286,0.7004398312568665,0.6583958875656128,0.04204394894242287,0.6489389105796814,0.6489389105796814,0.0,2.0,2.0,2860.0,1801.0,0.0,0.3126496970653534,0.7914700508117676,1.1285406351089478,6.454639434814453,18.0
dynamic,1,2,287,0.7128895939826966,0.664981775188446,0.04790781342983246,0.6441849318504334,0.6441849318504334,0.0,2.0,2.0,2870.0,1801.0,0.0,0.3126496970653534,0.7914700508117676,1.1285406351089478,6.454639434814453,18.0
dynamic,1,2,288,0.7080729832649231,0.6588830577850342,0.04918992785811424,0.6486705613136291,0.6486705613136291,0.0,2.0,2.0,2880.0,1801.0,0.0,0.3126496970653534,0.7914700508117676,1.1285406351089478,6.454639434814453,18.0
dynamic,1,2,289,0.7134105878829956,0.6634293954849243,0.04998118878602981,0.657101158618927,0.657101158618927,0.0,2.0,2.0,2890.0,1801.0,0.0,0.3126496970653534,0.7914700508117676,1.1285406351089478,6.454639434814453,18.0
dynamic,1,2,290,0.7086787916183471,0.6553193707466125,0.05335942957997322,0.6463059823036194,0.6463059823036194,0.0,2.0,2.0,2900.0,1801.0,0.0,0.3126496970653534,0.7914700508117676,1.1285406351089478,6.454639434814453,18.0
dynamic,1,2,291,0.7068253652572631,0.6572234822273254,0.04960188374519348,0.6424054278373719,0.6424054278373719,0.0,2.0,2.0,2910.0,1801.0,0.0,0.3126496970653534,0.7914700508117676,1.1285406351089478,6.454639434814453,18.0
dynamic,1,2,292,0.7104826595306396,0.6635584403991699,0.04692422775030136,0.6372198249816895,0.6372198249816895,0.0,2.0,2.0,2920.0,1801.0,0.0,0.3126496970653534,0.7914700508117676,1.1285406351089478,6.454639434814453,18.0
dynamic,1,2,293,0.6968076699256897,0.6495134997367858,0.04729416563510895,0.6398795395851136,0.6398795395851136,0.0,2.0,2.0,2930.0,1801.0,0.0,0.3126496970653534,0.7914700508117676,1.1285406351089478,6.454639434814453,18.0
dynamic,1,2,294,0.7021818250656128,0.6564618865013122,0.04571994049549103,0.6413917027473449,0.6413917027473449,0.0,2.0,2.0,2940.0,1801.0,0.0,0.3126496970653534,0.7914700508117676,1.1285406351089478,6.454639434814453,18.0
dynamic,1,2,295,0.7032852885246277,0.6536387022972107,0.04964658699035644,0.6384491600036621,0.6384491600036621,0.0,2.0,2.0,2950.0,1801.0,0.0,0.3126496970653534,0.7914700508117676,1.1285406351089478,6.454639434814453,18.0
dynamic,1,2,296,0.7087416625022889,0.6552874256134034,0.05345423650741577,0.6388701704978943,0.6388701704978943,0.0,2.0,2.0,2960.0,1801.0,0.0,0.3126496970653534,0.7914700508117676,1.1285406351089478,6.454639434814453,18.0
dynamic,1,2,297,0.7121968760490417,0.6603502016067505,0.051846686786413194,0.6357894965171814,0.6357894965171814,0.0,2.0,2.0,2970.0,1801.0,0.0,0.3126496970653534,0.7914700508117676,1.1285406351089478,6.454639434814453,18.0
dynamic,1,2,298,0.711313265800476,0.6559487501144409,0.05536451633572578,0.6414423885345459,0.6414423885345459,0.0,2.0,2.0,2980.0,1801.0,0.0,0.3126496970653534,0.7914700508117676,1.1285406351089478,6.454639434814453,18.0
dynamic,1,2,299,0.7019942475318909,0.6578348092079163,0.044159432601928714,0.6445007971763611,0.6445007971763611,0.0,2.0,2.0,2990.0,1801.0,0.0,0.3126496970653534,0.7914700508117676,1.1285406351089478,6.454639434814453,18.0
dynamic,1,2,300,0.7047586736679077,0.6509110965728759,0.05384757298827171,0.6393589923858642,0.6393589923858642,0.0,2.0,2.0,3000.0,1801.0,0.0,0.3126496970653534,0.7914700508117676,1.1285406351089478,6.454639434814453,18.0
dynamic,1,2,301,0.699983207321167,0.6484750741004944,0.05150813793540001,0.6407221660614014,0.6407221660614014,0.0,2.0,2.0,3010.0,1801.0,0.0,0.3126496970653534,0.7914700508117676,1.1285406351089478,6.454639434814453,18.0
dynamic,1,2,302,0.7016721046447754,0.6524647638320923,0.04920733867883682,0.6404844311714173,0.6404844311714173,0.0,2.0,2.0,3020.0,1801.0,0.0,0.3126496970653534,0.7914700508117676,1.1285406351089478,6.454639434814453,18.0
dynamic,1,2,303,0.7042012915611268,0.6526303861618042,0.05157090135812759,0.6367494498252869,0.6367494498252869,0.0,2.0,2.0,3030.0,1801.0,0.0,0.3126496970653534,0.7914700508117676,1.1285406351089478,6.454639434814453,18.0
dynamic,1,2,304,0.7112472978591919,0.6550936444282531,0.05615366070270538,0.637367166519165,0.637367166519165,0.0,2.0,2.0,3040.0,1801.0,0.0,0.3126496970653534,0.7914700508117676,1.1285406351089478,6.454639434814453,18.0
dynamic,1,2,305,0.7011061820030212,0.652178157043457,0.04892803934216499,0.6361227933883667,0.6361227933883667,0.0,2.0,2.0,3050.0,1801.0,0.0,0.3126496970653534,0.7914700508117676,1.1285406351089478,6.454639434814453,18.0
dynamic,1,2,306,0.7021300931930542,0.6443736901283265,0.05775640037059784,0.6521603590965271,0.6521603590965271,0.0,2.0,2.0,3060.0,1801.0,0.0,0.3126496970653534,0.7914700508117676,1.1285406351089478,6.454639434814453,18.0
dynamic,1,2,307,0.7023753888130188,0.6545219295501709,0.04785345957875252,0.6299922135353089,0.6299922135353089,0.0,2.0,2.0,3070.0,1801.0,0.0,0.3126496970653534,0.7914700508117676,1.1285406351089478,6.454639434814453,18.0
dynamic,1,2,308,0.7037119716644287,0.6526318567276,0.05108010813593864,0.6316572620391846,0.6316572620391846,0.0,2.0,2.0,3080.0,1801.0,0.0,0.3126496970653534,0.7914700508117676,1.1285406351089478,6.454639434814453,18.0
dynamic,1,2,309,0.7079341675758362,0.652423588180542,0.05551057739853859,0.6437516246795655,0.6437516246795655,0.0,2.0,2.0,3090.0,1801.0,0.0,0.3126496970653534,0.7914700508117676,1.1285406351089478,6.454639434814453,18.0
dynamic,1,2,310,0.7070882660865784,0.6531987518310547,0.05388951055407524,0.6303328691482544,0.6303328691482544,0.0,2.0,2.0,3100.0,1801.0,0.0,0.3126496970653534,0.7914700508117676,1.1285406351089478,6.454639434814453,18.0
dynamic,1,2,311,0.6926880553245545,0.6458617164611816,0.0468263393342495,0.6298830028533936,0.6298830028533936,0.0,2.0,2.0,3110.0,1801.0,0.0,0.3126496970653534,0.7914700508117676,1.1285406351089478,6.454639434814453,18.0
dynamic,1,2,312,0.6978609392166137,0.6474485096931457,0.05041243017315865,0.637345583820343,0.637345583820343,0.0,2.0,2.0,3120.0,1801.0,0.0,0.3126496970653534,0.7914700508117676,1.1285406351089478,6.454639434814453,18.0
dynamic,1,2,313,0.6998454995155334,0.6454613987922668,0.054384096550941466,0.6349686919212342,0.6349686919212342,0.0,2.0,2.0,3130.0,1801.0,0.0,0.3126496970653534,0.7914700508117676,1.1285406351089478,6.454639434814453,18.0
dynamic,1,2,314,0.7082199167251587,0.6536418182373047,0.05457810138463974,0.6481399589538575,0.6481399589538575,0.0,2.0,2.0,3140.0,1801.0,0.0,0.3126496970653534,0.7914700508117676,1.1285406351089478,6.454639434814453,18.0
dynamic,1,2,315,0.6961090396881103,0.6453339469909668,0.05077509521245956,0.6308309986114502,0.6308309986114502,0.0,2.0,2.0,3150.0,1801.0,0.0,0.3126496970653534,0.7914700508117676,1.1285406351089478,6.454639434814453,18.0
dynamic,1,2,316,0.6990804849624633,0.6459891137123108,0.05309137244224548,0.6266861195564271,0.6266861195564271,0.0,2.0,2.0,3160.0,1801.0,0.0,0.3126496970653534,0.7914700508117676,1.1285406351089478,6.454639434814453,18.0
dynamic,1,2,317,0.6943090769767761,0.6472578951835632,0.047051182961463926,0.6298446203231811,0.6298446203231811,0.0,2.0,2.0,3170.0,1801.0,0.0,0.3126496970653534,0.7914700508117676,1.1285406351089478,6.454639434814453,18.0
dynamic,1,2,318,0.6964346014022827,0.6434586852073669,0.052975917315483095,0.6266692562103271,0.6266692562103271,0.0,2.0,2.0,3180.0,1801.0,0.0,0.3126496970653534,0.7914700508117676,1.1285406351089478,6.454639434814453,18.0
dynamic,1,2,319,0.6904610028266907,0.6411107355117798,0.049350256341695785,0.6257173512458801,0.6257173512458801,0.0,2.0,2.0,3190.0,1801.0,0.0,0.3126496970653534,0.7914700508117676,1.1285406351089478,6.454639434814453,18.0
dynamic,1,2,320,0.6977905931472779,0.6439376770973205,0.05385291963815689,0.6214354578018189,0.6214354578018189,0.0,2.0,2.0,3200.0,1801.0,0.0,0.3126496970653534,0.7914700508117676,1.1285406351089478,6.454639434814453,18.0
dynamic,1,2,321,0.6980944046020507,0.6463145761489868,0.05177982575893402,0.6285087553977966,0.6285087553977966,0.0,2.0,2.0,3210.0,1801.0,0.0,0.3126496970653534,0.7914700508117676,1.1285406351089478,6.454639434814453,18.0
dynamic,1,2,322,0.696946355342865,0.6428921888351441,0.05405417389273644,0.6245931167602539,0.6245931167602539,0.0,2.0,2.0,3220.0,1801.0,0.0,0.3126496970653534,0.7914700508117676,1.1285406351089478,6.454639434814453,18.0
dynamic,1,2,323,0.6847145886421203,0.6397290403366089,0.044985545319318775,0.6295673969268799,0.6295673969268799,0.0,2.0,2.0,3230.0,1801.0,0.0,0.3126496970653534,0.7914700508117676,1.1285406351089478,6.454639434814453,18.0
dynamic,1,2,324,0.7021980798721313,0.6465081547737122,0.05568993021249771,0.6227483174324036,0.6227483174324036,0.0,2.0,2.0,3240.0,1801.0,0.0,0.3126496970653534,0.7914700508117676,1.1285406351089478,6.454639434814453,18.0
dynamic,1,2,325,0.6824796727180481,0.6379290666580201,0.044550605833530425,0.6233671669960021,0.6233671669960021,0.0,2.0,2.0,3250.0,1801.0,0.0,0.3126496970653534,0.7914700508117676,1.1285406351089478,6.454639434814453,18.0
dynamic,1,2,326,0.6897600633621216,0.635396699142456,0.054363366889953614,0.6192974995613099,0.6192974995613099,0.0,2.0,2.0,3260.0,1801.0,0.0,0.3126496970653534,0.7914700508117676,1.1285406351089478,6.454639434814453,18.0
dynamic,1,2,327,0.6956239318847657,0.6438685297966004,0.05175540561079979,0.6258564215660095,0.6258564215660095,0.0,2.0,2.0,3270.0,1801.0,0.0,0.3126496970653534,0.7914700508117676,1.1285406351089478,6.454639434814453,18.0
dynamic,1,2,328,0.7035988601684571,0.6474242178916931,0.05617463421821594,0.6198463495254517,0.6198463495254517,0.0,2.0,2.0,3280.0,1801.0,0.0,0.3126496970653534,0.7914700508117676,1.1285406351089478,6.454639434814453,18.0
dynamic,1,2,329,0.6881484594345093,0.6452642127037048,0.04288425052165985,0.6245144542694092,0.6245144542694092,0.0,2.0,2.0,3290.0,1801.0,0.0,0.3126496970653534,0.7914700508117676,1.1285406351089478,6.454639434814453,18.0
dynamic,1,2,330,0.688182355594635,0.6370338079452514,0.05114855489730835,0.6259735772132874,0.6259735772132874,0.0,2.0,2.0,3300.0,1801.0,0.0,0.3126496970653534,0.7914700508117676,1.1285406351089478,6.454639434814453,18.0
dynamic,1,2,331,0.6810391324996948,0.6332427042007446,0.047796428591012956,0.625398388671875,0.625398388671875,0.0,2.0,2.0,3310.0,1801.0,0.0,0.3126496970653534,0.7914700508117676,1.1285406351089478,6.454639434814453,18.0
dynamic,1,2,332,0.6921171429634094,0.6366686102867126,0.055448525047302244,0.6189461035728454,0.6189461035728454,0.0,2.0,2.0,3320.0,1801.0,0.0,0.3126496970653534,0.7914700508117676,1.1285406351089478,6.454639434814453,18.0
dynamic,1,2,333,0.6827304440498352,0.6366983395576477,0.046032100743055346,0.6204802977561951,0.6204802977561951,0.0,2.0,2.0,3330.0,1801.0,0.0,0.3126496970653534,0.7914700508117676,1.1285406351089478,6.454639434814453,18.0
dynamic,1,2,334,0.6946709855079651,0.6368747292518616,0.05779625580906868,0.6188056181907654,0.6188056181907654,0.0,2.0,2.0,3340.0,1801.0,0.0,0.3126496970653534,0.7914700508117676,1.1285406351089478,6.454639434814453,18.0
dynamic,1,2,335,0.6877419673919678,0.6390364609718323,0.0487055009663105,0.6184461775779724,0.6184461775779724,0.0,2.0,2.0,3350.0,1801.0,0.0,0.3126496970653534,0.7914700508117676,1.1285406351089478,6.454639434814453,18.0
dynamic,1,2,336,0.6899597579956055,0.637561438369751,0.05239832481145859,0.6217976815223694,0.6217976815223694,0.0,2.0,2.0,3360.0,1801.0,0.0,0.3126496970653534,0.7914700508117676,1.1285406351089478,6.454639434814453,18.0
dynamic,1,2,337,0.6848364863395691,0.6365550870895386,0.04828140241503716,0.6152172916412354,0.6152172916412354,0.0,2.0,2.0,3370.0,1801.0,0.0,0.3126496970653534,0.7914700508117676,1.1285406351089478,6.454639434814453,18.0
dynamic,1,2,338,0.6796079376220703,0.6299266241073609,0.049681302607059476,0.6256343974113464,0.6256343974113464,0.0,2.0,2.0,3380.0,1801.0,0.0,0.3126496970653534,0.7914700508117676,1.1285406351089478,6.454639434814453,18.0
dynamic,1,2,339,0.6990548687934875,0.644157461643219,0.05489740111231804,0.6166265524864197,0.6166265524864197,0.0,2.0,2.0,3390.0,1801.0,0.0,0.3126496970653534,0.7914700508117676,1.1285406351089478,6.454639434814453,18.0
dynamic,1,2,340,0.6878124167442322,0.639178003692627,0.04863441323041916,0.6240011776924134,0.6240011776924134,0.0,2.0,2.0,3400.0,1801.0,0.0,0.3126496970653534,0.7914700508117676,1.1285406351089478,6.454639434814453,18.0
dynamic,1,2,341,0.6921339725494384,0.6371469980239868,0.0549869732439518,0.6225314745903016,0.6225314745903016,0.0,2.0,2.0,3410.0,1801.0,0.0,0.3126496970653534,0.7914700508117676,1.1285406351089478,6.454639434814453,18.0
dynamic,1,2,342,0.6938288774490357,0.645283512878418,0.04854536207914353,0.6221538607597351,0.6221538607597351,0.0,2.0,2.0,3420.0,1801.0,0.0,0.3126496970653534,0.7914700508117676,1.1285406351089478,6.454639434814453,18.0
dynamic,1,2,343,0.6911257115364074,0.6438711451530457,0.04725456685423851,0.6212913458824157,0.6212913458824157,0.0,2.0,2.0,3430.0,1801.0,0.0,0.3126496970653534,0.7914700508117676,1.1285406351089478,6.454639434814453,18.0
dynamic,1,2,344,0.683820228767395,0.631238886833191,0.0525813386797905,0.617083274269104,0.617083274269104,0.0,2.0,2.0,3440.0,1801.0,0.0,0.3126496970653534,0.7914700508117676,1.1285406351089478,6.454639434814453,18.0
dynamic,1,2,345,0.6862144239425659,0.632656949710846,0.053557479685544966,0.6203676239967346,0.6203676239967346,0.0,2.0,2.0,3450.0,1801.0,0.0,0.3126496970653534,0.7914700508117676,1.1285406351089478,6.454639434814453,18.0
dynamic,1,2,346,0.6847582151412964,0.6353808750152588,0.0493773319363594,0.6201056687355041,0.6201056687355041,0.0,2.0,2.0,3460.0,1801.0,0.0,0.3126496970653534,0.7914700508117676,1.1285406351089478,6.454639434814453,18.0
dynamic,1,2,347,0.6970631463050843,0.640302317237854,0.05676082464456558,0.6156880793571472,0.6156880793571472,0.0,2.0,2.0,3470.0,1801.0,0.0,0.3126496970653534,0.7914700508117676,1.1285406351089478,6.454639434814453,18.0
dynamic,1,2,348,0.6773300909042358,0.633228794002533,0.04410129234790802,0.6225734818458557,0.6225734818458557,0.0,2.0,2.0,3480.0,1801.0,0.0,0.3126496970653534,0.7914700508117676,1.1285406351089478,6.454639434814453,18.0
dynamic,1,2,349,0.6717492133140563,0.625816142654419,0.045933074450492856,0.6161969318389893,0.6161969318389893,0.0,2.0,2.0,3490.0,1801.0,0.0,0.3126496970653534,0.7914700508117676,1.1285406351089478,6.454639434814453,18.0
dynamic,1,2,350,0.6828266537666321,0.6282389486312866,0.05458769604563713,0.6183241458892822,0.6183241458892822,0.0,2.0,2.0,3500.0,1801.0,0.0,0.3126496970653534,0.7914700508117676,1.1285406351089478,6.454639434814453,18.0
dynamic,1,2,351,0.6818505566596985,0.6272999822616577,0.05455057193040848,0.6248867650032044,0.6248867650032044,0.0,2.0,2.0,3510.0,1801.0,0.0,0.3126496970653534,0.7914700508117676,1.1285406351089478,6.454639434814453,18.0
dynamic,1,2,352,0.6853722011566162,0.631082757282257,0.05428943830728531,0.6200206052780152,0.6200206052780152,0.0,2.0,2.0,3520.0,1801.0,0.0,0.3126496970653534,0.7914700508117676,1.1285406351089478,6.454639434814453,18.0
dynamic,1,2,353,0.677022521018982,0.6304416130065918,0.04658090091943741,0.6168899732589722,0.6168899732589722,0.0,2.0,2.0,3530.0,1801.0,0.0,0.3126496970653534,0.7914700508117676,1.1285406351089478,6.454639434814453,18.0
dynamic,1,2,354,0.6757563503265381,0.6265333575248718,0.04922299389839172,0.615410607624054,0.615410607624054,0.0,2.0,2.0,3540.0,1801.0,0.0,0.3126496970653534,0.7914700508117676,1.1285406351089478,6.454639434814453,18.0
dynamic,1,2,355,0.6873254852294922,0.6378046395301818,0.049520846396684644,0.6109024337768555,0.6109024337768555,0.0,2.0,2.0,3550.0,1801.0,0.0,0.3126496970653534,0.7914700508117676,1.1285406351089478,6.454639434814453,18.0
dynamic,1,2,356,0.6798696435928345,0.6300931260108947,0.049776516729593275,0.6132762375831604,0.6132762375831604,0.0,2.0,2.0,3560.0,1801.0,0.0,0.3126496970653534,0.7914700508117676,1.1285406351089478,6.454639434814453,18.0
dynamic,1,2,357,0.6887620779037475,0.6323945118904114,0.05636757853627205,0.6170321818351746,0.6170321818351746,0.0,2.0,2.0,3570.0,1801.0,0.0,0.3126496970653534,0.7914700508117676,1.1285406351089478,6.454639434814453,18.0
dynamic,1,2,358,0.6897150144577027,0.6356164513587952,0.054098566800355914,0.616873553276062,0.616873553276062,0.0,2.0,2.0,3580.0,1801.0,0.0,0.3126496970653534,0.7914700508117676,1.1285406351089478,6.454639434814453,18.0
dynamic,1,2,359,0.6807313057899476,0.6304935075759888,0.05023779935836792,0.6140129775047303,0.6140129775047303,0.0,2.0,2.0,3590.0,1801.0,0.0,0.3126496970653534,0.7914700508117676,1.1285406351089478,6.454639434814453,18.0
dynamic,1,2,360,0.677529326248169,0.6283681283950806,0.049161188381910324,0.6149254713058472,0.6149254713058472,0.0,2.0,2.0,3600.0,1801.0,0.0,0.3126496970653534,0.7914700508117676,1.1285406351089478,6.454639434814453,18.0
dynamic,1,2,361,0.6746128788948059,0.6233466589927673,0.051266224795579914,0.6140788938522339,0.6140788938522339,0.0,2.0,2.0,3610.0,1801.0,0.0,0.3126496970653534,0.7914700508117676,1.1285406351089478,6.454639434814453,18.0
dynamic,1,2,362,0.6719355453491211,0.6241555604934692,0.04777998546361923,0.6142864631652832,0.6142864631652832,0.0,2.0,2.0,3620.0,1801.0,0.0,0.3126496970653534,0.7914700508117676,1.1285406351089478,6.454639434814453,18.0
dynamic,1,2,363,0.6706905848503113,0.6183346357345582,0.0523559542119503,0.6140243918418884,0.6140243918418884,0.0,2.0,2.0,3630.0,1801.0,0.0,0.3126496970653534,0.7914700508117676,1.1285406351089478,6.454639434814453,18.0
dynamic,1,2,364,0.6802412753105164,0.6254911427497863,0.05475013071894646,0.6166117851257324,0.6166117851257324,0.0,2.0,2.0,3640.0,1801.0,0.0,0.3126496970653534,0.7914700508117676,1.1285406351089478,6.454639434814453,18.0
dynamic,1,2,365,0.6832105189323425,0.6336777701377868,0.04953274980187416,0.6133207240104676,0.6133207240104676,0.0,2.0,2.0,3650.0,1801.0,0.0,0.3126496970653534,0.7914700508117676,1.1285406351089478,6.454639434814453,18.0
dynamic,1,2,366,0.6713672203063965,0.621819675731659,0.04954754302501679,0.6183016386985779,0.6183016386985779,0.0,2.0,2.0,3660.0,1801.0,0.0,0.3126496970653534,0.7914700508117676,1.1285406351089478,6.454639434814453,18.0
dynamic,1,2,367,0.6748364134788514,0.6265040778160095,0.048332333755493166,0.6188062684059144,0.6188062684059144,0.0,2.0,2.0,3670.0,1801.0,0.0,0.3126496970653534,0.7914700508117676,1.1285406351089478,6.454639434814453,18.0
dynamic,1,2,368,0.6713701910972595,0.6229049612045288,0.048465233463048936,0.617307281780243,0.617307281780243,0.0,2.0,2.0,3680.0,1801.0,0.0,0.3126496970653534,0.7914700508117676,1.1285406351089478,6.454639434814453,18.0
dynamic,1,2,369,0.6901751247406006,0.6349870988845825,0.055188014769554136,0.6114187026977539,0.6114187026977539,0.0,2.0,2.0,3690.0,1801.0,0.0,0.3126496970653534,0.7914700508117676,1.1285406351089478,6.454639434814453,18.0
dynamic,1,2,370,0.6756515546798706,0.6300957992553711,0.045555759620666506,0.6142435336112976,0.6142435336112976,0.0,2.0,2.0,3700.0,1801.0,0.0,0.3126496970653534,0.7914700508117676,1.1285406351089478,6.454639434814453,18.0
dynamic,1,2,371,0.6791612171173096,0.6289486395835876,0.05021257961988449,0.6119145827293396,0.6119145827293396,0.0,2.0,2.0,3710.0,1801.0,0.0,0.3126496970653534,0.7914700508117676,1.1285406351089478,6.454639434814453,18.0
dynamic,1,2,372,0.6840115703582764,0.6309978107452393,0.05301376479864121,0.6075886319160462,0.6075886319160462,0.0,2.0,2.0,3720.0,1801.0,0.0,0.3126496970653534,0.7914700508117676,1.1285406351089478,6.454639434814453,18.0
dynamic,1,2,373,0.671521505355835,0.6150669145584107,0.05645459827184677,0.6083638904571533,0.6083638904571533,0.0,2.0,2.0,3730.0,1801.0,0.0,0.3126496970653534,0.7914700508117676,1.1285406351089478,6.454639434814453,18.0
dynamic,1,2,374,0.6809552711486816,0.6252403861999511,0.055714891386032105,0.6097974212646484,0.6097974212646484,0.0,2.0,2.0,3740.0,1801.0,0.0,0.3126496970653534,0.7914700508117676,1.1285406351089478,6.454639434814453,18.0
dynamic,1,2,375,0.6654722922325135,0.6146627284049988,0.05080956346988678,0.6029755738258362,0.6029755738258362,0.0,2.0,2.0,3750.0,1801.0,0.0,0.3126496970653534,0.7914700508117676,1.1285406351089478,6.454639434814453,18.0
dynamic,1,2,376,0.6757768054008484,0.6251842277526856,0.05059257773756981,0.6104943005561828,0.6104943005561828,0.0,2.0,2.0,3760.0,1801.0,0.0,0.3126496970653534,0.7914700508117676,1.1285406351089478,6.454639434814453,18.0
dynamic,1,2,377,0.6711212024688721,0.6195975176811218,0.05152369465827942,0.6025177958488465,0.6025177958488465,0.0,2.0,2.0,3770.0,1801.0,0.0,0.3126496970653534,0.7914700508117676,1.1285406351089478,6.454639434814453,18.0
dynamic,1,2,378,0.6700335610389709,0.6231728649139404,0.046860690265893935,0.6116095836639405,0.6116095836639405,0.0,2.0,2.0,3780.0,1801.0,0.0,0.3126496970653534,0.7914700508117676,1.1285406351089478,6.454639434814453,18.0
dynamic,1,2,379,0.6739363889694214,0.6248213485717773,0.04911503739356995,0.61125478515625,0.61125478515625,0.0,2.0,2.0,3790.0,1801.0,0.0,0.3126496970653534,0.7914700508117676,1.1285406351089478,6.454639434814453,18.0
dynamic,1,2,380,0.6640893985748291,0.6145418152809143,0.0495475882768631,0.6178590273857116,0.6178590273857116,0.0,2.0,2.0,3800.0,1801.0,0.0,0.3126496970653534,0.7914700508117676,1.1285406351089478,6.454639434814453,18.0
dynamic,1,2,381,0.6796711332321167,0.624856192111969,0.05481494120955467,0.6050162585258484,0.6050162585258484,0.0,2.0,2.0,3810.0,1801.0,0.0,0.3126496970653534,0.7914700508117676,1.1285406351089478,6.454639434814453,18.0
dynamic,1,2,382,0.6771348526000976,0.6238525392532349,0.053282308161258694,0.6057259388923645,0.6057259388923645,0.0,2.0,2.0,3820.0,1801.0,0.0,0.3126496970653534,0.7914700508117676,1.1285406351089478,6.454639434814453,18.0
dynamic,1,2,383,0.6738081561088562,0.6213108193397522,0.052497348999977114,0.6008275299072265,0.6008275299072265,0.0,2.0,2.0,3830.0,1801.0,0.0,0.3126496970653534,0.7914700508117676,1.1285406351089478,6.454639434814453,18.0
dynamic,1,2,384,0.6728427885055542,0.6208651723861695,0.05197761881351471,0.6007816599845887,0.6007816599845887,0.0,2.0,2.0,3840.0,1801.0,0.0,0.3126496970653534,0.7914700508117676,1.1285406351089478,6.454639434814453,18.0
dynamic,1,2,385,0.6744587602615356,0.6212301299095154,0.05322862604260445,0.6009205218315125,0.6009205218315125,0.0,2.0,2.0,3850.0,1801.0,0.0,0.3126496970653534,0.7914700508117676,1.1285406351089478,6.454639434814453,18.0
dynamic,1,2,386,0.668796502494812,0.6153487973213195,0.05344770113229751,0.602031740474701,0.602031740474701,0.0,2.0,2.0,3860.0,1801.0,0.0,0.3126496970653534,0.7914700508117676,1.1285406351089478,6.454639434814453,18.0
dynamic,1,2,387,0.6715123321533203,0.6212495322227478,0.05026280006766319,0.6038618058204651,0.6038618058204651,0.0,2.0,2.0,3870.0,1801.0,0.0,0.3126496970653534,0.7914700508117676,1.1285406351089478,6.454639434814453,18.0
dynamic,1,2,388,0.6682514667510986,0.6154012418746948,0.052850224786996844,0.6048167070388794,0.6048167070388794,0.0,2.0,2.0,3880.0,1801.0,0.0,0.3126496970653534,0.7914700508117676,1.1285406351089478,6.454639434814453,18.0
dynamic,1,2,389,0.6625120454788208,0.6135445985794067,0.04896745066642761,0.6053075684547424,0.6053075684547424,0.0,2.0,2.0,3890.0,1801.0,0.0,0.3126496970653534,0.7914700508117676,1.1285406351089478,6.454639434814453,18.0
dynamic,1,2,390,0.6674573244094849,0.613186949634552,0.054270374256372454,0.6028951778411865,0.6028951778411865,0.0,2.0,2.0,3900.0,1801.0,0.0,0.3126496970653534,0.7914700508117676,1.1285406351089478,6.454639434814453,18.0
dynamic,1,2,391,0.6762107642173767,0.6257689234733581,0.05044184592962265,0.6046853240013123,0.6046853240013123,0.0,2.0,2.0,3910.0,1801.0,0.0,0.3126496970653534,0.7914700508117676,1.1285406351089478,6.454639434814453,18.0
dynamic,1,2,392,0.6699502522468567,0.6196564769744873,0.05029377161264419,0.6079903473854065,0.6079903473854065,0.0,2.0,2.0,3920.0,1801.0,0.0,0.3126496970653534,0.7914700508117676,1.1285406351089478,6.454639434814453,18.0
dynamic,1,2,393,0.670329237651825,0.6188863512039184,0.05144288368821144,0.6126406673431396,0.6126406673431396,0.0,2.0,2.0,3930.0,1801.0,0.0,0.3126496970653534,0.7914700508117676,1.1285406351089478,6.454639434814453,18.0
dynamic,1,2,394,0.6818893941879273,0.6253842964172364,0.05650509859919548,0.6159793079376221,0.6159793079376221,0.0,2.0,2.0,3940.0,1801.0,0.0,0.3126496970653534,0.7914700508117676,1.1285406351089478,6.454639434814453,18.0
dynamic,1,2,395,0.6675584328651428,0.6178823617935181,0.04967607706189155,0.6104665788650513,0.6104665788650513,0.0,2.0,2.0,3950.0,1801.0,0.0,0.3126496970653534,0.7914700508117676,1.1285406351089478,6.454639434814453,18.0
dynamic,1,2,396,0.6805720043182373,0.6270977833747864,0.0534742230951786,0.6116153950691223,0.6116153950691223,0.0,2.0,2.0,3960.0,1801.0,0.0,0.3126496970653534,0.7914700508117676,1.1285406351089478,6.454639434814453,18.0
dynamic,1,2,397,0.674067057132721,0.6219419280052185,0.05212512813806534,0.5999174068450928,0.5999174068450928,0.0,2.0,2.0,3970.0,1801.0,0.0,0.3126496970653534,0.7914700508117676,1.1285406351089478,6.454639434814453,18.0
dynamic,1,2,398,0.6633483531951905,0.6161320260047912,0.04721632876396179,0.6069913340568542,0.6069913340568542,0.0,2.0,2.0,3980.0,1801.0,0.0,0.3126496970653534,0.7914700508117676,1.1285406351089478,6.454639434814453,18.0
dynamic,1,2,399,0.66778744764328,0.6167754139900208,0.05101204227209091,0.5988642742156982,0.5988642742156982,0.0,2.0,2.0,3990.0,1801.0,0.0,0.3126496970653534,0.7914700508117676,1.1285406351089478,6.454639434814453,18.0
dynamic,1,2,400,0.6651983332633972,0.6161940696716308,0.04900426298379898,0.599057940864563,0.599057940864563,0.0,2.0,2.0,4000.0,1801.0,0.0,0.3126496970653534,0.7914700508117676,1.1285406351089478,6.454639434814453,18.0
dynamic,1,2,401,0.6582302532196045,0.6084647700309753,0.04976548098921776,0.6057475902557373,0.6057475902557373,0.0,2.0,2.0,4010.0,1801.0,0.0,0.3126496970653534,0.7914700508117676,1.1285406351089478,6.454639434814453,18.0
dynamic,1,2,402,0.6576549033164978,0.60680774269104,0.05084716145396233,0.6108812140464783,0.6108812140464783,0.0,2.0,2.0,4020.0,1801.0,0.0,0.3126496970653534,0.7914700508117676,1.1285406351089478,6.454639434814453,18.0
dynamic,1,2,403,0.6723627368927002,0.6198493666648864,0.052513379561901094,0.6034497468948364,0.6034497468948364,0.0,2.0,2.0,4030.0,1801.0,0.0,0.3126496970653534,0.7914700508117676,1.1285406351089478,6.454639434814453,18.0
dynamic,1,2,404,0.6652119973182679,0.6151579656600952,0.05005402992963791,0.6005630800247193,0.6005630800247193,0.0,2.0,2.0,4040.0,1801.0,0.0,0.3126496970653534,0.7914700508117676,1.1285406351089478,6.454639434814453,18.0
dynamic,1,2,405,0.6731635838508606,0.6170458324432373,0.056117746984958645,0.5987475532531739,0.5987475532531739,0.0,2.0,2.0,4050.0,1801.0,0.0,0.3126496970653534,0.7914700508117676,1.1285406351089478,6.454639434814453,18.0
dynamic,1,2,406,0.661975653553009,0.6152245528221131,0.04675109583735466,0.5990581606864929,0.5990581606864929,0.0,2.0,2.0,4060.0,1801.0,0.0,0.3126496970653534,0.7914700508117676,1.1285406351089478,6.454639434814453,18.0
dynamic,1,2,407,0.6661434648513794,0.609727721118927,0.056415738505125046,0.6105351328849793,0.6105351328849793,0.0,2.0,2.0,4070.0,1801.0,0.0,0.3126496970653534,0.7914700508117676,1.1285406351089478,6.454639434814453,18.0
dynamic,1,2,408,0.6668249021530152,0.6134903427124023,0.05333455140590668,0.5970494888305664,0.5970494888305664,0.0,2.0,2.0,4080.0,1801.0,0.0,0.3126496970653534,0.7914700508117676,1.1285406351089478,6.454639434814453,18.0
dynamic,1,2,409,0.6625049243927001,0.6113024004936218,0.05120252073407173,0.6019611057281494,0.6019611057281494,0.0,2.0,2.0,4090.0,1801.0,0.0,0.3126496970653534,0.7914700508117676,1.1285406351089478,6.454639434814453,18.0
dynamic,1,2,410,0.6776422047615052,0.6244607850074768,0.053181411719322204,0.6123705309867858,0.6123705309867858,0.0,2.0,2.0,4100.0,1801.0,0.0,0.3126496970653534,0.7914700508117676,1.1285406351089478,6.454639434814453,18.0
dynamic,1,2,411,0.6622692953109741,0.6051560221672058,0.057113280034065246,0.5984779547691346,0.5984779547691346,0.0,2.0,2.0,4110.0,1801.0,0.0,0.3126496970653534,0.7914700508117676,1.1285406351089478,6.454639434814453,18.0
dynamic,1,2,412,0.6651870087623596,0.6102168848991394,0.05497012395262718,0.5974960610389709,0.5974960610389709,0.0,2.0,2.0,4120.0,1801.0,0.0,0.3126496970653534,0.7914700508117676,1.1285406351089478,6.454639434814453,18.0
dynamic,1,2,413,0.6702314128875733,0.6178870635032654,0.052344345051050185,0.6003976761817932,0.6003976761817932,0.0,2.0,2.0,4130.0,1801.0,0.0,0.3126496970653534,0.7914700508117676,1.1285406351089478,6.454639434814453,18.0
dynamic,1,2,414,0.6641886498451233,0.6081833891868591,0.056005253994464876,0.5959813673973083,0.5959813673973083,0.0,2.0,2.0,4140.0,1801.0,0.0,0.3126496970653534,0.7914700508117676,1.1285406351089478,6.454639434814453,18.0
dynamic,1,2,415,0.6546953205108642,0.6094179567337036,0.04527736498713494,0.598066617488861,0.598066617488861,0.0,2.0,2.0,4150.0,1801.0,0.0,0.3126496970653534,0.7914700508117676,1.1285406351089478,6.454639434814453,18.0
dynamic,1,2,416,0.6636401187896729,0.6083285412788391,0.0553115768134594,0.5942026689529419,0.5942026689529419,0.0,2.0,2.0,4160.0,1801.0,0.0,0.3126496970653534,0.7914700508117676,1.1285406351089478,6.454639434814453,18.0
dynamic,1,2,417,0.6635571499824524,0.614262433719635,0.04929472034573555,0.5947957427978515,0.5947957427978515,0.0,2.0,2.0,4170.0,1801.0,0.0,0.3126496970653534,0.7914700508117676,1.1285406351089478,6.454639434814453,18.0
dynamic,1,2,418,0.6560506427764893,0.6045973169326783,0.05145331534147263,0.5926516392707825,0.5926516392707825,0.0,2.0,2.0,4180.0,1801.0,0.0,0.3126496970653534,0.7914700508117676,1.1285406351089478,6.454639434814453,18.0
dynamic,1,2,419,0.6623303679466248,0.6080117554664611,0.05431861297488213,0.5932479831695556,0.5932479831695556,0.0,2.0,2.0,4190.0,1801.0,0.0,0.3126496970653534,0.7914700508117676,1.1285406351089478,6.454639434814453,18.0
dynamic,1,2,420,0.6543700358390808,0.6042781814575195,0.05009185029864311,0.5974935801506043,0.5974935801506043,0.0,2.0,2.0,4200.0,1801.0,0.0,0.3126496970653534,0.7914700508117676,1.1285406351089478,6.454639434814453,18.0
dynamic,1,2,421,0.6595953037261962,0.6048408400535583,0.05475446183085442,0.5951938373565674,0.5951938373565674,0.0,2.0,2.0,4210.0,1801.0,0.0,0.3126496970653534,0.7914700508117676,1.1285406351089478,6.454639434814453,18.0
dynamic,1,2,422,0.6589480935096741,0.6066813229560852,0.05226675933599472,0.5997360160827637,0.5997360160827637,0.0,2.0,2.0,4220.0,1801.0,0.0,0.3126496970653534,0.7914700508117676,1.1285406351089478,6.454639434814453,18.0
dynamic,1,2,423,0.6566550065040588,0.6053920412063598,0.05126297553181648,0.5945214723587036,0.5945214723587036,0.0,2.0,2.0,4230.0,1801.0,0.0,0.3126496970653534,0.7914700508117676,1.1285406351089478,6.454639434814453,18.0
dynamic,1,2,424,0.6628261116027832,0.6072442184448242,0.055581899958848956,0.5983761396408082,0.5983761396408082,0.0,2.0,2.0,4240.0,1801.0,0.0,0.3126496970653534,0.7914700508117676,1.1285406351089478,6.454639434814453,18.0
dynamic,1,2,425,0.6607498976707459,0.6125664825439453,0.04818340794444084,0.5914586813926697,0.5914586813926697,0.0,2.0,2.0,4250.0,1801.0,0.0,0.3126496970653534,0.7914700508117676,1.1285406351089478,6.454639434814453,18.0
dynamic,1,2,426,0.6620633999824523,0.6045682654380798,0.057495130974054336,0.5944870997428894,0.5944870997428894,0.0,2.0,2.0,4260.0,1801.0,0.0,0.3126496970653534,0.7914700508117676,1.1285406351089478,6.454639434814453,18.0
dynamic,1,2,427,0.6530276281356812,0.6019997142791748,0.05102791886329651,0.5917357076644898,0.5917357076644898,0.0,2.0,2.0,4270.0,1801.0,0.0,0.3126496970653534,0.7914700508117676,1.1285406351089478,6.454639434814453,18.0
dynamic,1,2,428,0.6507684677124024,0.6031197870254517,0.047648694151639935,0.5935226630210877,0.5935226630210877,0.0,2.0,2.0,4280.0,1801.0,0.0,0.3126496970653534,0.7914700508117676,1.1285406351089478,6.454639434814453,18.0
dynamic,1,2,429,0.6645698997497559,0.6071440874099732,0.05742581469416618,0.5928335247039795,0.5928335247039795,0.0,2.0,2.0,4290.0,1801.0,0.0,0.3126496970653534,0.7914700508117676,1.1285406351089478,6.454639434814453,18.0
dynamic,1,2,430,0.6580706416130065,0.6019570141792298,0.0561136333823204,0.5934394514083863,0.5934394514083863,0.0,2.0,2.0,4300.0,1801.0,0.0,0.3126496970653534,0.7914700508117676,1.1285406351089478,6.454639434814453,18.0
dynamic,1,2,431,0.6578141309738159,0.6059017139434815,0.051912420666217804,0.5946794732093811,0.5946794732093811,0.0,2.0,2.0,4310.0,1801.0,0.0,0.3126496970653534,0.7914700508117676,1.1285406351089478,6.454639434814453,18.0
dynamic,1,2,432,0.6536216142654419,0.5994803666114807,0.054141245698928836,0.5902698302268982,0.5902698302268982,0.0,2.0,2.0,4320.0,1801.0,0.0,0.3126496970653534,0.7914700508117676,1.1285406351089478,6.454639434814453,18.0
dynamic,1,2,433,0.6578697714805603,0.604510447216034,0.0533593264400959,0.58762822265625,0.58762822265625,0.0,2.0,2.0,4330.0,1801.0,0.0,0.3126496970653534,0.7914700508117676,1.1285406351089478,6.454639434814453,18.0
dynamic,1,2,434,0.6572260566711425,0.6093586723327636,0.04786738476753235,0.5898113651275635,0.5898113651275635,0.0,2.0,2.0,4340.0,1801.0,0.0,0.3126496970653534,0.7914700508117676,1.1285406351089478,6.454639434814453,18.0
dynamic,1,2,435,0.6683499873161316,0.6093848636627197,0.05896512632369995,0.5957160943031311,0.5957160943031311,0.0,2.0,2.0,4350.0,1801.0,0.0,0.3126496970653534,0.7914700508117676,1.1285406351089478,6.454639434814453,18.0
dynamic,1,2,436,0.6587884532928466,0.6108456127166748,0.047942843627929686,0.5955227795600891,0.5955227795600891,0.0,2.0,2.0,4360.0,1801.0,0.0,0.3126496970653534,0.7914700508117676,1.1285406351089478,6.454639434814453,18.0
dynamic,1,2,437,0.6583277096748352,0.6072418426513672,0.05108586998581886,0.5879880443572998,0.5879880443572998,0.0,2.0,2.0,4370.0,1801.0,0.0,0.3126496970653534,0.7914700508117676,1.1285406351089478,6.454639434814453,18.0
dynamic,1,2,438,0.6502842901229858,0.5967529428482056,0.05353133852481842,0.5931087240219116,0.5931087240219116,0.0,2.0,2.0,4380.0,1801.0,0.0,0.3126496970653534,0.7914700508117676,1.1285406351089478,6.454639434814453,18.0
dynamic,1,2,439,0.6569495162963868,0.6038168087959289,0.05313270289897919,0.5951450914382934,0.5951450914382934,0.0,2.0,2.0,4390.0,1801.0,0.0,0.3126496970653534,0.7914700508117676,1.1285406351089478,6.454639434814453,18.0
dynamic,1,2,440,0.662287906551361,0.6084558494567871,0.05383204791545868,0.5941004001617431,0.5941004001617431,0.0,2.0,2.0,4400.0,1801.0,0.0,0.3126496970653534,0.7914700508117676,1.1285406351089478,6.454639434814453,18.0
dynamic,1,2,441,0.6492636454582215,0.5989092962265015,0.05035434802174568,0.593904092502594,0.593904092502594,0.0,2.0,2.0,4410.0,1801.0,0.0,0.3126496970653534,0.7914700508117676,1.1285406351089478,6.454639434814453,18.0
dynamic,1,2,442,0.6700994925498962,0.6097120500564576,0.06038744455575943,0.5924230193138122,0.5924230193138122,0.0,2.0,2.0,4420.0,1801.0,0.0,0.3126496970653534,0.7914700508117676,1.1285406351089478,6.454639434814453,18.0
dynamic,1,2,443,0.6505260794639588,0.6019991219997406,0.04852696318626404,0.5932126915931701,0.5932126915931701,0.0,2.0,2.0,4430.0,1801.0,0.0,0.3126496970653534,0.7914700508117676,1.1285406351089478,6.454639434814453,18.0
dynamic,1,2,444,0.6489269199371338,0.5931078742980957,0.05581904752254486,0.5836664199829101,0.5836664199829101,0.0,2.0,2.0,4440.0,1801.0,0.0,0.3126496970653534,0.7914700508117676,1.1285406351089478,6.454639434814453,18.0
dynamic,1,2,445,0.6486341193199158,0.596401215839386,0.052232903188467024,0.5922246998786926,0.5922246998786926,0.0,2.0,2.0,4450.0,1801.0,0.0,0.3126496970653534,0.7914700508117676,1.1285406351089478,6.454639434814453,18.0
dynamic,1,2,446,0.6521056360244751,0.6022309617042542,0.04987467299699783,0.5908737665176391,0.5908737665176391,0.0,2.0,2.0,4460.0,1801.0,0.0,0.3126496970653534,0.7914700508117676,1.1285406351089478,6.454639434814453,18.0
dynamic,1,2,447,0.6537548351287842,0.5996517901420593,0.05410304765701294,0.5931250749588013,0.5931250749588013,0.0,2.0,2.0,4470.0,1801.0,0.0,0.3126496970653534,0.7914700508117676,1.1285406351089478,6.454639434814453,18.0
dynamic,1,2,448,0.6580693784713745,0.6061678211212158,0.05190155521631241,0.5879456391334533,0.5879456391334533,0.0,2.0,2.0,4480.0,1801.0,0.0,0.3126496970653534,0.7914700508117676,1.1285406351089478,6.454639434814453,18.0
dynamic,1,2,449,0.6570891365051269,0.6072570016860962,0.04983214135169983,0.5824250652313232,0.5824250652313232,0.0,2.0,2.0,4490.0,1801.0,0.0,0.3126496970653534,0.7914700508117676,1.1285406351089478,6.454639434814453,18.0
dynamic,1,2,450,0.6495001430511474,0.5948520123481751,0.05464812962412834,0.5894780335426331,0.5894780335426331,0.0,2.0,2.0,4500.0,1801.0,0.0,0.3126496970653534,0.7914700508117676,1.1285406351089478,6.454639434814453,18.0
dynamic,1,2,451,0.6559498403549194,0.6066218410491944,0.04932800507545471,0.5900715559959412,0.5900715559959412,0.0,2.0,2.0,4510.0,1801.0,0.0,0.3126496970653534,0.7914700508117676,1.1285406351089478,6.454639434814453,18.0
dynamic,1,2,452,0.6478769890785218,0.5983594259262085,0.049517573946714404,0.595646431350708,0.595646431350708,0.0,2.0,2.0,4520.0,1801.0,0.0,0.3126496970653534,0.7914700508117676,1.1285406351089478,6.454639434814453,18.0
dynamic,1,2,453,0.6511578830718994,0.5983785924911499,0.05277929387688637,0.5818716859817505,0.5818716859817505,0.0,2.0,2.0,4530.0,1801.0,0.0,0.3126496970653534,0.7914700508117676,1.1285406351089478,6.454639434814453,18.0
dynamic,1,2,454,0.6508645673751831,0.5969044021606446,0.053960161262750626,0.5980499440193177,0.5980499440193177,0.0,2.0,2.0,4540.0,1801.0,0.0,0.3126496970653534,0.7914700508117676,1.1285406351089478,6.454639434814453,18.0
dynamic,1,2,455,0.6621478996276855,0.6086816819190979,0.053466216498613356,0.5909814671516418,0.5909814671516418,0.0,2.0,2.0,4550.0,1801.0,0.0,0.3126496970653534,0.7914700508117676,1.1285406351089478,6.454639434814453,18.0
dynamic,1,2,456,0.6528206379890442,0.5996903405189514,0.05313028970360756,0.5824910336494445,0.5824910336494445,0.0,2.0,2.0,4560.0,1801.0,0.0,0.3126496970653534,0.7914700508117676,1.1285406351089478,6.454639434814453,18.0
dynamic,1,2,457,0.6516344828605651,0.6038521490097046,0.04778232880234718,0.5898934916496277,0.5898934916496277,0.0,2.0,2.0,4570.0,1801.0,0.0,0.3126496970653534,0.7914700508117676,1.1285406351089478,6.454639434814453,18.0
dynamic,1,2,458,0.6560346333503723,0.6044326301574707,0.051602002876997,0.5860956261634827,0.5860956261634827,0.0,2.0,2.0,4580.0,1801.0,0.0,0.3126496970653534,0.7914700508117676,1.1285406351089478,6.454639434814453,18.0
dynamic,1,2,459,0.6502317511558533,0.5974642342567443,0.05276751346588135,0.5826786801338196,0.5826786801338196,0.0,2.0,2.0,4590.0,1801.0,0.0,0.3126496970653534,0.7914700508117676,1.1285406351089478,6.454639434814453,18.0
dynamic,1,2,460,0.6588038413047791,0.6018347412109375,0.05696909502148628,0.583278895187378,0.583278895187378,0.0,2.0,2.0,4600.0,1801.0,0.0,0.3126496970653534,0.7914700508117676,1.1285406351089478,6.454639434814453,18.0
dynamic,1,2,461,0.6548469092369079,0.6055106852531433,0.049336219203472136,0.5824815165519714,0.5824815165519714,0.0,2.0,2.0,4610.0,1801.0,0.0,0.3126496970653534,0.7914700508117676,1.1285406351089478,6.454639434814453,18.0
dynamic,1,2,462,0.6587537062644958,0.601787769317627,0.056965938180685044,0.5911719972610474,0.5911719972610474,0.0,2.0,2.0,4620.0,1801.0,0.0,0.3126496970653534,0.7914700508117676,1.1285406351089478,6.454639434814453,18.0
dynamic,1,2,463,0.6499024154663086,0.6003494501113892,0.04955296239256859,0.5821962493896484,0.5821962493896484,0.0,2.0,2.0,4630.0,1801.0,0.0,0.3126496970653534,0.7914700508117676,1.1285406351089478,6.454639434814453,18.0
dynamic,1,2,464,0.6476090371131897,0.5955652715682983,0.05204376870989799,0.5850091279029846,0.5850091279029846,0.0,2.0,2.0,4640.0,1801.0,0.0,0.3126496970653534,0.7914700508117676,1.1285406351089478,6.454639434814453,18.0
dynamic,1,2,465,0.6390368633270264,0.5871316275596619,0.05190524243116379,0.5908524018287659,0.5908524018287659,0.0,2.0,2.0,4650.0,1801.0,0.0,0.3126496970653534,0.7914700508117676,1.1285406351089478,6.454639434814453,18.0
dynamic,1,2,466,0.6536943731307984,0.5995526655197143,0.05414171124696732,0.582673521232605,0.582673521232605,0.0,2.0,2.0,4660.0,1801.0,0.0,0.3126496970653534,0.7914700508117676,1.1285406351089478,6.454639434814453,18.0
dynamic,1,2,467,0.6390940530776977,0.5852787033081055,0.05381534368991852,0.5893770624160767,0.5893770624160767,0.0,2.0,2.0,4670.0,1801.0,0.0,0.3126496970653534,0.7914700508117676,1.1285406351089478,6.454639434814453,18.0
dynamic,1,2,468,0.6439772276878357,0.5993408627510071,0.04463636567592621,0.5913387877464295,0.5913387877464295,0.0,2.0,2.0,4680.0,1801.0,0.0,0.3126496970653534,0.7914700508117676,1.1285406351089478,6.454639434814453,18.0
dynamic,1,2,469,0.659863726234436,0.6004981068611145,0.05936562141776085,0.5836273052215576,0.5836273052215576,0.0,2.0,2.0,4690.0,1801.0,0.0,0.3126496970653534,0.7914700508117676,1.1285406351089478,6.454639434814453,18.0
dynamic,1,2,470,0.6372713625907898,0.5936667315483093,0.04360464246273041,0.5924936075210572,0.5924936075210572,0.0,2.0,2.0,4700.0,1801.0,0.0,0.3126496970653534,0.7914700508117676,1.1285406351089478,6.454639434814453,18.0
dynamic,1,2,471,0.6552551946640015,0.6026265912055969,0.05262859134078026,0.5801541600227356,0.5801541600227356,0.0,2.0,2.0,4710.0,1801.0,0.0,0.3126496970653534,0.7914700508117676,1.1285406351089478,6.454639434814453,18.0
dynamic,1,2,472,0.6479951735496521,0.5961076222419739,0.05188755182623863,0.5886288311958313,0.5886288311958313,0.0,2.0,2.0,4720.0,1801.0,0.0,0.3126496970653534,0.7914700508117676,1.1285406351089478,6.454639434814453,18.0
dynamic,1,2,473,0.6506447402000427,0.5939766250610351,0.05666810499429703,0.5830438520431519,0.5830438520431519,0.0,2.0,2.0,4730.0,1801.0,0.0,0.3126496970653534,0.7914700508117676,1.1285406351089478,6.454639434814453,18.0
dynamic,1,2,474,0.6429228359222412,0.5964937787055969,0.046429043817520145,0.5808157395362854,0.5808157395362854,0.0,2.0,2.0,4740.0,1801.0,0.0,0.3126496970653534,0.7914700508117676,1.1285406351089478,6.454639434814453,18.0
dynamic,1,2,475,0.6544935583114624,0.5961186172485352,0.058374940031766895,0.5778350617408753,0.5778350617408753,0.0,2.0,2.0,4750.0,1801.0,0.0,0.3126496970653534,0.7914700508117676,1.1285406351089478,6.454639434814453,18.0
dynamic,1,2,476,0.6462953845977784,0.5963888090133667,0.049906580275297166,0.5853558482170105,0.5853558482170105,0.0,2.0,2.0,4760.0,1801.0,0.0,0.3126496970653534,0.7914700508117676,1.1285406351089478,6.454639434814453,18.0
dynamic,1,2,477,0.6460351670265198,0.5927555901527405,0.0532795716881752,0.578241432094574,0.578241432094574,0.0,2.0,2.0,4770.0,1801.0,0.0,0.3126496970653534,0.7914700508117676,1.1285406351089478,6.454639434814453,18.0
dynamic,1,2,478,0.6455348547935486,0.5917491005897522,0.05378574693202973,0.5868857190132141,0.5868857190132141,0.0,2.0,2.0,4780.0,1801.0,0.0,0.3126496970653534,0.7914700508117676,1.1285406351089478,6.454639434814453,18.0
dynamic,1,2,479,0.6516156519889832,0.5976930174827576,0.053922633969783786,0.5881955720901489,0.5881955720901489,0.0,2.0,2.0,4790.0,1801.0,0.0,0.3126496970653534,0.7914700508117676,1.1285406351089478,6.454639434814453,18.0
dynamic,1,2,480,0.646444324016571,0.5960998430252075,0.05034447574019432,0.5870575554847717,0.5870575554847717,0.0,2.0,2.0,4800.0,1801.0,0.0,0.3126496970653534,0.7914700508117676,1.1285406351089478,6.454639434814453,18.0
dynamic,1,2,481,0.6427661067962647,0.5926620102882385,0.05010409657359123,0.5816328052520752,0.5816328052520752,0.0,2.0,2.0,4810.0,1801.0,0.0,0.3126496970653534,0.7914700508117676,1.1285406351089478,6.454639434814453,18.0
dynamic,1,2,482,0.6556410385131836,0.5997529562950135,0.05588809094429016,0.5851655229568481,0.5851655229568481,0.0,2.0,2.0,4820.0,1801.0,0.0,0.3126496970653534,0.7914700508117676,1.1285406351089478,6.454639434814453,18.0
dynamic,1,2,483,0.6452681229591369,0.5937388245582581,0.05152931025028229,0.5871435720443725,0.5871435720443725,0.0,2.0,2.0,4830.0,1801.0,0.0,0.3126496970653534,0.7914700508117676,1.1285406351089478,6.454639434814453,18.0
dynamic,1,2,484,0.642156960105896,0.5871688286781311,0.054988121062517166,0.5947137789726258,0.5947137789726258,0.0,2.0,2.0,4840.0,1801.0,0.0,0.3126496970653534,0.7914700508117676,1.1285406351089478,6.454639434814453,18.0
dynamic,1,2,485,0.6422659717559814,0.5941872107505798,0.048078754764795305,0.5811561723709107,0.5811561723709107,0.0,2.0,2.0,4850.0,1801.0,0.0,0.3126496970653534,0.7914700508117676,1.1285406351089478,6.454639434814453,18.0
dynamic,1,2,486,0.6416496607780456,0.5937311559677124,0.04791850386857986,0.5867852492332458,0.5867852492332458,0.0,2.0,2.0,4860.0,1801.0,0.0,0.3126496970653534,0.7914700508117676,1.1285406351089478,6.454639434814453,18.0
dynamic,1,2,487,0.6541301843643188,0.6030339161872864,0.05109627311229706,0.5878653420448303,0.5878653420448303,0.0,2.0,2.0,4870.0,1801.0,0.0,0.3126496970653534,0.7914700508117676,1.1285406351089478,6.454639434814453,18.0
dynamic,1,2,488,0.6531029638290405,0.6019478157997131,0.05115515007376671,0.5876642467498779,0.5876642467498779,0.0,2.0,2.0,4880.0,1801.0,0.0,0.3126496970653534,0.7914700508117676,1.1285406351089478,6.454639434814453,18.0
dynamic,1,2,489,0.6499994969367981,0.5951467619419097,0.054852735555171964,0.5788761828422546,0.5788761828422546,0.0,2.0,2.0,4890.0,1801.0,0.0,0.3126496970653534,0.7914700508117676,1.1285406351089478,6.454639434814453,18.0
dynamic,1,2,490,0.6517741396903992,0.6002600665092468,0.05151407477259636,0.5911609259605408,0.5911609259605408,0.0,2.0,2.0,4900.0,1801.0,0.0,0.3126496970653534,0.7914700508117676,1.1285406351089478,6.454639434814453,18.0
dynamic,1,2,491,0.6478553135871887,0.5976816239356995,0.0501737003326416,0.5743350808143616,0.5743350808143616,0.0,2.0,2.0,4910.0,1801.0,0.0,0.3126496970653534,0.7914700508117676,1.1285406351089478,6.454639434814453,18.0
dynamic,1,2,492,0.6463754720687866,0.5954973625183105,0.05087810483574867,0.5743818834304809,0.5743818834304809,0.0,2.0,2.0,4920.0,1801.0,0.0,0.3126496970653534,0.7914700508117676,1.1285406351089478,6.454639434814453,18.0
dynamic,1,2,493,0.6483997100830078,0.5947797152519226,0.05362000192403793,0.57636343126297,0.57636343126297,0.0,2.0,2.0,4930.0,1801.0,0.0,0.3126496970653534,0.7914700508117676,1.1285406351089478,6.454639434814453,18.0
dynamic,1,2,494,0.637689497756958,0.5871371145248413,0.050552381032705304,0.580291041469574,0.580291041469574,0.0,2.0,2.0,4940.0,1801.0,0.0,0.3126496970653534,0.7914700508117676,1.1285406351089478,6.454639434814453,18.0
dynamic,1,2,495,0.6471631316184998,0.5984162178993225,0.048746904563903806,0.582803012752533,0.582803012752533,0.0,2.0,2.0,4950.0,1801.0,0.0,0.3126496970653534,0.7914700508117676,1.1285406351089478,6.454639434814453,18.0
dynamic,1,2,496,0.650167179965973,0.5939586574554443,0.05620852257609368,0.5717713572502137,0.5717713572502137,0.0,2.0,2.0,4960.0,1801.0,0.0,0.3126496970653534,0.7914700508117676,1.1285406351089478,6.454639434814453,18.0
dynamic,1,2,497,0.6348303095817566,0.579733436870575,0.055096873474121094,0.5787547590255737,0.5787547590255737,0.0,2.0,2.0,4970.0,1801.0,0.0,0.3126496970653534,0.7914700508117676,1.1285406351089478,6.454639434814453,18.0
dynamic,1,2,498,0.6336622242927551,0.5861110960006713,0.047551130896806716,0.5756624710083008,0.5756624710083008,0.0,2.0,2.0,4980.0,1801.0,0.0,0.3126496970653534,0.7914700508117676,1.1285406351089478,6.454639434814453,18.0
dynamic,1,2,499,0.641319657611847,0.5955774346351623,0.04574221285581589,0.5771967929840088,0.5771967929840088,0.0,2.0,2.0,4990.0,1801.0,0.0,0.3126496970653534,0.7914700508117676,1.1285406351089478,6.454639434814453,18.0
dynamic,1,2,500,0.6399847958564758,0.5933987382888793,0.046586061650514606,0.5721058066368103,0.5721058066368103,0.0,2.0,2.0,5000.0,1801.0,0.0,0.3126496970653534,0.7914700508117676,1.1285406351089478,6.454639434814453,18.0
