model,seed,level,epoch,train_total,train_effect,train_vq,eval_total,eval_effect,eval_vq,active_codes,ema_used_codes,occupancy_min,occupancy_max,occupancy_perplexity,step_counter,last_check_step,last_maintenance_step,last_structure_step,surprise_streak,growth_count,prune_count,merge_count,distance_mean,distance_p90,distance_p95,distance_max,surprise_support
dynamic_prune,1,1,1,5.177917404174805,5.169530340830485,0.008387022465467454,5.072393115361532,5.072393115361532,0.0,1.0,1.0,1.0,1.0,1.0,10.0,0.0,0.0,0.0,0.0,0.0,0.0,0.0,,,,,
dynamic_prune,1,1,2,5.0172457631429035,5.00179786046346,0.01544789416094621,4.90769234975179,4.90769234975179,0.0,1.0,1.0,1.0,1.0,1.0,20.0,0.0,0.0,0.0,0.0,0.0,0.0,0.0,,,,,
dynamic_prune,1,1,3,4.874215869903565,4.84160436630249,0.0326115753253301,4.753238433202108,4.753238433202108,0.0,1.0,1.0,1.0,1.0,1.0,30.0,0.0,0.0,0.0,0.0,0.0,0.0,0.0,,,,,
dynamic_prune,1,1,4,4.744366722106934,4.690323778788248,0.05404287735621134,4.6082835801442465,4.6082835801442465,0.0,1.0,1.0,1.0,1.0,1.0,40.0,0.0,0.0,0.0,0.0,0.0,0.0,0.0,,,,,
dynamic_prune,1,1,5,4.6262820498148605,4.551552375157674,0.07472968339920044,4.476636327107747,4.476636327107747,0.0,1.0,1.0,1.0,1.0,1.0,50.0,0.0,0.0,0.0,0.0,0.0,0.0,0.0,,,,,
dynamic_prune,1,1,6,4.524187672932943,4.424477780659993,0.09970990717411041,4.354734773635864,4.354734773635864,0.0,1.0,1.0,1.0,1.0,1.0,60.0,0.0,0.0,0.0,0.0,0.0,0.0,0.0,,,,,
dynamic_prune,1,1,7,4.437851912180583,4.305876000722249,0.13197587966918944,4.242042598724365,4.242042598724365,0.0,1.0,1.0,1.0,1.0,1.0,70.0,0.0,0.0,0.0,0.0,0.0,0.0,0.0,,,,,
dynamic_prune,1,1,8,4.378018226623535,4.197799441019694,0.18021880189577738,4.1367902787526445,4.1367902787526445,0.0,1.0,1.0,1.0,1.0,1.0,80.0,0.0,0.0,0.0,0.0,0.0,0.0,0.0,,,,,
dynamic_prune,1,1,9,4.329805609385173,4.094022617340088,0.23578303972880046,4.035762214660645,4.035762214660645,0.0,1.0,1.0,1.0,1.0,1.0,90.0,0.0,0.0,0.0,0.0,0.0,0.0,0.0,,,,,
dynamic_prune,1,1,10,4.296995557149251,3.993438653945923,0.3035569167137146,3.937186896006266,3.937186896006266,0.0,1.0,1.0,1.0,1.0,1.0,100.0,0.0,0.0,0.0,0.0,0.0,0.0,0.0,,,,,
dynamic_prune,1,1,11,4.279891033172607,3.8966821098327635,0.383208890358607,3.8424295870463054,3.8424295870463054,0.0,1.0,1.0,1.0,1.0,1.0,110.0,0.0,0.0,0.0,0.0,0.0,0.0,0.0,,,,,
dynamic_prune,1,1,12,4.269950904846191,3.8042709159851076,0.4656800448894501,3.7525341272354127,3.7525341272354127,0.0,1.0,1.0,1.0,1.0,1.0,120.0,0.0,0.0,0.0,0.0,0.0,0.0,0.0,,,,,
dynamic_prune,1,1,13,4.281767412821452,3.717314157485962,0.5644532124201457,3.6680028438568115,3.6680028438568115,0.0,1.0,1.0,1.0,1.0,1.0,130.0,0.0,0.0,0.0,0.0,0.0,0.0,0.0,,,,,
dynamic_prune,1,1,14,4.31545654296875,3.6343980503082274,0.6810584926605224,3.588683837254842,3.588683837254842,0.0,1.0,1.0,1.0,1.0,1.0,140.0,0.0,0.0,0.0,0.0,0.0,0.0,0.0,,,,,
dynamic_prune,1,1,15,4.358995310465494,3.5569672616322836,0.8020280106862386,3.512107286453247,3.512107286453247,0.0,1.0,1.0,1.0,1.0,1.0,150.0,0.0,0.0,0.0,0.0,0.0,0.0,0.0,,,,,
dynamic_prune,1,1,16,4.3652855618794755,3.480708309809367,0.8845772465070089,3.439296876589457,3.439296876589457,0.0,1.0,1.0,1.0,1.0,1.0,160.0,0.0,0.0,0.0,0.0,0.0,0.0,0.0,,,,,
dynamic_prune,1,1,17,4.34278377532959,3.4094324652353922,0.933351358572642,3.3682107480367023,3.3682107480367023,0.0,1.0,1.0,1.0,1.0,1.0,170.0,0.0,0.0,0.0,0.0,0.0,0.0,0.0,,,,,
dynamic_prune,1,1,18,4.311538143157959,3.3396772480010988,0.9718608872095744,3.30134570757548,3.30134570757548,0.0,1.0,1.0,1.0,1.0,1.0,180.0,0.0,0.0,0.0,0.0,0.0,0.0,0.0,,,,,
dynamic_prune,1,1,19,4.276161994934082,3.2741931374867757,1.001968749364217,3.237744499842326,3.237744499842326,0.0,1.0,1.0,1.0,1.0,1.0,190.0,0.0,0.0,0.0,0.0,0.0,0.0,0.0,,,,,
dynamic_prune,1,1,20,4.2598407872517905,3.2118067359924316,1.0480340480804444,3.1765592098236084,3.1765592098236084,0.0,1.0,1.0,1.0,1.0,1.0,200.0,0.0,0.0,0.0,0.0,0.0,0.0,0.0,,,,,
dynamic_prune,1,1,21,4.262341696421306,3.152272968292236,1.11006871064504,3.1181279182434083,3.1181279182434083,0.0,1.0,1.0,1.0,1.0,1.0,210.0,0.0,0.0,0.0,0.0,0.0,0.0,0.0,,,,,
dynamic_prune,1,1,22,4.30751246770223,3.0945962142944334,1.212916210492452,3.0621164067586264,3.0621164067586264,0.0,1.0,1.0,1.0,1.0,1.0,220.0,0.0,0.0,0.0,0.0,0.0,0.0,0.0,,,,,
dynamic_prune,1,1,23,4.3618895594278975,3.0394026756286623,1.3224868154525757,3.0085439745585125,3.0085439745585125,0.0,1.0,1.0,1.0,1.0,1.0,230.0,0.0,0.0,0.0,0.0,0.0,0.0,0.0,,,,,
dynamic_prune,1,1,24,4.328217264811198,2.9864055506388345,1.3418117300669352,2.9574927997589113,2.9574927997589113,0.0,1.0,1.0,1.0,1.0,1.0,240.0,0.0,0.0,0.0,0.0,0.0,0.0,0.0,,,,,
dynamic_prune,1,1,25,4.225527296066284,2.9363538519541423,1.2891733423868814,2.9069936498006186,2.9069936498006186,0.0,1.0,1.0,1.0,1.0,1.0,250.0,0.0,0.0,0.0,0.0,0.0,0.0,0.0,,,,,
dynamic_prune,1,1,26,4.101503995259603,2.8863691171010335,1.2151348686218262,2.8585435326894126,2.8585435326894126,0.0,1.0,1.0,1.0,1.0,1.0,260.0,0.0,0.0,0.0,0.0,0.0,0.0,0.0,,,,,
dynamic_prune,1,1,27,3.9931810760498045,2.8387587960561116,1.154422221183777,2.8114968172709145,2.8114968172709145,0.0,1.0,1.0,1.0,1.0,1.0,270.0,0.0,0.0,0.0,0.0,0.0,0.0,0.0,,,,,
dynamic_prune,1,1,28,3.94165452003479,2.792413380940755,1.1492411518096923,2.766329298019409,2.766329298019409,0.0,1.0,1.0,1.0,1.0,1.0,280.0,0.0,0.0,0.0,0.0,0.0,0.0,0.0,,,,,
dynamic_prune,1,1,29,3.9402157656351724,2.7485298697153726,1.1916859292984008,2.72283714612325,2.72283714612325,0.0,1.0,1.0,1.0,1.0,1.0,290.0,0.0,0.0,0.0,0.0,0.0,0.0,0.0,,,,,
dynamic_prune,1,1,30,3.915582154591878,2.7053652064005536,1.210217007001241,2.68198161760966,2.68198161760966,0.0,1.0,1.0,1.0,1.0,1.0,300.0,300.0,0.0,0.0,1.0,0.0,0.0,0.0,10.063526153564453,27.544342041015625,40.73996353149414,62.88128662109375,70.0
dynamic_prune,1,1,31,3.8471173731486004,2.665148557027181,1.1819688415527343,2.6421062692006427,2.6421062692006427,0.0,1.0,1.0,1.0,1.0,1.0,310.0,300.0,0.0,0.0,1.0,0.0,0.0,0.0,10.063526153564453,27.544342041015625,40.73996353149414,62.88128662109375,70.0
dynamic_prune,1,1,32,3.8169867769877115,2.6261274369557697,1.1908593320846557,2.604096409479777,2.604096409479777,0.0,1.0,1.0,1.0,1.0,1.0,320.0,300.0,0.0,0.0,1.0,0.0,0.0,0.0,10.063526153564453,27.544342041015625,40.73996353149414,62.88128662109375,70.0
dynamic_prune,1,1,33,3.811175133387248,2.5885351212819416,1.2226400248209635,2.567428086598714,2.567428086598714,0.0,1.0,1.0,1.0,1.0,1.0,330.0,300.0,0.0,0.0,1.0,0.0,0.0,0.0,10.063526153564453,27.544342041015625,40.73996353149414,62.88128662109375,70.0
dynamic_prune,1,1,34,3.7848396174112957,2.5520187505086263,1.23282088915507,2.5321251074473063,2.5321251074473063,0.0,1.0,1.0,1.0,1.0,1.0,340.0,300.0,0.0,0.0,1.0,0.0,0.0,0.0,10.063526153564453,27.544342041015625,40.73996353149414,62.88128662109375,70.0
dynamic_prune,1,1,35,3.7776156648000083,2.51708859761556,1.2605270417531331,2.4973774337768555,2.4973774337768555,0.0,1.0,1.0,1.0,1.0,1.0,350.0,300.0,0.0,0.0,1.0,0.0,0.0,0.0,10.063526153564453,27.544342041015625,40.73996353149414,62.88128662109375,70.0
dynamic_prune,1,1,36,3.7908546193440755,2.4831191062927247,1.307735538482666,2.463935572306315,2.463935572306315,0.0,1.0,1.0,1.0,1.0,1.0,360.0,300.0,0.0,0.0,1.0,0.0,0.0,0.0,10.063526153564453,27.544342041015625,40.73996353149414,62.88128662109375,70.0
dynamic_prune,1,1,37,3.7358364200592042,2.45013710975647,1.2856993357340494,2.431319080988566,2.431319080988566,0.0,1.0,1.0,1.0,1.0,1.0,370.0,300.0,0.0,0.0,1.0,0.0,0.0,0.0,10.063526153564453,27.544342041015625,40.73996353149414,62.88128662109375,70.0
dynamic_prune,1,1,38,3.6801937294006346,2.4180354277292886,1.2621583318710328,2.4007799498240154,2.4007799498240154,0.0,1.0,1.0,1.0,1.0,1.0,380.0,300.0,0.0,0.0,1.0,0.0,0.0,0.0,10.063526153564453,27.544342041015625,40.73996353149414,62.88128662109375,70.0
dynamic_prune,1,1,39,3.6254260762532553,2.3879615370432536,1.2374645392100017,2.3710937150319418,2.3710937150319418,0.0,1.0,1.0,1.0,1.0,1.0,390.0,300.0,0.0,0.0,1.0,0.0,0.0,0.0,10.063526153564453,27.544342041015625,40.73996353149414,62.88128662109375,70.0
dynamic_prune,1,1,40,3.6479598108927407,2.3955025259653726,1.252457284927368,3.33411865234375,3.33411865234375,0.0,2.0,2.0,0.22948524355888367,0.7705147862434387,1.7136980295181274,400.0,400.0,0.0,400.0,0.0,1.0,0.0,0.0,10.020834922790527,29.285152435302734,33.566436767578125,58.969478607177734,70.0
dynamic_prune,1,1,41,4.249346148173014,3.4091847546895346,0.8401613823572794,2.9318813451131187,2.9318813451131187,0.0,2.0,2.0,0.25421595573425293,0.7457840442657471,1.7628284692764282,410.0,400.0,0.0,400.0,0.0,1.0,0.0,0.0,10.020834922790527,29.285152435302734,33.566436767578125,58.969478607177734,70.0
dynamic_prune,1,1,42,4.07179105758667,3.592147887547811,0.4796431855360667,2.59676957766215,2.59676957766215,0.0,2.0,2.0,0.28447049856185913,0.7155294418334961,1.816889762878418,420.0,400.0,0.0,400.0,0.0,1.0,0.0,0.0,10.020834922790527,29.285152435302734,33.566436767578125,58.969478607177734,70.0
dynamic_prune,1,1,43,3.256781129837036,3.046087277730306,0.21069386184215547,3.271576255162557,3.271576255162557,0.0,2.0,2.0,0.29656198620796204,0.7034379839897156,1.8366129398345947,430.0,400.0,0.0,400.0,0.0,1.0,0.0,0.0,10.020834922790527,29.285152435302734,33.566436767578125,58.969478607177734,70.0
dynamic_prune,1,1,44,2.6892871189117433,2.589182923634847,0.10010420779387157,2.7486370436350502,2.7486370436350502,0.0,2.0,2.0,0.2897050380706787,0.7102949619293213,1.8255610466003418,440.0,400.0,0.0,400.0,0.0,1.0,0.0,0.0,10.020834922790527,29.285152435302734,33.566436767578125,58.969478607177734,70.0
dynamic_prune,1,1,45,2.638881867726644,2.5500715096791584,0.08881033837795257,2.4481871795654295,2.4481871795654295,0.0,2.0,2.0,0.28064510226249695,0.7193548679351807,1.810425043106079,450.0,400.0,0.0,400.0,0.0,1.0,0.0,0.0,10.020834922790527,29.285152435302734,33.566436767578125,58.969478607177734,70.0
dynamic_prune,1,1,46,2.6222857888539632,2.5259592151641845,0.096326575477918,2.470635805130005,2.470635805130005,0.0,2.0,2.0,0.2775166928768158,0.7224833369255066,1.8050577640533447,460.0,400.0,0.0,400.0,0.0,1.0,0.0,0.0,10.020834922790527,29.285152435302734,33.566436767578125,58.969478607177734,70.0
dynamic_prune,1,1,47,2.626031446456909,2.5278573767344157,0.09817406515280405,2.454064556757609,2.454064556757609,0.0,2.0,2.0,0.28263628482818604,0.717363715171814,1.8138034343719482,470.0,400.0,0.0,400.0,0.0,1.0,0.0,0.0,10.020834922790527,29.285152435302734,33.566436767578125,58.969478607177734,70.0
dynamic_prune,1,1,48,2.5740809631347656,2.4907705307006838,0.08331042895714443,2.463994665145874,2.463994665145874,0.0,2.0,2.0,0.288143128156662,0.7118568420410156,1.8229950666427612,480.0,400.0,0.0,400.0,0.0,1.0,0.0,0.0,10.020834922790527,29.285152435302734,33.566436767578125,58.969478607177734,70.0
dynamic_prune,1,1,49,2.4466618283589683,2.3825621096293133,0.06409970492124557,2.4137004597981773,2.4137004597981773,0.0,2.0,2.0,0.29091280698776245,0.7090871930122375,1.8275330066680908,490.0,400.0,0.0,400.0,0.0,1.0,0.0,0.0,10.020834922790527,29.285152435302734,33.566436767578125,58.969478607177734,70.0
dynamic_prune,1,1,50,2.379996598561605,2.326795806884766,0.0532008175055186,2.338117866516113,2.338117866516113,0.0,2.0,2.0,0.2902178466320038,0.7097822427749634,1.8263996839523315,500.0,400.0,0.0,400.0,0.0,1.0,0.0,0.0,10.020834922790527,29.285152435302734,33.566436767578125,58.969478607177734,70.0
dynamic_prune,1,1,51,2.3418517748514813,2.291539300282796,0.05031251321236292,2.2782639408111574,2.2782639408111574,0.0,2.0,2.0,0.29020217061042786,0.7097977995872498,1.8263740539550781,510.0,400.0,0.0,400.0,0.0,1.0,0.0,0.0,10.020834922790527,29.285152435302734,33.566436767578125,58.969478607177734,70.0
dynamic_prune,1,1,52,2.2952249177296955,2.244374132156372,0.050850779265165326,2.2342125161488853,2.2342125161488853,0.0,2.0,2.0,0.2927487790584564,0.707251250743866,1.8305097818374634,520.0,400.0,0.0,400.0,0.0,1.0,0.0,0.0,10.020834922790527,29.285152435302734,33.566436767578125,58.969478607177734,70.0
dynamic_prune,1,1,53,2.2774820200602215,2.227085798581441,0.05039619669318199,2.19264879544576,2.19264879544576,0.0,2.0,2.0,0.300153523683548,0.6998464465141296,1.8422622680664062,530.0,400.0,0.0,400.0,0.0,1.0,0.0,0.0,10.020834922790527,29.285152435302734,33.566436767578125,58.969478607177734,70.0
dynamic_prune,1,1,54,2.226204884847005,2.1825532786051434,0.04365159764885902,2.147367804845174,2.147367804845174,0.0,2.0,2.0,0.31158891320228577,0.6884110569953918,1.8596086502075195,540.0,400.0,0.0,400.0,0.0,1.0,0.0,0.0,10.020834922790527,29.285152435302734,33.566436767578125,58.969478607177734,70.0
dynamic_prune,1,1,55,2.1769674332936604,2.1384432824452717,0.0385241562128067,2.113647454579671,2.113647454579671,0.0,2.0,2.0,0.3201923072338104,0.679807722568512,1.8720128536224365,550.0,400.0,0.0,400.0,0.0,1.0,0.0,0.0,10.020834922790527,29.285152435302734,33.566436767578125,58.969478607177734,70.0
dynamic_prune,1,1,56,2.131804717381795,2.0962162113189695,0.03558852955698967,2.069938923517863,2.069938923517863,0.0,2.0,2.0,0.3260945975780487,0.6739053726196289,1.8802003860473633,560.0,400.0,0.0,400.0,0.0,1.0,0.0,0.0,10.020834922790527,29.285152435302734,33.566436767578125,58.969478607177734,70.0
dynamic_prune,1,1,57,2.1032161966959637,2.070210657119751,0.03300554290413857,2.049595346450806,2.049595346450806,0.0,2.0,2.0,0.3327120840549469,0.6672878861427307,1.8890663385391235,570.0,400.0,0.0,400.0,0.0,1.0,0.0,0.0,10.020834922790527,29.285152435302734,33.566436767578125,58.969478607177734,70.0
dynamic_prune,1,1,58,2.0671949863433836,2.0332707150777183,0.03392427429556846,2.0034872023264567,2.0034872023264567,0.0,2.0,2.0,0.3462463617324829,0.6537536382675171,1.9061622619628906,580.0,400.0,0.0,400.0,0.0,1.0,0.0,0.0,10.020834922790527,29.285152435302734,33.566436767578125,58.969478607177734,70.0
dynamic_prune,1,1,59,2.0142851003011066,1.9807041358947755,0.0335809588432312,1.9534960619608561,1.9534960619608561,0.0,2.0,2.0,0.3630252778530121,0.6369747519493103,1.9254101514816284,590.0,400.0,0.0,400.0,0.0,1.0,0.0,0.0,10.020834922790527,29.285152435302734,33.566436767578125,58.969478607177734,70.0
dynamic_prune,1,1,60,1.981002033551534,1.947763516108195,0.0332385158787171,1.9252335484822591,1.9252335484822591,0.0,2.0,2.0,0.37686291337013245,0.6231371164321899,1.9396497011184692,600.0,400.0,0.0,400.0,0.0,1.0,0.0,0.0,10.020834922790527,29.285152435302734,33.566436767578125,58.969478607177734,70.0
dynamic_prune,1,1,61,1.9534140078226725,1.9194920221964518,0.03392198018729687,1.901351391474406,1.901351391474406,0.0,2.0,2.0,0.3926507234573364,0.6073492765426636,1.9540791511535645,610.0,400.0,0.0,400.0,0.0,1.0,0.0,0.0,10.020834922790527,29.285152435302734,33.566436767578125,58.969478607177734,70.0
dynamic_prune,1,1,62,1.9372637049357095,1.9041607491175334,0.033102951496839526,1.8764155292510987,1.8764155292510987,0.0,2.0,2.0,0.4096997082233429,0.5903003215789795,1.9674712419509888,620.0,400.0,0.0,400.0,0.0,1.0,0.0,0.0,10.020834922790527,29.285152435302734,33.566436767578125,58.969478607177734,70.0
dynamic_prune,1,1,63,1.8951824363072713,1.8639625263214112,0.031219905763864516,1.8489660676320394,1.8489660676320394,0.0,2.0,2.0,0.4271845519542694,0.572815477848053,1.9788286685943604,630.0,400.0,0.0,400.0,0.0,1.0,0.0,0.0,10.020834922790527,29.285152435302734,33.566436767578125,58.969478607177734,70.0
dynamic_prune,1,1,64,1.8774610265096028,1.8480705944697062,0.029390422304471333,1.8208383146921794,1.8208383146921794,0.0,2.0,2.0,0.44417956471443176,0.5558204054832458,1.9875491857528687,640.0,400.0,0.0,400.0,0.0,1.0,0.0,0.0,10.020834922790527,29.285152435302734,33.566436767578125,58.969478607177734,70.0
dynamic_prune,1,1,65,1.863693102200826,1.834028476079305,0.029664629449446995,1.7934782632191977,1.7934782632191977,0.0,2.0,2.0,0.46049964427948,0.5395004153251648,1.9937621355056763,650.0,400.0,0.0,400.0,0.0,1.0,0.0,0.0,10.020834922790527,29.285152435302734,33.566436767578125,58.969478607177734,70.0
dynamic_prune,1,1,66,1.8387227376302084,1.8056438461939495,0.03307887479662895,1.7735767332712808,1.7735767332712808,0.0,2.0,2.0,0.47576677799224854,0.5242332220077515,1.99765145778656,660.0,400.0,0.0,400.0,0.0,1.0,0.0,0.0,10.020834922790527,29.285152435302734,33.566436767578125,58.969478607177734,70.0
dynamic_prune,1,1,67,1.806469095547994,1.770159371693929,0.0363096862534682,1.7483528741200765,1.7483528741200765,0.0,2.0,2.0,0.4901512563228607,0.5098487138748169,1.9996120929718018,670.0,400.0,0.0,400.0,0.0,1.0,0.0,0.0,10.020834922790527,29.285152435302734,33.566436767578125,58.969478607177734,70.0
dynamic_prune,1,1,68,1.7995273208618163,1.7618991724650066,0.03762815867861112,1.7309077008565268,1.7309077008565268,0.0,2.0,2.0,0.49896079301834106,0.5010392665863037,1.9999955892562866,680.0,400.0,0.0,400.0,0.0,1.0,0.0,0.0,10.020834922790527,29.285152435302734,33.566436767578125,58.969478607177734,70.0
dynamic_prune,1,1,69,1.798636918067932,1.7639773400624592,0.034659588783979414,1.7175195789337159,1.7175195789337159,0.0,2.0,2.0,0.49026113748550415,0.5097388625144958,1.9996206760406494,690.0,400.0,0.0,400.0,0.0,1.0,0.0,0.0,10.020834922790527,29.285152435302734,33.566436767578125,58.969478607177734,70.0
dynamic_prune,1,1,70,1.7562281545003255,1.721366957028707,0.034861184706290564,1.711977383295695,1.711977383295695,0.0,2.0,2.0,0.48159393668174744,0.5184060335159302,1.9986450672149658,700.0,700.0,0.0,400.0,1.0,1.0,0.0,0.0,0.31456202268600464,0.9341080784797668,1.17868971824646,2.3231887817382812,8.0
dynamic_prune,1,1,71,1.7479661051432291,1.706477214495341,0.041488907039165496,1.6738414923350016,1.6738414923350016,0.0,2.0,2.0,0.47049805521965027,0.5295019149780273,1.9965194463729858,710.0,700.0,0.0,400.0,1.0,1.0,0.0,0.0,0.31456202268600464,0.9341080784797668,1.17868971824646,2.3231887817382812,8.0
dynamic_prune,1,1,72,1.8022987286249796,1.7630550368626912,0.039243685205777486,1.7913516934712728,1.7913516934712728,0.0,2.0,2.0,0.4694557785987854,0.5305441617965698,1.9962693452835083,720.0,700.0,0.0,400.0,1.0,1.0,0.0,0.0,0.31456202268600464,0.9341080784797668,1.17868971824646,2.3231887817382812,8.0
dynamic_prune,1,1,73,1.9548570187886556,1.9123868799209596,0.04247013012568156,1.8449207560221355,1.8449207560221355,0.0,2.0,2.0,0.47536709904670715,0.5246329307556152,1.9975733757019043,730.0,700.0,0.0,400.0,1.0,1.0,0.0,0.0,0.31456202268600464,0.9341080784797668,1.17868971824646,2.3231887817382812,8.0
dynamic_prune,1,1,74,1.9723643032709757,1.9167281166712442,0.055636192560195925,1.8887339655558268,1.8887339655558268,0.0,2.0,2.0,0.48174044489860535,0.5182595252990723,1.998666524887085,740.0,700.0,0.0,400.0,1.0,1.0,0.0,0.0,0.31456202268600464,0.9341080784797668,1.17868971824646,2.3231887817382812,8.0
dynamic_prune,1,1,75,2.012035051981608,1.9393770345052084,0.07265802512566248,1.9099311129252117,1.9099311129252117,0.0,2.0,2.0,0.48791512846946716,0.5120848417282104,1.9994159936904907,750.0,700.0,0.0,400.0,1.0,1.0,0.0,0.0,0.31456202268600464,0.9341080784797668,1.17868971824646,2.3231887817382812,8.0
dynamic_prune,1,1,76,2.0871528784434,1.9638856347401936,0.12326723694801331,1.957221533457438,1.957221533457438,0.0,2.0,2.0,0.4935322403907776,0.5064677596092224,1.9998326301574707,760.0,700.0,0.0,400.0,1.0,1.0,0.0,0.0,0.31456202268600464,0.9341080784797668,1.17868971824646,2.3231887817382812,8.0
dynamic_prune,1,1,77,2.264839382171631,1.9961801878611247,0.26865920623143513,1.9940637397766112,1.9940637397766112,0.0,2.0,2.0,0.4985074996948242,0.5014925003051758,1.9999911785125732,770.0,700.0,0.0,400.0,1.0,1.0,0.0,0.0,0.31456202268600464,0.9341080784797668,1.17868971824646,2.3231887817382812,8.0
dynamic_prune,1,1,78,2.520499382019043,2.0403387689590455,0.4801605582237244,1.9891821479797362,1.9891821479797362,0.0,2.0,2.0,0.4955856204032898,0.5044143795967102,1.9999220371246338,780.0,700.0,0.0,400.0,1.0,1.0,0.0,0.0,0.31456202268600464,0.9341080784797668,1.17868971824646,2.3231887817382812,8.0
dynamic_prune,1,1,79,2.6537259101867674,1.9987042077382406,0.6550216682751974,1.9399168745676676,1.9399168745676676,0.0,2.0,2.0,0.4841609597206116,0.5158390402793884,1.9989964962005615,790.0,700.0,0.0,400.0,1.0,1.0,0.0,0.0,0.31456202268600464,0.9341080784797668,1.17868971824646,2.3231887817382812,8.0
dynamic_prune,1,1,80,2.6719841957092285,1.922708552678426,0.7492756533622742,1.9624328549702963,1.9624328549702963,0.0,3.0,3.0,0.2194608449935913,0.41545790433883667,2.9026567935943604,800.0,800.0,0.0,800.0,0.0,2.0,0.0,0.0,5.654829978942871,13.745532035827637,25.49376106262207,65.56976318359375,68.0
dynamic_prune,1,1,81,2.4656848033269245,1.9078651746114095,0.557819633881251,1.8097917461395263,1.8097917461395263,0.0,3.0,3.0,0.2167506217956543,0.4305379390716553,2.8915674686431885,810.0,800.0,0.0,800.0,0.0,2.0,0.0,0.0,5.654829978942871,13.745532035827637,25.49376106262207,65.56976318359375,68.0
dynamic_prune,1,1,82,2.153982776006063,1.8060877450307211,0.34789502064387,1.724916721979777,1.724916721979777,0.0,3.0,3.0,0.20557907223701477,0.44990599155426025,2.8624534606933594,820.0,800.0,0.0,800.0,0.0,2.0,0.0,0.0,5.654829978942871,13.745532035827637,25.49376106262207,65.56976318359375,68.0
dynamic_prune,1,1,83,1.9008687591552735,1.7186833381652833,0.18218543310960134,1.6556871668497721,1.6556871668497721,0.0,3.0,3.0,0.19010888040065765,0.4720824956893921,2.819535732269287,830.0,800.0,0.0,800.0,0.0,2.0,0.0,0.0,5.654829978942871,13.745532035827637,25.49376106262207,65.56976318359375,68.0
dynamic_prune,1,1,84,1.7071891434987385,1.629438500404358,0.07775064309438069,1.6380483595530193,1.6380483595530193,0.0,3.0,3.0,0.1752171516418457,0.49739253520965576,2.767965078353882,840.0,800.0,0.0,800.0,0.0,2.0,0.0,0.0,5.654829978942871,13.745532035827637,25.49376106262207,65.56976318359375,68.0
dynamic_prune,1,1,85,1.6472018146514893,1.6066081794102987,0.04059366097052892,1.613070961634318,1.613070961634318,0.0,3.0,3.0,0.161484494805336,0.5207475423812866,2.7142741680145264,850.0,800.0,0.0,800.0,0.0,2.0,0.0,0.0,5.654829978942871,13.745532035827637,25.49376106262207,65.56976318359375,68.0
dynamic_prune,1,1,86,1.635542591412862,1.5942710494995118,0.04127153913180033,1.5435814507802328,1.5435814507802328,0.0,3.0,3.0,0.1483050286769867,0.5406126379966736,2.6612417697906494,860.0,800.0,0.0,800.0,0.0,2.0,0.0,0.0,5.654829978942871,13.745532035827637,25.49376106262207,65.56976318359375,68.0
dynamic_prune,1,1,87,1.596108357111613,1.5489760796229044,0.04713226060072581,1.5002673117319743,1.5002673117319743,0.0,3.0,3.0,0.13623231649398804,0.5596738457679749,2.607518196105957,870.0,800.0,0.0,800.0,0.0,2.0,0.0,0.0,5.654829978942871,13.745532035827637,25.49376106262207,65.56976318359375,68.0
dynamic_prune,1,1,88,1.545520404179891,1.489468199412028,0.056052199999491376,1.4660491689046224,1.4660491689046224,0.0,3.0,3.0,0.12489739805459976,0.5788487195968628,2.551517963409424,880.0,800.0,0.0,800.0,0.0,2.0,0.0,0.0,5.654829978942871,13.745532035827637,25.49376106262207,65.56976318359375,68.0
dynamic_prune,1,1,89,1.518975092569987,1.4467033449808757,0.07227172901233038,1.4247561168670655,1.4247561168670655,0.0,3.0,3.0,0.11433487385511398,0.5968026518821716,2.496053695678711,890.0,800.0,0.0,800.0,0.0,2.0,0.0,0.0,5.654829978942871,13.745532035827637,25.49376106262207,65.56976318359375,68.0
dynamic_prune,1,1,90,1.4914569807052613,1.4077646080652872,0.0836923772096634,1.381381591161092,1.381381591161092,0.0,3.0,3.0,0.10454357415437698,0.6131604313850403,2.4425370693206787,900.0,800.0,0.0,800.0,0.0,2.0,0.0,0.0,5.654829978942871,13.745532035827637,25.49376106262207,65.56976318359375,68.0
dynamic_prune,1,1,91,1.4559095001220703,1.3567590490976968,0.09915044049421946,1.3322722657521566,1.3322722657521566,0.0,3.0,3.0,0.09548301249742508,0.6279280781745911,2.3915534019470215,910.0,800.0,0.0,800.0,0.0,2.0,0.0,0.0,5.654829978942871,13.745532035827637,25.49376106262207,65.56976318359375,68.0
dynamic_prune,1,1,92,1.4289698092142742,1.306208225886027,0.12276158491770427,1.284267438252767,1.284267438252767,0.0,3.0,3.0,0.0871107280254364,0.6419114470481873,2.341948986053467,920.0,800.0,0.0,800.0,0.0,2.0,0.0,0.0,5.654829978942871,13.745532035827637,25.49376106262207,65.56976318359375,68.0
dynamic_prune,1,1,93,1.4006894556681315,1.2545886278152465,0.1461008338133494,1.23359268506368,1.23359268506368,0.0,3.0,3.0,0.07945577055215836,0.6545096635818481,2.295421600341797,930.0,800.0,0.0,800.0,0.0,2.0,0.0,0.0,5.654829978942871,13.745532035827637,25.49376106262207,65.56976318359375,68.0
dynamic_prune,1,1,94,1.3921688016255696,1.207915987968445,0.18425282180309296,1.1747509161631267,1.1747509161631267,0.0,3.0,3.0,0.07242991030216217,0.6660191416740417,2.251520872116089,940.0,800.0,0.0,800.0,0.0,2.0,0.0,0.0,5.654829978942871,13.745532035827637,25.49376106262207,65.56976318359375,68.0
dynamic_prune,1,1,95,1.3550373315811157,1.1404212681452432,0.21461605429649352,1.1132013034820556,1.1132013034820556,0.0,3.0,3.0,0.06599420309066772,0.6763674020767212,2.210604190826416,950.0,800.0,0.0,800.0,0.0,2.0,0.0,0.0,5.654829978942871,13.745532035827637,25.49376106262207,65.56976318359375,68.0
dynamic_prune,1,1,96,1.3185323921839396,1.0926955978075663,0.22583679854869843,1.0759703890482584,1.0759703890482584,0.0,3.0,3.0,0.060623329132795334,0.6850743889808655,2.1754698753356934,960.0,800.0,0.0,800.0,0.0,2.0,0.0,0.0,5.654829978942871,13.745532035827637,25.49376106262207,65.56976318359375,68.0
dynamic_prune,1,1,97,1.2749657694498697,1.0661876598993938,0.20877811471621197,1.0497848335901896,1.0497848335901896,0.0,3.0,3.0,0.05576154589653015,0.6931566596031189,2.142547845840454,970.0,800.0,0.0,800.0,0.0,2.0,0.0,0.0,5.654829978942871,13.745532035827637,25.49376106262207,65.56976318359375,68.0
dynamic_prune,1,1,98,1.216176856358846,1.045342869758606,0.17083399891853332,1.0500034968058267,1.0500034968058267,0.0,3.0,3.0,0.05208488926291466,0.6990378499031067,2.117704391479492,980.0,800.0,0.0,800.0,0.0,2.0,0.0,0.0,5.654829978942871,13.745532035827637,25.49376106262207,65.56976318359375,68.0
dynamic_prune,1,1,99,1.179851762453715,1.0431553792953492,0.13669638931751252,1.0383385944366454,1.0383385944366454,0.0,3.0,3.0,0.04982352256774902,0.7031187415122986,2.1012091636657715,990.0,800.0,0.0,800.0,0.0,2.0,0.0,0.0,5.654829978942871,13.745532035827637,25.49376106262207,65.56976318359375,68.0
dynamic_prune,1,1,100,1.1281237729390463,1.0103409282366436,0.1177828605969747,1.0099114354451497,1.0099114354451497,0.0,3.0,3.0,0.04788338765501976,0.7065250277519226,2.0871362686157227,1000.0,800.0,0.0,800.0,0.0,2.0,0.0,0.0,5.654829978942871,13.745532035827637,25.49376106262207,65.56976318359375,68.0
dynamic_prune,1,1,101,1.0897565253575643,0.9775151968002319,0.11224132657051086,0.970286127726237,0.970286127726237,0.0,3.0,3.0,0.04785846546292305,0.7087469696998596,2.0821290016174316,1010.0,800.0,0.0,800.0,0.0,2.0,0.0,0.0,5.654829978942871,13.745532035827637,25.49376106262207,65.56976318359375,68.0
dynamic_prune,1,1,102,1.0747543048858643,0.9627324763933818,0.11202183405558268,0.9273208951950074,0.9273208951950074,0.0,3.0,3.0,0.049243371933698654,0.7090055346488953,2.0861942768096924,1020.0,800.0,0.0,800.0,0.0,2.0,0.0,0.0,5.654829978942871,13.745532035827637,25.49376106262207,65.56976318359375,68.0
dynamic_prune,1,1,103,1.038089288075765,0.9325034252802531,0.10558586398760478,0.8935455258687337,0.8935455258687337,0.0,3.0,3.0,0.05350614711642265,0.7067270278930664,2.1051454544067383,1030.0,800.0,0.0,800.0,0.0,2.0,0.0,0.0,5.654829978942871,13.745532035827637,25.49376106262207,65.56976318359375,68.0
dynamic_prune,1,1,104,0.9939229488372803,0.898721095720927,0.09520183781782786,0.8703729581832885,0.8703729581832885,0.0,3.0,3.0,0.059925004839897156,0.7033180594444275,2.132509231567383,1040.0,800.0,0.0,800.0,0.0,2.0,0.0,0.0,5.654829978942871,13.745532035827637,25.49376106262207,65.56976318359375,68.0
dynamic_prune,1,1,105,0.9519803786277771,0.8685731410980224,0.08340722988049189,0.8487213643391928,0.8487213643391928,0.0,3.0,3.0,0.06831958144903183,0.6984208822250366,2.1674680709838867,1050.0,800.0,0.0,800.0,0.0,2.0,0.0,0.0,5.654829978942871,13.745532035827637,25.49376106262207,65.56976318359375,68.0
dynamic_prune,1,1,106,0.9277841504414877,0.8547915395100911,0.07299260377883911,0.837397042910258,0.837397042910258,0.0,3.0,3.0,0.07667940855026245,0.6935996413230896,2.200263023376465,1060.0,800.0,0.0,800.0,0.0,2.0,0.0,0.0,5.654829978942871,13.745532035827637,25.49376106262207,65.56976318359375,68.0
dynamic_prune,1,1,107,0.9174549754460652,0.8544021733601888,0.06305279771486919,0.8432080682118733,0.8432080682118733,0.0,3.0,3.0,0.08650849759578705,0.6871057748794556,2.238661527633667,1070.0,800.0,0.0,800.0,0.0,2.0,0.0,0.0,5.654829978942871,13.745532035827637,25.49376106262207,65.56976318359375,68.0
dynamic_prune,1,1,108,0.9027331797281901,0.8406556757291158,0.06207750111818314,0.8390824683507283,0.8390824683507283,0.0,3.0,3.0,0.09735254943370819,0.6796261072158813,2.2793617248535156,1080.0,800.0,0.0,800.0,0.0,2.0,0.0,0.0,5.654829978942871,13.745532035827637,25.49376106262207,65.56976318359375,68.0
dynamic_prune,1,1,109,0.9088542834917704,0.8450333126386007,0.06382097740968068,0.8213861521085103,0.8213861521085103,0.0,3.0,3.0,0.10899034142494202,0.671115517616272,2.321655750274658,1090.0,800.0,0.0,800.0,0.0,2.0,0.0,0.0,5.654829978942871,13.745532035827637,25.49376106262207,65.56976318359375,68.0
dynamic_prune,1,1,110,0.9019440094629924,0.833244530359904,0.06869948049386343,0.8071734364827474,0.8071734364827474,0.0,3.0,3.0,0.1195797547698021,0.6634252667427063,2.357806921005249,1100.0,1100.0,1100.0,800.0,1.0,2.0,0.0,0.0,0.59843909740448,1.4155858755111694,1.6339373588562012,2.76043963432312,17.0
dynamic_prune,1,1,111,0.9005507858594258,0.8318535121281941,0.0686972805360953,0.7827047538757325,0.7827047538757325,0.0,3.0,3.0,0.12835213541984558,0.6569039821624756,2.386646270751953,1110.0,1100.0,1100.0,800.0,1.0,2.0,0.0,0.0,0.59843909740448,1.4155858755111694,1.6339373588562012,2.76043963432312,17.0
dynamic_prune,1,1,112,0.8646140988667806,0.7945512890815735,0.07006281087795893,0.7795761370658875,0.7795761370658875,0.0,3.0,3.0,0.1347690373659134,0.6524180769920349,2.4061439037323,1120.0,1100.0,1100.0,800.0,1.0,2.0,0.0,0.0,0.59843909740448,1.4155858755111694,1.6339373588562012,2.76043963432312,17.0
dynamic_prune,1,1,113,0.8703147133191427,0.802466832002004,0.06784788390000661,0.7801501099268595,0.7801501099268595,0.0,3.0,3.0,0.14108474552631378,0.6477528810501099,2.4253315925598145,1130.0,1100.0,1100.0,800.0,1.0,2.0,0.0,0.0,0.59843909740448,1.4155858755111694,1.6339373588562012,2.76043963432312,17.0
dynamic_prune,1,1,114,0.8451675152778626,0.7810675239562989,0.06409999767939249,0.7630391160647074,0.7630391160647074,0.0,3.0,3.0,0.1458132416009903,0.6444624066352844,2.438715934753418,1140.0,1100.0,1100.0,800.0,1.0,2.0,0.0,0.0,0.59843909740448,1.4155858755111694,1.6339373588562012,2.76043963432312,17.0
dynamic_prune,1,1,115,0.8348364782333374,0.7751335136095683,0.05970296909411748,0.7495920316378275,0.7495920316378275,0.0,3.0,3.0,0.14969955384731293,0.6418489813804626,2.449190616607666,1150.0,1100.0,1100.0,800.0,1.0,2.0,0.0,0.0,0.59843909740448,1.4155858755111694,1.6339373588562012,2.76043963432312,17.0
dynamic_prune,1,1,116,0.8257587973276774,0.7683215379714966,0.05743726929028829,0.743406335512797,0.743406335512797,0.0,3.0,3.0,0.1540517956018448,0.6387262344360352,2.4611692428588867,1160.0,1100.0,1100.0,800.0,1.0,2.0,0.0,0.0,0.59843909740448,1.4155858755111694,1.6339373588562012,2.76043963432312,17.0
dynamic_prune,1,1,117,0.8218245855967203,0.7684907897313435,0.05333379546801249,0.7365200161933899,0.7365200161933899,0.0,3.0,3.0,0.15779030323028564,0.6360060572624207,2.4713234901428223,1170.0,1100.0,1100.0,800.0,1.0,2.0,0.0,0.0,0.59843909740448,1.4155858755111694,1.6339373588562012,2.76043963432312,17.0
dynamic_prune,1,1,118,0.7984117158253987,0.7493317850430806,0.04907993361353874,0.7267876021067301,0.7267876021067301,0.0,3.0,3.0,0.16211672127246857,0.6327517032623291,2.4830985069274902,1180.0,1100.0,1100.0,800.0,1.0,2.0,0.0,0.0,0.59843909740448,1.4155858755111694,1.6339373588562012,2.76043963432312,17.0
dynamic_prune,1,1,119,0.8026829600334168,0.7531988914807638,0.04948408365249634,0.7174885209401448,0.7174885209401448,0.0,3.0,3.0,0.16766439378261566,0.6281307935714722,2.4990358352661133,1190.0,1100.0,1100.0,800.0,1.0,2.0,0.0,0.0,0.59843909740448,1.4155858755111694,1.6339373588562012,2.76043963432312,17.0
dynamic_prune,1,1,120,0.7855509479840597,0.7362685449918112,0.0492824054757754,0.7397460548082987,0.7397460548082987,0.0,4.0,4.0,0.03596540912985802,0.6021739840507507,2.8358895778656006,1200.0,1200.0,1100.0,1200.0,0.0,3.0,0.0,0.0,0.35290926694869995,0.8055416345596313,1.1087100505828857,2.119504928588867,9.0
dynamic_prune,1,1,121,0.7872794882456462,0.747013558546702,0.04026593421896299,0.7210773809750874,0.7210773809750874,0.0,4.0,4.0,0.04147748276591301,0.5966615080833435,2.8790125846862793,1210.0,1200.0,1100.0,1200.0,0.0,3.0,0.0,0.0,0.35290926694869995,0.8055416345596313,1.1087100505828857,2.119504928588867,9.0
dynamic_prune,1,1,122,0.7829799954096476,0.7453515672683716,0.03762843996286392,0.7192028474807739,0.7192028474807739,0.0,4.0,4.0,0.04467109590768814,0.5924884676933289,2.906909227371216,1220.0,1200.0,1100.0,1200.0,0.0,3.0,0.0,0.0,0.35290926694869995,0.8055416345596313,1.1087100505828857,2.119504928588867,9.0
dynamic_prune,1,1,123,0.7756884511311849,0.73969753185908,0.0359909171362718,0.7134408704439799,0.7134408704439799,0.0,4.0,4.0,0.04764453321695328,0.5895543694496155,2.928882598876953,1230.0,1200.0,1100.0,1200.0,0.0,3.0,0.0,0.0,0.35290926694869995,0.8055416345596313,1.1087100505828857,2.119504928588867,9.0
dynamic_prune,1,1,124,0.7599252573649089,0.7252350958188375,0.03469015563527743,0.7059264548619588,0.7059264548619588,0.0,4.0,4.0,0.05118125304579735,0.5868870615959167,2.9514119625091553,1240.0,1200.0,1100.0,1200.0,0.0,3.0,0.0,0.0,0.35290926694869995,0.8055416345596313,1.1087100505828857,2.119504928588867,9.0
dynamic_prune,1,1,125,0.7575520284970602,0.7250711568196615,0.03248087490598361,0.6893052744865418,0.6893052744865418,0.0,4.0,4.0,0.0556381493806839,0.5830729603767395,2.9806036949157715,1250.0,1200.0,1100.0,1200.0,0.0,3.0,0.0,0.0,0.35290926694869995,0.8055416345596313,1.1087100505828857,2.119504928588867,9.0
dynamic_prune,1,1,126,0.737844390074412,0.7056609622637431,0.03218343655268351,0.6805719149112701,0.6805719149112701,0.0,4.0,4.0,0.061268266290426254,0.5783868432044983,3.015732526779175,1260.0,1200.0,1100.0,1200.0,0.0,3.0,0.0,0.0,0.35290926694869995,0.8055416345596313,1.1087100505828857,2.119504928588867,9.0
dynamic_prune,1,1,127,0.7587105496724447,0.7282478713989258,0.03046268065770467,0.6871808620293935,0.6871808620293935,0.0,4.0,4.0,0.06749133765697479,0.5722678303718567,3.0567469596862793,1270.0,1200.0,1100.0,1200.0,0.0,3.0,0.0,0.0,0.35290926694869995,0.8055416345596313,1.1087100505828857,2.119504928588867,9.0
dynamic_prune,1,1,128,0.7399947881698609,0.7091660435994466,0.03082874062160651,0.6977320404847464,0.6977320404847464,0.0,4.0,4.0,0.07283907383680344,0.5670843124389648,3.090496778488159,1280.0,1200.0,1100.0,1200.0,0.0,3.0,0.0,0.0,0.35290926694869995,0.8055416345596313,1.1087100505828857,2.119504928588867,9.0
dynamic_prune,1,1,129,0.7207559370994567,0.6900014861424764,0.030754452670613924,0.6877102220058441,0.6877102220058441,0.0,4.0,4.0,0.0769762247800827,0.5645331144332886,3.1102921962738037,1290.0,1200.0,1100.0,1200.0,0.0,3.0,0.0,0.0,0.35290926694869995,0.8055416345596313,1.1087100505828857,2.119504928588867,9.0
dynamic_prune,1,1,130,0.7175604740778605,0.6874810020128886,0.030079466328024863,0.682145567337672,0.682145567337672,0.0,4.0,4.0,0.0810273140668869,0.5621537566184998,3.1284806728363037,1300.0,1200.0,1100.0,1200.0,0.0,3.0,0.0,0.0,0.35290926694869995,0.8055416345596313,1.1087100505828857,2.119504928588867,9.0
dynamic_prune,1,1,131,0.6994084119796753,0.6686221607526144,0.030786255598068236,0.6789381619294484,0.6789381619294484,0.0,4.0,4.0,0.08568309247493744,0.5591638088226318,3.149580955505371,1310.0,1200.0,1100.0,1200.0,0.0,3.0,0.0,0.0,0.35290926694869995,0.8055416345596313,1.1087100505828857,2.119504928588867,9.0
dynamic_prune,1,1,132,0.714432396888733,0.682486777305603,0.03194562156995138,0.6721144990126292,0.6721144990126292,0.0,4.0,4.0,0.08984152972698212,0.5547229647636414,3.17498779296875,1320.0,1200.0,1100.0,1200.0,0.0,3.0,0.0,0.0,0.35290926694869995,0.8055416345596313,1.1087100505828857,2.119504928588867,9.0
dynamic_prune,1,1,133,0.7070686475435892,0.6778656697273254,0.029202977220217387,0.6777182292938232,0.6777182292938232,0.0,4.0,4.0,0.09547058492898941,0.5484675168991089,3.209484338760376,1330.0,1200.0,1100.0,1200.0,0.0,3.0,0.0,0.0,0.35290926694869995,0.8055416345596313,1.1087100505828857,2.119504928588867,9.0
dynamic_prune,1,1,134,0.7158667159080505,0.6868972444534301,0.028969466785589853,0.6815944465001424,0.6815944465001424,0.0,4.0,4.0,0.1015375554561615,0.5416691303253174,3.2458622455596924,1340.0,1200.0,1100.0,1200.0,0.0,3.0,0.0,0.0,0.35290926694869995,0.8055416345596313,1.1087100505828857,2.119504928588867,9.0
dynamic_prune,1,1,135,0.7148432159423828,0.684680008093516,0.030163208444913228,0.6764219371477763,0.6764219371477763,0.0,4.0,4.0,0.10681115090847015,0.5352370142936707,3.2787203788757324,1350.0,1200.0,1100.0,1200.0,0.0,3.0,0.0,0.0,0.35290926694869995,0.8055416345596313,1.1087100505828857,2.119504928588867,9.0
dynamic_prune,1,1,136,0.7088461025555929,0.6793982609113057,0.02944784700870514,0.6716145364443461,0.6716145364443461,0.0,4.0,4.0,0.11164846271276474,0.5299541354179382,3.305591344833374,1360.0,1200.0,1100.0,1200.0,0.0,3.0,0.0,0.0,0.35290926694869995,0.8055416345596313,1.1087100505828857,2.119504928588867,9.0
dynamic_prune,1,1,137,0.6937940541903178,0.6642136637369792,0.029580396115779877,0.672306033372879,0.672306033372879,0.0,4.0,4.0,0.11580947041511536,0.5248240232467651,3.3304667472839355,1370.0,1200.0,1100.0,1200.0,0.0,3.0,0.0,0.0,0.35290926694869995,0.8055416345596313,1.1087100505828857,2.119504928588867,9.0
dynamic_prune,1,1,138,0.6904417888323466,0.660312647819519,0.030129146029551825,0.6668463361263275,0.6668463361263275,0.0,4.0,4.0,0.1181754320859909,0.5214373469352722,3.346190929412842,1380.0,1200.0,1100.0,1200.0,0.0,3.0,0.0,0.0,0.35290926694869995,0.8055416345596313,1.1087100505828857,2.119504928588867,9.0
dynamic_prune,1,1,139,0.6910483010609945,0.6612404219309489,0.029807883352041244,0.6536572392781576,0.6536572392781576,0.0,4.0,4.0,0.12189474701881409,0.5167252421379089,3.368203639984131,1390.0,1200.0,1100.0,1200.0,0.0,3.0,0.0,0.0,0.35290926694869995,0.8055416345596313,1.1087100505828857,2.119504928588867,9.0
dynamic_prune,1,1,140,0.697765760421753,0.6673898498217264,0.030375913282235465,0.6590721452236176,0.6590721452236176,0.0,4.0,4.0,0.125508651137352,0.5100212097167969,3.3973469734191895,1400.0,1200.0,1100.0,1200.0,0.0,3.0,0.0,0.0,0.35290926694869995,0.8055416345596313,1.1087100505828857,2.119504928588867,9.0
dynamic_prune,1,1,141,0.6957362445195516,0.6658370129267375,0.029899228910605112,0.6715310692787171,0.6715310692787171,0.0,4.0,4.0,0.13048216700553894,0.5037763118743896,3.4255504608154297,1410.0,1200.0,1100.0,1200.0,0.0,3.0,0.0,0.0,0.35290926694869995,0.8055416345596313,1.1087100505828857,2.119504928588867,9.0
dynamic_prune,1,1,142,0.6932115451494852,0.6638690455754598,0.029342496246099473,0.6622637808322906,0.6622637808322906,0.0,4.0,4.0,0.1346779763698578,0.4982597827911377,3.449653387069702,1420.0,1200.0,1100.0,1200.0,0.0,3.0,0.0,0.0,0.35290926694869995,0.8055416345596313,1.1087100505828857,2.119504928588867,9.0
dynamic_prune,1,1,143,0.6980574488639831,0.6674133904774984,0.030644058833519616,0.6514900660514832,0.6514900660514832,0.0,4.0,4.0,0.13865841925144196,0.493452250957489,3.4705252647399902,1430.0,1200.0,1100.0,1200.0,0.0,3.0,0.0,0.0,0.35290926694869995,0.8055416345596313,1.1087100505828857,2.119504928588867,9.0
dynamic_prune,1,1,144,0.6907314952214559,0.6589120777448019,0.03181941509246826,0.653747748931249,0.653747748931249,0.0,4.0,4.0,0.14132095873355865,0.48986589908599854,3.4854931831359863,1440.0,1200.0,1100.0,1200.0,0.0,3.0,0.0,0.0,0.35290926694869995,0.8055416345596313,1.1087100505828857,2.119504928588867,9.0
dynamic_prune,1,1,145,0.670788110891978,0.6394874016443889,0.03130070567131042,0.6576218922932943,0.6576218922932943,0.0,4.0,4.0,0.14450065791606903,0.48578131198883057,3.502380847930908,1450.0,1200.0,1100.0,1200.0,0.0,3.0,0.0,0.0,0.35290926694869995,0.8055416345596313,1.1087100505828857,2.119504928588867,9.0
dynamic_prune,1,1,146,0.6867635027567546,0.6542814389864604,0.03248206975559394,0.6675784718990326,0.6675784718990326,0.0,4.0,4.0,0.14684520661830902,0.48099285364151,3.5210683345794678,1460.0,1200.0,1100.0,1200.0,0.0,3.0,0.0,0.0,0.35290926694869995,0.8055416345596313,1.1087100505828857,2.119504928588867,9.0
dynamic_prune,1,1,147,0.701996451218923,0.6689741913477579,0.03302225813269615,0.6625382085641225,0.6625382085641225,0.0,4.0,4.0,0.15083639323711395,0.47554680705070496,3.542675733566284,1470.0,1200.0,1100.0,1200.0,0.0,3.0,0.0,0.0,0.35290926694869995,0.8055416345596313,1.1087100505828857,2.119504928588867,9.0
dynamic_prune,1,1,148,0.6841744995117187,0.6514611411094665,0.032713352640469866,0.645341408252716,0.645341408252716,0.0,4.0,4.0,0.15388086438179016,0.47089335322380066,3.56052565574646,1480.0,1200.0,1100.0,1200.0,0.0,3.0,0.0,0.0,0.35290926694869995,0.8055416345596313,1.1087100505828857,2.119504928588867,9.0
dynamic_prune,1,1,149,0.6852235301335653,0.6507494354248047,0.034474106033643086,0.6511365254720052,0.6511365254720052,0.0,4.0,4.0,0.15612317621707916,0.46646180748939514,3.5768983364105225,1490.0,1200.0,1100.0,1200.0,0.0,3.0,0.0,0.0,0.35290926694869995,0.8055416345596313,1.1087100505828857,2.119504928588867,9.0
dynamic_prune,1,1,150,0.672303573290507,0.6400315483411153,0.032272010097901024,0.654036163687706,0.654036163687706,0.0,4.0,4.0,0.15877403318881989,0.46398669481277466,3.586548089981079,1500.0,1500.0,1500.0,1200.0,0.0,3.0,0.0,0.0,0.27696165442466736,0.5625122785568237,1.0460319519042969,2.0208816528320312,6.0
dynamic_prune,1,1,151,0.6754188807805379,0.6432467118899028,0.03217216044664383,0.6471001956860224,0.6471001956860224,0.0,4.0,4.0,0.16141995787620544,0.46065554022789,3.598945140838623,1510.0,1500.0,1500.0,1200.0,0.0,3.0,0.0,0.0,0.27696165442466736,0.5625122785568237,1.0460319519042969,2.0208816528320312,6.0
dynamic_prune,1,1,152,0.6756101179122925,0.6439820766448975,0.031628045042355855,0.6534345219532649,0.6534345219532649,0.0,4.0,4.0,0.1635960191488266,0.45726385712623596,3.6111886501312256,1520.0,1500.0,1500.0,1200.0,0.0,3.0,0.0,0.0,0.27696165442466736,0.5625122785568237,1.0460319519042969,2.0208816528320312,6.0
dynamic_prune,1,1,153,0.6717081117630005,0.6393956836064657,0.03231242420772711,0.6463259136676789,0.6463259136676789,0.0,4.0,4.0,0.16626323759555817,0.45461273193359375,3.621004581451416,1530.0,1500.0,1500.0,1200.0,0.0,3.0,0.0,0.0,0.27696165442466736,0.5625122785568237,1.0460319519042969,2.0208816528320312,6.0
dynamic_prune,1,1,154,0.6825852274894715,0.6490442577997844,0.03354097584883372,0.6343893573681514,0.6343893573681514,0.0,4.0,4.0,0.16785797476768494,0.4533582925796509,3.6256422996520996,1540.0,1500.0,1500.0,1200.0,0.0,3.0,0.0,0.0,0.27696165442466736,0.5625122785568237,1.0460319519042969,2.0208816528320312,6.0
dynamic_prune,1,1,155,0.6725294470787049,0.6381876174608866,0.03434183011452357,0.6378047241767247,0.6378047241767247,0.0,4.0,4.0,0.16672146320343018,0.45322901010513306,3.625728130340576,1550.0,1500.0,1500.0,1200.0,0.0,3.0,0.0,0.0,0.27696165442466736,0.5625122785568237,1.0460319519042969,2.0208816528320312,6.0
dynamic_prune,1,1,156,0.661576689084371,0.6275412090619406,0.034035480817159014,0.6571181287368139,0.6571181287368139,0.0,4.0,4.0,0.1662023514509201,0.453691691160202,3.624021291732788,1560.0,1500.0,1500.0,1200.0,0.0,3.0,0.0,0.0,0.27696165442466736,0.5625122785568237,1.0460319519042969,2.0208816528320312,6.0
dynamic_prune,1,1,157,0.6693407662709554,0.6350723767280578,0.034268399477005,0.6410036317507426,0.6410036317507426,0.0,4.0,4.0,0.16621080040931702,0.4551723003387451,3.61909818649292,1570.0,1500.0,1500.0,1200.0,0.0,3.0,0.0,0.0,0.27696165442466736,0.5625122785568237,1.0460319519042969,2.0208816528320312,6.0
dynamic_prune,1,1,158,0.662520801226298,0.6281972201665242,0.03432357758283615,0.6458984998861949,0.6458984998861949,0.0,4.0,4.0,0.16743776202201843,0.4558502435684204,3.617090940475464,1580.0,1500.0,1500.0,1200.0,0.0,3.0,0.0,0.0,0.27696165442466736,0.5625122785568237,1.0460319519042969,2.0208816528320312,6.0
dynamic_prune,1,1,159,0.6597475337982178,0.6244950834910075,0.03525246193011602,0.6315749237934748,0.6315749237934748,0.0,4.0,4.0,0.1688663810491562,0.4553098976612091,3.619187593460083,1590.0,1500.0,1500.0,1200.0,0.0,3.0,0.0,0.0,0.27696165442466736,0.5625122785568237,1.0460319519042969,2.0208816528320312,6.0
dynamic_prune,1,1,160,0.6528111433982849,0.6177177421251933,0.035093396926919616,0.629584565560023,0.629584565560023,0.0,4.0,4.0,0.16790559887886047,0.4572620391845703,3.6122753620147705,1600.0,1600.0,1600.0,1200.0,0.0,3.0,0.0,0.0,0.2320641279220581,0.4921844005584717,0.7753885984420776,1.432490348815918,2.0
dynamic_prune,1,1,161,0.64413139184316,0.6107295274734497,0.03340186797082424,0.6293507148822148,0.6293507148822148,0.0,4.0,4.0,0.16634328663349152,0.46145209670066833,3.5973899364471436,1610.0,1600.0,1600.0,1200.0,0.0,3.0,0.0,0.0,0.2320641279220581,0.4921844005584717,0.7753885984420776,1.432490348815918,2.0
dynamic_prune,1,1,162,0.653172201315562,0.6193785746892293,0.03379361942410469,0.6254070675373078,0.6254070675373078,0.0,4.0,4.0,0.16590896248817444,0.4652678966522217,3.5837273597717285,1620.0,1600.0,1600.0,1200.0,0.0,3.0,0.0,0.0,0.2320641279220581,0.4921844005584717,0.7753885984420776,1.432490348815918,2.0
dynamic_prune,1,1,163,0.657449582417806,0.6239082256952921,0.033541354139645894,0.6128858786821365,0.6128858786821365,0.0,4.0,4.0,0.16660556197166443,0.4670465886592865,3.5772898197174072,1630.0,1600.0,1600.0,1200.0,0.0,3.0,0.0,0.0,0.2320641279220581,0.4921844005584717,0.7753885984420776,1.432490348815918,2.0
dynamic_prune,1,1,164,0.6446071974436443,0.6122091698646546,0.032398031155268354,0.6106166261434555,0.6106166261434555,0.0,4.0,4.0,0.16448523104190826,0.4693043828010559,3.568862199783325,1640.0,1600.0,1600.0,1200.0,0.0,3.0,0.0,0.0,0.2320641279220581,0.4921844005584717,0.7753885984420776,1.432490348815918,2.0
dynamic_prune,1,1,165,0.6398242012659708,0.6082462565104166,0.031577937801678974,0.6096166416009268,0.6096166416009268,0.0,4.0,4.0,0.16078881919384003,0.4724874794483185,3.556687116622925,1650.0,1600.0,1600.0,1200.0,0.0,3.0,0.0,0.0,0.2320641279220581,0.4921844005584717,0.7753885984420776,1.432490348815918,2.0
dynamic_prune,1,1,166,0.6304362368583679,0.5988164718945821,0.03161976307630539,0.5954853049914042,0.5954853049914042,0.0,4.0,4.0,0.15744684636592865,0.4766656458377838,3.540562868118286,1660.0,1600.0,1600.0,1200.0,0.0,3.0,0.0,0.0,0.2320641279220581,0.4921844005584717,0.7753885984420776,1.432490348815918,2.0
dynamic_prune,1,1,167,0.6382969427108764,0.6070418866475423,0.031255049904187523,0.5987695382038752,0.5987695382038752,0.0,4.0,4.0,0.1559181958436966,0.47897428274154663,3.531609535217285,1670.0,1600.0,1600.0,1200.0,0.0,3.0,0.0,0.0,0.2320641279220581,0.4921844005584717,0.7753885984420776,1.432490348815918,2.0
dynamic_prune,1,1,168,0.6242905807495117,0.5930050015449524,0.0312855884929498,0.600453053911527,0.600453053911527,0.0,4.0,4.0,0.15312114357948303,0.4827319085597992,3.5168094635009766,1680.0,1600.0,1600.0,1200.0,0.0,3.0,0.0,0.0,0.2320641279220581,0.4921844005584717,0.7753885984420776,1.432490348815918,2.0
dynamic_prune,1,1,169,0.6259177350997924,0.5951874136924744,0.0307303307702144,0.5984894861777623,0.5984894861777623,0.0,4.0,4.0,0.15062513947486877,0.4854438602924347,3.505847454071045,1690.0,1600.0,1600.0,1200.0,0.0,3.0,0.0,0.0,0.2320641279220581,0.4921844005584717,0.7753885984420776,1.432490348815918,2.0
dynamic_prune,1,1,170,0.6223741888999939,0.5914400275548299,0.03093415915966034,0.5887588846683502,0.5887588846683502,0.0,4.0,4.0,0.14754651486873627,0.4894098937511444,3.4897055625915527,1700.0,1700.0,1700.0,1200.0,0.0,3.0,0.0,0.0,0.24511563777923584,0.49643945693969727,0.6402063369750977,1.503282070159912,4.0
dynamic_prune,1,1,171,0.6318765274683634,0.6009135254224142,0.030962994148333867,0.5900229366620382,0.5900229366620382,0.0,4.0,4.0,0.14570702612400055,0.49268585443496704,3.4765124320983887,1710.0,1700.0,1700.0,1200.0,0.0,3.0,0.0,0.0,0.24511563777923584,0.49643945693969727,0.6402063369750977,1.503282070159912,4.0
dynamic_prune,1,1,172,0.6137875469525655,0.5850376947720846,0.028749852006634078,0.5893250254789988,0.5893250254789988,0.0,4.0,4.0,0.14299336075782776,0.4969159960746765,3.4590137004852295,1720.0,1700.0,1700.0,1200.0,0.0,3.0,0.0,0.0,0.24511563777923584,0.49643945693969727,0.6402063369750977,1.503282070159912,4.0
dynamic_prune,1,1,173,0.6203159602483114,0.5922466468811035,0.028069305966297784,0.5637205884853999,0.5637205884853999,0.0,4.0,4.0,0.1393631547689438,0.5020386576652527,3.4373741149902344,1730.0,1700.0,1700.0,1200.0,0.0,3.0,0.0,0.0,0.24511563777923584,0.49643945693969727,0.6402063369750977,1.503282070159912,4.0
dynamic_prune,1,1,174,0.617218058904012,0.5870459175109863,0.030172143230835596,0.56884419242541,0.56884419242541,0.0,4.0,4.0,0.13763190805912018,0.5056722164154053,3.422173500061035,1740.0,1700.0,1700.0,1200.0,0.0,3.0,0.0,0.0,0.24511563777923584,0.49643945693969727,0.6402063369750977,1.503282070159912,4.0
dynamic_prune,1,1,175,0.6133433961868286,0.5817026694615682,0.03164071867863337,0.5772813640038172,0.5772813640038172,0.0,4.0,4.0,0.1359742134809494,0.5082044005393982,3.411292791366577,1750.0,1700.0,1700.0,1200.0,0.0,3.0,0.0,0.0,0.24511563777923584,0.49643945693969727,0.6402063369750977,1.503282070159912,4.0
dynamic_prune,1,1,176,0.617345441977183,0.5880838990211487,0.029261552716294926,0.572360811829567,0.572360811829567,0.0,4.0,4.0,0.13379883766174316,0.5108191967010498,3.399667501449585,1760.0,1700.0,1700.0,1200.0,0.0,3.0,0.0,0.0,0.24511563777923584,0.49643945693969727,0.6402063369750977,1.503282070159912,4.0
dynamic_prune,1,1,177,0.6040021316210429,0.5764506598313649,0.027551464264591534,0.5646800601482391,0.5646800601482391,0.0,4.0,4.0,0.1298576295375824,0.5154478549957275,3.3786351680755615,1770.0,1700.0,1700.0,1200.0,0.0,3.0,0.0,0.0,0.24511563777923584,0.49643945693969727,0.6402063369750977,1.503282070159912,4.0
dynamic_prune,1,1,178,0.6020813099543254,0.5731958587964375,0.02888544534643491,0.5707003660996754,0.5707003660996754,0.0,4.0,4.0,0.1272040158510208,0.5190524458885193,3.3623030185699463,1780.0,1700.0,1700.0,1200.0,0.0,3.0,0.0,0.0,0.24511563777923584,0.49643945693969727,0.6402063369750977,1.503282070159912,4.0
dynamic_prune,1,1,179,0.603537130355835,0.5733331855138143,0.03020394523938497,0.569674105445544,0.569674105445544,0.0,4.0,4.0,0.12625128030776978,0.5209968686103821,3.3536908626556396,1790.0,1700.0,1700.0,1200.0,0.0,3.0,0.0,0.0,0.24511563777923584,0.49643945693969727,0.6402063369750977,1.503282070159912,4.0
dynamic_prune,1,1,180,0.6178671304384867,0.5873354411125183,0.030531695807973543,0.5732546269893646,0.5732546269893646,0.0,4.0,4.0,0.12551738321781158,0.5230926275253296,3.3446452617645264,1800.0,1800.0,1800.0,1200.0,0.0,3.0,0.0,0.0,0.20175747573375702,0.4249442517757416,0.5404872894287109,0.8226302266120911,0.0
dynamic_prune,1,1,181,0.5938668354352316,0.5646627012888591,0.02920413280526797,0.561259552637736,0.561259552637736,0.0,4.0,4.0,0.12364507466554642,0.5255719423294067,3.3330905437469482,1810.0,1800.0,1800.0,1200.0,0.0,3.0,0.0,0.0,0.20175747573375702,0.4249442517757416,0.5404872894287109,0.8226302266120911,0.0
dynamic_prune,1,1,182,0.593295095761617,0.5625542346636454,0.030740875601768494,0.5512914146979649,0.5512914146979649,0.0,4.0,4.0,0.12204751372337341,0.5285383462905884,3.319671392440796,1820.0,1800.0,1800.0,1200.0,0.0,3.0,0.0,0.0,0.20175747573375702,0.4249442517757416,0.5404872894287109,0.8226302266120911,0.0
dynamic_prune,1,1,183,0.5913114285469055,0.5611499524116517,0.03016147921482722,0.5559415421883265,0.5559415421883265,0.0,4.0,4.0,0.12133315205574036,0.5312654972076416,3.30775785446167,1830.0,1800.0,1800.0,1200.0,0.0,3.0,0.0,0.0,0.20175747573375702,0.4249442517757416,0.5404872894287109,0.8226302266120911,0.0
dynamic_prune,1,1,184,0.6026608490943909,0.5726019287109375,0.030058926592270534,0.5597957061727842,0.5597957061727842,0.0,4.0,4.0,0.11983762681484222,0.5338078141212463,3.295985460281372,1840.0,1800.0,1800.0,1200.0,0.0,3.0,0.0,0.0,0.20175747573375702,0.4249442517757416,0.5404872894287109,0.8226302266120911,0.0
dynamic_prune,1,1,185,0.594635751247406,0.5646975326538086,0.029938222020864488,0.5629934459924698,0.5629934459924698,0.0,4.0,4.0,0.11822180449962616,0.5362416505813599,3.284444570541382,1850.0,1800.0,1800.0,1200.0,0.0,3.0,0.0,0.0,0.20175747573375702,0.4249442517757416,0.5404872894287109,0.8226302266120911,0.0
dynamic_prune,1,1,186,0.5853075051307678,0.5566308689117432,0.028676642030477525,0.5446895831823348,0.5446895831823348,0.0,4.0,4.0,0.11567167192697525,0.5392254590988159,3.269801616668701,1860.0,1800.0,1800.0,1200.0,0.0,3.0,0.0,0.0,0.20175747573375702,0.4249442517757416,0.5404872894287109,0.8226302266120911,0.0
dynamic_prune,1,1,187,0.6012740961710612,0.5698677372932434,0.03140636724730333,0.546911221643289,0.546911221643289,0.0,4.0,4.0,0.11538311839103699,0.5405389666557312,3.2639822959899902,1870.0,1800.0,1800.0,1200.0,0.0,3.0,0.0,0.0,0.20175747573375702,0.4249442517757416,0.5404872894287109,0.8226302266120911,0.0
dynamic_prune,1,1,188,0.5942957512537639,0.5635074718793234,0.03078827808300654,0.547792561451594,0.547792561451594,0.0,4.0,4.0,0.11569585651159286,0.5419004559516907,3.258389711380005,1880.0,1800.0,1800.0,1200.0,0.0,3.0,0.0,0.0,0.20175747573375702,0.4249442517757416,0.5404872894287109,0.8226302266120911,0.0
dynamic_prune,1,1,189,0.5837447738647461,0.5520694375038147,0.03167533357938131,0.5428893720110257,0.5428893720110257,0.0,4.0,4.0,0.11497984081506729,0.54342120885849,3.251272678375244,1890.0,1800.0,1800.0,1200.0,0.0,3.0,0.0,0.0,0.20175747573375702,0.4249442517757416,0.5404872894287109,0.8226302266120911,0.0
dynamic_prune,1,1,190,0.592109256585439,0.5607067362467448,0.031402516315380734,0.5414711230993271,0.5414711230993271,0.0,4.0,4.0,0.11449253559112549,0.5446242690086365,3.2457921504974365,1900.0,1900.0,1900.0,1200.0,0.0,3.0,0.0,0.0,0.23313197493553162,0.5174236297607422,0.8132030963897705,1.5850155353546143,4.0
dynamic_prune,1,1,191,0.5870207786560059,0.5576164364814759,0.02940434416135152,0.5492298181851705,0.5492298181851705,0.0,4.0,4.0,0.11443868279457092,0.5457572340965271,3.240705966949463,1910.0,1900.0,1900.0,1200.0,0.0,3.0,0.0,0.0,0.23313197493553162,0.5174236297607422,0.8132030963897705,1.5850155353546143,4.0
dynamic_prune,1,1,192,0.5830385573705037,0.5534386920928955,0.029599862918257714,0.5460473107298215,0.5460473107298215,0.0,4.0,4.0,0.11408813297748566,0.5472924113273621,3.2336273193359375,1920.0,1900.0,1900.0,1200.0,0.0,3.0,0.0,0.0,0.23313197493553162,0.5174236297607422,0.8132030963897705,1.5850155353546143,4.0
dynamic_prune,1,1,193,0.5781069334348042,0.5485108757019043,0.029596054553985597,0.5386570004622141,0.5386570004622141,0.0,4.0,4.0,0.11288923025131226,0.5490872859954834,3.224844217300415,1930.0,1900.0,1900.0,1200.0,0.0,3.0,0.0,0.0,0.23313197493553162,0.5174236297607422,0.8132030963897705,1.5850155353546143,4.0
dynamic_prune,1,1,194,0.581336125532786,0.551389708518982,0.02994642252723376,0.537616774737835,0.537616774737835,0.0,4.0,4.0,0.11231126636266708,0.5501546263694763,3.2196907997131348,1940.0,1900.0,1900.0,1200.0,0.0,3.0,0.0,0.0,0.23313197493553162,0.5174236297607422,0.8132030963897705,1.5850155353546143,4.0
dynamic_prune,1,1,195,0.589427436987559,0.5580344319343566,0.03139300716420015,0.5386497154831886,0.5386497154831886,0.0,4.0,4.0,0.11253407597541809,0.5507044196128845,3.217381715774536,1950.0,1900.0,1900.0,1200.0,0.0,3.0,0.0,0.0,0.23313197493553162,0.5174236297607422,0.8132030963897705,1.5850155353546143,4.0
dynamic_prune,1,1,196,0.5770693778991699,0.5455565102895101,0.03151286751031876,0.5342107565204303,0.5342107565204303,0.0,4.0,4.0,0.11148418486118317,0.5518763065338135,3.2114131450653076,1960.0,1900.0,1900.0,1200.0,0.0,3.0,0.0,0.0,0.23313197493553162,0.5174236297607422,0.8132030963897705,1.5850155353546143,4.0
dynamic_prune,1,1,197,0.5819207612673442,0.5500392508506775,0.0318815083305041,0.541298170487086,0.541298170487086,0.0,4.0,4.0,0.11111950129270554,0.5527697801589966,3.2072646617889404,1970.0,1900.0,1900.0,1200.0,0.0,3.0,0.0,0.0,0.23313197493553162,0.5174236297607422,0.8132030963897705,1.5850155353546143,4.0
dynamic_prune,1,1,198,0.5814135201772054,0.5491612935066223,0.032252229874332745,0.5371678254008293,0.5371678254008293,0.0,4.0,4.0,0.11099939048290253,0.5533719658851624,3.2045023441314697,1980.0,1900.0,1900.0,1200.0,0.0,3.0,0.0,0.0,0.23313197493553162,0.5174236297607422,0.8132030963897705,1.5850155353546143,4.0
dynamic_prune,1,1,199,0.5777038884162903,0.546097215016683,0.03160667419433594,0.5352967571218809,0.5352967571218809,0.0,4.0,4.0,0.1108616515994072,0.5535062551498413,3.2037360668182373,1990.0,1900.0,1900.0,1200.0,0.0,3.0,0.0,0.0,0.23313197493553162,0.5174236297607422,0.8132030963897705,1.5850155353546143,4.0
dynamic_prune,1,1,200,0.5724351783593495,0.5391475447018941,0.03328763628999392,0.5345268956820171,0.5345268956820171,0.0,4.0,4.0,0.1112370416522026,0.5532285571098328,3.2051782608032227,2000.0,2000.0,2000.0,1200.0,1.0,3.0,0.0,0.0,0.31838297843933105,0.9110205173492432,1.1760497093200684,2.2545676231384277,8.0
dynamic_prune,1,1,201,0.5813645486036937,0.5491688545544943,0.032195700307687126,0.5426190615693728,0.5426190615693728,0.0,4.0,4.0,0.11213608831167221,0.5521465539932251,3.2105820178985596,2010.0,2000.0,2000.0,1200.0,1.0,3.0,0.0,0.0,0.31838297843933105,0.9110205173492432,1.1760497093200684,2.2545676231384277,8.0
dynamic_prune,1,1,202,0.5894454026222229,0.5536673847834269,0.03577801371614138,0.5392608200510343,0.5392608200510343,0.0,4.0,4.0,0.11268869787454605,0.5517480969429016,3.2127604484558105,2020.0,2000.0,2000.0,1200.0,1.0,3.0,0.0,0.0,0.31838297843933105,0.9110205173492432,1.1760497093200684,2.2545676231384277,8.0
dynamic_prune,1,1,203,0.5760893599192302,0.5430416735013326,0.03304767727851868,0.5369202301899592,0.5369202301899592,0.0,4.0,4.0,0.11214520782232285,0.5526349544525146,3.2083652019500732,2030.0,2000.0,2000.0,1200.0,1.0,3.0,0.0,0.0,0.31838297843933105,0.9110205173492432,1.1760497093200684,2.2545676231384277,8.0
dynamic_prune,1,1,204,0.5711807072162628,0.5380823469161987,0.03309836193919182,0.5346663669745128,0.5346663669745128,0.0,4.0,4.0,0.11141029745340347,0.5536583065986633,3.203260898590088,2040.0,2000.0,2000.0,1200.0,1.0,3.0,0.0,0.0,0.31838297843933105,0.9110205173492432,1.1760497093200684,2.2545676231384277,8.0
dynamic_prune,1,1,205,0.5774787219365438,0.5440484579404196,0.0334302543848753,0.5318133738636971,0.5318133738636971,0.0,4.0,4.0,0.11203854531049728,0.5530731678009033,3.206221342086792,2050.0,2000.0,2000.0,1200.0,1.0,3.0,0.0,0.0,0.31838297843933105,0.9110205173492432,1.1760497093200684,2.2545676231384277,8.0
dynamic_prune,1,1,206,0.5806953970591228,0.54696235815684,0.033733045061429344,0.5357684207955996,0.5357684207955996,0.0,4.0,4.0,0.11294016242027283,0.5519888401031494,3.211620330810547,2060.0,2000.0,2000.0,1200.0,1.0,3.0,0.0,0.0,0.31838297843933105,0.9110205173492432,1.1760497093200684,2.2545676231384277,8.0
dynamic_prune,1,1,207,0.5745722262064615,0.5400572721163431,0.03451495553056399,0.535489488641421,0.535489488641421,0.0,4.0,4.0,0.11319560557603836,0.5510767698287964,3.2158877849578857,2070.0,2000.0,2000.0,1200.0,1.0,3.0,0.0,0.0,0.31838297843933105,0.9110205173492432,1.1760497093200684,2.2545676231384277,8.0
dynamic_prune,1,1,208,0.5759512956937154,0.5394922165075938,0.036459076007207235,0.5314088064432144,0.5314088064432144,0.0,4.0,4.0,0.11369897425174713,0.5510106086730957,3.216479539871216,2080.0,2000.0,2000.0,1200.0,1.0,3.0,0.0,0.0,0.31838297843933105,0.9110205173492432,1.1760497093200684,2.2545676231384277,8.0
dynamic_prune,1,1,209,0.580210812886556,0.5445337581634522,0.035677057206630704,0.5373648510376612,0.5373648510376612,0.0,4.0,4.0,0.11432620882987976,0.5496478080749512,3.223020076751709,2090.0,2000.0,2000.0,1200.0,1.0,3.0,0.0,0.0,0.31838297843933105,0.9110205173492432,1.1760497093200684,2.2545676231384277,8.0
dynamic_prune,1,1,210,0.5737800049781799,0.5380378977457683,0.035742104997237525,0.5363352576891581,0.5363352576891581,0.0,4.0,4.0,0.11440806835889816,0.5492783784866333,3.2248241901397705,2100.0,2100.0,2100.0,1200.0,0.0,3.0,0.0,0.0,0.3005869388580322,0.7634303569793701,1.2414894104003906,1.6821157932281494,7.0
dynamic_prune,1,1,211,0.5765022285779318,0.5411443448066712,0.03535787930091222,0.5290390387177467,0.5290390387177467,0.0,4.0,4.0,0.11427386105060577,0.5488287806510925,3.226661443710327,2110.0,2100.0,2100.0,1200.0,0.0,3.0,0.0,0.0,0.3005869388580322,0.7634303569793701,1.2414894104003906,1.6821157932281494,7.0
dynamic_prune,1,1,212,0.5767194294929504,0.5398829944928487,0.03683643067876498,0.5284128985802332,0.5284128985802332,0.0,4.0,4.0,0.1147756278514862,0.547177791595459,3.2342302799224854,2120.0,2100.0,2100.0,1200.0,0.0,3.0,0.0,0.0,0.3005869388580322,0.7634303569793701,1.2414894104003906,1.6821157932281494,7.0
dynamic_prune,1,1,213,0.5874359027544658,0.5490442808469137,0.038391616592804594,0.5441976277033488,0.5441976277033488,0.0,4.0,4.0,0.11617281287908554,0.5445315837860107,3.24680495262146,2130.0,2100.0,2100.0,1200.0,0.0,3.0,0.0,0.0,0.3005869388580322,0.7634303569793701,1.2414894104003906,1.6821157932281494,7.0
dynamic_prune,1,1,214,0.5887157408396403,0.5514091904958089,0.03730655868848165,0.5533165133992831,0.5533165133992831,0.0,4.0,4.0,0.11686503142118454,0.5411348938941956,3.2621021270751953,2140.0,2100.0,2100.0,1200.0,0.0,3.0,0.0,0.0,0.3005869388580322,0.7634303569793701,1.2414894104003906,1.6821157932281494,7.0
dynamic_prune,1,1,215,0.5844384892781576,0.5484096423784892,0.03602885151902835,0.5398373196522395,0.5398373196522395,0.0,4.0,4.0,0.11623770743608475,0.5388014316558838,3.271796464920044,2150.0,2100.0,2100.0,1200.0,0.0,3.0,0.0,0.0,0.3005869388580322,0.7634303569793701,1.2414894104003906,1.6821157932281494,7.0
dynamic_prune,1,1,216,0.5807201337814331,0.543098539908727,0.037621605396270755,0.534539459347725,0.534539459347725,0.0,4.0,4.0,0.1166321337223053,0.5357574224472046,3.2850406169891357,2160.0,2100.0,2100.0,1200.0,0.0,3.0,0.0,0.0,0.3005869388580322,0.7634303569793701,1.2414894104003906,1.6821157932281494,7.0
dynamic_prune,1,1,217,0.5875074132283529,0.5471351019541423,0.04037231187025706,0.5402823311090469,0.5402823311090469,0.0,4.0,4.0,0.1175900548696518,0.5323339104652405,3.300124168395996,2170.0,2100.0,2100.0,1200.0,0.0,3.0,0.0,0.0,0.3005869388580322,0.7634303569793701,1.2414894104003906,1.6821157932281494,7.0
dynamic_prune,1,1,218,0.5869382905960083,0.5478347484270731,0.039103537797927856,0.545075041949749,0.545075041949749,0.0,4.0,4.0,0.11856403201818466,0.5282850861549377,3.3176450729370117,2180.0,2100.0,2100.0,1200.0,0.0,3.0,0.0,0.0,0.3005869388580322,0.7634303569793701,1.2414894104003906,1.6821157932281494,7.0
dynamic_prune,1,1,219,0.5730601485570271,0.5355720949172974,0.03748804892102877,0.5345475241541863,0.5345475241541863,0.0,4.0,4.0,0.11765794456005096,0.5266651511192322,3.323383092880249,2190.0,2100.0,2100.0,1200.0,0.0,3.0,0.0,0.0,0.3005869388580322,0.7634303569793701,1.2414894104003906,1.6821157932281494,7.0
dynamic_prune,1,1,220,0.5884111547470092,0.5480676122506459,0.04034354214866956,0.5366485061248144,0.5366485061248144,0.0,4.0,4.0,0.11855968087911606,0.5239322185516357,3.3352737426757812,2200.0,2200.0,2200.0,1200.0,1.0,3.0,0.0,0.0,0.3880775570869446,0.9511957168579102,1.343800663948059,2.0022597312927246,9.0
dynamic_prune,1,1,221,0.5830004167556763,0.544056431055069,0.03894398202498754,0.5425873028238615,0.5425873028238615,0.0,4.0,4.0,0.11959896236658096,0.5197504162788391,3.3528969287872314,2210.0,2200.0,2200.0,1200.0,1.0,3.0,0.0,0.0,0.3880775570869446,0.9511957168579102,1.343800663948059,2.0022597312927246,9.0
dynamic_prune,1,1,222,0.5736918274561564,0.5341591771443684,0.03953264499704043,0.5366913219292958,0.5366913219292958,0.0,4.0,4.0,0.11863124370574951,0.5169968008995056,3.362579822540283,2220.0,2200.0,2200.0,1200.0,1.0,3.0,0.0,0.0,0.3880775570869446,0.9511957168579102,1.343800663948059,2.0022597312927246,9.0
dynamic_prune,1,1,223,0.5847889796892802,0.5428087385495504,0.04198024113972982,0.5268371548255285,0.5268371548255285,0.0,4.0,4.0,0.11940117925405502,0.5137138366699219,3.3759593963623047,2230.0,2200.0,2200.0,1200.0,1.0,3.0,0.0,0.0,0.3880775570869446,0.9511957168579102,1.343800663948059,2.0022597312927246,9.0
dynamic_prune,1,1,224,0.5764934619267782,0.5327576677004496,0.04373580023646355,0.532378454208374,0.532378454208374,0.0,4.0,4.0,0.11994679272174835,0.5115805864334106,3.384613275527954,2240.0,2200.0,2200.0,1200.0,1.0,3.0,0.0,0.0,0.3880775570869446,0.9511957168579102,1.343800663948059,2.0022597312927246,9.0
dynamic_prune,1,1,225,0.5790904029210409,0.5366552376747131,0.04243517110745112,0.5390844032168388,0.5390844032168388,0.0,4.0,4.0,0.12049894034862518,0.5078535676002502,3.399091958999634,2250.0,2200.0,2200.0,1200.0,1.0,3.0,0.0,0.0,0.3880775570869446,0.9511957168579102,1.343800663948059,2.0022597312927246,9.0
dynamic_prune,1,1,226,0.5708265137672425,0.5292285537719726,0.04159795333941778,0.5239876740177473,0.5239876740177473,0.0,4.0,4.0,0.12004395574331284,0.5062670111656189,3.4043402671813965,2260.0,2200.0,2200.0,1200.0,1.0,3.0,0.0,0.0,0.3880775570869446,0.9511957168579102,1.343800663948059,2.0022597312927246,9.0
dynamic_prune,1,1,227,0.5713901074727377,0.5303756916522979,0.041014416068792345,0.5250269706050555,0.5250269706050555,0.0,4.0,4.0,0.12011979520320892,0.5051649808883667,3.4084584712982178,2270.0,2200.0,2200.0,1200.0,1.0,3.0,0.0,0.0,0.3880775570869446,0.9511957168579102,1.343800663948059,2.0022597312927246,9.0
dynamic_prune,1,1,228,0.5708973240852356,0.5303120565414429,0.040585259248812997,0.5220248557130496,0.5220248557130496,0.0,4.0,4.0,0.11977902799844742,0.5038405656814575,3.4127984046936035,2280.0,2200.0,2200.0,1200.0,1.0,3.0,0.0,0.0,0.3880775570869446,0.9511957168579102,1.343800663948059,2.0022597312927246,9.0
dynamic_prune,1,1,229,0.572442577679952,0.5315577642122904,0.04088481555382411,0.5181873145699502,0.5181873145699502,0.0,4.0,4.0,0.11903323233127594,0.5036957263946533,3.412323236465454,2290.0,2200.0,2200.0,1200.0,1.0,3.0,0.0,0.0,0.3880775570869446,0.9511957168579102,1.343800663948059,2.0022597312927246,9.0
dynamic_prune,1,1,230,0.5739927458763122,0.533443345228831,0.04054940149188042,0.5227760969599088,0.5227760969599088,0.0,4.0,4.0,0.11972392350435257,0.5022386312484741,3.418449878692627,2300.0,2300.0,2300.0,1200.0,0.0,3.0,0.0,0.0,0.3629656434059143,0.90484619140625,1.00144624710083,1.972151279449463,5.0
dynamic_prune,1,1,231,0.5596740531921387,0.5198578548431396,0.03981618970632553,0.5239616109927495,0.5239616109927495,0.0,4.0,4.0,0.11861128360033035,0.5023773908615112,3.416407346725464,2310.0,2300.0,2300.0,1200.0,0.0,3.0,0.0,0.0,0.3629656434059143,0.90484619140625,1.00144624710083,1.972151279449463,5.0
dynamic_prune,1,1,232,0.5611514369646708,0.5203832936286926,0.040768146614233655,0.5187605648239454,0.5187605648239454,0.0,4.0,4.0,0.1176561489701271,0.5016539096832275,3.4175567626953125,2320.0,2300.0,2300.0,1200.0,0.0,3.0,0.0,0.0,0.3629656434059143,0.90484619140625,1.00144624710083,1.972151279449463,5.0
dynamic_prune,1,1,233,0.5580524039268494,0.5155559754371644,0.042496424615383145,0.517178108394146,0.517178108394146,0.0,4.0,4.0,0.11731816083192825,0.5012499690055847,3.418452739715576,2330.0,2300.0,2300.0,1200.0,0.0,3.0,0.0,0.0,0.3629656434059143,0.90484619140625,1.00144624710083,1.972151279449463,5.0
dynamic_prune,1,1,234,0.5627771258354187,0.519120820760727,0.04365631351868311,0.5140459302067757,0.5140459302067757,0.0,4.0,4.0,0.11801915615797043,0.49962636828422546,3.425100326538086,2340.0,2300.0,2300.0,1200.0,0.0,3.0,0.0,0.0,0.3629656434059143,0.90484619140625,1.00144624710083,1.972151279449463,5.0
dynamic_prune,1,1,235,0.5667327284812927,0.5217435741424561,0.04498914663990339,0.5145721906423568,0.5145721906423568,0.0,4.0,4.0,0.11854168027639389,0.4981478154659271,3.430990695953369,2350.0,2300.0,2300.0,1200.0,0.0,3.0,0.0,0.0,0.3629656434059143,0.90484619140625,1.00144624710083,1.972151279449463,5.0
dynamic_prune,1,1,236,0.56401260693868,0.5179447102546691,0.04606789747873942,0.5141391652822495,0.5141391652822495,0.0,4.0,4.0,0.11825776845216751,0.49726444482803345,3.43357253074646,2360.0,2300.0,2300.0,1200.0,0.0,3.0,0.0,0.0,0.3629656434059143,0.90484619140625,1.00144624710083,1.972151279449463,5.0
dynamic_prune,1,1,237,0.5588307420412699,0.5133572991689046,0.045473447094360984,0.5114927729964256,0.5114927729964256,0.0,4.0,4.0,0.1178935170173645,0.49718981981277466,3.433285713195801,2370.0,2300.0,2300.0,1200.0,0.0,3.0,0.0,0.0,0.3629656434059143,0.90484619140625,1.00144624710083,1.972151279449463,5.0
dynamic_prune,1,1,238,0.5571516410509745,0.5119684394200643,0.04518320724368095,0.5116320537527402,0.5116320537527402,0.0,4.0,4.0,0.11757602542638779,0.4975626766681671,3.4315295219421387,2380.0,2300.0,2300.0,1200.0,0.0,3.0,0.0,0.0,0.3629656434059143,0.90484619140625,1.00144624710083,1.972151279449463,5.0
dynamic_prune,1,1,239,0.5524070525169372,0.5083149774869283,0.04409208123882612,0.5064344814419747,0.5064344814419747,0.0,4.0,4.0,0.11719030141830444,0.498340368270874,3.428278684616089,2390.0,2300.0,2300.0,1200.0,0.0,3.0,0.0,0.0,0.3629656434059143,0.90484619140625,1.00144624710083,1.972151279449463,5.0
dynamic_prune,1,1,240,0.5622812263170878,0.5172696836789449,0.04501153906186422,0.5051450646917025,0.5051450646917025,0.0,4.0,4.0,0.11559545248746872,0.49895527958869934,3.423654317855835,2400.0,2400.0,2400.0,1200.0,0.0,3.0,0.0,0.0,0.40250393748283386,0.7597658634185791,1.0157395601272583,3.3229923248291016,5.0
dynamic_prune,1,1,241,0.5517143801848093,0.5069324739774068,0.04478190988302231,0.5050152853627999,0.5050152853627999,0.0,4.0,4.0,0.11512114852666855,0.4984981417655945,3.4244086742401123,2410.0,2400.0,2400.0,1200.0,0.0,3.0,0.0,0.0,0.40250393748283386,0.7597658634185791,1.0157395601272583,3.3229923248291016,5.0
dynamic_prune,1,1,242,0.5556879345575968,0.5096815764904022,0.0460063569744428,0.5018907108406225,0.5018907108406225,0.0,4.0,4.0,0.11388088017702103,0.49979716539382935,3.417964458465576,2420.0,2400.0,2400.0,1200.0,0.0,3.0,0.0,0.0,0.40250393748283386,0.7597658634185791,1.0157395601272583,3.3229923248291016,5.0
dynamic_prune,1,1,243,0.5533389822642009,0.5057984717686971,0.047540510346492135,0.4991996611158053,0.4991996611158053,0.0,4.0,4.0,0.1129746064543724,0.5008949041366577,3.4127256870269775,2430.0,2400.0,2400.0,1200.0,0.0,3.0,0.0,0.0,0.40250393748283386,0.7597658634185791,1.0157395601272583,3.3229923248291016,5.0
dynamic_prune,1,1,244,0.5495358101526896,0.5023158140977224,0.047219997743765514,0.49964234739542007,0.49964234739542007,0.0,4.0,4.0,0.11248236894607544,0.5015773773193359,3.4095659255981445,2440.0,2400.0,2400.0,1200.0,0.0,3.0,0.0,0.0,0.40250393748283386,0.7597658634185791,1.0157395601272583,3.3229923248291016,5.0
dynamic_prune,1,1,245,0.5564840658505757,0.5096415630976359,0.046842506925264996,0.5001876117785772,0.5001876117785772,0.0,4.0,4.0,0.11182146519422531,0.5014821887016296,3.4087445735931396,2450.0,2400.0,2400.0,1200.0,0.0,3.0,0.0,0.0,0.40250393748283386,0.7597658634185791,1.0157395601272583,3.3229923248291016,5.0
dynamic_prune,1,1,246,0.5588617364565531,0.5097686441739401,0.04909308522939682,0.5018457287053267,0.5018457287053267,0.0,4.0,4.0,0.11169792711734772,0.5017095804214478,3.4077587127685547,2460.0,2400.0,2400.0,1200.0,0.0,3.0,0.0,0.0,0.40250393748283386,0.7597658634185791,1.0157395601272583,3.3229923248291016,5.0
dynamic_prune,1,1,247,0.5470086606343587,0.49910533825556436,0.04790332645177841,0.49603203013539315,0.49603203013539315,0.0,4.0,4.0,0.11157997697591782,0.5028872489929199,3.4035844802856445,2470.0,2400.0,2400.0,1200.0,0.0,3.0,0.0,0.0,0.40250393748283386,0.7597658634185791,1.0157395601272583,3.3229923248291016,5.0
dynamic_prune,1,1,248,0.5435429970423381,0.4975338121255239,0.04600918337702751,0.4981479494770368,0.4981479494770368,0.0,4.0,4.0,0.11085275560617447,0.5042062401771545,3.3978271484375,2480.0,2400.0,2400.0,1200.0,0.0,3.0,0.0,0.0,0.40250393748283386,0.7597658634185791,1.0157395601272583,3.3229923248291016,5.0
dynamic_prune,1,1,249,0.5494658946990967,0.5024662192662557,0.046999677866697315,0.49806931788722675,0.49806931788722675,0.0,4.0,4.0,0.1106860563158989,0.5044469833374023,3.3967297077178955,2490.0,2400.0,2400.0,1200.0,0.0,3.0,0.0,0.0,0.40250393748283386,0.7597658634185791,1.0157395601272583,3.3229923248291016,5.0
dynamic_prune,1,1,250,0.548852634827296,0.5013860237598419,0.047466620703538256,0.4967376571893692,0.4967376571893692,0.0,4.0,4.0,0.11033821105957031,0.5053110718727112,3.3931922912597656,2500.0,2500.0,2500.0,1200.0,1.0,3.0,0.0,0.0,0.45469892024993896,0.9242861270904541,1.269521713256836,2.272087812423706,8.0
dynamic_prune,1,1,251,0.54412802139918,0.49882271806399026,0.045305295685927074,0.4969357986251513,0.4969357986251513,0.0,4.0,4.0,0.11007339507341385,0.505746066570282,3.3912458419799805,2510.0,2500.0,2500.0,1200.0,1.0,3.0,0.0,0.0,0.45469892024993896,0.9242861270904541,1.269521713256836,2.272087812423706,8.0
dynamic_prune,1,1,252,0.5420172127087911,0.4962756939729055,0.045741523504257205,0.4939964052538077,0.4939964052538077,0.0,4.0,4.0,0.10908166319131851,0.5070619583129883,3.3849904537200928,2520.0,2500.0,2500.0,1200.0,1.0,3.0,0.0,0.0,0.45469892024993896,0.9242861270904541,1.269521713256836,2.272087812423706,8.0
dynamic_prune,1,1,253,0.5488591480255127,0.5028215901056925,0.04603755911191305,0.4906356849273046,0.4906356849273046,0.0,4.0,4.0,0.10934200137853622,0.5074893236160278,3.3839640617370605,2530.0,2500.0,2500.0,1200.0,1.0,3.0,0.0,0.0,0.45469892024993896,0.9242861270904541,1.269521713256836,2.272087812423706,8.0
dynamic_prune,1,1,254,0.5382566618919372,0.49267893671989443,0.04557771861553192,0.4906921087702115,0.4906921087702115,0.0,4.0,4.0,0.10867394506931305,0.5083217620849609,3.3799033164978027,2540.0,2500.0,2500.0,1200.0,1.0,3.0,0.0,0.0,0.45469892024993896,0.9242861270904541,1.269521713256836,2.272087812423706,8.0
dynamic_prune,1,1,255,0.5480981596310933,0.5013258830706279,0.04677227358023325,0.492732744961977,0.492732744961977,0.0,4.0,4.0,0.1085156723856926,0.5086495280265808,3.3785030841827393,2550.0,2500.0,2500.0,1200.0,1.0,3.0,0.0,0.0,0.45469892024993896,0.9242861270904541,1.269521713256836,2.272087812423706,8.0
dynamic_prune,1,1,256,0.5420311558246612,0.4967734245459239,0.045257727007071175,0.48763886287808417,0.48763886287808417,0.0,4.0,4.0,0.1079993024468422,0.5086320638656616,3.3776614665985107,2560.0,2500.0,2500.0,1200.0,1.0,3.0,0.0,0.0,0.45469892024993896,0.9242861270904541,1.269521713256836,2.272087812423706,8.0
dynamic_prune,1,1,257,0.5375093615055084,0.4922501111030579,0.045259254227081935,0.48789783934752146,0.48789783934752146,0.0,4.0,4.0,0.107078418135643,0.5102543234825134,3.370401382446289,2570.0,2500.0,2500.0,1200.0,1.0,3.0,0.0,0.0,0.45469892024993896,0.9242861270904541,1.269521713256836,2.272087812423706,8.0
dynamic_prune,1,1,258,0.5367231392860412,0.4924055834611257,0.04431755408644676,0.4860158084332943,0.4860158084332943,0.0,4.0,4.0,0.10681430995464325,0.5101287364959717,3.3703532218933105,2580.0,2500.0,2500.0,1200.0,1.0,3.0,0.0,0.0,0.45469892024993896,0.9242861270904541,1.269521713256836,2.272087812423706,8.0
dynamic_prune,1,1,259,0.5353727515538533,0.4899408288796743,0.04543193037311236,0.48331376746296884,0.48331376746296884,0.0,4.0,4.0,0.10583633184432983,0.5112881660461426,3.364556074142456,2590.0,2500.0,2500.0,1200.0,1.0,3.0,0.0,0.0,0.45469892024993896,0.9242861270904541,1.269521713256836,2.272087812423706,8.0
dynamic_prune,1,1,260,0.5321908410390218,0.4867927491664886,0.04539808342854182,0.4835841335356236,0.4835841335356236,0.0,4.0,4.0,0.10570842772722244,0.5126504898071289,3.35959792137146,2600.0,2600.0,2600.0,1200.0,0.0,3.0,0.0,0.0,0.33837994933128357,0.7361588478088379,1.0696625709533691,1.9148659706115723,7.0
dynamic_prune,1,1,261,0.5325036406517029,0.4850575606028239,0.04744607870777448,0.483258092602094,0.483258092602094,0.0,4.0,4.0,0.10470028966665268,0.5135037302970886,3.3547563552856445,2610.0,2600.0,2600.0,1200.0,0.0,3.0,0.0,0.0,0.33837994933128357,0.7361588478088379,1.0696625709533691,1.9148659706115723,7.0
dynamic_prune,1,1,262,0.5383374838034312,0.4912516995271047,0.04708577518661817,0.48208525116244955,0.48208525116244955,0.0,4.0,4.0,0.10375283658504486,0.5134808421134949,3.3530497550964355,2620.0,2600.0,2600.0,1200.0,0.0,3.0,0.0,0.0,0.33837994933128357,0.7361588478088379,1.0696625709533691,1.9148659706115723,7.0
dynamic_prune,1,1,263,0.5450222500165304,0.4956558171908061,0.04936642517646154,0.4796110880871614,0.4796110880871614,0.0,4.0,4.0,0.10364203155040741,0.5140717625617981,3.3508193492889404,2630.0,2600.0,2600.0,1200.0,0.0,3.0,0.0,0.0,0.33837994933128357,0.7361588478088379,1.0696625709533691,1.9148659706115723,7.0
dynamic_prune,1,1,264,0.537331383228302,0.48797829627990724,0.04935308520992597,0.47953270147244137,0.47953270147244137,0.0,4.0,4.0,0.10349354147911072,0.5136694312095642,3.3519251346588135,2640.0,2600.0,2600.0,1200.0,0.0,3.0,0.0,0.0,0.33837994933128357,0.7361588478088379,1.0696625709533691,1.9148659706115723,7.0
dynamic_prune,1,1,265,0.5349820101261139,0.4865354267756144,0.0484465828537941,0.4787383280694485,0.4787383280694485,0.0,4.0,4.0,0.10262367129325867,0.5140427947044373,3.3489530086517334,2650.0,2600.0,2600.0,1200.0,0.0,3.0,0.0,0.0,0.33837994933128357,0.7361588478088379,1.0696625709533691,1.9148659706115723,7.0
dynamic_prune,1,1,266,0.5352994338671366,0.48428619861602784,0.05101323927442233,0.4778384294112523,0.4778384294112523,0.0,4.0,4.0,0.10247395932674408,0.5130959153175354,3.351907730102539,2660.0,2600.0,2600.0,1200.0,0.0,3.0,0.0,0.0,0.33837994933128357,0.7361588478088379,1.0696625709533691,1.9148659706115723,7.0
dynamic_prune,1,1,267,0.529044262568156,0.4780236081282298,0.05102065245310466,0.4769528647263845,0.4769528647263845,0.0,4.0,4.0,0.10253216326236725,0.5113347172737122,3.358017921447754,2670.0,2600.0,2600.0,1200.0,0.0,3.0,0.0,0.0,0.33837994933128357,0.7361588478088379,1.0696625709533691,1.9148659706115723,7.0
dynamic_prune,1,1,268,0.5365795326232911,0.4837112307548523,0.05286830226580302,0.47372005189458527,0.47372005189458527,0.0,4.0,4.0,0.10204579681158066,0.5100342035293579,3.3614182472229004,2680.0,2600.0,2600.0,1200.0,0.0,3.0,0.0,0.0,0.33837994933128357,0.7361588478088379,1.0696625709533691,1.9148659706115723,7.0
dynamic_prune,1,1,269,0.5301545556386312,0.4761833433310191,0.05397121955951055,0.472583128263553,0.472583128263553,0.0,4.0,4.0,0.10110610723495483,0.5091977119445801,3.362243890762329,2690.0,2600.0,2600.0,1200.0,0.0,3.0,0.0,0.0,0.33837994933128357,0.7361588478088379,1.0696625709533691,1.9148659706115723,7.0
dynamic_prune,1,1,270,0.5256666572888692,0.4709548064072927,0.05471184581518173,0.4672078069547812,0.4672078069547812,0.0,4.0,4.0,0.10010822117328644,0.5074286460876465,3.365886688232422,2700.0,2700.0,2700.0,1200.0,0.0,3.0,0.0,0.0,0.4359557032585144,0.8881537914276123,1.5045950412750244,2.9959754943847656,7.0
dynamic_prune,1,1,271,0.5325372966130575,0.47551119327545166,0.057026100158691403,0.46634936148921646,0.46634936148921646,0.0,4.0,4.0,0.10008849948644638,0.5053625702857971,3.3725249767303467,2710.0,2700.0,2700.0,1200.0,0.0,3.0,0.0,0.0,0.4359557032585144,0.8881537914276123,1.5045950412750244,2.9959754943847656,7.0
dynamic_prune,1,1,272,0.5298069707552592,0.4733535114924113,0.056453466216723126,0.4676918669541677,0.4676918669541677,0.0,4.0,4.0,0.0992315411567688,0.5057005882263184,3.3694965839385986,2720.0,2700.0,2700.0,1200.0,0.0,3.0,0.0,0.0,0.4359557032585144,0.8881537914276123,1.5045950412750244,2.9959754943847656,7.0
dynamic_prune,1,1,273,0.5263498814900717,0.4701164126396179,0.05623346467812856,0.4649833727876345,0.4649833727876345,0.0,4.0,4.0,0.0990893691778183,0.504284679889679,3.3736822605133057,2730.0,2700.0,2700.0,1200.0,0.0,3.0,0.0,0.0,0.4359557032585144,0.8881537914276123,1.5045950412750244,2.9959754943847656,7.0
dynamic_prune,1,1,274,0.5261435985565186,0.4714783124128977,0.05466529255112012,0.4664393745859464,0.4664393745859464,0.0,4.0,4.0,0.09897766262292862,0.5039677023887634,3.3744242191314697,2740.0,2700.0,2700.0,1200.0,0.0,3.0,0.0,0.0,0.4359557032585144,0.8881537914276123,1.5045950412750244,2.9959754943847656,7.0
dynamic_prune,1,1,275,0.5305210471153259,0.4753757898012797,0.05514525989691416,0.46947237228353816,0.46947237228353816,0.0,4.0,4.0,0.09881068021059036,0.5034283399581909,3.375734806060791,2750.0,2700.0,2700.0,1200.0,0.0,3.0,0.0,0.0,0.4359557032585144,0.8881537914276123,1.5045950412750244,2.9959754943847656,7.0
dynamic_prune,1,1,276,0.52438867410024,0.4681467564900716,0.05624192009369532,0.4635315494736036,0.4635315494736036,0.0,4.0,4.0,0.09894372522830963,0.5016670227050781,3.3815653324127197,2760.0,2700.0,2700.0,1200.0,0.0,3.0,0.0,0.0,0.4359557032585144,0.8881537914276123,1.5045950412750244,2.9959754943847656,7.0
dynamic_prune,1,1,277,0.5280704736709595,0.47063555121421813,0.05743492662906647,0.46597732285658516,0.46597732285658516,0.0,4.0,4.0,0.0987272560596466,0.5010499954223633,3.3829667568206787,2770.0,2700.0,2700.0,1200.0,0.0,3.0,0.0,0.0,0.4359557032585144,0.8881537914276123,1.5045950412750244,2.9959754943847656,7.0
dynamic_prune,1,1,278,0.5235281308492025,0.46547564744949343,0.05805248742302259,0.4605151451130708,0.4605151451130708,0.0,4.0,4.0,0.09864317625761032,0.4997250735759735,3.3868517875671387,2780.0,2700.0,2700.0,1200.0,0.0,3.0,0.0,0.0,0.4359557032585144,0.8881537914276123,1.5045950412750244,2.9959754943847656,7.0
dynamic_prune,1,1,279,0.5251337401072185,0.46630100687344866,0.05883273204167684,0.4596281084915002,0.4596281084915002,0.0,4.0,4.0,0.09841521829366684,0.4991869032382965,3.3879454135894775,2790.0,2700.0,2700.0,1200.0,0.0,3.0,0.0,0.0,0.4359557032585144,0.8881537914276123,1.5045950412750244,2.9959754943847656,7.0
dynamic_prune,1,1,280,0.5301646478970845,0.4703790601094564,0.05978559195995331,0.46503180886308354,0.46503180886308354,0.0,4.0,4.0,0.097955621778965,0.49954673647880554,3.385719060897827,2800.0,2800.0,2800.0,1200.0,1.0,3.0,0.0,0.0,0.5672974586486816,1.1068146228790283,1.6988451480865479,3.368729591369629,11.0
dynamic_prune,1,1,281,0.5275218963623047,0.4677501897017161,0.05977170139551163,0.4624217893183231,0.4624217893183231,0.0,4.0,4.0,0.09834107011556625,0.4987940192222595,3.3889577388763428,2810.0,2800.0,2800.0,1200.0,1.0,3.0,0.0,0.0,0.5672974586486816,1.1068146228790283,1.6988451480865479,3.368729591369629,11.0
dynamic_prune,1,1,282,0.5202992741266886,0.4591758485635122,0.06112342119216919,0.4559140329559644,0.4559140329559644,0.0,4.0,4.0,0.09822581708431244,0.49709945917129517,3.393800973892212,2820.0,2800.0,2800.0,1200.0,1.0,3.0,0.0,0.0,0.5672974586486816,1.1068146228790283,1.6988451480865479,3.368729591369629,11.0
dynamic_prune,1,1,283,0.5235810732841492,0.46180143038431803,0.061779645482699076,0.45250927940011026,0.45250927940011026,0.0,4.0,4.0,0.09848304092884064,0.496329128742218,3.3967604637145996,2830.0,2800.0,2800.0,1200.0,1.0,3.0,0.0,0.0,0.5672974586486816,1.1068146228790283,1.6988451480865479,3.368729591369629,11.0
dynamic_prune,1,1,284,0.5261377382278443,0.4643832516670227,0.061754490633805594,0.4622324733436108,0.4622324733436108,0.0,4.0,4.0,0.09785447269678116,0.49703240394592285,3.3930792808532715,2840.0,2800.0,2800.0,1200.0,1.0,3.0,0.0,0.0,0.5672974586486816,1.1068146228790283,1.6988451480865479,3.368729591369629,11.0
dynamic_prune,1,1,285,0.5231335457166036,0.46119769096374513,0.06193585077921549,0.4545235888659954,0.4545235888659954,0.0,4.0,4.0,0.09747885912656784,0.496842622756958,3.392699718475342,2850.0,2800.0,2800.0,1200.0,1.0,3.0,0.0,0.0,0.5672974586486816,1.1068146228790283,1.6988451480865479,3.368729591369629,11.0
dynamic_prune,1,1,286,0.5263443557421367,0.4637805724143982,0.06256377935409546,0.45657924567659697,0.45657924567659697,0.0,4.0,4.0,0.09609319269657135,0.4981708228588104,3.385190963745117,2860.0,2800.0,2800.0,1200.0,1.0,3.0,0.0,0.0,0.5672974586486816,1.1068146228790283,1.6988451480865479,3.368729591369629,11.0
dynamic_prune,1,1,287,0.528372419277827,0.4633634293079376,0.06500899483760197,0.4567421176036199,0.4567421176036199,0.0,4.0,4.0,0.0951884388923645,0.49870845675468445,3.381232500076294,2870.0,2800.0,2800.0,1200.0,1.0,3.0,0.0,0.0,0.5672974586486816,1.1068146228790283,1.6988451480865479,3.368729591369629,11.0
dynamic_prune,1,1,288,0.5218273695309957,0.4562994428475698,0.06552793115377425,0.4488452398777008,0.4488452398777008,0.0,4.0,4.0,0.09416771680116653,0.498742014169693,3.378441095352173,2880.0,2800.0,2800.0,1200.0,1.0,3.0,0.0,0.0,0.5672974586486816,1.1068146228790283,1.6988451480865479,3.368729591369629,11.0
dynamic_prune,1,1,289,0.5278999853134155,0.46232516050338746,0.06557482381661733,0.4580117733776569,0.4580117733776569,0.0,4.0,4.0,0.0934339389204979,0.4991249144077301,3.375338077545166,2890.0,2800.0,2800.0,1200.0,1.0,3.0,0.0,0.0,0.5672974586486816,1.1068146228790283,1.6988451480865479,3.368729591369629,11.0
dynamic_prune,1,1,290,0.5219065380096436,0.4583452602227529,0.06356128737330437,0.4558364622791608,0.4558364622791608,0.0,5.0,5.0,0.040334392338991165,0.47914841771125793,3.805476427078247,2900.0,2900.0,2800.0,2900.0,0.0,4.0,0.0,0.0,0.47602367401123047,0.9772086143493652,1.6387746334075928,2.4532203674316406,10.0
dynamic_prune,1,1,291,0.49751793384552,0.4432391671339671,0.05427876949310303,0.4477243575453758,0.4477243575453758,0.0,5.0,5.0,0.0515761598944664,0.4733349084854126,3.887742042541504,2910.0,2900.0,2800.0,2900.0,0.0,4.0,0.0,0.0,0.47602367401123047,0.9772086143493652,1.6387746334075928,2.4532203674316406,10.0
dynamic_prune,1,1,292,0.47921305815378823,0.4250197156270345,0.05419334431489309,0.41376452495654426,0.41376452495654426,0.0,5.0,5.0,0.06150371953845024,0.46814578771591187,3.954857349395752,2920.0,2900.0,2800.0,2900.0,0.0,4.0,0.0,0.0,0.47602367401123047,0.9772086143493652,1.6387746334075928,2.4532203674316406,10.0
dynamic_prune,1,1,293,0.4700640364487966,0.41963419953982034,0.0504298452536265,0.40563212856650355,0.40563212856650355,0.0,5.0,5.0,0.07322563976049423,0.46041133999824524,4.034759998321533,2930.0,2900.0,2800.0,2900.0,0.0,4.0,0.0,0.0,0.47602367401123047,0.9772086143493652,1.6387746334075928,2.4532203674316406,10.0
dynamic_prune,1,1,294,0.4716886901855469,0.4252544017632802,0.04643429179986318,0.40425311560432114,0.40425311560432114,0.0,5.0,5.0,0.08427606523036957,0.4531204104423523,4.10373592376709,2940.0,2900.0,2800.0,2900.0,0.0,4.0,0.0,0.0,0.47602367401123047,0.9772086143493652,1.6387746334075928,2.4532203674316406,10.0
dynamic_prune,1,1,295,0.4465665864944458,0.40524315158526103,0.04132343525687854,0.39493025675415994,0.39493025675415994,0.0,5.0,5.0,0.09442116320133209,0.44658583402633667,4.161204814910889,2950.0,2900.0,2800.0,2900.0,0.0,4.0,0.0,0.0,0.47602367401123047,0.9772086143493652,1.6387746334075928,2.4532203674316406,10.0
dynamic_prune,1,1,296,0.43853014389673867,0.40201616605122886,0.03651397864023844,0.40167548914750417,0.40167548914750417,0.0,5.0,5.0,0.09508009999990463,0.44011685252189636,4.21210241317749,2960.0,2900.0,2800.0,2900.0,0.0,4.0,0.0,0.0,0.47602367401123047,0.9772086143493652,1.6387746334075928,2.4532203674316406,10.0
dynamic_prune,1,1,297,0.45374070485432944,0.417442045211792,0.03629866113265356,0.38980767702062924,0.38980767702062924,0.0,5.0,5.0,0.09661983698606491,0.4333456754684448,4.260317325592041,2970.0,2900.0,2800.0,2900.0,0.0,4.0,0.0,0.0,0.47602367401123047,0.9772086143493652,1.6387746334075928,2.4532203674316406,10.0
dynamic_prune,1,1,298,0.43970421751340233,0.404529656569163,0.035174564272165296,0.38602975562214853,0.38602975562214853,0.0,5.0,5.0,0.09691668301820755,0.4275391399860382,4.296449661254883,2980.0,2900.0,2800.0,2900.0,0.0,4.0,0.0,0.0,0.47602367401123047,0.9772086143493652,1.6387746334075928,2.4532203674316406,10.0
dynamic_prune,1,1,299,0.43198697090148924,0.39827462236086525,0.033712349086999896,0.3842081383864085,0.3842081383864085,0.0,5.0,5.0,0.09773342311382294,0.4227442443370819,4.323817253112793,2990.0,2900.0,2800.0,2900.0,0.0,4.0,0.0,0.0,0.47602367401123047,0.9772086143493652,1.6387746334075928,2.4532203674316406,10.0
dynamic_prune,1,1,300,0.4407342131932577,0.406700740257899,0.03403347278634707,0.3897640486061573,0.3897640486061573,0.0,5.0,5.0,0.09895140677690506,0.4178099036216736,4.349754810333252,3000.0,2900.0,2800.0,2900.0,0.0,4.0,0.0,0.0,0.47602367401123047,0.9772086143493652,1.6387746334075928,2.4532203674316406,10.0
dynamic_prune,1,1,301,0.436976744333903,0.40535786708196003,0.03161887233455976,0.38570269236962,0.38570269236962,0.0,5.0,5.0,0.09928975999355316,0.41257667541503906,4.372998237609863,3010.0,2900.0,2800.0,2900.0,0.0,4.0,0.0,0.0,0.47602367401123047,0.9772086143493652,1.6387746334075928,2.4532203674316406,10.0
dynamic_prune,1,1,302,0.43003734906514485,0.39707007924715676,0.032967267632484434,0.38356755271553994,0.38356755271553994,0.0,5.0,5.0,0.0995861366391182,0.4084559977054596,4.389287948608398,3020.0,2900.0,2800.0,2900.0,0.0,4.0,0.0,0.0,0.47602367401123047,0.9772086143493652,1.6387746334075928,2.4532203674316406,10.0
dynamic_prune,1,1,303,0.4232139670848846,0.3895049556096395,0.033709010084470116,0.3743338404595852,0.3743338404595852,0.0,5.0,5.0,0.10014854371547699,0.40551725029945374,4.400074005126953,3030.0,2900.0,2800.0,2900.0,0.0,4.0,0.0,0.0,0.47602367401123047,0.9772086143493652,1.6387746334075928,2.4532203674316406,10.0
dynamic_prune,1,1,304,0.429053674141566,0.397181316614151,0.031872361103693646,0.37847498486439385,0.37847498486439385,0.0,5.0,5.0,0.10079401731491089,0.4019724726676941,4.41190242767334,3040.0,2900.0,2800.0,2900.0,0.0,4.0,0.0,0.0,0.47602367401123047,0.9772086143493652,1.6387746334075928,2.4532203674316406,10.0
dynamic_prune,1,1,305,0.4138017761707306,0.382118843793869,0.03168293406565984,0.3823011382917563,0.3823011382917563,0.0,5.0,5.0,0.1008450984954834,0.39982515573501587,4.4170989990234375,3050.0,2900.0,2800.0,2900.0,0.0,4.0,0.0,0.0,0.47602367401123047,0.9772086143493652,1.6387746334075928,2.4532203674316406,10.0
dynamic_prune,1,1,306,0.41550517161687217,0.3845290716489156,0.030976104140281676,0.37527457157770794,0.37527457157770794,0.0,5.0,5.0,0.10055235773324966,0.39775553345680237,4.421213150024414,3060.0,2900.0,2800.0,2900.0,0.0,4.0,0.0,0.0,0.47602367401123047,0.9772086143493652,1.6387746334075928,2.4532203674316406,10.0
dynamic_prune,1,1,307,0.4099250042438507,0.3795925645033518,0.03033243993918101,0.37172750527660053,0.37172750527660053,0.0,5.0,5.0,0.09994716197252274,0.3950294852256775,4.426499843597412,3070.0,2900.0,2800.0,2900.0,0.0,4.0,0.0,0.0,0.47602367401123047,0.9772086143493652,1.6387746334075928,2.4532203674316406,10.0
dynamic_prune,1,1,308,0.40750229120254516,0.3772470263640086,0.03025526429216067,0.3717137403289477,0.3717137403289477,0.0,5.0,5.0,0.09968128055334091,0.3933449983596802,4.4288740158081055,3080.0,2900.0,2800.0,2900.0,0.0,4.0,0.0,0.0,0.47602367401123047,0.9772086143493652,1.6387746334075928,2.4532203674316406,10.0
dynamic_prune,1,1,309,0.41353906949361163,0.3836328152815501,0.029906256000200908,0.37443986485401787,0.37443986485401787,0.0,5.0,5.0,0.09968166798353195,0.39115771651268005,4.432111740112305,3090.0,2900.0,2800.0,2900.0,0.0,4.0,0.0,0.0,0.47602367401123047,0.9772086143493652,1.6387746334075928,2.4532203674316406,10.0
dynamic_prune,1,1,310,0.40208751638730367,0.3719874691963196,0.03010004922747612,0.3762270800769329,0.3762270800769329,0.0,5.0,5.0,0.09891559928655624,0.38935959339141846,4.43261194229126,3100.0,2900.0,2800.0,2900.0,0.0,4.0,0.0,0.0,0.47602367401123047,0.9772086143493652,1.6387746334075928,2.4532203674316406,10.0
dynamic_prune,1,1,311,0.4083830682436625,0.3777637279033661,0.03061933969457944,0.3685207048555215,0.3685207048555215,0.0,5.0,5.0,0.09925691783428192,0.38816383481025696,4.433926105499268,3110.0,2900.0,2800.0,2900.0,0.0,4.0,0.0,0.0,0.47602367401123047,0.9772086143493652,1.6387746334075928,2.4532203674316406,10.0
dynamic_prune,1,1,312,0.40416974425315855,0.3758247077465057,0.028345035538077355,0.36912215704719226,0.36912215704719226,0.0,5.0,5.0,0.09909579902887344,0.38697484135627747,4.434030055999756,3120.0,2900.0,2800.0,2900.0,0.0,4.0,0.0,0.0,0.47602367401123047,0.9772086143493652,1.6387746334075928,2.4532203674316406,10.0
dynamic_prune,1,1,313,0.3999292453130086,0.3701734073956807,0.029755843778451283,0.36594455475608506,0.36594455475608506,0.0,5.0,5.0,0.0991039127111435,0.38659149408340454,4.433070182800293,3130.0,2900.0,2800.0,2900.0,0.0,4.0,0.0,0.0,0.47602367401123047,0.9772086143493652,1.6387746334075928,2.4532203674316406,10.0
dynamic_prune,1,1,314,0.3933651864528656,0.36454429308573405,0.028820896397034328,0.35583872680862744,0.35583872680862744,0.0,5.0,5.0,0.0982486829161644,0.38637518882751465,4.429717540740967,3140.0,2900.0,2800.0,2900.0,0.0,4.0,0.0,0.0,0.47602367401123047,0.9772086143493652,1.6387746334075928,2.4532203674316406,10.0
dynamic_prune,1,1,315,0.38843163251876833,0.35972285191218056,0.028708786070346833,0.3483126956721147,0.3483126956721147,0.0,5.0,5.0,0.0972859337925911,0.38629961013793945,4.424896240234375,3150.0,2900.0,2800.0,2900.0,0.0,4.0,0.0,0.0,0.47602367401123047,0.9772086143493652,1.6387746334075928,2.4532203674316406,10.0
dynamic_prune,1,1,316,0.39205477833747865,0.3631885051727295,0.028866274282336235,0.3495537431538105,0.3495537431538105,0.0,5.0,5.0,0.09663381427526474,0.3856816589832306,4.421651840209961,3160.0,2900.0,2800.0,2900.0,0.0,4.0,0.0,0.0,0.47602367401123047,0.9772086143493652,1.6387746334075928,2.4532203674316406,10.0
dynamic_prune,1,1,317,0.38125893235206604,0.3526372547944387,0.028621679171919823,0.3480782126883666,0.3480782126883666,0.0,5.0,5.0,0.09587984532117844,0.38586118817329407,4.416131496429443,3170.0,2900.0,2800.0,2900.0,0.0,4.0,0.0,0.0,0.47602367401123047,0.9772086143493652,1.6387746334075928,2.4532203674316406,10.0
dynamic_prune,1,1,318,0.37977567156155906,0.3507206638654073,0.029055008788903554,0.3418777528901895,0.3418777528901895,0.0,5.0,5.0,0.09505250304937363,0.3862907886505127,4.41151237487793,3180.0,2900.0,2800.0,2900.0,0.0,4.0,0.0,0.0,0.47602367401123047,0.9772086143493652,1.6387746334075928,2.4532203674316406,10.0
dynamic_prune,1,1,319,0.3786615018049876,0.34946430365244546,0.029197201256950696,0.339268334209919,0.339268334209919,0.0,5.0,5.0,0.093956358730793,0.38644152879714966,4.405547142028809,3190.0,2900.0,2800.0,2900.0,0.0,4.0,0.0,0.0,0.47602367401123047,0.9772086143493652,1.6387746334075928,2.4532203674316406,10.0
dynamic_prune,1,1,320,0.3791898488998413,0.34894362727801004,0.030246220976114273,0.3349456809957822,0.3349456809957822,0.0,5.0,5.0,0.09354321658611298,0.3867446780204773,4.402254104614258,3200.0,3200.0,3200.0,2900.0,0.0,4.0,0.0,0.0,0.24578838050365448,0.534337043762207,0.7334206104278564,1.7444758415222168,2.0
dynamic_prune,1,1,321,0.3779415361086528,0.3498514330387115,0.028090104907751084,0.3343504183491071,0.3343504183491071,0.0,5.0,5.0,0.09308640658855438,0.3870448172092438,4.399055004119873,3210.0,3200.0,3200.0,2900.0,0.0,4.0,0.0,0.0,0.24578838050365448,0.534337043762207,0.7334206104278564,1.7444758415222168,2.0
dynamic_prune,1,1,322,0.37278144955635073,0.3445366410414378,0.028244810129205385,0.3327179657419523,0.3327179657419523,0.0,5.0,5.0,0.09221643954515457,0.38686099648475647,4.394013404846191,3220.0,3200.0,3200.0,2900.0,0.0,4.0,0.0,0.0,0.24578838050365448,0.534337043762207,0.7334206104278564,1.7444758415222168,2.0
dynamic_prune,1,1,323,0.3729118808110555,0.34533550500869753,0.02757637470960617,0.33030025402704877,0.33030025402704877,0.0,5.0,5.0,0.09142722934484482,0.38692206144332886,4.389644622802734,3230.0,3200.0,3200.0,2900.0,0.0,4.0,0.0,0.0,0.24578838050365448,0.534337043762207,0.7334206104278564,1.7444758415222168,2.0
dynamic_prune,1,1,324,0.36521536906560265,0.3375252103805542,0.02769015550613403,0.3342510195076466,0.3342510195076466,0.0,5.0,5.0,0.09052589535713196,0.38702595233917236,4.386137962341309,3240.0,3200.0,3200.0,2900.0,0.0,4.0,0.0,0.0,0.24578838050365448,0.534337043762207,0.7334206104278564,1.7444758415222168,2.0
dynamic_prune,1,1,325,0.3685694448153178,0.34026520371437075,0.028304245496789615,0.33063658950229485,0.33063658950229485,0.0,5.0,5.0,0.08973188698291779,0.3874008059501648,4.380928993225098,3250.0,3200.0,3200.0,2900.0,0.0,4.0,0.0,0.0,0.24578838050365448,0.534337043762207,0.7334206104278564,1.7444758415222168,2.0
dynamic_prune,1,1,326,0.36032725175221764,0.33147159337997434,0.02885565926631292,0.32325061383346715,0.32325061383346715,0.0,5.0,5.0,0.0888652577996254,0.38805443048477173,4.375914096832275,3260.0,3200.0,3200.0,2900.0,0.0,4.0,0.0,0.0,0.24578838050365448,0.534337043762207,0.7334206104278564,1.7444758415222168,2.0
dynamic_prune,1,1,327,0.35832442839940387,0.33009302894274395,0.02823139970501264,0.32256171534458794,0.32256171534458794,0.0,5.0,5.0,0.08815639466047287,0.3886948823928833,4.370971202850342,3270.0,3200.0,3200.0,2900.0,0.0,4.0,0.0,0.0,0.24578838050365448,0.534337043762207,0.7334206104278564,1.7444758415222168,2.0
dynamic_prune,1,1,328,0.35639264742533366,0.3299967622756958,0.02639588957031568,0.3211136900881926,0.3211136900881926,0.0,5.0,5.0,0.08763870596885681,0.3891225755214691,4.367523670196533,3280.0,3200.0,3200.0,2900.0,0.0,4.0,0.0,0.0,0.24578838050365448,0.534337043762207,0.7334206104278564,1.7444758415222168,2.0
dynamic_prune,1,1,329,0.36497054537137347,0.3378444270292918,0.027126121819019317,0.31921545997262,0.31921545997262,0.0,5.0,5.0,0.08670870959758759,0.3890349268913269,4.364143371582031,3290.0,3200.0,3200.0,2900.0,0.0,4.0,0.0,0.0,0.24578838050365448,0.534337043762207,0.7334206104278564,1.7444758415222168,2.0
dynamic_prune,1,1,330,0.3543397827943166,0.32618997772534686,0.028149806956450144,0.3193986595173677,0.3193986595173677,0.0,5.0,5.0,0.08606385439634323,0.389469176530838,4.360600471496582,3300.0,3300.0,3300.0,2900.0,0.0,4.0,0.0,0.0,0.3494720458984375,0.8154035806655884,1.1583170890808105,2.281341552734375,7.0
dynamic_prune,1,1,331,0.3577940225601196,0.3282214510440826,0.02957257295648257,0.3128191013634205,0.3128191013634205,0.0,5.0,5.0,0.08576292544603348,0.3900425136089325,4.357627868652344,3310.0,3300.0,3300.0,2900.0,0.0,4.0,0.0,0.0,0.3494720458984375,0.8154035806655884,1.1583170890808105,2.281341552734375,7.0
dynamic_prune,1,1,332,0.35084990739822386,0.32378649155298866,0.027063412989179293,0.3136648380259673,0.3136648380259673,0.0,5.0,5.0,0.08496776968240738,0.39055517315864563,4.352322101593018,3320.0,3300.0,3300.0,2900.0,0.0,4.0,0.0,0.0,0.3494720458984375,0.8154035806655884,1.1583170890808105,2.281341552734375,7.0
dynamic_prune,1,1,333,0.35603970964749654,0.32861095905303955,0.027428753301501275,0.3104704557607571,0.3104704557607571,0.0,5.0,5.0,0.08414685726165771,0.39067381620407104,4.34881591796875,3330.0,3300.0,3300.0,2900.0,0.0,4.0,0.0,0.0,0.3494720458984375,0.8154035806655884,1.1583170890808105,2.281341552734375,7.0
dynamic_prune,1,1,334,0.34779391606648763,0.32159202218055727,0.026201888918876648,0.3103813937306404,0.3103813937306404,0.0,5.0,5.0,0.08324035257101059,0.3909967541694641,4.344684600830078,3340.0,3300.0,3300.0,2900.0,0.0,4.0,0.0,0.0,0.3494720458984375,0.8154035806655884,1.1583170890808105,2.281341552734375,7.0
dynamic_prune,1,1,335,0.3457945950826009,0.31924819151560463,0.026546401803692183,0.3089689348638058,0.3089689348638058,0.0,5.0,5.0,0.08286995440721512,0.3911329507827759,4.344269275665283,3350.0,3300.0,3300.0,2900.0,0.0,4.0,0.0,0.0,0.3494720458984375,0.8154035806655884,1.1583170890808105,2.281341552734375,7.0
dynamic_prune,1,1,336,0.3488679699103038,0.32236469388008115,0.026503276824951173,0.30773785191277664,0.30773785191277664,0.0,5.0,5.0,0.08212482184171677,0.39137664437294006,4.340097427368164,3360.0,3300.0,3300.0,2900.0,0.0,4.0,0.0,0.0,0.3494720458984375,0.8154035806655884,1.1583170890808105,2.281341552734375,7.0
dynamic_prune,1,1,337,0.34115328550338747,0.31470748980840046,0.026445795521140097,0.3046642290552457,0.3046642290552457,0.0,5.0,5.0,0.08120088279247284,0.3916572332382202,4.336442947387695,3370.0,3300.0,3300.0,2900.0,0.0,4.0,0.0,0.0,0.3494720458984375,0.8154035806655884,1.1583170890808105,2.281341552734375,7.0
dynamic_prune,1,1,338,0.3408557462692261,0.3151197334130605,0.025736011217037835,0.30679134011268616,0.30679134011268616,0.0,5.0,5.0,0.0806191936135292,0.39180809259414673,4.333681583404541,3380.0,3300.0,3300.0,2900.0,0.0,4.0,0.0,0.0,0.3494720458984375,0.8154035806655884,1.1583170890808105,2.281341552734375,7.0
dynamic_prune,1,1,339,0.3388496402899424,0.3132043484846751,0.025645293792088828,0.3024788733075062,0.3024788733075062,0.0,5.0,5.0,0.07969804853200912,0.3920615315437317,4.330777645111084,3390.0,3300.0,3300.0,2900.0,0.0,4.0,0.0,0.0,0.3494720458984375,0.8154035806655884,1.1583170890808105,2.281341552734375,7.0
dynamic_prune,1,1,340,0.3353912655512492,0.3094908364613851,0.02590042382478714,0.30200213827192784,0.30200213827192784,0.0,5.0,5.0,0.07941234111785889,0.3924631178379059,4.329303741455078,3400.0,3400.0,3400.0,2900.0,0.0,4.0,0.0,0.0,0.19313716888427734,0.4082956314086914,0.5352740287780762,1.367537498474121,2.0
dynamic_prune,1,1,341,0.33753931323687236,0.31111785451571145,0.026421454573671024,0.30147732021907964,0.30147732021907964,0.0,5.0,5.0,0.07890239357948303,0.3925018608570099,4.327181816101074,3410.0,3400.0,3400.0,2900.0,0.0,4.0,0.0,0.0,0.19313716888427734,0.4082956314086914,0.5352740287780762,1.367537498474121,2.0
dynamic_prune,1,1,342,0.34600521286328634,0.31898638486862185,0.02701883112390836,0.3010893359283606,0.3010893359283606,0.0,5.0,5.0,0.0793081745505333,0.3927077651023865,4.327759265899658,3420.0,3400.0,3400.0,2900.0,0.0,4.0,0.0,0.0,0.19313716888427734,0.4082956314086914,0.5352740287780762,1.367537498474121,2.0
dynamic_prune,1,1,343,0.33741609573364256,0.3106347322463989,0.026781361550092697,0.29888920923074086,0.29888920923074086,0.0,5.0,5.0,0.07876016199588776,0.39289769530296326,4.327134609222412,3430.0,3400.0,3400.0,2900.0,0.0,4.0,0.0,0.0,0.19313716888427734,0.4082956314086914,0.5352740287780762,1.367537498474121,2.0
dynamic_prune,1,1,344,0.3396489961942037,0.31238935391108197,0.02725964054465294,0.29911893017590047,0.29911893017590047,0.0,5.0,5.0,0.07864745706319809,0.3928681015968323,4.32685661315918,3440.0,3400.0,3400.0,2900.0,0.0,4.0,0.0,0.0,0.19313716888427734,0.4082956314086914,0.5352740287780762,1.367537498474121,2.0
dynamic_prune,1,1,345,0.3320216989517212,0.30580344955126443,0.026218246047695477,0.29619532813628513,0.29619532813628513,0.0,5.0,5.0,0.07799042016267776,0.3932422995567322,4.324014663696289,3450.0,3400.0,3400.0,2900.0,0.0,4.0,0.0,0.0,0.19313716888427734,0.4082956314086914,0.5352740287780762,1.367537498474121,2.0
dynamic_prune,1,1,346,0.3371811521053314,0.3092124863465627,0.027968666801850003,0.29268875730534394,0.29268875730534394,0.0,5.0,5.0,0.07788693159818649,0.3934297561645508,4.322636604309082,3460.0,3400.0,3400.0,2900.0,0.0,4.0,0.0,0.0,0.19313716888427734,0.4082956314086914,0.5352740287780762,1.367537498474121,2.0
dynamic_prune,1,1,347,0.33467809041341146,0.30674014568328856,0.027937944183746975,0.2951097462326288,0.2951097462326288,0.0,5.0,5.0,0.07788453996181488,0.39372050762176514,4.3213372230529785,3470.0,3400.0,3400.0,2900.0,0.0,4.0,0.0,0.0,0.19313716888427734,0.4082956314086914,0.5352740287780762,1.367537498474121,2.0
dynamic_prune,1,1,348,0.32579753557840985,0.2986735872427623,0.027123948186635972,0.2905300523340702,0.2905300523340702,0.0,5.0,5.0,0.07745473831892014,0.3939327001571655,4.319981575012207,3480.0,3400.0,3400.0,2900.0,0.0,4.0,0.0,0.0,0.19313716888427734,0.4082956314086914,0.5352740287780762,1.367537498474121,2.0
dynamic_prune,1,1,349,0.3273277143637339,0.3014216903845469,0.025906026686231296,0.2893604501833518,0.2893604501833518,0.0,5.0,5.0,0.07726971060037613,0.39392557740211487,4.319840431213379,3490.0,3400.0,3400.0,2900.0,0.0,4.0,0.0,0.0,0.19313716888427734,0.4082956314086914,0.5352740287780762,1.367537498474121,2.0
dynamic_prune,1,1,350,0.32586120764414467,0.29882869044939675,0.027032518287499745,0.29038334717353187,0.29038334717353187,0.0,5.0,5.0,0.0768778920173645,0.39388808608055115,4.318790912628174,3500.0,3500.0,3500.0,2900.0,0.0,4.0,0.0,0.0,0.1981581449508667,0.5153255462646484,0.6362758874893188,0.9646224975585938,0.0
dynamic_prune,1,1,351,0.33261976957321165,0.30503236055374144,0.027587411031126975,0.2899845896909634,0.2899845896909634,0.0,5.0,5.0,0.07687845826148987,0.3939365744590759,4.318426132202148,3510.0,3500.0,3500.0,2900.0,0.0,4.0,0.0,0.0,0.1981581449508667,0.5153255462646484,0.6362758874893188,0.9646224975585938,0.0
dynamic_prune,1,1,352,0.33492495099703473,0.3070974671840668,0.027827482322851815,0.2879303740213315,0.2879303740213315,0.0,5.0,5.0,0.07717970013618469,0.3938291370868683,4.319692134857178,3520.0,3500.0,3500.0,2900.0,0.0,4.0,0.0,0.0,0.1981581449508667,0.5153255462646484,0.6362758874893188,0.9646224975585938,0.0
dynamic_prune,1,1,353,0.3253618824481964,0.2980431119600932,0.02731876974304517,0.2869560746351878,0.2869560746351878,0.0,5.0,5.0,0.07702981680631638,0.3937544524669647,4.317923069000244,3530.0,3500.0,3500.0,2900.0,0.0,4.0,0.0,0.0,0.1981581449508667,0.5153255462646484,0.6362758874893188,0.9646224975585938,0.0
dynamic_prune,1,1,354,0.33305615743001304,0.30663761178652443,0.02641854703426361,0.2860097702840964,0.2860097702840964,0.0,5.0,5.0,0.0769059956073761,0.3940250873565674,4.315701961517334,3540.0,3500.0,3500.0,2900.0,0.0,4.0,0.0,0.0,0.1981581449508667,0.5153255462646484,0.6362758874893188,0.9646224975585938,0.0
dynamic_prune,1,1,355,0.3233822766939799,0.29662111739317576,0.026761156568924586,0.284743788788716,0.284743788788716,0.0,5.0,5.0,0.07638273388147354,0.39408499002456665,4.313704490661621,3550.0,3500.0,3500.0,2900.0,0.0,4.0,0.0,0.0,0.1981581449508667,0.5153255462646484,0.6362758874893188,0.9646224975585938,0.0
dynamic_prune,1,1,356,0.31816360076268513,0.2928292985757192,0.02533429761727651,0.2834922411541144,0.2834922411541144,0.0,5.0,5.0,0.07601086795330048,0.3940372169017792,4.313029766082764,3560.0,3500.0,3500.0,2900.0,0.0,4.0,0.0,0.0,0.1981581449508667,0.5153255462646484,0.6362758874893188,0.9646224975585938,0.0
dynamic_prune,1,1,357,0.3154877690474192,0.2898148787021637,0.0256728928287824,0.28203085718055565,0.28203085718055565,0.0,5.0,5.0,0.07549887895584106,0.39409974217414856,4.312049865722656,3570.0,3500.0,3500.0,2900.0,0.0,4.0,0.0,0.0,0.1981581449508667,0.5153255462646484,0.6362758874893188,0.9646224975585938,0.0
dynamic_prune,1,1,358,0.3205486567815145,0.2941095717748006,0.026439085801442466,0.28449868232011793,0.28449868232011793,0.0,5.0,5.0,0.07513076066970825,0.3939861059188843,4.311827182769775,3580.0,3500.0,3500.0,2900.0,0.0,4.0,0.0,0.0,0.1981581449508667,0.5153255462646484,0.6362758874893188,0.9646224975585938,0.0
dynamic_prune,1,1,359,0.3128676617145538,0.2873314940929413,0.025536166056990623,0.278355035285155,0.278355035285155,0.0,5.0,5.0,0.07495903223752975,0.3942396938800812,4.311427116394043,3590.0,3500.0,3500.0,2900.0,0.0,4.0,0.0,0.0,0.1981581449508667,0.5153255462646484,0.6362758874893188,0.9646224975585938,0.0
dynamic_prune,1,1,360,0.31827587008476255,0.2916975422700246,0.02657832851012548,0.2774147987614075,0.2774147987614075,0.0,5.0,5.0,0.07472501695156097,0.3940749764442444,4.311290264129639,3600.0,3600.0,3600.0,2900.0,0.0,4.0,0.0,0.0,0.29282575845718384,0.6763920783996582,0.8420133590698242,1.5730762481689453,3.0
dynamic_prune,1,1,361,0.31084836085637413,0.2838094985485077,0.027038861960172654,0.27747050565977893,0.27747050565977893,0.0,5.0,5.0,0.07449456304311752,0.3942650556564331,4.311093807220459,3610.0,3600.0,3600.0,2900.0,0.0,4.0,0.0,0.0,0.29282575845718384,0.6763920783996582,0.8420133590698242,1.5730762481689453,3.0
dynamic_prune,1,1,362,0.30935240944226583,0.28314928491910296,0.026203122859199842,0.2756545899560054,0.2756545899560054,0.0,5.0,5.0,0.07405202090740204,0.394143670797348,4.310343265533447,3620.0,3600.0,3600.0,2900.0,0.0,4.0,0.0,0.0,0.29282575845718384,0.6763920783996582,0.8420133590698242,1.5730762481689453,3.0
dynamic_prune,1,1,363,0.3114859918753306,0.2863654804229736,0.02512050837278366,0.2726665404935678,0.2726665404935678,0.0,5.0,5.0,0.0739227682352066,0.3943106532096863,4.311091899871826,3630.0,3600.0,3600.0,2900.0,0.0,4.0,0.0,0.0,0.29282575845718384,0.6763920783996582,0.8420133590698242,1.5730762481689453,3.0
dynamic_prune,1,1,364,0.31656848033269247,0.28902223229408264,0.027546251118183138,0.27335292619963486,0.27335292619963486,0.0,5.0,5.0,0.07376500964164734,0.39440032839775085,4.312323570251465,3640.0,3600.0,3600.0,2900.0,0.0,4.0,0.0,0.0,0.29282575845718384,0.6763920783996582,0.8420133590698242,1.5730762481689453,3.0
dynamic_prune,1,1,365,0.3104561150074005,0.2852497704823812,0.025206341966986658,0.27177507782975835,0.27177507782975835,0.0,5.0,5.0,0.07341006398200989,0.39430177211761475,4.311311721801758,3650.0,3600.0,3600.0,2900.0,0.0,4.0,0.0,0.0,0.29282575845718384,0.6763920783996582,0.8420133590698242,1.5730762481689453,3.0
dynamic_prune,1,1,366,0.30814857443173727,0.2828133845329285,0.025335189948479334,0.2737785718590021,0.2737785718590021,0.0,5.0,5.0,0.07311643660068512,0.3943338692188263,4.310136318206787,3660.0,3600.0,3600.0,2900.0,0.0,4.0,0.0,0.0,0.29282575845718384,0.6763920783996582,0.8420133590698242,1.5730762481689453,3.0
dynamic_prune,1,1,367,0.3025473852952321,0.27664217789967854,0.02590520682434241,0.26609961725771425,0.26609961725771425,0.0,5.0,5.0,0.0732487142086029,0.39458808302879333,4.310983657836914,3670.0,3600.0,3600.0,2900.0,0.0,4.0,0.0,0.0,0.29282575845718384,0.6763920783996582,0.8420133590698242,1.5730762481689453,3.0
dynamic_prune,1,1,368,0.30158859729766846,0.2749692436059316,0.02661935321986675,0.2702120060970386,0.2702120060970386,0.0,5.0,5.0,0.07334312796592712,0.39477503299713135,4.311858177185059,3680.0,3600.0,3600.0,2900.0,0.0,4.0,0.0,0.0,0.29282575845718384,0.6763920783996582,0.8420133590698242,1.5730762481689453,3.0
dynamic_prune,1,1,369,0.3067144145568212,0.28029991130034126,0.026414500996470452,0.26783829286694527,0.26783829286694527,0.0,5.0,5.0,0.07282145321369171,0.3943491578102112,4.31129264831543,3690.0,3600.0,3600.0,2900.0,0.0,4.0,0.0,0.0,0.29282575845718384,0.6763920783996582,0.8420133590698242,1.5730762481689453,3.0
dynamic_prune,1,1,370,0.3032548960049947,0.2775104900201162,0.025744400223096212,0.26943610241015753,0.26943610241015753,0.0,5.0,5.0,0.07247698307037354,0.39427950978279114,4.30916690826416,3700.0,3700.0,3700.0,2900.0,0.0,4.0,0.0,0.0,0.26331624388694763,0.5796897411346436,0.6176443099975586,1.8556880950927734,1.0
dynamic_prune,1,1,371,0.29756448705991106,0.2717162235577901,0.025848258957266806,0.2642727863788605,0.2642727863788605,0.0,5.0,5.0,0.07236108183860779,0.3946474492549896,4.308568477630615,3710.0,3700.0,3700.0,2900.0,0.0,4.0,0.0,0.0,0.26331624388694763,0.5796897411346436,0.6176443099975586,1.8556880950927734,1.0
dynamic_prune,1,1,372,0.2995254000027974,0.27416952590147653,0.02535587430000305,0.2641591140876214,0.2641591140876214,0.0,5.0,5.0,0.07201321423053741,0.39474040269851685,4.3068318367004395,3720.0,3700.0,3700.0,2900.0,0.0,4.0,0.0,0.0,0.26331624388694763,0.5796897411346436,0.6176443099975586,1.8556880950927734,1.0
dynamic_prune,1,1,373,0.2939895256360372,0.2690256343285243,0.024963890612125398,0.2646453500290712,0.2646453500290712,0.0,5.0,5.0,0.07169613987207413,0.39469072222709656,4.306019306182861,3730.0,3700.0,3700.0,2900.0,0.0,4.0,0.0,0.0,0.26331624388694763,0.5796897411346436,0.6176443099975586,1.8556880950927734,1.0
dynamic_prune,1,1,374,0.29289196213086444,0.2686012421051661,0.024290724446376165,0.26099366885920366,0.26099366885920366,0.0,5.0,5.0,0.07141073048114777,0.3947522044181824,4.3043293952941895,3740.0,3700.0,3700.0,2900.0,0.0,4.0,0.0,0.0,0.26331624388694763,0.5796897411346436,0.6176443099975586,1.8556880950927734,1.0
dynamic_prune,1,1,375,0.30456653197606404,0.2779103000958761,0.02665623130897681,0.26394198986391226,0.26394198986391226,0.0,5.0,5.0,0.07144470512866974,0.39443597197532654,4.3052659034729,3750.0,3700.0,3700.0,2900.0,0.0,4.0,0.0,0.0,0.26331624388694763,0.5796897411346436,0.6176443099975586,1.8556880950927734,1.0
dynamic_prune,1,1,376,0.29563920458157855,0.2699724793434143,0.025666724840799966,0.2610427476465702,0.2610427476465702,0.0,5.0,5.0,0.07107889652252197,0.39452841877937317,4.303471565246582,3760.0,3700.0,3700.0,2900.0,0.0,4.0,0.0,0.0,0.26331624388694763,0.5796897411346436,0.6176443099975586,1.8556880950927734,1.0
dynamic_prune,1,1,377,0.2916009390354157,0.2654712800184886,0.026129652559757233,0.261153333534797,0.261153333534797,0.0,5.0,5.0,0.07071992754936218,0.39462363719940186,4.302297592163086,3770.0,3700.0,3700.0,2900.0,0.0,4.0,0.0,0.0,0.26331624388694763,0.5796897411346436,0.6176443099975586,1.8556880950927734,1.0
dynamic_prune,1,1,378,0.2919057365258535,0.2673001925150553,0.02460554227232933,0.25917969658970835,0.25917969658970835,0.0,5.0,5.0,0.07032649964094162,0.39448994398117065,4.301856517791748,3780.0,3700.0,3700.0,2900.0,0.0,4.0,0.0,0.0,0.26331624388694763,0.5796897411346436,0.6176443099975586,1.8556880950927734,1.0
dynamic_prune,1,1,379,0.29349981983502704,0.26782828629016875,0.025671530763308206,0.2575015190988779,0.2575015190988779,0.0,5.0,5.0,0.07005332410335541,0.3943670392036438,4.30209493637085,3790.0,3700.0,3700.0,2900.0,0.0,4.0,0.0,0.0,0.26331624388694763,0.5796897411346436,0.6176443099975586,1.8556880950927734,1.0
dynamic_prune,1,1,380,0.2913934032122294,0.2652198954423269,0.026173512140909832,0.25551468938589095,0.25551468938589095,0.0,5.0,5.0,0.07004491984844208,0.39424651861190796,4.30299186706543,3800.0,3800.0,3800.0,2900.0,0.0,4.0,0.0,0.0,0.2962661683559418,0.6622803211212158,0.8280173540115356,1.3929648399353027,4.0
dynamic_prune,1,1,381,0.2911026203632355,0.26496953109900157,0.02613308737675349,0.25819445165495075,0.25819445165495075,0.0,5.0,5.0,0.06985525041818619,0.39415091276168823,4.302725315093994,3810.0,3800.0,3800.0,2900.0,0.0,4.0,0.0,0.0,0.2962661683559418,0.6622803211212158,0.8280173540115356,1.3929648399353027,4.0
dynamic_prune,1,1,382,0.2850740973154704,0.25988645633061724,0.025187642574310304,0.2574534235149622,0.2574534235149622,0.0,5.0,5.0,0.06945601850748062,0.39412635564804077,4.30048131942749,3820.0,3800.0,3800.0,2900.0,0.0,4.0,0.0,0.0,0.2962661683559418,0.6622803211212158,0.8280173540115356,1.3929648399353027,4.0
dynamic_prune,1,1,383,0.2916173287232717,0.2655332211653392,0.0260841004550457,0.25264975788692634,0.25264975788692634,0.0,5.0,5.0,0.06925641745328903,0.3943060338497162,4.299351215362549,3830.0,3800.0,3800.0,2900.0,0.0,4.0,0.0,0.0,0.2962661683559418,0.6622803211212158,0.8280173540115356,1.3929648399353027,4.0
dynamic_prune,1,1,384,0.28478299538294477,0.2594631747404734,0.02531982014576594,0.25168333505590756,0.25168333505590756,0.0,5.0,5.0,0.06923229247331619,0.3941228985786438,4.300969123840332,3840.0,3800.0,3800.0,2900.0,0.0,4.0,0.0,0.0,0.2962661683559418,0.6622803211212158,0.8280173540115356,1.3929648399353027,4.0
dynamic_prune,1,1,385,0.2887527525424957,0.2620163385073344,0.026736414035161336,0.25340364264945187,0.25340364264945187,0.0,5.0,5.0,0.06929287314414978,0.3939828872680664,4.301974296569824,3850.0,3800.0,3800.0,2900.0,0.0,4.0,0.0,0.0,0.2962661683559418,0.6622803211212158,0.8280173540115356,1.3929648399353027,4.0
dynamic_prune,1,1,386,0.28878121654192607,0.26171669284502663,0.027064521958430607,0.2555948532372713,0.2555948532372713,0.0,5.0,5.0,0.06951828300952911,0.39415907859802246,4.302892208099365,3860.0,3800.0,3800.0,2900.0,0.0,4.0,0.0,0.0,0.2962661683559418,0.6622803211212158,0.8280173540115356,1.3929648399353027,4.0
dynamic_prune,1,1,387,0.287749563852946,0.26196760376294453,0.025781958947579064,0.25232260378698507,0.25232260378698507,0.0,5.0,5.0,0.06972736120223999,0.3941357433795929,4.305868625640869,3870.0,3800.0,3800.0,2900.0,0.0,4.0,0.0,0.0,0.2962661683559418,0.6622803211212158,0.8280173540115356,1.3929648399353027,4.0
dynamic_prune,1,1,388,0.27557621002197263,0.2506744913260142,0.024901719242334367,0.25339546660582224,0.25339546660582224,0.0,5.0,5.0,0.06925587356090546,0.394486665725708,4.304007530212402,3880.0,3800.0,3800.0,2900.0,0.0,4.0,0.0,0.0,0.2962661683559418,0.6622803211212158,0.8280173540115356,1.3929648399353027,4.0
dynamic_prune,1,1,389,0.28022861083348594,0.2533835522333781,0.02684505636493365,0.24563605104883512,0.24563605104883512,0.0,5.0,5.0,0.06931378692388535,0.3945169746875763,4.306000709533691,3890.0,3800.0,3800.0,2900.0,0.0,4.0,0.0,0.0,0.2962661683559418,0.6622803211212158,0.8280173540115356,1.3929648399353027,4.0
dynamic_prune,1,1,390,0.2858894822994868,0.259364342490832,0.026525140206019083,0.24582424240807693,0.24582424240807693,0.0,5.0,5.0,0.06929564476013184,0.3943493664264679,4.306779861450195,3900.0,3900.0,3900.0,2900.0,0.0,4.0,0.0,0.0,0.25190556049346924,0.5756998062133789,0.7452776432037354,1.0789103507995605,3.0
dynamic_prune,1,1,391,0.27918038129806516,0.2531725337107976,0.02600784589846929,0.24842512294650076,0.24842512294650076,0.0,5.0,5.0,0.0691588744521141,0.39434975385665894,4.305850028991699,3910.0,3900.0,3900.0,2900.0,0.0,4.0,0.0,0.0,0.25190556049346924,0.5756998062133789,0.7452776432037354,1.0789103507995605,3.0
dynamic_prune,1,1,392,0.27891998529434203,0.2527101174990336,0.02620986466606458,0.24237784256537756,0.24237784256537756,0.0,5.0,5.0,0.06915899366140366,0.3945823013782501,4.307255744934082,3920.0,3900.0,3900.0,2900.0,0.0,4.0,0.0,0.0,0.25190556049346924,0.5756998062133789,0.7452776432037354,1.0789103507995605,3.0
dynamic_prune,1,1,393,0.288073753118515,0.26144841154416404,0.02662534122665723,0.24221799530088903,0.24221799530088903,0.0,5.0,5.0,0.06887529790401459,0.39436075091362,4.306155204772949,3930.0,3900.0,3900.0,2900.0,0.0,4.0,0.0,0.0,0.25190556049346924,0.5756998062133789,0.7452776432037354,1.0789103507995605,3.0
dynamic_prune,1,1,394,0.2702141443888346,0.24435181121031443,0.0258623335758845,0.24491106038292249,0.24491106038292249,0.0,5.0,5.0,0.06869196146726608,0.3944021463394165,4.304420471191406,3940.0,3900.0,3900.0,2900.0,0.0,4.0,0.0,0.0,0.25190556049346924,0.5756998062133789,0.7452776432037354,1.0789103507995605,3.0
dynamic_prune,1,1,395,0.2775673540433248,0.2519570442040761,0.02561030661066373,0.24478793499370416,0.24478793499370416,0.0,5.0,5.0,0.0684577077627182,0.3944670855998993,4.302740097045898,3950.0,3900.0,3900.0,2900.0,0.0,4.0,0.0,0.0,0.25190556049346924,0.5756998062133789,0.7452776432037354,1.0789103507995605,3.0
dynamic_prune,1,1,396,0.2630451480547587,0.23948808868726096,0.02355706239740054,0.2422899580001831,0.2422899580001831,0.0,5.0,5.0,0.06796534359455109,0.3948367238044739,4.300481796264648,3960.0,3900.0,3900.0,2900.0,0.0,4.0,0.0,0.0,0.25190556049346924,0.5756998062133789,0.7452776432037354,1.0789103507995605,3.0
dynamic_prune,1,1,397,0.27399209022521975,0.24735048095385234,0.026641604701677958,0.23948820151388645,0.23948820151388645,0.0,5.0,5.0,0.06794363260269165,0.39502620697021484,4.301051139831543,3970.0,3900.0,3900.0,2900.0,0.0,4.0,0.0,0.0,0.25190556049346924,0.5756998062133789,0.7452776432037354,1.0789103507995605,3.0
dynamic_prune,1,1,398,0.27761223157246906,0.2507659427324931,0.026846290255586307,0.23866081284979979,0.23866081284979979,0.0,5.0,5.0,0.06772613525390625,0.39467647671699524,4.300671100616455,3980.0,3900.0,3900.0,2900.0,0.0,4.0,0.0,0.0,0.25190556049346924,0.5756998062133789,0.7452776432037354,1.0789103507995605,3.0
dynamic_prune,1,1,399,0.2634195613861084,0.2391859390338262,0.02423362098634243,0.24161404406030973,0.24161404406030973,0.0,5.0,5.0,0.06740137189626694,0.39496052265167236,4.298291206359863,3990.0,3900.0,3900.0,2900.0,0.0,4.0,0.0,0.0,0.25190556049346924,0.5756998062133789,0.7452776432037354,1.0789103507995605,3.0
dynamic_prune,1,1,400,0.26335248549779255,0.23844662467638653,0.024905862261851628,0.23645746437211831,0.23645746437211831,0.0,5.0,5.0,0.06739499419927597,0.39517295360565186,4.297045707702637,4000.0,4000.0,4000.0,2900.0,0.0,4.0,0.0,0.0,0.18725809454917908,0.35624122619628906,0.48406434059143066,0.7297277450561523,0.0
dynamic_prune,1,1,401,0.26790568788846336,0.24256440003712973,0.025341291427612305,0.2362121828645468,0.2362121828645468,0.0,5.0,5.0,0.06704480201005936,0.3951646387577057,4.296647071838379,4010.0,4000.0,4000.0,2900.0,0.0,4.0,0.0,0.0,0.18725809454917908,0.35624122619628906,0.48406434059143066,0.7297277450561523,0.0
dynamic_prune,1,1,402,0.2687739793459574,0.24278659701347352,0.02598738911251227,0.23407947048544883,0.23407947048544883,0.0,5.0,5.0,0.06692784279584885,0.3950808048248291,4.296056747436523,4020.0,4000.0,4000.0,2900.0,0.0,4.0,0.0,0.0,0.18725809454917908,0.35624122619628906,0.48406434059143066,0.7297277450561523,0.0
dynamic_prune,1,1,403,0.26849353869756065,0.242601850827535,0.025891687870025635,0.2305622165898482,0.2305622165898482,0.0,5.0,5.0,0.06718259304761887,0.39517074823379517,4.295922756195068,4030.0,4000.0,4000.0,2900.0,0.0,4.0,0.0,0.0,0.18725809454917908,0.35624122619628906,0.48406434059143066,0.7297277450561523,0.0
dynamic_prune,1,1,404,0.27156338036060335,0.24523749430974326,0.026325882722934086,0.2314068718254566,0.2314068718254566,0.0,5.0,5.0,0.06751653552055359,0.3952125012874603,4.297591686248779,4040.0,4000.0,4000.0,2900.0,0.0,4.0,0.0,0.0,0.18725809454917908,0.35624122619628906,0.48406434059143066,0.7297277450561523,0.0
dynamic_prune,1,1,405,0.2660585649808248,0.2400686713059743,0.025989899759491286,0.23502248115837573,0.23502248115837573,0.0,5.0,5.0,0.06754264235496521,0.3952715992927551,4.297518253326416,4050.0,4000.0,4000.0,2900.0,0.0,4.0,0.0,0.0,0.18725809454917908,0.35624122619628906,0.48406434059143066,0.7297277450561523,0.0
dynamic_prune,1,1,406,0.2660660300652186,0.24038882354895275,0.02567720723648866,0.23455585040152072,0.23455585040152072,0.0,5.0,5.0,0.067342109978199,0.39504387974739075,4.29746150970459,4060.0,4000.0,4000.0,2900.0,0.0,4.0,0.0,0.0,0.18725809454917908,0.35624122619628906,0.48406434059143066,0.7297277450561523,0.0
dynamic_prune,1,1,407,0.26144523978233336,0.2359046276410421,0.025540611346562703,0.2279138121008873,0.2279138121008873,0.0,5.0,5.0,0.067247174680233,0.39530429244041443,4.296239852905273,4070.0,4000.0,4000.0,2900.0,0.0,4.0,0.0,0.0,0.18725809454917908,0.35624122619628906,0.48406434059143066,0.7297277450561523,0.0
dynamic_prune,1,1,408,0.26564752141634623,0.23923831462860107,0.026409209792812666,0.22953048365811507,0.22953048365811507,0.0,5.0,5.0,0.06712836027145386,0.39511919021606445,4.296154499053955,4080.0,4000.0,4000.0,2900.0,0.0,4.0,0.0,0.0,0.18725809454917908,0.35624122619628906,0.48406434059143066,0.7297277450561523,0.0
dynamic_prune,1,1,409,0.264914516210556,0.23947222371896107,0.025442290926973025,0.2284651955962181,0.2284651955962181,0.0,5.0,5.0,0.06715763360261917,0.3950011134147644,4.296754360198975,4090.0,4000.0,4000.0,2900.0,0.0,4.0,0.0,0.0,0.18725809454917908,0.35624122619628906,0.48406434059143066,0.7297277450561523,0.0
dynamic_prune,1,1,410,0.26258811513582864,0.23660410662492115,0.02598401094476382,0.2274781192590793,0.2274781192590793,0.0,5.0,5.0,0.06715704500675201,0.39513474702835083,4.296662330627441,4100.0,4100.0,4100.0,2900.0,0.0,4.0,0.0,0.0,0.24128133058547974,0.5824728012084961,0.6942265033721924,1.6043319702148438,2.0
dynamic_prune,1,1,411,0.2617041313648224,0.2353912619749705,0.026312871476014455,0.23098102326194445,0.23098102326194445,0.0,5.0,5.0,0.06688705086708069,0.3950395882129669,4.296386241912842,4110.0,4100.0,4100.0,2900.0,0.0,4.0,0.0,0.0,0.24128133058547974,0.5824728012084961,0.6942265033721924,1.6043319702148438,2.0
dynamic_prune,1,1,412,0.259775683482488,0.23526131153106689,0.02451436810195446,0.2308111586421728,0.2308111586421728,0.0,5.0,5.0,0.06650860607624054,0.3952776789665222,4.295654296875,4120.0,4100.0,4100.0,2900.0,0.0,4.0,0.0,0.0,0.24128133058547974,0.5824728012084961,0.6942265033721924,1.6043319702148438,2.0
dynamic_prune,1,1,413,0.26092238088448844,0.23353500107924144,0.027387383903066317,0.22401834102968374,0.22401834102968374,0.0,5.0,5.0,0.06689697504043579,0.39540302753448486,4.297117710113525,4130.0,4100.0,4100.0,2900.0,0.0,4.0,0.0,0.0,0.24128133058547974,0.5824728012084961,0.6942265033721924,1.6043319702148438,2.0
dynamic_prune,1,1,414,0.2606178132692973,0.23394738336404164,0.026670428415139516,0.22460724785923958,0.22460724785923958,0.0,5.0,5.0,0.06681966036558151,0.39530473947525024,4.297172546386719,4140.0,4100.0,4100.0,2900.0,0.0,4.0,0.0,0.0,0.24128133058547974,0.5824728012084961,0.6942265033721924,1.6043319702148438,2.0
dynamic_prune,1,1,415,0.2556594125429789,0.23028668284416198,0.02537273327509562,0.22701796618600686,0.22701796618600686,0.0,5.0,5.0,0.06638771295547485,0.39504513144493103,4.296180248260498,4150.0,4100.0,4100.0,2900.0,0.0,4.0,0.0,0.0,0.24128133058547974,0.5824728012084961,0.6942265033721924,1.6043319702148438,2.0
dynamic_prune,1,1,416,0.2537079616387685,0.22706424752871196,0.02664371614654859,0.22627657073239485,0.22627657073239485,0.0,5.0,5.0,0.06629224121570587,0.3950608968734741,4.296140670776367,4160.0,4100.0,4100.0,2900.0,0.0,4.0,0.0,0.0,0.24128133058547974,0.5824728012084961,0.6942265033721924,1.6043319702148438,2.0
dynamic_prune,1,1,417,0.2506687561670939,0.22533077319463093,0.02533798322081566,0.2224918192376693,0.2224918192376693,0.0,5.0,5.0,0.06612410396337509,0.39516153931617737,4.295135974884033,4170.0,4100.0,4100.0,2900.0,0.0,4.0,0.0,0.0,0.24128133058547974,0.5824728012084961,0.6942265033721924,1.6043319702148438,2.0
dynamic_prune,1,1,418,0.24974431355794272,0.22426954944928487,0.025474766145149867,0.22321796712776026,0.22321796712776026,0.0,5.0,5.0,0.06589566171169281,0.3952845335006714,4.293356895446777,4180.0,4100.0,4100.0,2900.0,0.0,4.0,0.0,0.0,0.24128133058547974,0.5824728012084961,0.6942265033721924,1.6043319702148438,2.0
dynamic_prune,1,1,419,0.2558995982011159,0.22908506234486897,0.026814533919095992,0.2209253164877494,0.2209253164877494,0.0,5.0,5.0,0.06572673469781876,0.3952191472053528,4.292174816131592,4190.0,4100.0,4100.0,2900.0,0.0,4.0,0.0,0.0,0.24128133058547974,0.5824728012084961,0.6942265033721924,1.6043319702148438,2.0
dynamic_prune,1,1,420,0.25944222847620646,0.2318374200661977,0.02760481064518293,0.2278921959052483,0.2278921959052483,0.0,5.0,5.0,0.06604401767253876,0.3950693905353546,4.29331111907959,4200.0,4200.0,4200.0,2900.0,0.0,4.0,0.0,0.0,0.19911210238933563,0.38579797744750977,0.5044760704040527,0.7546968460083008,0.0
dynamic_prune,1,1,421,0.2522591455777486,0.22445838391780853,0.027800764987866083,0.22806456928451857,0.22806456928451857,0.0,5.0,5.0,0.06612866371870041,0.39512932300567627,4.294231414794922,4210.0,4200.0,4200.0,2900.0,0.0,4.0,0.0,0.0,0.19911210238933563,0.38579797744750977,0.5044760704040527,0.7546968460083008,0.0
dynamic_prune,1,1,422,0.2511513725916545,0.22325411677360535,0.02789725343386332,0.2169397463152806,0.2169397463152806,0.0,5.0,5.0,0.0661831870675087,0.39527660608291626,4.295997619628906,4220.0,4200.0,4200.0,2900.0,0.0,4.0,0.0,0.0,0.19911210238933563,0.38579797744750977,0.5044760704040527,0.7546968460083008,0.0
dynamic_prune,1,1,423,0.2602891981601715,0.23184540132681528,0.028443796361486116,0.2217914941161871,0.2217914941161871,0.0,5.0,5.0,0.06598663330078125,0.39483097195625305,4.295849323272705,4230.0,4200.0,4200.0,2900.0,0.0,4.0,0.0,0.0,0.19911210238933563,0.38579797744750977,0.5044760704040527,0.7546968460083008,0.0
dynamic_prune,1,1,424,0.2544969662030538,0.22735870122909546,0.027138269195954006,0.22457584130267302,0.22457584130267302,0.0,5.0,5.0,0.06611597537994385,0.39490705728530884,4.296380519866943,4240.0,4200.0,4200.0,2900.0,0.0,4.0,0.0,0.0,0.19911210238933563,0.38579797744750977,0.5044760704040527,0.7546968460083008,0.0
dynamic_prune,1,1,425,0.25065716246763864,0.2244679359594981,0.026189227898915608,0.21964026341835657,0.21964026341835657,0.0,5.0,5.0,0.06609298288822174,0.3949962556362152,4.296864986419678,4250.0,4200.0,4200.0,2900.0,0.0,4.0,0.0,0.0,0.19911210238933563,0.38579797744750977,0.5044760704040527,0.7546968460083008,0.0
dynamic_prune,1,1,426,0.25279488643010456,0.22531148652235666,0.027483401596546175,0.22415321725110213,0.22415321725110213,0.0,5.0,5.0,0.06598129123449326,0.39535173773765564,4.2961201667785645,4260.0,4200.0,4200.0,2900.0,0.0,4.0,0.0,0.0,0.19911210238933563,0.38579797744750977,0.5044760704040527,0.7546968460083008,0.0
dynamic_prune,1,1,427,0.24273922324180602,0.21481088161468506,0.027928339838981627,0.2185794998705387,0.2185794998705387,0.0,5.0,5.0,0.06584561616182327,0.39566460251808167,4.295821666717529,4270.0,4200.0,4200.0,2900.0,0.0,4.0,0.0,0.0,0.19911210238933563,0.38579797744750977,0.5044760704040527,0.7546968460083008,0.0
dynamic_prune,1,1,428,0.24215976417064666,0.21591881414254507,0.02624095365405083,0.21380450308322907,0.21380450308322907,0.0,5.0,5.0,0.06560755521059036,0.3955172896385193,4.294754505157471,4280.0,4200.0,4200.0,2900.0,0.0,4.0,0.0,0.0,0.19911210238933563,0.38579797744750977,0.5044760704040527,0.7546968460083008,0.0
dynamic_prune,1,1,429,0.24652006487051645,0.2189775288105011,0.027542536507050196,0.21649319363137087,0.21649319363137087,0.0,5.0,5.0,0.06568264216184616,0.3954259753227234,4.295635223388672,4290.0,4200.0,4200.0,2900.0,0.0,4.0,0.0,0.0,0.19911210238933563,0.38579797744750977,0.5044760704040527,0.7546968460083008,0.0
dynamic_prune,1,1,430,0.24439809560775758,0.21714827219645183,0.027249821449319523,0.21799040315051874,0.21799040315051874,0.0,5.0,5.0,0.06601560115814209,0.39537009596824646,4.297970771789551,4300.0,4300.0,4300.0,2900.0,0.0,4.0,0.0,0.0,0.22570447623729706,0.49388885498046875,0.8314999341964722,1.653249740600586,2.0
dynamic_prune,1,1,431,0.24518637220064798,0.21754264573256174,0.027643730888764064,0.2144184919943412,0.2144184919943412,0.0,5.0,5.0,0.06615044921636581,0.3954184651374817,4.299314022064209,4310.0,4300.0,4300.0,2900.0,0.0,4.0,0.0,0.0,0.22570447623729706,0.49388885498046875,0.8314999341964722,1.653249740600586,2.0
dynamic_prune,1,1,432,0.24303255200386048,0.21681253850460053,0.02622001349925995,0.22070785857737063,0.22070785857737063,0.0,5.0,5.0,0.06587816774845123,0.3954542577266693,4.298891067504883,4320.0,4300.0,4300.0,2900.0,0.0,4.0,0.0,0.0,0.22570447623729706,0.49388885498046875,0.8314999341964722,1.653249740600586,2.0
dynamic_prune,1,1,433,0.24274758299191793,0.21557173490524292,0.027175848210851353,0.21273456511398156,0.21273456511398156,0.0,5.0,5.0,0.06547458469867706,0.39566871523857117,4.297483444213867,4330.0,4300.0,4300.0,2900.0,0.0,4.0,0.0,0.0,0.22570447623729706,0.49388885498046875,0.8314999341964722,1.653249740600586,2.0
dynamic_prune,1,1,434,0.23804119269053142,0.20976240654786427,0.028278784503539402,0.20413252187271913,0.20413252187271913,0.0,5.0,5.0,0.06571365147829056,0.39569413661956787,4.298837661743164,4340.0,4300.0,4300.0,2900.0,0.0,4.0,0.0,0.0,0.22570447623729706,0.49388885498046875,0.8314999341964722,1.653249740600586,2.0
dynamic_prune,1,1,435,0.25388332406679787,0.22504661719004312,0.028836705436309177,0.21031253851950168,0.21031253851950168,0.0,5.0,5.0,0.06575287878513336,0.3952895700931549,4.299320220947266,4350.0,4300.0,4300.0,2900.0,0.0,4.0,0.0,0.0,0.22570447623729706,0.49388885498046875,0.8314999341964722,1.653249740600586,2.0
dynamic_prune,1,1,436,0.23726802746454875,0.20989442388216653,0.02737360566854477,0.21291091250876584,0.21291091250876584,0.0,5.0,5.0,0.06552137434482574,0.3952312767505646,4.298970699310303,4360.0,4300.0,4300.0,2900.0,0.0,4.0,0.0,0.0,0.22570447623729706,0.49388885498046875,0.8314999341964722,1.653249740600586,2.0
dynamic_prune,1,1,437,0.24028088212013243,0.21171220938364665,0.028568675021330515,0.20572429897884528,0.20572429897884528,0.0,5.0,5.0,0.06556282937526703,0.3950710594654083,4.300567150115967,4370.0,4300.0,4300.0,2900.0,0.0,4.0,0.0,0.0,0.22570447623729706,0.49388885498046875,0.8314999341964722,1.653249740600586,2.0
dynamic_prune,1,1,438,0.2428245731194814,0.21460245927174887,0.028222113301356634,0.20621433253089586,0.20621433253089586,0.0,5.0,5.0,0.0653863400220871,0.3947522044181824,4.3001837730407715,4380.0,4300.0,4300.0,2900.0,0.0,4.0,0.0,0.0,0.22570447623729706,0.49388885498046875,0.8314999341964722,1.653249740600586,2.0
dynamic_prune,1,1,439,0.237818341255188,0.208469721476237,0.02934862270951271,0.21284625716507435,0.21284625716507435,0.0,5.0,5.0,0.0653415247797966,0.39486128091812134,4.299161434173584,4390.0,4300.0,4300.0,2900.0,0.0,4.0,0.0,0.0,0.22570447623729706,0.49388885498046875,0.8314999341964722,1.653249740600586,2.0
dynamic_prune,1,1,440,0.23017041643460592,0.202108926375707,0.028061490257581076,0.20451490846772988,0.20451490846772988,0.0,5.0,5.0,0.06522879004478455,0.39494189620018005,4.2997355461120605,4400.0,4400.0,4400.0,2900.0,0.0,4.0,0.0,0.0,0.2859947085380554,0.6714968681335449,0.7639321684837341,1.3879871368408203,3.0
dynamic_prune,1,1,441,0.24128747959931693,0.21329667568206787,0.027990800763169923,0.2071354836722215,0.2071354836722215,0.0,5.0,5.0,0.06502672284841537,0.3945460021495819,4.300266742706299,4410.0,4400.0,4400.0,2900.0,0.0,4.0,0.0,0.0,0.2859947085380554,0.6714968681335449,0.7639321684837341,1.3879871368408203,3.0
dynamic_prune,1,1,442,0.2354251714547475,0.20804980417092642,0.027375367482503254,0.20888273119926454,0.20888273119926454,0.0,5.0,5.0,0.06478620320558548,0.39435288310050964,4.299707889556885,4420.0,4400.0,4400.0,2900.0,0.0,4.0,0.0,0.0,0.2859947085380554,0.6714968681335449,0.7639321684837341,1.3879871368408203,3.0
dynamic_prune,1,1,443,0.23075113733609517,0.20413785815238952,0.026613280028104782,0.2022906122605006,0.2022906122605006,0.0,5.0,5.0,0.06458154320716858,0.39440789818763733,4.2994818687438965,4430.0,4400.0,4400.0,2900.0,0.0,4.0,0.0,0.0,0.2859947085380554,0.6714968681335449,0.7639321684837341,1.3879871368408203,3.0
dynamic_prune,1,1,444,0.23900865912437438,0.21118467251459758,0.027823986262083055,0.206854780887564,0.206854780887564,0.0,5.0,5.0,0.06447002291679382,0.3943338990211487,4.299078464508057,4440.0,4400.0,4400.0,2900.0,0.0,4.0,0.0,0.0,0.2859947085380554,0.6714968681335449,0.7639321684837341,1.3879871368408203,3.0
dynamic_prune,1,1,445,0.22906467954317727,0.2008972426255544,0.028167435576518376,0.2022568342089653,0.2022568342089653,0.0,5.0,5.0,0.06429316103458405,0.3947290778160095,4.297533988952637,4450.0,4400.0,4400.0,2900.0,0.0,4.0,0.0,0.0,0.2859947085380554,0.6714968681335449,0.7639321684837341,1.3879871368408203,3.0
dynamic_prune,1,1,446,0.23422080675760906,0.20584347466627756,0.028377332588036853,0.2006283807506164,0.2006283807506164,0.0,5.0,5.0,0.06414951384067535,0.39458054304122925,4.297900199890137,4460.0,4400.0,4400.0,2900.0,0.0,4.0,0.0,0.0,0.2859947085380554,0.6714968681335449,0.7639321684837341,1.3879871368408203,3.0
dynamic_prune,1,1,447,0.23575207034746806,0.20705913325150807,0.028692936723430953,0.20040451762576897,0.20040451762576897,0.0,5.0,5.0,0.06402850151062012,0.39410704374313354,4.2994890213012695,4470.0,4400.0,4400.0,2900.0,0.0,4.0,0.0,0.0,0.2859947085380554,0.6714968681335449,0.7639321684837341,1.3879871368408203,3.0
dynamic_prune,1,1,448,0.22991302967071534,0.20226966321468354,0.027643364866574604,0.20159712888300418,0.20159712888300418,0.0,5.0,5.0,0.06405278295278549,0.3943644165992737,4.298289775848389,4480.0,4400.0,4400.0,2900.0,0.0,4.0,0.0,0.0,0.2859947085380554,0.6714968681335449,0.7639321684837341,1.3879871368408203,3.0
dynamic_prune,1,1,449,0.22658421198527018,0.19867790818214418,0.02790630285938581,0.20378459009031455,0.20378459009031455,0.0,5.0,5.0,0.06410782039165497,0.394534170627594,4.297783374786377,4490.0,4400.0,4400.0,2900.0,0.0,4.0,0.0,0.0,0.2859947085380554,0.6714968681335449,0.7639321684837341,1.3879871368408203,3.0
dynamic_prune,1,1,450,0.2244609421491623,0.19714310228824616,0.027317838594317436,0.19813765347003937,0.19813765347003937,0.0,5.0,5.0,0.06383880972862244,0.3947138488292694,4.296029567718506,4500.0,4500.0,4500.0,2900.0,0.0,4.0,0.0,0.0,0.23110979795455933,0.5221996307373047,0.6946594715118408,1.1195068359375,2.0
dynamic_prune,1,1,451,0.22379008491834004,0.1957439003388087,0.02804618308941523,0.1940924703826507,0.1940924703826507,0.0,5.0,5.0,0.06375935673713684,0.3950142562389374,4.295323371887207,4510.0,4500.0,4500.0,2900.0,0.0,4.0,0.0,0.0,0.23110979795455933,0.5221996307373047,0.6946594715118408,1.1195068359375,2.0
dynamic_prune,1,1,452,0.22495640556017557,0.1977878874540329,0.027168517758448918,0.19474831151465574,0.19474831151465574,0.0,5.0,5.0,0.0638822466135025,0.39528340101242065,4.29475736618042,4520.0,4500.0,4500.0,2900.0,0.0,4.0,0.0,0.0,0.23110979795455933,0.5221996307373047,0.6946594715118408,1.1195068359375,2.0
dynamic_prune,1,1,453,0.23106038173039753,0.20297922929128012,0.028081153233846027,0.19667892868320147,0.19667892868320147,0.0,5.0,5.0,0.06412562727928162,0.39527642726898193,4.295154571533203,4530.0,4500.0,4500.0,2900.0,0.0,4.0,0.0,0.0,0.23110979795455933,0.5221996307373047,0.6946594715118408,1.1195068359375,2.0
dynamic_prune,1,1,454,0.22887369334697724,0.2001600525776545,0.028713642358779906,0.19492857384184997,0.19492857384184997,0.0,5.0,5.0,0.06421975791454315,0.3954636752605438,4.295949459075928,4540.0,4500.0,4500.0,2900.0,0.0,4.0,0.0,0.0,0.23110979795455933,0.5221996307373047,0.6946594715118408,1.1195068359375,2.0
dynamic_prune,1,1,455,0.22337389568487803,0.19417110900084178,0.029202788472175598,0.19690071443716686,0.19690071443716686,0.0,5.0,5.0,0.06420902162790298,0.3956420123577118,4.295287609100342,4550.0,4500.0,4500.0,2900.0,0.0,4.0,0.0,0.0,0.23110979795455933,0.5221996307373047,0.6946594715118408,1.1195068359375,2.0
dynamic_prune,1,1,456,0.2357461001475652,0.20576222320397694,0.029983876943588256,0.20404846101999283,0.20404846101999283,0.0,5.0,5.0,0.06419843435287476,0.3954716622829437,4.295402526855469,4560.0,4500.0,4500.0,2900.0,0.0,4.0,0.0,0.0,0.23110979795455933,0.5221996307373047,0.6946594715118408,1.1195068359375,2.0
dynamic_prune,1,1,457,0.21666840155919392,0.18980419456958772,0.02686420887708664,0.19730695794026057,0.19730695794026057,0.0,5.0,5.0,0.06407582759857178,0.3956734836101532,4.294929504394531,4570.0,4500.0,4500.0,2900.0,0.0,4.0,0.0,0.0,0.23110979795455933,0.5221996307373047,0.6946594715118408,1.1195068359375,2.0
dynamic_prune,1,1,458,0.22507950027783713,0.19698362270991007,0.028095880051453907,0.21294244055946668,0.21294244055946668,0.0,5.0,5.0,0.0643681138753891,0.39569738507270813,4.295835494995117,4580.0,4500.0,4500.0,2900.0,0.0,4.0,0.0,0.0,0.23110979795455933,0.5221996307373047,0.6946594715118408,1.1195068359375,2.0
dynamic_prune,1,1,459,0.23120026926199594,0.2025221860408783,0.028678083419799806,0.20204754648109277,0.20204754648109277,0.0,5.0,5.0,0.06416448950767517,0.39524829387664795,4.294768333435059,4590.0,4500.0,4500.0,2900.0,0.0,4.0,0.0,0.0,0.23110979795455933,0.5221996307373047,0.6946594715118408,1.1195068359375,2.0
dynamic_prune,1,1,460,0.21343825181325277,0.18629208465417227,0.02714616596698761,0.1885680448015531,0.1885680448015531,0.0,5.0,5.0,0.06417614221572876,0.3955382704734802,4.294312000274658,4600.0,4600.0,4600.0,2900.0,0.0,4.0,0.0,0.0,0.26505157351493835,0.5749497413635254,0.7253837585449219,1.6597938537597656,2.0
dynamic_prune,1,1,461,0.2253290549914042,0.19685472309589386,0.028474332640568416,0.2074496309955915,0.2074496309955915,0.0,5.0,5.0,0.06402235478162766,0.3956150412559509,4.293097496032715,4610.0,4600.0,4600.0,2900.0,0.0,4.0,0.0,0.0,0.26505157351493835,0.5749497413635254,0.7253837585449219,1.6597938537597656,2.0
dynamic_prune,1,1,462,0.22863127370675404,0.20063523451487222,0.027996035863955816,0.1989617250363032,0.1989617250363032,0.0,5.0,5.0,0.06390657275915146,0.3956442177295685,4.291721343994141,4620.0,4600.0,4600.0,2900.0,0.0,4.0,0.0,0.0,0.26505157351493835,0.5749497413635254,0.7253837585449219,1.6597938537597656,2.0
dynamic_prune,1,1,463,0.2136200169722239,0.18673249959945679,0.026887518465518952,0.18983899710079033,0.18983899710079033,0.0,5.0,5.0,0.0636548325419426,0.3958583176136017,4.290433883666992,4630.0,4600.0,4600.0,2900.0,0.0,4.0,0.0,0.0,0.26505157351493835,0.5749497413635254,0.7253837585449219,1.6597938537597656,2.0
dynamic_prune,1,1,464,0.21740432461102804,0.19097579578558604,0.02642852907379468,0.19525543014208477,0.19525543014208477,0.0,5.0,5.0,0.06370348483324051,0.3959648609161377,4.290605545043945,4640.0,4600.0,4600.0,2900.0,0.0,4.0,0.0,0.0,0.26505157351493835,0.5749497413635254,0.7253837585449219,1.6597938537597656,2.0
dynamic_prune,1,1,465,0.21633533656597137,0.18943420211474102,0.026901134649912516,0.18704741117854914,0.18704741117854914,0.0,5.0,5.0,0.06359299272298813,0.39610370993614197,4.289211273193359,4650.0,4600.0,4600.0,2900.0,0.0,4.0,0.0,0.0,0.26505157351493835,0.5749497413635254,0.7253837585449219,1.6597938537597656,2.0
dynamic_prune,1,1,466,0.21843061745166778,0.19069487651189168,0.027735742951432864,0.18926809137066206,0.18926809137066206,0.0,5.0,5.0,0.06332869827747345,0.3960089385509491,4.288796424865723,4660.0,4600.0,4600.0,2900.0,0.0,4.0,0.0,0.0,0.26505157351493835,0.5749497413635254,0.7253837585449219,1.6597938537597656,2.0
dynamic_prune,1,1,467,0.21544030527273814,0.1873542296886444,0.028086076403657595,0.1819793351739645,0.1819793351739645,0.0,5.0,5.0,0.06337834149599075,0.39635974168777466,4.287606239318848,4670.0,4600.0,4600.0,2900.0,0.0,4.0,0.0,0.0,0.26505157351493835,0.5749497413635254,0.7253837585449219,1.6597938537597656,2.0
dynamic_prune,1,1,468,0.2163370374838511,0.18914170324802398,0.027195334434509277,0.18284556825955708,0.18284556825955708,0.0,5.0,5.0,0.06322524696588516,0.3965466320514679,4.286350727081299,4680.0,4600.0,4600.0,2900.0,0.0,4.0,0.0,0.0,0.26505157351493835,0.5749497413635254,0.7253837585449219,1.6597938537597656,2.0
dynamic_prune,1,1,469,0.2156640112400055,0.1874558542172114,0.02820815732081731,0.19140677963693936,0.19140677963693936,0.0,5.0,5.0,0.06318210810422897,0.39631545543670654,4.286578178405762,4690.0,4600.0,4600.0,2900.0,0.0,4.0,0.0,0.0,0.26505157351493835,0.5749497413635254,0.7253837585449219,1.6597938537597656,2.0
dynamic_prune,1,1,470,0.22058213770389556,0.19113153139750164,0.02945060414572557,0.19392536963025728,0.19392536963025728,0.0,5.0,5.0,0.06325694173574448,0.3963342010974884,4.2884650230407715,4700.0,4700.0,4700.0,2900.0,0.0,4.0,0.0,0.0,0.22505781054496765,0.555081844329834,0.6204996109008789,1.1410770416259766,1.0
dynamic_prune,1,1,471,0.21713983496030173,0.18907936612764994,0.028060469254851342,0.1848175696035226,0.1848175696035226,0.0,5.0,5.0,0.06326892971992493,0.39617061614990234,4.289253234863281,4710.0,4700.0,4700.0,2900.0,0.0,4.0,0.0,0.0,0.22505781054496765,0.555081844329834,0.6204996109008789,1.1410770416259766,1.0
dynamic_prune,1,1,472,0.20935628135999043,0.18174470325311026,0.027611580913265547,0.18624668588240942,0.18624668588240942,0.0,5.0,5.0,0.06303983181715012,0.3963865041732788,4.2880778312683105,4720.0,4700.0,4700.0,2900.0,0.0,4.0,0.0,0.0,0.22505781054496765,0.555081844329834,0.6204996109008789,1.1410770416259766,1.0
dynamic_prune,1,1,473,0.21858908534049987,0.19075168251991273,0.027837405701478322,0.1844704562673966,0.1844704562673966,0.0,5.0,5.0,0.06311839818954468,0.3966127038002014,4.287470817565918,4730.0,4700.0,4700.0,2900.0,0.0,4.0,0.0,0.0,0.22505781054496765,0.555081844329834,0.6204996109008789,1.1410770416259766,1.0
dynamic_prune,1,1,474,0.2153275054693222,0.18635361552238464,0.028973892579476038,0.18290424150725207,0.18290424150725207,0.0,5.0,5.0,0.06306591629981995,0.39656558632850647,4.2869133949279785,4740.0,4700.0,4700.0,2900.0,0.0,4.0,0.0,0.0,0.22505781054496765,0.555081844329834,0.6204996109008789,1.1410770416259766,1.0
dynamic_prune,1,1,475,0.21080418825149536,0.18244375050067901,0.028360437552134195,0.18935019463300706,0.18935019463300706,0.0,5.0,5.0,0.0629197359085083,0.3965139389038086,4.285743236541748,4750.0,4700.0,4700.0,2900.0,0.0,4.0,0.0,0.0,0.22505781054496765,0.555081844329834,0.6204996109008789,1.1410770416259766,1.0
dynamic_prune,1,1,476,0.20168473462263742,0.17507057130336762,0.026614164511362712,0.1779688969999552,0.1779688969999552,0.0,5.0,5.0,0.06276668608188629,0.396610289812088,4.285124778747559,4760.0,4700.0,4700.0,2900.0,0.0,4.0,0.0,0.0,0.22505781054496765,0.555081844329834,0.6204996109008789,1.1410770416259766,1.0
dynamic_prune,1,1,477,0.21542797764142355,0.18633553445339202,0.02909244507551193,0.1760171221445004,0.1760171221445004,0.0,5.0,5.0,0.06309974938631058,0.3967154920101166,4.286789417266846,4770.0,4700.0,4700.0,2900.0,0.0,4.0,0.0,0.0,0.22505781054496765,0.555081844329834,0.6204996109008789,1.1410770416259766,1.0
dynamic_prune,1,1,478,0.2032750395933787,0.1761611638466517,0.027113874455293018,0.1762775456160307,0.1762775456160307,0.0,5.0,5.0,0.06291927397251129,0.3967463970184326,4.285482883453369,4780.0,4700.0,4700.0,2900.0,0.0,4.0,0.0,0.0,0.22505781054496765,0.555081844329834,0.6204996109008789,1.1410770416259766,1.0
dynamic_prune,1,1,479,0.20419187863667806,0.17642708758513131,0.027764791548252107,0.17733913630247117,0.17733913630247117,0.0,5.0,5.0,0.06282420456409454,0.39699333906173706,4.284564971923828,4790.0,4700.0,4700.0,2900.0,0.0,4.0,0.0,0.0,0.22505781054496765,0.555081844329834,0.6204996109008789,1.1410770416259766,1.0
dynamic_prune,1,1,480,0.1986814530690511,0.17086732467015583,0.027814128498236338,0.17027337476611137,0.17027337476611137,0.0,5.0,5.0,0.0627712681889534,0.39708951115608215,4.283934593200684,4800.0,4800.0,4800.0,2900.0,0.0,4.0,0.0,0.0,0.1923956274986267,0.4092254638671875,0.5378458499908447,0.8340536952018738,0.0
dynamic_prune,1,1,481,0.1954398419459661,0.16826457977294923,0.02717526212334633,0.17108881056308747,0.17108881056308747,0.0,5.0,5.0,0.06262471526861191,0.3972054421901703,4.2829389572143555,4810.0,4800.0,4800.0,2900.0,0.0,4.0,0.0,0.0,0.1923956274986267,0.4092254638671875,0.5378458499908447,0.8340536952018738,0.0
dynamic_prune,1,1,482,0.22165846864382427,0.19164395610491436,0.03001451149582863,0.1810181351006031,0.1810181351006031,0.0,5.0,5.0,0.06279510259628296,0.39687272906303406,4.28451681137085,4820.0,4800.0,4800.0,2900.0,0.0,4.0,0.0,0.0,0.1923956274986267,0.4092254638671875,0.5378458499908447,0.8340536952018738,0.0
dynamic_prune,1,1,483,0.20624505420525868,0.17706529200077056,0.02917976294954618,0.1812880043933789,0.1812880043933789,0.0,5.0,5.0,0.06271422654390335,0.39689579606056213,4.285233974456787,4830.0,4800.0,4800.0,2900.0,0.0,4.0,0.0,0.0,0.1923956274986267,0.4092254638671875,0.5378458499908447,0.8340536952018738,0.0
dynamic_prune,1,1,484,0.19959495743115743,0.1701323641339938,0.029462592601776125,0.16506474711000918,0.16506474711000918,0.0,5.0,5.0,0.06260469555854797,0.39689430594444275,4.285439491271973,4840.0,4800.0,4800.0,2900.0,0.0,4.0,0.0,0.0,0.1923956274986267,0.4092254638671875,0.5378458499908447,0.8340536952018738,0.0
dynamic_prune,1,1,485,0.19862241307894388,0.1710564554731051,0.027565959418813388,0.1773951864739259,0.1773951864739259,0.0,5.0,5.0,0.062473248690366745,0.3968317210674286,4.284494876861572,4850.0,4800.0,4800.0,2900.0,0.0,4.0,0.0,0.0,0.1923956274986267,0.4092254638671875,0.5378458499908447,0.8340536952018738,0.0
dynamic_prune,1,1,486,0.20450613339742024,0.175387668410937,0.029118466104070345,0.17219103659192722,0.17219103659192722,0.0,5.0,5.0,0.0626266673207283,0.3967008888721466,4.284598350524902,4860.0,4800.0,4800.0,2900.0,0.0,4.0,0.0,0.0,0.1923956274986267,0.4092254638671875,0.5378458499908447,0.8340536952018738,0.0
dynamic_prune,1,1,487,0.21210313538710276,0.18352029184500376,0.02858284279704094,0.17182768533627193,0.17182768533627193,0.0,5.0,5.0,0.06264790892601013,0.3967330753803253,4.284472942352295,4870.0,4800.0,4800.0,2900.0,0.0,4.0,0.0,0.0,0.1923956274986267,0.4092254638671875,0.5378458499908447,0.8340536952018738,0.0
dynamic_prune,1,1,488,0.20333930353323618,0.17332091013590495,0.030018393844366074,0.17759423976143202,0.17759423976143202,0.0,5.0,5.0,0.06275154650211334,0.3968368470668793,4.283982276916504,4880.0,4800.0,4800.0,2900.0,0.0,4.0,0.0,0.0,0.1923956274986267,0.4092254638671875,0.5378458499908447,0.8340536952018738,0.0
dynamic_prune,1,1,489,0.19894269386927288,0.17156045913696288,0.027382235328356427,0.17082282754282158,0.17082282754282158,0.0,5.0,5.0,0.06262339651584625,0.3967856466770172,4.284207820892334,4890.0,4800.0,4800.0,2900.0,0.0,4.0,0.0,0.0,0.1923956274986267,0.4092254638671875,0.5378458499908447,0.8340536952018738,0.0
dynamic_prune,1,1,490,0.19431804299354552,0.16559702495733897,0.0287210151553154,0.17020338729023934,0.17020338729023934,0.0,5.0,5.0,0.06251642853021622,0.39682862162590027,4.284275531768799,4900.0,4900.0,4900.0,2900.0,0.0,4.0,0.0,0.0,0.2597803473472595,0.6323881149291992,0.854697585105896,1.1032366752624512,2.0
dynamic_prune,1,1,491,0.2022961926460266,0.17343563397725423,0.02886055772503217,0.17048243927458923,0.17048243927458923,0.0,5.0,5.0,0.06227773055434227,0.3969776928424835,4.284160137176514,4910.0,4900.0,4900.0,2900.0,0.0,4.0,0.0,0.0,0.2597803473472595,0.6323881149291992,0.854697585105896,1.1032366752624512,2.0
dynamic_prune,1,1,492,0.20151402632395427,0.173107022245725,0.02840700219074885,0.1738314815113942,0.1738314815113942,0.0,5.0,5.0,0.062049269676208496,0.3967669606208801,4.284175872802734,4920.0,4900.0,4900.0,2900.0,0.0,4.0,0.0,0.0,0.2597803473472595,0.6323881149291992,0.854697585105896,1.1032366752624512,2.0
dynamic_prune,1,1,493,0.210520658493042,0.18112370491027832,0.029396953682104748,0.17996699847280978,0.17996699847280978,0.0,5.0,5.0,0.06182755157351494,0.3965502083301544,4.284019470214844,4930.0,4900.0,4900.0,2900.0,0.0,4.0,0.0,0.0,0.2597803473472595,0.6323881149291992,0.854697585105896,1.1032366752624512,2.0
dynamic_prune,1,1,494,0.18557088911533356,0.15874818503856658,0.026822704498966534,0.16906239735583464,0.16906239735583464,0.0,5.0,5.0,0.061692751944065094,0.39686474204063416,4.282778739929199,4940.0,4900.0,4900.0,2900.0,0.0,4.0,0.0,0.0,0.2597803473472595,0.6323881149291992,0.854697585105896,1.1032366752624512,2.0
dynamic_prune,1,1,495,0.19733760853608448,0.1693593547741572,0.027978253712256748,0.16771842288474242,0.16771842288474242,0.0,5.0,5.0,0.06180574372410774,0.3967066705226898,4.284229755401611,4950.0,4900.0,4900.0,2900.0,0.0,4.0,0.0,0.0,0.2597803473472595,0.6323881149291992,0.854697585105896,1.1032366752624512,2.0
dynamic_prune,1,1,496,0.20579609473546345,0.17858496050039926,0.027211135551333428,0.17619062540431818,0.17619062540431818,0.0,5.0,5.0,0.06171569228172302,0.3963303864002228,4.285276412963867,4960.0,4900.0,4900.0,2900.0,0.0,4.0,0.0,0.0,0.2597803473472595,0.6323881149291992,0.854697585105896,1.1032366752624512,2.0
dynamic_prune,1,1,497,0.19566163778305054,0.16917734622955322,0.026484292844931284,0.1738040507833163,0.1738040507833163,0.0,5.0,5.0,0.06161007657647133,0.3963334262371063,4.2856550216674805,4970.0,4900.0,4900.0,2900.0,0.0,4.0,0.0,0.0,0.2597803473472595,0.6323881149291992,0.854697585105896,1.1032366752624512,2.0
dynamic_prune,1,1,498,0.19702466209729513,0.16810312668482463,0.028921536033352215,0.16725746537248293,0.16725746537248293,0.0,5.0,5.0,0.06161312758922577,0.3963899612426758,4.285853862762451,4980.0,4900.0,4900.0,2900.0,0.0,4.0,0.0,0.0,0.2597803473472595,0.6323881149291992,0.854697585105896,1.1032366752624512,2.0
dynamic_prune,1,1,499,0.20652618249257407,0.17792042791843415,0.028605753580729167,0.17295770443975925,0.17295770443975925,0.0,5.0,5.0,0.0618147999048233,0.39657849073410034,4.285701751708984,4990.0,4900.0,4900.0,2900.0,0.0,4.0,0.0,0.0,0.2597803473472595,0.6323881149291992,0.854697585105896,1.1032366752624512,2.0
dynamic_prune,1,1,500,0.20437496344248454,0.17638218998908997,0.027992772857348126,0.17259056938191256,0.17259056938191256,0.0,5.0,5.0,0.06205900013446808,0.3964541256427765,4.28712797164917,5000.0,5000.0,5000.0,2900.0,0.0,4.0,0.0,0.0,0.27102363109588623,0.6246609687805176,0.8393476009368896,2.4371261596679688,2.0
