model,seed,level,epoch,train_total,train_effect,train_vq,eval_total,eval_effect,eval_vq,active_codes,ema_used_codes,step_counter,last_check_step,surprise_streak,distance_mean,distance_p90,distance_p95,distance_max,surprise_support
dynamic,5,1,1,5.6899997456868485,5.6805955568949384,0.009404137904445331,5.549606170654297,5.549606170654297,0.0,1.0,1.0,10.0,0.0,0.0,,,,,
dynamic,5,1,2,5.458837515513102,5.442902914683024,0.01593457713723183,5.309256598154704,5.309256598154704,0.0,1.0,1.0,20.0,0.0,0.0,,,,,
dynamic,5,1,3,5.239773693084717,5.206552626291911,0.03322109013795853,5.073867104848226,5.073867104848226,0.0,1.0,1.0,30.0,0.0,0.0,,,,,
dynamic,5,1,4,5.027742017110189,4.981744111378988,0.04599793523550034,4.8507840474446615,4.8507840474446615,0.0,1.0,1.0,40.0,0.0,0.0,,,,,
dynamic,5,1,5,4.818123696645101,4.7602118873596195,0.0579118213057518,4.636721522013346,4.636721522013346,0.0,1.0,1.0,50.0,0.0,0.0,,,,,
dynamic,5,1,6,4.61714823404948,4.550872694651286,0.06627563168605169,4.432427914937337,4.432427914937337,0.0,1.0,1.0,60.0,0.0,0.0,,,,,
dynamic,5,1,7,4.425428644816081,4.349856306711833,0.07557237456242244,4.241408125559489,4.241408125559489,0.0,1.0,1.0,70.0,0.0,0.0,,,,,
dynamic,5,1,8,4.249008121490479,4.160281225840251,0.08872695366541544,4.061387907663981,4.061387907663981,0.0,1.0,1.0,80.0,0.0,0.0,,,,,
dynamic,5,1,9,4.090927200317383,3.9868345896402997,0.10409262806177139,3.8883946100870768,3.8883946100870768,0.0,1.0,1.0,90.0,0.0,0.0,,,,,
dynamic,5,1,10,3.9399410565694173,3.817651163736979,0.12228985905647277,3.7259320640563964,3.7259320640563964,0.0,1.0,1.0,100.0,0.0,0.0,,,,,
dynamic,5,1,11,3.8073251724243162,3.6587794717152913,0.14854568858941397,3.5727209027608238,3.5727209027608238,0.0,1.0,1.0,110.0,0.0,0.0,,,,,
dynamic,5,1,12,3.6843686962127684,3.5108063475290936,0.17356233477592467,3.431015351613363,3.431015351613363,0.0,1.0,1.0,120.0,0.0,0.0,,,,,
dynamic,5,1,13,3.565153923034668,3.3740272585550946,0.19112663785616557,3.2972661526997884,3.2972661526997884,0.0,1.0,1.0,130.0,0.0,0.0,,,,,
dynamic,5,1,14,3.4697301101684572,3.241430988311768,0.22829917152722676,3.169403909047445,3.169403909047445,0.0,1.0,1.0,140.0,0.0,0.0,,,,,
dynamic,5,1,15,3.365542653401693,3.1174600156148276,0.24808261235555013,3.0465123430887857,3.0465123430887857,0.0,1.0,1.0,150.0,0.0,0.0,,,,,
dynamic,5,1,16,3.2695847384134926,2.993126964569092,0.27645774046579996,2.9251827812194824,2.9251827812194824,0.0,1.0,1.0,160.0,0.0,0.0,,,,,
dynamic,5,1,17,3.1562253761291506,2.873931500116984,0.28229384700457255,2.8071540451049803,2.8071540451049803,0.0,1.0,1.0,170.0,0.0,0.0,,,,,
dynamic,5,1,18,3.0514511013031007,2.759802827835083,0.29164827545483907,2.699143060048421,2.699143060048421,0.0,1.0,1.0,180.0,0.0,0.0,,,,,
dynamic,5,1,19,2.943336575826009,2.6583913548787437,0.284945236047109,2.6073553784688315,2.6073553784688315,0.0,1.0,1.0,190.0,0.0,0.0,,,,,
dynamic,5,1,20,2.8515056864420574,2.5708075269063313,0.28069815238316853,2.5234523328145344,2.5234523328145344,0.0,1.0,1.0,200.0,0.0,0.0,,,,,
dynamic,5,1,21,2.751893752415975,2.489381430943807,0.262512309551239,2.446958688100179,2.446958688100179,0.0,1.0,1.0,210.0,201.0,1.0,2.2637321949005127,5.6935648918151855,15.016243934631348,42.478336334228516,79.0
dynamic,5,1,22,2.657425858179728,2.4162663714090984,0.24115948836008708,2.3773172887166343,2.3773172887166343,0.0,1.0,1.0,220.0,201.0,1.0,2.2637321949005127,5.6935648918151855,15.016243934631348,42.478336334228516,79.0
dynamic,5,1,23,2.577112544377645,2.3506122175852457,0.22650033076604206,2.315917460123698,2.315917460123698,0.0,1.0,1.0,230.0,201.0,1.0,2.2637321949005127,5.6935648918151855,15.016243934631348,42.478336334228516,79.0
dynamic,5,1,24,2.5211263052622477,2.2911914269129436,0.22993486801783244,2.259754212697347,2.259754212697347,0.0,1.0,1.0,240.0,201.0,1.0,2.2637321949005127,5.6935648918151855,15.016243934631348,42.478336334228516,79.0
dynamic,5,1,25,2.4615424410502116,2.237691486676534,0.2238509202003479,2.2098027229309083,2.2098027229309083,0.0,1.0,1.0,250.0,201.0,1.0,2.2637321949005127,5.6935648918151855,15.016243934631348,42.478336334228516,79.0
dynamic,5,1,26,2.405884475708008,2.1904353586832683,0.21544911563396454,2.16463108698527,2.16463108698527,0.0,1.0,1.0,260.0,201.0,1.0,2.2637321949005127,5.6935648918151855,15.016243934631348,42.478336334228516,79.0
dynamic,5,1,27,2.327358169555664,2.1472985903422037,0.18005958875020345,2.1250814628601074,2.1250814628601074,0.0,1.0,1.0,270.0,201.0,1.0,2.2637321949005127,5.6935648918151855,15.016243934631348,42.478336334228516,79.0
dynamic,5,1,28,2.255278402964274,2.1099327246348065,0.1453456970055898,2.090424512227376,2.090424512227376,0.0,1.0,1.0,280.0,201.0,1.0,2.2637321949005127,5.6935648918151855,15.016243934631348,42.478336334228516,79.0
dynamic,5,1,29,2.1911581897735597,2.0775665283203124,0.11359168738126754,2.0604858144124347,2.0604858144124347,0.0,1.0,1.0,290.0,201.0,1.0,2.2637321949005127,5.6935648918151855,15.016243934631348,42.478336334228516,79.0
dynamic,5,1,30,2.140722133318583,2.049782671928406,0.09093949764966965,2.0354757436116535,2.0354757436116535,0.0,1.0,1.0,300.0,201.0,1.0,2.2637321949005127,5.6935648918151855,15.016243934631348,42.478336334228516,79.0
dynamic,5,1,31,1.7584308385849,1.723899973233541,0.03453086080650489,1.6739097436269124,1.6739097436269124,0.0,2.0,2.0,310.0,301.0,0.0,0.6421562433242798,1.7080882787704468,3.0647470951080322,8.859954833984375,51.0
dynamic,5,1,32,1.7421341149012248,1.6951733287175497,0.04696079740921656,1.621815087000529,1.621815087000529,0.0,2.0,2.0,320.0,301.0,0.0,0.6421562433242798,1.7080882787704468,3.0647470951080322,8.859954833984375,51.0
dynamic,5,1,33,1.717227300008138,1.6429699675242107,0.07425733129183451,1.5643686898549398,1.5643686898549398,0.0,2.0,2.0,330.0,301.0,0.0,0.6421562433242798,1.7080882787704468,3.0647470951080322,8.859954833984375,51.0
dynamic,5,1,34,1.6699639654159546,1.5644790108998616,0.10548493305842081,1.4993716923395792,1.4993716923395792,0.0,2.0,2.0,340.0,301.0,0.0,0.6421562433242798,1.7080882787704468,3.0647470951080322,8.859954833984375,51.0
dynamic,5,1,35,1.6035626618067425,1.4801495122909545,0.12341316243012747,1.4478124475479126,1.4478124475479126,0.0,2.0,2.0,350.0,301.0,0.0,0.6421562433242798,1.7080882787704468,3.0647470951080322,8.859954833984375,51.0
dynamic,5,1,36,1.5540241543451945,1.4406179841359457,0.1134061602751414,1.4062907473246256,1.4062907473246256,0.0,2.0,2.0,360.0,301.0,0.0,0.6421562433242798,1.7080882787704468,3.0647470951080322,8.859954833984375,51.0
dynamic,5,1,37,1.475514980951945,1.3840864785512288,0.09142849663893382,1.3731694587071737,1.3731694587071737,0.0,2.0,2.0,370.0,301.0,0.0,0.6421562433242798,1.7080882787704468,3.0647470951080322,8.859954833984375,51.0
dynamic,5,1,38,1.4074945910771688,1.3389650456110636,0.06852953751881917,1.3544011290868123,1.3544011290868123,0.0,2.0,2.0,380.0,301.0,0.0,0.6421562433242798,1.7080882787704468,3.0647470951080322,8.859954833984375,51.0
dynamic,5,1,39,1.376734135945638,1.3268810033798217,0.049853122433026635,1.324000678062439,1.324000678062439,0.0,2.0,2.0,390.0,301.0,0.0,0.6421562433242798,1.7080882787704468,3.0647470951080322,8.859954833984375,51.0
dynamic,5,1,40,1.3335264078776041,1.2914949385325114,0.04203146810332934,1.2809627914428712,1.2809627914428712,0.0,2.0,2.0,400.0,301.0,0.0,0.6421562433242798,1.7080882787704468,3.0647470951080322,8.859954833984375,51.0
dynamic,5,1,41,1.310907498995463,1.2737660837173461,0.03714142446716626,1.2421495485305787,1.2421495485305787,0.0,2.0,2.0,410.0,401.0,0.0,0.32937091588974,0.7377759218215942,0.802088737487793,2.195833206176758,6.0
dynamic,5,1,42,1.3005268224080404,1.267409125963847,0.03311769415934881,1.2218226925532023,1.2218226925532023,0.0,2.0,2.0,420.0,401.0,0.0,0.32937091588974,0.7377759218215942,0.802088737487793,2.195833206176758,6.0
dynamic,5,1,43,1.277752186457316,1.2484909359614054,0.029261265695095063,1.1857636594772338,1.1857636594772338,0.0,2.0,2.0,430.0,401.0,0.0,0.32937091588974,0.7377759218215942,0.802088737487793,2.195833206176758,6.0
dynamic,5,1,44,1.2769882615407309,1.245515430768331,0.03147285004456838,1.1675558376312256,1.1675558376312256,0.0,2.0,2.0,440.0,401.0,0.0,0.32937091588974,0.7377759218215942,0.802088737487793,2.195833206176758,6.0
dynamic,5,1,45,1.2404347022374471,1.2019203551610311,0.03851435581843058,1.145553700129191,1.145553700129191,0.0,2.0,2.0,450.0,401.0,0.0,0.32937091588974,0.7377759218215942,0.802088737487793,2.195833206176758,6.0
dynamic,5,1,46,1.2215982866287232,1.1710560337702434,0.05054224501053492,1.1185658597946166,1.1185658597946166,0.0,2.0,2.0,460.0,401.0,0.0,0.32937091588974,0.7377759218215942,0.802088737487793,2.195833206176758,6.0
dynamic,5,1,47,1.1646307762463888,1.1072246940930683,0.057406088213125865,1.0812179684638976,1.0812179684638976,0.0,2.0,2.0,470.0,401.0,0.0,0.32937091588974,0.7377759218215942,0.802088737487793,2.195833206176758,6.0
dynamic,5,1,48,1.1897621536254883,1.1243828217188516,0.06537933846314749,1.0628550537427266,1.0628550537427266,0.0,2.0,2.0,480.0,401.0,0.0,0.32937091588974,0.7377759218215942,0.802088737487793,2.195833206176758,6.0
dynamic,5,1,49,1.1366394233703614,1.0705151192347209,0.06612429226438205,1.0521909443537394,1.0521909443537394,0.0,2.0,2.0,490.0,401.0,0.0,0.32937091588974,0.7377759218215942,0.802088737487793,2.195833206176758,6.0
dynamic,5,1,50,1.1104677057266235,1.0491874353090922,0.061280257354180016,1.0312185764312745,1.0312185764312745,0.0,2.0,2.0,500.0,401.0,0.0,0.32937091588974,0.7377759218215942,0.802088737487793,2.195833206176758,6.0
dynamic,5,1,51,1.0795343653361003,1.0229884052276612,0.05654596870144208,1.0121368964513142,1.0121368964513142,0.0,2.0,2.0,510.0,501.0,1.0,0.45517271757125854,1.0756144523620605,1.6307239532470703,7.992490768432617,28.0
dynamic,5,1,52,1.047078496615092,0.9927474172910055,0.054331083397070566,0.9755645291010538,0.9755645291010538,0.0,2.0,2.0,520.0,501.0,1.0,0.45517271757125854,1.0756144523620605,1.6307239532470703,7.992490768432617,28.0
dynamic,5,1,53,1.018342985312144,0.9691693997383117,0.049173589249451956,0.9465889954566955,0.9465889954566955,0.0,2.0,2.0,530.0,501.0,1.0,0.45517271757125854,1.0756144523620605,1.6307239532470703,7.992490768432617,28.0
dynamic,5,1,54,1.0032020425796508,0.9528792158762613,0.05032282715042432,0.906141550540924,0.906141550540924,0.0,2.0,2.0,540.0,501.0,1.0,0.45517271757125854,1.0756144523620605,1.6307239532470703,7.992490768432617,28.0
dynamic,5,1,55,0.9679616077740987,0.9190403079986572,0.04892129480838776,0.8915166262785593,0.8915166262785593,0.0,2.0,2.0,550.0,501.0,1.0,0.45517271757125854,1.0756144523620605,1.6307239532470703,7.992490768432617,28.0
dynamic,5,1,56,0.9949162713686626,0.9496687626838685,0.04524750038981438,0.8785675354798634,0.8785675354798634,0.0,2.0,2.0,560.0,501.0,1.0,0.45517271757125854,1.0756144523620605,1.6307239532470703,7.992490768432617,28.0
dynamic,5,1,57,0.9533425982793172,0.9123811833063762,0.04096142460902532,0.8662730292479197,0.8662730292479197,0.0,2.0,2.0,570.0,501.0,1.0,0.45517271757125854,1.0756144523620605,1.6307239532470703,7.992490768432617,28.0
dynamic,5,1,58,0.9535320885976155,0.9139410400390625,0.03959105814496676,0.854687914053599,0.854687914053599,0.0,2.0,2.0,580.0,501.0,1.0,0.45517271757125854,1.0756144523620605,1.6307239532470703,7.992490768432617,28.0
dynamic,5,1,59,0.9352707751592,0.8966329654057821,0.03863781750202179,0.8506157501538595,0.8506157501538595,0.0,2.0,2.0,590.0,501.0,1.0,0.45517271757125854,1.0756144523620605,1.6307239532470703,7.992490768432617,28.0
dynamic,5,1,60,0.9399403794606527,0.9003730225563049,0.03956734701991081,0.8477167348066966,0.8477167348066966,0.0,2.0,2.0,600.0,501.0,1.0,0.45517271757125854,1.0756144523620605,1.6307239532470703,7.992490768432617,28.0
dynamic,5,1,61,0.9105692370732625,0.8709470868110657,0.03962214852372805,0.859030335744222,0.859030335744222,0.0,2.0,2.0,610.0,601.0,0.0,0.3129928708076477,0.7430101633071899,0.948374330997467,4.552593231201172,11.0
dynamic,5,1,62,0.8806555350621541,0.8418106349309286,0.038844903409481046,0.8576685822010041,0.8576685822010041,0.0,2.0,2.0,620.0,601.0,0.0,0.3129928708076477,0.7430101633071899,0.948374330997467,4.552593231201172,11.0
dynamic,5,1,63,0.87135320742925,0.8337555487950643,0.03759765903155009,0.8293004659811656,0.8293004659811656,0.0,2.0,2.0,630.0,601.0,0.0,0.3129928708076477,0.7430101633071899,0.948374330997467,4.552593231201172,11.0
dynamic,5,1,64,0.8753501319885254,0.8403515926996867,0.034998534123102824,0.8151336320241293,0.8151336320241293,0.0,2.0,2.0,640.0,601.0,0.0,0.3129928708076477,0.7430101633071899,0.948374330997467,4.552593231201172,11.0
dynamic,5,1,65,0.8785033702850342,0.8472301530838012,0.03127321143945058,0.822782561381658,0.822782561381658,0.0,2.0,2.0,650.0,601.0,0.0,0.3129928708076477,0.7430101633071899,0.948374330997467,4.552593231201172,11.0
dynamic,5,1,66,0.8795758676528931,0.8484437108039856,0.031132152676582335,0.8309940367937088,0.8309940367937088,0.0,2.0,2.0,660.0,601.0,0.0,0.3129928708076477,0.7430101633071899,0.948374330997467,4.552593231201172,11.0
dynamic,5,1,67,0.8964183187484741,0.8649440558751424,0.03147426982720693,0.81120707432429,0.81120707432429,0.0,2.0,2.0,670.0,601.0,0.0,0.3129928708076477,0.7430101633071899,0.948374330997467,4.552593231201172,11.0
dynamic,5,1,68,0.8479782358805339,0.8163284643491109,0.031649775058031085,0.791774292588234,0.791774292588234,0.0,2.0,2.0,680.0,601.0,0.0,0.3129928708076477,0.7430101633071899,0.948374330997467,4.552593231201172,11.0
dynamic,5,1,69,0.8360879111289978,0.8043067439397176,0.03178117180864016,0.7796283803383509,0.7796283803383509,0.0,2.0,2.0,690.0,601.0,0.0,0.3129928708076477,0.7430101633071899,0.948374330997467,4.552593231201172,11.0
dynamic,5,1,70,0.8374963657061258,0.8064891529083252,0.031007204006115594,0.7677259838581085,0.7677259838581085,0.0,2.0,2.0,700.0,601.0,0.0,0.3129928708076477,0.7430101633071899,0.948374330997467,4.552593231201172,11.0
dynamic,5,1,71,0.8163792769114177,0.7875575606028239,0.02882172944645087,0.7633754883209865,0.7633754883209865,0.0,2.0,2.0,710.0,701.0,0.0,0.23238489031791687,0.6121797561645508,0.7809218168258667,2.0785369873046875,8.0
dynamic,5,1,72,0.8409196352958679,0.8120477183659871,0.028871926019589107,0.7666342262427012,0.7666342262427012,0.0,2.0,2.0,720.0,701.0,0.0,0.23238489031791687,0.6121797561645508,0.7809218168258667,2.0785369873046875,8.0
dynamic,5,1,73,0.8226015408833821,0.7942959014574686,0.02830564968287945,0.7627949470281601,0.7627949470281601,0.0,2.0,2.0,730.0,701.0,0.0,0.23238489031791687,0.6121797561645508,0.7809218168258667,2.0785369873046875,8.0
dynamic,5,1,74,0.8139075048764547,0.7831543548901876,0.030753142486015957,0.7519334095716477,0.7519334095716477,0.0,2.0,2.0,740.0,701.0,0.0,0.23238489031791687,0.6121797561645508,0.7809218168258667,2.0785369873046875,8.0
dynamic,5,1,75,0.7990484118461609,0.7650520173708598,0.03399639755487442,0.7485557498534521,0.7485557498534521,0.0,2.0,2.0,750.0,701.0,0.0,0.23238489031791687,0.6121797561645508,0.7809218168258667,2.0785369873046875,8.0
dynamic,5,1,76,0.7833390482266744,0.7474039053916931,0.03593514288465182,0.7452859673897425,0.7452859673897425,0.0,2.0,2.0,760.0,701.0,0.0,0.23238489031791687,0.6121797561645508,0.7809218168258667,2.0785369873046875,8.0
dynamic,5,1,77,0.791877605120341,0.7588066681226094,0.03307094146807989,0.7420382930835088,0.7420382930835088,0.0,2.0,2.0,770.0,701.0,0.0,0.23238489031791687,0.6121797561645508,0.7809218168258667,2.0785369873046875,8.0
dynamic,5,1,78,0.7935935521125793,0.7633321722348531,0.03026138017574946,0.739038565158844,0.739038565158844,0.0,2.0,2.0,780.0,701.0,0.0,0.23238489031791687,0.6121797561645508,0.7809218168258667,2.0785369873046875,8.0
dynamic,5,1,79,0.7749675464630127,0.7454456830024719,0.029521866738796233,0.7362559608618419,0.7362559608618419,0.0,2.0,2.0,790.0,701.0,0.0,0.23238489031791687,0.6121797561645508,0.7809218168258667,2.0785369873046875,8.0
dynamic,5,1,80,0.7821168184280396,0.7508359328905742,0.03128087649742762,0.7413169316450755,0.7413169316450755,0.0,2.0,2.0,800.0,701.0,0.0,0.23238489031791687,0.6121797561645508,0.7809218168258667,2.0785369873046875,8.0
dynamic,5,1,81,0.7731026212374369,0.7408074673016866,0.032295158555110295,0.7389216562112172,0.7389216562112172,0.0,2.0,2.0,810.0,801.0,0.0,0.24750542640686035,0.5607634782791138,0.8283857703208923,2.2909352779388428,6.0
dynamic,5,1,82,0.7858705592155456,0.7527385489145915,0.033132013777891794,0.729026677509149,0.729026677509149,0.0,2.0,2.0,820.0,801.0,0.0,0.24750542640686035,0.5607634782791138,0.8283857703208923,2.2909352779388428,6.0
dynamic,5,1,83,0.7635560297966003,0.7278925704956055,0.03566347022851308,0.7267738899588585,0.7267738899588585,0.0,2.0,2.0,830.0,801.0,0.0,0.24750542640686035,0.5607634782791138,0.8283857703208923,2.2909352779388428,6.0
dynamic,5,1,84,0.7731654119491577,0.7346498616536459,0.03851555104056994,0.7245037565628688,0.7245037565628688,0.0,2.0,2.0,840.0,801.0,0.0,0.24750542640686035,0.5607634782791138,0.8283857703208923,2.2909352779388428,6.0
dynamic,5,1,85,0.759527370929718,0.7235400215784709,0.03598735213279724,0.7224122912685076,0.7224122912685076,0.0,2.0,2.0,850.0,801.0,0.0,0.24750542640686035,0.5607634782791138,0.8283857703208923,2.2909352779388428,6.0
dynamic,5,1,86,0.7602998089790344,0.7298367667198181,0.030463057582577068,0.7204798273245494,0.7204798273245494,0.0,2.0,2.0,860.0,801.0,0.0,0.24750542640686035,0.5607634782791138,0.8283857703208923,2.2909352779388428,6.0
dynamic,5,1,87,0.7484382629394531,0.719666432539622,0.028771829257408777,0.7187113745013872,0.7187113745013872,0.0,2.0,2.0,870.0,801.0,0.0,0.24750542640686035,0.5607634782791138,0.8283857703208923,2.2909352779388428,6.0
dynamic,5,1,88,0.7457048352559408,0.7179571946461996,0.027747639119625092,0.7170673792560895,0.7170673792560895,0.0,2.0,2.0,880.0,801.0,0.0,0.24750542640686035,0.5607634782791138,0.8283857703208923,2.2909352779388428,6.0
dynamic,5,1,89,0.7526533516248067,0.7239810260136922,0.028672341108322143,0.7234580437342326,0.7234580437342326,0.0,2.0,2.0,890.0,801.0,0.0,0.24750542640686035,0.5607634782791138,0.8283857703208923,2.2909352779388428,6.0
dynamic,5,1,90,0.7648294973373413,0.7315854557355245,0.03324404120445251,0.7221155182520549,0.7221155182520549,0.0,2.0,2.0,900.0,801.0,0.0,0.24750542640686035,0.5607634782791138,0.8283857703208923,2.2909352779388428,6.0
dynamic,5,1,91,0.7494995522499085,0.7134933519363403,0.03600620438655217,0.7128494708736738,0.7128494708736738,0.0,2.0,2.0,910.0,901.0,0.0,0.27111247181892395,0.614112377166748,0.8359552621841431,2.1583430767059326,8.0
dynamic,5,1,92,0.748221131960551,0.7122314588228862,0.03598967934648196,0.7113154381513596,0.7113154381513596,0.0,2.0,2.0,920.0,901.0,0.0,0.27111247181892395,0.614112377166748,0.8359552621841431,2.1583430767059326,8.0
dynamic,5,1,93,0.7627199872334798,0.7269965012868246,0.035723479638497035,0.7099406011899312,0.7099406011899312,0.0,2.0,2.0,930.0,901.0,0.0,0.27111247181892395,0.614112377166748,0.8359552621841431,2.1583430767059326,8.0
dynamic,5,1,94,0.755395888487498,0.7253516904513041,0.030044207473595937,0.7087202898661296,0.7087202898661296,0.0,2.0,2.0,940.0,901.0,0.0,0.27111247181892395,0.614112377166748,0.8359552621841431,2.1583430767059326,8.0
dynamic,5,1,95,0.7518661570549011,0.7243444895744324,0.02752166862289111,0.707591562618812,0.707591562618812,0.0,2.0,2.0,950.0,901.0,0.0,0.27111247181892395,0.614112377166748,0.8359552621841431,2.1583430767059326,8.0
dynamic,5,1,96,0.7498481766382853,0.7239112265904745,0.02593695337573687,0.7065501371522744,0.7065501371522744,0.0,2.0,2.0,960.0,901.0,0.0,0.27111247181892395,0.614112377166748,0.8359552621841431,2.1583430767059326,8.0
dynamic,5,1,97,0.7539764300982157,0.7299312655131022,0.02404515914618969,0.7057109375298023,0.7057109375298023,0.0,2.0,2.0,970.0,901.0,0.0,0.27111247181892395,0.614112377166748,0.8359552621841431,2.1583430767059326,8.0
dynamic,5,1,98,0.745261816183726,0.7206373476982116,0.02462447387476762,0.7048593874275685,0.7048593874275685,0.0,2.0,2.0,980.0,901.0,0.0,0.27111247181892395,0.614112377166748,0.8359552621841431,2.1583430767059326,8.0
dynamic,5,1,99,0.7423999794324239,0.7121814147631327,0.030218551953633627,0.7118583103020986,0.7118583103020986,0.0,2.0,2.0,990.0,901.0,0.0,0.27111247181892395,0.614112377166748,0.8359552621841431,2.1583430767059326,8.0
dynamic,5,1,100,0.7469192679723103,0.7117176866531372,0.03520157322287559,0.7029797564446926,0.7029797564446926,0.0,2.0,2.0,1000.0,901.0,0.0,0.27111247181892395,0.614112377166748,0.8359552621841431,2.1583430767059326,8.0
dynamic,5,1,101,0.7560927613576254,0.7187387561798095,0.0373540032406648,0.7020655856033167,0.7020655856033167,0.0,2.0,2.0,1010.0,1001.0,1.0,0.32984453439712524,0.8046236634254456,1.0630733966827393,1.661294937133789,15.0
dynamic,5,1,102,0.7432743517557779,0.7100425132115682,0.03323183896640936,0.7011781059702238,0.7011781059702238,0.0,2.0,2.0,1020.0,1001.0,1.0,0.32984453439712524,0.8046236634254456,1.0630733966827393,1.661294937133789,15.0
dynamic,5,1,103,0.7467980074882508,0.7174932980537414,0.02930470590790113,0.7003909440835318,0.7003909440835318,0.0,2.0,2.0,1030.0,1001.0,1.0,0.32984453439712524,0.8046236634254456,1.0630733966827393,1.661294937133789,15.0
dynamic,5,1,104,0.7286242850621542,0.700078227519989,0.02854605918129285,0.6996463265518348,0.6996463265518348,0.0,2.0,2.0,1040.0,1001.0,1.0,0.32984453439712524,0.8046236634254456,1.0630733966827393,1.661294937133789,15.0
dynamic,5,1,105,0.7264143387476604,0.6994471208254496,0.026967219163974127,0.6989532228807608,0.6989532228807608,0.0,2.0,2.0,1050.0,1001.0,1.0,0.32984453439712524,0.8046236634254456,1.0630733966827393,1.661294937133789,15.0
dynamic,5,1,106,0.7259303569793701,0.6986452579498291,0.02728510652979215,0.6983591751754283,0.6983591751754283,0.0,2.0,2.0,1060.0,1001.0,1.0,0.32984453439712524,0.8046236634254456,1.0630733966827393,1.661294937133789,15.0
dynamic,5,1,107,0.7344004392623902,0.7066219393412272,0.0277784929672877,0.6978019156555335,0.6978019156555335,0.0,2.0,2.0,1070.0,1001.0,1.0,0.32984453439712524,0.8046236634254456,1.0630733966827393,1.661294937133789,15.0
dynamic,5,1,108,0.7270317276318868,0.6975636871655783,0.029468038578828175,0.6972069630523523,0.6972069630523523,0.0,2.0,2.0,1080.0,1001.0,1.0,0.32984453439712524,0.8046236634254456,1.0630733966827393,1.661294937133789,15.0
dynamic,5,1,109,0.7372063620885213,0.7055412379900614,0.0316651326417923,0.6965994983414809,0.6965994983414809,0.0,2.0,2.0,1090.0,1001.0,1.0,0.32984453439712524,0.8046236634254456,1.0630733966827393,1.661294937133789,15.0
dynamic,5,1,110,0.743854152361552,0.7132649803161621,0.030589174727598825,0.696011560857296,0.696011560857296,0.0,2.0,2.0,1100.0,1001.0,1.0,0.32984453439712524,0.8046236634254456,1.0630733966827393,1.661294937133789,15.0
dynamic,5,1,111,0.7225981227556865,0.6958039402961731,0.02679419462879499,0.6954344068964322,0.6954344068964322,0.0,2.0,2.0,1110.0,1101.0,0.0,0.2203088104724884,0.5281322598457336,0.64510178565979,1.8236274719238281,2.0
dynamic,5,1,112,0.7203468736012777,0.6951444252332052,0.025202449982364972,0.6949190755188465,0.6949190755188465,0.0,2.0,2.0,1120.0,1101.0,0.0,0.2203088104724884,0.5281322598457336,0.64510178565979,1.8236274719238281,2.0
dynamic,5,1,113,0.7201010791460672,0.6947410543759663,0.025360017369190854,0.6944316673775514,0.6944316673775514,0.0,2.0,2.0,1130.0,1101.0,0.0,0.2203088104724884,0.5281322598457336,0.64510178565979,1.8236274719238281,2.0
dynamic,5,1,114,0.7192858894666035,0.6942984294891358,0.02498746300737063,0.6940052663286527,0.6940052663286527,0.0,2.0,2.0,1140.0,1101.0,0.0,0.2203088104724884,0.5281322598457336,0.64510178565979,1.8236274719238281,2.0
dynamic,5,1,115,0.7192537554105123,0.6939524833361308,0.02530126805106799,0.6936433970431487,0.6936433970431487,0.0,2.0,2.0,1150.0,1101.0,0.0,0.2203088104724884,0.5281322598457336,0.64510178565979,1.8236274719238281,2.0
dynamic,5,1,116,0.7194981145858764,0.6936108803749085,0.025887230237325032,0.693298462977012,0.693298462977012,0.0,2.0,2.0,1160.0,1101.0,0.0,0.2203088104724884,0.5281322598457336,0.64510178565979,1.8236274719238281,2.0
dynamic,5,1,117,0.7195249994595846,0.6931499616305034,0.026375035842259725,0.6928864067296187,0.6928864067296187,0.0,2.0,2.0,1170.0,1101.0,0.0,0.2203088104724884,0.5281322598457336,0.64510178565979,1.8236274719238281,2.0
dynamic,5,1,118,0.7548176058133443,0.7254376204808554,0.02937999668220679,0.6925181351105372,0.6925181351105372,0.0,2.0,2.0,1180.0,1101.0,0.0,0.2203088104724884,0.5281322598457336,0.64510178565979,1.8236274719238281,2.0
dynamic,5,1,119,0.730513756275177,0.7007519245147705,0.029761826321482658,0.692116906195879,0.692116906195879,0.0,2.0,2.0,1190.0,1101.0,0.0,0.2203088104724884,0.5281322598457336,0.64510178565979,1.8236274719238281,2.0
dynamic,5,1,120,0.7192402370770772,0.6918886685371399,0.027351571545004845,0.6917521100739638,0.6917521100739638,0.0,2.0,2.0,1200.0,1101.0,0.0,0.2203088104724884,0.5281322598457336,0.64510178565979,1.8236274719238281,2.0
dynamic,5,1,121,0.7160221123695374,0.6916295679410299,0.02439254547158877,0.6914331584920486,0.6914331584920486,0.0,2.0,2.0,1210.0,1201.0,0.0,0.21573181450366974,0.5280224680900574,0.6548258662223816,1.7051944732666016,4.0
dynamic,5,1,122,0.715409878094991,0.6912270561854045,0.024182829161485037,0.6911311285446088,0.6911311285446088,0.0,2.0,2.0,1220.0,1201.0,0.0,0.21573181450366974,0.5280224680900574,0.6548258662223816,1.7051944732666016,4.0
dynamic,5,1,123,0.7170549535751343,0.6911725934346516,0.025882354031006496,0.69083712177972,0.69083712177972,0.0,2.0,2.0,1230.0,1201.0,0.0,0.21573181450366974,0.5280224680900574,0.6548258662223816,1.7051944732666016,4.0
dynamic,5,1,124,0.7251326711972554,0.6987329920132955,0.026399680028359095,0.6905663655946652,0.6905663655946652,0.0,2.0,2.0,1240.0,1201.0,0.0,0.21573181450366974,0.5280224680900574,0.6548258662223816,1.7051944732666016,4.0
dynamic,5,1,125,0.7173511433601379,0.6904605102539062,0.026890641301870345,0.6903333208709955,0.6903333208709955,0.0,2.0,2.0,1250.0,1201.0,0.0,0.21573181450366974,0.5280224680900574,0.6548258662223816,1.7051944732666016,4.0
dynamic,5,1,126,0.7180071457227071,0.6904108635584514,0.027596282189091048,0.6900749103973309,0.6900749103973309,0.0,2.0,2.0,1260.0,1201.0,0.0,0.21573181450366974,0.5280224680900574,0.6548258662223816,1.7051944732666016,4.0
dynamic,5,1,127,0.728198352654775,0.6984120551745097,0.029786300659179688,0.6898105405271053,0.6898105405271053,0.0,2.0,2.0,1270.0,1201.0,0.0,0.21573181450366974,0.5280224680900574,0.6548258662223816,1.7051944732666016,4.0
dynamic,5,1,128,0.7370734079678853,0.7058843366305033,0.031189071933428448,0.6895645263294379,0.6895645263294379,0.0,2.0,2.0,1280.0,1201.0,0.0,0.21573181450366974,0.5280224680900574,0.6548258662223816,1.7051944732666016,4.0
dynamic,5,1,129,0.7476103401184082,0.7147037768363953,0.032906567975878716,0.6893618502964576,0.6893618502964576,0.0,2.0,2.0,1290.0,1201.0,0.0,0.21573181450366974,0.5280224680900574,0.6548258662223816,1.7051944732666016,4.0
dynamic,5,1,130,0.7177634382247925,0.6891558337211608,0.028607600753506025,0.6891100263098876,0.6891100263098876,0.0,2.0,2.0,1300.0,1201.0,0.0,0.21573181450366974,0.5280224680900574,0.6548258662223816,1.7051944732666016,4.0
dynamic,5,1,131,0.7228644816080729,0.6968597841262817,0.026004698773225147,0.6889033486197392,0.6889033486197392,0.0,2.0,2.0,1310.0,1301.0,0.0,0.2111133635044098,0.5378698110580444,0.7078317999839783,1.7033591270446777,3.0
dynamic,5,1,132,0.7138305934270223,0.6888423371315002,0.024988250235716502,0.6886965465545655,0.6886965465545655,0.0,2.0,2.0,1320.0,1301.0,0.0,0.2111133635044098,0.5378698110580444,0.7078317999839783,1.7033591270446777,3.0
dynamic,5,1,133,0.7148770538965861,0.6888131070137024,0.02606394092241923,0.6884968344618877,0.6884968344618877,0.0,2.0,2.0,1330.0,1301.0,0.0,0.2111133635044098,0.5378698110580444,0.7078317999839783,1.7033591270446777,3.0
dynamic,5,1,134,0.7150695745150248,0.688415998617808,0.026653578504920006,0.6883186217149099,0.6883186217149099,0.0,2.0,2.0,1340.0,1301.0,0.0,0.2111133635044098,0.5378698110580444,0.7078317999839783,1.7033591270446777,3.0
dynamic,5,1,135,0.7237201468149821,0.6969243423144023,0.02679580306013425,0.6881751520683368,0.6881751520683368,0.0,2.0,2.0,1350.0,1301.0,0.0,0.2111133635044098,0.5378698110580444,0.7078317999839783,1.7033591270446777,3.0
dynamic,5,1,136,0.7141491611798604,0.6881135360399881,0.026035617912809055,0.688014498402675,0.688014498402675,0.0,2.0,2.0,1360.0,1301.0,0.0,0.2111133635044098,0.5378698110580444,0.7078317999839783,1.7033591270446777,3.0
dynamic,5,1,137,0.7147663831710815,0.6878572003046671,0.026909183263778686,0.6878458811342716,0.6878458811342716,0.0,2.0,2.0,1370.0,1301.0,0.0,0.2111133635044098,0.5378698110580444,0.7078317999839783,1.7033591270446777,3.0
dynamic,5,1,138,0.7161488032341004,0.6876072422663371,0.028541563972830773,0.6876743083198865,0.6876743083198865,0.0,2.0,2.0,1380.0,1301.0,0.0,0.2111133635044098,0.5378698110580444,0.7078317999839783,1.7033591270446777,3.0
dynamic,5,1,139,0.7160714062054953,0.6876423613230387,0.028429047192136448,0.6875109899540742,0.6875109899540742,0.0,2.0,2.0,1390.0,1301.0,0.0,0.2111133635044098,0.5378698110580444,0.7078317999839783,1.7033591270446777,3.0
dynamic,5,1,140,0.7177815842628479,0.6903133050600687,0.02746827984849612,0.6873727797468503,0.6873727797468503,0.0,2.0,2.0,1400.0,1301.0,0.0,0.2111133635044098,0.5378698110580444,0.7078317999839783,1.7033591270446777,3.0
dynamic,5,1,141,0.7223377879460653,0.6960159587860107,0.02632182280222575,0.687254915907979,0.687254915907979,0.0,2.0,2.0,1410.0,1401.0,0.0,0.21864892542362213,0.5129506587982178,0.7196251153945923,1.1927129030227661,4.0
dynamic,5,1,142,0.7160874287287394,0.6904065362612406,0.02568089226881663,0.6871274936199189,0.6871274936199189,0.0,2.0,2.0,1420.0,1401.0,0.0,0.21864892542362213,0.5129506587982178,0.7196251153945923,1.1927129030227661,4.0
dynamic,5,1,143,0.7307033157348632,0.7045457824071248,0.026157535910606385,0.6870411556959152,0.6870411556959152,0.0,2.0,2.0,1430.0,1401.0,0.0,0.21864892542362213,0.5129506587982178,0.7196251153945923,1.1927129030227661,4.0
dynamic,5,1,144,0.7115282106399536,0.687044480641683,0.024483735760053,0.686990142116944,0.686990142116944,0.0,2.0,2.0,1440.0,1401.0,0.0,0.21864892542362213,0.5129506587982178,0.7196251153945923,1.1927129030227661,4.0
dynamic,5,1,145,0.7211049842834473,0.6958461117744446,0.025258865604798,0.6868847577273846,0.6868847577273846,0.0,2.0,2.0,1450.0,1401.0,0.0,0.21864892542362213,0.5129506587982178,0.7196251153945923,1.1927129030227661,4.0
dynamic,5,1,146,0.7121212470531464,0.6868612078825632,0.025260033061107,0.6867133354892333,0.6867133354892333,0.0,2.0,2.0,1460.0,1401.0,0.0,0.21864892542362213,0.5129506587982178,0.7196251153945923,1.1927129030227661,4.0
dynamic,5,1,147,0.7133335932095846,0.6864370258649191,0.026896563768386842,0.6865716800342003,0.6865716800342003,0.0,2.0,2.0,1470.0,1401.0,0.0,0.21864892542362213,0.5129506587982178,0.7196251153945923,1.1927129030227661,4.0
dynamic,5,1,148,0.7146540315945943,0.6865368135770162,0.02811720977226893,0.686459064061443,0.686459064061443,0.0,2.0,2.0,1480.0,1401.0,0.0,0.21864892542362213,0.5129506587982178,0.7196251153945923,1.1927129030227661,4.0
dynamic,5,1,149,0.7305794604619344,0.7039182837804159,0.026661171341935793,0.6863676318526268,0.6863676318526268,0.0,2.0,2.0,1490.0,1401.0,0.0,0.21864892542362213,0.5129506587982178,0.7196251153945923,1.1927129030227661,4.0
dynamic,5,1,150,0.7128904724121093,0.6862831004460652,0.02660737179219723,0.6862758219987154,0.6862758219987154,0.0,2.0,2.0,1500.0,1401.0,0.0,0.21864892542362213,0.5129506587982178,0.7196251153945923,1.1927129030227661,4.0
dynamic,5,1,151,0.7136504149436951,0.686225729783376,0.02742468111217022,0.6861918985595306,0.6861918985595306,0.0,2.0,2.0,1510.0,1501.0,0.0,0.1847866326570511,0.44334840774536133,0.5618951320648193,1.0243741273880005,2.0
dynamic,5,1,152,0.7147122732798259,0.6890288209915161,0.025683455194036166,0.6861212851852179,0.6861212851852179,0.0,2.0,2.0,1520.0,1501.0,0.0,0.1847866326570511,0.44334840774536133,0.5618951320648193,1.0243741273880005,2.0
dynamic,5,1,153,0.7116943820317586,0.6861202462514242,0.025574136624733606,0.6860399233053128,0.6860399233053128,0.0,2.0,2.0,1530.0,1501.0,0.0,0.1847866326570511,0.44334840774536133,0.5618951320648193,1.0243741273880005,2.0
dynamic,5,1,154,0.7125995294253031,0.6860068925221761,0.02659264549612999,0.6859483614563942,0.6859483614563942,0.0,2.0,2.0,1540.0,1501.0,0.0,0.1847866326570511,0.44334840774536133,0.5618951320648193,1.0243741273880005,2.0
dynamic,5,1,155,0.7141546734174092,0.6856983407338461,0.028456334968407947,0.6858872134983539,0.6858872134983539,0.0,2.0,2.0,1550.0,1501.0,0.0,0.1847866326570511,0.44334840774536133,0.5618951320648193,1.0243741273880005,2.0
dynamic,5,1,156,0.7153187775611878,0.6859007732073465,0.029418000678221385,0.6858105978866418,0.6858105978866418,0.0,2.0,2.0,1560.0,1501.0,0.0,0.1847866326570511,0.44334840774536133,0.5618951320648193,1.0243741273880005,2.0
dynamic,5,1,157,0.7150635099411011,0.6856822514533997,0.029381259307265283,0.6857423796753088,0.6857423796753088,0.0,2.0,2.0,1570.0,1501.0,0.0,0.1847866326570511,0.44334840774536133,0.5618951320648193,1.0243741273880005,2.0
dynamic,5,1,158,0.724220674832662,0.6944422316551209,0.029778448243935902,0.6856951210647821,0.6856951210647821,0.0,2.0,2.0,1580.0,1501.0,0.0,0.1847866326570511,0.44334840774536133,0.5618951320648193,1.0243741273880005,2.0
dynamic,5,1,159,0.7144989196459453,0.685463612874349,0.029035298724969228,0.6856309264153242,0.6856309264153242,0.0,2.0,2.0,1590.0,1501.0,0.0,0.1847866326570511,0.44334840774536133,0.5618951320648193,1.0243741273880005,2.0
dynamic,5,1,160,0.7490386994679769,0.7204666916529338,0.028572008659442264,0.6855996068567037,0.6855996068567037,0.0,2.0,2.0,1600.0,1501.0,0.0,0.1847866326570511,0.44334840774536133,0.5618951320648193,1.0243741273880005,2.0
dynamic,5,1,161,0.712510457833608,0.6856099796295166,0.02690047264099121,0.6855580784877141,0.6855580784877141,0.0,2.0,2.0,1610.0,1601.0,0.0,0.21346375346183777,0.5566937923431396,0.6983067393302917,1.2883186340332031,4.0
dynamic,5,1,162,0.7234699567159016,0.6941943216323853,0.029275636772314706,0.6855009758472442,0.6855009758472442,0.0,2.0,2.0,1620.0,1601.0,0.0,0.21346375346183777,0.5566937923431396,0.6983067393302917,1.2883186340332031,4.0
dynamic,5,1,163,0.7273228987058004,0.6969835956891378,0.030339305053154627,0.6854458602766196,0.6854458602766196,0.0,2.0,2.0,1630.0,1601.0,0.0,0.21346375346183777,0.5566937923431396,0.6983067393302917,1.2883186340332031,4.0
dynamic,5,1,164,0.7240491755803427,0.694043341477712,0.03000582754611969,0.6853898791968822,0.6853898791968822,0.0,2.0,2.0,1640.0,1601.0,0.0,0.21346375346183777,0.5566937923431396,0.6983067393302917,1.2883186340332031,4.0
dynamic,5,1,165,0.7333245309193929,0.70276535987854,0.03055916373928388,0.6853373695661624,0.6853373695661624,0.0,2.0,2.0,1650.0,1601.0,0.0,0.21346375346183777,0.5566937923431396,0.6983067393302917,1.2883186340332031,4.0
dynamic,5,1,166,0.71369766553243,0.6853528332710266,0.02834482970337073,0.6853054884821177,0.6853054884821177,0.0,2.0,2.0,1660.0,1601.0,0.0,0.21346375346183777,0.5566937923431396,0.6983067393302917,1.2883186340332031,4.0
dynamic,5,1,167,0.7137895798683167,0.6852825220425923,0.02850706284244855,0.685257354999582,0.685257354999582,0.0,2.0,2.0,1670.0,1601.0,0.0,0.21346375346183777,0.5566937923431396,0.6983067393302917,1.2883186340332031,4.0
dynamic,5,1,168,0.7175044322013855,0.6880083624521891,0.029496067787210145,0.6852111434688171,0.6852111434688171,0.0,2.0,2.0,1680.0,1601.0,0.0,0.21346375346183777,0.5566937923431396,0.6983067393302917,1.2883186340332031,4.0
dynamic,5,1,169,0.7259611535072327,0.6938928278287252,0.032068329503138863,0.6851633359491826,0.6851633359491826,0.0,2.0,2.0,1690.0,1601.0,0.0,0.21346375346183777,0.5566937923431396,0.6983067393302917,1.2883186340332031,4.0
dynamic,5,1,170,0.7254689327875773,0.6938966608047485,0.0315722694247961,0.6851159529139598,0.6851159529139598,0.0,2.0,2.0,1700.0,1601.0,0.0,0.21346375346183777,0.5566937923431396,0.6983067393302917,1.2883186340332031,4.0
dynamic,5,1,171,0.7141440629959106,0.6851054612795512,0.029038603901863098,0.6850842092434565,0.6850842092434565,0.0,2.0,2.0,1710.0,1701.0,0.0,0.2481711357831955,0.6502328515052795,0.8674138188362122,1.7304656505584717,6.0
dynamic,5,1,172,0.7137833881378174,0.6850049018859863,0.028778492733836175,0.6850414613634348,0.6850414613634348,0.0,2.0,2.0,1720.0,1701.0,0.0,0.2481711357831955,0.6502328515052795,0.8674138188362122,1.7304656505584717,6.0
dynamic,5,1,173,0.7225743889808655,0.6934420863787333,0.029132302502791085,0.6850117827951908,0.6850117827951908,0.0,2.0,2.0,1730.0,1701.0,0.0,0.2481711357831955,0.6502328515052795,0.8674138188362122,1.7304656505584717,6.0
dynamic,5,1,174,0.7412027001380921,0.7111541231473287,0.0300485726694266,0.6850337331245343,0.6850337331245343,0.0,2.0,2.0,1740.0,1701.0,0.0,0.2481711357831955,0.6502328515052795,0.8674138188362122,1.7304656505584717,6.0
dynamic,5,1,175,0.728668343226115,0.6963323370615642,0.032335998813311256,0.6850348461419344,0.6850348461419344,0.0,2.0,2.0,1750.0,1701.0,0.0,0.2481711357831955,0.6502328515052795,0.8674138188362122,1.7304656505584717,6.0
dynamic,5,1,176,0.7169409974416097,0.684731145699819,0.032209843844175336,0.6849712095161279,0.6849712095161279,0.0,2.0,2.0,1760.0,1701.0,0.0,0.2481711357831955,0.6502328515052795,0.8674138188362122,1.7304656505584717,6.0
dynamic,5,1,177,0.725850678284963,0.693871037165324,0.03197963267564773,0.6848996715992689,0.6848996715992689,0.0,2.0,2.0,1770.0,1701.0,0.0,0.2481711357831955,0.6502328515052795,0.8674138188362122,1.7304656505584717,6.0
dynamic,5,1,178,0.7267496585845947,0.693526021639506,0.03322363540530205,0.6848513616869847,0.6848513616869847,0.0,2.0,2.0,1780.0,1701.0,0.0,0.2481711357831955,0.6502328515052795,0.8674138188362122,1.7304656505584717,6.0
dynamic,5,1,179,0.7157310223579407,0.6846166880925496,0.031114333073298136,0.6848337406665087,0.6848337406665087,0.0,2.0,2.0,1790.0,1701.0,0.0,0.2481711357831955,0.6502328515052795,0.8674138188362122,1.7304656505584717,6.0
dynamic,5,1,180,0.7169171659151713,0.6879082695643107,0.029008902062972387,0.6847993242492278,0.6847993242492278,0.0,2.0,2.0,1800.0,1701.0,0.0,0.2481711357831955,0.6502328515052795,0.8674138188362122,1.7304656505584717,6.0
dynamic,5,1,181,0.7224521374702454,0.6934343330065409,0.029017797435323397,0.6847925506035487,0.6847925506035487,0.0,2.0,2.0,1810.0,1801.0,0.0,0.2526644766330719,0.6549204587936401,0.8988257050514221,1.1881637573242188,9.0
dynamic,5,1,182,0.7191751495997111,0.6877087346712748,0.03146642029285431,0.6847875693937143,0.6847875693937143,0.0,2.0,2.0,1820.0,1801.0,0.0,0.2526644766330719,0.6549204587936401,0.8988257050514221,1.1881637573242188,9.0
dynamic,5,1,183,0.7308929928143819,0.6986084167162577,0.032284579177697496,0.6847859208534162,0.6847859208534162,0.0,2.0,2.0,1830.0,1801.0,0.0,0.2526644766330719,0.6549204587936401,0.8988257050514221,1.1881637573242188,9.0
dynamic,5,1,184,0.7164208388328552,0.6846916890144348,0.031729154984156294,0.6847295170029004,0.6847295170029004,0.0,2.0,2.0,1840.0,1801.0,0.0,0.2526644766330719,0.6549204587936401,0.8988257050514221,1.1881637573242188,9.0
dynamic,5,1,185,0.7173620104789734,0.6843721787134807,0.0329898265004158,0.6846852906296651,0.6846852906296651,0.0,2.0,2.0,1850.0,1801.0,0.0,0.2526644766330719,0.6549204587936401,0.8988257050514221,1.1881637573242188,9.0
dynamic,5,1,186,0.7333221340179443,0.6992665648460388,0.03405556286374728,0.6846812474975983,0.6846812474975983,0.0,2.0,2.0,1860.0,1801.0,0.0,0.2526644766330719,0.6549204587936401,0.8988257050514221,1.1881637573242188,9.0
dynamic,5,1,187,0.7201303005218506,0.6872847525278727,0.032845543523629506,0.6846637243280808,0.6846637243280808,0.0,2.0,2.0,1870.0,1801.0,0.0,0.2526644766330719,0.6549204587936401,0.8988257050514221,1.1881637573242188,9.0
dynamic,5,1,188,0.7257871182759603,0.6931812620162964,0.0326058621207873,0.6846391684561968,0.6846391684561968,0.0,2.0,2.0,1880.0,1801.0,0.0,0.2526644766330719,0.6549204587936401,0.8988257050514221,1.1881637573242188,9.0
dynamic,5,1,189,0.723235387802124,0.6902887924512228,0.03294659862915675,0.6846224357187748,0.6846224357187748,0.0,2.0,2.0,1890.0,1801.0,0.0,0.2526644766330719,0.6549204587936401,0.8988257050514221,1.1881637573242188,9.0
dynamic,5,1,190,0.7247467835744222,0.6899051594734192,0.03484162380297979,0.6846245351185402,0.6846245351185402,0.0,2.0,2.0,1900.0,1801.0,0.0,0.2526644766330719,0.6549204587936401,0.8988257050514221,1.1881637573242188,9.0
dynamic,5,1,191,0.7250395274162292,0.6902437980969747,0.03479571834206581,0.6876326005160809,0.6876326005160809,0.0,2.0,2.0,1910.0,1901.0,0.0,0.2638639807701111,0.6395868062973022,0.8517343997955322,1.7535911798477173,8.0
dynamic,5,1,192,0.7296087884902954,0.6955889574686687,0.03401982645193736,0.6845976054420074,0.6845976054420074,0.0,2.0,2.0,1920.0,1901.0,0.0,0.2638639807701111,0.6395868062973022,0.8517343997955322,1.7535911798477173,8.0
dynamic,5,1,193,0.7298945641517639,0.6953769071896871,0.03451765025655429,0.684576658954223,0.684576658954223,0.0,2.0,2.0,1930.0,1901.0,0.0,0.2638639807701111,0.6395868062973022,0.8517343997955322,1.7535911798477173,8.0
dynamic,5,1,194,0.7344492808977763,0.7010486936569214,0.033400598963101706,0.6845235087970892,0.6845235087970892,0.0,2.0,2.0,1940.0,1901.0,0.0,0.2638639807701111,0.6395868062973022,0.8517343997955322,1.7535911798477173,8.0
dynamic,5,1,195,0.7292470932006836,0.6961986128489176,0.03304847444097201,0.6845111432174842,0.6845111432174842,0.0,2.0,2.0,1950.0,1901.0,0.0,0.2638639807701111,0.6395868062973022,0.8517343997955322,1.7535911798477173,8.0
dynamic,5,1,196,0.726108725865682,0.6929296366373698,0.03317908535401026,0.6844893578936656,0.6844893578936656,0.0,2.0,2.0,1960.0,1901.0,0.0,0.2638639807701111,0.6395868062973022,0.8517343997955322,1.7535911798477173,8.0
dynamic,5,1,197,0.7324164120356241,0.6982537388801575,0.03416266818841299,0.6875366345296303,0.6875366345296303,0.0,2.0,2.0,1970.0,1901.0,0.0,0.2638639807701111,0.6395868062973022,0.8517343997955322,1.7535911798477173,8.0
dynamic,5,1,198,0.7263815132776896,0.6938725662231445,0.03250894263386726,0.6872614913682142,0.6872614913682142,0.0,2.0,2.0,1980.0,1901.0,0.0,0.2638639807701111,0.6395868062973022,0.8517343997955322,1.7535911798477173,8.0
dynamic,5,1,199,0.7161694876352946,0.6843803842862447,0.031789095004399616,0.68726180250446,0.68726180250446,0.0,2.0,2.0,1990.0,1901.0,0.0,0.2638639807701111,0.6395868062973022,0.8517343997955322,1.7535911798477173,8.0
dynamic,5,1,200,0.7186965163548787,0.6874035549163818,0.03129294646282991,0.6875103540966908,0.6875103540966908,0.0,2.0,2.0,2000.0,1901.0,0.0,0.2638639807701111,0.6395868062973022,0.8517343997955322,1.7535911798477173,8.0
dynamic,5,1,201,0.7285149248441061,0.6963327304522197,0.032182187139987946,0.6874931082377831,0.6874931082377831,0.0,2.0,2.0,2010.0,2001.0,0.0,0.28446316719055176,0.6955938935279846,0.8910171985626221,2.132776975631714,9.0
dynamic,5,1,202,0.7247673376401266,0.6902530129750569,0.03451432903607687,0.6871917242805163,0.6871917242805163,0.0,2.0,2.0,2020.0,2001.0,0.0,0.28446316719055176,0.6955938935279846,0.8910171985626221,2.132776975631714,9.0
dynamic,5,1,203,0.7257462128003438,0.6930022350947063,0.032743986894687015,0.6874780361354351,0.6874780361354351,0.0,2.0,2.0,2030.0,2001.0,0.0,0.28446316719055176,0.6955938935279846,0.8910171985626221,2.132776975631714,9.0
dynamic,5,1,204,0.7196831202507019,0.6874710075060526,0.032212110285957656,0.6871723265449206,0.6871723265449206,0.0,2.0,2.0,2040.0,2001.0,0.0,0.28446316719055176,0.6955938935279846,0.8910171985626221,2.132776975631714,9.0
dynamic,5,1,205,0.7234201455116271,0.6897299289703369,0.03369021991888682,0.6871616451442242,0.6871616451442242,0.0,2.0,2.0,2050.0,2001.0,0.0,0.28446316719055176,0.6955938935279846,0.8910171985626221,2.132776975631714,9.0
dynamic,5,1,206,0.7254223918914795,0.6928189142545065,0.03260347823301951,0.687149746293823,0.687149746293823,0.0,2.0,2.0,2060.0,2001.0,0.0,0.28446316719055176,0.6955938935279846,0.8910171985626221,2.132776975631714,9.0
dynamic,5,1,207,0.7244548495610555,0.6899223359425862,0.03453251411517461,0.6871418584634861,0.6871418584634861,0.0,2.0,2.0,2070.0,2001.0,0.0,0.28446316719055176,0.6955938935279846,0.8910171985626221,2.132776975631714,9.0
dynamic,5,1,208,0.7323037791252136,0.6986999392509461,0.033603843202193576,0.6871448146303495,0.6871448146303495,0.0,2.0,2.0,2080.0,2001.0,0.0,0.28446316719055176,0.6955938935279846,0.8910171985626221,2.132776975631714,9.0
dynamic,5,1,209,0.7154797172546387,0.6843301852544149,0.03114953915278117,0.687131797298789,0.687131797298789,0.0,2.0,2.0,2090.0,2001.0,0.0,0.28446316719055176,0.6955938935279846,0.8910171985626221,2.132776975631714,9.0
dynamic,5,1,210,0.7176145362854004,0.6842784055074056,0.03333613445361455,0.6871106792241335,0.6871106792241335,0.0,2.0,2.0,2100.0,2001.0,0.0,0.28446316719055176,0.6955938935279846,0.8910171985626221,2.132776975631714,9.0
dynamic,5,1,211,0.738510860602061,0.701917933622996,0.0365929226577282,0.6871152998755375,0.6871152998755375,0.0,2.0,2.0,2110.0,2101.0,0.0,0.2796925902366638,0.6400015354156494,0.8666583895683289,2.7441000938415527,9.0
dynamic,5,1,212,0.7184388740857443,0.6842540033658345,0.03418486247460047,0.6870980680485567,0.6870980680485567,0.0,2.0,2.0,2120.0,2101.0,0.0,0.2796925902366638,0.6400015354156494,0.8666583895683289,2.7441000938415527,9.0
dynamic,5,1,213,0.7227786533037821,0.689861376285553,0.03291728387276332,0.6870879629502694,0.6870879629502694,0.0,2.0,2.0,2130.0,2101.0,0.0,0.2796925902366638,0.6400015354156494,0.8666583895683289,2.7441000938415527,9.0
dynamic,5,1,214,0.7343511382738749,0.7012689860661825,0.033082141677538555,0.687090296993653,0.687090296993653,0.0,2.0,2.0,2140.0,2101.0,0.0,0.2796925902366638,0.6400015354156494,0.8666583895683289,2.7441000938415527,9.0
dynamic,5,1,215,0.724707944393158,0.6922197723388672,0.03248816912372907,0.6871028901139895,0.6871028901139895,0.0,2.0,2.0,2150.0,2101.0,0.0,0.2796925902366638,0.6400015354156494,0.8666583895683289,2.7441000938415527,9.0
dynamic,5,1,216,0.71975044409434,0.6898429067929586,0.029907545149326323,0.6871018141259749,0.6871018141259749,0.0,2.0,2.0,2160.0,2101.0,0.0,0.2796925902366638,0.6400015354156494,0.8666583895683289,2.7441000938415527,9.0
dynamic,5,1,217,0.7223788730303446,0.6902281840642294,0.03215068444609642,0.6870961541185776,0.6870961541185776,0.0,2.0,2.0,2170.0,2101.0,0.0,0.2796925902366638,0.6400015354156494,0.8666583895683289,2.7441000938415527,9.0
dynamic,5,1,218,0.739220544497172,0.7048204819361369,0.03440007229646047,0.6870887391020855,0.6870887391020855,0.0,2.0,2.0,2180.0,2101.0,0.0,0.2796925902366638,0.6400015354156494,0.8666583895683289,2.7441000938415527,9.0
dynamic,5,1,219,0.7368649125099183,0.7012089427312215,0.03565597000221411,0.6871093735098839,0.6871093735098839,0.0,2.0,2.0,2190.0,2101.0,0.0,0.2796925902366638,0.6400015354156494,0.8666583895683289,2.7441000938415527,9.0
dynamic,5,1,220,0.7220445108413697,0.6893668723106384,0.032677647372086845,0.6871290695418915,0.6871290695418915,0.0,2.0,2.0,2200.0,2101.0,0.0,0.2796925902366638,0.6400015354156494,0.8666583895683289,2.7441000938415527,9.0
dynamic,5,1,221,0.7163929096857706,0.6841099246342977,0.03228298485279083,0.6870991910000642,0.6870991910000642,0.0,2.0,2.0,2210.0,2201.0,0.0,0.2376212328672409,0.6534677147865295,0.8095258474349976,1.3907666206359863,5.0
dynamic,5,1,222,0.7257419260342916,0.6921828508377075,0.03355907162030538,0.6897827018052339,0.6897827018052339,0.0,2.0,2.0,2220.0,2201.0,0.0,0.2376212328672409,0.6534677147865295,0.8095258474349976,1.3907666206359863,5.0
dynamic,5,1,223,0.7237860401471455,0.689430615901947,0.03435541868209839,0.6897764324396849,0.6897764324396849,0.0,2.0,2.0,2230.0,2201.0,0.0,0.2376212328672409,0.6534677147865295,0.8095258474349976,1.3907666206359863,5.0
dynamic,5,1,224,0.7204044500986735,0.6867176508903503,0.033686797320842746,0.6897795148938894,0.6897795148938894,0.0,2.0,2.0,2240.0,2201.0,0.0,0.2376212328672409,0.6534677147865295,0.8095258474349976,1.3907666206359863,5.0
dynamic,5,1,225,0.7479684146245321,0.7117389893531799,0.036229422887166345,0.6897900013377269,0.6897900013377269,0.0,2.0,2.0,2250.0,2201.0,0.0,0.2376212328672409,0.6534677147865295,0.8095258474349976,1.3907666206359863,5.0
dynamic,5,1,226,0.7223779280980428,0.6895465215047201,0.032831398049990336,0.687082410727938,0.687082410727938,0.0,2.0,2.0,2260.0,2201.0,0.0,0.2376212328672409,0.6534677147865295,0.8095258474349976,1.3907666206359863,5.0
dynamic,5,1,227,0.7367788068453471,0.7040857942899068,0.032693006321787836,0.6870873373995224,0.6870873373995224,0.0,2.0,2.0,2270.0,2201.0,0.0,0.2376212328672409,0.6534677147865295,0.8095258474349976,1.3907666206359863,5.0
dynamic,5,1,228,0.7289605236053467,0.6953842194875082,0.03357630347212156,0.687050850863258,0.687050850863258,0.0,2.0,2.0,2280.0,2201.0,0.0,0.2376212328672409,0.6534677147865295,0.8095258474349976,1.3907666206359863,5.0
dynamic,5,1,229,0.7206523243586223,0.686279411315918,0.03437291274468104,0.6870429505656163,0.6870429505656163,0.0,2.0,2.0,2290.0,2201.0,0.0,0.2376212328672409,0.6534677147865295,0.8095258474349976,1.3907666206359863,5.0
dynamic,5,1,230,0.7425139816602071,0.7073599259058635,0.03515405833721161,0.6924400061617295,0.6924400061617295,0.0,2.0,2.0,2300.0,2201.0,0.0,0.2376212328672409,0.6534677147865295,0.8095258474349976,1.3907666206359863,5.0
dynamic,5,1,231,0.71909943262736,0.6869892048835754,0.03211023022731145,0.6870519030342499,0.6870519030342499,0.0,2.0,2.0,2310.0,2301.0,0.0,0.26595914363861084,0.6638751029968262,0.8216888904571533,2.3781349658966064,6.0
dynamic,5,1,232,0.727066289583842,0.6949308506647746,0.032135430773099265,0.6870288749784231,0.6870288749784231,0.0,2.0,2.0,2320.0,2301.0,0.0,0.26595914363861084,0.6638751029968262,0.8216888904571533,2.3781349658966064,6.0
dynamic,5,1,233,0.737519961198171,0.704444386959076,0.03307557627558708,0.687052822932601,0.687052822932601,0.0,2.0,2.0,2330.0,2301.0,0.0,0.26595914363861084,0.6638751029968262,0.8216888904571533,2.3781349658966064,6.0
dynamic,5,1,234,0.7183139618237814,0.6870634094874064,0.031250547394156454,0.6870571978886922,0.6870571978886922,0.0,2.0,2.0,2340.0,2301.0,0.0,0.26595914363861084,0.6638751029968262,0.8216888904571533,2.3781349658966064,6.0
dynamic,5,1,235,0.7197509733835856,0.6869416840871175,0.0328092885017395,0.6870355798552433,0.6870355798552433,0.0,2.0,2.0,2350.0,2301.0,0.0,0.26595914363861084,0.6638751029968262,0.8216888904571533,2.3781349658966064,6.0
dynamic,5,1,236,0.7288018854459127,0.6924741355578105,0.03632774194081624,0.6897161884357532,0.6897161884357532,0.0,2.0,2.0,2360.0,2301.0,0.0,0.26595914363861084,0.6638751029968262,0.8216888904571533,2.3781349658966064,6.0
dynamic,5,1,237,0.7478240601221721,0.7126672045389811,0.035156848629315694,0.6897195385893186,0.6897195385893186,0.0,2.0,2.0,2370.0,2301.0,0.0,0.26595914363861084,0.6638751029968262,0.8216888904571533,2.3781349658966064,6.0
dynamic,5,1,238,0.7165097077687581,0.6868381071090698,0.02967159909506639,0.6870961557328701,0.6870961557328701,0.0,2.0,2.0,2380.0,2301.0,0.0,0.26595914363861084,0.6638751029968262,0.8216888904571533,2.3781349658966064,6.0
dynamic,5,1,239,0.7152657747268677,0.6843658479054769,0.0308999432126681,0.6870361426472664,0.6870361426472664,0.0,2.0,2.0,2390.0,2301.0,0.0,0.26595914363861084,0.6638751029968262,0.8216888904571533,2.3781349658966064,6.0
dynamic,5,1,240,0.7284214035669963,0.6927402273813883,0.03568118577202161,0.689708224957188,0.689708224957188,0.0,2.0,2.0,2400.0,2301.0,0.0,0.26595914363861084,0.6638751029968262,0.8216888904571533,2.3781349658966064,6.0
dynamic,5,1,241,0.7272386868794759,0.6915970206260681,0.03564165892700354,0.6897046429663897,0.6897046429663897,0.0,2.0,2.0,2410.0,2401.0,1.0,0.28716522455215454,0.8191667199134827,1.0833584070205688,1.92960786819458,17.0
dynamic,5,1,242,0.7322246448198955,0.6986294182141622,0.03359522352615992,0.6896979388097922,0.6896979388097922,0.0,2.0,2.0,2420.0,2401.0,1.0,0.28716522455215454,0.8191667199134827,1.0833584070205688,1.92960786819458,17.0
dynamic,5,1,243,0.72582022190094,0.6927525083223979,0.03306771705547969,0.6870087479551633,0.6870087479551633,0.0,2.0,2.0,2430.0,2401.0,1.0,0.28716522455215454,0.8191667199134827,1.0833584070205688,1.92960786819458,17.0
dynamic,5,1,244,0.7295197105407715,0.6950663352012634,0.03445337434609731,0.6897051947563887,0.6897051947563887,0.0,2.0,2.0,2440.0,2401.0,1.0,0.28716522455215454,0.8191667199134827,1.0833584070205688,1.92960786819458,17.0
dynamic,5,1,245,0.7514380359649658,0.7184731443723043,0.03296489437421163,0.687069974715511,0.687069974715511,0.0,2.0,2.0,2450.0,2401.0,1.0,0.28716522455215454,0.8191667199134827,1.0833584070205688,1.92960786819458,17.0
dynamic,5,1,246,0.7238841120402019,0.6891612299283345,0.03472288429737091,0.6897145984321833,0.6897145984321833,0.0,2.0,2.0,2460.0,2401.0,1.0,0.28716522455215454,0.8191667199134827,1.0833584070205688,1.92960786819458,17.0
dynamic,5,1,247,0.7333532484372457,0.6983602261543274,0.034993024493257203,0.6897233095268408,0.6897233095268408,0.0,2.0,2.0,2470.0,2401.0,1.0,0.28716522455215454,0.8191667199134827,1.0833584070205688,1.92960786819458,17.0
dynamic,5,1,248,0.719652087688446,0.6869552659988404,0.032696811308463414,0.6870167600860199,0.6870167600860199,0.0,2.0,2.0,2480.0,2401.0,1.0,0.28716522455215454,0.8191667199134827,1.0833584070205688,1.92960786819458,17.0
dynamic,5,1,249,0.7224975649515788,0.6900569534301758,0.03244061887264252,0.6870023627579213,0.6870023627579213,0.0,2.0,2.0,2490.0,2401.0,1.0,0.28716522455215454,0.8191667199134827,1.0833584070205688,1.92960786819458,17.0
dynamic,5,1,250,0.7171950260798137,0.6839915561676025,0.03320347748696804,0.6869938733925423,0.6869938733925423,0.0,2.0,2.0,2500.0,2401.0,1.0,0.28716522455215454,0.8191667199134827,1.0833584070205688,1.92960786819458,17.0
dynamic,5,1,251,0.7329330094655355,0.6987675499916076,0.034165464242299395,0.6869972645739715,0.6869972645739715,0.0,2.0,2.0,2510.0,2501.0,0.0,0.2662435472011566,0.6710432767868042,0.8651344776153564,1.977490782737732,10.0
dynamic,5,1,252,0.7292309935887654,0.6958433524767558,0.03338763664166133,0.6870037342856328,0.6870037342856328,0.0,2.0,2.0,2520.0,2501.0,0.0,0.2662435472011566,0.6710432767868042,0.8651344776153564,1.977490782737732,10.0
dynamic,5,1,253,0.7295564119021097,0.6962428935368856,0.033313512255748114,0.6869991679737966,0.6869991679737966,0.0,2.0,2.0,2530.0,2501.0,0.0,0.2662435472011566,0.6710432767868042,0.8651344776153564,1.977490782737732,10.0
dynamic,5,1,254,0.7381055839856465,0.7047831281026204,0.03332246820131938,0.6870281957089901,0.6870281957089901,0.0,2.0,2.0,2540.0,2501.0,0.0,0.2662435472011566,0.6710432767868042,0.8651344776153564,1.977490782737732,10.0
dynamic,5,1,255,0.7355458402633667,0.6981717332204183,0.0373741082350413,0.6870639173438152,0.6870639173438152,0.0,2.0,2.0,2550.0,2501.0,0.0,0.2662435472011566,0.6710432767868042,0.8651344776153564,1.977490782737732,10.0
dynamic,5,1,256,0.7211757890383402,0.6865628719329834,0.034612923289338744,0.6870231960962216,0.6870231960962216,0.0,2.0,2.0,2560.0,2501.0,0.0,0.2662435472011566,0.6710432767868042,0.8651344776153564,1.977490782737732,10.0
dynamic,5,1,257,0.7238492210706075,0.6903703300158183,0.03347890031834443,0.6869769440342982,0.6869769440342982,0.0,2.0,2.0,2570.0,2501.0,0.0,0.2662435472011566,0.6710432767868042,0.8651344776153564,1.977490782737732,10.0
dynamic,5,1,258,0.7187630621592204,0.6873754207293192,0.03138763460020224,0.6869869681199392,0.6869869681199392,0.0,2.0,2.0,2580.0,2501.0,0.0,0.2662435472011566,0.6710432767868042,0.8651344776153564,1.977490782737732,10.0
dynamic,5,1,259,0.723518606821696,0.6899804560343424,0.033538163503011066,0.6869768068442742,0.6869768068442742,0.0,2.0,2.0,2590.0,2501.0,0.0,0.2662435472011566,0.6710432767868042,0.8651344776153564,1.977490782737732,10.0
dynamic,5,1,260,0.7220928684870402,0.6896756339073181,0.032417238255341846,0.6869652974108855,0.6869652974108855,0.0,2.0,2.0,2600.0,2501.0,0.0,0.2662435472011566,0.6710432767868042,0.8651344776153564,1.977490782737732,10.0
dynamic,5,1,261,0.7339846261342367,0.7015418561299642,0.03244276483853658,0.686979640002052,0.686979640002052,0.0,2.0,2.0,2610.0,2601.0,0.0,0.2328500896692276,0.572898268699646,0.8132010698318481,1.8366162776947021,6.0
dynamic,5,1,262,0.7345841328303019,0.6982957228024801,0.036288404365380604,0.6923787368088961,0.6923787368088961,0.0,2.0,2.0,2620.0,2601.0,0.0,0.2328500896692276,0.572898268699646,0.8132010698318481,1.8366162776947021,6.0
dynamic,5,1,263,0.7198635991414388,0.6840076518058776,0.035855935116608936,0.6923549866676331,0.6923549866676331,0.0,2.0,2.0,2630.0,2601.0,0.0,0.2328500896692276,0.572898268699646,0.8132010698318481,1.8366162776947021,6.0
dynamic,5,1,264,0.7166376113891602,0.684072109858195,0.03256551161408425,0.6869715820501248,0.6869715820501248,0.0,2.0,2.0,2640.0,2601.0,0.0,0.2328500896692276,0.572898268699646,0.8132010698318481,1.8366162776947021,6.0
dynamic,5,1,265,0.7174722170829773,0.6836578710873922,0.03381434510151545,0.6869646665453911,0.6869646665453911,0.0,2.0,2.0,2650.0,2601.0,0.0,0.2328500896692276,0.572898268699646,0.8132010698318481,1.8366162776947021,6.0
dynamic,5,1,266,0.7324043210347494,0.6983233070373536,0.034081018020709355,0.6869718465954066,0.6869718465954066,0.0,2.0,2.0,2660.0,2601.0,0.0,0.2328500896692276,0.572898268699646,0.8132010698318481,1.8366162776947021,6.0
dynamic,5,1,267,0.7241367594401041,0.6896915650367736,0.03444518476724625,0.6869709139565626,0.6869709139565626,0.0,2.0,2.0,2670.0,2601.0,0.0,0.2328500896692276,0.572898268699646,0.8132010698318481,1.8366162776947021,6.0
dynamic,5,1,268,0.7304535245895386,0.6953491266568502,0.035104395846525825,0.6869683735569319,0.6869683735569319,0.0,2.0,2.0,2680.0,2601.0,0.0,0.2328500896692276,0.572898268699646,0.8132010698318481,1.8366162776947021,6.0
dynamic,5,1,269,0.7322903847694398,0.698599374294281,0.03369101191560427,0.6869763392458359,0.6869763392458359,0.0,2.0,2.0,2690.0,2601.0,0.0,0.2328500896692276,0.572898268699646,0.8132010698318481,1.8366162776947021,6.0
dynamic,5,1,270,0.7258820605278015,0.6923960240681967,0.033486040433247884,0.6869975078850985,0.6869975078850985,0.0,2.0,2.0,2700.0,2601.0,0.0,0.2328500896692276,0.572898268699646,0.8132010698318481,1.8366162776947021,6.0
dynamic,5,1,271,0.720809440612793,0.6869179805119833,0.0338914589335521,0.6869538585344951,0.6869538585344951,0.0,2.0,2.0,2710.0,2701.0,0.0,0.24622254073619843,0.5970382690429688,0.8402984142303467,1.8308792114257812,11.0
dynamic,5,1,272,0.7400727399190267,0.7038971281051636,0.036175610323747,0.6869632553060849,0.6869632553060849,0.0,2.0,2.0,2720.0,2701.0,0.0,0.24622254073619843,0.5970382690429688,0.8402984142303467,1.8308792114257812,11.0
dynamic,5,1,273,0.7203952264785767,0.6867222539583842,0.03367297167579333,0.6869639211396377,0.6869639211396377,0.0,2.0,2.0,2730.0,2701.0,0.0,0.24622254073619843,0.5970382690429688,0.8402984142303467,1.8308792114257812,11.0
dynamic,5,1,274,0.7243688050905863,0.6890710985660553,0.03529770861069361,0.6869565052787463,0.6869565052787463,0.0,2.0,2.0,2740.0,2701.0,0.0,0.24622254073619843,0.5970382690429688,0.8402984142303467,1.8308792114257812,11.0
dynamic,5,1,275,0.7370227392514547,0.6998845211664836,0.03713820740580559,0.6896511378139257,0.6896511378139257,0.0,2.0,2.0,2750.0,2701.0,0.0,0.24622254073619843,0.5970382690429688,0.8402984142303467,1.8308792114257812,11.0
dynamic,5,1,276,0.7215073792139689,0.6867340087890625,0.03477337658405304,0.6896424357096355,0.6896424357096355,0.0,2.0,2.0,2760.0,2701.0,0.0,0.24622254073619843,0.5970382690429688,0.8402984142303467,1.8308792114257812,11.0
dynamic,5,1,277,0.7194542209307353,0.6873211860656738,0.03213304422795773,0.6869287653764089,0.6869287653764089,0.0,2.0,2.0,2770.0,2701.0,0.0,0.24622254073619843,0.5970382690429688,0.8402984142303467,1.8308792114257812,11.0
dynamic,5,1,278,0.7181978782018026,0.6830998865763346,0.03509799306591352,0.6896334074934324,0.6896334074934324,0.0,2.0,2.0,2780.0,2701.0,0.0,0.24622254073619843,0.5970382690429688,0.8402984142303467,1.8308792114257812,11.0
dynamic,5,1,279,0.7368361393610636,0.701380143960317,0.03545600160956383,0.6896298417945703,0.6896298417945703,0.0,2.0,2.0,2790.0,2701.0,0.0,0.24622254073619843,0.5970382690429688,0.8402984142303467,1.8308792114257812,11.0
dynamic,5,1,280,0.7440742588043213,0.7073727440834046,0.036701507071654,0.6896381451189518,0.6896381451189518,0.0,2.0,2.0,2800.0,2701.0,0.0,0.24622254073619843,0.5970382690429688,0.8402984142303467,1.8308792114257812,11.0
dynamic,5,1,281,0.7435265509287516,0.706444772084554,0.03708177551627159,0.6897224967926741,0.6897224967926741,0.0,2.0,2.0,2810.0,2801.0,0.0,0.24850352108478546,0.6674548983573914,0.864092230796814,1.655178427696228,9.0
dynamic,5,1,282,0.720467079480489,0.6873671865463257,0.03309988458951314,0.6870472949991624,0.6870472949991624,0.0,2.0,2.0,2820.0,2801.0,0.0,0.24850352108478546,0.6674548983573914,0.864092230796814,1.655178427696228,9.0
dynamic,5,1,283,0.7168587676684062,0.6840905547142029,0.03276821278035641,0.6869664762169123,0.6869664762169123,0.0,2.0,2.0,2830.0,2801.0,0.0,0.24850352108478546,0.6674548983573914,0.864092230796814,1.655178427696228,9.0
dynamic,5,1,284,0.7226656444867452,0.6861482294400533,0.03651740993062655,0.6896646601706743,0.6896646601706743,0.0,2.0,2.0,2840.0,2801.0,0.0,0.24850352108478546,0.6674548983573914,0.864092230796814,1.655178427696228,9.0
dynamic,5,1,285,0.7225907095273336,0.685431821346283,0.0371588841577371,0.6896520407746235,0.6896520407746235,0.0,2.0,2.0,2850.0,2801.0,0.0,0.24850352108478546,0.6674548983573914,0.864092230796814,1.655178427696228,9.0
dynamic,5,1,286,0.7398738320668539,0.7033237361907959,0.03655009309450785,0.6896351562688748,0.6896351562688748,0.0,2.0,2.0,2860.0,2801.0,0.0,0.24850352108478546,0.6674548983573914,0.864092230796814,1.655178427696228,9.0
dynamic,5,1,287,0.7474973408381144,0.7147477777798971,0.03274956673383713,0.6896912904332081,0.6896912904332081,0.0,2.0,2.0,2870.0,2801.0,0.0,0.24850352108478546,0.6674548983573914,0.864092230796814,1.655178427696228,9.0
dynamic,5,1,288,0.7281376234690349,0.6925267267227173,0.03561089684565862,0.6896975324551264,0.6896975324551264,0.0,2.0,2.0,2880.0,2801.0,0.0,0.24850352108478546,0.6674548983573914,0.864092230796814,1.655178427696228,9.0
dynamic,5,1,289,0.7230123583475748,0.6883365082740783,0.03467585523923238,0.689671911795934,0.689671911795934,0.0,2.0,2.0,2890.0,2801.0,0.0,0.24850352108478546,0.6674548983573914,0.864092230796814,1.655178427696228,9.0
dynamic,5,1,290,0.7287308486302694,0.6959273751576741,0.032803470517198244,0.6896451251208782,0.6896451251208782,0.0,2.0,2.0,2900.0,2801.0,0.0,0.24850352108478546,0.6674548983573914,0.864092230796814,1.655178427696228,9.0
dynamic,5,1,291,0.7177313955624899,0.684150579770406,0.033580805510282516,0.6896577621996403,0.6896577621996403,0.0,2.0,2.0,2910.0,2901.0,0.0,0.24979402124881744,0.6078910827636719,0.7933286428451538,2.1364023685455322,8.0
dynamic,5,1,292,0.7321790313720703,0.6962578503290812,0.03592118047177792,0.6896533760676782,0.6896533760676782,0.0,2.0,2.0,2920.0,2901.0,0.0,0.24979402124881744,0.6078910827636719,0.7933286428451538,2.1364023685455322,8.0
dynamic,5,1,293,0.7229868642489116,0.6869274195035299,0.03605945274233818,0.6896268967042367,0.6896268967042367,0.0,2.0,2.0,2930.0,2901.0,0.0,0.24979402124881744,0.6078910827636719,0.7933286428451538,2.1364023685455322,8.0
dynamic,5,1,294,0.7293923242886862,0.6946856085459391,0.03470671663681666,0.6896382211148739,0.6896382211148739,0.0,2.0,2.0,2940.0,2901.0,0.0,0.24979402124881744,0.6078910827636719,0.7933286428451538,2.1364023685455322,8.0
dynamic,5,1,295,0.7258920701344808,0.6921550289789835,0.03373704299330711,0.6896429307758808,0.6896429307758808,0.0,2.0,2.0,2950.0,2901.0,0.0,0.24979402124881744,0.6078910827636719,0.7933286428451538,2.1364023685455322,8.0
dynamic,5,1,296,0.724319699605306,0.6890458830197652,0.03527381181716919,0.6923286702732245,0.6923286702732245,0.0,2.0,2.0,2960.0,2901.0,0.0,0.24979402124881744,0.6078910827636719,0.7933286428451538,2.1364023685455322,8.0
dynamic,5,1,297,0.7313520208994547,0.6957652680079143,0.035586747328440346,0.6896283870687088,0.6896283870687088,0.0,2.0,2.0,2970.0,2901.0,0.0,0.24979402124881744,0.6078910827636719,0.7933286428451538,2.1364023685455322,8.0
dynamic,5,1,298,0.7395265062650045,0.7046342047055563,0.03489231174190839,0.6896350127706925,0.6896350127706925,0.0,2.0,2.0,2980.0,2901.0,0.0,0.24979402124881744,0.6078910827636719,0.7933286428451538,2.1364023685455322,8.0
dynamic,5,1,299,0.7285859942436218,0.690799416700999,0.03778657625118891,0.6896562652041515,0.6896562652041515,0.0,2.0,2.0,2990.0,2901.0,0.0,0.24979402124881744,0.6078910827636719,0.7933286428451538,2.1364023685455322,8.0
dynamic,5,1,300,0.742461199760437,0.7029060077667236,0.03955519939462344,0.6923565481354793,0.6923565481354793,0.0,2.0,2.0,3000.0,2901.0,0.0,0.24979402124881744,0.6078910827636719,0.7933286428451538,2.1364023685455322,8.0
dynamic,5,1,301,0.7283335614204407,0.6927258404095967,0.0356077167391777,0.6896795323242744,0.6896795323242744,0.0,2.0,2.0,3010.0,3001.0,1.0,0.346677303314209,0.9277541637420654,1.1655211448669434,2.1163127422332764,20.0
dynamic,5,1,302,0.7354466493924459,0.701516702969869,0.03392995104193688,0.6870417815446853,0.6870417815446853,0.0,2.0,2.0,3020.0,3001.0,1.0,0.346677303314209,0.9277541637420654,1.1655211448669434,2.1163127422332764,20.0
dynamic,5,1,303,0.7233504239718119,0.6872511506080627,0.0360992656648159,0.6869892950604359,0.6869892950604359,0.0,2.0,2.0,3030.0,3001.0,1.0,0.346677303314209,0.9277541637420654,1.1655211448669434,2.1163127422332764,20.0
dynamic,5,1,304,0.7296494317054748,0.6924541862805684,0.03719523290793101,0.6896430895477533,0.6896430895477533,0.0,2.0,2.0,3040.0,3001.0,1.0,0.346677303314209,0.9277541637420654,1.1655211448669434,2.1163127422332764,20.0
dynamic,5,1,305,0.7369724194208781,0.7010803214708964,0.035892103910446164,0.6869919719050328,0.6869919719050328,0.0,2.0,2.0,3050.0,3001.0,1.0,0.346677303314209,0.9277541637420654,1.1655211448669434,2.1163127422332764,20.0
dynamic,5,1,306,0.7167850947380066,0.6841955383618673,0.03258956715464592,0.6869753721853097,0.6869753721853097,0.0,2.0,2.0,3060.0,3001.0,1.0,0.346677303314209,0.9277541637420654,1.1655211448669434,2.1163127422332764,20.0
dynamic,5,1,307,0.7244776304562887,0.6895530231793722,0.03492461075385411,0.6896381686379512,0.6896381686379512,0.0,2.0,2.0,3070.0,3001.0,1.0,0.346677303314209,0.9277541637420654,1.1655211448669434,2.1163127422332764,20.0
dynamic,5,1,308,0.7289610854784647,0.6927919165293376,0.03616916820406914,0.689630275145173,0.689630275145173,0.0,2.0,2.0,3080.0,3001.0,1.0,0.346677303314209,0.9277541637420654,1.1655211448669434,2.1163127422332764,20.0
dynamic,5,1,309,0.7297982041041057,0.6920369656880697,0.037761238639553385,0.6896216216435035,0.6896216216435035,0.0,2.0,2.0,3090.0,3001.0,1.0,0.346677303314209,0.9277541637420654,1.1655211448669434,2.1163127422332764,20.0
dynamic,5,1,310,0.7268273218472798,0.6896573321024577,0.037169989695151645,0.686932278200984,0.686932278200984,0.0,2.0,2.0,3100.0,3001.0,1.0,0.346677303314209,0.9277541637420654,1.1655211448669434,2.1163127422332764,20.0
dynamic,5,1,311,0.7465886274973551,0.7071033525466919,0.039485275745391846,0.6896275579680999,0.6896275579680999,0.0,2.0,2.0,3110.0,3101.0,0.0,0.30412355065345764,0.6479206085205078,0.8553125262260437,2.66668963432312,10.0
dynamic,5,1,312,0.7343196868896484,0.6977986272176107,0.03652106086413066,0.6896607533097268,0.6896607533097268,0.0,2.0,2.0,3120.0,3101.0,0.0,0.30412355065345764,0.6479206085205078,0.8553125262260437,2.66668963432312,10.0
dynamic,5,1,313,0.7288893326123556,0.692673807144165,0.03621551419297854,0.6896738531937202,0.6896738531937202,0.0,2.0,2.0,3130.0,3101.0,0.0,0.30412355065345764,0.6479206085205078,0.8553125262260437,2.66668963432312,10.0
dynamic,5,1,314,0.7434463985761006,0.7071933241685232,0.03625307321548462,0.6870896071195602,0.6870896071195602,0.0,2.0,2.0,3140.0,3101.0,0.0,0.30412355065345764,0.6479206085205078,0.8553125262260437,2.66668963432312,10.0
dynamic,5,1,315,0.722972711722056,0.6867968924840291,0.0361758170525233,0.6896875121692816,0.6896875121692816,0.0,2.0,2.0,3150.0,3101.0,0.0,0.30412355065345764,0.6479206085205078,0.8553125262260437,2.66668963432312,10.0
dynamic,5,1,316,0.733126425743103,0.6957605695724487,0.03736586694916089,0.6896634879211585,0.6896634879211585,0.0,2.0,2.0,3160.0,3101.0,0.0,0.30412355065345764,0.6479206085205078,0.8553125262260437,2.66668963432312,10.0
dynamic,5,1,317,0.7268617836634318,0.6893594861030579,0.03750229006012281,0.6896432124326627,0.6896432124326627,0.0,2.0,2.0,3170.0,3101.0,0.0,0.30412355065345764,0.6479206085205078,0.8553125262260437,2.66668963432312,10.0
dynamic,5,1,318,0.7256841015815735,0.689815772374471,0.03586832712093989,0.7068745473523935,0.7068745473523935,0.0,2.0,2.0,3180.0,3101.0,0.0,0.30412355065345764,0.6479206085205078,0.8553125262260437,2.66668963432312,10.0
dynamic,5,1,319,0.7359946982065837,0.7001250489552816,0.03586964239676793,0.6896544785549243,0.6896544785549243,0.0,2.0,2.0,3190.0,3101.0,0.0,0.30412355065345764,0.6479206085205078,0.8553125262260437,2.66668963432312,10.0
dynamic,5,1,320,0.7262131230036417,0.6886665320396423,0.03754660407702128,0.6896427815407514,0.6896427815407514,0.0,2.0,2.0,3200.0,3101.0,0.0,0.30412355065345764,0.6479206085205078,0.8553125262260437,2.66668963432312,10.0
dynamic,5,1,321,0.7506093581517538,0.7129660828908284,0.03764327963193258,0.689699940631787,0.689699940631787,0.0,2.0,2.0,3210.0,3201.0,1.0,0.3365422487258911,0.9329552054405212,1.1307504177093506,1.9767332077026367,22.0
dynamic,5,1,322,0.7242713610331217,0.6858284330368042,0.038442922780911125,0.6896871388703585,0.6896871388703585,0.0,2.0,2.0,3220.0,3201.0,1.0,0.3365422487258911,0.9329552054405212,1.1307504177093506,1.9767332077026367,22.0
dynamic,5,1,323,0.7304977917671204,0.6925246493021647,0.03797313367327054,0.6923105260978143,0.6923105260978143,0.0,2.0,2.0,3230.0,3201.0,1.0,0.3365422487258911,0.9329552054405212,1.1307504177093506,1.9767332077026367,22.0
dynamic,5,1,324,0.7354923216501872,0.6980220039685567,0.037470313608646395,0.6896745881686608,0.6896745881686608,0.0,2.0,2.0,3240.0,3201.0,1.0,0.3365422487258911,0.9329552054405212,1.1307504177093506,1.9767332077026367,22.0
dynamic,5,1,325,0.7386349312464396,0.7005224045117696,0.03811252122124036,0.6896699489901463,0.6896699489901463,0.0,2.0,2.0,3250.0,3201.0,1.0,0.3365422487258911,0.9329552054405212,1.1307504177093506,1.9767332077026367,22.0
dynamic,5,1,326,0.7202495654424032,0.6837125619252523,0.036537001530329384,0.6869948855787515,0.6869948855787515,0.0,2.0,2.0,3260.0,3201.0,1.0,0.3365422487258911,0.9329552054405212,1.1307504177093506,1.9767332077026367,22.0
dynamic,5,1,327,0.7270839993158976,0.6892323509852092,0.03785165031750997,0.6869847257435322,0.6869847257435322,0.0,2.0,2.0,3270.0,3201.0,1.0,0.3365422487258911,0.9329552054405212,1.1307504177093506,1.9767332077026367,22.0
dynamic,5,1,328,0.7457818818092347,0.7071206402778626,0.03866123845179876,0.6896417792638143,0.6896417792638143,0.0,2.0,2.0,3280.0,3201.0,1.0,0.3365422487258911,0.9329552054405212,1.1307504177093506,1.9767332077026367,22.0
dynamic,5,1,329,0.7275054264068603,0.6894586563110352,0.03804677625497182,0.6896523132175207,0.6896523132175207,0.0,2.0,2.0,3290.0,3201.0,1.0,0.3365422487258911,0.9329552054405212,1.1307504177093506,1.9767332077026367,22.0
dynamic,5,1,330,0.7332309230168661,0.6953219151496888,0.037909009357293445,0.6896530596415201,0.6896530596415201,0.0,2.0,2.0,3300.0,3201.0,1.0,0.3365422487258911,0.9329552054405212,1.1307504177093506,1.9767332077026367,22.0
dynamic,5,1,331,0.7264182750384013,0.6892357047398885,0.03718257740139961,0.689655148461461,0.689655148461461,0.0,2.0,2.0,3310.0,3301.0,0.0,0.23505371809005737,0.6096063852310181,0.7829282283782959,1.6922038793563843,6.0
dynamic,5,1,332,0.7351183231671651,0.6977810947100321,0.03733722910284996,0.689653099005421,0.689653099005421,0.0,2.0,2.0,3320.0,3301.0,0.0,0.23505371809005737,0.6096063852310181,0.7829282283782959,1.6922038793563843,6.0
dynamic,5,1,333,0.7577477693557739,0.7191454696655274,0.03860230147838593,0.6896942090739806,0.6896942090739806,0.0,2.0,2.0,3330.0,3301.0,0.0,0.23505371809005737,0.6096063852310181,0.7829282283782959,1.6922038793563843,6.0
dynamic,5,1,334,0.7368663843472799,0.6972943917910258,0.03957197810212771,0.6871664858609438,0.6871664858609438,0.0,2.0,2.0,3340.0,3301.0,0.0,0.23505371809005737,0.6096063852310181,0.7829282283782959,1.6922038793563843,6.0
dynamic,5,1,335,0.7272294116020203,0.6901255997021993,0.037103805790344876,0.6871061666558186,0.6871061666558186,0.0,2.0,2.0,3350.0,3301.0,0.0,0.23505371809005737,0.6096063852310181,0.7829282283782959,1.6922038793563843,6.0
dynamic,5,1,336,0.7276609873771668,0.6896233296394348,0.03803766151269277,0.6870440473904212,0.6870440473904212,0.0,2.0,2.0,3360.0,3301.0,0.0,0.23505371809005737,0.6096063852310181,0.7829282283782959,1.6922038793563843,6.0
dynamic,5,1,337,0.7397570633888244,0.7016456445058187,0.038111417790253954,0.6870412190258502,0.6870412190258502,0.0,2.0,2.0,3370.0,3301.0,0.0,0.23505371809005737,0.6096063852310181,0.7829282283782959,1.6922038793563843,6.0
dynamic,5,1,338,0.7444188626607259,0.7078245949745178,0.03659427285194397,0.6896912678082784,0.6896912678082784,0.0,2.0,2.0,3380.0,3301.0,0.0,0.23505371809005737,0.6096063852310181,0.7829282283782959,1.6922038793563843,6.0
dynamic,5,1,339,0.7313230729103088,0.6906708772977194,0.040652201225360236,0.6949284886568785,0.6949284886568785,0.0,2.0,2.0,3390.0,3301.0,0.0,0.23505371809005737,0.6096063852310181,0.7829282283782959,1.6922038793563843,6.0
dynamic,5,1,340,0.7410508449872335,0.7024452582995097,0.038605589568614956,0.6897593410809835,0.6897593410809835,0.0,2.0,2.0,3400.0,3301.0,0.0,0.23505371809005737,0.6096063852310181,0.7829282283782959,1.6922038793563843,6.0
dynamic,5,1,341,0.733010466893514,0.6944751071929932,0.03853535741567612,0.6949286279827356,0.6949286279827356,0.0,2.0,2.0,3410.0,3401.0,0.0,0.28213709592819214,0.6488858461380005,0.9044880867004395,2.81282639503479,10.0
dynamic,5,1,342,0.7266904139518737,0.6888704379399617,0.03781998227039973,0.6922999603052934,0.6922999603052934,0.0,2.0,2.0,3420.0,3401.0,0.0,0.28213709592819214,0.6488858461380005,0.9044880867004395,2.81282639503479,10.0
dynamic,5,1,343,0.7312769603729248,0.6929249389966329,0.038352009952068326,0.6896632582694292,0.6896632582694292,0.0,2.0,2.0,3430.0,3401.0,0.0,0.28213709592819214,0.6488858461380005,0.9044880867004395,2.81282639503479,10.0
dynamic,5,1,344,0.7338547706604004,0.6950871237119038,0.03876765415072441,0.6870061724384626,0.6870061724384626,0.0,2.0,2.0,3440.0,3401.0,0.0,0.28213709592819214,0.6488858461380005,0.9044880867004395,2.81282639503479,10.0
dynamic,5,1,345,0.7464560874303182,0.7065416510899861,0.03991444230079651,0.6896782854696115,0.6896782854696115,0.0,2.0,2.0,3450.0,3401.0,0.0,0.28213709592819214,0.6488858461380005,0.9044880867004395,2.81282639503479,10.0
dynamic,5,1,346,0.7468043716748556,0.7065548205375671,0.040249536335468294,0.6949377724776665,0.6949377724776665,0.0,2.0,2.0,3460.0,3401.0,0.0,0.28213709592819214,0.6488858461380005,0.9044880867004395,2.81282639503479,10.0
dynamic,5,1,347,0.7300429757436117,0.6925220727920532,0.03752090513706207,0.6923379478851954,0.6923379478851954,0.0,2.0,2.0,3470.0,3401.0,0.0,0.28213709592819214,0.6488858461380005,0.9044880867004395,2.81282639503479,10.0
dynamic,5,1,348,0.7207705370585124,0.6833238736788432,0.03744666437307993,0.6870837550858656,0.6870837550858656,0.0,2.0,2.0,3480.0,3401.0,0.0,0.28213709592819214,0.6488858461380005,0.9044880867004395,2.81282639503479,10.0
dynamic,5,1,349,0.7453053553899129,0.7064496604601542,0.03885569537679354,0.687102898110946,0.687102898110946,0.0,2.0,2.0,3490.0,3401.0,0.0,0.28213709592819214,0.6488858461380005,0.9044880867004395,2.81282639503479,10.0
dynamic,5,1,350,0.7271561392148336,0.6891802191734314,0.037975908567508064,0.6870988340427479,0.6870988340427479,0.0,2.0,2.0,3500.0,3401.0,0.0,0.28213709592819214,0.6488858461380005,0.9044880867004395,2.81282639503479,10.0
dynamic,5,1,351,0.7275041309992473,0.6894205379486084,0.03808360556761424,0.6870571417858203,0.6870571417858203,0.0,2.0,2.0,3510.0,3501.0,1.0,0.31229329109191895,0.7702172994613647,1.109997034072876,2.593900680541992,15.0
dynamic,5,1,352,0.730891265074412,0.6922376283009847,0.03865363349517186,0.6896805157015721,0.6896805157015721,0.0,2.0,2.0,3520.0,3501.0,1.0,0.31229329109191895,0.7702172994613647,1.109997034072876,2.593900680541992,15.0
dynamic,5,1,353,0.7304204130172729,0.6925776894887289,0.037842725614706675,0.6923044437418381,0.6923044437418381,0.0,2.0,2.0,3530.0,3501.0,1.0,0.31229329109191895,0.7702172994613647,1.109997034072876,2.593900680541992,15.0
dynamic,5,1,354,0.7369678807258606,0.6978621204694112,0.03910576194524765,0.6896603437016408,0.6896603437016408,0.0,2.0,2.0,3540.0,3501.0,1.0,0.31229329109191895,0.7702172994613647,1.109997034072876,2.593900680541992,15.0
dynamic,5,1,355,0.7282452352841695,0.6902183699607849,0.03802686999241511,0.6896534991761049,0.6896534991761049,0.0,2.0,2.0,3550.0,3501.0,1.0,0.31229329109191895,0.7702172994613647,1.109997034072876,2.593900680541992,15.0
dynamic,5,1,356,0.7432044537862142,0.7044047633806865,0.03879968404769898,0.6896590420107047,0.6896590420107047,0.0,2.0,2.0,3560.0,3501.0,1.0,0.31229329109191895,0.7702172994613647,1.109997034072876,2.593900680541992,15.0
dynamic,5,1,357,0.7405473550160726,0.700421146551768,0.0401262033979098,0.6896797961493333,0.6896797961493333,0.0,2.0,2.0,3570.0,3501.0,1.0,0.31229329109191895,0.7702172994613647,1.109997034072876,2.593900680541992,15.0
dynamic,5,1,358,0.7406676983833314,0.7010070355733236,0.03966065804163615,0.6896923401703438,0.6896923401703438,0.0,2.0,2.0,3580.0,3501.0,1.0,0.31229329109191895,0.7702172994613647,1.109997034072876,2.593900680541992,15.0
dynamic,5,1,359,0.7325652082761128,0.692546189626058,0.040019018948078154,0.6896892294039328,0.6896892294039328,0.0,2.0,2.0,3590.0,3501.0,1.0,0.31229329109191895,0.7702172994613647,1.109997034072876,2.593900680541992,15.0
dynamic,5,1,360,0.728546838760376,0.6895765376091003,0.03897030115127564,0.689663187439243,0.689663187439243,0.0,2.0,2.0,3600.0,3501.0,1.0,0.31229329109191895,0.7702172994613647,1.109997034072876,2.593900680541992,15.0
dynamic,5,1,361,0.8129449661572774,0.7843628366788228,0.028582120761275292,0.7942529472957055,0.7942529472957055,0.0,3.0,3.0,3610.0,3601.0,0.0,0.3022974729537964,0.7513601183891296,1.169523000717163,1.8455833196640015,16.0
dynamic,5,1,362,0.7769407939910888,0.7476365200678508,0.029304274519284565,0.6837527121106783,0.6837527121106783,0.0,3.0,3.0,3620.0,3601.0,0.0,0.3022974729537964,0.7513601183891296,1.169523000717163,1.8455833196640015,16.0
dynamic,5,1,363,0.750905647277832,0.7216734218597413,0.029232228895028432,0.6925136596461137,0.6925136596461137,0.0,3.0,3.0,3630.0,3601.0,0.0,0.3022974729537964,0.7513601183891296,1.169523000717163,1.8455833196640015,16.0
dynamic,5,1,364,0.7621341403325399,0.7352038788795471,0.026930261005957922,0.6771144717186689,0.6771144717186689,0.0,3.0,3.0,3640.0,3601.0,0.0,0.3022974729537964,0.7513601183891296,1.169523000717163,1.8455833196640015,16.0
dynamic,5,1,365,0.741947419643402,0.7164977041880289,0.02544971170524756,0.6790369599560897,0.6790369599560897,0.0,3.0,3.0,3650.0,3601.0,0.0,0.3022974729537964,0.7513601183891296,1.169523000717163,1.8455833196640015,16.0
dynamic,5,1,366,0.7415937256813049,0.7191763647397359,0.02241736059387525,0.6847135210037232,0.6847135210037232,0.0,3.0,3.0,3660.0,3601.0,0.0,0.3022974729537964,0.7513601183891296,1.169523000717163,1.8455833196640015,16.0
dynamic,5,1,367,0.7508560498555501,0.7290261745452881,0.02182988479733467,0.6951361015190681,0.6951361015190681,0.0,3.0,3.0,3670.0,3601.0,0.0,0.3022974729537964,0.7513601183891296,1.169523000717163,1.8455833196640015,16.0
dynamic,5,1,368,0.7362128885587057,0.7167355767885843,0.01947729562719663,0.678856907238563,0.678856907238563,0.0,3.0,3.0,3680.0,3601.0,0.0,0.3022974729537964,0.7513601183891296,1.169523000717163,1.8455833196640015,16.0
dynamic,5,1,369,0.7333439763387044,0.7149211597442627,0.018422815750042596,0.6769205368310213,0.6769205368310213,0.0,3.0,3.0,3690.0,3601.0,0.0,0.3022974729537964,0.7513601183891296,1.169523000717163,1.8455833196640015,16.0
dynamic,5,1,370,0.7302231987317404,0.7107988309860229,0.019424359823266665,0.6917220747222503,0.6917220747222503,0.0,3.0,3.0,3700.0,3601.0,0.0,0.3022974729537964,0.7513601183891296,1.169523000717163,1.8455833196640015,16.0
dynamic,5,1,371,0.746668434937795,0.7298982930183411,0.016770142291982967,0.6830366856853167,0.6830366856853167,0.0,3.0,3.0,3710.0,3701.0,0.0,0.14130783081054688,0.32333898544311523,0.40626031160354614,1.0094966888427734,1.0
dynamic,5,1,372,0.7227196836471558,0.70468142191569,0.01803826888402303,0.681264787937204,0.681264787937204,0.0,3.0,3.0,3720.0,3701.0,0.0,0.14130783081054688,0.32333898544311523,0.40626031160354614,1.0094966888427734,1.0
dynamic,5,1,373,0.7212777463595073,0.7039318784077963,0.017345877240101497,0.691376187056303,0.691376187056303,0.0,3.0,3.0,3730.0,3701.0,0.0,0.14130783081054688,0.32333898544311523,0.40626031160354614,1.0094966888427734,1.0
dynamic,5,1,374,0.7172851498921712,0.7001850700378418,0.017100080475211145,0.6822241531809171,0.6822241531809171,0.0,3.0,3.0,3740.0,3701.0,0.0,0.14130783081054688,0.32333898544311523,0.40626031160354614,1.0094966888427734,1.0
dynamic,5,1,375,0.7138804610570272,0.6959634923934936,0.017916974301139515,0.6818940851589044,0.6818940851589044,0.0,3.0,3.0,3750.0,3701.0,0.0,0.14130783081054688,0.32333898544311523,0.40626031160354614,1.0094966888427734,1.0
dynamic,5,1,376,0.7309867143630981,0.7134037200609843,0.01758298318833113,0.7029471284896135,0.7029471284896135,0.0,3.0,3.0,3760.0,3701.0,0.0,0.14130783081054688,0.32333898544311523,0.40626031160354614,1.0094966888427734,1.0
dynamic,5,1,377,0.7131922388076782,0.6979859725634256,0.015206261326869329,0.679156605253617,0.679156605253617,0.0,3.0,3.0,3770.0,3701.0,0.0,0.14130783081054688,0.32333898544311523,0.40626031160354614,1.0094966888427734,1.0
dynamic,5,1,378,0.7084157299995423,0.6920231302579244,0.016392597928643227,0.6809843853364388,0.6809843853364388,0.0,3.0,3.0,3780.0,3701.0,0.0,0.14130783081054688,0.32333898544311523,0.40626031160354614,1.0094966888427734,1.0
dynamic,5,1,379,0.714006270567576,0.6977158776919047,0.016290407131115594,0.6903616922845444,0.6903616922845444,0.0,3.0,3.0,3790.0,3701.0,0.0,0.14130783081054688,0.32333898544311523,0.40626031160354614,1.0094966888427734,1.0
dynamic,5,1,380,0.7012324404716491,0.6865020020802816,0.01473043863972028,0.6840376297384501,0.6840376297384501,0.0,3.0,3.0,3800.0,3701.0,0.0,0.14130783081054688,0.32333898544311523,0.40626031160354614,1.0094966888427734,1.0
dynamic,5,1,381,0.7045858653386434,0.6892686223983765,0.01531724185993274,0.6795677196482818,0.6795677196482818,0.0,3.0,3.0,3810.0,3801.0,0.0,0.12376995384693146,0.2654557228088379,0.35646456480026245,1.3924466371536255,3.0
dynamic,5,1,382,0.7111777337392171,0.6947403200467428,0.01643740728497505,0.678757463345925,0.678757463345925,0.0,3.0,3.0,3820.0,3801.0,0.0,0.12376995384693146,0.2654557228088379,0.35646456480026245,1.3924466371536255,3.0
dynamic,5,1,383,0.7031038482983907,0.6877504507700603,0.01535340040922165,0.6815524984151125,0.6815524984151125,0.0,3.0,3.0,3830.0,3801.0,0.0,0.12376995384693146,0.2654557228088379,0.35646456480026245,1.3924466371536255,3.0
dynamic,5,1,384,0.7020913743972779,0.6850931819279988,0.01699818136791388,0.6774046856164933,0.6774046856164933,0.0,3.0,3.0,3840.0,3801.0,0.0,0.12376995384693146,0.2654557228088379,0.35646456480026245,1.3924466371536255,3.0
dynamic,5,1,385,0.7021684885025025,0.6866650017102559,0.015503495161732038,0.6784215181569259,0.6784215181569259,0.0,3.0,3.0,3850.0,3801.0,0.0,0.12376995384693146,0.2654557228088379,0.35646456480026245,1.3924466371536255,3.0
dynamic,5,1,386,0.6955820775032043,0.6792102122306823,0.016371861572066944,0.6725806253403426,0.6725806253403426,0.0,3.0,3.0,3860.0,3801.0,0.0,0.12376995384693146,0.2654557228088379,0.35646456480026245,1.3924466371536255,3.0
dynamic,5,1,387,0.6973143990834554,0.6796169273058573,0.017697466760873793,0.6795939265191555,0.6795939265191555,0.0,3.0,3.0,3870.0,3801.0,0.0,0.12376995384693146,0.2654557228088379,0.35646456480026245,1.3924466371536255,3.0
dynamic,5,1,388,0.7065872319539388,0.6888239693641662,0.017763260950644812,0.6699314687152703,0.6699314687152703,0.0,3.0,3.0,3880.0,3801.0,0.0,0.12376995384693146,0.2654557228088379,0.35646456480026245,1.3924466371536255,3.0
dynamic,5,1,389,0.694160651365916,0.6762891983985901,0.01787145512799422,0.6749115022271872,0.6749115022271872,0.0,3.0,3.0,3890.0,3801.0,0.0,0.12376995384693146,0.2654557228088379,0.35646456480026245,1.3924466371536255,3.0
dynamic,5,1,390,0.6956998944282532,0.6782578643163045,0.0174420328438282,0.6631992039581139,0.6631992039581139,0.0,3.0,3.0,3900.0,3801.0,0.0,0.12376995384693146,0.2654557228088379,0.35646456480026245,1.3924466371536255,3.0
dynamic,5,1,391,0.6893832993507385,0.6709122498830159,0.018471049318710964,0.6760830404857795,0.6760830404857795,0.0,3.0,3.0,3910.0,3901.0,0.0,0.13021141290664673,0.3602548837661743,0.44372445344924927,0.7761754989624023,0.0
dynamic,5,1,392,0.6872634792327881,0.6698059884707133,0.017457483957211178,0.6624302641799052,0.6624302641799052,0.0,3.0,3.0,3920.0,3901.0,0.0,0.13021141290664673,0.3602548837661743,0.44372445344924927,0.7761754989624023,0.0
dynamic,5,1,393,0.7102356346448263,0.6904676326115926,0.019767998481790224,0.6760498484720786,0.6760498484720786,0.0,3.0,3.0,3930.0,3901.0,0.0,0.13021141290664673,0.3602548837661743,0.44372445344924927,0.7761754989624023,0.0
dynamic,5,1,394,0.6910319232940674,0.6741788752873739,0.0168530519058307,0.6601641166210175,0.6601641166210175,0.0,3.0,3.0,3940.0,3901.0,0.0,0.13021141290664673,0.3602548837661743,0.44372445344924927,0.7761754989624023,0.0
dynamic,5,1,395,0.6877915565172831,0.6695314542452494,0.018260097528497377,0.6714803422242404,0.6714803422242404,0.0,3.0,3.0,3950.0,3901.0,0.0,0.13021141290664673,0.3602548837661743,0.44372445344924927,0.7761754989624023,0.0
dynamic,5,1,396,0.7026540493965149,0.6857166679700216,0.016937372659643492,0.6681220269699891,0.6681220269699891,0.0,3.0,3.0,3960.0,3901.0,0.0,0.13021141290664673,0.3602548837661743,0.44372445344924927,0.7761754989624023,0.0
dynamic,5,1,397,0.6860775216420492,0.6674174308776856,0.018660094166795413,0.6648898444076379,0.6648898444076379,0.0,3.0,3.0,3970.0,3901.0,0.0,0.13021141290664673,0.3602548837661743,0.44372445344924927,0.7761754989624023,0.0
dynamic,5,1,398,0.686503590742747,0.6675979487101237,0.018905637115240098,0.6781203247606754,0.6781203247606754,0.0,3.0,3.0,3980.0,3901.0,0.0,0.13021141290664673,0.3602548837661743,0.44372445344924927,0.7761754989624023,0.0
dynamic,5,1,399,0.6746847502390544,0.6577544395128886,0.016930311731994153,0.6459866979469856,0.6459866979469856,0.0,3.0,3.0,3990.0,3901.0,0.0,0.13021141290664673,0.3602548837661743,0.44372445344924927,0.7761754989624023,0.0
dynamic,5,1,400,0.6946857651074727,0.6749347400665283,0.019751028269529344,0.6544208364188671,0.6544208364188671,0.0,3.0,3.0,4000.0,3901.0,0.0,0.13021141290664673,0.3602548837661743,0.44372445344924927,0.7761754989624023,0.0
dynamic,5,1,401,0.6966301075617473,0.6788070448239645,0.017823065097133318,0.6496911978473267,0.6496911978473267,0.0,3.0,3.0,4010.0,4001.0,0.0,0.13730062544345856,0.39754682779312134,0.5190303921699524,1.2281055450439453,3.0
dynamic,5,1,402,0.6694122290611267,0.6512967546780905,0.01811546357969443,0.6461317488551139,0.6461317488551139,0.0,3.0,3.0,4020.0,4001.0,0.0,0.13730062544345856,0.39754682779312134,0.5190303921699524,1.2281055450439453,3.0
dynamic,5,1,403,0.6746360087394714,0.6555900677045187,0.019045946449041368,0.6471709355215232,0.6471709355215232,0.0,3.0,3.0,4030.0,4001.0,0.0,0.13730062544345856,0.39754682779312134,0.5190303921699524,1.2281055450439453,3.0
dynamic,5,1,404,0.6778905169169108,0.6575262300173441,0.02036428153514862,0.6430742205182711,0.6430742205182711,0.0,3.0,3.0,4040.0,4001.0,0.0,0.13730062544345856,0.39754682779312134,0.5190303921699524,1.2281055450439453,3.0
dynamic,5,1,405,0.6958995668093363,0.6742752766609192,0.02162428172926108,0.6479454390207926,0.6479454390207926,0.0,3.0,3.0,4050.0,4001.0,0.0,0.13730062544345856,0.39754682779312134,0.5190303921699524,1.2281055450439453,3.0
dynamic,5,1,406,0.6810571153958639,0.6609672164916992,0.020089894185463586,0.6378095891823371,0.6378095891823371,0.0,3.0,3.0,4060.0,4001.0,0.0,0.13730062544345856,0.39754682779312134,0.5190303921699524,1.2281055450439453,3.0
dynamic,5,1,407,0.6642899584770202,0.6442892956733703,0.020000662356615066,0.6373946792383989,0.6373946792383989,0.0,3.0,3.0,4070.0,4001.0,0.0,0.13730062544345856,0.39754682779312134,0.5190303921699524,1.2281055450439453,3.0
dynamic,5,1,408,0.6649657376607259,0.6455177203814189,0.01944801352918148,0.6352356445540984,0.6352356445540984,0.0,3.0,3.0,4080.0,4001.0,0.0,0.13730062544345856,0.39754682779312134,0.5190303921699524,1.2281055450439453,3.0
dynamic,5,1,409,0.6825918078422546,0.6617309355735779,0.02086086762448152,0.6384819635997215,0.6384819635997215,0.0,3.0,3.0,4090.0,4001.0,0.0,0.13730062544345856,0.39754682779312134,0.5190303921699524,1.2281055450439453,3.0
dynamic,5,1,410,0.6611567584673563,0.6412493578592936,0.019907398919264477,0.6438993198921283,0.6438993198921283,0.0,3.0,3.0,4100.0,4001.0,0.0,0.13730062544345856,0.39754682779312134,0.5190303921699524,1.2281055450439453,3.0
dynamic,5,1,411,0.653947335879008,0.6328736543655396,0.021073688939213752,0.6358640741556882,0.6358640741556882,0.0,3.0,3.0,4110.0,4101.0,0.0,0.15268702805042267,0.3147451877593994,0.5131383538246155,1.0507919788360596,1.0
dynamic,5,1,412,0.6734516986211141,0.6517746718724569,0.02167702647546927,0.64056814417243,0.64056814417243,0.0,3.0,3.0,4120.0,4101.0,0.0,0.15268702805042267,0.3147451877593994,0.5131383538246155,1.0507919788360596,1.0
dynamic,5,1,413,0.660195775826772,0.6392650032043456,0.020930775503317515,0.6282842597117027,0.6282842597117027,0.0,3.0,3.0,4130.0,4101.0,0.0,0.15268702805042267,0.3147451877593994,0.5131383538246155,1.0507919788360596,1.0
dynamic,5,1,414,0.673648689587911,0.6501591825485229,0.023489502171675364,0.6320127089073261,0.6320127089073261,0.0,3.0,3.0,4140.0,4101.0,0.0,0.15268702805042267,0.3147451877593994,0.5131383538246155,1.0507919788360596,1.0
dynamic,5,1,415,0.6602025540669759,0.6378845143318176,0.022318045149246853,0.629388187105457,0.629388187105457,0.0,3.0,3.0,4150.0,4101.0,0.0,0.15268702805042267,0.3147451877593994,0.5131383538246155,1.0507919788360596,1.0
dynamic,5,1,416,0.6504167819023132,0.6280406912167867,0.022376091281572977,0.6243928579241037,0.6243928579241037,0.0,3.0,3.0,4160.0,4101.0,0.0,0.15268702805042267,0.3147451877593994,0.5131383538246155,1.0507919788360596,1.0
dynamic,5,1,417,0.6588460826873779,0.6361862500508626,0.022659829681118328,0.6285791962345442,0.6285791962345442,0.0,3.0,3.0,4170.0,4101.0,0.0,0.15268702805042267,0.3147451877593994,0.5131383538246155,1.0507919788360596,1.0
dynamic,5,1,418,0.6480295507113139,0.6256270933151246,0.02240246151884397,0.619207261155049,0.619207261155049,0.0,3.0,3.0,4180.0,4101.0,0.0,0.15268702805042267,0.3147451877593994,0.5131383538246155,1.0507919788360596,1.0
dynamic,5,1,419,0.651144355138143,0.6271979713439941,0.023946385110418,0.6194770502547423,0.6194770502547423,0.0,3.0,3.0,4190.0,4101.0,0.0,0.15268702805042267,0.3147451877593994,0.5131383538246155,1.0507919788360596,1.0
dynamic,5,1,420,0.6476715318361919,0.6257052858670552,0.021966245522101722,0.6189215817054112,0.6189215817054112,0.0,3.0,3.0,4200.0,4101.0,0.0,0.15268702805042267,0.3147451877593994,0.5131383538246155,1.0507919788360596,1.0
dynamic,5,1,421,0.6436934041976928,0.6219645619392395,0.02172884320219358,0.6183677225808303,0.6183677225808303,0.0,3.0,3.0,4210.0,4201.0,0.0,0.16044330596923828,0.38976621627807617,0.5067018866539001,0.9334601163864136,0.0
dynamic,5,1,422,0.6427032049496969,0.6200269563992818,0.022676253467798235,0.6179388783623775,0.6179388783623775,0.0,3.0,3.0,4220.0,4201.0,0.0,0.16044330596923828,0.38976621627807617,0.5067018866539001,0.9334601163864136,0.0
dynamic,5,1,423,0.647185320854187,0.6240512776374817,0.02313404937585195,0.6153096127013366,0.6153096127013366,0.0,3.0,3.0,4230.0,4201.0,0.0,0.16044330596923828,0.38976621627807617,0.5067018866539001,0.9334601163864136,0.0
dynamic,5,1,424,0.6430003158251445,0.6202697682380677,0.02273054840664069,0.6150276075551907,0.6150276075551907,0.0,3.0,3.0,4240.0,4201.0,0.0,0.16044330596923828,0.38976621627807617,0.5067018866539001,0.9334601163864136,0.0
dynamic,5,1,425,0.6461975312232972,0.6231036162376404,0.023093916997313498,0.6183936054259539,0.6183936054259539,0.0,3.0,3.0,4250.0,4201.0,0.0,0.16044330596923828,0.38976621627807617,0.5067018866539001,0.9334601163864136,0.0
dynamic,5,1,426,0.6454477651913961,0.6225857623418172,0.022861997336149215,0.6137847596158584,0.6137847596158584,0.0,3.0,3.0,4260.0,4201.0,0.0,0.16044330596923828,0.38976621627807617,0.5067018866539001,0.9334601163864136,0.0
dynamic,5,1,427,0.6364793578783671,0.6142335096995036,0.02224584326148033,0.6115565367291371,0.6115565367291371,0.0,3.0,3.0,4270.0,4201.0,0.0,0.16044330596923828,0.38976621627807617,0.5067018866539001,0.9334601163864136,0.0
dynamic,5,1,428,0.6448473111788432,0.621354029973348,0.023493282546599707,0.6110620131591956,0.6110620131591956,0.0,3.0,3.0,4280.0,4201.0,0.0,0.16044330596923828,0.38976621627807617,0.5067018866539001,0.9334601163864136,0.0
dynamic,5,1,429,0.6365389919281006,0.6118571980794271,0.024681796257694563,0.6111518964419762,0.6111518964419762,0.0,3.0,3.0,4290.0,4201.0,0.0,0.16044330596923828,0.38976621627807617,0.5067018866539001,0.9334601163864136,0.0
dynamic,5,1,430,0.6370682525634765,0.6123498670260111,0.024718381563822427,0.6111350379387538,0.6111350379387538,0.0,3.0,3.0,4300.0,4201.0,0.0,0.16044330596923828,0.38976621627807617,0.5067018866539001,0.9334601163864136,0.0
dynamic,5,1,431,0.6436541843414306,0.6191783499717712,0.024475830097993215,0.6089473425845305,0.6089473425845305,0.0,3.0,3.0,4310.0,4301.0,0.0,0.1791498064994812,0.40522199869155884,0.5395797491073608,1.4025869369506836,4.0
dynamic,5,1,432,0.6356287773450215,0.6101647599538167,0.025464014634490013,0.6111975260327259,0.6111975260327259,0.0,3.0,3.0,4320.0,4301.0,0.0,0.1791498064994812,0.40522199869155884,0.5395797491073608,1.4025869369506836,4.0
dynamic,5,1,433,0.6456743963559468,0.6195184699694316,0.02615592007835706,0.6127324061095715,0.6127324061095715,0.0,3.0,3.0,4330.0,4301.0,0.0,0.1791498064994812,0.40522199869155884,0.5395797491073608,1.4025869369506836,4.0
dynamic,5,1,434,0.6390802224477132,0.6126147270202636,0.026465496470530828,0.6132471915086111,0.6132471915086111,0.0,3.0,3.0,4340.0,4301.0,0.0,0.1791498064994812,0.40522199869155884,0.5395797491073608,1.4025869369506836,4.0
dynamic,5,1,435,0.6432956457138062,0.6175504350662231,0.025745209803183875,0.6099708732714255,0.6099708732714255,0.0,3.0,3.0,4350.0,4301.0,0.0,0.1791498064994812,0.40522199869155884,0.5395797491073608,1.4025869369506836,4.0
dynamic,5,1,436,0.6588232231140136,0.6315874560674032,0.027235777825117113,0.6096718900899092,0.6096718900899092,0.0,3.0,3.0,4360.0,4301.0,0.0,0.1791498064994812,0.40522199869155884,0.5395797491073608,1.4025869369506836,4.0
dynamic,5,1,437,0.6411168654759725,0.6149865937232971,0.026130284468332928,0.6081355994691452,0.6081355994691452,0.0,3.0,3.0,4370.0,4301.0,0.0,0.1791498064994812,0.40522199869155884,0.5395797491073608,1.4025869369506836,4.0
dynamic,5,1,438,0.639505136013031,0.6119834001859029,0.027521735926469167,0.6074428642044465,0.6074428642044465,0.0,3.0,3.0,4380.0,4301.0,0.0,0.1791498064994812,0.40522199869155884,0.5395797491073608,1.4025869369506836,4.0
dynamic,5,1,439,0.6433499177296956,0.615617462793986,0.02773245836297671,0.6122788456082344,0.6122788456082344,0.0,3.0,3.0,4390.0,4301.0,0.0,0.1791498064994812,0.40522199869155884,0.5395797491073608,1.4025869369506836,4.0
dynamic,5,1,440,0.6374872660636902,0.6117843135197958,0.025702950805425645,0.608057651296258,0.608057651296258,0.0,3.0,3.0,4400.0,4301.0,0.0,0.1791498064994812,0.40522199869155884,0.5395797491073608,1.4025869369506836,4.0
dynamic,5,1,441,0.6400016395250956,0.6162362217903137,0.023765415772795676,0.6105192792415619,0.6105192792415619,0.0,3.0,3.0,4410.0,4401.0,0.0,0.19403032958507538,0.4458617568016052,0.6274687051773071,0.9505960941314697,0.0
dynamic,5,1,442,0.6417521913846334,0.6142654355367024,0.027486759647727014,0.6034678376466036,0.6034678376466036,0.0,3.0,3.0,4420.0,4401.0,0.0,0.19403032958507538,0.4458617568016052,0.6274687051773071,0.9505960941314697,0.0
dynamic,5,1,443,0.6440658974647522,0.6122557504971822,0.03181013862291972,0.6004624269157648,0.6004624269157648,0.0,3.0,3.0,4430.0,4401.0,0.0,0.19403032958507538,0.4458617568016052,0.6274687051773071,0.9505960941314697,0.0
dynamic,5,1,444,0.635574824810028,0.6072556543350219,0.028319174076120057,0.6056116201976935,0.6056116201976935,0.0,3.0,3.0,4440.0,4401.0,0.0,0.19403032958507538,0.4458617568016052,0.6274687051773071,0.9505960941314697,0.0
dynamic,5,1,445,0.6389252948760986,0.611651283899943,0.02727400357524554,0.6045540747791529,0.6045540747791529,0.0,3.0,3.0,4450.0,4401.0,0.0,0.19403032958507538,0.4458617568016052,0.6274687051773071,0.9505960941314697,0.0
dynamic,5,1,446,0.6413466874758402,0.612271740436554,0.02907494992017746,0.6033707749843598,0.6033707749843598,0.0,3.0,3.0,4460.0,4401.0,0.0,0.19403032958507538,0.4458617568016052,0.6274687051773071,0.9505960941314697,0.0
dynamic,5,1,447,0.6369725449879964,0.6091641044616699,0.027808445915579797,0.6016293273866177,0.6016293273866177,0.0,3.0,3.0,4470.0,4401.0,0.0,0.19403032958507538,0.4458617568016052,0.6274687051773071,0.9505960941314697,0.0
dynamic,5,1,448,0.6373476751645406,0.6112341205279033,0.02611355811357498,0.5998255467166503,0.5998255467166503,0.0,3.0,3.0,4480.0,4401.0,0.0,0.19403032958507538,0.4458617568016052,0.6274687051773071,0.9505960941314697,0.0
dynamic,5,1,449,0.6264460412661235,0.6020138923327129,0.02443216030796369,0.6001980586101612,0.6001980586101612,0.0,3.0,3.0,4490.0,4401.0,0.0,0.19403032958507538,0.4458617568016052,0.6274687051773071,0.9505960941314697,0.0
dynamic,5,1,450,0.6230147361755372,0.59817578236262,0.024838954508304596,0.5985260874281327,0.5985260874281327,0.0,3.0,3.0,4500.0,4401.0,0.0,0.19403032958507538,0.4458617568016052,0.6274687051773071,0.9505960941314697,0.0
dynamic,5,1,451,0.6291609859466553,0.6016418210665385,0.027519173820813498,0.6027803172171116,0.6027803172171116,0.0,3.0,3.0,4510.0,4501.0,0.0,0.21471242606639862,0.502005398273468,0.6887028217315674,1.1414244174957275,3.0
dynamic,5,1,452,0.6377122131983439,0.6057498669624328,0.03196234782536825,0.6013614700734615,0.6013614700734615,0.0,3.0,3.0,4520.0,4501.0,0.0,0.21471242606639862,0.502005398273468,0.6887028217315674,1.1414244174957275,3.0
dynamic,5,1,453,0.6389717197418213,0.6066522471110026,0.032319471860925354,0.600488442381223,0.600488442381223,0.0,3.0,3.0,4530.0,4501.0,0.0,0.21471242606639862,0.502005398273468,0.6887028217315674,1.1414244174957275,3.0
dynamic,5,1,454,0.6268101485570272,0.5984184694290161,0.028391677339871725,0.5980461244285107,0.5980461244285107,0.0,3.0,3.0,4540.0,4501.0,0.0,0.21471242606639862,0.502005398273468,0.6887028217315674,1.1414244174957275,3.0
dynamic,5,1,455,0.6365347584088643,0.6092912634213765,0.02724349796772003,0.5973391792923212,0.5973391792923212,0.0,3.0,3.0,4550.0,4501.0,0.0,0.21471242606639862,0.502005398273468,0.6887028217315674,1.1414244174957275,3.0
dynamic,5,1,456,0.6227299658457438,0.5956459029515584,0.02708406570057074,0.5969275486717621,0.5969275486717621,0.0,3.0,3.0,4560.0,4501.0,0.0,0.21471242606639862,0.502005398273468,0.6887028217315674,1.1414244174957275,3.0
dynamic,5,1,457,0.6338567082087199,0.6067305199305216,0.027126187632481258,0.5965176170070966,0.5965176170070966,0.0,3.0,3.0,4570.0,4501.0,0.0,0.21471242606639862,0.502005398273468,0.6887028217315674,1.1414244174957275,3.0
dynamic,5,1,458,0.6380599737167358,0.6114823285738628,0.02657764176527659,0.5907683178782464,0.5907683178782464,0.0,3.0,3.0,4580.0,4501.0,0.0,0.21471242606639862,0.502005398273468,0.6887028217315674,1.1414244174957275,3.0
dynamic,5,1,459,0.6359249544143677,0.6072672263781229,0.028657728582620622,0.5829801898449659,0.5829801898449659,0.0,3.0,3.0,4590.0,4501.0,0.0,0.21471242606639862,0.502005398273468,0.6887028217315674,1.1414244174957275,3.0
dynamic,5,1,460,0.6286434706052144,0.5996321908632914,0.029011278202136358,0.5888404310743014,0.5888404310743014,0.0,3.0,3.0,4600.0,4501.0,0.0,0.21471242606639862,0.502005398273468,0.6887028217315674,1.1414244174957275,3.0
dynamic,5,1,461,0.631997222105662,0.6025449554125468,0.02945227801799774,0.5925611423452696,0.5925611423452696,0.0,3.0,3.0,4610.0,4601.0,0.0,0.21814513206481934,0.4622981548309326,0.8311433792114258,1.9606454372406006,8.0
dynamic,5,1,462,0.6356155594189962,0.6065890836715698,0.029026463627815247,0.5879547859231631,0.5879547859231631,0.0,3.0,3.0,4620.0,4601.0,0.0,0.21814513206481934,0.4622981548309326,0.8311433792114258,1.9606454372406006,8.0
dynamic,5,1,463,0.6218708189328511,0.5934412050247192,0.028429618726174038,0.5840590052306652,0.5840590052306652,0.0,3.0,3.0,4630.0,4601.0,0.0,0.21814513206481934,0.4622981548309326,0.8311433792114258,1.9606454372406006,8.0
dynamic,5,1,464,0.6315533622105917,0.6021721347173055,0.029381235589583714,0.5889038812865813,0.5889038812865813,0.0,3.0,3.0,4640.0,4601.0,0.0,0.21814513206481934,0.4622981548309326,0.8311433792114258,1.9606454372406006,8.0
dynamic,5,1,465,0.6306338413556417,0.6017432141304017,0.028890625859300297,0.5812300978352626,0.5812300978352626,0.0,3.0,3.0,4650.0,4601.0,0.0,0.21814513206481934,0.4622981548309326,0.8311433792114258,1.9606454372406006,8.0
dynamic,5,1,466,0.6267456992467244,0.5977574261029561,0.028988281438748043,0.5790782200545073,0.5790782200545073,0.0,3.0,3.0,4660.0,4601.0,0.0,0.21814513206481934,0.4622981548309326,0.8311433792114258,1.9606454372406006,8.0
dynamic,5,1,467,0.6216246581077576,0.5895847018559773,0.03203995193044345,0.5946157673001289,0.5946157673001289,0.0,3.0,3.0,4670.0,4601.0,0.0,0.21814513206481934,0.4622981548309326,0.8311433792114258,1.9606454372406006,8.0
dynamic,5,1,468,0.6332549095153809,0.6005881198247274,0.03266680096586545,0.5862639275689919,0.5862639275689919,0.0,3.0,3.0,4680.0,4601.0,0.0,0.21814513206481934,0.4622981548309326,0.8311433792114258,1.9606454372406006,8.0
dynamic,5,1,469,0.6329463442166646,0.6016941070556641,0.03125223303834597,0.581997887045145,0.581997887045145,0.0,3.0,3.0,4690.0,4601.0,0.0,0.21814513206481934,0.4622981548309326,0.8311433792114258,1.9606454372406006,8.0
dynamic,5,1,470,0.6255703369776408,0.5956621877352397,0.02990815242131551,0.5883824184040228,0.5883824184040228,0.0,3.0,3.0,4700.0,4601.0,0.0,0.21814513206481934,0.4622981548309326,0.8311433792114258,1.9606454372406006,8.0
dynamic,5,1,471,0.6365706666310629,0.6063717142740885,0.03019894818464915,0.585997624695301,0.585997624695301,0.0,3.0,3.0,4710.0,4701.0,0.0,0.2741827368736267,0.7748175859451294,0.9215607643127441,2.1001696586608887,10.0
dynamic,5,1,472,0.6211575198173523,0.5916342727343241,0.029523250088095664,0.5771946782867113,0.5771946782867113,0.0,3.0,3.0,4720.0,4701.0,0.0,0.2741827368736267,0.7748175859451294,0.9215607643127441,2.1001696586608887,10.0
dynamic,5,1,473,0.6373424657185872,0.6064446187019348,0.03089784214893977,0.5894445818165938,0.5894445818165938,0.0,3.0,3.0,4730.0,4701.0,0.0,0.2741827368736267,0.7748175859451294,0.9215607643127441,2.1001696586608887,10.0
dynamic,5,1,474,0.6270355478922526,0.5943990063667297,0.032636537378033,0.5902837955951691,0.5902837955951691,0.0,3.0,3.0,4740.0,4701.0,0.0,0.2741827368736267,0.7748175859451294,0.9215607643127441,2.1001696586608887,10.0
dynamic,5,1,475,0.6392089541753133,0.6065773439407348,0.032631609638532004,0.5713461618622144,0.5713461618622144,0.0,3.0,3.0,4750.0,4701.0,0.0,0.2741827368736267,0.7748175859451294,0.9215607643127441,2.1001696586608887,10.0
dynamic,5,1,476,0.6219490257898966,0.5906249817212422,0.03132404391964277,0.5721318009495735,0.5721318009495735,0.0,3.0,3.0,4760.0,4701.0,0.0,0.2741827368736267,0.7748175859451294,0.9215607643127441,2.1001696586608887,10.0
dynamic,5,1,477,0.6288977913061777,0.5962179247538248,0.03267987007896105,0.5840808092802763,0.5840808092802763,0.0,3.0,3.0,4770.0,4701.0,0.0,0.2741827368736267,0.7748175859451294,0.9215607643127441,2.1001696586608887,10.0
dynamic,5,1,478,0.6460203456878663,0.6133013796806336,0.0327189680437247,0.5864938770234585,0.5864938770234585,0.0,3.0,3.0,4780.0,4701.0,0.0,0.2741827368736267,0.7748175859451294,0.9215607643127441,2.1001696586608887,10.0
dynamic,5,1,479,0.613180221716563,0.5839645536740621,0.029215667794148126,0.5639296930780013,0.5639296930780013,0.0,3.0,3.0,4790.0,4701.0,0.0,0.2741827368736267,0.7748175859451294,0.9215607643127441,2.1001696586608887,10.0
dynamic,5,1,480,0.6092857313156128,0.5800947491327921,0.02919097493092219,0.5624783620983362,0.5624783620983362,0.0,3.0,3.0,4800.0,4701.0,0.0,0.2741827368736267,0.7748175859451294,0.9215607643127441,2.1001696586608887,10.0
dynamic,5,1,481,0.6343878698348999,0.6007339596748352,0.03365390668312709,0.5865828701108694,0.5865828701108694,0.0,3.0,3.0,4810.0,4801.0,0.0,0.2671855092048645,0.699459433555603,0.8794045448303223,2.1495916843414307,9.0
dynamic,5,1,482,0.6489125331242879,0.6133469772338868,0.03556555852293968,0.5845212152351936,0.5845212152351936,0.0,3.0,3.0,4820.0,4801.0,0.0,0.2671855092048645,0.699459433555603,0.8794045448303223,2.1495916843414307,9.0
dynamic,5,1,483,0.6217219177881876,0.5888568409283956,0.0328650697072347,0.5655718955149254,0.5655718955149254,0.0,3.0,3.0,4830.0,4801.0,0.0,0.2671855092048645,0.699459433555603,0.8794045448303223,2.1495916843414307,9.0
dynamic,5,1,484,0.6171774776776632,0.5865395752588908,0.03063790721197923,0.5678192695478598,0.5678192695478598,0.0,3.0,3.0,4840.0,4801.0,0.0,0.2671855092048645,0.699459433555603,0.8794045448303223,2.1495916843414307,9.0
dynamic,5,1,485,0.61515771706899,0.5817411049207052,0.033416611353556315,0.5749521489689747,0.5749521489689747,0.0,3.0,3.0,4850.0,4801.0,0.0,0.2671855092048645,0.699459433555603,0.8794045448303223,2.1495916843414307,9.0
dynamic,5,1,486,0.6205888915061951,0.5856376791000366,0.03495120575030645,0.5716236597051223,0.5716236597051223,0.0,3.0,3.0,4860.0,4801.0,0.0,0.2671855092048645,0.699459433555603,0.8794045448303223,2.1495916843414307,9.0
dynamic,5,1,487,0.6177926937739054,0.5837281306584676,0.03406455720464389,0.5679483916113774,0.5679483916113774,0.0,3.0,3.0,4870.0,4801.0,0.0,0.2671855092048645,0.699459433555603,0.8794045448303223,2.1495916843414307,9.0
dynamic,5,1,488,0.6191971349716187,0.5839978218078613,0.03519932528336843,0.5840544649710258,0.5840544649710258,0.0,3.0,3.0,4880.0,4801.0,0.0,0.2671855092048645,0.699459433555603,0.8794045448303223,2.1495916843414307,9.0
dynamic,5,1,489,0.6440177035331726,0.6078043421109517,0.036213366985321044,0.5713751058528821,0.5713751058528821,0.0,3.0,3.0,4890.0,4801.0,0.0,0.2671855092048645,0.699459433555603,0.8794045448303223,2.1495916843414307,9.0
dynamic,5,1,490,0.595122367143631,0.5639845379193624,0.031137820109725,0.5541705664495628,0.5541705664495628,0.0,3.0,3.0,4900.0,4801.0,0.0,0.2671855092048645,0.699459433555603,0.8794045448303223,2.1495916843414307,9.0
dynamic,5,1,491,0.6098581870396932,0.577398359378179,0.03245981693267822,0.5509698775410652,0.5509698775410652,0.0,3.0,3.0,4910.0,4901.0,0.0,0.2790694236755371,0.7045505046844482,0.932050347328186,1.8947043418884277,12.0
dynamic,5,1,492,0.6304268407821655,0.5947800270716349,0.03564681316415469,0.5858994336674611,0.5858994336674611,0.0,3.0,3.0,4920.0,4901.0,0.0,0.2790694236755371,0.7045505046844482,0.932050347328186,1.8947043418884277,12.0
dynamic,5,1,493,0.6052597697575887,0.5742035547892252,0.031056217576066653,0.5515817696104447,0.5515817696104447,0.0,3.0,3.0,4930.0,4901.0,0.0,0.2790694236755371,0.7045505046844482,0.932050347328186,1.8947043418884277,12.0
dynamic,5,1,494,0.5966737469037374,0.568336098988851,0.02833764339486758,0.5529682248830795,0.5529682248830795,0.0,3.0,3.0,4940.0,4901.0,0.0,0.2790694236755371,0.7045505046844482,0.932050347328186,1.8947043418884277,12.0
dynamic,5,1,495,0.5952304029464721,0.565610872109731,0.029619535505771635,0.5462658477326234,0.5462658477326234,0.0,3.0,3.0,4950.0,4901.0,0.0,0.2790694236755371,0.7045505046844482,0.932050347328186,1.8947043418884277,12.0
dynamic,5,1,496,0.6204858263333638,0.5912065370877584,0.02927928181986014,0.5434794239451488,0.5434794239451488,0.0,3.0,3.0,4960.0,4901.0,0.0,0.2790694236755371,0.7045505046844482,0.932050347328186,1.8947043418884277,12.0
dynamic,5,1,497,0.6032582068443298,0.5752519281705221,0.028006281107664108,0.54293374064068,0.54293374064068,0.0,3.0,3.0,4970.0,4901.0,0.0,0.2790694236755371,0.7045505046844482,0.932050347328186,1.8947043418884277,12.0
dynamic,5,1,498,0.5963583032290141,0.568383158047994,0.02797513797879219,0.5395605364193519,0.5395605364193519,0.0,3.0,3.0,4980.0,4901.0,0.0,0.2790694236755371,0.7045505046844482,0.932050347328186,1.8947043418884277,12.0
dynamic,5,1,499,0.5860690879821777,0.5585517533620199,0.027517328361670177,0.5419656711320082,0.5419656711320082,0.0,3.0,3.0,4990.0,4901.0,0.0,0.2790694236755371,0.7045505046844482,0.932050347328186,1.8947043418884277,12.0
dynamic,5,1,500,0.6043717376391093,0.5756155570348104,0.02875617894033591,0.5373087160289287,0.5373087160289287,0.0,3.0,3.0,5000.0,4901.0,0.0,0.2790694236755371,0.7045505046844482,0.932050347328186,1.8947043418884277,12.0
dynamic,5,2,1,1.8988165550231935,1.878091749191284,0.02072479929625988,1.8071391941070556,1.8071391941070556,0.0,1.0,1.0,10.0,0.0,0.0,,,,,
dynamic,5,2,2,1.7769085416793824,1.7577086587905884,0.01919989965260029,1.7097524639129638,1.7097524639129638,0.0,1.0,1.0,20.0,0.0,0.0,,,,,
dynamic,5,2,3,1.7031982387542726,1.6779257915496826,0.025272455540299416,1.6343483974456787,1.6343483974456787,0.0,1.0,1.0,30.0,0.0,0.0,,,,,
dynamic,5,2,4,1.6338162931442262,1.6075667673110963,0.026249522542953492,1.5749837764739991,1.5749837764739991,0.0,1.0,1.0,40.0,0.0,0.0,,,,,
dynamic,5,2,5,1.5829730615615845,1.5557159383773804,0.027257137498259545,1.5267170269012451,1.5267170269012451,0.0,1.0,1.0,50.0,0.0,0.0,,,,,
dynamic,5,2,6,1.5316718801498412,1.510286270713806,0.02138562160730362,1.4885344480514526,1.4885344480514526,0.0,1.0,1.0,60.0,0.0,0.0,,,,,
dynamic,5,2,7,1.4981559303283691,1.4772602592468262,0.02089566050171852,1.4570779487609864,1.4570779487609864,0.0,1.0,1.0,70.0,0.0,0.0,,,,,
dynamic,5,2,8,1.467860800743103,1.450023654937744,0.017837144449353217,1.4303275281906127,1.4303275281906127,0.0,1.0,1.0,80.0,0.0,0.0,,,,,
dynamic,5,2,9,1.4404299831390381,1.4260518711090089,0.014378115367889405,1.4078211614608764,1.4078211614608764,0.0,1.0,1.0,90.0,0.0,0.0,,,,,
dynamic,5,2,10,1.4179318370819092,1.4029947610855102,0.014937074932456017,1.3883046043395997,1.3883046043395997,0.0,1.0,1.0,100.0,0.0,0.0,,,,,
dynamic,5,2,11,1.4049611625671388,1.3889596315383912,0.016001538196206092,1.371072438812256,1.371072438812256,0.0,1.0,1.0,110.0,0.0,0.0,,,,,
dynamic,5,2,12,1.3904624935150147,1.3720546798706055,0.01840780201256275,1.355716834259033,1.355716834259033,0.0,1.0,1.0,120.0,0.0,0.0,,,,,
dynamic,5,2,13,1.3749941261291503,1.3593131086349488,0.015680995851755142,1.3418908521652222,1.3418908521652222,0.0,1.0,1.0,130.0,0.0,0.0,,,,,
dynamic,5,2,14,1.3569133655548096,1.3404424465179443,0.016470925687253474,1.3293501316070557,1.3293501316070557,0.0,1.0,1.0,140.0,0.0,0.0,,,,,
dynamic,5,2,15,1.3449436992645263,1.327351294708252,0.017592412635684014,1.31786692237854,1.31786692237854,0.0,1.0,1.0,150.0,0.0,0.0,,,,,
dynamic,5,2,16,1.33680868434906,1.319065089416504,0.01774361123740673,1.3072970373153687,1.3072970373153687,0.0,1.0,1.0,160.0,0.0,0.0,,,,,
dynamic,5,2,17,1.3345253704071045,1.3133844926834106,0.021140871959924697,1.2971212816238404,1.2971212816238404,0.0,1.0,1.0,170.0,0.0,0.0,,,,,
dynamic,5,2,18,1.324235587310791,1.3015753797531129,0.02266020049750805,1.2879465669631958,1.2879465669631958,0.0,1.0,1.0,180.0,0.0,0.0,,,,,
dynamic,5,2,19,1.3160972520828247,1.2921404863357544,0.023956752553582192,1.2794305683135987,1.2794305683135987,0.0,1.0,1.0,190.0,0.0,0.0,,,,,
dynamic,5,2,20,1.3067961004257203,1.2837588821411132,0.023037217086553572,1.2711852752685546,1.2711852752685546,0.0,1.0,1.0,200.0,0.0,0.0,,,,,
dynamic,5,2,21,1.3011614311218263,1.2805524196624756,0.02060900863111019,1.2639463861465454,1.2639463861465454,0.0,1.0,1.0,210.0,201.0,0.0,0.09023597836494446,0.21630269289016724,0.3665750026702881,1.9667874574661255,1.0
dynamic,5,2,22,1.292442731666565,1.270579178237915,0.021863545167446135,1.257252486038208,1.257252486038208,0.0,1.0,1.0,220.0,201.0,0.0,0.09023597836494446,0.21630269289016724,0.3665750026702881,1.9667874574661255,1.0
dynamic,5,2,23,1.2915996250152588,1.2704924306869507,0.02110719101727009,1.2509909620285034,1.2509909620285034,0.0,1.0,1.0,230.0,201.0,0.0,0.09023597836494446,0.21630269289016724,0.3665750026702881,1.9667874574661255,1.0
dynamic,5,2,24,1.2832432048797608,1.2578763189315796,0.025366880533099174,1.2451819141387939,1.2451819141387939,0.0,1.0,1.0,240.0,201.0,0.0,0.09023597836494446,0.21630269289016724,0.3665750026702881,1.9667874574661255,1.0
dynamic,5,2,25,1.2804932054519653,1.2546490005493165,0.025844214937090874,1.2396528858184814,1.2396528858184814,0.0,1.0,1.0,250.0,201.0,0.0,0.09023597836494446,0.21630269289016724,0.3665750026702881,1.9667874574661255,1.0
dynamic,5,2,26,1.2759495893478394,1.249979319381714,0.025970266672968863,1.2346161298751832,1.2346161298751832,0.0,1.0,1.0,260.0,201.0,0.0,0.09023597836494446,0.21630269289016724,0.3665750026702881,1.9667874574661255,1.0
dynamic,5,2,27,1.270577886390686,1.2442314907073975,0.026346397411823274,1.229977041053772,1.229977041053772,0.0,1.0,1.0,270.0,201.0,0.0,0.09023597836494446,0.21630269289016724,0.3665750026702881,1.9667874574661255,1.0
dynamic,5,2,28,1.2700136352539062,1.2439059879302978,0.02610762321949005,1.2254733547210694,1.2254733547210694,0.0,1.0,1.0,280.0,201.0,0.0,0.09023597836494446,0.21630269289016724,0.3665750026702881,1.9667874574661255,1.0
dynamic,5,2,29,1.2614075468063355,1.2341926765441895,0.027214882224798204,1.2213068239212037,1.2213068239212037,0.0,1.0,1.0,290.0,201.0,0.0,0.09023597836494446,0.21630269289016724,0.3665750026702881,1.9667874574661255,1.0
dynamic,5,2,30,1.2775114332199096,1.246337879180908,0.031173575761914252,1.2173625120162963,1.2173625120162963,0.0,1.0,1.0,300.0,201.0,0.0,0.09023597836494446,0.21630269289016724,0.3665750026702881,1.9667874574661255,1.0
dynamic,5,2,31,1.2590234298706056,1.2278766466140747,0.031146787640452384,1.2136707902908326,1.2136707902908326,0.0,1.0,1.0,310.0,301.0,0.0,0.08919830620288849,0.17440447211265564,0.3325790762901306,2.764878749847412,3.0
dynamic,5,2,32,1.2630899324417115,1.2321454696655274,0.0309444684445858,1.2101797630310058,1.2101797630310058,0.0,1.0,1.0,320.0,301.0,0.0,0.08919830620288849,0.17440447211265564,0.3325790762901306,2.764878749847412,3.0
dynamic,5,2,33,1.2611452484130858,1.229545831489563,0.031599398511648176,1.2070307916641236,1.2070307916641236,0.0,1.0,1.0,330.0,301.0,0.0,0.08919830620288849,0.17440447211265564,0.3325790762901306,2.764878749847412,3.0
dynamic,5,2,34,1.255883955001831,1.223545820426941,0.03233814711868763,1.2039240880966187,1.2039240880966187,0.0,1.0,1.0,340.0,301.0,0.0,0.08919830620288849,0.17440447211265564,0.3325790762901306,2.764878749847412,3.0
dynamic,5,2,35,1.2439873846054077,1.2145858211517333,0.029401564276218414,1.2010305667877197,1.2010305667877197,0.0,1.0,1.0,350.0,301.0,0.0,0.08919830620288849,0.17440447211265564,0.3325790762901306,2.764878749847412,3.0
dynamic,5,2,36,1.2406858156204223,1.2110628826141356,0.029622935569286347,1.1983094730377197,1.1983094730377197,0.0,1.0,1.0,360.0,301.0,0.0,0.08919830620288849,0.17440447211265564,0.3325790762901306,2.764878749847412,3.0
dynamic,5,2,37,1.24088768157959,1.2070090091705323,0.03387868261635304,1.1957035915374756,1.1957035915374756,0.0,1.0,1.0,370.0,301.0,0.0,0.08919830620288849,0.17440447211265564,0.3325790762901306,2.764878749847412,3.0
dynamic,5,2,38,1.2489310291290283,1.217383397102356,0.031547635638713836,1.1932473821640015,1.1932473821640015,0.0,1.0,1.0,380.0,301.0,0.0,0.08919830620288849,0.17440447211265564,0.3325790762901306,2.764878749847412,3.0
dynamic,5,2,39,1.2369754356384277,1.2101623830795287,0.026813053643703462,1.1908190671920775,1.1908190671920775,0.0,1.0,1.0,390.0,301.0,0.0,0.08919830620288849,0.17440447211265564,0.3325790762901306,2.764878749847412,3.0
dynamic,5,2,40,1.246595990371704,1.2101126766204835,0.03648332430124283,1.1886153255462646,1.1886153255462646,0.0,1.0,1.0,400.0,301.0,0.0,0.08919830620288849,0.17440447211265564,0.3325790762901306,2.764878749847412,3.0
dynamic,5,2,41,1.2379815172195434,1.2057456497192383,0.03223584853410721,1.1866389755249023,1.1866389755249023,0.0,1.0,1.0,410.0,401.0,0.0,0.10283979773521423,0.1779792159795761,0.47177958488464355,2.7669856548309326,5.0
dynamic,5,2,42,1.2286535751342773,1.2004934219360353,0.028160157215595245,1.1846769994735717,1.1846769994735717,0.0,1.0,1.0,420.0,401.0,0.0,0.10283979773521423,0.1779792159795761,0.47177958488464355,2.7669856548309326,5.0
dynamic,5,2,43,1.2286263061523437,1.2016486324310303,0.02697766219675541,1.1828237583160401,1.1828237583160401,0.0,1.0,1.0,430.0,401.0,0.0,0.10283979773521423,0.1779792159795761,0.47177958488464355,2.7669856548309326,5.0
dynamic,5,2,44,1.228800738143921,1.203515424346924,0.025285322347283364,1.1810566658020019,1.1810566658020019,0.0,1.0,1.0,440.0,401.0,0.0,0.10283979773521423,0.1779792159795761,0.47177958488464355,2.7669856548309326,5.0
dynamic,5,2,45,1.2262046096801757,1.2020117263793946,0.024192900869250297,1.1795547494888305,1.1795547494888305,0.0,1.0,1.0,450.0,401.0,0.0,0.10283979773521423,0.1779792159795761,0.47177958488464355,2.7669856548309326,5.0
dynamic,5,2,46,1.2219578161239624,1.199101554298401,0.02285627661049366,1.1780066690444946,1.1780066690444946,0.0,1.0,1.0,460.0,401.0,0.0,0.10283979773521423,0.1779792159795761,0.47177958488464355,2.7669856548309326,5.0
dynamic,5,2,47,1.224530463027954,1.1957377254486083,0.02879275067746639,1.1765366067886354,1.1765366067886354,0.0,1.0,1.0,470.0,401.0,0.0,0.10283979773521423,0.1779792159795761,0.47177958488464355,2.7669856548309326,5.0
dynamic,5,2,48,1.2217896520614624,1.1950659730911255,0.026723671740293505,1.1751744709014893,1.1751744709014893,0.0,1.0,1.0,480.0,401.0,0.0,0.10283979773521423,0.1779792159795761,0.47177958488464355,2.7669856548309326,5.0
dynamic,5,2,49,1.2249505701065064,1.193637265777588,0.03131328650712967,1.1737721166610717,1.1737721166610717,0.0,1.0,1.0,490.0,401.0,0.0,0.10283979773521423,0.1779792159795761,0.47177958488464355,2.7669856548309326,5.0
dynamic,5,2,50,1.2212891479492187,1.1931327194213868,0.028156420600414275,1.172466823196411,1.172466823196411,0.0,1.0,1.0,500.0,401.0,0.0,0.10283979773521423,0.1779792159795761,0.47177958488464355,2.7669856548309326,5.0
dynamic,5,2,51,1.2230840814590453,1.196422620010376,0.026661440712213515,1.1712595247268678,1.1712595247268678,0.0,1.0,1.0,510.0,501.0,0.0,0.11271669715642929,0.2831071615219116,0.44604068994522095,3.8163881301879883,5.0
dynamic,5,2,52,1.231223441696167,1.1994390859603883,0.031784349459409715,1.1701399530410768,1.1701399530410768,0.0,1.0,1.0,520.0,501.0,0.0,0.11271669715642929,0.2831071615219116,0.44604068994522095,3.8163881301879883,5.0
dynamic,5,2,53,1.2167660118103028,1.1900839891433717,0.0266820086479187,1.1690625816345215,1.1690625816345215,0.0,1.0,1.0,530.0,501.0,0.0,0.11271669715642929,0.2831071615219116,0.44604068994522095,3.8163881301879883,5.0
dynamic,5,2,54,1.2139524263381958,1.1882782634735107,0.025674166658520698,1.1680077787399292,1.1680077787399292,0.0,1.0,1.0,540.0,501.0,0.0,0.11271669715642929,0.2831071615219116,0.44604068994522095,3.8163881301879883,5.0
dynamic,5,2,55,1.233301774597168,1.1969155628204347,0.03638620886802673,1.1670111959457397,1.1670111959457397,0.0,1.0,1.0,550.0,501.0,0.0,0.11271669715642929,0.2831071615219116,0.44604068994522095,3.8163881301879883,5.0
dynamic,5,2,56,1.2209039226531981,1.1847335382461548,0.036170384123921394,1.1660757627487182,1.1660757627487182,0.0,1.0,1.0,560.0,501.0,0.0,0.11271669715642929,0.2831071615219116,0.44604068994522095,3.8163881301879883,5.0
dynamic,5,2,57,1.2200690525054931,1.1900373281478882,0.03003172011077404,1.165127571105957,1.165127571105957,0.0,1.0,1.0,570.0,501.0,0.0,0.11271669715642929,0.2831071615219116,0.44604068994522095,3.8163881301879883,5.0
dynamic,5,2,58,1.2105137084960937,1.1859062076568603,0.024607501393556594,1.1642451803207396,1.1642451803207396,0.0,1.0,1.0,580.0,501.0,0.0,0.11271669715642929,0.2831071615219116,0.44604068994522095,3.8163881301879883,5.0
dynamic,5,2,59,1.216904022026062,1.1827765338897704,0.03412748159766197,1.1633047677993775,1.1633047677993775,0.0,1.0,1.0,590.0,501.0,0.0,0.11271669715642929,0.2831071615219116,0.44604068994522095,3.8163881301879883,5.0
dynamic,5,2,60,1.22671028881073,1.188919995689392,0.03779029816389084,1.1627098833084106,1.1627098833084106,0.0,1.0,1.0,600.0,501.0,0.0,0.11271669715642929,0.2831071615219116,0.44604068994522095,3.8163881301879883,5.0
dynamic,5,2,61,1.218264224243164,1.1824501573562622,0.03581406500339508,1.1615851804733277,1.1615851804733277,0.0,1.0,1.0,610.0,601.0,0.0,0.16903430223464966,0.3521987795829773,0.684185802936554,4.850192546844482,10.0
dynamic,5,2,62,1.2189601028442383,1.1796011016845702,0.03935899817347527,1.1607518898010254,1.1607518898010254,0.0,1.0,1.0,620.0,601.0,0.0,0.16903430223464966,0.3521987795829773,0.684185802936554,4.850192546844482,10.0
dynamic,5,2,63,1.2285745597839355,1.1865629753112792,0.04201159206032753,1.1599473421096802,1.1599473421096802,0.0,1.0,1.0,630.0,601.0,0.0,0.16903430223464966,0.3521987795829773,0.684185802936554,4.850192546844482,10.0
dynamic,5,2,64,1.2176504741668701,1.180570853805542,0.03707963232398033,1.159129380607605,1.159129380607605,0.0,1.0,1.0,640.0,601.0,0.0,0.16903430223464966,0.3521987795829773,0.684185802936554,4.850192546844482,10.0
dynamic,5,2,65,1.2206030439376832,1.1802057802200316,0.0403972633600235,1.1584414461135863,1.1584414461135863,0.0,1.0,1.0,650.0,601.0,0.0,0.16903430223464966,0.3521987795829773,0.684185802936554,4.850192546844482,10.0
dynamic,5,2,66,1.2235224172592163,1.1823921405792237,0.0411302776992321,1.157859502029419,1.157859502029419,0.0,1.0,1.0,660.0,601.0,0.0,0.16903430223464966,0.3521987795829773,0.684185802936554,4.850192546844482,10.0
dynamic,5,2,67,1.2423968353271484,1.1926959251403808,0.049700923204421994,1.15710986328125,1.15710986328125,0.0,1.0,1.0,670.0,601.0,0.0,0.16903430223464966,0.3521987795829773,0.684185802936554,4.850192546844482,10.0
dynamic,5,2,68,1.2239677082061768,1.1791247787475585,0.044842937776446344,1.1564852579116822,1.1564852579116822,0.0,1.0,1.0,680.0,601.0,0.0,0.16903430223464966,0.3521987795829773,0.684185802936554,4.850192546844482,10.0
dynamic,5,2,69,1.223483053970337,1.179912739944458,0.04357032542824745,1.1557737564086914,1.1557737564086914,0.0,1.0,1.0,690.0,601.0,0.0,0.16903430223464966,0.3521987795829773,0.684185802936554,4.850192546844482,10.0
dynamic,5,2,70,1.2306933889389038,1.1808855918884278,0.04980780140161514,1.1551929412841797,1.1551929412841797,0.0,1.0,1.0,700.0,601.0,0.0,0.16903430223464966,0.3521987795829773,0.684185802936554,4.850192546844482,10.0
dynamic,5,2,71,1.2280666580200195,1.181196194076538,0.046870479202270506,1.154523984336853,1.154523984336853,0.0,1.0,1.0,710.0,701.0,0.0,0.17165812849998474,0.39180541038513184,0.7263423800468445,3.0331108570098877,8.0
dynamic,5,2,72,1.2267222770690918,1.1756139511108399,0.05110834126472473,1.1539192235946656,1.1539192235946656,0.0,1.0,1.0,720.0,701.0,0.0,0.17165812849998474,0.39180541038513184,0.7263423800468445,3.0331108570098877,8.0
dynamic,5,2,73,1.2381771873474121,1.1721640933990478,0.06601307390928268,1.1532709352493287,1.1532709352493287,0.0,1.0,1.0,730.0,701.0,0.0,0.17165812849998474,0.39180541038513184,0.7263423800468445,3.0331108570098877,8.0
dynamic,5,2,74,1.2269346326828003,1.1703422342300416,0.05659239681959152,1.1526865484237672,1.1526865484237672,0.0,1.0,1.0,740.0,701.0,0.0,0.17165812849998474,0.39180541038513184,0.7263423800468445,3.0331108570098877,8.0
dynamic,5,2,75,1.2298425729751588,1.1753156282424926,0.05452693763971329,1.1520019315719605,1.1520019315719605,0.0,1.0,1.0,750.0,701.0,0.0,0.17165812849998474,0.39180541038513184,0.7263423800468445,3.0331108570098877,8.0
dynamic,5,2,76,1.232126700592041,1.1857814107894897,0.04634529260993004,1.1515133815765382,1.1515133815765382,0.0,1.0,1.0,760.0,701.0,0.0,0.17165812849998474,0.39180541038513184,0.7263423800468445,3.0331108570098877,8.0
dynamic,5,2,77,1.212157985687256,1.1676848489761353,0.04447312684059143,1.1509059492111207,1.1509059492111207,0.0,1.0,1.0,770.0,701.0,0.0,0.17165812849998474,0.39180541038513184,0.7263423800468445,3.0331108570098877,8.0
dynamic,5,2,78,1.221199729347229,1.1723978233337402,0.04880191600322723,1.1504177814483643,1.1504177814483643,0.0,1.0,1.0,780.0,701.0,0.0,0.17165812849998474,0.39180541038513184,0.7263423800468445,3.0331108570098877,8.0
dynamic,5,2,79,1.2294393241882324,1.1701288717269898,0.05931046215295792,1.1499423601150514,1.1499423601150514,0.0,1.0,1.0,790.0,701.0,0.0,0.17165812849998474,0.39180541038513184,0.7263423800468445,3.0331108570098877,8.0
dynamic,5,2,80,1.2242820072174072,1.173834462738037,0.050447532135248184,1.1492875120162964,1.1492875120162964,0.0,1.0,1.0,800.0,701.0,0.0,0.17165812849998474,0.39180541038513184,0.7263423800468445,3.0331108570098877,8.0
dynamic,5,2,81,1.2349353956222535,1.185053183364868,0.049882200115919116,1.1487826839447022,1.1487826839447022,0.0,1.0,1.0,810.0,801.0,0.0,0.18535509705543518,0.42260318994522095,0.7474092245101929,4.043430328369141,12.0
dynamic,5,2,82,1.2362425844192504,1.1765538146972656,0.05968876168727875,1.1484705530166626,1.1484705530166626,0.0,1.0,1.0,820.0,801.0,0.0,0.18535509705543518,0.42260318994522095,0.7474092245101929,4.043430328369141,12.0
dynamic,5,2,83,1.2369127569198608,1.175023668861389,0.06188908401727677,1.1479303853988647,1.1479303853988647,0.0,1.0,1.0,830.0,801.0,0.0,0.18535509705543518,0.42260318994522095,0.7474092245101929,4.043430328369141,12.0
dynamic,5,2,84,1.2104613649368285,1.1599809471130371,0.050480409568548205,1.1474423793792725,1.1474423793792725,0.0,1.0,1.0,840.0,801.0,0.0,0.18535509705543518,0.42260318994522095,0.7474092245101929,4.043430328369141,12.0
dynamic,5,2,85,1.2277970632553101,1.1750455232620238,0.052751555097103116,1.1468805665969848,1.1468805665969848,0.0,1.0,1.0,850.0,801.0,0.0,0.18535509705543518,0.42260318994522095,0.7474092245101929,4.043430328369141,12.0
dynamic,5,2,86,1.2353492616653443,1.1736964841842652,0.06165277676582336,1.1469459592819213,1.1469459592819213,0.0,1.0,1.0,860.0,801.0,0.0,0.18535509705543518,0.42260318994522095,0.7474092245101929,4.043430328369141,12.0
dynamic,5,2,87,1.2449770917892455,1.1756454452514649,0.06933164422512055,1.1460864809036255,1.1460864809036255,0.0,1.0,1.0,870.0,801.0,0.0,0.18535509705543518,0.42260318994522095,0.7474092245101929,4.043430328369141,12.0
dynamic,5,2,88,1.239453896713257,1.1736836687088013,0.06577023624181748,1.1455554748535157,1.1455554748535157,0.0,1.0,1.0,880.0,801.0,0.0,0.18535509705543518,0.42260318994522095,0.7474092245101929,4.043430328369141,12.0
dynamic,5,2,89,1.2313619789123535,1.1649939962387086,0.06636798222064971,1.145067064857483,1.145067064857483,0.0,1.0,1.0,890.0,801.0,0.0,0.18535509705543518,0.42260318994522095,0.7474092245101929,4.043430328369141,12.0
dynamic,5,2,90,1.2376032995224,1.1628533958435059,0.07474991054534912,1.144660442352295,1.144660442352295,0.0,1.0,1.0,900.0,801.0,0.0,0.18535509705543518,0.42260318994522095,0.7474092245101929,4.043430328369141,12.0
dynamic,5,2,91,1.2360928009033203,1.1635338821411132,0.07255892105102539,1.1441024074554442,1.1441024074554442,0.0,1.0,1.0,910.0,901.0,1.0,0.2622399628162384,0.5170871019363403,0.9474369883537292,4.805710792541504,13.0
dynamic,5,2,92,1.2524304368972778,1.1787392671585084,0.07369117099046707,1.1436561906814575,1.1436561906814575,0.0,1.0,1.0,920.0,901.0,1.0,0.2622399628162384,0.5170871019363403,0.9474369883537292,4.805710792541504,13.0
dynamic,5,2,93,1.2389389720916748,1.1713340335845948,0.06760493383407593,1.1434421113967896,1.1434421113967896,0.0,1.0,1.0,930.0,901.0,1.0,0.2622399628162384,0.5170871019363403,0.9474369883537292,4.805710792541504,13.0
dynamic,5,2,94,1.229569550895691,1.1588772912979126,0.0706922629892826,1.14284132270813,1.14284132270813,0.0,1.0,1.0,940.0,901.0,1.0,0.2622399628162384,0.5170871019363403,0.9474369883537292,4.805710792541504,13.0
dynamic,5,2,95,1.261357269668579,1.1800513887405395,0.08130589156150818,1.1425122348785401,1.1425122348785401,0.0,1.0,1.0,950.0,901.0,1.0,0.2622399628162384,0.5170871019363403,0.9474369883537292,4.805710792541504,13.0
dynamic,5,2,96,1.250304320335388,1.1779017505645752,0.07240256148576736,1.1421077716827392,1.1421077716827392,0.0,1.0,1.0,960.0,901.0,1.0,0.2622399628162384,0.5170871019363403,0.9474369883537292,4.805710792541504,13.0
dynamic,5,2,97,1.2550138732910157,1.1778826190948486,0.0771312549829483,1.1418511474609374,1.1418511474609374,0.0,1.0,1.0,970.0,901.0,1.0,0.2622399628162384,0.5170871019363403,0.9474369883537292,4.805710792541504,13.0
dynamic,5,2,98,1.2438483135223388,1.16932093334198,0.07452736978530884,1.1415008333206176,1.1415008333206176,0.0,1.0,1.0,980.0,901.0,1.0,0.2622399628162384,0.5170871019363403,0.9474369883537292,4.805710792541504,13.0
dynamic,5,2,99,1.2386758388519288,1.1651512598037719,0.07352459410429,1.1411515323638917,1.1411515323638917,0.0,1.0,1.0,990.0,901.0,1.0,0.2622399628162384,0.5170871019363403,0.9474369883537292,4.805710792541504,13.0
dynamic,5,2,100,1.2454976379394531,1.1644788637161254,0.08101877175569534,1.1408081439971924,1.1408081439971924,0.0,1.0,1.0,1000.0,901.0,1.0,0.2622399628162384,0.5170871019363403,0.9474369883537292,4.805710792541504,13.0
dynamic,5,2,101,1.210628176498413,1.158506664466858,0.0521214989900589,1.1278380319595336,1.1278380319595336,0.0,2.0,2.0,1010.0,1001.0,0.0,0.3107095956802368,0.8463504314422607,1.3035101890563965,4.5886921882629395,22.0
dynamic,5,2,102,1.187841124534607,1.1270279499053955,0.06081316735744476,1.0822991852760315,1.0822991852760315,0.0,2.0,2.0,1020.0,1001.0,0.0,0.3107095956802368,0.8463504314422607,1.3035101890563965,4.5886921882629395,22.0
dynamic,5,2,103,1.1646643182754517,1.0926648344039918,0.07199948422908783,1.0311448260307312,1.0311448260307312,0.0,2.0,2.0,1030.0,1001.0,0.0,0.3107095956802368,0.8463504314422607,1.3035101890563965,4.5886921882629395,22.0
dynamic,5,2,104,1.139759769821167,1.0589208545684814,0.08083891116380691,1.0165336146354675,1.0165336146354675,0.0,2.0,2.0,1040.0,1001.0,0.0,0.3107095956802368,0.8463504314422607,1.3035101890563965,4.5886921882629395,22.0
dynamic,5,2,105,1.1073259672164917,1.0292579307556153,0.07806802712678909,0.9858512398719788,0.9858512398719788,0.0,2.0,2.0,1050.0,1001.0,0.0,0.3107095956802368,0.8463504314422607,1.3035101890563965,4.5886921882629395,22.0
dynamic,5,2,106,1.0875483514785766,0.9997513719558716,0.08779697777032852,0.9619523199081421,0.9619523199081421,0.0,2.0,2.0,1060.0,1001.0,0.0,0.3107095956802368,0.8463504314422607,1.3035101890563965,4.5886921882629395,22.0
dynamic,5,2,107,1.0751781650543213,1.0017508198738099,0.07342735576629639,0.9740682768821717,0.9740682768821717,0.0,2.0,2.0,1070.0,1001.0,0.0,0.3107095956802368,0.8463504314422607,1.3035101890563965,4.5886921882629395,22.0
dynamic,5,2,108,1.0436915936470033,0.9674779447555542,0.07621364660263062,0.9531234038352966,0.9531234038352966,0.0,2.0,2.0,1080.0,1001.0,0.0,0.3107095956802368,0.8463504314422607,1.3035101890563965,4.5886921882629395,22.0
dynamic,5,2,109,1.0269226612091065,0.9572596932411194,0.06966297032833099,0.9674010485649109,0.9674010485649109,0.0,2.0,2.0,1090.0,1001.0,0.0,0.3107095956802368,0.8463504314422607,1.3035101890563965,4.5886921882629395,22.0
dynamic,5,2,110,1.0357695390701294,0.9604512296676636,0.07531829144954681,0.9662672840118408,0.9662672840118408,0.0,2.0,2.0,1100.0,1001.0,0.0,0.3107095956802368,0.8463504314422607,1.3035101890563965,4.5886921882629395,22.0
dynamic,5,2,111,1.0266388109207154,0.9475733791351318,0.07906543358564377,0.8748797471046448,0.8748797471046448,0.0,2.0,2.0,1110.0,1001.0,0.0,0.3107095956802368,0.8463504314422607,1.3035101890563965,4.5886921882629395,22.0
dynamic,5,2,112,0.9995752431869507,0.9239490439414978,0.07562618721723556,0.9351893796920776,0.9351893796920776,0.0,2.0,2.0,1120.0,1001.0,0.0,0.3107095956802368,0.8463504314422607,1.3035101890563965,4.5886921882629395,22.0
dynamic,5,2,113,1.0182096117019652,0.944789307308197,0.07342029577493668,0.8899857444763184,0.8899857444763184,0.0,2.0,2.0,1130.0,1001.0,0.0,0.3107095956802368,0.8463504314422607,1.3035101890563965,4.5886921882629395,22.0
dynamic,5,2,114,1.0117796892166138,0.9378531439781189,0.07392655479907989,0.9899593968391418,0.9899593968391418,0.0,2.0,2.0,1140.0,1001.0,0.0,0.3107095956802368,0.8463504314422607,1.3035101890563965,4.5886921882629395,22.0
dynamic,5,2,115,0.9959393209457398,0.9191398752212524,0.07679944343566894,0.9169185753822326,0.9169185753822326,0.0,2.0,2.0,1150.0,1001.0,0.0,0.3107095956802368,0.8463504314422607,1.3035101890563965,4.5886921882629395,22.0
dynamic,5,2,116,0.9856789628982544,0.9133517503738403,0.07232720390558242,0.8733499307632446,0.8733499307632446,0.0,2.0,2.0,1160.0,1001.0,0.0,0.3107095956802368,0.8463504314422607,1.3035101890563965,4.5886921882629395,22.0
dynamic,5,2,117,1.0074223356246947,0.9282965598106384,0.079125767827034,0.8699412849426269,0.8699412849426269,0.0,2.0,2.0,1170.0,1001.0,0.0,0.3107095956802368,0.8463504314422607,1.3035101890563965,4.5886921882629395,22.0
dynamic,5,2,118,0.9956746866226196,0.9258013818740845,0.06987331334352494,0.8763510997772217,0.8763510997772217,0.0,2.0,2.0,1180.0,1001.0,0.0,0.3107095956802368,0.8463504314422607,1.3035101890563965,4.5886921882629395,22.0
dynamic,5,2,119,0.9953176464080811,0.9341385232925415,0.061179129147529605,0.9252159961700439,0.9252159961700439,0.0,2.0,2.0,1190.0,1001.0,0.0,0.3107095956802368,0.8463504314422607,1.3035101890563965,4.5886921882629395,22.0
dynamic,5,2,120,0.992259568977356,0.9221541746139527,0.07010539059638977,0.8867928685188293,0.8867928685188293,0.0,2.0,2.0,1200.0,1001.0,0.0,0.3107095956802368,0.8463504314422607,1.3035101890563965,4.5886921882629395,22.0
dynamic,5,2,121,0.9939198189735413,0.9234597984313965,0.0704600209236145,0.890888310623169,0.890888310623169,0.0,2.0,2.0,1210.0,1001.0,0.0,0.3107095956802368,0.8463504314422607,1.3035101890563965,4.5886921882629395,22.0
dynamic,5,2,122,0.9871509838104248,0.911695976638794,0.07545500793457031,0.8482440350532532,0.8482440350532532,0.0,2.0,2.0,1220.0,1001.0,0.0,0.3107095956802368,0.8463504314422607,1.3035101890563965,4.5886921882629395,22.0
dynamic,5,2,123,0.9800585266113281,0.9067553510665893,0.07330317844152451,0.9085884615898132,0.9085884615898132,0.0,2.0,2.0,1230.0,1001.0,0.0,0.3107095956802368,0.8463504314422607,1.3035101890563965,4.5886921882629395,22.0
dynamic,5,2,124,0.9756451036453248,0.9045281280517579,0.07111698344945908,0.8421596186637879,0.8421596186637879,0.0,2.0,2.0,1240.0,1001.0,0.0,0.3107095956802368,0.8463504314422607,1.3035101890563965,4.5886921882629395,22.0
dynamic,5,2,125,0.9898845752716064,0.9064963430404663,0.08338823101520539,0.9256685779571533,0.9256685779571533,0.0,2.0,2.0,1250.0,1001.0,0.0,0.3107095956802368,0.8463504314422607,1.3035101890563965,4.5886921882629395,22.0
dynamic,5,2,126,0.9661878677368164,0.903895527935028,0.062292346489429475,0.8294159427642822,0.8294159427642822,0.0,2.0,2.0,1260.0,1001.0,0.0,0.3107095956802368,0.8463504314422607,1.3035101890563965,4.5886921882629395,22.0
dynamic,5,2,127,0.983278437423706,0.9141255690574646,0.06915286064147949,0.8940998169898987,0.8940998169898987,0.0,2.0,2.0,1270.0,1001.0,0.0,0.3107095956802368,0.8463504314422607,1.3035101890563965,4.5886921882629395,22.0
dynamic,5,2,128,0.9806767629623413,0.9120784348487854,0.06859833538532258,0.873471206188202,0.873471206188202,0.0,2.0,2.0,1280.0,1001.0,0.0,0.3107095956802368,0.8463504314422607,1.3035101890563965,4.5886921882629395,22.0
dynamic,5,2,129,0.9791013126373291,0.9126466478347778,0.06645466772317886,0.9507967820167541,0.9507967820167541,0.0,2.0,2.0,1290.0,1001.0,0.0,0.3107095956802368,0.8463504314422607,1.3035101890563965,4.5886921882629395,22.0
dynamic,5,2,130,1.0012991724014282,0.9329272873878479,0.06837188948392868,0.8837918954849243,0.8837918954849243,0.0,2.0,2.0,1300.0,1001.0,0.0,0.3107095956802368,0.8463504314422607,1.3035101890563965,4.5886921882629395,22.0
dynamic,5,2,131,0.9763675699234009,0.9006386198043823,0.07572895106077195,0.8487817873954773,0.8487817873954773,0.0,2.0,2.0,1310.0,1001.0,0.0,0.3107095956802368,0.8463504314422607,1.3035101890563965,4.5886921882629395,22.0
dynamic,5,2,132,0.9831365591049195,0.9180234672546387,0.06511310087442398,0.8774531862258911,0.8774531862258911,0.0,2.0,2.0,1320.0,1001.0,0.0,0.3107095956802368,0.8463504314422607,1.3035101890563965,4.5886921882629395,22.0
dynamic,5,2,133,0.9878798738479614,0.9256603751182556,0.06221949188709259,0.9317888619422913,0.9317888619422913,0.0,2.0,2.0,1330.0,1001.0,0.0,0.3107095956802368,0.8463504314422607,1.3035101890563965,4.5886921882629395,22.0
dynamic,5,2,134,0.982235203742981,0.9122692615509033,0.0699659286558628,0.9290148468017578,0.9290148468017578,0.0,2.0,2.0,1340.0,1001.0,0.0,0.3107095956802368,0.8463504314422607,1.3035101890563965,4.5886921882629395,22.0
dynamic,5,2,135,0.9808575057029724,0.9162503690719604,0.06460715397596359,0.8719586608886719,0.8719586608886719,0.0,2.0,2.0,1350.0,1001.0,0.0,0.3107095956802368,0.8463504314422607,1.3035101890563965,4.5886921882629395,22.0
dynamic,5,2,136,0.9750393424034118,0.914830281829834,0.06020906225442886,0.8400612029075623,0.8400612029075623,0.0,2.0,2.0,1360.0,1001.0,0.0,0.3107095956802368,0.8463504314422607,1.3035101890563965,4.5886921882629395,22.0
dynamic,5,2,137,0.9564007156372071,0.8870792861938477,0.06932142219543456,0.8621812557220458,0.8621812557220458,0.0,2.0,2.0,1370.0,1001.0,0.0,0.3107095956802368,0.8463504314422607,1.3035101890563965,4.5886921882629395,22.0
dynamic,5,2,138,0.9993338037490844,0.9358184676170349,0.06351533041000366,0.8909242181777954,0.8909242181777954,0.0,2.0,2.0,1380.0,1001.0,0.0,0.3107095956802368,0.8463504314422607,1.3035101890563965,4.5886921882629395,22.0
dynamic,5,2,139,0.9614436223983764,0.9025247938156128,0.05891882719397545,0.8619308069229126,0.8619308069229126,0.0,2.0,2.0,1390.0,1001.0,0.0,0.3107095956802368,0.8463504314422607,1.3035101890563965,4.5886921882629395,22.0
dynamic,5,2,140,0.974679801940918,0.9118697887420655,0.06281002134084701,0.839483399105072,0.839483399105072,0.0,2.0,2.0,1400.0,1001.0,0.0,0.3107095956802368,0.8463504314422607,1.3035101890563965,4.5886921882629395,22.0
dynamic,5,2,141,0.9649096458435059,0.9050989288330078,0.05981072147488594,0.8729934123039246,0.8729934123039246,0.0,2.0,2.0,1410.0,1001.0,0.0,0.3107095956802368,0.8463504314422607,1.3035101890563965,4.5886921882629395,22.0
dynamic,5,2,142,0.9730143882751465,0.9149281416893006,0.058086247462034224,0.8622315348625184,0.8622315348625184,0.0,2.0,2.0,1420.0,1001.0,0.0,0.3107095956802368,0.8463504314422607,1.3035101890563965,4.5886921882629395,22.0
dynamic,5,2,143,0.9650985574722291,0.89692320022583,0.06817535185813904,0.8605656191825867,0.8605656191825867,0.0,2.0,2.0,1430.0,1001.0,0.0,0.3107095956802368,0.8463504314422607,1.3035101890563965,4.5886921882629395,22.0
dynamic,5,2,144,0.9750680536270142,0.9094463194847107,0.0656217338681221,0.847584744644165,0.847584744644165,0.0,2.0,2.0,1440.0,1001.0,0.0,0.3107095956802368,0.8463504314422607,1.3035101890563965,4.5886921882629395,22.0
dynamic,5,2,145,0.9711134134292603,0.9115714152336121,0.05954199651479721,0.8360638075828553,0.8360638075828553,0.0,2.0,2.0,1450.0,1001.0,0.0,0.3107095956802368,0.8463504314422607,1.3035101890563965,4.5886921882629395,22.0
dynamic,5,2,146,0.9618443186759948,0.903337736415863,0.058506579053401946,0.8347546547889709,0.8347546547889709,0.0,2.0,2.0,1460.0,1001.0,0.0,0.3107095956802368,0.8463504314422607,1.3035101890563965,4.5886921882629395,22.0
dynamic,5,2,147,0.9676350947380066,0.9019207264900208,0.06571436995267868,0.8299691676139832,0.8299691676139832,0.0,2.0,2.0,1470.0,1001.0,0.0,0.3107095956802368,0.8463504314422607,1.3035101890563965,4.5886921882629395,22.0
dynamic,5,2,148,0.9549145892143249,0.8956103505134583,0.05930424033999443,0.8804021690368652,0.8804021690368652,0.0,2.0,2.0,1480.0,1001.0,0.0,0.3107095956802368,0.8463504314422607,1.3035101890563965,4.5886921882629395,22.0
dynamic,5,2,149,0.975036891078949,0.9137181362152099,0.0613187495470047,0.8380423133850098,0.8380423133850098,0.0,2.0,2.0,1490.0,1001.0,0.0,0.3107095956802368,0.8463504314422607,1.3035101890563965,4.5886921882629395,22.0
dynamic,5,2,150,0.974231025981903,0.9145887127876282,0.059642317366600035,0.8682122989654542,0.8682122989654542,0.0,2.0,2.0,1500.0,1001.0,0.0,0.3107095956802368,0.8463504314422607,1.3035101890563965,4.5886921882629395,22.0
dynamic,5,2,151,0.9638657318115235,0.9054601936340332,0.058405525904893875,0.8570027239799499,0.8570027239799499,0.0,2.0,2.0,1510.0,1001.0,0.0,0.3107095956802368,0.8463504314422607,1.3035101890563965,4.5886921882629395,22.0
dynamic,5,2,152,0.976259411239624,0.915397297000885,0.06086210959553719,0.8668024563789367,0.8668024563789367,0.0,2.0,2.0,1520.0,1001.0,0.0,0.3107095956802368,0.8463504314422607,1.3035101890563965,4.5886921882629395,22.0
dynamic,5,2,153,0.9666825528144837,0.8981022162437439,0.06858033434748649,0.8730681058883667,0.8730681058883667,0.0,2.0,2.0,1530.0,1001.0,0.0,0.3107095956802368,0.8463504314422607,1.3035101890563965,4.5886921882629395,22.0
dynamic,5,2,154,0.9496161659240723,0.8915654647827148,0.05805071177482605,0.8727649962425232,0.8727649962425232,0.0,2.0,2.0,1540.0,1001.0,0.0,0.3107095956802368,0.8463504314422607,1.3035101890563965,4.5886921882629395,22.0
dynamic,5,2,155,0.9620688585281372,0.9086623043060302,0.05340655056238174,0.8760338368415832,0.8760338368415832,0.0,2.0,2.0,1550.0,1001.0,0.0,0.3107095956802368,0.8463504314422607,1.3035101890563965,4.5886921882629395,22.0
dynamic,5,2,156,0.9783807482719421,0.9118715600967408,0.06650918505787849,0.8667511001586914,0.8667511001586914,0.0,2.0,2.0,1560.0,1001.0,0.0,0.3107095956802368,0.8463504314422607,1.3035101890563965,4.5886921882629395,22.0
dynamic,5,2,157,0.9618792012214661,0.904307435798645,0.05757177193164825,0.8483936544418335,0.8483936544418335,0.0,2.0,2.0,1570.0,1001.0,0.0,0.3107095956802368,0.8463504314422607,1.3035101890563965,4.5886921882629395,22.0
dynamic,5,2,158,0.9653118963241577,0.9049562055587769,0.06035568095445633,0.8429382300376892,0.8429382300376892,0.0,2.0,2.0,1580.0,1001.0,0.0,0.3107095956802368,0.8463504314422607,1.3035101890563965,4.5886921882629395,22.0
dynamic,5,2,159,0.9569593904495239,0.8959969245910645,0.06096246588230133,0.8370718455314636,0.8370718455314636,0.0,2.0,2.0,1590.0,1001.0,0.0,0.3107095956802368,0.8463504314422607,1.3035101890563965,4.5886921882629395,22.0
dynamic,5,2,160,0.9669144331932068,0.90922080078125,0.057693633288145064,0.8340748494148255,0.8340748494148255,0.0,2.0,2.0,1600.0,1001.0,0.0,0.3107095956802368,0.8463504314422607,1.3035101890563965,4.5886921882629395,22.0
dynamic,5,2,161,0.9788377596855163,0.9230943683624268,0.05574339787364006,0.8569874788284302,0.8569874788284302,0.0,2.0,2.0,1610.0,1001.0,0.0,0.3107095956802368,0.8463504314422607,1.3035101890563965,4.5886921882629395,22.0
dynamic,5,2,162,0.9970251350402832,0.9401846193313599,0.05684052475094795,0.8964526594161988,0.8964526594161988,0.0,2.0,2.0,1620.0,1001.0,0.0,0.3107095956802368,0.8463504314422607,1.3035101890563965,4.5886921882629395,22.0
dynamic,5,2,163,0.9818690292358399,0.9322094102859497,0.04965962285995484,0.8467678392410278,0.8467678392410278,0.0,2.0,2.0,1630.0,1001.0,0.0,0.3107095956802368,0.8463504314422607,1.3035101890563965,4.5886921882629395,22.0
dynamic,5,2,164,0.9662387269020081,0.9068525332450866,0.05938619040250778,0.8326997597694397,0.8326997597694397,0.0,2.0,2.0,1640.0,1001.0,0.0,0.3107095956802368,0.8463504314422607,1.3035101890563965,4.5886921882629395,22.0
dynamic,5,2,165,0.9592296627044677,0.9056034971237182,0.05362616944313049,0.8471723398208618,0.8471723398208618,0.0,2.0,2.0,1650.0,1001.0,0.0,0.3107095956802368,0.8463504314422607,1.3035101890563965,4.5886921882629395,22.0
dynamic,5,2,166,0.9806125768661499,0.9203343767166138,0.06027820845246315,0.8620561656951904,0.8620561656951904,0.0,2.0,2.0,1660.0,1001.0,0.0,0.3107095956802368,0.8463504314422607,1.3035101890563965,4.5886921882629395,22.0
dynamic,5,2,167,0.9582069269180298,0.9037235583305359,0.054483362036943435,0.8471266040802002,0.8471266040802002,0.0,2.0,2.0,1670.0,1001.0,0.0,0.3107095956802368,0.8463504314422607,1.3035101890563965,4.5886921882629395,22.0
dynamic,5,2,168,0.9615222333908081,0.9068309527397156,0.05469127342104912,0.854919105052948,0.854919105052948,0.0,2.0,2.0,1680.0,1001.0,0.0,0.3107095956802368,0.8463504314422607,1.3035101890563965,4.5886921882629395,22.0
dynamic,5,2,169,0.9780741428375244,0.9248337419509888,0.053240404456853865,0.8635113084793091,0.8635113084793091,0.0,2.0,2.0,1690.0,1001.0,0.0,0.3107095956802368,0.8463504314422607,1.3035101890563965,4.5886921882629395,22.0
dynamic,5,2,170,0.9903989341735839,0.9358195356369019,0.05457940847873688,0.8583364343643188,0.8583364343643188,0.0,2.0,2.0,1700.0,1001.0,0.0,0.3107095956802368,0.8463504314422607,1.3035101890563965,4.5886921882629395,22.0
dynamic,5,2,171,0.9820939334869385,0.9231462540626526,0.058947690868377686,0.9189720678329468,0.9189720678329468,0.0,2.0,2.0,1710.0,1001.0,0.0,0.3107095956802368,0.8463504314422607,1.3035101890563965,4.5886921882629395,22.0
dynamic,5,2,172,0.9711550746917724,0.923374531841278,0.04778055405020714,0.8530319867134094,0.8530319867134094,0.0,2.0,2.0,1720.0,1001.0,0.0,0.3107095956802368,0.8463504314422607,1.3035101890563965,4.5886921882629395,22.0
dynamic,5,2,173,0.9693919456481933,0.9179287808418274,0.05146316038370132,0.8457310061454772,0.8457310061454772,0.0,2.0,2.0,1730.0,1001.0,0.0,0.3107095956802368,0.8463504314422607,1.3035101890563965,4.5886921882629395,22.0
dynamic,5,2,174,0.974236675453186,0.9150725687026977,0.059164113008975984,0.8785819172859192,0.8785819172859192,0.0,2.0,2.0,1740.0,1001.0,0.0,0.3107095956802368,0.8463504314422607,1.3035101890563965,4.5886921882629395,22.0
dynamic,5,2,175,0.9694385941505432,0.9109395904541016,0.058499015635252,0.8783311324119568,0.8783311324119568,0.0,2.0,2.0,1750.0,1001.0,0.0,0.3107095956802368,0.8463504314422607,1.3035101890563965,4.5886921882629395,22.0
dynamic,5,2,176,0.9679515681266785,0.9195834636688233,0.048368111437559126,0.8721826789855956,0.8721826789855956,0.0,2.0,2.0,1760.0,1001.0,0.0,0.3107095956802368,0.8463504314422607,1.3035101890563965,4.5886921882629395,22.0
dynamic,5,2,177,0.9992019015312195,0.9513412679672241,0.047860636752843855,0.8795414319038392,0.8795414319038392,0.0,2.0,2.0,1770.0,1001.0,0.0,0.3107095956802368,0.8463504314422607,1.3035101890563965,4.5886921882629395,22.0
dynamic,5,2,178,0.9748990305900573,0.9154062658309936,0.05949276042580605,0.8781083310127258,0.8781083310127258,0.0,2.0,2.0,1780.0,1001.0,0.0,0.3107095956802368,0.8463504314422607,1.3035101890563965,4.5886921882629395,22.0
dynamic,5,2,179,0.9553960058212281,0.9029092134475708,0.05248679964542389,0.848051690196991,0.848051690196991,0.0,2.0,2.0,1790.0,1001.0,0.0,0.3107095956802368,0.8463504314422607,1.3035101890563965,4.5886921882629395,22.0
dynamic,5,2,180,0.9837425023078918,0.9208020696640015,0.06294043414592743,0.9056759601593017,0.9056759601593017,0.0,2.0,2.0,1800.0,1001.0,0.0,0.3107095956802368,0.8463504314422607,1.3035101890563965,4.5886921882629395,22.0
dynamic,5,2,181,0.9752697687149048,0.9277566666603089,0.047513109934329986,0.8616500418663025,0.8616500418663025,0.0,2.0,2.0,1810.0,1001.0,0.0,0.3107095956802368,0.8463504314422607,1.3035101890563965,4.5886921882629395,22.0
dynamic,5,2,182,0.9764304374694824,0.9215412384033204,0.05488919659852982,0.8688404600143432,0.8688404600143432,0.0,2.0,2.0,1820.0,1001.0,0.0,0.3107095956802368,0.8463504314422607,1.3035101890563965,4.5886921882629395,22.0
dynamic,5,2,183,0.9670511051177979,0.9062136878967285,0.0608374127984047,0.8530281710624695,0.8530281710624695,0.0,2.0,2.0,1830.0,1001.0,0.0,0.3107095956802368,0.8463504314422607,1.3035101890563965,4.5886921882629395,22.0
dynamic,5,2,184,0.978248582649231,0.9180653580665589,0.06018322929143906,0.8867239799499512,0.8867239799499512,0.0,2.0,2.0,1840.0,1001.0,0.0,0.3107095956802368,0.8463504314422607,1.3035101890563965,4.5886921882629395,22.0
dynamic,5,2,185,0.997955877494812,0.944226768875122,0.05372909473180771,0.8686097568511962,0.8686097568511962,0.0,2.0,2.0,1850.0,1001.0,0.0,0.3107095956802368,0.8463504314422607,1.3035101890563965,4.5886921882629395,22.0
dynamic,5,2,186,0.959878756904602,0.9103863226890564,0.04949243181943894,0.8676393739700318,0.8676393739700318,0.0,2.0,2.0,1860.0,1001.0,0.0,0.3107095956802368,0.8463504314422607,1.3035101890563965,4.5886921882629395,22.0
dynamic,5,2,187,0.9729149736404419,0.9230240176200867,0.04989096214771271,0.8740193384170533,0.8740193384170533,0.0,2.0,2.0,1870.0,1001.0,0.0,0.3107095956802368,0.8463504314422607,1.3035101890563965,4.5886921882629395,22.0
dynamic,5,2,188,0.952905016708374,0.903540822982788,0.04936418625116348,0.8743136277198792,0.8743136277198792,0.0,2.0,2.0,1880.0,1001.0,0.0,0.3107095956802368,0.8463504314422607,1.3035101890563965,4.5886921882629395,22.0
dynamic,5,2,189,0.9616341022491455,0.9122397773742675,0.04939432206749916,0.8838099813461304,0.8838099813461304,0.0,2.0,2.0,1890.0,1001.0,0.0,0.3107095956802368,0.8463504314422607,1.3035101890563965,4.5886921882629395,22.0
dynamic,5,2,190,0.9765461235046387,0.9239787355422974,0.05256739310622215,0.9172619786262513,0.9172619786262513,0.0,2.0,2.0,1900.0,1001.0,0.0,0.3107095956802368,0.8463504314422607,1.3035101890563965,4.5886921882629395,22.0
dynamic,5,2,191,0.9910743021011352,0.9428081254005433,0.048266177707910536,0.8703669744491577,0.8703669744491577,0.0,2.0,2.0,1910.0,1001.0,0.0,0.3107095956802368,0.8463504314422607,1.3035101890563965,4.5886921882629395,22.0
dynamic,5,2,192,0.9774484144210815,0.9279158054351807,0.04953261179327965,0.8685081074714661,0.8685081074714661,0.0,2.0,2.0,1920.0,1001.0,0.0,0.3107095956802368,0.8463504314422607,1.3035101890563965,4.5886921882629395,22.0
dynamic,5,2,193,0.9792809421539307,0.9289049859046936,0.05037595328688622,0.8755367939949036,0.8755367939949036,0.0,2.0,2.0,1930.0,1001.0,0.0,0.3107095956802368,0.8463504314422607,1.3035101890563965,4.5886921882629395,22.0
dynamic,5,2,194,0.9663148316383362,0.91467811460495,0.05163672477602959,0.8683950896263123,0.8683950896263123,0.0,2.0,2.0,1940.0,1001.0,0.0,0.3107095956802368,0.8463504314422607,1.3035101890563965,4.5886921882629395,22.0
dynamic,5,2,195,0.9721250496864319,0.9241032132148743,0.048021838736534116,0.8667889575004578,0.8667889575004578,0.0,2.0,2.0,1950.0,1001.0,0.0,0.3107095956802368,0.8463504314422607,1.3035101890563965,4.5886921882629395,22.0
dynamic,5,2,196,0.9848430768966675,0.9383392250061036,0.04650384628176689,0.8719223282814026,0.8719223282814026,0.0,2.0,2.0,1960.0,1001.0,0.0,0.3107095956802368,0.8463504314422607,1.3035101890563965,4.5886921882629395,22.0
dynamic,5,2,197,0.9717735614776611,0.9227336547851562,0.049039904421567915,0.89561314868927,0.89561314868927,0.0,2.0,2.0,1970.0,1001.0,0.0,0.3107095956802368,0.8463504314422607,1.3035101890563965,4.5886921882629395,22.0
dynamic,5,2,198,0.981044116973877,0.935960343170166,0.04508377624750137,0.8779133539199829,0.8779133539199829,0.0,2.0,2.0,1980.0,1001.0,0.0,0.3107095956802368,0.8463504314422607,1.3035101890563965,4.5886921882629395,22.0
dynamic,5,2,199,0.9843701448440552,0.9376689215660096,0.046701227116584774,0.8840879397392273,0.8840879397392273,0.0,2.0,2.0,1990.0,1001.0,0.0,0.3107095956802368,0.8463504314422607,1.3035101890563965,4.5886921882629395,22.0
dynamic,5,2,200,0.9955948529243469,0.9488970952033997,0.04669776600003243,0.879194721698761,0.879194721698761,0.0,2.0,2.0,2000.0,1001.0,0.0,0.3107095956802368,0.8463504314422607,1.3035101890563965,4.5886921882629395,22.0
dynamic,5,2,201,0.9791438610076905,0.9354680540084839,0.04367581599950791,0.8811035146713256,0.8811035146713256,0.0,2.0,2.0,2010.0,1001.0,0.0,0.3107095956802368,0.8463504314422607,1.3035101890563965,4.5886921882629395,22.0
dynamic,5,2,202,0.9885697628974914,0.9431424480438232,0.04542731781601906,0.9195549294471741,0.9195549294471741,0.0,2.0,2.0,2020.0,1001.0,0.0,0.3107095956802368,0.8463504314422607,1.3035101890563965,4.5886921882629395,22.0
dynamic,5,2,203,1.0009467304229736,0.9501946890830993,0.05075202769637108,0.9017750833511352,0.9017750833511352,0.0,2.0,2.0,2030.0,1001.0,0.0,0.3107095956802368,0.8463504314422607,1.3035101890563965,4.5886921882629395,22.0
dynamic,5,2,204,0.9815878549575806,0.939254553604126,0.04233329078555107,0.8829134253501892,0.8829134253501892,0.0,2.0,2.0,2040.0,1001.0,0.0,0.3107095956802368,0.8463504314422607,1.3035101890563965,4.5886921882629395,22.0
dynamic,5,2,205,0.9863094287872315,0.9430080609321594,0.043301376336812976,0.8915601383209228,0.8915601383209228,0.0,2.0,2.0,2050.0,1001.0,0.0,0.3107095956802368,0.8463504314422607,1.3035101890563965,4.5886921882629395,22.0
dynamic,5,2,206,0.988614556312561,0.943676831817627,0.044937727701663974,0.8992105677604675,0.8992105677604675,0.0,2.0,2.0,2060.0,1001.0,0.0,0.3107095956802368,0.8463504314422607,1.3035101890563965,4.5886921882629395,22.0
dynamic,5,2,207,0.9789947151184082,0.936363037109375,0.04263167867660522,0.8804357781410217,0.8804357781410217,0.0,2.0,2.0,2070.0,1001.0,0.0,0.3107095956802368,0.8463504314422607,1.3035101890563965,4.5886921882629395,22.0
dynamic,5,2,208,0.9966837604522705,0.951906134223938,0.04477764548659325,0.8966822343826294,0.8966822343826294,0.0,2.0,2.0,2080.0,1001.0,0.0,0.3107095956802368,0.8463504314422607,1.3035101890563965,4.5886921882629395,22.0
dynamic,5,2,209,0.9743697637557983,0.9302182380676269,0.04415151855349541,0.9099081260681152,0.9099081260681152,0.0,2.0,2.0,2090.0,1001.0,0.0,0.3107095956802368,0.8463504314422607,1.3035101890563965,4.5886921882629395,22.0
dynamic,5,2,210,0.993717580127716,0.9526848961830139,0.041032698845863344,0.8959116228103637,0.8959116228103637,0.0,2.0,2.0,2100.0,1001.0,0.0,0.3107095956802368,0.8463504314422607,1.3035101890563965,4.5886921882629395,22.0
dynamic,5,2,211,1.00526161403656,0.9590339504241944,0.04622765571475029,0.9424187113761902,0.9424187113761902,0.0,2.0,2.0,2110.0,1001.0,0.0,0.3107095956802368,0.8463504314422607,1.3035101890563965,4.5886921882629395,22.0
dynamic,5,2,212,0.9926556869506836,0.9473547756195069,0.04530091113448143,0.9036959907531739,0.9036959907531739,0.0,2.0,2.0,2120.0,1001.0,0.0,0.3107095956802368,0.8463504314422607,1.3035101890563965,4.5886921882629395,22.0
dynamic,5,2,213,0.986940418434143,0.9406774593353271,0.04626295616030693,0.8927695256233216,0.8927695256233216,0.0,2.0,2.0,2130.0,1001.0,0.0,0.3107095956802368,0.8463504314422607,1.3035101890563965,4.5886921882629395,22.0
dynamic,5,2,214,0.9846853227615356,0.9421700324058533,0.04251529390215874,0.89663344373703,0.89663344373703,0.0,2.0,2.0,2140.0,1001.0,0.0,0.3107095956802368,0.8463504314422607,1.3035101890563965,4.5886921882629395,22.0
dynamic,5,2,215,0.975402001285553,0.9336094945907593,0.041792510664463045,0.9075477670669556,0.9075477670669556,0.0,2.0,2.0,2150.0,1001.0,0.0,0.3107095956802368,0.8463504314422607,1.3035101890563965,4.5886921882629395,22.0
dynamic,5,2,216,0.9870028259277344,0.9447231809616089,0.04227966031432152,0.9170334243774414,0.9170334243774414,0.0,2.0,2.0,2160.0,1001.0,0.0,0.3107095956802368,0.8463504314422607,1.3035101890563965,4.5886921882629395,22.0
dynamic,5,2,217,0.999554158115387,0.9600816620826721,0.039472506177425384,0.9146402561187744,0.9146402561187744,0.0,2.0,2.0,2170.0,1001.0,0.0,0.3107095956802368,0.8463504314422607,1.3035101890563965,4.5886921882629395,22.0
dynamic,5,2,218,0.9866692359924316,0.9408309220314026,0.04583831196427345,0.907843989944458,0.907843989944458,0.0,2.0,2.0,2180.0,1001.0,0.0,0.3107095956802368,0.8463504314422607,1.3035101890563965,4.5886921882629395,22.0
dynamic,5,2,219,1.0061820669174195,0.9644161926269531,0.041765860688686374,0.9215866605758667,0.9215866605758667,0.0,2.0,2.0,2190.0,1001.0,0.0,0.3107095956802368,0.8463504314422607,1.3035101890563965,4.5886921882629395,22.0
dynamic,5,2,220,0.9965969186782837,0.9535167213439941,0.04308019637465477,0.9325544696807861,0.9325544696807861,0.0,2.0,2.0,2200.0,1001.0,0.0,0.3107095956802368,0.8463504314422607,1.3035101890563965,4.5886921882629395,22.0
dynamic,5,2,221,0.99770377368927,0.9594543212890625,0.038249441939592364,0.9060017101287842,0.9060017101287842,0.0,2.0,2.0,2210.0,1001.0,0.0,0.3107095956802368,0.8463504314422607,1.3035101890563965,4.5886921882629395,22.0
dynamic,5,2,222,1.0008830089569092,0.9545109280586243,0.04637207282185554,0.8915056146621704,0.8915056146621704,0.0,2.0,2.0,2220.0,1001.0,0.0,0.3107095956802368,0.8463504314422607,1.3035101890563965,4.5886921882629395,22.0
dynamic,5,2,223,0.9934111068725586,0.9506759469985961,0.04273515352010727,0.9182450686454773,0.9182450686454773,0.0,2.0,2.0,2230.0,1001.0,0.0,0.3107095956802368,0.8463504314422607,1.3035101890563965,4.5886921882629395,22.0
dynamic,5,2,224,1.004130523777008,0.9673325002670288,0.03679802292585373,0.9369756479263306,0.9369756479263306,0.0,2.0,2.0,2240.0,1001.0,0.0,0.3107095956802368,0.8463504314422607,1.3035101890563965,4.5886921882629395,22.0
dynamic,5,2,225,0.9927215532302857,0.9547041533470154,0.038017400306463243,0.9088297678947449,0.9088297678947449,0.0,2.0,2.0,2250.0,1001.0,0.0,0.3107095956802368,0.8463504314422607,1.3035101890563965,4.5886921882629395,22.0
dynamic,5,2,226,0.9836927575111389,0.9436772431373596,0.0400155139029026,0.9303781858444213,0.9303781858444213,0.0,2.0,2.0,2260.0,1001.0,0.0,0.3107095956802368,0.8463504314422607,1.3035101890563965,4.5886921882629395,22.0
dynamic,5,2,227,0.9933112163543701,0.9548181052207947,0.03849311418533325,0.9220183422088623,0.9220183422088623,0.0,2.0,2.0,2270.0,1001.0,0.0,0.3107095956802368,0.8463504314422607,1.3035101890563965,4.5886921882629395,22.0
dynamic,5,2,228,1.002088959503174,0.9631474584579468,0.038941498959064486,0.9224300844192505,0.9224300844192505,0.0,2.0,2.0,2280.0,1001.0,0.0,0.3107095956802368,0.8463504314422607,1.3035101890563965,4.5886921882629395,22.0
dynamic,5,2,229,0.9970897945404052,0.957076724910736,0.04001306462287903,0.9164121938705444,0.9164121938705444,0.0,2.0,2.0,2290.0,1001.0,0.0,0.3107095956802368,0.8463504314422607,1.3035101890563965,4.5886921882629395,22.0
dynamic,5,2,230,0.9987291133880615,0.9620741579055786,0.036654938626289366,0.918479202747345,0.918479202747345,0.0,2.0,2.0,2300.0,1001.0,0.0,0.3107095956802368,0.8463504314422607,1.3035101890563965,4.5886921882629395,22.0
dynamic,5,2,231,1.002699503326416,0.9601843523025513,0.04251516101360321,0.9362317497253418,0.9362317497253418,0.0,2.0,2.0,2310.0,1001.0,0.0,0.3107095956802368,0.8463504314422607,1.3035101890563965,4.5886921882629395,22.0
dynamic,5,2,232,0.9972215314865113,0.9628448513031006,0.034376678717136386,0.9405380118370056,0.9405380118370056,0.0,2.0,2.0,2320.0,1001.0,0.0,0.3107095956802368,0.8463504314422607,1.3035101890563965,4.5886921882629395,22.0
dynamic,5,2,233,1.0130071226119994,0.9750930152893066,0.03791409527659416,0.9361684792518615,0.9361684792518615,0.0,2.0,2.0,2330.0,1001.0,0.0,0.3107095956802368,0.8463504314422607,1.3035101890563965,4.5886921882629395,22.0
dynamic,5,2,234,1.0067279949188233,0.9671675451278686,0.03956044420599938,0.9386518836975097,0.9386518836975097,0.0,2.0,2.0,2340.0,1001.0,0.0,0.3107095956802368,0.8463504314422607,1.3035101890563965,4.5886921882629395,22.0
dynamic,5,2,235,0.9978972747802735,0.9584293901443481,0.03946787999868393,0.9306823300361633,0.9306823300361633,0.0,2.0,2.0,2350.0,1001.0,0.0,0.3107095956802368,0.8463504314422607,1.3035101890563965,4.5886921882629395,22.0
dynamic,5,2,236,0.9972118085861206,0.9599371294021607,0.03727469083070755,0.9241762743949891,0.9241762743949891,0.0,2.0,2.0,2360.0,1001.0,0.0,0.3107095956802368,0.8463504314422607,1.3035101890563965,4.5886921882629395,22.0
dynamic,5,2,237,1.0091011877059937,0.9718369393348694,0.03726425212621689,0.9229258222579956,0.9229258222579956,0.0,2.0,2.0,2370.0,1001.0,0.0,0.3107095956802368,0.8463504314422607,1.3035101890563965,4.5886921882629395,22.0
dynamic,5,2,238,0.9963969233512878,0.9594035434722901,0.03699338015913963,0.9265976283073425,0.9265976283073425,0.0,2.0,2.0,2380.0,1001.0,0.0,0.3107095956802368,0.8463504314422607,1.3035101890563965,4.5886921882629395,22.0
dynamic,5,2,239,1.0145501777648926,0.9747170538902282,0.03983312726020813,0.923445040512085,0.923445040512085,0.0,2.0,2.0,2390.0,1001.0,0.0,0.3107095956802368,0.8463504314422607,1.3035101890563965,4.5886921882629395,22.0
dynamic,5,2,240,1.017859733581543,0.9743587531089782,0.04350097616314888,0.9177520639419555,0.9177520639419555,0.0,2.0,2.0,2400.0,1001.0,0.0,0.3107095956802368,0.8463504314422607,1.3035101890563965,4.5886921882629395,22.0
dynamic,5,2,241,1.0044130690574646,0.9642170572280884,0.04019600646495819,0.9303072192192078,0.9303072192192078,0.0,2.0,2.0,2410.0,1001.0,0.0,0.3107095956802368,0.8463504314422607,1.3035101890563965,4.5886921882629395,22.0
dynamic,5,2,242,1.0110613433837892,0.9711982158660889,0.03986310893297195,0.9285698623657227,0.9285698623657227,0.0,2.0,2.0,2420.0,1001.0,0.0,0.3107095956802368,0.8463504314422607,1.3035101890563965,4.5886921882629395,22.0
dynamic,5,2,243,0.9921265014648437,0.9553796151161194,0.03674689468741417,0.9299235677719117,0.9299235677719117,0.0,2.0,2.0,2430.0,1001.0,0.0,0.3107095956802368,0.8463504314422607,1.3035101890563965,4.5886921882629395,22.0
dynamic,5,2,244,1.0002609954833985,0.964050182056427,0.03621081617772579,0.9589632756233215,0.9589632756233215,0.0,2.0,2.0,2440.0,1001.0,0.0,0.3107095956802368,0.8463504314422607,1.3035101890563965,4.5886921882629395,22.0
dynamic,5,2,245,1.0290166038513184,0.9916442740440369,0.03737233579754829,0.9816471705436707,0.9816471705436707,0.0,2.0,2.0,2450.0,1001.0,0.0,0.3107095956802368,0.8463504314422607,1.3035101890563965,4.5886921882629395,22.0
dynamic,5,2,246,1.0672223114967345,1.0307245958328246,0.03649772145152092,1.005057570362091,1.005057570362091,0.0,2.0,2.0,2460.0,1001.0,0.0,0.3107095956802368,0.8463504314422607,1.3035101890563965,4.5886921882629395,22.0
dynamic,5,2,247,1.0589993721008302,1.0248486096382141,0.03415074301660061,0.9751247973442078,0.9751247973442078,0.0,2.0,2.0,2470.0,1001.0,0.0,0.3107095956802368,0.8463504314422607,1.3035101890563965,4.5886921882629395,22.0
dynamic,5,2,248,1.0340566902160644,0.9973275817871093,0.0367291055560112,0.9531790578842163,0.9531790578842163,0.0,2.0,2.0,2480.0,1001.0,0.0,0.3107095956802368,0.8463504314422607,1.3035101890563965,4.5886921882629395,22.0
dynamic,5,2,249,1.0201791408538818,0.9793069899559022,0.0408721684217453,0.9465861200332641,0.9465861200332641,0.0,2.0,2.0,2490.0,1001.0,0.0,0.3107095956802368,0.8463504314422607,1.3035101890563965,4.5886921882629395,22.0
dynamic,5,2,250,1.0310540519714355,0.9887421173095703,0.042311922031641004,0.9492599511146546,0.9492599511146546,0.0,2.0,2.0,2500.0,1001.0,0.0,0.3107095956802368,0.8463504314422607,1.3035101890563965,4.5886921882629395,22.0
dynamic,5,2,251,1.0549834030151368,1.0182805366516112,0.03670287482738495,0.9970159342765809,0.9970159342765809,0.0,2.0,2.0,2510.0,1001.0,0.0,0.3107095956802368,0.8463504314422607,1.3035101890563965,4.5886921882629395,22.0
dynamic,5,2,252,1.0410821718215943,1.0048727973937988,0.03620938076972961,0.9983690843582154,0.9983690843582154,0.0,2.0,2.0,2520.0,1001.0,0.0,0.3107095956802368,0.8463504314422607,1.3035101890563965,4.5886921882629395,22.0
dynamic,5,2,253,1.0771433687210084,1.0369635227203369,0.04017984620928764,1.013487849998474,1.013487849998474,0.0,2.0,2.0,2530.0,1001.0,0.0,0.3107095956802368,0.8463504314422607,1.3035101890563965,4.5886921882629395,22.0
dynamic,5,2,254,1.092615460586548,1.0568157579421997,0.03579970204234123,0.9958602676391601,0.9958602676391601,0.0,2.0,2.0,2540.0,1001.0,0.0,0.3107095956802368,0.8463504314422607,1.3035101890563965,4.5886921882629395,22.0
dynamic,5,2,255,1.085967819213867,1.0497596506118774,0.03620817387700081,1.0196298983573913,1.0196298983573913,0.0,2.0,2.0,2550.0,1001.0,0.0,0.3107095956802368,0.8463504314422607,1.3035101890563965,4.5886921882629395,22.0
dynamic,5,2,256,1.073802742576599,1.0375694662094117,0.03623327524662018,0.9423583621978759,0.9423583621978759,0.0,2.0,2.0,2560.0,1001.0,0.0,0.3107095956802368,0.8463504314422607,1.3035101890563965,4.5886921882629395,22.0
dynamic,5,2,257,1.0711008934020996,1.0333918665885926,0.037709035938978196,0.9879799406051636,0.9879799406051636,0.0,2.0,2.0,2570.0,1001.0,0.0,0.3107095956802368,0.8463504314422607,1.3035101890563965,4.5886921882629395,22.0
dynamic,5,2,258,1.0653263858795166,1.0283921487808227,0.0369342354863882,0.9630421816825867,0.9630421816825867,0.0,2.0,2.0,2580.0,1001.0,0.0,0.3107095956802368,0.8463504314422607,1.3035101890563965,4.5886921882629395,22.0
dynamic,5,2,259,1.0686481504440308,1.0280074865341187,0.04064066918492317,0.9783251030921936,0.9783251030921936,0.0,2.0,2.0,2590.0,1001.0,0.0,0.3107095956802368,0.8463504314422607,1.3035101890563965,4.5886921882629395,22.0
dynamic,5,2,260,1.0745229080200196,1.038932450580597,0.035590462350845335,0.9626033638000489,0.9626033638000489,0.0,2.0,2.0,2600.0,1001.0,0.0,0.3107095956802368,0.8463504314422607,1.3035101890563965,4.5886921882629395,22.0
dynamic,5,2,261,1.0645722661972046,1.024450471973419,0.040121782594919206,0.9918928690910339,0.9918928690910339,0.0,2.0,2.0,2610.0,1001.0,0.0,0.3107095956802368,0.8463504314422607,1.3035101890563965,4.5886921882629395,22.0
dynamic,5,2,262,1.077374308204651,1.041089115524292,0.03628519685268402,0.9936147897720337,0.9936147897720337,0.0,2.0,2.0,2620.0,1001.0,0.0,0.3107095956802368,0.8463504314422607,1.3035101890563965,4.5886921882629395,22.0
dynamic,5,2,263,1.0867145378112792,1.0486537628173829,0.0380607723236084,1.0447982682228087,1.0447982682228087,0.0,2.0,2.0,2630.0,1001.0,0.0,0.3107095956802368,0.8463504314422607,1.3035101890563965,4.5886921882629395,22.0
dynamic,5,2,264,1.088451202392578,1.0569919050216674,0.03145931286811829,0.9871226509094239,0.9871226509094239,0.0,2.0,2.0,2640.0,1001.0,0.0,0.3107095956802368,0.8463504314422607,1.3035101890563965,4.5886921882629395,22.0
dynamic,5,2,265,1.0931802680969238,1.0579009622573852,0.03527930502295494,1.0250400239944457,1.0250400239944457,0.0,2.0,2.0,2650.0,1001.0,0.0,0.3107095956802368,0.8463504314422607,1.3035101890563965,4.5886921882629395,22.0
dynamic,5,2,266,1.0877518915176392,1.0527917239189148,0.03496016047596932,1.0064178887367248,1.0064178887367248,0.0,2.0,2.0,2660.0,1001.0,0.0,0.3107095956802368,0.8463504314422607,1.3035101890563965,4.5886921882629395,22.0
dynamic,5,2,267,1.0929054929733277,1.0596053422927856,0.03330015733838081,1.0504152122497559,1.0504152122497559,0.0,2.0,2.0,2670.0,1001.0,0.0,0.3107095956802368,0.8463504314422607,1.3035101890563965,4.5886921882629395,22.0
dynamic,5,2,268,1.1050110977172851,1.0691770421981812,0.03583407321572304,1.01566830701828,1.01566830701828,0.0,2.0,2.0,2680.0,1001.0,0.0,0.3107095956802368,0.8463504314422607,1.3035101890563965,4.5886921882629395,22.0
dynamic,5,2,269,1.0938608774185181,1.0593726095199585,0.03448826491236687,0.9976388069152832,0.9976388069152832,0.0,2.0,2.0,2690.0,1001.0,0.0,0.3107095956802368,0.8463504314422607,1.3035101890563965,4.5886921882629395,22.0
dynamic,5,2,270,1.0974336727142333,1.061528221321106,0.035905458530783654,1.0508439686775208,1.0508439686775208,0.0,2.0,2.0,2700.0,1001.0,0.0,0.3107095956802368,0.8463504314422607,1.3035101890563965,4.5886921882629395,22.0
dynamic,5,2,271,1.1167627695083617,1.0860652530670165,0.03069750482738018,1.0544477342605592,1.0544477342605592,0.0,2.0,2.0,2710.0,1001.0,0.0,0.3107095956802368,0.8463504314422607,1.3035101890563965,4.5886921882629395,22.0
dynamic,5,2,272,1.1397253751754761,1.1097483667373658,0.02997700972557068,1.074539573287964,1.074539573287964,0.0,2.0,2.0,2720.0,1001.0,0.0,0.3107095956802368,0.8463504314422607,1.3035101890563965,4.5886921882629395,22.0
dynamic,5,2,273,1.1160831478118896,1.0830815979003907,0.03300153192579746,1.0394942394256592,1.0394942394256592,0.0,2.0,2.0,2730.0,1001.0,0.0,0.3107095956802368,0.8463504314422607,1.3035101890563965,4.5886921882629395,22.0
dynamic,5,2,274,1.1322238822937012,1.0951511512756347,0.037072732067108156,1.059919732284546,1.059919732284546,0.0,2.0,2.0,2740.0,1001.0,0.0,0.3107095956802368,0.8463504314422607,1.3035101890563965,4.5886921882629395,22.0
dynamic,5,2,275,1.1110126119613648,1.082587220954895,0.028425383973121644,1.031008145904541,1.031008145904541,0.0,2.0,2.0,2750.0,1001.0,0.0,0.3107095956802368,0.8463504314422607,1.3035101890563965,4.5886921882629395,22.0
dynamic,5,2,276,1.1125891328811646,1.0780220638275146,0.034567074823379514,1.0294604138374328,1.0294604138374328,0.0,2.0,2.0,2760.0,1001.0,0.0,0.3107095956802368,0.8463504314422607,1.3035101890563965,4.5886921882629395,22.0
dynamic,5,2,277,1.125694280052185,1.0924277891159058,0.033266473960876466,1.05034106798172,1.05034106798172,0.0,2.0,2.0,2770.0,1001.0,0.0,0.3107095956802368,0.8463504314422607,1.3035101890563965,4.5886921882629395,22.0
dynamic,5,2,278,1.123291612625122,1.092408261871338,0.030883343654870988,1.0500373573303223,1.0500373573303223,0.0,2.0,2.0,2780.0,1001.0,0.0,0.3107095956802368,0.8463504314422607,1.3035101890563965,4.5886921882629395,22.0
dynamic,5,2,279,1.1024496334075928,1.0700031253814697,0.03244652575552463,1.0485163794517518,1.0485163794517518,0.0,2.0,2.0,2790.0,1001.0,0.0,0.3107095956802368,0.8463504314422607,1.3035101890563965,4.5886921882629395,22.0
dynamic,5,2,280,1.106841682434082,1.0747049598693847,0.03213670375943184,1.050810321712494,1.050810321712494,0.0,2.0,2.0,2800.0,1001.0,0.0,0.3107095956802368,0.8463504314422607,1.3035101890563965,4.5886921882629395,22.0
dynamic,5,2,281,1.1277433572769164,1.0945924018859863,0.03315096008181572,1.050467647075653,1.050467647075653,0.0,2.0,2.0,2810.0,1001.0,0.0,0.3107095956802368,0.8463504314422607,1.3035101890563965,4.5886921882629395,22.0
dynamic,5,2,282,1.1150752702713014,1.0801410427093505,0.03493421851992607,1.0438730278015136,1.0438730278015136,0.0,2.0,2.0,2820.0,1001.0,0.0,0.3107095956802368,0.8463504314422607,1.3035101890563965,4.5886921882629395,22.0
dynamic,5,2,283,1.1089637983322143,1.0774818759918212,0.03148194174170494,1.0399048993110658,1.0399048993110658,0.0,2.0,2.0,2830.0,1001.0,0.0,0.3107095956802368,0.8463504314422607,1.3035101890563965,4.5886921882629395,22.0
dynamic,5,2,284,1.1153109884262085,1.081227752685547,0.03408323820829391,1.0549305452346802,1.0549305452346802,0.0,2.0,2.0,2840.0,1001.0,0.0,0.3107095956802368,0.8463504314422607,1.3035101890563965,4.5886921882629395,22.0
dynamic,5,2,285,1.1198277183532714,1.0868668252944946,0.0329608842253685,1.0471691550254822,1.0471691550254822,0.0,2.0,2.0,2850.0,1001.0,0.0,0.3107095956802368,0.8463504314422607,1.3035101890563965,4.5886921882629395,22.0
dynamic,5,2,286,1.1081510652542115,1.074888154220581,0.03326290306448936,1.0470396434783935,1.0470396434783935,0.0,2.0,2.0,2860.0,1001.0,0.0,0.3107095956802368,0.8463504314422607,1.3035101890563965,4.5886921882629395,22.0
dynamic,5,2,287,1.1217432146072388,1.0870760416030885,0.03466716964840889,1.0424821108818054,1.0424821108818054,0.0,2.0,2.0,2870.0,1001.0,0.0,0.3107095956802368,0.8463504314422607,1.3035101890563965,4.5886921882629395,22.0
dynamic,5,2,288,1.119985773086548,1.089953441429138,0.030032329362630845,1.0463385457992553,1.0463385457992553,0.0,2.0,2.0,2880.0,1001.0,0.0,0.3107095956802368,0.8463504314422607,1.3035101890563965,4.5886921882629395,22.0
dynamic,5,2,289,1.1097839530944824,1.074719030380249,0.035064952036738394,1.0478051445960999,1.0478051445960999,0.0,2.0,2.0,2890.0,1001.0,0.0,0.3107095956802368,0.8463504314422607,1.3035101890563965,4.5886921882629395,22.0
dynamic,5,2,290,1.1078463119506836,1.074599442100525,0.0332468673825264,1.047859855079651,1.047859855079651,0.0,2.0,2.0,2900.0,1001.0,0.0,0.3107095956802368,0.8463504314422607,1.3035101890563965,4.5886921882629395,22.0
dynamic,5,2,291,1.1141488296508788,1.0835502065658569,0.030598600667715074,1.0499880016326903,1.0499880016326903,0.0,2.0,2.0,2910.0,1001.0,0.0,0.3107095956802368,0.8463504314422607,1.3035101890563965,4.5886921882629395,22.0
dynamic,5,2,292,1.1293225671768188,1.0960403182983398,0.03328223534822464,1.0488224710464478,1.0488224710464478,0.0,2.0,2.0,2920.0,1001.0,0.0,0.3107095956802368,0.8463504314422607,1.3035101890563965,4.5886921882629395,22.0
dynamic,5,2,293,1.1185091888427734,1.0833885414123534,0.03512064309120178,1.0484248756408692,1.0484248756408692,0.0,2.0,2.0,2930.0,1001.0,0.0,0.3107095956802368,0.8463504314422607,1.3035101890563965,4.5886921882629395,22.0
dynamic,5,2,294,1.0973680557250975,1.0629311670303345,0.034436886966228486,1.03254297914505,1.03254297914505,0.0,2.0,2.0,2940.0,1001.0,0.0,0.3107095956802368,0.8463504314422607,1.3035101890563965,4.5886921882629395,22.0
dynamic,5,2,295,1.1141980176925659,1.0761072998046874,0.038090704602003096,1.047065144443512,1.047065144443512,0.0,2.0,2.0,2950.0,1001.0,0.0,0.3107095956802368,0.8463504314422607,1.3035101890563965,4.5886921882629395,22.0
dynamic,5,2,296,1.1136798349380492,1.081591410446167,0.03208842085599899,1.0459014569282532,1.0459014569282532,0.0,2.0,2.0,2960.0,1001.0,0.0,0.3107095956802368,0.8463504314422607,1.3035101890563965,4.5886921882629395,22.0
dynamic,5,2,297,1.1078717567443848,1.0726956689834595,0.0351760912835598,1.0430309911727906,1.0430309911727906,0.0,2.0,2.0,2970.0,1001.0,0.0,0.3107095956802368,0.8463504314422607,1.3035101890563965,4.5886921882629395,22.0
dynamic,5,2,298,1.1201266187667847,1.0881785871505738,0.03194802052974701,1.0468055778503418,1.0468055778503418,0.0,2.0,2.0,2980.0,1001.0,0.0,0.3107095956802368,0.8463504314422607,1.3035101890563965,4.5886921882629395,22.0
dynamic,5,2,299,1.121456231880188,1.0835627679824829,0.03789345761537552,1.0470997025489808,1.0470997025489808,0.0,2.0,2.0,2990.0,1001.0,0.0,0.3107095956802368,0.8463504314422607,1.3035101890563965,4.5886921882629395,22.0
dynamic,5,2,300,1.1275736970901489,1.0928174291610717,0.034756274324655535,1.0490671562194824,1.0490671562194824,0.0,2.0,2.0,3000.0,1001.0,0.0,0.3107095956802368,0.8463504314422607,1.3035101890563965,4.5886921882629395,22.0
dynamic,5,2,301,1.113504112815857,1.079577004623413,0.03392712554335594,1.0485991932868957,1.0485991932868957,0.0,2.0,2.0,3010.0,1001.0,0.0,0.3107095956802368,0.8463504314422607,1.3035101890563965,4.5886921882629395,22.0
dynamic,5,2,302,1.1106540807724,1.0769146821975708,0.033739403986930844,1.0459371835708617,1.0459371835708617,0.0,2.0,2.0,3020.0,1001.0,0.0,0.3107095956802368,0.8463504314422607,1.3035101890563965,4.5886921882629395,22.0
dynamic,5,2,303,1.1222491737365723,1.0888530820846558,0.03339607716202736,1.041121355819702,1.041121355819702,0.0,2.0,2.0,3030.0,1001.0,0.0,0.3107095956802368,0.8463504314422607,1.3035101890563965,4.5886921882629395,22.0
dynamic,5,2,304,1.1116010087966919,1.0750727071762085,0.036528287586569785,1.0567504077911376,1.0567504077911376,0.0,2.0,2.0,3040.0,1001.0,0.0,0.3107095956802368,0.8463504314422607,1.3035101890563965,4.5886921882629395,22.0
dynamic,5,2,305,1.0963414981842041,1.0637736951828003,0.032567806231975555,1.044646013355255,1.044646013355255,0.0,2.0,2.0,3050.0,1001.0,0.0,0.3107095956802368,0.8463504314422607,1.3035101890563965,4.5886921882629395,22.0
dynamic,5,2,306,1.1082910724639892,1.0800416007995606,0.028249477288126944,1.0413227017402649,1.0413227017402649,0.0,2.0,2.0,3060.0,1001.0,0.0,0.3107095956802368,0.8463504314422607,1.3035101890563965,4.5886921882629395,22.0
dynamic,5,2,307,1.1217980432510375,1.085026009941101,0.03677202053666115,1.0482188654899598,1.0482188654899598,0.0,2.0,2.0,3070.0,1001.0,0.0,0.3107095956802368,0.8463504314422607,1.3035101890563965,4.5886921882629395,22.0
dynamic,5,2,308,1.1097364505767822,1.0803293476104736,0.029407107824087144,1.0427599252700805,1.0427599252700805,0.0,2.0,2.0,3080.0,1001.0,0.0,0.3107095956802368,0.8463504314422607,1.3035101890563965,4.5886921882629395,22.0
dynamic,5,2,309,1.1287677194595336,1.0912265970230102,0.03754113653302193,1.0452461522102356,1.0452461522102356,0.0,2.0,2.0,3090.0,1001.0,0.0,0.3107095956802368,0.8463504314422607,1.3035101890563965,4.5886921882629395,22.0
dynamic,5,2,310,1.129737042427063,1.0942178411483765,0.03551920580863953,1.0458552357673645,1.0458552357673645,0.0,2.0,2.0,3100.0,1001.0,0.0,0.3107095956802368,0.8463504314422607,1.3035101890563965,4.5886921882629395,22.0
dynamic,5,2,311,1.1242108098983765,1.08553217086792,0.03867864481806755,1.0454879693031311,1.0454879693031311,0.0,2.0,2.0,3110.0,1001.0,0.0,0.3107095956802368,0.8463504314422607,1.3035101890563965,4.5886921882629395,22.0
dynamic,5,2,312,1.1251770666122436,1.0826661016464234,0.042510947483778,1.0396312966346741,1.0396312966346741,0.0,2.0,2.0,3120.0,1001.0,0.0,0.3107095956802368,0.8463504314422607,1.3035101890563965,4.5886921882629395,22.0
dynamic,5,2,313,1.1347450506210328,1.1014333694458007,0.03331167730689049,1.047636544895172,1.047636544895172,0.0,2.0,2.0,3130.0,1001.0,0.0,0.3107095956802368,0.8463504314422607,1.3035101890563965,4.5886921882629395,22.0
dynamic,5,2,314,1.1130838600158692,1.0776997097015382,0.03538415367603302,1.0464846931457519,1.0464846931457519,0.0,2.0,2.0,3140.0,1001.0,0.0,0.3107095956802368,0.8463504314422607,1.3035101890563965,4.5886921882629395,22.0
dynamic,5,2,315,1.1157707279205322,1.0799613220214843,0.03580940392613411,1.0551052265167236,1.0551052265167236,0.0,2.0,2.0,3150.0,1001.0,0.0,0.3107095956802368,0.8463504314422607,1.3035101890563965,4.5886921882629395,22.0
dynamic,5,2,316,1.121694559955597,1.0867820638656616,0.034912503272295,1.0451174074172973,1.0451174074172973,0.0,2.0,2.0,3160.0,1001.0,0.0,0.3107095956802368,0.8463504314422607,1.3035101890563965,4.5886921882629395,22.0
dynamic,5,2,317,1.117948528289795,1.086053668308258,0.031894839084148405,1.0461800409317017,1.0461800409317017,0.0,2.0,2.0,3170.0,1001.0,0.0,0.3107095956802368,0.8463504314422607,1.3035101890563965,4.5886921882629395,22.0
dynamic,5,2,318,1.1056845319747926,1.0739333864212035,0.03175113477408886,1.049377749633789,1.049377749633789,0.0,2.0,2.0,3180.0,1001.0,0.0,0.3107095956802368,0.8463504314422607,1.3035101890563965,4.5886921882629395,22.0
dynamic,5,2,319,1.1051361434936524,1.0731479314804078,0.03198820318579674,1.0439634984970092,1.0439634984970092,0.0,2.0,2.0,3190.0,1001.0,0.0,0.3107095956802368,0.8463504314422607,1.3035101890563965,4.5886921882629395,22.0
dynamic,5,2,320,1.1144030607223512,1.076136334991455,0.03826672038435936,1.0447023691177368,1.0447023691177368,0.0,2.0,2.0,3200.0,1001.0,0.0,0.3107095956802368,0.8463504314422607,1.3035101890563965,4.5886921882629395,22.0
dynamic,5,2,321,1.1200507526397705,1.077444794845581,0.04260593739151955,1.0491371593475343,1.0491371593475343,0.0,2.0,2.0,3210.0,1001.0,0.0,0.3107095956802368,0.8463504314422607,1.3035101890563965,4.5886921882629395,22.0
dynamic,5,2,322,1.1254113010406495,1.089223342514038,0.03618796756863594,1.0581182531356812,1.0581182531356812,0.0,2.0,2.0,3220.0,1001.0,0.0,0.3107095956802368,0.8463504314422607,1.3035101890563965,4.5886921882629395,22.0
dynamic,5,2,323,1.115671396446228,1.0769412349700929,0.03873016891479492,1.0407577858924866,1.0407577858924866,0.0,2.0,2.0,3230.0,1001.0,0.0,0.3107095956802368,0.8463504314422607,1.3035101890563965,4.5886921882629395,22.0
dynamic,5,2,324,1.0955805994033814,1.063996749687195,0.031583833894133564,1.0493471304893494,1.0493471304893494,0.0,2.0,2.0,3240.0,1001.0,0.0,0.3107095956802368,0.8463504314422607,1.3035101890563965,4.5886921882629395,22.0
dynamic,5,2,325,1.0979001903533936,1.068873894405365,0.02902630744576454,1.0329409914970398,1.0329409914970398,0.0,2.0,2.0,3250.0,1001.0,0.0,0.3107095956802368,0.8463504314422607,1.3035101890563965,4.5886921882629395,22.0
dynamic,5,2,326,1.120314902305603,1.0863813653945922,0.033933527183532715,1.0406263966560363,1.0406263966560363,0.0,2.0,2.0,3260.0,1001.0,0.0,0.3107095956802368,0.8463504314422607,1.3035101890563965,4.5886921882629395,22.0
dynamic,5,2,327,1.119366508769989,1.0893029958724976,0.03006350337266922,1.021348342895508,1.021348342895508,0.0,2.0,2.0,3270.0,1001.0,0.0,0.3107095956802368,0.8463504314422607,1.3035101890563965,4.5886921882629395,22.0
dynamic,5,2,328,1.1099010410308838,1.07635955286026,0.033541474264860156,1.0426219379425048,1.0426219379425048,0.0,2.0,2.0,3280.0,1001.0,0.0,0.3107095956802368,0.8463504314422607,1.3035101890563965,4.5886921882629395,22.0
dynamic,5,2,329,1.1072428283691407,1.0747965660095216,0.032446259677410126,1.0437318128585815,1.0437318128585815,0.0,2.0,2.0,3290.0,1001.0,0.0,0.3107095956802368,0.8463504314422607,1.3035101890563965,4.5886921882629395,22.0
dynamic,5,2,330,1.1058141742706298,1.073541542816162,0.0322726242005825,1.0280280123710632,1.0280280123710632,0.0,2.0,2.0,3300.0,1001.0,0.0,0.3107095956802368,0.8463504314422607,1.3035101890563965,4.5886921882629395,22.0
dynamic,5,2,331,1.1191411640167237,1.0814741567611694,0.03766700102090836,1.0432091979026794,1.0432091979026794,0.0,2.0,2.0,3310.0,1001.0,0.0,0.3107095956802368,0.8463504314422607,1.3035101890563965,4.5886921882629395,22.0
dynamic,5,2,332,1.1044297128677367,1.073306218147278,0.031123487481474876,1.0429559812545777,1.0429559812545777,0.0,2.0,2.0,3320.0,1001.0,0.0,0.3107095956802368,0.8463504314422607,1.3035101890563965,4.5886921882629395,22.0
dynamic,5,2,333,1.1006663301467896,1.066110532951355,0.034555796462297436,1.0499927513122558,1.0499927513122558,0.0,2.0,2.0,3330.0,1001.0,0.0,0.3107095956802368,0.8463504314422607,1.3035101890563965,4.5886921882629395,22.0
dynamic,5,2,334,1.1047207130432128,1.0741323347091676,0.0305883848130703,1.0408919947624207,1.0408919947624207,0.0,2.0,2.0,3340.0,1001.0,0.0,0.3107095956802368,0.8463504314422607,1.3035101890563965,4.5886921882629395,22.0
dynamic,5,2,335,1.1215389766693116,1.084212156867981,0.037326822674274444,1.0428160718917847,1.0428160718917847,0.0,2.0,2.0,3350.0,1001.0,0.0,0.3107095956802368,0.8463504314422607,1.3035101890563965,4.5886921882629395,22.0
dynamic,5,2,336,1.113148505783081,1.0848042818069459,0.02834421767294407,1.0419516682624816,1.0419516682624816,0.0,2.0,2.0,3360.0,1001.0,0.0,0.3107095956802368,0.8463504314422607,1.3035101890563965,4.5886921882629395,22.0
dynamic,5,2,337,1.1053373683929444,1.074693685913086,0.030643678694963455,1.0293873573303223,1.0293873573303223,0.0,2.0,2.0,3370.0,1001.0,0.0,0.3107095956802368,0.8463504314422607,1.3035101890563965,4.5886921882629395,22.0
dynamic,5,2,338,1.1175323041915894,1.084912426185608,0.032619851255416873,1.0504415460586547,1.0504415460586547,0.0,2.0,2.0,3380.0,1001.0,0.0,0.3107095956802368,0.8463504314422607,1.3035101890563965,4.5886921882629395,22.0
dynamic,5,2,339,1.1159222761154175,1.0836827547073364,0.03223951697945595,1.0411454536437987,1.0411454536437987,0.0,2.0,2.0,3390.0,1001.0,0.0,0.3107095956802368,0.8463504314422607,1.3035101890563965,4.5886921882629395,22.0
dynamic,5,2,340,1.1066241823196412,1.076546213722229,0.030077957916259765,1.0407359086990355,1.0407359086990355,0.0,2.0,2.0,3400.0,1001.0,0.0,0.3107095956802368,0.8463504314422607,1.3035101890563965,4.5886921882629395,22.0
dynamic,5,2,341,1.1103146333694458,1.078676099205017,0.031638543996214866,1.0477038513183594,1.0477038513183594,0.0,2.0,2.0,3410.0,1001.0,0.0,0.3107095956802368,0.8463504314422607,1.3035101890563965,4.5886921882629395,22.0
dynamic,5,2,342,1.1045672117233276,1.0742893926620483,0.030277816450595855,1.0410455286026001,1.0410455286026001,0.0,2.0,2.0,3420.0,1001.0,0.0,0.3107095956802368,0.8463504314422607,1.3035101890563965,4.5886921882629395,22.0
dynamic,5,2,343,1.1178762929916382,1.0860295837402343,0.03184671227931976,1.0466244229316712,1.0466244229316712,0.0,2.0,2.0,3430.0,1001.0,0.0,0.3107095956802368,0.8463504314422607,1.3035101890563965,4.5886921882629395,22.0
dynamic,5,2,344,1.1160463478088378,1.087136611557007,0.028909737530350685,1.043824255180359,1.043824255180359,0.0,2.0,2.0,3440.0,1001.0,0.0,0.3107095956802368,0.8463504314422607,1.3035101890563965,4.5886921882629395,22.0
dynamic,5,2,345,1.1120926893234253,1.07694800157547,0.03514467503130436,1.0439231735229493,1.0439231735229493,0.0,2.0,2.0,3450.0,1001.0,0.0,0.3107095956802368,0.8463504314422607,1.3035101890563965,4.5886921882629395,22.0
dynamic,5,2,346,1.1092553438186645,1.0746519130706786,0.034603408432006835,1.0450462244033814,1.0450462244033814,0.0,2.0,2.0,3460.0,1001.0,0.0,0.3107095956802368,0.8463504314422607,1.3035101890563965,4.5886921882629395,22.0
dynamic,5,2,347,1.1146588695526123,1.0770929836273193,0.03756587975025177,1.042102205657959,1.042102205657959,0.0,2.0,2.0,3470.0,1001.0,0.0,0.3107095956802368,0.8463504314422607,1.3035101890563965,4.5886921882629395,22.0
dynamic,5,2,348,1.1006436255455017,1.0632023750305175,0.03744124904572964,1.0353598166465758,1.0353598166465758,0.0,2.0,2.0,3480.0,1001.0,0.0,0.3107095956802368,0.8463504314422607,1.3035101890563965,4.5886921882629395,22.0
dynamic,5,2,349,1.1205630472183228,1.0882570167541503,0.032306024649739265,1.0443533403396605,1.0443533403396605,0.0,2.0,2.0,3490.0,1001.0,0.0,0.3107095956802368,0.8463504314422607,1.3035101890563965,4.5886921882629395,22.0
dynamic,5,2,350,1.109432814025879,1.0778261465072632,0.03160667342841625,1.0409917464256286,1.0409917464256286,0.0,2.0,2.0,3500.0,1001.0,0.0,0.3107095956802368,0.8463504314422607,1.3035101890563965,4.5886921882629395,22.0
dynamic,5,2,351,1.110901070022583,1.0786633974075317,0.03223768057525158,1.0435299907684326,1.0435299907684326,0.0,2.0,2.0,3510.0,1001.0,0.0,0.3107095956802368,0.8463504314422607,1.3035101890563965,4.5886921882629395,22.0
dynamic,5,2,352,1.1076284620285035,1.078739555454254,0.028888893616199493,1.04609732465744,1.04609732465744,0.0,2.0,2.0,3520.0,1001.0,0.0,0.3107095956802368,0.8463504314422607,1.3035101890563965,4.5886921882629395,22.0
dynamic,5,2,353,1.1062780002593995,1.0769995239257812,0.02927846833765507,1.045972604560852,1.045972604560852,0.0,2.0,2.0,3530.0,1001.0,0.0,0.3107095956802368,0.8463504314422607,1.3035101890563965,4.5886921882629395,22.0
dynamic,5,2,354,1.1114973098754883,1.0809297927856445,0.030567508792877198,1.0472975524902344,1.0472975524902344,0.0,2.0,2.0,3540.0,1001.0,0.0,0.3107095956802368,0.8463504314422607,1.3035101890563965,4.5886921882629395,22.0
dynamic,5,2,355,1.1096651863098144,1.0747525329589844,0.03491265076994896,1.044348733329773,1.044348733329773,0.0,2.0,2.0,3550.0,1001.0,0.0,0.3107095956802368,0.8463504314422607,1.3035101890563965,4.5886921882629395,22.0
dynamic,5,2,356,1.1010411643981934,1.0715653591156007,0.029475797462463378,1.049641960811615,1.049641960811615,0.0,2.0,2.0,3560.0,1001.0,0.0,0.3107095956802368,0.8463504314422607,1.3035101890563965,4.5886921882629395,22.0
dynamic,5,2,357,1.1102955003738404,1.079852663040161,0.03044283495247364,1.0432780249595641,1.0432780249595641,0.0,2.0,2.0,3570.0,1001.0,0.0,0.3107095956802368,0.8463504314422607,1.3035101890563965,4.5886921882629395,22.0
dynamic,5,2,358,1.1128021160125732,1.0808712802886964,0.03193084399104118,1.0434985808372497,1.0434985808372497,0.0,2.0,2.0,3580.0,1001.0,0.0,0.3107095956802368,0.8463504314422607,1.3035101890563965,4.5886921882629395,22.0
dynamic,5,2,359,1.1026591159820556,1.0684122423171998,0.03424685142636299,1.0440878562927247,1.0440878562927247,0.0,2.0,2.0,3590.0,1001.0,0.0,0.3107095956802368,0.8463504314422607,1.3035101890563965,4.5886921882629395,22.0
dynamic,5,2,360,1.1300056646347045,1.0919235016822815,0.0380821562230587,1.046789807319641,1.046789807319641,0.0,2.0,2.0,3600.0,1001.0,0.0,0.3107095956802368,0.8463504314422607,1.3035101890563965,4.5886921882629395,22.0
dynamic,5,2,361,1.1067177787780762,1.076969087600708,0.029748672577738763,1.0390324879646302,1.0390324879646302,0.0,2.0,2.0,3610.0,1001.0,0.0,0.3107095956802368,0.8463504314422607,1.3035101890563965,4.5886921882629395,22.0
dynamic,5,2,362,1.1102212965011597,1.0752804458618164,0.0349408487200737,1.0443361117362977,1.0443361117362977,0.0,2.0,2.0,3620.0,1001.0,0.0,0.3107095956802368,0.8463504314422607,1.3035101890563965,4.5886921882629395,22.0
dynamic,5,2,363,1.1106053937911988,1.0766172748565674,0.033988128036260605,1.0413618103027344,1.0413618103027344,0.0,2.0,2.0,3630.0,1001.0,0.0,0.3107095956802368,0.8463504314422607,1.3035101890563965,4.5886921882629395,22.0
dynamic,5,2,364,1.0956639957427978,1.062795156097412,0.0328688547194004,1.0396237580299377,1.0396237580299377,0.0,2.0,2.0,3640.0,1001.0,0.0,0.3107095956802368,0.8463504314422607,1.3035101890563965,4.5886921882629395,22.0
dynamic,5,2,365,1.1028402870178222,1.066941120147705,0.035899156948924066,1.0454655994415283,1.0454655994415283,0.0,2.0,2.0,3650.0,1001.0,0.0,0.3107095956802368,0.8463504314422607,1.3035101890563965,4.5886921882629395,22.0
dynamic,5,2,366,1.1022188808441162,1.0701628158569336,0.03205607478618622,1.0443245351791381,1.0443245351791381,0.0,2.0,2.0,3660.0,1001.0,0.0,0.3107095956802368,0.8463504314422607,1.3035101890563965,4.5886921882629395,22.0
dynamic,5,2,367,1.1046731754302979,1.0742673208236695,0.03040586462020874,1.045156026172638,1.045156026172638,0.0,2.0,2.0,3670.0,1001.0,0.0,0.3107095956802368,0.8463504314422607,1.3035101890563965,4.5886921882629395,22.0
dynamic,5,2,368,1.112884365081787,1.0789123805999756,0.03397197300195694,1.0470038786888123,1.0470038786888123,0.0,2.0,2.0,3680.0,1001.0,0.0,0.3107095956802368,0.8463504314422607,1.3035101890563965,4.5886921882629395,22.0
dynamic,5,2,369,1.1182387125015258,1.085719634437561,0.032519070157408715,1.0543847997665405,1.0543847997665405,0.0,2.0,2.0,3690.0,1001.0,0.0,0.3107095956802368,0.8463504314422607,1.3035101890563965,4.5886921882629395,22.0
dynamic,5,2,370,1.128045157623291,1.0906989002227783,0.03734625767469406,1.0451336159706115,1.0451336159706115,0.0,2.0,2.0,3700.0,1001.0,0.0,0.3107095956802368,0.8463504314422607,1.3035101890563965,4.5886921882629395,22.0
dynamic,5,2,371,1.1230756298065185,1.0874643037796021,0.035611315900087356,1.0397393837928772,1.0397393837928772,0.0,2.0,2.0,3710.0,1001.0,0.0,0.3107095956802368,0.8463504314422607,1.3035101890563965,4.5886921882629395,22.0
dynamic,5,2,372,1.111977822494507,1.0759778486251832,0.03599996848106384,1.0489405017852784,1.0489405017852784,0.0,2.0,2.0,3720.0,1001.0,0.0,0.3107095956802368,0.8463504314422607,1.3035101890563965,4.5886921882629395,22.0
dynamic,5,2,373,1.116365156364441,1.0843499076843262,0.032015253195166585,1.04253228263855,1.04253228263855,0.0,2.0,2.0,3730.0,1001.0,0.0,0.3107095956802368,0.8463504314422607,1.3035101890563965,4.5886921882629395,22.0
dynamic,5,2,374,1.1036897241592407,1.0716163719177245,0.03207335717976093,1.0496890468597413,1.0496890468597413,0.0,2.0,2.0,3740.0,1001.0,0.0,0.3107095956802368,0.8463504314422607,1.3035101890563965,4.5886921882629395,22.0
dynamic,5,2,375,1.109693907928467,1.0750587242126466,0.034635189896821975,1.04009318151474,1.04009318151474,0.0,2.0,2.0,3750.0,1001.0,0.0,0.3107095956802368,0.8463504314422607,1.3035101890563965,4.5886921882629395,22.0
dynamic,5,2,376,1.118841160583496,1.0887787309646606,0.030062412798404693,1.044527803134918,1.044527803134918,0.0,2.0,2.0,3760.0,1001.0,0.0,0.3107095956802368,0.8463504314422607,1.3035101890563965,4.5886921882629395,22.0
dynamic,5,2,377,1.1077408544540406,1.075862279510498,0.031878574436903,1.0495038757324218,1.0495038757324218,0.0,2.0,2.0,3770.0,1001.0,0.0,0.3107095956802368,0.8463504314422607,1.3035101890563965,4.5886921882629395,22.0
dynamic,5,2,378,1.1116287715911866,1.0773796424865723,0.03424910617470741,1.0485332547187804,1.0485332547187804,0.0,2.0,2.0,3780.0,1001.0,0.0,0.3107095956802368,0.8463504314422607,1.3035101890563965,4.5886921882629395,22.0
dynamic,5,2,379,1.1091071884155272,1.07603450050354,0.033072680565714836,1.045133988380432,1.045133988380432,0.0,2.0,2.0,3790.0,1001.0,0.0,0.3107095956802368,0.8463504314422607,1.3035101890563965,4.5886921882629395,22.0
dynamic,5,2,380,1.0993399728775024,1.0664878126144408,0.03285216865539551,1.046396296787262,1.046396296787262,0.0,2.0,2.0,3800.0,1001.0,0.0,0.3107095956802368,0.8463504314422607,1.3035101890563965,4.5886921882629395,22.0
dynamic,5,2,381,1.1133136562347412,1.0820751205444337,0.031238543552160263,1.0462776580810547,1.0462776580810547,0.0,2.0,2.0,3810.0,1001.0,0.0,0.3107095956802368,0.8463504314422607,1.3035101890563965,4.5886921882629395,22.0
dynamic,5,2,382,1.108708285331726,1.0735754615783693,0.03513283995985985,1.0437917539596557,1.0437917539596557,0.0,2.0,2.0,3820.0,1001.0,0.0,0.3107095956802368,0.8463504314422607,1.3035101890563965,4.5886921882629395,22.0
dynamic,5,2,383,1.1241655611038208,1.0911406789779663,0.033024870201945306,1.0451516072273255,1.0451516072273255,0.0,2.0,2.0,3830.0,1001.0,0.0,0.3107095956802368,0.8463504314422607,1.3035101890563965,4.5886921882629395,22.0
dynamic,5,2,384,1.1072257297515868,1.0730467554092407,0.034178971809148785,1.0427431008338928,1.0427431008338928,0.0,2.0,2.0,3840.0,1001.0,0.0,0.3107095956802368,0.8463504314422607,1.3035101890563965,4.5886921882629395,22.0
dynamic,5,2,385,1.1116558532714844,1.07853586769104,0.033119970554113386,1.0482979888916015,1.0482979888916015,0.0,2.0,2.0,3850.0,1001.0,0.0,0.3107095956802368,0.8463504314422607,1.3035101890563965,4.5886921882629395,22.0
dynamic,5,2,386,1.111673828125,1.0791222705841064,0.03255156134366989,1.0458266387939452,1.0458266387939452,0.0,2.0,2.0,3860.0,1001.0,0.0,0.3107095956802368,0.8463504314422607,1.3035101890563965,4.5886921882629395,22.0
dynamic,5,2,387,1.1103282392501832,1.0743746943473815,0.035953531640768054,1.042583477783203,1.042583477783203,0.0,2.0,2.0,3870.0,1001.0,0.0,0.3107095956802368,0.8463504314422607,1.3035101890563965,4.5886921882629395,22.0
dynamic,5,2,388,1.1085888124465941,1.0726038825988768,0.03598493049442768,1.0492727876663208,1.0492727876663208,0.0,2.0,2.0,3880.0,1001.0,0.0,0.3107095956802368,0.8463504314422607,1.3035101890563965,4.5886921882629395,22.0
dynamic,5,2,389,1.116911202430725,1.079247659301758,0.0376635385632515,1.0401156638145448,1.0401156638145448,0.0,2.0,2.0,3890.0,1001.0,0.0,0.3107095956802368,0.8463504314422607,1.3035101890563965,4.5886921882629395,22.0
dynamic,5,2,390,1.1062200300216676,1.0733085025787354,0.032911537736654284,1.0471105123519897,1.0471105123519897,0.0,2.0,2.0,3900.0,1001.0,0.0,0.3107095956802368,0.8463504314422607,1.3035101890563965,4.5886921882629395,22.0
dynamic,5,2,391,1.1341207971572875,1.1006767770767212,0.033444024240970614,1.046933074569702,1.046933074569702,0.0,2.0,2.0,3910.0,1001.0,0.0,0.3107095956802368,0.8463504314422607,1.3035101890563965,4.5886921882629395,22.0
dynamic,5,2,392,1.1085866008758545,1.0740611055374145,0.034525506883859636,1.0422264477729797,1.0422264477729797,0.0,2.0,2.0,3920.0,1001.0,0.0,0.3107095956802368,0.8463504314422607,1.3035101890563965,4.5886921882629395,22.0
dynamic,5,2,393,1.1056806051254273,1.0726683027267456,0.0330122905343771,1.048707454586029,1.048707454586029,0.0,2.0,2.0,3930.0,1001.0,0.0,0.3107095956802368,0.8463504314422607,1.3035101890563965,4.5886921882629395,22.0
dynamic,5,2,394,1.106535053062439,1.072114489555359,0.0344205740749836,1.0420478753089906,1.0420478753089906,0.0,2.0,2.0,3940.0,1001.0,0.0,0.3107095956802368,0.8463504314422607,1.3035101890563965,4.5886921882629395,22.0
dynamic,5,2,395,1.102033225250244,1.0701823272705078,0.03185088702440262,1.0467914666175842,1.0467914666175842,0.0,2.0,2.0,3950.0,1001.0,0.0,0.3107095956802368,0.8463504314422607,1.3035101890563965,4.5886921882629395,22.0
dynamic,5,2,396,1.0977722011566162,1.0622903896331788,0.035481807774305346,1.048269916152954,1.048269916152954,0.0,2.0,2.0,3960.0,1001.0,0.0,0.3107095956802368,0.8463504314422607,1.3035101890563965,4.5886921882629395,22.0
dynamic,5,2,397,1.097399344444275,1.0624238168716431,0.0349755244076252,1.045641760444641,1.045641760444641,0.0,2.0,2.0,3970.0,1001.0,0.0,0.3107095956802368,0.8463504314422607,1.3035101890563965,4.5886921882629395,22.0
dynamic,5,2,398,1.0979660892486571,1.0627674528121949,0.035198637321591376,1.0464662005424499,1.0464662005424499,0.0,2.0,2.0,3980.0,1001.0,0.0,0.3107095956802368,0.8463504314422607,1.3035101890563965,4.5886921882629395,22.0
dynamic,5,2,399,1.1223623386383057,1.082412427330017,0.039949921023845675,1.045277354812622,1.045277354812622,0.0,2.0,2.0,3990.0,1001.0,0.0,0.3107095956802368,0.8463504314422607,1.3035101890563965,4.5886921882629395,22.0
dynamic,5,2,400,1.105802644920349,1.0746080198287964,0.031194629836082458,1.0455450865745544,1.0455450865745544,0.0,2.0,2.0,4000.0,1001.0,0.0,0.3107095956802368,0.8463504314422607,1.3035101890563965,4.5886921882629395,22.0
dynamic,5,2,401,1.113408841896057,1.0785624935150147,0.03484635589122772,1.0462751177787781,1.0462751177787781,0.0,2.0,2.0,4010.0,1001.0,0.0,0.3107095956802368,0.8463504314422607,1.3035101890563965,4.5886921882629395,22.0
dynamic,5,2,402,1.1230980178833008,1.0912108890533447,0.03188713817000389,1.0406881960868835,1.0406881960868835,0.0,2.0,2.0,4020.0,1001.0,0.0,0.3107095956802368,0.8463504314422607,1.3035101890563965,4.5886921882629395,22.0
dynamic,5,2,403,1.1089491456985474,1.0734615323066712,0.03548760598897934,1.0528867725372315,1.0528867725372315,0.0,2.0,2.0,4030.0,1001.0,0.0,0.3107095956802368,0.8463504314422607,1.3035101890563965,4.5886921882629395,22.0
dynamic,5,2,404,1.1253400833129883,1.0911990465164185,0.03414105374217034,1.0393339626312257,1.0393339626312257,0.0,2.0,2.0,4040.0,1001.0,0.0,0.3107095956802368,0.8463504314422607,1.3035101890563965,4.5886921882629395,22.0
dynamic,5,2,405,1.107103914642334,1.07060704536438,0.036496868872642516,1.0459469017982483,1.0459469017982483,0.0,2.0,2.0,4050.0,1001.0,0.0,0.3107095956802368,0.8463504314422607,1.3035101890563965,4.5886921882629395,22.0
dynamic,5,2,406,1.1185008800506593,1.0842962255477906,0.034204659366607666,1.0434747906684876,1.0434747906684876,0.0,2.0,2.0,4060.0,1001.0,0.0,0.3107095956802368,0.8463504314422607,1.3035101890563965,4.5886921882629395,22.0
dynamic,5,2,407,1.121151703453064,1.0855882797241212,0.035563418543338776,1.0362023233413695,1.0362023233413695,0.0,2.0,2.0,4070.0,1001.0,0.0,0.3107095956802368,0.8463504314422607,1.3035101890563965,4.5886921882629395,22.0
dynamic,5,2,408,1.1084425830841065,1.0719525457382202,0.03649003570973873,1.0514912261009217,1.0514912261009217,0.0,2.0,2.0,4080.0,1001.0,0.0,0.3107095956802368,0.8463504314422607,1.3035101890563965,4.5886921882629395,22.0
dynamic,5,2,409,1.1068680393218995,1.0746487936019897,0.03221924409866333,1.0406598594665528,1.0406598594665528,0.0,2.0,2.0,4090.0,1001.0,0.0,0.3107095956802368,0.8463504314422607,1.3035101890563965,4.5886921882629395,22.0
dynamic,5,2,410,1.107291307258606,1.0703178350448608,0.03697347266077995,1.049231094932556,1.049231094932556,0.0,2.0,2.0,4100.0,1001.0,0.0,0.3107095956802368,0.8463504314422607,1.3035101890563965,4.5886921882629395,22.0
dynamic,5,2,411,1.1131272386550903,1.0780634733200074,0.035063768404722216,1.0408296572685243,1.0408296572685243,0.0,2.0,2.0,4110.0,1001.0,0.0,0.3107095956802368,0.8463504314422607,1.3035101890563965,4.5886921882629395,22.0
dynamic,5,2,412,1.101373211669922,1.0673054676055909,0.03406774044632912,1.0449352871894837,1.0449352871894837,0.0,2.0,2.0,4120.0,1001.0,0.0,0.3107095956802368,0.8463504314422607,1.3035101890563965,4.5886921882629395,22.0
dynamic,5,2,413,1.1145082180023194,1.079461175918579,0.035047050112485885,1.0427376688957215,1.0427376688957215,0.0,2.0,2.0,4130.0,1001.0,0.0,0.3107095956802368,0.8463504314422607,1.3035101890563965,4.5886921882629395,22.0
dynamic,5,2,414,1.0991762907028197,1.0632782514572143,0.03589803794622421,1.0465813940048219,1.0465813940048219,0.0,2.0,2.0,4140.0,1001.0,0.0,0.3107095956802368,0.8463504314422607,1.3035101890563965,4.5886921882629395,22.0
dynamic,5,2,415,1.1093099615097046,1.0755926301956176,0.0337173397064209,1.0461783973693848,1.0461783973693848,0.0,2.0,2.0,4150.0,1001.0,0.0,0.3107095956802368,0.8463504314422607,1.3035101890563965,4.5886921882629395,22.0
dynamic,5,2,416,1.120791143989563,1.0876238020896911,0.033167346531152726,1.0434070399284363,1.0434070399284363,0.0,2.0,2.0,4160.0,1001.0,0.0,0.3107095956802368,0.8463504314422607,1.3035101890563965,4.5886921882629395,22.0
dynamic,5,2,417,1.105476053237915,1.0687169322013854,0.03675911271572113,1.0510834718704223,1.0510834718704223,0.0,2.0,2.0,4170.0,1001.0,0.0,0.3107095956802368,0.8463504314422607,1.3035101890563965,4.5886921882629395,22.0
dynamic,5,2,418,1.1082089195251466,1.0704920421600341,0.03771687297224999,1.0467281386375427,1.0467281386375427,0.0,2.0,2.0,4180.0,1001.0,0.0,0.3107095956802368,0.8463504314422607,1.3035101890563965,4.5886921882629395,22.0
dynamic,5,2,419,1.1142090176582335,1.0827149180412292,0.03149410561025143,1.0471311184883119,1.0471311184883119,0.0,2.0,2.0,4190.0,1001.0,0.0,0.3107095956802368,0.8463504314422607,1.3035101890563965,4.5886921882629395,22.0
dynamic,5,2,420,1.1110528818130494,1.0751174041748046,0.03593549441695213,1.0454904064178467,1.0454904064178467,0.0,2.0,2.0,4200.0,1001.0,0.0,0.3107095956802368,0.8463504314422607,1.3035101890563965,4.5886921882629395,22.0
dynamic,5,2,421,1.1061812496185304,1.07353129196167,0.032649950808286664,1.041009716796875,1.041009716796875,0.0,2.0,2.0,4210.0,1001.0,0.0,0.3107095956802368,0.8463504314422607,1.3035101890563965,4.5886921882629395,22.0
dynamic,5,2,422,1.1131359342575073,1.0725362838745116,0.04059965817332268,1.0722372702598573,1.0722372702598573,0.0,2.0,2.0,4220.0,1001.0,0.0,0.3107095956802368,0.8463504314422607,1.3035101890563965,4.5886921882629395,22.0
dynamic,5,2,423,1.1139838792800902,1.0825760597229004,0.03140781638622284,1.0407421785354614,1.0407421785354614,0.0,2.0,2.0,4230.0,1001.0,0.0,0.3107095956802368,0.8463504314422607,1.3035101890563965,4.5886921882629395,22.0
dynamic,5,2,424,1.1077941118240358,1.0743153303146362,0.0334787835419178,1.0448467293739319,1.0448467293739319,0.0,2.0,2.0,4240.0,1001.0,0.0,0.3107095956802368,0.8463504314422607,1.3035101890563965,4.5886921882629395,22.0
dynamic,5,2,425,1.1036415031433104,1.0718545936584474,0.03178690643310547,1.0406668932914733,1.0406668932914733,0.0,2.0,2.0,4250.0,1001.0,0.0,0.3107095956802368,0.8463504314422607,1.3035101890563965,4.5886921882629395,22.0
dynamic,5,2,426,1.123687239074707,1.0904023166656494,0.0332849164634943,1.0465762419700622,1.0465762419700622,0.0,2.0,2.0,4260.0,1001.0,0.0,0.3107095956802368,0.8463504314422607,1.3035101890563965,4.5886921882629395,22.0
dynamic,5,2,427,1.1067128465652465,1.0752147539138794,0.031498082181811334,1.0421184341430665,1.0421184341430665,0.0,2.0,2.0,4270.0,1001.0,0.0,0.3107095956802368,0.8463504314422607,1.3035101890563965,4.5886921882629395,22.0
dynamic,5,2,428,1.1117467960357665,1.0794558696746825,0.03229091645181179,1.0465675143241882,1.0465675143241882,0.0,2.0,2.0,4280.0,1001.0,0.0,0.3107095956802368,0.8463504314422607,1.3035101890563965,4.5886921882629395,22.0
dynamic,5,2,429,1.1100998517990113,1.0772324157714843,0.03286746111512184,1.0429012399673463,1.0429012399673463,0.0,2.0,2.0,4290.0,1001.0,0.0,0.3107095956802368,0.8463504314422607,1.3035101890563965,4.5886921882629395,22.0
dynamic,5,2,430,1.1067235317230224,1.0739835765838623,0.03273994941711426,1.0508593400001527,1.0508593400001527,0.0,2.0,2.0,4300.0,1001.0,0.0,0.3107095956802368,0.8463504314422607,1.3035101890563965,4.5886921882629395,22.0
dynamic,5,2,431,1.1186592269897462,1.0865302253723144,0.03212902224063873,1.0445177434921264,1.0445177434921264,0.0,2.0,2.0,4310.0,1001.0,0.0,0.3107095956802368,0.8463504314422607,1.3035101890563965,4.5886921882629395,22.0
dynamic,5,2,432,1.1051295362472535,1.0755401916503906,0.02958936984539032,1.0460586871147155,1.0460586871147155,0.0,2.0,2.0,4320.0,1001.0,0.0,0.3107095956802368,0.8463504314422607,1.3035101890563965,4.5886921882629395,22.0
dynamic,5,2,433,1.1078151426315308,1.0763503992080687,0.03146474380195141,1.042570366382599,1.042570366382599,0.0,2.0,2.0,4330.0,1001.0,0.0,0.3107095956802368,0.8463504314422607,1.3035101890563965,4.5886921882629395,22.0
dynamic,5,2,434,1.122748076248169,1.091814798927307,0.03093329111337662,1.0467473206520082,1.0467473206520082,0.0,2.0,2.0,4340.0,1001.0,0.0,0.3107095956802368,0.8463504314422607,1.3035101890563965,4.5886921882629395,22.0
dynamic,5,2,435,1.1169027658462525,1.0868843732833862,0.030018401837348937,1.045584778690338,1.045584778690338,0.0,2.0,2.0,4350.0,1001.0,0.0,0.3107095956802368,0.8463504314422607,1.3035101890563965,4.5886921882629395,22.0
dynamic,5,2,436,1.1100864225387572,1.0782038249969483,0.031882602739334104,1.0415792819976806,1.0415792819976806,0.0,2.0,2.0,4360.0,1001.0,0.0,0.3107095956802368,0.8463504314422607,1.3035101890563965,4.5886921882629395,22.0
dynamic,5,2,437,1.111372156906128,1.0770062013626098,0.03436595138907433,1.0494746034622193,1.0494746034622193,0.0,2.0,2.0,4370.0,1001.0,0.0,0.3107095956802368,0.8463504314422607,1.3035101890563965,4.5886921882629395,22.0
dynamic,5,2,438,1.0999935968399048,1.069107550048828,0.030886030182242393,1.0410272362709045,1.0410272362709045,0.0,2.0,2.0,4380.0,1001.0,0.0,0.3107095956802368,0.8463504314422607,1.3035101890563965,4.5886921882629395,22.0
dynamic,5,2,439,1.0964543147087098,1.0629011401176454,0.033553181737661364,1.050513333415985,1.050513333415985,0.0,2.0,2.0,4390.0,1001.0,0.0,0.3107095956802368,0.8463504314422607,1.3035101890563965,4.5886921882629395,22.0
dynamic,5,2,440,1.1108205268859863,1.080247878074646,0.03057264479994774,1.0455841391563416,1.0455841391563416,0.0,2.0,2.0,4400.0,1001.0,0.0,0.3107095956802368,0.8463504314422607,1.3035101890563965,4.5886921882629395,22.0
dynamic,5,2,441,1.0967988214492799,1.0645036140441895,0.03229520139098167,1.0465848118782044,1.0465848118782044,0.0,2.0,2.0,4410.0,1001.0,0.0,0.3107095956802368,0.8463504314422607,1.3035101890563965,4.5886921882629395,22.0
dynamic,5,2,442,1.1144122278213502,1.080716760444641,0.033695485043525694,1.0444754180908202,1.0444754180908202,0.0,2.0,2.0,4420.0,1001.0,0.0,0.3107095956802368,0.8463504314422607,1.3035101890563965,4.5886921882629395,22.0
dynamic,5,2,443,1.0941665872573854,1.0633490339279175,0.03081756725013256,1.0446356106758117,1.0446356106758117,0.0,2.0,2.0,4430.0,1001.0,0.0,0.3107095956802368,0.8463504314422607,1.3035101890563965,4.5886921882629395,22.0
dynamic,5,2,444,1.1095164596557616,1.079788589477539,0.029727869254350663,1.0479992097854613,1.0479992097854613,0.0,2.0,2.0,4440.0,1001.0,0.0,0.3107095956802368,0.8463504314422607,1.3035101890563965,4.5886921882629395,22.0
dynamic,5,2,445,1.1179880266189575,1.0879516801834106,0.030036341309547424,1.0539814177513123,1.0539814177513123,0.0,2.0,2.0,4450.0,1001.0,0.0,0.3107095956802368,0.8463504314422607,1.3035101890563965,4.5886921882629395,22.0
dynamic,5,2,446,1.1057383726119996,1.0680858829498292,0.03765247992873192,1.047994209957123,1.047994209957123,0.0,2.0,2.0,4460.0,1001.0,0.0,0.3107095956802368,0.8463504314422607,1.3035101890563965,4.5886921882629395,22.0
dynamic,5,2,447,1.109784308052063,1.0788572511672974,0.03092704432606697,1.0454649515151977,1.0454649515151977,0.0,2.0,2.0,4470.0,1001.0,0.0,0.3107095956802368,0.8463504314422607,1.3035101890563965,4.5886921882629395,22.0
dynamic,5,2,448,1.1006208168029785,1.0661162702560425,0.034504546359181404,1.0488812518119812,1.0488812518119812,0.0,2.0,2.0,4480.0,1001.0,0.0,0.3107095956802368,0.8463504314422607,1.3035101890563965,4.5886921882629395,22.0
dynamic,5,2,449,1.0966058267593384,1.0650228744506836,0.03158297366499901,1.0412832929611207,1.0412832929611207,0.0,2.0,2.0,4490.0,1001.0,0.0,0.3107095956802368,0.8463504314422607,1.3035101890563965,4.5886921882629395,22.0
dynamic,5,2,450,1.1130152975082397,1.078941791534424,0.03407350949048996,1.0434854034423828,1.0434854034423828,0.0,2.0,2.0,4500.0,1001.0,0.0,0.3107095956802368,0.8463504314422607,1.3035101890563965,4.5886921882629395,22.0
dynamic,5,2,451,1.0952552382469176,1.065350358772278,0.029904894283413887,1.0458736519813538,1.0458736519813538,0.0,2.0,2.0,4510.0,1001.0,0.0,0.3107095956802368,0.8463504314422607,1.3035101890563965,4.5886921882629395,22.0
dynamic,5,2,452,1.1090888162612915,1.0747417894363402,0.03434701443314552,1.0458176950454712,1.0458176950454712,0.0,2.0,2.0,4520.0,1001.0,0.0,0.3107095956802368,0.8463504314422607,1.3035101890563965,4.5886921882629395,22.0
dynamic,5,2,453,1.1081464365005493,1.0757293459892272,0.032417085170745846,1.0443294894218444,1.0443294894218444,0.0,2.0,2.0,4530.0,1001.0,0.0,0.3107095956802368,0.8463504314422607,1.3035101890563965,4.5886921882629395,22.0
dynamic,5,2,454,1.0968797819137572,1.0654918699264526,0.03138790593743324,1.0421765478134155,1.0421765478134155,0.0,2.0,2.0,4540.0,1001.0,0.0,0.3107095956802368,0.8463504314422607,1.3035101890563965,4.5886921882629395,22.0
dynamic,5,2,455,1.1065839916229248,1.074075267791748,0.032508706629276275,1.0388830934524536,1.0388830934524536,0.0,2.0,2.0,4550.0,1001.0,0.0,0.3107095956802368,0.8463504314422607,1.3035101890563965,4.5886921882629395,22.0
dynamic,5,2,456,1.1026921781539918,1.0713045240402221,0.03138766043186188,1.0433466364860535,1.0433466364860535,0.0,2.0,2.0,4560.0,1001.0,0.0,0.3107095956802368,0.8463504314422607,1.3035101890563965,4.5886921882629395,22.0
dynamic,5,2,457,1.1097797861099243,1.076491812324524,0.0332879838436842,1.044973544883728,1.044973544883728,0.0,2.0,2.0,4570.0,1001.0,0.0,0.3107095956802368,0.8463504314422607,1.3035101890563965,4.5886921882629395,22.0
dynamic,5,2,458,1.1062130390167237,1.074047459602356,0.032165567445755,1.0403412701606751,1.0403412701606751,0.0,2.0,2.0,4580.0,1001.0,0.0,0.3107095956802368,0.8463504314422607,1.3035101890563965,4.5886921882629395,22.0
dynamic,5,2,459,1.0942285585403442,1.0622522187232972,0.031976343923807146,1.0467872382164,1.0467872382164,0.0,2.0,2.0,4590.0,1001.0,0.0,0.3107095956802368,0.8463504314422607,1.3035101890563965,4.5886921882629395,22.0
dynamic,5,2,460,1.1065689397811889,1.0749989162445068,0.03157001502811909,1.0429357069969176,1.0429357069969176,0.0,2.0,2.0,4600.0,1001.0,0.0,0.3107095956802368,0.8463504314422607,1.3035101890563965,4.5886921882629395,22.0
dynamic,5,2,461,1.107776268005371,1.0725206749916076,0.03525560138821602,1.0495852352142334,1.0495852352142334,0.0,2.0,2.0,4610.0,1001.0,0.0,0.3107095956802368,0.8463504314422607,1.3035101890563965,4.5886921882629395,22.0
dynamic,5,2,462,1.1061292211532592,1.0732124561309815,0.03291676275730133,1.0396700132369996,1.0396700132369996,0.0,2.0,2.0,4620.0,1001.0,0.0,0.3107095956802368,0.8463504314422607,1.3035101890563965,4.5886921882629395,22.0
dynamic,5,2,463,1.1000123891830444,1.0663274240493774,0.033684960103034976,1.0460857243537902,1.0460857243537902,0.0,2.0,2.0,4630.0,1001.0,0.0,0.3107095956802368,0.8463504314422607,1.3035101890563965,4.5886921882629395,22.0
dynamic,5,2,464,1.1020723585128784,1.0712745161056518,0.030797826260328294,1.0374484782218933,1.0374484782218933,0.0,2.0,2.0,4640.0,1001.0,0.0,0.3107095956802368,0.8463504314422607,1.3035101890563965,4.5886921882629395,22.0
dynamic,5,2,465,1.1178799041748047,1.0849207242965697,0.032959188246726986,1.0420924624443053,1.0420924624443053,0.0,2.0,2.0,4650.0,1001.0,0.0,0.3107095956802368,0.8463504314422607,1.3035101890563965,4.5886921882629395,22.0
dynamic,5,2,466,1.106962957763672,1.0717558490753174,0.03520708505511284,1.0416779382705688,1.0416779382705688,0.0,2.0,2.0,4660.0,1001.0,0.0,0.3107095956802368,0.8463504314422607,1.3035101890563965,4.5886921882629395,22.0
dynamic,5,2,467,1.114520379447937,1.0841195793151857,0.03040078926384449,1.0397621730804443,1.0397621730804443,0.0,2.0,2.0,4670.0,1001.0,0.0,0.3107095956802368,0.8463504314422607,1.3035101890563965,4.5886921882629395,22.0
dynamic,5,2,468,1.1072211668014527,1.0746557134628296,0.03256545619368553,1.0436221538543702,1.0436221538543702,0.0,2.0,2.0,4680.0,1001.0,0.0,0.3107095956802368,0.8463504314422607,1.3035101890563965,4.5886921882629395,22.0
dynamic,5,2,469,1.1166074348449706,1.084665498161316,0.03194194542169571,1.0421394764900207,1.0421394764900207,0.0,2.0,2.0,4690.0,1001.0,0.0,0.3107095956802368,0.8463504314422607,1.3035101890563965,4.5886921882629395,22.0
dynamic,5,2,470,1.1005229919433595,1.0676636449813843,0.03285936096906662,1.0477436519622803,1.0477436519622803,0.0,2.0,2.0,4700.0,1001.0,0.0,0.3107095956802368,0.8463504314422607,1.3035101890563965,4.5886921882629395,22.0
dynamic,5,2,471,1.1002620618820191,1.0683194147109984,0.031942647320032116,1.0434753581047058,1.0434753581047058,0.0,2.0,2.0,4710.0,1001.0,0.0,0.3107095956802368,0.8463504314422607,1.3035101890563965,4.5886921882629395,22.0
dynamic,5,2,472,1.1069141792297363,1.0762512275695801,0.03066294933259487,1.0405248829841613,1.0405248829841613,0.0,2.0,2.0,4720.0,1001.0,0.0,0.3107095956802368,0.8463504314422607,1.3035101890563965,4.5886921882629395,22.0
dynamic,5,2,473,1.1097887205123902,1.074581605911255,0.035207138764858245,1.048368124294281,1.048368124294281,0.0,2.0,2.0,4730.0,1001.0,0.0,0.3107095956802368,0.8463504314422607,1.3035101890563965,4.5886921882629395,22.0
dynamic,5,2,474,1.0934947925567626,1.0627497451782226,0.03074503955245018,1.042124345970154,1.042124345970154,0.0,2.0,2.0,4740.0,1001.0,0.0,0.3107095956802368,0.8463504314422607,1.3035101890563965,4.5886921882629395,22.0
dynamic,5,2,475,1.1105265134811402,1.0756178977966309,0.034908620631694795,1.0472390117645263,1.0472390117645263,0.0,2.0,2.0,4750.0,1001.0,0.0,0.3107095956802368,0.8463504314422607,1.3035101890563965,4.5886921882629395,22.0
dynamic,5,2,476,1.1001033180236817,1.06677610912323,0.03332720690965652,1.0420732865333557,1.0420732865333557,0.0,2.0,2.0,4760.0,1001.0,0.0,0.3107095956802368,0.8463504314422607,1.3035101890563965,4.5886921882629395,22.0
dynamic,5,2,477,1.0931353603363037,1.059807541847229,0.03332783219218254,1.0418207721710204,1.0418207721710204,0.0,2.0,2.0,4770.0,1001.0,0.0,0.3107095956802368,0.8463504314422607,1.3035101890563965,4.5886921882629395,22.0
dynamic,5,2,478,1.098976139831543,1.0648957349777222,0.034080395391583446,1.0435369547843933,1.0435369547843933,0.0,2.0,2.0,4780.0,1001.0,0.0,0.3107095956802368,0.8463504314422607,1.3035101890563965,4.5886921882629395,22.0
dynamic,5,2,479,1.0931714495658875,1.0606390829086303,0.03253237677812576,1.0451771763801574,1.0451771763801574,0.0,2.0,2.0,4790.0,1001.0,0.0,0.3107095956802368,0.8463504314422607,1.3035101890563965,4.5886921882629395,22.0
dynamic,5,2,480,1.0978281400680543,1.0668160081863403,0.03101212728023529,1.041407717037201,1.041407717037201,0.0,2.0,2.0,4800.0,1001.0,0.0,0.3107095956802368,0.8463504314422607,1.3035101890563965,4.5886921882629395,22.0
dynamic,5,2,481,1.11378102684021,1.0783542985916137,0.035426734879612926,1.0432220316886902,1.0432220316886902,0.0,2.0,2.0,4810.0,1001.0,0.0,0.3107095956802368,0.8463504314422607,1.3035101890563965,4.5886921882629395,22.0
dynamic,5,2,482,1.0992060411453246,1.0659131973266602,0.03329284217953682,1.0406103907585145,1.0406103907585145,0.0,2.0,2.0,4820.0,1001.0,0.0,0.3107095956802368,0.8463504314422607,1.3035101890563965,4.5886921882629395,22.0
dynamic,5,2,483,1.1104506498336792,1.0733512735366821,0.03709938620328903,1.0424168471336366,1.0424168471336366,0.0,2.0,2.0,4830.0,1001.0,0.0,0.3107095956802368,0.8463504314422607,1.3035101890563965,4.5886921882629395,22.0
dynamic,5,2,484,1.1054816133499146,1.0670929266929627,0.03838869381546974,1.0447830186843872,1.0447830186843872,0.0,2.0,2.0,4840.0,1001.0,0.0,0.3107095956802368,0.8463504314422607,1.3035101890563965,4.5886921882629395,22.0
dynamic,5,2,485,1.1079241161346436,1.0681867414474486,0.03973737890720368,1.0482220252037049,1.0482220252037049,0.0,2.0,2.0,4850.0,1001.0,0.0,0.3107095956802368,0.8463504314422607,1.3035101890563965,4.5886921882629395,22.0
dynamic,5,2,486,1.1171298076629639,1.0771217062950134,0.040008093178272246,1.0399355257987977,1.0399355257987977,0.0,2.0,2.0,4860.0,1001.0,0.0,0.3107095956802368,0.8463504314422607,1.3035101890563965,4.5886921882629395,22.0
dynamic,5,2,487,1.1105080686569213,1.0714238437652588,0.039084222543239594,1.0425338492393494,1.0425338492393494,0.0,2.0,2.0,4870.0,1001.0,0.0,0.3107095956802368,0.8463504314422607,1.3035101890563965,4.5886921882629395,22.0
dynamic,5,2,488,1.1123532185554503,1.0768127201080322,0.03554050037562847,1.0397579387664795,1.0397579387664795,0.0,2.0,2.0,4880.0,1001.0,0.0,0.3107095956802368,0.8463504314422607,1.3035101890563965,4.5886921882629395,22.0
dynamic,5,2,489,1.1093784938812257,1.0706421955108643,0.03873630128502846,1.045462767791748,1.045462767791748,0.0,2.0,2.0,4890.0,1001.0,0.0,0.3107095956802368,0.8463504314422607,1.3035101890563965,4.5886921882629395,22.0
dynamic,5,2,490,1.1187899578094482,1.0813119066238404,0.037478053498268125,1.0408589746475219,1.0408589746475219,0.0,2.0,2.0,4900.0,1001.0,0.0,0.3107095956802368,0.8463504314422607,1.3035101890563965,4.5886921882629395,22.0
dynamic,5,2,491,1.1193190246582032,1.0803197233200073,0.03899929134845734,1.0405961181640624,1.0405961181640624,0.0,2.0,2.0,4910.0,1001.0,0.0,0.3107095956802368,0.8463504314422607,1.3035101890563965,4.5886921882629395,22.0
dynamic,5,2,492,1.1153331062316894,1.076029654121399,0.039303423315286634,1.0502799956321716,1.0502799956321716,0.0,2.0,2.0,4920.0,1001.0,0.0,0.3107095956802368,0.8463504314422607,1.3035101890563965,4.5886921882629395,22.0
dynamic,5,2,493,1.1221428424835205,1.085396439743042,0.036746404242515567,1.0419418127059936,1.0419418127059936,0.0,2.0,2.0,4930.0,1001.0,0.0,0.3107095956802368,0.8463504314422607,1.3035101890563965,4.5886921882629395,22.0
dynamic,5,2,494,1.114060673904419,1.0770690202713014,0.0369916430413723,1.0427004937171935,1.0427004937171935,0.0,2.0,2.0,4940.0,1001.0,0.0,0.3107095956802368,0.8463504314422607,1.3035101890563965,4.5886921882629395,22.0
dynamic,5,2,495,1.1123533382415771,1.0747820142745972,0.037571326661109926,1.0411149262428283,1.0411149262428283,0.0,2.0,2.0,4950.0,1001.0,0.0,0.3107095956802368,0.8463504314422607,1.3035101890563965,4.5886921882629395,22.0
dynamic,5,2,496,1.1058698251724244,1.0692849891662597,0.036584840893745425,1.0418656226158143,1.0418656226158143,0.0,2.0,2.0,4960.0,1001.0,0.0,0.3107095956802368,0.8463504314422607,1.3035101890563965,4.5886921882629395,22.0
dynamic,5,2,497,1.1131296354293823,1.0733763425827025,0.03975329899787903,1.0428765308380128,1.0428765308380128,0.0,2.0,2.0,4970.0,1001.0,0.0,0.3107095956802368,0.8463504314422607,1.3035101890563965,4.5886921882629395,22.0
dynamic,5,2,498,1.1134455673217774,1.0776357704162598,0.035809803211688994,1.0412842153549193,1.0412842153549193,0.0,2.0,2.0,4980.0,1001.0,0.0,0.3107095956802368,0.8463504314422607,1.3035101890563965,4.5886921882629395,22.0
dynamic,5,2,499,1.1137490741729736,1.074228974533081,0.03952012518048286,1.04153550157547,1.04153550157547,0.0,2.0,2.0,4990.0,1001.0,0.0,0.3107095956802368,0.8463504314422607,1.3035101890563965,4.5886921882629395,22.0
dynamic,5,2,500,1.094239609336853,1.0572977931976317,0.0369418119430542,1.0431936514854432,1.0431936514854432,0.0,2.0,2.0,5000.0,1001.0,0.0,0.3107095956802368,0.8463504314422607,1.3035101890563965,4.5886921882629395,22.0
