model,seed,level,epoch,train_total,train_effect,train_vq,eval_total,eval_effect,eval_vq,active_codes,ema_used_codes,step_counter,last_check_step,surprise_streak,distance_mean,distance_p90,distance_p95,distance_max,surprise_support
dynamic,3,1,1,10.086181627909342,10.073066622416178,0.013115036177138488,9.886073338190714,9.886073338190714,0.0,1.0,1.0,10.0,0.0,0.0,,,,,
dynamic,3,1,2,9.761828231811524,9.750252545674641,0.011575510253508886,9.569160968462626,9.569160968462626,0.0,1.0,1.0,20.0,0.0,0.0,,,,,
dynamic,3,1,3,9.45996831258138,9.438404032389323,0.021564302345116932,9.275350766181946,9.275350766181946,0.0,1.0,1.0,30.0,0.0,0.0,,,,,
dynamic,3,1,4,9.199303131103516,9.167252699534098,0.032050352990627286,9.019122160275778,9.019122160275778,0.0,1.0,1.0,40.0,0.0,0.0,,,,,
dynamic,3,1,5,8.948471171061199,8.910956967671712,0.03751414959629377,8.765444957415262,8.765444957415262,0.0,1.0,1.0,50.0,0.0,0.0,,,,,
dynamic,3,1,6,8.704862365722656,8.658453718821209,0.046408671339352926,8.512606914838155,8.512606914838155,0.0,1.0,1.0,60.0,0.0,0.0,,,,,
dynamic,3,1,7,8.472407881418864,8.409239444732666,0.06316851903994879,8.268734777768453,8.268734777768453,0.0,1.0,1.0,70.0,0.0,0.0,,,,,
dynamic,3,1,8,8.251523450215657,8.169358755747478,0.08216471761465073,8.034990429878235,8.034990429878235,0.0,1.0,1.0,80.0,0.0,0.0,,,,,
dynamic,3,1,9,8.0470325533549,7.94028777440389,0.10674470921357472,7.811148365338643,7.811148365338643,0.0,1.0,1.0,90.0,0.0,0.0,,,,,
dynamic,3,1,10,7.841218293507894,7.7182106590271,0.12300760746002197,7.594181747436523,7.594181747436523,0.0,1.0,1.0,100.0,0.0,0.0,,,,,
dynamic,3,1,11,7.650901597340901,7.502254409790039,0.14864719788233438,7.381349615255991,7.381349615255991,0.0,1.0,1.0,110.0,0.0,0.0,,,,,
dynamic,3,1,12,7.468666388193767,7.2958061917622885,0.17286023100217182,7.175101762612661,7.175101762612661,0.0,1.0,1.0,120.0,0.0,0.0,,,,,
dynamic,3,1,13,7.274870942433675,7.090920607248942,0.18395034670829774,6.9782020950317385,6.9782020950317385,0.0,1.0,1.0,130.0,0.0,0.0,,,,,
dynamic,3,1,14,7.082215207417806,6.898856697082519,0.18335850894451142,6.787945996920268,6.787945996920268,0.0,1.0,1.0,140.0,0.0,0.0,,,,,
dynamic,3,1,15,6.900266901652018,6.714584503173828,0.18568241635958355,6.6174470853805545,6.6174470853805545,0.0,1.0,1.0,150.0,0.0,0.0,,,,,
dynamic,3,1,16,6.723203360239665,6.548227914174398,0.17497540156046548,6.459472764333089,6.459472764333089,0.0,1.0,1.0,160.0,0.0,0.0,,,,,
dynamic,3,1,17,6.513863347371419,6.3915526390075685,0.12231070359547933,6.300891888936361,6.300891888936361,0.0,1.0,1.0,170.0,0.0,0.0,,,,,
dynamic,3,1,18,6.31229466120402,6.235443274180095,0.0768513086438179,6.145337062676748,6.145337062676748,0.0,1.0,1.0,180.0,0.0,0.0,,,,,
dynamic,3,1,19,6.130053240458171,6.081656748453776,0.048396507998307546,5.994660425980886,5.994660425980886,0.0,1.0,1.0,190.0,0.0,0.0,,,,,
dynamic,3,1,20,5.970060907999675,5.933211688995361,0.03684914951523145,5.8513608058293665,5.8513608058293665,0.0,1.0,1.0,200.0,0.0,0.0,,,,,
dynamic,3,1,21,5.827405923207601,5.794360644022624,0.03304529850681623,5.718764825661977,5.718764825661977,0.0,1.0,1.0,210.0,201.0,1.0,0.2730214297771454,0.5125093460083008,1.0652501583099365,3.4907615184783936,14.0
dynamic,3,1,22,5.703220361073812,5.662309220631918,0.040911076267560326,5.5843891104062395,5.5843891104062395,0.0,1.0,1.0,220.0,201.0,1.0,0.2730214297771454,0.5125093460083008,1.0652501583099365,3.4907615184783936,14.0
dynamic,3,1,23,5.593673661549886,5.527652991612753,0.06602059721946717,5.453431764443716,5.453431764443716,0.0,1.0,1.0,230.0,201.0,1.0,0.2730214297771454,0.5125093460083008,1.0652501583099365,3.4907615184783936,14.0
dynamic,3,1,24,5.5074195925394696,5.401076113382976,0.10634339272975922,5.330510682264964,5.330510682264964,0.0,1.0,1.0,240.0,201.0,1.0,0.2730214297771454,0.5125093460083008,1.0652501583099365,3.4907615184783936,14.0
dynamic,3,1,25,5.374026120503744,5.278654727935791,0.09537140776713689,5.210234227975209,5.210234227975209,0.0,1.0,1.0,250.0,201.0,1.0,0.2730214297771454,0.5125093460083008,1.0652501583099365,3.4907615184783936,14.0
dynamic,3,1,26,5.217635866800944,5.159099051157633,0.058536752859751386,5.087649467786153,5.087649467786153,0.0,1.0,1.0,260.0,201.0,1.0,0.2730214297771454,0.5125093460083008,1.0652501583099365,3.4907615184783936,14.0
dynamic,3,1,27,5.069894243876139,5.036399580637614,0.03349466919898987,4.967295622030894,4.967295622030894,0.0,1.0,1.0,270.0,201.0,1.0,0.2730214297771454,0.5125093460083008,1.0652501583099365,3.4907615184783936,14.0
dynamic,3,1,28,4.940047416687012,4.917212041219075,0.02283539466559887,4.849714162349701,4.849714162349701,0.0,1.0,1.0,280.0,201.0,1.0,0.2730214297771454,0.5125093460083008,1.0652501583099365,3.4907615184783936,14.0
dynamic,3,1,29,4.81847482363383,4.802105862299602,0.016368936598300934,4.738636039098104,4.738636039098104,0.0,1.0,1.0,290.0,201.0,1.0,0.2730214297771454,0.5125093460083008,1.0652501583099365,3.4907615184783936,14.0
dynamic,3,1,30,4.7131266593933105,4.695158011118571,0.01796865130464236,4.637323447863261,4.637323447863261,0.0,1.0,1.0,300.0,201.0,1.0,0.2730214297771454,0.5125093460083008,1.0652501583099365,3.4907615184783936,14.0
dynamic,3,1,31,4.62351403872172,4.5935724894205725,0.029941531469424566,4.53513794263204,4.53513794263204,0.0,1.0,1.0,310.0,301.0,0.0,0.18686240911483765,0.4213107228279114,0.8074362874031067,3.0076167583465576,8.0
dynamic,3,1,32,4.547035140991211,4.492665907541911,0.05436924427747727,4.433983725706736,4.433983725706736,0.0,1.0,1.0,320.0,301.0,0.0,0.18686240911483765,0.4213107228279114,0.8074362874031067,3.0076167583465576,8.0
dynamic,3,1,33,4.481924085617066,4.392920888264974,0.08900322536627452,4.331944644451141,4.331944644451141,0.0,1.0,1.0,330.0,301.0,0.0,0.18686240911483765,0.4213107228279114,0.8074362874031067,3.0076167583465576,8.0
dynamic,3,1,34,4.4190059121449785,4.293276545206706,0.1257292664051056,4.239550644556681,4.239550644556681,0.0,1.0,1.0,340.0,301.0,0.0,0.18686240911483765,0.4213107228279114,0.8074362874031067,3.0076167583465576,8.0
dynamic,3,1,35,4.312457857131958,4.202360273996989,0.11009763181209564,4.148886109193166,4.148886109193166,0.0,1.0,1.0,350.0,301.0,0.0,0.18686240911483765,0.4213107228279114,0.8074362874031067,3.0076167583465576,8.0
dynamic,3,1,36,4.1869154485066735,4.1110398356119795,0.07587565213441849,4.059382857481639,4.059382857481639,0.0,1.0,1.0,360.0,301.0,0.0,0.18686240911483765,0.4213107228279114,0.8074362874031067,3.0076167583465576,8.0
dynamic,3,1,37,4.073794841766357,4.0207172266642255,0.053077546457449595,3.9711688343683877,3.9711688343683877,0.0,1.0,1.0,370.0,301.0,0.0,0.18686240911483765,0.4213107228279114,0.8074362874031067,3.0076167583465576,8.0
dynamic,3,1,38,3.9767896715799966,3.9336500485738117,0.043139629662036896,3.8825575812657673,3.8825575812657673,0.0,1.0,1.0,380.0,301.0,0.0,0.18686240911483765,0.4213107228279114,0.8074362874031067,3.0076167583465576,8.0
dynamic,3,1,39,3.883914648691813,3.846606814066569,0.03730784128109614,3.796240561803182,3.796240561803182,0.0,1.0,1.0,390.0,301.0,0.0,0.18686240911483765,0.4213107228279114,0.8074362874031067,3.0076167583465576,8.0
dynamic,3,1,40,3.79631773630778,3.7613954798380536,0.034922283391157785,3.714876984755198,3.714876984755198,0.0,1.0,1.0,400.0,301.0,0.0,0.18686240911483765,0.4213107228279114,0.8074362874031067,3.0076167583465576,8.0
dynamic,3,1,41,3.719236485163371,3.6831880887349446,0.036048425932725274,3.6378285892804465,3.6378285892804465,0.0,1.0,1.0,410.0,401.0,1.0,0.2693917751312256,0.6943842768669128,1.0422749519348145,2.3812572956085205,15.0
dynamic,3,1,42,3.6598843892415363,3.606690721511841,0.053193644384543104,3.563308529853821,3.563308529853821,0.0,1.0,1.0,420.0,401.0,1.0,0.2693917751312256,0.6943842768669128,1.0422749519348145,2.3812572956085205,15.0
dynamic,3,1,43,3.637033748626709,3.53277907371521,0.10425465782483419,3.490788270632426,3.490788270632426,0.0,1.0,1.0,430.0,401.0,1.0,0.2693917751312256,0.6943842768669128,1.0422749519348145,2.3812572956085205,15.0
dynamic,3,1,44,3.600699831644694,3.461740261713664,0.13895959556102752,3.4203181505203246,3.4203181505203246,0.0,1.0,1.0,440.0,401.0,1.0,0.2693917751312256,0.6943842768669128,1.0422749519348145,2.3812572956085205,15.0
dynamic,3,1,45,3.5256321144104006,3.3917838954925537,0.1338482141494751,3.351794216632843,3.351794216632843,0.0,1.0,1.0,450.0,401.0,1.0,0.2693917751312256,0.6943842768669128,1.0422749519348145,2.3812572956085205,15.0
dynamic,3,1,46,3.4450732421875,3.3231699498494467,0.12190329849720001,3.2854400237401324,3.2854400237401324,0.0,1.0,1.0,460.0,401.0,1.0,0.2693917751312256,0.6943842768669128,1.0422749519348145,2.3812572956085205,15.0
dynamic,3,1,47,3.3600665537516274,3.2583322143554687,0.10173429538806279,3.220238425731659,3.220238425731659,0.0,1.0,1.0,470.0,401.0,1.0,0.2693917751312256,0.6943842768669128,1.0422749519348145,2.3812572956085205,15.0
dynamic,3,1,48,3.2765193812052407,3.1928028806050617,0.08371647079785664,3.157559603850047,3.157559603850047,0.0,1.0,1.0,480.0,401.0,1.0,0.2693917751312256,0.6943842768669128,1.0422749519348145,2.3812572956085205,15.0
dynamic,3,1,49,3.202616942723592,3.130846141179403,0.07177080512046814,3.09614430586497,3.09614430586497,0.0,1.0,1.0,490.0,401.0,1.0,0.2693917751312256,0.6943842768669128,1.0422749519348145,2.3812572956085205,15.0
dynamic,3,1,50,3.133633502324422,3.0706672954559324,0.06296619812647501,3.0368937746683757,3.0368937746683757,0.0,1.0,1.0,500.0,401.0,1.0,0.2693917751312256,0.6943842768669128,1.0422749519348145,2.3812572956085205,15.0
dynamic,3,1,51,2.9580229568481444,2.922960729598999,0.03506222526232401,2.8950514006614685,2.8950514006614685,0.0,2.0,2.0,510.0,501.0,0.0,0.5054682493209839,1.3741003274917603,1.7097141742706299,2.7364163398742676,43.0
dynamic,3,1,52,2.8980907185872398,2.8650021330515543,0.03308854614694913,2.8335002573331196,2.8335002573331196,0.0,2.0,2.0,520.0,501.0,0.0,0.5054682493209839,1.3741003274917603,1.7097141742706299,2.7364163398742676,43.0
dynamic,3,1,53,2.839496405919393,2.8058372656504313,0.03365914011994998,2.7617374261220298,2.7617374261220298,0.0,2.0,2.0,530.0,501.0,0.0,0.5054682493209839,1.3741003274917603,1.7097141742706299,2.7364163398742676,43.0
dynamic,3,1,54,2.7771253871917723,2.743109680811564,0.034015689392884574,2.6926993147532143,2.6926993147532143,0.0,2.0,2.0,540.0,501.0,0.0,0.5054682493209839,1.3741003274917603,1.7097141742706299,2.7364163398742676,43.0
dynamic,3,1,55,2.715257110595703,2.6816248257954913,0.03363229001561801,2.6302757183710734,2.6302757183710734,0.0,2.0,2.0,550.0,501.0,0.0,0.5054682493209839,1.3741003274917603,1.7097141742706299,2.7364163398742676,43.0
dynamic,3,1,56,2.6502792898813885,2.617795664469401,0.03248363815248013,2.575251121520996,2.575251121520996,0.0,2.0,2.0,560.0,501.0,0.0,0.5054682493209839,1.3741003274917603,1.7097141742706299,2.7364163398742676,43.0
dynamic,3,1,57,2.5904644393920897,2.5605563831329348,0.0299081143985192,2.5193079908688865,2.5193079908688865,0.0,2.0,2.0,570.0,501.0,0.0,0.5054682493209839,1.3741003274917603,1.7097141742706299,2.7364163398742676,43.0
dynamic,3,1,58,2.528035634358724,2.5007202784220377,0.027315359736482303,2.46228773911794,2.46228773911794,0.0,2.0,2.0,580.0,501.0,0.0,0.5054682493209839,1.3741003274917603,1.7097141742706299,2.7364163398742676,43.0
dynamic,3,1,59,2.47418506304423,2.447216879526774,0.026968177606662116,2.4050073925654094,2.4050073925654094,0.0,2.0,2.0,590.0,501.0,0.0,0.5054682493209839,1.3741003274917603,1.7097141742706299,2.7364163398742676,43.0
dynamic,3,1,60,2.4187393792470298,2.3908660507202146,0.027873359074195227,2.352867964108785,2.352867964108785,0.0,2.0,2.0,600.0,501.0,0.0,0.5054682493209839,1.3741003274917603,1.7097141742706299,2.7364163398742676,43.0
dynamic,3,1,61,2.3718798621495565,2.34181401570638,0.03006589675943057,2.3027329301834105,2.3027329301834105,0.0,2.0,2.0,610.0,601.0,1.0,0.2452039122581482,0.5558010339736938,1.0447471141815186,1.8495739698410034,14.0
dynamic,3,1,62,2.3221308167775474,2.288631591796875,0.0334992257754008,2.2537706812222797,2.2537706812222797,0.0,2.0,2.0,620.0,601.0,1.0,0.2452039122581482,0.5558010339736938,1.0447471141815186,1.8495739698410034,14.0
dynamic,3,1,63,2.2765324052174885,2.244011735916138,0.032520626386006675,2.2154136157035826,2.2154136157035826,0.0,2.0,2.0,630.0,601.0,1.0,0.2452039122581482,0.5558010339736938,1.0447471141815186,1.8495739698410034,14.0
dynamic,3,1,64,2.221486520767212,2.195314776102702,0.026171743671099344,2.165436936219533,2.165436936219533,0.0,2.0,2.0,640.0,601.0,1.0,0.2452039122581482,0.5558010339736938,1.0447471141815186,1.8495739698410034,14.0
dynamic,3,1,65,2.1737325525283815,2.1505681133270262,0.023164418538411457,2.1157724062601724,2.1157724062601724,0.0,2.0,2.0,650.0,601.0,1.0,0.2452039122581482,0.5558010339736938,1.0447471141815186,1.8495739698410034,14.0
dynamic,3,1,66,2.1317116832733154,2.1062186590830483,0.025493024637301763,2.070296280384064,2.070296280384064,0.0,2.0,2.0,660.0,601.0,1.0,0.2452039122581482,0.5558010339736938,1.0447471141815186,1.8495739698410034,14.0
dynamic,3,1,67,2.0947896258036294,2.068527232805888,0.02626237322886785,2.0277510237693788,2.0277510237693788,0.0,2.0,2.0,670.0,601.0,1.0,0.2452039122581482,0.5558010339736938,1.0447471141815186,1.8495739698410034,14.0
dynamic,3,1,68,2.0508109601338704,2.022709608078003,0.028101315026481947,1.987076346874237,1.987076346874237,0.0,2.0,2.0,680.0,601.0,1.0,0.2452039122581482,0.5558010339736938,1.0447471141815186,1.8495739698410034,14.0
dynamic,3,1,69,2.0036903921763103,1.9740495268503826,0.02964085931579272,1.9468025008837382,1.9468025008837382,0.0,2.0,2.0,690.0,601.0,1.0,0.2452039122581482,0.5558010339736938,1.0447471141815186,1.8495739698410034,14.0
dynamic,3,1,70,1.9725674819946288,1.9389599418640138,0.033607548773288726,1.908568683465322,1.908568683465322,0.0,2.0,2.0,700.0,601.0,1.0,0.2452039122581482,0.5558010339736938,1.0447471141815186,1.8495739698410034,14.0
dynamic,3,1,71,1.9348921632766725,1.9009579483668009,0.03393422245979309,1.8706443349520365,1.8706443349520365,0.0,2.0,2.0,710.0,701.0,0.0,0.26514342427253723,0.6025701761245728,0.9154419898986816,2.02799391746521,9.0
dynamic,3,1,72,1.9031674655278523,1.8728241856892904,0.030343299731612206,1.836523118019104,1.836523118019104,0.0,2.0,2.0,720.0,701.0,0.0,0.26514342427253723,0.6025701761245728,0.9154419898986816,2.02799391746521,9.0
dynamic,3,1,73,1.8507724507649739,1.825309165318807,0.025463280181090037,1.8003120454152426,1.8003120454152426,0.0,2.0,2.0,730.0,701.0,0.0,0.26514342427253723,0.6025701761245728,0.9154419898986816,2.02799391746521,9.0
dynamic,3,1,74,1.8197711133956909,1.7941683308283487,0.02560277094443639,1.7639797321955364,1.7639797321955364,0.0,2.0,2.0,740.0,701.0,0.0,0.26514342427253723,0.6025701761245728,0.9154419898986816,2.02799391746521,9.0
dynamic,3,1,75,1.7857141065597535,1.7596074962615966,0.02610661114255587,1.7310236072540284,1.7310236072540284,0.0,2.0,2.0,750.0,701.0,0.0,0.26514342427253723,0.6025701761245728,0.9154419898986816,2.02799391746521,9.0
dynamic,3,1,76,1.7405984751383463,1.7140084822972617,0.026589996938904126,1.6954296120007832,1.6954296120007832,0.0,2.0,2.0,760.0,701.0,0.0,0.26514342427253723,0.6025701761245728,0.9154419898986816,2.02799391746521,9.0
dynamic,3,1,77,1.7276763788859049,1.694472878774007,0.033203491965929664,1.6655208547910054,1.6655208547910054,0.0,2.0,2.0,770.0,701.0,0.0,0.26514342427253723,0.6025701761245728,0.9154419898986816,2.02799391746521,9.0
dynamic,3,1,78,1.7050963528951009,1.669029180208842,0.0360671662290891,1.6343215950330099,1.6343215950330099,0.0,2.0,2.0,780.0,701.0,0.0,0.26514342427253723,0.6025701761245728,0.9154419898986816,2.02799391746521,9.0
dynamic,3,1,79,1.6536252880096436,1.6185454924901326,0.03507980287075043,1.6018721381823222,1.6018721381823222,0.0,2.0,2.0,790.0,701.0,0.0,0.26514342427253723,0.6025701761245728,0.9154419898986816,2.02799391746521,9.0
dynamic,3,1,80,1.623163324991862,1.5899163834253947,0.03324692527453105,1.575615607102712,1.575615607102712,0.0,2.0,2.0,800.0,701.0,0.0,0.26514342427253723,0.6025701761245728,0.9154419898986816,2.02799391746521,9.0
dynamic,3,1,81,1.6084162950515748,1.5769017426172893,0.03151455988486608,1.5862316767374673,1.5862316767374673,0.0,2.0,2.0,810.0,801.0,0.0,0.22204166650772095,0.5506823062896729,0.7676621079444885,1.528214454650879,7.0
dynamic,3,1,82,1.5701416063308715,1.5353520011901856,0.03478959918022156,1.5070123116175334,1.5070123116175334,0.0,2.0,2.0,820.0,801.0,0.0,0.22204166650772095,0.5506823062896729,0.7676621079444885,1.528214454650879,7.0
dynamic,3,1,83,1.5320185041427612,1.5018646574020387,0.030153839886188506,1.5083920860290527,1.5083920860290527,0.0,2.0,2.0,830.0,801.0,0.0,0.22204166650772095,0.5506823062896729,0.7676621079444885,1.528214454650879,7.0
dynamic,3,1,84,1.5044617875417075,1.475853460629781,0.0286083426574866,1.5416107813517252,1.5416107813517252,0.0,2.0,2.0,840.0,801.0,0.0,0.22204166650772095,0.5506823062896729,0.7676621079444885,1.528214454650879,7.0
dynamic,3,1,85,1.485100859006246,1.4559470129013061,0.02915384275217851,1.4414649931589762,1.4414649931589762,0.0,2.0,2.0,850.0,801.0,0.0,0.22204166650772095,0.5506823062896729,0.7676621079444885,1.528214454650879,7.0
dynamic,3,1,86,1.458139362335205,1.4313258361816406,0.026813507502277692,1.4601294986406963,1.4601294986406963,0.0,2.0,2.0,860.0,801.0,0.0,0.22204166650772095,0.5506823062896729,0.7676621079444885,1.528214454650879,7.0
dynamic,3,1,87,1.4463943036397298,1.4165922276178995,0.02980207234621048,1.4960298498471578,1.4960298498471578,0.0,2.0,2.0,870.0,801.0,0.0,0.22204166650772095,0.5506823062896729,0.7676621079444885,1.528214454650879,7.0
dynamic,3,1,88,1.4483459377288819,1.410500349998474,0.037845585445563,1.449480710029602,1.449480710029602,0.0,2.0,2.0,880.0,801.0,0.0,0.22204166650772095,0.5506823062896729,0.7676621079444885,1.528214454650879,7.0
dynamic,3,1,89,1.4147113180160522,1.3704021596908569,0.04430915137132009,1.3466139467557272,1.3466139467557272,0.0,2.0,2.0,890.0,801.0,0.0,0.22204166650772095,0.5506823062896729,0.7676621079444885,1.528214454650879,7.0
dynamic,3,1,90,1.3817496919631957,1.3448638645807902,0.03688583239912987,1.3349525451660156,1.3349525451660156,0.0,2.0,2.0,900.0,801.0,0.0,0.22204166650772095,0.5506823062896729,0.7676621079444885,1.528214454650879,7.0
dynamic,3,1,91,1.356872132619222,1.326064287821452,0.030807855824629467,1.3890062363942464,1.3890062363942464,0.0,2.0,2.0,910.0,901.0,0.0,0.2218991070985794,0.5157455205917358,0.7450733184814453,1.9368222951889038,4.0
dynamic,3,1,92,1.3719130500157675,1.3391713110605876,0.03274175574382146,1.3395101308822632,1.3395101308822632,0.0,2.0,2.0,920.0,901.0,0.0,0.2218991070985794,0.5157455205917358,0.7450733184814453,1.9368222951889038,4.0
dynamic,3,1,93,1.331612884203593,1.301509099006653,0.030103779832522073,1.3020436024665833,1.3020436024665833,0.0,2.0,2.0,930.0,901.0,0.0,0.2218991070985794,0.5157455205917358,0.7450733184814453,1.9368222951889038,4.0
dynamic,3,1,94,1.3088462130228677,1.2796327018737792,0.02921352207660675,1.4149618744850159,1.4149618744850159,0.0,2.0,2.0,940.0,901.0,0.0,0.2218991070985794,0.5157455205917358,0.7450733184814453,1.9368222951889038,4.0
dynamic,3,1,95,1.3149554634094238,1.2786957454681396,0.03625972251097361,1.3497027738889058,1.3497027738889058,0.0,2.0,2.0,950.0,901.0,0.0,0.2218991070985794,0.5157455205917358,0.7450733184814453,1.9368222951889038,4.0
dynamic,3,1,96,1.2830033508936565,1.2355559651056927,0.047447397609551745,1.2533437347412109,1.2533437347412109,0.0,2.0,2.0,960.0,901.0,0.0,0.2218991070985794,0.5157455205917358,0.7450733184814453,1.9368222951889038,4.0
dynamic,3,1,97,1.2719115527470906,1.2230025307337442,0.04890903110305468,1.1952534858385722,1.1952534858385722,0.0,2.0,2.0,970.0,901.0,0.0,0.2218991070985794,0.5157455205917358,0.7450733184814453,1.9368222951889038,4.0
dynamic,3,1,98,1.2275190194447836,1.1876390965779622,0.03987992706398169,1.1845198400815329,1.1845198400815329,0.0,2.0,2.0,980.0,901.0,0.0,0.2218991070985794,0.5157455205917358,0.7450733184814453,1.9368222951889038,4.0
dynamic,3,1,99,1.212587021191915,1.1730693896611533,0.039517624229192735,1.1856665802001953,1.1856665802001953,0.0,2.0,2.0,990.0,901.0,0.0,0.2218991070985794,0.5157455205917358,0.7450733184814453,1.9368222951889038,4.0
dynamic,3,1,100,1.1959687836964925,1.1562237564722697,0.03974503646294276,1.1556429274876912,1.1556429274876912,0.0,2.0,2.0,1000.0,901.0,0.0,0.2218991070985794,0.5157455205917358,0.7450733184814453,1.9368222951889038,4.0
dynamic,3,1,101,1.1891634559631348,1.1496921904881796,0.039471269895633064,1.1552291989326477,1.1552291989326477,0.0,2.0,2.0,1010.0,1001.0,1.0,0.32764559984207153,0.7486183643341064,1.294797658920288,2.468600034713745,17.0
dynamic,3,1,102,1.1634232584635418,1.124544496536255,0.03887874369819959,1.1593846201896667,1.1593846201896667,0.0,2.0,2.0,1020.0,1001.0,1.0,0.32764559984207153,0.7486183643341064,1.294797658920288,2.468600034713745,17.0
dynamic,3,1,103,1.1675402975082398,1.1224546670913695,0.04508564690748851,1.15709476629893,1.15709476629893,0.0,2.0,2.0,1030.0,1001.0,1.0,0.32764559984207153,0.7486183643341064,1.294797658920288,2.468600034713745,17.0
dynamic,3,1,104,1.1609113693237305,1.111466884613037,0.049444488684336346,1.1034256879488626,1.1034256879488626,0.0,2.0,2.0,1040.0,1001.0,1.0,0.32764559984207153,0.7486183643341064,1.294797658920288,2.468600034713745,17.0
dynamic,3,1,105,1.1354723358154297,1.084782927831014,0.0506893922885259,1.072772861321767,1.072772861321767,0.0,2.0,2.0,1050.0,1001.0,1.0,0.32764559984207153,0.7486183643341064,1.294797658920288,2.468600034713745,17.0
dynamic,3,1,106,1.1336794424057006,1.0846917915344239,0.04898766378561656,1.0713978679974874,1.0713978679974874,0.0,2.0,2.0,1060.0,1001.0,1.0,0.32764559984207153,0.7486183643341064,1.294797658920288,2.468600034713745,17.0
dynamic,3,1,107,1.1688891331354776,1.1176086521148683,0.05128050744533539,1.0804106489817302,1.0804106489817302,0.0,2.0,2.0,1070.0,1001.0,1.0,0.32764559984207153,0.7486183643341064,1.294797658920288,2.468600034713745,17.0
dynamic,3,1,108,1.1481211646397909,1.0960482851664226,0.052072881658871965,1.0681335926055908,1.0681335926055908,0.0,2.0,2.0,1080.0,1001.0,1.0,0.32764559984207153,0.7486183643341064,1.294797658920288,2.468600034713745,17.0
dynamic,3,1,109,1.109015777905782,1.0582592757542928,0.0507565184434255,1.0784051752090453,1.0784051752090453,0.0,2.0,2.0,1090.0,1001.0,1.0,0.32764559984207153,0.7486183643341064,1.294797658920288,2.468600034713745,17.0
dynamic,3,1,110,1.1151880407333374,1.0596552181243897,0.05553282702962557,1.080897319316864,1.080897319316864,0.0,2.0,2.0,1100.0,1001.0,1.0,0.32764559984207153,0.7486183643341064,1.294797658920288,2.468600034713745,17.0
dynamic,3,1,111,1.1293662691116333,1.080017205874125,0.049349056084950764,1.0740543174743653,1.0740543174743653,0.0,3.0,3.0,1110.0,1101.0,0.0,0.46576860547065735,1.1846990585327148,1.395331859588623,2.668926239013672,32.0
dynamic,3,1,112,1.1766603978474934,1.0887177205085754,0.08794266104698181,1.0422523125012715,1.0422523125012715,0.0,3.0,3.0,1120.0,1101.0,0.0,0.46576860547065735,1.1846990585327148,1.395331859588623,2.668926239013672,32.0
dynamic,3,1,113,1.167042786280314,1.066481434504191,0.1005613574385643,1.0375432817141215,1.0375432817141215,0.0,3.0,3.0,1130.0,1101.0,0.0,0.46576860547065735,1.1846990585327148,1.395331859588623,2.668926239013672,32.0
dynamic,3,1,114,1.0923181136449178,1.0209982832272848,0.07131981054941813,1.0117198634147644,1.0117198634147644,0.0,3.0,3.0,1140.0,1101.0,0.0,0.46576860547065735,1.1846990585327148,1.395331859588623,2.668926239013672,32.0
dynamic,3,1,115,1.049032333691915,0.9956918382644653,0.053340511322021486,0.9743005585670471,0.9743005585670471,0.0,3.0,3.0,1150.0,1101.0,0.0,0.46576860547065735,1.1846990585327148,1.395331859588623,2.668926239013672,32.0
dynamic,3,1,116,1.0328338368733725,0.987104229927063,0.04572961966196696,0.955993824005127,0.955993824005127,0.0,3.0,3.0,1160.0,1101.0,0.0,0.46576860547065735,1.1846990585327148,1.395331859588623,2.668926239013672,32.0
dynamic,3,1,117,1.0206917683283487,0.9744711987177531,0.04622056970993678,0.9449484626452128,0.9449484626452128,0.0,3.0,3.0,1170.0,1101.0,0.0,0.46576860547065735,1.1846990585327148,1.395331859588623,2.668926239013672,32.0
dynamic,3,1,118,1.0085873436927795,0.960015423297882,0.0485719167192777,0.9442945996920268,0.9442945996920268,0.0,3.0,3.0,1180.0,1101.0,0.0,0.46576860547065735,1.1846990585327148,1.395331859588623,2.668926239013672,32.0
dynamic,3,1,119,1.0026273759206137,0.9514224211374919,0.05120496034622193,0.9385755431652069,0.9385755431652069,0.0,3.0,3.0,1190.0,1101.0,0.0,0.46576860547065735,1.1846990585327148,1.395331859588623,2.668926239013672,32.0
dynamic,3,1,120,1.0011035664876302,0.9513081534703572,0.04979541142781575,0.9233076639970144,0.9233076639970144,0.0,3.0,3.0,1200.0,1101.0,0.0,0.46576860547065735,1.1846990585327148,1.395331859588623,2.668926239013672,32.0
dynamic,3,1,121,0.9851217540105184,0.9334151411056518,0.051706613401571906,0.9116778993606567,0.9116778993606567,0.0,3.0,3.0,1210.0,1201.0,1.0,0.4157474637031555,0.9149520397186279,1.3378159999847412,4.533076763153076,21.0
dynamic,3,1,122,0.9594456179936727,0.9113985387484232,0.048047084808349606,0.9060664888223012,0.9060664888223012,0.0,3.0,3.0,1220.0,1201.0,1.0,0.4157474637031555,0.9149520397186279,1.3378159999847412,4.533076763153076,21.0
dynamic,3,1,123,0.9564623594284057,0.9134014503161112,0.043060917953650156,0.9032313263416291,0.9032313263416291,0.0,3.0,3.0,1230.0,1201.0,1.0,0.4157474637031555,0.9149520397186279,1.3378159999847412,4.533076763153076,21.0
dynamic,3,1,124,0.9499841705958049,0.8973661891619364,0.0526179759701093,0.8902782595157623,0.8902782595157623,0.0,3.0,3.0,1240.0,1201.0,1.0,0.4157474637031555,0.9149520397186279,1.3378159999847412,4.533076763153076,21.0
dynamic,3,1,125,0.9493037700653076,0.8860202685991923,0.0632835078239441,0.8723308885097504,0.8723308885097504,0.0,3.0,3.0,1250.0,1201.0,1.0,0.4157474637031555,0.9149520397186279,1.3378159999847412,4.533076763153076,21.0
dynamic,3,1,126,0.9246543836593628,0.8634050909678141,0.06124930088718732,0.8538119534651438,0.8538119534651438,0.0,3.0,3.0,1260.0,1201.0,1.0,0.4157474637031555,0.9149520397186279,1.3378159999847412,4.533076763153076,21.0
dynamic,3,1,127,0.9002660719553629,0.8564816999435425,0.043784366945425666,0.8454214723904928,0.8454214723904928,0.0,3.0,3.0,1270.0,1201.0,1.0,0.4157474637031555,0.9149520397186279,1.3378159999847412,4.533076763153076,21.0
dynamic,3,1,128,0.9017412869135538,0.8483937875429789,0.05334750538070997,0.8435571285088858,0.8435571285088858,0.0,3.0,3.0,1280.0,1201.0,1.0,0.4157474637031555,0.9149520397186279,1.3378159999847412,4.533076763153076,21.0
dynamic,3,1,129,0.918521699110667,0.84922416528066,0.06929753522078196,0.8325487470626831,0.8325487470626831,0.0,3.0,3.0,1290.0,1201.0,1.0,0.4157474637031555,0.9149520397186279,1.3378159999847412,4.533076763153076,21.0
dynamic,3,1,130,0.8947699856758118,0.8323216875394185,0.06244830215970675,0.8226952989896138,0.8226952989896138,0.0,3.0,3.0,1300.0,1201.0,1.0,0.4157474637031555,0.9149520397186279,1.3378159999847412,4.533076763153076,21.0
dynamic,3,1,131,1.0601658964157104,1.0224472753206888,0.03771862973769506,1.387839243412018,1.387839243412018,0.0,4.0,4.0,1310.0,1301.0,0.0,0.4955200254917145,1.3089665174484253,1.671432614326477,2.888406753540039,40.0
dynamic,3,1,132,0.9632571323712666,0.9261504522959392,0.03710667957862218,0.8907156570752461,0.8907156570752461,0.0,4.0,4.0,1320.0,1301.0,0.0,0.4955200254917145,1.3089665174484253,1.671432614326477,2.888406753540039,40.0
dynamic,3,1,133,0.8990842843055725,0.8677788662910462,0.03130541687210401,0.8217747167746225,0.8217747167746225,0.0,4.0,4.0,1330.0,1301.0,0.0,0.4955200254917145,1.3089665174484253,1.671432614326477,2.888406753540039,40.0
dynamic,3,1,134,0.8911106554667155,0.8616204190254212,0.02949023316303889,0.8394599624474843,0.8394599624474843,0.0,4.0,4.0,1340.0,1301.0,0.0,0.4955200254917145,1.3089665174484253,1.671432614326477,2.888406753540039,40.0
dynamic,3,1,135,0.8723403024673462,0.8455012408892314,0.026839067662755647,0.8047869662443797,0.8047869662443797,0.0,4.0,4.0,1350.0,1301.0,0.0,0.4955200254917145,1.3089665174484253,1.671432614326477,2.888406753540039,40.0
dynamic,3,1,136,0.8618902238210042,0.8369159523646037,0.024974271655082703,0.799298255443573,0.799298255443573,0.0,4.0,4.0,1360.0,1301.0,0.0,0.4955200254917145,1.3089665174484253,1.671432614326477,2.888406753540039,40.0
dynamic,3,1,137,0.8419660226504008,0.818657774925232,0.02330825480322043,0.7944994417826334,0.7944994417826334,0.0,4.0,4.0,1370.0,1301.0,0.0,0.4955200254917145,1.3089665174484253,1.671432614326477,2.888406753540039,40.0
dynamic,3,1,138,0.8453978745142618,0.8221769467989604,0.02322092851003011,0.8068111642201742,0.8068111642201742,0.0,4.0,4.0,1380.0,1301.0,0.0,0.4955200254917145,1.3089665174484253,1.671432614326477,2.888406753540039,40.0
dynamic,3,1,139,0.8463856275876364,0.8239778518676758,0.022407778104146323,0.7959135524431864,0.7959135524431864,0.0,4.0,4.0,1390.0,1301.0,0.0,0.4955200254917145,1.3089665174484253,1.671432614326477,2.888406753540039,40.0
dynamic,3,1,140,0.8298305408159892,0.8077011601130167,0.02212938557068507,0.8023378793398539,0.8023378793398539,0.0,4.0,4.0,1400.0,1301.0,0.0,0.4955200254917145,1.3089665174484253,1.671432614326477,2.888406753540039,40.0
dynamic,3,1,141,0.8273323694864909,0.8041356372833252,0.023196728477875392,0.7958467268943786,0.7958467268943786,0.0,4.0,4.0,1410.0,1301.0,0.0,0.4955200254917145,1.3089665174484253,1.671432614326477,2.888406753540039,40.0
dynamic,3,1,142,0.831855103969574,0.8084965697924296,0.023358538945515952,0.7743174501260122,0.7743174501260122,0.0,4.0,4.0,1420.0,1301.0,0.0,0.4955200254917145,1.3089665174484253,1.671432614326477,2.888406753540039,40.0
dynamic,3,1,143,0.8047399187088012,0.7801087419191997,0.024631178403894106,0.7642232469717661,0.7642232469717661,0.0,4.0,4.0,1430.0,1301.0,0.0,0.4955200254917145,1.3089665174484253,1.671432614326477,2.888406753540039,40.0
dynamic,3,1,144,0.8016302569707234,0.7750361164410909,0.026594152301549913,0.760688399473826,0.760688399473826,0.0,4.0,4.0,1440.0,1301.0,0.0,0.4955200254917145,1.3089665174484253,1.671432614326477,2.888406753540039,40.0
dynamic,3,1,145,0.8186259190241496,0.7937041656176249,0.02492176115512848,0.764036834637324,0.764036834637324,0.0,4.0,4.0,1450.0,1301.0,0.0,0.4955200254917145,1.3089665174484253,1.671432614326477,2.888406753540039,40.0
dynamic,3,1,146,0.8033226108551026,0.7796566088994344,0.02366600794096788,0.7637767151991526,0.7637767151991526,0.0,4.0,4.0,1460.0,1301.0,0.0,0.4955200254917145,1.3089665174484253,1.671432614326477,2.888406753540039,40.0
dynamic,3,1,147,0.8012527982393901,0.7756681116422017,0.025584684511025746,0.7523168345292409,0.7523168345292409,0.0,4.0,4.0,1470.0,1301.0,0.0,0.4955200254917145,1.3089665174484253,1.671432614326477,2.888406753540039,40.0
dynamic,3,1,148,0.7986005584398905,0.772042662302653,0.02655788665016492,0.7441952872276306,0.7441952872276306,0.0,4.0,4.0,1480.0,1301.0,0.0,0.4955200254917145,1.3089665174484253,1.671432614326477,2.888406753540039,40.0
dynamic,3,1,149,0.7839024114608765,0.758774045308431,0.02512836694717407,0.7354263993104299,0.7354263993104299,0.0,4.0,4.0,1490.0,1301.0,0.0,0.4955200254917145,1.3089665174484253,1.671432614326477,2.888406753540039,40.0
dynamic,3,1,150,0.7894322594006856,0.7640676204363505,0.025364638914664586,0.7416907242933909,0.7416907242933909,0.0,4.0,4.0,1500.0,1301.0,0.0,0.4955200254917145,1.3089665174484253,1.671432614326477,2.888406753540039,40.0
dynamic,3,1,151,0.778341240088145,0.7564155991872151,0.021925642291704815,0.7412663495540619,0.7412663495540619,0.0,4.0,4.0,1510.0,1301.0,0.0,0.4955200254917145,1.3089665174484253,1.671432614326477,2.888406753540039,40.0
dynamic,3,1,152,0.783605408668518,0.7595010304450989,0.024104378620783486,0.7395256106058756,0.7395256106058756,0.0,4.0,4.0,1520.0,1301.0,0.0,0.4955200254917145,1.3089665174484253,1.671432614326477,2.888406753540039,40.0
dynamic,3,1,153,0.7652753194173177,0.74106778383255,0.024207533150911332,0.7266958713531494,0.7266958713531494,0.0,4.0,4.0,1530.0,1301.0,0.0,0.4955200254917145,1.3089665174484253,1.671432614326477,2.888406753540039,40.0
dynamic,3,1,154,0.7683311597506205,0.7441576290130615,0.024173526912927627,0.7215269190073014,0.7215269190073014,0.0,4.0,4.0,1540.0,1301.0,0.0,0.4955200254917145,1.3089665174484253,1.671432614326477,2.888406753540039,40.0
dynamic,3,1,155,0.7581732948621114,0.7313317759831747,0.026841521312793097,0.721179661154747,0.721179661154747,0.0,4.0,4.0,1550.0,1301.0,0.0,0.4955200254917145,1.3089665174484253,1.671432614326477,2.888406753540039,40.0
dynamic,3,1,156,0.7517374722162883,0.7253106570243836,0.026426801383495332,0.7155764909585317,0.7155764909585317,0.0,4.0,4.0,1560.0,1301.0,0.0,0.4955200254917145,1.3089665174484253,1.671432614326477,2.888406753540039,40.0
dynamic,3,1,157,0.7416435345013936,0.7170007570584616,0.024642774909734724,0.7190941027800242,0.7190941027800242,0.0,4.0,4.0,1570.0,1301.0,0.0,0.4955200254917145,1.3089665174484253,1.671432614326477,2.888406753540039,40.0
dynamic,3,1,158,0.7464199964205424,0.7208057685693106,0.02561422290901343,0.7101101211706797,0.7101101211706797,0.0,4.0,4.0,1580.0,1301.0,0.0,0.4955200254917145,1.3089665174484253,1.671432614326477,2.888406753540039,40.0
dynamic,3,1,159,0.7415602731704712,0.7164574654897055,0.025102805395921073,0.7020327478647232,0.7020327478647232,0.0,4.0,4.0,1590.0,1301.0,0.0,0.4955200254917145,1.3089665174484253,1.671432614326477,2.888406753540039,40.0
dynamic,3,1,160,0.7257832352320354,0.7001509912808737,0.025632245739301045,0.6981781707207362,0.6981781707207362,0.0,4.0,4.0,1600.0,1301.0,0.0,0.4955200254917145,1.3089665174484253,1.671432614326477,2.888406753540039,40.0
dynamic,3,1,161,0.7130456535021464,0.6863960774739584,0.026649570415417354,0.6869049503405888,0.6869049503405888,0.0,4.0,4.0,1610.0,1301.0,0.0,0.4955200254917145,1.3089665174484253,1.671432614326477,2.888406753540039,40.0
dynamic,3,1,162,0.7117352771759033,0.6853950723012289,0.026340196480353673,0.6801999729871749,0.6801999729871749,0.0,4.0,4.0,1620.0,1301.0,0.0,0.4955200254917145,1.3089665174484253,1.671432614326477,2.888406753540039,40.0
dynamic,3,1,163,0.7133382066090902,0.6887400921185811,0.02459812879562378,0.67770321448644,0.67770321448644,0.0,4.0,4.0,1630.0,1301.0,0.0,0.4955200254917145,1.3089665174484253,1.671432614326477,2.888406753540039,40.0
dynamic,3,1,164,0.7197043776512146,0.6926199698448181,0.027084404826164244,0.6748374354839325,0.6748374354839325,0.0,4.0,4.0,1640.0,1301.0,0.0,0.4955200254917145,1.3089665174484253,1.671432614326477,2.888406753540039,40.0
dynamic,3,1,165,0.6989605156580607,0.6729208485285441,0.026039673934380215,0.6650133293867111,0.6650133293867111,0.0,4.0,4.0,1650.0,1301.0,0.0,0.4955200254917145,1.3089665174484253,1.671432614326477,2.888406753540039,40.0
dynamic,3,1,166,0.6970780809720357,0.6709166391690572,0.02616144801179568,0.6623888221383095,0.6623888221383095,0.0,4.0,4.0,1660.0,1301.0,0.0,0.4955200254917145,1.3089665174484253,1.671432614326477,2.888406753540039,40.0
dynamic,3,1,167,0.6981363773345948,0.6706923977533976,0.027443974340955416,0.6608521473407746,0.6608521473407746,0.0,4.0,4.0,1670.0,1301.0,0.0,0.4955200254917145,1.3089665174484253,1.671432614326477,2.888406753540039,40.0
dynamic,3,1,168,0.685656623840332,0.6591186706225077,0.026537950535615286,0.6577199892203013,0.6577199892203013,0.0,4.0,4.0,1680.0,1301.0,0.0,0.4955200254917145,1.3089665174484253,1.671432614326477,2.888406753540039,40.0
dynamic,3,1,169,0.6906280819574991,0.6639967632293701,0.026631319547692933,0.6504525152842203,0.6504525152842203,0.0,4.0,4.0,1690.0,1301.0,0.0,0.4955200254917145,1.3089665174484253,1.671432614326477,2.888406753540039,40.0
dynamic,3,1,170,0.6906571571032206,0.6621585822105408,0.028498592625061672,0.6520751869678497,0.6520751869678497,0.0,4.0,4.0,1700.0,1301.0,0.0,0.4955200254917145,1.3089665174484253,1.671432614326477,2.888406753540039,40.0
dynamic,3,1,171,0.6809111666679383,0.651924565633138,0.028986617376406988,0.6456012757619222,0.6456012757619222,0.0,4.0,4.0,1710.0,1301.0,0.0,0.4955200254917145,1.3089665174484253,1.671432614326477,2.888406753540039,40.0
dynamic,3,1,172,0.676187162399292,0.645023721853892,0.031163439999024073,0.6414766196409861,0.6414766196409861,0.0,4.0,4.0,1720.0,1301.0,0.0,0.4955200254917145,1.3089665174484253,1.671432614326477,2.888406753540039,40.0
dynamic,3,1,173,0.6687174558639526,0.6391670242945353,0.02955042560895284,0.6366867212454478,0.6366867212454478,0.0,4.0,4.0,1730.0,1301.0,0.0,0.4955200254917145,1.3089665174484253,1.671432614326477,2.888406753540039,40.0
dynamic,3,1,174,0.6800755023956299,0.6504988606770833,0.029576623638470967,0.6279265336195627,0.6279265336195627,0.0,4.0,4.0,1740.0,1301.0,0.0,0.4955200254917145,1.3089665174484253,1.671432614326477,2.888406753540039,40.0
dynamic,3,1,175,0.6716105127334595,0.6388109556833903,0.032799553126096725,0.6266851735115051,0.6266851735115051,0.0,4.0,4.0,1750.0,1301.0,0.0,0.4955200254917145,1.3089665174484253,1.671432614326477,2.888406753540039,40.0
dynamic,3,1,176,0.6692410929997762,0.6357791574796041,0.03346193586786588,0.6246427113811175,0.6246427113811175,0.0,4.0,4.0,1760.0,1301.0,0.0,0.4955200254917145,1.3089665174484253,1.671432614326477,2.888406753540039,40.0
dynamic,3,1,177,0.6465505949656168,0.6146005050341288,0.03195008685191472,0.6242700450619062,0.6242700450619062,0.0,4.0,4.0,1770.0,1301.0,0.0,0.4955200254917145,1.3089665174484253,1.671432614326477,2.888406753540039,40.0
dynamic,3,1,178,0.6482667072614035,0.6173019806543986,0.030964714487393696,0.6176102581620216,0.6176102581620216,0.0,4.0,4.0,1780.0,1301.0,0.0,0.4955200254917145,1.3089665174484253,1.671432614326477,2.888406753540039,40.0
dynamic,3,1,179,0.6494207004706065,0.6186839123566945,0.03073678637544314,0.6020260866483053,0.6020260866483053,0.0,4.0,4.0,1790.0,1301.0,0.0,0.4955200254917145,1.3089665174484253,1.671432614326477,2.888406753540039,40.0
dynamic,3,1,180,0.6670192861557007,0.6325271900494893,0.03449209491411845,0.5923604989051818,0.5923604989051818,0.0,4.0,4.0,1800.0,1301.0,0.0,0.4955200254917145,1.3089665174484253,1.671432614326477,2.888406753540039,40.0
dynamic,3,1,181,0.6317124382654826,0.597441070874532,0.03427136937777201,0.5854986565311749,0.5854986565311749,0.0,4.0,4.0,1810.0,1301.0,0.0,0.4955200254917145,1.3089665174484253,1.671432614326477,2.888406753540039,40.0
dynamic,3,1,182,0.6344608251253764,0.5980922174453736,0.03636859148740768,0.5776229053735733,0.5776229053735733,0.0,4.0,4.0,1820.0,1301.0,0.0,0.4955200254917145,1.3089665174484253,1.671432614326477,2.888406753540039,40.0
dynamic,3,1,183,0.6330428663889567,0.5973587576548258,0.03568410654862722,0.6196054764588674,0.6196054764588674,0.0,4.0,4.0,1830.0,1301.0,0.0,0.4955200254917145,1.3089665174484253,1.671432614326477,2.888406753540039,40.0
dynamic,3,1,184,0.6236651531855265,0.5898651305834453,0.03380002960562706,0.5604206651449204,0.5604206651449204,0.0,4.0,4.0,1840.0,1301.0,0.0,0.4955200254917145,1.3089665174484253,1.671432614326477,2.888406753540039,40.0
dynamic,3,1,185,0.6262329419453939,0.5880719582239787,0.03816098819176356,0.5674996952215831,0.5674996952215831,0.0,4.0,4.0,1850.0,1301.0,0.0,0.4955200254917145,1.3089665174484253,1.671432614326477,2.888406753540039,40.0
dynamic,3,1,186,0.6145847749710083,0.5784705857435862,0.03611418510476748,0.5798448607325554,0.5798448607325554,0.0,4.0,4.0,1860.0,1301.0,0.0,0.4955200254917145,1.3089665174484253,1.671432614326477,2.888406753540039,40.0
dynamic,3,1,187,0.6082736722628276,0.5737186185518901,0.03455506096283595,0.5677864541610081,0.5677864541610081,0.0,4.0,4.0,1870.0,1301.0,0.0,0.4955200254917145,1.3089665174484253,1.671432614326477,2.888406753540039,40.0
dynamic,3,1,188,0.5989355786641439,0.56173593044281,0.03719964519143105,0.5803545672694842,0.5803545672694842,0.0,4.0,4.0,1880.0,1301.0,0.0,0.4955200254917145,1.3089665174484253,1.671432614326477,2.888406753540039,40.0
dynamic,3,1,189,0.5959490784009298,0.5620383596420289,0.033910728096961974,0.542548267741998,0.542548267741998,0.0,4.0,4.0,1890.0,1301.0,0.0,0.4955200254917145,1.3089665174484253,1.671432614326477,2.888406753540039,40.0
dynamic,3,1,190,0.5799732343355815,0.5472836605707805,0.03268956393003464,0.5403370788693428,0.5403370788693428,0.0,4.0,4.0,1900.0,1301.0,0.0,0.4955200254917145,1.3089665174484253,1.671432614326477,2.888406753540039,40.0
dynamic,3,1,191,0.6077103519439697,0.5724964022636414,0.03521395285924276,0.5417021637161573,0.5417021637161573,0.0,4.0,4.0,1910.0,1301.0,0.0,0.4955200254917145,1.3089665174484253,1.671432614326477,2.888406753540039,40.0
dynamic,3,1,192,0.5670850356419881,0.5332403763135274,0.03384465803702672,0.539878206551075,0.539878206551075,0.0,4.0,4.0,1920.0,1301.0,0.0,0.4955200254917145,1.3089665174484253,1.671432614326477,2.888406753540039,40.0
dynamic,3,1,193,0.58891304175059,0.5550277344385783,0.03388531478742758,0.5413958389560382,0.5413958389560382,0.0,4.0,4.0,1930.0,1301.0,0.0,0.4955200254917145,1.3089665174484253,1.671432614326477,2.888406753540039,40.0
dynamic,3,1,194,0.5726191107432047,0.5371225023269653,0.03549661338329315,0.530103087524573,0.530103087524573,0.0,4.0,4.0,1940.0,1301.0,0.0,0.4955200254917145,1.3089665174484253,1.671432614326477,2.888406753540039,40.0
dynamic,3,1,195,0.5544925411542256,0.519146343866984,0.03534619693954786,0.5159774378935496,0.5159774378935496,0.0,4.0,4.0,1950.0,1301.0,0.0,0.4955200254917145,1.3089665174484253,1.671432614326477,2.888406753540039,40.0
dynamic,3,1,196,0.57267702182134,0.5401736783981324,0.03250333701570829,0.5187019216020902,0.5187019216020902,0.0,4.0,4.0,1960.0,1301.0,0.0,0.4955200254917145,1.3089665174484253,1.671432614326477,2.888406753540039,40.0
dynamic,3,1,197,0.5503735955556234,0.5172703162829081,0.033103270332018535,0.5193185201287269,0.5193185201287269,0.0,4.0,4.0,1970.0,1301.0,0.0,0.4955200254917145,1.3089665174484253,1.671432614326477,2.888406753540039,40.0
dynamic,3,1,198,0.5472383411725362,0.5151744341850281,0.03206390840311845,0.5012148795525233,0.5012148795525233,0.0,4.0,4.0,1980.0,1301.0,0.0,0.4955200254917145,1.3089665174484253,1.671432614326477,2.888406753540039,40.0
dynamic,3,1,199,0.5500707451502482,0.519027632077535,0.031043107360601424,0.5019494462013244,0.5019494462013244,0.0,4.0,4.0,1990.0,1301.0,0.0,0.4955200254917145,1.3089665174484253,1.671432614326477,2.888406753540039,40.0
dynamic,3,1,200,0.5565352702140808,0.525705083211263,0.030830187499523164,0.49551170925299326,0.49551170925299326,0.0,4.0,4.0,2000.0,1301.0,0.0,0.4955200254917145,1.3089665174484253,1.671432614326477,2.888406753540039,40.0
dynamic,3,1,201,0.5386914531389873,0.5090626851717631,0.029628772338231406,0.4985156850020091,0.4985156850020091,0.0,4.0,4.0,2010.0,1301.0,0.0,0.4955200254917145,1.3089665174484253,1.671432614326477,2.888406753540039,40.0
dynamic,3,1,202,0.5506155256430308,0.517942283153534,0.03267323901255925,0.49503535976012547,0.49503535976012547,0.0,4.0,4.0,2020.0,1301.0,0.0,0.4955200254917145,1.3089665174484253,1.671432614326477,2.888406753540039,40.0
dynamic,3,1,203,0.5326721795399983,0.5041362353165945,0.028535947650671006,0.47508895268042883,0.47508895268042883,0.0,4.0,4.0,2030.0,1301.0,0.0,0.4955200254917145,1.3089665174484253,1.671432614326477,2.888406753540039,40.0
dynamic,3,1,204,0.5384803462028503,0.5089021857579549,0.029578160246213278,0.4864046876629194,0.4864046876629194,0.0,4.0,4.0,2040.0,1301.0,0.0,0.4955200254917145,1.3089665174484253,1.671432614326477,2.888406753540039,40.0
dynamic,3,1,205,0.5276115481058756,0.49844427903493244,0.029167273342609407,0.47451859891414644,0.47451859891414644,0.0,4.0,4.0,2050.0,1301.0,0.0,0.4955200254917145,1.3089665174484253,1.671432614326477,2.888406753540039,40.0
dynamic,3,1,206,0.5290080046653748,0.5009196774164836,0.028088324616352717,0.48656593640645346,0.48656593640645346,0.0,4.0,4.0,2060.0,1301.0,0.0,0.4955200254917145,1.3089665174484253,1.671432614326477,2.888406753540039,40.0
dynamic,3,1,207,0.5261072436968486,0.49685317993164063,0.02925406237443288,0.47663319985071817,0.47663319985071817,0.0,4.0,4.0,2070.0,1301.0,0.0,0.4955200254917145,1.3089665174484253,1.671432614326477,2.888406753540039,40.0
dynamic,3,1,208,0.5108553429444631,0.48337443590164186,0.027480901777744295,0.4727797601620356,0.4727797601620356,0.0,4.0,4.0,2080.0,1301.0,0.0,0.4955200254917145,1.3089665174484253,1.671432614326477,2.888406753540039,40.0
dynamic,3,1,209,0.5129146361351014,0.4831522568066915,0.0297623793532451,0.47727660049994786,0.47727660049994786,0.0,4.0,4.0,2090.0,1301.0,0.0,0.4955200254917145,1.3089665174484253,1.671432614326477,2.888406753540039,40.0
dynamic,3,1,210,0.5091814398765564,0.48066734353701274,0.028514100164175035,0.4722171271840731,0.4722171271840731,0.0,4.0,4.0,2100.0,1301.0,0.0,0.4955200254917145,1.3089665174484253,1.671432614326477,2.888406753540039,40.0
dynamic,3,1,211,0.5084661368529002,0.480210968653361,0.02825516626238823,0.4771330181757609,0.4771330181757609,0.0,4.0,4.0,2110.0,1301.0,0.0,0.4955200254917145,1.3089665174484253,1.671432614326477,2.888406753540039,40.0
dynamic,3,1,212,0.502609847386678,0.47464423060417177,0.027965614795684813,0.4737898193796476,0.4737898193796476,0.0,4.0,4.0,2120.0,1301.0,0.0,0.4955200254917145,1.3089665174484253,1.671432614326477,2.888406753540039,40.0
dynamic,3,1,213,0.5062787965933482,0.47759128173192344,0.028687515382965406,0.4780238309502602,0.4780238309502602,0.0,4.0,4.0,2130.0,1301.0,0.0,0.4955200254917145,1.3089665174484253,1.671432614326477,2.888406753540039,40.0
dynamic,3,1,214,0.5188796106974284,0.48909833987553913,0.029781264116366703,0.4597963736454646,0.4597963736454646,0.0,4.0,4.0,2140.0,1301.0,0.0,0.4955200254917145,1.3089665174484253,1.671432614326477,2.888406753540039,40.0
dynamic,3,1,215,0.4955623404184977,0.4664025028546651,0.029159833788871766,0.4715420776605606,0.4715420776605606,0.0,4.0,4.0,2150.0,1301.0,0.0,0.4955200254917145,1.3089665174484253,1.671432614326477,2.888406753540039,40.0
dynamic,3,1,216,0.5110486261049907,0.4830260713895162,0.028022557149330773,0.47282564029097557,0.47282564029097557,0.0,4.0,4.0,2160.0,1301.0,0.0,0.4955200254917145,1.3089665174484253,1.671432614326477,2.888406753540039,40.0
dynamic,3,1,217,0.4952861531575521,0.4677788245677948,0.027507329632838567,0.46848693827788035,0.46848693827788035,0.0,4.0,4.0,2170.0,1301.0,0.0,0.4955200254917145,1.3089665174484253,1.671432614326477,2.888406753540039,40.0
dynamic,3,1,218,0.5054639375209808,0.475357000430425,0.030106933961311977,0.48715765928228694,0.48715765928228694,0.0,4.0,4.0,2180.0,1301.0,0.0,0.4955200254917145,1.3089665174484253,1.671432614326477,2.888406753540039,40.0
dynamic,3,1,219,0.4985181109110514,0.4701888779799143,0.028329239711165428,0.4625505630671978,0.4625505630671978,0.0,4.0,4.0,2190.0,1301.0,0.0,0.4955200254917145,1.3089665174484253,1.671432614326477,2.888406753540039,40.0
dynamic,3,1,220,0.49821935733159384,0.46991897424062096,0.028300383190313975,0.4655089084307353,0.4655089084307353,0.0,4.0,4.0,2200.0,1301.0,0.0,0.4955200254917145,1.3089665174484253,1.671432614326477,2.888406753540039,40.0
dynamic,3,1,221,0.49081761042277017,0.4606718671321869,0.030145745500922205,0.4407879828910033,0.4407879828910033,0.0,4.0,4.0,2210.0,1301.0,0.0,0.4955200254917145,1.3089665174484253,1.671432614326477,2.888406753540039,40.0
dynamic,3,1,222,0.4837984299659729,0.45515096068382266,0.02864746781686942,0.45044064238667486,0.45044064238667486,0.0,4.0,4.0,2220.0,1301.0,0.0,0.4955200254917145,1.3089665174484253,1.671432614326477,2.888406753540039,40.0
dynamic,3,1,223,0.5094441533088684,0.4810040497779846,0.028440109491348266,0.45094179635246595,0.45094179635246595,0.0,4.0,4.0,2230.0,1301.0,0.0,0.4955200254917145,1.3089665174484253,1.671432614326477,2.888406753540039,40.0
dynamic,3,1,224,0.47525168895721437,0.4491246771812439,0.026127005616823833,0.4267941888173421,0.4267941888173421,0.0,4.0,4.0,2240.0,1301.0,0.0,0.4955200254917145,1.3089665174484253,1.671432614326477,2.888406753540039,40.0
dynamic,3,1,225,0.4953659876187642,0.4649463987350464,0.03041959101955096,0.4594767435391744,0.4594767435391744,0.0,4.0,4.0,2250.0,1301.0,0.0,0.4955200254917145,1.3089665174484253,1.671432614326477,2.888406753540039,40.0
dynamic,3,1,226,0.48422329982121787,0.4553378136952718,0.02888548217713833,0.4441948509713014,0.4441948509713014,0.0,4.0,4.0,2260.0,1301.0,0.0,0.4955200254917145,1.3089665174484253,1.671432614326477,2.888406753540039,40.0
dynamic,3,1,227,0.45496766169865926,0.4283584876855214,0.026609172572692234,0.42848426019152,0.42848426019152,0.0,4.0,4.0,2270.0,1301.0,0.0,0.4955200254917145,1.3089665174484253,1.671432614326477,2.888406753540039,40.0
dynamic,3,1,228,0.4809333006540934,0.45314391374588014,0.02778938760360082,0.4343691754341126,0.4343691754341126,0.0,4.0,4.0,2280.0,1301.0,0.0,0.4955200254917145,1.3089665174484253,1.671432614326477,2.888406753540039,40.0
dynamic,3,1,229,0.4728844924767812,0.4436788018544515,0.029205697178840636,0.4162228446205457,0.4162228446205457,0.0,4.0,4.0,2290.0,1301.0,0.0,0.4955200254917145,1.3089665174484253,1.671432614326477,2.888406753540039,40.0
dynamic,3,1,230,0.46039973934491474,0.4315956489245097,0.028804091239968934,0.455029973834753,0.455029973834753,0.0,4.0,4.0,2300.0,1301.0,0.0,0.4955200254917145,1.3089665174484253,1.671432614326477,2.888406753540039,40.0
dynamic,3,1,231,0.49171303391456606,0.4611124002933502,0.03060063491264979,0.44066169326504073,0.44066169326504073,0.0,4.0,4.0,2310.0,1301.0,0.0,0.4955200254917145,1.3089665174484253,1.671432614326477,2.888406753540039,40.0
dynamic,3,1,232,0.4718165957927704,0.44343188643455506,0.028384706502159438,0.41954984997709593,0.41954984997709593,0.0,4.0,4.0,2320.0,1301.0,0.0,0.4955200254917145,1.3089665174484253,1.671432614326477,2.888406753540039,40.0
dynamic,3,1,233,0.4702066445350647,0.44111604571342466,0.029090599964062373,0.4293331966300805,0.4293331966300805,0.0,4.0,4.0,2330.0,1301.0,0.0,0.4955200254917145,1.3089665174484253,1.671432614326477,2.888406753540039,40.0
dynamic,3,1,234,0.4735604194800059,0.44364026188850403,0.0299201596279939,0.45107580815752346,0.45107580815752346,0.0,4.0,4.0,2340.0,1301.0,0.0,0.4955200254917145,1.3089665174484253,1.671432614326477,2.888406753540039,40.0
dynamic,3,1,235,0.47209952274958294,0.44246843377749123,0.029631087904175124,0.4102800409992536,0.4102800409992536,0.0,4.0,4.0,2350.0,1301.0,0.0,0.4955200254917145,1.3089665174484253,1.671432614326477,2.888406753540039,40.0
dynamic,3,1,236,0.49679755767186484,0.46727949460347495,0.029518062969048818,0.43407717570662496,0.43407717570662496,0.0,4.0,4.0,2360.0,1301.0,0.0,0.4955200254917145,1.3089665174484253,1.671432614326477,2.888406753540039,40.0
dynamic,3,1,237,0.4512927802403768,0.4220561981201172,0.029236583734552065,0.4028062496085962,0.4028062496085962,0.0,4.0,4.0,2370.0,1301.0,0.0,0.4955200254917145,1.3089665174484253,1.671432614326477,2.888406753540039,40.0
dynamic,3,1,238,0.4573030952612559,0.4289649371306101,0.02833815835416317,0.414049751907587,0.414049751907587,0.0,4.0,4.0,2380.0,1301.0,0.0,0.4955200254917145,1.3089665174484253,1.671432614326477,2.888406753540039,40.0
dynamic,3,1,239,0.4663440040747325,0.43675394177436827,0.029590061952670416,0.44086960688233373,0.44086960688233373,0.0,4.0,4.0,2390.0,1301.0,0.0,0.4955200254917145,1.3089665174484253,1.671432614326477,2.888406753540039,40.0
dynamic,3,1,240,0.48899604002634683,0.45875870148340864,0.030237336605787278,0.3988757727046808,0.3988757727046808,0.0,4.0,4.0,2400.0,1301.0,0.0,0.4955200254917145,1.3089665174484253,1.671432614326477,2.888406753540039,40.0
dynamic,3,1,241,0.45242677847544355,0.4215355555216471,0.03089122861623764,0.409502511570851,0.409502511570851,0.0,4.0,4.0,2410.0,1301.0,0.0,0.4955200254917145,1.3089665174484253,1.671432614326477,2.888406753540039,40.0
dynamic,3,1,242,0.45601463397343955,0.42477420806884764,0.031240425258874892,0.42524498616655665,0.42524498616655665,0.0,4.0,4.0,2420.0,1301.0,0.0,0.4955200254917145,1.3089665174484253,1.671432614326477,2.888406753540039,40.0
dynamic,3,1,243,0.4710822435220083,0.4403193283081055,0.030762918616334598,0.4059639241794745,0.4059639241794745,0.0,4.0,4.0,2430.0,1301.0,0.0,0.4955200254917145,1.3089665174484253,1.671432614326477,2.888406753540039,40.0
dynamic,3,1,244,0.43575212836265564,0.4084746464093526,0.027277481804291407,0.4348133773605029,0.4348133773605029,0.0,4.0,4.0,2440.0,1301.0,0.0,0.4955200254917145,1.3089665174484253,1.671432614326477,2.888406753540039,40.0
dynamic,3,1,245,0.4763840142885844,0.44466182351112366,0.031722189535697304,0.4134675880273183,0.4134675880273183,0.0,4.0,4.0,2450.0,1301.0,0.0,0.4955200254917145,1.3089665174484253,1.671432614326477,2.888406753540039,40.0
dynamic,3,1,246,0.4343628978729248,0.40608405907948814,0.028278838396072387,0.3909305103123188,0.3909305103123188,0.0,4.0,4.0,2460.0,1301.0,0.0,0.4955200254917145,1.3089665174484253,1.671432614326477,2.888406753540039,40.0
dynamic,3,1,247,0.44192132115364074,0.4112649166584015,0.030656400322914123,0.43022997428973514,0.43022997428973514,0.0,4.0,4.0,2470.0,1301.0,0.0,0.4955200254917145,1.3089665174484253,1.671432614326477,2.888406753540039,40.0
dynamic,3,1,248,0.4591763734817505,0.4278572086493174,0.03131916662057241,0.43176580106218654,0.43176580106218654,0.0,4.0,4.0,2480.0,1301.0,0.0,0.4955200254917145,1.3089665174484253,1.671432614326477,2.888406753540039,40.0
dynamic,3,1,249,0.44401763916015624,0.4138437779744466,0.030173861583073933,0.39621242915590604,0.39621242915590604,0.0,4.0,4.0,2490.0,1301.0,0.0,0.4955200254917145,1.3089665174484253,1.671432614326477,2.888406753540039,40.0
dynamic,3,1,250,0.46034162243207294,0.4301071270306905,0.030234501386682194,0.401453125923872,0.401453125923872,0.0,4.0,4.0,2500.0,1301.0,0.0,0.4955200254917145,1.3089665174484253,1.671432614326477,2.888406753540039,40.0
dynamic,3,1,251,0.44160109678904214,0.41128878315289813,0.030312315225601197,0.38895893216133115,0.38895893216133115,0.0,4.0,4.0,2510.0,1301.0,0.0,0.4955200254917145,1.3089665174484253,1.671432614326477,2.888406753540039,40.0
dynamic,3,1,252,0.41981391112009686,0.3901610827445984,0.029652828772862752,0.3941165161629518,0.3941165161629518,0.0,4.0,4.0,2520.0,1301.0,0.0,0.4955200254917145,1.3089665174484253,1.671432614326477,2.888406753540039,40.0
dynamic,3,1,253,0.43718498150507606,0.4064760287602743,0.030708954135576883,0.40159365251660345,0.40159365251660345,0.0,4.0,4.0,2530.0,1301.0,0.0,0.4955200254917145,1.3089665174484253,1.671432614326477,2.888406753540039,40.0
dynamic,3,1,254,0.4490962815284729,0.4170051848888397,0.03209109599391619,0.3775318557024002,0.3775318557024002,0.0,4.0,4.0,2540.0,1301.0,0.0,0.4955200254917145,1.3089665174484253,1.671432614326477,2.888406753540039,40.0
dynamic,3,1,255,0.419465526342392,0.3885670185089111,0.03089850882689158,0.4032176783680916,0.4032176783680916,0.0,4.0,4.0,2550.0,1301.0,0.0,0.4955200254917145,1.3089665174484253,1.671432614326477,2.888406753540039,40.0
dynamic,3,1,256,0.4303725894292196,0.3997171902656555,0.030655400156974794,0.3823678649465243,0.3823678649465243,0.0,4.0,4.0,2560.0,1301.0,0.0,0.4955200254917145,1.3089665174484253,1.671432614326477,2.888406753540039,40.0
dynamic,3,1,257,0.4335965005556742,0.40368847688039144,0.029908025314410527,0.4083377782007058,0.4083377782007058,0.0,4.0,4.0,2570.0,1301.0,0.0,0.4955200254917145,1.3089665174484253,1.671432614326477,2.888406753540039,40.0
dynamic,3,1,258,0.4469311269124349,0.41616783618927,0.030763285358746846,0.3888427329063415,0.3888427329063415,0.0,4.0,4.0,2580.0,1301.0,0.0,0.4955200254917145,1.3089665174484253,1.671432614326477,2.888406753540039,40.0
dynamic,3,1,259,0.42030922571818036,0.39029406070709227,0.030015160739421846,0.38553992569446566,0.38553992569446566,0.0,4.0,4.0,2590.0,1301.0,0.0,0.4955200254917145,1.3089665174484253,1.671432614326477,2.888406753540039,40.0
dynamic,3,1,260,0.4156243491172791,0.38554959336916605,0.03007475510239601,0.38250929494698843,0.38250929494698843,0.0,4.0,4.0,2600.0,1301.0,0.0,0.4955200254917145,1.3089665174484253,1.671432614326477,2.888406753540039,40.0
dynamic,3,1,261,0.4149280679225922,0.38478288014729817,0.030145189861456555,0.3729703967273235,0.3729703967273235,0.0,4.0,4.0,2610.0,1301.0,0.0,0.4955200254917145,1.3089665174484253,1.671432614326477,2.888406753540039,40.0
dynamic,3,1,262,0.41622322718302407,0.38415271719296773,0.03207050919532776,0.37153025741378465,0.37153025741378465,0.0,4.0,4.0,2620.0,1301.0,0.0,0.4955200254917145,1.3089665174484253,1.671432614326477,2.888406753540039,40.0
dynamic,3,1,263,0.4227657612164815,0.3913114901383718,0.0314542684952418,0.37447734956940015,0.37447734956940015,0.0,4.0,4.0,2630.0,1301.0,0.0,0.4955200254917145,1.3089665174484253,1.671432614326477,2.888406753540039,40.0
dynamic,3,1,264,0.42603496432304383,0.3937564114729563,0.032278551111618675,0.36403395563364027,0.36403395563364027,0.0,4.0,4.0,2640.0,1301.0,0.0,0.4955200254917145,1.3089665174484253,1.671432614326477,2.888406753540039,40.0
dynamic,3,1,265,0.4193937357266744,0.388692497809728,0.030701239109039307,0.4013280192514261,0.4013280192514261,0.0,4.0,4.0,2650.0,1301.0,0.0,0.4955200254917145,1.3089665174484253,1.671432614326477,2.888406753540039,40.0
dynamic,3,1,266,0.44329275528589884,0.40950596491495767,0.03378679101665815,0.38306478132804234,0.38306478132804234,0.0,4.0,4.0,2660.0,1301.0,0.0,0.4955200254917145,1.3089665174484253,1.671432614326477,2.888406753540039,40.0
dynamic,3,1,267,0.4017669200897217,0.3707965111732483,0.03097040593624115,0.36045742362737654,0.36045742362737654,0.0,4.0,4.0,2670.0,1301.0,0.0,0.4955200254917145,1.3089665174484253,1.671432614326477,2.888406753540039,40.0
dynamic,3,1,268,0.446372168858846,0.41208371877670286,0.034288448492685954,0.4210773473978043,0.4210773473978043,0.0,4.0,4.0,2680.0,1301.0,0.0,0.4955200254917145,1.3089665174484253,1.671432614326477,2.888406753540039,40.0
dynamic,3,1,269,0.4235994013150533,0.39133904973665873,0.03226035319268703,0.3523086541394393,0.3523086541394393,0.0,4.0,4.0,2690.0,1301.0,0.0,0.4955200254917145,1.3089665174484253,1.671432614326477,2.888406753540039,40.0
dynamic,3,1,270,0.40806780497233075,0.37688077211380006,0.03118703544139862,0.3911038470764955,0.3911038470764955,0.0,4.0,4.0,2700.0,1301.0,0.0,0.4955200254917145,1.3089665174484253,1.671432614326477,2.888406753540039,40.0
dynamic,3,1,271,0.4041051443417867,0.37304086844126383,0.03106427530447642,0.3698822754621506,0.3698822754621506,0.0,4.0,4.0,2710.0,1301.0,0.0,0.4955200254917145,1.3089665174484253,1.671432614326477,2.888406753540039,40.0
dynamic,3,1,272,0.3943640931447347,0.36290818492571514,0.03145591095089913,0.37977509732047715,0.37977509732047715,0.0,4.0,4.0,2720.0,1301.0,0.0,0.4955200254917145,1.3089665174484253,1.671432614326477,2.888406753540039,40.0
dynamic,3,1,273,0.4167323462168376,0.38426916042963666,0.03246318886677424,0.3582631090283394,0.3582631090283394,0.0,4.0,4.0,2730.0,1301.0,0.0,0.4955200254917145,1.3089665174484253,1.671432614326477,2.888406753540039,40.0
dynamic,3,1,274,0.401255339384079,0.3693523557980855,0.03190298502643903,0.3527410780886809,0.3527410780886809,0.0,4.0,4.0,2740.0,1301.0,0.0,0.4955200254917145,1.3089665174484253,1.671432614326477,2.888406753540039,40.0
dynamic,3,1,275,0.4069551841417948,0.37339889923731484,0.03355628758668899,0.3731890823443731,0.3731890823443731,0.0,4.0,4.0,2750.0,1301.0,0.0,0.4955200254917145,1.3089665174484253,1.671432614326477,2.888406753540039,40.0
dynamic,3,1,276,0.3958012278874715,0.36477678497632343,0.031024442066748936,0.3647574080030123,0.3647574080030123,0.0,4.0,4.0,2760.0,1301.0,0.0,0.4955200254917145,1.3089665174484253,1.671432614326477,2.888406753540039,40.0
dynamic,3,1,277,0.3996297907829285,0.36763964454332987,0.03199014683564504,0.35567144840955733,0.35567144840955733,0.0,4.0,4.0,2770.0,1301.0,0.0,0.4955200254917145,1.3089665174484253,1.671432614326477,2.888406753540039,40.0
dynamic,3,1,278,0.4024457438786824,0.36965168635050455,0.0327940522134304,0.3759030002852281,0.3759030002852281,0.0,4.0,4.0,2780.0,1301.0,0.0,0.4955200254917145,1.3089665174484253,1.671432614326477,2.888406753540039,40.0
dynamic,3,1,279,0.41504058361053464,0.38263532559076946,0.03240525864064694,0.3839635211229324,0.3839635211229324,0.0,4.0,4.0,2790.0,1301.0,0.0,0.4955200254917145,1.3089665174484253,1.671432614326477,2.888406753540039,40.0
dynamic,3,1,280,0.40449796040852865,0.37356918970743813,0.030928767720858254,0.3619738125304381,0.3619738125304381,0.0,4.0,4.0,2800.0,1301.0,0.0,0.4955200254917145,1.3089665174484253,1.671432614326477,2.888406753540039,40.0
dynamic,3,1,281,0.3995537980397542,0.36692573070526124,0.03262807453672091,0.3492094617088636,0.3492094617088636,0.0,4.0,4.0,2810.0,1301.0,0.0,0.4955200254917145,1.3089665174484253,1.671432614326477,2.888406753540039,40.0
dynamic,3,1,282,0.38174216787020365,0.35046859860420226,0.03127357030908267,0.35001968810955686,0.35001968810955686,0.0,4.0,4.0,2820.0,1301.0,0.0,0.4955200254917145,1.3089665174484253,1.671432614326477,2.888406753540039,40.0
dynamic,3,1,283,0.40041529734929404,0.36792561491330467,0.032489681790272396,0.36436618278423943,0.36436618278423943,0.0,4.0,4.0,2830.0,1301.0,0.0,0.4955200254917145,1.3089665174484253,1.671432614326477,2.888406753540039,40.0
dynamic,3,1,284,0.41348594387372334,0.3808155564467112,0.03267038804789384,0.3363821982840697,0.3363821982840697,0.0,4.0,4.0,2840.0,1301.0,0.0,0.4955200254917145,1.3089665174484253,1.671432614326477,2.888406753540039,40.0
dynamic,3,1,285,0.36160263816515603,0.3322296647230784,0.029372977539896965,0.3429976505537828,0.3429976505537828,0.0,4.0,4.0,2850.0,1301.0,0.0,0.4955200254917145,1.3089665174484253,1.671432614326477,2.888406753540039,40.0
dynamic,3,1,286,0.40348011016845703,0.3711496456464132,0.03233046780029933,0.37260654588540393,0.37260654588540393,0.0,4.0,4.0,2860.0,1301.0,0.0,0.4955200254917145,1.3089665174484253,1.671432614326477,2.888406753540039,40.0
dynamic,3,1,287,0.3877347469329834,0.3567988137404124,0.030935930212338765,0.32683242196838064,0.32683242196838064,0.0,4.0,4.0,2870.0,1301.0,0.0,0.4955200254917145,1.3089665174484253,1.671432614326477,2.888406753540039,40.0
dynamic,3,1,288,0.36811355431874593,0.3375771756966909,0.030536374449729918,0.36330302541454634,0.36330302541454634,0.0,4.0,4.0,2880.0,1301.0,0.0,0.4955200254917145,1.3089665174484253,1.671432614326477,2.888406753540039,40.0
dynamic,3,1,289,0.42617844104766844,0.39370846350987754,0.032469978034496305,0.34563518633445106,0.34563518633445106,0.0,4.0,4.0,2890.0,1301.0,0.0,0.4955200254917145,1.3089665174484253,1.671432614326477,2.888406753540039,40.0
dynamic,3,1,290,0.35285686095555624,0.32429593642552695,0.028560921599467597,0.35495426659782725,0.35495426659782725,0.0,4.0,4.0,2900.0,1301.0,0.0,0.4955200254917145,1.3089665174484253,1.671432614326477,2.888406753540039,40.0
dynamic,3,1,291,0.41582499504089354,0.3821409571170807,0.033684038023153944,0.3386337306598822,0.3386337306598822,0.0,4.0,4.0,2910.0,1301.0,0.0,0.4955200254917145,1.3089665174484253,1.671432614326477,2.888406753540039,40.0
dynamic,3,1,292,0.3544665501515071,0.324459842244784,0.03000671071310838,0.3145153562227885,0.3145153562227885,0.0,4.0,4.0,2920.0,1301.0,0.0,0.4955200254917145,1.3089665174484253,1.671432614326477,2.888406753540039,40.0
dynamic,3,1,293,0.36940760413805646,0.3380700790882111,0.03133752649029096,0.4203786615033944,0.4203786615033944,0.0,4.0,4.0,2930.0,1301.0,0.0,0.4955200254917145,1.3089665174484253,1.671432614326477,2.888406753540039,40.0
dynamic,3,1,294,0.41863619089126586,0.3829859681924184,0.03565022309621175,0.3310881498952707,0.3310881498952707,0.0,4.0,4.0,2940.0,1301.0,0.0,0.4955200254917145,1.3089665174484253,1.671432614326477,2.888406753540039,40.0
dynamic,3,1,295,0.36846842885017395,0.3376929477850596,0.03077547773718834,0.3252262219786644,0.3252262219786644,0.0,4.0,4.0,2950.0,1301.0,0.0,0.4955200254917145,1.3089665174484253,1.671432614326477,2.888406753540039,40.0
dynamic,3,1,296,0.38060766776402793,0.34809950908025106,0.03250816414753596,0.3811342423657576,0.3811342423657576,0.0,4.0,4.0,2960.0,1301.0,0.0,0.4955200254917145,1.3089665174484253,1.671432614326477,2.888406753540039,40.0
dynamic,3,1,297,0.37453737735748294,0.34268132170041404,0.031856055557727816,0.30608865534265833,0.30608865534265833,0.0,4.0,4.0,2970.0,1301.0,0.0,0.4955200254917145,1.3089665174484253,1.671432614326477,2.888406753540039,40.0
dynamic,3,1,298,0.3795716865857442,0.3470196259021759,0.032552064061164857,0.3462787532309691,0.3462787532309691,0.0,4.0,4.0,2980.0,1301.0,0.0,0.4955200254917145,1.3089665174484253,1.671432614326477,2.888406753540039,40.0
dynamic,3,1,299,0.38948449611663816,0.35520751953125,0.03427697986364365,0.32825153504808746,0.32825153504808746,0.0,4.0,4.0,2990.0,1301.0,0.0,0.4955200254917145,1.3089665174484253,1.671432614326477,2.888406753540039,40.0
dynamic,3,1,300,0.3525994424025218,0.3213285760084788,0.03127086420853933,0.31601819331447284,0.31601819331447284,0.0,4.0,4.0,3000.0,1301.0,0.0,0.4955200254917145,1.3089665174484253,1.671432614326477,2.888406753540039,40.0
dynamic,3,1,301,0.3598592789967855,0.32781157771746317,0.03204770386219025,0.3276014259457588,0.3276014259457588,0.0,4.0,4.0,3010.0,1301.0,0.0,0.4955200254917145,1.3089665174484253,1.671432614326477,2.888406753540039,40.0
dynamic,3,1,302,0.35996523340543113,0.3288094675540924,0.031155765553315482,0.3298655958970388,0.3298655958970388,0.0,4.0,4.0,3020.0,1301.0,0.0,0.4955200254917145,1.3089665174484253,1.671432614326477,2.888406753540039,40.0
dynamic,3,1,303,0.3836304044723511,0.3483993864059448,0.035231016874313355,0.32859617163737614,0.32859617163737614,0.0,4.0,4.0,3030.0,1301.0,0.0,0.4955200254917145,1.3089665174484253,1.671432614326477,2.888406753540039,40.0
dynamic,3,1,304,0.3568730362256368,0.3256979751586914,0.031175062184532483,0.3175430323183537,0.3175430323183537,0.0,4.0,4.0,3040.0,1301.0,0.0,0.4955200254917145,1.3089665174484253,1.671432614326477,2.888406753540039,40.0
dynamic,3,1,305,0.35730189363161724,0.3240886934598287,0.033213202655315396,0.37097394943237305,0.37097394943237305,0.0,4.0,4.0,3050.0,1301.0,0.0,0.4955200254917145,1.3089665174484253,1.671432614326477,2.888406753540039,40.0
dynamic,3,1,306,0.37229048093159994,0.33984163562456765,0.032448846797148385,0.3181660132110119,0.3181660132110119,0.0,4.0,4.0,3060.0,1301.0,0.0,0.4955200254917145,1.3089665174484253,1.671432614326477,2.888406753540039,40.0
dynamic,3,1,307,0.3509330173333486,0.31977792461713156,0.031155097285906475,0.302009228716294,0.302009228716294,0.0,4.0,4.0,3070.0,1301.0,0.0,0.4955200254917145,1.3089665174484253,1.671432614326477,2.888406753540039,40.0
dynamic,3,1,308,0.35742387135823567,0.32318659822146095,0.034237274130185444,0.3100882572432359,0.3100882572432359,0.0,4.0,4.0,3080.0,1301.0,0.0,0.4955200254917145,1.3089665174484253,1.671432614326477,2.888406753540039,40.0
dynamic,3,1,309,0.36286853710810346,0.3303159320354462,0.03255259911219279,0.29813932985067365,0.29813932985067365,0.0,4.0,4.0,3090.0,1301.0,0.0,0.4955200254917145,1.3089665174484253,1.671432614326477,2.888406753540039,40.0
dynamic,3,1,310,0.3244496289889018,0.2936694880326589,0.030780140161514282,0.3177133117119471,0.3177133117119471,0.0,4.0,4.0,3100.0,1301.0,0.0,0.4955200254917145,1.3089665174484253,1.671432614326477,2.888406753540039,40.0
dynamic,3,1,311,0.34459248701731365,0.3135943222045898,0.03099815974632899,0.34482122664650283,0.34482122664650283,0.0,4.0,4.0,3110.0,1301.0,0.0,0.4955200254917145,1.3089665174484253,1.671432614326477,2.888406753540039,40.0
dynamic,3,1,312,0.3796054617563884,0.3445168111721675,0.03508865011235078,0.3147680314381917,0.3147680314381917,0.0,4.0,4.0,3120.0,1301.0,0.0,0.4955200254917145,1.3089665174484253,1.671432614326477,2.888406753540039,40.0
dynamic,3,1,313,0.34386350512504577,0.31246129592259725,0.03140220771233241,0.2884285807112853,0.2884285807112853,0.0,4.0,4.0,3130.0,1301.0,0.0,0.4955200254917145,1.3089665174484253,1.671432614326477,2.888406753540039,40.0
dynamic,3,1,314,0.33197847962379456,0.30013995885849,0.03183851833144824,0.3288012724121412,0.3288012724121412,0.0,4.0,4.0,3140.0,1301.0,0.0,0.4955200254917145,1.3089665174484253,1.671432614326477,2.888406753540039,40.0
dynamic,3,1,315,0.3643972110748291,0.3299552921454112,0.03444192449251811,0.3351426942646503,0.3351426942646503,0.0,4.0,4.0,3150.0,1301.0,0.0,0.4955200254917145,1.3089665174484253,1.671432614326477,2.888406753540039,40.0
dynamic,3,1,316,0.35113858302434287,0.3183662962913513,0.032772284944852195,0.28413077965378764,0.28413077965378764,0.0,4.0,4.0,3160.0,1301.0,0.0,0.4955200254917145,1.3089665174484253,1.671432614326477,2.888406753540039,40.0
dynamic,3,1,317,0.3380937492847443,0.30638434012730914,0.03170940717061361,0.29649364441633225,0.29649364441633225,0.0,4.0,4.0,3170.0,1301.0,0.0,0.4955200254917145,1.3089665174484253,1.671432614326477,2.888406753540039,40.0
dynamic,3,1,318,0.32712186813354494,0.29525312781333923,0.031868742605050404,0.2942542347808679,0.2942542347808679,0.0,4.0,4.0,3180.0,1301.0,0.0,0.4955200254917145,1.3089665174484253,1.671432614326477,2.888406753540039,40.0
dynamic,3,1,319,0.34303909381230674,0.3112481772899628,0.0317909204463164,0.2865893438458443,0.2865893438458443,0.0,4.0,4.0,3190.0,1301.0,0.0,0.4955200254917145,1.3089665174484253,1.671432614326477,2.888406753540039,40.0
dynamic,3,1,320,0.3388886113961538,0.30676296472549436,0.032125643988450366,0.30850287253657976,0.30850287253657976,0.0,4.0,4.0,3200.0,1301.0,0.0,0.4955200254917145,1.3089665174484253,1.671432614326477,2.888406753540039,40.0
dynamic,3,1,321,0.3513744461536408,0.31695489207903543,0.03441956003506978,0.30223067114750546,0.30223067114750546,0.0,4.0,4.0,3210.0,1301.0,0.0,0.4955200254917145,1.3089665174484253,1.671432614326477,2.888406753540039,40.0
dynamic,3,1,322,0.3393044706185659,0.3068982688585917,0.032406202703714374,0.29525370195508005,0.29525370195508005,0.0,4.0,4.0,3220.0,1301.0,0.0,0.4955200254917145,1.3089665174484253,1.671432614326477,2.888406753540039,40.0
dynamic,3,1,323,0.32047106663386027,0.28935549219449364,0.03111557068924109,0.2895163887242476,0.2895163887242476,0.0,4.0,4.0,3230.0,1301.0,0.0,0.4955200254917145,1.3089665174484253,1.671432614326477,2.888406753540039,40.0
dynamic,3,1,324,0.3253621029853821,0.2924109443028768,0.032951159874598186,0.2830708433687687,0.2830708433687687,0.0,4.0,4.0,3240.0,1301.0,0.0,0.4955200254917145,1.3089665174484253,1.671432614326477,2.888406753540039,40.0
dynamic,3,1,325,0.3339140725135803,0.2998926285902659,0.034021440893411636,0.2872923422853152,0.2872923422853152,0.0,4.0,4.0,3250.0,1301.0,0.0,0.4955200254917145,1.3089665174484253,1.671432614326477,2.888406753540039,40.0
dynamic,3,1,326,0.3122380808989207,0.2807558445135752,0.03148223921656609,0.28362928559382755,0.28362928559382755,0.0,4.0,4.0,3260.0,1301.0,0.0,0.4955200254917145,1.3089665174484253,1.671432614326477,2.888406753540039,40.0
dynamic,3,1,327,0.3275539135932922,0.2955328079064687,0.03202110419670741,0.2967302867770195,0.2967302867770195,0.0,4.0,4.0,3270.0,1301.0,0.0,0.4955200254917145,1.3089665174484253,1.671432614326477,2.888406753540039,40.0
dynamic,3,1,328,0.33114617546399433,0.29822986920674643,0.032916302978992465,0.28326883604129155,0.28326883604129155,0.0,4.0,4.0,3280.0,1301.0,0.0,0.4955200254917145,1.3089665174484253,1.671432614326477,2.888406753540039,40.0
dynamic,3,1,329,0.3303239266077677,0.2980120793978373,0.032311848253011706,0.2773333543539047,0.2773333543539047,0.0,4.0,4.0,3290.0,1301.0,0.0,0.4955200254917145,1.3089665174484253,1.671432614326477,2.888406753540039,40.0
dynamic,3,1,330,0.3334867509206136,0.2999212404092153,0.03356550956765811,0.302099470893542,0.302099470893542,0.0,4.0,4.0,3300.0,1301.0,0.0,0.4955200254917145,1.3089665174484253,1.671432614326477,2.888406753540039,40.0
dynamic,3,1,331,0.33075732787450157,0.297316358089447,0.033440967500209806,0.2670803152024746,0.2670803152024746,0.0,4.0,4.0,3310.0,1301.0,0.0,0.4955200254917145,1.3089665174484253,1.671432614326477,2.888406753540039,40.0
dynamic,3,1,332,0.3338517332077026,0.3002924998601278,0.03355923359592756,0.3043367430071036,0.3043367430071036,0.0,4.0,4.0,3320.0,1301.0,0.0,0.4955200254917145,1.3089665174484253,1.671432614326477,2.888406753540039,40.0
dynamic,3,1,333,0.33801966269810996,0.30516051650047304,0.03285914778709412,0.28088214273254075,0.28088214273254075,0.0,4.0,4.0,3330.0,1301.0,0.0,0.4955200254917145,1.3089665174484253,1.671432614326477,2.888406753540039,40.0
dynamic,3,1,334,0.30520130912462873,0.2741163845856984,0.03108492528398832,0.2930667856832345,0.2930667856832345,0.0,4.0,4.0,3340.0,1301.0,0.0,0.4955200254917145,1.3089665174484253,1.671432614326477,2.888406753540039,40.0
dynamic,3,1,335,0.3178674074014028,0.28369427144527437,0.034173139929771425,0.2985535311202208,0.2985535311202208,0.0,4.0,4.0,3350.0,1301.0,0.0,0.4955200254917145,1.3089665174484253,1.671432614326477,2.888406753540039,40.0
dynamic,3,1,336,0.3234013247489929,0.2899643689393997,0.033436954170465466,0.2656552538275719,0.2656552538275719,0.0,4.0,4.0,3360.0,1301.0,0.0,0.4955200254917145,1.3089665174484253,1.671432614326477,2.888406753540039,40.0
dynamic,3,1,337,0.32040913422902423,0.2893435670932134,0.031065566688776015,0.28831199288368226,0.28831199288368226,0.0,4.0,4.0,3370.0,1301.0,0.0,0.4955200254917145,1.3089665174484253,1.671432614326477,2.888406753540039,40.0
dynamic,3,1,338,0.35814215898513796,0.32511089742183685,0.033031261612971624,0.2814673010011514,0.2814673010011514,0.0,4.0,4.0,3380.0,1301.0,0.0,0.4955200254917145,1.3089665174484253,1.671432614326477,2.888406753540039,40.0
dynamic,3,1,339,0.3051011061668396,0.27386264006296795,0.031238469282786053,0.254984653343757,0.254984653343757,0.0,4.0,4.0,3390.0,1301.0,0.0,0.4955200254917145,1.3089665174484253,1.671432614326477,2.888406753540039,40.0
dynamic,3,1,340,0.30231854438781736,0.26972421884536746,0.03259432941675186,0.3176051137348016,0.3176051137348016,0.0,4.0,4.0,3400.0,1301.0,0.0,0.4955200254917145,1.3089665174484253,1.671432614326477,2.888406753540039,40.0
dynamic,3,1,341,0.32278551419576007,0.2881391179561615,0.0346464013059934,0.2699120703339577,0.2699120703339577,0.0,4.0,4.0,3410.0,1301.0,0.0,0.4955200254917145,1.3089665174484253,1.671432614326477,2.888406753540039,40.0
dynamic,3,1,342,0.3047839860121409,0.2731877839565277,0.031596205433209734,0.2449036355316639,0.2449036355316639,0.0,4.0,4.0,3420.0,1301.0,0.0,0.4955200254917145,1.3089665174484253,1.671432614326477,2.888406753540039,40.0
dynamic,3,1,343,0.3174938821792603,0.28545554955800373,0.03203833306829135,0.3909786878526211,0.3909786878526211,0.0,4.0,4.0,3430.0,1301.0,0.0,0.4955200254917145,1.3089665174484253,1.671432614326477,2.888406753540039,40.0
dynamic,3,1,344,0.3441761422157288,0.3079971794287364,0.03617896258831024,0.2544511925180753,0.2544511925180753,0.0,4.0,4.0,3440.0,1301.0,0.0,0.4955200254917145,1.3089665174484253,1.671432614326477,2.888406753540039,40.0
dynamic,3,1,345,0.31593501567840576,0.283920122385025,0.032014897664388024,0.25263451913992563,0.25263451913992563,0.0,4.0,4.0,3450.0,1301.0,0.0,0.4955200254917145,1.3089665174484253,1.671432614326477,2.888406753540039,40.0
dynamic,3,1,346,0.3068939052025477,0.2730950442949931,0.03379885991414388,0.28054450035095213,0.28054450035095213,0.0,4.0,4.0,3460.0,1301.0,0.0,0.4955200254917145,1.3089665174484253,1.671432614326477,2.888406753540039,40.0
dynamic,3,1,347,0.31097539186477663,0.2765445593992869,0.034430832465489704,0.2808851965268453,0.2808851965268453,0.0,4.0,4.0,3470.0,1301.0,0.0,0.4955200254917145,1.3089665174484253,1.671432614326477,2.888406753540039,40.0
dynamic,3,1,348,0.31706586639086404,0.28241534948349,0.03465051501989365,0.27111485674977304,0.27111485674977304,0.0,4.0,4.0,3480.0,1301.0,0.0,0.4955200254917145,1.3089665174484253,1.671432614326477,2.888406753540039,40.0
dynamic,3,1,349,0.3428047430515289,0.3064111312230428,0.036393604775269824,0.24579447790980338,0.24579447790980338,0.0,4.0,4.0,3490.0,1301.0,0.0,0.4955200254917145,1.3089665174484253,1.671432614326477,2.888406753540039,40.0
dynamic,3,1,350,0.30646825631459557,0.27327149311701454,0.03319676091273626,0.3171314242978891,0.3171314242978891,0.0,4.0,4.0,3500.0,1301.0,0.0,0.4955200254917145,1.3089665174484253,1.671432614326477,2.888406753540039,40.0
dynamic,3,1,351,0.3057992951075236,0.2715463185310364,0.034252975980440775,0.247234745323658,0.247234745323658,0.0,4.0,4.0,3510.0,1301.0,0.0,0.4955200254917145,1.3089665174484253,1.671432614326477,2.888406753540039,40.0
dynamic,3,1,352,0.33632264415423074,0.30112700899442035,0.03519563208023707,0.2466659268240134,0.2466659268240134,0.0,4.0,4.0,3520.0,1301.0,0.0,0.4955200254917145,1.3089665174484253,1.671432614326477,2.888406753540039,40.0
dynamic,3,1,353,0.2918508780002594,0.25857999801635745,0.033270882119735085,0.2525775770843029,0.2525775770843029,0.0,4.0,4.0,3530.0,1301.0,0.0,0.4955200254917145,1.3089665174484253,1.671432614326477,2.888406753540039,40.0
dynamic,3,1,354,0.30108747402826946,0.2663785974184672,0.034708878820141155,0.2696090765297413,0.2696090765297413,0.0,4.0,4.0,3540.0,1301.0,0.0,0.4955200254917145,1.3089665174484253,1.671432614326477,2.888406753540039,40.0
dynamic,3,1,355,0.3295811363061269,0.29412850677967073,0.03545262783765793,0.23684923773010572,0.23684923773010572,0.0,4.0,4.0,3550.0,1301.0,0.0,0.4955200254917145,1.3089665174484253,1.671432614326477,2.888406753540039,40.0
dynamic,3,1,356,0.2990375093619029,0.26662188053131103,0.03241563101609548,0.2951564587652683,0.2951564587652683,0.0,4.0,4.0,3560.0,1301.0,0.0,0.4955200254917145,1.3089665174484253,1.671432614326477,2.888406753540039,40.0
dynamic,3,1,357,0.30438808957735697,0.26954797943433123,0.034840110192696255,0.24856710851192473,0.24856710851192473,0.0,4.0,4.0,3570.0,1301.0,0.0,0.4955200254917145,1.3089665174484253,1.671432614326477,2.888406753540039,40.0
dynamic,3,1,358,0.3070873181025187,0.274151162703832,0.03293614993492762,0.23958396539092064,0.23958396539092064,0.0,4.0,4.0,3580.0,1301.0,0.0,0.4955200254917145,1.3089665174484253,1.671432614326477,2.888406753540039,40.0
dynamic,3,1,359,0.28951892455418904,0.2570423467954,0.03247657934824626,0.2547008904318015,0.2547008904318015,0.0,4.0,4.0,3590.0,1301.0,0.0,0.4955200254917145,1.3089665174484253,1.671432614326477,2.888406753540039,40.0
dynamic,3,1,360,0.2839189583063126,0.25150237361590067,0.03241658866405487,0.24027465452750524,0.24027465452750524,0.0,4.0,4.0,3600.0,1301.0,0.0,0.4955200254917145,1.3089665174484253,1.671432614326477,2.888406753540039,40.0
dynamic,3,1,361,0.28356945991516114,0.2497472552458445,0.03382220327854157,0.2413458866874377,0.2413458866874377,0.0,4.0,4.0,3610.0,1301.0,0.0,0.4955200254917145,1.3089665174484253,1.671432614326477,2.888406753540039,40.0
dynamic,3,1,362,0.29900169173876445,0.26592172145843507,0.03307996561129888,0.2309599361817042,0.2309599361817042,0.0,4.0,4.0,3620.0,1301.0,0.0,0.4955200254917145,1.3089665174484253,1.671432614326477,2.888406753540039,40.0
dynamic,3,1,363,0.29188406070073447,0.25761395891507466,0.03427010297775269,0.23500364616513253,0.23500364616513253,0.0,4.0,4.0,3630.0,1301.0,0.0,0.4955200254917145,1.3089665174484253,1.671432614326477,2.888406753540039,40.0
dynamic,3,1,364,0.30034184773763023,0.2659486262003581,0.03439321999748548,0.25285578027367595,0.25285578027367595,0.0,4.0,4.0,3640.0,1301.0,0.0,0.4955200254917145,1.3089665174484253,1.671432614326477,2.888406753540039,40.0
dynamic,3,1,365,0.2924319303035736,0.25749589284261065,0.03493604148427645,0.24802212312817573,0.24802212312817573,0.0,4.0,4.0,3650.0,1301.0,0.0,0.4955200254917145,1.3089665174484253,1.671432614326477,2.888406753540039,40.0
dynamic,3,1,366,0.28069740255673725,0.24738923132419585,0.033308171530564624,0.23314310515920322,0.23314310515920322,0.0,4.0,4.0,3660.0,1301.0,0.0,0.4955200254917145,1.3089665174484253,1.671432614326477,2.888406753540039,40.0
dynamic,3,1,367,0.2957103033860525,0.26058500409126284,0.03512529730796814,0.25088418076435726,0.25088418076435726,0.0,4.0,4.0,3670.0,1301.0,0.0,0.4955200254917145,1.3089665174484253,1.671432614326477,2.888406753540039,40.0
dynamic,3,1,368,0.28436803340911865,0.250378364721934,0.033989670972029366,0.2289011310537656,0.2289011310537656,0.0,4.0,4.0,3680.0,1301.0,0.0,0.4955200254917145,1.3089665174484253,1.671432614326477,2.888406753540039,40.0
dynamic,3,1,369,0.27430614789326985,0.2408703311284383,0.03343581805626551,0.28010813633600873,0.28010813633600873,0.0,4.0,4.0,3690.0,1301.0,0.0,0.4955200254917145,1.3089665174484253,1.671432614326477,2.888406753540039,40.0
dynamic,3,1,370,0.29741479237874346,0.26526385386784873,0.03215094099442164,0.22453041101495425,0.22453041101495425,0.0,4.0,4.0,3700.0,1301.0,0.0,0.4955200254917145,1.3089665174484253,1.671432614326477,2.888406753540039,40.0
dynamic,3,1,371,0.25757246295611064,0.22811325430870055,0.029459209491809208,0.23818805689613023,0.23818805689613023,0.0,4.0,4.0,3710.0,1301.0,0.0,0.4955200254917145,1.3089665174484253,1.671432614326477,2.888406753540039,40.0
dynamic,3,1,372,0.31769095818201704,0.2820919287204742,0.03559903010725975,0.25691282068689664,0.25691282068689664,0.0,4.0,4.0,3720.0,1301.0,0.0,0.4955200254917145,1.3089665174484253,1.671432614326477,2.888406753540039,40.0
dynamic,3,1,373,0.2787901202837626,0.24499467750390372,0.03379544576009114,0.2177470298608144,0.2177470298608144,0.0,4.0,4.0,3730.0,1301.0,0.0,0.4955200254917145,1.3089665174484253,1.671432614326477,2.888406753540039,40.0
dynamic,3,1,374,0.256636913617452,0.2256887392203013,0.03094817648331324,0.24162936155994733,0.24162936155994733,0.0,4.0,4.0,3740.0,1301.0,0.0,0.4955200254917145,1.3089665174484253,1.671432614326477,2.888406753540039,40.0
dynamic,3,1,375,0.28669253865877786,0.25085568785667417,0.03583684931198756,0.2374208308259646,0.2374208308259646,0.0,4.0,4.0,3750.0,1301.0,0.0,0.4955200254917145,1.3089665174484253,1.671432614326477,2.888406753540039,40.0
dynamic,3,1,376,0.2914270609617233,0.25737681925296785,0.03405024304986,0.2287942040959994,0.2287942040959994,0.0,4.0,4.0,3760.0,1301.0,0.0,0.4955200254917145,1.3089665174484253,1.671432614326477,2.888406753540039,40.0
dynamic,3,1,377,0.268187069495519,0.23590076406796773,0.03228630204995473,0.22821696137388547,0.22821696137388547,0.0,4.0,4.0,3770.0,1301.0,0.0,0.4955200254917145,1.3089665174484253,1.671432614326477,2.888406753540039,40.0
dynamic,3,1,378,0.2662464431921641,0.23443693081537884,0.031809511333703994,0.21537567307551703,0.21537567307551703,0.0,4.0,4.0,3780.0,1301.0,0.0,0.4955200254917145,1.3089665174484253,1.671432614326477,2.888406753540039,40.0
dynamic,3,1,379,0.2724458797772725,0.23893499930699666,0.03351088325182597,0.2167159895102183,0.2167159895102183,0.0,4.0,4.0,3790.0,1301.0,0.0,0.4955200254917145,1.3089665174484253,1.671432614326477,2.888406753540039,40.0
dynamic,3,1,380,0.29417478799819946,0.25694007575511935,0.03723470975955327,0.24977262064814568,0.24977262064814568,0.0,4.0,4.0,3800.0,1301.0,0.0,0.4955200254917145,1.3089665174484253,1.671432614326477,2.888406753540039,40.0
dynamic,3,1,381,0.2855343971649806,0.24910047908624014,0.03643391768137614,0.21608922397096952,0.21608922397096952,0.0,4.0,4.0,3810.0,1301.0,0.0,0.4955200254917145,1.3089665174484253,1.671432614326477,2.888406753540039,40.0
dynamic,3,1,382,0.2754783634344737,0.24249884963035584,0.032979512810707094,0.21262536356846493,0.21262536356846493,0.0,4.0,4.0,3820.0,1301.0,0.0,0.4955200254917145,1.3089665174484253,1.671432614326477,2.888406753540039,40.0
dynamic,3,1,383,0.26838846286137896,0.2354005620876948,0.03298790062467257,0.22748687197764714,0.22748687197764714,0.0,4.0,4.0,3830.0,1301.0,0.0,0.4955200254917145,1.3089665174484253,1.671432614326477,2.888406753540039,40.0
dynamic,3,1,384,0.2739654568831126,0.23991247375806174,0.034052982181310656,0.22802130843202273,0.22802130843202273,0.0,4.0,4.0,3840.0,1301.0,0.0,0.4955200254917145,1.3089665174484253,1.671432614326477,2.888406753540039,40.0
dynamic,3,1,385,0.2615601871411006,0.2304530656337738,0.031107122724254924,0.20513980741302174,0.20513980741302174,0.0,4.0,4.0,3850.0,1301.0,0.0,0.4955200254917145,1.3089665174484253,1.671432614326477,2.888406753540039,40.0
dynamic,3,1,386,0.2442237889766693,0.212468816836675,0.03175497015317281,0.21630209386348725,0.21630209386348725,0.0,4.0,4.0,3860.0,1301.0,0.0,0.4955200254917145,1.3089665174484253,1.671432614326477,2.888406753540039,40.0
dynamic,3,1,387,0.2860934321085612,0.2489285683631897,0.0371648641427358,0.23545699511965115,0.23545699511965115,0.0,4.0,4.0,3870.0,1301.0,0.0,0.4955200254917145,1.3089665174484253,1.671432614326477,2.888406753540039,40.0
dynamic,3,1,388,0.2554633921384811,0.22094636023044587,0.03451702944934368,0.22791782562931379,0.22791782562931379,0.0,4.0,4.0,3880.0,1301.0,0.0,0.4955200254917145,1.3089665174484253,1.671432614326477,2.888406753540039,40.0
dynamic,3,1,389,0.2591294354200363,0.22522516727447509,0.03390426876644293,0.20450835759441058,0.20450835759441058,0.0,4.0,4.0,3890.0,1301.0,0.0,0.4955200254917145,1.3089665174484253,1.671432614326477,2.888406753540039,40.0
dynamic,3,1,390,0.2714417370160421,0.23869553367296856,0.032746206323305764,0.20667926649252574,0.20667926649252574,0.0,4.0,4.0,3900.0,1301.0,0.0,0.4955200254917145,1.3089665174484253,1.671432614326477,2.888406753540039,40.0
dynamic,3,1,391,0.27598890046278635,0.24016596078872682,0.03582294245560964,0.22533458923300106,0.22533458923300106,0.0,4.0,4.0,3910.0,1301.0,0.0,0.4955200254917145,1.3089665174484253,1.671432614326477,2.888406753540039,40.0
dynamic,3,1,392,0.2501607008775075,0.21665685455004374,0.033503848761320114,0.22284167245030403,0.22284167245030403,0.0,4.0,4.0,3920.0,1301.0,0.0,0.4955200254917145,1.3089665174484253,1.671432614326477,2.888406753540039,40.0
dynamic,3,1,393,0.2497106138865153,0.21588724871476492,0.03382336596647898,0.20523586064577104,0.20523586064577104,0.0,4.0,4.0,3930.0,1301.0,0.0,0.4955200254917145,1.3089665174484253,1.671432614326477,2.888406753540039,40.0
dynamic,3,1,394,0.25805242160956066,0.22417191406091055,0.03388050799568494,0.21953707973162334,0.21953707973162334,0.0,4.0,4.0,3940.0,1301.0,0.0,0.4955200254917145,1.3089665174484253,1.671432614326477,2.888406753540039,40.0
dynamic,3,1,395,0.2572600467999776,0.22149537404378256,0.03576467643181483,0.2328665631512801,0.2328665631512801,0.0,4.0,4.0,3950.0,1301.0,0.0,0.4955200254917145,1.3089665174484253,1.671432614326477,2.888406753540039,40.0
dynamic,3,1,396,0.2600280249118805,0.2265555743376414,0.03347244828939438,0.21855973064899445,0.21855973064899445,0.0,4.0,4.0,3960.0,1301.0,0.0,0.4955200254917145,1.3089665174484253,1.671432614326477,2.888406753540039,40.0
dynamic,3,1,397,0.25440842707951866,0.22161563595136008,0.03279278814792633,0.19668911769986153,0.19668911769986153,0.0,4.0,4.0,3970.0,1301.0,0.0,0.4955200254917145,1.3089665174484253,1.671432614326477,2.888406753540039,40.0
dynamic,3,1,398,0.2351474670569102,0.20273046831289926,0.03241699824730555,0.23967935239275295,0.23967935239275295,0.0,4.0,4.0,3980.0,1301.0,0.0,0.4955200254917145,1.3089665174484253,1.671432614326477,2.888406753540039,40.0
dynamic,3,1,399,0.27037094632784525,0.23297734260559083,0.03739360084136327,0.2464326127866904,0.2464326127866904,0.0,4.0,4.0,3990.0,1301.0,0.0,0.4955200254917145,1.3089665174484253,1.671432614326477,2.888406753540039,40.0
dynamic,3,1,400,0.24976849635442097,0.21629837175210317,0.03347012251615524,0.2124912630021572,0.2124912630021572,0.0,4.0,4.0,4000.0,1301.0,0.0,0.4955200254917145,1.3089665174484253,1.671432614326477,2.888406753540039,40.0
dynamic,3,1,401,0.2459127434094747,0.21549544095993042,0.03041730056206385,0.21147582307457924,0.21147582307457924,0.0,4.0,4.0,4010.0,1301.0,0.0,0.4955200254917145,1.3089665174484253,1.671432614326477,2.888406753540039,40.0
dynamic,3,1,402,0.2367155440648397,0.20566315174102784,0.031052391479412713,0.2131842014193535,0.2131842014193535,0.0,4.0,4.0,4020.0,1301.0,0.0,0.4955200254917145,1.3089665174484253,1.671432614326477,2.888406753540039,40.0
dynamic,3,1,403,0.2679874841372172,0.23389413019021352,0.03409335573514303,0.20958450277646382,0.20958450277646382,0.0,4.0,4.0,4030.0,1301.0,0.0,0.4955200254917145,1.3089665174484253,1.671432614326477,2.888406753540039,40.0
dynamic,3,1,404,0.2518780811627706,0.21833340644836427,0.03354467615485191,0.2179197411239147,0.2179197411239147,0.0,4.0,4.0,4040.0,1301.0,0.0,0.4955200254917145,1.3089665174484253,1.671432614326477,2.888406753540039,40.0
dynamic,3,1,405,0.24393503606319428,0.2112974907954534,0.032637540896733604,0.19287050878008208,0.19287050878008208,0.0,4.0,4.0,4050.0,1301.0,0.0,0.4955200254917145,1.3089665174484253,1.671432614326477,2.888406753540039,40.0
dynamic,3,1,406,0.24823062717914582,0.21672975162665048,0.03150087381402651,0.19119670768578848,0.19119670768578848,0.0,4.0,4.0,4060.0,1301.0,0.0,0.4955200254917145,1.3089665174484253,1.671432614326477,2.888406753540039,40.0
dynamic,3,1,407,0.23161766886711121,0.2005925780534744,0.031025090838472047,0.2045366632938385,0.2045366632938385,0.0,4.0,4.0,4070.0,1301.0,0.0,0.4955200254917145,1.3089665174484253,1.671432614326477,2.888406753540039,40.0
dynamic,3,1,408,0.23918210387229918,0.20599047700564066,0.03319162343939146,0.2145575477182865,0.2145575477182865,0.0,4.0,4.0,4080.0,1301.0,0.0,0.4955200254917145,1.3089665174484253,1.671432614326477,2.888406753540039,40.0
dynamic,3,1,409,0.25926700512568157,0.22732906977335612,0.031937931974728904,0.1915352810919285,0.1915352810919285,0.0,4.0,4.0,4090.0,1301.0,0.0,0.4955200254917145,1.3089665174484253,1.671432614326477,2.888406753540039,40.0
dynamic,3,1,410,0.23671572665373483,0.20516031761964162,0.031555409282445906,0.2356781535347303,0.2356781535347303,0.0,4.0,4.0,4100.0,1301.0,0.0,0.4955200254917145,1.3089665174484253,1.671432614326477,2.888406753540039,40.0
dynamic,3,1,411,0.2668874975045522,0.2278698052962621,0.039017693400383,0.20167255853613217,0.20167255853613217,0.0,4.0,4.0,4110.0,1301.0,0.0,0.4955200254917145,1.3089665174484253,1.671432614326477,2.888406753540039,40.0
dynamic,3,1,412,0.24731051802635193,0.21471327702204387,0.03259724045793216,0.18583421568075817,0.18583421568075817,0.0,4.0,4.0,4120.0,1301.0,0.0,0.4955200254917145,1.3089665174484253,1.671432614326477,2.888406753540039,40.0
dynamic,3,1,413,0.2514257168769836,0.21870630065600077,0.032719420020778975,0.2046121686200301,0.2046121686200301,0.0,4.0,4.0,4130.0,1301.0,0.0,0.4955200254917145,1.3089665174484253,1.671432614326477,2.888406753540039,40.0
dynamic,3,1,414,0.243715691169103,0.21095046579837798,0.0327652245759964,0.19725140437483787,0.19725140437483787,0.0,4.0,4.0,4140.0,1301.0,0.0,0.4955200254917145,1.3089665174484253,1.671432614326477,2.888406753540039,40.0
dynamic,3,1,415,0.23254586656888326,0.19824305176734924,0.034302816291650134,0.19263887787858644,0.19263887787858644,0.0,4.0,4.0,4150.0,1301.0,0.0,0.4955200254917145,1.3089665174484253,1.671432614326477,2.888406753540039,40.0
dynamic,3,1,416,0.23121850788593293,0.19951979736487072,0.031698712954918544,0.190168204108874,0.190168204108874,0.0,4.0,4.0,4160.0,1301.0,0.0,0.4955200254917145,1.3089665174484253,1.671432614326477,2.888406753540039,40.0
dynamic,3,1,417,0.24187048276265463,0.20886954605579378,0.03300093809763591,0.18759157245357833,0.18759157245357833,0.0,4.0,4.0,4170.0,1301.0,0.0,0.4955200254917145,1.3089665174484253,1.671432614326477,2.888406753540039,40.0
dynamic,3,1,418,0.2667228579521179,0.2337499264876048,0.03297293091813723,0.19365248049298922,0.19365248049298922,0.0,4.0,4.0,4180.0,1301.0,0.0,0.4955200254917145,1.3089665174484253,1.671432614326477,2.888406753540039,40.0
dynamic,3,1,419,0.22982321163018546,0.194056831796964,0.0357663806527853,0.1937874958415826,0.1937874958415826,0.0,4.0,4.0,4190.0,1301.0,0.0,0.4955200254917145,1.3089665174484253,1.671432614326477,2.888406753540039,40.0
dynamic,3,1,420,0.24500817318757376,0.210886848171552,0.0341213284432888,0.201606332808733,0.201606332808733,0.0,4.0,4.0,4200.0,1301.0,0.0,0.4955200254917145,1.3089665174484253,1.671432614326477,2.888406753540039,40.0
dynamic,3,1,421,0.24435207943121592,0.2115560281276703,0.032796053737401965,0.1931572027504444,0.1931572027504444,0.0,4.0,4.0,4210.0,1301.0,0.0,0.4955200254917145,1.3089665174484253,1.671432614326477,2.888406753540039,40.0
dynamic,3,1,422,0.2359444695711136,0.20508045514424642,0.030864014029502868,0.1834984118739764,0.1834984118739764,0.0,4.0,4.0,4220.0,1301.0,0.0,0.4955200254917145,1.3089665174484253,1.671432614326477,2.888406753540039,40.0
dynamic,3,1,423,0.235997820297877,0.2032541928688685,0.03274362673362096,0.18648966630299887,0.18648966630299887,0.0,4.0,4.0,4230.0,1301.0,0.0,0.4955200254917145,1.3089665174484253,1.671432614326477,2.888406753540039,40.0
dynamic,3,1,424,0.23124836047490438,0.1951478338241577,0.0361005233724912,0.19567577615380288,0.19567577615380288,0.0,4.0,4.0,4240.0,1301.0,0.0,0.4955200254917145,1.3089665174484253,1.671432614326477,2.888406753540039,40.0
dynamic,3,1,425,0.2309852925936381,0.1973751844962438,0.03361010909080506,0.19557358706990877,0.19557358706990877,0.0,4.0,4.0,4250.0,1301.0,0.0,0.4955200254917145,1.3089665174484253,1.671432614326477,2.888406753540039,40.0
dynamic,3,1,426,0.24320745984713235,0.21071875850359598,0.03248870184024175,0.18243427688876787,0.18243427688876787,0.0,4.0,4.0,4260.0,1301.0,0.0,0.4955200254917145,1.3089665174484253,1.671432614326477,2.888406753540039,40.0
dynamic,3,1,427,0.2246545978387197,0.19297367771466573,0.031680919950207075,0.1897074621419112,0.1897074621419112,0.0,4.0,4.0,4270.0,1301.0,0.0,0.4955200254917145,1.3089665174484253,1.671432614326477,2.888406753540039,40.0
dynamic,3,1,428,0.24306337674458822,0.2083600789308548,0.03470329686999321,0.1867880254983902,0.1867880254983902,0.0,4.0,4.0,4280.0,1301.0,0.0,0.4955200254917145,1.3089665174484253,1.671432614326477,2.888406753540039,40.0
dynamic,3,1,429,0.24015820384025574,0.2067470681667328,0.0334111388027668,0.18615690226356188,0.18615690226356188,0.0,4.0,4.0,4290.0,1301.0,0.0,0.4955200254917145,1.3089665174484253,1.671432614326477,2.888406753540039,40.0
dynamic,3,1,430,0.22491064608097078,0.19403863012790679,0.030872015381852785,0.18322030315796534,0.18322030315796534,0.0,4.0,4.0,4300.0,1301.0,0.0,0.4955200254917145,1.3089665174484253,1.671432614326477,2.888406753540039,40.0
dynamic,3,1,431,0.219922753572464,0.18976320107777914,0.030159555077552795,0.1734334354599317,0.1734334354599317,0.0,4.0,4.0,4310.0,1301.0,0.0,0.4955200254917145,1.3089665174484253,1.671432614326477,2.888406753540039,40.0
dynamic,3,1,432,0.214921954870224,0.18128036002318065,0.03364159310857455,0.1829145579536756,0.1829145579536756,0.0,4.0,4.0,4320.0,1301.0,0.0,0.4955200254917145,1.3089665174484253,1.671432614326477,2.888406753540039,40.0
dynamic,3,1,433,0.21593366762002308,0.18349289953708647,0.03244076788425446,0.20652252122759818,0.20652252122759818,0.0,4.0,4.0,4330.0,1301.0,0.0,0.4955200254917145,1.3089665174484253,1.671432614326477,2.888406753540039,40.0
dynamic,3,1,434,0.2300320808092753,0.19586677312850953,0.03416530708471934,0.20138009001811347,0.20138009001811347,0.0,4.0,4.0,4340.0,1301.0,0.0,0.4955200254917145,1.3089665174484253,1.671432614326477,2.888406753540039,40.0
dynamic,3,1,435,0.22411682148774464,0.19277538001537323,0.031341442118088404,0.1697447630763054,0.1697447630763054,0.0,4.0,4.0,4350.0,1301.0,0.0,0.4955200254917145,1.3089665174484253,1.671432614326477,2.888406753540039,40.0
dynamic,3,1,436,0.22377749701340993,0.19177912414073944,0.03199836815396945,0.18317064161101976,0.18317064161101976,0.0,4.0,4.0,4360.0,1301.0,0.0,0.4955200254917145,1.3089665174484253,1.671432614326477,2.888406753540039,40.0
dynamic,3,1,437,0.25200719515482584,0.21460616568724314,0.037401031504074735,0.19141241585214933,0.19141241585214933,0.0,4.0,4.0,4370.0,1301.0,0.0,0.4955200254917145,1.3089665174484253,1.671432614326477,2.888406753540039,40.0
dynamic,3,1,438,0.22510078032811484,0.1923153414328893,0.03278543924291929,0.16901301418741543,0.16901301418741543,0.0,4.0,4.0,4380.0,1301.0,0.0,0.4955200254917145,1.3089665174484253,1.671432614326477,2.888406753540039,40.0
dynamic,3,1,439,0.2247930548588435,0.1933693653345108,0.03142369210720062,0.17017811626195908,0.17017811626195908,0.0,4.0,4.0,4390.0,1301.0,0.0,0.4955200254917145,1.3089665174484253,1.671432614326477,2.888406753540039,40.0
dynamic,3,1,440,0.22204509456952412,0.18998731136322022,0.03205778663357099,0.1657419136663278,0.1657419136663278,0.0,4.0,4.0,4400.0,1301.0,0.0,0.4955200254917145,1.3089665174484253,1.671432614326477,2.888406753540039,40.0
dynamic,3,1,441,0.21370292166868846,0.17985146989425024,0.033851451526085534,0.1683225391805172,0.1683225391805172,0.0,4.0,4.0,4410.0,1301.0,0.0,0.4955200254917145,1.3089665174484253,1.671432614326477,2.888406753540039,40.0
dynamic,3,1,442,0.22733416001001994,0.19517008185386658,0.03216407805681229,0.17598624378442765,0.17598624378442765,0.0,4.0,4.0,4420.0,1301.0,0.0,0.4955200254917145,1.3089665174484253,1.671432614326477,2.888406753540039,40.0
dynamic,3,1,443,0.21461883703867593,0.18164639711380004,0.03297243947784106,0.1809252073864142,0.1809252073864142,0.0,4.0,4.0,4430.0,1301.0,0.0,0.4955200254917145,1.3089665174484253,1.671432614326477,2.888406753540039,40.0
dynamic,3,1,444,0.23401539385318756,0.20213456193606058,0.03188083216547966,0.16826329117019972,0.16826329117019972,0.0,4.0,4.0,4440.0,1301.0,0.0,0.4955200254917145,1.3089665174484253,1.671432614326477,2.888406753540039,40.0
dynamic,3,1,445,0.22756815552711487,0.19153711358706157,0.03603104124466578,0.20238705178101857,0.20238705178101857,0.0,4.0,4.0,4450.0,1301.0,0.0,0.4955200254917145,1.3089665174484253,1.671432614326477,2.888406753540039,40.0
dynamic,3,1,446,0.24264556765556336,0.20460696240266163,0.03803860247135162,0.18007171834508579,0.18007171834508579,0.0,4.0,4.0,4460.0,1301.0,0.0,0.4955200254917145,1.3089665174484253,1.671432614326477,2.888406753540039,40.0
dynamic,3,1,447,0.22471476554870606,0.19069968144098917,0.03401508341232935,0.16711536611119907,0.16711536611119907,0.0,4.0,4.0,4470.0,1301.0,0.0,0.4955200254917145,1.3089665174484253,1.671432614326477,2.888406753540039,40.0
dynamic,3,1,448,0.2120853418111801,0.1816912696758906,0.030394072482983273,0.16738610282540323,0.16738610282540323,0.0,4.0,4.0,4480.0,1301.0,0.0,0.4955200254917145,1.3089665174484253,1.671432614326477,2.888406753540039,40.0
dynamic,3,1,449,0.21467383285363514,0.18291657527287802,0.03175725663701693,0.17052996024489403,0.17052996024489403,0.0,4.0,4.0,4490.0,1301.0,0.0,0.4955200254917145,1.3089665174484253,1.671432614326477,2.888406753540039,40.0
dynamic,3,1,450,0.2142920551697413,0.18142596105734507,0.03286609811087449,0.16629371255636216,0.16629371255636216,0.0,4.0,4.0,4500.0,1301.0,0.0,0.4955200254917145,1.3089665174484253,1.671432614326477,2.888406753540039,40.0
dynamic,3,1,451,0.22124475876490274,0.18962198038895925,0.031622779270013175,0.17506359895070395,0.17506359895070395,0.0,4.0,4.0,4510.0,1301.0,0.0,0.4955200254917145,1.3089665174484253,1.671432614326477,2.888406753540039,40.0
dynamic,3,1,452,0.22433837731679282,0.19241859197616576,0.03191978454589844,0.16774007484316825,0.16774007484316825,0.0,4.0,4.0,4520.0,1301.0,0.0,0.4955200254917145,1.3089665174484253,1.671432614326477,2.888406753540039,40.0
dynamic,3,1,453,0.2070298473040263,0.17626368820667268,0.0307661605377992,0.19583640192945798,0.19583640192945798,0.0,4.0,4.0,4530.0,1301.0,0.0,0.4955200254917145,1.3089665174484253,1.671432614326477,2.888406753540039,40.0
dynamic,3,1,454,0.23690663456916808,0.2006426191329956,0.03626401568452517,0.17994884505867959,0.17994884505867959,0.0,4.0,4.0,4540.0,1301.0,0.0,0.4955200254917145,1.3089665174484253,1.671432614326477,2.888406753540039,40.0
dynamic,3,1,455,0.22056088328361512,0.18719776829083762,0.03336311837037404,0.16421741048494976,0.16421741048494976,0.0,4.0,4.0,4550.0,1301.0,0.0,0.4955200254917145,1.3089665174484253,1.671432614326477,2.888406753540039,40.0
dynamic,3,1,456,0.21130086700121561,0.1785077045361201,0.03279316335916519,0.17921773289640744,0.17921773289640744,0.0,4.0,4.0,4560.0,1301.0,0.0,0.4955200254917145,1.3089665174484253,1.671432614326477,2.888406753540039,40.0
dynamic,3,1,457,0.22373112837473552,0.19208897372086842,0.03164215569694837,0.16413469200332959,0.16413469200332959,0.0,4.0,4.0,4570.0,1301.0,0.0,0.4955200254917145,1.3089665174484253,1.671432614326477,2.888406753540039,40.0
dynamic,3,1,458,0.2084449827671051,0.17445278108119966,0.03399220049381256,0.17224634905656178,0.17224634905656178,0.0,4.0,4.0,4580.0,1301.0,0.0,0.4955200254917145,1.3089665174484253,1.671432614326477,2.888406753540039,40.0
dynamic,3,1,459,0.21466140429178873,0.18165514926115672,0.033006254384915036,0.1717917637526989,0.1717917637526989,0.0,4.0,4.0,4590.0,1301.0,0.0,0.4955200254917145,1.3089665174484253,1.671432614326477,2.888406753540039,40.0
dynamic,3,1,460,0.21024046301841737,0.17775253931681315,0.03248792096972466,0.16304783324400585,0.16304783324400585,0.0,4.0,4.0,4600.0,1301.0,0.0,0.4955200254917145,1.3089665174484253,1.671432614326477,2.888406753540039,40.0
dynamic,3,1,461,0.19696229696273804,0.16686854700247447,0.03009374921520551,0.16099727799495062,0.16099727799495062,0.0,4.0,4.0,4610.0,1301.0,0.0,0.4955200254917145,1.3089665174484253,1.671432614326477,2.888406753540039,40.0
dynamic,3,1,462,0.21668397029240927,0.18216933230559032,0.034514638036489485,0.18692325080434483,0.18692325080434483,0.0,4.0,4.0,4620.0,1301.0,0.0,0.4955200254917145,1.3089665174484253,1.671432614326477,2.888406753540039,40.0
dynamic,3,1,463,0.2206733908255895,0.18451419234275818,0.036159195154905316,0.1745372019211451,0.1745372019211451,0.0,4.0,4.0,4630.0,1301.0,0.0,0.4955200254917145,1.3089665174484253,1.671432614326477,2.888406753540039,40.0
dynamic,3,1,464,0.21618132869402568,0.1829730486869812,0.033208276927471164,0.16335154290000597,0.16335154290000597,0.0,4.0,4.0,4640.0,1301.0,0.0,0.4955200254917145,1.3089665174484253,1.671432614326477,2.888406753540039,40.0
dynamic,3,1,465,0.21415784319241843,0.18299646655718485,0.031161376039187113,0.1624126766125361,0.1624126766125361,0.0,4.0,4.0,4650.0,1301.0,0.0,0.4955200254917145,1.3089665174484253,1.671432614326477,2.888406753540039,40.0
dynamic,3,1,466,0.20209028323491415,0.17106967588265737,0.03102060779929161,0.15483264083663623,0.15483264083663623,0.0,4.0,4.0,4660.0,1301.0,0.0,0.4955200254917145,1.3089665174484253,1.671432614326477,2.888406753540039,40.0
dynamic,3,1,467,0.19517636974652608,0.16163444995880127,0.033541917006174725,0.16925031778713068,0.16925031778713068,0.0,4.0,4.0,4670.0,1301.0,0.0,0.4955200254917145,1.3089665174484253,1.671432614326477,2.888406753540039,40.0
dynamic,3,1,468,0.2178356468677521,0.18340651214122772,0.03442913398146629,0.186337954501311,0.186337954501311,0.0,4.0,4.0,4680.0,1301.0,0.0,0.4955200254917145,1.3089665174484253,1.671432614326477,2.888406753540039,40.0
dynamic,3,1,469,0.2193730745712916,0.18533070226510365,0.03404237568378449,0.1579202717045943,0.1579202717045943,0.0,4.0,4.0,4690.0,1301.0,0.0,0.4955200254917145,1.3089665174484253,1.671432614326477,2.888406753540039,40.0
dynamic,3,1,470,0.1923906852801641,0.1619811193148295,0.03040956601500511,0.15508227651317916,0.15508227651317916,0.0,4.0,4.0,4700.0,1301.0,0.0,0.4955200254917145,1.3089665174484253,1.671432614326477,2.888406753540039,40.0
dynamic,3,1,471,0.22180545210838318,0.1874334450562795,0.03437200407187144,0.1997500186661879,0.1997500186661879,0.0,4.0,4.0,4710.0,1301.0,0.0,0.4955200254917145,1.3089665174484253,1.671432614326477,2.888406753540039,40.0
dynamic,3,1,472,0.21910900096098582,0.18523379305998483,0.03387520631154378,0.15342509997387727,0.15342509997387727,0.0,4.0,4.0,4720.0,1301.0,0.0,0.4955200254917145,1.3089665174484253,1.671432614326477,2.888406753540039,40.0
dynamic,3,1,473,0.19911247372627258,0.16892584909995398,0.030186626513799032,0.18537548944354057,0.18537548944354057,0.0,4.0,4.0,4730.0,1301.0,0.0,0.4955200254917145,1.3089665174484253,1.671432614326477,2.888406753540039,40.0
dynamic,3,1,474,0.22927470207214357,0.19737682004769644,0.03189788127938906,0.1580910783012708,0.1580910783012708,0.0,4.0,4.0,4740.0,1301.0,0.0,0.4955200254917145,1.3089665174484253,1.671432614326477,2.888406753540039,40.0
dynamic,3,1,475,0.19731117367744447,0.16604345043500265,0.03126772185166677,0.1604928544163704,0.1604928544163704,0.0,4.0,4.0,4750.0,1301.0,0.0,0.4955200254917145,1.3089665174484253,1.671432614326477,2.888406753540039,40.0
dynamic,3,1,476,0.21709750096003214,0.18354060312112172,0.03355689729253451,0.17181621844569842,0.17181621844569842,0.0,4.0,4.0,4760.0,1301.0,0.0,0.4955200254917145,1.3089665174484253,1.671432614326477,2.888406753540039,40.0
dynamic,3,1,477,0.20090315997600555,0.1686244817574819,0.03227868462602297,0.15739390291273594,0.15739390291273594,0.0,4.0,4.0,4770.0,1301.0,0.0,0.4955200254917145,1.3089665174484253,1.671432614326477,2.888406753540039,40.0
dynamic,3,1,478,0.2074028488000234,0.17561581214269004,0.031787036160628,0.1572014246881008,0.1572014246881008,0.0,4.0,4.0,4780.0,1301.0,0.0,0.4955200254917145,1.3089665174484253,1.671432614326477,2.888406753540039,40.0
dynamic,3,1,479,0.1973589547475179,0.1674779031674067,0.029881051182746886,0.15615134452780088,0.15615134452780088,0.0,4.0,4.0,4790.0,1301.0,0.0,0.4955200254917145,1.3089665174484253,1.671432614326477,2.888406753540039,40.0
dynamic,3,1,480,0.2110390897591909,0.17661737362543742,0.03442171722650528,0.18867906021575134,0.18867906021575134,0.0,4.0,4.0,4800.0,1301.0,0.0,0.4955200254917145,1.3089665174484253,1.671432614326477,2.888406753540039,40.0
dynamic,3,1,481,0.203819593389829,0.17145906488100687,0.03236053151388963,0.15799216598272323,0.15799216598272323,0.0,4.0,4.0,4810.0,1301.0,0.0,0.4955200254917145,1.3089665174484253,1.671432614326477,2.888406753540039,40.0
dynamic,3,1,482,0.2093488613764445,0.17876456995805104,0.030584291617075602,0.17133252387245496,0.17133252387245496,0.0,4.0,4.0,4820.0,1301.0,0.0,0.4955200254917145,1.3089665174484253,1.671432614326477,2.888406753540039,40.0
dynamic,3,1,483,0.2076502960920334,0.1734248787164688,0.0342254164069891,0.1634242317577203,0.1634242317577203,0.0,4.0,4.0,4830.0,1301.0,0.0,0.4955200254917145,1.3089665174484253,1.671432614326477,2.888406753540039,40.0
dynamic,3,1,484,0.2011260696252187,0.16972920964161556,0.03139686000843843,0.14837511154512564,0.14837511154512564,0.0,4.0,4.0,4840.0,1301.0,0.0,0.4955200254917145,1.3089665174484253,1.671432614326477,2.888406753540039,40.0
dynamic,3,1,485,0.1900707936286926,0.1604305507739385,0.02964024171233177,0.17819604930778343,0.17819604930778343,0.0,4.0,4.0,4850.0,1301.0,0.0,0.4955200254917145,1.3089665174484253,1.671432614326477,2.888406753540039,40.0
dynamic,3,1,486,0.20818760653336843,0.17578856249650318,0.032399047215779624,0.15689317661027113,0.15689317661027113,0.0,4.0,4.0,4860.0,1301.0,0.0,0.4955200254917145,1.3089665174484253,1.671432614326477,2.888406753540039,40.0
dynamic,3,1,487,0.20075111707051596,0.16918460090955098,0.03156651481986046,0.14666761696338654,0.14666761696338654,0.0,4.0,4.0,4870.0,1301.0,0.0,0.4955200254917145,1.3089665174484253,1.671432614326477,2.888406753540039,40.0
dynamic,3,1,488,0.1803176720937093,0.14948207130034766,0.030835598905881247,0.1718781596670548,0.1718781596670548,0.0,4.0,4.0,4880.0,1301.0,0.0,0.4955200254917145,1.3089665174484253,1.671432614326477,2.888406753540039,40.0
dynamic,3,1,489,0.19887966414292654,0.16502773364384968,0.033851927320162456,0.15797514729201795,0.15797514729201795,0.0,4.0,4.0,4890.0,1301.0,0.0,0.4955200254917145,1.3089665174484253,1.671432614326477,2.888406753540039,40.0
dynamic,3,1,490,0.21193589568138121,0.17845724741617838,0.03347864548365275,0.16416827301184336,0.16416827301184336,0.0,4.0,4.0,4900.0,1301.0,0.0,0.4955200254917145,1.3089665174484253,1.671432614326477,2.888406753540039,40.0
dynamic,3,1,491,0.1921942239999771,0.16188518206278482,0.030309039155642193,0.14361636539300282,0.14361636539300282,0.0,4.0,4.0,4910.0,1301.0,0.0,0.4955200254917145,1.3089665174484253,1.671432614326477,2.888406753540039,40.0
dynamic,3,1,492,0.1840425984064738,0.15339262882868449,0.030649966796239218,0.1531193322936694,0.1531193322936694,0.0,4.0,4.0,4920.0,1301.0,0.0,0.4955200254917145,1.3089665174484253,1.671432614326477,2.888406753540039,40.0
dynamic,3,1,493,0.187601571281751,0.1573376097281774,0.030263961950937907,0.15129848271608354,0.15129848271608354,0.0,4.0,4.0,4930.0,1301.0,0.0,0.4955200254917145,1.3089665174484253,1.671432614326477,2.888406753540039,40.0
dynamic,3,1,494,0.1857039612531662,0.15551345487435658,0.03019050771991412,0.14825705704589684,0.14825705704589684,0.0,4.0,4.0,4940.0,1301.0,0.0,0.4955200254917145,1.3089665174484253,1.671432614326477,2.888406753540039,40.0
dynamic,3,1,495,0.18414130866527556,0.1547009080648422,0.029440399209658304,0.1479478771239519,0.1479478771239519,0.0,4.0,4.0,4950.0,1301.0,0.0,0.4955200254917145,1.3089665174484253,1.671432614326477,2.888406753540039,40.0
dynamic,3,1,496,0.18299066146214804,0.15238840460777284,0.030602255364259083,0.14883306329449017,0.14883306329449017,0.0,4.0,4.0,4960.0,1301.0,0.0,0.4955200254917145,1.3089665174484253,1.671432614326477,2.888406753540039,40.0
dynamic,3,1,497,0.19263274510701497,0.16181265364090602,0.030820090398192404,0.17029950904349486,0.17029950904349486,0.0,4.0,4.0,4970.0,1301.0,0.0,0.4955200254917145,1.3089665174484253,1.671432614326477,2.888406753540039,40.0
dynamic,3,1,498,0.20478939334551494,0.17011356711387635,0.03467582494020462,0.16593791618943216,0.16593791618943216,0.0,4.0,4.0,4980.0,1301.0,0.0,0.4955200254917145,1.3089665174484253,1.671432614326477,2.888406753540039,40.0
dynamic,3,1,499,0.19491429924964904,0.16224162697792052,0.032672674705584846,0.14149204355974992,0.14149204355974992,0.0,4.0,4.0,4990.0,1301.0,0.0,0.4955200254917145,1.3089665174484253,1.671432614326477,2.888406753540039,40.0
dynamic,3,1,500,0.17930920084317525,0.14970596273740133,0.029603237013022105,0.15418608407179515,0.15418608407179515,0.0,4.0,4.0,5000.0,1301.0,0.0,0.4955200254917145,1.3089665174484253,1.671432614326477,2.888406753540039,40.0
dynamic,3,2,1,4.295496893310547,4.272687771224976,0.022809188687801362,3.976075144958496,3.976075144958496,0.0,1.0,1.0,10.0,0.0,0.0,,,,,
dynamic,3,2,2,3.812543067550659,3.766110573577881,0.0464324934720993,3.504217974853516,3.504217974853516,0.0,1.0,1.0,20.0,0.0,0.0,,,,,
dynamic,3,2,3,3.499398780822754,3.323835925292969,0.17556285364627838,3.096658911895752,3.096658911895752,0.0,1.0,1.0,30.0,0.0,0.0,,,,,
dynamic,3,2,4,3.220111094665527,2.946572455215454,0.27353862104415894,2.753768111419678,2.753768111419678,0.0,1.0,1.0,40.0,0.0,0.0,,,,,
dynamic,3,2,5,2.836941064453125,2.62215267829895,0.21478837251663208,2.4685724697113036,2.4685724697113036,0.0,1.0,1.0,50.0,0.0,0.0,,,,,
dynamic,3,2,6,2.5611398635864258,2.3646667537689208,0.19647308738231659,2.233644655609131,2.233644655609131,0.0,1.0,1.0,60.0,0.0,0.0,,,,,
dynamic,3,2,7,2.3692378540039063,2.1440620412826537,0.22517579970359802,2.0428385829925535,2.0428385829925535,0.0,1.0,1.0,70.0,0.0,0.0,,,,,
dynamic,3,2,8,2.1982078773498537,1.972978214263916,0.2252296552658081,1.883123924255371,1.883123924255371,0.0,1.0,1.0,80.0,0.0,0.0,,,,,
dynamic,3,2,9,2.0235838333129883,1.8237337259292603,0.1998501097202301,1.7498011039733887,1.7498011039733887,0.0,1.0,1.0,90.0,0.0,0.0,,,,,
dynamic,3,2,10,1.8651512355804443,1.700323935508728,0.1648273030757904,1.6380965816497803,1.6380965816497803,0.0,1.0,1.0,100.0,0.0,0.0,,,,,
dynamic,3,2,11,1.7341526010513306,1.5972442697525024,0.13690831253528596,1.5450605144500733,1.5450605144500733,0.0,1.0,1.0,110.0,0.0,0.0,,,,,
dynamic,3,2,12,1.6259030172348024,1.5107107084274292,0.11519231082201004,1.4661911434173585,1.4661911434173585,0.0,1.0,1.0,120.0,0.0,0.0,,,,,
dynamic,3,2,13,1.5632806818008422,1.4400301168441771,0.12325057083368302,1.400329192352295,1.400329192352295,0.0,1.0,1.0,130.0,0.0,0.0,,,,,
dynamic,3,2,14,1.4814653577804566,1.379512278175354,0.10195308032035828,1.3452558589935302,1.3452558589935302,0.0,1.0,1.0,140.0,0.0,0.0,,,,,
dynamic,3,2,15,1.416801314163208,1.3243505165100098,0.092450797021389,1.2988139949798585,1.2988139949798585,0.0,1.0,1.0,150.0,0.0,0.0,,,,,
dynamic,3,2,16,1.3469440231323242,1.278926948738098,0.0680170732498169,1.2591955966949462,1.2591955966949462,0.0,1.0,1.0,160.0,0.0,0.0,,,,,
dynamic,3,2,17,1.3135948698043822,1.2444966693878174,0.06909820140004158,1.2251052885055542,1.2251052885055542,0.0,1.0,1.0,170.0,0.0,0.0,,,,,
dynamic,3,2,18,1.2874392372131347,1.2135197393417358,0.07391950649023056,1.1952754203796387,1.1952754203796387,0.0,1.0,1.0,180.0,0.0,0.0,,,,,
dynamic,3,2,19,1.2574118097305298,1.184947473526001,0.07246431982517243,1.1691278890609742,1.1691278890609742,0.0,1.0,1.0,190.0,0.0,0.0,,,,,
dynamic,3,2,20,1.2212302108764648,1.160852963066101,0.060377250730991365,1.1460028923034669,1.1460028923034669,0.0,1.0,1.0,200.0,0.0,0.0,,,,,
dynamic,3,2,21,1.1973181932449342,1.1392557537078858,0.058062434935569764,1.1256067878723144,1.1256067878723144,0.0,1.0,1.0,210.0,201.0,0.0,0.2557286322116852,0.5157015323638916,0.8160092234611511,9.775659561157227,12.0
dynamic,3,2,22,1.1706694231033326,1.1177380659103393,0.052931363093853,1.1066269138336182,1.1066269138336182,0.0,1.0,1.0,220.0,201.0,0.0,0.2557286322116852,0.5157015323638916,0.8160092234611511,9.775659561157227,12.0
dynamic,3,2,23,1.145878419494629,1.102183217048645,0.043695212841033934,1.0891895351409913,1.0891895351409913,0.0,1.0,1.0,230.0,201.0,0.0,0.2557286322116852,0.5157015323638916,0.8160092234611511,9.775659561157227,12.0
dynamic,3,2,24,1.116149308013916,1.0841748523712158,0.03197446479201317,1.0729609380722045,1.0729609380722045,0.0,1.0,1.0,240.0,201.0,0.0,0.2557286322116852,0.5157015323638916,0.8160092234611511,9.775659561157227,12.0
dynamic,3,2,25,1.1273478141784667,1.0707928197860719,0.056555002272129055,1.0583707740783692,1.0583707740783692,0.0,1.0,1.0,250.0,201.0,0.0,0.2557286322116852,0.5157015323638916,0.8160092234611511,9.775659561157227,12.0
dynamic,3,2,26,1.093264100074768,1.055913056564331,0.03735103124976158,1.0446540002822875,1.0446540002822875,0.0,1.0,1.0,260.0,201.0,0.0,0.2557286322116852,0.5157015323638916,0.8160092234611511,9.775659561157227,12.0
dynamic,3,2,27,1.0768690143585204,1.0426950662612915,0.034173938357830044,1.0319220533370972,1.0319220533370972,0.0,1.0,1.0,270.0,201.0,0.0,0.2557286322116852,0.5157015323638916,0.8160092234611511,9.775659561157227,12.0
dynamic,3,2,28,1.077074173927307,1.0321183168411254,0.044955851608514785,1.0200710052490234,1.0200710052490234,0.0,1.0,1.0,280.0,201.0,0.0,0.2557286322116852,0.5157015323638916,0.8160092234611511,9.775659561157227,12.0
dynamic,3,2,29,1.0594796669006348,1.0185025959014893,0.04097707086801529,1.0087822994232178,1.0087822994232178,0.0,1.0,1.0,290.0,201.0,0.0,0.2557286322116852,0.5157015323638916,0.8160092234611511,9.775659561157227,12.0
dynamic,3,2,30,1.0470023694992066,1.0069621675491334,0.040040217280387876,0.9979018060684204,0.9979018060684204,0.0,1.0,1.0,300.0,201.0,0.0,0.2557286322116852,0.5157015323638916,0.8160092234611511,9.775659561157227,12.0
dynamic,3,2,31,1.0342067323684692,0.9957053322792053,0.038501408725976946,0.9876532272338867,0.9876532272338867,0.0,1.0,1.0,310.0,301.0,0.0,0.12729746103286743,0.27862006425857544,0.44274282455444336,5.487887382507324,4.0
dynamic,3,2,32,1.0263408177375792,0.9898254957199096,0.036515318685770036,0.977848363494873,0.977848363494873,0.0,1.0,1.0,320.0,301.0,0.0,0.12729746103286743,0.27862006425857544,0.44274282455444336,5.487887382507324,4.0
dynamic,3,2,33,1.0142698806762696,0.9803765884399414,0.03389329088628292,0.9685071123123169,0.9685071123123169,0.0,1.0,1.0,330.0,301.0,0.0,0.12729746103286743,0.27862006425857544,0.44274282455444336,5.487887382507324,4.0
dynamic,3,2,34,1.0046528470039369,0.9681945147514344,0.03645834192335606,0.9598104009628295,0.9598104009628295,0.0,1.0,1.0,340.0,301.0,0.0,0.12729746103286743,0.27862006425857544,0.44274282455444336,5.487887382507324,4.0
dynamic,3,2,35,0.9885811100959778,0.9577373161315917,0.03084381055831909,0.9514994464874268,0.9514994464874268,0.0,1.0,1.0,350.0,301.0,0.0,0.12729746103286743,0.27862006425857544,0.44274282455444336,5.487887382507324,4.0
dynamic,3,2,36,0.9845951498031617,0.9523339679718018,0.03226118718385696,0.9436104501724243,0.9436104501724243,0.0,1.0,1.0,360.0,301.0,0.0,0.12729746103286743,0.27862006425857544,0.44274282455444336,5.487887382507324,4.0
dynamic,3,2,37,0.9787162285804748,0.9433080052375793,0.03540824129581451,0.9359151006698608,0.9359151006698608,0.0,1.0,1.0,370.0,301.0,0.0,0.12729746103286743,0.27862006425857544,0.44274282455444336,5.487887382507324,4.0
dynamic,3,2,38,0.9680844892501831,0.9370093648910522,0.031075119715929033,0.9285179109573364,0.9285179109573364,0.0,1.0,1.0,380.0,301.0,0.0,0.12729746103286743,0.27862006425857544,0.44274282455444336,5.487887382507324,4.0
dynamic,3,2,39,0.9628991056442261,0.9312208200454712,0.03167829381227493,0.9214889461517334,0.9214889461517334,0.0,1.0,1.0,390.0,301.0,0.0,0.12729746103286743,0.27862006425857544,0.44274282455444336,5.487887382507324,4.0
dynamic,3,2,40,0.9616636071205139,0.925673766708374,0.035989852249622346,0.914778271484375,0.914778271484375,0.0,1.0,1.0,400.0,301.0,0.0,0.12729746103286743,0.27862006425857544,0.44274282455444336,5.487887382507324,4.0
dynamic,3,2,41,0.9426042543411255,0.9147966823577881,0.027807575407624244,0.9082602663040161,0.9082602663040161,0.0,1.0,1.0,410.0,401.0,0.0,0.10141830146312714,0.29507583379745483,0.5345610976219177,1.9386587142944336,4.0
dynamic,3,2,42,0.9388608563423156,0.9095996570587158,0.029261197006702423,0.9019843719482422,0.9019843719482422,0.0,1.0,1.0,420.0,401.0,0.0,0.10141830146312714,0.29507583379745483,0.5345610976219177,1.9386587142944336,4.0
dynamic,3,2,43,0.9305049926757812,0.9010383677482605,0.029466628515720367,0.8959368991851807,0.8959368991851807,0.0,1.0,1.0,430.0,401.0,0.0,0.10141830146312714,0.29507583379745483,0.5345610976219177,1.9386587142944336,4.0
dynamic,3,2,44,0.9267136025428772,0.8963940936088562,0.030319515365362166,0.890118637084961,0.890118637084961,0.0,1.0,1.0,440.0,401.0,0.0,0.10141830146312714,0.29507583379745483,0.5345610976219177,1.9386587142944336,4.0
dynamic,3,2,45,0.9183703840255737,0.8904515626907349,0.027918838131427766,0.8844409950256348,0.8844409950256348,0.0,1.0,1.0,450.0,401.0,0.0,0.10141830146312714,0.29507583379745483,0.5345610976219177,1.9386587142944336,4.0
dynamic,3,2,46,0.9093082215309143,0.8814429286956788,0.027865292355418205,0.8791203996658326,0.8791203996658326,0.0,1.0,1.0,460.0,401.0,0.0,0.10141830146312714,0.29507583379745483,0.5345610976219177,1.9386587142944336,4.0
dynamic,3,2,47,0.9071733241081238,0.8805654733657837,0.026607847362756728,0.8739326066970825,0.8739326066970825,0.0,1.0,1.0,470.0,401.0,0.0,0.10141830146312714,0.29507583379745483,0.5345610976219177,1.9386587142944336,4.0
dynamic,3,2,48,0.9090158052444458,0.8783271708488465,0.030688639837503435,0.8690478248596192,0.8690478248596192,0.0,1.0,1.0,480.0,401.0,0.0,0.10141830146312714,0.29507583379745483,0.5345610976219177,1.9386587142944336,4.0
dynamic,3,2,49,0.897843672466278,0.8690641565322876,0.02877952982187271,0.8642559387207032,0.8642559387207032,0.0,1.0,1.0,490.0,401.0,0.0,0.10141830146312714,0.29507583379745483,0.5345610976219177,1.9386587142944336,4.0
dynamic,3,2,50,0.8963802576065063,0.8661526972770691,0.03022755101621151,0.859520647239685,0.859520647239685,0.0,1.0,1.0,500.0,401.0,0.0,0.10141830146312714,0.29507583379745483,0.5345610976219177,1.9386587142944336,4.0
dynamic,3,2,51,0.8926327676773071,0.8610608799934387,0.031571885508298876,0.8550757482528687,0.8550757482528687,0.0,1.0,1.0,510.0,501.0,0.0,0.1067018136382103,0.2493109405040741,0.4182523787021637,3.1309945583343506,3.0
dynamic,3,2,52,0.889363718700409,0.8586628781318665,0.03070083729028702,0.8507870615005493,0.8507870615005493,0.0,1.0,1.0,520.0,501.0,0.0,0.1067018136382103,0.2493109405040741,0.4182523787021637,3.1309945583343506,3.0
dynamic,3,2,53,0.8798900387763977,0.8535517228126526,0.026338312035799026,0.8467458726882935,0.8467458726882935,0.0,1.0,1.0,530.0,501.0,0.0,0.1067018136382103,0.2493109405040741,0.4182523787021637,3.1309945583343506,3.0
dynamic,3,2,54,0.8771192174911498,0.8488081412315369,0.028311069092154504,0.8428013275146484,0.8428013275146484,0.0,1.0,1.0,540.0,501.0,0.0,0.1067018136382103,0.2493109405040741,0.4182523787021637,3.1309945583343506,3.0
dynamic,3,2,55,0.8740126222610474,0.8444632410049439,0.02954937143623829,0.8389720579147338,0.8389720579147338,0.0,1.0,1.0,550.0,501.0,0.0,0.1067018136382103,0.2493109405040741,0.4182523787021637,3.1309945583343506,3.0
dynamic,3,2,56,0.8795778939247131,0.8483580227851868,0.031219872349500657,0.8352049449920654,0.8352049449920654,0.0,1.0,1.0,560.0,501.0,0.0,0.1067018136382103,0.2493109405040741,0.4182523787021637,3.1309945583343506,3.0
dynamic,3,2,57,0.8696221571922302,0.8403239963531494,0.02929815942645073,0.831547166633606,0.831547166633606,0.0,1.0,1.0,570.0,501.0,0.0,0.1067018136382103,0.2493109405040741,0.4182523787021637,3.1309945583343506,3.0
dynamic,3,2,58,0.8705563346862792,0.838251007938385,0.03230532700419426,0.8280017847061157,0.8280017847061157,0.0,1.0,1.0,580.0,501.0,0.0,0.1067018136382103,0.2493109405040741,0.4182523787021637,3.1309945583343506,3.0
dynamic,3,2,59,0.8629795795440673,0.832107360458374,0.030872217962145804,0.8246601987838745,0.8246601987838745,0.0,1.0,1.0,590.0,501.0,0.0,0.1067018136382103,0.2493109405040741,0.4182523787021637,3.1309945583343506,3.0
dynamic,3,2,60,0.8689796736717225,0.8311807124137879,0.03779896107912063,0.8214077779769897,0.8214077779769897,0.0,1.0,1.0,600.0,501.0,0.0,0.1067018136382103,0.2493109405040741,0.4182523787021637,3.1309945583343506,3.0
dynamic,3,2,61,0.8628143798828125,0.829765984249115,0.03304839200079441,0.8181904140472412,0.8181904140472412,0.0,1.0,1.0,610.0,601.0,0.0,0.12673139572143555,0.2995465397834778,0.5467121601104736,2.717498540878296,6.0
dynamic,3,2,62,0.850950754070282,0.8218688173294068,0.0290819280564785,0.8151348070144653,0.8151348070144653,0.0,1.0,1.0,620.0,601.0,0.0,0.12673139572143555,0.2995465397834778,0.5467121601104736,2.717498540878296,6.0
dynamic,3,2,63,0.854781351852417,0.8189600619316101,0.035821288192272184,0.8120690454483033,0.8120690454483033,0.0,1.0,1.0,630.0,601.0,0.0,0.12673139572143555,0.2995465397834778,0.5467121601104736,2.717498540878296,6.0
dynamic,3,2,64,0.854937696838379,0.8188800106048584,0.03605768440365791,0.8090608064651489,0.8090608064651489,0.0,1.0,1.0,640.0,601.0,0.0,0.12673139572143555,0.2995465397834778,0.5467121601104736,2.717498540878296,6.0
dynamic,3,2,65,0.8420051069259643,0.8131016942024231,0.02890342437028885,0.8062519813537598,0.8062519813537598,0.0,1.0,1.0,650.0,601.0,0.0,0.12673139572143555,0.2995465397834778,0.5467121601104736,2.717498540878296,6.0
dynamic,3,2,66,0.8432802465438842,0.8106621213912963,0.03261813462376595,0.8034157985687256,0.8034157985687256,0.0,1.0,1.0,660.0,601.0,0.0,0.12673139572143555,0.2995465397834778,0.5467121601104736,2.717498540878296,6.0
dynamic,3,2,67,0.8420750767707824,0.8082995185852051,0.033775564524531364,0.8008012889862061,0.8008012889862061,0.0,1.0,1.0,670.0,601.0,0.0,0.12673139572143555,0.2995465397834778,0.5467121601104736,2.717498540878296,6.0
dynamic,3,2,68,0.8397443333625794,0.8087638915061951,0.0309804412484169,0.7981479619979859,0.7981479619979859,0.0,1.0,1.0,680.0,601.0,0.0,0.12673139572143555,0.2995465397834778,0.5467121601104736,2.717498540878296,6.0
dynamic,3,2,69,0.8341793108940124,0.8045813364982605,0.029597982811927794,0.7955476524353028,0.7955476524353028,0.0,1.0,1.0,690.0,601.0,0.0,0.12673139572143555,0.2995465397834778,0.5467121601104736,2.717498540878296,6.0
dynamic,3,2,70,0.8352189454078675,0.8038804550170898,0.03133849030137062,0.7930594955444336,0.7930594955444336,0.0,1.0,1.0,700.0,601.0,0.0,0.12673139572143555,0.2995465397834778,0.5467121601104736,2.717498540878296,6.0
dynamic,3,2,71,0.8370443824768067,0.7995162618637085,0.03752812101840973,0.7906882335662841,0.7906882335662841,0.0,1.0,1.0,710.0,701.0,0.0,0.1473587453365326,0.2919841408729553,0.6290768980979919,2.329096555709839,8.0
dynamic,3,2,72,0.8371190733909607,0.799858481311798,0.03726059328913689,0.7883457860946655,0.7883457860946655,0.0,1.0,1.0,720.0,701.0,0.0,0.1473587453365326,0.2919841408729553,0.6290768980979919,2.329096555709839,8.0
dynamic,3,2,73,0.8291765936851502,0.7970413344383239,0.03213526505827904,0.786057755279541,0.786057755279541,0.0,1.0,1.0,730.0,701.0,0.0,0.1473587453365326,0.2919841408729553,0.6290768980979919,2.329096555709839,8.0
dynamic,3,2,74,0.8217859070777893,0.7897250237464905,0.032060885754227636,0.7838128395080567,0.7838128395080567,0.0,1.0,1.0,740.0,701.0,0.0,0.1473587453365326,0.2919841408729553,0.6290768980979919,2.329096555709839,8.0
dynamic,3,2,75,0.8291425653457641,0.793879409122467,0.03526316113471985,0.7816040431976319,0.7816040431976319,0.0,1.0,1.0,750.0,701.0,0.0,0.1473587453365326,0.2919841408729553,0.6290768980979919,2.329096555709839,8.0
dynamic,3,2,76,0.8271555212020874,0.7921308945655823,0.03502462916970253,0.7795183753967285,0.7795183753967285,0.0,1.0,1.0,760.0,701.0,0.0,0.1473587453365326,0.2919841408729553,0.6290768980979919,2.329096555709839,8.0
dynamic,3,2,77,0.8231127945899963,0.7871157519340515,0.035997034141421316,0.7774760242462159,0.7774760242462159,0.0,1.0,1.0,770.0,701.0,0.0,0.1473587453365326,0.2919841408729553,0.6290768980979919,2.329096555709839,8.0
dynamic,3,2,78,0.8231258689880371,0.7870520177841187,0.036073845547437665,0.7754932090759278,0.7754932090759278,0.0,1.0,1.0,780.0,701.0,0.0,0.1473587453365326,0.2919841408729553,0.6290768980979919,2.329096555709839,8.0
dynamic,3,2,79,0.8165531072616578,0.7791291337013244,0.03742397447824478,0.773554467010498,0.773554467010498,0.0,1.0,1.0,790.0,701.0,0.0,0.1473587453365326,0.2919841408729553,0.6290768980979919,2.329096555709839,8.0
dynamic,3,2,80,0.8156898226737976,0.7806812420845032,0.035008574539422986,0.7715711877822876,0.7715711877822876,0.0,1.0,1.0,800.0,701.0,0.0,0.1473587453365326,0.2919841408729553,0.6290768980979919,2.329096555709839,8.0
dynamic,3,2,81,0.8198669309616089,0.7796069738388062,0.04025996856689453,0.7696644155502319,0.7696644155502319,0.0,1.0,1.0,810.0,801.0,0.0,0.1374841332435608,0.3202481269836426,0.5039844512939453,4.403127193450928,5.0
dynamic,3,2,82,0.8137929440498352,0.7765272814750671,0.03726567004919052,0.7679823663711548,0.7679823663711548,0.0,1.0,1.0,820.0,801.0,0.0,0.1374841332435608,0.3202481269836426,0.5039844512939453,4.403127193450928,5.0
dynamic,3,2,83,0.8107257296562195,0.7720183425903321,0.03870738578438759,0.7661506414413453,0.7661506414413453,0.0,1.0,1.0,830.0,801.0,0.0,0.1374841332435608,0.3202481269836426,0.5039844512939453,4.403127193450928,5.0
dynamic,3,2,84,0.8008780521392822,0.7715377603530884,0.029340285781025887,0.7644587650299072,0.7644587650299072,0.0,1.0,1.0,840.0,801.0,0.0,0.1374841332435608,0.3202481269836426,0.5039844512939453,4.403127193450928,5.0
dynamic,3,2,85,0.8040852436065674,0.7705754868507385,0.033509757083654404,0.7628317937850952,0.7628317937850952,0.0,1.0,1.0,850.0,801.0,0.0,0.1374841332435608,0.3202481269836426,0.5039844512939453,4.403127193450928,5.0
dynamic,3,2,86,0.803808178138733,0.7697224807739258,0.034085688656568525,0.7611318120956421,0.7611318120956421,0.0,1.0,1.0,860.0,801.0,0.0,0.1374841332435608,0.3202481269836426,0.5039844512939453,4.403127193450928,5.0
dynamic,3,2,87,0.8069134653091431,0.7704609613418579,0.03645249791145325,0.759614471244812,0.759614471244812,0.0,1.0,1.0,870.0,801.0,0.0,0.1374841332435608,0.3202481269836426,0.5039844512939453,4.403127193450928,5.0
dynamic,3,2,88,0.8059958668708801,0.7641017555236816,0.041894104999303815,0.758067945098877,0.758067945098877,0.0,1.0,1.0,880.0,801.0,0.0,0.1374841332435608,0.3202481269836426,0.5039844512939453,4.403127193450928,5.0
dynamic,3,2,89,0.7974519132614136,0.7637190189361572,0.03373289331793785,0.7564628715515137,0.7564628715515137,0.0,1.0,1.0,890.0,801.0,0.0,0.1374841332435608,0.3202481269836426,0.5039844512939453,4.403127193450928,5.0
dynamic,3,2,90,0.8052122758865357,0.7645445766448975,0.04066770577430725,0.7549260301589966,0.7549260301589966,0.0,1.0,1.0,900.0,801.0,0.0,0.1374841332435608,0.3202481269836426,0.5039844512939453,4.403127193450928,5.0
dynamic,3,2,91,0.8049135272026062,0.7626176935195923,0.04229583438038826,0.7535920181274414,0.7535920181274414,0.0,1.0,1.0,910.0,901.0,1.0,0.20245885848999023,0.44180262088775635,1.1450375318527222,4.062845706939697,17.0
dynamic,3,2,92,0.7949136385917663,0.762268676662445,0.032644954410195354,0.752174669265747,0.752174669265747,0.0,1.0,1.0,920.0,901.0,1.0,0.20245885848999023,0.44180262088775635,1.1450375318527222,4.062845706939697,17.0
dynamic,3,2,93,0.7988468000411987,0.7605672932624817,0.03827950971722603,0.7508042667388916,0.7508042667388916,0.0,1.0,1.0,930.0,901.0,1.0,0.20245885848999023,0.44180262088775635,1.1450375318527222,4.062845706939697,17.0
dynamic,3,2,94,0.7934959991455078,0.7548627160072326,0.03863328592181206,0.7494461269378662,0.7494461269378662,0.0,1.0,1.0,940.0,901.0,1.0,0.20245885848999023,0.44180262088775635,1.1450375318527222,4.062845706939697,17.0
dynamic,3,2,95,0.8025312717437744,0.7568992592811584,0.045632010847330096,0.7481085988998413,0.7481085988998413,0.0,1.0,1.0,950.0,901.0,1.0,0.20245885848999023,0.44180262088775635,1.1450375318527222,4.062845706939697,17.0
dynamic,3,2,96,0.7945427685737609,0.7546744835853577,0.03986829779148102,0.7468559415817261,0.7468559415817261,0.0,1.0,1.0,960.0,901.0,1.0,0.20245885848999023,0.44180262088775635,1.1450375318527222,4.062845706939697,17.0
dynamic,3,2,97,0.7933460824966431,0.7536581840515136,0.03968788982629776,0.7456061344146728,0.7456061344146728,0.0,1.0,1.0,970.0,901.0,1.0,0.20245885848999023,0.44180262088775635,1.1450375318527222,4.062845706939697,17.0
dynamic,3,2,98,0.800247686290741,0.7598766563415528,0.0403710279405117,0.7444524503707886,0.7444524503707886,0.0,1.0,1.0,980.0,901.0,1.0,0.20245885848999023,0.44180262088775635,1.1450375318527222,4.062845706939697,17.0
dynamic,3,2,99,0.7890805671691895,0.7502979826927185,0.03878258590102196,0.7432129657745361,0.7432129657745361,0.0,1.0,1.0,990.0,901.0,1.0,0.20245885848999023,0.44180262088775635,1.1450375318527222,4.062845706939697,17.0
dynamic,3,2,100,0.791340920639038,0.749841708946228,0.04149920498132706,0.7420575958251953,0.7420575958251953,0.0,1.0,1.0,1000.0,901.0,1.0,0.20245885848999023,0.44180262088775635,1.1450375318527222,4.062845706939697,17.0
dynamic,3,2,101,0.785866504573822,0.7460320401191711,0.039834474128484725,0.7408757011413574,0.7408757011413574,0.0,1.0,1.0,1010.0,1001.0,0.0,0.21848797798156738,0.4814639985561371,0.8425600528717041,7.871516227722168,10.0
dynamic,3,2,102,0.7870997591018677,0.7474969987869262,0.039602757328748704,0.7398142589569092,0.7398142589569092,0.0,1.0,1.0,1020.0,1001.0,0.0,0.21848797798156738,0.4814639985561371,0.8425600528717041,7.871516227722168,10.0
dynamic,3,2,103,0.7897253171920776,0.7464290125846863,0.04329629630446434,0.738602552986145,0.738602552986145,0.0,1.0,1.0,1030.0,1001.0,0.0,0.21848797798156738,0.4814639985561371,0.8425600528717041,7.871516227722168,10.0
dynamic,3,2,104,0.7845059846878052,0.7450898119926452,0.03941617765426636,0.7375004114151001,0.7375004114151001,0.0,1.0,1.0,1040.0,1001.0,0.0,0.21848797798156738,0.4814639985561371,0.8425600528717041,7.871516227722168,10.0
dynamic,3,2,105,0.7852607404708862,0.7429746266365052,0.04228610787391662,0.7364726091384888,0.7364726091384888,0.0,1.0,1.0,1050.0,1001.0,0.0,0.21848797798156738,0.4814639985561371,0.8425600528717041,7.871516227722168,10.0
dynamic,3,2,106,0.7856961236000061,0.7483275072097778,0.037368609702587124,0.7354406145095825,0.7354406145095825,0.0,1.0,1.0,1060.0,1001.0,0.0,0.21848797798156738,0.4814639985561371,0.8425600528717041,7.871516227722168,10.0
dynamic,3,2,107,0.7903707410812378,0.7449887374877929,0.04538200978636742,0.73435915184021,0.73435915184021,0.0,1.0,1.0,1070.0,1001.0,0.0,0.21848797798156738,0.4814639985561371,0.8425600528717041,7.871516227722168,10.0
dynamic,3,2,108,0.7854290587425232,0.7431390294075012,0.04229002778530121,0.7334150579452514,0.7334150579452514,0.0,1.0,1.0,1080.0,1001.0,0.0,0.21848797798156738,0.4814639985561371,0.8425600528717041,7.871516227722168,10.0
dynamic,3,2,109,0.7814013554573059,0.7384667938232422,0.04293456174731255,0.7324437471389771,0.7324437471389771,0.0,1.0,1.0,1090.0,1001.0,0.0,0.21848797798156738,0.4814639985561371,0.8425600528717041,7.871516227722168,10.0
dynamic,3,2,110,0.7873989442825318,0.7412595852851868,0.046139366918802265,0.7314554321289063,0.7314554321289063,0.0,1.0,1.0,1100.0,1001.0,0.0,0.21848797798156738,0.4814639985561371,0.8425600528717041,7.871516227722168,10.0
dynamic,3,2,111,0.7842120771408081,0.7432681269645691,0.04094394059181213,0.7306101282119751,0.7306101282119751,0.0,1.0,1.0,1110.0,1101.0,0.0,0.19606523215770721,0.49191129207611084,0.8644511699676514,4.148663520812988,11.0
dynamic,3,2,112,0.7738515881538391,0.7349452481269837,0.038906337559223174,0.729603286933899,0.729603286933899,0.0,1.0,1.0,1120.0,1101.0,0.0,0.19606523215770721,0.49191129207611084,0.8644511699676514,4.148663520812988,11.0
dynamic,3,2,113,0.779405291557312,0.7427966624259948,0.03660862185955047,0.7287324544906616,0.7287324544906616,0.0,1.0,1.0,1130.0,1101.0,0.0,0.19606523215770721,0.49191129207611084,0.8644511699676514,4.148663520812988,11.0
dynamic,3,2,114,0.7727492651939392,0.7359801713943481,0.03676909440755844,0.7279500732421875,0.7279500732421875,0.0,1.0,1.0,1140.0,1101.0,0.0,0.19606523215770721,0.49191129207611084,0.8644511699676514,4.148663520812988,11.0
dynamic,3,2,115,0.776529543209076,0.7341578893661499,0.042371653014421466,0.7270097543716431,0.7270097543716431,0.0,1.0,1.0,1150.0,1101.0,0.0,0.19606523215770721,0.49191129207611084,0.8644511699676514,4.148663520812988,11.0
dynamic,3,2,116,0.7815732113838196,0.7367315883636475,0.04484162252545357,0.7261747940063477,0.7261747940063477,0.0,1.0,1.0,1160.0,1101.0,0.0,0.19606523215770721,0.49191129207611084,0.8644511699676514,4.148663520812988,11.0
dynamic,3,2,117,0.7744713374137878,0.7345388367652893,0.03993250567317009,0.7253431659698486,0.7253431659698486,0.0,1.0,1.0,1170.0,1101.0,0.0,0.19606523215770721,0.49191129207611084,0.8644511699676514,4.148663520812988,11.0
dynamic,3,2,118,0.7782478940010071,0.7313789098739624,0.04686898266673088,0.7246171262741089,0.7246171262741089,0.0,1.0,1.0,1180.0,1101.0,0.0,0.19606523215770721,0.49191129207611084,0.8644511699676514,4.148663520812988,11.0
dynamic,3,2,119,0.7842626856803894,0.7383878422737121,0.045874838310480115,0.7238741758346557,0.7238741758346557,0.0,1.0,1.0,1190.0,1101.0,0.0,0.19606523215770721,0.49191129207611084,0.8644511699676514,4.148663520812988,11.0
dynamic,3,2,120,0.7792647948265076,0.7319620264053345,0.04730275462269783,0.7231031843185425,0.7231031843185425,0.0,1.0,1.0,1200.0,1101.0,0.0,0.19606523215770721,0.49191129207611084,0.8644511699676514,4.148663520812988,11.0
dynamic,3,2,121,0.7715024748802185,0.7296175617218018,0.04188491407632828,0.7223169454574585,0.7223169454574585,0.0,1.0,1.0,1210.0,1201.0,0.0,0.18188947439193726,0.4143821895122528,0.7808945775032043,4.386368751525879,8.0
dynamic,3,2,122,0.7665840796470642,0.7256438604354858,0.04094021223187447,0.7215663089752197,0.7215663089752197,0.0,1.0,1.0,1220.0,1201.0,0.0,0.18188947439193726,0.4143821895122528,0.7808945775032043,4.386368751525879,8.0
dynamic,3,2,123,0.7723564439773559,0.7301181546211243,0.04223830093741417,0.7208891366958619,0.7208891366958619,0.0,1.0,1.0,1230.0,1201.0,0.0,0.18188947439193726,0.4143821895122528,0.7808945775032043,4.386368751525879,8.0
dynamic,3,2,124,0.7752559978485107,0.7322366921424865,0.043019298189878465,0.7202373399734497,0.7202373399734497,0.0,1.0,1.0,1240.0,1201.0,0.0,0.18188947439193726,0.4143821895122528,0.7808945775032043,4.386368751525879,8.0
dynamic,3,2,125,0.7694241735458374,0.7295857307434082,0.03983843889534473,0.7195870418548584,0.7195870418548584,0.0,1.0,1.0,1250.0,1201.0,0.0,0.18188947439193726,0.4143821895122528,0.7808945775032043,4.386368751525879,8.0
dynamic,3,2,126,0.7784545029640197,0.729130424785614,0.0493240763604641,0.718946435546875,0.718946435546875,0.0,1.0,1.0,1260.0,1201.0,0.0,0.18188947439193726,0.4143821895122528,0.7808945775032043,4.386368751525879,8.0
dynamic,3,2,127,0.7701994314193725,0.7275223659515381,0.04267706517577171,0.718288529586792,0.718288529586792,0.0,1.0,1.0,1270.0,1201.0,0.0,0.18188947439193726,0.4143821895122528,0.7808945775032043,4.386368751525879,8.0
dynamic,3,2,128,0.7664395510673523,0.7306990501403808,0.0357404987514019,0.7176979888916015,0.7176979888916015,0.0,1.0,1.0,1280.0,1201.0,0.0,0.18188947439193726,0.4143821895122528,0.7808945775032043,4.386368751525879,8.0
dynamic,3,2,129,0.7681161093711854,0.7253864452362061,0.04272966384291649,0.7171270830154419,0.7171270830154419,0.0,1.0,1.0,1290.0,1201.0,0.0,0.18188947439193726,0.4143821895122528,0.7808945775032043,4.386368751525879,8.0
dynamic,3,2,130,0.7649342012405396,0.7262164930343628,0.03871770846247673,0.7165004451751709,0.7165004451751709,0.0,1.0,1.0,1300.0,1201.0,0.0,0.18188947439193726,0.4143821895122528,0.7808945775032043,4.386368751525879,8.0
dynamic,3,2,131,0.7617651098251342,0.72310420627594,0.03866090734004975,0.7158333814620972,0.7158333814620972,0.0,1.0,1.0,1310.0,1301.0,0.0,0.14394032955169678,0.37563595175743103,0.5439223051071167,4.041579246520996,6.0
dynamic,3,2,132,0.7629995491981506,0.7255025115013123,0.03749703148007393,0.7153128522872925,0.7153128522872925,0.0,1.0,1.0,1320.0,1301.0,0.0,0.14394032955169678,0.37563595175743103,0.5439223051071167,4.041579246520996,6.0
dynamic,3,2,133,0.7636676329612732,0.7263584064483642,0.03730923747420311,0.7147437406539917,0.7147437406539917,0.0,1.0,1.0,1330.0,1301.0,0.0,0.14394032955169678,0.37563595175743103,0.5439223051071167,4.041579246520996,6.0
dynamic,3,2,134,0.7710727844238281,0.7223563824653626,0.04871639652848244,0.7141328985214234,0.7141328985214234,0.0,1.0,1.0,1340.0,1301.0,0.0,0.14394032955169678,0.37563595175743103,0.5439223051071167,4.041579246520996,6.0
dynamic,3,2,135,0.7727480917930603,0.7271740895271301,0.04557400202155113,0.7135743186950684,0.7135743186950684,0.0,1.0,1.0,1350.0,1301.0,0.0,0.14394032955169678,0.37563595175743103,0.5439223051071167,4.041579246520996,6.0
dynamic,3,2,136,0.7700124050140381,0.7220660053253174,0.04794640781283378,0.7130936557769776,0.7130936557769776,0.0,1.0,1.0,1360.0,1301.0,0.0,0.14394032955169678,0.37563595175743103,0.5439223051071167,4.041579246520996,6.0
dynamic,3,2,137,0.7647989392280579,0.7223233762741089,0.04247556198835373,0.7125631002426147,0.7125631002426147,0.0,1.0,1.0,1370.0,1301.0,0.0,0.14394032955169678,0.37563595175743103,0.5439223051071167,4.041579246520996,6.0
dynamic,3,2,138,0.7567890656471252,0.7165143929481507,0.04027466571927071,0.7120403982162475,0.7120403982162475,0.0,1.0,1.0,1380.0,1301.0,0.0,0.14394032955169678,0.37563595175743103,0.5439223051071167,4.041579246520996,6.0
dynamic,3,2,139,0.7566257079124451,0.7189404480934143,0.03768526574373245,0.7115239059448242,0.7115239059448242,0.0,1.0,1.0,1390.0,1301.0,0.0,0.14394032955169678,0.37563595175743103,0.5439223051071167,4.041579246520996,6.0
dynamic,3,2,140,0.7645996383666992,0.7181446799278259,0.046454961693286896,0.7111231880187988,0.7111231880187988,0.0,1.0,1.0,1400.0,1301.0,0.0,0.14394032955169678,0.37563595175743103,0.5439223051071167,4.041579246520996,6.0
dynamic,3,2,141,0.7653517057418823,0.7218063217163085,0.043545386379957196,0.7106303968429566,0.7106303968429566,0.0,1.0,1.0,1410.0,1401.0,0.0,0.21923097968101501,0.5121408700942993,0.8245278000831604,3.5068349838256836,9.0
dynamic,3,2,142,0.7550004478454589,0.7174970609664917,0.03750338460206985,0.710277617073059,0.710277617073059,0.0,1.0,1.0,1420.0,1401.0,0.0,0.21923097968101501,0.5121408700942993,0.8245278000831604,3.5068349838256836,9.0
dynamic,3,2,143,0.7622739526748658,0.7201599146842956,0.0421140510737896,0.7097728384017944,0.7097728384017944,0.0,1.0,1.0,1430.0,1401.0,0.0,0.21923097968101501,0.5121408700942993,0.8245278000831604,3.5068349838256836,9.0
dynamic,3,2,144,0.7626836388587952,0.7195826279640197,0.0431010089635849,0.7093314910888672,0.7093314910888672,0.0,1.0,1.0,1440.0,1401.0,0.0,0.21923097968101501,0.5121408700942993,0.8245278000831604,3.5068349838256836,9.0
dynamic,3,2,145,0.7701953741073608,0.7259618225097656,0.044233553552627564,0.708986061668396,0.708986061668396,0.0,1.0,1.0,1450.0,1401.0,0.0,0.21923097968101501,0.5121408700942993,0.8245278000831604,3.5068349838256836,9.0
dynamic,3,2,146,0.7541514863014221,0.7153643492698669,0.03878713983893394,0.7084855262756348,0.7084855262756348,0.0,1.0,1.0,1460.0,1401.0,0.0,0.21923097968101501,0.5121408700942993,0.8245278000831604,3.5068349838256836,9.0
dynamic,3,2,147,0.7576606641769409,0.7152015737533569,0.04245909695625305,0.7080615320205689,0.7080615320205689,0.0,1.0,1.0,1470.0,1401.0,0.0,0.21923097968101501,0.5121408700942993,0.8245278000831604,3.5068349838256836,9.0
dynamic,3,2,148,0.7636717244148254,0.7173528217315673,0.046318898576498034,0.7076739757537842,0.7076739757537842,0.0,1.0,1.0,1480.0,1401.0,0.0,0.21923097968101501,0.5121408700942993,0.8245278000831604,3.5068349838256836,9.0
dynamic,3,2,149,0.7503043232917785,0.7121097389221192,0.03819458569288254,0.707290244102478,0.707290244102478,0.0,1.0,1.0,1490.0,1401.0,0.0,0.21923097968101501,0.5121408700942993,0.8245278000831604,3.5068349838256836,9.0
dynamic,3,2,150,0.7541006379127503,0.7173491201400757,0.03675150343179703,0.7068586465835571,0.7068586465835571,0.0,1.0,1.0,1500.0,1401.0,0.0,0.21923097968101501,0.5121408700942993,0.8245278000831604,3.5068349838256836,9.0
dynamic,3,2,151,0.7598991808891297,0.7150527903556824,0.04484639607667923,0.7066139326095581,0.7066139326095581,0.0,1.0,1.0,1510.0,1501.0,0.0,0.18743306398391724,0.46130770444869995,0.7502650618553162,2.7142984867095947,6.0
dynamic,3,2,152,0.7623192195892334,0.7142795691490174,0.04803964947462082,0.7061410482406616,0.7061410482406616,0.0,1.0,1.0,1520.0,1501.0,0.0,0.18743306398391724,0.46130770444869995,0.7502650618553162,2.7142984867095947,6.0
dynamic,3,2,153,0.7604299378395081,0.7181031774520874,0.04232675628066063,0.7058397115707398,0.7058397115707398,0.0,1.0,1.0,1530.0,1501.0,0.0,0.18743306398391724,0.46130770444869995,0.7502650618553162,2.7142984867095947,6.0
dynamic,3,2,154,0.759079257106781,0.7190556895256043,0.0400235720038414,0.7054655916213989,0.7054655916213989,0.0,1.0,1.0,1540.0,1501.0,0.0,0.18743306398391724,0.46130770444869995,0.7502650618553162,2.7142984867095947,6.0
dynamic,3,2,155,0.7499779275894165,0.7170464281082153,0.03293150072693825,0.7052635869979859,0.7052635869979859,0.0,1.0,1.0,1550.0,1501.0,0.0,0.18743306398391724,0.46130770444869995,0.7502650618553162,2.7142984867095947,6.0
dynamic,3,2,156,0.7575625542640686,0.7168127567291259,0.04074980021715164,0.7048093103408813,0.7048093103408813,0.0,1.0,1.0,1560.0,1501.0,0.0,0.18743306398391724,0.46130770444869995,0.7502650618553162,2.7142984867095947,6.0
dynamic,3,2,157,0.7660915664672852,0.7163881795883179,0.04970339488983154,0.7044899116516113,0.7044899116516113,0.0,1.0,1.0,1570.0,1501.0,0.0,0.18743306398391724,0.46130770444869995,0.7502650618553162,2.7142984867095947,6.0
dynamic,3,2,158,0.7567596623420715,0.7178355936050415,0.038924075436592105,0.7042525800704956,0.7042525800704956,0.0,1.0,1.0,1580.0,1501.0,0.0,0.18743306398391724,0.46130770444869995,0.7502650618553162,2.7142984867095947,6.0
dynamic,3,2,159,0.7514357380867004,0.7139352485656738,0.037500497555732724,0.7038760848999024,0.7038760848999024,0.0,1.0,1.0,1590.0,1501.0,0.0,0.18743306398391724,0.46130770444869995,0.7502650618553162,2.7142984867095947,6.0
dynamic,3,2,160,0.7497973830223084,0.7122844304084778,0.037512958300113676,0.7035758184432983,0.7035758184432983,0.0,1.0,1.0,1600.0,1501.0,0.0,0.18743306398391724,0.46130770444869995,0.7502650618553162,2.7142984867095947,6.0
dynamic,3,2,161,0.7623658960342408,0.7114457264900208,0.05092017625570297,0.7032483650207519,0.7032483650207519,0.0,1.0,1.0,1610.0,1601.0,0.0,0.20019295811653137,0.4018840491771698,0.8173719048500061,4.856462001800537,11.0
dynamic,3,2,162,0.7586041259765625,0.71504507522583,0.043559044444561004,0.7029833709716797,0.7029833709716797,0.0,1.0,1.0,1620.0,1601.0,0.0,0.20019295811653137,0.4018840491771698,0.8173719048500061,4.856462001800537,11.0
dynamic,3,2,163,0.751566754245758,0.7124530284881592,0.03911372492909432,0.7027080326080323,0.7027080326080323,0.0,1.0,1.0,1630.0,1601.0,0.0,0.20019295811653137,0.4018840491771698,0.8173719048500061,4.856462001800537,11.0
dynamic,3,2,164,0.7508661940574646,0.7107511782646179,0.04011500549316406,0.7024815925598145,0.7024815925598145,0.0,1.0,1.0,1640.0,1601.0,0.0,0.20019295811653137,0.4018840491771698,0.8173719048500061,4.856462001800537,11.0
dynamic,3,2,165,0.7565842741966248,0.7143524133682251,0.04223186217546463,0.7021515510559082,0.7021515510559082,0.0,1.0,1.0,1650.0,1601.0,0.0,0.20019295811653137,0.4018840491771698,0.8173719048500061,4.856462001800537,11.0
dynamic,3,2,166,0.7484708302497863,0.7077793624877929,0.04069146520495415,0.7018926116943359,0.7018926116943359,0.0,1.0,1.0,1660.0,1601.0,0.0,0.20019295811653137,0.4018840491771698,0.8173719048500061,4.856462001800537,11.0
dynamic,3,2,167,0.7559792359352112,0.7157351043701172,0.040244126898050306,0.7016342287063598,0.7016342287063598,0.0,1.0,1.0,1670.0,1601.0,0.0,0.20019295811653137,0.4018840491771698,0.8173719048500061,4.856462001800537,11.0
dynamic,3,2,168,0.7606263373374939,0.7114880903244019,0.049138243490457534,0.7014268674850463,0.7014268674850463,0.0,1.0,1.0,1680.0,1601.0,0.0,0.20019295811653137,0.4018840491771698,0.8173719048500061,4.856462001800537,11.0
dynamic,3,2,169,0.7538923453330993,0.7132574192047119,0.04063493068218231,0.7012206621170044,0.7012206621170044,0.0,1.0,1.0,1690.0,1601.0,0.0,0.20019295811653137,0.4018840491771698,0.8173719048500061,4.856462001800537,11.0
dynamic,3,2,170,0.7539928854942322,0.7097053921699524,0.044287487286329266,0.7009135396957398,0.7009135396957398,0.0,1.0,1.0,1700.0,1601.0,0.0,0.20019295811653137,0.4018840491771698,0.8173719048500061,4.856462001800537,11.0
dynamic,3,2,171,0.7564278715133667,0.7109282343864441,0.04549963066577911,0.7007269117355347,0.7007269117355347,0.0,1.0,1.0,1710.0,1701.0,0.0,0.23153778910636902,0.4649300277233124,0.9114184975624084,4.4677300453186035,12.0
dynamic,3,2,172,0.757589004611969,0.7107090759277344,0.046879924309253695,0.700421877861023,0.700421877861023,0.0,1.0,1.0,1720.0,1701.0,0.0,0.23153778910636902,0.4649300277233124,0.9114184975624084,4.4677300453186035,12.0
dynamic,3,2,173,0.7466716320037842,0.7045512661933899,0.04212036650776863,0.7002044645309449,0.7002044645309449,0.0,1.0,1.0,1730.0,1701.0,0.0,0.23153778910636902,0.4649300277233124,0.9114184975624084,4.4677300453186035,12.0
dynamic,3,2,174,0.7492592993736267,0.7114542706489563,0.03780502726435661,0.6999330213546753,0.6999330213546753,0.0,1.0,1.0,1740.0,1701.0,0.0,0.23153778910636902,0.4649300277233124,0.9114184975624084,4.4677300453186035,12.0
dynamic,3,2,175,0.7490647422790527,0.7089356170654297,0.04012912058830261,0.6997298971176148,0.6997298971176148,0.0,1.0,1.0,1750.0,1701.0,0.0,0.23153778910636902,0.4649300277233124,0.9114184975624084,4.4677300453186035,12.0
dynamic,3,2,176,0.7569885430335999,0.7125945026397705,0.0443940401494503,0.6995148458480835,0.6995148458480835,0.0,1.0,1.0,1760.0,1701.0,0.0,0.23153778910636902,0.4649300277233124,0.9114184975624084,4.4677300453186035,12.0
dynamic,3,2,177,0.7532752558708191,0.7078434494972229,0.045431796926259996,0.6993828182220458,0.6993828182220458,0.0,1.0,1.0,1770.0,1701.0,0.0,0.23153778910636902,0.4649300277233124,0.9114184975624084,4.4677300453186035,12.0
dynamic,3,2,178,0.7539836526870728,0.7093676497459411,0.04461601009964943,0.6990743839263917,0.6990743839263917,0.0,1.0,1.0,1780.0,1701.0,0.0,0.23153778910636902,0.4649300277233124,0.9114184975624084,4.4677300453186035,12.0
dynamic,3,2,179,0.749425020980835,0.7067434198379516,0.04268160973787308,0.6988821767807006,0.6988821767807006,0.0,1.0,1.0,1790.0,1701.0,0.0,0.23153778910636902,0.4649300277233124,0.9114184975624084,4.4677300453186035,12.0
dynamic,3,2,180,0.7601702157020569,0.7067286628723145,0.05344156633615494,0.698679309463501,0.698679309463501,0.0,1.0,1.0,1800.0,1701.0,0.0,0.23153778910636902,0.4649300277233124,0.9114184975624084,4.4677300453186035,12.0
dynamic,3,2,181,0.7578988696098328,0.7111659754753112,0.04673288949131966,0.6986988189697265,0.6986988189697265,0.0,1.0,1.0,1810.0,1801.0,0.0,0.1842273771762848,0.433141827583313,0.8648465275764465,1.6582162380218506,10.0
dynamic,3,2,182,0.7495647226333618,0.7048573678970337,0.04470736203193665,0.6983514610290528,0.6983514610290528,0.0,1.0,1.0,1820.0,1801.0,0.0,0.1842273771762848,0.433141827583313,0.8648465275764465,1.6582162380218506,10.0
dynamic,3,2,183,0.7640829172134399,0.7056845536231995,0.05839836861491203,0.6981114040374756,0.6981114040374756,0.0,1.0,1.0,1830.0,1801.0,0.0,0.1842273771762848,0.433141827583313,0.8648465275764465,1.6582162380218506,10.0
dynamic,3,2,184,0.7533137011528015,0.7059297088623047,0.04738398531079292,0.6978978395462037,0.6978978395462037,0.0,1.0,1.0,1840.0,1801.0,0.0,0.1842273771762848,0.433141827583313,0.8648465275764465,1.6582162380218506,10.0
dynamic,3,2,185,0.755608326625824,0.706081737613678,0.04952658411860466,0.6977110727310181,0.6977110727310181,0.0,1.0,1.0,1850.0,1801.0,0.0,0.1842273771762848,0.433141827583313,0.8648465275764465,1.6582162380218506,10.0
dynamic,3,2,186,0.7441273545265198,0.7070442275047302,0.03708313223719597,0.6976434446334839,0.6976434446334839,0.0,1.0,1.0,1860.0,1801.0,0.0,0.1842273771762848,0.433141827583313,0.8648465275764465,1.6582162380218506,10.0
dynamic,3,2,187,0.7498781368255615,0.7072902806282043,0.04258785092234611,0.6973831790924072,0.6973831790924072,0.0,1.0,1.0,1870.0,1801.0,0.0,0.1842273771762848,0.433141827583313,0.8648465275764465,1.6582162380218506,10.0
dynamic,3,2,188,0.7495966258049012,0.7033487060546875,0.04624791532754898,0.6971923107147217,0.6971923107147217,0.0,1.0,1.0,1880.0,1801.0,0.0,0.1842273771762848,0.433141827583313,0.8648465275764465,1.6582162380218506,10.0
dynamic,3,2,189,0.7487024742126465,0.7029915592193604,0.04571090716123581,0.6969586563110352,0.6969586563110352,0.0,1.0,1.0,1890.0,1801.0,0.0,0.1842273771762848,0.433141827583313,0.8648465275764465,1.6582162380218506,10.0
dynamic,3,2,190,0.7499984088897705,0.7044873434066773,0.045511070597171785,0.6968088781356812,0.6968088781356812,0.0,1.0,1.0,1900.0,1801.0,0.0,0.1842273771762848,0.433141827583313,0.8648465275764465,1.6582162380218506,10.0
dynamic,3,2,191,0.7519828372001648,0.7058776386260986,0.04610519922375679,0.6965536039352417,0.6965536039352417,0.0,1.0,1.0,1910.0,1901.0,0.0,0.18050876259803772,0.3718857765197754,0.8669196367263794,2.226637840270996,11.0
dynamic,3,2,192,0.7537642024040222,0.711731203842163,0.04203299712538719,0.696459379196167,0.696459379196167,0.0,1.0,1.0,1920.0,1901.0,0.0,0.18050876259803772,0.3718857765197754,0.8669196367263794,2.226637840270996,11.0
dynamic,3,2,193,0.7611508813858032,0.7127088138580322,0.04844206602573395,0.6962232957839966,0.6962232957839966,0.0,1.0,1.0,1930.0,1901.0,0.0,0.18050876259803772,0.3718857765197754,0.8669196367263794,2.226637840270996,11.0
dynamic,3,2,194,0.7524073390960694,0.7090258198738099,0.04338152346611023,0.6961002645492553,0.6961002645492553,0.0,1.0,1.0,1940.0,1901.0,0.0,0.18050876259803772,0.3718857765197754,0.8669196367263794,2.226637840270996,11.0
dynamic,3,2,195,0.7566214796066284,0.7070677958488464,0.04955368748307228,0.6959857566833496,0.6959857566833496,0.0,1.0,1.0,1950.0,1901.0,0.0,0.18050876259803772,0.3718857765197754,0.8669196367263794,2.226637840270996,11.0
dynamic,3,2,196,0.7599311084747314,0.7088855403900146,0.05104556633234024,0.6958703638076782,0.6958703638076782,0.0,1.0,1.0,1960.0,1901.0,0.0,0.18050876259803772,0.3718857765197754,0.8669196367263794,2.226637840270996,11.0
dynamic,3,2,197,0.7630190515518188,0.707885212135315,0.05513384742736816,0.6957006107330322,0.6957006107330322,0.0,1.0,1.0,1970.0,1901.0,0.0,0.18050876259803772,0.3718857765197754,0.8669196367263794,2.226637840270996,11.0
dynamic,3,2,198,0.768870911026001,0.7119972238540649,0.05687369464635849,0.6956876022338867,0.6956876022338867,0.0,1.0,1.0,1980.0,1901.0,0.0,0.18050876259803772,0.3718857765197754,0.8669196367263794,2.226637840270996,11.0
dynamic,3,2,199,0.7615002382278442,0.702631028842926,0.05886921340227127,0.6953903213500977,0.6953903213500977,0.0,1.0,1.0,1990.0,1901.0,0.0,0.18050876259803772,0.3718857765197754,0.8669196367263794,2.226637840270996,11.0
dynamic,3,2,200,0.7579610327720642,0.7057030139923096,0.052258015614748,0.6952601961135865,0.6952601961135865,0.0,1.0,1.0,2000.0,1901.0,0.0,0.18050876259803772,0.3718857765197754,0.8669196367263794,2.226637840270996,11.0
dynamic,3,2,201,0.7535440168380737,0.7056230792999267,0.04792094933986664,0.6951928510665893,0.6951928510665893,0.0,1.0,1.0,2010.0,2001.0,0.0,0.21217475831508636,0.422647625207901,0.8864859342575073,3.2342448234558105,12.0
dynamic,3,2,202,0.7643373165130615,0.706588841342926,0.05774846448898315,0.6949994638442993,0.6949994638442993,0.0,1.0,1.0,2020.0,2001.0,0.0,0.21217475831508636,0.422647625207901,0.8864859342575073,3.2342448234558105,12.0
dynamic,3,2,203,0.7559100437164307,0.7061280300140381,0.04978201944828033,0.694816438484192,0.694816438484192,0.0,1.0,1.0,2030.0,2001.0,0.0,0.21217475831508636,0.422647625207901,0.8864859342575073,3.2342448234558105,12.0
dynamic,3,2,204,0.7459191980361939,0.7010995746612548,0.04481963190436363,0.6946886514663696,0.6946886514663696,0.0,1.0,1.0,2040.0,2001.0,0.0,0.21217475831508636,0.422647625207901,0.8864859342575073,3.2342448234558105,12.0
dynamic,3,2,205,0.752525391960144,0.6989245592117309,0.053600831580162045,0.6945312992095948,0.6945312992095948,0.0,1.0,1.0,2050.0,2001.0,0.0,0.21217475831508636,0.422647625207901,0.8864859342575073,3.2342448234558105,12.0
dynamic,3,2,206,0.7500509148597717,0.7037221465110779,0.04632877667546272,0.6944730081558228,0.6944730081558228,0.0,1.0,1.0,2060.0,2001.0,0.0,0.21217475831508636,0.422647625207901,0.8864859342575073,3.2342448234558105,12.0
dynamic,3,2,207,0.7479637008666992,0.7067212508201599,0.041242449575662615,0.6942912528991699,0.6942912528991699,0.0,1.0,1.0,2070.0,2001.0,0.0,0.21217475831508636,0.422647625207901,0.8864859342575073,3.2342448234558105,12.0
dynamic,3,2,208,0.7507639174461365,0.7053998833656311,0.04536403980255127,0.6940942255020142,0.6940942255020142,0.0,1.0,1.0,2080.0,2001.0,0.0,0.21217475831508636,0.422647625207901,0.8864859342575073,3.2342448234558105,12.0
dynamic,3,2,209,0.7482843536376953,0.701855816745758,0.046428531908988956,0.6941403089523316,0.6941403089523316,0.0,1.0,1.0,2090.0,2001.0,0.0,0.21217475831508636,0.422647625207901,0.8864859342575073,3.2342448234558105,12.0
dynamic,3,2,210,0.7521797051429748,0.7100802095413208,0.042099485099315645,0.693895457649231,0.693895457649231,0.0,1.0,1.0,2100.0,2001.0,0.0,0.21217475831508636,0.422647625207901,0.8864859342575073,3.2342448234558105,12.0
dynamic,3,2,211,0.7476872528076172,0.7053671008110046,0.04232014308571815,0.6937262145996094,0.6937262145996094,0.0,1.0,1.0,2110.0,2101.0,0.0,0.14006513357162476,0.3020285665988922,0.5273672342300415,2.528247356414795,6.0
dynamic,3,2,212,0.7507344900131225,0.7047551712036133,0.045979327809810636,0.6935857458114624,0.6935857458114624,0.0,1.0,1.0,2120.0,2101.0,0.0,0.14006513357162476,0.3020285665988922,0.5273672342300415,2.528247356414795,6.0
dynamic,3,2,213,0.7448068569183349,0.7032238489151001,0.04158300809264183,0.6936030429840088,0.6936030429840088,0.0,1.0,1.0,2130.0,2101.0,0.0,0.14006513357162476,0.3020285665988922,0.5273672342300415,2.528247356414795,6.0
dynamic,3,2,214,0.7564755044937134,0.7074227825164795,0.04905272527337074,0.6933953121185302,0.6933953121185302,0.0,1.0,1.0,2140.0,2101.0,0.0,0.14006513357162476,0.3020285665988922,0.5273672342300415,2.528247356414795,6.0
dynamic,3,2,215,0.7474475231170654,0.7037229801177979,0.043724541902542116,0.6932699478149414,0.6932699478149414,0.0,1.0,1.0,2150.0,2101.0,0.0,0.14006513357162476,0.3020285665988922,0.5273672342300415,2.528247356414795,6.0
dynamic,3,2,216,0.751405223274231,0.7050297624588012,0.046375458347797396,0.6931964227676392,0.6931964227676392,0.0,1.0,1.0,2160.0,2101.0,0.0,0.14006513357162476,0.3020285665988922,0.5273672342300415,2.528247356414795,6.0
dynamic,3,2,217,0.7467153217315674,0.6993347680091858,0.047380553025007245,0.6932008262634277,0.6932008262634277,0.0,1.0,1.0,2170.0,2101.0,0.0,0.14006513357162476,0.3020285665988922,0.5273672342300415,2.528247356414795,6.0
dynamic,3,2,218,0.7542858470916748,0.706791333770752,0.04749450932741165,0.6929886850357055,0.6929886850357055,0.0,1.0,1.0,2180.0,2101.0,0.0,0.14006513357162476,0.3020285665988922,0.5273672342300415,2.528247356414795,6.0
dynamic,3,2,219,0.7542240550994873,0.7040661645889282,0.05015788209438324,0.6928429203033447,0.6928429203033447,0.0,1.0,1.0,2190.0,2101.0,0.0,0.14006513357162476,0.3020285665988922,0.5273672342300415,2.528247356414795,6.0
dynamic,3,2,220,0.763522172164917,0.7088529062271118,0.05466925875544548,0.6927964307785034,0.6927964307785034,0.0,1.0,1.0,2200.0,2101.0,0.0,0.14006513357162476,0.3020285665988922,0.5273672342300415,2.528247356414795,6.0
dynamic,3,2,221,0.7465254471778869,0.6930925768852234,0.05343286901116371,0.6926922933578491,0.6926922933578491,0.0,1.0,1.0,2210.0,2201.0,0.0,0.20876051485538483,0.4761807322502136,0.7815240621566772,3.7549245357513428,8.0
dynamic,3,2,222,0.7603426940917969,0.700912340259552,0.05943035609722137,0.6926294458389283,0.6926294458389283,0.0,1.0,1.0,2220.0,2201.0,0.0,0.20876051485538483,0.4761807322502136,0.7815240621566772,3.7549245357513428,8.0
dynamic,3,2,223,0.7621847275733947,0.7085341918945313,0.05365054321885109,0.6925361032485962,0.6925361032485962,0.0,1.0,1.0,2230.0,2201.0,0.0,0.20876051485538483,0.4761807322502136,0.7815240621566772,3.7549245357513428,8.0
dynamic,3,2,224,0.7488998382568359,0.6995648422241211,0.04933500121831894,0.6924999000549317,0.6924999000549317,0.0,1.0,1.0,2240.0,2201.0,0.0,0.20876051485538483,0.4761807322502136,0.7815240621566772,3.7549245357513428,8.0
dynamic,3,2,225,0.7529171899795533,0.7050923581123352,0.04782482452988625,0.6924055530548096,0.6924055530548096,0.0,1.0,1.0,2250.0,2201.0,0.0,0.20876051485538483,0.4761807322502136,0.7815240621566772,3.7549245357513428,8.0
dynamic,3,2,226,0.7506309307098389,0.7032124381065369,0.04741849511861801,0.6925132297515869,0.6925132297515869,0.0,1.0,1.0,2260.0,2201.0,0.0,0.20876051485538483,0.4761807322502136,0.7815240621566772,3.7549245357513428,8.0
dynamic,3,2,227,0.7589240888595581,0.7056854547500611,0.05323862636685371,0.6922903911590577,0.6922903911590577,0.0,1.0,1.0,2270.0,2201.0,0.0,0.20876051485538483,0.4761807322502136,0.7815240621566772,3.7549245357513428,8.0
dynamic,3,2,228,0.7446233540534973,0.6988051907539368,0.04581816056370735,0.69212262840271,0.69212262840271,0.0,1.0,1.0,2280.0,2201.0,0.0,0.20876051485538483,0.4761807322502136,0.7815240621566772,3.7549245357513428,8.0
dynamic,3,2,229,0.7547416604995728,0.7034927766799927,0.05124887537956238,0.6920737674713134,0.6920737674713134,0.0,1.0,1.0,2290.0,2201.0,0.0,0.20876051485538483,0.4761807322502136,0.7815240621566772,3.7549245357513428,8.0
dynamic,3,2,230,0.7490260271072388,0.7077651430130005,0.041260881310701374,0.6920039333343506,0.6920039333343506,0.0,1.0,1.0,2300.0,2201.0,0.0,0.20876051485538483,0.4761807322502136,0.7815240621566772,3.7549245357513428,8.0
dynamic,3,2,231,0.7469189929962158,0.7002788869857788,0.0466401144683361,0.6919508068084717,0.6919508068084717,0.0,1.0,1.0,2310.0,2301.0,0.0,0.14007294178009033,0.33867520093917847,0.5687903761863708,1.8903719186782837,5.0
dynamic,3,2,232,0.7561149855613708,0.7047938417434693,0.051321133875846865,0.692021591758728,0.692021591758728,0.0,1.0,1.0,2320.0,2301.0,0.0,0.14007294178009033,0.33867520093917847,0.5687903761863708,1.8903719186782837,5.0
dynamic,3,2,233,0.759170426940918,0.700256712436676,0.05891371490955353,0.6918839500427246,0.6918839500427246,0.0,1.0,1.0,2330.0,2301.0,0.0,0.14007294178009033,0.33867520093917847,0.5687903761863708,1.8903719186782837,5.0
dynamic,3,2,234,0.7674467930793762,0.703013162612915,0.0644336375594139,0.6917926357269287,0.6917926357269287,0.0,1.0,1.0,2340.0,2301.0,0.0,0.14007294178009033,0.33867520093917847,0.5687903761863708,1.8903719186782837,5.0
dynamic,3,2,235,0.7456047084808349,0.695477299118042,0.050127406895160674,0.6917280227661132,0.6917280227661132,0.0,1.0,1.0,2350.0,2301.0,0.0,0.14007294178009033,0.33867520093917847,0.5687903761863708,1.8903719186782837,5.0
dynamic,3,2,236,0.7560547561645508,0.7053196237564087,0.050735135954618454,0.6916365184783936,0.6916365184783936,0.0,1.0,1.0,2360.0,2301.0,0.0,0.14007294178009033,0.33867520093917847,0.5687903761863708,1.8903719186782837,5.0
dynamic,3,2,237,0.7580745238304138,0.7085128510475158,0.0495616762816906,0.6916254981994628,0.6916254981994628,0.0,1.0,1.0,2370.0,2301.0,0.0,0.14007294178009033,0.33867520093917847,0.5687903761863708,1.8903719186782837,5.0
dynamic,3,2,238,0.7500350158691407,0.7022575117111206,0.04777750862240791,0.6916362609863281,0.6916362609863281,0.0,1.0,1.0,2380.0,2301.0,0.0,0.14007294178009033,0.33867520093917847,0.5687903761863708,1.8903719186782837,5.0
dynamic,3,2,239,0.7466359630584717,0.696042821598053,0.05059315533041954,0.6914931943893433,0.6914931943893433,0.0,1.0,1.0,2390.0,2301.0,0.0,0.14007294178009033,0.33867520093917847,0.5687903761863708,1.8903719186782837,5.0
dynamic,3,2,240,0.7518952120780945,0.7042020904541015,0.04769311522841454,0.6914567920684814,0.6914567920684814,0.0,1.0,1.0,2400.0,2301.0,0.0,0.14007294178009033,0.33867520093917847,0.5687903761863708,1.8903719186782837,5.0
dynamic,3,2,241,0.7506347499847412,0.7007121304512024,0.04992261958122254,0.6913645513534545,0.6913645513534545,0.0,1.0,1.0,2410.0,2401.0,1.0,0.20922066271305084,0.4579113721847534,0.9898513555526733,4.462555408477783,13.0
dynamic,3,2,242,0.7663893426895142,0.7085581325531006,0.05783121110200882,0.6915586828231811,0.6915586828231811,0.0,1.0,1.0,2420.0,2401.0,1.0,0.20922066271305084,0.4579113721847534,0.9898513555526733,4.462555408477783,13.0
dynamic,3,2,243,0.7595720714569092,0.7041033069610596,0.05546875879764557,0.6913498289108276,0.6913498289108276,0.0,1.0,1.0,2430.0,2401.0,1.0,0.20922066271305084,0.4579113721847534,0.9898513555526733,4.462555408477783,13.0
dynamic,3,2,244,0.7476693568229675,0.6994613826751709,0.04820797479748726,0.6913025854110718,0.6913025854110718,0.0,1.0,1.0,2440.0,2401.0,1.0,0.20922066271305084,0.4579113721847534,0.9898513555526733,4.462555408477783,13.0
dynamic,3,2,245,0.7490796084403992,0.7012264890670776,0.047853119146823886,0.6911630073547363,0.6911630073547363,0.0,1.0,1.0,2450.0,2401.0,1.0,0.20922066271305084,0.4579113721847534,0.9898513555526733,4.462555408477783,13.0
dynamic,3,2,246,0.7443587089538575,0.7016245287895203,0.04273418700695038,0.6912145418167114,0.6912145418167114,0.0,1.0,1.0,2460.0,2401.0,1.0,0.20922066271305084,0.4579113721847534,0.9898513555526733,4.462555408477783,13.0
dynamic,3,2,247,0.7543740125656128,0.7095604307174682,0.04481357637047768,0.6910905364990234,0.6910905364990234,0.0,1.0,1.0,2470.0,2401.0,1.0,0.20922066271305084,0.4579113721847534,0.9898513555526733,4.462555408477783,13.0
dynamic,3,2,248,0.750851911830902,0.7035484627723694,0.047303454488515854,0.6910384223937989,0.6910384223937989,0.0,1.0,1.0,2480.0,2401.0,1.0,0.20922066271305084,0.4579113721847534,0.9898513555526733,4.462555408477783,13.0
dynamic,3,2,249,0.7522739032745361,0.704517786693573,0.04775611220598221,0.6910711738586426,0.6910711738586426,0.0,1.0,1.0,2490.0,2401.0,1.0,0.20922066271305084,0.4579113721847534,0.9898513555526733,4.462555408477783,13.0
dynamic,3,2,250,0.7481861929893494,0.6976565627098084,0.050529639077186585,0.6909039854049682,0.6909039854049682,0.0,1.0,1.0,2500.0,2401.0,1.0,0.20922066271305084,0.4579113721847534,0.9898513555526733,4.462555408477783,13.0
dynamic,3,2,251,0.7348420137405396,0.7074682876586914,0.02737373143136501,0.685756771659851,0.685756771659851,0.0,2.0,2.0,2510.0,2501.0,0.0,0.21950656175613403,0.5287057161331177,1.0751533508300781,3.579771041870117,14.0
dynamic,3,2,252,0.7395578835487365,0.7084515709877014,0.031106312447786333,0.6830384305953979,0.6830384305953979,0.0,2.0,2.0,2520.0,2501.0,0.0,0.21950656175613403,0.5287057161331177,1.0751533508300781,3.579771041870117,14.0
dynamic,3,2,253,0.7289734382629395,0.6990236133575439,0.029949829572439194,0.6925725814819336,0.6925725814819336,0.0,2.0,2.0,2530.0,2501.0,0.0,0.21950656175613403,0.5287057161331177,1.0751533508300781,3.579771041870117,14.0
dynamic,3,2,254,0.7359260826110839,0.7022896144866944,0.0336364688873291,0.6766630767822266,0.6766630767822266,0.0,2.0,2.0,2540.0,2501.0,0.0,0.21950656175613403,0.5287057161331177,1.0751533508300781,3.579771041870117,14.0
dynamic,3,2,255,0.7297690860748292,0.6925787057876587,0.03719037382602692,0.6907986255645752,0.6907986255645752,0.0,2.0,2.0,2550.0,2501.0,0.0,0.21950656175613403,0.5287057161331177,1.0751533508300781,3.579771041870117,14.0
dynamic,3,2,256,0.7284489203453064,0.6953714574813843,0.03307747548818588,0.6800811647415161,0.6800811647415161,0.0,2.0,2.0,2560.0,2501.0,0.0,0.21950656175613403,0.5287057161331177,1.0751533508300781,3.579771041870117,14.0
dynamic,3,2,257,0.7295372591972351,0.6971700058937073,0.03236724851429462,0.6796456506729126,0.6796456506729126,0.0,2.0,2.0,2570.0,2501.0,0.0,0.21950656175613403,0.5287057161331177,1.0751533508300781,3.579771041870117,14.0
dynamic,3,2,258,0.7156770540237427,0.6860654647827148,0.029611593437194824,0.6697081623077392,0.6697081623077392,0.0,2.0,2.0,2580.0,2501.0,0.0,0.21950656175613403,0.5287057161331177,1.0751533508300781,3.579771041870117,14.0
dynamic,3,2,259,0.7169948307991028,0.6861388215065003,0.030856004297733306,0.662428196144104,0.662428196144104,0.0,2.0,2.0,2590.0,2501.0,0.0,0.21950656175613403,0.5287057161331177,1.0751533508300781,3.579771041870117,14.0
dynamic,3,2,260,0.7152705594062805,0.6841681338310242,0.031102425956726073,0.6613186438560485,0.6613186438560485,0.0,2.0,2.0,2600.0,2501.0,0.0,0.21950656175613403,0.5287057161331177,1.0751533508300781,3.579771041870117,14.0
dynamic,3,2,261,0.7099757493972778,0.6774390656471252,0.03253668079972267,0.6712974685668945,0.6712974685668945,0.0,2.0,2.0,2610.0,2501.0,0.0,0.21950656175613403,0.5287057161331177,1.0751533508300781,3.579771041870117,14.0
dynamic,3,2,262,0.7013653667449952,0.6692228866577148,0.03214247624874115,0.6552771646499633,0.6552771646499633,0.0,2.0,2.0,2620.0,2501.0,0.0,0.21950656175613403,0.5287057161331177,1.0751533508300781,3.579771041870117,14.0
dynamic,3,2,263,0.7002703442573547,0.6713136673927307,0.02895668488740921,0.6516866633415223,0.6516866633415223,0.0,2.0,2.0,2630.0,2501.0,0.0,0.21950656175613403,0.5287057161331177,1.0751533508300781,3.579771041870117,14.0
dynamic,3,2,264,0.7104527835845947,0.6769251633644104,0.033527622216939924,0.6480076506614685,0.6480076506614685,0.0,2.0,2.0,2640.0,2501.0,0.0,0.21950656175613403,0.5287057161331177,1.0751533508300781,3.579771041870117,14.0
dynamic,3,2,265,0.7021498517036437,0.6681719337463379,0.03397791393995285,0.6494789258003235,0.6494789258003235,0.0,2.0,2.0,2650.0,2501.0,0.0,0.21950656175613403,0.5287057161331177,1.0751533508300781,3.579771041870117,14.0
dynamic,3,2,266,0.698918887424469,0.6641781799316406,0.03474070400595665,0.6447893438339234,0.6447893438339234,0.0,2.0,2.0,2660.0,2501.0,0.0,0.21950656175613403,0.5287057161331177,1.0751533508300781,3.579771041870117,14.0
dynamic,3,2,267,0.7015819493293762,0.6645405746459961,0.03704137918353081,0.638208401966095,0.638208401966095,0.0,2.0,2.0,2670.0,2501.0,0.0,0.21950656175613403,0.5287057161331177,1.0751533508300781,3.579771041870117,14.0
dynamic,3,2,268,0.6960826385498047,0.6546527662277222,0.041429875779151915,0.6428062006950378,0.6428062006950378,0.0,2.0,2.0,2680.0,2501.0,0.0,0.21950656175613403,0.5287057161331177,1.0751533508300781,3.579771041870117,14.0
dynamic,3,2,269,0.696985474395752,0.6562127670288086,0.04077270512580872,0.6382973031997681,0.6382973031997681,0.0,2.0,2.0,2690.0,2501.0,0.0,0.21950656175613403,0.5287057161331177,1.0751533508300781,3.579771041870117,14.0
dynamic,3,2,270,0.6995832463264465,0.6554792442321777,0.04410400207042694,0.6332423625946045,0.6332423625946045,0.0,2.0,2.0,2700.0,2501.0,0.0,0.21950656175613403,0.5287057161331177,1.0751533508300781,3.579771041870117,14.0
dynamic,3,2,271,0.693044267654419,0.6514888926506043,0.04155536873042583,0.642211787033081,0.642211787033081,0.0,2.0,2.0,2710.0,2501.0,0.0,0.21950656175613403,0.5287057161331177,1.0751533508300781,3.579771041870117,14.0
dynamic,3,2,272,0.6999826868057251,0.6545890698432922,0.04539361065626144,0.6324121186256408,0.6324121186256408,0.0,2.0,2.0,2720.0,2501.0,0.0,0.21950656175613403,0.5287057161331177,1.0751533508300781,3.579771041870117,14.0
dynamic,3,2,273,0.6884757863998413,0.6460615522384644,0.04241422985196114,0.6323297469139099,0.6323297469139099,0.0,2.0,2.0,2730.0,2501.0,0.0,0.21950656175613403,0.5287057161331177,1.0751533508300781,3.579771041870117,14.0
dynamic,3,2,274,0.6934859562873841,0.6450576772689819,0.048428280544281006,0.6275725855827331,0.6275725855827331,0.0,2.0,2.0,2740.0,2501.0,0.0,0.21950656175613403,0.5287057161331177,1.0751533508300781,3.579771041870117,14.0
dynamic,3,2,275,0.6932387448310852,0.6462381220817566,0.04700062386989594,0.6337777696609497,0.6337777696609497,0.0,2.0,2.0,2750.0,2501.0,0.0,0.21950656175613403,0.5287057161331177,1.0751533508300781,3.579771041870117,14.0
dynamic,3,2,276,0.6994982973098754,0.6507354042053223,0.048762897145748135,0.6360398629188537,0.6360398629188537,0.0,2.0,2.0,2760.0,2501.0,0.0,0.21950656175613403,0.5287057161331177,1.0751533508300781,3.579771041870117,14.0
dynamic,3,2,277,0.7055153562545776,0.6495982142448425,0.05591714672446251,0.6240830736160279,0.6240830736160279,0.0,2.0,2.0,2770.0,2501.0,0.0,0.21950656175613403,0.5287057161331177,1.0751533508300781,3.579771041870117,14.0
dynamic,3,2,278,0.6893886250495911,0.6430474884986878,0.046341134935617444,0.6147385993003845,0.6147385993003845,0.0,2.0,2.0,2780.0,2501.0,0.0,0.21950656175613403,0.5287057161331177,1.0751533508300781,3.579771041870117,14.0
dynamic,3,2,279,0.6857565686225892,0.6410549383163452,0.04470163914561272,0.6222173029899597,0.6222173029899597,0.0,2.0,2.0,2790.0,2501.0,0.0,0.21950656175613403,0.5287057161331177,1.0751533508300781,3.579771041870117,14.0
dynamic,3,2,280,0.6948730516433715,0.6486259281158447,0.04624711968898773,0.627908208656311,0.627908208656311,0.0,2.0,2.0,2800.0,2501.0,0.0,0.21950656175613403,0.5287057161331177,1.0751533508300781,3.579771041870117,14.0
dynamic,3,2,281,0.6952078334808349,0.6412356563568116,0.05397217262387276,0.6100733085632324,0.6100733085632324,0.0,2.0,2.0,2810.0,2501.0,0.0,0.21950656175613403,0.5287057161331177,1.0751533508300781,3.579771041870117,14.0
dynamic,3,2,282,0.6781219148635864,0.6346849267959594,0.04343698986172676,0.6154676736831665,0.6154676736831665,0.0,2.0,2.0,2820.0,2501.0,0.0,0.21950656175613403,0.5287057161331177,1.0751533508300781,3.579771041870117,14.0
dynamic,3,2,283,0.684973227596283,0.6347664316177368,0.050206797593832016,0.6117895828247071,0.6117895828247071,0.0,2.0,2.0,2830.0,2501.0,0.0,0.21950656175613403,0.5287057161331177,1.0751533508300781,3.579771041870117,14.0
dynamic,3,2,284,0.6907084650039673,0.6420271072387695,0.048681349372863766,0.6161588973045349,0.6161588973045349,0.0,2.0,2.0,2840.0,2501.0,0.0,0.21950656175613403,0.5287057161331177,1.0751533508300781,3.579771041870117,14.0
dynamic,3,2,285,0.6774937347412109,0.6317986303329468,0.04569510528445244,0.6185893597602844,0.6185893597602844,0.0,2.0,2.0,2850.0,2501.0,0.0,0.21950656175613403,0.5287057161331177,1.0751533508300781,3.579771041870117,14.0
dynamic,3,2,286,0.6894531854629516,0.6355801059722901,0.05387307147979736,0.6145916257858276,0.6145916257858276,0.0,2.0,2.0,2860.0,2501.0,0.0,0.21950656175613403,0.5287057161331177,1.0751533508300781,3.579771041870117,14.0
dynamic,3,2,287,0.6789837563514709,0.6338103014945984,0.045173456358909604,0.6130123867988586,0.6130123867988586,0.0,2.0,2.0,2870.0,2501.0,0.0,0.21950656175613403,0.5287057161331177,1.0751533508300781,3.579771041870117,14.0
dynamic,3,2,288,0.6891404064178467,0.6365453058242798,0.05259510194063187,0.6057259947776794,0.6057259947776794,0.0,2.0,2.0,2880.0,2501.0,0.0,0.21950656175613403,0.5287057161331177,1.0751533508300781,3.579771041870117,14.0
dynamic,3,2,289,0.6841255829811096,0.633450274848938,0.050675306278467176,0.6000199783325195,0.6000199783325195,0.0,2.0,2.0,2890.0,2501.0,0.0,0.21950656175613403,0.5287057161331177,1.0751533508300781,3.579771041870117,14.0
dynamic,3,2,290,0.6773305427551269,0.6244242263793945,0.052906322771310806,0.6008738771438599,0.6008738771438599,0.0,2.0,2.0,2900.0,2501.0,0.0,0.21950656175613403,0.5287057161331177,1.0751533508300781,3.579771041870117,14.0
dynamic,3,2,291,0.6723485176086426,0.6255970600128173,0.04675145705938339,0.6004109248161316,0.6004109248161316,0.0,2.0,2.0,2910.0,2501.0,0.0,0.21950656175613403,0.5287057161331177,1.0751533508300781,3.579771041870117,14.0
dynamic,3,2,292,0.683179669380188,0.6278954133987427,0.05528426231145859,0.6001510444641114,0.6001510444641114,0.0,2.0,2.0,2920.0,2501.0,0.0,0.21950656175613403,0.5287057161331177,1.0751533508300781,3.579771041870117,14.0
dynamic,3,2,293,0.6760162590026856,0.6245377071380616,0.05147855368256569,0.60536179895401,0.60536179895401,0.0,2.0,2.0,2930.0,2501.0,0.0,0.21950656175613403,0.5287057161331177,1.0751533508300781,3.579771041870117,14.0
dynamic,3,2,294,0.6748134845733642,0.6253847993850709,0.049428682160377505,0.595504541683197,0.595504541683197,0.0,2.0,2.0,2940.0,2501.0,0.0,0.21950656175613403,0.5287057161331177,1.0751533508300781,3.579771041870117,14.0
dynamic,3,2,295,0.6831784420013428,0.6274879852294922,0.055690462720394136,0.59720385389328,0.59720385389328,0.0,2.0,2.0,2950.0,2501.0,0.0,0.21950656175613403,0.5287057161331177,1.0751533508300781,3.579771041870117,14.0
dynamic,3,2,296,0.6623139410018921,0.6188864307403564,0.04342751777768135,0.595353945350647,0.595353945350647,0.0,2.0,2.0,2960.0,2501.0,0.0,0.21950656175613403,0.5287057161331177,1.0751533508300781,3.579771041870117,14.0
dynamic,3,2,297,0.6797263752937317,0.6252565551757813,0.05446981201767921,0.6071187715530395,0.6071187715530395,0.0,2.0,2.0,2970.0,2501.0,0.0,0.21950656175613403,0.5287057161331177,1.0751533508300781,3.579771041870117,14.0
dynamic,3,2,298,0.6640290002822876,0.613239974784851,0.05078902585506439,0.5886500126838684,0.5886500126838684,0.0,2.0,2.0,2980.0,2501.0,0.0,0.21950656175613403,0.5287057161331177,1.0751533508300781,3.579771041870117,14.0
dynamic,3,2,299,0.6731724329948425,0.6143343026161194,0.058838132041692734,0.6071898058891296,0.6071898058891296,0.0,2.0,2.0,2990.0,2501.0,0.0,0.21950656175613403,0.5287057161331177,1.0751533508300781,3.579771041870117,14.0
dynamic,3,2,300,0.6784825438499451,0.6265849395751953,0.05189759222269058,0.596182882976532,0.596182882976532,0.0,2.0,2.0,3000.0,2501.0,0.0,0.21950656175613403,0.5287057161331177,1.0751533508300781,3.579771041870117,14.0
dynamic,3,2,301,0.6716947250366211,0.6175419177055359,0.05415280717611313,0.5906545424461365,0.5906545424461365,0.0,2.0,2.0,3010.0,2501.0,0.0,0.21950656175613403,0.5287057161331177,1.0751533508300781,3.579771041870117,14.0
dynamic,3,2,302,0.6686134223937988,0.6194692193984985,0.0491442045211792,0.6002873656272888,0.6002873656272888,0.0,2.0,2.0,3020.0,2501.0,0.0,0.21950656175613403,0.5287057161331177,1.0751533508300781,3.579771041870117,14.0
dynamic,3,2,303,0.6677051193237304,0.6164462891578675,0.0512588227391243,0.5918350347518921,0.5918350347518921,0.0,2.0,2.0,3030.0,2501.0,0.0,0.21950656175613403,0.5287057161331177,1.0751533508300781,3.579771041870117,14.0
dynamic,3,2,304,0.66824768075943,0.6105336356163025,0.05771404453516007,0.5968836766242981,0.5968836766242981,0.0,2.0,2.0,3040.0,2501.0,0.0,0.21950656175613403,0.5287057161331177,1.0751533508300781,3.579771041870117,14.0
dynamic,3,2,305,0.666790514755249,0.6125952994346618,0.05419520748853684,0.5918372683525085,0.5918372683525085,0.0,2.0,2.0,3050.0,2501.0,0.0,0.21950656175613403,0.5287057161331177,1.0751533508300781,3.579771041870117,14.0
dynamic,3,2,306,0.6596787873268127,0.6097006689071656,0.049978124660253524,0.5893232164382934,0.5893232164382934,0.0,2.0,2.0,3060.0,2501.0,0.0,0.21950656175613403,0.5287057161331177,1.0751533508300781,3.579771041870117,14.0
dynamic,3,2,307,0.6643754154205322,0.6108402780532837,0.053535136717557906,0.5906973822593689,0.5906973822593689,0.0,2.0,2.0,3070.0,2501.0,0.0,0.21950656175613403,0.5287057161331177,1.0751533508300781,3.579771041870117,14.0
dynamic,3,2,308,0.6705211290359497,0.6155613356590272,0.05495979609489441,0.5946246280670165,0.5946246280670165,0.0,2.0,2.0,3080.0,2501.0,0.0,0.21950656175613403,0.5287057161331177,1.0751533508300781,3.579771041870117,14.0
dynamic,3,2,309,0.6622923040390014,0.6096670205116272,0.05262528065443039,0.5992268829345703,0.5992268829345703,0.0,2.0,2.0,3090.0,2501.0,0.0,0.21950656175613403,0.5287057161331177,1.0751533508300781,3.579771041870117,14.0
dynamic,3,2,310,0.6636918565750122,0.6105723718643189,0.053119480335712434,0.5862631298065185,0.5862631298065185,0.0,2.0,2.0,3100.0,2501.0,0.0,0.21950656175613403,0.5287057161331177,1.0751533508300781,3.579771041870117,14.0
dynamic,3,2,311,0.6727233952522278,0.6145078378677368,0.058215561717748644,0.5924283971786499,0.5924283971786499,0.0,2.0,2.0,3110.0,2501.0,0.0,0.21950656175613403,0.5287057161331177,1.0751533508300781,3.579771041870117,14.0
dynamic,3,2,312,0.6610500624656678,0.6115483197212219,0.04950174866914749,0.6091727579116821,0.6091727579116821,0.0,2.0,2.0,3120.0,2501.0,0.0,0.21950656175613403,0.5287057161331177,1.0751533508300781,3.579771041870117,14.0
dynamic,3,2,313,0.6571360548973083,0.6048173522949218,0.0523186999976635,0.583006624698639,0.583006624698639,0.0,2.0,2.0,3130.0,2501.0,0.0,0.21950656175613403,0.5287057161331177,1.0751533508300781,3.579771041870117,14.0
dynamic,3,2,314,0.6649188919067383,0.6124449263572693,0.052473963594436644,0.5877811756134034,0.5877811756134034,0.0,2.0,2.0,3140.0,2501.0,0.0,0.21950656175613403,0.5287057161331177,1.0751533508300781,3.579771041870117,14.0
dynamic,3,2,315,0.6687836826324463,0.6094939568042755,0.05928973597288132,0.5816211441040039,0.5816211441040039,0.0,2.0,2.0,3150.0,2501.0,0.0,0.21950656175613403,0.5287057161331177,1.0751533508300781,3.579771041870117,14.0
dynamic,3,2,316,0.655047604751587,0.6038565288543701,0.05119107744693756,0.5920730957984924,0.5920730957984924,0.0,2.0,2.0,3160.0,2501.0,0.0,0.21950656175613403,0.5287057161331177,1.0751533508300781,3.579771041870117,14.0
dynamic,3,2,317,0.6707022047042847,0.610669832611084,0.06003236556053162,0.5890863898277283,0.5890863898277283,0.0,2.0,2.0,3170.0,2501.0,0.0,0.21950656175613403,0.5287057161331177,1.0751533508300781,3.579771041870117,14.0
dynamic,3,2,318,0.6435785318374634,0.5967542033195495,0.04682432811260223,0.585013327407837,0.585013327407837,0.0,2.0,2.0,3180.0,2501.0,0.0,0.21950656175613403,0.5287057161331177,1.0751533508300781,3.579771041870117,14.0
dynamic,3,2,319,0.6532981425285339,0.5987894626617432,0.05450868951678276,0.5808309485435486,0.5808309485435486,0.0,2.0,2.0,3190.0,2501.0,0.0,0.21950656175613403,0.5287057161331177,1.0751533508300781,3.579771041870117,14.0
dynamic,3,2,320,0.651402376461029,0.5995570376396179,0.051845344430208204,0.5749375475883484,0.5749375475883484,0.0,2.0,2.0,3200.0,2501.0,0.0,0.21950656175613403,0.5287057161331177,1.0751533508300781,3.579771041870117,14.0
dynamic,3,2,321,0.6462895131111145,0.5917281821250916,0.054561340636014935,0.5791909663200379,0.5791909663200379,0.0,2.0,2.0,3210.0,2501.0,0.0,0.21950656175613403,0.5287057161331177,1.0751533508300781,3.579771041870117,14.0
dynamic,3,2,322,0.6428644720077514,0.5916114551544189,0.051253013014793396,0.5787383596420288,0.5787383596420288,0.0,2.0,2.0,3220.0,2501.0,0.0,0.21950656175613403,0.5287057161331177,1.0751533508300781,3.579771041870117,14.0
dynamic,3,2,323,0.6572165887832642,0.6003779372215271,0.056838651472330096,0.5827678340911865,0.5827678340911865,0.0,2.0,2.0,3230.0,2501.0,0.0,0.21950656175613403,0.5287057161331177,1.0751533508300781,3.579771041870117,14.0
dynamic,3,2,324,0.651979513835907,0.6001807221412658,0.05179879645109177,0.5766017322540283,0.5766017322540283,0.0,2.0,2.0,3240.0,2501.0,0.0,0.21950656175613403,0.5287057161331177,1.0751533508300781,3.579771041870117,14.0
dynamic,3,2,325,0.646991293334961,0.5932324256896973,0.053758863270282745,0.5913361927986145,0.5913361927986145,0.0,2.0,2.0,3250.0,2501.0,0.0,0.21950656175613403,0.5287057161331177,1.0751533508300781,3.579771041870117,14.0
dynamic,3,2,326,0.6447689221382141,0.5938917669296264,0.050877151662111285,0.5828407675743102,0.5828407675743102,0.0,2.0,2.0,3260.0,2501.0,0.0,0.21950656175613403,0.5287057161331177,1.0751533508300781,3.579771041870117,14.0
dynamic,3,2,327,0.646575769996643,0.5861008720397949,0.060474894660711286,0.5919668629646301,0.5919668629646301,0.0,2.0,2.0,3270.0,2501.0,0.0,0.21950656175613403,0.5287057161331177,1.0751533508300781,3.579771041870117,14.0
dynamic,3,2,328,0.656217255115509,0.5986599471092224,0.05755730937719345,0.5675358630180359,0.5675358630180359,0.0,2.0,2.0,3280.0,2501.0,0.0,0.21950656175613403,0.5287057161331177,1.0751533508300781,3.579771041870117,14.0
dynamic,3,2,329,0.6499947253227234,0.6017303963661194,0.0482643378674984,0.5834042612075806,0.5834042612075806,0.0,2.0,2.0,3290.0,2501.0,0.0,0.21950656175613403,0.5287057161331177,1.0751533508300781,3.579771041870117,14.0
dynamic,3,2,330,0.6578885083198547,0.6102410062789917,0.047647512477636336,0.5727125377655029,0.5727125377655029,0.0,2.0,2.0,3300.0,2501.0,0.0,0.21950656175613403,0.5287057161331177,1.0751533508300781,3.579771041870117,14.0
dynamic,3,2,331,0.6552713583946228,0.5976900713920593,0.05758129034638405,0.5779666962623596,0.5779666962623596,0.0,2.0,2.0,3310.0,2501.0,0.0,0.21950656175613403,0.5287057161331177,1.0751533508300781,3.579771041870117,14.0
dynamic,3,2,332,0.6424266236305237,0.5899632127761841,0.05246341053843498,0.5675063866615295,0.5675063866615295,0.0,2.0,2.0,3320.0,2501.0,0.0,0.21950656175613403,0.5287057161331177,1.0751533508300781,3.579771041870117,14.0
dynamic,3,2,333,0.6406969910621643,0.5945261660575867,0.04617082913517952,0.5705779630661011,0.5705779630661011,0.0,2.0,2.0,3330.0,2501.0,0.0,0.21950656175613403,0.5287057161331177,1.0751533508300781,3.579771041870117,14.0
dynamic,3,2,334,0.6500510062217713,0.5908186550140381,0.05923235706686974,0.5696107757568359,0.5696107757568359,0.0,2.0,2.0,3340.0,2501.0,0.0,0.21950656175613403,0.5287057161331177,1.0751533508300781,3.579771041870117,14.0
dynamic,3,2,335,0.6366866849899292,0.5889781388282775,0.047708547151088715,0.579453351020813,0.579453351020813,0.0,2.0,2.0,3350.0,2501.0,0.0,0.21950656175613403,0.5287057161331177,1.0751533508300781,3.579771041870117,14.0
dynamic,3,2,336,0.6404834648132324,0.5883359713554382,0.052147488993406294,0.5759730701446533,0.5759730701446533,0.0,2.0,2.0,3360.0,2501.0,0.0,0.21950656175613403,0.5287057161331177,1.0751533508300781,3.579771041870117,14.0
dynamic,3,2,337,0.6437269830703736,0.5910351756095886,0.05269180887341499,0.5837795907974244,0.5837795907974244,0.0,2.0,2.0,3370.0,2501.0,0.0,0.21950656175613403,0.5287057161331177,1.0751533508300781,3.579771041870117,14.0
dynamic,3,2,338,0.6408964551925659,0.5914220397949219,0.04947443050146103,0.5704900464057923,0.5704900464057923,0.0,2.0,2.0,3380.0,2501.0,0.0,0.21950656175613403,0.5287057161331177,1.0751533508300781,3.579771041870117,14.0
dynamic,3,2,339,0.638254863357544,0.5843661998748779,0.05388865361213684,0.5678744843482971,0.5678744843482971,0.0,2.0,2.0,3390.0,2501.0,0.0,0.21950656175613403,0.5287057161331177,1.0751533508300781,3.579771041870117,14.0
dynamic,3,2,340,0.64752660779953,0.5931714838981629,0.0543551149904728,0.572731125831604,0.572731125831604,0.0,2.0,2.0,3400.0,2501.0,0.0,0.21950656175613403,0.5287057161331177,1.0751533508300781,3.579771041870117,14.0
dynamic,3,2,341,0.6385339893341064,0.5826519351005555,0.05588205748796463,0.5689425757408142,0.5689425757408142,0.0,2.0,2.0,3410.0,2501.0,0.0,0.21950656175613403,0.5287057161331177,1.0751533508300781,3.579771041870117,14.0
dynamic,3,2,342,0.6365100270271301,0.5859716821670532,0.050538345396518705,0.5712200165748597,0.5712200165748597,0.0,2.0,2.0,3420.0,2501.0,0.0,0.21950656175613403,0.5287057161331177,1.0751533508300781,3.579771041870117,14.0
dynamic,3,2,343,0.6296107253074646,0.5784187767028809,0.051191949141025546,0.5669800182342529,0.5669800182342529,0.0,2.0,2.0,3430.0,2501.0,0.0,0.21950656175613403,0.5287057161331177,1.0751533508300781,3.579771041870117,14.0
dynamic,3,2,344,0.6352516254425049,0.5848824484825135,0.0503691779255867,0.565291076374054,0.565291076374054,0.0,2.0,2.0,3440.0,2501.0,0.0,0.21950656175613403,0.5287057161331177,1.0751533508300781,3.579771041870117,14.0
dynamic,3,2,345,0.6381108047485352,0.5898897764205933,0.04822103234529495,0.5729103362083435,0.5729103362083435,0.0,2.0,2.0,3450.0,2501.0,0.0,0.21950656175613403,0.5287057161331177,1.0751533508300781,3.579771041870117,14.0
dynamic,3,2,346,0.6453481905937195,0.5935181202888489,0.051830071514844894,0.564441836643219,0.564441836643219,0.0,2.0,2.0,3460.0,2501.0,0.0,0.21950656175613403,0.5287057161331177,1.0751533508300781,3.579771041870117,14.0
dynamic,3,2,347,0.6342040795326233,0.5806637188911438,0.05354035909175873,0.5624731190681458,0.5624731190681458,0.0,2.0,2.0,3470.0,2501.0,0.0,0.21950656175613403,0.5287057161331177,1.0751533508300781,3.579771041870117,14.0
dynamic,3,2,348,0.6459122606277465,0.5939034749031067,0.05200878332257271,0.5611768217086792,0.5611768217086792,0.0,2.0,2.0,3480.0,2501.0,0.0,0.21950656175613403,0.5287057161331177,1.0751533508300781,3.579771041870117,14.0
dynamic,3,2,349,0.6313469747543335,0.5869933542251586,0.044353623604774475,0.5610837586402893,0.5610837586402893,0.0,2.0,2.0,3490.0,2501.0,0.0,0.21950656175613403,0.5287057161331177,1.0751533508300781,3.579771041870117,14.0
dynamic,3,2,350,0.6429700629234314,0.5921132369995117,0.05085683102011681,0.5594714266777039,0.5594714266777039,0.0,2.0,2.0,3500.0,2501.0,0.0,0.21950656175613403,0.5287057161331177,1.0751533508300781,3.579771041870117,14.0
dynamic,3,2,351,0.6313471297264099,0.579531303691864,0.05181582670807838,0.5708363663673401,0.5708363663673401,0.0,2.0,2.0,3510.0,2501.0,0.0,0.21950656175613403,0.5287057161331177,1.0751533508300781,3.579771041870117,14.0
dynamic,3,2,352,0.6395942464828491,0.5909663594245911,0.04862788355946541,0.5530564554214478,0.5530564554214478,0.0,2.0,2.0,3520.0,2501.0,0.0,0.21950656175613403,0.5287057161331177,1.0751533508300781,3.579771041870117,14.0
dynamic,3,2,353,0.6443647705078125,0.5899765646934509,0.054388196367025375,0.5616512661933899,0.5616512661933899,0.0,2.0,2.0,3530.0,2501.0,0.0,0.21950656175613403,0.5287057161331177,1.0751533508300781,3.579771041870117,14.0
dynamic,3,2,354,0.6286775240898133,0.5849198578834534,0.04375767641663551,0.569337696647644,0.569337696647644,0.0,2.0,2.0,3540.0,2501.0,0.0,0.21950656175613403,0.5287057161331177,1.0751533508300781,3.579771041870117,14.0
dynamic,3,2,355,0.6349875000953674,0.5866848452091217,0.048302645820379256,0.5579370489120483,0.5579370489120483,0.0,2.0,2.0,3550.0,2501.0,0.0,0.21950656175613403,0.5287057161331177,1.0751533508300781,3.579771041870117,14.0
dynamic,3,2,356,0.6368356744766235,0.5863764414787292,0.050459234750270844,0.5658950052261352,0.5658950052261352,0.0,2.0,2.0,3560.0,2501.0,0.0,0.21950656175613403,0.5287057161331177,1.0751533508300781,3.579771041870117,14.0
dynamic,3,2,357,0.6474646713256836,0.5946182380676269,0.05284644070863724,0.5586025656700134,0.5586025656700134,0.0,2.0,2.0,3570.0,2501.0,0.0,0.21950656175613403,0.5287057161331177,1.0751533508300781,3.579771041870117,14.0
dynamic,3,2,358,0.6281436689376831,0.5828069605827332,0.045336711072921754,0.5578009735107422,0.5578009735107422,0.0,2.0,2.0,3580.0,2501.0,0.0,0.21950656175613403,0.5287057161331177,1.0751533508300781,3.579771041870117,14.0
dynamic,3,2,359,0.6306453380584717,0.5791002413749695,0.051545096862316134,0.559533780670166,0.559533780670166,0.0,2.0,2.0,3590.0,2501.0,0.0,0.21950656175613403,0.5287057161331177,1.0751533508300781,3.579771041870117,14.0
dynamic,3,2,360,0.6336599893569946,0.580073640537262,0.0535863467335701,0.5593154372215271,0.5593154372215271,0.0,2.0,2.0,3600.0,2501.0,0.0,0.21950656175613403,0.5287057161331177,1.0751533508300781,3.579771041870117,14.0
dynamic,3,2,361,0.6296699613571167,0.5781062309741973,0.05156372755765915,0.5631665376663209,0.5631665376663209,0.0,2.0,2.0,3610.0,2501.0,0.0,0.21950656175613403,0.5287057161331177,1.0751533508300781,3.579771041870117,14.0
dynamic,3,2,362,0.6278405730247497,0.578516683101654,0.049323881775140764,0.5627049081802368,0.5627049081802368,0.0,2.0,2.0,3620.0,2501.0,0.0,0.21950656175613403,0.5287057161331177,1.0751533508300781,3.579771041870117,14.0
dynamic,3,2,363,0.6250364402770996,0.5753783401489257,0.04965810226202011,0.5532192219734192,0.5532192219734192,0.0,2.0,2.0,3630.0,2501.0,0.0,0.21950656175613403,0.5287057161331177,1.0751533508300781,3.579771041870117,14.0
dynamic,3,2,364,0.628300079536438,0.5815378507137299,0.04676223003268242,0.5595322737693786,0.5595322737693786,0.0,2.0,2.0,3640.0,2501.0,0.0,0.21950656175613403,0.5287057161331177,1.0751533508300781,3.579771041870117,14.0
dynamic,3,2,365,0.6259773594856263,0.5797740263938904,0.04620332797765732,0.5586825595855713,0.5586825595855713,0.0,2.0,2.0,3650.0,2501.0,0.0,0.21950656175613403,0.5287057161331177,1.0751533508300781,3.579771041870117,14.0
dynamic,3,2,366,0.6201356937408448,0.5721792285919189,0.04795646021366119,0.5529533104896546,0.5529533104896546,0.0,2.0,2.0,3660.0,2501.0,0.0,0.21950656175613403,0.5287057161331177,1.0751533508300781,3.579771041870117,14.0
dynamic,3,2,367,0.634288085269928,0.5843609859466553,0.04992710416913033,0.5604052089691162,0.5604052089691162,0.0,2.0,2.0,3670.0,2501.0,0.0,0.21950656175613403,0.5287057161331177,1.0751533508300781,3.579771041870117,14.0
dynamic,3,2,368,0.6253268187522888,0.5744623973846436,0.050864428478479384,0.564909224319458,0.564909224319458,0.0,2.0,2.0,3680.0,2501.0,0.0,0.21950656175613403,0.5287057161331177,1.0751533508300781,3.579771041870117,14.0
dynamic,3,2,369,0.6450552629470825,0.5933557049751281,0.05169955691695213,0.5557108016967773,0.5557108016967773,0.0,2.0,2.0,3690.0,2501.0,0.0,0.21950656175613403,0.5287057161331177,1.0751533508300781,3.579771041870117,14.0
dynamic,3,2,370,0.6277503794670105,0.5785811900138855,0.04916920222043991,0.5637197491645813,0.5637197491645813,0.0,2.0,2.0,3700.0,2501.0,0.0,0.21950656175613403,0.5287057161331177,1.0751533508300781,3.579771041870117,14.0
dynamic,3,2,371,0.6187082874298095,0.5707364043235779,0.04797187648415566,0.5568773742675781,0.5568773742675781,0.0,2.0,2.0,3710.0,2501.0,0.0,0.21950656175613403,0.5287057161331177,1.0751533508300781,3.579771041870117,14.0
dynamic,3,2,372,0.6293965009689331,0.5796934561729431,0.04970304136276245,0.551956605052948,0.551956605052948,0.0,2.0,2.0,3720.0,2501.0,0.0,0.21950656175613403,0.5287057161331177,1.0751533508300781,3.579771041870117,14.0
dynamic,3,2,373,0.6344680258750915,0.5857339646339417,0.04873406027555466,0.5535013314247131,0.5535013314247131,0.0,2.0,2.0,3730.0,2501.0,0.0,0.21950656175613403,0.5287057161331177,1.0751533508300781,3.579771041870117,14.0
dynamic,3,2,374,0.6136820784568786,0.5650055170059204,0.048676555997133254,0.5629089983940124,0.5629089983940124,0.0,2.0,2.0,3740.0,2501.0,0.0,0.21950656175613403,0.5287057161331177,1.0751533508300781,3.579771041870117,14.0
dynamic,3,2,375,0.6292529465675354,0.5809312406539917,0.04832170485854149,0.5490898894309998,0.5490898894309998,0.0,2.0,2.0,3750.0,2501.0,0.0,0.21950656175613403,0.5287057161331177,1.0751533508300781,3.579771041870117,14.0
dynamic,3,2,376,0.6248732980728149,0.5773016760826111,0.04757162380814552,0.5494429274559021,0.5494429274559021,0.0,2.0,2.0,3760.0,2501.0,0.0,0.21950656175613403,0.5287057161331177,1.0751533508300781,3.579771041870117,14.0
dynamic,3,2,377,0.6224635528564453,0.5771542206764221,0.045309336084127426,0.5627870224952698,0.5627870224952698,0.0,2.0,2.0,3770.0,2501.0,0.0,0.21950656175613403,0.5287057161331177,1.0751533508300781,3.579771041870117,14.0
dynamic,3,2,378,0.6198953110694885,0.573323550415039,0.04657175715565681,0.5470726221084595,0.5470726221084595,0.0,2.0,2.0,3780.0,2501.0,0.0,0.21950656175613403,0.5287057161331177,1.0751533508300781,3.579771041870117,14.0
dynamic,3,2,379,0.6132297815322876,0.5697422050952912,0.04348757924437523,0.5548094479560852,0.5548094479560852,0.0,2.0,2.0,3790.0,2501.0,0.0,0.21950656175613403,0.5287057161331177,1.0751533508300781,3.579771041870117,14.0
dynamic,3,2,380,0.6140507072448731,0.567302034854889,0.04674867402911186,0.5515655467987061,0.5515655467987061,0.0,2.0,2.0,3800.0,2501.0,0.0,0.21950656175613403,0.5287057161331177,1.0751533508300781,3.579771041870117,14.0
dynamic,3,2,381,0.6216136829376221,0.5753905722618103,0.04622311592698097,0.5510092734336853,0.5510092734336853,0.0,2.0,2.0,3810.0,2501.0,0.0,0.21950656175613403,0.5287057161331177,1.0751533508300781,3.579771041870117,14.0
dynamic,3,2,382,0.6204582510948181,0.5731637111663819,0.047294535708427426,0.5492453048706055,0.5492453048706055,0.0,2.0,2.0,3820.0,2501.0,0.0,0.21950656175613403,0.5287057161331177,1.0751533508300781,3.579771041870117,14.0
dynamic,3,2,383,0.6306504112243653,0.5852369020462036,0.045413505005836484,0.5583980725288391,0.5583980725288391,0.0,2.0,2.0,3830.0,2501.0,0.0,0.21950656175613403,0.5287057161331177,1.0751533508300781,3.579771041870117,14.0
dynamic,3,2,384,0.6230757828712463,0.5735271060943603,0.049548680007457734,0.5535353652954101,0.5535353652954101,0.0,2.0,2.0,3840.0,2501.0,0.0,0.21950656175613403,0.5287057161331177,1.0751533508300781,3.579771041870117,14.0
dynamic,3,2,385,0.6278290314674377,0.578138357257843,0.04969068033695221,0.5567306558609009,0.5567306558609009,0.0,2.0,2.0,3850.0,2501.0,0.0,0.21950656175613403,0.5287057161331177,1.0751533508300781,3.579771041870117,14.0
dynamic,3,2,386,0.6254421573638916,0.5769354669570923,0.04850668425559997,0.5568152270317077,0.5568152270317077,0.0,2.0,2.0,3860.0,2501.0,0.0,0.21950656175613403,0.5287057161331177,1.0751533508300781,3.579771041870117,14.0
dynamic,3,2,387,0.6194239401817322,0.5796773380279541,0.039746604084968565,0.5592050825119018,0.5592050825119018,0.0,2.0,2.0,3870.0,2501.0,0.0,0.21950656175613403,0.5287057161331177,1.0751533508300781,3.579771041870117,14.0
dynamic,3,2,388,0.6210878458023071,0.5753098324775696,0.045778004145622254,0.5641852523803711,0.5641852523803711,0.0,2.0,2.0,3880.0,2501.0,0.0,0.21950656175613403,0.5287057161331177,1.0751533508300781,3.579771041870117,14.0
dynamic,3,2,389,0.6186265657424926,0.5756959603309632,0.042930610662698744,0.5521296655654907,0.5521296655654907,0.0,2.0,2.0,3890.0,2501.0,0.0,0.21950656175613403,0.5287057161331177,1.0751533508300781,3.579771041870117,14.0
dynamic,3,2,390,0.6278209023475647,0.5753620530128479,0.05245884978175163,0.5629653577804565,0.5629653577804565,0.0,2.0,2.0,3900.0,2501.0,0.0,0.21950656175613403,0.5287057161331177,1.0751533508300781,3.579771041870117,14.0
dynamic,3,2,391,0.6182654089927674,0.5707919470787048,0.04747346495687962,0.5480435380935669,0.5480435380935669,0.0,2.0,2.0,3910.0,2501.0,0.0,0.21950656175613403,0.5287057161331177,1.0751533508300781,3.579771041870117,14.0
dynamic,3,2,392,0.6164651515007019,0.5720586458206177,0.04440650619864464,0.5531077127456665,0.5531077127456665,0.0,2.0,2.0,3920.0,2501.0,0.0,0.21950656175613403,0.5287057161331177,1.0751533508300781,3.579771041870117,14.0
dynamic,3,2,393,0.6147371582984924,0.5719433686256409,0.04279379043579101,0.5499954280853272,0.5499954280853272,0.0,2.0,2.0,3930.0,2501.0,0.0,0.21950656175613403,0.5287057161331177,1.0751533508300781,3.579771041870117,14.0
dynamic,3,2,394,0.6190355611801147,0.5757246171951294,0.043310942101478574,0.5452217499732971,0.5452217499732971,0.0,2.0,2.0,3940.0,2501.0,0.0,0.21950656175613403,0.5287057161331177,1.0751533508300781,3.579771041870117,14.0
dynamic,3,2,395,0.6077212627410888,0.5676995491981507,0.04002171444296837,0.5501889773368835,0.5501889773368835,0.0,2.0,2.0,3950.0,2501.0,0.0,0.21950656175613403,0.5287057161331177,1.0751533508300781,3.579771041870117,14.0
dynamic,3,2,396,0.6179831122398376,0.5741633310317993,0.04381977754831314,0.5511244136810303,0.5511244136810303,0.0,2.0,2.0,3960.0,2501.0,0.0,0.21950656175613403,0.5287057161331177,1.0751533508300781,3.579771041870117,14.0
dynamic,3,2,397,0.6185911124229431,0.5728659658432007,0.04572514496445656,0.5511171468734741,0.5511171468734741,0.0,2.0,2.0,3970.0,2501.0,0.0,0.21950656175613403,0.5287057161331177,1.0751533508300781,3.579771041870117,14.0
dynamic,3,2,398,0.6241537236213685,0.5765417291641235,0.04761199398636818,0.5540715071678162,0.5540715071678162,0.0,2.0,2.0,3980.0,2501.0,0.0,0.21950656175613403,0.5287057161331177,1.0751533508300781,3.579771041870117,14.0
dynamic,3,2,399,0.6092119799613953,0.5686258729934692,0.04058610766530037,0.5464093553543091,0.5464093553543091,0.0,2.0,2.0,3990.0,2501.0,0.0,0.21950656175613403,0.5287057161331177,1.0751533508300781,3.579771041870117,14.0
dynamic,3,2,400,0.6097417147636414,0.5651995310783386,0.04454218870997429,0.5426319175720214,0.5426319175720214,0.0,2.0,2.0,4000.0,2501.0,0.0,0.21950656175613403,0.5287057161331177,1.0751533508300781,3.579771041870117,14.0
dynamic,3,2,401,0.6131158065795899,0.5697562532424927,0.043359546941518785,0.5520685196876526,0.5520685196876526,0.0,2.0,2.0,4010.0,2501.0,0.0,0.21950656175613403,0.5287057161331177,1.0751533508300781,3.579771041870117,14.0
dynamic,3,2,402,0.6196306872367859,0.5741546921730042,0.045476004445552824,0.5629649266242981,0.5629649266242981,0.0,2.0,2.0,4020.0,2501.0,0.0,0.21950656175613403,0.5287057161331177,1.0751533508300781,3.579771041870117,14.0
dynamic,3,2,403,0.6049585333824158,0.560376254940033,0.04458226973414421,0.5443974401473999,0.5443974401473999,0.0,2.0,2.0,4030.0,2501.0,0.0,0.21950656175613403,0.5287057161331177,1.0751533508300781,3.579771041870117,14.0
dynamic,3,2,404,0.6188802613258362,0.5738371319770813,0.04504312005639076,0.5539550975799561,0.5539550975799561,0.0,2.0,2.0,4040.0,2501.0,0.0,0.21950656175613403,0.5287057161331177,1.0751533508300781,3.579771041870117,14.0
dynamic,3,2,405,0.6179458769798278,0.578145119857788,0.03980075826644897,0.550761157989502,0.550761157989502,0.0,2.0,2.0,4050.0,2501.0,0.0,0.21950656175613403,0.5287057161331177,1.0751533508300781,3.579771041870117,14.0
dynamic,3,2,406,0.6139457304000855,0.568933112335205,0.045012618267536164,0.5415058299064637,0.5415058299064637,0.0,2.0,2.0,4060.0,2501.0,0.0,0.21950656175613403,0.5287057161331177,1.0751533508300781,3.579771041870117,14.0
dynamic,3,2,407,0.6088695355415344,0.5687240222930908,0.04014551475048065,0.5552912649154663,0.5552912649154663,0.0,2.0,2.0,4070.0,2501.0,0.0,0.21950656175613403,0.5287057161331177,1.0751533508300781,3.579771041870117,14.0
dynamic,3,2,408,0.6251724077224732,0.5828869108200073,0.04228549492955208,0.5480847578048706,0.5480847578048706,0.0,2.0,2.0,4080.0,2501.0,0.0,0.21950656175613403,0.5287057161331177,1.0751533508300781,3.579771041870117,14.0
dynamic,3,2,409,0.6060245240211487,0.5679564385890961,0.03806808924674988,0.5550627507209778,0.5550627507209778,0.0,2.0,2.0,4090.0,2501.0,0.0,0.21950656175613403,0.5287057161331177,1.0751533508300781,3.579771041870117,14.0
dynamic,3,2,410,0.6193110380172729,0.575027682685852,0.04428336783051491,0.5431604444503784,0.5431604444503784,0.0,2.0,2.0,4100.0,2501.0,0.0,0.21950656175613403,0.5287057161331177,1.0751533508300781,3.579771041870117,14.0
dynamic,3,2,411,0.6029704717636108,0.5617426981925965,0.041227780908346175,0.5503535398483277,0.5503535398483277,0.0,2.0,2.0,4110.0,2501.0,0.0,0.21950656175613403,0.5287057161331177,1.0751533508300781,3.579771041870117,14.0
dynamic,3,2,412,0.6213349830627442,0.571550546836853,0.0497844339132309,0.5409401752471924,0.5409401752471924,0.0,2.0,2.0,4120.0,2501.0,0.0,0.21950656175613403,0.5287057161331177,1.0751533508300781,3.579771041870117,14.0
dynamic,3,2,413,0.6051991449356079,0.5622785767555237,0.04292056815624237,0.548541003704071,0.548541003704071,0.0,2.0,2.0,4130.0,2501.0,0.0,0.21950656175613403,0.5287057161331177,1.0751533508300781,3.579771041870117,14.0
dynamic,3,2,414,0.6081053731918334,0.563179647064209,0.044925727719068526,0.5550682242393493,0.5550682242393493,0.0,2.0,2.0,4140.0,2501.0,0.0,0.21950656175613403,0.5287057161331177,1.0751533508300781,3.579771041870117,14.0
dynamic,3,2,415,0.6121962251663208,0.5715454307079315,0.04065078677535057,0.5502385358810424,0.5502385358810424,0.0,2.0,2.0,4150.0,2501.0,0.0,0.21950656175613403,0.5287057161331177,1.0751533508300781,3.579771041870117,14.0
dynamic,3,2,416,0.6218526342391968,0.575005023765564,0.04684760266542435,0.5459850545883179,0.5459850545883179,0.0,2.0,2.0,4160.0,2501.0,0.0,0.21950656175613403,0.5287057161331177,1.0751533508300781,3.579771041870117,14.0
dynamic,3,2,417,0.615267541027069,0.5735629506111145,0.0417045924782753,0.5410525723457337,0.5410525723457337,0.0,2.0,2.0,4170.0,2501.0,0.0,0.21950656175613403,0.5287057161331177,1.0751533508300781,3.579771041870117,14.0
dynamic,3,2,418,0.6112482192993164,0.5699820606231689,0.041266152215003966,0.548283204460144,0.548283204460144,0.0,2.0,2.0,4180.0,2501.0,0.0,0.21950656175613403,0.5287057161331177,1.0751533508300781,3.579771041870117,14.0
dynamic,3,2,419,0.6087233188629151,0.5673841075420379,0.0413392119705677,0.5499974111557007,0.5499974111557007,0.0,2.0,2.0,4190.0,2501.0,0.0,0.21950656175613403,0.5287057161331177,1.0751533508300781,3.579771041870117,14.0
dynamic,3,2,420,0.6145824237823486,0.5680116748809815,0.04657075677514076,0.5393071481704712,0.5393071481704712,0.0,2.0,2.0,4200.0,2501.0,0.0,0.21950656175613403,0.5287057161331177,1.0751533508300781,3.579771041870117,14.0
dynamic,3,2,421,0.6101281897544861,0.5711663847923278,0.03896180139183998,0.5502424567222596,0.5502424567222596,0.0,2.0,2.0,4210.0,2501.0,0.0,0.21950656175613403,0.5287057161331177,1.0751533508300781,3.579771041870117,14.0
dynamic,3,2,422,0.6087145690917969,0.5665635397911072,0.04215103001594543,0.5448631875038147,0.5448631875038147,0.0,2.0,2.0,4220.0,2501.0,0.0,0.21950656175613403,0.5287057161331177,1.0751533508300781,3.579771041870117,14.0
dynamic,3,2,423,0.6142141998291015,0.5682504001617432,0.04596380130648613,0.5496707166671753,0.5496707166671753,0.0,2.0,2.0,4230.0,2501.0,0.0,0.21950656175613403,0.5287057161331177,1.0751533508300781,3.579771041870117,14.0
dynamic,3,2,424,0.6193456824302673,0.569731252861023,0.04961442667245865,0.5389796710014343,0.5389796710014343,0.0,2.0,2.0,4240.0,2501.0,0.0,0.21950656175613403,0.5287057161331177,1.0751533508300781,3.579771041870117,14.0
dynamic,3,2,425,0.6106225094795227,0.5669021263122559,0.04372037468552589,0.5462423634529113,0.5462423634529113,0.0,2.0,2.0,4250.0,2501.0,0.0,0.21950656175613403,0.5287057161331177,1.0751533508300781,3.579771041870117,14.0
dynamic,3,2,426,0.6007045447349548,0.5625702794075013,0.03813427165746689,0.542131421661377,0.542131421661377,0.0,2.0,2.0,4260.0,2501.0,0.0,0.21950656175613403,0.5287057161331177,1.0751533508300781,3.579771041870117,14.0
dynamic,3,2,427,0.602152712059021,0.5595490578651429,0.04260365480184555,0.5398488108634949,0.5398488108634949,0.0,2.0,2.0,4270.0,2501.0,0.0,0.21950656175613403,0.5287057161331177,1.0751533508300781,3.579771041870117,14.0
dynamic,3,2,428,0.6136451078414917,0.5660039860725403,0.04764112998247146,0.5393309062004089,0.5393309062004089,0.0,2.0,2.0,4280.0,2501.0,0.0,0.21950656175613403,0.5287057161331177,1.0751533508300781,3.579771041870117,14.0
dynamic,3,2,429,0.6163412204742431,0.56886412358284,0.04747709302902222,0.5459064769744874,0.5459064769744874,0.0,2.0,2.0,4290.0,2501.0,0.0,0.21950656175613403,0.5287057161331177,1.0751533508300781,3.579771041870117,14.0
dynamic,3,2,430,0.6055580577850341,0.5606502791404724,0.044907781875133515,0.5567772281646729,0.5567772281646729,0.0,2.0,2.0,4300.0,2501.0,0.0,0.21950656175613403,0.5287057161331177,1.0751533508300781,3.579771041870117,14.0
dynamic,3,2,431,0.6067345375061035,0.5673454060554505,0.03938913048505783,0.5486680747032165,0.5486680747032165,0.0,2.0,2.0,4310.0,2501.0,0.0,0.21950656175613403,0.5287057161331177,1.0751533508300781,3.579771041870117,14.0
dynamic,3,2,432,0.6137547380447388,0.569065351009369,0.04468937917947769,0.5496702168464661,0.5496702168464661,0.0,2.0,2.0,4320.0,2501.0,0.0,0.21950656175613403,0.5287057161331177,1.0751533508300781,3.579771041870117,14.0
dynamic,3,2,433,0.6097601070404053,0.5692830527305603,0.04047705612778664,0.5442705659866333,0.5442705659866333,0.0,2.0,2.0,4330.0,2501.0,0.0,0.21950656175613403,0.5287057161331177,1.0751533508300781,3.579771041870117,14.0
dynamic,3,2,434,0.6075808110237122,0.5618388743400574,0.045741933858394625,0.5460677868843079,0.5460677868843079,0.0,2.0,2.0,4340.0,2501.0,0.0,0.21950656175613403,0.5287057161331177,1.0751533508300781,3.579771041870117,14.0
dynamic,3,2,435,0.5963811356544495,0.5569623406410217,0.03941879832446575,0.541849043560028,0.541849043560028,0.0,2.0,2.0,4350.0,2501.0,0.0,0.21950656175613403,0.5287057161331177,1.0751533508300781,3.579771041870117,14.0
dynamic,3,2,436,0.6029118946075439,0.5622495081901551,0.04066238733530045,0.5394230760574341,0.5394230760574341,0.0,2.0,2.0,4360.0,2501.0,0.0,0.21950656175613403,0.5287057161331177,1.0751533508300781,3.579771041870117,14.0
dynamic,3,2,437,0.6081092926979065,0.5674381017208099,0.04067119086384773,0.5590644762039184,0.5590644762039184,0.0,2.0,2.0,4370.0,2501.0,0.0,0.21950656175613403,0.5287057161331177,1.0751533508300781,3.579771041870117,14.0
dynamic,3,2,438,0.6017066464424133,0.5605311228752137,0.041175527024269104,0.537254769039154,0.537254769039154,0.0,2.0,2.0,4380.0,2501.0,0.0,0.21950656175613403,0.5287057161331177,1.0751533508300781,3.579771041870117,14.0
dynamic,3,2,439,0.615423859500885,0.5706283765792847,0.044795480632781985,0.5424061958312988,0.5424061958312988,0.0,2.0,2.0,4390.0,2501.0,0.0,0.21950656175613403,0.5287057161331177,1.0751533508300781,3.579771041870117,14.0
dynamic,3,2,440,0.6244799587249756,0.5808117790222168,0.0436681777715683,0.5425252003669738,0.5425252003669738,0.0,2.0,2.0,4400.0,2501.0,0.0,0.21950656175613403,0.5287057161331177,1.0751533508300781,3.579771041870117,14.0
dynamic,3,2,441,0.6101480597496033,0.5656083179473876,0.04453973812460899,0.5430756439208985,0.5430756439208985,0.0,2.0,2.0,4410.0,2501.0,0.0,0.21950656175613403,0.5287057161331177,1.0751533508300781,3.579771041870117,14.0
dynamic,3,2,442,0.6104903226852417,0.5680094494819641,0.04248087582588196,0.5517778316497802,0.5517778316497802,0.0,2.0,2.0,4420.0,2501.0,0.0,0.21950656175613403,0.5287057161331177,1.0751533508300781,3.579771041870117,14.0
dynamic,3,2,443,0.6070645926475525,0.5635775981903076,0.04348698952198029,0.5390254188537598,0.5390254188537598,0.0,2.0,2.0,4430.0,2501.0,0.0,0.21950656175613403,0.5287057161331177,1.0751533508300781,3.579771041870117,14.0
dynamic,3,2,444,0.5968181635379791,0.5559648236274719,0.04085334202051163,0.5365553252220154,0.5365553252220154,0.0,2.0,2.0,4440.0,2501.0,0.0,0.21950656175613403,0.5287057161331177,1.0751533508300781,3.579771041870117,14.0
dynamic,3,2,445,0.6040000932693481,0.5610834491729736,0.04291663940548897,0.5394588452339172,0.5394588452339172,0.0,2.0,2.0,4450.0,2501.0,0.0,0.21950656175613403,0.5287057161331177,1.0751533508300781,3.579771041870117,14.0
dynamic,3,2,446,0.6087548441886902,0.5666334359169006,0.04212141401767731,0.5425403730392456,0.5425403730392456,0.0,2.0,2.0,4460.0,2501.0,0.0,0.21950656175613403,0.5287057161331177,1.0751533508300781,3.579771041870117,14.0
dynamic,3,2,447,0.6128681546211243,0.5671851462364197,0.04568300111293793,0.5419409644126892,0.5419409644126892,0.0,2.0,2.0,4470.0,2501.0,0.0,0.21950656175613403,0.5287057161331177,1.0751533508300781,3.579771041870117,14.0
dynamic,3,2,448,0.6082159090995789,0.5644811803817749,0.0437347334086895,0.5435263610839843,0.5435263610839843,0.0,2.0,2.0,4480.0,2501.0,0.0,0.21950656175613403,0.5287057161331177,1.0751533508300781,3.579771041870117,14.0
dynamic,3,2,449,0.6050980587959289,0.5632992421150208,0.041798801285028456,0.5396915246009827,0.5396915246009827,0.0,2.0,2.0,4490.0,2501.0,0.0,0.21950656175613403,0.5287057161331177,1.0751533508300781,3.579771041870117,14.0
dynamic,3,2,450,0.6046178935050964,0.5602086699485779,0.04440921877622604,0.5457404311180115,0.5457404311180115,0.0,2.0,2.0,4500.0,2501.0,0.0,0.21950656175613403,0.5287057161331177,1.0751533508300781,3.579771041870117,14.0
dynamic,3,2,451,0.6149643483161926,0.5696982253074646,0.045266123527288434,0.5458132334709167,0.5458132334709167,0.0,2.0,2.0,4510.0,2501.0,0.0,0.21950656175613403,0.5287057161331177,1.0751533508300781,3.579771041870117,14.0
dynamic,3,2,452,0.6121958305358887,0.5699375541687012,0.04225827625393867,0.5481253420829773,0.5481253420829773,0.0,2.0,2.0,4520.0,2501.0,0.0,0.21950656175613403,0.5287057161331177,1.0751533508300781,3.579771041870117,14.0
dynamic,3,2,453,0.6160124651908875,0.5759487048149109,0.0400637618124485,0.5365912412643432,0.5365912412643432,0.0,2.0,2.0,4530.0,2501.0,0.0,0.21950656175613403,0.5287057161331177,1.0751533508300781,3.579771041870117,14.0
dynamic,3,2,454,0.6008363434791565,0.5607929869651794,0.040043357342481614,0.5482500101089478,0.5482500101089478,0.0,2.0,2.0,4540.0,2501.0,0.0,0.21950656175613403,0.5287057161331177,1.0751533508300781,3.579771041870117,14.0
dynamic,3,2,455,0.6018029147148133,0.562585994720459,0.03921691768169403,0.5373814786911011,0.5373814786911011,0.0,2.0,2.0,4550.0,2501.0,0.0,0.21950656175613403,0.5287057161331177,1.0751533508300781,3.579771041870117,14.0
dynamic,3,2,456,0.6021194373130798,0.5583376201152801,0.04378182179927826,0.5372513421058654,0.5372513421058654,0.0,2.0,2.0,4560.0,2501.0,0.0,0.21950656175613403,0.5287057161331177,1.0751533508300781,3.579771041870117,14.0
dynamic,3,2,457,0.6050288515090942,0.5609747478485108,0.04405409879088402,0.533369183921814,0.533369183921814,0.0,2.0,2.0,4570.0,2501.0,0.0,0.21950656175613403,0.5287057161331177,1.0751533508300781,3.579771041870117,14.0
dynamic,3,2,458,0.6067763919830322,0.5645186916828155,0.04225768566727638,0.5505524865150452,0.5505524865150452,0.0,2.0,2.0,4580.0,2501.0,0.0,0.21950656175613403,0.5287057161331177,1.0751533508300781,3.579771041870117,14.0
dynamic,3,2,459,0.6112547734260559,0.5686061304092407,0.04264864119887352,0.5415095018386841,0.5415095018386841,0.0,2.0,2.0,4590.0,2501.0,0.0,0.21950656175613403,0.5287057161331177,1.0751533508300781,3.579771041870117,14.0
dynamic,3,2,460,0.6153918045043946,0.5748538665771484,0.04053793779015541,0.5370498118400574,0.5370498118400574,0.0,2.0,2.0,4600.0,2501.0,0.0,0.21950656175613403,0.5287057161331177,1.0751533508300781,3.579771041870117,14.0
dynamic,3,2,461,0.6127493516921997,0.5721859982490539,0.04056335030198097,0.538579730796814,0.538579730796814,0.0,2.0,2.0,4610.0,2501.0,0.0,0.21950656175613403,0.5287057161331177,1.0751533508300781,3.579771041870117,14.0
dynamic,3,2,462,0.606601482963562,0.5666232806682586,0.03997820299267769,0.5361622133255005,0.5361622133255005,0.0,2.0,2.0,4620.0,2501.0,0.0,0.21950656175613403,0.5287057161331177,1.0751533508300781,3.579771041870117,14.0
dynamic,3,2,463,0.6043555317878723,0.5638576642036438,0.04049786656498909,0.5522685775756836,0.5522685775756836,0.0,2.0,2.0,4630.0,2501.0,0.0,0.21950656175613403,0.5287057161331177,1.0751533508300781,3.579771041870117,14.0
dynamic,3,2,464,0.6082688523292541,0.5650838516235351,0.04318500732779503,0.5358373320579529,0.5358373320579529,0.0,2.0,2.0,4640.0,2501.0,0.0,0.21950656175613403,0.5287057161331177,1.0751533508300781,3.579771041870117,14.0
dynamic,3,2,465,0.6087682844161987,0.5684121987342835,0.040356085950136185,0.5401666650772095,0.5401666650772095,0.0,2.0,2.0,4650.0,2501.0,0.0,0.21950656175613403,0.5287057161331177,1.0751533508300781,3.579771041870117,14.0
dynamic,3,2,466,0.614113783454895,0.5766307849884034,0.03748299865722656,0.5430236376762391,0.5430236376762391,0.0,2.0,2.0,4660.0,2501.0,0.0,0.21950656175613403,0.5287057161331177,1.0751533508300781,3.579771041870117,14.0
dynamic,3,2,467,0.6031551449775696,0.5633349278450012,0.039820216190814973,0.5440900292396545,0.5440900292396545,0.0,2.0,2.0,4670.0,2501.0,0.0,0.21950656175613403,0.5287057161331177,1.0751533508300781,3.579771041870117,14.0
dynamic,3,2,468,0.5961542135238648,0.5570104511260986,0.03914376389980316,0.5473191400527954,0.5473191400527954,0.0,2.0,2.0,4680.0,2501.0,0.0,0.21950656175613403,0.5287057161331177,1.0751533508300781,3.579771041870117,14.0
dynamic,3,2,469,0.6092472105979919,0.5660147878646851,0.04323241797685623,0.5447154317855835,0.5447154317855835,0.0,2.0,2.0,4690.0,2501.0,0.0,0.21950656175613403,0.5287057161331177,1.0751533508300781,3.579771041870117,14.0
dynamic,3,2,470,0.5891606898307801,0.5513748286247253,0.037785856124758724,0.543970431137085,0.543970431137085,0.0,2.0,2.0,4700.0,2501.0,0.0,0.21950656175613403,0.5287057161331177,1.0751533508300781,3.579771041870117,14.0
dynamic,3,2,471,0.6122253630638123,0.5726136313438416,0.03961172741055489,0.5346841764450073,0.5346841764450073,0.0,2.0,2.0,4710.0,2501.0,0.0,0.21950656175613403,0.5287057161331177,1.0751533508300781,3.579771041870117,14.0
dynamic,3,2,472,0.6106328055381774,0.570312553024292,0.04032025455832482,0.5399742169380188,0.5399742169380188,0.0,2.0,2.0,4720.0,2501.0,0.0,0.21950656175613403,0.5287057161331177,1.0751533508300781,3.579771041870117,14.0
dynamic,3,2,473,0.6104458875656128,0.5653541460037231,0.04509173949956894,0.5347356550216675,0.5347356550216675,0.0,2.0,2.0,4730.0,2501.0,0.0,0.21950656175613403,0.5287057161331177,1.0751533508300781,3.579771041870117,14.0
dynamic,3,2,474,0.6068780017852783,0.5721761375427246,0.034701868295669555,0.5394879751205445,0.5394879751205445,0.0,2.0,2.0,4740.0,2501.0,0.0,0.21950656175613403,0.5287057161331177,1.0751533508300781,3.579771041870117,14.0
dynamic,3,2,475,0.6018687253952026,0.5603916179656983,0.04147710587978363,0.5364147385597229,0.5364147385597229,0.0,2.0,2.0,4750.0,2501.0,0.0,0.21950656175613403,0.5287057161331177,1.0751533508300781,3.579771041870117,14.0
dynamic,3,2,476,0.6052727632522583,0.5630591942787171,0.042213562643527984,0.5399884476661682,0.5399884476661682,0.0,2.0,2.0,4760.0,2501.0,0.0,0.21950656175613403,0.5287057161331177,1.0751533508300781,3.579771041870117,14.0
dynamic,3,2,477,0.6089829563140869,0.5690544867515563,0.03992847155928612,0.5429187582969666,0.5429187582969666,0.0,2.0,2.0,4770.0,2501.0,0.0,0.21950656175613403,0.5287057161331177,1.0751533508300781,3.579771041870117,14.0
dynamic,3,2,478,0.6005817578315735,0.5608097855567932,0.03977197916507721,0.5332613068580627,0.5332613068580627,0.0,2.0,2.0,4780.0,2501.0,0.0,0.21950656175613403,0.5287057161331177,1.0751533508300781,3.579771041870117,14.0
dynamic,3,2,479,0.5985695211410522,0.5589606817245484,0.039608834886550905,0.5458357948303223,0.5458357948303223,0.0,2.0,2.0,4790.0,2501.0,0.0,0.21950656175613403,0.5287057161331177,1.0751533508300781,3.579771041870117,14.0
dynamic,3,2,480,0.6080752078056335,0.5666478363990783,0.04142737187743187,0.5375685753822327,0.5375685753822327,0.0,2.0,2.0,4800.0,2501.0,0.0,0.21950656175613403,0.5287057161331177,1.0751533508300781,3.579771041870117,14.0
dynamic,3,2,481,0.6128760925292969,0.5680470335006714,0.04482906410098076,0.5376599377632141,0.5376599377632141,0.0,2.0,2.0,4810.0,2501.0,0.0,0.21950656175613403,0.5287057161331177,1.0751533508300781,3.579771041870117,14.0
dynamic,3,2,482,0.6052028462409973,0.5585097069740296,0.046693138366937635,0.5371822865486146,0.5371822865486146,0.0,2.0,2.0,4820.0,2501.0,0.0,0.21950656175613403,0.5287057161331177,1.0751533508300781,3.579771041870117,14.0
dynamic,3,2,483,0.5972232264518738,0.5566435709953308,0.040579655367136,0.541471021938324,0.541471021938324,0.0,2.0,2.0,4830.0,2501.0,0.0,0.21950656175613403,0.5287057161331177,1.0751533508300781,3.579771041870117,14.0
dynamic,3,2,484,0.608315930557251,0.5704658982276917,0.037850021243095396,0.5322621012687683,0.5322621012687683,0.0,2.0,2.0,4840.0,2501.0,0.0,0.21950656175613403,0.5287057161331177,1.0751533508300781,3.579771041870117,14.0
dynamic,3,2,485,0.5963116238594055,0.5591183979988098,0.03719322682619095,0.5365056445121765,0.5365056445121765,0.0,2.0,2.0,4850.0,2501.0,0.0,0.21950656175613403,0.5287057161331177,1.0751533508300781,3.579771041870117,14.0
dynamic,3,2,486,0.6143897804260254,0.5745286018371581,0.039861176681518555,0.530967870426178,0.530967870426178,0.0,2.0,2.0,4860.0,2501.0,0.0,0.21950656175613403,0.5287057161331177,1.0751533508300781,3.579771041870117,14.0
dynamic,3,2,487,0.5963861883163453,0.557095847940445,0.03929034096002579,0.5333485540390015,0.5333485540390015,0.0,2.0,2.0,4870.0,2501.0,0.0,0.21950656175613403,0.5287057161331177,1.0751533508300781,3.579771041870117,14.0
dynamic,3,2,488,0.6028105150222778,0.5598899587631225,0.04292055991888046,0.5407343149185181,0.5407343149185181,0.0,2.0,2.0,4880.0,2501.0,0.0,0.21950656175613403,0.5287057161331177,1.0751533508300781,3.579771041870117,14.0
dynamic,3,2,489,0.6103590539932251,0.5683407521247864,0.04201829192638397,0.5342783598899842,0.5342783598899842,0.0,2.0,2.0,4890.0,2501.0,0.0,0.21950656175613403,0.5287057161331177,1.0751533508300781,3.579771041870117,14.0
dynamic,3,2,490,0.6004403199195861,0.5614660336494446,0.03897429607510567,0.5339675957679748,0.5339675957679748,0.0,2.0,2.0,4900.0,2501.0,0.0,0.21950656175613403,0.5287057161331177,1.0751533508300781,3.579771041870117,14.0
dynamic,3,2,491,0.5963693279266358,0.5590146211624145,0.03735471385717392,0.5371033874511719,0.5371033874511719,0.0,2.0,2.0,4910.0,2501.0,0.0,0.21950656175613403,0.5287057161331177,1.0751533508300781,3.579771041870117,14.0
dynamic,3,2,492,0.6004589849472046,0.561407841873169,0.039051137620210646,0.5384576433181762,0.5384576433181762,0.0,2.0,2.0,4920.0,2501.0,0.0,0.21950656175613403,0.5287057161331177,1.0751533508300781,3.579771041870117,14.0
dynamic,3,2,493,0.6012222842216491,0.5588162127494812,0.04240607593655586,0.5299651953697204,0.5299651953697204,0.0,2.0,2.0,4930.0,2501.0,0.0,0.21950656175613403,0.5287057161331177,1.0751533508300781,3.579771041870117,14.0
dynamic,3,2,494,0.6038780595779419,0.5615731919288636,0.04230487897992134,0.540292898273468,0.540292898273468,0.0,2.0,2.0,4940.0,2501.0,0.0,0.21950656175613403,0.5287057161331177,1.0751533508300781,3.579771041870117,14.0
dynamic,3,2,495,0.6025907030105591,0.5643025469779969,0.038288159197568894,0.5434984394073487,0.5434984394073487,0.0,2.0,2.0,4950.0,2501.0,0.0,0.21950656175613403,0.5287057161331177,1.0751533508300781,3.579771041870117,14.0
dynamic,3,2,496,0.6067930591583252,0.5653898662567138,0.04140319359898567,0.5296600872039795,0.5296600872039795,0.0,2.0,2.0,4960.0,2501.0,0.0,0.21950656175613403,0.5287057161331177,1.0751533508300781,3.579771041870117,14.0
dynamic,3,2,497,0.6103206899642944,0.5671250340461731,0.0431956504881382,0.5496204840660095,0.5496204840660095,0.0,2.0,2.0,4970.0,2501.0,0.0,0.21950656175613403,0.5287057161331177,1.0751533508300781,3.579771041870117,14.0
dynamic,3,2,498,0.6035068109512329,0.5659029451370239,0.037603862673044205,0.5429482738494873,0.5429482738494873,0.0,2.0,2.0,4980.0,2501.0,0.0,0.21950656175613403,0.5287057161331177,1.0751533508300781,3.579771041870117,14.0
dynamic,3,2,499,0.5980186673164367,0.5608156262397767,0.03720303993225098,0.5380419286727905,0.5380419286727905,0.0,2.0,2.0,4990.0,2501.0,0.0,0.21950656175613403,0.5287057161331177,1.0751533508300781,3.579771041870117,14.0
dynamic,3,2,500,0.5919209928512573,0.5528758624076843,0.039045123720169064,0.536782075214386,0.536782075214386,0.0,2.0,2.0,5000.0,2501.0,0.0,0.21950656175613403,0.5287057161331177,1.0751533508300781,3.579771041870117,14.0
