Copied shared label.pt from save/stable1/label.pt
Copied shared effect_names.npy from save/stable1/effect_names.npy
batch_norm: true
cnn: true
epoch1: 500
batch_size1: 256
learning_rate1: 1.0e-05
code1_dim: 2
filters1:
- 1
- 32
- 64
- 128
- 256
epoch2: 500
batch_size2: 256
learning_rate2: 5.0e-05
code2_dim: 1
filters2:
- 2
- 32
- 64
- 128
- 256
hidden_dim: 128
depth: 2
size: 42
device: cuda
load: null
save: /home/kubra/DeepSym/save/poster_5seed/dynamic/seed_3
source_opts: /home/kubra/DeepSym/opts.yaml
source_save: save/stable1
poster_model: dynamic
seed: 3
time: Sun Jul 19 12:13:32 2026
effect_weights1:
- 1.0
- 1.0
- 10.0
effect_weights2:
- 1.0
- 1.0
- 5.0
- 1.0
- 1.0
- 1.0
vq_commitment_cost: 0.25
vq_decay: 0.99
vq_epsilon: 1.0e-05
vq_num_embeddings1: 4
vq_num_embeddings2: 2
dynamic_initial_embeddings: 1
dynamic_warmup_steps: 200
dynamic_growth_interval: 100
dynamic_min_support: 8
dynamic_min_support_fraction: 0.05
dynamic_required_checks: 2
surprise_threshold_1: 1.0
surprise_threshold_2: 1.0


=== dynamic | seed=3 | level=1 | epochs=500 ===
========== ENCODER ==========
Sequential(
  (0): ConvBlock(
    (block): Sequential(
      (0): Conv2d(1, 32, kernel_size=(3, 3), stride=(1, 1), padding=(1, 1))
      (1): BatchNorm2d(32, eps=1e-05, momentum=0.1, affine=True, track_running_stats=True)
      (2): ReLU()
    )
  )
  (1): ConvBlock(
    (block): Sequential(
      (0): Conv2d(32, 32, kernel_size=(3, 3), stride=(2, 2), padding=(1, 1))
      (1): BatchNorm2d(32, eps=1e-05, momentum=0.1, affine=True, track_running_stats=True)
      (2): ReLU()
    )
  )
  (2): ConvBlock(
    (block): Sequential(
      (0): Conv2d(32, 64, kernel_size=(3, 3), stride=(1, 1), padding=(1, 1))
      (1): BatchNorm2d(64, eps=1e-05, momentum=0.1, affine=True, track_running_stats=True)
      (2): ReLU()
    )
  )
  (3): ConvBlock(
    (block): Sequential(
      (0): Conv2d(64, 64, kernel_size=(3, 3), stride=(2, 2), padding=(1, 1))
      (1): BatchNorm2d(64, eps=1e-05, momentum=0.1, affine=True, track_running_stats=True)
      (2): ReLU()
    )
  )
  (4): ConvBlock(
    (block): Sequential(
      (0): Conv2d(64, 128, kernel_size=(3, 3), stride=(1, 1), padding=(1, 1))
      (1): BatchNorm2d(128, eps=1e-05, momentum=0.1, affine=True, track_running_stats=True)
      (2): ReLU()
    )
  )
  (5): ConvBlock(
    (block): Sequential(
      (0): Conv2d(128, 128, kernel_size=(3, 3), stride=(2, 2), padding=(1, 1))
      (1): BatchNorm2d(128, eps=1e-05, momentum=0.1, affine=True, track_running_stats=True)
      (2): ReLU()
    )
  )
  (6): ConvBlock(
    (block): Sequential(
      (0): Conv2d(128, 256, kernel_size=(3, 3), stride=(1, 1), padding=(1, 1))
      (1): BatchNorm2d(256, eps=1e-05, momentum=0.1, affine=True, track_running_stats=True)
      (2): ReLU()
    )
  )
  (7): ConvBlock(
    (block): Sequential(
      (0): Conv2d(256, 256, kernel_size=(3, 3), stride=(2, 2), padding=(1, 1))
      (1): BatchNorm2d(256, eps=1e-05, momentum=0.1, affine=True, track_running_stats=True)
      (2): ReLU()
    )
  )
  (8): Avg(dims=[2, 3])
  (9): MLP(
    (layers): Sequential(
      (0): Linear(in_features=256, out_features=2)
    )
  )
  (10): DynamicEMAVQLayer(
    (embedding): Embedding(4, 2)
  )
)
parameter count: 1174122
=============================
========== DECODER ==========
MLP(
  (layers): Sequential(
    (0): Linear(in_features=5, out_features=128)
    (1): ReLU()
    (2): Linear(in_features=128, out_features=128)
    (3): ReLU()
    (4): Linear(in_features=128, out_features=3)
  )
)
parameter count: 17667
=============================
level=1 epoch=1/500 train_effect=10.073067 eval_effect=9.886073 train_vq=0.013115 active_codes=1 ema_used_codes=1 step_counter=10 last_check_step=0 surprise_streak=0
level=1 epoch=2/500 train_effect=9.750253 eval_effect=9.569161 train_vq=0.011576 active_codes=1 ema_used_codes=1 step_counter=20 last_check_step=0 surprise_streak=0
level=1 epoch=3/500 train_effect=9.438404 eval_effect=9.275351 train_vq=0.021564 active_codes=1 ema_used_codes=1 step_counter=30 last_check_step=0 surprise_streak=0
level=1 epoch=4/500 train_effect=9.167253 eval_effect=9.019122 train_vq=0.032050 active_codes=1 ema_used_codes=1 step_counter=40 last_check_step=0 surprise_streak=0
level=1 epoch=5/500 train_effect=8.910957 eval_effect=8.765445 train_vq=0.037514 active_codes=1 ema_used_codes=1 step_counter=50 last_check_step=0 surprise_streak=0
level=1 epoch=6/500 train_effect=8.658454 eval_effect=8.512607 train_vq=0.046409 active_codes=1 ema_used_codes=1 step_counter=60 last_check_step=0 surprise_streak=0
level=1 epoch=7/500 train_effect=8.409239 eval_effect=8.268735 train_vq=0.063169 active_codes=1 ema_used_codes=1 step_counter=70 last_check_step=0 surprise_streak=0
level=1 epoch=8/500 train_effect=8.169359 eval_effect=8.034990 train_vq=0.082165 active_codes=1 ema_used_codes=1 step_counter=80 last_check_step=0 surprise_streak=0
level=1 epoch=9/500 train_effect=7.940288 eval_effect=7.811148 train_vq=0.106745 active_codes=1 ema_used_codes=1 step_counter=90 last_check_step=0 surprise_streak=0
level=1 epoch=10/500 train_effect=7.718211 eval_effect=7.594182 train_vq=0.123008 active_codes=1 ema_used_codes=1 step_counter=100 last_check_step=0 surprise_streak=0
level=1 epoch=11/500 train_effect=7.502254 eval_effect=7.381350 train_vq=0.148647 active_codes=1 ema_used_codes=1 step_counter=110 last_check_step=0 surprise_streak=0
level=1 epoch=12/500 train_effect=7.295806 eval_effect=7.175102 train_vq=0.172860 active_codes=1 ema_used_codes=1 step_counter=120 last_check_step=0 surprise_streak=0
level=1 epoch=13/500 train_effect=7.090921 eval_effect=6.978202 train_vq=0.183950 active_codes=1 ema_used_codes=1 step_counter=130 last_check_step=0 surprise_streak=0
level=1 epoch=14/500 train_effect=6.898857 eval_effect=6.787946 train_vq=0.183359 active_codes=1 ema_used_codes=1 step_counter=140 last_check_step=0 surprise_streak=0
level=1 epoch=15/500 train_effect=6.714585 eval_effect=6.617447 train_vq=0.185682 active_codes=1 ema_used_codes=1 step_counter=150 last_check_step=0 surprise_streak=0
level=1 epoch=16/500 train_effect=6.548228 eval_effect=6.459473 train_vq=0.174975 active_codes=1 ema_used_codes=1 step_counter=160 last_check_step=0 surprise_streak=0
level=1 epoch=17/500 train_effect=6.391553 eval_effect=6.300892 train_vq=0.122311 active_codes=1 ema_used_codes=1 step_counter=170 last_check_step=0 surprise_streak=0
level=1 epoch=18/500 train_effect=6.235443 eval_effect=6.145337 train_vq=0.076851 active_codes=1 ema_used_codes=1 step_counter=180 last_check_step=0 surprise_streak=0
level=1 epoch=19/500 train_effect=6.081657 eval_effect=5.994660 train_vq=0.048397 active_codes=1 ema_used_codes=1 step_counter=190 last_check_step=0 surprise_streak=0
level=1 epoch=20/500 train_effect=5.933212 eval_effect=5.851361 train_vq=0.036849 active_codes=1 ema_used_codes=1 step_counter=200 last_check_step=0 surprise_streak=0
level=1 epoch=21/500 train_effect=5.794361 eval_effect=5.718765 train_vq=0.033045 active_codes=1 ema_used_codes=1 step_counter=210 last_check_step=201 surprise_streak=1 distance_mean=0.273 distance_p90=0.5125 distance_p95=1.065 distance_max=3.491 surprise_support=14
level=1 epoch=22/500 train_effect=5.662309 eval_effect=5.584389 train_vq=0.040911 active_codes=1 ema_used_codes=1 step_counter=220 last_check_step=201 surprise_streak=1 distance_mean=0.273 distance_p90=0.5125 distance_p95=1.065 distance_max=3.491 surprise_support=14
level=1 epoch=23/500 train_effect=5.527653 eval_effect=5.453432 train_vq=0.066021 active_codes=1 ema_used_codes=1 step_counter=230 last_check_step=201 surprise_streak=1 distance_mean=0.273 distance_p90=0.5125 distance_p95=1.065 distance_max=3.491 surprise_support=14
level=1 epoch=24/500 train_effect=5.401076 eval_effect=5.330511 train_vq=0.106343 active_codes=1 ema_used_codes=1 step_counter=240 last_check_step=201 surprise_streak=1 distance_mean=0.273 distance_p90=0.5125 distance_p95=1.065 distance_max=3.491 surprise_support=14
level=1 epoch=25/500 train_effect=5.278655 eval_effect=5.210234 train_vq=0.095371 active_codes=1 ema_used_codes=1 step_counter=250 last_check_step=201 surprise_streak=1 distance_mean=0.273 distance_p90=0.5125 distance_p95=1.065 distance_max=3.491 surprise_support=14
level=1 epoch=26/500 train_effect=5.159099 eval_effect=5.087649 train_vq=0.058537 active_codes=1 ema_used_codes=1 step_counter=260 last_check_step=201 surprise_streak=1 distance_mean=0.273 distance_p90=0.5125 distance_p95=1.065 distance_max=3.491 surprise_support=14
level=1 epoch=27/500 train_effect=5.036400 eval_effect=4.967296 train_vq=0.033495 active_codes=1 ema_used_codes=1 step_counter=270 last_check_step=201 surprise_streak=1 distance_mean=0.273 distance_p90=0.5125 distance_p95=1.065 distance_max=3.491 surprise_support=14
level=1 epoch=28/500 train_effect=4.917212 eval_effect=4.849714 train_vq=0.022835 active_codes=1 ema_used_codes=1 step_counter=280 last_check_step=201 surprise_streak=1 distance_mean=0.273 distance_p90=0.5125 distance_p95=1.065 distance_max=3.491 surprise_support=14
level=1 epoch=29/500 train_effect=4.802106 eval_effect=4.738636 train_vq=0.016369 active_codes=1 ema_used_codes=1 step_counter=290 last_check_step=201 surprise_streak=1 distance_mean=0.273 distance_p90=0.5125 distance_p95=1.065 distance_max=3.491 surprise_support=14
level=1 epoch=30/500 train_effect=4.695158 eval_effect=4.637323 train_vq=0.017969 active_codes=1 ema_used_codes=1 step_counter=300 last_check_step=201 surprise_streak=1 distance_mean=0.273 distance_p90=0.5125 distance_p95=1.065 distance_max=3.491 surprise_support=14
level=1 epoch=31/500 train_effect=4.593572 eval_effect=4.535138 train_vq=0.029942 active_codes=1 ema_used_codes=1 step_counter=310 last_check_step=301 surprise_streak=0 distance_mean=0.1869 distance_p90=0.4213 distance_p95=0.8074 distance_max=3.008 surprise_support=8
level=1 epoch=32/500 train_effect=4.492666 eval_effect=4.433984 train_vq=0.054369 active_codes=1 ema_used_codes=1 step_counter=320 last_check_step=301 surprise_streak=0 distance_mean=0.1869 distance_p90=0.4213 distance_p95=0.8074 distance_max=3.008 surprise_support=8
level=1 epoch=33/500 train_effect=4.392921 eval_effect=4.331945 train_vq=0.089003 active_codes=1 ema_used_codes=1 step_counter=330 last_check_step=301 surprise_streak=0 distance_mean=0.1869 distance_p90=0.4213 distance_p95=0.8074 distance_max=3.008 surprise_support=8
level=1 epoch=34/500 train_effect=4.293277 eval_effect=4.239551 train_vq=0.125729 active_codes=1 ema_used_codes=1 step_counter=340 last_check_step=301 surprise_streak=0 distance_mean=0.1869 distance_p90=0.4213 distance_p95=0.8074 distance_max=3.008 surprise_support=8
level=1 epoch=35/500 train_effect=4.202360 eval_effect=4.148886 train_vq=0.110098 active_codes=1 ema_used_codes=1 step_counter=350 last_check_step=301 surprise_streak=0 distance_mean=0.1869 distance_p90=0.4213 distance_p95=0.8074 distance_max=3.008 surprise_support=8
level=1 epoch=36/500 train_effect=4.111040 eval_effect=4.059383 train_vq=0.075876 active_codes=1 ema_used_codes=1 step_counter=360 last_check_step=301 surprise_streak=0 distance_mean=0.1869 distance_p90=0.4213 distance_p95=0.8074 distance_max=3.008 surprise_support=8
level=1 epoch=37/500 train_effect=4.020717 eval_effect=3.971169 train_vq=0.053078 active_codes=1 ema_used_codes=1 step_counter=370 last_check_step=301 surprise_streak=0 distance_mean=0.1869 distance_p90=0.4213 distance_p95=0.8074 distance_max=3.008 surprise_support=8
level=1 epoch=38/500 train_effect=3.933650 eval_effect=3.882558 train_vq=0.043140 active_codes=1 ema_used_codes=1 step_counter=380 last_check_step=301 surprise_streak=0 distance_mean=0.1869 distance_p90=0.4213 distance_p95=0.8074 distance_max=3.008 surprise_support=8
level=1 epoch=39/500 train_effect=3.846607 eval_effect=3.796241 train_vq=0.037308 active_codes=1 ema_used_codes=1 step_counter=390 last_check_step=301 surprise_streak=0 distance_mean=0.1869 distance_p90=0.4213 distance_p95=0.8074 distance_max=3.008 surprise_support=8
level=1 epoch=40/500 train_effect=3.761395 eval_effect=3.714877 train_vq=0.034922 active_codes=1 ema_used_codes=1 step_counter=400 last_check_step=301 surprise_streak=0 distance_mean=0.1869 distance_p90=0.4213 distance_p95=0.8074 distance_max=3.008 surprise_support=8
level=1 epoch=41/500 train_effect=3.683188 eval_effect=3.637829 train_vq=0.036048 active_codes=1 ema_used_codes=1 step_counter=410 last_check_step=401 surprise_streak=1 distance_mean=0.2694 distance_p90=0.6944 distance_p95=1.042 distance_max=2.381 surprise_support=15
level=1 epoch=42/500 train_effect=3.606691 eval_effect=3.563309 train_vq=0.053194 active_codes=1 ema_used_codes=1 step_counter=420 last_check_step=401 surprise_streak=1 distance_mean=0.2694 distance_p90=0.6944 distance_p95=1.042 distance_max=2.381 surprise_support=15
level=1 epoch=43/500 train_effect=3.532779 eval_effect=3.490788 train_vq=0.104255 active_codes=1 ema_used_codes=1 step_counter=430 last_check_step=401 surprise_streak=1 distance_mean=0.2694 distance_p90=0.6944 distance_p95=1.042 distance_max=2.381 surprise_support=15
level=1 epoch=44/500 train_effect=3.461740 eval_effect=3.420318 train_vq=0.138960 active_codes=1 ema_used_codes=1 step_counter=440 last_check_step=401 surprise_streak=1 distance_mean=0.2694 distance_p90=0.6944 distance_p95=1.042 distance_max=2.381 surprise_support=15
level=1 epoch=45/500 train_effect=3.391784 eval_effect=3.351794 train_vq=0.133848 active_codes=1 ema_used_codes=1 step_counter=450 last_check_step=401 surprise_streak=1 distance_mean=0.2694 distance_p90=0.6944 distance_p95=1.042 distance_max=2.381 surprise_support=15
level=1 epoch=46/500 train_effect=3.323170 eval_effect=3.285440 train_vq=0.121903 active_codes=1 ema_used_codes=1 step_counter=460 last_check_step=401 surprise_streak=1 distance_mean=0.2694 distance_p90=0.6944 distance_p95=1.042 distance_max=2.381 surprise_support=15
level=1 epoch=47/500 train_effect=3.258332 eval_effect=3.220238 train_vq=0.101734 active_codes=1 ema_used_codes=1 step_counter=470 last_check_step=401 surprise_streak=1 distance_mean=0.2694 distance_p90=0.6944 distance_p95=1.042 distance_max=2.381 surprise_support=15
level=1 epoch=48/500 train_effect=3.192803 eval_effect=3.157560 train_vq=0.083716 active_codes=1 ema_used_codes=1 step_counter=480 last_check_step=401 surprise_streak=1 distance_mean=0.2694 distance_p90=0.6944 distance_p95=1.042 distance_max=2.381 surprise_support=15
level=1 epoch=49/500 train_effect=3.130846 eval_effect=3.096144 train_vq=0.071771 active_codes=1 ema_used_codes=1 step_counter=490 last_check_step=401 surprise_streak=1 distance_mean=0.2694 distance_p90=0.6944 distance_p95=1.042 distance_max=2.381 surprise_support=15
level=1 epoch=50/500 train_effect=3.070667 eval_effect=3.036894 train_vq=0.062966 active_codes=1 ema_used_codes=1 step_counter=500 last_check_step=401 surprise_streak=1 distance_mean=0.2694 distance_p90=0.6944 distance_p95=1.042 distance_max=2.381 surprise_support=15
[Dynamic VQ] step=501 K=1->2 support=43/256 threshold=1.0000
level=1 epoch=51/500 train_effect=2.922961 eval_effect=2.895051 train_vq=0.035062 active_codes=2 ema_used_codes=2 step_counter=510 last_check_step=501 surprise_streak=0 distance_mean=0.5055 distance_p90=1.374 distance_p95=1.71 distance_max=2.736 surprise_support=43
level=1 epoch=52/500 train_effect=2.865002 eval_effect=2.833500 train_vq=0.033089 active_codes=2 ema_used_codes=2 step_counter=520 last_check_step=501 surprise_streak=0 distance_mean=0.5055 distance_p90=1.374 distance_p95=1.71 distance_max=2.736 surprise_support=43
level=1 epoch=53/500 train_effect=2.805837 eval_effect=2.761737 train_vq=0.033659 active_codes=2 ema_used_codes=2 step_counter=530 last_check_step=501 surprise_streak=0 distance_mean=0.5055 distance_p90=1.374 distance_p95=1.71 distance_max=2.736 surprise_support=43
level=1 epoch=54/500 train_effect=2.743110 eval_effect=2.692699 train_vq=0.034016 active_codes=2 ema_used_codes=2 step_counter=540 last_check_step=501 surprise_streak=0 distance_mean=0.5055 distance_p90=1.374 distance_p95=1.71 distance_max=2.736 surprise_support=43
level=1 epoch=55/500 train_effect=2.681625 eval_effect=2.630276 train_vq=0.033632 active_codes=2 ema_used_codes=2 step_counter=550 last_check_step=501 surprise_streak=0 distance_mean=0.5055 distance_p90=1.374 distance_p95=1.71 distance_max=2.736 surprise_support=43
level=1 epoch=56/500 train_effect=2.617796 eval_effect=2.575251 train_vq=0.032484 active_codes=2 ema_used_codes=2 step_counter=560 last_check_step=501 surprise_streak=0 distance_mean=0.5055 distance_p90=1.374 distance_p95=1.71 distance_max=2.736 surprise_support=43
level=1 epoch=57/500 train_effect=2.560556 eval_effect=2.519308 train_vq=0.029908 active_codes=2 ema_used_codes=2 step_counter=570 last_check_step=501 surprise_streak=0 distance_mean=0.5055 distance_p90=1.374 distance_p95=1.71 distance_max=2.736 surprise_support=43
level=1 epoch=58/500 train_effect=2.500720 eval_effect=2.462288 train_vq=0.027315 active_codes=2 ema_used_codes=2 step_counter=580 last_check_step=501 surprise_streak=0 distance_mean=0.5055 distance_p90=1.374 distance_p95=1.71 distance_max=2.736 surprise_support=43
level=1 epoch=59/500 train_effect=2.447217 eval_effect=2.405007 train_vq=0.026968 active_codes=2 ema_used_codes=2 step_counter=590 last_check_step=501 surprise_streak=0 distance_mean=0.5055 distance_p90=1.374 distance_p95=1.71 distance_max=2.736 surprise_support=43
level=1 epoch=60/500 train_effect=2.390866 eval_effect=2.352868 train_vq=0.027873 active_codes=2 ema_used_codes=2 step_counter=600 last_check_step=501 surprise_streak=0 distance_mean=0.5055 distance_p90=1.374 distance_p95=1.71 distance_max=2.736 surprise_support=43
level=1 epoch=61/500 train_effect=2.341814 eval_effect=2.302733 train_vq=0.030066 active_codes=2 ema_used_codes=2 step_counter=610 last_check_step=601 surprise_streak=1 distance_mean=0.2452 distance_p90=0.5558 distance_p95=1.045 distance_max=1.85 surprise_support=14
level=1 epoch=62/500 train_effect=2.288632 eval_effect=2.253771 train_vq=0.033499 active_codes=2 ema_used_codes=2 step_counter=620 last_check_step=601 surprise_streak=1 distance_mean=0.2452 distance_p90=0.5558 distance_p95=1.045 distance_max=1.85 surprise_support=14
level=1 epoch=63/500 train_effect=2.244012 eval_effect=2.215414 train_vq=0.032521 active_codes=2 ema_used_codes=2 step_counter=630 last_check_step=601 surprise_streak=1 distance_mean=0.2452 distance_p90=0.5558 distance_p95=1.045 distance_max=1.85 surprise_support=14
level=1 epoch=64/500 train_effect=2.195315 eval_effect=2.165437 train_vq=0.026172 active_codes=2 ema_used_codes=2 step_counter=640 last_check_step=601 surprise_streak=1 distance_mean=0.2452 distance_p90=0.5558 distance_p95=1.045 distance_max=1.85 surprise_support=14
level=1 epoch=65/500 train_effect=2.150568 eval_effect=2.115772 train_vq=0.023164 active_codes=2 ema_used_codes=2 step_counter=650 last_check_step=601 surprise_streak=1 distance_mean=0.2452 distance_p90=0.5558 distance_p95=1.045 distance_max=1.85 surprise_support=14
level=1 epoch=66/500 train_effect=2.106219 eval_effect=2.070296 train_vq=0.025493 active_codes=2 ema_used_codes=2 step_counter=660 last_check_step=601 surprise_streak=1 distance_mean=0.2452 distance_p90=0.5558 distance_p95=1.045 distance_max=1.85 surprise_support=14
level=1 epoch=67/500 train_effect=2.068527 eval_effect=2.027751 train_vq=0.026262 active_codes=2 ema_used_codes=2 step_counter=670 last_check_step=601 surprise_streak=1 distance_mean=0.2452 distance_p90=0.5558 distance_p95=1.045 distance_max=1.85 surprise_support=14
level=1 epoch=68/500 train_effect=2.022710 eval_effect=1.987076 train_vq=0.028101 active_codes=2 ema_used_codes=2 step_counter=680 last_check_step=601 surprise_streak=1 distance_mean=0.2452 distance_p90=0.5558 distance_p95=1.045 distance_max=1.85 surprise_support=14
level=1 epoch=69/500 train_effect=1.974050 eval_effect=1.946803 train_vq=0.029641 active_codes=2 ema_used_codes=2 step_counter=690 last_check_step=601 surprise_streak=1 distance_mean=0.2452 distance_p90=0.5558 distance_p95=1.045 distance_max=1.85 surprise_support=14
level=1 epoch=70/500 train_effect=1.938960 eval_effect=1.908569 train_vq=0.033608 active_codes=2 ema_used_codes=2 step_counter=700 last_check_step=601 surprise_streak=1 distance_mean=0.2452 distance_p90=0.5558 distance_p95=1.045 distance_max=1.85 surprise_support=14
level=1 epoch=71/500 train_effect=1.900958 eval_effect=1.870644 train_vq=0.033934 active_codes=2 ema_used_codes=2 step_counter=710 last_check_step=701 surprise_streak=0 distance_mean=0.2651 distance_p90=0.6026 distance_p95=0.9154 distance_max=2.028 surprise_support=9
level=1 epoch=72/500 train_effect=1.872824 eval_effect=1.836523 train_vq=0.030343 active_codes=2 ema_used_codes=2 step_counter=720 last_check_step=701 surprise_streak=0 distance_mean=0.2651 distance_p90=0.6026 distance_p95=0.9154 distance_max=2.028 surprise_support=9
level=1 epoch=73/500 train_effect=1.825309 eval_effect=1.800312 train_vq=0.025463 active_codes=2 ema_used_codes=2 step_counter=730 last_check_step=701 surprise_streak=0 distance_mean=0.2651 distance_p90=0.6026 distance_p95=0.9154 distance_max=2.028 surprise_support=9
level=1 epoch=74/500 train_effect=1.794168 eval_effect=1.763980 train_vq=0.025603 active_codes=2 ema_used_codes=2 step_counter=740 last_check_step=701 surprise_streak=0 distance_mean=0.2651 distance_p90=0.6026 distance_p95=0.9154 distance_max=2.028 surprise_support=9
level=1 epoch=75/500 train_effect=1.759607 eval_effect=1.731024 train_vq=0.026107 active_codes=2 ema_used_codes=2 step_counter=750 last_check_step=701 surprise_streak=0 distance_mean=0.2651 distance_p90=0.6026 distance_p95=0.9154 distance_max=2.028 surprise_support=9
level=1 epoch=76/500 train_effect=1.714008 eval_effect=1.695430 train_vq=0.026590 active_codes=2 ema_used_codes=2 step_counter=760 last_check_step=701 surprise_streak=0 distance_mean=0.2651 distance_p90=0.6026 distance_p95=0.9154 distance_max=2.028 surprise_support=9
level=1 epoch=77/500 train_effect=1.694473 eval_effect=1.665521 train_vq=0.033203 active_codes=2 ema_used_codes=2 step_counter=770 last_check_step=701 surprise_streak=0 distance_mean=0.2651 distance_p90=0.6026 distance_p95=0.9154 distance_max=2.028 surprise_support=9
level=1 epoch=78/500 train_effect=1.669029 eval_effect=1.634322 train_vq=0.036067 active_codes=2 ema_used_codes=2 step_counter=780 last_check_step=701 surprise_streak=0 distance_mean=0.2651 distance_p90=0.6026 distance_p95=0.9154 distance_max=2.028 surprise_support=9
level=1 epoch=79/500 train_effect=1.618545 eval_effect=1.601872 train_vq=0.035080 active_codes=2 ema_used_codes=2 step_counter=790 last_check_step=701 surprise_streak=0 distance_mean=0.2651 distance_p90=0.6026 distance_p95=0.9154 distance_max=2.028 surprise_support=9
level=1 epoch=80/500 train_effect=1.589916 eval_effect=1.575616 train_vq=0.033247 active_codes=2 ema_used_codes=2 step_counter=800 last_check_step=701 surprise_streak=0 distance_mean=0.2651 distance_p90=0.6026 distance_p95=0.9154 distance_max=2.028 surprise_support=9
level=1 epoch=81/500 train_effect=1.576902 eval_effect=1.586232 train_vq=0.031515 active_codes=2 ema_used_codes=2 step_counter=810 last_check_step=801 surprise_streak=0 distance_mean=0.222 distance_p90=0.5507 distance_p95=0.7677 distance_max=1.528 surprise_support=7
level=1 epoch=82/500 train_effect=1.535352 eval_effect=1.507012 train_vq=0.034790 active_codes=2 ema_used_codes=2 step_counter=820 last_check_step=801 surprise_streak=0 distance_mean=0.222 distance_p90=0.5507 distance_p95=0.7677 distance_max=1.528 surprise_support=7
level=1 epoch=83/500 train_effect=1.501865 eval_effect=1.508392 train_vq=0.030154 active_codes=2 ema_used_codes=2 step_counter=830 last_check_step=801 surprise_streak=0 distance_mean=0.222 distance_p90=0.5507 distance_p95=0.7677 distance_max=1.528 surprise_support=7
level=1 epoch=84/500 train_effect=1.475853 eval_effect=1.541611 train_vq=0.028608 active_codes=2 ema_used_codes=2 step_counter=840 last_check_step=801 surprise_streak=0 distance_mean=0.222 distance_p90=0.5507 distance_p95=0.7677 distance_max=1.528 surprise_support=7
level=1 epoch=85/500 train_effect=1.455947 eval_effect=1.441465 train_vq=0.029154 active_codes=2 ema_used_codes=2 step_counter=850 last_check_step=801 surprise_streak=0 distance_mean=0.222 distance_p90=0.5507 distance_p95=0.7677 distance_max=1.528 surprise_support=7
level=1 epoch=86/500 train_effect=1.431326 eval_effect=1.460129 train_vq=0.026814 active_codes=2 ema_used_codes=2 step_counter=860 last_check_step=801 surprise_streak=0 distance_mean=0.222 distance_p90=0.5507 distance_p95=0.7677 distance_max=1.528 surprise_support=7
level=1 epoch=87/500 train_effect=1.416592 eval_effect=1.496030 train_vq=0.029802 active_codes=2 ema_used_codes=2 step_counter=870 last_check_step=801 surprise_streak=0 distance_mean=0.222 distance_p90=0.5507 distance_p95=0.7677 distance_max=1.528 surprise_support=7
level=1 epoch=88/500 train_effect=1.410500 eval_effect=1.449481 train_vq=0.037846 active_codes=2 ema_used_codes=2 step_counter=880 last_check_step=801 surprise_streak=0 distance_mean=0.222 distance_p90=0.5507 distance_p95=0.7677 distance_max=1.528 surprise_support=7
level=1 epoch=89/500 train_effect=1.370402 eval_effect=1.346614 train_vq=0.044309 active_codes=2 ema_used_codes=2 step_counter=890 last_check_step=801 surprise_streak=0 distance_mean=0.222 distance_p90=0.5507 distance_p95=0.7677 distance_max=1.528 surprise_support=7
level=1 epoch=90/500 train_effect=1.344864 eval_effect=1.334953 train_vq=0.036886 active_codes=2 ema_used_codes=2 step_counter=900 last_check_step=801 surprise_streak=0 distance_mean=0.222 distance_p90=0.5507 distance_p95=0.7677 distance_max=1.528 surprise_support=7
level=1 epoch=91/500 train_effect=1.326064 eval_effect=1.389006 train_vq=0.030808 active_codes=2 ema_used_codes=2 step_counter=910 last_check_step=901 surprise_streak=0 distance_mean=0.2219 distance_p90=0.5157 distance_p95=0.7451 distance_max=1.937 surprise_support=4
level=1 epoch=92/500 train_effect=1.339171 eval_effect=1.339510 train_vq=0.032742 active_codes=2 ema_used_codes=2 step_counter=920 last_check_step=901 surprise_streak=0 distance_mean=0.2219 distance_p90=0.5157 distance_p95=0.7451 distance_max=1.937 surprise_support=4
level=1 epoch=93/500 train_effect=1.301509 eval_effect=1.302044 train_vq=0.030104 active_codes=2 ema_used_codes=2 step_counter=930 last_check_step=901 surprise_streak=0 distance_mean=0.2219 distance_p90=0.5157 distance_p95=0.7451 distance_max=1.937 surprise_support=4
level=1 epoch=94/500 train_effect=1.279633 eval_effect=1.414962 train_vq=0.029214 active_codes=2 ema_used_codes=2 step_counter=940 last_check_step=901 surprise_streak=0 distance_mean=0.2219 distance_p90=0.5157 distance_p95=0.7451 distance_max=1.937 surprise_support=4
level=1 epoch=95/500 train_effect=1.278696 eval_effect=1.349703 train_vq=0.036260 active_codes=2 ema_used_codes=2 step_counter=950 last_check_step=901 surprise_streak=0 distance_mean=0.2219 distance_p90=0.5157 distance_p95=0.7451 distance_max=1.937 surprise_support=4
level=1 epoch=96/500 train_effect=1.235556 eval_effect=1.253344 train_vq=0.047447 active_codes=2 ema_used_codes=2 step_counter=960 last_check_step=901 surprise_streak=0 distance_mean=0.2219 distance_p90=0.5157 distance_p95=0.7451 distance_max=1.937 surprise_support=4
level=1 epoch=97/500 train_effect=1.223003 eval_effect=1.195253 train_vq=0.048909 active_codes=2 ema_used_codes=2 step_counter=970 last_check_step=901 surprise_streak=0 distance_mean=0.2219 distance_p90=0.5157 distance_p95=0.7451 distance_max=1.937 surprise_support=4
level=1 epoch=98/500 train_effect=1.187639 eval_effect=1.184520 train_vq=0.039880 active_codes=2 ema_used_codes=2 step_counter=980 last_check_step=901 surprise_streak=0 distance_mean=0.2219 distance_p90=0.5157 distance_p95=0.7451 distance_max=1.937 surprise_support=4
level=1 epoch=99/500 train_effect=1.173069 eval_effect=1.185667 train_vq=0.039518 active_codes=2 ema_used_codes=2 step_counter=990 last_check_step=901 surprise_streak=0 distance_mean=0.2219 distance_p90=0.5157 distance_p95=0.7451 distance_max=1.937 surprise_support=4
level=1 epoch=100/500 train_effect=1.156224 eval_effect=1.155643 train_vq=0.039745 active_codes=2 ema_used_codes=2 step_counter=1000 last_check_step=901 surprise_streak=0 distance_mean=0.2219 distance_p90=0.5157 distance_p95=0.7451 distance_max=1.937 surprise_support=4
level=1 epoch=101/500 train_effect=1.149692 eval_effect=1.155229 train_vq=0.039471 active_codes=2 ema_used_codes=2 step_counter=1010 last_check_step=1001 surprise_streak=1 distance_mean=0.3276 distance_p90=0.7486 distance_p95=1.295 distance_max=2.469 surprise_support=17
level=1 epoch=102/500 train_effect=1.124544 eval_effect=1.159385 train_vq=0.038879 active_codes=2 ema_used_codes=2 step_counter=1020 last_check_step=1001 surprise_streak=1 distance_mean=0.3276 distance_p90=0.7486 distance_p95=1.295 distance_max=2.469 surprise_support=17
level=1 epoch=103/500 train_effect=1.122455 eval_effect=1.157095 train_vq=0.045086 active_codes=2 ema_used_codes=2 step_counter=1030 last_check_step=1001 surprise_streak=1 distance_mean=0.3276 distance_p90=0.7486 distance_p95=1.295 distance_max=2.469 surprise_support=17
level=1 epoch=104/500 train_effect=1.111467 eval_effect=1.103426 train_vq=0.049444 active_codes=2 ema_used_codes=2 step_counter=1040 last_check_step=1001 surprise_streak=1 distance_mean=0.3276 distance_p90=0.7486 distance_p95=1.295 distance_max=2.469 surprise_support=17
level=1 epoch=105/500 train_effect=1.084783 eval_effect=1.072773 train_vq=0.050689 active_codes=2 ema_used_codes=2 step_counter=1050 last_check_step=1001 surprise_streak=1 distance_mean=0.3276 distance_p90=0.7486 distance_p95=1.295 distance_max=2.469 surprise_support=17
level=1 epoch=106/500 train_effect=1.084692 eval_effect=1.071398 train_vq=0.048988 active_codes=2 ema_used_codes=2 step_counter=1060 last_check_step=1001 surprise_streak=1 distance_mean=0.3276 distance_p90=0.7486 distance_p95=1.295 distance_max=2.469 surprise_support=17
level=1 epoch=107/500 train_effect=1.117609 eval_effect=1.080411 train_vq=0.051281 active_codes=2 ema_used_codes=2 step_counter=1070 last_check_step=1001 surprise_streak=1 distance_mean=0.3276 distance_p90=0.7486 distance_p95=1.295 distance_max=2.469 surprise_support=17
level=1 epoch=108/500 train_effect=1.096048 eval_effect=1.068134 train_vq=0.052073 active_codes=2 ema_used_codes=2 step_counter=1080 last_check_step=1001 surprise_streak=1 distance_mean=0.3276 distance_p90=0.7486 distance_p95=1.295 distance_max=2.469 surprise_support=17
level=1 epoch=109/500 train_effect=1.058259 eval_effect=1.078405 train_vq=0.050757 active_codes=2 ema_used_codes=2 step_counter=1090 last_check_step=1001 surprise_streak=1 distance_mean=0.3276 distance_p90=0.7486 distance_p95=1.295 distance_max=2.469 surprise_support=17
level=1 epoch=110/500 train_effect=1.059655 eval_effect=1.080897 train_vq=0.055533 active_codes=2 ema_used_codes=2 step_counter=1100 last_check_step=1001 surprise_streak=1 distance_mean=0.3276 distance_p90=0.7486 distance_p95=1.295 distance_max=2.469 surprise_support=17
[Dynamic VQ] step=1101 K=2->3 support=32/256 threshold=1.0000
level=1 epoch=111/500 train_effect=1.080017 eval_effect=1.074054 train_vq=0.049349 active_codes=3 ema_used_codes=3 step_counter=1110 last_check_step=1101 surprise_streak=0 distance_mean=0.4658 distance_p90=1.185 distance_p95=1.395 distance_max=2.669 surprise_support=32
level=1 epoch=112/500 train_effect=1.088718 eval_effect=1.042252 train_vq=0.087943 active_codes=3 ema_used_codes=3 step_counter=1120 last_check_step=1101 surprise_streak=0 distance_mean=0.4658 distance_p90=1.185 distance_p95=1.395 distance_max=2.669 surprise_support=32
level=1 epoch=113/500 train_effect=1.066481 eval_effect=1.037543 train_vq=0.100561 active_codes=3 ema_used_codes=3 step_counter=1130 last_check_step=1101 surprise_streak=0 distance_mean=0.4658 distance_p90=1.185 distance_p95=1.395 distance_max=2.669 surprise_support=32
level=1 epoch=114/500 train_effect=1.020998 eval_effect=1.011720 train_vq=0.071320 active_codes=3 ema_used_codes=3 step_counter=1140 last_check_step=1101 surprise_streak=0 distance_mean=0.4658 distance_p90=1.185 distance_p95=1.395 distance_max=2.669 surprise_support=32
level=1 epoch=115/500 train_effect=0.995692 eval_effect=0.974301 train_vq=0.053341 active_codes=3 ema_used_codes=3 step_counter=1150 last_check_step=1101 surprise_streak=0 distance_mean=0.4658 distance_p90=1.185 distance_p95=1.395 distance_max=2.669 surprise_support=32
level=1 epoch=116/500 train_effect=0.987104 eval_effect=0.955994 train_vq=0.045730 active_codes=3 ema_used_codes=3 step_counter=1160 last_check_step=1101 surprise_streak=0 distance_mean=0.4658 distance_p90=1.185 distance_p95=1.395 distance_max=2.669 surprise_support=32
level=1 epoch=117/500 train_effect=0.974471 eval_effect=0.944948 train_vq=0.046221 active_codes=3 ema_used_codes=3 step_counter=1170 last_check_step=1101 surprise_streak=0 distance_mean=0.4658 distance_p90=1.185 distance_p95=1.395 distance_max=2.669 surprise_support=32
level=1 epoch=118/500 train_effect=0.960015 eval_effect=0.944295 train_vq=0.048572 active_codes=3 ema_used_codes=3 step_counter=1180 last_check_step=1101 surprise_streak=0 distance_mean=0.4658 distance_p90=1.185 distance_p95=1.395 distance_max=2.669 surprise_support=32
level=1 epoch=119/500 train_effect=0.951422 eval_effect=0.938576 train_vq=0.051205 active_codes=3 ema_used_codes=3 step_counter=1190 last_check_step=1101 surprise_streak=0 distance_mean=0.4658 distance_p90=1.185 distance_p95=1.395 distance_max=2.669 surprise_support=32
level=1 epoch=120/500 train_effect=0.951308 eval_effect=0.923308 train_vq=0.049795 active_codes=3 ema_used_codes=3 step_counter=1200 last_check_step=1101 surprise_streak=0 distance_mean=0.4658 distance_p90=1.185 distance_p95=1.395 distance_max=2.669 surprise_support=32
level=1 epoch=121/500 train_effect=0.933415 eval_effect=0.911678 train_vq=0.051707 active_codes=3 ema_used_codes=3 step_counter=1210 last_check_step=1201 surprise_streak=1 distance_mean=0.4157 distance_p90=0.915 distance_p95=1.338 distance_max=4.533 surprise_support=21
level=1 epoch=122/500 train_effect=0.911399 eval_effect=0.906066 train_vq=0.048047 active_codes=3 ema_used_codes=3 step_counter=1220 last_check_step=1201 surprise_streak=1 distance_mean=0.4157 distance_p90=0.915 distance_p95=1.338 distance_max=4.533 surprise_support=21
level=1 epoch=123/500 train_effect=0.913401 eval_effect=0.903231 train_vq=0.043061 active_codes=3 ema_used_codes=3 step_counter=1230 last_check_step=1201 surprise_streak=1 distance_mean=0.4157 distance_p90=0.915 distance_p95=1.338 distance_max=4.533 surprise_support=21
level=1 epoch=124/500 train_effect=0.897366 eval_effect=0.890278 train_vq=0.052618 active_codes=3 ema_used_codes=3 step_counter=1240 last_check_step=1201 surprise_streak=1 distance_mean=0.4157 distance_p90=0.915 distance_p95=1.338 distance_max=4.533 surprise_support=21
level=1 epoch=125/500 train_effect=0.886020 eval_effect=0.872331 train_vq=0.063284 active_codes=3 ema_used_codes=3 step_counter=1250 last_check_step=1201 surprise_streak=1 distance_mean=0.4157 distance_p90=0.915 distance_p95=1.338 distance_max=4.533 surprise_support=21
level=1 epoch=126/500 train_effect=0.863405 eval_effect=0.853812 train_vq=0.061249 active_codes=3 ema_used_codes=3 step_counter=1260 last_check_step=1201 surprise_streak=1 distance_mean=0.4157 distance_p90=0.915 distance_p95=1.338 distance_max=4.533 surprise_support=21
level=1 epoch=127/500 train_effect=0.856482 eval_effect=0.845421 train_vq=0.043784 active_codes=3 ema_used_codes=3 step_counter=1270 last_check_step=1201 surprise_streak=1 distance_mean=0.4157 distance_p90=0.915 distance_p95=1.338 distance_max=4.533 surprise_support=21
level=1 epoch=128/500 train_effect=0.848394 eval_effect=0.843557 train_vq=0.053348 active_codes=3 ema_used_codes=3 step_counter=1280 last_check_step=1201 surprise_streak=1 distance_mean=0.4157 distance_p90=0.915 distance_p95=1.338 distance_max=4.533 surprise_support=21
level=1 epoch=129/500 train_effect=0.849224 eval_effect=0.832549 train_vq=0.069298 active_codes=3 ema_used_codes=3 step_counter=1290 last_check_step=1201 surprise_streak=1 distance_mean=0.4157 distance_p90=0.915 distance_p95=1.338 distance_max=4.533 surprise_support=21
level=1 epoch=130/500 train_effect=0.832322 eval_effect=0.822695 train_vq=0.062448 active_codes=3 ema_used_codes=3 step_counter=1300 last_check_step=1201 surprise_streak=1 distance_mean=0.4157 distance_p90=0.915 distance_p95=1.338 distance_max=4.533 surprise_support=21
[Dynamic VQ] step=1301 K=3->4 support=40/256 threshold=1.0000
level=1 epoch=131/500 train_effect=1.022447 eval_effect=1.387839 train_vq=0.037719 active_codes=4 ema_used_codes=4 step_counter=1310 last_check_step=1301 surprise_streak=0 distance_mean=0.4955 distance_p90=1.309 distance_p95=1.671 distance_max=2.888 surprise_support=40
level=1 epoch=132/500 train_effect=0.926150 eval_effect=0.890716 train_vq=0.037107 active_codes=4 ema_used_codes=4 step_counter=1320 last_check_step=1301 surprise_streak=0 distance_mean=0.4955 distance_p90=1.309 distance_p95=1.671 distance_max=2.888 surprise_support=40
level=1 epoch=133/500 train_effect=0.867779 eval_effect=0.821775 train_vq=0.031305 active_codes=4 ema_used_codes=4 step_counter=1330 last_check_step=1301 surprise_streak=0 distance_mean=0.4955 distance_p90=1.309 distance_p95=1.671 distance_max=2.888 surprise_support=40
level=1 epoch=134/500 train_effect=0.861620 eval_effect=0.839460 train_vq=0.029490 active_codes=4 ema_used_codes=4 step_counter=1340 last_check_step=1301 surprise_streak=0 distance_mean=0.4955 distance_p90=1.309 distance_p95=1.671 distance_max=2.888 surprise_support=40
level=1 epoch=135/500 train_effect=0.845501 eval_effect=0.804787 train_vq=0.026839 active_codes=4 ema_used_codes=4 step_counter=1350 last_check_step=1301 surprise_streak=0 distance_mean=0.4955 distance_p90=1.309 distance_p95=1.671 distance_max=2.888 surprise_support=40
level=1 epoch=136/500 train_effect=0.836916 eval_effect=0.799298 train_vq=0.024974 active_codes=4 ema_used_codes=4 step_counter=1360 last_check_step=1301 surprise_streak=0 distance_mean=0.4955 distance_p90=1.309 distance_p95=1.671 distance_max=2.888 surprise_support=40
level=1 epoch=137/500 train_effect=0.818658 eval_effect=0.794499 train_vq=0.023308 active_codes=4 ema_used_codes=4 step_counter=1370 last_check_step=1301 surprise_streak=0 distance_mean=0.4955 distance_p90=1.309 distance_p95=1.671 distance_max=2.888 surprise_support=40
level=1 epoch=138/500 train_effect=0.822177 eval_effect=0.806811 train_vq=0.023221 active_codes=4 ema_used_codes=4 step_counter=1380 last_check_step=1301 surprise_streak=0 distance_mean=0.4955 distance_p90=1.309 distance_p95=1.671 distance_max=2.888 surprise_support=40
level=1 epoch=139/500 train_effect=0.823978 eval_effect=0.795914 train_vq=0.022408 active_codes=4 ema_used_codes=4 step_counter=1390 last_check_step=1301 surprise_streak=0 distance_mean=0.4955 distance_p90=1.309 distance_p95=1.671 distance_max=2.888 surprise_support=40
level=1 epoch=140/500 train_effect=0.807701 eval_effect=0.802338 train_vq=0.022129 active_codes=4 ema_used_codes=4 step_counter=1400 last_check_step=1301 surprise_streak=0 distance_mean=0.4955 distance_p90=1.309 distance_p95=1.671 distance_max=2.888 surprise_support=40
level=1 epoch=141/500 train_effect=0.804136 eval_effect=0.795847 train_vq=0.023197 active_codes=4 ema_used_codes=4 step_counter=1410 last_check_step=1301 surprise_streak=0 distance_mean=0.4955 distance_p90=1.309 distance_p95=1.671 distance_max=2.888 surprise_support=40
level=1 epoch=142/500 train_effect=0.808497 eval_effect=0.774317 train_vq=0.023359 active_codes=4 ema_used_codes=4 step_counter=1420 last_check_step=1301 surprise_streak=0 distance_mean=0.4955 distance_p90=1.309 distance_p95=1.671 distance_max=2.888 surprise_support=40
level=1 epoch=143/500 train_effect=0.780109 eval_effect=0.764223 train_vq=0.024631 active_codes=4 ema_used_codes=4 step_counter=1430 last_check_step=1301 surprise_streak=0 distance_mean=0.4955 distance_p90=1.309 distance_p95=1.671 distance_max=2.888 surprise_support=40
level=1 epoch=144/500 train_effect=0.775036 eval_effect=0.760688 train_vq=0.026594 active_codes=4 ema_used_codes=4 step_counter=1440 last_check_step=1301 surprise_streak=0 distance_mean=0.4955 distance_p90=1.309 distance_p95=1.671 distance_max=2.888 surprise_support=40
level=1 epoch=145/500 train_effect=0.793704 eval_effect=0.764037 train_vq=0.024922 active_codes=4 ema_used_codes=4 step_counter=1450 last_check_step=1301 surprise_streak=0 distance_mean=0.4955 distance_p90=1.309 distance_p95=1.671 distance_max=2.888 surprise_support=40
level=1 epoch=146/500 train_effect=0.779657 eval_effect=0.763777 train_vq=0.023666 active_codes=4 ema_used_codes=4 step_counter=1460 last_check_step=1301 surprise_streak=0 distance_mean=0.4955 distance_p90=1.309 distance_p95=1.671 distance_max=2.888 surprise_support=40
level=1 epoch=147/500 train_effect=0.775668 eval_effect=0.752317 train_vq=0.025585 active_codes=4 ema_used_codes=4 step_counter=1470 last_check_step=1301 surprise_streak=0 distance_mean=0.4955 distance_p90=1.309 distance_p95=1.671 distance_max=2.888 surprise_support=40
level=1 epoch=148/500 train_effect=0.772043 eval_effect=0.744195 train_vq=0.026558 active_codes=4 ema_used_codes=4 step_counter=1480 last_check_step=1301 surprise_streak=0 distance_mean=0.4955 distance_p90=1.309 distance_p95=1.671 distance_max=2.888 surprise_support=40
level=1 epoch=149/500 train_effect=0.758774 eval_effect=0.735426 train_vq=0.025128 active_codes=4 ema_used_codes=4 step_counter=1490 last_check_step=1301 surprise_streak=0 distance_mean=0.4955 distance_p90=1.309 distance_p95=1.671 distance_max=2.888 surprise_support=40
level=1 epoch=150/500 train_effect=0.764068 eval_effect=0.741691 train_vq=0.025365 active_codes=4 ema_used_codes=4 step_counter=1500 last_check_step=1301 surprise_streak=0 distance_mean=0.4955 distance_p90=1.309 distance_p95=1.671 distance_max=2.888 surprise_support=40
level=1 epoch=151/500 train_effect=0.756416 eval_effect=0.741266 train_vq=0.021926 active_codes=4 ema_used_codes=4 step_counter=1510 last_check_step=1301 surprise_streak=0 distance_mean=0.4955 distance_p90=1.309 distance_p95=1.671 distance_max=2.888 surprise_support=40
level=1 epoch=152/500 train_effect=0.759501 eval_effect=0.739526 train_vq=0.024104 active_codes=4 ema_used_codes=4 step_counter=1520 last_check_step=1301 surprise_streak=0 distance_mean=0.4955 distance_p90=1.309 distance_p95=1.671 distance_max=2.888 surprise_support=40
level=1 epoch=153/500 train_effect=0.741068 eval_effect=0.726696 train_vq=0.024208 active_codes=4 ema_used_codes=4 step_counter=1530 last_check_step=1301 surprise_streak=0 distance_mean=0.4955 distance_p90=1.309 distance_p95=1.671 distance_max=2.888 surprise_support=40
level=1 epoch=154/500 train_effect=0.744158 eval_effect=0.721527 train_vq=0.024174 active_codes=4 ema_used_codes=4 step_counter=1540 last_check_step=1301 surprise_streak=0 distance_mean=0.4955 distance_p90=1.309 distance_p95=1.671 distance_max=2.888 surprise_support=40
level=1 epoch=155/500 train_effect=0.731332 eval_effect=0.721180 train_vq=0.026842 active_codes=4 ema_used_codes=4 step_counter=1550 last_check_step=1301 surprise_streak=0 distance_mean=0.4955 distance_p90=1.309 distance_p95=1.671 distance_max=2.888 surprise_support=40
level=1 epoch=156/500 train_effect=0.725311 eval_effect=0.715576 train_vq=0.026427 active_codes=4 ema_used_codes=4 step_counter=1560 last_check_step=1301 surprise_streak=0 distance_mean=0.4955 distance_p90=1.309 distance_p95=1.671 distance_max=2.888 surprise_support=40
level=1 epoch=157/500 train_effect=0.717001 eval_effect=0.719094 train_vq=0.024643 active_codes=4 ema_used_codes=4 step_counter=1570 last_check_step=1301 surprise_streak=0 distance_mean=0.4955 distance_p90=1.309 distance_p95=1.671 distance_max=2.888 surprise_support=40
level=1 epoch=158/500 train_effect=0.720806 eval_effect=0.710110 train_vq=0.025614 active_codes=4 ema_used_codes=4 step_counter=1580 last_check_step=1301 surprise_streak=0 distance_mean=0.4955 distance_p90=1.309 distance_p95=1.671 distance_max=2.888 surprise_support=40
level=1 epoch=159/500 train_effect=0.716457 eval_effect=0.702033 train_vq=0.025103 active_codes=4 ema_used_codes=4 step_counter=1590 last_check_step=1301 surprise_streak=0 distance_mean=0.4955 distance_p90=1.309 distance_p95=1.671 distance_max=2.888 surprise_support=40
level=1 epoch=160/500 train_effect=0.700151 eval_effect=0.698178 train_vq=0.025632 active_codes=4 ema_used_codes=4 step_counter=1600 last_check_step=1301 surprise_streak=0 distance_mean=0.4955 distance_p90=1.309 distance_p95=1.671 distance_max=2.888 surprise_support=40
level=1 epoch=161/500 train_effect=0.686396 eval_effect=0.686905 train_vq=0.026650 active_codes=4 ema_used_codes=4 step_counter=1610 last_check_step=1301 surprise_streak=0 distance_mean=0.4955 distance_p90=1.309 distance_p95=1.671 distance_max=2.888 surprise_support=40
level=1 epoch=162/500 train_effect=0.685395 eval_effect=0.680200 train_vq=0.026340 active_codes=4 ema_used_codes=4 step_counter=1620 last_check_step=1301 surprise_streak=0 distance_mean=0.4955 distance_p90=1.309 distance_p95=1.671 distance_max=2.888 surprise_support=40
level=1 epoch=163/500 train_effect=0.688740 eval_effect=0.677703 train_vq=0.024598 active_codes=4 ema_used_codes=4 step_counter=1630 last_check_step=1301 surprise_streak=0 distance_mean=0.4955 distance_p90=1.309 distance_p95=1.671 distance_max=2.888 surprise_support=40
level=1 epoch=164/500 train_effect=0.692620 eval_effect=0.674837 train_vq=0.027084 active_codes=4 ema_used_codes=4 step_counter=1640 last_check_step=1301 surprise_streak=0 distance_mean=0.4955 distance_p90=1.309 distance_p95=1.671 distance_max=2.888 surprise_support=40
level=1 epoch=165/500 train_effect=0.672921 eval_effect=0.665013 train_vq=0.026040 active_codes=4 ema_used_codes=4 step_counter=1650 last_check_step=1301 surprise_streak=0 distance_mean=0.4955 distance_p90=1.309 distance_p95=1.671 distance_max=2.888 surprise_support=40
level=1 epoch=166/500 train_effect=0.670917 eval_effect=0.662389 train_vq=0.026161 active_codes=4 ema_used_codes=4 step_counter=1660 last_check_step=1301 surprise_streak=0 distance_mean=0.4955 distance_p90=1.309 distance_p95=1.671 distance_max=2.888 surprise_support=40
level=1 epoch=167/500 train_effect=0.670692 eval_effect=0.660852 train_vq=0.027444 active_codes=4 ema_used_codes=4 step_counter=1670 last_check_step=1301 surprise_streak=0 distance_mean=0.4955 distance_p90=1.309 distance_p95=1.671 distance_max=2.888 surprise_support=40
level=1 epoch=168/500 train_effect=0.659119 eval_effect=0.657720 train_vq=0.026538 active_codes=4 ema_used_codes=4 step_counter=1680 last_check_step=1301 surprise_streak=0 distance_mean=0.4955 distance_p90=1.309 distance_p95=1.671 distance_max=2.888 surprise_support=40
level=1 epoch=169/500 train_effect=0.663997 eval_effect=0.650453 train_vq=0.026631 active_codes=4 ema_used_codes=4 step_counter=1690 last_check_step=1301 surprise_streak=0 distance_mean=0.4955 distance_p90=1.309 distance_p95=1.671 distance_max=2.888 surprise_support=40
level=1 epoch=170/500 train_effect=0.662159 eval_effect=0.652075 train_vq=0.028499 active_codes=4 ema_used_codes=4 step_counter=1700 last_check_step=1301 surprise_streak=0 distance_mean=0.4955 distance_p90=1.309 distance_p95=1.671 distance_max=2.888 surprise_support=40
level=1 epoch=171/500 train_effect=0.651925 eval_effect=0.645601 train_vq=0.028987 active_codes=4 ema_used_codes=4 step_counter=1710 last_check_step=1301 surprise_streak=0 distance_mean=0.4955 distance_p90=1.309 distance_p95=1.671 distance_max=2.888 surprise_support=40
level=1 epoch=172/500 train_effect=0.645024 eval_effect=0.641477 train_vq=0.031163 active_codes=4 ema_used_codes=4 step_counter=1720 last_check_step=1301 surprise_streak=0 distance_mean=0.4955 distance_p90=1.309 distance_p95=1.671 distance_max=2.888 surprise_support=40
level=1 epoch=173/500 train_effect=0.639167 eval_effect=0.636687 train_vq=0.029550 active_codes=4 ema_used_codes=4 step_counter=1730 last_check_step=1301 surprise_streak=0 distance_mean=0.4955 distance_p90=1.309 distance_p95=1.671 distance_max=2.888 surprise_support=40
level=1 epoch=174/500 train_effect=0.650499 eval_effect=0.627927 train_vq=0.029577 active_codes=4 ema_used_codes=4 step_counter=1740 last_check_step=1301 surprise_streak=0 distance_mean=0.4955 distance_p90=1.309 distance_p95=1.671 distance_max=2.888 surprise_support=40
level=1 epoch=175/500 train_effect=0.638811 eval_effect=0.626685 train_vq=0.032800 active_codes=4 ema_used_codes=4 step_counter=1750 last_check_step=1301 surprise_streak=0 distance_mean=0.4955 distance_p90=1.309 distance_p95=1.671 distance_max=2.888 surprise_support=40
level=1 epoch=176/500 train_effect=0.635779 eval_effect=0.624643 train_vq=0.033462 active_codes=4 ema_used_codes=4 step_counter=1760 last_check_step=1301 surprise_streak=0 distance_mean=0.4955 distance_p90=1.309 distance_p95=1.671 distance_max=2.888 surprise_support=40
level=1 epoch=177/500 train_effect=0.614601 eval_effect=0.624270 train_vq=0.031950 active_codes=4 ema_used_codes=4 step_counter=1770 last_check_step=1301 surprise_streak=0 distance_mean=0.4955 distance_p90=1.309 distance_p95=1.671 distance_max=2.888 surprise_support=40
level=1 epoch=178/500 train_effect=0.617302 eval_effect=0.617610 train_vq=0.030965 active_codes=4 ema_used_codes=4 step_counter=1780 last_check_step=1301 surprise_streak=0 distance_mean=0.4955 distance_p90=1.309 distance_p95=1.671 distance_max=2.888 surprise_support=40
level=1 epoch=179/500 train_effect=0.618684 eval_effect=0.602026 train_vq=0.030737 active_codes=4 ema_used_codes=4 step_counter=1790 last_check_step=1301 surprise_streak=0 distance_mean=0.4955 distance_p90=1.309 distance_p95=1.671 distance_max=2.888 surprise_support=40
level=1 epoch=180/500 train_effect=0.632527 eval_effect=0.592360 train_vq=0.034492 active_codes=4 ema_used_codes=4 step_counter=1800 last_check_step=1301 surprise_streak=0 distance_mean=0.4955 distance_p90=1.309 distance_p95=1.671 distance_max=2.888 surprise_support=40
level=1 epoch=181/500 train_effect=0.597441 eval_effect=0.585499 train_vq=0.034271 active_codes=4 ema_used_codes=4 step_counter=1810 last_check_step=1301 surprise_streak=0 distance_mean=0.4955 distance_p90=1.309 distance_p95=1.671 distance_max=2.888 surprise_support=40
level=1 epoch=182/500 train_effect=0.598092 eval_effect=0.577623 train_vq=0.036369 active_codes=4 ema_used_codes=4 step_counter=1820 last_check_step=1301 surprise_streak=0 distance_mean=0.4955 distance_p90=1.309 distance_p95=1.671 distance_max=2.888 surprise_support=40
level=1 epoch=183/500 train_effect=0.597359 eval_effect=0.619605 train_vq=0.035684 active_codes=4 ema_used_codes=4 step_counter=1830 last_check_step=1301 surprise_streak=0 distance_mean=0.4955 distance_p90=1.309 distance_p95=1.671 distance_max=2.888 surprise_support=40
level=1 epoch=184/500 train_effect=0.589865 eval_effect=0.560421 train_vq=0.033800 active_codes=4 ema_used_codes=4 step_counter=1840 last_check_step=1301 surprise_streak=0 distance_mean=0.4955 distance_p90=1.309 distance_p95=1.671 distance_max=2.888 surprise_support=40
level=1 epoch=185/500 train_effect=0.588072 eval_effect=0.567500 train_vq=0.038161 active_codes=4 ema_used_codes=4 step_counter=1850 last_check_step=1301 surprise_streak=0 distance_mean=0.4955 distance_p90=1.309 distance_p95=1.671 distance_max=2.888 surprise_support=40
level=1 epoch=186/500 train_effect=0.578471 eval_effect=0.579845 train_vq=0.036114 active_codes=4 ema_used_codes=4 step_counter=1860 last_check_step=1301 surprise_streak=0 distance_mean=0.4955 distance_p90=1.309 distance_p95=1.671 distance_max=2.888 surprise_support=40
level=1 epoch=187/500 train_effect=0.573719 eval_effect=0.567786 train_vq=0.034555 active_codes=4 ema_used_codes=4 step_counter=1870 last_check_step=1301 surprise_streak=0 distance_mean=0.4955 distance_p90=1.309 distance_p95=1.671 distance_max=2.888 surprise_support=40
level=1 epoch=188/500 train_effect=0.561736 eval_effect=0.580355 train_vq=0.037200 active_codes=4 ema_used_codes=4 step_counter=1880 last_check_step=1301 surprise_streak=0 distance_mean=0.4955 distance_p90=1.309 distance_p95=1.671 distance_max=2.888 surprise_support=40
level=1 epoch=189/500 train_effect=0.562038 eval_effect=0.542548 train_vq=0.033911 active_codes=4 ema_used_codes=4 step_counter=1890 last_check_step=1301 surprise_streak=0 distance_mean=0.4955 distance_p90=1.309 distance_p95=1.671 distance_max=2.888 surprise_support=40
level=1 epoch=190/500 train_effect=0.547284 eval_effect=0.540337 train_vq=0.032690 active_codes=4 ema_used_codes=4 step_counter=1900 last_check_step=1301 surprise_streak=0 distance_mean=0.4955 distance_p90=1.309 distance_p95=1.671 distance_max=2.888 surprise_support=40
level=1 epoch=191/500 train_effect=0.572496 eval_effect=0.541702 train_vq=0.035214 active_codes=4 ema_used_codes=4 step_counter=1910 last_check_step=1301 surprise_streak=0 distance_mean=0.4955 distance_p90=1.309 distance_p95=1.671 distance_max=2.888 surprise_support=40
level=1 epoch=192/500 train_effect=0.533240 eval_effect=0.539878 train_vq=0.033845 active_codes=4 ema_used_codes=4 step_counter=1920 last_check_step=1301 surprise_streak=0 distance_mean=0.4955 distance_p90=1.309 distance_p95=1.671 distance_max=2.888 surprise_support=40
level=1 epoch=193/500 train_effect=0.555028 eval_effect=0.541396 train_vq=0.033885 active_codes=4 ema_used_codes=4 step_counter=1930 last_check_step=1301 surprise_streak=0 distance_mean=0.4955 distance_p90=1.309 distance_p95=1.671 distance_max=2.888 surprise_support=40
level=1 epoch=194/500 train_effect=0.537123 eval_effect=0.530103 train_vq=0.035497 active_codes=4 ema_used_codes=4 step_counter=1940 last_check_step=1301 surprise_streak=0 distance_mean=0.4955 distance_p90=1.309 distance_p95=1.671 distance_max=2.888 surprise_support=40
level=1 epoch=195/500 train_effect=0.519146 eval_effect=0.515977 train_vq=0.035346 active_codes=4 ema_used_codes=4 step_counter=1950 last_check_step=1301 surprise_streak=0 distance_mean=0.4955 distance_p90=1.309 distance_p95=1.671 distance_max=2.888 surprise_support=40
level=1 epoch=196/500 train_effect=0.540174 eval_effect=0.518702 train_vq=0.032503 active_codes=4 ema_used_codes=4 step_counter=1960 last_check_step=1301 surprise_streak=0 distance_mean=0.4955 distance_p90=1.309 distance_p95=1.671 distance_max=2.888 surprise_support=40
level=1 epoch=197/500 train_effect=0.517270 eval_effect=0.519319 train_vq=0.033103 active_codes=4 ema_used_codes=4 step_counter=1970 last_check_step=1301 surprise_streak=0 distance_mean=0.4955 distance_p90=1.309 distance_p95=1.671 distance_max=2.888 surprise_support=40
level=1 epoch=198/500 train_effect=0.515174 eval_effect=0.501215 train_vq=0.032064 active_codes=4 ema_used_codes=4 step_counter=1980 last_check_step=1301 surprise_streak=0 distance_mean=0.4955 distance_p90=1.309 distance_p95=1.671 distance_max=2.888 surprise_support=40
level=1 epoch=199/500 train_effect=0.519028 eval_effect=0.501949 train_vq=0.031043 active_codes=4 ema_used_codes=4 step_counter=1990 last_check_step=1301 surprise_streak=0 distance_mean=0.4955 distance_p90=1.309 distance_p95=1.671 distance_max=2.888 surprise_support=40
level=1 epoch=200/500 train_effect=0.525705 eval_effect=0.495512 train_vq=0.030830 active_codes=4 ema_used_codes=4 step_counter=2000 last_check_step=1301 surprise_streak=0 distance_mean=0.4955 distance_p90=1.309 distance_p95=1.671 distance_max=2.888 surprise_support=40
level=1 epoch=201/500 train_effect=0.509063 eval_effect=0.498516 train_vq=0.029629 active_codes=4 ema_used_codes=4 step_counter=2010 last_check_step=1301 surprise_streak=0 distance_mean=0.4955 distance_p90=1.309 distance_p95=1.671 distance_max=2.888 surprise_support=40
level=1 epoch=202/500 train_effect=0.517942 eval_effect=0.495035 train_vq=0.032673 active_codes=4 ema_used_codes=4 step_counter=2020 last_check_step=1301 surprise_streak=0 distance_mean=0.4955 distance_p90=1.309 distance_p95=1.671 distance_max=2.888 surprise_support=40
level=1 epoch=203/500 train_effect=0.504136 eval_effect=0.475089 train_vq=0.028536 active_codes=4 ema_used_codes=4 step_counter=2030 last_check_step=1301 surprise_streak=0 distance_mean=0.4955 distance_p90=1.309 distance_p95=1.671 distance_max=2.888 surprise_support=40
level=1 epoch=204/500 train_effect=0.508902 eval_effect=0.486405 train_vq=0.029578 active_codes=4 ema_used_codes=4 step_counter=2040 last_check_step=1301 surprise_streak=0 distance_mean=0.4955 distance_p90=1.309 distance_p95=1.671 distance_max=2.888 surprise_support=40
level=1 epoch=205/500 train_effect=0.498444 eval_effect=0.474519 train_vq=0.029167 active_codes=4 ema_used_codes=4 step_counter=2050 last_check_step=1301 surprise_streak=0 distance_mean=0.4955 distance_p90=1.309 distance_p95=1.671 distance_max=2.888 surprise_support=40
level=1 epoch=206/500 train_effect=0.500920 eval_effect=0.486566 train_vq=0.028088 active_codes=4 ema_used_codes=4 step_counter=2060 last_check_step=1301 surprise_streak=0 distance_mean=0.4955 distance_p90=1.309 distance_p95=1.671 distance_max=2.888 surprise_support=40
level=1 epoch=207/500 train_effect=0.496853 eval_effect=0.476633 train_vq=0.029254 active_codes=4 ema_used_codes=4 step_counter=2070 last_check_step=1301 surprise_streak=0 distance_mean=0.4955 distance_p90=1.309 distance_p95=1.671 distance_max=2.888 surprise_support=40
level=1 epoch=208/500 train_effect=0.483374 eval_effect=0.472780 train_vq=0.027481 active_codes=4 ema_used_codes=4 step_counter=2080 last_check_step=1301 surprise_streak=0 distance_mean=0.4955 distance_p90=1.309 distance_p95=1.671 distance_max=2.888 surprise_support=40
level=1 epoch=209/500 train_effect=0.483152 eval_effect=0.477277 train_vq=0.029762 active_codes=4 ema_used_codes=4 step_counter=2090 last_check_step=1301 surprise_streak=0 distance_mean=0.4955 distance_p90=1.309 distance_p95=1.671 distance_max=2.888 surprise_support=40
level=1 epoch=210/500 train_effect=0.480667 eval_effect=0.472217 train_vq=0.028514 active_codes=4 ema_used_codes=4 step_counter=2100 last_check_step=1301 surprise_streak=0 distance_mean=0.4955 distance_p90=1.309 distance_p95=1.671 distance_max=2.888 surprise_support=40
level=1 epoch=211/500 train_effect=0.480211 eval_effect=0.477133 train_vq=0.028255 active_codes=4 ema_used_codes=4 step_counter=2110 last_check_step=1301 surprise_streak=0 distance_mean=0.4955 distance_p90=1.309 distance_p95=1.671 distance_max=2.888 surprise_support=40
level=1 epoch=212/500 train_effect=0.474644 eval_effect=0.473790 train_vq=0.027966 active_codes=4 ema_used_codes=4 step_counter=2120 last_check_step=1301 surprise_streak=0 distance_mean=0.4955 distance_p90=1.309 distance_p95=1.671 distance_max=2.888 surprise_support=40
level=1 epoch=213/500 train_effect=0.477591 eval_effect=0.478024 train_vq=0.028688 active_codes=4 ema_used_codes=4 step_counter=2130 last_check_step=1301 surprise_streak=0 distance_mean=0.4955 distance_p90=1.309 distance_p95=1.671 distance_max=2.888 surprise_support=40
level=1 epoch=214/500 train_effect=0.489098 eval_effect=0.459796 train_vq=0.029781 active_codes=4 ema_used_codes=4 step_counter=2140 last_check_step=1301 surprise_streak=0 distance_mean=0.4955 distance_p90=1.309 distance_p95=1.671 distance_max=2.888 surprise_support=40
level=1 epoch=215/500 train_effect=0.466403 eval_effect=0.471542 train_vq=0.029160 active_codes=4 ema_used_codes=4 step_counter=2150 last_check_step=1301 surprise_streak=0 distance_mean=0.4955 distance_p90=1.309 distance_p95=1.671 distance_max=2.888 surprise_support=40
level=1 epoch=216/500 train_effect=0.483026 eval_effect=0.472826 train_vq=0.028023 active_codes=4 ema_used_codes=4 step_counter=2160 last_check_step=1301 surprise_streak=0 distance_mean=0.4955 distance_p90=1.309 distance_p95=1.671 distance_max=2.888 surprise_support=40
level=1 epoch=217/500 train_effect=0.467779 eval_effect=0.468487 train_vq=0.027507 active_codes=4 ema_used_codes=4 step_counter=2170 last_check_step=1301 surprise_streak=0 distance_mean=0.4955 distance_p90=1.309 distance_p95=1.671 distance_max=2.888 surprise_support=40
level=1 epoch=218/500 train_effect=0.475357 eval_effect=0.487158 train_vq=0.030107 active_codes=4 ema_used_codes=4 step_counter=2180 last_check_step=1301 surprise_streak=0 distance_mean=0.4955 distance_p90=1.309 distance_p95=1.671 distance_max=2.888 surprise_support=40
level=1 epoch=219/500 train_effect=0.470189 eval_effect=0.462551 train_vq=0.028329 active_codes=4 ema_used_codes=4 step_counter=2190 last_check_step=1301 surprise_streak=0 distance_mean=0.4955 distance_p90=1.309 distance_p95=1.671 distance_max=2.888 surprise_support=40
level=1 epoch=220/500 train_effect=0.469919 eval_effect=0.465509 train_vq=0.028300 active_codes=4 ema_used_codes=4 step_counter=2200 last_check_step=1301 surprise_streak=0 distance_mean=0.4955 distance_p90=1.309 distance_p95=1.671 distance_max=2.888 surprise_support=40
level=1 epoch=221/500 train_effect=0.460672 eval_effect=0.440788 train_vq=0.030146 active_codes=4 ema_used_codes=4 step_counter=2210 last_check_step=1301 surprise_streak=0 distance_mean=0.4955 distance_p90=1.309 distance_p95=1.671 distance_max=2.888 surprise_support=40
level=1 epoch=222/500 train_effect=0.455151 eval_effect=0.450441 train_vq=0.028647 active_codes=4 ema_used_codes=4 step_counter=2220 last_check_step=1301 surprise_streak=0 distance_mean=0.4955 distance_p90=1.309 distance_p95=1.671 distance_max=2.888 surprise_support=40
level=1 epoch=223/500 train_effect=0.481004 eval_effect=0.450942 train_vq=0.028440 active_codes=4 ema_used_codes=4 step_counter=2230 last_check_step=1301 surprise_streak=0 distance_mean=0.4955 distance_p90=1.309 distance_p95=1.671 distance_max=2.888 surprise_support=40
level=1 epoch=224/500 train_effect=0.449125 eval_effect=0.426794 train_vq=0.026127 active_codes=4 ema_used_codes=4 step_counter=2240 last_check_step=1301 surprise_streak=0 distance_mean=0.4955 distance_p90=1.309 distance_p95=1.671 distance_max=2.888 surprise_support=40
level=1 epoch=225/500 train_effect=0.464946 eval_effect=0.459477 train_vq=0.030420 active_codes=4 ema_used_codes=4 step_counter=2250 last_check_step=1301 surprise_streak=0 distance_mean=0.4955 distance_p90=1.309 distance_p95=1.671 distance_max=2.888 surprise_support=40
level=1 epoch=226/500 train_effect=0.455338 eval_effect=0.444195 train_vq=0.028885 active_codes=4 ema_used_codes=4 step_counter=2260 last_check_step=1301 surprise_streak=0 distance_mean=0.4955 distance_p90=1.309 distance_p95=1.671 distance_max=2.888 surprise_support=40
level=1 epoch=227/500 train_effect=0.428358 eval_effect=0.428484 train_vq=0.026609 active_codes=4 ema_used_codes=4 step_counter=2270 last_check_step=1301 surprise_streak=0 distance_mean=0.4955 distance_p90=1.309 distance_p95=1.671 distance_max=2.888 surprise_support=40
level=1 epoch=228/500 train_effect=0.453144 eval_effect=0.434369 train_vq=0.027789 active_codes=4 ema_used_codes=4 step_counter=2280 last_check_step=1301 surprise_streak=0 distance_mean=0.4955 distance_p90=1.309 distance_p95=1.671 distance_max=2.888 surprise_support=40
level=1 epoch=229/500 train_effect=0.443679 eval_effect=0.416223 train_vq=0.029206 active_codes=4 ema_used_codes=4 step_counter=2290 last_check_step=1301 surprise_streak=0 distance_mean=0.4955 distance_p90=1.309 distance_p95=1.671 distance_max=2.888 surprise_support=40
level=1 epoch=230/500 train_effect=0.431596 eval_effect=0.455030 train_vq=0.028804 active_codes=4 ema_used_codes=4 step_counter=2300 last_check_step=1301 surprise_streak=0 distance_mean=0.4955 distance_p90=1.309 distance_p95=1.671 distance_max=2.888 surprise_support=40
level=1 epoch=231/500 train_effect=0.461112 eval_effect=0.440662 train_vq=0.030601 active_codes=4 ema_used_codes=4 step_counter=2310 last_check_step=1301 surprise_streak=0 distance_mean=0.4955 distance_p90=1.309 distance_p95=1.671 distance_max=2.888 surprise_support=40
level=1 epoch=232/500 train_effect=0.443432 eval_effect=0.419550 train_vq=0.028385 active_codes=4 ema_used_codes=4 step_counter=2320 last_check_step=1301 surprise_streak=0 distance_mean=0.4955 distance_p90=1.309 distance_p95=1.671 distance_max=2.888 surprise_support=40
level=1 epoch=233/500 train_effect=0.441116 eval_effect=0.429333 train_vq=0.029091 active_codes=4 ema_used_codes=4 step_counter=2330 last_check_step=1301 surprise_streak=0 distance_mean=0.4955 distance_p90=1.309 distance_p95=1.671 distance_max=2.888 surprise_support=40
level=1 epoch=234/500 train_effect=0.443640 eval_effect=0.451076 train_vq=0.029920 active_codes=4 ema_used_codes=4 step_counter=2340 last_check_step=1301 surprise_streak=0 distance_mean=0.4955 distance_p90=1.309 distance_p95=1.671 distance_max=2.888 surprise_support=40
level=1 epoch=235/500 train_effect=0.442468 eval_effect=0.410280 train_vq=0.029631 active_codes=4 ema_used_codes=4 step_counter=2350 last_check_step=1301 surprise_streak=0 distance_mean=0.4955 distance_p90=1.309 distance_p95=1.671 distance_max=2.888 surprise_support=40
level=1 epoch=236/500 train_effect=0.467279 eval_effect=0.434077 train_vq=0.029518 active_codes=4 ema_used_codes=4 step_counter=2360 last_check_step=1301 surprise_streak=0 distance_mean=0.4955 distance_p90=1.309 distance_p95=1.671 distance_max=2.888 surprise_support=40
level=1 epoch=237/500 train_effect=0.422056 eval_effect=0.402806 train_vq=0.029237 active_codes=4 ema_used_codes=4 step_counter=2370 last_check_step=1301 surprise_streak=0 distance_mean=0.4955 distance_p90=1.309 distance_p95=1.671 distance_max=2.888 surprise_support=40
level=1 epoch=238/500 train_effect=0.428965 eval_effect=0.414050 train_vq=0.028338 active_codes=4 ema_used_codes=4 step_counter=2380 last_check_step=1301 surprise_streak=0 distance_mean=0.4955 distance_p90=1.309 distance_p95=1.671 distance_max=2.888 surprise_support=40
level=1 epoch=239/500 train_effect=0.436754 eval_effect=0.440870 train_vq=0.029590 active_codes=4 ema_used_codes=4 step_counter=2390 last_check_step=1301 surprise_streak=0 distance_mean=0.4955 distance_p90=1.309 distance_p95=1.671 distance_max=2.888 surprise_support=40
level=1 epoch=240/500 train_effect=0.458759 eval_effect=0.398876 train_vq=0.030237 active_codes=4 ema_used_codes=4 step_counter=2400 last_check_step=1301 surprise_streak=0 distance_mean=0.4955 distance_p90=1.309 distance_p95=1.671 distance_max=2.888 surprise_support=40
level=1 epoch=241/500 train_effect=0.421536 eval_effect=0.409503 train_vq=0.030891 active_codes=4 ema_used_codes=4 step_counter=2410 last_check_step=1301 surprise_streak=0 distance_mean=0.4955 distance_p90=1.309 distance_p95=1.671 distance_max=2.888 surprise_support=40
level=1 epoch=242/500 train_effect=0.424774 eval_effect=0.425245 train_vq=0.031240 active_codes=4 ema_used_codes=4 step_counter=2420 last_check_step=1301 surprise_streak=0 distance_mean=0.4955 distance_p90=1.309 distance_p95=1.671 distance_max=2.888 surprise_support=40
level=1 epoch=243/500 train_effect=0.440319 eval_effect=0.405964 train_vq=0.030763 active_codes=4 ema_used_codes=4 step_counter=2430 last_check_step=1301 surprise_streak=0 distance_mean=0.4955 distance_p90=1.309 distance_p95=1.671 distance_max=2.888 surprise_support=40
level=1 epoch=244/500 train_effect=0.408475 eval_effect=0.434813 train_vq=0.027277 active_codes=4 ema_used_codes=4 step_counter=2440 last_check_step=1301 surprise_streak=0 distance_mean=0.4955 distance_p90=1.309 distance_p95=1.671 distance_max=2.888 surprise_support=40
level=1 epoch=245/500 train_effect=0.444662 eval_effect=0.413468 train_vq=0.031722 active_codes=4 ema_used_codes=4 step_counter=2450 last_check_step=1301 surprise_streak=0 distance_mean=0.4955 distance_p90=1.309 distance_p95=1.671 distance_max=2.888 surprise_support=40
level=1 epoch=246/500 train_effect=0.406084 eval_effect=0.390931 train_vq=0.028279 active_codes=4 ema_used_codes=4 step_counter=2460 last_check_step=1301 surprise_streak=0 distance_mean=0.4955 distance_p90=1.309 distance_p95=1.671 distance_max=2.888 surprise_support=40
level=1 epoch=247/500 train_effect=0.411265 eval_effect=0.430230 train_vq=0.030656 active_codes=4 ema_used_codes=4 step_counter=2470 last_check_step=1301 surprise_streak=0 distance_mean=0.4955 distance_p90=1.309 distance_p95=1.671 distance_max=2.888 surprise_support=40
level=1 epoch=248/500 train_effect=0.427857 eval_effect=0.431766 train_vq=0.031319 active_codes=4 ema_used_codes=4 step_counter=2480 last_check_step=1301 surprise_streak=0 distance_mean=0.4955 distance_p90=1.309 distance_p95=1.671 distance_max=2.888 surprise_support=40
level=1 epoch=249/500 train_effect=0.413844 eval_effect=0.396212 train_vq=0.030174 active_codes=4 ema_used_codes=4 step_counter=2490 last_check_step=1301 surprise_streak=0 distance_mean=0.4955 distance_p90=1.309 distance_p95=1.671 distance_max=2.888 surprise_support=40
level=1 epoch=250/500 train_effect=0.430107 eval_effect=0.401453 train_vq=0.030235 active_codes=4 ema_used_codes=4 step_counter=2500 last_check_step=1301 surprise_streak=0 distance_mean=0.4955 distance_p90=1.309 distance_p95=1.671 distance_max=2.888 surprise_support=40
level=1 epoch=251/500 train_effect=0.411289 eval_effect=0.388959 train_vq=0.030312 active_codes=4 ema_used_codes=4 step_counter=2510 last_check_step=1301 surprise_streak=0 distance_mean=0.4955 distance_p90=1.309 distance_p95=1.671 distance_max=2.888 surprise_support=40
level=1 epoch=252/500 train_effect=0.390161 eval_effect=0.394117 train_vq=0.029653 active_codes=4 ema_used_codes=4 step_counter=2520 last_check_step=1301 surprise_streak=0 distance_mean=0.4955 distance_p90=1.309 distance_p95=1.671 distance_max=2.888 surprise_support=40
level=1 epoch=253/500 train_effect=0.406476 eval_effect=0.401594 train_vq=0.030709 active_codes=4 ema_used_codes=4 step_counter=2530 last_check_step=1301 surprise_streak=0 distance_mean=0.4955 distance_p90=1.309 distance_p95=1.671 distance_max=2.888 surprise_support=40
level=1 epoch=254/500 train_effect=0.417005 eval_effect=0.377532 train_vq=0.032091 active_codes=4 ema_used_codes=4 step_counter=2540 last_check_step=1301 surprise_streak=0 distance_mean=0.4955 distance_p90=1.309 distance_p95=1.671 distance_max=2.888 surprise_support=40
level=1 epoch=255/500 train_effect=0.388567 eval_effect=0.403218 train_vq=0.030899 active_codes=4 ema_used_codes=4 step_counter=2550 last_check_step=1301 surprise_streak=0 distance_mean=0.4955 distance_p90=1.309 distance_p95=1.671 distance_max=2.888 surprise_support=40
level=1 epoch=256/500 train_effect=0.399717 eval_effect=0.382368 train_vq=0.030655 active_codes=4 ema_used_codes=4 step_counter=2560 last_check_step=1301 surprise_streak=0 distance_mean=0.4955 distance_p90=1.309 distance_p95=1.671 distance_max=2.888 surprise_support=40
level=1 epoch=257/500 train_effect=0.403688 eval_effect=0.408338 train_vq=0.029908 active_codes=4 ema_used_codes=4 step_counter=2570 last_check_step=1301 surprise_streak=0 distance_mean=0.4955 distance_p90=1.309 distance_p95=1.671 distance_max=2.888 surprise_support=40
level=1 epoch=258/500 train_effect=0.416168 eval_effect=0.388843 train_vq=0.030763 active_codes=4 ema_used_codes=4 step_counter=2580 last_check_step=1301 surprise_streak=0 distance_mean=0.4955 distance_p90=1.309 distance_p95=1.671 distance_max=2.888 surprise_support=40
level=1 epoch=259/500 train_effect=0.390294 eval_effect=0.385540 train_vq=0.030015 active_codes=4 ema_used_codes=4 step_counter=2590 last_check_step=1301 surprise_streak=0 distance_mean=0.4955 distance_p90=1.309 distance_p95=1.671 distance_max=2.888 surprise_support=40
level=1 epoch=260/500 train_effect=0.385550 eval_effect=0.382509 train_vq=0.030075 active_codes=4 ema_used_codes=4 step_counter=2600 last_check_step=1301 surprise_streak=0 distance_mean=0.4955 distance_p90=1.309 distance_p95=1.671 distance_max=2.888 surprise_support=40
level=1 epoch=261/500 train_effect=0.384783 eval_effect=0.372970 train_vq=0.030145 active_codes=4 ema_used_codes=4 step_counter=2610 last_check_step=1301 surprise_streak=0 distance_mean=0.4955 distance_p90=1.309 distance_p95=1.671 distance_max=2.888 surprise_support=40
level=1 epoch=262/500 train_effect=0.384153 eval_effect=0.371530 train_vq=0.032071 active_codes=4 ema_used_codes=4 step_counter=2620 last_check_step=1301 surprise_streak=0 distance_mean=0.4955 distance_p90=1.309 distance_p95=1.671 distance_max=2.888 surprise_support=40
level=1 epoch=263/500 train_effect=0.391311 eval_effect=0.374477 train_vq=0.031454 active_codes=4 ema_used_codes=4 step_counter=2630 last_check_step=1301 surprise_streak=0 distance_mean=0.4955 distance_p90=1.309 distance_p95=1.671 distance_max=2.888 surprise_support=40
level=1 epoch=264/500 train_effect=0.393756 eval_effect=0.364034 train_vq=0.032279 active_codes=4 ema_used_codes=4 step_counter=2640 last_check_step=1301 surprise_streak=0 distance_mean=0.4955 distance_p90=1.309 distance_p95=1.671 distance_max=2.888 surprise_support=40
level=1 epoch=265/500 train_effect=0.388692 eval_effect=0.401328 train_vq=0.030701 active_codes=4 ema_used_codes=4 step_counter=2650 last_check_step=1301 surprise_streak=0 distance_mean=0.4955 distance_p90=1.309 distance_p95=1.671 distance_max=2.888 surprise_support=40
level=1 epoch=266/500 train_effect=0.409506 eval_effect=0.383065 train_vq=0.033787 active_codes=4 ema_used_codes=4 step_counter=2660 last_check_step=1301 surprise_streak=0 distance_mean=0.4955 distance_p90=1.309 distance_p95=1.671 distance_max=2.888 surprise_support=40
level=1 epoch=267/500 train_effect=0.370797 eval_effect=0.360457 train_vq=0.030970 active_codes=4 ema_used_codes=4 step_counter=2670 last_check_step=1301 surprise_streak=0 distance_mean=0.4955 distance_p90=1.309 distance_p95=1.671 distance_max=2.888 surprise_support=40
level=1 epoch=268/500 train_effect=0.412084 eval_effect=0.421077 train_vq=0.034288 active_codes=4 ema_used_codes=4 step_counter=2680 last_check_step=1301 surprise_streak=0 distance_mean=0.4955 distance_p90=1.309 distance_p95=1.671 distance_max=2.888 surprise_support=40
level=1 epoch=269/500 train_effect=0.391339 eval_effect=0.352309 train_vq=0.032260 active_codes=4 ema_used_codes=4 step_counter=2690 last_check_step=1301 surprise_streak=0 distance_mean=0.4955 distance_p90=1.309 distance_p95=1.671 distance_max=2.888 surprise_support=40
level=1 epoch=270/500 train_effect=0.376881 eval_effect=0.391104 train_vq=0.031187 active_codes=4 ema_used_codes=4 step_counter=2700 last_check_step=1301 surprise_streak=0 distance_mean=0.4955 distance_p90=1.309 distance_p95=1.671 distance_max=2.888 surprise_support=40
level=1 epoch=271/500 train_effect=0.373041 eval_effect=0.369882 train_vq=0.031064 active_codes=4 ema_used_codes=4 step_counter=2710 last_check_step=1301 surprise_streak=0 distance_mean=0.4955 distance_p90=1.309 distance_p95=1.671 distance_max=2.888 surprise_support=40
level=1 epoch=272/500 train_effect=0.362908 eval_effect=0.379775 train_vq=0.031456 active_codes=4 ema_used_codes=4 step_counter=2720 last_check_step=1301 surprise_streak=0 distance_mean=0.4955 distance_p90=1.309 distance_p95=1.671 distance_max=2.888 surprise_support=40
level=1 epoch=273/500 train_effect=0.384269 eval_effect=0.358263 train_vq=0.032463 active_codes=4 ema_used_codes=4 step_counter=2730 last_check_step=1301 surprise_streak=0 distance_mean=0.4955 distance_p90=1.309 distance_p95=1.671 distance_max=2.888 surprise_support=40
level=1 epoch=274/500 train_effect=0.369352 eval_effect=0.352741 train_vq=0.031903 active_codes=4 ema_used_codes=4 step_counter=2740 last_check_step=1301 surprise_streak=0 distance_mean=0.4955 distance_p90=1.309 distance_p95=1.671 distance_max=2.888 surprise_support=40
level=1 epoch=275/500 train_effect=0.373399 eval_effect=0.373189 train_vq=0.033556 active_codes=4 ema_used_codes=4 step_counter=2750 last_check_step=1301 surprise_streak=0 distance_mean=0.4955 distance_p90=1.309 distance_p95=1.671 distance_max=2.888 surprise_support=40
level=1 epoch=276/500 train_effect=0.364777 eval_effect=0.364757 train_vq=0.031024 active_codes=4 ema_used_codes=4 step_counter=2760 last_check_step=1301 surprise_streak=0 distance_mean=0.4955 distance_p90=1.309 distance_p95=1.671 distance_max=2.888 surprise_support=40
level=1 epoch=277/500 train_effect=0.367640 eval_effect=0.355671 train_vq=0.031990 active_codes=4 ema_used_codes=4 step_counter=2770 last_check_step=1301 surprise_streak=0 distance_mean=0.4955 distance_p90=1.309 distance_p95=1.671 distance_max=2.888 surprise_support=40
level=1 epoch=278/500 train_effect=0.369652 eval_effect=0.375903 train_vq=0.032794 active_codes=4 ema_used_codes=4 step_counter=2780 last_check_step=1301 surprise_streak=0 distance_mean=0.4955 distance_p90=1.309 distance_p95=1.671 distance_max=2.888 surprise_support=40
level=1 epoch=279/500 train_effect=0.382635 eval_effect=0.383964 train_vq=0.032405 active_codes=4 ema_used_codes=4 step_counter=2790 last_check_step=1301 surprise_streak=0 distance_mean=0.4955 distance_p90=1.309 distance_p95=1.671 distance_max=2.888 surprise_support=40
level=1 epoch=280/500 train_effect=0.373569 eval_effect=0.361974 train_vq=0.030929 active_codes=4 ema_used_codes=4 step_counter=2800 last_check_step=1301 surprise_streak=0 distance_mean=0.4955 distance_p90=1.309 distance_p95=1.671 distance_max=2.888 surprise_support=40
level=1 epoch=281/500 train_effect=0.366926 eval_effect=0.349209 train_vq=0.032628 active_codes=4 ema_used_codes=4 step_counter=2810 last_check_step=1301 surprise_streak=0 distance_mean=0.4955 distance_p90=1.309 distance_p95=1.671 distance_max=2.888 surprise_support=40
level=1 epoch=282/500 train_effect=0.350469 eval_effect=0.350020 train_vq=0.031274 active_codes=4 ema_used_codes=4 step_counter=2820 last_check_step=1301 surprise_streak=0 distance_mean=0.4955 distance_p90=1.309 distance_p95=1.671 distance_max=2.888 surprise_support=40
level=1 epoch=283/500 train_effect=0.367926 eval_effect=0.364366 train_vq=0.032490 active_codes=4 ema_used_codes=4 step_counter=2830 last_check_step=1301 surprise_streak=0 distance_mean=0.4955 distance_p90=1.309 distance_p95=1.671 distance_max=2.888 surprise_support=40
level=1 epoch=284/500 train_effect=0.380816 eval_effect=0.336382 train_vq=0.032670 active_codes=4 ema_used_codes=4 step_counter=2840 last_check_step=1301 surprise_streak=0 distance_mean=0.4955 distance_p90=1.309 distance_p95=1.671 distance_max=2.888 surprise_support=40
level=1 epoch=285/500 train_effect=0.332230 eval_effect=0.342998 train_vq=0.029373 active_codes=4 ema_used_codes=4 step_counter=2850 last_check_step=1301 surprise_streak=0 distance_mean=0.4955 distance_p90=1.309 distance_p95=1.671 distance_max=2.888 surprise_support=40
level=1 epoch=286/500 train_effect=0.371150 eval_effect=0.372607 train_vq=0.032330 active_codes=4 ema_used_codes=4 step_counter=2860 last_check_step=1301 surprise_streak=0 distance_mean=0.4955 distance_p90=1.309 distance_p95=1.671 distance_max=2.888 surprise_support=40
level=1 epoch=287/500 train_effect=0.356799 eval_effect=0.326832 train_vq=0.030936 active_codes=4 ema_used_codes=4 step_counter=2870 last_check_step=1301 surprise_streak=0 distance_mean=0.4955 distance_p90=1.309 distance_p95=1.671 distance_max=2.888 surprise_support=40
level=1 epoch=288/500 train_effect=0.337577 eval_effect=0.363303 train_vq=0.030536 active_codes=4 ema_used_codes=4 step_counter=2880 last_check_step=1301 surprise_streak=0 distance_mean=0.4955 distance_p90=1.309 distance_p95=1.671 distance_max=2.888 surprise_support=40
level=1 epoch=289/500 train_effect=0.393708 eval_effect=0.345635 train_vq=0.032470 active_codes=4 ema_used_codes=4 step_counter=2890 last_check_step=1301 surprise_streak=0 distance_mean=0.4955 distance_p90=1.309 distance_p95=1.671 distance_max=2.888 surprise_support=40
level=1 epoch=290/500 train_effect=0.324296 eval_effect=0.354954 train_vq=0.028561 active_codes=4 ema_used_codes=4 step_counter=2900 last_check_step=1301 surprise_streak=0 distance_mean=0.4955 distance_p90=1.309 distance_p95=1.671 distance_max=2.888 surprise_support=40
level=1 epoch=291/500 train_effect=0.382141 eval_effect=0.338634 train_vq=0.033684 active_codes=4 ema_used_codes=4 step_counter=2910 last_check_step=1301 surprise_streak=0 distance_mean=0.4955 distance_p90=1.309 distance_p95=1.671 distance_max=2.888 surprise_support=40
level=1 epoch=292/500 train_effect=0.324460 eval_effect=0.314515 train_vq=0.030007 active_codes=4 ema_used_codes=4 step_counter=2920 last_check_step=1301 surprise_streak=0 distance_mean=0.4955 distance_p90=1.309 distance_p95=1.671 distance_max=2.888 surprise_support=40
level=1 epoch=293/500 train_effect=0.338070 eval_effect=0.420379 train_vq=0.031338 active_codes=4 ema_used_codes=4 step_counter=2930 last_check_step=1301 surprise_streak=0 distance_mean=0.4955 distance_p90=1.309 distance_p95=1.671 distance_max=2.888 surprise_support=40
level=1 epoch=294/500 train_effect=0.382986 eval_effect=0.331088 train_vq=0.035650 active_codes=4 ema_used_codes=4 step_counter=2940 last_check_step=1301 surprise_streak=0 distance_mean=0.4955 distance_p90=1.309 distance_p95=1.671 distance_max=2.888 surprise_support=40
level=1 epoch=295/500 train_effect=0.337693 eval_effect=0.325226 train_vq=0.030775 active_codes=4 ema_used_codes=4 step_counter=2950 last_check_step=1301 surprise_streak=0 distance_mean=0.4955 distance_p90=1.309 distance_p95=1.671 distance_max=2.888 surprise_support=40
level=1 epoch=296/500 train_effect=0.348100 eval_effect=0.381134 train_vq=0.032508 active_codes=4 ema_used_codes=4 step_counter=2960 last_check_step=1301 surprise_streak=0 distance_mean=0.4955 distance_p90=1.309 distance_p95=1.671 distance_max=2.888 surprise_support=40
level=1 epoch=297/500 train_effect=0.342681 eval_effect=0.306089 train_vq=0.031856 active_codes=4 ema_used_codes=4 step_counter=2970 last_check_step=1301 surprise_streak=0 distance_mean=0.4955 distance_p90=1.309 distance_p95=1.671 distance_max=2.888 surprise_support=40
level=1 epoch=298/500 train_effect=0.347020 eval_effect=0.346279 train_vq=0.032552 active_codes=4 ema_used_codes=4 step_counter=2980 last_check_step=1301 surprise_streak=0 distance_mean=0.4955 distance_p90=1.309 distance_p95=1.671 distance_max=2.888 surprise_support=40
level=1 epoch=299/500 train_effect=0.355208 eval_effect=0.328252 train_vq=0.034277 active_codes=4 ema_used_codes=4 step_counter=2990 last_check_step=1301 surprise_streak=0 distance_mean=0.4955 distance_p90=1.309 distance_p95=1.671 distance_max=2.888 surprise_support=40
level=1 epoch=300/500 train_effect=0.321329 eval_effect=0.316018 train_vq=0.031271 active_codes=4 ema_used_codes=4 step_counter=3000 last_check_step=1301 surprise_streak=0 distance_mean=0.4955 distance_p90=1.309 distance_p95=1.671 distance_max=2.888 surprise_support=40
level=1 epoch=301/500 train_effect=0.327812 eval_effect=0.327601 train_vq=0.032048 active_codes=4 ema_used_codes=4 step_counter=3010 last_check_step=1301 surprise_streak=0 distance_mean=0.4955 distance_p90=1.309 distance_p95=1.671 distance_max=2.888 surprise_support=40
level=1 epoch=302/500 train_effect=0.328809 eval_effect=0.329866 train_vq=0.031156 active_codes=4 ema_used_codes=4 step_counter=3020 last_check_step=1301 surprise_streak=0 distance_mean=0.4955 distance_p90=1.309 distance_p95=1.671 distance_max=2.888 surprise_support=40
level=1 epoch=303/500 train_effect=0.348399 eval_effect=0.328596 train_vq=0.035231 active_codes=4 ema_used_codes=4 step_counter=3030 last_check_step=1301 surprise_streak=0 distance_mean=0.4955 distance_p90=1.309 distance_p95=1.671 distance_max=2.888 surprise_support=40
level=1 epoch=304/500 train_effect=0.325698 eval_effect=0.317543 train_vq=0.031175 active_codes=4 ema_used_codes=4 step_counter=3040 last_check_step=1301 surprise_streak=0 distance_mean=0.4955 distance_p90=1.309 distance_p95=1.671 distance_max=2.888 surprise_support=40
level=1 epoch=305/500 train_effect=0.324089 eval_effect=0.370974 train_vq=0.033213 active_codes=4 ema_used_codes=4 step_counter=3050 last_check_step=1301 surprise_streak=0 distance_mean=0.4955 distance_p90=1.309 distance_p95=1.671 distance_max=2.888 surprise_support=40
level=1 epoch=306/500 train_effect=0.339842 eval_effect=0.318166 train_vq=0.032449 active_codes=4 ema_used_codes=4 step_counter=3060 last_check_step=1301 surprise_streak=0 distance_mean=0.4955 distance_p90=1.309 distance_p95=1.671 distance_max=2.888 surprise_support=40
level=1 epoch=307/500 train_effect=0.319778 eval_effect=0.302009 train_vq=0.031155 active_codes=4 ema_used_codes=4 step_counter=3070 last_check_step=1301 surprise_streak=0 distance_mean=0.4955 distance_p90=1.309 distance_p95=1.671 distance_max=2.888 surprise_support=40
level=1 epoch=308/500 train_effect=0.323187 eval_effect=0.310088 train_vq=0.034237 active_codes=4 ema_used_codes=4 step_counter=3080 last_check_step=1301 surprise_streak=0 distance_mean=0.4955 distance_p90=1.309 distance_p95=1.671 distance_max=2.888 surprise_support=40
level=1 epoch=309/500 train_effect=0.330316 eval_effect=0.298139 train_vq=0.032553 active_codes=4 ema_used_codes=4 step_counter=3090 last_check_step=1301 surprise_streak=0 distance_mean=0.4955 distance_p90=1.309 distance_p95=1.671 distance_max=2.888 surprise_support=40
level=1 epoch=310/500 train_effect=0.293669 eval_effect=0.317713 train_vq=0.030780 active_codes=4 ema_used_codes=4 step_counter=3100 last_check_step=1301 surprise_streak=0 distance_mean=0.4955 distance_p90=1.309 distance_p95=1.671 distance_max=2.888 surprise_support=40
level=1 epoch=311/500 train_effect=0.313594 eval_effect=0.344821 train_vq=0.030998 active_codes=4 ema_used_codes=4 step_counter=3110 last_check_step=1301 surprise_streak=0 distance_mean=0.4955 distance_p90=1.309 distance_p95=1.671 distance_max=2.888 surprise_support=40
level=1 epoch=312/500 train_effect=0.344517 eval_effect=0.314768 train_vq=0.035089 active_codes=4 ema_used_codes=4 step_counter=3120 last_check_step=1301 surprise_streak=0 distance_mean=0.4955 distance_p90=1.309 distance_p95=1.671 distance_max=2.888 surprise_support=40
level=1 epoch=313/500 train_effect=0.312461 eval_effect=0.288429 train_vq=0.031402 active_codes=4 ema_used_codes=4 step_counter=3130 last_check_step=1301 surprise_streak=0 distance_mean=0.4955 distance_p90=1.309 distance_p95=1.671 distance_max=2.888 surprise_support=40
level=1 epoch=314/500 train_effect=0.300140 eval_effect=0.328801 train_vq=0.031839 active_codes=4 ema_used_codes=4 step_counter=3140 last_check_step=1301 surprise_streak=0 distance_mean=0.4955 distance_p90=1.309 distance_p95=1.671 distance_max=2.888 surprise_support=40
level=1 epoch=315/500 train_effect=0.329955 eval_effect=0.335143 train_vq=0.034442 active_codes=4 ema_used_codes=4 step_counter=3150 last_check_step=1301 surprise_streak=0 distance_mean=0.4955 distance_p90=1.309 distance_p95=1.671 distance_max=2.888 surprise_support=40
level=1 epoch=316/500 train_effect=0.318366 eval_effect=0.284131 train_vq=0.032772 active_codes=4 ema_used_codes=4 step_counter=3160 last_check_step=1301 surprise_streak=0 distance_mean=0.4955 distance_p90=1.309 distance_p95=1.671 distance_max=2.888 surprise_support=40
level=1 epoch=317/500 train_effect=0.306384 eval_effect=0.296494 train_vq=0.031709 active_codes=4 ema_used_codes=4 step_counter=3170 last_check_step=1301 surprise_streak=0 distance_mean=0.4955 distance_p90=1.309 distance_p95=1.671 distance_max=2.888 surprise_support=40
level=1 epoch=318/500 train_effect=0.295253 eval_effect=0.294254 train_vq=0.031869 active_codes=4 ema_used_codes=4 step_counter=3180 last_check_step=1301 surprise_streak=0 distance_mean=0.4955 distance_p90=1.309 distance_p95=1.671 distance_max=2.888 surprise_support=40
level=1 epoch=319/500 train_effect=0.311248 eval_effect=0.286589 train_vq=0.031791 active_codes=4 ema_used_codes=4 step_counter=3190 last_check_step=1301 surprise_streak=0 distance_mean=0.4955 distance_p90=1.309 distance_p95=1.671 distance_max=2.888 surprise_support=40
level=1 epoch=320/500 train_effect=0.306763 eval_effect=0.308503 train_vq=0.032126 active_codes=4 ema_used_codes=4 step_counter=3200 last_check_step=1301 surprise_streak=0 distance_mean=0.4955 distance_p90=1.309 distance_p95=1.671 distance_max=2.888 surprise_support=40
level=1 epoch=321/500 train_effect=0.316955 eval_effect=0.302231 train_vq=0.034420 active_codes=4 ema_used_codes=4 step_counter=3210 last_check_step=1301 surprise_streak=0 distance_mean=0.4955 distance_p90=1.309 distance_p95=1.671 distance_max=2.888 surprise_support=40
level=1 epoch=322/500 train_effect=0.306898 eval_effect=0.295254 train_vq=0.032406 active_codes=4 ema_used_codes=4 step_counter=3220 last_check_step=1301 surprise_streak=0 distance_mean=0.4955 distance_p90=1.309 distance_p95=1.671 distance_max=2.888 surprise_support=40
level=1 epoch=323/500 train_effect=0.289355 eval_effect=0.289516 train_vq=0.031116 active_codes=4 ema_used_codes=4 step_counter=3230 last_check_step=1301 surprise_streak=0 distance_mean=0.4955 distance_p90=1.309 distance_p95=1.671 distance_max=2.888 surprise_support=40
level=1 epoch=324/500 train_effect=0.292411 eval_effect=0.283071 train_vq=0.032951 active_codes=4 ema_used_codes=4 step_counter=3240 last_check_step=1301 surprise_streak=0 distance_mean=0.4955 distance_p90=1.309 distance_p95=1.671 distance_max=2.888 surprise_support=40
level=1 epoch=325/500 train_effect=0.299893 eval_effect=0.287292 train_vq=0.034021 active_codes=4 ema_used_codes=4 step_counter=3250 last_check_step=1301 surprise_streak=0 distance_mean=0.4955 distance_p90=1.309 distance_p95=1.671 distance_max=2.888 surprise_support=40
level=1 epoch=326/500 train_effect=0.280756 eval_effect=0.283629 train_vq=0.031482 active_codes=4 ema_used_codes=4 step_counter=3260 last_check_step=1301 surprise_streak=0 distance_mean=0.4955 distance_p90=1.309 distance_p95=1.671 distance_max=2.888 surprise_support=40
level=1 epoch=327/500 train_effect=0.295533 eval_effect=0.296730 train_vq=0.032021 active_codes=4 ema_used_codes=4 step_counter=3270 last_check_step=1301 surprise_streak=0 distance_mean=0.4955 distance_p90=1.309 distance_p95=1.671 distance_max=2.888 surprise_support=40
level=1 epoch=328/500 train_effect=0.298230 eval_effect=0.283269 train_vq=0.032916 active_codes=4 ema_used_codes=4 step_counter=3280 last_check_step=1301 surprise_streak=0 distance_mean=0.4955 distance_p90=1.309 distance_p95=1.671 distance_max=2.888 surprise_support=40
level=1 epoch=329/500 train_effect=0.298012 eval_effect=0.277333 train_vq=0.032312 active_codes=4 ema_used_codes=4 step_counter=3290 last_check_step=1301 surprise_streak=0 distance_mean=0.4955 distance_p90=1.309 distance_p95=1.671 distance_max=2.888 surprise_support=40
level=1 epoch=330/500 train_effect=0.299921 eval_effect=0.302099 train_vq=0.033566 active_codes=4 ema_used_codes=4 step_counter=3300 last_check_step=1301 surprise_streak=0 distance_mean=0.4955 distance_p90=1.309 distance_p95=1.671 distance_max=2.888 surprise_support=40
level=1 epoch=331/500 train_effect=0.297316 eval_effect=0.267080 train_vq=0.033441 active_codes=4 ema_used_codes=4 step_counter=3310 last_check_step=1301 surprise_streak=0 distance_mean=0.4955 distance_p90=1.309 distance_p95=1.671 distance_max=2.888 surprise_support=40
level=1 epoch=332/500 train_effect=0.300292 eval_effect=0.304337 train_vq=0.033559 active_codes=4 ema_used_codes=4 step_counter=3320 last_check_step=1301 surprise_streak=0 distance_mean=0.4955 distance_p90=1.309 distance_p95=1.671 distance_max=2.888 surprise_support=40
level=1 epoch=333/500 train_effect=0.305161 eval_effect=0.280882 train_vq=0.032859 active_codes=4 ema_used_codes=4 step_counter=3330 last_check_step=1301 surprise_streak=0 distance_mean=0.4955 distance_p90=1.309 distance_p95=1.671 distance_max=2.888 surprise_support=40
level=1 epoch=334/500 train_effect=0.274116 eval_effect=0.293067 train_vq=0.031085 active_codes=4 ema_used_codes=4 step_counter=3340 last_check_step=1301 surprise_streak=0 distance_mean=0.4955 distance_p90=1.309 distance_p95=1.671 distance_max=2.888 surprise_support=40
level=1 epoch=335/500 train_effect=0.283694 eval_effect=0.298554 train_vq=0.034173 active_codes=4 ema_used_codes=4 step_counter=3350 last_check_step=1301 surprise_streak=0 distance_mean=0.4955 distance_p90=1.309 distance_p95=1.671 distance_max=2.888 surprise_support=40
level=1 epoch=336/500 train_effect=0.289964 eval_effect=0.265655 train_vq=0.033437 active_codes=4 ema_used_codes=4 step_counter=3360 last_check_step=1301 surprise_streak=0 distance_mean=0.4955 distance_p90=1.309 distance_p95=1.671 distance_max=2.888 surprise_support=40
level=1 epoch=337/500 train_effect=0.289344 eval_effect=0.288312 train_vq=0.031066 active_codes=4 ema_used_codes=4 step_counter=3370 last_check_step=1301 surprise_streak=0 distance_mean=0.4955 distance_p90=1.309 distance_p95=1.671 distance_max=2.888 surprise_support=40
level=1 epoch=338/500 train_effect=0.325111 eval_effect=0.281467 train_vq=0.033031 active_codes=4 ema_used_codes=4 step_counter=3380 last_check_step=1301 surprise_streak=0 distance_mean=0.4955 distance_p90=1.309 distance_p95=1.671 distance_max=2.888 surprise_support=40
level=1 epoch=339/500 train_effect=0.273863 eval_effect=0.254985 train_vq=0.031238 active_codes=4 ema_used_codes=4 step_counter=3390 last_check_step=1301 surprise_streak=0 distance_mean=0.4955 distance_p90=1.309 distance_p95=1.671 distance_max=2.888 surprise_support=40
level=1 epoch=340/500 train_effect=0.269724 eval_effect=0.317605 train_vq=0.032594 active_codes=4 ema_used_codes=4 step_counter=3400 last_check_step=1301 surprise_streak=0 distance_mean=0.4955 distance_p90=1.309 distance_p95=1.671 distance_max=2.888 surprise_support=40
level=1 epoch=341/500 train_effect=0.288139 eval_effect=0.269912 train_vq=0.034646 active_codes=4 ema_used_codes=4 step_counter=3410 last_check_step=1301 surprise_streak=0 distance_mean=0.4955 distance_p90=1.309 distance_p95=1.671 distance_max=2.888 surprise_support=40
level=1 epoch=342/500 train_effect=0.273188 eval_effect=0.244904 train_vq=0.031596 active_codes=4 ema_used_codes=4 step_counter=3420 last_check_step=1301 surprise_streak=0 distance_mean=0.4955 distance_p90=1.309 distance_p95=1.671 distance_max=2.888 surprise_support=40
level=1 epoch=343/500 train_effect=0.285456 eval_effect=0.390979 train_vq=0.032038 active_codes=4 ema_used_codes=4 step_counter=3430 last_check_step=1301 surprise_streak=0 distance_mean=0.4955 distance_p90=1.309 distance_p95=1.671 distance_max=2.888 surprise_support=40
level=1 epoch=344/500 train_effect=0.307997 eval_effect=0.254451 train_vq=0.036179 active_codes=4 ema_used_codes=4 step_counter=3440 last_check_step=1301 surprise_streak=0 distance_mean=0.4955 distance_p90=1.309 distance_p95=1.671 distance_max=2.888 surprise_support=40
level=1 epoch=345/500 train_effect=0.283920 eval_effect=0.252635 train_vq=0.032015 active_codes=4 ema_used_codes=4 step_counter=3450 last_check_step=1301 surprise_streak=0 distance_mean=0.4955 distance_p90=1.309 distance_p95=1.671 distance_max=2.888 surprise_support=40
level=1 epoch=346/500 train_effect=0.273095 eval_effect=0.280545 train_vq=0.033799 active_codes=4 ema_used_codes=4 step_counter=3460 last_check_step=1301 surprise_streak=0 distance_mean=0.4955 distance_p90=1.309 distance_p95=1.671 distance_max=2.888 surprise_support=40
level=1 epoch=347/500 train_effect=0.276545 eval_effect=0.280885 train_vq=0.034431 active_codes=4 ema_used_codes=4 step_counter=3470 last_check_step=1301 surprise_streak=0 distance_mean=0.4955 distance_p90=1.309 distance_p95=1.671 distance_max=2.888 surprise_support=40
level=1 epoch=348/500 train_effect=0.282415 eval_effect=0.271115 train_vq=0.034651 active_codes=4 ema_used_codes=4 step_counter=3480 last_check_step=1301 surprise_streak=0 distance_mean=0.4955 distance_p90=1.309 distance_p95=1.671 distance_max=2.888 surprise_support=40
level=1 epoch=349/500 train_effect=0.306411 eval_effect=0.245794 train_vq=0.036394 active_codes=4 ema_used_codes=4 step_counter=3490 last_check_step=1301 surprise_streak=0 distance_mean=0.4955 distance_p90=1.309 distance_p95=1.671 distance_max=2.888 surprise_support=40
level=1 epoch=350/500 train_effect=0.273271 eval_effect=0.317131 train_vq=0.033197 active_codes=4 ema_used_codes=4 step_counter=3500 last_check_step=1301 surprise_streak=0 distance_mean=0.4955 distance_p90=1.309 distance_p95=1.671 distance_max=2.888 surprise_support=40
level=1 epoch=351/500 train_effect=0.271546 eval_effect=0.247235 train_vq=0.034253 active_codes=4 ema_used_codes=4 step_counter=3510 last_check_step=1301 surprise_streak=0 distance_mean=0.4955 distance_p90=1.309 distance_p95=1.671 distance_max=2.888 surprise_support=40
level=1 epoch=352/500 train_effect=0.301127 eval_effect=0.246666 train_vq=0.035196 active_codes=4 ema_used_codes=4 step_counter=3520 last_check_step=1301 surprise_streak=0 distance_mean=0.4955 distance_p90=1.309 distance_p95=1.671 distance_max=2.888 surprise_support=40
level=1 epoch=353/500 train_effect=0.258580 eval_effect=0.252578 train_vq=0.033271 active_codes=4 ema_used_codes=4 step_counter=3530 last_check_step=1301 surprise_streak=0 distance_mean=0.4955 distance_p90=1.309 distance_p95=1.671 distance_max=2.888 surprise_support=40
level=1 epoch=354/500 train_effect=0.266379 eval_effect=0.269609 train_vq=0.034709 active_codes=4 ema_used_codes=4 step_counter=3540 last_check_step=1301 surprise_streak=0 distance_mean=0.4955 distance_p90=1.309 distance_p95=1.671 distance_max=2.888 surprise_support=40
level=1 epoch=355/500 train_effect=0.294129 eval_effect=0.236849 train_vq=0.035453 active_codes=4 ema_used_codes=4 step_counter=3550 last_check_step=1301 surprise_streak=0 distance_mean=0.4955 distance_p90=1.309 distance_p95=1.671 distance_max=2.888 surprise_support=40
level=1 epoch=356/500 train_effect=0.266622 eval_effect=0.295156 train_vq=0.032416 active_codes=4 ema_used_codes=4 step_counter=3560 last_check_step=1301 surprise_streak=0 distance_mean=0.4955 distance_p90=1.309 distance_p95=1.671 distance_max=2.888 surprise_support=40
level=1 epoch=357/500 train_effect=0.269548 eval_effect=0.248567 train_vq=0.034840 active_codes=4 ema_used_codes=4 step_counter=3570 last_check_step=1301 surprise_streak=0 distance_mean=0.4955 distance_p90=1.309 distance_p95=1.671 distance_max=2.888 surprise_support=40
level=1 epoch=358/500 train_effect=0.274151 eval_effect=0.239584 train_vq=0.032936 active_codes=4 ema_used_codes=4 step_counter=3580 last_check_step=1301 surprise_streak=0 distance_mean=0.4955 distance_p90=1.309 distance_p95=1.671 distance_max=2.888 surprise_support=40
level=1 epoch=359/500 train_effect=0.257042 eval_effect=0.254701 train_vq=0.032477 active_codes=4 ema_used_codes=4 step_counter=3590 last_check_step=1301 surprise_streak=0 distance_mean=0.4955 distance_p90=1.309 distance_p95=1.671 distance_max=2.888 surprise_support=40
level=1 epoch=360/500 train_effect=0.251502 eval_effect=0.240275 train_vq=0.032417 active_codes=4 ema_used_codes=4 step_counter=3600 last_check_step=1301 surprise_streak=0 distance_mean=0.4955 distance_p90=1.309 distance_p95=1.671 distance_max=2.888 surprise_support=40
level=1 epoch=361/500 train_effect=0.249747 eval_effect=0.241346 train_vq=0.033822 active_codes=4 ema_used_codes=4 step_counter=3610 last_check_step=1301 surprise_streak=0 distance_mean=0.4955 distance_p90=1.309 distance_p95=1.671 distance_max=2.888 surprise_support=40
level=1 epoch=362/500 train_effect=0.265922 eval_effect=0.230960 train_vq=0.033080 active_codes=4 ema_used_codes=4 step_counter=3620 last_check_step=1301 surprise_streak=0 distance_mean=0.4955 distance_p90=1.309 distance_p95=1.671 distance_max=2.888 surprise_support=40
level=1 epoch=363/500 train_effect=0.257614 eval_effect=0.235004 train_vq=0.034270 active_codes=4 ema_used_codes=4 step_counter=3630 last_check_step=1301 surprise_streak=0 distance_mean=0.4955 distance_p90=1.309 distance_p95=1.671 distance_max=2.888 surprise_support=40
level=1 epoch=364/500 train_effect=0.265949 eval_effect=0.252856 train_vq=0.034393 active_codes=4 ema_used_codes=4 step_counter=3640 last_check_step=1301 surprise_streak=0 distance_mean=0.4955 distance_p90=1.309 distance_p95=1.671 distance_max=2.888 surprise_support=40
level=1 epoch=365/500 train_effect=0.257496 eval_effect=0.248022 train_vq=0.034936 active_codes=4 ema_used_codes=4 step_counter=3650 last_check_step=1301 surprise_streak=0 distance_mean=0.4955 distance_p90=1.309 distance_p95=1.671 distance_max=2.888 surprise_support=40
level=1 epoch=366/500 train_effect=0.247389 eval_effect=0.233143 train_vq=0.033308 active_codes=4 ema_used_codes=4 step_counter=3660 last_check_step=1301 surprise_streak=0 distance_mean=0.4955 distance_p90=1.309 distance_p95=1.671 distance_max=2.888 surprise_support=40
level=1 epoch=367/500 train_effect=0.260585 eval_effect=0.250884 train_vq=0.035125 active_codes=4 ema_used_codes=4 step_counter=3670 last_check_step=1301 surprise_streak=0 distance_mean=0.4955 distance_p90=1.309 distance_p95=1.671 distance_max=2.888 surprise_support=40
level=1 epoch=368/500 train_effect=0.250378 eval_effect=0.228901 train_vq=0.033990 active_codes=4 ema_used_codes=4 step_counter=3680 last_check_step=1301 surprise_streak=0 distance_mean=0.4955 distance_p90=1.309 distance_p95=1.671 distance_max=2.888 surprise_support=40
level=1 epoch=369/500 train_effect=0.240870 eval_effect=0.280108 train_vq=0.033436 active_codes=4 ema_used_codes=4 step_counter=3690 last_check_step=1301 surprise_streak=0 distance_mean=0.4955 distance_p90=1.309 distance_p95=1.671 distance_max=2.888 surprise_support=40
level=1 epoch=370/500 train_effect=0.265264 eval_effect=0.224530 train_vq=0.032151 active_codes=4 ema_used_codes=4 step_counter=3700 last_check_step=1301 surprise_streak=0 distance_mean=0.4955 distance_p90=1.309 distance_p95=1.671 distance_max=2.888 surprise_support=40
level=1 epoch=371/500 train_effect=0.228113 eval_effect=0.238188 train_vq=0.029459 active_codes=4 ema_used_codes=4 step_counter=3710 last_check_step=1301 surprise_streak=0 distance_mean=0.4955 distance_p90=1.309 distance_p95=1.671 distance_max=2.888 surprise_support=40
level=1 epoch=372/500 train_effect=0.282092 eval_effect=0.256913 train_vq=0.035599 active_codes=4 ema_used_codes=4 step_counter=3720 last_check_step=1301 surprise_streak=0 distance_mean=0.4955 distance_p90=1.309 distance_p95=1.671 distance_max=2.888 surprise_support=40
level=1 epoch=373/500 train_effect=0.244995 eval_effect=0.217747 train_vq=0.033795 active_codes=4 ema_used_codes=4 step_counter=3730 last_check_step=1301 surprise_streak=0 distance_mean=0.4955 distance_p90=1.309 distance_p95=1.671 distance_max=2.888 surprise_support=40
level=1 epoch=374/500 train_effect=0.225689 eval_effect=0.241629 train_vq=0.030948 active_codes=4 ema_used_codes=4 step_counter=3740 last_check_step=1301 surprise_streak=0 distance_mean=0.4955 distance_p90=1.309 distance_p95=1.671 distance_max=2.888 surprise_support=40
level=1 epoch=375/500 train_effect=0.250856 eval_effect=0.237421 train_vq=0.035837 active_codes=4 ema_used_codes=4 step_counter=3750 last_check_step=1301 surprise_streak=0 distance_mean=0.4955 distance_p90=1.309 distance_p95=1.671 distance_max=2.888 surprise_support=40
level=1 epoch=376/500 train_effect=0.257377 eval_effect=0.228794 train_vq=0.034050 active_codes=4 ema_used_codes=4 step_counter=3760 last_check_step=1301 surprise_streak=0 distance_mean=0.4955 distance_p90=1.309 distance_p95=1.671 distance_max=2.888 surprise_support=40
level=1 epoch=377/500 train_effect=0.235901 eval_effect=0.228217 train_vq=0.032286 active_codes=4 ema_used_codes=4 step_counter=3770 last_check_step=1301 surprise_streak=0 distance_mean=0.4955 distance_p90=1.309 distance_p95=1.671 distance_max=2.888 surprise_support=40
level=1 epoch=378/500 train_effect=0.234437 eval_effect=0.215376 train_vq=0.031810 active_codes=4 ema_used_codes=4 step_counter=3780 last_check_step=1301 surprise_streak=0 distance_mean=0.4955 distance_p90=1.309 distance_p95=1.671 distance_max=2.888 surprise_support=40
level=1 epoch=379/500 train_effect=0.238935 eval_effect=0.216716 train_vq=0.033511 active_codes=4 ema_used_codes=4 step_counter=3790 last_check_step=1301 surprise_streak=0 distance_mean=0.4955 distance_p90=1.309 distance_p95=1.671 distance_max=2.888 surprise_support=40
level=1 epoch=380/500 train_effect=0.256940 eval_effect=0.249773 train_vq=0.037235 active_codes=4 ema_used_codes=4 step_counter=3800 last_check_step=1301 surprise_streak=0 distance_mean=0.4955 distance_p90=1.309 distance_p95=1.671 distance_max=2.888 surprise_support=40
level=1 epoch=381/500 train_effect=0.249100 eval_effect=0.216089 train_vq=0.036434 active_codes=4 ema_used_codes=4 step_counter=3810 last_check_step=1301 surprise_streak=0 distance_mean=0.4955 distance_p90=1.309 distance_p95=1.671 distance_max=2.888 surprise_support=40
level=1 epoch=382/500 train_effect=0.242499 eval_effect=0.212625 train_vq=0.032980 active_codes=4 ema_used_codes=4 step_counter=3820 last_check_step=1301 surprise_streak=0 distance_mean=0.4955 distance_p90=1.309 distance_p95=1.671 distance_max=2.888 surprise_support=40
level=1 epoch=383/500 train_effect=0.235401 eval_effect=0.227487 train_vq=0.032988 active_codes=4 ema_used_codes=4 step_counter=3830 last_check_step=1301 surprise_streak=0 distance_mean=0.4955 distance_p90=1.309 distance_p95=1.671 distance_max=2.888 surprise_support=40
level=1 epoch=384/500 train_effect=0.239912 eval_effect=0.228021 train_vq=0.034053 active_codes=4 ema_used_codes=4 step_counter=3840 last_check_step=1301 surprise_streak=0 distance_mean=0.4955 distance_p90=1.309 distance_p95=1.671 distance_max=2.888 surprise_support=40
level=1 epoch=385/500 train_effect=0.230453 eval_effect=0.205140 train_vq=0.031107 active_codes=4 ema_used_codes=4 step_counter=3850 last_check_step=1301 surprise_streak=0 distance_mean=0.4955 distance_p90=1.309 distance_p95=1.671 distance_max=2.888 surprise_support=40
level=1 epoch=386/500 train_effect=0.212469 eval_effect=0.216302 train_vq=0.031755 active_codes=4 ema_used_codes=4 step_counter=3860 last_check_step=1301 surprise_streak=0 distance_mean=0.4955 distance_p90=1.309 distance_p95=1.671 distance_max=2.888 surprise_support=40
level=1 epoch=387/500 train_effect=0.248929 eval_effect=0.235457 train_vq=0.037165 active_codes=4 ema_used_codes=4 step_counter=3870 last_check_step=1301 surprise_streak=0 distance_mean=0.4955 distance_p90=1.309 distance_p95=1.671 distance_max=2.888 surprise_support=40
level=1 epoch=388/500 train_effect=0.220946 eval_effect=0.227918 train_vq=0.034517 active_codes=4 ema_used_codes=4 step_counter=3880 last_check_step=1301 surprise_streak=0 distance_mean=0.4955 distance_p90=1.309 distance_p95=1.671 distance_max=2.888 surprise_support=40
level=1 epoch=389/500 train_effect=0.225225 eval_effect=0.204508 train_vq=0.033904 active_codes=4 ema_used_codes=4 step_counter=3890 last_check_step=1301 surprise_streak=0 distance_mean=0.4955 distance_p90=1.309 distance_p95=1.671 distance_max=2.888 surprise_support=40
level=1 epoch=390/500 train_effect=0.238696 eval_effect=0.206679 train_vq=0.032746 active_codes=4 ema_used_codes=4 step_counter=3900 last_check_step=1301 surprise_streak=0 distance_mean=0.4955 distance_p90=1.309 distance_p95=1.671 distance_max=2.888 surprise_support=40
level=1 epoch=391/500 train_effect=0.240166 eval_effect=0.225335 train_vq=0.035823 active_codes=4 ema_used_codes=4 step_counter=3910 last_check_step=1301 surprise_streak=0 distance_mean=0.4955 distance_p90=1.309 distance_p95=1.671 distance_max=2.888 surprise_support=40
level=1 epoch=392/500 train_effect=0.216657 eval_effect=0.222842 train_vq=0.033504 active_codes=4 ema_used_codes=4 step_counter=3920 last_check_step=1301 surprise_streak=0 distance_mean=0.4955 distance_p90=1.309 distance_p95=1.671 distance_max=2.888 surprise_support=40
level=1 epoch=393/500 train_effect=0.215887 eval_effect=0.205236 train_vq=0.033823 active_codes=4 ema_used_codes=4 step_counter=3930 last_check_step=1301 surprise_streak=0 distance_mean=0.4955 distance_p90=1.309 distance_p95=1.671 distance_max=2.888 surprise_support=40
level=1 epoch=394/500 train_effect=0.224172 eval_effect=0.219537 train_vq=0.033881 active_codes=4 ema_used_codes=4 step_counter=3940 last_check_step=1301 surprise_streak=0 distance_mean=0.4955 distance_p90=1.309 distance_p95=1.671 distance_max=2.888 surprise_support=40
level=1 epoch=395/500 train_effect=0.221495 eval_effect=0.232867 train_vq=0.035765 active_codes=4 ema_used_codes=4 step_counter=3950 last_check_step=1301 surprise_streak=0 distance_mean=0.4955 distance_p90=1.309 distance_p95=1.671 distance_max=2.888 surprise_support=40
level=1 epoch=396/500 train_effect=0.226556 eval_effect=0.218560 train_vq=0.033472 active_codes=4 ema_used_codes=4 step_counter=3960 last_check_step=1301 surprise_streak=0 distance_mean=0.4955 distance_p90=1.309 distance_p95=1.671 distance_max=2.888 surprise_support=40
level=1 epoch=397/500 train_effect=0.221616 eval_effect=0.196689 train_vq=0.032793 active_codes=4 ema_used_codes=4 step_counter=3970 last_check_step=1301 surprise_streak=0 distance_mean=0.4955 distance_p90=1.309 distance_p95=1.671 distance_max=2.888 surprise_support=40
level=1 epoch=398/500 train_effect=0.202730 eval_effect=0.239679 train_vq=0.032417 active_codes=4 ema_used_codes=4 step_counter=3980 last_check_step=1301 surprise_streak=0 distance_mean=0.4955 distance_p90=1.309 distance_p95=1.671 distance_max=2.888 surprise_support=40
level=1 epoch=399/500 train_effect=0.232977 eval_effect=0.246433 train_vq=0.037394 active_codes=4 ema_used_codes=4 step_counter=3990 last_check_step=1301 surprise_streak=0 distance_mean=0.4955 distance_p90=1.309 distance_p95=1.671 distance_max=2.888 surprise_support=40
level=1 epoch=400/500 train_effect=0.216298 eval_effect=0.212491 train_vq=0.033470 active_codes=4 ema_used_codes=4 step_counter=4000 last_check_step=1301 surprise_streak=0 distance_mean=0.4955 distance_p90=1.309 distance_p95=1.671 distance_max=2.888 surprise_support=40
level=1 epoch=401/500 train_effect=0.215495 eval_effect=0.211476 train_vq=0.030417 active_codes=4 ema_used_codes=4 step_counter=4010 last_check_step=1301 surprise_streak=0 distance_mean=0.4955 distance_p90=1.309 distance_p95=1.671 distance_max=2.888 surprise_support=40
level=1 epoch=402/500 train_effect=0.205663 eval_effect=0.213184 train_vq=0.031052 active_codes=4 ema_used_codes=4 step_counter=4020 last_check_step=1301 surprise_streak=0 distance_mean=0.4955 distance_p90=1.309 distance_p95=1.671 distance_max=2.888 surprise_support=40
level=1 epoch=403/500 train_effect=0.233894 eval_effect=0.209585 train_vq=0.034093 active_codes=4 ema_used_codes=4 step_counter=4030 last_check_step=1301 surprise_streak=0 distance_mean=0.4955 distance_p90=1.309 distance_p95=1.671 distance_max=2.888 surprise_support=40
level=1 epoch=404/500 train_effect=0.218333 eval_effect=0.217920 train_vq=0.033545 active_codes=4 ema_used_codes=4 step_counter=4040 last_check_step=1301 surprise_streak=0 distance_mean=0.4955 distance_p90=1.309 distance_p95=1.671 distance_max=2.888 surprise_support=40
level=1 epoch=405/500 train_effect=0.211297 eval_effect=0.192871 train_vq=0.032638 active_codes=4 ema_used_codes=4 step_counter=4050 last_check_step=1301 surprise_streak=0 distance_mean=0.4955 distance_p90=1.309 distance_p95=1.671 distance_max=2.888 surprise_support=40
level=1 epoch=406/500 train_effect=0.216730 eval_effect=0.191197 train_vq=0.031501 active_codes=4 ema_used_codes=4 step_counter=4060 last_check_step=1301 surprise_streak=0 distance_mean=0.4955 distance_p90=1.309 distance_p95=1.671 distance_max=2.888 surprise_support=40
level=1 epoch=407/500 train_effect=0.200593 eval_effect=0.204537 train_vq=0.031025 active_codes=4 ema_used_codes=4 step_counter=4070 last_check_step=1301 surprise_streak=0 distance_mean=0.4955 distance_p90=1.309 distance_p95=1.671 distance_max=2.888 surprise_support=40
level=1 epoch=408/500 train_effect=0.205990 eval_effect=0.214558 train_vq=0.033192 active_codes=4 ema_used_codes=4 step_counter=4080 last_check_step=1301 surprise_streak=0 distance_mean=0.4955 distance_p90=1.309 distance_p95=1.671 distance_max=2.888 surprise_support=40
level=1 epoch=409/500 train_effect=0.227329 eval_effect=0.191535 train_vq=0.031938 active_codes=4 ema_used_codes=4 step_counter=4090 last_check_step=1301 surprise_streak=0 distance_mean=0.4955 distance_p90=1.309 distance_p95=1.671 distance_max=2.888 surprise_support=40
level=1 epoch=410/500 train_effect=0.205160 eval_effect=0.235678 train_vq=0.031555 active_codes=4 ema_used_codes=4 step_counter=4100 last_check_step=1301 surprise_streak=0 distance_mean=0.4955 distance_p90=1.309 distance_p95=1.671 distance_max=2.888 surprise_support=40
level=1 epoch=411/500 train_effect=0.227870 eval_effect=0.201673 train_vq=0.039018 active_codes=4 ema_used_codes=4 step_counter=4110 last_check_step=1301 surprise_streak=0 distance_mean=0.4955 distance_p90=1.309 distance_p95=1.671 distance_max=2.888 surprise_support=40
level=1 epoch=412/500 train_effect=0.214713 eval_effect=0.185834 train_vq=0.032597 active_codes=4 ema_used_codes=4 step_counter=4120 last_check_step=1301 surprise_streak=0 distance_mean=0.4955 distance_p90=1.309 distance_p95=1.671 distance_max=2.888 surprise_support=40
level=1 epoch=413/500 train_effect=0.218706 eval_effect=0.204612 train_vq=0.032719 active_codes=4 ema_used_codes=4 step_counter=4130 last_check_step=1301 surprise_streak=0 distance_mean=0.4955 distance_p90=1.309 distance_p95=1.671 distance_max=2.888 surprise_support=40
level=1 epoch=414/500 train_effect=0.210950 eval_effect=0.197251 train_vq=0.032765 active_codes=4 ema_used_codes=4 step_counter=4140 last_check_step=1301 surprise_streak=0 distance_mean=0.4955 distance_p90=1.309 distance_p95=1.671 distance_max=2.888 surprise_support=40
level=1 epoch=415/500 train_effect=0.198243 eval_effect=0.192639 train_vq=0.034303 active_codes=4 ema_used_codes=4 step_counter=4150 last_check_step=1301 surprise_streak=0 distance_mean=0.4955 distance_p90=1.309 distance_p95=1.671 distance_max=2.888 surprise_support=40
level=1 epoch=416/500 train_effect=0.199520 eval_effect=0.190168 train_vq=0.031699 active_codes=4 ema_used_codes=4 step_counter=4160 last_check_step=1301 surprise_streak=0 distance_mean=0.4955 distance_p90=1.309 distance_p95=1.671 distance_max=2.888 surprise_support=40
level=1 epoch=417/500 train_effect=0.208870 eval_effect=0.187592 train_vq=0.033001 active_codes=4 ema_used_codes=4 step_counter=4170 last_check_step=1301 surprise_streak=0 distance_mean=0.4955 distance_p90=1.309 distance_p95=1.671 distance_max=2.888 surprise_support=40
level=1 epoch=418/500 train_effect=0.233750 eval_effect=0.193652 train_vq=0.032973 active_codes=4 ema_used_codes=4 step_counter=4180 last_check_step=1301 surprise_streak=0 distance_mean=0.4955 distance_p90=1.309 distance_p95=1.671 distance_max=2.888 surprise_support=40
level=1 epoch=419/500 train_effect=0.194057 eval_effect=0.193787 train_vq=0.035766 active_codes=4 ema_used_codes=4 step_counter=4190 last_check_step=1301 surprise_streak=0 distance_mean=0.4955 distance_p90=1.309 distance_p95=1.671 distance_max=2.888 surprise_support=40
level=1 epoch=420/500 train_effect=0.210887 eval_effect=0.201606 train_vq=0.034121 active_codes=4 ema_used_codes=4 step_counter=4200 last_check_step=1301 surprise_streak=0 distance_mean=0.4955 distance_p90=1.309 distance_p95=1.671 distance_max=2.888 surprise_support=40
level=1 epoch=421/500 train_effect=0.211556 eval_effect=0.193157 train_vq=0.032796 active_codes=4 ema_used_codes=4 step_counter=4210 last_check_step=1301 surprise_streak=0 distance_mean=0.4955 distance_p90=1.309 distance_p95=1.671 distance_max=2.888 surprise_support=40
level=1 epoch=422/500 train_effect=0.205080 eval_effect=0.183498 train_vq=0.030864 active_codes=4 ema_used_codes=4 step_counter=4220 last_check_step=1301 surprise_streak=0 distance_mean=0.4955 distance_p90=1.309 distance_p95=1.671 distance_max=2.888 surprise_support=40
level=1 epoch=423/500 train_effect=0.203254 eval_effect=0.186490 train_vq=0.032744 active_codes=4 ema_used_codes=4 step_counter=4230 last_check_step=1301 surprise_streak=0 distance_mean=0.4955 distance_p90=1.309 distance_p95=1.671 distance_max=2.888 surprise_support=40
level=1 epoch=424/500 train_effect=0.195148 eval_effect=0.195676 train_vq=0.036101 active_codes=4 ema_used_codes=4 step_counter=4240 last_check_step=1301 surprise_streak=0 distance_mean=0.4955 distance_p90=1.309 distance_p95=1.671 distance_max=2.888 surprise_support=40
level=1 epoch=425/500 train_effect=0.197375 eval_effect=0.195574 train_vq=0.033610 active_codes=4 ema_used_codes=4 step_counter=4250 last_check_step=1301 surprise_streak=0 distance_mean=0.4955 distance_p90=1.309 distance_p95=1.671 distance_max=2.888 surprise_support=40
level=1 epoch=426/500 train_effect=0.210719 eval_effect=0.182434 train_vq=0.032489 active_codes=4 ema_used_codes=4 step_counter=4260 last_check_step=1301 surprise_streak=0 distance_mean=0.4955 distance_p90=1.309 distance_p95=1.671 distance_max=2.888 surprise_support=40
level=1 epoch=427/500 train_effect=0.192974 eval_effect=0.189707 train_vq=0.031681 active_codes=4 ema_used_codes=4 step_counter=4270 last_check_step=1301 surprise_streak=0 distance_mean=0.4955 distance_p90=1.309 distance_p95=1.671 distance_max=2.888 surprise_support=40
level=1 epoch=428/500 train_effect=0.208360 eval_effect=0.186788 train_vq=0.034703 active_codes=4 ema_used_codes=4 step_counter=4280 last_check_step=1301 surprise_streak=0 distance_mean=0.4955 distance_p90=1.309 distance_p95=1.671 distance_max=2.888 surprise_support=40
level=1 epoch=429/500 train_effect=0.206747 eval_effect=0.186157 train_vq=0.033411 active_codes=4 ema_used_codes=4 step_counter=4290 last_check_step=1301 surprise_streak=0 distance_mean=0.4955 distance_p90=1.309 distance_p95=1.671 distance_max=2.888 surprise_support=40
level=1 epoch=430/500 train_effect=0.194039 eval_effect=0.183220 train_vq=0.030872 active_codes=4 ema_used_codes=4 step_counter=4300 last_check_step=1301 surprise_streak=0 distance_mean=0.4955 distance_p90=1.309 distance_p95=1.671 distance_max=2.888 surprise_support=40
level=1 epoch=431/500 train_effect=0.189763 eval_effect=0.173433 train_vq=0.030160 active_codes=4 ema_used_codes=4 step_counter=4310 last_check_step=1301 surprise_streak=0 distance_mean=0.4955 distance_p90=1.309 distance_p95=1.671 distance_max=2.888 surprise_support=40
level=1 epoch=432/500 train_effect=0.181280 eval_effect=0.182915 train_vq=0.033642 active_codes=4 ema_used_codes=4 step_counter=4320 last_check_step=1301 surprise_streak=0 distance_mean=0.4955 distance_p90=1.309 distance_p95=1.671 distance_max=2.888 surprise_support=40
level=1 epoch=433/500 train_effect=0.183493 eval_effect=0.206523 train_vq=0.032441 active_codes=4 ema_used_codes=4 step_counter=4330 last_check_step=1301 surprise_streak=0 distance_mean=0.4955 distance_p90=1.309 distance_p95=1.671 distance_max=2.888 surprise_support=40
level=1 epoch=434/500 train_effect=0.195867 eval_effect=0.201380 train_vq=0.034165 active_codes=4 ema_used_codes=4 step_counter=4340 last_check_step=1301 surprise_streak=0 distance_mean=0.4955 distance_p90=1.309 distance_p95=1.671 distance_max=2.888 surprise_support=40
level=1 epoch=435/500 train_effect=0.192775 eval_effect=0.169745 train_vq=0.031341 active_codes=4 ema_used_codes=4 step_counter=4350 last_check_step=1301 surprise_streak=0 distance_mean=0.4955 distance_p90=1.309 distance_p95=1.671 distance_max=2.888 surprise_support=40
level=1 epoch=436/500 train_effect=0.191779 eval_effect=0.183171 train_vq=0.031998 active_codes=4 ema_used_codes=4 step_counter=4360 last_check_step=1301 surprise_streak=0 distance_mean=0.4955 distance_p90=1.309 distance_p95=1.671 distance_max=2.888 surprise_support=40
level=1 epoch=437/500 train_effect=0.214606 eval_effect=0.191412 train_vq=0.037401 active_codes=4 ema_used_codes=4 step_counter=4370 last_check_step=1301 surprise_streak=0 distance_mean=0.4955 distance_p90=1.309 distance_p95=1.671 distance_max=2.888 surprise_support=40
level=1 epoch=438/500 train_effect=0.192315 eval_effect=0.169013 train_vq=0.032785 active_codes=4 ema_used_codes=4 step_counter=4380 last_check_step=1301 surprise_streak=0 distance_mean=0.4955 distance_p90=1.309 distance_p95=1.671 distance_max=2.888 surprise_support=40
level=1 epoch=439/500 train_effect=0.193369 eval_effect=0.170178 train_vq=0.031424 active_codes=4 ema_used_codes=4 step_counter=4390 last_check_step=1301 surprise_streak=0 distance_mean=0.4955 distance_p90=1.309 distance_p95=1.671 distance_max=2.888 surprise_support=40
level=1 epoch=440/500 train_effect=0.189987 eval_effect=0.165742 train_vq=0.032058 active_codes=4 ema_used_codes=4 step_counter=4400 last_check_step=1301 surprise_streak=0 distance_mean=0.4955 distance_p90=1.309 distance_p95=1.671 distance_max=2.888 surprise_support=40
level=1 epoch=441/500 train_effect=0.179851 eval_effect=0.168323 train_vq=0.033851 active_codes=4 ema_used_codes=4 step_counter=4410 last_check_step=1301 surprise_streak=0 distance_mean=0.4955 distance_p90=1.309 distance_p95=1.671 distance_max=2.888 surprise_support=40
level=1 epoch=442/500 train_effect=0.195170 eval_effect=0.175986 train_vq=0.032164 active_codes=4 ema_used_codes=4 step_counter=4420 last_check_step=1301 surprise_streak=0 distance_mean=0.4955 distance_p90=1.309 distance_p95=1.671 distance_max=2.888 surprise_support=40
level=1 epoch=443/500 train_effect=0.181646 eval_effect=0.180925 train_vq=0.032972 active_codes=4 ema_used_codes=4 step_counter=4430 last_check_step=1301 surprise_streak=0 distance_mean=0.4955 distance_p90=1.309 distance_p95=1.671 distance_max=2.888 surprise_support=40
level=1 epoch=444/500 train_effect=0.202135 eval_effect=0.168263 train_vq=0.031881 active_codes=4 ema_used_codes=4 step_counter=4440 last_check_step=1301 surprise_streak=0 distance_mean=0.4955 distance_p90=1.309 distance_p95=1.671 distance_max=2.888 surprise_support=40
level=1 epoch=445/500 train_effect=0.191537 eval_effect=0.202387 train_vq=0.036031 active_codes=4 ema_used_codes=4 step_counter=4450 last_check_step=1301 surprise_streak=0 distance_mean=0.4955 distance_p90=1.309 distance_p95=1.671 distance_max=2.888 surprise_support=40
level=1 epoch=446/500 train_effect=0.204607 eval_effect=0.180072 train_vq=0.038039 active_codes=4 ema_used_codes=4 step_counter=4460 last_check_step=1301 surprise_streak=0 distance_mean=0.4955 distance_p90=1.309 distance_p95=1.671 distance_max=2.888 surprise_support=40
level=1 epoch=447/500 train_effect=0.190700 eval_effect=0.167115 train_vq=0.034015 active_codes=4 ema_used_codes=4 step_counter=4470 last_check_step=1301 surprise_streak=0 distance_mean=0.4955 distance_p90=1.309 distance_p95=1.671 distance_max=2.888 surprise_support=40
level=1 epoch=448/500 train_effect=0.181691 eval_effect=0.167386 train_vq=0.030394 active_codes=4 ema_used_codes=4 step_counter=4480 last_check_step=1301 surprise_streak=0 distance_mean=0.4955 distance_p90=1.309 distance_p95=1.671 distance_max=2.888 surprise_support=40
level=1 epoch=449/500 train_effect=0.182917 eval_effect=0.170530 train_vq=0.031757 active_codes=4 ema_used_codes=4 step_counter=4490 last_check_step=1301 surprise_streak=0 distance_mean=0.4955 distance_p90=1.309 distance_p95=1.671 distance_max=2.888 surprise_support=40
level=1 epoch=450/500 train_effect=0.181426 eval_effect=0.166294 train_vq=0.032866 active_codes=4 ema_used_codes=4 step_counter=4500 last_check_step=1301 surprise_streak=0 distance_mean=0.4955 distance_p90=1.309 distance_p95=1.671 distance_max=2.888 surprise_support=40
level=1 epoch=451/500 train_effect=0.189622 eval_effect=0.175064 train_vq=0.031623 active_codes=4 ema_used_codes=4 step_counter=4510 last_check_step=1301 surprise_streak=0 distance_mean=0.4955 distance_p90=1.309 distance_p95=1.671 distance_max=2.888 surprise_support=40
level=1 epoch=452/500 train_effect=0.192419 eval_effect=0.167740 train_vq=0.031920 active_codes=4 ema_used_codes=4 step_counter=4520 last_check_step=1301 surprise_streak=0 distance_mean=0.4955 distance_p90=1.309 distance_p95=1.671 distance_max=2.888 surprise_support=40
level=1 epoch=453/500 train_effect=0.176264 eval_effect=0.195836 train_vq=0.030766 active_codes=4 ema_used_codes=4 step_counter=4530 last_check_step=1301 surprise_streak=0 distance_mean=0.4955 distance_p90=1.309 distance_p95=1.671 distance_max=2.888 surprise_support=40
level=1 epoch=454/500 train_effect=0.200643 eval_effect=0.179949 train_vq=0.036264 active_codes=4 ema_used_codes=4 step_counter=4540 last_check_step=1301 surprise_streak=0 distance_mean=0.4955 distance_p90=1.309 distance_p95=1.671 distance_max=2.888 surprise_support=40
level=1 epoch=455/500 train_effect=0.187198 eval_effect=0.164217 train_vq=0.033363 active_codes=4 ema_used_codes=4 step_counter=4550 last_check_step=1301 surprise_streak=0 distance_mean=0.4955 distance_p90=1.309 distance_p95=1.671 distance_max=2.888 surprise_support=40
level=1 epoch=456/500 train_effect=0.178508 eval_effect=0.179218 train_vq=0.032793 active_codes=4 ema_used_codes=4 step_counter=4560 last_check_step=1301 surprise_streak=0 distance_mean=0.4955 distance_p90=1.309 distance_p95=1.671 distance_max=2.888 surprise_support=40
level=1 epoch=457/500 train_effect=0.192089 eval_effect=0.164135 train_vq=0.031642 active_codes=4 ema_used_codes=4 step_counter=4570 last_check_step=1301 surprise_streak=0 distance_mean=0.4955 distance_p90=1.309 distance_p95=1.671 distance_max=2.888 surprise_support=40
level=1 epoch=458/500 train_effect=0.174453 eval_effect=0.172246 train_vq=0.033992 active_codes=4 ema_used_codes=4 step_counter=4580 last_check_step=1301 surprise_streak=0 distance_mean=0.4955 distance_p90=1.309 distance_p95=1.671 distance_max=2.888 surprise_support=40
level=1 epoch=459/500 train_effect=0.181655 eval_effect=0.171792 train_vq=0.033006 active_codes=4 ema_used_codes=4 step_counter=4590 last_check_step=1301 surprise_streak=0 distance_mean=0.4955 distance_p90=1.309 distance_p95=1.671 distance_max=2.888 surprise_support=40
level=1 epoch=460/500 train_effect=0.177753 eval_effect=0.163048 train_vq=0.032488 active_codes=4 ema_used_codes=4 step_counter=4600 last_check_step=1301 surprise_streak=0 distance_mean=0.4955 distance_p90=1.309 distance_p95=1.671 distance_max=2.888 surprise_support=40
level=1 epoch=461/500 train_effect=0.166869 eval_effect=0.160997 train_vq=0.030094 active_codes=4 ema_used_codes=4 step_counter=4610 last_check_step=1301 surprise_streak=0 distance_mean=0.4955 distance_p90=1.309 distance_p95=1.671 distance_max=2.888 surprise_support=40
level=1 epoch=462/500 train_effect=0.182169 eval_effect=0.186923 train_vq=0.034515 active_codes=4 ema_used_codes=4 step_counter=4620 last_check_step=1301 surprise_streak=0 distance_mean=0.4955 distance_p90=1.309 distance_p95=1.671 distance_max=2.888 surprise_support=40
level=1 epoch=463/500 train_effect=0.184514 eval_effect=0.174537 train_vq=0.036159 active_codes=4 ema_used_codes=4 step_counter=4630 last_check_step=1301 surprise_streak=0 distance_mean=0.4955 distance_p90=1.309 distance_p95=1.671 distance_max=2.888 surprise_support=40
level=1 epoch=464/500 train_effect=0.182973 eval_effect=0.163352 train_vq=0.033208 active_codes=4 ema_used_codes=4 step_counter=4640 last_check_step=1301 surprise_streak=0 distance_mean=0.4955 distance_p90=1.309 distance_p95=1.671 distance_max=2.888 surprise_support=40
level=1 epoch=465/500 train_effect=0.182996 eval_effect=0.162413 train_vq=0.031161 active_codes=4 ema_used_codes=4 step_counter=4650 last_check_step=1301 surprise_streak=0 distance_mean=0.4955 distance_p90=1.309 distance_p95=1.671 distance_max=2.888 surprise_support=40
level=1 epoch=466/500 train_effect=0.171070 eval_effect=0.154833 train_vq=0.031021 active_codes=4 ema_used_codes=4 step_counter=4660 last_check_step=1301 surprise_streak=0 distance_mean=0.4955 distance_p90=1.309 distance_p95=1.671 distance_max=2.888 surprise_support=40
level=1 epoch=467/500 train_effect=0.161634 eval_effect=0.169250 train_vq=0.033542 active_codes=4 ema_used_codes=4 step_counter=4670 last_check_step=1301 surprise_streak=0 distance_mean=0.4955 distance_p90=1.309 distance_p95=1.671 distance_max=2.888 surprise_support=40
level=1 epoch=468/500 train_effect=0.183407 eval_effect=0.186338 train_vq=0.034429 active_codes=4 ema_used_codes=4 step_counter=4680 last_check_step=1301 surprise_streak=0 distance_mean=0.4955 distance_p90=1.309 distance_p95=1.671 distance_max=2.888 surprise_support=40
level=1 epoch=469/500 train_effect=0.185331 eval_effect=0.157920 train_vq=0.034042 active_codes=4 ema_used_codes=4 step_counter=4690 last_check_step=1301 surprise_streak=0 distance_mean=0.4955 distance_p90=1.309 distance_p95=1.671 distance_max=2.888 surprise_support=40
level=1 epoch=470/500 train_effect=0.161981 eval_effect=0.155082 train_vq=0.030410 active_codes=4 ema_used_codes=4 step_counter=4700 last_check_step=1301 surprise_streak=0 distance_mean=0.4955 distance_p90=1.309 distance_p95=1.671 distance_max=2.888 surprise_support=40
level=1 epoch=471/500 train_effect=0.187433 eval_effect=0.199750 train_vq=0.034372 active_codes=4 ema_used_codes=4 step_counter=4710 last_check_step=1301 surprise_streak=0 distance_mean=0.4955 distance_p90=1.309 distance_p95=1.671 distance_max=2.888 surprise_support=40
level=1 epoch=472/500 train_effect=0.185234 eval_effect=0.153425 train_vq=0.033875 active_codes=4 ema_used_codes=4 step_counter=4720 last_check_step=1301 surprise_streak=0 distance_mean=0.4955 distance_p90=1.309 distance_p95=1.671 distance_max=2.888 surprise_support=40
level=1 epoch=473/500 train_effect=0.168926 eval_effect=0.185375 train_vq=0.030187 active_codes=4 ema_used_codes=4 step_counter=4730 last_check_step=1301 surprise_streak=0 distance_mean=0.4955 distance_p90=1.309 distance_p95=1.671 distance_max=2.888 surprise_support=40
level=1 epoch=474/500 train_effect=0.197377 eval_effect=0.158091 train_vq=0.031898 active_codes=4 ema_used_codes=4 step_counter=4740 last_check_step=1301 surprise_streak=0 distance_mean=0.4955 distance_p90=1.309 distance_p95=1.671 distance_max=2.888 surprise_support=40
/home/kubra/DeepSym/data.py:9: FutureWarning: You are using `torch.load` with `weights_only=False` (the current default value), which uses the default pickle module implicitly. It is possible to construct malicious pickle data which will execute arbitrary code during unpickling (See https://github.com/pytorch/pytorch/blob/main/SECURITY.md#untrusted-models for more details). In a future release, the default value for `weights_only` will be flipped to `True`. This limits the functions that could be executed during unpickling. Arbitrary objects will no longer be allowed to be loaded via this mode unless they are explicitly allowlisted by the user via `torch.serialization.add_safe_globals`. We recommend you start setting `weights_only=True` for any use case where you don't have full control of the loaded file. Please open an issue on GitHub for any issues related to this experimental feature.
  self.observation = torch.load("data/img/obs_prev_z.pt").unsqueeze(1)
/home/kubra/DeepSym/data.py:10: FutureWarning: You are using `torch.load` with `weights_only=False` (the current default value), which uses the default pickle module implicitly. It is possible to construct malicious pickle data which will execute arbitrary code during unpickling (See https://github.com/pytorch/pytorch/blob/main/SECURITY.md#untrusted-models for more details). In a future release, the default value for `weights_only` will be flipped to `True`. This limits the functions that could be executed during unpickling. Arbitrary objects will no longer be allowed to be loaded via this mode unless they are explicitly allowlisted by the user via `torch.serialization.add_safe_globals`. We recommend you start setting `weights_only=True` for any use case where you don't have full control of the loaded file. Please open an issue on GitHub for any issues related to this experimental feature.
  self.action = torch.load("data/img/action.pt")
/home/kubra/DeepSym/data.py:12: FutureWarning: You are using `torch.load` with `weights_only=False` (the current default value), which uses the default pickle module implicitly. It is possible to construct malicious pickle data which will execute arbitrary code during unpickling (See https://github.com/pytorch/pytorch/blob/main/SECURITY.md#untrusted-models for more details). In a future release, the default value for `weights_only` will be flipped to `True`. This limits the functions that could be executed during unpickling. Arbitrary objects will no longer be allowed to be loaded via this mode unless they are explicitly allowlisted by the user via `torch.serialization.add_safe_globals`. We recommend you start setting `weights_only=True` for any use case where you don't have full control of the loaded file. Please open an issue on GitHub for any issues related to this experimental feature.
  self.effect = torch.load("data/img/delta_pix_1.pt")
/home/kubra/DeepSym/models_vq_dynamic.py:109: UserWarning: Deterministic behavior was enabled with either `torch.use_deterministic_algorithms(True)` or `at::Context::setDeterministicAlgorithms(true)`, but this operation is not deterministic because it uses CuBLAS and you have CUDA >= 10.2. To enable deterministic behavior in this case, you must set an environment variable before running your PyTorch application: CUBLAS_WORKSPACE_CONFIG=:4096:8 or CUBLAS_WORKSPACE_CONFIG=:16:8. For more information, go to https://docs.nvidia.com/cuda/cublas/index.html#results-reproducibility (Triggered internally at ../aten/src/ATen/Context.cpp:185.)
  - 2.0 * flat_inputs @ weights.t()
/home/kubra/DeepSym/models_vq_dynamic.py:189: UserWarning: Deterministic behavior was enabled with either `torch.use_deterministic_algorithms(True)` or `at::Context::setDeterministicAlgorithms(true)`, but this operation is not deterministic because it uses CuBLAS and you have CUDA >= 10.2. To enable deterministic behavior in this case, you must set an environment variable before running your PyTorch application: CUBLAS_WORKSPACE_CONFIG=:4096:8 or CUBLAS_WORKSPACE_CONFIG=:16:8. For more information, go to https://docs.nvidia.com/cuda/cublas/index.html#results-reproducibility (Triggered internally at ../aten/src/ATen/Context.cpp:185.)
  quantized = (encodings @ self.embedding.weight[:active]).view_as(inputs)
/home/kubra/DeepSym/models_vq_dynamic.py:194: UserWarning: Deterministic behavior was enabled with either `torch.use_deterministic_algorithms(True)` or `at::Context::setDeterministicAlgorithms(true)`, but this operation is not deterministic because it uses CuBLAS and you have CUDA >= 10.2. To enable deterministic behavior in this case, you must set an environment variable before running your PyTorch application: CUBLAS_WORKSPACE_CONFIG=:4096:8 or CUBLAS_WORKSPACE_CONFIG=:16:8. For more information, go to https://docs.nvidia.com/cuda/cublas/index.html#results-reproducibility (Triggered internally at ../aten/src/ATen/Context.cpp:185.)
  sums = encodings.t() @ flat_inputs
/home/kubra/DeepSym/.venv/lib/python3.8/site-packages/torch/autograd/graph.py:769: UserWarning: Deterministic behavior was enabled with either `torch.use_deterministic_algorithms(True)` or `at::Context::setDeterministicAlgorithms(true)`, but this operation is not deterministic because it uses CuBLAS and you have CUDA >= 10.2. To enable deterministic behavior in this case, you must set an environment variable before running your PyTorch application: CUBLAS_WORKSPACE_CONFIG=:4096:8 or CUBLAS_WORKSPACE_CONFIG=:16:8. For more information, go to https://docs.nvidia.com/cuda/cublas/index.html#results-reproducibility (Triggered internally at ../aten/src/ATen/Context.cpp:185.)
  return Variable._execution_engine.run_backward(  # Calls into the C++ engine to run the backward pass
/home/kubra/DeepSym/models_vq_dynamic.py:368: FutureWarning: You are using `torch.load` with `weights_only=False` (the current default value), which uses the default pickle module implicitly. It is possible to construct malicious pickle data which will execute arbitrary code during unpickling (See https://github.com/pytorch/pytorch/blob/main/SECURITY.md#untrusted-models for more details). In a future release, the default value for `weights_only` will be flipped to `True`. This limits the functions that could be executed during unpickling. Arbitrary objects will no longer be allowed to be loaded via this mode unless they are explicitly allowlisted by the user via `torch.serialization.add_safe_globals`. We recommend you start setting `weights_only=True` for any use case where you don't have full control of the loaded file. Please open an issue on GitHub for any issues related to this experimental feature.
  torch.load(os.path.join(path, f"encoder{level}{ext}.ckpt"), map_location=self.device)
/home/kubra/DeepSym/models_vq_dynamic.py:371: FutureWarning: You are using `torch.load` with `weights_only=False` (the current default value), which uses the default pickle module implicitly. It is possible to construct malicious pickle data which will execute arbitrary code during unpickling (See https://github.com/pytorch/pytorch/blob/main/SECURITY.md#untrusted-models for more details). In a future release, the default value for `weights_only` will be flipped to `True`. This limits the functions that could be executed during unpickling. Arbitrary objects will no longer be allowed to be loaded via this mode unless they are explicitly allowlisted by the user via `torch.serialization.add_safe_globals`. We recommend you start setting `weights_only=True` for any use case where you don't have full control of the loaded file. Please open an issue on GitHub for any issues related to this experimental feature.
  torch.load(os.path.join(path, f"decoder{level}{ext}.ckpt"), map_location=self.device)
level=1 epoch=475/500 train_effect=0.166043 eval_effect=0.160493 train_vq=0.031268 active_codes=4 ema_used_codes=4 step_counter=4750 last_check_step=1301 surprise_streak=0 distance_mean=0.4955 distance_p90=1.309 distance_p95=1.671 distance_max=2.888 surprise_support=40
level=1 epoch=476/500 train_effect=0.183541 eval_effect=0.171816 train_vq=0.033557 active_codes=4 ema_used_codes=4 step_counter=4760 last_check_step=1301 surprise_streak=0 distance_mean=0.4955 distance_p90=1.309 distance_p95=1.671 distance_max=2.888 surprise_support=40
level=1 epoch=477/500 train_effect=0.168624 eval_effect=0.157394 train_vq=0.032279 active_codes=4 ema_used_codes=4 step_counter=4770 last_check_step=1301 surprise_streak=0 distance_mean=0.4955 distance_p90=1.309 distance_p95=1.671 distance_max=2.888 surprise_support=40
level=1 epoch=478/500 train_effect=0.175616 eval_effect=0.157201 train_vq=0.031787 active_codes=4 ema_used_codes=4 step_counter=4780 last_check_step=1301 surprise_streak=0 distance_mean=0.4955 distance_p90=1.309 distance_p95=1.671 distance_max=2.888 surprise_support=40
level=1 epoch=479/500 train_effect=0.167478 eval_effect=0.156151 train_vq=0.029881 active_codes=4 ema_used_codes=4 step_counter=4790 last_check_step=1301 surprise_streak=0 distance_mean=0.4955 distance_p90=1.309 distance_p95=1.671 distance_max=2.888 surprise_support=40
level=1 epoch=480/500 train_effect=0.176617 eval_effect=0.188679 train_vq=0.034422 active_codes=4 ema_used_codes=4 step_counter=4800 last_check_step=1301 surprise_streak=0 distance_mean=0.4955 distance_p90=1.309 distance_p95=1.671 distance_max=2.888 surprise_support=40
level=1 epoch=481/500 train_effect=0.171459 eval_effect=0.157992 train_vq=0.032361 active_codes=4 ema_used_codes=4 step_counter=4810 last_check_step=1301 surprise_streak=0 distance_mean=0.4955 distance_p90=1.309 distance_p95=1.671 distance_max=2.888 surprise_support=40
level=1 epoch=482/500 train_effect=0.178765 eval_effect=0.171333 train_vq=0.030584 active_codes=4 ema_used_codes=4 step_counter=4820 last_check_step=1301 surprise_streak=0 distance_mean=0.4955 distance_p90=1.309 distance_p95=1.671 distance_max=2.888 surprise_support=40
level=1 epoch=483/500 train_effect=0.173425 eval_effect=0.163424 train_vq=0.034225 active_codes=4 ema_used_codes=4 step_counter=4830 last_check_step=1301 surprise_streak=0 distance_mean=0.4955 distance_p90=1.309 distance_p95=1.671 distance_max=2.888 surprise_support=40
level=1 epoch=484/500 train_effect=0.169729 eval_effect=0.148375 train_vq=0.031397 active_codes=4 ema_used_codes=4 step_counter=4840 last_check_step=1301 surprise_streak=0 distance_mean=0.4955 distance_p90=1.309 distance_p95=1.671 distance_max=2.888 surprise_support=40
level=1 epoch=485/500 train_effect=0.160431 eval_effect=0.178196 train_vq=0.029640 active_codes=4 ema_used_codes=4 step_counter=4850 last_check_step=1301 surprise_streak=0 distance_mean=0.4955 distance_p90=1.309 distance_p95=1.671 distance_max=2.888 surprise_support=40
level=1 epoch=486/500 train_effect=0.175789 eval_effect=0.156893 train_vq=0.032399 active_codes=4 ema_used_codes=4 step_counter=4860 last_check_step=1301 surprise_streak=0 distance_mean=0.4955 distance_p90=1.309 distance_p95=1.671 distance_max=2.888 surprise_support=40
level=1 epoch=487/500 train_effect=0.169185 eval_effect=0.146668 train_vq=0.031567 active_codes=4 ema_used_codes=4 step_counter=4870 last_check_step=1301 surprise_streak=0 distance_mean=0.4955 distance_p90=1.309 distance_p95=1.671 distance_max=2.888 surprise_support=40
level=1 epoch=488/500 train_effect=0.149482 eval_effect=0.171878 train_vq=0.030836 active_codes=4 ema_used_codes=4 step_counter=4880 last_check_step=1301 surprise_streak=0 distance_mean=0.4955 distance_p90=1.309 distance_p95=1.671 distance_max=2.888 surprise_support=40
level=1 epoch=489/500 train_effect=0.165028 eval_effect=0.157975 train_vq=0.033852 active_codes=4 ema_used_codes=4 step_counter=4890 last_check_step=1301 surprise_streak=0 distance_mean=0.4955 distance_p90=1.309 distance_p95=1.671 distance_max=2.888 surprise_support=40
level=1 epoch=490/500 train_effect=0.178457 eval_effect=0.164168 train_vq=0.033479 active_codes=4 ema_used_codes=4 step_counter=4900 last_check_step=1301 surprise_streak=0 distance_mean=0.4955 distance_p90=1.309 distance_p95=1.671 distance_max=2.888 surprise_support=40
level=1 epoch=491/500 train_effect=0.161885 eval_effect=0.143616 train_vq=0.030309 active_codes=4 ema_used_codes=4 step_counter=4910 last_check_step=1301 surprise_streak=0 distance_mean=0.4955 distance_p90=1.309 distance_p95=1.671 distance_max=2.888 surprise_support=40
level=1 epoch=492/500 train_effect=0.153393 eval_effect=0.153119 train_vq=0.030650 active_codes=4 ema_used_codes=4 step_counter=4920 last_check_step=1301 surprise_streak=0 distance_mean=0.4955 distance_p90=1.309 distance_p95=1.671 distance_max=2.888 surprise_support=40
level=1 epoch=493/500 train_effect=0.157338 eval_effect=0.151298 train_vq=0.030264 active_codes=4 ema_used_codes=4 step_counter=4930 last_check_step=1301 surprise_streak=0 distance_mean=0.4955 distance_p90=1.309 distance_p95=1.671 distance_max=2.888 surprise_support=40
level=1 epoch=494/500 train_effect=0.155513 eval_effect=0.148257 train_vq=0.030191 active_codes=4 ema_used_codes=4 step_counter=4940 last_check_step=1301 surprise_streak=0 distance_mean=0.4955 distance_p90=1.309 distance_p95=1.671 distance_max=2.888 surprise_support=40
level=1 epoch=495/500 train_effect=0.154701 eval_effect=0.147948 train_vq=0.029440 active_codes=4 ema_used_codes=4 step_counter=4950 last_check_step=1301 surprise_streak=0 distance_mean=0.4955 distance_p90=1.309 distance_p95=1.671 distance_max=2.888 surprise_support=40
level=1 epoch=496/500 train_effect=0.152388 eval_effect=0.148833 train_vq=0.030602 active_codes=4 ema_used_codes=4 step_counter=4960 last_check_step=1301 surprise_streak=0 distance_mean=0.4955 distance_p90=1.309 distance_p95=1.671 distance_max=2.888 surprise_support=40
level=1 epoch=497/500 train_effect=0.161813 eval_effect=0.170300 train_vq=0.030820 active_codes=4 ema_used_codes=4 step_counter=4970 last_check_step=1301 surprise_streak=0 distance_mean=0.4955 distance_p90=1.309 distance_p95=1.671 distance_max=2.888 surprise_support=40
level=1 epoch=498/500 train_effect=0.170114 eval_effect=0.165938 train_vq=0.034676 active_codes=4 ema_used_codes=4 step_counter=4980 last_check_step=1301 surprise_streak=0 distance_mean=0.4955 distance_p90=1.309 distance_p95=1.671 distance_max=2.888 surprise_support=40
level=1 epoch=499/500 train_effect=0.162242 eval_effect=0.141492 train_vq=0.032673 active_codes=4 ema_used_codes=4 step_counter=4990 last_check_step=1301 surprise_streak=0 distance_mean=0.4955 distance_p90=1.309 distance_p95=1.671 distance_max=2.888 surprise_support=40
level=1 epoch=500/500 train_effect=0.149706 eval_effect=0.154186 train_vq=0.029603 active_codes=4 ema_used_codes=4 step_counter=5000 last_check_step=1301 surprise_streak=0 distance_mean=0.4955 distance_p90=1.309 distance_p95=1.671 distance_max=2.888 surprise_support=40
Best level-1 deterministic weighted MSE: 0.14149204

=== dynamic | seed=3 | level=2 | epochs=500 ===
========== ENCODER ==========
Sequential(
  (0): ConvBlock(
    (block): Sequential(
      (0): Conv2d(2, 32, kernel_size=(3, 3), stride=(1, 1), padding=(1, 1))
      (1): BatchNorm2d(32, eps=1e-05, momentum=0.1, affine=True, track_running_stats=True)
      (2): ReLU()
    )
  )
  (1): ConvBlock(
    (block): Sequential(
      (0): Conv2d(32, 32, kernel_size=(3, 3), stride=(2, 2), padding=(1, 1))
      (1): BatchNorm2d(32, eps=1e-05, momentum=0.1, affine=True, track_running_stats=True)
      (2): ReLU()
    )
  )
  (2): ConvBlock(
    (block): Sequential(
      (0): Conv2d(32, 64, kernel_size=(3, 3), stride=(1, 1), padding=(1, 1))
      (1): BatchNorm2d(64, eps=1e-05, momentum=0.1, affine=True, track_running_stats=True)
      (2): ReLU()
    )
  )
  (3): ConvBlock(
    (block): Sequential(
      (0): Conv2d(64, 64, kernel_size=(3, 3), stride=(2, 2), padding=(1, 1))
      (1): BatchNorm2d(64, eps=1e-05, momentum=0.1, affine=True, track_running_stats=True)
      (2): ReLU()
    )
  )
  (4): ConvBlock(
    (block): Sequential(
      (0): Conv2d(64, 128, kernel_size=(3, 3), stride=(1, 1), padding=(1, 1))
      (1): BatchNorm2d(128, eps=1e-05, momentum=0.1, affine=True, track_running_stats=True)
      (2): ReLU()
    )
  )
  (5): ConvBlock(
    (block): Sequential(
      (0): Conv2d(128, 128, kernel_size=(3, 3), stride=(2, 2), padding=(1, 1))
      (1): BatchNorm2d(128, eps=1e-05, momentum=0.1, affine=True, track_running_stats=True)
      (2): ReLU()
    )
  )
  (6): ConvBlock(
    (block): Sequential(
      (0): Conv2d(128, 256, kernel_size=(3, 3), stride=(1, 1), padding=(1, 1))
      (1): BatchNorm2d(256, eps=1e-05, momentum=0.1, affine=True, track_running_stats=True)
      (2): ReLU()
    )
  )
  (7): ConvBlock(
    (block): Sequential(
      (0): Conv2d(256, 256, kernel_size=(3, 3), stride=(2, 2), padding=(1, 1))
      (1): BatchNorm2d(256, eps=1e-05, momentum=0.1, affine=True, track_running_stats=True)
      (2): ReLU()
    )
  )
  (8): Avg(dims=[2, 3])
  (9): MLP(
    (layers): Sequential(
      (0): Linear(in_features=256, out_features=1)
    )
  )
  (10): DynamicEMAVQLayer(
    (embedding): Embedding(2, 1)
  )
)
parameter count: 1174147
=============================
========== DECODER ==========
MLP(
  (layers): Sequential(
    (0): Linear(in_features=5, out_features=128)
    (1): ReLU()
    (2): Linear(in_features=128, out_features=128)
    (3): ReLU()
    (4): Linear(in_features=128, out_features=6)
  )
)
parameter count: 18054
=============================
level=2 epoch=1/500 train_effect=4.272688 eval_effect=3.976075 train_vq=0.022809 active_codes=1 ema_used_codes=1 step_counter=10 last_check_step=0 surprise_streak=0
level=2 epoch=2/500 train_effect=3.766111 eval_effect=3.504218 train_vq=0.046432 active_codes=1 ema_used_codes=1 step_counter=20 last_check_step=0 surprise_streak=0
level=2 epoch=3/500 train_effect=3.323836 eval_effect=3.096659 train_vq=0.175563 active_codes=1 ema_used_codes=1 step_counter=30 last_check_step=0 surprise_streak=0
level=2 epoch=4/500 train_effect=2.946572 eval_effect=2.753768 train_vq=0.273539 active_codes=1 ema_used_codes=1 step_counter=40 last_check_step=0 surprise_streak=0
level=2 epoch=5/500 train_effect=2.622153 eval_effect=2.468572 train_vq=0.214788 active_codes=1 ema_used_codes=1 step_counter=50 last_check_step=0 surprise_streak=0
level=2 epoch=6/500 train_effect=2.364667 eval_effect=2.233645 train_vq=0.196473 active_codes=1 ema_used_codes=1 step_counter=60 last_check_step=0 surprise_streak=0
level=2 epoch=7/500 train_effect=2.144062 eval_effect=2.042839 train_vq=0.225176 active_codes=1 ema_used_codes=1 step_counter=70 last_check_step=0 surprise_streak=0
level=2 epoch=8/500 train_effect=1.972978 eval_effect=1.883124 train_vq=0.225230 active_codes=1 ema_used_codes=1 step_counter=80 last_check_step=0 surprise_streak=0
level=2 epoch=9/500 train_effect=1.823734 eval_effect=1.749801 train_vq=0.199850 active_codes=1 ema_used_codes=1 step_counter=90 last_check_step=0 surprise_streak=0
level=2 epoch=10/500 train_effect=1.700324 eval_effect=1.638097 train_vq=0.164827 active_codes=1 ema_used_codes=1 step_counter=100 last_check_step=0 surprise_streak=0
level=2 epoch=11/500 train_effect=1.597244 eval_effect=1.545061 train_vq=0.136908 active_codes=1 ema_used_codes=1 step_counter=110 last_check_step=0 surprise_streak=0
level=2 epoch=12/500 train_effect=1.510711 eval_effect=1.466191 train_vq=0.115192 active_codes=1 ema_used_codes=1 step_counter=120 last_check_step=0 surprise_streak=0
level=2 epoch=13/500 train_effect=1.440030 eval_effect=1.400329 train_vq=0.123251 active_codes=1 ema_used_codes=1 step_counter=130 last_check_step=0 surprise_streak=0
level=2 epoch=14/500 train_effect=1.379512 eval_effect=1.345256 train_vq=0.101953 active_codes=1 ema_used_codes=1 step_counter=140 last_check_step=0 surprise_streak=0
level=2 epoch=15/500 train_effect=1.324351 eval_effect=1.298814 train_vq=0.092451 active_codes=1 ema_used_codes=1 step_counter=150 last_check_step=0 surprise_streak=0
level=2 epoch=16/500 train_effect=1.278927 eval_effect=1.259196 train_vq=0.068017 active_codes=1 ema_used_codes=1 step_counter=160 last_check_step=0 surprise_streak=0
level=2 epoch=17/500 train_effect=1.244497 eval_effect=1.225105 train_vq=0.069098 active_codes=1 ema_used_codes=1 step_counter=170 last_check_step=0 surprise_streak=0
level=2 epoch=18/500 train_effect=1.213520 eval_effect=1.195275 train_vq=0.073920 active_codes=1 ema_used_codes=1 step_counter=180 last_check_step=0 surprise_streak=0
level=2 epoch=19/500 train_effect=1.184947 eval_effect=1.169128 train_vq=0.072464 active_codes=1 ema_used_codes=1 step_counter=190 last_check_step=0 surprise_streak=0
level=2 epoch=20/500 train_effect=1.160853 eval_effect=1.146003 train_vq=0.060377 active_codes=1 ema_used_codes=1 step_counter=200 last_check_step=0 surprise_streak=0
level=2 epoch=21/500 train_effect=1.139256 eval_effect=1.125607 train_vq=0.058062 active_codes=1 ema_used_codes=1 step_counter=210 last_check_step=201 surprise_streak=0 distance_mean=0.2557 distance_p90=0.5157 distance_p95=0.816 distance_max=9.776 surprise_support=12
level=2 epoch=22/500 train_effect=1.117738 eval_effect=1.106627 train_vq=0.052931 active_codes=1 ema_used_codes=1 step_counter=220 last_check_step=201 surprise_streak=0 distance_mean=0.2557 distance_p90=0.5157 distance_p95=0.816 distance_max=9.776 surprise_support=12
level=2 epoch=23/500 train_effect=1.102183 eval_effect=1.089190 train_vq=0.043695 active_codes=1 ema_used_codes=1 step_counter=230 last_check_step=201 surprise_streak=0 distance_mean=0.2557 distance_p90=0.5157 distance_p95=0.816 distance_max=9.776 surprise_support=12
level=2 epoch=24/500 train_effect=1.084175 eval_effect=1.072961 train_vq=0.031974 active_codes=1 ema_used_codes=1 step_counter=240 last_check_step=201 surprise_streak=0 distance_mean=0.2557 distance_p90=0.5157 distance_p95=0.816 distance_max=9.776 surprise_support=12
level=2 epoch=25/500 train_effect=1.070793 eval_effect=1.058371 train_vq=0.056555 active_codes=1 ema_used_codes=1 step_counter=250 last_check_step=201 surprise_streak=0 distance_mean=0.2557 distance_p90=0.5157 distance_p95=0.816 distance_max=9.776 surprise_support=12
level=2 epoch=26/500 train_effect=1.055913 eval_effect=1.044654 train_vq=0.037351 active_codes=1 ema_used_codes=1 step_counter=260 last_check_step=201 surprise_streak=0 distance_mean=0.2557 distance_p90=0.5157 distance_p95=0.816 distance_max=9.776 surprise_support=12
level=2 epoch=27/500 train_effect=1.042695 eval_effect=1.031922 train_vq=0.034174 active_codes=1 ema_used_codes=1 step_counter=270 last_check_step=201 surprise_streak=0 distance_mean=0.2557 distance_p90=0.5157 distance_p95=0.816 distance_max=9.776 surprise_support=12
level=2 epoch=28/500 train_effect=1.032118 eval_effect=1.020071 train_vq=0.044956 active_codes=1 ema_used_codes=1 step_counter=280 last_check_step=201 surprise_streak=0 distance_mean=0.2557 distance_p90=0.5157 distance_p95=0.816 distance_max=9.776 surprise_support=12
level=2 epoch=29/500 train_effect=1.018503 eval_effect=1.008782 train_vq=0.040977 active_codes=1 ema_used_codes=1 step_counter=290 last_check_step=201 surprise_streak=0 distance_mean=0.2557 distance_p90=0.5157 distance_p95=0.816 distance_max=9.776 surprise_support=12
level=2 epoch=30/500 train_effect=1.006962 eval_effect=0.997902 train_vq=0.040040 active_codes=1 ema_used_codes=1 step_counter=300 last_check_step=201 surprise_streak=0 distance_mean=0.2557 distance_p90=0.5157 distance_p95=0.816 distance_max=9.776 surprise_support=12
level=2 epoch=31/500 train_effect=0.995705 eval_effect=0.987653 train_vq=0.038501 active_codes=1 ema_used_codes=1 step_counter=310 last_check_step=301 surprise_streak=0 distance_mean=0.1273 distance_p90=0.2786 distance_p95=0.4427 distance_max=5.488 surprise_support=4
level=2 epoch=32/500 train_effect=0.989825 eval_effect=0.977848 train_vq=0.036515 active_codes=1 ema_used_codes=1 step_counter=320 last_check_step=301 surprise_streak=0 distance_mean=0.1273 distance_p90=0.2786 distance_p95=0.4427 distance_max=5.488 surprise_support=4
level=2 epoch=33/500 train_effect=0.980377 eval_effect=0.968507 train_vq=0.033893 active_codes=1 ema_used_codes=1 step_counter=330 last_check_step=301 surprise_streak=0 distance_mean=0.1273 distance_p90=0.2786 distance_p95=0.4427 distance_max=5.488 surprise_support=4
level=2 epoch=34/500 train_effect=0.968195 eval_effect=0.959810 train_vq=0.036458 active_codes=1 ema_used_codes=1 step_counter=340 last_check_step=301 surprise_streak=0 distance_mean=0.1273 distance_p90=0.2786 distance_p95=0.4427 distance_max=5.488 surprise_support=4
level=2 epoch=35/500 train_effect=0.957737 eval_effect=0.951499 train_vq=0.030844 active_codes=1 ema_used_codes=1 step_counter=350 last_check_step=301 surprise_streak=0 distance_mean=0.1273 distance_p90=0.2786 distance_p95=0.4427 distance_max=5.488 surprise_support=4
level=2 epoch=36/500 train_effect=0.952334 eval_effect=0.943610 train_vq=0.032261 active_codes=1 ema_used_codes=1 step_counter=360 last_check_step=301 surprise_streak=0 distance_mean=0.1273 distance_p90=0.2786 distance_p95=0.4427 distance_max=5.488 surprise_support=4
level=2 epoch=37/500 train_effect=0.943308 eval_effect=0.935915 train_vq=0.035408 active_codes=1 ema_used_codes=1 step_counter=370 last_check_step=301 surprise_streak=0 distance_mean=0.1273 distance_p90=0.2786 distance_p95=0.4427 distance_max=5.488 surprise_support=4
level=2 epoch=38/500 train_effect=0.937009 eval_effect=0.928518 train_vq=0.031075 active_codes=1 ema_used_codes=1 step_counter=380 last_check_step=301 surprise_streak=0 distance_mean=0.1273 distance_p90=0.2786 distance_p95=0.4427 distance_max=5.488 surprise_support=4
level=2 epoch=39/500 train_effect=0.931221 eval_effect=0.921489 train_vq=0.031678 active_codes=1 ema_used_codes=1 step_counter=390 last_check_step=301 surprise_streak=0 distance_mean=0.1273 distance_p90=0.2786 distance_p95=0.4427 distance_max=5.488 surprise_support=4
level=2 epoch=40/500 train_effect=0.925674 eval_effect=0.914778 train_vq=0.035990 active_codes=1 ema_used_codes=1 step_counter=400 last_check_step=301 surprise_streak=0 distance_mean=0.1273 distance_p90=0.2786 distance_p95=0.4427 distance_max=5.488 surprise_support=4
level=2 epoch=41/500 train_effect=0.914797 eval_effect=0.908260 train_vq=0.027808 active_codes=1 ema_used_codes=1 step_counter=410 last_check_step=401 surprise_streak=0 distance_mean=0.1014 distance_p90=0.2951 distance_p95=0.5346 distance_max=1.939 surprise_support=4
level=2 epoch=42/500 train_effect=0.909600 eval_effect=0.901984 train_vq=0.029261 active_codes=1 ema_used_codes=1 step_counter=420 last_check_step=401 surprise_streak=0 distance_mean=0.1014 distance_p90=0.2951 distance_p95=0.5346 distance_max=1.939 surprise_support=4
level=2 epoch=43/500 train_effect=0.901038 eval_effect=0.895937 train_vq=0.029467 active_codes=1 ema_used_codes=1 step_counter=430 last_check_step=401 surprise_streak=0 distance_mean=0.1014 distance_p90=0.2951 distance_p95=0.5346 distance_max=1.939 surprise_support=4
level=2 epoch=44/500 train_effect=0.896394 eval_effect=0.890119 train_vq=0.030320 active_codes=1 ema_used_codes=1 step_counter=440 last_check_step=401 surprise_streak=0 distance_mean=0.1014 distance_p90=0.2951 distance_p95=0.5346 distance_max=1.939 surprise_support=4
level=2 epoch=45/500 train_effect=0.890452 eval_effect=0.884441 train_vq=0.027919 active_codes=1 ema_used_codes=1 step_counter=450 last_check_step=401 surprise_streak=0 distance_mean=0.1014 distance_p90=0.2951 distance_p95=0.5346 distance_max=1.939 surprise_support=4
level=2 epoch=46/500 train_effect=0.881443 eval_effect=0.879120 train_vq=0.027865 active_codes=1 ema_used_codes=1 step_counter=460 last_check_step=401 surprise_streak=0 distance_mean=0.1014 distance_p90=0.2951 distance_p95=0.5346 distance_max=1.939 surprise_support=4
level=2 epoch=47/500 train_effect=0.880565 eval_effect=0.873933 train_vq=0.026608 active_codes=1 ema_used_codes=1 step_counter=470 last_check_step=401 surprise_streak=0 distance_mean=0.1014 distance_p90=0.2951 distance_p95=0.5346 distance_max=1.939 surprise_support=4
level=2 epoch=48/500 train_effect=0.878327 eval_effect=0.869048 train_vq=0.030689 active_codes=1 ema_used_codes=1 step_counter=480 last_check_step=401 surprise_streak=0 distance_mean=0.1014 distance_p90=0.2951 distance_p95=0.5346 distance_max=1.939 surprise_support=4
level=2 epoch=49/500 train_effect=0.869064 eval_effect=0.864256 train_vq=0.028780 active_codes=1 ema_used_codes=1 step_counter=490 last_check_step=401 surprise_streak=0 distance_mean=0.1014 distance_p90=0.2951 distance_p95=0.5346 distance_max=1.939 surprise_support=4
level=2 epoch=50/500 train_effect=0.866153 eval_effect=0.859521 train_vq=0.030228 active_codes=1 ema_used_codes=1 step_counter=500 last_check_step=401 surprise_streak=0 distance_mean=0.1014 distance_p90=0.2951 distance_p95=0.5346 distance_max=1.939 surprise_support=4
level=2 epoch=51/500 train_effect=0.861061 eval_effect=0.855076 train_vq=0.031572 active_codes=1 ema_used_codes=1 step_counter=510 last_check_step=501 surprise_streak=0 distance_mean=0.1067 distance_p90=0.2493 distance_p95=0.4183 distance_max=3.131 surprise_support=3
level=2 epoch=52/500 train_effect=0.858663 eval_effect=0.850787 train_vq=0.030701 active_codes=1 ema_used_codes=1 step_counter=520 last_check_step=501 surprise_streak=0 distance_mean=0.1067 distance_p90=0.2493 distance_p95=0.4183 distance_max=3.131 surprise_support=3
level=2 epoch=53/500 train_effect=0.853552 eval_effect=0.846746 train_vq=0.026338 active_codes=1 ema_used_codes=1 step_counter=530 last_check_step=501 surprise_streak=0 distance_mean=0.1067 distance_p90=0.2493 distance_p95=0.4183 distance_max=3.131 surprise_support=3
level=2 epoch=54/500 train_effect=0.848808 eval_effect=0.842801 train_vq=0.028311 active_codes=1 ema_used_codes=1 step_counter=540 last_check_step=501 surprise_streak=0 distance_mean=0.1067 distance_p90=0.2493 distance_p95=0.4183 distance_max=3.131 surprise_support=3
level=2 epoch=55/500 train_effect=0.844463 eval_effect=0.838972 train_vq=0.029549 active_codes=1 ema_used_codes=1 step_counter=550 last_check_step=501 surprise_streak=0 distance_mean=0.1067 distance_p90=0.2493 distance_p95=0.4183 distance_max=3.131 surprise_support=3
level=2 epoch=56/500 train_effect=0.848358 eval_effect=0.835205 train_vq=0.031220 active_codes=1 ema_used_codes=1 step_counter=560 last_check_step=501 surprise_streak=0 distance_mean=0.1067 distance_p90=0.2493 distance_p95=0.4183 distance_max=3.131 surprise_support=3
level=2 epoch=57/500 train_effect=0.840324 eval_effect=0.831547 train_vq=0.029298 active_codes=1 ema_used_codes=1 step_counter=570 last_check_step=501 surprise_streak=0 distance_mean=0.1067 distance_p90=0.2493 distance_p95=0.4183 distance_max=3.131 surprise_support=3
level=2 epoch=58/500 train_effect=0.838251 eval_effect=0.828002 train_vq=0.032305 active_codes=1 ema_used_codes=1 step_counter=580 last_check_step=501 surprise_streak=0 distance_mean=0.1067 distance_p90=0.2493 distance_p95=0.4183 distance_max=3.131 surprise_support=3
level=2 epoch=59/500 train_effect=0.832107 eval_effect=0.824660 train_vq=0.030872 active_codes=1 ema_used_codes=1 step_counter=590 last_check_step=501 surprise_streak=0 distance_mean=0.1067 distance_p90=0.2493 distance_p95=0.4183 distance_max=3.131 surprise_support=3
level=2 epoch=60/500 train_effect=0.831181 eval_effect=0.821408 train_vq=0.037799 active_codes=1 ema_used_codes=1 step_counter=600 last_check_step=501 surprise_streak=0 distance_mean=0.1067 distance_p90=0.2493 distance_p95=0.4183 distance_max=3.131 surprise_support=3
level=2 epoch=61/500 train_effect=0.829766 eval_effect=0.818190 train_vq=0.033048 active_codes=1 ema_used_codes=1 step_counter=610 last_check_step=601 surprise_streak=0 distance_mean=0.1267 distance_p90=0.2995 distance_p95=0.5467 distance_max=2.717 surprise_support=6
level=2 epoch=62/500 train_effect=0.821869 eval_effect=0.815135 train_vq=0.029082 active_codes=1 ema_used_codes=1 step_counter=620 last_check_step=601 surprise_streak=0 distance_mean=0.1267 distance_p90=0.2995 distance_p95=0.5467 distance_max=2.717 surprise_support=6
level=2 epoch=63/500 train_effect=0.818960 eval_effect=0.812069 train_vq=0.035821 active_codes=1 ema_used_codes=1 step_counter=630 last_check_step=601 surprise_streak=0 distance_mean=0.1267 distance_p90=0.2995 distance_p95=0.5467 distance_max=2.717 surprise_support=6
level=2 epoch=64/500 train_effect=0.818880 eval_effect=0.809061 train_vq=0.036058 active_codes=1 ema_used_codes=1 step_counter=640 last_check_step=601 surprise_streak=0 distance_mean=0.1267 distance_p90=0.2995 distance_p95=0.5467 distance_max=2.717 surprise_support=6
level=2 epoch=65/500 train_effect=0.813102 eval_effect=0.806252 train_vq=0.028903 active_codes=1 ema_used_codes=1 step_counter=650 last_check_step=601 surprise_streak=0 distance_mean=0.1267 distance_p90=0.2995 distance_p95=0.5467 distance_max=2.717 surprise_support=6
level=2 epoch=66/500 train_effect=0.810662 eval_effect=0.803416 train_vq=0.032618 active_codes=1 ema_used_codes=1 step_counter=660 last_check_step=601 surprise_streak=0 distance_mean=0.1267 distance_p90=0.2995 distance_p95=0.5467 distance_max=2.717 surprise_support=6
level=2 epoch=67/500 train_effect=0.808300 eval_effect=0.800801 train_vq=0.033776 active_codes=1 ema_used_codes=1 step_counter=670 last_check_step=601 surprise_streak=0 distance_mean=0.1267 distance_p90=0.2995 distance_p95=0.5467 distance_max=2.717 surprise_support=6
level=2 epoch=68/500 train_effect=0.808764 eval_effect=0.798148 train_vq=0.030980 active_codes=1 ema_used_codes=1 step_counter=680 last_check_step=601 surprise_streak=0 distance_mean=0.1267 distance_p90=0.2995 distance_p95=0.5467 distance_max=2.717 surprise_support=6
level=2 epoch=69/500 train_effect=0.804581 eval_effect=0.795548 train_vq=0.029598 active_codes=1 ema_used_codes=1 step_counter=690 last_check_step=601 surprise_streak=0 distance_mean=0.1267 distance_p90=0.2995 distance_p95=0.5467 distance_max=2.717 surprise_support=6
level=2 epoch=70/500 train_effect=0.803880 eval_effect=0.793059 train_vq=0.031338 active_codes=1 ema_used_codes=1 step_counter=700 last_check_step=601 surprise_streak=0 distance_mean=0.1267 distance_p90=0.2995 distance_p95=0.5467 distance_max=2.717 surprise_support=6
level=2 epoch=71/500 train_effect=0.799516 eval_effect=0.790688 train_vq=0.037528 active_codes=1 ema_used_codes=1 step_counter=710 last_check_step=701 surprise_streak=0 distance_mean=0.1474 distance_p90=0.292 distance_p95=0.6291 distance_max=2.329 surprise_support=8
level=2 epoch=72/500 train_effect=0.799858 eval_effect=0.788346 train_vq=0.037261 active_codes=1 ema_used_codes=1 step_counter=720 last_check_step=701 surprise_streak=0 distance_mean=0.1474 distance_p90=0.292 distance_p95=0.6291 distance_max=2.329 surprise_support=8
level=2 epoch=73/500 train_effect=0.797041 eval_effect=0.786058 train_vq=0.032135 active_codes=1 ema_used_codes=1 step_counter=730 last_check_step=701 surprise_streak=0 distance_mean=0.1474 distance_p90=0.292 distance_p95=0.6291 distance_max=2.329 surprise_support=8
level=2 epoch=74/500 train_effect=0.789725 eval_effect=0.783813 train_vq=0.032061 active_codes=1 ema_used_codes=1 step_counter=740 last_check_step=701 surprise_streak=0 distance_mean=0.1474 distance_p90=0.292 distance_p95=0.6291 distance_max=2.329 surprise_support=8
level=2 epoch=75/500 train_effect=0.793879 eval_effect=0.781604 train_vq=0.035263 active_codes=1 ema_used_codes=1 step_counter=750 last_check_step=701 surprise_streak=0 distance_mean=0.1474 distance_p90=0.292 distance_p95=0.6291 distance_max=2.329 surprise_support=8
level=2 epoch=76/500 train_effect=0.792131 eval_effect=0.779518 train_vq=0.035025 active_codes=1 ema_used_codes=1 step_counter=760 last_check_step=701 surprise_streak=0 distance_mean=0.1474 distance_p90=0.292 distance_p95=0.6291 distance_max=2.329 surprise_support=8
level=2 epoch=77/500 train_effect=0.787116 eval_effect=0.777476 train_vq=0.035997 active_codes=1 ema_used_codes=1 step_counter=770 last_check_step=701 surprise_streak=0 distance_mean=0.1474 distance_p90=0.292 distance_p95=0.6291 distance_max=2.329 surprise_support=8
level=2 epoch=78/500 train_effect=0.787052 eval_effect=0.775493 train_vq=0.036074 active_codes=1 ema_used_codes=1 step_counter=780 last_check_step=701 surprise_streak=0 distance_mean=0.1474 distance_p90=0.292 distance_p95=0.6291 distance_max=2.329 surprise_support=8
level=2 epoch=79/500 train_effect=0.779129 eval_effect=0.773554 train_vq=0.037424 active_codes=1 ema_used_codes=1 step_counter=790 last_check_step=701 surprise_streak=0 distance_mean=0.1474 distance_p90=0.292 distance_p95=0.6291 distance_max=2.329 surprise_support=8
level=2 epoch=80/500 train_effect=0.780681 eval_effect=0.771571 train_vq=0.035009 active_codes=1 ema_used_codes=1 step_counter=800 last_check_step=701 surprise_streak=0 distance_mean=0.1474 distance_p90=0.292 distance_p95=0.6291 distance_max=2.329 surprise_support=8
level=2 epoch=81/500 train_effect=0.779607 eval_effect=0.769664 train_vq=0.040260 active_codes=1 ema_used_codes=1 step_counter=810 last_check_step=801 surprise_streak=0 distance_mean=0.1375 distance_p90=0.3202 distance_p95=0.504 distance_max=4.403 surprise_support=5
level=2 epoch=82/500 train_effect=0.776527 eval_effect=0.767982 train_vq=0.037266 active_codes=1 ema_used_codes=1 step_counter=820 last_check_step=801 surprise_streak=0 distance_mean=0.1375 distance_p90=0.3202 distance_p95=0.504 distance_max=4.403 surprise_support=5
level=2 epoch=83/500 train_effect=0.772018 eval_effect=0.766151 train_vq=0.038707 active_codes=1 ema_used_codes=1 step_counter=830 last_check_step=801 surprise_streak=0 distance_mean=0.1375 distance_p90=0.3202 distance_p95=0.504 distance_max=4.403 surprise_support=5
level=2 epoch=84/500 train_effect=0.771538 eval_effect=0.764459 train_vq=0.029340 active_codes=1 ema_used_codes=1 step_counter=840 last_check_step=801 surprise_streak=0 distance_mean=0.1375 distance_p90=0.3202 distance_p95=0.504 distance_max=4.403 surprise_support=5
level=2 epoch=85/500 train_effect=0.770575 eval_effect=0.762832 train_vq=0.033510 active_codes=1 ema_used_codes=1 step_counter=850 last_check_step=801 surprise_streak=0 distance_mean=0.1375 distance_p90=0.3202 distance_p95=0.504 distance_max=4.403 surprise_support=5
level=2 epoch=86/500 train_effect=0.769722 eval_effect=0.761132 train_vq=0.034086 active_codes=1 ema_used_codes=1 step_counter=860 last_check_step=801 surprise_streak=0 distance_mean=0.1375 distance_p90=0.3202 distance_p95=0.504 distance_max=4.403 surprise_support=5
level=2 epoch=87/500 train_effect=0.770461 eval_effect=0.759614 train_vq=0.036452 active_codes=1 ema_used_codes=1 step_counter=870 last_check_step=801 surprise_streak=0 distance_mean=0.1375 distance_p90=0.3202 distance_p95=0.504 distance_max=4.403 surprise_support=5
level=2 epoch=88/500 train_effect=0.764102 eval_effect=0.758068 train_vq=0.041894 active_codes=1 ema_used_codes=1 step_counter=880 last_check_step=801 surprise_streak=0 distance_mean=0.1375 distance_p90=0.3202 distance_p95=0.504 distance_max=4.403 surprise_support=5
level=2 epoch=89/500 train_effect=0.763719 eval_effect=0.756463 train_vq=0.033733 active_codes=1 ema_used_codes=1 step_counter=890 last_check_step=801 surprise_streak=0 distance_mean=0.1375 distance_p90=0.3202 distance_p95=0.504 distance_max=4.403 surprise_support=5
level=2 epoch=90/500 train_effect=0.764545 eval_effect=0.754926 train_vq=0.040668 active_codes=1 ema_used_codes=1 step_counter=900 last_check_step=801 surprise_streak=0 distance_mean=0.1375 distance_p90=0.3202 distance_p95=0.504 distance_max=4.403 surprise_support=5
level=2 epoch=91/500 train_effect=0.762618 eval_effect=0.753592 train_vq=0.042296 active_codes=1 ema_used_codes=1 step_counter=910 last_check_step=901 surprise_streak=1 distance_mean=0.2025 distance_p90=0.4418 distance_p95=1.145 distance_max=4.063 surprise_support=17
level=2 epoch=92/500 train_effect=0.762269 eval_effect=0.752175 train_vq=0.032645 active_codes=1 ema_used_codes=1 step_counter=920 last_check_step=901 surprise_streak=1 distance_mean=0.2025 distance_p90=0.4418 distance_p95=1.145 distance_max=4.063 surprise_support=17
level=2 epoch=93/500 train_effect=0.760567 eval_effect=0.750804 train_vq=0.038280 active_codes=1 ema_used_codes=1 step_counter=930 last_check_step=901 surprise_streak=1 distance_mean=0.2025 distance_p90=0.4418 distance_p95=1.145 distance_max=4.063 surprise_support=17
level=2 epoch=94/500 train_effect=0.754863 eval_effect=0.749446 train_vq=0.038633 active_codes=1 ema_used_codes=1 step_counter=940 last_check_step=901 surprise_streak=1 distance_mean=0.2025 distance_p90=0.4418 distance_p95=1.145 distance_max=4.063 surprise_support=17
level=2 epoch=95/500 train_effect=0.756899 eval_effect=0.748109 train_vq=0.045632 active_codes=1 ema_used_codes=1 step_counter=950 last_check_step=901 surprise_streak=1 distance_mean=0.2025 distance_p90=0.4418 distance_p95=1.145 distance_max=4.063 surprise_support=17
level=2 epoch=96/500 train_effect=0.754674 eval_effect=0.746856 train_vq=0.039868 active_codes=1 ema_used_codes=1 step_counter=960 last_check_step=901 surprise_streak=1 distance_mean=0.2025 distance_p90=0.4418 distance_p95=1.145 distance_max=4.063 surprise_support=17
level=2 epoch=97/500 train_effect=0.753658 eval_effect=0.745606 train_vq=0.039688 active_codes=1 ema_used_codes=1 step_counter=970 last_check_step=901 surprise_streak=1 distance_mean=0.2025 distance_p90=0.4418 distance_p95=1.145 distance_max=4.063 surprise_support=17
level=2 epoch=98/500 train_effect=0.759877 eval_effect=0.744452 train_vq=0.040371 active_codes=1 ema_used_codes=1 step_counter=980 last_check_step=901 surprise_streak=1 distance_mean=0.2025 distance_p90=0.4418 distance_p95=1.145 distance_max=4.063 surprise_support=17
level=2 epoch=99/500 train_effect=0.750298 eval_effect=0.743213 train_vq=0.038783 active_codes=1 ema_used_codes=1 step_counter=990 last_check_step=901 surprise_streak=1 distance_mean=0.2025 distance_p90=0.4418 distance_p95=1.145 distance_max=4.063 surprise_support=17
level=2 epoch=100/500 train_effect=0.749842 eval_effect=0.742058 train_vq=0.041499 active_codes=1 ema_used_codes=1 step_counter=1000 last_check_step=901 surprise_streak=1 distance_mean=0.2025 distance_p90=0.4418 distance_p95=1.145 distance_max=4.063 surprise_support=17
level=2 epoch=101/500 train_effect=0.746032 eval_effect=0.740876 train_vq=0.039834 active_codes=1 ema_used_codes=1 step_counter=1010 last_check_step=1001 surprise_streak=0 distance_mean=0.2185 distance_p90=0.4815 distance_p95=0.8426 distance_max=7.872 surprise_support=10
level=2 epoch=102/500 train_effect=0.747497 eval_effect=0.739814 train_vq=0.039603 active_codes=1 ema_used_codes=1 step_counter=1020 last_check_step=1001 surprise_streak=0 distance_mean=0.2185 distance_p90=0.4815 distance_p95=0.8426 distance_max=7.872 surprise_support=10
level=2 epoch=103/500 train_effect=0.746429 eval_effect=0.738603 train_vq=0.043296 active_codes=1 ema_used_codes=1 step_counter=1030 last_check_step=1001 surprise_streak=0 distance_mean=0.2185 distance_p90=0.4815 distance_p95=0.8426 distance_max=7.872 surprise_support=10
level=2 epoch=104/500 train_effect=0.745090 eval_effect=0.737500 train_vq=0.039416 active_codes=1 ema_used_codes=1 step_counter=1040 last_check_step=1001 surprise_streak=0 distance_mean=0.2185 distance_p90=0.4815 distance_p95=0.8426 distance_max=7.872 surprise_support=10
level=2 epoch=105/500 train_effect=0.742975 eval_effect=0.736473 train_vq=0.042286 active_codes=1 ema_used_codes=1 step_counter=1050 last_check_step=1001 surprise_streak=0 distance_mean=0.2185 distance_p90=0.4815 distance_p95=0.8426 distance_max=7.872 surprise_support=10
level=2 epoch=106/500 train_effect=0.748328 eval_effect=0.735441 train_vq=0.037369 active_codes=1 ema_used_codes=1 step_counter=1060 last_check_step=1001 surprise_streak=0 distance_mean=0.2185 distance_p90=0.4815 distance_p95=0.8426 distance_max=7.872 surprise_support=10
level=2 epoch=107/500 train_effect=0.744989 eval_effect=0.734359 train_vq=0.045382 active_codes=1 ema_used_codes=1 step_counter=1070 last_check_step=1001 surprise_streak=0 distance_mean=0.2185 distance_p90=0.4815 distance_p95=0.8426 distance_max=7.872 surprise_support=10
level=2 epoch=108/500 train_effect=0.743139 eval_effect=0.733415 train_vq=0.042290 active_codes=1 ema_used_codes=1 step_counter=1080 last_check_step=1001 surprise_streak=0 distance_mean=0.2185 distance_p90=0.4815 distance_p95=0.8426 distance_max=7.872 surprise_support=10
level=2 epoch=109/500 train_effect=0.738467 eval_effect=0.732444 train_vq=0.042935 active_codes=1 ema_used_codes=1 step_counter=1090 last_check_step=1001 surprise_streak=0 distance_mean=0.2185 distance_p90=0.4815 distance_p95=0.8426 distance_max=7.872 surprise_support=10
level=2 epoch=110/500 train_effect=0.741260 eval_effect=0.731455 train_vq=0.046139 active_codes=1 ema_used_codes=1 step_counter=1100 last_check_step=1001 surprise_streak=0 distance_mean=0.2185 distance_p90=0.4815 distance_p95=0.8426 distance_max=7.872 surprise_support=10
level=2 epoch=111/500 train_effect=0.743268 eval_effect=0.730610 train_vq=0.040944 active_codes=1 ema_used_codes=1 step_counter=1110 last_check_step=1101 surprise_streak=0 distance_mean=0.1961 distance_p90=0.4919 distance_p95=0.8645 distance_max=4.149 surprise_support=11
level=2 epoch=112/500 train_effect=0.734945 eval_effect=0.729603 train_vq=0.038906 active_codes=1 ema_used_codes=1 step_counter=1120 last_check_step=1101 surprise_streak=0 distance_mean=0.1961 distance_p90=0.4919 distance_p95=0.8645 distance_max=4.149 surprise_support=11
level=2 epoch=113/500 train_effect=0.742797 eval_effect=0.728732 train_vq=0.036609 active_codes=1 ema_used_codes=1 step_counter=1130 last_check_step=1101 surprise_streak=0 distance_mean=0.1961 distance_p90=0.4919 distance_p95=0.8645 distance_max=4.149 surprise_support=11
level=2 epoch=114/500 train_effect=0.735980 eval_effect=0.727950 train_vq=0.036769 active_codes=1 ema_used_codes=1 step_counter=1140 last_check_step=1101 surprise_streak=0 distance_mean=0.1961 distance_p90=0.4919 distance_p95=0.8645 distance_max=4.149 surprise_support=11
level=2 epoch=115/500 train_effect=0.734158 eval_effect=0.727010 train_vq=0.042372 active_codes=1 ema_used_codes=1 step_counter=1150 last_check_step=1101 surprise_streak=0 distance_mean=0.1961 distance_p90=0.4919 distance_p95=0.8645 distance_max=4.149 surprise_support=11
level=2 epoch=116/500 train_effect=0.736732 eval_effect=0.726175 train_vq=0.044842 active_codes=1 ema_used_codes=1 step_counter=1160 last_check_step=1101 surprise_streak=0 distance_mean=0.1961 distance_p90=0.4919 distance_p95=0.8645 distance_max=4.149 surprise_support=11
level=2 epoch=117/500 train_effect=0.734539 eval_effect=0.725343 train_vq=0.039933 active_codes=1 ema_used_codes=1 step_counter=1170 last_check_step=1101 surprise_streak=0 distance_mean=0.1961 distance_p90=0.4919 distance_p95=0.8645 distance_max=4.149 surprise_support=11
level=2 epoch=118/500 train_effect=0.731379 eval_effect=0.724617 train_vq=0.046869 active_codes=1 ema_used_codes=1 step_counter=1180 last_check_step=1101 surprise_streak=0 distance_mean=0.1961 distance_p90=0.4919 distance_p95=0.8645 distance_max=4.149 surprise_support=11
level=2 epoch=119/500 train_effect=0.738388 eval_effect=0.723874 train_vq=0.045875 active_codes=1 ema_used_codes=1 step_counter=1190 last_check_step=1101 surprise_streak=0 distance_mean=0.1961 distance_p90=0.4919 distance_p95=0.8645 distance_max=4.149 surprise_support=11
level=2 epoch=120/500 train_effect=0.731962 eval_effect=0.723103 train_vq=0.047303 active_codes=1 ema_used_codes=1 step_counter=1200 last_check_step=1101 surprise_streak=0 distance_mean=0.1961 distance_p90=0.4919 distance_p95=0.8645 distance_max=4.149 surprise_support=11
level=2 epoch=121/500 train_effect=0.729618 eval_effect=0.722317 train_vq=0.041885 active_codes=1 ema_used_codes=1 step_counter=1210 last_check_step=1201 surprise_streak=0 distance_mean=0.1819 distance_p90=0.4144 distance_p95=0.7809 distance_max=4.386 surprise_support=8
level=2 epoch=122/500 train_effect=0.725644 eval_effect=0.721566 train_vq=0.040940 active_codes=1 ema_used_codes=1 step_counter=1220 last_check_step=1201 surprise_streak=0 distance_mean=0.1819 distance_p90=0.4144 distance_p95=0.7809 distance_max=4.386 surprise_support=8
level=2 epoch=123/500 train_effect=0.730118 eval_effect=0.720889 train_vq=0.042238 active_codes=1 ema_used_codes=1 step_counter=1230 last_check_step=1201 surprise_streak=0 distance_mean=0.1819 distance_p90=0.4144 distance_p95=0.7809 distance_max=4.386 surprise_support=8
level=2 epoch=124/500 train_effect=0.732237 eval_effect=0.720237 train_vq=0.043019 active_codes=1 ema_used_codes=1 step_counter=1240 last_check_step=1201 surprise_streak=0 distance_mean=0.1819 distance_p90=0.4144 distance_p95=0.7809 distance_max=4.386 surprise_support=8
level=2 epoch=125/500 train_effect=0.729586 eval_effect=0.719587 train_vq=0.039838 active_codes=1 ema_used_codes=1 step_counter=1250 last_check_step=1201 surprise_streak=0 distance_mean=0.1819 distance_p90=0.4144 distance_p95=0.7809 distance_max=4.386 surprise_support=8
level=2 epoch=126/500 train_effect=0.729130 eval_effect=0.718946 train_vq=0.049324 active_codes=1 ema_used_codes=1 step_counter=1260 last_check_step=1201 surprise_streak=0 distance_mean=0.1819 distance_p90=0.4144 distance_p95=0.7809 distance_max=4.386 surprise_support=8
level=2 epoch=127/500 train_effect=0.727522 eval_effect=0.718289 train_vq=0.042677 active_codes=1 ema_used_codes=1 step_counter=1270 last_check_step=1201 surprise_streak=0 distance_mean=0.1819 distance_p90=0.4144 distance_p95=0.7809 distance_max=4.386 surprise_support=8
level=2 epoch=128/500 train_effect=0.730699 eval_effect=0.717698 train_vq=0.035740 active_codes=1 ema_used_codes=1 step_counter=1280 last_check_step=1201 surprise_streak=0 distance_mean=0.1819 distance_p90=0.4144 distance_p95=0.7809 distance_max=4.386 surprise_support=8
level=2 epoch=129/500 train_effect=0.725386 eval_effect=0.717127 train_vq=0.042730 active_codes=1 ema_used_codes=1 step_counter=1290 last_check_step=1201 surprise_streak=0 distance_mean=0.1819 distance_p90=0.4144 distance_p95=0.7809 distance_max=4.386 surprise_support=8
level=2 epoch=130/500 train_effect=0.726216 eval_effect=0.716500 train_vq=0.038718 active_codes=1 ema_used_codes=1 step_counter=1300 last_check_step=1201 surprise_streak=0 distance_mean=0.1819 distance_p90=0.4144 distance_p95=0.7809 distance_max=4.386 surprise_support=8
level=2 epoch=131/500 train_effect=0.723104 eval_effect=0.715833 train_vq=0.038661 active_codes=1 ema_used_codes=1 step_counter=1310 last_check_step=1301 surprise_streak=0 distance_mean=0.1439 distance_p90=0.3756 distance_p95=0.5439 distance_max=4.042 surprise_support=6
level=2 epoch=132/500 train_effect=0.725503 eval_effect=0.715313 train_vq=0.037497 active_codes=1 ema_used_codes=1 step_counter=1320 last_check_step=1301 surprise_streak=0 distance_mean=0.1439 distance_p90=0.3756 distance_p95=0.5439 distance_max=4.042 surprise_support=6
level=2 epoch=133/500 train_effect=0.726358 eval_effect=0.714744 train_vq=0.037309 active_codes=1 ema_used_codes=1 step_counter=1330 last_check_step=1301 surprise_streak=0 distance_mean=0.1439 distance_p90=0.3756 distance_p95=0.5439 distance_max=4.042 surprise_support=6
level=2 epoch=134/500 train_effect=0.722356 eval_effect=0.714133 train_vq=0.048716 active_codes=1 ema_used_codes=1 step_counter=1340 last_check_step=1301 surprise_streak=0 distance_mean=0.1439 distance_p90=0.3756 distance_p95=0.5439 distance_max=4.042 surprise_support=6
level=2 epoch=135/500 train_effect=0.727174 eval_effect=0.713574 train_vq=0.045574 active_codes=1 ema_used_codes=1 step_counter=1350 last_check_step=1301 surprise_streak=0 distance_mean=0.1439 distance_p90=0.3756 distance_p95=0.5439 distance_max=4.042 surprise_support=6
level=2 epoch=136/500 train_effect=0.722066 eval_effect=0.713094 train_vq=0.047946 active_codes=1 ema_used_codes=1 step_counter=1360 last_check_step=1301 surprise_streak=0 distance_mean=0.1439 distance_p90=0.3756 distance_p95=0.5439 distance_max=4.042 surprise_support=6
level=2 epoch=137/500 train_effect=0.722323 eval_effect=0.712563 train_vq=0.042476 active_codes=1 ema_used_codes=1 step_counter=1370 last_check_step=1301 surprise_streak=0 distance_mean=0.1439 distance_p90=0.3756 distance_p95=0.5439 distance_max=4.042 surprise_support=6
level=2 epoch=138/500 train_effect=0.716514 eval_effect=0.712040 train_vq=0.040275 active_codes=1 ema_used_codes=1 step_counter=1380 last_check_step=1301 surprise_streak=0 distance_mean=0.1439 distance_p90=0.3756 distance_p95=0.5439 distance_max=4.042 surprise_support=6
level=2 epoch=139/500 train_effect=0.718940 eval_effect=0.711524 train_vq=0.037685 active_codes=1 ema_used_codes=1 step_counter=1390 last_check_step=1301 surprise_streak=0 distance_mean=0.1439 distance_p90=0.3756 distance_p95=0.5439 distance_max=4.042 surprise_support=6
level=2 epoch=140/500 train_effect=0.718145 eval_effect=0.711123 train_vq=0.046455 active_codes=1 ema_used_codes=1 step_counter=1400 last_check_step=1301 surprise_streak=0 distance_mean=0.1439 distance_p90=0.3756 distance_p95=0.5439 distance_max=4.042 surprise_support=6
level=2 epoch=141/500 train_effect=0.721806 eval_effect=0.710630 train_vq=0.043545 active_codes=1 ema_used_codes=1 step_counter=1410 last_check_step=1401 surprise_streak=0 distance_mean=0.2192 distance_p90=0.5121 distance_p95=0.8245 distance_max=3.507 surprise_support=9
level=2 epoch=142/500 train_effect=0.717497 eval_effect=0.710278 train_vq=0.037503 active_codes=1 ema_used_codes=1 step_counter=1420 last_check_step=1401 surprise_streak=0 distance_mean=0.2192 distance_p90=0.5121 distance_p95=0.8245 distance_max=3.507 surprise_support=9
level=2 epoch=143/500 train_effect=0.720160 eval_effect=0.709773 train_vq=0.042114 active_codes=1 ema_used_codes=1 step_counter=1430 last_check_step=1401 surprise_streak=0 distance_mean=0.2192 distance_p90=0.5121 distance_p95=0.8245 distance_max=3.507 surprise_support=9
level=2 epoch=144/500 train_effect=0.719583 eval_effect=0.709331 train_vq=0.043101 active_codes=1 ema_used_codes=1 step_counter=1440 last_check_step=1401 surprise_streak=0 distance_mean=0.2192 distance_p90=0.5121 distance_p95=0.8245 distance_max=3.507 surprise_support=9
level=2 epoch=145/500 train_effect=0.725962 eval_effect=0.708986 train_vq=0.044234 active_codes=1 ema_used_codes=1 step_counter=1450 last_check_step=1401 surprise_streak=0 distance_mean=0.2192 distance_p90=0.5121 distance_p95=0.8245 distance_max=3.507 surprise_support=9
level=2 epoch=146/500 train_effect=0.715364 eval_effect=0.708486 train_vq=0.038787 active_codes=1 ema_used_codes=1 step_counter=1460 last_check_step=1401 surprise_streak=0 distance_mean=0.2192 distance_p90=0.5121 distance_p95=0.8245 distance_max=3.507 surprise_support=9
level=2 epoch=147/500 train_effect=0.715202 eval_effect=0.708062 train_vq=0.042459 active_codes=1 ema_used_codes=1 step_counter=1470 last_check_step=1401 surprise_streak=0 distance_mean=0.2192 distance_p90=0.5121 distance_p95=0.8245 distance_max=3.507 surprise_support=9
level=2 epoch=148/500 train_effect=0.717353 eval_effect=0.707674 train_vq=0.046319 active_codes=1 ema_used_codes=1 step_counter=1480 last_check_step=1401 surprise_streak=0 distance_mean=0.2192 distance_p90=0.5121 distance_p95=0.8245 distance_max=3.507 surprise_support=9
level=2 epoch=149/500 train_effect=0.712110 eval_effect=0.707290 train_vq=0.038195 active_codes=1 ema_used_codes=1 step_counter=1490 last_check_step=1401 surprise_streak=0 distance_mean=0.2192 distance_p90=0.5121 distance_p95=0.8245 distance_max=3.507 surprise_support=9
level=2 epoch=150/500 train_effect=0.717349 eval_effect=0.706859 train_vq=0.036752 active_codes=1 ema_used_codes=1 step_counter=1500 last_check_step=1401 surprise_streak=0 distance_mean=0.2192 distance_p90=0.5121 distance_p95=0.8245 distance_max=3.507 surprise_support=9
level=2 epoch=151/500 train_effect=0.715053 eval_effect=0.706614 train_vq=0.044846 active_codes=1 ema_used_codes=1 step_counter=1510 last_check_step=1501 surprise_streak=0 distance_mean=0.1874 distance_p90=0.4613 distance_p95=0.7503 distance_max=2.714 surprise_support=6
level=2 epoch=152/500 train_effect=0.714280 eval_effect=0.706141 train_vq=0.048040 active_codes=1 ema_used_codes=1 step_counter=1520 last_check_step=1501 surprise_streak=0 distance_mean=0.1874 distance_p90=0.4613 distance_p95=0.7503 distance_max=2.714 surprise_support=6
level=2 epoch=153/500 train_effect=0.718103 eval_effect=0.705840 train_vq=0.042327 active_codes=1 ema_used_codes=1 step_counter=1530 last_check_step=1501 surprise_streak=0 distance_mean=0.1874 distance_p90=0.4613 distance_p95=0.7503 distance_max=2.714 surprise_support=6
level=2 epoch=154/500 train_effect=0.719056 eval_effect=0.705466 train_vq=0.040024 active_codes=1 ema_used_codes=1 step_counter=1540 last_check_step=1501 surprise_streak=0 distance_mean=0.1874 distance_p90=0.4613 distance_p95=0.7503 distance_max=2.714 surprise_support=6
level=2 epoch=155/500 train_effect=0.717046 eval_effect=0.705264 train_vq=0.032932 active_codes=1 ema_used_codes=1 step_counter=1550 last_check_step=1501 surprise_streak=0 distance_mean=0.1874 distance_p90=0.4613 distance_p95=0.7503 distance_max=2.714 surprise_support=6
level=2 epoch=156/500 train_effect=0.716813 eval_effect=0.704809 train_vq=0.040750 active_codes=1 ema_used_codes=1 step_counter=1560 last_check_step=1501 surprise_streak=0 distance_mean=0.1874 distance_p90=0.4613 distance_p95=0.7503 distance_max=2.714 surprise_support=6
level=2 epoch=157/500 train_effect=0.716388 eval_effect=0.704490 train_vq=0.049703 active_codes=1 ema_used_codes=1 step_counter=1570 last_check_step=1501 surprise_streak=0 distance_mean=0.1874 distance_p90=0.4613 distance_p95=0.7503 distance_max=2.714 surprise_support=6
level=2 epoch=158/500 train_effect=0.717836 eval_effect=0.704253 train_vq=0.038924 active_codes=1 ema_used_codes=1 step_counter=1580 last_check_step=1501 surprise_streak=0 distance_mean=0.1874 distance_p90=0.4613 distance_p95=0.7503 distance_max=2.714 surprise_support=6
level=2 epoch=159/500 train_effect=0.713935 eval_effect=0.703876 train_vq=0.037500 active_codes=1 ema_used_codes=1 step_counter=1590 last_check_step=1501 surprise_streak=0 distance_mean=0.1874 distance_p90=0.4613 distance_p95=0.7503 distance_max=2.714 surprise_support=6
level=2 epoch=160/500 train_effect=0.712284 eval_effect=0.703576 train_vq=0.037513 active_codes=1 ema_used_codes=1 step_counter=1600 last_check_step=1501 surprise_streak=0 distance_mean=0.1874 distance_p90=0.4613 distance_p95=0.7503 distance_max=2.714 surprise_support=6
level=2 epoch=161/500 train_effect=0.711446 eval_effect=0.703248 train_vq=0.050920 active_codes=1 ema_used_codes=1 step_counter=1610 last_check_step=1601 surprise_streak=0 distance_mean=0.2002 distance_p90=0.4019 distance_p95=0.8174 distance_max=4.856 surprise_support=11
level=2 epoch=162/500 train_effect=0.715045 eval_effect=0.702983 train_vq=0.043559 active_codes=1 ema_used_codes=1 step_counter=1620 last_check_step=1601 surprise_streak=0 distance_mean=0.2002 distance_p90=0.4019 distance_p95=0.8174 distance_max=4.856 surprise_support=11
level=2 epoch=163/500 train_effect=0.712453 eval_effect=0.702708 train_vq=0.039114 active_codes=1 ema_used_codes=1 step_counter=1630 last_check_step=1601 surprise_streak=0 distance_mean=0.2002 distance_p90=0.4019 distance_p95=0.8174 distance_max=4.856 surprise_support=11
level=2 epoch=164/500 train_effect=0.710751 eval_effect=0.702482 train_vq=0.040115 active_codes=1 ema_used_codes=1 step_counter=1640 last_check_step=1601 surprise_streak=0 distance_mean=0.2002 distance_p90=0.4019 distance_p95=0.8174 distance_max=4.856 surprise_support=11
level=2 epoch=165/500 train_effect=0.714352 eval_effect=0.702152 train_vq=0.042232 active_codes=1 ema_used_codes=1 step_counter=1650 last_check_step=1601 surprise_streak=0 distance_mean=0.2002 distance_p90=0.4019 distance_p95=0.8174 distance_max=4.856 surprise_support=11
level=2 epoch=166/500 train_effect=0.707779 eval_effect=0.701893 train_vq=0.040691 active_codes=1 ema_used_codes=1 step_counter=1660 last_check_step=1601 surprise_streak=0 distance_mean=0.2002 distance_p90=0.4019 distance_p95=0.8174 distance_max=4.856 surprise_support=11
level=2 epoch=167/500 train_effect=0.715735 eval_effect=0.701634 train_vq=0.040244 active_codes=1 ema_used_codes=1 step_counter=1670 last_check_step=1601 surprise_streak=0 distance_mean=0.2002 distance_p90=0.4019 distance_p95=0.8174 distance_max=4.856 surprise_support=11
level=2 epoch=168/500 train_effect=0.711488 eval_effect=0.701427 train_vq=0.049138 active_codes=1 ema_used_codes=1 step_counter=1680 last_check_step=1601 surprise_streak=0 distance_mean=0.2002 distance_p90=0.4019 distance_p95=0.8174 distance_max=4.856 surprise_support=11
level=2 epoch=169/500 train_effect=0.713257 eval_effect=0.701221 train_vq=0.040635 active_codes=1 ema_used_codes=1 step_counter=1690 last_check_step=1601 surprise_streak=0 distance_mean=0.2002 distance_p90=0.4019 distance_p95=0.8174 distance_max=4.856 surprise_support=11
level=2 epoch=170/500 train_effect=0.709705 eval_effect=0.700914 train_vq=0.044287 active_codes=1 ema_used_codes=1 step_counter=1700 last_check_step=1601 surprise_streak=0 distance_mean=0.2002 distance_p90=0.4019 distance_p95=0.8174 distance_max=4.856 surprise_support=11
level=2 epoch=171/500 train_effect=0.710928 eval_effect=0.700727 train_vq=0.045500 active_codes=1 ema_used_codes=1 step_counter=1710 last_check_step=1701 surprise_streak=0 distance_mean=0.2315 distance_p90=0.4649 distance_p95=0.9114 distance_max=4.468 surprise_support=12
level=2 epoch=172/500 train_effect=0.710709 eval_effect=0.700422 train_vq=0.046880 active_codes=1 ema_used_codes=1 step_counter=1720 last_check_step=1701 surprise_streak=0 distance_mean=0.2315 distance_p90=0.4649 distance_p95=0.9114 distance_max=4.468 surprise_support=12
level=2 epoch=173/500 train_effect=0.704551 eval_effect=0.700204 train_vq=0.042120 active_codes=1 ema_used_codes=1 step_counter=1730 last_check_step=1701 surprise_streak=0 distance_mean=0.2315 distance_p90=0.4649 distance_p95=0.9114 distance_max=4.468 surprise_support=12
level=2 epoch=174/500 train_effect=0.711454 eval_effect=0.699933 train_vq=0.037805 active_codes=1 ema_used_codes=1 step_counter=1740 last_check_step=1701 surprise_streak=0 distance_mean=0.2315 distance_p90=0.4649 distance_p95=0.9114 distance_max=4.468 surprise_support=12
level=2 epoch=175/500 train_effect=0.708936 eval_effect=0.699730 train_vq=0.040129 active_codes=1 ema_used_codes=1 step_counter=1750 last_check_step=1701 surprise_streak=0 distance_mean=0.2315 distance_p90=0.4649 distance_p95=0.9114 distance_max=4.468 surprise_support=12
level=2 epoch=176/500 train_effect=0.712595 eval_effect=0.699515 train_vq=0.044394 active_codes=1 ema_used_codes=1 step_counter=1760 last_check_step=1701 surprise_streak=0 distance_mean=0.2315 distance_p90=0.4649 distance_p95=0.9114 distance_max=4.468 surprise_support=12
level=2 epoch=177/500 train_effect=0.707843 eval_effect=0.699383 train_vq=0.045432 active_codes=1 ema_used_codes=1 step_counter=1770 last_check_step=1701 surprise_streak=0 distance_mean=0.2315 distance_p90=0.4649 distance_p95=0.9114 distance_max=4.468 surprise_support=12
level=2 epoch=178/500 train_effect=0.709368 eval_effect=0.699074 train_vq=0.044616 active_codes=1 ema_used_codes=1 step_counter=1780 last_check_step=1701 surprise_streak=0 distance_mean=0.2315 distance_p90=0.4649 distance_p95=0.9114 distance_max=4.468 surprise_support=12
level=2 epoch=179/500 train_effect=0.706743 eval_effect=0.698882 train_vq=0.042682 active_codes=1 ema_used_codes=1 step_counter=1790 last_check_step=1701 surprise_streak=0 distance_mean=0.2315 distance_p90=0.4649 distance_p95=0.9114 distance_max=4.468 surprise_support=12
level=2 epoch=180/500 train_effect=0.706729 eval_effect=0.698679 train_vq=0.053442 active_codes=1 ema_used_codes=1 step_counter=1800 last_check_step=1701 surprise_streak=0 distance_mean=0.2315 distance_p90=0.4649 distance_p95=0.9114 distance_max=4.468 surprise_support=12
level=2 epoch=181/500 train_effect=0.711166 eval_effect=0.698699 train_vq=0.046733 active_codes=1 ema_used_codes=1 step_counter=1810 last_check_step=1801 surprise_streak=0 distance_mean=0.1842 distance_p90=0.4331 distance_p95=0.8648 distance_max=1.658 surprise_support=10
level=2 epoch=182/500 train_effect=0.704857 eval_effect=0.698351 train_vq=0.044707 active_codes=1 ema_used_codes=1 step_counter=1820 last_check_step=1801 surprise_streak=0 distance_mean=0.1842 distance_p90=0.4331 distance_p95=0.8648 distance_max=1.658 surprise_support=10
level=2 epoch=183/500 train_effect=0.705685 eval_effect=0.698111 train_vq=0.058398 active_codes=1 ema_used_codes=1 step_counter=1830 last_check_step=1801 surprise_streak=0 distance_mean=0.1842 distance_p90=0.4331 distance_p95=0.8648 distance_max=1.658 surprise_support=10
level=2 epoch=184/500 train_effect=0.705930 eval_effect=0.697898 train_vq=0.047384 active_codes=1 ema_used_codes=1 step_counter=1840 last_check_step=1801 surprise_streak=0 distance_mean=0.1842 distance_p90=0.4331 distance_p95=0.8648 distance_max=1.658 surprise_support=10
level=2 epoch=185/500 train_effect=0.706082 eval_effect=0.697711 train_vq=0.049527 active_codes=1 ema_used_codes=1 step_counter=1850 last_check_step=1801 surprise_streak=0 distance_mean=0.1842 distance_p90=0.4331 distance_p95=0.8648 distance_max=1.658 surprise_support=10
level=2 epoch=186/500 train_effect=0.707044 eval_effect=0.697643 train_vq=0.037083 active_codes=1 ema_used_codes=1 step_counter=1860 last_check_step=1801 surprise_streak=0 distance_mean=0.1842 distance_p90=0.4331 distance_p95=0.8648 distance_max=1.658 surprise_support=10
level=2 epoch=187/500 train_effect=0.707290 eval_effect=0.697383 train_vq=0.042588 active_codes=1 ema_used_codes=1 step_counter=1870 last_check_step=1801 surprise_streak=0 distance_mean=0.1842 distance_p90=0.4331 distance_p95=0.8648 distance_max=1.658 surprise_support=10
level=2 epoch=188/500 train_effect=0.703349 eval_effect=0.697192 train_vq=0.046248 active_codes=1 ema_used_codes=1 step_counter=1880 last_check_step=1801 surprise_streak=0 distance_mean=0.1842 distance_p90=0.4331 distance_p95=0.8648 distance_max=1.658 surprise_support=10
level=2 epoch=189/500 train_effect=0.702992 eval_effect=0.696959 train_vq=0.045711 active_codes=1 ema_used_codes=1 step_counter=1890 last_check_step=1801 surprise_streak=0 distance_mean=0.1842 distance_p90=0.4331 distance_p95=0.8648 distance_max=1.658 surprise_support=10
level=2 epoch=190/500 train_effect=0.704487 eval_effect=0.696809 train_vq=0.045511 active_codes=1 ema_used_codes=1 step_counter=1900 last_check_step=1801 surprise_streak=0 distance_mean=0.1842 distance_p90=0.4331 distance_p95=0.8648 distance_max=1.658 surprise_support=10
level=2 epoch=191/500 train_effect=0.705878 eval_effect=0.696554 train_vq=0.046105 active_codes=1 ema_used_codes=1 step_counter=1910 last_check_step=1901 surprise_streak=0 distance_mean=0.1805 distance_p90=0.3719 distance_p95=0.8669 distance_max=2.227 surprise_support=11
level=2 epoch=192/500 train_effect=0.711731 eval_effect=0.696459 train_vq=0.042033 active_codes=1 ema_used_codes=1 step_counter=1920 last_check_step=1901 surprise_streak=0 distance_mean=0.1805 distance_p90=0.3719 distance_p95=0.8669 distance_max=2.227 surprise_support=11
level=2 epoch=193/500 train_effect=0.712709 eval_effect=0.696223 train_vq=0.048442 active_codes=1 ema_used_codes=1 step_counter=1930 last_check_step=1901 surprise_streak=0 distance_mean=0.1805 distance_p90=0.3719 distance_p95=0.8669 distance_max=2.227 surprise_support=11
level=2 epoch=194/500 train_effect=0.709026 eval_effect=0.696100 train_vq=0.043382 active_codes=1 ema_used_codes=1 step_counter=1940 last_check_step=1901 surprise_streak=0 distance_mean=0.1805 distance_p90=0.3719 distance_p95=0.8669 distance_max=2.227 surprise_support=11
level=2 epoch=195/500 train_effect=0.707068 eval_effect=0.695986 train_vq=0.049554 active_codes=1 ema_used_codes=1 step_counter=1950 last_check_step=1901 surprise_streak=0 distance_mean=0.1805 distance_p90=0.3719 distance_p95=0.8669 distance_max=2.227 surprise_support=11
level=2 epoch=196/500 train_effect=0.708886 eval_effect=0.695870 train_vq=0.051046 active_codes=1 ema_used_codes=1 step_counter=1960 last_check_step=1901 surprise_streak=0 distance_mean=0.1805 distance_p90=0.3719 distance_p95=0.8669 distance_max=2.227 surprise_support=11
level=2 epoch=197/500 train_effect=0.707885 eval_effect=0.695701 train_vq=0.055134 active_codes=1 ema_used_codes=1 step_counter=1970 last_check_step=1901 surprise_streak=0 distance_mean=0.1805 distance_p90=0.3719 distance_p95=0.8669 distance_max=2.227 surprise_support=11
level=2 epoch=198/500 train_effect=0.711997 eval_effect=0.695688 train_vq=0.056874 active_codes=1 ema_used_codes=1 step_counter=1980 last_check_step=1901 surprise_streak=0 distance_mean=0.1805 distance_p90=0.3719 distance_p95=0.8669 distance_max=2.227 surprise_support=11
level=2 epoch=199/500 train_effect=0.702631 eval_effect=0.695390 train_vq=0.058869 active_codes=1 ema_used_codes=1 step_counter=1990 last_check_step=1901 surprise_streak=0 distance_mean=0.1805 distance_p90=0.3719 distance_p95=0.8669 distance_max=2.227 surprise_support=11
level=2 epoch=200/500 train_effect=0.705703 eval_effect=0.695260 train_vq=0.052258 active_codes=1 ema_used_codes=1 step_counter=2000 last_check_step=1901 surprise_streak=0 distance_mean=0.1805 distance_p90=0.3719 distance_p95=0.8669 distance_max=2.227 surprise_support=11
level=2 epoch=201/500 train_effect=0.705623 eval_effect=0.695193 train_vq=0.047921 active_codes=1 ema_used_codes=1 step_counter=2010 last_check_step=2001 surprise_streak=0 distance_mean=0.2122 distance_p90=0.4226 distance_p95=0.8865 distance_max=3.234 surprise_support=12
level=2 epoch=202/500 train_effect=0.706589 eval_effect=0.694999 train_vq=0.057748 active_codes=1 ema_used_codes=1 step_counter=2020 last_check_step=2001 surprise_streak=0 distance_mean=0.2122 distance_p90=0.4226 distance_p95=0.8865 distance_max=3.234 surprise_support=12
level=2 epoch=203/500 train_effect=0.706128 eval_effect=0.694816 train_vq=0.049782 active_codes=1 ema_used_codes=1 step_counter=2030 last_check_step=2001 surprise_streak=0 distance_mean=0.2122 distance_p90=0.4226 distance_p95=0.8865 distance_max=3.234 surprise_support=12
level=2 epoch=204/500 train_effect=0.701100 eval_effect=0.694689 train_vq=0.044820 active_codes=1 ema_used_codes=1 step_counter=2040 last_check_step=2001 surprise_streak=0 distance_mean=0.2122 distance_p90=0.4226 distance_p95=0.8865 distance_max=3.234 surprise_support=12
level=2 epoch=205/500 train_effect=0.698925 eval_effect=0.694531 train_vq=0.053601 active_codes=1 ema_used_codes=1 step_counter=2050 last_check_step=2001 surprise_streak=0 distance_mean=0.2122 distance_p90=0.4226 distance_p95=0.8865 distance_max=3.234 surprise_support=12
level=2 epoch=206/500 train_effect=0.703722 eval_effect=0.694473 train_vq=0.046329 active_codes=1 ema_used_codes=1 step_counter=2060 last_check_step=2001 surprise_streak=0 distance_mean=0.2122 distance_p90=0.4226 distance_p95=0.8865 distance_max=3.234 surprise_support=12
level=2 epoch=207/500 train_effect=0.706721 eval_effect=0.694291 train_vq=0.041242 active_codes=1 ema_used_codes=1 step_counter=2070 last_check_step=2001 surprise_streak=0 distance_mean=0.2122 distance_p90=0.4226 distance_p95=0.8865 distance_max=3.234 surprise_support=12
level=2 epoch=208/500 train_effect=0.705400 eval_effect=0.694094 train_vq=0.045364 active_codes=1 ema_used_codes=1 step_counter=2080 last_check_step=2001 surprise_streak=0 distance_mean=0.2122 distance_p90=0.4226 distance_p95=0.8865 distance_max=3.234 surprise_support=12
level=2 epoch=209/500 train_effect=0.701856 eval_effect=0.694140 train_vq=0.046429 active_codes=1 ema_used_codes=1 step_counter=2090 last_check_step=2001 surprise_streak=0 distance_mean=0.2122 distance_p90=0.4226 distance_p95=0.8865 distance_max=3.234 surprise_support=12
level=2 epoch=210/500 train_effect=0.710080 eval_effect=0.693895 train_vq=0.042099 active_codes=1 ema_used_codes=1 step_counter=2100 last_check_step=2001 surprise_streak=0 distance_mean=0.2122 distance_p90=0.4226 distance_p95=0.8865 distance_max=3.234 surprise_support=12
level=2 epoch=211/500 train_effect=0.705367 eval_effect=0.693726 train_vq=0.042320 active_codes=1 ema_used_codes=1 step_counter=2110 last_check_step=2101 surprise_streak=0 distance_mean=0.1401 distance_p90=0.302 distance_p95=0.5274 distance_max=2.528 surprise_support=6
level=2 epoch=212/500 train_effect=0.704755 eval_effect=0.693586 train_vq=0.045979 active_codes=1 ema_used_codes=1 step_counter=2120 last_check_step=2101 surprise_streak=0 distance_mean=0.1401 distance_p90=0.302 distance_p95=0.5274 distance_max=2.528 surprise_support=6
level=2 epoch=213/500 train_effect=0.703224 eval_effect=0.693603 train_vq=0.041583 active_codes=1 ema_used_codes=1 step_counter=2130 last_check_step=2101 surprise_streak=0 distance_mean=0.1401 distance_p90=0.302 distance_p95=0.5274 distance_max=2.528 surprise_support=6
level=2 epoch=214/500 train_effect=0.707423 eval_effect=0.693395 train_vq=0.049053 active_codes=1 ema_used_codes=1 step_counter=2140 last_check_step=2101 surprise_streak=0 distance_mean=0.1401 distance_p90=0.302 distance_p95=0.5274 distance_max=2.528 surprise_support=6
level=2 epoch=215/500 train_effect=0.703723 eval_effect=0.693270 train_vq=0.043725 active_codes=1 ema_used_codes=1 step_counter=2150 last_check_step=2101 surprise_streak=0 distance_mean=0.1401 distance_p90=0.302 distance_p95=0.5274 distance_max=2.528 surprise_support=6
level=2 epoch=216/500 train_effect=0.705030 eval_effect=0.693196 train_vq=0.046375 active_codes=1 ema_used_codes=1 step_counter=2160 last_check_step=2101 surprise_streak=0 distance_mean=0.1401 distance_p90=0.302 distance_p95=0.5274 distance_max=2.528 surprise_support=6
level=2 epoch=217/500 train_effect=0.699335 eval_effect=0.693201 train_vq=0.047381 active_codes=1 ema_used_codes=1 step_counter=2170 last_check_step=2101 surprise_streak=0 distance_mean=0.1401 distance_p90=0.302 distance_p95=0.5274 distance_max=2.528 surprise_support=6
level=2 epoch=218/500 train_effect=0.706791 eval_effect=0.692989 train_vq=0.047495 active_codes=1 ema_used_codes=1 step_counter=2180 last_check_step=2101 surprise_streak=0 distance_mean=0.1401 distance_p90=0.302 distance_p95=0.5274 distance_max=2.528 surprise_support=6
level=2 epoch=219/500 train_effect=0.704066 eval_effect=0.692843 train_vq=0.050158 active_codes=1 ema_used_codes=1 step_counter=2190 last_check_step=2101 surprise_streak=0 distance_mean=0.1401 distance_p90=0.302 distance_p95=0.5274 distance_max=2.528 surprise_support=6
level=2 epoch=220/500 train_effect=0.708853 eval_effect=0.692796 train_vq=0.054669 active_codes=1 ema_used_codes=1 step_counter=2200 last_check_step=2101 surprise_streak=0 distance_mean=0.1401 distance_p90=0.302 distance_p95=0.5274 distance_max=2.528 surprise_support=6
level=2 epoch=221/500 train_effect=0.693093 eval_effect=0.692692 train_vq=0.053433 active_codes=1 ema_used_codes=1 step_counter=2210 last_check_step=2201 surprise_streak=0 distance_mean=0.2088 distance_p90=0.4762 distance_p95=0.7815 distance_max=3.755 surprise_support=8
level=2 epoch=222/500 train_effect=0.700912 eval_effect=0.692629 train_vq=0.059430 active_codes=1 ema_used_codes=1 step_counter=2220 last_check_step=2201 surprise_streak=0 distance_mean=0.2088 distance_p90=0.4762 distance_p95=0.7815 distance_max=3.755 surprise_support=8
level=2 epoch=223/500 train_effect=0.708534 eval_effect=0.692536 train_vq=0.053651 active_codes=1 ema_used_codes=1 step_counter=2230 last_check_step=2201 surprise_streak=0 distance_mean=0.2088 distance_p90=0.4762 distance_p95=0.7815 distance_max=3.755 surprise_support=8
level=2 epoch=224/500 train_effect=0.699565 eval_effect=0.692500 train_vq=0.049335 active_codes=1 ema_used_codes=1 step_counter=2240 last_check_step=2201 surprise_streak=0 distance_mean=0.2088 distance_p90=0.4762 distance_p95=0.7815 distance_max=3.755 surprise_support=8
level=2 epoch=225/500 train_effect=0.705092 eval_effect=0.692406 train_vq=0.047825 active_codes=1 ema_used_codes=1 step_counter=2250 last_check_step=2201 surprise_streak=0 distance_mean=0.2088 distance_p90=0.4762 distance_p95=0.7815 distance_max=3.755 surprise_support=8
level=2 epoch=226/500 train_effect=0.703212 eval_effect=0.692513 train_vq=0.047418 active_codes=1 ema_used_codes=1 step_counter=2260 last_check_step=2201 surprise_streak=0 distance_mean=0.2088 distance_p90=0.4762 distance_p95=0.7815 distance_max=3.755 surprise_support=8
level=2 epoch=227/500 train_effect=0.705685 eval_effect=0.692290 train_vq=0.053239 active_codes=1 ema_used_codes=1 step_counter=2270 last_check_step=2201 surprise_streak=0 distance_mean=0.2088 distance_p90=0.4762 distance_p95=0.7815 distance_max=3.755 surprise_support=8
level=2 epoch=228/500 train_effect=0.698805 eval_effect=0.692123 train_vq=0.045818 active_codes=1 ema_used_codes=1 step_counter=2280 last_check_step=2201 surprise_streak=0 distance_mean=0.2088 distance_p90=0.4762 distance_p95=0.7815 distance_max=3.755 surprise_support=8
level=2 epoch=229/500 train_effect=0.703493 eval_effect=0.692074 train_vq=0.051249 active_codes=1 ema_used_codes=1 step_counter=2290 last_check_step=2201 surprise_streak=0 distance_mean=0.2088 distance_p90=0.4762 distance_p95=0.7815 distance_max=3.755 surprise_support=8
level=2 epoch=230/500 train_effect=0.707765 eval_effect=0.692004 train_vq=0.041261 active_codes=1 ema_used_codes=1 step_counter=2300 last_check_step=2201 surprise_streak=0 distance_mean=0.2088 distance_p90=0.4762 distance_p95=0.7815 distance_max=3.755 surprise_support=8
level=2 epoch=231/500 train_effect=0.700279 eval_effect=0.691951 train_vq=0.046640 active_codes=1 ema_used_codes=1 step_counter=2310 last_check_step=2301 surprise_streak=0 distance_mean=0.1401 distance_p90=0.3387 distance_p95=0.5688 distance_max=1.89 surprise_support=5
level=2 epoch=232/500 train_effect=0.704794 eval_effect=0.692022 train_vq=0.051321 active_codes=1 ema_used_codes=1 step_counter=2320 last_check_step=2301 surprise_streak=0 distance_mean=0.1401 distance_p90=0.3387 distance_p95=0.5688 distance_max=1.89 surprise_support=5
level=2 epoch=233/500 train_effect=0.700257 eval_effect=0.691884 train_vq=0.058914 active_codes=1 ema_used_codes=1 step_counter=2330 last_check_step=2301 surprise_streak=0 distance_mean=0.1401 distance_p90=0.3387 distance_p95=0.5688 distance_max=1.89 surprise_support=5
level=2 epoch=234/500 train_effect=0.703013 eval_effect=0.691793 train_vq=0.064434 active_codes=1 ema_used_codes=1 step_counter=2340 last_check_step=2301 surprise_streak=0 distance_mean=0.1401 distance_p90=0.3387 distance_p95=0.5688 distance_max=1.89 surprise_support=5
level=2 epoch=235/500 train_effect=0.695477 eval_effect=0.691728 train_vq=0.050127 active_codes=1 ema_used_codes=1 step_counter=2350 last_check_step=2301 surprise_streak=0 distance_mean=0.1401 distance_p90=0.3387 distance_p95=0.5688 distance_max=1.89 surprise_support=5
level=2 epoch=236/500 train_effect=0.705320 eval_effect=0.691637 train_vq=0.050735 active_codes=1 ema_used_codes=1 step_counter=2360 last_check_step=2301 surprise_streak=0 distance_mean=0.1401 distance_p90=0.3387 distance_p95=0.5688 distance_max=1.89 surprise_support=5
level=2 epoch=237/500 train_effect=0.708513 eval_effect=0.691625 train_vq=0.049562 active_codes=1 ema_used_codes=1 step_counter=2370 last_check_step=2301 surprise_streak=0 distance_mean=0.1401 distance_p90=0.3387 distance_p95=0.5688 distance_max=1.89 surprise_support=5
level=2 epoch=238/500 train_effect=0.702258 eval_effect=0.691636 train_vq=0.047778 active_codes=1 ema_used_codes=1 step_counter=2380 last_check_step=2301 surprise_streak=0 distance_mean=0.1401 distance_p90=0.3387 distance_p95=0.5688 distance_max=1.89 surprise_support=5
level=2 epoch=239/500 train_effect=0.696043 eval_effect=0.691493 train_vq=0.050593 active_codes=1 ema_used_codes=1 step_counter=2390 last_check_step=2301 surprise_streak=0 distance_mean=0.1401 distance_p90=0.3387 distance_p95=0.5688 distance_max=1.89 surprise_support=5
level=2 epoch=240/500 train_effect=0.704202 eval_effect=0.691457 train_vq=0.047693 active_codes=1 ema_used_codes=1 step_counter=2400 last_check_step=2301 surprise_streak=0 distance_mean=0.1401 distance_p90=0.3387 distance_p95=0.5688 distance_max=1.89 surprise_support=5
level=2 epoch=241/500 train_effect=0.700712 eval_effect=0.691365 train_vq=0.049923 active_codes=1 ema_used_codes=1 step_counter=2410 last_check_step=2401 surprise_streak=1 distance_mean=0.2092 distance_p90=0.4579 distance_p95=0.9899 distance_max=4.463 surprise_support=13
level=2 epoch=242/500 train_effect=0.708558 eval_effect=0.691559 train_vq=0.057831 active_codes=1 ema_used_codes=1 step_counter=2420 last_check_step=2401 surprise_streak=1 distance_mean=0.2092 distance_p90=0.4579 distance_p95=0.9899 distance_max=4.463 surprise_support=13
level=2 epoch=243/500 train_effect=0.704103 eval_effect=0.691350 train_vq=0.055469 active_codes=1 ema_used_codes=1 step_counter=2430 last_check_step=2401 surprise_streak=1 distance_mean=0.2092 distance_p90=0.4579 distance_p95=0.9899 distance_max=4.463 surprise_support=13
level=2 epoch=244/500 train_effect=0.699461 eval_effect=0.691303 train_vq=0.048208 active_codes=1 ema_used_codes=1 step_counter=2440 last_check_step=2401 surprise_streak=1 distance_mean=0.2092 distance_p90=0.4579 distance_p95=0.9899 distance_max=4.463 surprise_support=13
level=2 epoch=245/500 train_effect=0.701226 eval_effect=0.691163 train_vq=0.047853 active_codes=1 ema_used_codes=1 step_counter=2450 last_check_step=2401 surprise_streak=1 distance_mean=0.2092 distance_p90=0.4579 distance_p95=0.9899 distance_max=4.463 surprise_support=13
level=2 epoch=246/500 train_effect=0.701625 eval_effect=0.691215 train_vq=0.042734 active_codes=1 ema_used_codes=1 step_counter=2460 last_check_step=2401 surprise_streak=1 distance_mean=0.2092 distance_p90=0.4579 distance_p95=0.9899 distance_max=4.463 surprise_support=13
level=2 epoch=247/500 train_effect=0.709560 eval_effect=0.691091 train_vq=0.044814 active_codes=1 ema_used_codes=1 step_counter=2470 last_check_step=2401 surprise_streak=1 distance_mean=0.2092 distance_p90=0.4579 distance_p95=0.9899 distance_max=4.463 surprise_support=13
level=2 epoch=248/500 train_effect=0.703548 eval_effect=0.691038 train_vq=0.047303 active_codes=1 ema_used_codes=1 step_counter=2480 last_check_step=2401 surprise_streak=1 distance_mean=0.2092 distance_p90=0.4579 distance_p95=0.9899 distance_max=4.463 surprise_support=13
level=2 epoch=249/500 train_effect=0.704518 eval_effect=0.691071 train_vq=0.047756 active_codes=1 ema_used_codes=1 step_counter=2490 last_check_step=2401 surprise_streak=1 distance_mean=0.2092 distance_p90=0.4579 distance_p95=0.9899 distance_max=4.463 surprise_support=13
level=2 epoch=250/500 train_effect=0.697657 eval_effect=0.690904 train_vq=0.050530 active_codes=1 ema_used_codes=1 step_counter=2500 last_check_step=2401 surprise_streak=1 distance_mean=0.2092 distance_p90=0.4579 distance_p95=0.9899 distance_max=4.463 surprise_support=13
[Dynamic VQ] step=2501 K=1->2 support=14/256 threshold=1.0000
level=2 epoch=251/500 train_effect=0.707468 eval_effect=0.685757 train_vq=0.027374 active_codes=2 ema_used_codes=2 step_counter=2510 last_check_step=2501 surprise_streak=0 distance_mean=0.2195 distance_p90=0.5287 distance_p95=1.075 distance_max=3.58 surprise_support=14
level=2 epoch=252/500 train_effect=0.708452 eval_effect=0.683038 train_vq=0.031106 active_codes=2 ema_used_codes=2 step_counter=2520 last_check_step=2501 surprise_streak=0 distance_mean=0.2195 distance_p90=0.5287 distance_p95=1.075 distance_max=3.58 surprise_support=14
level=2 epoch=253/500 train_effect=0.699024 eval_effect=0.692573 train_vq=0.029950 active_codes=2 ema_used_codes=2 step_counter=2530 last_check_step=2501 surprise_streak=0 distance_mean=0.2195 distance_p90=0.5287 distance_p95=1.075 distance_max=3.58 surprise_support=14
level=2 epoch=254/500 train_effect=0.702290 eval_effect=0.676663 train_vq=0.033636 active_codes=2 ema_used_codes=2 step_counter=2540 last_check_step=2501 surprise_streak=0 distance_mean=0.2195 distance_p90=0.5287 distance_p95=1.075 distance_max=3.58 surprise_support=14
level=2 epoch=255/500 train_effect=0.692579 eval_effect=0.690799 train_vq=0.037190 active_codes=2 ema_used_codes=2 step_counter=2550 last_check_step=2501 surprise_streak=0 distance_mean=0.2195 distance_p90=0.5287 distance_p95=1.075 distance_max=3.58 surprise_support=14
level=2 epoch=256/500 train_effect=0.695371 eval_effect=0.680081 train_vq=0.033077 active_codes=2 ema_used_codes=2 step_counter=2560 last_check_step=2501 surprise_streak=0 distance_mean=0.2195 distance_p90=0.5287 distance_p95=1.075 distance_max=3.58 surprise_support=14
level=2 epoch=257/500 train_effect=0.697170 eval_effect=0.679646 train_vq=0.032367 active_codes=2 ema_used_codes=2 step_counter=2570 last_check_step=2501 surprise_streak=0 distance_mean=0.2195 distance_p90=0.5287 distance_p95=1.075 distance_max=3.58 surprise_support=14
level=2 epoch=258/500 train_effect=0.686065 eval_effect=0.669708 train_vq=0.029612 active_codes=2 ema_used_codes=2 step_counter=2580 last_check_step=2501 surprise_streak=0 distance_mean=0.2195 distance_p90=0.5287 distance_p95=1.075 distance_max=3.58 surprise_support=14
level=2 epoch=259/500 train_effect=0.686139 eval_effect=0.662428 train_vq=0.030856 active_codes=2 ema_used_codes=2 step_counter=2590 last_check_step=2501 surprise_streak=0 distance_mean=0.2195 distance_p90=0.5287 distance_p95=1.075 distance_max=3.58 surprise_support=14
level=2 epoch=260/500 train_effect=0.684168 eval_effect=0.661319 train_vq=0.031102 active_codes=2 ema_used_codes=2 step_counter=2600 last_check_step=2501 surprise_streak=0 distance_mean=0.2195 distance_p90=0.5287 distance_p95=1.075 distance_max=3.58 surprise_support=14
level=2 epoch=261/500 train_effect=0.677439 eval_effect=0.671297 train_vq=0.032537 active_codes=2 ema_used_codes=2 step_counter=2610 last_check_step=2501 surprise_streak=0 distance_mean=0.2195 distance_p90=0.5287 distance_p95=1.075 distance_max=3.58 surprise_support=14
level=2 epoch=262/500 train_effect=0.669223 eval_effect=0.655277 train_vq=0.032142 active_codes=2 ema_used_codes=2 step_counter=2620 last_check_step=2501 surprise_streak=0 distance_mean=0.2195 distance_p90=0.5287 distance_p95=1.075 distance_max=3.58 surprise_support=14
level=2 epoch=263/500 train_effect=0.671314 eval_effect=0.651687 train_vq=0.028957 active_codes=2 ema_used_codes=2 step_counter=2630 last_check_step=2501 surprise_streak=0 distance_mean=0.2195 distance_p90=0.5287 distance_p95=1.075 distance_max=3.58 surprise_support=14
level=2 epoch=264/500 train_effect=0.676925 eval_effect=0.648008 train_vq=0.033528 active_codes=2 ema_used_codes=2 step_counter=2640 last_check_step=2501 surprise_streak=0 distance_mean=0.2195 distance_p90=0.5287 distance_p95=1.075 distance_max=3.58 surprise_support=14
level=2 epoch=265/500 train_effect=0.668172 eval_effect=0.649479 train_vq=0.033978 active_codes=2 ema_used_codes=2 step_counter=2650 last_check_step=2501 surprise_streak=0 distance_mean=0.2195 distance_p90=0.5287 distance_p95=1.075 distance_max=3.58 surprise_support=14
level=2 epoch=266/500 train_effect=0.664178 eval_effect=0.644789 train_vq=0.034741 active_codes=2 ema_used_codes=2 step_counter=2660 last_check_step=2501 surprise_streak=0 distance_mean=0.2195 distance_p90=0.5287 distance_p95=1.075 distance_max=3.58 surprise_support=14
level=2 epoch=267/500 train_effect=0.664541 eval_effect=0.638208 train_vq=0.037041 active_codes=2 ema_used_codes=2 step_counter=2670 last_check_step=2501 surprise_streak=0 distance_mean=0.2195 distance_p90=0.5287 distance_p95=1.075 distance_max=3.58 surprise_support=14
level=2 epoch=268/500 train_effect=0.654653 eval_effect=0.642806 train_vq=0.041430 active_codes=2 ema_used_codes=2 step_counter=2680 last_check_step=2501 surprise_streak=0 distance_mean=0.2195 distance_p90=0.5287 distance_p95=1.075 distance_max=3.58 surprise_support=14
level=2 epoch=269/500 train_effect=0.656213 eval_effect=0.638297 train_vq=0.040773 active_codes=2 ema_used_codes=2 step_counter=2690 last_check_step=2501 surprise_streak=0 distance_mean=0.2195 distance_p90=0.5287 distance_p95=1.075 distance_max=3.58 surprise_support=14
level=2 epoch=270/500 train_effect=0.655479 eval_effect=0.633242 train_vq=0.044104 active_codes=2 ema_used_codes=2 step_counter=2700 last_check_step=2501 surprise_streak=0 distance_mean=0.2195 distance_p90=0.5287 distance_p95=1.075 distance_max=3.58 surprise_support=14
level=2 epoch=271/500 train_effect=0.651489 eval_effect=0.642212 train_vq=0.041555 active_codes=2 ema_used_codes=2 step_counter=2710 last_check_step=2501 surprise_streak=0 distance_mean=0.2195 distance_p90=0.5287 distance_p95=1.075 distance_max=3.58 surprise_support=14
level=2 epoch=272/500 train_effect=0.654589 eval_effect=0.632412 train_vq=0.045394 active_codes=2 ema_used_codes=2 step_counter=2720 last_check_step=2501 surprise_streak=0 distance_mean=0.2195 distance_p90=0.5287 distance_p95=1.075 distance_max=3.58 surprise_support=14
level=2 epoch=273/500 train_effect=0.646062 eval_effect=0.632330 train_vq=0.042414 active_codes=2 ema_used_codes=2 step_counter=2730 last_check_step=2501 surprise_streak=0 distance_mean=0.2195 distance_p90=0.5287 distance_p95=1.075 distance_max=3.58 surprise_support=14
level=2 epoch=274/500 train_effect=0.645058 eval_effect=0.627573 train_vq=0.048428 active_codes=2 ema_used_codes=2 step_counter=2740 last_check_step=2501 surprise_streak=0 distance_mean=0.2195 distance_p90=0.5287 distance_p95=1.075 distance_max=3.58 surprise_support=14
level=2 epoch=275/500 train_effect=0.646238 eval_effect=0.633778 train_vq=0.047001 active_codes=2 ema_used_codes=2 step_counter=2750 last_check_step=2501 surprise_streak=0 distance_mean=0.2195 distance_p90=0.5287 distance_p95=1.075 distance_max=3.58 surprise_support=14
level=2 epoch=276/500 train_effect=0.650735 eval_effect=0.636040 train_vq=0.048763 active_codes=2 ema_used_codes=2 step_counter=2760 last_check_step=2501 surprise_streak=0 distance_mean=0.2195 distance_p90=0.5287 distance_p95=1.075 distance_max=3.58 surprise_support=14
level=2 epoch=277/500 train_effect=0.649598 eval_effect=0.624083 train_vq=0.055917 active_codes=2 ema_used_codes=2 step_counter=2770 last_check_step=2501 surprise_streak=0 distance_mean=0.2195 distance_p90=0.5287 distance_p95=1.075 distance_max=3.58 surprise_support=14
level=2 epoch=278/500 train_effect=0.643047 eval_effect=0.614739 train_vq=0.046341 active_codes=2 ema_used_codes=2 step_counter=2780 last_check_step=2501 surprise_streak=0 distance_mean=0.2195 distance_p90=0.5287 distance_p95=1.075 distance_max=3.58 surprise_support=14
level=2 epoch=279/500 train_effect=0.641055 eval_effect=0.622217 train_vq=0.044702 active_codes=2 ema_used_codes=2 step_counter=2790 last_check_step=2501 surprise_streak=0 distance_mean=0.2195 distance_p90=0.5287 distance_p95=1.075 distance_max=3.58 surprise_support=14
level=2 epoch=280/500 train_effect=0.648626 eval_effect=0.627908 train_vq=0.046247 active_codes=2 ema_used_codes=2 step_counter=2800 last_check_step=2501 surprise_streak=0 distance_mean=0.2195 distance_p90=0.5287 distance_p95=1.075 distance_max=3.58 surprise_support=14
level=2 epoch=281/500 train_effect=0.641236 eval_effect=0.610073 train_vq=0.053972 active_codes=2 ema_used_codes=2 step_counter=2810 last_check_step=2501 surprise_streak=0 distance_mean=0.2195 distance_p90=0.5287 distance_p95=1.075 distance_max=3.58 surprise_support=14
level=2 epoch=282/500 train_effect=0.634685 eval_effect=0.615468 train_vq=0.043437 active_codes=2 ema_used_codes=2 step_counter=2820 last_check_step=2501 surprise_streak=0 distance_mean=0.2195 distance_p90=0.5287 distance_p95=1.075 distance_max=3.58 surprise_support=14
level=2 epoch=283/500 train_effect=0.634766 eval_effect=0.611790 train_vq=0.050207 active_codes=2 ema_used_codes=2 step_counter=2830 last_check_step=2501 surprise_streak=0 distance_mean=0.2195 distance_p90=0.5287 distance_p95=1.075 distance_max=3.58 surprise_support=14
level=2 epoch=284/500 train_effect=0.642027 eval_effect=0.616159 train_vq=0.048681 active_codes=2 ema_used_codes=2 step_counter=2840 last_check_step=2501 surprise_streak=0 distance_mean=0.2195 distance_p90=0.5287 distance_p95=1.075 distance_max=3.58 surprise_support=14
level=2 epoch=285/500 train_effect=0.631799 eval_effect=0.618589 train_vq=0.045695 active_codes=2 ema_used_codes=2 step_counter=2850 last_check_step=2501 surprise_streak=0 distance_mean=0.2195 distance_p90=0.5287 distance_p95=1.075 distance_max=3.58 surprise_support=14
level=2 epoch=286/500 train_effect=0.635580 eval_effect=0.614592 train_vq=0.053873 active_codes=2 ema_used_codes=2 step_counter=2860 last_check_step=2501 surprise_streak=0 distance_mean=0.2195 distance_p90=0.5287 distance_p95=1.075 distance_max=3.58 surprise_support=14
level=2 epoch=287/500 train_effect=0.633810 eval_effect=0.613012 train_vq=0.045173 active_codes=2 ema_used_codes=2 step_counter=2870 last_check_step=2501 surprise_streak=0 distance_mean=0.2195 distance_p90=0.5287 distance_p95=1.075 distance_max=3.58 surprise_support=14
level=2 epoch=288/500 train_effect=0.636545 eval_effect=0.605726 train_vq=0.052595 active_codes=2 ema_used_codes=2 step_counter=2880 last_check_step=2501 surprise_streak=0 distance_mean=0.2195 distance_p90=0.5287 distance_p95=1.075 distance_max=3.58 surprise_support=14
level=2 epoch=289/500 train_effect=0.633450 eval_effect=0.600020 train_vq=0.050675 active_codes=2 ema_used_codes=2 step_counter=2890 last_check_step=2501 surprise_streak=0 distance_mean=0.2195 distance_p90=0.5287 distance_p95=1.075 distance_max=3.58 surprise_support=14
level=2 epoch=290/500 train_effect=0.624424 eval_effect=0.600874 train_vq=0.052906 active_codes=2 ema_used_codes=2 step_counter=2900 last_check_step=2501 surprise_streak=0 distance_mean=0.2195 distance_p90=0.5287 distance_p95=1.075 distance_max=3.58 surprise_support=14
level=2 epoch=291/500 train_effect=0.625597 eval_effect=0.600411 train_vq=0.046751 active_codes=2 ema_used_codes=2 step_counter=2910 last_check_step=2501 surprise_streak=0 distance_mean=0.2195 distance_p90=0.5287 distance_p95=1.075 distance_max=3.58 surprise_support=14
level=2 epoch=292/500 train_effect=0.627895 eval_effect=0.600151 train_vq=0.055284 active_codes=2 ema_used_codes=2 step_counter=2920 last_check_step=2501 surprise_streak=0 distance_mean=0.2195 distance_p90=0.5287 distance_p95=1.075 distance_max=3.58 surprise_support=14
level=2 epoch=293/500 train_effect=0.624538 eval_effect=0.605362 train_vq=0.051479 active_codes=2 ema_used_codes=2 step_counter=2930 last_check_step=2501 surprise_streak=0 distance_mean=0.2195 distance_p90=0.5287 distance_p95=1.075 distance_max=3.58 surprise_support=14
level=2 epoch=294/500 train_effect=0.625385 eval_effect=0.595505 train_vq=0.049429 active_codes=2 ema_used_codes=2 step_counter=2940 last_check_step=2501 surprise_streak=0 distance_mean=0.2195 distance_p90=0.5287 distance_p95=1.075 distance_max=3.58 surprise_support=14
level=2 epoch=295/500 train_effect=0.627488 eval_effect=0.597204 train_vq=0.055690 active_codes=2 ema_used_codes=2 step_counter=2950 last_check_step=2501 surprise_streak=0 distance_mean=0.2195 distance_p90=0.5287 distance_p95=1.075 distance_max=3.58 surprise_support=14
level=2 epoch=296/500 train_effect=0.618886 eval_effect=0.595354 train_vq=0.043428 active_codes=2 ema_used_codes=2 step_counter=2960 last_check_step=2501 surprise_streak=0 distance_mean=0.2195 distance_p90=0.5287 distance_p95=1.075 distance_max=3.58 surprise_support=14
level=2 epoch=297/500 train_effect=0.625257 eval_effect=0.607119 train_vq=0.054470 active_codes=2 ema_used_codes=2 step_counter=2970 last_check_step=2501 surprise_streak=0 distance_mean=0.2195 distance_p90=0.5287 distance_p95=1.075 distance_max=3.58 surprise_support=14
level=2 epoch=298/500 train_effect=0.613240 eval_effect=0.588650 train_vq=0.050789 active_codes=2 ema_used_codes=2 step_counter=2980 last_check_step=2501 surprise_streak=0 distance_mean=0.2195 distance_p90=0.5287 distance_p95=1.075 distance_max=3.58 surprise_support=14
level=2 epoch=299/500 train_effect=0.614334 eval_effect=0.607190 train_vq=0.058838 active_codes=2 ema_used_codes=2 step_counter=2990 last_check_step=2501 surprise_streak=0 distance_mean=0.2195 distance_p90=0.5287 distance_p95=1.075 distance_max=3.58 surprise_support=14
level=2 epoch=300/500 train_effect=0.626585 eval_effect=0.596183 train_vq=0.051898 active_codes=2 ema_used_codes=2 step_counter=3000 last_check_step=2501 surprise_streak=0 distance_mean=0.2195 distance_p90=0.5287 distance_p95=1.075 distance_max=3.58 surprise_support=14
level=2 epoch=301/500 train_effect=0.617542 eval_effect=0.590655 train_vq=0.054153 active_codes=2 ema_used_codes=2 step_counter=3010 last_check_step=2501 surprise_streak=0 distance_mean=0.2195 distance_p90=0.5287 distance_p95=1.075 distance_max=3.58 surprise_support=14
level=2 epoch=302/500 train_effect=0.619469 eval_effect=0.600287 train_vq=0.049144 active_codes=2 ema_used_codes=2 step_counter=3020 last_check_step=2501 surprise_streak=0 distance_mean=0.2195 distance_p90=0.5287 distance_p95=1.075 distance_max=3.58 surprise_support=14
level=2 epoch=303/500 train_effect=0.616446 eval_effect=0.591835 train_vq=0.051259 active_codes=2 ema_used_codes=2 step_counter=3030 last_check_step=2501 surprise_streak=0 distance_mean=0.2195 distance_p90=0.5287 distance_p95=1.075 distance_max=3.58 surprise_support=14
level=2 epoch=304/500 train_effect=0.610534 eval_effect=0.596884 train_vq=0.057714 active_codes=2 ema_used_codes=2 step_counter=3040 last_check_step=2501 surprise_streak=0 distance_mean=0.2195 distance_p90=0.5287 distance_p95=1.075 distance_max=3.58 surprise_support=14
level=2 epoch=305/500 train_effect=0.612595 eval_effect=0.591837 train_vq=0.054195 active_codes=2 ema_used_codes=2 step_counter=3050 last_check_step=2501 surprise_streak=0 distance_mean=0.2195 distance_p90=0.5287 distance_p95=1.075 distance_max=3.58 surprise_support=14
level=2 epoch=306/500 train_effect=0.609701 eval_effect=0.589323 train_vq=0.049978 active_codes=2 ema_used_codes=2 step_counter=3060 last_check_step=2501 surprise_streak=0 distance_mean=0.2195 distance_p90=0.5287 distance_p95=1.075 distance_max=3.58 surprise_support=14
level=2 epoch=307/500 train_effect=0.610840 eval_effect=0.590697 train_vq=0.053535 active_codes=2 ema_used_codes=2 step_counter=3070 last_check_step=2501 surprise_streak=0 distance_mean=0.2195 distance_p90=0.5287 distance_p95=1.075 distance_max=3.58 surprise_support=14
level=2 epoch=308/500 train_effect=0.615561 eval_effect=0.594625 train_vq=0.054960 active_codes=2 ema_used_codes=2 step_counter=3080 last_check_step=2501 surprise_streak=0 distance_mean=0.2195 distance_p90=0.5287 distance_p95=1.075 distance_max=3.58 surprise_support=14
level=2 epoch=309/500 train_effect=0.609667 eval_effect=0.599227 train_vq=0.052625 active_codes=2 ema_used_codes=2 step_counter=3090 last_check_step=2501 surprise_streak=0 distance_mean=0.2195 distance_p90=0.5287 distance_p95=1.075 distance_max=3.58 surprise_support=14
level=2 epoch=310/500 train_effect=0.610572 eval_effect=0.586263 train_vq=0.053119 active_codes=2 ema_used_codes=2 step_counter=3100 last_check_step=2501 surprise_streak=0 distance_mean=0.2195 distance_p90=0.5287 distance_p95=1.075 distance_max=3.58 surprise_support=14
level=2 epoch=311/500 train_effect=0.614508 eval_effect=0.592428 train_vq=0.058216 active_codes=2 ema_used_codes=2 step_counter=3110 last_check_step=2501 surprise_streak=0 distance_mean=0.2195 distance_p90=0.5287 distance_p95=1.075 distance_max=3.58 surprise_support=14
level=2 epoch=312/500 train_effect=0.611548 eval_effect=0.609173 train_vq=0.049502 active_codes=2 ema_used_codes=2 step_counter=3120 last_check_step=2501 surprise_streak=0 distance_mean=0.2195 distance_p90=0.5287 distance_p95=1.075 distance_max=3.58 surprise_support=14
level=2 epoch=313/500 train_effect=0.604817 eval_effect=0.583007 train_vq=0.052319 active_codes=2 ema_used_codes=2 step_counter=3130 last_check_step=2501 surprise_streak=0 distance_mean=0.2195 distance_p90=0.5287 distance_p95=1.075 distance_max=3.58 surprise_support=14
level=2 epoch=314/500 train_effect=0.612445 eval_effect=0.587781 train_vq=0.052474 active_codes=2 ema_used_codes=2 step_counter=3140 last_check_step=2501 surprise_streak=0 distance_mean=0.2195 distance_p90=0.5287 distance_p95=1.075 distance_max=3.58 surprise_support=14
level=2 epoch=315/500 train_effect=0.609494 eval_effect=0.581621 train_vq=0.059290 active_codes=2 ema_used_codes=2 step_counter=3150 last_check_step=2501 surprise_streak=0 distance_mean=0.2195 distance_p90=0.5287 distance_p95=1.075 distance_max=3.58 surprise_support=14
level=2 epoch=316/500 train_effect=0.603857 eval_effect=0.592073 train_vq=0.051191 active_codes=2 ema_used_codes=2 step_counter=3160 last_check_step=2501 surprise_streak=0 distance_mean=0.2195 distance_p90=0.5287 distance_p95=1.075 distance_max=3.58 surprise_support=14
level=2 epoch=317/500 train_effect=0.610670 eval_effect=0.589086 train_vq=0.060032 active_codes=2 ema_used_codes=2 step_counter=3170 last_check_step=2501 surprise_streak=0 distance_mean=0.2195 distance_p90=0.5287 distance_p95=1.075 distance_max=3.58 surprise_support=14
level=2 epoch=318/500 train_effect=0.596754 eval_effect=0.585013 train_vq=0.046824 active_codes=2 ema_used_codes=2 step_counter=3180 last_check_step=2501 surprise_streak=0 distance_mean=0.2195 distance_p90=0.5287 distance_p95=1.075 distance_max=3.58 surprise_support=14
level=2 epoch=319/500 train_effect=0.598789 eval_effect=0.580831 train_vq=0.054509 active_codes=2 ema_used_codes=2 step_counter=3190 last_check_step=2501 surprise_streak=0 distance_mean=0.2195 distance_p90=0.5287 distance_p95=1.075 distance_max=3.58 surprise_support=14
level=2 epoch=320/500 train_effect=0.599557 eval_effect=0.574938 train_vq=0.051845 active_codes=2 ema_used_codes=2 step_counter=3200 last_check_step=2501 surprise_streak=0 distance_mean=0.2195 distance_p90=0.5287 distance_p95=1.075 distance_max=3.58 surprise_support=14
level=2 epoch=321/500 train_effect=0.591728 eval_effect=0.579191 train_vq=0.054561 active_codes=2 ema_used_codes=2 step_counter=3210 last_check_step=2501 surprise_streak=0 distance_mean=0.2195 distance_p90=0.5287 distance_p95=1.075 distance_max=3.58 surprise_support=14
level=2 epoch=322/500 train_effect=0.591611 eval_effect=0.578738 train_vq=0.051253 active_codes=2 ema_used_codes=2 step_counter=3220 last_check_step=2501 surprise_streak=0 distance_mean=0.2195 distance_p90=0.5287 distance_p95=1.075 distance_max=3.58 surprise_support=14
level=2 epoch=323/500 train_effect=0.600378 eval_effect=0.582768 train_vq=0.056839 active_codes=2 ema_used_codes=2 step_counter=3230 last_check_step=2501 surprise_streak=0 distance_mean=0.2195 distance_p90=0.5287 distance_p95=1.075 distance_max=3.58 surprise_support=14
level=2 epoch=324/500 train_effect=0.600181 eval_effect=0.576602 train_vq=0.051799 active_codes=2 ema_used_codes=2 step_counter=3240 last_check_step=2501 surprise_streak=0 distance_mean=0.2195 distance_p90=0.5287 distance_p95=1.075 distance_max=3.58 surprise_support=14
level=2 epoch=325/500 train_effect=0.593232 eval_effect=0.591336 train_vq=0.053759 active_codes=2 ema_used_codes=2 step_counter=3250 last_check_step=2501 surprise_streak=0 distance_mean=0.2195 distance_p90=0.5287 distance_p95=1.075 distance_max=3.58 surprise_support=14
level=2 epoch=326/500 train_effect=0.593892 eval_effect=0.582841 train_vq=0.050877 active_codes=2 ema_used_codes=2 step_counter=3260 last_check_step=2501 surprise_streak=0 distance_mean=0.2195 distance_p90=0.5287 distance_p95=1.075 distance_max=3.58 surprise_support=14
level=2 epoch=327/500 train_effect=0.586101 eval_effect=0.591967 train_vq=0.060475 active_codes=2 ema_used_codes=2 step_counter=3270 last_check_step=2501 surprise_streak=0 distance_mean=0.2195 distance_p90=0.5287 distance_p95=1.075 distance_max=3.58 surprise_support=14
level=2 epoch=328/500 train_effect=0.598660 eval_effect=0.567536 train_vq=0.057557 active_codes=2 ema_used_codes=2 step_counter=3280 last_check_step=2501 surprise_streak=0 distance_mean=0.2195 distance_p90=0.5287 distance_p95=1.075 distance_max=3.58 surprise_support=14
level=2 epoch=329/500 train_effect=0.601730 eval_effect=0.583404 train_vq=0.048264 active_codes=2 ema_used_codes=2 step_counter=3290 last_check_step=2501 surprise_streak=0 distance_mean=0.2195 distance_p90=0.5287 distance_p95=1.075 distance_max=3.58 surprise_support=14
level=2 epoch=330/500 train_effect=0.610241 eval_effect=0.572713 train_vq=0.047648 active_codes=2 ema_used_codes=2 step_counter=3300 last_check_step=2501 surprise_streak=0 distance_mean=0.2195 distance_p90=0.5287 distance_p95=1.075 distance_max=3.58 surprise_support=14
level=2 epoch=331/500 train_effect=0.597690 eval_effect=0.577967 train_vq=0.057581 active_codes=2 ema_used_codes=2 step_counter=3310 last_check_step=2501 surprise_streak=0 distance_mean=0.2195 distance_p90=0.5287 distance_p95=1.075 distance_max=3.58 surprise_support=14
level=2 epoch=332/500 train_effect=0.589963 eval_effect=0.567506 train_vq=0.052463 active_codes=2 ema_used_codes=2 step_counter=3320 last_check_step=2501 surprise_streak=0 distance_mean=0.2195 distance_p90=0.5287 distance_p95=1.075 distance_max=3.58 surprise_support=14
level=2 epoch=333/500 train_effect=0.594526 eval_effect=0.570578 train_vq=0.046171 active_codes=2 ema_used_codes=2 step_counter=3330 last_check_step=2501 surprise_streak=0 distance_mean=0.2195 distance_p90=0.5287 distance_p95=1.075 distance_max=3.58 surprise_support=14
level=2 epoch=334/500 train_effect=0.590819 eval_effect=0.569611 train_vq=0.059232 active_codes=2 ema_used_codes=2 step_counter=3340 last_check_step=2501 surprise_streak=0 distance_mean=0.2195 distance_p90=0.5287 distance_p95=1.075 distance_max=3.58 surprise_support=14
level=2 epoch=335/500 train_effect=0.588978 eval_effect=0.579453 train_vq=0.047709 active_codes=2 ema_used_codes=2 step_counter=3350 last_check_step=2501 surprise_streak=0 distance_mean=0.2195 distance_p90=0.5287 distance_p95=1.075 distance_max=3.58 surprise_support=14
level=2 epoch=336/500 train_effect=0.588336 eval_effect=0.575973 train_vq=0.052147 active_codes=2 ema_used_codes=2 step_counter=3360 last_check_step=2501 surprise_streak=0 distance_mean=0.2195 distance_p90=0.5287 distance_p95=1.075 distance_max=3.58 surprise_support=14
level=2 epoch=337/500 train_effect=0.591035 eval_effect=0.583780 train_vq=0.052692 active_codes=2 ema_used_codes=2 step_counter=3370 last_check_step=2501 surprise_streak=0 distance_mean=0.2195 distance_p90=0.5287 distance_p95=1.075 distance_max=3.58 surprise_support=14
level=2 epoch=338/500 train_effect=0.591422 eval_effect=0.570490 train_vq=0.049474 active_codes=2 ema_used_codes=2 step_counter=3380 last_check_step=2501 surprise_streak=0 distance_mean=0.2195 distance_p90=0.5287 distance_p95=1.075 distance_max=3.58 surprise_support=14
level=2 epoch=339/500 train_effect=0.584366 eval_effect=0.567874 train_vq=0.053889 active_codes=2 ema_used_codes=2 step_counter=3390 last_check_step=2501 surprise_streak=0 distance_mean=0.2195 distance_p90=0.5287 distance_p95=1.075 distance_max=3.58 surprise_support=14
level=2 epoch=340/500 train_effect=0.593171 eval_effect=0.572731 train_vq=0.054355 active_codes=2 ema_used_codes=2 step_counter=3400 last_check_step=2501 surprise_streak=0 distance_mean=0.2195 distance_p90=0.5287 distance_p95=1.075 distance_max=3.58 surprise_support=14
level=2 epoch=341/500 train_effect=0.582652 eval_effect=0.568943 train_vq=0.055882 active_codes=2 ema_used_codes=2 step_counter=3410 last_check_step=2501 surprise_streak=0 distance_mean=0.2195 distance_p90=0.5287 distance_p95=1.075 distance_max=3.58 surprise_support=14
level=2 epoch=342/500 train_effect=0.585972 eval_effect=0.571220 train_vq=0.050538 active_codes=2 ema_used_codes=2 step_counter=3420 last_check_step=2501 surprise_streak=0 distance_mean=0.2195 distance_p90=0.5287 distance_p95=1.075 distance_max=3.58 surprise_support=14
level=2 epoch=343/500 train_effect=0.578419 eval_effect=0.566980 train_vq=0.051192 active_codes=2 ema_used_codes=2 step_counter=3430 last_check_step=2501 surprise_streak=0 distance_mean=0.2195 distance_p90=0.5287 distance_p95=1.075 distance_max=3.58 surprise_support=14
level=2 epoch=344/500 train_effect=0.584882 eval_effect=0.565291 train_vq=0.050369 active_codes=2 ema_used_codes=2 step_counter=3440 last_check_step=2501 surprise_streak=0 distance_mean=0.2195 distance_p90=0.5287 distance_p95=1.075 distance_max=3.58 surprise_support=14
level=2 epoch=345/500 train_effect=0.589890 eval_effect=0.572910 train_vq=0.048221 active_codes=2 ema_used_codes=2 step_counter=3450 last_check_step=2501 surprise_streak=0 distance_mean=0.2195 distance_p90=0.5287 distance_p95=1.075 distance_max=3.58 surprise_support=14
level=2 epoch=346/500 train_effect=0.593518 eval_effect=0.564442 train_vq=0.051830 active_codes=2 ema_used_codes=2 step_counter=3460 last_check_step=2501 surprise_streak=0 distance_mean=0.2195 distance_p90=0.5287 distance_p95=1.075 distance_max=3.58 surprise_support=14
level=2 epoch=347/500 train_effect=0.580664 eval_effect=0.562473 train_vq=0.053540 active_codes=2 ema_used_codes=2 step_counter=3470 last_check_step=2501 surprise_streak=0 distance_mean=0.2195 distance_p90=0.5287 distance_p95=1.075 distance_max=3.58 surprise_support=14
level=2 epoch=348/500 train_effect=0.593903 eval_effect=0.561177 train_vq=0.052009 active_codes=2 ema_used_codes=2 step_counter=3480 last_check_step=2501 surprise_streak=0 distance_mean=0.2195 distance_p90=0.5287 distance_p95=1.075 distance_max=3.58 surprise_support=14
level=2 epoch=349/500 train_effect=0.586993 eval_effect=0.561084 train_vq=0.044354 active_codes=2 ema_used_codes=2 step_counter=3490 last_check_step=2501 surprise_streak=0 distance_mean=0.2195 distance_p90=0.5287 distance_p95=1.075 distance_max=3.58 surprise_support=14
level=2 epoch=350/500 train_effect=0.592113 eval_effect=0.559471 train_vq=0.050857 active_codes=2 ema_used_codes=2 step_counter=3500 last_check_step=2501 surprise_streak=0 distance_mean=0.2195 distance_p90=0.5287 distance_p95=1.075 distance_max=3.58 surprise_support=14
level=2 epoch=351/500 train_effect=0.579531 eval_effect=0.570836 train_vq=0.051816 active_codes=2 ema_used_codes=2 step_counter=3510 last_check_step=2501 surprise_streak=0 distance_mean=0.2195 distance_p90=0.5287 distance_p95=1.075 distance_max=3.58 surprise_support=14
level=2 epoch=352/500 train_effect=0.590966 eval_effect=0.553056 train_vq=0.048628 active_codes=2 ema_used_codes=2 step_counter=3520 last_check_step=2501 surprise_streak=0 distance_mean=0.2195 distance_p90=0.5287 distance_p95=1.075 distance_max=3.58 surprise_support=14
level=2 epoch=353/500 train_effect=0.589977 eval_effect=0.561651 train_vq=0.054388 active_codes=2 ema_used_codes=2 step_counter=3530 last_check_step=2501 surprise_streak=0 distance_mean=0.2195 distance_p90=0.5287 distance_p95=1.075 distance_max=3.58 surprise_support=14
level=2 epoch=354/500 train_effect=0.584920 eval_effect=0.569338 train_vq=0.043758 active_codes=2 ema_used_codes=2 step_counter=3540 last_check_step=2501 surprise_streak=0 distance_mean=0.2195 distance_p90=0.5287 distance_p95=1.075 distance_max=3.58 surprise_support=14
level=2 epoch=355/500 train_effect=0.586685 eval_effect=0.557937 train_vq=0.048303 active_codes=2 ema_used_codes=2 step_counter=3550 last_check_step=2501 surprise_streak=0 distance_mean=0.2195 distance_p90=0.5287 distance_p95=1.075 distance_max=3.58 surprise_support=14
level=2 epoch=356/500 train_effect=0.586376 eval_effect=0.565895 train_vq=0.050459 active_codes=2 ema_used_codes=2 step_counter=3560 last_check_step=2501 surprise_streak=0 distance_mean=0.2195 distance_p90=0.5287 distance_p95=1.075 distance_max=3.58 surprise_support=14
level=2 epoch=357/500 train_effect=0.594618 eval_effect=0.558603 train_vq=0.052846 active_codes=2 ema_used_codes=2 step_counter=3570 last_check_step=2501 surprise_streak=0 distance_mean=0.2195 distance_p90=0.5287 distance_p95=1.075 distance_max=3.58 surprise_support=14
level=2 epoch=358/500 train_effect=0.582807 eval_effect=0.557801 train_vq=0.045337 active_codes=2 ema_used_codes=2 step_counter=3580 last_check_step=2501 surprise_streak=0 distance_mean=0.2195 distance_p90=0.5287 distance_p95=1.075 distance_max=3.58 surprise_support=14
level=2 epoch=359/500 train_effect=0.579100 eval_effect=0.559534 train_vq=0.051545 active_codes=2 ema_used_codes=2 step_counter=3590 last_check_step=2501 surprise_streak=0 distance_mean=0.2195 distance_p90=0.5287 distance_p95=1.075 distance_max=3.58 surprise_support=14
level=2 epoch=360/500 train_effect=0.580074 eval_effect=0.559315 train_vq=0.053586 active_codes=2 ema_used_codes=2 step_counter=3600 last_check_step=2501 surprise_streak=0 distance_mean=0.2195 distance_p90=0.5287 distance_p95=1.075 distance_max=3.58 surprise_support=14
level=2 epoch=361/500 train_effect=0.578106 eval_effect=0.563167 train_vq=0.051564 active_codes=2 ema_used_codes=2 step_counter=3610 last_check_step=2501 surprise_streak=0 distance_mean=0.2195 distance_p90=0.5287 distance_p95=1.075 distance_max=3.58 surprise_support=14
level=2 epoch=362/500 train_effect=0.578517 eval_effect=0.562705 train_vq=0.049324 active_codes=2 ema_used_codes=2 step_counter=3620 last_check_step=2501 surprise_streak=0 distance_mean=0.2195 distance_p90=0.5287 distance_p95=1.075 distance_max=3.58 surprise_support=14
level=2 epoch=363/500 train_effect=0.575378 eval_effect=0.553219 train_vq=0.049658 active_codes=2 ema_used_codes=2 step_counter=3630 last_check_step=2501 surprise_streak=0 distance_mean=0.2195 distance_p90=0.5287 distance_p95=1.075 distance_max=3.58 surprise_support=14
level=2 epoch=364/500 train_effect=0.581538 eval_effect=0.559532 train_vq=0.046762 active_codes=2 ema_used_codes=2 step_counter=3640 last_check_step=2501 surprise_streak=0 distance_mean=0.2195 distance_p90=0.5287 distance_p95=1.075 distance_max=3.58 surprise_support=14
level=2 epoch=365/500 train_effect=0.579774 eval_effect=0.558683 train_vq=0.046203 active_codes=2 ema_used_codes=2 step_counter=3650 last_check_step=2501 surprise_streak=0 distance_mean=0.2195 distance_p90=0.5287 distance_p95=1.075 distance_max=3.58 surprise_support=14
level=2 epoch=366/500 train_effect=0.572179 eval_effect=0.552953 train_vq=0.047956 active_codes=2 ema_used_codes=2 step_counter=3660 last_check_step=2501 surprise_streak=0 distance_mean=0.2195 distance_p90=0.5287 distance_p95=1.075 distance_max=3.58 surprise_support=14
level=2 epoch=367/500 train_effect=0.584361 eval_effect=0.560405 train_vq=0.049927 active_codes=2 ema_used_codes=2 step_counter=3670 last_check_step=2501 surprise_streak=0 distance_mean=0.2195 distance_p90=0.5287 distance_p95=1.075 distance_max=3.58 surprise_support=14
level=2 epoch=368/500 train_effect=0.574462 eval_effect=0.564909 train_vq=0.050864 active_codes=2 ema_used_codes=2 step_counter=3680 last_check_step=2501 surprise_streak=0 distance_mean=0.2195 distance_p90=0.5287 distance_p95=1.075 distance_max=3.58 surprise_support=14
level=2 epoch=369/500 train_effect=0.593356 eval_effect=0.555711 train_vq=0.051700 active_codes=2 ema_used_codes=2 step_counter=3690 last_check_step=2501 surprise_streak=0 distance_mean=0.2195 distance_p90=0.5287 distance_p95=1.075 distance_max=3.58 surprise_support=14
level=2 epoch=370/500 train_effect=0.578581 eval_effect=0.563720 train_vq=0.049169 active_codes=2 ema_used_codes=2 step_counter=3700 last_check_step=2501 surprise_streak=0 distance_mean=0.2195 distance_p90=0.5287 distance_p95=1.075 distance_max=3.58 surprise_support=14
level=2 epoch=371/500 train_effect=0.570736 eval_effect=0.556877 train_vq=0.047972 active_codes=2 ema_used_codes=2 step_counter=3710 last_check_step=2501 surprise_streak=0 distance_mean=0.2195 distance_p90=0.5287 distance_p95=1.075 distance_max=3.58 surprise_support=14
level=2 epoch=372/500 train_effect=0.579693 eval_effect=0.551957 train_vq=0.049703 active_codes=2 ema_used_codes=2 step_counter=3720 last_check_step=2501 surprise_streak=0 distance_mean=0.2195 distance_p90=0.5287 distance_p95=1.075 distance_max=3.58 surprise_support=14
level=2 epoch=373/500 train_effect=0.585734 eval_effect=0.553501 train_vq=0.048734 active_codes=2 ema_used_codes=2 step_counter=3730 last_check_step=2501 surprise_streak=0 distance_mean=0.2195 distance_p90=0.5287 distance_p95=1.075 distance_max=3.58 surprise_support=14
level=2 epoch=374/500 train_effect=0.565006 eval_effect=0.562909 train_vq=0.048677 active_codes=2 ema_used_codes=2 step_counter=3740 last_check_step=2501 surprise_streak=0 distance_mean=0.2195 distance_p90=0.5287 distance_p95=1.075 distance_max=3.58 surprise_support=14
level=2 epoch=375/500 train_effect=0.580931 eval_effect=0.549090 train_vq=0.048322 active_codes=2 ema_used_codes=2 step_counter=3750 last_check_step=2501 surprise_streak=0 distance_mean=0.2195 distance_p90=0.5287 distance_p95=1.075 distance_max=3.58 surprise_support=14
level=2 epoch=376/500 train_effect=0.577302 eval_effect=0.549443 train_vq=0.047572 active_codes=2 ema_used_codes=2 step_counter=3760 last_check_step=2501 surprise_streak=0 distance_mean=0.2195 distance_p90=0.5287 distance_p95=1.075 distance_max=3.58 surprise_support=14
level=2 epoch=377/500 train_effect=0.577154 eval_effect=0.562787 train_vq=0.045309 active_codes=2 ema_used_codes=2 step_counter=3770 last_check_step=2501 surprise_streak=0 distance_mean=0.2195 distance_p90=0.5287 distance_p95=1.075 distance_max=3.58 surprise_support=14
level=2 epoch=378/500 train_effect=0.573324 eval_effect=0.547073 train_vq=0.046572 active_codes=2 ema_used_codes=2 step_counter=3780 last_check_step=2501 surprise_streak=0 distance_mean=0.2195 distance_p90=0.5287 distance_p95=1.075 distance_max=3.58 surprise_support=14
level=2 epoch=379/500 train_effect=0.569742 eval_effect=0.554809 train_vq=0.043488 active_codes=2 ema_used_codes=2 step_counter=3790 last_check_step=2501 surprise_streak=0 distance_mean=0.2195 distance_p90=0.5287 distance_p95=1.075 distance_max=3.58 surprise_support=14
level=2 epoch=380/500 train_effect=0.567302 eval_effect=0.551566 train_vq=0.046749 active_codes=2 ema_used_codes=2 step_counter=3800 last_check_step=2501 surprise_streak=0 distance_mean=0.2195 distance_p90=0.5287 distance_p95=1.075 distance_max=3.58 surprise_support=14
level=2 epoch=381/500 train_effect=0.575391 eval_effect=0.551009 train_vq=0.046223 active_codes=2 ema_used_codes=2 step_counter=3810 last_check_step=2501 surprise_streak=0 distance_mean=0.2195 distance_p90=0.5287 distance_p95=1.075 distance_max=3.58 surprise_support=14
level=2 epoch=382/500 train_effect=0.573164 eval_effect=0.549245 train_vq=0.047295 active_codes=2 ema_used_codes=2 step_counter=3820 last_check_step=2501 surprise_streak=0 distance_mean=0.2195 distance_p90=0.5287 distance_p95=1.075 distance_max=3.58 surprise_support=14
level=2 epoch=383/500 train_effect=0.585237 eval_effect=0.558398 train_vq=0.045414 active_codes=2 ema_used_codes=2 step_counter=3830 last_check_step=2501 surprise_streak=0 distance_mean=0.2195 distance_p90=0.5287 distance_p95=1.075 distance_max=3.58 surprise_support=14
level=2 epoch=384/500 train_effect=0.573527 eval_effect=0.553535 train_vq=0.049549 active_codes=2 ema_used_codes=2 step_counter=3840 last_check_step=2501 surprise_streak=0 distance_mean=0.2195 distance_p90=0.5287 distance_p95=1.075 distance_max=3.58 surprise_support=14
level=2 epoch=385/500 train_effect=0.578138 eval_effect=0.556731 train_vq=0.049691 active_codes=2 ema_used_codes=2 step_counter=3850 last_check_step=2501 surprise_streak=0 distance_mean=0.2195 distance_p90=0.5287 distance_p95=1.075 distance_max=3.58 surprise_support=14
level=2 epoch=386/500 train_effect=0.576935 eval_effect=0.556815 train_vq=0.048507 active_codes=2 ema_used_codes=2 step_counter=3860 last_check_step=2501 surprise_streak=0 distance_mean=0.2195 distance_p90=0.5287 distance_p95=1.075 distance_max=3.58 surprise_support=14
level=2 epoch=387/500 train_effect=0.579677 eval_effect=0.559205 train_vq=0.039747 active_codes=2 ema_used_codes=2 step_counter=3870 last_check_step=2501 surprise_streak=0 distance_mean=0.2195 distance_p90=0.5287 distance_p95=1.075 distance_max=3.58 surprise_support=14
level=2 epoch=388/500 train_effect=0.575310 eval_effect=0.564185 train_vq=0.045778 active_codes=2 ema_used_codes=2 step_counter=3880 last_check_step=2501 surprise_streak=0 distance_mean=0.2195 distance_p90=0.5287 distance_p95=1.075 distance_max=3.58 surprise_support=14
level=2 epoch=389/500 train_effect=0.575696 eval_effect=0.552130 train_vq=0.042931 active_codes=2 ema_used_codes=2 step_counter=3890 last_check_step=2501 surprise_streak=0 distance_mean=0.2195 distance_p90=0.5287 distance_p95=1.075 distance_max=3.58 surprise_support=14
level=2 epoch=390/500 train_effect=0.575362 eval_effect=0.562965 train_vq=0.052459 active_codes=2 ema_used_codes=2 step_counter=3900 last_check_step=2501 surprise_streak=0 distance_mean=0.2195 distance_p90=0.5287 distance_p95=1.075 distance_max=3.58 surprise_support=14
level=2 epoch=391/500 train_effect=0.570792 eval_effect=0.548044 train_vq=0.047473 active_codes=2 ema_used_codes=2 step_counter=3910 last_check_step=2501 surprise_streak=0 distance_mean=0.2195 distance_p90=0.5287 distance_p95=1.075 distance_max=3.58 surprise_support=14
level=2 epoch=392/500 train_effect=0.572059 eval_effect=0.553108 train_vq=0.044407 active_codes=2 ema_used_codes=2 step_counter=3920 last_check_step=2501 surprise_streak=0 distance_mean=0.2195 distance_p90=0.5287 distance_p95=1.075 distance_max=3.58 surprise_support=14
level=2 epoch=393/500 train_effect=0.571943 eval_effect=0.549995 train_vq=0.042794 active_codes=2 ema_used_codes=2 step_counter=3930 last_check_step=2501 surprise_streak=0 distance_mean=0.2195 distance_p90=0.5287 distance_p95=1.075 distance_max=3.58 surprise_support=14
level=2 epoch=394/500 train_effect=0.575725 eval_effect=0.545222 train_vq=0.043311 active_codes=2 ema_used_codes=2 step_counter=3940 last_check_step=2501 surprise_streak=0 distance_mean=0.2195 distance_p90=0.5287 distance_p95=1.075 distance_max=3.58 surprise_support=14
level=2 epoch=395/500 train_effect=0.567700 eval_effect=0.550189 train_vq=0.040022 active_codes=2 ema_used_codes=2 step_counter=3950 last_check_step=2501 surprise_streak=0 distance_mean=0.2195 distance_p90=0.5287 distance_p95=1.075 distance_max=3.58 surprise_support=14
level=2 epoch=396/500 train_effect=0.574163 eval_effect=0.551124 train_vq=0.043820 active_codes=2 ema_used_codes=2 step_counter=3960 last_check_step=2501 surprise_streak=0 distance_mean=0.2195 distance_p90=0.5287 distance_p95=1.075 distance_max=3.58 surprise_support=14
level=2 epoch=397/500 train_effect=0.572866 eval_effect=0.551117 train_vq=0.045725 active_codes=2 ema_used_codes=2 step_counter=3970 last_check_step=2501 surprise_streak=0 distance_mean=0.2195 distance_p90=0.5287 distance_p95=1.075 distance_max=3.58 surprise_support=14
level=2 epoch=398/500 train_effect=0.576542 eval_effect=0.554072 train_vq=0.047612 active_codes=2 ema_used_codes=2 step_counter=3980 last_check_step=2501 surprise_streak=0 distance_mean=0.2195 distance_p90=0.5287 distance_p95=1.075 distance_max=3.58 surprise_support=14
level=2 epoch=399/500 train_effect=0.568626 eval_effect=0.546409 train_vq=0.040586 active_codes=2 ema_used_codes=2 step_counter=3990 last_check_step=2501 surprise_streak=0 distance_mean=0.2195 distance_p90=0.5287 distance_p95=1.075 distance_max=3.58 surprise_support=14
level=2 epoch=400/500 train_effect=0.565200 eval_effect=0.542632 train_vq=0.044542 active_codes=2 ema_used_codes=2 step_counter=4000 last_check_step=2501 surprise_streak=0 distance_mean=0.2195 distance_p90=0.5287 distance_p95=1.075 distance_max=3.58 surprise_support=14
level=2 epoch=401/500 train_effect=0.569756 eval_effect=0.552069 train_vq=0.043360 active_codes=2 ema_used_codes=2 step_counter=4010 last_check_step=2501 surprise_streak=0 distance_mean=0.2195 distance_p90=0.5287 distance_p95=1.075 distance_max=3.58 surprise_support=14
level=2 epoch=402/500 train_effect=0.574155 eval_effect=0.562965 train_vq=0.045476 active_codes=2 ema_used_codes=2 step_counter=4020 last_check_step=2501 surprise_streak=0 distance_mean=0.2195 distance_p90=0.5287 distance_p95=1.075 distance_max=3.58 surprise_support=14
level=2 epoch=403/500 train_effect=0.560376 eval_effect=0.544397 train_vq=0.044582 active_codes=2 ema_used_codes=2 step_counter=4030 last_check_step=2501 surprise_streak=0 distance_mean=0.2195 distance_p90=0.5287 distance_p95=1.075 distance_max=3.58 surprise_support=14
level=2 epoch=404/500 train_effect=0.573837 eval_effect=0.553955 train_vq=0.045043 active_codes=2 ema_used_codes=2 step_counter=4040 last_check_step=2501 surprise_streak=0 distance_mean=0.2195 distance_p90=0.5287 distance_p95=1.075 distance_max=3.58 surprise_support=14
level=2 epoch=405/500 train_effect=0.578145 eval_effect=0.550761 train_vq=0.039801 active_codes=2 ema_used_codes=2 step_counter=4050 last_check_step=2501 surprise_streak=0 distance_mean=0.2195 distance_p90=0.5287 distance_p95=1.075 distance_max=3.58 surprise_support=14
level=2 epoch=406/500 train_effect=0.568933 eval_effect=0.541506 train_vq=0.045013 active_codes=2 ema_used_codes=2 step_counter=4060 last_check_step=2501 surprise_streak=0 distance_mean=0.2195 distance_p90=0.5287 distance_p95=1.075 distance_max=3.58 surprise_support=14
level=2 epoch=407/500 train_effect=0.568724 eval_effect=0.555291 train_vq=0.040146 active_codes=2 ema_used_codes=2 step_counter=4070 last_check_step=2501 surprise_streak=0 distance_mean=0.2195 distance_p90=0.5287 distance_p95=1.075 distance_max=3.58 surprise_support=14
level=2 epoch=408/500 train_effect=0.582887 eval_effect=0.548085 train_vq=0.042285 active_codes=2 ema_used_codes=2 step_counter=4080 last_check_step=2501 surprise_streak=0 distance_mean=0.2195 distance_p90=0.5287 distance_p95=1.075 distance_max=3.58 surprise_support=14
level=2 epoch=409/500 train_effect=0.567956 eval_effect=0.555063 train_vq=0.038068 active_codes=2 ema_used_codes=2 step_counter=4090 last_check_step=2501 surprise_streak=0 distance_mean=0.2195 distance_p90=0.5287 distance_p95=1.075 distance_max=3.58 surprise_support=14
level=2 epoch=410/500 train_effect=0.575028 eval_effect=0.543160 train_vq=0.044283 active_codes=2 ema_used_codes=2 step_counter=4100 last_check_step=2501 surprise_streak=0 distance_mean=0.2195 distance_p90=0.5287 distance_p95=1.075 distance_max=3.58 surprise_support=14
level=2 epoch=411/500 train_effect=0.561743 eval_effect=0.550354 train_vq=0.041228 active_codes=2 ema_used_codes=2 step_counter=4110 last_check_step=2501 surprise_streak=0 distance_mean=0.2195 distance_p90=0.5287 distance_p95=1.075 distance_max=3.58 surprise_support=14
level=2 epoch=412/500 train_effect=0.571551 eval_effect=0.540940 train_vq=0.049784 active_codes=2 ema_used_codes=2 step_counter=4120 last_check_step=2501 surprise_streak=0 distance_mean=0.2195 distance_p90=0.5287 distance_p95=1.075 distance_max=3.58 surprise_support=14
level=2 epoch=413/500 train_effect=0.562279 eval_effect=0.548541 train_vq=0.042921 active_codes=2 ema_used_codes=2 step_counter=4130 last_check_step=2501 surprise_streak=0 distance_mean=0.2195 distance_p90=0.5287 distance_p95=1.075 distance_max=3.58 surprise_support=14
level=2 epoch=414/500 train_effect=0.563180 eval_effect=0.555068 train_vq=0.044926 active_codes=2 ema_used_codes=2 step_counter=4140 last_check_step=2501 surprise_streak=0 distance_mean=0.2195 distance_p90=0.5287 distance_p95=1.075 distance_max=3.58 surprise_support=14
level=2 epoch=415/500 train_effect=0.571545 eval_effect=0.550239 train_vq=0.040651 active_codes=2 ema_used_codes=2 step_counter=4150 last_check_step=2501 surprise_streak=0 distance_mean=0.2195 distance_p90=0.5287 distance_p95=1.075 distance_max=3.58 surprise_support=14
level=2 epoch=416/500 train_effect=0.575005 eval_effect=0.545985 train_vq=0.046848 active_codes=2 ema_used_codes=2 step_counter=4160 last_check_step=2501 surprise_streak=0 distance_mean=0.2195 distance_p90=0.5287 distance_p95=1.075 distance_max=3.58 surprise_support=14
level=2 epoch=417/500 train_effect=0.573563 eval_effect=0.541053 train_vq=0.041705 active_codes=2 ema_used_codes=2 step_counter=4170 last_check_step=2501 surprise_streak=0 distance_mean=0.2195 distance_p90=0.5287 distance_p95=1.075 distance_max=3.58 surprise_support=14
level=2 epoch=418/500 train_effect=0.569982 eval_effect=0.548283 train_vq=0.041266 active_codes=2 ema_used_codes=2 step_counter=4180 last_check_step=2501 surprise_streak=0 distance_mean=0.2195 distance_p90=0.5287 distance_p95=1.075 distance_max=3.58 surprise_support=14
level=2 epoch=419/500 train_effect=0.567384 eval_effect=0.549997 train_vq=0.041339 active_codes=2 ema_used_codes=2 step_counter=4190 last_check_step=2501 surprise_streak=0 distance_mean=0.2195 distance_p90=0.5287 distance_p95=1.075 distance_max=3.58 surprise_support=14
level=2 epoch=420/500 train_effect=0.568012 eval_effect=0.539307 train_vq=0.046571 active_codes=2 ema_used_codes=2 step_counter=4200 last_check_step=2501 surprise_streak=0 distance_mean=0.2195 distance_p90=0.5287 distance_p95=1.075 distance_max=3.58 surprise_support=14
level=2 epoch=421/500 train_effect=0.571166 eval_effect=0.550242 train_vq=0.038962 active_codes=2 ema_used_codes=2 step_counter=4210 last_check_step=2501 surprise_streak=0 distance_mean=0.2195 distance_p90=0.5287 distance_p95=1.075 distance_max=3.58 surprise_support=14
level=2 epoch=422/500 train_effect=0.566564 eval_effect=0.544863 train_vq=0.042151 active_codes=2 ema_used_codes=2 step_counter=4220 last_check_step=2501 surprise_streak=0 distance_mean=0.2195 distance_p90=0.5287 distance_p95=1.075 distance_max=3.58 surprise_support=14
level=2 epoch=423/500 train_effect=0.568250 eval_effect=0.549671 train_vq=0.045964 active_codes=2 ema_used_codes=2 step_counter=4230 last_check_step=2501 surprise_streak=0 distance_mean=0.2195 distance_p90=0.5287 distance_p95=1.075 distance_max=3.58 surprise_support=14
level=2 epoch=424/500 train_effect=0.569731 eval_effect=0.538980 train_vq=0.049614 active_codes=2 ema_used_codes=2 step_counter=4240 last_check_step=2501 surprise_streak=0 distance_mean=0.2195 distance_p90=0.5287 distance_p95=1.075 distance_max=3.58 surprise_support=14
level=2 epoch=425/500 train_effect=0.566902 eval_effect=0.546242 train_vq=0.043720 active_codes=2 ema_used_codes=2 step_counter=4250 last_check_step=2501 surprise_streak=0 distance_mean=0.2195 distance_p90=0.5287 distance_p95=1.075 distance_max=3.58 surprise_support=14
level=2 epoch=426/500 train_effect=0.562570 eval_effect=0.542131 train_vq=0.038134 active_codes=2 ema_used_codes=2 step_counter=4260 last_check_step=2501 surprise_streak=0 distance_mean=0.2195 distance_p90=0.5287 distance_p95=1.075 distance_max=3.58 surprise_support=14
level=2 epoch=427/500 train_effect=0.559549 eval_effect=0.539849 train_vq=0.042604 active_codes=2 ema_used_codes=2 step_counter=4270 last_check_step=2501 surprise_streak=0 distance_mean=0.2195 distance_p90=0.5287 distance_p95=1.075 distance_max=3.58 surprise_support=14
level=2 epoch=428/500 train_effect=0.566004 eval_effect=0.539331 train_vq=0.047641 active_codes=2 ema_used_codes=2 step_counter=4280 last_check_step=2501 surprise_streak=0 distance_mean=0.2195 distance_p90=0.5287 distance_p95=1.075 distance_max=3.58 surprise_support=14
level=2 epoch=429/500 train_effect=0.568864 eval_effect=0.545906 train_vq=0.047477 active_codes=2 ema_used_codes=2 step_counter=4290 last_check_step=2501 surprise_streak=0 distance_mean=0.2195 distance_p90=0.5287 distance_p95=1.075 distance_max=3.58 surprise_support=14
level=2 epoch=430/500 train_effect=0.560650 eval_effect=0.556777 train_vq=0.044908 active_codes=2 ema_used_codes=2 step_counter=4300 last_check_step=2501 surprise_streak=0 distance_mean=0.2195 distance_p90=0.5287 distance_p95=1.075 distance_max=3.58 surprise_support=14
level=2 epoch=431/500 train_effect=0.567345 eval_effect=0.548668 train_vq=0.039389 active_codes=2 ema_used_codes=2 step_counter=4310 last_check_step=2501 surprise_streak=0 distance_mean=0.2195 distance_p90=0.5287 distance_p95=1.075 distance_max=3.58 surprise_support=14
level=2 epoch=432/500 train_effect=0.569065 eval_effect=0.549670 train_vq=0.044689 active_codes=2 ema_used_codes=2 step_counter=4320 last_check_step=2501 surprise_streak=0 distance_mean=0.2195 distance_p90=0.5287 distance_p95=1.075 distance_max=3.58 surprise_support=14
level=2 epoch=433/500 train_effect=0.569283 eval_effect=0.544271 train_vq=0.040477 active_codes=2 ema_used_codes=2 step_counter=4330 last_check_step=2501 surprise_streak=0 distance_mean=0.2195 distance_p90=0.5287 distance_p95=1.075 distance_max=3.58 surprise_support=14
level=2 epoch=434/500 train_effect=0.561839 eval_effect=0.546068 train_vq=0.045742 active_codes=2 ema_used_codes=2 step_counter=4340 last_check_step=2501 surprise_streak=0 distance_mean=0.2195 distance_p90=0.5287 distance_p95=1.075 distance_max=3.58 surprise_support=14
level=2 epoch=435/500 train_effect=0.556962 eval_effect=0.541849 train_vq=0.039419 active_codes=2 ema_used_codes=2 step_counter=4350 last_check_step=2501 surprise_streak=0 distance_mean=0.2195 distance_p90=0.5287 distance_p95=1.075 distance_max=3.58 surprise_support=14
level=2 epoch=436/500 train_effect=0.562250 eval_effect=0.539423 train_vq=0.040662 active_codes=2 ema_used_codes=2 step_counter=4360 last_check_step=2501 surprise_streak=0 distance_mean=0.2195 distance_p90=0.5287 distance_p95=1.075 distance_max=3.58 surprise_support=14
level=2 epoch=437/500 train_effect=0.567438 eval_effect=0.559064 train_vq=0.040671 active_codes=2 ema_used_codes=2 step_counter=4370 last_check_step=2501 surprise_streak=0 distance_mean=0.2195 distance_p90=0.5287 distance_p95=1.075 distance_max=3.58 surprise_support=14
level=2 epoch=438/500 train_effect=0.560531 eval_effect=0.537255 train_vq=0.041176 active_codes=2 ema_used_codes=2 step_counter=4380 last_check_step=2501 surprise_streak=0 distance_mean=0.2195 distance_p90=0.5287 distance_p95=1.075 distance_max=3.58 surprise_support=14
level=2 epoch=439/500 train_effect=0.570628 eval_effect=0.542406 train_vq=0.044795 active_codes=2 ema_used_codes=2 step_counter=4390 last_check_step=2501 surprise_streak=0 distance_mean=0.2195 distance_p90=0.5287 distance_p95=1.075 distance_max=3.58 surprise_support=14
level=2 epoch=440/500 train_effect=0.580812 eval_effect=0.542525 train_vq=0.043668 active_codes=2 ema_used_codes=2 step_counter=4400 last_check_step=2501 surprise_streak=0 distance_mean=0.2195 distance_p90=0.5287 distance_p95=1.075 distance_max=3.58 surprise_support=14
level=2 epoch=441/500 train_effect=0.565608 eval_effect=0.543076 train_vq=0.044540 active_codes=2 ema_used_codes=2 step_counter=4410 last_check_step=2501 surprise_streak=0 distance_mean=0.2195 distance_p90=0.5287 distance_p95=1.075 distance_max=3.58 surprise_support=14
level=2 epoch=442/500 train_effect=0.568009 eval_effect=0.551778 train_vq=0.042481 active_codes=2 ema_used_codes=2 step_counter=4420 last_check_step=2501 surprise_streak=0 distance_mean=0.2195 distance_p90=0.5287 distance_p95=1.075 distance_max=3.58 surprise_support=14
level=2 epoch=443/500 train_effect=0.563578 eval_effect=0.539025 train_vq=0.043487 active_codes=2 ema_used_codes=2 step_counter=4430 last_check_step=2501 surprise_streak=0 distance_mean=0.2195 distance_p90=0.5287 distance_p95=1.075 distance_max=3.58 surprise_support=14
level=2 epoch=444/500 train_effect=0.555965 eval_effect=0.536555 train_vq=0.040853 active_codes=2 ema_used_codes=2 step_counter=4440 last_check_step=2501 surprise_streak=0 distance_mean=0.2195 distance_p90=0.5287 distance_p95=1.075 distance_max=3.58 surprise_support=14
level=2 epoch=445/500 train_effect=0.561083 eval_effect=0.539459 train_vq=0.042917 active_codes=2 ema_used_codes=2 step_counter=4450 last_check_step=2501 surprise_streak=0 distance_mean=0.2195 distance_p90=0.5287 distance_p95=1.075 distance_max=3.58 surprise_support=14
level=2 epoch=446/500 train_effect=0.566633 eval_effect=0.542540 train_vq=0.042121 active_codes=2 ema_used_codes=2 step_counter=4460 last_check_step=2501 surprise_streak=0 distance_mean=0.2195 distance_p90=0.5287 distance_p95=1.075 distance_max=3.58 surprise_support=14
level=2 epoch=447/500 train_effect=0.567185 eval_effect=0.541941 train_vq=0.045683 active_codes=2 ema_used_codes=2 step_counter=4470 last_check_step=2501 surprise_streak=0 distance_mean=0.2195 distance_p90=0.5287 distance_p95=1.075 distance_max=3.58 surprise_support=14
level=2 epoch=448/500 train_effect=0.564481 eval_effect=0.543526 train_vq=0.043735 active_codes=2 ema_used_codes=2 step_counter=4480 last_check_step=2501 surprise_streak=0 distance_mean=0.2195 distance_p90=0.5287 distance_p95=1.075 distance_max=3.58 surprise_support=14
level=2 epoch=449/500 train_effect=0.563299 eval_effect=0.539692 train_vq=0.041799 active_codes=2 ema_used_codes=2 step_counter=4490 last_check_step=2501 surprise_streak=0 distance_mean=0.2195 distance_p90=0.5287 distance_p95=1.075 distance_max=3.58 surprise_support=14
level=2 epoch=450/500 train_effect=0.560209 eval_effect=0.545740 train_vq=0.044409 active_codes=2 ema_used_codes=2 step_counter=4500 last_check_step=2501 surprise_streak=0 distance_mean=0.2195 distance_p90=0.5287 distance_p95=1.075 distance_max=3.58 surprise_support=14
level=2 epoch=451/500 train_effect=0.569698 eval_effect=0.545813 train_vq=0.045266 active_codes=2 ema_used_codes=2 step_counter=4510 last_check_step=2501 surprise_streak=0 distance_mean=0.2195 distance_p90=0.5287 distance_p95=1.075 distance_max=3.58 surprise_support=14
level=2 epoch=452/500 train_effect=0.569938 eval_effect=0.548125 train_vq=0.042258 active_codes=2 ema_used_codes=2 step_counter=4520 last_check_step=2501 surprise_streak=0 distance_mean=0.2195 distance_p90=0.5287 distance_p95=1.075 distance_max=3.58 surprise_support=14
level=2 epoch=453/500 train_effect=0.575949 eval_effect=0.536591 train_vq=0.040064 active_codes=2 ema_used_codes=2 step_counter=4530 last_check_step=2501 surprise_streak=0 distance_mean=0.2195 distance_p90=0.5287 distance_p95=1.075 distance_max=3.58 surprise_support=14
level=2 epoch=454/500 train_effect=0.560793 eval_effect=0.548250 train_vq=0.040043 active_codes=2 ema_used_codes=2 step_counter=4540 last_check_step=2501 surprise_streak=0 distance_mean=0.2195 distance_p90=0.5287 distance_p95=1.075 distance_max=3.58 surprise_support=14
level=2 epoch=455/500 train_effect=0.562586 eval_effect=0.537381 train_vq=0.039217 active_codes=2 ema_used_codes=2 step_counter=4550 last_check_step=2501 surprise_streak=0 distance_mean=0.2195 distance_p90=0.5287 distance_p95=1.075 distance_max=3.58 surprise_support=14
level=2 epoch=456/500 train_effect=0.558338 eval_effect=0.537251 train_vq=0.043782 active_codes=2 ema_used_codes=2 step_counter=4560 last_check_step=2501 surprise_streak=0 distance_mean=0.2195 distance_p90=0.5287 distance_p95=1.075 distance_max=3.58 surprise_support=14
level=2 epoch=457/500 train_effect=0.560975 eval_effect=0.533369 train_vq=0.044054 active_codes=2 ema_used_codes=2 step_counter=4570 last_check_step=2501 surprise_streak=0 distance_mean=0.2195 distance_p90=0.5287 distance_p95=1.075 distance_max=3.58 surprise_support=14
level=2 epoch=458/500 train_effect=0.564519 eval_effect=0.550552 train_vq=0.042258 active_codes=2 ema_used_codes=2 step_counter=4580 last_check_step=2501 surprise_streak=0 distance_mean=0.2195 distance_p90=0.5287 distance_p95=1.075 distance_max=3.58 surprise_support=14
level=2 epoch=459/500 train_effect=0.568606 eval_effect=0.541510 train_vq=0.042649 active_codes=2 ema_used_codes=2 step_counter=4590 last_check_step=2501 surprise_streak=0 distance_mean=0.2195 distance_p90=0.5287 distance_p95=1.075 distance_max=3.58 surprise_support=14
level=2 epoch=460/500 train_effect=0.574854 eval_effect=0.537050 train_vq=0.040538 active_codes=2 ema_used_codes=2 step_counter=4600 last_check_step=2501 surprise_streak=0 distance_mean=0.2195 distance_p90=0.5287 distance_p95=1.075 distance_max=3.58 surprise_support=14
level=2 epoch=461/500 train_effect=0.572186 eval_effect=0.538580 train_vq=0.040563 active_codes=2 ema_used_codes=2 step_counter=4610 last_check_step=2501 surprise_streak=0 distance_mean=0.2195 distance_p90=0.5287 distance_p95=1.075 distance_max=3.58 surprise_support=14
level=2 epoch=462/500 train_effect=0.566623 eval_effect=0.536162 train_vq=0.039978 active_codes=2 ema_used_codes=2 step_counter=4620 last_check_step=2501 surprise_streak=0 distance_mean=0.2195 distance_p90=0.5287 distance_p95=1.075 distance_max=3.58 surprise_support=14
level=2 epoch=463/500 train_effect=0.563858 eval_effect=0.552269 train_vq=0.040498 active_codes=2 ema_used_codes=2 step_counter=4630 last_check_step=2501 surprise_streak=0 distance_mean=0.2195 distance_p90=0.5287 distance_p95=1.075 distance_max=3.58 surprise_support=14
level=2 epoch=464/500 train_effect=0.565084 eval_effect=0.535837 train_vq=0.043185 active_codes=2 ema_used_codes=2 step_counter=4640 last_check_step=2501 surprise_streak=0 distance_mean=0.2195 distance_p90=0.5287 distance_p95=1.075 distance_max=3.58 surprise_support=14
level=2 epoch=465/500 train_effect=0.568412 eval_effect=0.540167 train_vq=0.040356 active_codes=2 ema_used_codes=2 step_counter=4650 last_check_step=2501 surprise_streak=0 distance_mean=0.2195 distance_p90=0.5287 distance_p95=1.075 distance_max=3.58 surprise_support=14
level=2 epoch=466/500 train_effect=0.576631 eval_effect=0.543024 train_vq=0.037483 active_codes=2 ema_used_codes=2 step_counter=4660 last_check_step=2501 surprise_streak=0 distance_mean=0.2195 distance_p90=0.5287 distance_p95=1.075 distance_max=3.58 surprise_support=14
level=2 epoch=467/500 train_effect=0.563335 eval_effect=0.544090 train_vq=0.039820 active_codes=2 ema_used_codes=2 step_counter=4670 last_check_step=2501 surprise_streak=0 distance_mean=0.2195 distance_p90=0.5287 distance_p95=1.075 distance_max=3.58 surprise_support=14
level=2 epoch=468/500 train_effect=0.557010 eval_effect=0.547319 train_vq=0.039144 active_codes=2 ema_used_codes=2 step_counter=4680 last_check_step=2501 surprise_streak=0 distance_mean=0.2195 distance_p90=0.5287 distance_p95=1.075 distance_max=3.58 surprise_support=14
level=2 epoch=469/500 train_effect=0.566015 eval_effect=0.544715 train_vq=0.043232 active_codes=2 ema_used_codes=2 step_counter=4690 last_check_step=2501 surprise_streak=0 distance_mean=0.2195 distance_p90=0.5287 distance_p95=1.075 distance_max=3.58 surprise_support=14
level=2 epoch=470/500 train_effect=0.551375 eval_effect=0.543970 train_vq=0.037786 active_codes=2 ema_used_codes=2 step_counter=4700 last_check_step=2501 surprise_streak=0 distance_mean=0.2195 distance_p90=0.5287 distance_p95=1.075 distance_max=3.58 surprise_support=14
level=2 epoch=471/500 train_effect=0.572614 eval_effect=0.534684 train_vq=0.039612 active_codes=2 ema_used_codes=2 step_counter=4710 last_check_step=2501 surprise_streak=0 distance_mean=0.2195 distance_p90=0.5287 distance_p95=1.075 distance_max=3.58 surprise_support=14
level=2 epoch=472/500 train_effect=0.570313 eval_effect=0.539974 train_vq=0.040320 active_codes=2 ema_used_codes=2 step_counter=4720 last_check_step=2501 surprise_streak=0 distance_mean=0.2195 distance_p90=0.5287 distance_p95=1.075 distance_max=3.58 surprise_support=14
level=2 epoch=473/500 train_effect=0.565354 eval_effect=0.534736 train_vq=0.045092 active_codes=2 ema_used_codes=2 step_counter=4730 last_check_step=2501 surprise_streak=0 distance_mean=0.2195 distance_p90=0.5287 distance_p95=1.075 distance_max=3.58 surprise_support=14
level=2 epoch=474/500 train_effect=0.572176 eval_effect=0.539488 train_vq=0.034702 active_codes=2 ema_used_codes=2 step_counter=4740 last_check_step=2501 surprise_streak=0 distance_mean=0.2195 distance_p90=0.5287 distance_p95=1.075 distance_max=3.58 surprise_support=14
level=2 epoch=475/500 train_effect=0.560392 eval_effect=0.536415 train_vq=0.041477 active_codes=2 ema_used_codes=2 step_counter=4750 last_check_step=2501 surprise_streak=0 distance_mean=0.2195 distance_p90=0.5287 distance_p95=1.075 distance_max=3.58 surprise_support=14
level=2 epoch=476/500 train_effect=0.563059 eval_effect=0.539988 train_vq=0.042214 active_codes=2 ema_used_codes=2 step_counter=4760 last_check_step=2501 surprise_streak=0 distance_mean=0.2195 distance_p90=0.5287 distance_p95=1.075 distance_max=3.58 surprise_support=14
level=2 epoch=477/500 train_effect=0.569054 eval_effect=0.542919 train_vq=0.039928 active_codes=2 ema_used_codes=2 step_counter=4770 last_check_step=2501 surprise_streak=0 distance_mean=0.2195 distance_p90=0.5287 distance_p95=1.075 distance_max=3.58 surprise_support=14
level=2 epoch=478/500 train_effect=0.560810 eval_effect=0.533261 train_vq=0.039772 active_codes=2 ema_used_codes=2 step_counter=4780 last_check_step=2501 surprise_streak=0 distance_mean=0.2195 distance_p90=0.5287 distance_p95=1.075 distance_max=3.58 surprise_support=14
/home/kubra/DeepSym/models_vq_dynamic.py:368: FutureWarning: You are using `torch.load` with `weights_only=False` (the current default value), which uses the default pickle module implicitly. It is possible to construct malicious pickle data which will execute arbitrary code during unpickling (See https://github.com/pytorch/pytorch/blob/main/SECURITY.md#untrusted-models for more details). In a future release, the default value for `weights_only` will be flipped to `True`. This limits the functions that could be executed during unpickling. Arbitrary objects will no longer be allowed to be loaded via this mode unless they are explicitly allowlisted by the user via `torch.serialization.add_safe_globals`. We recommend you start setting `weights_only=True` for any use case where you don't have full control of the loaded file. Please open an issue on GitHub for any issues related to this experimental feature.
  torch.load(os.path.join(path, f"encoder{level}{ext}.ckpt"), map_location=self.device)
/home/kubra/DeepSym/models_vq_dynamic.py:371: FutureWarning: You are using `torch.load` with `weights_only=False` (the current default value), which uses the default pickle module implicitly. It is possible to construct malicious pickle data which will execute arbitrary code during unpickling (See https://github.com/pytorch/pytorch/blob/main/SECURITY.md#untrusted-models for more details). In a future release, the default value for `weights_only` will be flipped to `True`. This limits the functions that could be executed during unpickling. Arbitrary objects will no longer be allowed to be loaded via this mode unless they are explicitly allowlisted by the user via `torch.serialization.add_safe_globals`. We recommend you start setting `weights_only=True` for any use case where you don't have full control of the loaded file. Please open an issue on GitHub for any issues related to this experimental feature.
  torch.load(os.path.join(path, f"decoder{level}{ext}.ckpt"), map_location=self.device)
/home/kubra/DeepSym/data.py:9: FutureWarning: You are using `torch.load` with `weights_only=False` (the current default value), which uses the default pickle module implicitly. It is possible to construct malicious pickle data which will execute arbitrary code during unpickling (See https://github.com/pytorch/pytorch/blob/main/SECURITY.md#untrusted-models for more details). In a future release, the default value for `weights_only` will be flipped to `True`. This limits the functions that could be executed during unpickling. Arbitrary objects will no longer be allowed to be loaded via this mode unless they are explicitly allowlisted by the user via `torch.serialization.add_safe_globals`. We recommend you start setting `weights_only=True` for any use case where you don't have full control of the loaded file. Please open an issue on GitHub for any issues related to this experimental feature.
  self.observation = torch.load("data/img/obs_prev_z.pt").unsqueeze(1)
/home/kubra/DeepSym/data.py:10: FutureWarning: You are using `torch.load` with `weights_only=False` (the current default value), which uses the default pickle module implicitly. It is possible to construct malicious pickle data which will execute arbitrary code during unpickling (See https://github.com/pytorch/pytorch/blob/main/SECURITY.md#untrusted-models for more details). In a future release, the default value for `weights_only` will be flipped to `True`. This limits the functions that could be executed during unpickling. Arbitrary objects will no longer be allowed to be loaded via this mode unless they are explicitly allowlisted by the user via `torch.serialization.add_safe_globals`. We recommend you start setting `weights_only=True` for any use case where you don't have full control of the loaded file. Please open an issue on GitHub for any issues related to this experimental feature.
  self.action = torch.load("data/img/action.pt")
/home/kubra/DeepSym/data.py:12: FutureWarning: You are using `torch.load` with `weights_only=False` (the current default value), which uses the default pickle module implicitly. It is possible to construct malicious pickle data which will execute arbitrary code during unpickling (See https://github.com/pytorch/pytorch/blob/main/SECURITY.md#untrusted-models for more details). In a future release, the default value for `weights_only` will be flipped to `True`. This limits the functions that could be executed during unpickling. Arbitrary objects will no longer be allowed to be loaded via this mode unless they are explicitly allowlisted by the user via `torch.serialization.add_safe_globals`. We recommend you start setting `weights_only=True` for any use case where you don't have full control of the loaded file. Please open an issue on GitHub for any issues related to this experimental feature.
  self.effect = torch.load("data/img/delta_pix_1.pt")
/home/kubra/DeepSym/data.py:34: FutureWarning: You are using `torch.load` with `weights_only=False` (the current default value), which uses the default pickle module implicitly. It is possible to construct malicious pickle data which will execute arbitrary code during unpickling (See https://github.com/pytorch/pytorch/blob/main/SECURITY.md#untrusted-models for more details). In a future release, the default value for `weights_only` will be flipped to `True`. This limits the functions that could be executed during unpickling. Arbitrary objects will no longer be allowed to be loaded via this mode unless they are explicitly allowlisted by the user via `torch.serialization.add_safe_globals`. We recommend you start setting `weights_only=True` for any use case where you don't have full control of the loaded file. Please open an issue on GitHub for any issues related to this experimental feature.
  self.observation = torch.load("data/img/obs_prev_z.pt")
/home/kubra/DeepSym/data.py:38: FutureWarning: You are using `torch.load` with `weights_only=False` (the current default value), which uses the default pickle module implicitly. It is possible to construct malicious pickle data which will execute arbitrary code during unpickling (See https://github.com/pytorch/pytorch/blob/main/SECURITY.md#untrusted-models for more details). In a future release, the default value for `weights_only` will be flipped to `True`. This limits the functions that could be executed during unpickling. Arbitrary objects will no longer be allowed to be loaded via this mode unless they are explicitly allowlisted by the user via `torch.serialization.add_safe_globals`. We recommend you start setting `weights_only=True` for any use case where you don't have full control of the loaded file. Please open an issue on GitHub for any issues related to this experimental feature.
  self.effect = torch.load("data/img/delta_pix_3.pt")
/home/kubra/DeepSym/poster_eval.py:467: FutureWarning: You are using `torch.load` with `weights_only=False` (the current default value), which uses the default pickle module implicitly. It is possible to construct malicious pickle data which will execute arbitrary code during unpickling (See https://github.com/pytorch/pytorch/blob/main/SECURITY.md#untrusted-models for more details). In a future release, the default value for `weights_only` will be flipped to `True`. This limits the functions that could be executed during unpickling. Arbitrary objects will no longer be allowed to be loaded via this mode unless they are explicitly allowlisted by the user via `torch.serialization.add_safe_globals`. We recommend you start setting `weights_only=True` for any use case where you don't have full control of the loaded file. Please open an issue on GitHub for any issues related to this experimental feature.
  effect_labels = torch.load(labels_path, map_location="cpu").detach().cpu().numpy().astype(int)
{
  "model": "dynamic",
  "seed": 3,
  "level1_weighted_mse": 0.14278835634390513,
  "level2_weighted_mse": 0.5296600611686707,
  "object_used_codes": 4,
  "relation_used_codes": 2,
  "object_affordance_purity": 0.9920833333333333,
  "tuple_effect_purity": 0.812,
  "poster_dir": "/home/kubra/DeepSym/save/poster_5seed/dynamic/seed_3/poster"
}
/home/kubra/DeepSym/data.py:34: FutureWarning: You are using `torch.load` with `weights_only=False` (the current default value), which uses the default pickle module implicitly. It is possible to construct malicious pickle data which will execute arbitrary code during unpickling (See https://github.com/pytorch/pytorch/blob/main/SECURITY.md#untrusted-models for more details). In a future release, the default value for `weights_only` will be flipped to `True`. This limits the functions that could be executed during unpickling. Arbitrary objects will no longer be allowed to be loaded via this mode unless they are explicitly allowlisted by the user via `torch.serialization.add_safe_globals`. We recommend you start setting `weights_only=True` for any use case where you don't have full control of the loaded file. Please open an issue on GitHub for any issues related to this experimental feature.
  self.observation = torch.load("data/img/obs_prev_z.pt")
/home/kubra/DeepSym/data.py:38: FutureWarning: You are using `torch.load` with `weights_only=False` (the current default value), which uses the default pickle module implicitly. It is possible to construct malicious pickle data which will execute arbitrary code during unpickling (See https://github.com/pytorch/pytorch/blob/main/SECURITY.md#untrusted-models for more details). In a future release, the default value for `weights_only` will be flipped to `True`. This limits the functions that could be executed during unpickling. Arbitrary objects will no longer be allowed to be loaded via this mode unless they are explicitly allowlisted by the user via `torch.serialization.add_safe_globals`. We recommend you start setting `weights_only=True` for any use case where you don't have full control of the loaded file. Please open an issue on GitHub for any issues related to this experimental feature.
  self.effect = torch.load("data/img/delta_pix_3.pt")
/home/kubra/DeepSym/blocks.py:50: UserWarning: Deterministic behavior was enabled with either `torch.use_deterministic_algorithms(True)` or `at::Context::setDeterministicAlgorithms(true)`, but this operation is not deterministic because it uses CuBLAS and you have CUDA >= 10.2. To enable deterministic behavior in this case, you must set an environment variable before running your PyTorch application: CUBLAS_WORKSPACE_CONFIG=:4096:8 or CUBLAS_WORKSPACE_CONFIG=:16:8. For more information, go to https://docs.nvidia.com/cuda/cublas/index.html#results-reproducibility (Triggered internally at ../aten/src/ATen/Context.cpp:185.)
  x = torch.nn.functional.linear(x, self.weight, self.bias)
level=2 epoch=479/500 train_effect=0.558961 eval_effect=0.545836 train_vq=0.039609 active_codes=2 ema_used_codes=2 step_counter=4790 last_check_step=2501 surprise_streak=0 distance_mean=0.2195 distance_p90=0.5287 distance_p95=1.075 distance_max=3.58 surprise_support=14
level=2 epoch=480/500 train_effect=0.566648 eval_effect=0.537569 train_vq=0.041427 active_codes=2 ema_used_codes=2 step_counter=4800 last_check_step=2501 surprise_streak=0 distance_mean=0.2195 distance_p90=0.5287 distance_p95=1.075 distance_max=3.58 surprise_support=14
level=2 epoch=481/500 train_effect=0.568047 eval_effect=0.537660 train_vq=0.044829 active_codes=2 ema_used_codes=2 step_counter=4810 last_check_step=2501 surprise_streak=0 distance_mean=0.2195 distance_p90=0.5287 distance_p95=1.075 distance_max=3.58 surprise_support=14
level=2 epoch=482/500 train_effect=0.558510 eval_effect=0.537182 train_vq=0.046693 active_codes=2 ema_used_codes=2 step_counter=4820 last_check_step=2501 surprise_streak=0 distance_mean=0.2195 distance_p90=0.5287 distance_p95=1.075 distance_max=3.58 surprise_support=14
level=2 epoch=483/500 train_effect=0.556644 eval_effect=0.541471 train_vq=0.040580 active_codes=2 ema_used_codes=2 step_counter=4830 last_check_step=2501 surprise_streak=0 distance_mean=0.2195 distance_p90=0.5287 distance_p95=1.075 distance_max=3.58 surprise_support=14
level=2 epoch=484/500 train_effect=0.570466 eval_effect=0.532262 train_vq=0.037850 active_codes=2 ema_used_codes=2 step_counter=4840 last_check_step=2501 surprise_streak=0 distance_mean=0.2195 distance_p90=0.5287 distance_p95=1.075 distance_max=3.58 surprise_support=14
level=2 epoch=485/500 train_effect=0.559118 eval_effect=0.536506 train_vq=0.037193 active_codes=2 ema_used_codes=2 step_counter=4850 last_check_step=2501 surprise_streak=0 distance_mean=0.2195 distance_p90=0.5287 distance_p95=1.075 distance_max=3.58 surprise_support=14
level=2 epoch=486/500 train_effect=0.574529 eval_effect=0.530968 train_vq=0.039861 active_codes=2 ema_used_codes=2 step_counter=4860 last_check_step=2501 surprise_streak=0 distance_mean=0.2195 distance_p90=0.5287 distance_p95=1.075 distance_max=3.58 surprise_support=14
level=2 epoch=487/500 train_effect=0.557096 eval_effect=0.533349 train_vq=0.039290 active_codes=2 ema_used_codes=2 step_counter=4870 last_check_step=2501 surprise_streak=0 distance_mean=0.2195 distance_p90=0.5287 distance_p95=1.075 distance_max=3.58 surprise_support=14
level=2 epoch=488/500 train_effect=0.559890 eval_effect=0.540734 train_vq=0.042921 active_codes=2 ema_used_codes=2 step_counter=4880 last_check_step=2501 surprise_streak=0 distance_mean=0.2195 distance_p90=0.5287 distance_p95=1.075 distance_max=3.58 surprise_support=14
level=2 epoch=489/500 train_effect=0.568341 eval_effect=0.534278 train_vq=0.042018 active_codes=2 ema_used_codes=2 step_counter=4890 last_check_step=2501 surprise_streak=0 distance_mean=0.2195 distance_p90=0.5287 distance_p95=1.075 distance_max=3.58 surprise_support=14
level=2 epoch=490/500 train_effect=0.561466 eval_effect=0.533968 train_vq=0.038974 active_codes=2 ema_used_codes=2 step_counter=4900 last_check_step=2501 surprise_streak=0 distance_mean=0.2195 distance_p90=0.5287 distance_p95=1.075 distance_max=3.58 surprise_support=14
level=2 epoch=491/500 train_effect=0.559015 eval_effect=0.537103 train_vq=0.037355 active_codes=2 ema_used_codes=2 step_counter=4910 last_check_step=2501 surprise_streak=0 distance_mean=0.2195 distance_p90=0.5287 distance_p95=1.075 distance_max=3.58 surprise_support=14
level=2 epoch=492/500 train_effect=0.561408 eval_effect=0.538458 train_vq=0.039051 active_codes=2 ema_used_codes=2 step_counter=4920 last_check_step=2501 surprise_streak=0 distance_mean=0.2195 distance_p90=0.5287 distance_p95=1.075 distance_max=3.58 surprise_support=14
level=2 epoch=493/500 train_effect=0.558816 eval_effect=0.529965 train_vq=0.042406 active_codes=2 ema_used_codes=2 step_counter=4930 last_check_step=2501 surprise_streak=0 distance_mean=0.2195 distance_p90=0.5287 distance_p95=1.075 distance_max=3.58 surprise_support=14
level=2 epoch=494/500 train_effect=0.561573 eval_effect=0.540293 train_vq=0.042305 active_codes=2 ema_used_codes=2 step_counter=4940 last_check_step=2501 surprise_streak=0 distance_mean=0.2195 distance_p90=0.5287 distance_p95=1.075 distance_max=3.58 surprise_support=14
level=2 epoch=495/500 train_effect=0.564303 eval_effect=0.543498 train_vq=0.038288 active_codes=2 ema_used_codes=2 step_counter=4950 last_check_step=2501 surprise_streak=0 distance_mean=0.2195 distance_p90=0.5287 distance_p95=1.075 distance_max=3.58 surprise_support=14
level=2 epoch=496/500 train_effect=0.565390 eval_effect=0.529660 train_vq=0.041403 active_codes=2 ema_used_codes=2 step_counter=4960 last_check_step=2501 surprise_streak=0 distance_mean=0.2195 distance_p90=0.5287 distance_p95=1.075 distance_max=3.58 surprise_support=14
level=2 epoch=497/500 train_effect=0.567125 eval_effect=0.549620 train_vq=0.043196 active_codes=2 ema_used_codes=2 step_counter=4970 last_check_step=2501 surprise_streak=0 distance_mean=0.2195 distance_p90=0.5287 distance_p95=1.075 distance_max=3.58 surprise_support=14
level=2 epoch=498/500 train_effect=0.565903 eval_effect=0.542948 train_vq=0.037604 active_codes=2 ema_used_codes=2 step_counter=4980 last_check_step=2501 surprise_streak=0 distance_mean=0.2195 distance_p90=0.5287 distance_p95=1.075 distance_max=3.58 surprise_support=14
level=2 epoch=499/500 train_effect=0.560816 eval_effect=0.538042 train_vq=0.037203 active_codes=2 ema_used_codes=2 step_counter=4990 last_check_step=2501 surprise_streak=0 distance_mean=0.2195 distance_p90=0.5287 distance_p95=1.075 distance_max=3.58 surprise_support=14
level=2 epoch=500/500 train_effect=0.552876 eval_effect=0.536782 train_vq=0.039045 active_codes=2 ema_used_codes=2 step_counter=5000 last_check_step=2501 surprise_streak=0 distance_mean=0.2195 distance_p90=0.5287 distance_p95=1.075 distance_max=3.58 surprise_support=14
Best level-2 deterministic weighted MSE: 0.52966009

Running poster evaluation:
  /home/kubra/DeepSym/.venv/bin/python /home/kubra/DeepSym/poster_eval.py -opts /home/kubra/DeepSym/save/poster_5seed/dynamic/seed_3/opts.yaml --model dynamic
