model,seed,level,epoch,train_total,train_effect,train_vq,eval_total,eval_effect,eval_vq,active_codes,ema_used_codes,step_counter,last_check_step,surprise_streak,distance_mean,distance_p90,distance_p95,distance_max,surprise_support
dynamic,1,1,1,4.052270838419596,4.04020003636678,0.012070810397466023,3.947700392405192,3.947700392405192,0.0,1.0,1.0,10.0,0.0,0.0,,,,,
dynamic,1,1,2,3.9060408719380697,3.8801067606608073,0.02593408261736234,3.7932541131973267,3.7932541131973267,0.0,1.0,1.0,20.0,0.0,0.0,,,,,
dynamic,1,1,3,3.7804508145650226,3.730981324513753,0.049469469686349236,3.648381603558858,3.648381603558858,0.0,1.0,1.0,30.0,0.0,0.0,,,,,
dynamic,1,1,4,3.673355903625488,3.5913195514678957,0.08203634301821391,3.5175631475448608,3.5175631475448608,0.0,1.0,1.0,40.0,0.0,0.0,,,,,
dynamic,1,1,5,3.5909136009216307,3.466044511795044,0.12486910223960876,3.3945112307866414,3.3945112307866414,0.0,1.0,1.0,50.0,0.0,0.0,,,,,
dynamic,1,1,6,3.5212585322062173,3.3447025489807127,0.17655597845713297,3.278633615175883,3.278633615175883,0.0,1.0,1.0,60.0,0.0,0.0,,,,,
dynamic,1,1,7,3.474933176040649,3.2317952791849773,0.2431378932793935,3.168537041346232,3.168537041346232,0.0,1.0,1.0,70.0,0.0,0.0,,,,,
dynamic,1,1,8,3.4745658461252846,3.123743371963501,0.3508224654197693,3.061705265045166,3.061705265045166,0.0,1.0,1.0,80.0,0.0,0.0,,,,,
dynamic,1,1,9,3.5135487937927246,3.0168844413757325,0.49666431109110515,2.959853057861328,2.959853057861328,0.0,1.0,1.0,90.0,0.0,0.0,,,,,
dynamic,1,1,10,3.6423879432678223,2.916030467351278,0.7263574926058451,2.8610593398412068,2.8610593398412068,0.0,1.0,1.0,100.0,0.0,0.0,,,,,
dynamic,1,1,11,3.805264253616333,2.820547278722127,0.9847169748942057,2.7667448139190673,2.7667448139190673,0.0,1.0,1.0,110.0,0.0,0.0,,,,,
dynamic,1,1,12,3.947948964436849,2.7280118306477865,1.219937130610148,2.6773750607172646,2.6773750607172646,0.0,1.0,1.0,120.0,0.0,0.0,,,,,
dynamic,1,1,13,4.062111422220866,2.6435909557342527,1.418520482381185,2.5952094332377116,2.5952094332377116,0.0,1.0,1.0,130.0,0.0,0.0,,,,,
dynamic,1,1,14,4.148281345367431,2.561224021911621,1.5870572805404664,2.5164072116216025,2.5164072116216025,0.0,1.0,1.0,140.0,0.0,0.0,,,,,
dynamic,1,1,15,4.185126965840658,2.4847684224446613,1.7003584798177083,2.4409844779968264,2.4409844779968264,0.0,1.0,1.0,150.0,0.0,0.0,,,,,
dynamic,1,1,16,4.190914700826009,2.409379679361979,1.7815349912643432,2.371048803329468,2.371048803329468,0.0,1.0,1.0,160.0,0.0,0.0,,,,,
dynamic,1,1,17,4.176368611653646,2.342925802866618,1.833442791302999,2.3057234191894533,2.3057234191894533,0.0,1.0,1.0,170.0,0.0,0.0,,,,,
dynamic,1,1,18,4.157083625793457,2.278759428660075,1.8783241669336954,2.244415839513143,2.244415839513143,0.0,1.0,1.0,180.0,0.0,0.0,,,,,
dynamic,1,1,19,4.135862147013347,2.2191791915893555,1.916682866414388,2.1873478921254477,2.1873478921254477,0.0,1.0,1.0,190.0,0.0,0.0,,,,,
dynamic,1,1,20,4.100888226826986,2.165205275217692,1.935682938893636,2.137243315378825,2.137243315378825,0.0,1.0,1.0,200.0,0.0,0.0,,,,,
dynamic,1,1,21,4.03652224222819,2.117347536087036,1.9191747490564983,2.0889626693725587,2.0889626693725587,0.0,1.0,1.0,210.0,201.0,1.0,15.301175117492676,35.55586242675781,72.87122344970703,281.1501159667969,231.0
dynamic,1,1,22,3.986933771769206,2.069961001078288,1.916972689628601,2.044619690577189,2.044619690577189,0.0,1.0,1.0,220.0,201.0,1.0,15.301175117492676,35.55586242675781,72.87122344970703,281.1501159667969,231.0
dynamic,1,1,23,3.966626917521159,2.0271452188491823,1.9394817495346068,2.005662825902303,2.005662825902303,0.0,1.0,1.0,230.0,201.0,1.0,15.301175117492676,35.55586242675781,72.87122344970703,281.1501159667969,231.0
dynamic,1,1,24,3.9351187133789063,1.9914508008956908,1.9436678663889566,1.974294792811076,1.974294792811076,0.0,1.0,1.0,240.0,201.0,1.0,15.301175117492676,35.55586242675781,72.87122344970703,281.1501159667969,231.0
dynamic,1,1,25,3.820155111948649,1.9618396552403767,1.858315461476644,1.9461207262674967,1.9461207262674967,0.0,1.0,1.0,250.0,201.0,1.0,15.301175117492676,35.55586242675781,72.87122344970703,281.1501159667969,231.0
dynamic,1,1,26,3.6556920433044433,1.9360202916463216,1.719671810468038,1.9231077671051025,1.9231077671051025,0.0,1.0,1.0,260.0,201.0,1.0,15.301175117492676,35.55586242675781,72.87122344970703,281.1501159667969,231.0
dynamic,1,1,27,3.427552032470703,1.9144197098414104,1.5131323226292928,1.9036421171824138,1.9036421171824138,0.0,1.0,1.0,270.0,201.0,1.0,15.301175117492676,35.55586242675781,72.87122344970703,281.1501159667969,231.0
dynamic,1,1,28,3.076017691294352,1.89648672580719,1.1795309654871622,1.8869336160024006,1.8869336160024006,0.0,1.0,1.0,280.0,201.0,1.0,15.301175117492676,35.55586242675781,72.87122344970703,281.1501159667969,231.0
dynamic,1,1,29,2.664419027964274,1.880829955736796,0.783589072227478,1.8711941305796305,1.8711941305796305,0.0,1.0,1.0,290.0,201.0,1.0,15.301175117492676,35.55586242675781,72.87122344970703,281.1501159667969,231.0
dynamic,1,1,30,2.344497518539429,1.865158060391744,0.47933942874272667,1.8577282905578614,1.8577282905578614,0.0,1.0,1.0,300.0,201.0,1.0,15.301175117492676,35.55586242675781,72.87122344970703,281.1501159667969,231.0
dynamic,1,1,31,1.7931557337443034,1.56316206296285,0.22999368906021117,1.4538253513971964,1.4538253513971964,0.0,2.0,2.0,310.0,301.0,0.0,3.211129903793335,9.434033393859863,14.153860092163086,26.452268600463867,145.0
dynamic,1,1,32,1.62064706325531,1.4282008330027263,0.19244622965653738,1.4137215916315715,1.4137215916315715,0.0,2.0,2.0,320.0,301.0,0.0,3.211129903793335,9.434033393859863,14.153860092163086,26.452268600463867,145.0
dynamic,1,1,33,1.5087171173095704,1.3504318730036418,0.1582852452993393,1.352348510424296,1.352348510424296,0.0,2.0,2.0,330.0,301.0,0.0,3.211129903793335,9.434033393859863,14.153860092163086,26.452268600463867,145.0
dynamic,1,1,34,1.4487969509760539,1.3234471193949382,0.12534984230995178,1.3064327573776244,1.3064327573776244,0.0,2.0,2.0,340.0,301.0,0.0,3.211129903793335,9.434033393859863,14.153860092163086,26.452268600463867,145.0
dynamic,1,1,35,1.4049123891194661,1.3013703457514445,0.10354205191135407,1.2845261096954346,1.2845261096954346,0.0,2.0,2.0,350.0,301.0,0.0,3.211129903793335,9.434033393859863,14.153860092163086,26.452268600463867,145.0
dynamic,1,1,36,1.4020243342717489,1.3174358240763346,0.08458851347366969,1.2635333585739135,1.2635333585739135,0.0,2.0,2.0,360.0,301.0,0.0,3.211129903793335,9.434033393859863,14.153860092163086,26.452268600463867,145.0
dynamic,1,1,37,1.3152661180496217,1.2439253807067872,0.07134072879950205,1.2088744592666627,1.2088744592666627,0.0,2.0,2.0,370.0,301.0,0.0,3.211129903793335,9.434033393859863,14.153860092163086,26.452268600463867,145.0
dynamic,1,1,38,1.2410204855600993,1.1724292914072671,0.06859119653701783,1.1688474400838216,1.1688474400838216,0.0,2.0,2.0,380.0,301.0,0.0,3.211129903793335,9.434033393859863,14.153860092163086,26.452268600463867,145.0
dynamic,1,1,39,1.210718100865682,1.1388547070821127,0.07186338822046916,1.1294011036554972,1.1294011036554972,0.0,2.0,2.0,390.0,301.0,0.0,3.211129903793335,9.434033393859863,14.153860092163086,26.452268600463867,145.0
dynamic,1,1,40,1.167333197593689,1.0947933530807494,0.07253984491030376,1.0890745266278585,1.0890745266278585,0.0,2.0,2.0,400.0,301.0,0.0,3.211129903793335,9.434033393859863,14.153860092163086,26.452268600463867,145.0
dynamic,1,1,41,1.153660691579183,1.068514629205068,0.08514603575070699,1.0542472147941588,1.0542472147941588,0.0,2.0,2.0,410.0,401.0,1.0,0.6064172387123108,1.2510850429534912,1.8500641584396362,5.858954906463623,35.0
dynamic,1,1,42,1.1231413427988688,1.0380934508641562,0.08504791557788849,1.0382246748606363,1.0382246748606363,0.0,2.0,2.0,420.0,401.0,1.0,0.6064172387123108,1.2510850429534912,1.8500641584396362,5.858954906463623,35.0
dynamic,1,1,43,1.105104416211446,1.0387007808685302,0.06640362858772278,1.0661324214935304,1.0661324214935304,0.0,2.0,2.0,430.0,401.0,1.0,0.6064172387123108,1.2510850429534912,1.8500641584396362,5.858954906463623,35.0
dynamic,1,1,44,1.152730598449707,1.0982954772313436,0.05443509265780449,1.0934353351593018,1.0934353351593018,0.0,2.0,2.0,440.0,401.0,1.0,0.6064172387123108,1.2510850429534912,1.8500641584396362,5.858954906463623,35.0
dynamic,1,1,45,1.093445545832316,1.0416253439585368,0.05182019278407097,1.0278143215179443,1.0278143215179443,0.0,2.0,2.0,450.0,401.0,1.0,0.6064172387123108,1.2510850429534912,1.8500641584396362,5.858954906463623,35.0
dynamic,1,1,46,1.0672882922490439,1.0136170450846353,0.05367123961448669,0.984402437210083,0.984402437210083,0.0,2.0,2.0,460.0,401.0,1.0,0.6064172387123108,1.2510850429534912,1.8500641584396362,5.858954906463623,35.0
dynamic,1,1,47,1.034482881228129,0.9779701789220174,0.05651271149516106,0.9560624059041342,0.9560624059041342,0.0,2.0,2.0,470.0,401.0,1.0,0.6064172387123108,1.2510850429534912,1.8500641584396362,5.858954906463623,35.0
dynamic,1,1,48,1.017375042438507,0.9579039772351583,0.05947108030319214,0.9256068364779154,0.9256068364779154,0.0,2.0,2.0,480.0,401.0,1.0,0.6064172387123108,1.2510850429534912,1.8500641584396362,5.858954906463623,35.0
dynamic,1,1,49,0.9840900715192159,0.922305728594462,0.06178433661659559,0.903862923781077,0.903862923781077,0.0,2.0,2.0,490.0,401.0,1.0,0.6064172387123108,1.2510850429534912,1.8500641584396362,5.858954906463623,35.0
dynamic,1,1,50,0.9647663005193075,0.8981215969721477,0.06664470771948497,0.9057534917195638,0.9057534917195638,0.0,2.0,2.0,500.0,401.0,1.0,0.6064172387123108,1.2510850429534912,1.8500641584396362,5.858954906463623,35.0
dynamic,1,1,51,1.0643445499738058,1.0257366633415221,0.03860789805650711,1.0003026390075684,1.0003026390075684,0.0,3.0,3.0,510.0,501.0,0.0,0.49335622787475586,1.0711405277252197,1.4932868480682373,4.474849700927734,33.0
dynamic,1,1,52,1.0001388136545817,0.9688559031486511,0.031282902757326765,0.9024919112523396,0.9024919112523396,0.0,3.0,3.0,520.0,501.0,0.0,0.49335622787475586,1.0711405277252197,1.4932868480682373,4.474849700927734,33.0
dynamic,1,1,53,0.9676058125495911,0.9366465433438619,0.030959255894025168,0.895880848566691,0.895880848566691,0.0,3.0,3.0,530.0,501.0,0.0,0.49335622787475586,1.0711405277252197,1.4932868480682373,4.474849700927734,33.0
dynamic,1,1,54,0.9449111859003703,0.9114007941881815,0.03351039677858353,0.8985563977559408,0.8985563977559408,0.0,3.0,3.0,540.0,501.0,0.0,0.49335622787475586,1.0711405277252197,1.4932868480682373,4.474849700927734,33.0
dynamic,1,1,55,0.9391133308410644,0.9056018797556559,0.03351144924759865,0.8866351429621379,0.8866351429621379,0.0,3.0,3.0,550.0,501.0,0.0,0.49335622787475586,1.0711405277252197,1.4932868480682373,4.474849700927734,33.0
dynamic,1,1,56,0.9554218037923177,0.9224865007400512,0.03293530146280924,0.8586037619908651,0.8586037619908651,0.0,3.0,3.0,560.0,501.0,0.0,0.49335622787475586,1.0711405277252197,1.4932868480682373,4.474849700927734,33.0
dynamic,1,1,57,0.891339791615804,0.8573234550158183,0.034016337047020596,0.8302229356765747,0.8302229356765747,0.0,3.0,3.0,570.0,501.0,0.0,0.49335622787475586,1.0711405277252197,1.4932868480682373,4.474849700927734,33.0
dynamic,1,1,58,0.8928920539220174,0.8604826792081197,0.03240937704841296,0.8487174916267395,0.8487174916267395,0.0,3.0,3.0,580.0,501.0,0.0,0.49335622787475586,1.0711405277252197,1.4932868480682373,4.474849700927734,33.0
dynamic,1,1,59,0.8707769306500753,0.8347856934865315,0.035991227527459466,0.8632066218058269,0.8632066218058269,0.0,3.0,3.0,590.0,501.0,0.0,0.49335622787475586,1.0711405277252197,1.4932868480682373,4.474849700927734,33.0
dynamic,1,1,60,0.8786706431706747,0.8438835382461548,0.03478710566957792,0.8551543871561686,0.8551543871561686,0.0,3.0,3.0,600.0,501.0,0.0,0.49335622787475586,1.0711405277252197,1.4932868480682373,4.474849700927734,33.0
dynamic,1,1,61,0.8868949556350708,0.8528278684616089,0.03406708911061287,0.8279837910334269,0.8279837910334269,0.0,3.0,3.0,610.0,501.0,0.0,0.49335622787475586,1.0711405277252197,1.4932868480682373,4.474849700927734,33.0
dynamic,1,1,62,0.8663658960660299,0.8346041584014893,0.031761742855111755,0.811785295009613,0.811785295009613,0.0,3.0,3.0,620.0,501.0,0.0,0.49335622787475586,1.0711405277252197,1.4932868480682373,4.474849700927734,33.0
dynamic,1,1,63,0.8504797800381978,0.8185587962468465,0.03192098359266917,0.7913811190923055,0.7913811190923055,0.0,3.0,3.0,630.0,501.0,0.0,0.49335622787475586,1.0711405277252197,1.4932868480682373,4.474849700927734,33.0
dynamic,1,1,64,0.8243873548507691,0.7945984737078349,0.029788881490627923,0.7889553840955098,0.7889553840955098,0.0,3.0,3.0,640.0,501.0,0.0,0.49335622787475586,1.0711405277252197,1.4932868480682373,4.474849700927734,33.0
dynamic,1,1,65,0.8427605223655701,0.8135982314745586,0.029162289996941884,0.7872580973307292,0.7872580973307292,0.0,3.0,3.0,650.0,501.0,0.0,0.49335622787475586,1.0711405277252197,1.4932868480682373,4.474849700927734,33.0
dynamic,1,1,66,0.8359189510345459,0.807437752087911,0.02848119998971621,0.7814075684547425,0.7814075684547425,0.0,3.0,3.0,660.0,501.0,0.0,0.49335622787475586,1.0711405277252197,1.4932868480682373,4.474849700927734,33.0
dynamic,1,1,67,0.8179364864031474,0.790333567460378,0.02760292241970698,0.7766459663709004,0.7766459663709004,0.0,3.0,3.0,670.0,501.0,0.0,0.49335622787475586,1.0711405277252197,1.4932868480682373,4.474849700927734,33.0
dynamic,1,1,68,0.8134121505419413,0.786121346950531,0.027290801033377648,0.7713800986607869,0.7713800986607869,0.0,3.0,3.0,680.0,501.0,0.0,0.49335622787475586,1.0711405277252197,1.4932868480682373,4.474849700927734,33.0
dynamic,1,1,69,0.8060690188407897,0.7799586033821106,0.0261104154586792,0.7645927468935648,0.7645927468935648,0.0,3.0,3.0,690.0,501.0,0.0,0.49335622787475586,1.0711405277252197,1.4932868480682373,4.474849700927734,33.0
dynamic,1,1,70,0.8019727373123169,0.7761980613072713,0.02577466589709123,0.7578735041618347,0.7578735041618347,0.0,3.0,3.0,700.0,501.0,0.0,0.49335622787475586,1.0711405277252197,1.4932868480682373,4.474849700927734,33.0
dynamic,1,1,71,0.7884082706769308,0.7619026692708334,0.02650559976696968,0.7535552342732748,0.7535552342732748,0.0,3.0,3.0,710.0,501.0,0.0,0.49335622787475586,1.0711405277252197,1.4932868480682373,4.474849700927734,33.0
dynamic,1,1,72,0.7891684865951538,0.7628843172391255,0.026284165581067404,0.7419814578692119,0.7419814578692119,0.0,3.0,3.0,720.0,501.0,0.0,0.49335622787475586,1.0711405277252197,1.4932868480682373,4.474849700927734,33.0
dynamic,1,1,73,0.7832002194722494,0.7577092258135477,0.025490997831026714,0.7419071435928345,0.7419071435928345,0.0,3.0,3.0,730.0,501.0,0.0,0.49335622787475586,1.0711405277252197,1.4932868480682373,4.474849700927734,33.0
dynamic,1,1,74,0.7880258957544962,0.7626964155832926,0.0253294828782479,0.7391739821434021,0.7391739821434021,0.0,3.0,3.0,740.0,501.0,0.0,0.49335622787475586,1.0711405277252197,1.4932868480682373,4.474849700927734,33.0
dynamic,1,1,75,0.7755008951822917,0.7519239123662312,0.023576982220013937,0.7343801442782084,0.7343801442782084,0.0,3.0,3.0,750.0,501.0,0.0,0.49335622787475586,1.0711405277252197,1.4932868480682373,4.474849700927734,33.0
dynamic,1,1,76,0.7852075767517089,0.7606813287734986,0.024526234716176987,0.7305058105786641,0.7305058105786641,0.0,3.0,3.0,760.0,501.0,0.0,0.49335622787475586,1.0711405277252197,1.4932868480682373,4.474849700927734,33.0
dynamic,1,1,77,0.7747182480494181,0.7508372084299724,0.023881044735511146,0.729942151705424,0.729942151705424,0.0,3.0,3.0,770.0,501.0,0.0,0.49335622787475586,1.0711405277252197,1.4932868480682373,4.474849700927734,33.0
dynamic,1,1,78,0.7641841872533163,0.7386917996406556,0.025492384086052578,0.7186037055651346,0.7186037055651346,0.0,3.0,3.0,780.0,501.0,0.0,0.49335622787475586,1.0711405277252197,1.4932868480682373,4.474849700927734,33.0
dynamic,1,1,79,0.7556459387143453,0.729091104666392,0.026554829627275466,0.723502049446106,0.723502049446106,0.0,3.0,3.0,790.0,501.0,0.0,0.49335622787475586,1.0711405277252197,1.4932868480682373,4.474849700927734,33.0
dynamic,1,1,80,0.7479679528872172,0.7215016873677572,0.02646626109878222,0.7188491447766622,0.7188491447766622,0.0,3.0,3.0,800.0,501.0,0.0,0.49335622787475586,1.0711405277252197,1.4932868480682373,4.474849700927734,33.0
dynamic,1,1,81,0.760998260974884,0.7338948901494344,0.02710336814324061,0.7170158199469249,0.7170158199469249,0.0,3.0,3.0,810.0,501.0,0.0,0.49335622787475586,1.0711405277252197,1.4932868480682373,4.474849700927734,33.0
dynamic,1,1,82,0.7593635082244873,0.7333485881487528,0.026014920994639396,0.7140478750069936,0.7140478750069936,0.0,3.0,3.0,820.0,501.0,0.0,0.49335622787475586,1.0711405277252197,1.4932868480682373,4.474849700927734,33.0
dynamic,1,1,83,0.7396165680885315,0.7131705061594645,0.026446072111527125,0.7113770278294881,0.7113770278294881,0.0,3.0,3.0,830.0,501.0,0.0,0.49335622787475586,1.0711405277252197,1.4932868480682373,4.474849700927734,33.0
dynamic,1,1,84,0.7537688191731771,0.7270474576950073,0.026721363564332325,0.6991973336537679,0.6991973336537679,0.0,3.0,3.0,840.0,501.0,0.0,0.49335622787475586,1.0711405277252197,1.4932868480682373,4.474849700927734,33.0
dynamic,1,1,85,0.7312183022499085,0.7042490983009339,0.026969202185670536,0.7057466161251068,0.7057466161251068,0.0,3.0,3.0,850.0,501.0,0.0,0.49335622787475586,1.0711405277252197,1.4932868480682373,4.474849700927734,33.0
dynamic,1,1,86,0.7290373373031617,0.7025000993410746,0.0265372371673584,0.705799947977066,0.705799947977066,0.0,3.0,3.0,860.0,501.0,0.0,0.49335622787475586,1.0711405277252197,1.4932868480682373,4.474849700927734,33.0
dynamic,1,1,87,0.7329350813229879,0.7065091808636983,0.026425885756810506,0.7059968038400014,0.7059968038400014,0.0,3.0,3.0,870.0,501.0,0.0,0.49335622787475586,1.0711405277252197,1.4932868480682373,4.474849700927734,33.0
dynamic,1,1,88,0.7374843017260233,0.7120869437853495,0.025397365217407545,0.702193925778071,0.702193925778071,0.0,3.0,3.0,880.0,501.0,0.0,0.49335622787475586,1.0711405277252197,1.4932868480682373,4.474849700927734,33.0
dynamic,1,1,89,0.7437552865346273,0.7176233951250712,0.02613189309835434,0.7008593253294627,0.7008593253294627,0.0,3.0,3.0,890.0,501.0,0.0,0.49335622787475586,1.0711405277252197,1.4932868480682373,4.474849700927734,33.0
dynamic,1,1,90,0.7499346176783244,0.7236041227976481,0.026330486834049226,0.6985560723145803,0.6985560723145803,0.0,3.0,3.0,900.0,501.0,0.0,0.49335622787475586,1.0711405277252197,1.4932868480682373,4.474849700927734,33.0
dynamic,1,1,91,0.720887676080068,0.6943800131479899,0.026507657592495282,0.6989806906382243,0.6989806906382243,0.0,3.0,3.0,910.0,501.0,0.0,0.49335622787475586,1.0711405277252197,1.4932868480682373,4.474849700927734,33.0
dynamic,1,1,92,0.7335133902231852,0.7079911963144938,0.02552220016717911,0.6983267478148143,0.6983267478148143,0.0,3.0,3.0,920.0,501.0,0.0,0.49335622787475586,1.0711405277252197,1.4932868480682373,4.474849700927734,33.0
dynamic,1,1,93,0.7450854293505351,0.7187443192799886,0.026341115335623423,0.6909516020615896,0.6909516020615896,0.0,3.0,3.0,930.0,501.0,0.0,0.49335622787475586,1.0711405277252197,1.4932868480682373,4.474849700927734,33.0
dynamic,1,1,94,0.733622043132782,0.7069331757227579,0.026688876698414486,0.6882916923364003,0.6882916923364003,0.0,3.0,3.0,940.0,501.0,0.0,0.49335622787475586,1.0711405277252197,1.4932868480682373,4.474849700927734,33.0
dynamic,1,1,95,0.7259169427553812,0.6979557347297668,0.027961218456427257,0.695099329551061,0.695099329551061,0.0,3.0,3.0,950.0,501.0,0.0,0.49335622787475586,1.0711405277252197,1.4932868480682373,4.474849700927734,33.0
dynamic,1,1,96,0.7381444756189982,0.7108155369758606,0.027328947136799495,0.6951694643497467,0.6951694643497467,0.0,3.0,3.0,960.0,501.0,0.0,0.49335622787475586,1.0711405277252197,1.4932868480682373,4.474849700927734,33.0
dynamic,1,1,97,0.7289275828997294,0.7020279137293498,0.02689966171979904,0.6943523657321929,0.6943523657321929,0.0,3.0,3.0,970.0,501.0,0.0,0.49335622787475586,1.0711405277252197,1.4932868480682373,4.474849700927734,33.0
dynamic,1,1,98,0.7240269668896993,0.6959866849581401,0.028040276393294334,0.6931434532006582,0.6931434532006582,0.0,3.0,3.0,980.0,501.0,0.0,0.49335622787475586,1.0711405277252197,1.4932868480682373,4.474849700927734,33.0
dynamic,1,1,99,0.7259270366032918,0.6966528979937235,0.029274125297864276,0.6925642510255178,0.6925642510255178,0.0,3.0,3.0,990.0,501.0,0.0,0.49335622787475586,1.0711405277252197,1.4932868480682373,4.474849700927734,33.0
dynamic,1,1,100,0.7255543025334676,0.6956676562627157,0.029886641204357148,0.6881899625062943,0.6881899625062943,0.0,3.0,3.0,1000.0,501.0,0.0,0.49335622787475586,1.0711405277252197,1.4932868480682373,4.474849700927734,33.0
dynamic,1,1,101,0.7302328395843506,0.6990435473124186,0.031189287354548772,0.6891511998573939,0.6891511998573939,0.0,3.0,3.0,1010.0,501.0,0.0,0.49335622787475586,1.0711405277252197,1.4932868480682373,4.474849700927734,33.0
dynamic,1,1,102,0.7272993048032125,0.6955073483784994,0.03179195409019788,0.6946631018320719,0.6946631018320719,0.0,3.0,3.0,1020.0,501.0,0.0,0.49335622787475586,1.0711405277252197,1.4932868480682373,4.474849700927734,33.0
dynamic,1,1,103,0.7391274189949035,0.7064077170689901,0.03271970503032207,0.7010432783762613,0.7010432783762613,0.0,3.0,3.0,1030.0,501.0,0.0,0.49335622787475586,1.0711405277252197,1.4932868480682373,4.474849700927734,33.0
dynamic,1,1,104,0.7458475319544474,0.7132154138882955,0.032632121493419014,0.6843003557125727,0.6843003557125727,0.0,3.0,3.0,1040.0,501.0,0.0,0.49335622787475586,1.0711405277252197,1.4932868480682373,4.474849700927734,33.0
dynamic,1,1,105,0.7261118539174398,0.6913962904612223,0.034715556104977924,0.6848478096723557,0.6848478096723557,0.0,3.0,3.0,1050.0,501.0,0.0,0.49335622787475586,1.0711405277252197,1.4932868480682373,4.474849700927734,33.0
dynamic,1,1,106,0.7269503752390544,0.690490194161733,0.036460188776254655,0.6807222666343054,0.6807222666343054,0.0,3.0,3.0,1060.0,501.0,0.0,0.49335622787475586,1.0711405277252197,1.4932868480682373,4.474849700927734,33.0
dynamic,1,1,107,0.7366621303558349,0.6992340922355652,0.037428041845560076,0.684760042031606,0.684760042031606,0.0,3.0,3.0,1070.0,501.0,0.0,0.49335622787475586,1.0711405277252197,1.4932868480682373,4.474849700927734,33.0
dynamic,1,1,108,0.7334724919001261,0.6945271229743958,0.03894537374377251,0.6970153411229452,0.6970153411229452,0.0,3.0,3.0,1080.0,501.0,0.0,0.49335622787475586,1.0711405277252197,1.4932868480682373,4.474849700927734,33.0
dynamic,1,1,109,0.7290738519032797,0.6880104239781698,0.04106342976291975,0.7073863029479981,0.7073863029479981,0.0,3.0,3.0,1090.0,501.0,0.0,0.49335622787475586,1.0711405277252197,1.4932868480682373,4.474849700927734,33.0
dynamic,1,1,110,0.7344402718544006,0.6920892715454101,0.042350996434688565,0.7056606340408326,0.7056606340408326,0.0,3.0,3.0,1100.0,501.0,0.0,0.49335622787475586,1.0711405277252197,1.4932868480682373,4.474849700927734,33.0
dynamic,1,1,111,0.7450972572962443,0.7015255109469096,0.04357174505790075,0.695748188495636,0.695748188495636,0.0,3.0,3.0,1110.0,501.0,0.0,0.49335622787475586,1.0711405277252197,1.4932868480682373,4.474849700927734,33.0
dynamic,1,1,112,0.7190376281738281,0.6760001842180888,0.043037442415952684,0.6793776988983155,0.6793776988983155,0.0,3.0,3.0,1120.0,501.0,0.0,0.49335622787475586,1.0711405277252197,1.4932868480682373,4.474849700927734,33.0
dynamic,1,1,113,0.7269116346041361,0.6809626054763794,0.045949019491672516,0.6777914355198542,0.6777914355198542,0.0,3.0,3.0,1130.0,501.0,0.0,0.49335622787475586,1.0711405277252197,1.4932868480682373,4.474849700927734,33.0
dynamic,1,1,114,0.7216716281572978,0.6725723449389139,0.0490992729862531,0.667458156744639,0.667458156744639,0.0,3.0,3.0,1140.0,501.0,0.0,0.49335622787475586,1.0711405277252197,1.4932868480682373,4.474849700927734,33.0
dynamic,1,1,115,0.7401858774820963,0.686348729133606,0.053837148547172545,0.6982095170021058,0.6982095170021058,0.0,3.0,3.0,1150.0,501.0,0.0,0.49335622787475586,1.0711405277252197,1.4932868480682373,4.474849700927734,33.0
dynamic,1,1,116,0.7700349299112955,0.7085809381802877,0.06145399952928225,0.7027184104919434,0.7027184104919434,0.0,3.0,3.0,1160.0,501.0,0.0,0.49335622787475586,1.0711405277252197,1.4932868480682373,4.474849700927734,33.0
dynamic,1,1,117,0.7447249984741211,0.6813058463732401,0.06341915746529897,0.6665481344858806,0.6665481344858806,0.0,3.0,3.0,1170.0,501.0,0.0,0.49335622787475586,1.0711405277252197,1.4932868480682373,4.474849700927734,33.0
dynamic,1,1,118,0.7192779445648193,0.6554407064119975,0.06383724138140678,0.6697798629601797,0.6697798629601797,0.0,3.0,3.0,1180.0,501.0,0.0,0.49335622787475586,1.0711405277252197,1.4932868480682373,4.474849700927734,33.0
dynamic,1,1,119,0.7628757421175639,0.699181805451711,0.06369392921527227,0.6690670645236969,0.6690670645236969,0.0,3.0,3.0,1190.0,501.0,0.0,0.49335622787475586,1.0711405277252197,1.4932868480682373,4.474849700927734,33.0
dynamic,1,1,120,0.7332370869318644,0.6659401226043701,0.06729696840047836,0.6669214999675751,0.6669214999675751,0.0,3.0,3.0,1200.0,501.0,0.0,0.49335622787475586,1.0711405277252197,1.4932868480682373,4.474849700927734,33.0
dynamic,1,1,121,0.7446636454264323,0.6773213410377502,0.06734231402476629,0.6901385029157002,0.6901385029157002,0.0,3.0,3.0,1210.0,501.0,0.0,0.49335622787475586,1.0711405277252197,1.4932868480682373,4.474849700927734,33.0
dynamic,1,1,122,0.7434072947502136,0.6770100355148315,0.06639726132154465,0.6848220332463583,0.6848220332463583,0.0,3.0,3.0,1220.0,501.0,0.0,0.49335622787475586,1.0711405277252197,1.4932868480682373,4.474849700927734,33.0
dynamic,1,1,123,0.7308343927065531,0.6678097033500672,0.06302469770113626,0.6863841430346171,0.6863841430346171,0.0,3.0,3.0,1230.0,501.0,0.0,0.49335622787475586,1.0711405277252197,1.4932868480682373,4.474849700927734,33.0
dynamic,1,1,124,0.7380085150400798,0.6767778571446736,0.06123064696788788,0.6745863093932469,0.6745863093932469,0.0,3.0,3.0,1240.0,501.0,0.0,0.49335622787475586,1.0711405277252197,1.4932868480682373,4.474849700927734,33.0
dynamic,1,1,125,0.7364488077163697,0.6746548847357432,0.061793930530548095,0.6647004014253617,0.6647004014253617,0.0,3.0,3.0,1250.0,501.0,0.0,0.49335622787475586,1.0711405277252197,1.4932868480682373,4.474849700927734,33.0
dynamic,1,1,126,0.7204158194859822,0.6578173820177714,0.0625984331468741,0.6758988547325134,0.6758988547325134,0.0,3.0,3.0,1260.0,501.0,0.0,0.49335622787475586,1.0711405277252197,1.4932868480682373,4.474849700927734,33.0
dynamic,1,1,127,0.7352434984842936,0.6697043617566426,0.06553913359840711,0.6865527884165445,0.6865527884165445,0.0,3.0,3.0,1270.0,501.0,0.0,0.49335622787475586,1.0711405277252197,1.4932868480682373,4.474849700927734,33.0
dynamic,1,1,128,0.7459378894170126,0.6771223815282186,0.06881550610065461,0.671584990620613,0.671584990620613,0.0,3.0,3.0,1280.0,501.0,0.0,0.49335622787475586,1.0711405277252197,1.4932868480682373,4.474849700927734,33.0
dynamic,1,1,129,0.741282434463501,0.6723472356796265,0.06893519421418508,0.6684902236859004,0.6684902236859004,0.0,3.0,3.0,1290.0,501.0,0.0,0.49335622787475586,1.0711405277252197,1.4932868480682373,4.474849700927734,33.0
dynamic,1,1,130,0.7436866895357768,0.6716669535636902,0.07201973964770635,0.6679515586296717,0.6679515586296717,0.0,3.0,3.0,1300.0,501.0,0.0,0.49335622787475586,1.0711405277252197,1.4932868480682373,4.474849700927734,33.0
dynamic,1,1,131,0.7386354605356852,0.6591566816965739,0.07947877575953802,0.6708451954523722,0.6708451954523722,0.0,3.0,3.0,1310.0,501.0,0.0,0.49335622787475586,1.0711405277252197,1.4932868480682373,4.474849700927734,33.0
dynamic,1,1,132,0.7665608557065328,0.6832592105865478,0.08330164988835653,0.6694894220431645,0.6694894220431645,0.0,3.0,3.0,1320.0,501.0,0.0,0.49335622787475586,1.0711405277252197,1.4932868480682373,4.474849700927734,33.0
dynamic,1,1,133,0.7375081117947896,0.6531871088345845,0.08432100693384806,0.6624244552850723,0.6624244552850723,0.0,3.0,3.0,1330.0,501.0,0.0,0.49335622787475586,1.0711405277252197,1.4932868480682373,4.474849700927734,33.0
dynamic,1,1,134,0.7531602040926615,0.6668314639727274,0.08632873058319092,0.6788409487406413,0.6788409487406413,0.0,3.0,3.0,1340.0,501.0,0.0,0.49335622787475586,1.0711405277252197,1.4932868480682373,4.474849700927734,33.0
dynamic,1,1,135,0.7732430481910706,0.6781911969184875,0.09505184421936672,0.6981047981977463,0.6981047981977463,0.0,3.0,3.0,1350.0,501.0,0.0,0.49335622787475586,1.0711405277252197,1.4932868480682373,4.474849700927734,33.0
dynamic,1,1,136,0.7718084065119425,0.6722154839833577,0.09959292660156886,0.689129702647527,0.689129702647527,0.0,3.0,3.0,1360.0,501.0,0.0,0.49335622787475586,1.0711405277252197,1.4932868480682373,4.474849700927734,33.0
dynamic,1,1,137,0.7674976468086243,0.6683319958051046,0.09916565269231796,0.6866142012675603,0.6866142012675603,0.0,3.0,3.0,1370.0,501.0,0.0,0.49335622787475586,1.0711405277252197,1.4932868480682373,4.474849700927734,33.0
dynamic,1,1,138,0.7618611383438111,0.6633289901415507,0.09853214840094249,0.6795848705371221,0.6795848705371221,0.0,3.0,3.0,1380.0,501.0,0.0,0.49335622787475586,1.0711405277252197,1.4932868480682373,4.474849700927734,33.0
dynamic,1,1,139,0.7690297381083171,0.6588260134061178,0.1102037254969279,0.6779132894674937,0.6779132894674937,0.0,3.0,3.0,1390.0,501.0,0.0,0.49335622787475586,1.0711405277252197,1.4932868480682373,4.474849700927734,33.0
dynamic,1,1,140,0.7779523825645447,0.6631745211283366,0.11477786391973495,0.6809752665956815,0.6809752665956815,0.0,3.0,3.0,1400.0,501.0,0.0,0.49335622787475586,1.0711405277252197,1.4932868480682373,4.474849700927734,33.0
dynamic,1,1,141,0.7866909980773926,0.6637958963712056,0.12289510945479075,0.6903159146507581,0.6903159146507581,0.0,3.0,3.0,1410.0,501.0,0.0,0.49335622787475586,1.0711405277252197,1.4932868480682373,4.474849700927734,33.0
dynamic,1,1,142,0.7782733964920044,0.6548046215375265,0.12346878627936045,0.6766540914773941,0.6766540914773941,0.0,3.0,3.0,1420.0,501.0,0.0,0.49335622787475586,1.0711405277252197,1.4932868480682373,4.474849700927734,33.0
dynamic,1,1,143,0.7879542175928752,0.6584756183624267,0.12947860598564148,0.67675716817379,0.67675716817379,0.0,3.0,3.0,1430.0,501.0,0.0,0.49335622787475586,1.0711405277252197,1.4932868480682373,4.474849700927734,33.0
dynamic,1,1,144,0.8081919781366984,0.6712139709790548,0.13697801073392232,0.6819244089722634,0.6819244089722634,0.0,3.0,3.0,1440.0,501.0,0.0,0.49335622787475586,1.0711405277252197,1.4932868480682373,4.474849700927734,33.0
dynamic,1,1,145,0.8242026996612549,0.6808224813143412,0.14338022629419964,0.6849633148312568,0.6849633148312568,0.0,3.0,3.0,1450.0,501.0,0.0,0.49335622787475586,1.0711405277252197,1.4932868480682373,4.474849700927734,33.0
dynamic,1,1,146,0.7880161587397257,0.643105149269104,0.14491100877523422,0.6693001213669777,0.6693001213669777,0.0,3.0,3.0,1460.0,501.0,0.0,0.49335622787475586,1.0711405277252197,1.4932868480682373,4.474849700927734,33.0
dynamic,1,1,147,0.8067180760701498,0.6395633069674174,0.16715477963288625,0.6745929567019144,0.6745929567019144,0.0,3.0,3.0,1470.0,501.0,0.0,0.49335622787475586,1.0711405277252197,1.4932868480682373,4.474849700927734,33.0
dynamic,1,1,148,0.8462218109766643,0.6706172792116801,0.17560452699661255,0.6970112849275271,0.6970112849275271,0.0,3.0,3.0,1480.0,501.0,0.0,0.49335622787475586,1.0711405277252197,1.4932868480682373,4.474849700927734,33.0
dynamic,1,1,149,0.830855663617452,0.6672090538342794,0.16364660600821176,0.6818309029936791,0.6818309029936791,0.0,3.0,3.0,1490.0,501.0,0.0,0.49335622787475586,1.0711405277252197,1.4932868480682373,4.474849700927734,33.0
dynamic,1,1,150,0.8213541189829509,0.6403225763638815,0.1810315454006195,0.6816134730974833,0.6816134730974833,0.0,3.0,3.0,1500.0,501.0,0.0,0.49335622787475586,1.0711405277252197,1.4932868480682373,4.474849700927734,33.0
dynamic,1,1,151,0.8293770090738932,0.6334843150774638,0.19589269518852234,0.6693538964788119,0.6693538964788119,0.0,3.0,3.0,1510.0,501.0,0.0,0.49335622787475586,1.0711405277252197,1.4932868480682373,4.474849700927734,33.0
dynamic,1,1,152,0.8501137336095174,0.6433923085530598,0.20672143042087554,0.6783380723992983,0.6783380723992983,0.0,3.0,3.0,1520.0,501.0,0.0,0.49335622787475586,1.0711405277252197,1.4932868480682373,4.474849700927734,33.0
dynamic,1,1,153,0.8822217273712158,0.6612976940472921,0.22092402497927346,0.686925679842631,0.686925679842631,0.0,3.0,3.0,1530.0,501.0,0.0,0.49335622787475586,1.0711405277252197,1.4932868480682373,4.474849700927734,33.0
dynamic,1,1,154,0.8762542819976806,0.657051014105479,0.21920327186584473,0.6906551561752955,0.6906551561752955,0.0,3.0,3.0,1540.0,501.0,0.0,0.49335622787475586,1.0711405277252197,1.4932868480682373,4.474849700927734,33.0
dynamic,1,1,155,0.8822984488805136,0.6456783453623454,0.2366201110680898,0.6587136066953341,0.6587136066953341,0.0,3.0,3.0,1550.0,501.0,0.0,0.49335622787475586,1.0711405277252197,1.4932868480682373,4.474849700927734,33.0
dynamic,1,1,156,0.8958275389671325,0.647394323348999,0.24843321879704794,0.6671456323067347,0.6671456323067347,0.0,3.0,3.0,1560.0,501.0,0.0,0.49335622787475586,1.0711405277252197,1.4932868480682373,4.474849700927734,33.0
dynamic,1,1,157,0.8724255116780599,0.6240320460001627,0.24839346408843993,0.6182000750303268,0.6182000750303268,0.0,3.0,3.0,1570.0,501.0,0.0,0.49335622787475586,1.0711405277252197,1.4932868480682373,4.474849700927734,33.0
dynamic,1,1,158,0.9076648457845052,0.6258994682629904,0.28176536798477175,0.6174816906452179,0.6174816906452179,0.0,3.0,3.0,1580.0,501.0,0.0,0.49335622787475586,1.0711405277252197,1.4932868480682373,4.474849700927734,33.0
dynamic,1,1,159,0.9219253571828206,0.6229794645309448,0.29894587755203245,0.650760587354501,0.650760587354501,0.0,3.0,3.0,1590.0,501.0,0.0,0.49335622787475586,1.0711405277252197,1.4932868480682373,4.474849700927734,33.0
dynamic,1,1,160,0.9311609617869059,0.6392185775438944,0.2919423810640971,0.6323852149645487,0.6323852149645487,0.0,3.0,3.0,1600.0,501.0,0.0,0.49335622787475586,1.0711405277252197,1.4932868480682373,4.474849700927734,33.0
dynamic,1,1,161,0.9535033893585205,0.6430750958124797,0.3104282999038696,0.6294218578934669,0.6294218578934669,0.0,3.0,3.0,1610.0,501.0,0.0,0.49335622787475586,1.0711405277252197,1.4932868480682373,4.474849700927734,33.0
dynamic,1,1,162,0.9532143783569336,0.632488473256429,0.32072589874267576,0.627484705845515,0.627484705845515,0.0,3.0,3.0,1620.0,501.0,0.0,0.49335622787475586,1.0711405277252197,1.4932868480682373,4.474849700927734,33.0
dynamic,1,1,163,0.9336127344767252,0.6055394514401754,0.3280732746918996,0.6045651649435361,0.6045651649435361,0.0,3.0,3.0,1630.0,501.0,0.0,0.49335622787475586,1.0711405277252197,1.4932868480682373,4.474849700927734,33.0
dynamic,1,1,164,0.9401933161417643,0.6024938082695007,0.33769952178001406,0.5942087386051814,0.5942087386051814,0.0,3.0,3.0,1640.0,501.0,0.0,0.49335622787475586,1.0711405277252197,1.4932868480682373,4.474849700927734,33.0
dynamic,1,1,165,0.9591023604075114,0.6161546476682027,0.3429477043946584,0.6019741456707318,0.6019741456707318,0.0,3.0,3.0,1650.0,501.0,0.0,0.49335622787475586,1.0711405277252197,1.4932868480682373,4.474849700927734,33.0
dynamic,1,1,166,0.966330988407135,0.603178411324819,0.36315258344014484,0.6019975343346595,0.6019975343346595,0.0,3.0,3.0,1660.0,501.0,0.0,0.49335622787475586,1.0711405277252197,1.4932868480682373,4.474849700927734,33.0
dynamic,1,1,167,0.9779095149040222,0.61026966492335,0.36763986269632976,0.6077640454967816,0.6077640454967816,0.0,3.0,3.0,1670.0,501.0,0.0,0.49335622787475586,1.0711405277252197,1.4932868480682373,4.474849700927734,33.0
dynamic,1,1,168,0.9640933736165365,0.6063283586502075,0.35776501695315044,0.6040844563643137,0.6040844563643137,0.0,3.0,3.0,1680.0,501.0,0.0,0.49335622787475586,1.0711405277252197,1.4932868480682373,4.474849700927734,33.0
dynamic,1,1,169,0.9941027506192526,0.6241097823778788,0.3699929745992025,0.6107846243182818,0.6107846243182818,0.0,3.0,3.0,1690.0,501.0,0.0,0.49335622787475586,1.0711405277252197,1.4932868480682373,4.474849700927734,33.0
dynamic,1,1,170,0.9832208172480266,0.6358095486958821,0.3474112737178803,0.6376480587323506,0.6376480587323506,0.0,3.0,3.0,1700.0,501.0,0.0,0.49335622787475586,1.0711405277252197,1.4932868480682373,4.474849700927734,33.0
dynamic,1,1,171,0.999063835144043,0.6718602561950684,0.32720357974370323,0.6731451563040416,0.6731451563040416,0.0,3.0,3.0,1710.0,501.0,0.0,0.49335622787475586,1.0711405277252197,1.4932868480682373,4.474849700927734,33.0
dynamic,1,1,172,1.0025738430023194,0.7010791889826457,0.3014946591854095,0.6731743546326955,0.6731743546326955,0.0,3.0,3.0,1720.0,501.0,0.0,0.49335622787475586,1.0711405277252197,1.4932868480682373,4.474849700927734,33.0
dynamic,1,1,173,0.9814319388071696,0.71328852891922,0.26814340472221376,0.6946095582842827,0.6946095582842827,0.0,3.0,3.0,1730.0,501.0,0.0,0.49335622787475586,1.0711405277252197,1.4932868480682373,4.474849700927734,33.0
dynamic,1,1,174,0.9044480848312378,0.6799394265810649,0.2245086560646693,0.686731255253156,0.686731255253156,0.0,3.0,3.0,1740.0,501.0,0.0,0.49335622787475586,1.0711405277252197,1.4932868480682373,4.474849700927734,33.0
dynamic,1,1,175,0.8685595520337422,0.6701484147707621,0.19841113090515136,0.6812866282463074,0.6812866282463074,0.0,3.0,3.0,1750.0,501.0,0.0,0.49335622787475586,1.0711405277252197,1.4932868480682373,4.474849700927734,33.0
dynamic,1,1,176,0.8730790917078654,0.6856597431500753,0.18741935710112254,0.6987757781147956,0.6987757781147956,0.0,3.0,3.0,1760.0,501.0,0.0,0.49335622787475586,1.0711405277252197,1.4932868480682373,4.474849700927734,33.0
dynamic,1,1,177,0.875235759417216,0.7000787615776062,0.1751569982369741,0.7298472867409388,0.7298472867409388,0.0,3.0,3.0,1770.0,501.0,0.0,0.49335622787475586,1.0711405277252197,1.4932868480682373,4.474849700927734,33.0
dynamic,1,1,178,0.892997587521871,0.7243370898564656,0.16866050104300181,0.7960758559902509,0.7960758559902509,0.0,3.0,3.0,1780.0,501.0,0.0,0.49335622787475586,1.0711405277252197,1.4932868480682373,4.474849700927734,33.0
dynamic,1,1,179,0.8881288282076518,0.7213083132108052,0.16682051022847494,0.7862455562750499,0.7862455562750499,0.0,3.0,3.0,1790.0,501.0,0.0,0.49335622787475586,1.0711405277252197,1.4932868480682373,4.474849700927734,33.0
dynamic,1,1,180,0.8868758670488993,0.7220546078681945,0.1648212613662084,0.7779966474572817,0.7779966474572817,0.0,3.0,3.0,1800.0,501.0,0.0,0.49335622787475586,1.0711405277252197,1.4932868480682373,4.474849700927734,33.0
dynamic,1,1,181,0.8753555250167847,0.7169446722666423,0.15841084957122803,0.7972391662995021,0.7972391662995021,0.0,3.0,3.0,1810.0,501.0,0.0,0.49335622787475586,1.0711405277252197,1.4932868480682373,4.474849700927734,33.0
dynamic,1,1,182,0.8863559452692668,0.7377573394775391,0.14859860956668855,0.7712263704339664,0.7712263704339664,0.0,3.0,3.0,1820.0,501.0,0.0,0.49335622787475586,1.0711405277252197,1.4932868480682373,4.474849700927734,33.0
dynamic,1,1,183,0.8954247935612997,0.7507867606480917,0.14463804443677267,0.7843703273932139,0.7843703273932139,0.0,3.0,3.0,1830.0,501.0,0.0,0.49335622787475586,1.0711405277252197,1.4932868480682373,4.474849700927734,33.0
dynamic,1,1,184,0.8877294874191284,0.7555545099576314,0.13217497905095418,0.8014457007249196,0.8014457007249196,0.0,3.0,3.0,1840.0,501.0,0.0,0.49335622787475586,1.0711405277252197,1.4932868480682373,4.474849700927734,33.0
dynamic,1,1,185,0.8511506072680155,0.7280674600601196,0.12308314581712088,0.8430000840624173,0.8430000840624173,0.0,3.0,3.0,1850.0,501.0,0.0,0.49335622787475586,1.0711405277252197,1.4932868480682373,4.474849700927734,33.0
dynamic,1,1,186,0.8925587995847066,0.7715379055341085,0.12102089643478393,0.8050778484344483,0.8050778484344483,0.0,3.0,3.0,1860.0,501.0,0.0,0.49335622787475586,1.0711405277252197,1.4932868480682373,4.474849700927734,33.0
dynamic,1,1,187,0.8469436136881511,0.7368766911824545,0.11006692697604498,0.7728141366442045,0.7728141366442045,0.0,3.0,3.0,1870.0,501.0,0.0,0.49335622787475586,1.0711405277252197,1.4932868480682373,4.474849700927734,33.0
dynamic,1,1,188,0.8281831129391988,0.7245093806584676,0.10367373526096343,0.8087205919623375,0.8087205919623375,0.0,3.0,3.0,1880.0,501.0,0.0,0.49335622787475586,1.0711405277252197,1.4932868480682373,4.474849700927734,33.0
dynamic,1,1,189,0.870261189142863,0.7648841484387716,0.10537703434626261,0.8036517897248268,0.8036517897248268,0.0,3.0,3.0,1890.0,501.0,0.0,0.49335622787475586,1.0711405277252197,1.4932868480682373,4.474849700927734,33.0
dynamic,1,1,190,0.8477073589960734,0.7495979237556457,0.09810943782329559,0.7757332930962245,0.7757332930962245,0.0,3.0,3.0,1900.0,501.0,0.0,0.49335622787475586,1.0711405277252197,1.4932868480682373,4.474849700927734,33.0
dynamic,1,1,191,0.8484716828664144,0.7529063971837362,0.09556529541810353,0.8057586079835892,0.8057586079835892,0.0,3.0,3.0,1910.0,501.0,0.0,0.49335622787475586,1.0711405277252197,1.4932868480682373,4.474849700927734,33.0
dynamic,1,1,192,0.8227928860982259,0.7257497239112854,0.09704316467046738,0.7889753969510397,0.7889753969510397,0.0,3.0,3.0,1920.0,501.0,0.0,0.49335622787475586,1.0711405277252197,1.4932868480682373,4.474849700927734,33.0
dynamic,1,1,193,0.8440935214360555,0.7457315079371134,0.0983620235323906,0.7761917062600454,0.7761917062600454,0.0,3.0,3.0,1930.0,501.0,0.0,0.49335622787475586,1.0711405277252197,1.4932868480682373,4.474849700927734,33.0
dynamic,1,1,194,0.8738468225797017,0.7712276450792949,0.10261918157339096,0.7493261698881785,0.7493261698881785,0.0,3.0,3.0,1940.0,501.0,0.0,0.49335622787475586,1.0711405277252197,1.4932868480682373,4.474849700927734,33.0
dynamic,1,1,195,0.8553833595911662,0.7488628005981446,0.10652056028445561,0.7511571359634399,0.7511571359634399,0.0,3.0,3.0,1950.0,501.0,0.0,0.49335622787475586,1.0711405277252197,1.4932868480682373,4.474849700927734,33.0
dynamic,1,1,196,0.8503309869766236,0.735006422996521,0.11532457520564397,0.7225369562705358,0.7225369562705358,0.0,3.0,3.0,1960.0,501.0,0.0,0.49335622787475586,1.0711405277252197,1.4932868480682373,4.474849700927734,33.0
dynamic,1,1,197,0.8559178924560547,0.7285912307103475,0.12732666552066804,0.7138608056306839,0.7138608056306839,0.0,3.0,3.0,1970.0,501.0,0.0,0.49335622787475586,1.0711405277252197,1.4932868480682373,4.474849700927734,33.0
dynamic,1,1,198,0.8645041473706563,0.7368106675148011,0.12769348541895548,0.7181611547867457,0.7181611547867457,0.0,3.0,3.0,1980.0,501.0,0.0,0.49335622787475586,1.0711405277252197,1.4932868480682373,4.474849700927734,33.0
dynamic,1,1,199,0.8422353927294414,0.7188519183794657,0.12338348845640819,0.708135130405426,0.708135130405426,0.0,3.0,3.0,1990.0,501.0,0.0,0.49335622787475586,1.0711405277252197,1.4932868480682373,4.474849700927734,33.0
dynamic,1,1,200,0.8695439751942953,0.7429194529851277,0.12662452628215154,0.7022775383790334,0.7022775383790334,0.0,3.0,3.0,2000.0,501.0,0.0,0.49335622787475586,1.0711405277252197,1.4932868480682373,4.474849700927734,33.0
dynamic,1,1,201,0.8188271196683248,0.6950574135780334,0.12376971145470937,0.7429172140359879,0.7429172140359879,0.0,3.0,3.0,2010.0,501.0,0.0,0.49335622787475586,1.0711405277252197,1.4932868480682373,4.474849700927734,33.0
dynamic,1,1,202,0.8502518590291341,0.7274916895230611,0.12276016513506571,0.7756788607438405,0.7756788607438405,0.0,3.0,3.0,2020.0,501.0,0.0,0.49335622787475586,1.0711405277252197,1.4932868480682373,4.474849700927734,33.0
dynamic,1,1,203,0.8476212008794148,0.7263499188423157,0.1212712757786115,0.7510140073299408,0.7510140073299408,0.0,3.0,3.0,2030.0,501.0,0.0,0.49335622787475586,1.0711405277252197,1.4932868480682373,4.474849700927734,33.0
dynamic,1,1,204,0.8553943665822347,0.7325766730308533,0.12281768600145976,0.7411160600185395,0.7411160600185395,0.0,3.0,3.0,2040.0,501.0,0.0,0.49335622787475586,1.0711405277252197,1.4932868480682373,4.474849700927734,33.0
dynamic,1,1,205,0.8496808449427287,0.7241741180419922,0.12550673017899194,0.7220114650328954,0.7220114650328954,0.0,3.0,3.0,2050.0,501.0,0.0,0.49335622787475586,1.0711405277252197,1.4932868480682373,4.474849700927734,33.0
dynamic,1,1,206,0.8470348119735718,0.7198604615529378,0.12717434108257294,0.7185666956504186,0.7185666956504186,0.0,3.0,3.0,2060.0,501.0,0.0,0.49335622787475586,1.0711405277252197,1.4932868480682373,4.474849700927734,33.0
dynamic,1,1,207,0.8523880521456401,0.7249266974131267,0.1274613509575526,0.709588910539945,0.709588910539945,0.0,3.0,3.0,2070.0,501.0,0.0,0.49335622787475586,1.0711405277252197,1.4932868480682373,4.474849700927734,33.0
dynamic,1,1,208,0.8342217350006104,0.7027300429344178,0.13149169703324637,0.7156093055009842,0.7156093055009842,0.0,3.0,3.0,2080.0,501.0,0.0,0.49335622787475586,1.0711405277252197,1.4932868480682373,4.474849700927734,33.0
dynamic,1,1,209,0.8515856329600017,0.7205707661310832,0.13101487636566161,0.7242793399095535,0.7242793399095535,0.0,3.0,3.0,2090.0,501.0,0.0,0.49335622787475586,1.0711405277252197,1.4932868480682373,4.474849700927734,33.0
dynamic,1,1,210,0.8719374068578084,0.7323420135180155,0.13959538380304973,0.713187399506569,0.713187399506569,0.0,3.0,3.0,2100.0,501.0,0.0,0.49335622787475586,1.0711405277252197,1.4932868480682373,4.474849700927734,33.0
dynamic,1,1,211,0.8424376924832662,0.6989659746487935,0.14347171465555827,0.697099758585294,0.697099758585294,0.0,3.0,3.0,2110.0,501.0,0.0,0.49335622787475586,1.0711405277252197,1.4932868480682373,4.474849700927734,33.0
dynamic,1,1,212,0.8516982507705688,0.7017367204030355,0.14996152818202974,0.6910648433367411,0.6910648433367411,0.0,3.0,3.0,2120.0,501.0,0.0,0.49335622787475586,1.0711405277252197,1.4932868480682373,4.474849700927734,33.0
dynamic,1,1,213,0.857906772295634,0.6981562352180481,0.15975053171316783,0.7386933962504069,0.7386933962504069,0.0,3.0,3.0,2130.0,501.0,0.0,0.49335622787475586,1.0711405277252197,1.4932868480682373,4.474849700927734,33.0
dynamic,1,1,214,0.859983016649882,0.698650418917338,0.1613326132297516,0.7622793608903885,0.7622793608903885,0.0,3.0,3.0,2140.0,501.0,0.0,0.49335622787475586,1.0711405277252197,1.4932868480682373,4.474849700927734,33.0
dynamic,1,1,215,0.8399357271194458,0.6792420609792074,0.16069365859031678,0.6955568476517995,0.6955568476517995,0.0,3.0,3.0,2150.0,501.0,0.0,0.49335622787475586,1.0711405277252197,1.4932868480682373,4.474849700927734,33.0
dynamic,1,1,216,0.8233187548319498,0.6615727090835571,0.16174604376157126,0.664903291662534,0.664903291662534,0.0,3.0,3.0,2160.0,501.0,0.0,0.49335622787475586,1.0711405277252197,1.4932868480682373,4.474849700927734,33.0
dynamic,1,1,217,0.8240934308369955,0.6679267175992329,0.1561667009194692,0.6751862738529841,0.6751862738529841,0.0,3.0,3.0,2170.0,501.0,0.0,0.49335622787475586,1.0711405277252197,1.4932868480682373,4.474849700927734,33.0
dynamic,1,1,218,0.8265805021921794,0.6709397753079732,0.15564073940118153,0.7050789115826289,0.7050789115826289,0.0,3.0,3.0,2180.0,501.0,0.0,0.49335622787475586,1.0711405277252197,1.4932868480682373,4.474849700927734,33.0
dynamic,1,1,219,0.8026873087882995,0.6520651666323344,0.15062214374542238,0.6446871051192283,0.6446871051192283,0.0,3.0,3.0,2190.0,501.0,0.0,0.49335622787475586,1.0711405277252197,1.4932868480682373,4.474849700927734,33.0
dynamic,1,1,220,0.7844322951634725,0.6334389901161194,0.1509933110078176,0.6009518345197041,0.6009518345197041,0.0,3.0,3.0,2200.0,501.0,0.0,0.49335622787475586,1.0711405277252197,1.4932868480682373,4.474849700927734,33.0
dynamic,1,1,221,0.7514817539850871,0.6067516533533732,0.1447301063934962,0.5927097504337628,0.5927097504337628,0.0,3.0,3.0,2210.0,501.0,0.0,0.49335622787475586,1.0711405277252197,1.4932868480682373,4.474849700927734,33.0
dynamic,1,1,222,0.7398212234179179,0.5905166347821553,0.14930459181467692,0.5806153651078542,0.5806153651078542,0.0,3.0,3.0,2220.0,501.0,0.0,0.49335622787475586,1.0711405277252197,1.4932868480682373,4.474849700927734,33.0
dynamic,1,1,223,0.7331529903411865,0.5874943574269612,0.14565863132476806,0.5761640877525012,0.5761640877525012,0.0,3.0,3.0,2230.0,501.0,0.0,0.49335622787475586,1.0711405277252197,1.4932868480682373,4.474849700927734,33.0
dynamic,1,1,224,0.7285566329956055,0.5855123821894328,0.14304425299167634,0.5642897472778956,0.5642897472778956,0.0,3.0,3.0,2240.0,501.0,0.0,0.49335622787475586,1.0711405277252197,1.4932868480682373,4.474849700927734,33.0
dynamic,1,1,225,0.7163504473368327,0.5742852067947388,0.14206524670124054,0.5605924104650816,0.5605924104650816,0.0,3.0,3.0,2250.0,501.0,0.0,0.49335622787475586,1.0711405277252197,1.4932868480682373,4.474849700927734,33.0
dynamic,1,1,226,0.7052825514475505,0.5652687493960062,0.14001380880673728,0.5585032856464386,0.5585032856464386,0.0,3.0,3.0,2260.0,501.0,0.0,0.49335622787475586,1.0711405277252197,1.4932868480682373,4.474849700927734,33.0
dynamic,1,1,227,0.7063916611671448,0.56763507882754,0.13875657737255095,0.5560047254959742,0.5560047254959742,0.0,3.0,3.0,2270.0,501.0,0.0,0.49335622787475586,1.0711405277252197,1.4932868480682373,4.474849700927734,33.0
dynamic,1,1,228,0.7033110173543294,0.5643602196375529,0.1389508024851481,0.5539794378479321,0.5539794378479321,0.0,3.0,3.0,2280.0,501.0,0.0,0.49335622787475586,1.0711405277252197,1.4932868480682373,4.474849700927734,33.0
dynamic,1,1,229,0.7027546103795369,0.5615085768699646,0.1412460196018219,0.5527903704841932,0.5527903704841932,0.0,3.0,3.0,2290.0,501.0,0.0,0.49335622787475586,1.0711405277252197,1.4932868480682373,4.474849700927734,33.0
dynamic,1,1,230,0.7062511571248372,0.5678472924232483,0.13840386192003887,0.5493668376406033,0.5493668376406033,0.0,3.0,3.0,2300.0,501.0,0.0,0.49335622787475586,1.0711405277252197,1.4932868480682373,4.474849700927734,33.0
dynamic,1,1,231,0.7013197310765584,0.5616200621922811,0.13969966888427734,0.553413723607858,0.553413723607858,0.0,3.0,3.0,2310.0,501.0,0.0,0.49335622787475586,1.0711405277252197,1.4932868480682373,4.474849700927734,33.0
dynamic,1,1,232,0.6946856824556986,0.553937578201294,0.1407481026649475,0.5532742281258106,0.5532742281258106,0.0,3.0,3.0,2320.0,501.0,0.0,0.49335622787475586,1.0711405277252197,1.4932868480682373,4.474849700927734,33.0
dynamic,1,1,233,0.6915354776382446,0.5510370977719625,0.14049838622411093,0.5563799080252647,0.5563799080252647,0.0,3.0,3.0,2330.0,501.0,0.0,0.49335622787475586,1.0711405277252197,1.4932868480682373,4.474849700927734,33.0
dynamic,1,1,234,0.6990180404980978,0.5538772078355153,0.14514084537823996,0.5506044431527456,0.5506044431527456,0.0,3.0,3.0,2340.0,501.0,0.0,0.49335622787475586,1.0711405277252197,1.4932868480682373,4.474849700927734,33.0
dynamic,1,1,235,0.7033315626780192,0.5494878113269805,0.15384375174840292,0.5494266743461291,0.5494266743461291,0.0,3.0,3.0,2350.0,501.0,0.0,0.49335622787475586,1.0711405277252197,1.4932868480682373,4.474849700927734,33.0
dynamic,1,1,236,0.7090343920389811,0.5525852560997009,0.15644914547602334,0.5469515704115232,0.5469515704115232,0.0,3.0,3.0,2360.0,501.0,0.0,0.49335622787475586,1.0711405277252197,1.4932868480682373,4.474849700927734,33.0
dynamic,1,1,237,0.7007988850275676,0.5434450078010559,0.15735388080279034,0.5470694487293561,0.5470694487293561,0.0,3.0,3.0,2370.0,501.0,0.0,0.49335622787475586,1.0711405277252197,1.4932868480682373,4.474849700927734,33.0
dynamic,1,1,238,0.7104439838727316,0.547176087697347,0.16326791048049927,0.547021163503329,0.547021163503329,0.0,3.0,3.0,2380.0,501.0,0.0,0.49335622787475586,1.0711405277252197,1.4932868480682373,4.474849700927734,33.0
dynamic,1,1,239,0.7058214139938355,0.5392225694656372,0.166598837574323,0.5435752207537492,0.5435752207537492,0.0,3.0,3.0,2390.0,501.0,0.0,0.49335622787475586,1.0711405277252197,1.4932868480682373,4.474849700927734,33.0
dynamic,1,1,240,0.7091785049438477,0.5426411271095276,0.1665373718738556,0.5398727875947952,0.5398727875947952,0.0,3.0,3.0,2400.0,501.0,0.0,0.49335622787475586,1.0711405277252197,1.4932868480682373,4.474849700927734,33.0
dynamic,1,1,241,0.7112949665387471,0.5418966368834177,0.16939833283424377,0.5431233422458172,0.5431233422458172,0.0,3.0,3.0,2410.0,501.0,0.0,0.49335622787475586,1.0711405277252197,1.4932868480682373,4.474849700927734,33.0
dynamic,1,1,242,0.7131561009089152,0.5422737550735474,0.17088234305381775,0.5408186445136866,0.5408186445136866,0.0,3.0,3.0,2420.0,501.0,0.0,0.49335622787475586,1.0711405277252197,1.4932868480682373,4.474849700927734,33.0
dynamic,1,1,243,0.7060095469156901,0.5371981294949849,0.16881142059961954,0.5337318714459737,0.5337318714459737,0.0,3.0,3.0,2430.0,501.0,0.0,0.49335622787475586,1.0711405277252197,1.4932868480682373,4.474849700927734,33.0
dynamic,1,1,244,0.70242280960083,0.5355763109525045,0.16684649487336475,0.5404655400911967,0.5404655400911967,0.0,3.0,3.0,2440.0,501.0,0.0,0.49335622787475586,1.0711405277252197,1.4932868480682373,4.474849700927734,33.0
dynamic,1,1,245,0.6974520587921142,0.5385983737309774,0.1588536791006724,0.5386172938346863,0.5386172938346863,0.0,3.0,3.0,2450.0,501.0,0.0,0.49335622787475586,1.0711405277252197,1.4932868480682373,4.474849700927734,33.0
dynamic,1,1,246,0.6985613743464152,0.5407801707585652,0.15778119285901387,0.5359103588759899,0.5359103588759899,0.0,3.0,3.0,2460.0,501.0,0.0,0.49335622787475586,1.0711405277252197,1.4932868480682373,4.474849700927734,33.0
dynamic,1,1,247,0.6855684741338094,0.5358406313260397,0.14972783962885539,0.5368950961530209,0.5368950961530209,0.0,3.0,3.0,2470.0,501.0,0.0,0.49335622787475586,1.0711405277252197,1.4932868480682373,4.474849700927734,33.0
dynamic,1,1,248,0.684751475652059,0.5359351086616516,0.1488163654009501,0.5389259780943394,0.5389259780943394,0.0,3.0,3.0,2480.0,501.0,0.0,0.49335622787475586,1.0711405277252197,1.4932868480682373,4.474849700927734,33.0
dynamic,1,1,249,0.690177526473999,0.544157638947169,0.14601988693078358,0.5363855080803236,0.5363855080803236,0.0,3.0,3.0,2490.0,501.0,0.0,0.49335622787475586,1.0711405277252197,1.4932868480682373,4.474849700927734,33.0
dynamic,1,1,250,0.678349879582723,0.5326745164394379,0.14567535241444907,0.5335420611997446,0.5335420611997446,0.0,3.0,3.0,2500.0,501.0,0.0,0.49335622787475586,1.0711405277252197,1.4932868480682373,4.474849700927734,33.0
dynamic,1,1,251,0.6718818775812785,0.5278100657463074,0.1440718213717143,0.5328949861228466,0.5328949861228466,0.0,3.0,3.0,2510.0,501.0,0.0,0.49335622787475586,1.0711405277252197,1.4932868480682373,4.474849700927734,33.0
dynamic,1,1,252,0.6815944369633993,0.5361955038706462,0.1453989271322886,0.5338547130922476,0.5338547130922476,0.0,3.0,3.0,2520.0,501.0,0.0,0.49335622787475586,1.0711405277252197,1.4932868480682373,4.474849700927734,33.0
dynamic,1,1,253,0.6649486748377482,0.5277359286944071,0.1372127435604731,0.5284720190366109,0.5284720190366109,0.0,3.0,3.0,2530.0,501.0,0.0,0.49335622787475586,1.0711405277252197,1.4932868480682373,4.474849700927734,33.0
dynamic,1,1,254,0.6604575943946839,0.5232844575246175,0.13717314581076304,0.5326304147144159,0.5326304147144159,0.0,3.0,3.0,2540.0,501.0,0.0,0.49335622787475586,1.0711405277252197,1.4932868480682373,4.474849700927734,33.0
dynamic,1,1,255,0.6703787310918172,0.5343812147776286,0.13599751114845277,0.5321493734916051,0.5321493734916051,0.0,3.0,3.0,2550.0,501.0,0.0,0.49335622787475586,1.0711405277252197,1.4932868480682373,4.474849700927734,33.0
dynamic,1,1,256,0.6670804270108541,0.5292576245466868,0.1378228078285853,0.529340511461099,0.529340511461099,0.0,3.0,3.0,2560.0,501.0,0.0,0.49335622787475586,1.0711405277252197,1.4932868480682373,4.474849700927734,33.0
dynamic,1,1,257,0.6609428914388021,0.522194098631541,0.13874878774086635,0.5286769409974416,0.5286769409974416,0.0,3.0,3.0,2570.0,501.0,0.0,0.49335622787475586,1.0711405277252197,1.4932868480682373,4.474849700927734,33.0
dynamic,1,1,258,0.664795028368632,0.5243835560480754,0.14041147510210672,0.5302337736884752,0.5302337736884752,0.0,3.0,3.0,2580.0,501.0,0.0,0.49335622787475586,1.0711405277252197,1.4932868480682373,4.474849700927734,33.0
dynamic,1,1,259,0.6587150994936625,0.5200735425949097,0.13864156544208528,0.5296432381371657,0.5296432381371657,0.0,3.0,3.0,2590.0,501.0,0.0,0.49335622787475586,1.0711405277252197,1.4932868480682373,4.474849700927734,33.0
dynamic,1,1,260,0.659817632039388,0.5241866564750671,0.13563097675641378,0.5290562977393468,0.5290562977393468,0.0,3.0,3.0,2600.0,501.0,0.0,0.49335622787475586,1.0711405277252197,1.4932868480682373,4.474849700927734,33.0
dynamic,1,1,261,0.6660470883051555,0.5269464834531148,0.13910060226917267,0.5285048754513264,0.5285048754513264,0.0,3.0,3.0,2610.0,501.0,0.0,0.49335622787475586,1.0711405277252197,1.4932868480682373,4.474849700927734,33.0
dynamic,1,1,262,0.6656582363446554,0.5226776508490244,0.14298058648904163,0.5275429460406303,0.5275429460406303,0.0,3.0,3.0,2620.0,501.0,0.0,0.49335622787475586,1.0711405277252197,1.4932868480682373,4.474849700927734,33.0
dynamic,1,1,263,0.6625462619463602,0.5191768113772074,0.1433694585164388,0.52693393578132,0.52693393578132,0.0,3.0,3.0,2630.0,501.0,0.0,0.49335622787475586,1.0711405277252197,1.4932868480682373,4.474849700927734,33.0
dynamic,1,1,264,0.6677207684516907,0.523953317006429,0.14376745144526162,0.5269494538505872,0.5269494538505872,0.0,3.0,3.0,2640.0,501.0,0.0,0.49335622787475586,1.0711405277252197,1.4932868480682373,4.474849700927734,33.0
dynamic,1,1,265,0.664403559366862,0.5210580337047577,0.1433455236752828,0.5262017211814721,0.5262017211814721,0.0,3.0,3.0,2650.0,501.0,0.0,0.49335622787475586,1.0711405277252197,1.4932868480682373,4.474849700927734,33.0
dynamic,1,1,266,0.6613038007418315,0.5223829547564188,0.13892085711161295,0.5257310158014298,0.5257310158014298,0.0,3.0,3.0,2660.0,501.0,0.0,0.49335622787475586,1.0711405277252197,1.4932868480682373,4.474849700927734,33.0
dynamic,1,1,267,0.6663876597086589,0.5289919590950012,0.13739570339520774,0.5252941095332304,0.5252941095332304,0.0,3.0,3.0,2670.0,501.0,0.0,0.49335622787475586,1.0711405277252197,1.4932868480682373,4.474849700927734,33.0
dynamic,1,1,268,0.6529099035263062,0.5141517480214437,0.13875814537207284,0.5253095007439454,0.5253095007439454,0.0,3.0,3.0,2680.0,501.0,0.0,0.49335622787475586,1.0711405277252197,1.4932868480682373,4.474849700927734,33.0
dynamic,1,1,269,0.6551512781778971,0.5168450379371643,0.13830624024073282,0.5230149783690771,0.5230149783690771,0.0,3.0,3.0,2690.0,501.0,0.0,0.49335622787475586,1.0711405277252197,1.4932868480682373,4.474849700927734,33.0
dynamic,1,1,270,0.667351062297821,0.5283741362889608,0.13897692441940307,0.5239116308589776,0.5239116308589776,0.0,3.0,3.0,2700.0,501.0,0.0,0.49335622787475586,1.0711405277252197,1.4932868480682373,4.474849700927734,33.0
dynamic,1,1,271,0.6525611686706543,0.5193897573153178,0.13317140301068625,0.5204239183167616,0.5204239183167616,0.0,3.0,3.0,2710.0,501.0,0.0,0.49335622787475586,1.0711405277252197,1.4932868480682373,4.474849700927734,33.0
dynamic,1,1,272,0.6394742616017659,0.513153291940689,0.12632097125053407,0.5196802889804045,0.5196802889804045,0.0,3.0,3.0,2720.0,501.0,0.0,0.49335622787475586,1.0711405277252197,1.4932868480682373,4.474849700927734,33.0
dynamic,1,1,273,0.6473707151412964,0.5166352236270905,0.1307355002562205,0.5227099504570166,0.5227099504570166,0.0,3.0,3.0,2730.0,501.0,0.0,0.49335622787475586,1.0711405277252197,1.4932868480682373,4.474849700927734,33.0
dynamic,1,1,274,0.6505740690231323,0.5126827828089396,0.1378912983338038,0.5222560880084832,0.5222560880084832,0.0,3.0,3.0,2740.0,501.0,0.0,0.49335622787475586,1.0711405277252197,1.4932868480682373,4.474849700927734,33.0
dynamic,1,1,275,0.6519234418869019,0.512560906012853,0.13936253945032756,0.519965451012055,0.519965451012055,0.0,3.0,3.0,2750.0,501.0,0.0,0.49335622787475586,1.0711405277252197,1.4932868480682373,4.474849700927734,33.0
dynamic,1,1,276,0.6582452098528544,0.5110833517710368,0.14716186026732128,0.5196208767592907,0.5196208767592907,0.0,3.0,3.0,2760.0,501.0,0.0,0.49335622787475586,1.0711405277252197,1.4932868480682373,4.474849700927734,33.0
dynamic,1,1,277,0.6577222839991251,0.5141633407274881,0.14355894764264424,0.5204877830545107,0.5204877830545107,0.0,3.0,3.0,2770.0,501.0,0.0,0.49335622787475586,1.0711405277252197,1.4932868480682373,4.474849700927734,33.0
dynamic,1,1,278,0.6657895390192667,0.5180614817142487,0.14772805988788604,0.5166055563588937,0.5166055563588937,0.0,3.0,3.0,2780.0,501.0,0.0,0.49335622787475586,1.0711405277252197,1.4932868480682373,4.474849700927734,33.0
dynamic,1,1,279,0.6547977336247762,0.5088764293988546,0.14592129190762837,0.516085853278637,0.516085853278637,0.0,3.0,3.0,2790.0,501.0,0.0,0.49335622787475586,1.0711405277252197,1.4932868480682373,4.474849700927734,33.0
dynamic,1,1,280,0.6600445691744486,0.5120370419820149,0.14800752500693004,0.515992399652799,0.515992399652799,0.0,3.0,3.0,2800.0,501.0,0.0,0.49335622787475586,1.0711405277252197,1.4932868480682373,4.474849700927734,33.0
dynamic,1,1,281,0.6692144552866618,0.5174009569485982,0.15181349476178488,0.5199302694698175,0.5199302694698175,0.0,3.0,3.0,2810.0,501.0,0.0,0.49335622787475586,1.0711405277252197,1.4932868480682373,4.474849700927734,33.0
dynamic,1,1,282,0.6705163915952047,0.5098521614074707,0.16066423078378042,0.5115538372596105,0.5115538372596105,0.0,3.0,3.0,2820.0,501.0,0.0,0.49335622787475586,1.0711405277252197,1.4932868480682373,4.474849700927734,33.0
dynamic,1,1,283,0.6735760227839152,0.5103081639607747,0.1632678461074829,0.5168274402618408,0.5168274402618408,0.0,3.0,3.0,2830.0,501.0,0.0,0.49335622787475586,1.0711405277252197,1.4932868480682373,4.474849700927734,33.0
dynamic,1,1,284,0.6680839705467224,0.5093827243645986,0.15870124141375225,0.5144739815592766,0.5144739815592766,0.0,3.0,3.0,2840.0,501.0,0.0,0.49335622787475586,1.0711405277252197,1.4932868480682373,4.474849700927734,33.0
dynamic,1,1,285,0.6623134152094523,0.5080348475774129,0.1542785664399465,0.5154021666447322,0.5154021666447322,0.0,3.0,3.0,2850.0,501.0,0.0,0.49335622787475586,1.0711405277252197,1.4932868480682373,4.474849700927734,33.0
dynamic,1,1,286,0.6599191681543985,0.5046072014172872,0.1553119546175003,0.5090992488960425,0.5090992488960425,0.0,3.0,3.0,2860.0,501.0,0.0,0.49335622787475586,1.0711405277252197,1.4932868480682373,4.474849700927734,33.0
dynamic,1,1,287,0.6543239132563273,0.5054694354534149,0.14885447363058726,0.5109381864468256,0.5109381864468256,0.0,3.0,3.0,2870.0,501.0,0.0,0.49335622787475586,1.0711405277252197,1.4932868480682373,4.474849700927734,33.0
dynamic,1,1,288,0.6613043562571208,0.5122186708450317,0.14908569057782492,0.5125734655062357,0.5125734655062357,0.0,3.0,3.0,2880.0,501.0,0.0,0.49335622787475586,1.0711405277252197,1.4932868480682373,4.474849700927734,33.0
dynamic,1,1,289,0.6564919964472453,0.5081597566604614,0.14833223501841228,0.5079844370484352,0.5079844370484352,0.0,3.0,3.0,2890.0,501.0,0.0,0.49335622787475586,1.0711405277252197,1.4932868480682373,4.474849700927734,33.0
dynamic,1,1,290,0.6588346926371257,0.5079192074139913,0.15091548522313436,0.5100707448025544,0.5100707448025544,0.0,3.0,3.0,2900.0,501.0,0.0,0.49335622787475586,1.0711405277252197,1.4932868480682373,4.474849700927734,33.0
dynamic,1,1,291,0.6501475977897644,0.5028974668184916,0.1472501309712728,0.5096192945043246,0.5096192945043246,0.0,3.0,3.0,2910.0,501.0,0.0,0.49335622787475586,1.0711405277252197,1.4932868480682373,4.474849700927734,33.0
dynamic,1,1,292,0.6546325127283732,0.5090177845954895,0.14561474204063415,0.509418477366368,0.509418477366368,0.0,3.0,3.0,2920.0,501.0,0.0,0.49335622787475586,1.0711405277252197,1.4932868480682373,4.474849700927734,33.0
dynamic,1,1,293,0.6503530438741049,0.5063182703653971,0.1440347671508789,0.5045486917595069,0.5045486917595069,0.0,3.0,3.0,2930.0,501.0,0.0,0.49335622787475586,1.0711405277252197,1.4932868480682373,4.474849700927734,33.0
dynamic,1,1,294,0.6553141053517659,0.5099024788538615,0.1454116102059682,0.510410545617342,0.510410545617342,0.0,3.0,3.0,2940.0,501.0,0.0,0.49335622787475586,1.0711405277252197,1.4932868480682373,4.474849700927734,33.0
dynamic,1,1,295,0.6575577640533448,0.5139421677589416,0.14361559987068176,0.5100737632314364,0.5100737632314364,0.0,3.0,3.0,2950.0,501.0,0.0,0.49335622787475586,1.0711405277252197,1.4932868480682373,4.474849700927734,33.0
dynamic,1,1,296,0.646180297533671,0.49983802318573,0.1463422707716624,0.5077528927723567,0.5077528927723567,0.0,3.0,3.0,2960.0,501.0,0.0,0.49335622787475586,1.0711405277252197,1.4932868480682373,4.474849700927734,33.0
dynamic,1,1,297,0.6499884064992268,0.5075866349538167,0.14240177750587463,0.5090684430797895,0.5090684430797895,0.0,3.0,3.0,2970.0,501.0,0.0,0.49335622787475586,1.0711405277252197,1.4932868480682373,4.474849700927734,33.0
dynamic,1,1,298,0.6510407288869222,0.5064657779534658,0.1445749584833781,0.5045663833121459,0.5045663833121459,0.0,3.0,3.0,2980.0,501.0,0.0,0.49335622787475586,1.0711405277252197,1.4932868480682373,4.474849700927734,33.0
dynamic,1,1,299,0.6503869740168253,0.5017299667994182,0.14865700244903565,0.5004208866755168,0.5004208866755168,0.0,3.0,3.0,2990.0,501.0,0.0,0.49335622787475586,1.0711405277252197,1.4932868480682373,4.474849700927734,33.0
dynamic,1,1,300,0.6451243956883749,0.4964972106615702,0.1486271897951762,0.5014779546360175,0.5014779546360175,0.0,3.0,3.0,3000.0,501.0,0.0,0.49335622787475586,1.0711405277252197,1.4932868480682373,4.474849700927734,33.0
dynamic,1,1,301,0.6450414188702901,0.5010019620259603,0.1440394647916158,0.5075712662935257,0.5075712662935257,0.0,3.0,3.0,3010.0,501.0,0.0,0.49335622787475586,1.0711405277252197,1.4932868480682373,4.474849700927734,33.0
dynamic,1,1,302,0.6473540568351746,0.5058002658685048,0.14155380109945934,0.5017921486496926,0.5017921486496926,0.0,3.0,3.0,3020.0,501.0,0.0,0.49335622787475586,1.0711405277252197,1.4932868480682373,4.474849700927734,33.0
dynamic,1,1,303,0.6356011549631755,0.4951309076944987,0.14047024448712667,0.5020167162517707,0.5020167162517707,0.0,3.0,3.0,3030.0,501.0,0.0,0.49335622787475586,1.0711405277252197,1.4932868480682373,4.474849700927734,33.0
dynamic,1,1,304,0.6449694132804871,0.504763302008311,0.14020612239837646,0.49934186081091564,0.49934186081091564,0.0,3.0,3.0,3040.0,501.0,0.0,0.49335622787475586,1.0711405277252197,1.4932868480682373,4.474849700927734,33.0
dynamic,1,1,305,0.6405648120244344,0.5052229404449463,0.13534187118212382,0.49816274334987004,0.49816274334987004,0.0,3.0,3.0,3050.0,501.0,0.0,0.49335622787475586,1.0711405277252197,1.4932868480682373,4.474849700927734,33.0
dynamic,1,1,306,0.6395773498217264,0.4975074402491252,0.1420698966582616,0.4974583057065805,0.4974583057065805,0.0,3.0,3.0,3060.0,501.0,0.0,0.49335622787475586,1.0711405277252197,1.4932868480682373,4.474849700927734,33.0
dynamic,1,1,307,0.6397876636187235,0.4983359440167745,0.14145171483357746,0.49560684988896053,0.49560684988896053,0.0,3.0,3.0,3070.0,501.0,0.0,0.49335622787475586,1.0711405277252197,1.4932868480682373,4.474849700927734,33.0
dynamic,1,1,308,0.6354173612594605,0.4955714241663615,0.13984593172868093,0.49778915027777354,0.49778915027777354,0.0,3.0,3.0,3080.0,501.0,0.0,0.49335622787475586,1.0711405277252197,1.4932868480682373,4.474849700927734,33.0
dynamic,1,1,309,0.6343685388565063,0.49283056020736693,0.14153796950976053,0.49666982526580494,0.49666982526580494,0.0,3.0,3.0,3090.0,501.0,0.0,0.49335622787475586,1.0711405277252197,1.4932868480682373,4.474849700927734,33.0
dynamic,1,1,310,0.6374454077084859,0.49579862316449486,0.14164679149786633,0.4961631305019061,0.4961631305019061,0.0,3.0,3.0,3100.0,501.0,0.0,0.49335622787475586,1.0711405277252197,1.4932868480682373,4.474849700927734,33.0
dynamic,1,1,311,0.6414215087890625,0.49884406725565594,0.1425774363676707,0.4948775654534499,0.4948775654534499,0.0,3.0,3.0,3110.0,501.0,0.0,0.49335622787475586,1.0711405277252197,1.4932868480682373,4.474849700927734,33.0
dynamic,1,1,312,0.6367158563931783,0.4937021724383036,0.14301368335882822,0.4946619357417027,0.4946619357417027,0.0,3.0,3.0,3120.0,501.0,0.0,0.49335622787475586,1.0711405277252197,1.4932868480682373,4.474849700927734,33.0
dynamic,1,1,313,0.6382481646537781,0.49604773124059043,0.14220042804876964,0.49331373525162536,0.49331373525162536,0.0,3.0,3.0,3130.0,501.0,0.0,0.49335622787475586,1.0711405277252197,1.4932868480682373,4.474849700927734,33.0
dynamic,1,1,314,0.6363485399881998,0.4947884654998779,0.14156007011731467,0.49463289928932985,0.49463289928932985,0.0,3.0,3.0,3140.0,501.0,0.0,0.49335622787475586,1.0711405277252197,1.4932868480682373,4.474849700927734,33.0
dynamic,1,1,315,0.639998443921407,0.4979854782422384,0.14201297839482627,0.49382166157166163,0.49382166157166163,0.0,3.0,3.0,3150.0,501.0,0.0,0.49335622787475586,1.0711405277252197,1.4932868480682373,4.474849700927734,33.0
dynamic,1,1,316,0.6326755634943644,0.4953552182515462,0.13732035477956137,0.4924163604279359,0.4924163604279359,0.0,3.0,3.0,3160.0,501.0,0.0,0.49335622787475586,1.0711405277252197,1.4932868480682373,4.474849700927734,33.0
dynamic,1,1,317,0.6306966233253479,0.49404893000920613,0.1366476974884669,0.4946943099051714,0.4946943099051714,0.0,3.0,3.0,3170.0,501.0,0.0,0.49335622787475586,1.0711405277252197,1.4932868480682373,4.474849700927734,33.0
dynamic,1,1,318,0.6343997987111409,0.4939230449994405,0.14047674695650736,0.49140209970374904,0.49140209970374904,0.0,3.0,3.0,3180.0,501.0,0.0,0.49335622787475586,1.0711405277252197,1.4932868480682373,4.474849700927734,33.0
dynamic,1,1,319,0.6251018635431925,0.4899787966410319,0.13512306769688925,0.4889413104206324,0.4889413104206324,0.0,3.0,3.0,3190.0,501.0,0.0,0.49335622787475586,1.0711405277252197,1.4932868480682373,4.474849700927734,33.0
dynamic,1,1,320,0.626715346177419,0.4884709413846334,0.13824439525604248,0.4899694087604682,0.4899694087604682,0.0,3.0,3.0,3200.0,501.0,0.0,0.49335622787475586,1.0711405277252197,1.4932868480682373,4.474849700927734,33.0
dynamic,1,1,321,0.6383166909217834,0.4961248874664307,0.1421917986869812,0.49031800523400304,0.49031800523400304,0.0,3.0,3.0,3210.0,501.0,0.0,0.49335622787475586,1.0711405277252197,1.4932868480682373,4.474849700927734,33.0
dynamic,1,1,322,0.6330140606562297,0.4907059939702352,0.1423080591360728,0.48993114156027634,0.48993114156027634,0.0,3.0,3.0,3220.0,501.0,0.0,0.49335622787475586,1.0711405277252197,1.4932868480682373,4.474849700927734,33.0
dynamic,1,1,323,0.6342439373334249,0.49254063367843626,0.1417033116022746,0.4901543323198954,0.4901543323198954,0.0,3.0,3.0,3230.0,501.0,0.0,0.49335622787475586,1.0711405277252197,1.4932868480682373,4.474849700927734,33.0
dynamic,1,1,324,0.6304733244578044,0.4933059032758077,0.13716741889715195,0.4915187449256579,0.4915187449256579,0.0,3.0,3.0,3240.0,501.0,0.0,0.49335622787475586,1.0711405277252197,1.4932868480682373,4.474849700927734,33.0
dynamic,1,1,325,0.6308760523796082,0.49275132377942404,0.13812472065289816,0.48946534593900043,0.48946534593900043,0.0,3.0,3.0,3250.0,501.0,0.0,0.49335622787475586,1.0711405277252197,1.4932868480682373,4.474849700927734,33.0
dynamic,1,1,326,0.6217456483840942,0.48512545704841614,0.1366201865673065,0.4886700655768315,0.4886700655768315,0.0,3.0,3.0,3260.0,501.0,0.0,0.49335622787475586,1.0711405277252197,1.4932868480682373,4.474849700927734,33.0
dynamic,1,1,327,0.6265786822636922,0.4894007654984792,0.13717791358629863,0.4862957008431355,0.4862957008431355,0.0,3.0,3.0,3270.0,501.0,0.0,0.49335622787475586,1.0711405277252197,1.4932868480682373,4.474849700927734,33.0
dynamic,1,1,328,0.6191970030466716,0.48563995242118835,0.1335570542017619,0.48511343032121657,0.48511343032121657,0.0,3.0,3.0,3280.0,501.0,0.0,0.49335622787475586,1.0711405277252197,1.4932868480682373,4.474849700927734,33.0
dynamic,1,1,329,0.6171077569325765,0.48270297010739643,0.1344047878185908,0.48562073779602843,0.48562073779602843,0.0,3.0,3.0,3290.0,501.0,0.0,0.49335622787475586,1.0711405277252197,1.4932868480682373,4.474849700927734,33.0
dynamic,1,1,330,0.6229486735661824,0.48483225266138713,0.13811642090479534,0.48592985726892945,0.48592985726892945,0.0,3.0,3.0,3300.0,501.0,0.0,0.49335622787475586,1.0711405277252197,1.4932868480682373,4.474849700927734,33.0
dynamic,1,1,331,0.6276580667495728,0.4907978161176046,0.13686025162537893,0.4849184907972813,0.4849184907972813,0.0,3.0,3.0,3310.0,501.0,0.0,0.49335622787475586,1.0711405277252197,1.4932868480682373,4.474849700927734,33.0
dynamic,1,1,332,0.6107770077387492,0.48039549549420674,0.13038150787353517,0.48456581676999727,0.48456581676999727,0.0,3.0,3.0,3320.0,501.0,0.0,0.49335622787475586,1.0711405277252197,1.4932868480682373,4.474849700927734,33.0
dynamic,1,1,333,0.6131800667444864,0.48677603403727215,0.12640403598546981,0.4856245799611012,0.4856245799611012,0.0,3.0,3.0,3330.0,501.0,0.0,0.49335622787475586,1.0711405277252197,1.4932868480682373,4.474849700927734,33.0
dynamic,1,1,334,0.6159768342971802,0.4861762869358063,0.12980055530865986,0.48358374933401743,0.48358374933401743,0.0,3.0,3.0,3340.0,501.0,0.0,0.49335622787475586,1.0711405277252197,1.4932868480682373,4.474849700927734,33.0
dynamic,1,1,335,0.6114204581578573,0.4819696346918742,0.12945082187652587,0.4840436874826749,0.4840436874826749,0.0,3.0,3.0,3350.0,501.0,0.0,0.49335622787475586,1.0711405277252197,1.4932868480682373,4.474849700927734,33.0
dynamic,1,1,336,0.617330740292867,0.48709545373916624,0.1302352899312973,0.4845770770808061,0.4845770770808061,0.0,3.0,3.0,3360.0,501.0,0.0,0.49335622787475586,1.0711405277252197,1.4932868480682373,4.474849700927734,33.0
dynamic,1,1,337,0.6147639656066894,0.4835299102465312,0.13123405625422796,0.48354444168508054,0.48354444168508054,0.0,3.0,3.0,3370.0,501.0,0.0,0.49335622787475586,1.0711405277252197,1.4932868480682373,4.474849700927734,33.0
dynamic,1,1,338,0.6152629772822062,0.48696911652882896,0.12829385409752528,0.4828459442655246,0.4828459442655246,0.0,3.0,3.0,3380.0,501.0,0.0,0.49335622787475586,1.0711405277252197,1.4932868480682373,4.474849700927734,33.0
dynamic,1,1,339,0.6115413570404052,0.4823718976974487,0.12916945397853852,0.48253598521153135,0.48253598521153135,0.0,3.0,3.0,3390.0,501.0,0.0,0.49335622787475586,1.0711405277252197,1.4932868480682373,4.474849700927734,33.0
dynamic,1,1,340,0.6056879083315532,0.4762042260169983,0.12948368002971014,0.48126152296861013,0.48126152296861013,0.0,3.0,3.0,3400.0,501.0,0.0,0.49335622787475586,1.0711405277252197,1.4932868480682373,4.474849700927734,33.0
dynamic,1,1,341,0.6081582276026408,0.47521159489949544,0.13294662793477377,0.48193468163410824,0.48193468163410824,0.0,3.0,3.0,3410.0,501.0,0.0,0.49335622787475586,1.0711405277252197,1.4932868480682373,4.474849700927734,33.0
dynamic,1,1,342,0.6144246649742127,0.4817949799696604,0.13262968560059865,0.47822364466885725,0.47822364466885725,0.0,3.0,3.0,3420.0,501.0,0.0,0.49335622787475586,1.0711405277252197,1.4932868480682373,4.474849700927734,33.0
dynamic,1,1,343,0.6101574230194092,0.4781147356828054,0.13204268862803778,0.48165834332505864,0.48165834332505864,0.0,3.0,3.0,3430.0,501.0,0.0,0.49335622787475586,1.0711405277252197,1.4932868480682373,4.474849700927734,33.0
dynamic,1,1,344,0.6209842340151469,0.489583907922109,0.1314003246029218,0.4826000023384889,0.4826000023384889,0.0,3.0,3.0,3440.0,501.0,0.0,0.49335622787475586,1.0711405277252197,1.4932868480682373,4.474849700927734,33.0
dynamic,1,1,345,0.6113101347287496,0.48427512447039284,0.12703500638405482,0.4818843029687802,0.4818843029687802,0.0,3.0,3.0,3450.0,501.0,0.0,0.49335622787475586,1.0711405277252197,1.4932868480682373,4.474849700927734,33.0
dynamic,1,1,346,0.6047717873255412,0.47655424396197,0.1282175318400065,0.48114777063330016,0.48114777063330016,0.0,3.0,3.0,3460.0,501.0,0.0,0.49335622787475586,1.0711405277252197,1.4932868480682373,4.474849700927734,33.0
dynamic,1,1,347,0.6011406103769938,0.4788798864682515,0.12226072033246359,0.4804434938977162,0.4804434938977162,0.0,3.0,3.0,3470.0,501.0,0.0,0.49335622787475586,1.0711405277252197,1.4932868480682373,4.474849700927734,33.0
dynamic,1,1,348,0.6045243120193482,0.4832500882943471,0.12127421498298645,0.48329759277403356,0.48329759277403356,0.0,3.0,3.0,3480.0,501.0,0.0,0.49335622787475586,1.0711405277252197,1.4932868480682373,4.474849700927734,33.0
dynamic,1,1,349,0.6055919440587362,0.4798092802365621,0.12578265845775605,0.4794011550893386,0.4794011550893386,0.0,3.0,3.0,3490.0,501.0,0.0,0.49335622787475586,1.0711405277252197,1.4932868480682373,4.474849700927734,33.0
dynamic,1,1,350,0.6047621170679728,0.4765165118376414,0.1282456127802531,0.47745600300530594,0.47745600300530594,0.0,3.0,3.0,3500.0,501.0,0.0,0.49335622787475586,1.0711405277252197,1.4932868480682373,4.474849700927734,33.0
dynamic,1,1,351,0.6041305160522461,0.4759826711813609,0.12814783910910288,0.4765372037887573,0.4765372037887573,0.0,3.0,3.0,3510.0,501.0,0.0,0.49335622787475586,1.0711405277252197,1.4932868480682373,4.474849700927734,33.0
dynamic,1,1,352,0.5942449434598287,0.46815761089324953,0.12608733554681142,0.47768370429674784,0.47768370429674784,0.0,3.0,3.0,3520.0,501.0,0.0,0.49335622787475586,1.0711405277252197,1.4932868480682373,4.474849700927734,33.0
dynamic,1,1,353,0.606701610883077,0.48092702706654866,0.1257745850086212,0.4782577769458294,0.4782577769458294,0.0,3.0,3.0,3530.0,501.0,0.0,0.49335622787475586,1.0711405277252197,1.4932868480682373,4.474849700927734,33.0
dynamic,1,1,354,0.6101095835367839,0.47747349898020425,0.13263608396053314,0.47797836308677993,0.47797836308677993,0.0,3.0,3.0,3540.0,501.0,0.0,0.49335622787475586,1.0711405277252197,1.4932868480682373,4.474849700927734,33.0
dynamic,1,1,355,0.6073938163121542,0.47759116808573404,0.12980265875657399,0.4781287943571806,0.4781287943571806,0.0,3.0,3.0,3550.0,501.0,0.0,0.49335622787475586,1.0711405277252197,1.4932868480682373,4.474849700927734,33.0
dynamic,1,1,356,0.596067795753479,0.4700711941719055,0.12599660674730936,0.477914252653718,0.477914252653718,0.0,3.0,3.0,3560.0,501.0,0.0,0.49335622787475586,1.0711405277252197,1.4932868480682373,4.474849700927734,33.0
dynamic,1,1,357,0.6015057563781738,0.471812637646993,0.1296931180357933,0.47932502885659534,0.47932502885659534,0.0,3.0,3.0,3570.0,501.0,0.0,0.49335622787475586,1.0711405277252197,1.4932868480682373,4.474849700927734,33.0
dynamic,1,1,358,0.6028309726715088,0.4750492811203003,0.12778169989585877,0.4790091685950756,0.4790091685950756,0.0,3.0,3.0,3580.0,501.0,0.0,0.49335622787475586,1.0711405277252197,1.4932868480682373,4.474849700927734,33.0
dynamic,1,1,359,0.5988460222880045,0.47190550327301023,0.1269405295451482,0.47794090998669464,0.47794090998669464,0.0,3.0,3.0,3590.0,501.0,0.0,0.49335622787475586,1.0711405277252197,1.4932868480682373,4.474849700927734,33.0
dynamic,1,1,360,0.5991930723190307,0.47242424011230466,0.12676883041858672,0.4762756427874168,0.4762756427874168,0.0,3.0,3.0,3600.0,501.0,0.0,0.49335622787475586,1.0711405277252197,1.4932868480682373,4.474849700927734,33.0
dynamic,1,1,361,0.5989381845792134,0.4710200874010722,0.1279180985689163,0.47601794886092347,0.47601794886092347,0.0,3.0,3.0,3610.0,501.0,0.0,0.49335622787475586,1.0711405277252197,1.4932868480682373,4.474849700927734,33.0
dynamic,1,1,362,0.5963460580507914,0.4700277328491211,0.12631832122802733,0.47510850079357625,0.47510850079357625,0.0,3.0,3.0,3620.0,501.0,0.0,0.49335622787475586,1.0711405277252197,1.4932868480682373,4.474849700927734,33.0
dynamic,1,1,363,0.5961223443349203,0.46789612929026286,0.12822621067365012,0.47589832204083604,0.47589832204083604,0.0,3.0,3.0,3630.0,501.0,0.0,0.49335622787475586,1.0711405277252197,1.4932868480682373,4.474849700927734,33.0
dynamic,1,1,364,0.6077239004770915,0.47600293954213463,0.13172095616658527,0.47564316051701705,0.47564316051701705,0.0,3.0,3.0,3640.0,501.0,0.0,0.49335622787475586,1.0711405277252197,1.4932868480682373,4.474849700927734,33.0
dynamic,1,1,365,0.5989768187204997,0.471625896692276,0.12735092580318452,0.4763692183792591,0.4763692183792591,0.0,3.0,3.0,3650.0,501.0,0.0,0.49335622787475586,1.0711405277252197,1.4932868480682373,4.474849700927734,33.0
dynamic,1,1,366,0.5992483210563659,0.4736547056833903,0.12559361457824708,0.4788517781595389,0.4788517781595389,0.0,3.0,3.0,3660.0,501.0,0.0,0.49335622787475586,1.0711405277252197,1.4932868480682373,4.474849700927734,33.0
dynamic,1,1,367,0.6014751664797465,0.4743304455280304,0.12714472671349844,0.4762049991885821,0.4762049991885821,0.0,3.0,3.0,3670.0,501.0,0.0,0.49335622787475586,1.0711405277252197,1.4932868480682373,4.474849700927734,33.0
dynamic,1,1,368,0.5987579290072124,0.47086358825365704,0.12789434721072515,0.47638280754288037,0.47638280754288037,0.0,3.0,3.0,3680.0,501.0,0.0,0.49335622787475586,1.0711405277252197,1.4932868480682373,4.474849700927734,33.0
dynamic,1,1,369,0.6017220727602641,0.47536218523979185,0.12635987877845764,0.4752808876832326,0.4752808876832326,0.0,3.0,3.0,3690.0,501.0,0.0,0.49335622787475586,1.0711405277252197,1.4932868480682373,4.474849700927734,33.0
dynamic,1,1,370,0.5960946051279704,0.4699155040582021,0.1261791048447291,0.47304763029019037,0.47304763029019037,0.0,3.0,3.0,3700.0,501.0,0.0,0.49335622787475586,1.0711405277252197,1.4932868480682373,4.474849700927734,33.0
dynamic,1,1,371,0.5932632581392924,0.46781041781107585,0.12545284430185955,0.4732795311510563,0.4732795311510563,0.0,3.0,3.0,3710.0,501.0,0.0,0.49335622787475586,1.0711405277252197,1.4932868480682373,4.474849700927734,33.0
dynamic,1,1,372,0.5904733475049336,0.46728880246480303,0.12318454424540203,0.4745697755118211,0.4745697755118211,0.0,3.0,3.0,3720.0,501.0,0.0,0.49335622787475586,1.0711405277252197,1.4932868480682373,4.474849700927734,33.0
dynamic,1,1,373,0.5897269082069397,0.4647617224852244,0.12496518502632777,0.47147236560781797,0.47147236560781797,0.0,3.0,3.0,3730.0,501.0,0.0,0.49335622787475586,1.0711405277252197,1.4932868480682373,4.474849700927734,33.0
dynamic,1,1,374,0.5918519194920858,0.4673798147837321,0.12447210272153218,0.4739849095294873,0.4739849095294873,0.0,3.0,3.0,3740.0,501.0,0.0,0.49335622787475586,1.0711405277252197,1.4932868480682373,4.474849700927734,33.0
dynamic,1,1,375,0.5947400212287903,0.4694683420658112,0.12527167916297913,0.4737371387829383,0.4737371387829383,0.0,3.0,3.0,3750.0,501.0,0.0,0.49335622787475586,1.0711405277252197,1.4932868480682373,4.474849700927734,33.0
dynamic,1,1,376,0.5945549456278483,0.46984891335169476,0.12470603764057159,0.47440053274234134,0.47440053274234134,0.0,3.0,3.0,3760.0,501.0,0.0,0.49335622787475586,1.0711405277252197,1.4932868480682373,4.474849700927734,33.0
dynamic,1,1,377,0.5966115856170654,0.4699859901269277,0.12662558883428573,0.47363710338870685,0.47363710338870685,0.0,3.0,3.0,3770.0,501.0,0.0,0.49335622787475586,1.0711405277252197,1.4932868480682373,4.474849700927734,33.0
dynamic,1,1,378,0.5887957692146302,0.4660008060932159,0.1227949591477712,0.4729806628326575,0.4729806628326575,0.0,3.0,3.0,3780.0,501.0,0.0,0.49335622787475586,1.0711405277252197,1.4932868480682373,4.474849700927734,33.0
dynamic,1,1,379,0.5883252255121867,0.4670508881409963,0.1212743337949117,0.4712187939385573,0.4712187939385573,0.0,3.0,3.0,3790.0,501.0,0.0,0.49335622787475586,1.0711405277252197,1.4932868480682373,4.474849700927734,33.0
dynamic,1,1,380,0.591341274579366,0.46897087852160135,0.12237040599187216,0.4714854764690002,0.4714854764690002,0.0,3.0,3.0,3800.0,501.0,0.0,0.49335622787475586,1.0711405277252197,1.4932868480682373,4.474849700927734,33.0
dynamic,1,1,381,0.5846460564931234,0.4630695621172587,0.12157650003830592,0.4701203619688749,0.4701203619688749,0.0,3.0,3.0,3810.0,501.0,0.0,0.49335622787475586,1.0711405277252197,1.4932868480682373,4.474849700927734,33.0
dynamic,1,1,382,0.589324258963267,0.46441638469696045,0.12490787665049236,0.47090592679878074,0.47090592679878074,0.0,3.0,3.0,3820.0,501.0,0.0,0.49335622787475586,1.0711405277252197,1.4932868480682373,4.474849700927734,33.0
dynamic,1,1,383,0.5959124930699666,0.47057348251342773,0.12533900996049246,0.4727706016103427,0.4727706016103427,0.0,3.0,3.0,3830.0,501.0,0.0,0.49335622787475586,1.0711405277252197,1.4932868480682373,4.474849700927734,33.0
dynamic,1,1,384,0.5961209996541341,0.468791663646698,0.12732933441797892,0.47163024969398976,0.47163024969398976,0.0,3.0,3.0,3840.0,501.0,0.0,0.49335622787475586,1.0711405277252197,1.4932868480682373,4.474849700927734,33.0
dynamic,1,1,385,0.595293889840444,0.46690555930137634,0.12838833471139272,0.47235081826647124,0.47235081826647124,0.0,3.0,3.0,3850.0,501.0,0.0,0.49335622787475586,1.0711405277252197,1.4932868480682373,4.474849700927734,33.0
dynamic,1,1,386,0.5955055387814839,0.47061230142911276,0.1248932300011317,0.4721559959401687,0.4721559959401687,0.0,3.0,3.0,3860.0,501.0,0.0,0.49335622787475586,1.0711405277252197,1.4932868480682373,4.474849700927734,33.0
dynamic,1,1,387,0.5957952205340068,0.47100363930066425,0.12479158143202464,0.4693251728763183,0.4693251728763183,0.0,3.0,3.0,3870.0,501.0,0.0,0.49335622787475586,1.0711405277252197,1.4932868480682373,4.474849700927734,33.0
dynamic,1,1,388,0.5829714194933573,0.4644877545038859,0.11848365863164266,0.46037938522795835,0.46037938522795835,0.0,3.0,3.0,3880.0,501.0,0.0,0.49335622787475586,1.0711405277252197,1.4932868480682373,4.474849700927734,33.0
dynamic,1,1,389,0.5826602562268575,0.4604921019077301,0.12216816624005636,0.46122877483566604,0.46122877483566604,0.0,3.0,3.0,3890.0,501.0,0.0,0.49335622787475586,1.0711405277252197,1.4932868480682373,4.474849700927734,33.0
dynamic,1,1,390,0.589688405195872,0.46402881542841595,0.12565959135691324,0.4653656729062398,0.4653656729062398,0.0,3.0,3.0,3900.0,501.0,0.0,0.49335622787475586,1.0711405277252197,1.4932868480682373,4.474849700927734,33.0
dynamic,1,1,391,0.582933722337087,0.4602252189318339,0.12270850559075673,0.4680814271916946,0.4680814271916946,0.0,3.0,3.0,3910.0,501.0,0.0,0.49335622787475586,1.0711405277252197,1.4932868480682373,4.474849700927734,33.0
dynamic,1,1,392,0.5853362242380779,0.4642356836795807,0.12110052744547527,0.4627953713387251,0.4627953713387251,0.0,3.0,3.0,3920.0,501.0,0.0,0.49335622787475586,1.0711405277252197,1.4932868480682373,4.474849700927734,33.0
dynamic,1,1,393,0.5875341455141704,0.46477648854255676,0.12275766094525654,0.46514124661684036,0.46514124661684036,0.0,3.0,3.0,3930.0,501.0,0.0,0.49335622787475586,1.0711405277252197,1.4932868480682373,4.474849700927734,33.0
dynamic,1,1,394,0.5873123836517334,0.46596293767293295,0.12134944091240565,0.46491362738112607,0.46491362738112607,0.0,3.0,3.0,3940.0,501.0,0.0,0.49335622787475586,1.0711405277252197,1.4932868480682373,4.474849700927734,33.0
dynamic,1,1,395,0.580467069943746,0.46171694914499917,0.11875012119611104,0.46211910873651507,0.46211910873651507,0.0,3.0,3.0,3950.0,501.0,0.0,0.49335622787475586,1.0711405277252197,1.4932868480682373,4.474849700927734,33.0
dynamic,1,1,396,0.5825090805689493,0.46514495452245075,0.11736411929130554,0.4697308635463317,0.4697308635463317,0.0,3.0,3.0,3960.0,501.0,0.0,0.49335622787475586,1.0711405277252197,1.4932868480682373,4.474849700927734,33.0
dynamic,1,1,397,0.5904807249704996,0.46939531167348225,0.12108541826407114,0.46774890191853047,0.46774890191853047,0.0,3.0,3.0,3970.0,501.0,0.0,0.49335622787475586,1.0711405277252197,1.4932868480682373,4.474849700927734,33.0
dynamic,1,1,398,0.5827123157183329,0.4622769570350647,0.12043535709381104,0.4615685644497474,0.4615685644497474,0.0,3.0,3.0,3980.0,501.0,0.0,0.49335622787475586,1.0711405277252197,1.4932868480682373,4.474849700927734,33.0
dynamic,1,1,399,0.5774173386891683,0.45897709131240844,0.11844025333722433,0.4619207757463058,0.4619207757463058,0.0,3.0,3.0,3990.0,501.0,0.0,0.49335622787475586,1.0711405277252197,1.4932868480682373,4.474849700927734,33.0
dynamic,1,1,400,0.5778575444221496,0.4609991272290548,0.11685840785503387,0.46718636410931746,0.46718636410931746,0.0,3.0,3.0,4000.0,501.0,0.0,0.49335622787475586,1.0711405277252197,1.4932868480682373,4.474849700927734,33.0
dynamic,1,1,401,0.5752789004643758,0.4614391839504242,0.1138397146264712,0.4640303458025058,0.4640303458025058,0.0,3.0,3.0,4010.0,501.0,0.0,0.49335622787475586,1.0711405277252197,1.4932868480682373,4.474849700927734,33.0
dynamic,1,1,402,0.5747264742851257,0.4592761460940043,0.1154503235220909,0.46686575959126153,0.46686575959126153,0.0,3.0,3.0,4020.0,501.0,0.0,0.49335622787475586,1.0711405277252197,1.4932868480682373,4.474849700927734,33.0
dynamic,1,1,403,0.5825351969401041,0.4682237108548482,0.11431148330370586,0.45760718611379464,0.45760718611379464,0.0,3.0,3.0,4030.0,501.0,0.0,0.49335622787475586,1.0711405277252197,1.4932868480682373,4.474849700927734,33.0
dynamic,1,1,404,0.573816028436025,0.4548802200953166,0.11893580406904221,0.454624146943291,0.454624146943291,0.0,3.0,3.0,4040.0,501.0,0.0,0.49335622787475586,1.0711405277252197,1.4932868480682373,4.474849700927734,33.0
dynamic,1,1,405,0.5805689525604248,0.45758121689160663,0.12298772662878037,0.46076235570013524,0.46076235570013524,0.0,3.0,3.0,4050.0,501.0,0.0,0.49335622787475586,1.0711405277252197,1.4932868480682373,4.474849700927734,33.0
dynamic,1,1,406,0.5826105682055155,0.4620778922239939,0.12053268373012543,0.45643638071914516,0.45643638071914516,0.0,3.0,3.0,4060.0,501.0,0.0,0.49335622787475586,1.0711405277252197,1.4932868480682373,4.474849700927734,33.0
dynamic,1,1,407,0.5789723857243856,0.4585446314016978,0.12042775889237722,0.4604838392138481,0.4604838392138481,0.0,3.0,3.0,4070.0,501.0,0.0,0.49335622787475586,1.0711405277252197,1.4932868480682373,4.474849700927734,33.0
dynamic,1,1,408,0.581404660542806,0.4628997480869293,0.11850491384665171,0.4635467687000831,0.4635467687000831,0.0,3.0,3.0,4080.0,501.0,0.0,0.49335622787475586,1.0711405277252197,1.4932868480682373,4.474849700927734,33.0
dynamic,1,1,409,0.5750064166386922,0.45780320644378664,0.11720320830742519,0.4594856572896242,0.4594856572896242,0.0,3.0,3.0,4090.0,501.0,0.0,0.49335622787475586,1.0711405277252197,1.4932868480682373,4.474849700927734,33.0
dynamic,1,1,410,0.5748263581593831,0.458636220296224,0.11619014074405035,0.45790844028194744,0.45790844028194744,0.0,3.0,3.0,4100.0,501.0,0.0,0.49335622787475586,1.0711405277252197,1.4932868480682373,4.474849700927734,33.0
dynamic,1,1,411,0.5739210963249206,0.4544669353961945,0.11945416192213694,0.45708368534843125,0.45708368534843125,0.0,3.0,3.0,4110.0,501.0,0.0,0.49335622787475586,1.0711405277252197,1.4932868480682373,4.474849700927734,33.0
dynamic,1,1,412,0.5773735968271891,0.45640270471572875,0.12097089489301045,0.4564822219312191,0.4564822219312191,0.0,3.0,3.0,4120.0,501.0,0.0,0.49335622787475586,1.0711405277252197,1.4932868480682373,4.474849700927734,33.0
dynamic,1,1,413,0.5749737779299419,0.4547432855765025,0.12023049473762512,0.45995728676517805,0.45995728676517805,0.0,3.0,3.0,4130.0,501.0,0.0,0.49335622787475586,1.0711405277252197,1.4932868480682373,4.474849700927734,33.0
dynamic,1,1,414,0.5808921972910563,0.45781407872835794,0.12307812531789143,0.4625059182445208,0.4625059182445208,0.0,3.0,3.0,4140.0,501.0,0.0,0.49335622787475586,1.0711405277252197,1.4932868480682373,4.474849700927734,33.0
dynamic,1,1,415,0.5757325021425883,0.4597035070260366,0.1160289940237999,0.46462467836836974,0.46462467836836974,0.0,3.0,3.0,4150.0,501.0,0.0,0.49335622787475586,1.0711405277252197,1.4932868480682373,4.474849700927734,33.0
dynamic,1,1,416,0.5707224845886231,0.4545724471410116,0.11615003983179728,0.4526401544113954,0.4526401544113954,0.0,3.0,3.0,4160.0,501.0,0.0,0.49335622787475586,1.0711405277252197,1.4932868480682373,4.474849700927734,33.0
dynamic,1,1,417,0.5669577232996623,0.4521963322162628,0.11476138363281886,0.4524127662430207,0.4524127662430207,0.0,3.0,3.0,4170.0,501.0,0.0,0.49335622787475586,1.0711405277252197,1.4932868480682373,4.474849700927734,33.0
dynamic,1,1,418,0.5716344332695007,0.4561421835422516,0.11549225419759751,0.4534807403633992,0.4534807403633992,0.0,3.0,3.0,4180.0,501.0,0.0,0.49335622787475586,1.0711405277252197,1.4932868480682373,4.474849700927734,33.0
dynamic,1,1,419,0.5761701901753743,0.4562168610095978,0.11995332568883896,0.45935303991039594,0.45935303991039594,0.0,3.0,3.0,4190.0,501.0,0.0,0.49335622787475586,1.0711405277252197,1.4932868480682373,4.474849700927734,33.0
dynamic,1,1,420,0.5844666671752929,0.4591371234258016,0.1253295443455378,0.46355959713459016,0.46355959713459016,0.0,3.0,3.0,4200.0,501.0,0.0,0.49335622787475586,1.0711405277252197,1.4932868480682373,4.474849700927734,33.0
dynamic,1,1,421,0.5786336898803711,0.4587831175327301,0.11985057294368744,0.45773276142776015,0.45773276142776015,0.0,3.0,3.0,4210.0,501.0,0.0,0.49335622787475586,1.0711405277252197,1.4932868480682373,4.474849700927734,33.0
dynamic,1,1,422,0.5683352406819662,0.45164796431859333,0.11668727656205495,0.45145874318977197,0.45145874318977197,0.0,3.0,3.0,4220.0,501.0,0.0,0.49335622787475586,1.0711405277252197,1.4932868480682373,4.474849700927734,33.0
dynamic,1,1,423,0.5748845100402832,0.4556601929664612,0.11922430952390035,0.4546526701748371,0.4546526701748371,0.0,3.0,3.0,4230.0,501.0,0.0,0.49335622787475586,1.0711405277252197,1.4932868480682373,4.474849700927734,33.0
dynamic,1,1,424,0.5677785205841065,0.45131648421287535,0.11646202862262726,0.45237013888855776,0.45237013888855776,0.0,3.0,3.0,4240.0,501.0,0.0,0.49335622787475586,1.0711405277252197,1.4932868480682373,4.474849700927734,33.0
dynamic,1,1,425,0.566972157160441,0.450839417775472,0.11613274157047272,0.45353476179142793,0.45353476179142793,0.0,3.0,3.0,4250.0,501.0,0.0,0.49335622787475586,1.0711405277252197,1.4932868480682373,4.474849700927734,33.0
dynamic,1,1,426,0.57322096824646,0.4550224725405375,0.11819848895072937,0.4526745964586735,0.4526745964586735,0.0,3.0,3.0,4260.0,501.0,0.0,0.49335622787475586,1.0711405277252197,1.4932868480682373,4.474849700927734,33.0
dynamic,1,1,427,0.5706404940287272,0.45181280732154844,0.11882768551508585,0.45248753515382606,0.45248753515382606,0.0,3.0,3.0,4270.0,501.0,0.0,0.49335622787475586,1.0711405277252197,1.4932868480682373,4.474849700927734,33.0
dynamic,1,1,428,0.5670648233095805,0.45046977043151853,0.11659505228201548,0.45449302258590857,0.45449302258590857,0.0,3.0,3.0,4280.0,501.0,0.0,0.49335622787475586,1.0711405277252197,1.4932868480682373,4.474849700927734,33.0
dynamic,1,1,429,0.5803249470392863,0.456209770043691,0.12411517222722371,0.4577721495181322,0.4577721495181322,0.0,3.0,3.0,4290.0,501.0,0.0,0.49335622787475586,1.0711405277252197,1.4932868480682373,4.474849700927734,33.0
dynamic,1,1,430,0.5759656890233358,0.45479100624720253,0.12117469598849614,0.4533411718904972,0.4533411718904972,0.0,3.0,3.0,4300.0,501.0,0.0,0.49335622787475586,1.0711405277252197,1.4932868480682373,4.474849700927734,33.0
dynamic,1,1,431,0.5775833749771118,0.4540015168984731,0.12358186443646749,0.45182169603804745,0.45182169603804745,0.0,3.0,3.0,4310.0,501.0,0.0,0.49335622787475586,1.0711405277252197,1.4932868480682373,4.474849700927734,33.0
dynamic,1,1,432,0.583055830001831,0.4567353081703186,0.1263205329577128,0.45683703432480494,0.45683703432480494,0.0,3.0,3.0,4320.0,501.0,0.0,0.49335622787475586,1.0711405277252197,1.4932868480682373,4.474849700927734,33.0
dynamic,1,1,433,0.5800517622629802,0.45348748326301574,0.1265642789999644,0.4551625079413255,0.4551625079413255,0.0,3.0,3.0,4330.0,501.0,0.0,0.49335622787475586,1.0711405277252197,1.4932868480682373,4.474849700927734,33.0
dynamic,1,1,434,0.5836967873573303,0.4533559989929199,0.13034078299999238,0.44999514070649943,0.44999514070649943,0.0,3.0,3.0,4340.0,501.0,0.0,0.49335622787475586,1.0711405277252197,1.4932868480682373,4.474849700927734,33.0
dynamic,1,1,435,0.5839311973253886,0.45025163888931274,0.13367954472700755,0.45122766233980655,0.45122766233980655,0.0,3.0,3.0,4350.0,501.0,0.0,0.49335622787475586,1.0711405277252197,1.4932868480682373,4.474849700927734,33.0
dynamic,1,1,436,0.5833143258094787,0.4508705194791158,0.13244379182656607,0.45610673365493615,0.45610673365493615,0.0,3.0,3.0,4360.0,501.0,0.0,0.49335622787475586,1.0711405277252197,1.4932868480682373,4.474849700927734,33.0
dynamic,1,1,437,0.5969543123245239,0.4602838484446208,0.1366704579194387,0.4566240961104631,0.4566240961104631,0.0,3.0,3.0,4370.0,501.0,0.0,0.49335622787475586,1.0711405277252197,1.4932868480682373,4.474849700927734,33.0
dynamic,1,1,438,0.5902459208170573,0.4550885315736135,0.13515739142894745,0.4521586455653111,0.4521586455653111,0.0,3.0,3.0,4380.0,501.0,0.0,0.49335622787475586,1.0711405277252197,1.4932868480682373,4.474849700927734,33.0
dynamic,1,1,439,0.5849013376235962,0.45150126973787946,0.13340007225672404,0.45132918750246365,0.45132918750246365,0.0,3.0,3.0,4390.0,501.0,0.0,0.49335622787475586,1.0711405277252197,1.4932868480682373,4.474849700927734,33.0
dynamic,1,1,440,0.5823476338386535,0.4503218944867452,0.1320257451136907,0.45115942460795244,0.45115942460795244,0.0,3.0,3.0,4400.0,501.0,0.0,0.49335622787475586,1.0711405277252197,1.4932868480682373,4.474849700927734,33.0
dynamic,1,1,441,0.5856355937321981,0.4526012146472931,0.13303438742955526,0.4547357367475828,0.4547357367475828,0.0,3.0,3.0,4410.0,501.0,0.0,0.49335622787475586,1.0711405277252197,1.4932868480682373,4.474849700927734,33.0
dynamic,1,1,442,0.5862860457102458,0.45211954991022746,0.1341664989789327,0.45321831765274206,0.45321831765274206,0.0,3.0,3.0,4420.0,501.0,0.0,0.49335622787475586,1.0711405277252197,1.4932868480682373,4.474849700927734,33.0
dynamic,1,1,443,0.581723690032959,0.4502975861231486,0.13142610092957815,0.44514434712628526,0.44514434712628526,0.0,3.0,3.0,4430.0,501.0,0.0,0.49335622787475586,1.0711405277252197,1.4932868480682373,4.474849700927734,33.0
dynamic,1,1,444,0.5809806617101033,0.4478981665770213,0.13308248917261759,0.4491986204187075,0.4491986204187075,0.0,3.0,3.0,4440.0,501.0,0.0,0.49335622787475586,1.0711405277252197,1.4932868480682373,4.474849700927734,33.0
dynamic,1,1,445,0.5854827435811361,0.4513056941827138,0.13417704105377198,0.4556319906562567,0.4556319906562567,0.0,3.0,3.0,4450.0,501.0,0.0,0.49335622787475586,1.0711405277252197,1.4932868480682373,4.474849700927734,33.0
dynamic,1,1,446,0.5891364407539368,0.451317329009374,0.137819106678168,0.4496967873473962,0.4496967873473962,0.0,3.0,3.0,4460.0,501.0,0.0,0.49335622787475586,1.0711405277252197,1.4932868480682373,4.474849700927734,33.0
dynamic,1,1,447,0.587561887105306,0.4514571444193522,0.13610474516948065,0.4525087573875984,0.4525087573875984,0.0,3.0,3.0,4470.0,501.0,0.0,0.49335622787475586,1.0711405277252197,1.4932868480682373,4.474849700927734,33.0
dynamic,1,1,448,0.5873102450370788,0.4497515904903412,0.13755865931510924,0.45100057664016885,0.45100057664016885,0.0,3.0,3.0,4480.0,501.0,0.0,0.49335622787475586,1.0711405277252197,1.4932868480682373,4.474849700927734,33.0
dynamic,1,1,449,0.5849538644154867,0.4487828270594279,0.13617104252179463,0.44761997664968173,0.44761997664968173,0.0,3.0,3.0,4490.0,501.0,0.0,0.49335622787475586,1.0711405277252197,1.4932868480682373,4.474849700927734,33.0
dynamic,1,1,450,0.5869163131713867,0.44991601785024005,0.13700029571851094,0.4491301808009545,0.4491301808009545,0.0,3.0,3.0,4500.0,501.0,0.0,0.49335622787475586,1.0711405277252197,1.4932868480682373,4.474849700927734,33.0
dynamic,1,1,451,0.5916783912976583,0.44959922313690187,0.14207916975021362,0.45041924446821213,0.45041924446821213,0.0,3.0,3.0,4510.0,501.0,0.0,0.49335622787475586,1.0711405277252197,1.4932868480682373,4.474849700927734,33.0
dynamic,1,1,452,0.5850274483362834,0.4491423030694326,0.13588514765103657,0.45052774508794147,0.45052774508794147,0.0,3.0,3.0,4520.0,501.0,0.0,0.49335622787475586,1.0711405277252197,1.4932868480682373,4.474849700927734,33.0
dynamic,1,1,453,0.5828316688537598,0.4472151939074198,0.1356164813041687,0.4501961440841357,0.4501961440841357,0.0,3.0,3.0,4530.0,501.0,0.0,0.49335622787475586,1.0711405277252197,1.4932868480682373,4.474849700927734,33.0
dynamic,1,1,454,0.5804995528856913,0.44758282621701556,0.1329167228937149,0.4462618198990822,0.4462618198990822,0.0,3.0,3.0,4540.0,501.0,0.0,0.49335622787475586,1.0711405277252197,1.4932868480682373,4.474849700927734,33.0
dynamic,1,1,455,0.578415310382843,0.44756020585695905,0.13085511247316997,0.44853682654599347,0.44853682654599347,0.0,3.0,3.0,4550.0,501.0,0.0,0.49335622787475586,1.0711405277252197,1.4932868480682373,4.474849700927734,33.0
dynamic,1,1,456,0.5816878525416056,0.44981693545977275,0.1318709135055542,0.45153379095097385,0.45153379095097385,0.0,3.0,3.0,4560.0,501.0,0.0,0.49335622787475586,1.0711405277252197,1.4932868480682373,4.474849700927734,33.0
dynamic,1,1,457,0.5823391405741374,0.4495344841480255,0.13280465205510458,0.4513903888811668,0.4513903888811668,0.0,3.0,3.0,4570.0,501.0,0.0,0.49335622787475586,1.0711405277252197,1.4932868480682373,4.474849700927734,33.0
dynamic,1,1,458,0.5879507025082906,0.45052489399909973,0.13742581089337666,0.4512711150199175,0.4512711150199175,0.0,3.0,3.0,4580.0,501.0,0.0,0.49335622787475586,1.0711405277252197,1.4932868480682373,4.474849700927734,33.0
dynamic,1,1,459,0.5815779026349386,0.44953937609990435,0.13203852593898774,0.45116180916627246,0.45116180916627246,0.0,3.0,3.0,4590.0,501.0,0.0,0.49335622787475586,1.0711405277252197,1.4932868480682373,4.474849700927734,33.0
dynamic,1,1,460,0.577827897866567,0.44773714025815325,0.13009075343608856,0.4486783578246832,0.4486783578246832,0.0,3.0,3.0,4600.0,501.0,0.0,0.49335622787475586,1.0711405277252197,1.4932868480682373,4.474849700927734,33.0
dynamic,1,1,461,0.5750816782315572,0.44822526097297666,0.12685641646385193,0.44785879721244176,0.44785879721244176,0.0,3.0,3.0,4610.0,501.0,0.0,0.49335622787475586,1.0711405277252197,1.4932868480682373,4.474849700927734,33.0
dynamic,1,1,462,0.5740178537368774,0.44666046420733135,0.12735738376776376,0.44118755613764127,0.44118755613764127,0.0,3.0,3.0,4620.0,501.0,0.0,0.49335622787475586,1.0711405277252197,1.4932868480682373,4.474849700927734,33.0
dynamic,1,1,463,0.5758601641654968,0.44378563165664675,0.13207453032334646,0.4477090125530958,0.4477090125530958,0.0,3.0,3.0,4630.0,501.0,0.0,0.49335622787475586,1.0711405277252197,1.4932868480682373,4.474849700927734,33.0
dynamic,1,1,464,0.5772577063242594,0.4444258499145508,0.13283185104529063,0.44361743710935114,0.44361743710935114,0.0,3.0,3.0,4640.0,501.0,0.0,0.49335622787475586,1.0711405277252197,1.4932868480682373,4.474849700927734,33.0
dynamic,1,1,465,0.5758354043960572,0.44335370977719624,0.13248169044653574,0.4481862790385882,0.4481862790385882,0.0,3.0,3.0,4650.0,501.0,0.0,0.49335622787475586,1.0711405277252197,1.4932868480682373,4.474849700927734,33.0
dynamic,1,1,466,0.5802935361862183,0.4471002602577209,0.13319328089555105,0.4510871853182713,0.4510871853182713,0.0,3.0,3.0,4660.0,501.0,0.0,0.49335622787475586,1.0711405277252197,1.4932868480682373,4.474849700927734,33.0
dynamic,1,1,467,0.5875837930043538,0.45062983155250547,0.1369539592663447,0.44947045102715494,0.44947045102715494,0.0,3.0,3.0,4670.0,501.0,0.0,0.49335622787475586,1.0711405277252197,1.4932868480682373,4.474849700927734,33.0
dynamic,1,1,468,0.5845452864964803,0.4480909752845764,0.1364543143908183,0.44486383979519206,0.44486383979519206,0.0,3.0,3.0,4680.0,501.0,0.0,0.49335622787475586,1.0711405277252197,1.4932868480682373,4.474849700927734,33.0
dynamic,1,1,469,0.5787866671880086,0.4443379775683085,0.1344486858447393,0.44605214565992357,0.44605214565992357,0.0,3.0,3.0,4690.0,501.0,0.0,0.49335622787475586,1.0711405277252197,1.4932868480682373,4.474849700927734,33.0
dynamic,1,1,470,0.5840644137064616,0.44613593061765033,0.1379284852743149,0.4469348183522622,0.4469348183522622,0.0,3.0,3.0,4700.0,501.0,0.0,0.49335622787475586,1.0711405277252197,1.4932868480682373,4.474849700927734,33.0
dynamic,1,1,471,0.5824370861053467,0.4459237289428711,0.1365133543809255,0.4505897030979395,0.4505897030979395,0.0,3.0,3.0,4710.0,501.0,0.0,0.49335622787475586,1.0711405277252197,1.4932868480682373,4.474849700927734,33.0
dynamic,1,1,472,0.58333660364151,0.44727881749471027,0.13605779310067495,0.44993552021682265,0.44993552021682265,0.0,3.0,3.0,4720.0,501.0,0.0,0.49335622787475586,1.0711405277252197,1.4932868480682373,4.474849700927734,33.0
dynamic,1,1,473,0.5842789324124654,0.4482330322265625,0.1360459017753601,0.4498428242156903,0.4498428242156903,0.0,3.0,3.0,4730.0,501.0,0.0,0.49335622787475586,1.0711405277252197,1.4932868480682373,4.474849700927734,33.0
dynamic,1,1,474,0.5901373895009359,0.45298144419987996,0.13715594967206318,0.4472683618714412,0.4472683618714412,0.0,3.0,3.0,4740.0,501.0,0.0,0.49335622787475586,1.0711405277252197,1.4932868480682373,4.474849700927734,33.0
dynamic,1,1,475,0.5730408096313476,0.44561684171358745,0.12742396454016366,0.4471719605475664,0.4471719605475664,0.0,3.0,3.0,4750.0,501.0,0.0,0.49335622787475586,1.0711405277252197,1.4932868480682373,4.474849700927734,33.0
dynamic,1,1,476,0.5765695969263712,0.4482049930095673,0.1283645995457967,0.4463520789394776,0.4463520789394776,0.0,3.0,3.0,4760.0,501.0,0.0,0.49335622787475586,1.0711405277252197,1.4932868480682373,4.474849700927734,33.0
dynamic,1,1,477,0.5779083315531413,0.444479509194692,0.13342882970968883,0.4455133383472761,0.4455133383472761,0.0,3.0,3.0,4770.0,501.0,0.0,0.49335622787475586,1.0711405277252197,1.4932868480682373,4.474849700927734,33.0
dynamic,1,1,478,0.5722274669011433,0.4402002664407094,0.1320271929105123,0.43922183707356455,0.43922183707356455,0.0,3.0,3.0,4780.0,501.0,0.0,0.49335622787475586,1.0711405277252197,1.4932868480682373,4.474849700927734,33.0
dynamic,1,1,479,0.5756315096219381,0.4415234021345774,0.13410811285177868,0.4468931464354197,0.4468931464354197,0.0,3.0,3.0,4790.0,501.0,0.0,0.49335622787475586,1.0711405277252197,1.4932868480682373,4.474849700927734,33.0
dynamic,1,1,480,0.5772455326716105,0.4431525989373525,0.13409292896588643,0.44835480242967607,0.44835480242967607,0.0,3.0,3.0,4800.0,501.0,0.0,0.49335622787475586,1.0711405277252197,1.4932868480682373,4.474849700927734,33.0
dynamic,1,1,481,0.5769864432017009,0.44417262077331543,0.13281382083892823,0.4482451475163301,0.4482451475163301,0.0,3.0,3.0,4810.0,501.0,0.0,0.49335622787475586,1.0711405277252197,1.4932868480682373,4.474849700927734,33.0
dynamic,1,1,482,0.5820385734240214,0.44695597887039185,0.13508258759975433,0.44891603248814743,0.44891603248814743,0.0,3.0,3.0,4820.0,501.0,0.0,0.49335622787475586,1.0711405277252197,1.4932868480682373,4.474849700927734,33.0
dynamic,1,1,483,0.5790507698059082,0.44583770950635276,0.1332130640745163,0.4488251872609059,0.4488251872609059,0.0,3.0,3.0,4830.0,501.0,0.0,0.49335622787475586,1.0711405277252197,1.4932868480682373,4.474849700927734,33.0
dynamic,1,1,484,0.581833735704422,0.4465934832890828,0.1352402381102244,0.44488889748851457,0.44488889748851457,0.0,3.0,3.0,4840.0,501.0,0.0,0.49335622787475586,1.0711405277252197,1.4932868480682373,4.474849700927734,33.0
dynamic,1,1,485,0.5768947052955627,0.4439969166119893,0.1328977870941162,0.44478769823908804,0.44478769823908804,0.0,3.0,3.0,4850.0,501.0,0.0,0.49335622787475586,1.0711405277252197,1.4932868480682373,4.474849700927734,33.0
dynamic,1,1,486,0.5758674081166585,0.44499504248301186,0.13087237278620403,0.4470366529126962,0.4470366529126962,0.0,3.0,3.0,4860.0,501.0,0.0,0.49335622787475586,1.0711405277252197,1.4932868480682373,4.474849700927734,33.0
dynamic,1,1,487,0.5720529778798421,0.441303954521815,0.13074901858965557,0.44151544213294985,0.44151544213294985,0.0,3.0,3.0,4870.0,501.0,0.0,0.49335622787475586,1.0711405277252197,1.4932868480682373,4.474849700927734,33.0
dynamic,1,1,488,0.5709992802143097,0.4415786409378052,0.1294206440448761,0.43926077882448833,0.43926077882448833,0.0,3.0,3.0,4880.0,501.0,0.0,0.49335622787475586,1.0711405277252197,1.4932868480682373,4.474849700927734,33.0
dynamic,1,1,489,0.5695018561681112,0.4400212911764781,0.12948056896527607,0.4436663365612427,0.4436663365612427,0.0,3.0,3.0,4890.0,501.0,0.0,0.49335622787475586,1.0711405277252197,1.4932868480682373,4.474849700927734,33.0
dynamic,1,1,490,0.5758707078297933,0.44367882966995237,0.13219187597433726,0.44756515468160313,0.44756515468160313,0.0,3.0,3.0,4900.0,501.0,0.0,0.49335622787475586,1.0711405277252197,1.4932868480682373,4.474849700927734,33.0
dynamic,1,1,491,0.5744979047775268,0.4436039022604624,0.13089400331179302,0.4474797191222509,0.4474797191222509,0.0,3.0,3.0,4910.0,501.0,0.0,0.49335622787475586,1.0711405277252197,1.4932868480682373,4.474849700927734,33.0
dynamic,1,1,492,0.5804015135765076,0.4468429398536682,0.13355857610702515,0.44817647747695444,0.44817647747695444,0.0,3.0,3.0,4920.0,501.0,0.0,0.49335622787475586,1.0711405277252197,1.4932868480682373,4.474849700927734,33.0
dynamic,1,1,493,0.5808587265014649,0.44857733805974326,0.13228138407071433,0.44832535199820994,0.44832535199820994,0.0,3.0,3.0,4930.0,501.0,0.0,0.49335622787475586,1.0711405277252197,1.4932868480682373,4.474849700927734,33.0
dynamic,1,1,494,0.5789281590779622,0.44673917015393577,0.1321889861424764,0.44464129524926344,0.44464129524926344,0.0,3.0,3.0,4940.0,501.0,0.0,0.49335622787475586,1.0711405277252197,1.4932868480682373,4.474849700927734,33.0
dynamic,1,1,495,0.5801829926172892,0.44591361085573833,0.1342693833510081,0.4471006358911594,0.4471006358911594,0.0,3.0,3.0,4950.0,501.0,0.0,0.49335622787475586,1.0711405277252197,1.4932868480682373,4.474849700927734,33.0
dynamic,1,1,496,0.5783499526977539,0.44602835138638813,0.1323215953509013,0.4478195371478796,0.4478195371478796,0.0,3.0,3.0,4960.0,501.0,0.0,0.49335622787475586,1.0711405277252197,1.4932868480682373,4.474849700927734,33.0
dynamic,1,1,497,0.577721144358317,0.4447966396808624,0.13292450726032257,0.4454076092193524,0.4454076092193524,0.0,3.0,3.0,4970.0,501.0,0.0,0.49335622787475586,1.0711405277252197,1.4932868480682373,4.474849700927734,33.0
dynamic,1,1,498,0.5733471647898356,0.44176417152086894,0.13158298273881278,0.43982782823344074,0.43982782823344074,0.0,3.0,3.0,4980.0,501.0,0.0,0.49335622787475586,1.0711405277252197,1.4932868480682373,4.474849700927734,33.0
dynamic,1,1,499,0.5749471060434977,0.4428704488277435,0.13207666258017223,0.43893544770777226,0.43893544770777226,0.0,3.0,3.0,4990.0,501.0,0.0,0.49335622787475586,1.0711405277252197,1.4932868480682373,4.474849700927734,33.0
dynamic,1,1,500,0.5702236715952556,0.4392623833815257,0.13096128662427267,0.44446458339691164,0.44446458339691164,0.0,3.0,3.0,5000.0,501.0,0.0,0.49335622787475586,1.0711405277252197,1.4932868480682373,4.474849700927734,33.0
