model,seed,level,epoch,train_total,train_effect,train_vq,eval_total,eval_effect,eval_vq,active_codes,ema_used_codes
vq,3,1,1,10.19277556101481,10.18410297393799,0.008672638945281506,9.894453310966492,9.894453310966492,0.0,4.0,4.0
vq,3,1,2,9.728856887817383,9.716909980773925,0.011946757497886817,9.109645760854086,9.109645760854086,0.0,4.0,4.0
vq,3,1,3,9.427460238138835,9.416519203186034,0.010941034654776255,8.853357885678609,8.853357885678609,0.0,4.0,4.0
vq,3,1,4,9.130732930501303,9.115224698384603,0.01550832524895668,8.664522552490235,8.664522552490235,0.0,4.0,4.0
vq,3,1,5,8.888706181844075,8.876131782531738,0.012574467522402604,8.409918473561605,8.409918473561605,0.0,4.0,4.0
vq,3,1,6,8.655694230397541,8.646195812225342,0.00949846863746643,8.223111071586608,8.223111071586608,0.0,4.0,4.0
vq,3,1,7,8.349343763987223,8.343047065734863,0.006296665780246258,8.10595699151357,8.10595699151357,0.0,4.0,4.0
vq,3,1,8,8.076419741312662,8.069894854227702,0.006524794809520245,7.877647360165914,7.877647360165914,0.0,4.0,4.0
vq,3,1,9,7.857444121042888,7.84979362487793,0.007650490701198578,7.671922682126363,7.671922682126363,0.0,4.0,4.0
vq,3,1,10,7.63548610051473,7.627318922678629,0.008167129661887883,7.48014733950297,7.48014733950297,0.0,4.0,4.0
vq,3,1,11,7.4297351519266766,7.422522989908854,0.007212155473728975,7.2983455872535705,7.2983455872535705,0.0,4.0,4.0
vq,3,1,12,7.24412899017334,7.236104977925619,0.008024062265952429,7.109429784615835,7.109429784615835,0.0,4.0,4.0
vq,3,1,13,7.058656527201335,7.048727734883626,0.009928714161117872,6.926264185110728,6.926264185110728,0.0,4.0,4.0
vq,3,1,14,6.892551523844401,6.884051907857259,0.008499662609150012,6.751429167588552,6.751429167588552,0.0,4.0,4.0
vq,3,1,15,6.700295302073161,6.692551040649414,0.007744320059816043,6.607967440287272,6.607967440287272,0.0,4.0,4.0
vq,3,1,16,6.534009838104248,6.526160952250163,0.007848901649316151,6.434254570802053,6.434254570802053,0.0,4.0,4.0
vq,3,1,17,6.377720133463542,6.3704249509175614,0.007295160697152217,6.269876914819082,6.269876914819082,0.0,4.0,4.0
vq,3,1,18,6.216879927317302,6.208699334462484,0.008180650050441425,6.134413254261017,6.134413254261017,0.0,4.0,4.0
vq,3,1,19,6.068783810933431,6.056131890614828,0.012651970485846202,5.968974317709605,5.968974317709605,0.0,4.0,4.0
vq,3,1,20,5.915986811319987,5.897692184448243,0.01829463357726733,5.800393640995026,5.800393640995026,0.0,4.0,4.0
vq,3,1,21,5.767751681009928,5.747610753377279,0.020140956739584603,5.678201752503713,5.678201752503713,0.0,4.0,4.0
vq,3,1,22,5.634256477355957,5.622717037200927,0.011539440726240476,5.5536284518241885,5.5536284518241885,0.0,4.0,4.0
vq,3,1,23,5.508802986145019,5.500815960566203,0.007987048675616582,5.429965217908223,5.429965217908223,0.0,4.0,4.0
vq,3,1,24,5.388415705362956,5.378586603800456,0.009829100829859575,5.299197165966034,5.299197165966034,0.0,4.0,4.0
vq,3,1,25,5.26722843170166,5.256440315246582,0.010788137763738633,5.178992453416188,5.178992453416188,0.0,4.0,4.0
vq,3,1,26,5.153171183268229,5.1435440826416015,0.00962710810204347,5.0609736824035645,5.0609736824035645,0.0,4.0,4.0
vq,3,1,27,5.020399347941081,5.012763926188151,0.007635432953635852,4.942328110535939,4.942328110535939,0.0,4.0,4.0
vq,3,1,28,4.89239554087321,4.886132857004801,0.006262690381457409,4.808139586051305,4.808139586051305,0.0,4.0,4.0
vq,3,1,29,4.767136109670004,4.760797033309936,0.006339115556329489,4.699211377302806,4.699211377302806,0.0,4.0,4.0
vq,3,1,30,4.648961747487386,4.642064571380615,0.006897103817512591,4.570568968057632,4.570568968057632,0.0,4.0,4.0
vq,3,1,31,4.5379398155212405,4.530879596074422,0.007060243437687556,4.452817291816076,4.452817291816076,0.0,4.0,4.0
vq,3,1,32,4.4229808553059895,4.415962855021159,0.007017965354025364,4.350391184091568,4.350391184091568,0.0,4.0,4.0
vq,3,1,33,4.316844838460287,4.309765930175781,0.0070789298663536705,4.235267398357391,4.235267398357391,0.0,4.0,4.0
vq,3,1,34,4.205223178863525,4.197858775456746,0.0073643864691257475,4.136614659229914,4.136614659229914,0.0,4.0,4.0
vq,3,1,35,4.107758019765218,4.099471213022868,0.008286833961804707,4.02901873310407,4.02901873310407,0.0,4.0,4.0
vq,3,1,36,4.005810788472494,3.997285906473796,0.008524900401631992,3.931841998497645,3.931841998497645,0.0,4.0,4.0
vq,3,1,37,3.9131011899312336,3.9038043785095216,0.00929683394730091,3.8449063766002656,3.8449063766002656,0.0,4.0,4.0
vq,3,1,38,3.831923459370931,3.8220309829711914,0.009892487290004888,3.754840985139211,3.754840985139211,0.0,4.0,4.0
vq,3,1,39,3.7425903129577636,3.7312056477864584,0.011384665543834369,3.6662007927894593,3.6662007927894593,0.0,4.0,4.0
vq,3,1,40,3.6544499333699543,3.6423570823669436,0.012092844657599926,3.5814883903662365,3.5814883903662365,0.0,4.0,4.0
vq,3,1,41,3.572955433527629,3.5603774229685468,0.012577994142969449,3.4975114250183106,3.4975114250183106,0.0,4.0,4.0
vq,3,1,42,3.488439172108968,3.4753390312194825,0.01310015883296728,3.4174705572923023,3.4174705572923023,0.0,4.0,4.0
vq,3,1,43,3.4080962212880452,3.3943691730499266,0.013727017752826214,3.3417625363667804,3.3417625363667804,0.0,4.0,4.0
vq,3,1,44,3.333569424947103,3.319525327682495,0.014044092521071434,3.2675802131493885,3.2675802131493885,0.0,4.0,4.0
vq,3,1,45,3.261972036361694,3.248893836339315,0.013078207758565745,3.2052946400642397,3.2052946400642397,0.0,4.0,4.0
vq,3,1,46,3.1953139209747317,3.1846599197387695,0.010654008996983369,3.141442082722982,3.141442082722982,0.0,4.0,4.0
vq,3,1,47,3.131574427286784,3.1216003131866454,0.009974086992442607,3.0810884189605714,3.0810884189605714,0.0,4.0,4.0
vq,3,1,48,3.0644372367858885,3.0544726912180584,0.009964545431236427,3.00475638628006,3.00475638628006,0.0,4.0,4.0
vq,3,1,49,2.9950325012207033,2.984935312271118,0.01009720452129841,2.9324623545010886,2.9324623545010886,0.0,4.0,4.0
vq,3,1,50,2.9276061248779297,2.9163466040293375,0.011259542455275854,2.8695973833401998,2.8695973833401998,0.0,4.0,4.0
vq,3,1,51,2.865249760945638,2.8531902440389,0.012059513442218305,2.8108475375175477,2.8108475375175477,0.0,4.0,4.0
vq,3,1,52,2.8078886890411376,2.795357338587443,0.01253135334700346,2.758156578540802,2.758156578540802,0.0,4.0,4.0
vq,3,1,53,2.749884154001872,2.7381510003407796,0.01173314186433951,2.692310608228048,2.692310608228048,0.0,4.0,4.0
vq,3,1,54,2.692603594462077,2.680794598261515,0.011809032410383224,2.6521311664581297,2.6521311664581297,0.0,4.0,4.0
vq,3,1,55,2.6315538756052654,2.618944082260132,0.012609830796718598,2.5750121665000916,2.5750121665000916,0.0,4.0,4.0
vq,3,1,56,2.579089584350586,2.56486289024353,0.014226662740111352,2.517489607334137,2.517489607334137,0.0,4.0,4.0
vq,3,1,57,2.534455954233805,2.5175300884246825,0.016925846934318544,2.4837879220644634,2.4837879220644634,0.0,4.0,4.0
vq,3,1,58,2.4753181171417236,2.459483970006307,0.015834142031768958,2.423675072193146,2.423675072193146,0.0,4.0,4.0
vq,3,1,59,2.423676726023356,2.409890947341919,0.013785730600357055,2.366471773783366,2.366471773783366,0.0,4.0,4.0
vq,3,1,60,2.3689676253000895,2.3551992479960124,0.01376835825542609,2.313249734242757,2.313249734242757,0.0,4.0,4.0
vq,3,1,61,2.323966906865438,2.3103743584950767,0.013592540584504605,2.26063524166743,2.26063524166743,0.0,4.0,4.0
vq,3,1,62,2.2754658222198487,2.2611606375376385,0.014305187587936719,2.2207348283131916,2.2207348283131916,0.0,4.0,4.0
vq,3,1,63,2.2234357261657713,2.207541437149048,0.01589429368575414,2.169250349998474,2.169250349998474,0.0,4.0,4.0
vq,3,1,64,2.1752113819122316,2.1586684131622316,0.01654293348391851,2.1267633175849916,2.1267633175849916,0.0,4.0,4.0
vq,3,1,65,2.1252985763549805,2.1090240240097047,0.016274562006195387,2.0670097422599794,2.0670097422599794,0.0,4.0,4.0
vq,3,1,66,2.0906415780385337,2.0734148025512695,0.01722677086790403,2.021416316827138,2.021416316827138,0.0,4.0,4.0
vq,3,1,67,2.051483777364095,2.033526250521342,0.01795752910276254,1.9762728508313496,1.9762728508313496,0.0,4.0,4.0
vq,3,1,68,2.0037643639246623,1.9834714825948079,0.02029287410279115,1.9414941430091859,1.9414941430091859,0.0,4.0,4.0
vq,3,1,69,1.9566516653696695,1.9330880053838093,0.023563684076070786,1.8964629701773326,1.8964629701773326,0.0,4.0,4.0
vq,3,1,70,1.9155146503448486,1.8908018525441488,0.02471278759340445,1.85627294699351,1.85627294699351,0.0,4.0,4.0
vq,3,1,71,1.8793768151601156,1.851113026936849,0.028263766194383304,1.8058336635430654,1.8058336635430654,0.0,4.0,4.0
vq,3,1,72,1.8345789925257365,1.8074701309204102,0.027108869602282842,1.7666508428255716,1.7666508428255716,0.0,4.0,4.0
vq,3,1,73,1.7982604916890461,1.7694654846191407,0.02879499594370524,1.7287854198614756,1.7287854198614756,0.0,4.0,4.0
vq,3,1,74,1.7605411704381306,1.7309688504536946,0.029572335034608842,1.688639249006907,1.688639249006907,0.0,4.0,4.0
vq,3,1,75,1.7248915179570516,1.6997031354904175,0.025188392028212547,1.6611750713984172,1.6611750713984172,0.0,4.0,4.0
vq,3,1,76,1.6741091855367025,1.650670043627421,0.023439156264066695,1.6261022178332012,1.6261022178332012,0.0,4.0,4.0
vq,3,1,77,1.650075618426005,1.6295894988377888,0.02048613451421261,1.5840732538700104,1.5840732538700104,0.0,4.0,4.0
vq,3,1,78,1.6206584374109905,1.596605749130249,0.0240526840587457,1.5492599598566692,1.5492599598566692,0.0,4.0,4.0
vq,3,1,79,1.5789113934834798,1.5546437040964762,0.02426767736673355,1.521718176205953,1.521718176205953,0.0,4.0,4.0
vq,3,1,80,1.5423794094721477,1.5182800404230754,0.02409938156604767,1.4864517398675283,1.4864517398675283,0.0,4.0,4.0
vq,3,1,81,1.5195488707224527,1.4946504179636637,0.024898467287421226,1.462459636926651,1.462459636926651,0.0,4.0,4.0
vq,3,1,82,1.4947222630182901,1.4673587274551392,0.027363549719254174,1.4399501351515451,1.4399501351515451,0.0,4.0,4.0
vq,3,1,83,1.4694430017471314,1.444189829826355,0.025253162185351053,1.4113987505435943,1.4113987505435943,0.0,4.0,4.0
vq,3,1,84,1.432955069541931,1.4101157983144124,0.022839287544290224,1.3782223125298818,1.3782223125298818,0.0,4.0,4.0
vq,3,1,85,1.4299492613474527,1.406337153116862,0.023612099513411523,1.3513077783584595,1.3513077783584595,0.0,4.0,4.0
vq,3,1,86,1.3915246836344402,1.3686445490519206,0.022880137066046396,1.3313793365160624,1.3313793365160624,0.0,4.0,4.0
vq,3,1,87,1.373511824607849,1.3484452025095621,0.025066605806350707,1.3094571375846862,1.3094571375846862,0.0,4.0,4.0
vq,3,1,88,1.3486410586039226,1.3239715639750163,0.024669492269555726,1.285290350516637,1.285290350516637,0.0,4.0,4.0
vq,3,1,89,1.3184762795766194,1.296317497889201,0.022158767183621725,1.2688922866185506,1.2688922866185506,0.0,4.0,4.0
vq,3,1,90,1.2909881512324015,1.2678799565633139,0.02310821091135343,1.2614436531066895,1.2614436531066895,0.0,4.0,4.0
vq,3,1,91,1.2740998919804891,1.2484347518285115,0.02566516160964966,1.228212255636851,1.228212255636851,0.0,4.0,4.0
vq,3,1,92,1.2534418725967407,1.2312633975346883,0.022178469027082124,1.2079456738630932,1.2079456738630932,0.0,4.0,4.0
vq,3,1,93,1.2371712843577067,1.2163920577367147,0.020779233127832412,1.2061144014199574,1.2061144014199574,0.0,4.0,4.0
vq,3,1,94,1.220481990178426,1.1978034210205077,0.022678580979506174,1.1849139714241028,1.1849139714241028,0.0,4.0,4.0
vq,3,1,95,1.197002994219462,1.1737055706977844,0.023297419250011445,1.1551380401849747,1.1551380401849747,0.0,4.0,4.0
vq,3,1,96,1.1892766571044922,1.1684766324361164,0.020800030753016473,1.1402583471934,1.1402583471934,0.0,4.0,4.0
vq,3,1,97,1.1759806315104167,1.156228953997294,0.019751655583580333,1.1192350135246913,1.1192350135246913,0.0,4.0,4.0
vq,3,1,98,1.1386535962422688,1.1196866273880004,0.018966970791419346,1.1162728597720464,1.1162728597720464,0.0,4.0,4.0
vq,3,1,99,1.129426040649414,1.1081860701243083,0.021239962031443915,1.10280155479908,1.10280155479908,0.0,4.0,4.0
vq,3,1,100,1.1318634939193726,1.1080745061238606,0.023788980866471927,1.0705378872156144,1.0705378872156144,0.0,4.0,4.0
vq,3,1,101,1.108985260327657,1.090004048347473,0.018981208714346092,1.053585820198059,1.053585820198059,0.0,4.0,4.0
vq,3,1,102,1.0838075812657675,1.0646187734603882,0.019188810487588248,1.0463009121020634,1.0463009121020634,0.0,4.0,4.0
vq,3,1,103,1.0780097182591757,1.0580650742848714,0.01994464429716269,1.028679517308871,1.028679517308871,0.0,4.0,4.0
vq,3,1,104,1.0528173446655273,1.0319131088256837,0.02090423715611299,1.022407416899999,1.022407416899999,0.0,4.0,4.0
vq,3,1,105,1.0297712087631226,1.008391269048055,0.021379937678575517,1.0085726493597031,1.0085726493597031,0.0,4.0,4.0
vq,3,1,106,1.0139679018656413,0.9926657931009928,0.0213021220266819,0.9828095148007076,0.9828095148007076,0.0,4.0,4.0
vq,3,1,107,1.003567892710368,0.9837839182217916,0.019783969720204672,0.974337224761645,0.974337224761645,0.0,4.0,4.0
vq,3,1,108,1.0010648361841838,0.9813076957066854,0.019757146363457045,0.9599037186304729,0.9599037186304729,0.0,4.0,4.0
vq,3,1,109,0.9844632498423258,0.9641265527407328,0.020336702664693198,0.9440334109465282,0.9440334109465282,0.0,4.0,4.0
vq,3,1,110,0.9908376169204712,0.9717256728808085,0.019111928169926008,0.9353529673814773,0.9353529673814773,0.0,4.0,4.0
vq,3,1,111,0.9605631756782532,0.9421833737691243,0.018379801126817863,0.9273407602310181,0.9273407602310181,0.0,4.0,4.0
vq,3,1,112,0.9434019891421,0.9244163123766581,0.018985673499604065,0.9163275637229283,0.9163275637229283,0.0,4.0,4.0
vq,3,1,113,0.9322073562939962,0.9138488761583964,0.018358479688564935,0.9081080204248428,0.9081080204248428,0.0,4.0,4.0
vq,3,1,114,0.9302689011891683,0.9105519104003906,0.01971698150038719,0.8950136892000834,0.8950136892000834,0.0,4.0,4.0
vq,3,1,115,0.9247706747055053,0.9044215846061706,0.020349079395333924,0.8873431911071141,0.8873431911071141,0.0,4.0,4.0
vq,3,1,116,0.912462641398112,0.8936526926358541,0.01880994290113449,0.8786953214804332,0.8786953214804332,0.0,4.0,4.0
vq,3,1,117,0.901601521174113,0.8832243760426839,0.018377155115207038,0.8714485230048498,0.8714485230048498,0.0,4.0,4.0
vq,3,1,118,0.8968855841954549,0.8784965674082438,0.018389021555582682,0.8641173374652863,0.8641173374652863,0.0,4.0,4.0
vq,3,1,119,0.880985038280487,0.86233957529068,0.018645469148953757,0.8578465247154236,0.8578465247154236,0.0,4.0,4.0
vq,3,1,120,0.8722771231333415,0.8547048385938009,0.017572292163968085,0.8470702169338862,0.8470702169338862,0.0,4.0,4.0
vq,3,1,121,0.8784137662251791,0.8611126510302226,0.01730110084017118,0.8410804788271586,0.8410804788271586,0.0,4.0,4.0
vq,3,1,122,0.8596402899424235,0.8415542491277059,0.018086049780249594,0.8336064827442169,0.8336064827442169,0.0,4.0,4.0
vq,3,1,123,0.8519319725036621,0.8351297108332316,0.01680225744843483,0.8260350980361303,0.8260350980361303,0.0,4.0,4.0
vq,3,1,124,0.8488061229387919,0.8306360769271851,0.018170044645667075,0.8215662900606792,0.8215662900606792,0.0,4.0,4.0
vq,3,1,125,0.8394290423393249,0.8205433034896851,0.018885746623078983,0.8137068888545036,0.8137068888545036,0.0,4.0,4.0
vq,3,1,126,0.8367905632654826,0.8171651848157246,0.01962537827591101,0.8094820213317871,0.8094820213317871,0.0,4.0,4.0
vq,3,1,127,0.8255896600087483,0.80864927927653,0.01694037988781929,0.8028401813904444,0.8028401813904444,0.0,4.0,4.0
vq,3,1,128,0.8277151846885681,0.8111776574452718,0.016537529081106186,0.7981835349400839,0.7981835349400839,0.0,4.0,4.0
vq,3,1,129,0.8169049350420634,0.7982588744163513,0.018646059135595958,0.7914615829785665,0.7914615829785665,0.0,4.0,4.0
vq,3,1,130,0.8107220307985942,0.7919563468297323,0.018765689978996913,0.7852057634790739,0.7852057634790739,0.0,4.0,4.0
vq,3,1,131,0.8019414607683818,0.7840991648038228,0.017842291171352068,0.781520602107048,0.781520602107048,0.0,4.0,4.0
vq,3,1,132,0.8007150077819825,0.7821996243794759,0.018515385563174884,0.7780537861585617,0.7780537861585617,0.0,4.0,4.0
vq,3,1,133,0.7959139116605123,0.7777074734369914,0.018206436137358346,0.7758307701349259,0.7758307701349259,0.0,4.0,4.0
vq,3,1,134,0.793572035630544,0.7744890777269999,0.019082965503136318,0.7676478996872902,0.7676478996872902,0.0,4.0,4.0
vq,3,1,135,0.7861048269271851,0.7678341643015544,0.018270667095979055,0.7628005995353063,0.7628005995353063,0.0,4.0,4.0
vq,3,1,136,0.7785009169578552,0.7599771857261658,0.01852373224993547,0.7608519647518793,0.7608519647518793,0.0,4.0,4.0
vq,3,1,137,0.7773623005549113,0.7593732976913452,0.01798899198571841,0.7559704012672106,0.7559704012672106,0.0,4.0,4.0
vq,3,1,138,0.7785702077547709,0.7612352943420411,0.017334917932748793,0.7496625662843386,0.7496625662843386,0.0,4.0,4.0
vq,3,1,139,0.7714542547861735,0.7523921791712443,0.019062076831857365,0.7473326546947161,0.7473326546947161,0.0,4.0,4.0
vq,3,1,140,0.7680513294537862,0.7488872130711873,0.01916412393252055,0.7441724557677905,0.7441724557677905,0.0,4.0,4.0
vq,3,1,141,0.7692222976684571,0.7500553568204243,0.01916695119192203,0.7395550896724065,0.7395550896724065,0.0,4.0,4.0
vq,3,1,142,0.7657126148541769,0.7461835861206054,0.019529025803009668,0.7372752862175306,0.7372752862175306,0.0,4.0,4.0
vq,3,1,143,0.7529893167813619,0.7347760144869486,0.01821330393354098,0.7317728142937024,0.7317728142937024,0.0,4.0,4.0
vq,3,1,144,0.7505627568562826,0.7323794412612915,0.018183315210044383,0.7281833072503408,0.7281833072503408,0.0,4.0,4.0
vq,3,1,145,0.7465470298131307,0.7276433340708415,0.01890370135505994,0.727822543780009,0.727822543780009,0.0,4.0,4.0
vq,3,1,146,0.7405590907732645,0.721711494922638,0.018847595304250717,0.7200849662224452,0.7200849662224452,0.0,4.0,4.0
vq,3,1,147,0.738589878877004,0.7206401546796163,0.0179497259358565,0.7202510880430539,0.7202510880430539,0.0,4.0,4.0
vq,3,1,148,0.7324949781099955,0.7133304135004679,0.019164568011959395,0.7163576031724612,0.7163576031724612,0.0,4.0,4.0
vq,3,1,149,0.7303461893399557,0.7139215842882792,0.016424595067898434,0.7117085511485736,0.7117085511485736,0.0,4.0,4.0
vq,3,1,150,0.7286250710487365,0.7117060160636902,0.016919058673083784,0.7114834051330884,0.7114834051330884,0.0,4.0,4.0
vq,3,1,151,0.7233972358703613,0.7058983667691549,0.01749887190759182,0.7018325045704842,0.7018325045704842,0.0,4.0,4.0
vq,3,1,152,0.7213565397262574,0.7023033157984415,0.019053235774238904,0.6985277277231217,0.6985277277231217,0.0,4.0,4.0
vq,3,1,153,0.7169355511665344,0.6992482344309489,0.017687308465441066,0.6969015021125475,0.6969015021125475,0.0,4.0,4.0
vq,3,1,154,0.7088003619511922,0.6910002136230469,0.017800152525305746,0.6934573746224244,0.6934573746224244,0.0,4.0,4.0
vq,3,1,155,0.7118231590588887,0.6939208658536276,0.01790230001012484,0.6813169355690479,0.6813169355690479,0.0,4.0,4.0
vq,3,1,156,0.7066384681065877,0.6864874656995138,0.02015099865694841,0.6834243929386139,0.6834243929386139,0.0,4.0,4.0
vq,3,1,157,0.6975203808148702,0.6789827235539754,0.018537658154964446,0.684520927965641,0.684520927965641,0.0,4.0,4.0
vq,3,1,158,0.6999063742160797,0.6818807033697764,0.01802567488203446,0.6781654719511668,0.6781654719511668,0.0,4.0,4.0
vq,3,1,159,0.6917402418454488,0.6735777990023295,0.018162444780270258,0.6682408421238264,0.6682408421238264,0.0,4.0,4.0
vq,3,1,160,0.6876415928204854,0.6702331844965617,0.017408410012722017,0.6718916783233484,0.6718916783233484,0.0,4.0,4.0
vq,3,1,161,0.6878424747784933,0.6716181643803915,0.016224302550156913,0.659945222089688,0.659945222089688,0.0,4.0,4.0
vq,3,1,162,0.681578094959259,0.6628571764628093,0.018720919092496235,0.6534861753880977,0.6534861753880977,0.0,4.0,4.0
vq,3,1,163,0.6827266097068787,0.6634264787038168,0.019300131102403004,0.6623934434354305,0.6623934434354305,0.0,4.0,4.0
vq,3,1,164,0.6799152064323425,0.660058852036794,0.019856361374258995,0.6538031364480654,0.6538031364480654,0.0,4.0,4.0
vq,3,1,165,0.672693003018697,0.653865548769633,0.018827459315458935,0.6499968983232975,0.6499968983232975,0.0,4.0,4.0
vq,3,1,166,0.669872461160024,0.6509694560368856,0.018903003682692845,0.6598865960041682,0.6598865960041682,0.0,4.0,4.0
vq,3,1,167,0.6598319784800212,0.6404998262723287,0.019332146098216374,0.6449221349755923,0.6449221349755923,0.0,4.0,4.0
vq,3,1,168,0.6568142080307007,0.6374294686317444,0.019384740839401882,0.6428045501808325,0.6428045501808325,0.0,4.0,4.0
vq,3,1,169,0.6615531659126281,0.6417685008049011,0.019784672657648723,0.6521168528993925,0.6521168528993925,0.0,4.0,4.0
vq,3,1,170,0.6616306853294373,0.6422664340337118,0.019364255319039028,0.63207377170523,0.63207377170523,0.0,4.0,4.0
vq,3,1,171,0.657351032892863,0.6375134142239889,0.019837621798117957,0.6305399975180626,0.6305399975180626,0.0,4.0,4.0
vq,3,1,172,0.647030017375946,0.6274025511741638,0.019627465605735778,0.6292088734606902,0.6292088734606902,0.0,4.0,4.0
vq,3,1,173,0.6439505688349406,0.6261091605822245,0.01784140060345332,0.6239091119170189,0.6239091119170189,0.0,4.0,4.0
vq,3,1,174,0.6374679350852966,0.6186012546221415,0.01886668011546135,0.6149504178762436,0.6149504178762436,0.0,4.0,4.0
vq,3,1,175,0.6418528620402019,0.6219809476534526,0.019871924221515656,0.6189919701218605,0.6189919701218605,0.0,4.0,4.0
vq,3,1,176,0.63495325644811,0.6151136469841003,0.019839613089958828,0.6246020441750685,0.6246020441750685,0.0,4.0,4.0
vq,3,1,177,0.6300460433959961,0.6117073520024617,0.01833870050807794,0.6036860496799151,0.6036860496799151,0.0,4.0,4.0
vq,3,1,178,0.6293072168032329,0.6095288109779358,0.01977841173609098,0.6040329691270987,0.6040329691270987,0.0,4.0,4.0
vq,3,1,179,0.6266255140304565,0.6058773120244344,0.020748204737901687,0.607940488755703,0.607940488755703,0.0,4.0,4.0
vq,3,1,180,0.6162482500076294,0.5959603802363078,0.020287864804267884,0.6050019285579522,0.6050019285579522,0.0,4.0,4.0
vq,3,1,181,0.6106619318326314,0.5932040413220724,0.017457898184657098,0.5953061860303084,0.5953061860303084,0.0,4.0,4.0
vq,3,1,182,0.6094486689567566,0.5904871439933777,0.01896153246363004,0.5795226638019085,0.5795226638019085,0.0,4.0,4.0
vq,3,1,183,0.6170130038261413,0.5966283663113912,0.020384646579623224,0.587324906339248,0.587324906339248,0.0,4.0,4.0
vq,3,1,184,0.6131412355105083,0.592232859134674,0.020908378660678864,0.5886062143743038,0.5886062143743038,0.0,4.0,4.0
vq,3,1,185,0.6021647389729817,0.5816464074452719,0.02051832064986229,0.5743362488349278,0.5743362488349278,0.0,4.0,4.0
vq,3,1,186,0.5965932075182597,0.575785505771637,0.020807708352804183,0.5760530323286851,0.5760530323286851,0.0,4.0,4.0
vq,3,1,187,0.5919943038622538,0.5732114171981811,0.018782888576388358,0.5784480081001917,0.5784480081001917,0.0,4.0,4.0
vq,3,1,188,0.5951960388819376,0.5755462638537089,0.019649781212210657,0.5661863107482592,0.5661863107482592,0.0,4.0,4.0
vq,3,1,189,0.5840921266873678,0.5645294793446859,0.019562652160724003,0.5690172358353933,0.5690172358353933,0.0,4.0,4.0
vq,3,1,190,0.5770022678375244,0.555489448706309,0.02151280902326107,0.5533248715599378,0.5533248715599378,0.0,4.0,4.0
vq,3,1,191,0.5850035929679871,0.5626223587989807,0.022381228506565095,0.5607985639572144,0.5607985639572144,0.0,4.0,4.0
vq,3,1,192,0.5812746628125509,0.5609145784378051,0.02036009281873703,0.5506058983504772,0.5506058983504772,0.0,4.0,4.0
vq,3,1,193,0.5681666549046834,0.5475783387819926,0.020588317438960075,0.5421124269564946,0.5421124269564946,0.0,4.0,4.0
vq,3,1,194,0.5649661858876546,0.5430492909749349,0.021916880905628204,0.5361511030296484,0.5361511030296484,0.0,4.0,4.0
vq,3,1,195,0.5566101169586182,0.5364857045809428,0.020124407807985942,0.5386536819239457,0.5386536819239457,0.0,4.0,4.0
vq,3,1,196,0.5572669076919555,0.536650828520457,0.020616070081790287,0.5238611273715893,0.5238611273715893,0.0,4.0,4.0
vq,3,1,197,0.5692739884058634,0.5472229806582133,0.022051011174917222,0.5350948502868413,0.5350948502868413,0.0,4.0,4.0
vq,3,1,198,0.561693784793218,0.540147096713384,0.021546684006849923,0.5296849806855122,0.5296849806855122,0.0,4.0,4.0
vq,3,1,199,0.5446368726094564,0.5235995741685232,0.021037299161156018,0.5156243703762691,0.5156243703762691,0.0,4.0,4.0
vq,3,1,200,0.5601041555404663,0.5364276246229808,0.023676531861225765,0.5288034949451685,0.5288034949451685,0.0,4.0,4.0
vq,3,1,201,0.5426851034164428,0.5214043116569519,0.021280795161922772,0.5272915010650953,0.5272915010650953,0.0,4.0,4.0
vq,3,1,202,0.5360410745938619,0.5135560890038808,0.022484989687800407,0.5159436774253845,0.5159436774253845,0.0,4.0,4.0
vq,3,1,203,0.5531061172485352,0.5287921297550201,0.024313991119464237,0.5203214775274198,0.5203214775274198,0.0,4.0,4.0
vq,3,1,204,0.5234774653116862,0.5038506933053335,0.019626769920190176,0.5160322687774896,0.5160322687774896,0.0,4.0,4.0
vq,3,1,205,0.5347857745488485,0.5123814066251119,0.02240436298151811,0.4994554667174816,0.4994554667174816,0.0,4.0,4.0
vq,3,1,206,0.5399845091501871,0.516315549214681,0.023668955167134603,0.510919279307127,0.510919279307127,0.0,4.0,4.0
vq,3,1,207,0.5063697385787964,0.4861675198872884,0.02020222395658493,0.5001476899782816,0.5001476899782816,0.0,4.0,4.0
vq,3,1,208,0.5211000267664592,0.4984117885430654,0.02268824428319931,0.4955102910101414,0.4955102910101414,0.0,4.0,4.0
vq,3,1,209,0.5207375049591064,0.4967465507984161,0.023990954582889874,0.5005261861781279,0.5005261861781279,0.0,4.0,4.0
vq,3,1,210,0.5007446984450022,0.4789007778962453,0.02184392233689626,0.4861269310116768,0.4861269310116768,0.0,4.0,4.0
vq,3,1,211,0.5129450349013011,0.48963260928789776,0.023312423676252365,0.49349904008209705,0.49349904008209705,0.0,4.0,4.0
vq,3,1,212,0.5076433988412221,0.4859887373447418,0.021654666314522425,0.489633950466911,0.489633950466911,0.0,4.0,4.0
vq,3,1,213,0.4921438733736674,0.46992522716522217,0.022218650902311007,0.4834583254158497,0.4834583254158497,0.0,4.0,4.0
vq,3,1,214,0.50812571088473,0.482673674027125,0.025452036509911218,0.48089115537703037,0.48089115537703037,0.0,4.0,4.0
vq,3,1,215,0.5034365653991699,0.47907849272092184,0.024358067909876505,0.4726371547331413,0.4726371547331413,0.0,4.0,4.0
vq,3,1,216,0.4996939754486084,0.4771274367968241,0.0225665408372879,0.48348817773163316,0.48348817773163316,0.0,4.0,4.0
vq,3,1,217,0.49361056526501973,0.47132808407147725,0.02228248765071233,0.47743262256185215,0.47743262256185215,0.0,4.0,4.0
vq,3,1,218,0.4869825494289398,0.4655341517925262,0.021448407818873725,0.46194564578433833,0.46194564578433833,0.0,4.0,4.0
vq,3,1,219,0.5031423862775167,0.477673446337382,0.025468942125638327,0.4589329571773609,0.4589329571773609,0.0,4.0,4.0
vq,3,1,220,0.48318756341934205,0.4600994364420573,0.023088127921024958,0.4461560569206874,0.4461560569206874,0.0,4.0,4.0
vq,3,1,221,0.47429123282432556,0.4511821103096008,0.023109132448832195,0.44207922170559566,0.44207922170559566,0.0,4.0,4.0
vq,3,1,222,0.4804908255736033,0.456853502591451,0.023637325714031855,0.44417596988379954,0.44417596988379954,0.0,4.0,4.0
vq,3,1,223,0.4740058128039042,0.4512702989578247,0.02273551734785239,0.4431168067206939,0.4431168067206939,0.0,4.0,4.0
vq,3,1,224,0.4715651524066925,0.448101548353831,0.023463603084286053,0.44387425551811854,0.44387425551811854,0.0,4.0,4.0
vq,3,1,225,0.47254095355669656,0.4486767530441284,0.02386420262356599,0.43475569379826384,0.43475569379826384,0.0,4.0,4.0
vq,3,1,226,0.46498469591140745,0.4430190471808116,0.021965650568405787,0.431210012982289,0.431210012982289,0.0,4.0,4.0
vq,3,1,227,0.47441725293795267,0.44957087477048235,0.02484637886285782,0.4355726972470681,0.4355726972470681,0.0,4.0,4.0
vq,3,1,228,0.45310988744099934,0.4305219078063965,0.02258798323571682,0.42603318870067597,0.42603318870067597,0.0,4.0,4.0
vq,3,1,229,0.45901060501734414,0.4359220496813456,0.02308855598171552,0.42518554858863356,0.42518554858863356,0.0,4.0,4.0
vq,3,1,230,0.44794504245122274,0.42722864786783854,0.02071639140446981,0.4104304515322049,0.4104304515322049,0.0,4.0,4.0
vq,3,1,231,0.4499203177293142,0.4269057011604309,0.023014611055453618,0.4132213283330202,0.4132213283330202,0.0,4.0,4.0
vq,3,1,232,0.44591057737668355,0.4209399982293447,0.0249705807864666,0.41822837211191655,0.41822837211191655,0.0,4.0,4.0
vq,3,1,233,0.44450024684270223,0.42109585483868917,0.02340439200401306,0.4176465195417404,0.4176465195417404,0.0,4.0,4.0
vq,3,1,234,0.4408366656303406,0.41778456687927246,0.023052101110418638,0.4072379712512096,0.4072379712512096,0.0,4.0,4.0
vq,3,1,235,0.44558941523234047,0.4217493156592051,0.023840093637506166,0.410775609711806,0.410775609711806,0.0,4.0,4.0
vq,3,1,236,0.43144978721936544,0.40946969628334046,0.0219800965487957,0.39719403579831125,0.39719403579831125,0.0,4.0,4.0
vq,3,1,237,0.4346781826019287,0.4118197564284007,0.02285842180252075,0.4027310476203759,0.4027310476203759,0.0,4.0,4.0
vq,3,1,238,0.43829577843348183,0.41402707576751707,0.024268705199162164,0.4046800097823143,0.4046800097823143,0.0,4.0,4.0
vq,3,1,239,0.42845391392707827,0.4039020808537801,0.024551830341418585,0.40416275451580685,0.40416275451580685,0.0,4.0,4.0
vq,3,1,240,0.4338961577415466,0.40942333420117694,0.024472821578383444,0.39351407734056315,0.39351407734056315,0.0,4.0,4.0
vq,3,1,241,0.4311961754163106,0.406656227906545,0.02453994631767273,0.3876146595925093,0.3876146595925093,0.0,4.0,4.0
vq,3,1,242,0.42647893230120343,0.40315966884295146,0.023319257323940596,0.3898323646436135,0.3898323646436135,0.0,4.0,4.0
vq,3,1,243,0.42623681863149004,0.4013056576251984,0.02493116001288096,0.39482194344202676,0.39482194344202676,0.0,4.0,4.0
vq,3,1,244,0.4178537638982137,0.39440265933672586,0.023451108733812967,0.38151802857716877,0.38151802857716877,0.0,4.0,4.0
vq,3,1,245,0.4165340785185496,0.39431253949801126,0.02222153534491857,0.3766745795806249,0.3766745795806249,0.0,4.0,4.0
vq,3,1,246,0.4046030616760254,0.3826230017344157,0.021980053807298342,0.3821185859044393,0.3821185859044393,0.0,4.0,4.0
vq,3,1,247,0.4121456754207611,0.38884820421536764,0.023297474881013233,0.38071537820001444,0.38071537820001444,0.0,4.0,4.0
vq,3,1,248,0.4128140298525492,0.3890060675144196,0.023807963728904723,0.37792455809811754,0.37792455809811754,0.0,4.0,4.0
vq,3,1,249,0.40591804424921674,0.38310134212176006,0.022816703518231708,0.37280176574985185,0.37280176574985185,0.0,4.0,4.0
vq,3,1,250,0.4017919409275055,0.37852602601051333,0.02326591745018959,0.3747315266728401,0.3747315266728401,0.0,4.0,4.0
vq,3,1,251,0.40825633724530536,0.38261658867200216,0.025639746313293774,0.3750564707318942,0.3750564707318942,0.0,4.0,4.0
vq,3,1,252,0.4094624360402425,0.3838722574710846,0.025590177675088248,0.36740053169429304,0.36740053169429304,0.0,4.0,4.0
vq,3,1,253,0.397379652261734,0.37321300983428957,0.02416663890083631,0.3660404006888469,0.3660404006888469,0.0,4.0,4.0
vq,3,1,254,0.39270845452944436,0.36930856307347615,0.023399887507160506,0.36509355828166007,0.36509355828166007,0.0,4.0,4.0
vq,3,1,255,0.3978487964471181,0.3729234671592712,0.024925325016180673,0.3623115921517213,0.3623115921517213,0.0,4.0,4.0
vq,3,1,256,0.39257179021835326,0.36864169398943586,0.023930095930894214,0.36235310877362886,0.36235310877362886,0.0,4.0,4.0
vq,3,1,257,0.3880551600456238,0.3637081400553385,0.02434702475865682,0.35530877518157167,0.35530877518157167,0.0,4.0,4.0
vq,3,1,258,0.37990400234858196,0.3580986718336741,0.021805328130722047,0.3547067588319381,0.3547067588319381,0.0,4.0,4.0
vq,3,1,259,0.40004666010538736,0.37380095839500427,0.026245702356100083,0.35540473453700544,0.35540473453700544,0.0,4.0,4.0
vq,3,1,260,0.38880693236986796,0.363598264058431,0.025208665480216344,0.35539908389250435,0.35539908389250435,0.0,4.0,4.0
vq,3,1,261,0.38560192108154295,0.36117762049039204,0.02442429855465889,0.35782933798929056,0.35782933798929056,0.0,4.0,4.0
vq,3,1,262,0.39303638935089114,0.36750767985979715,0.025528711502750715,0.3446571969737609,0.3446571969737609,0.0,4.0,4.0
vq,3,1,263,0.3712992179393768,0.34704614321390787,0.02425307862460613,0.34396871673564117,0.34396871673564117,0.0,4.0,4.0
vq,3,1,264,0.38216434558232626,0.35550227244695026,0.026662072539329527,0.3495430568108956,0.3495430568108956,0.0,4.0,4.0
vq,3,1,265,0.37629108826319374,0.3522866936524709,0.024004394312699635,0.34811917630334693,0.34811917630334693,0.0,4.0,4.0
vq,3,1,266,0.37005231777826947,0.3460899790128072,0.023962337772051492,0.3400911249468724,0.3400911249468724,0.0,4.0,4.0
vq,3,1,267,0.3598858046531677,0.33590120673179624,0.023984599510828652,0.33514795343081155,0.33514795343081155,0.0,4.0,4.0
vq,3,1,268,0.3723346428076426,0.34539480368296305,0.02693983738621076,0.3325525595247745,0.3325525595247745,0.0,4.0,4.0
vq,3,1,269,0.3615044637521108,0.3361134723822276,0.025390990898013114,0.3277588812013467,0.3277588812013467,0.0,4.0,4.0
vq,3,1,270,0.35365731914838155,0.3302728005250295,0.02338451844950517,0.32443031882246337,0.32443031882246337,0.0,4.0,4.0
vq,3,1,271,0.34590481559435526,0.323220409154892,0.022684408649802208,0.3209859987596671,0.3209859987596671,0.0,4.0,4.0
vq,3,1,272,0.3670543432235718,0.3387430695692698,0.028311273877819378,0.32373238193492093,0.32373238193492093,0.0,4.0,4.0
vq,3,1,273,0.3514676495393117,0.32675771673520404,0.02470993183553219,0.32751043409109115,0.32751043409109115,0.0,4.0,4.0
vq,3,1,274,0.34769556283950803,0.3240044089158376,0.023691153973340987,0.3273926862080892,0.3273926862080892,0.0,4.0,4.0
vq,3,1,275,0.35473514556884767,0.32954625447591146,0.025188890943924586,0.3167489346365134,0.3167489346365134,0.0,4.0,4.0
vq,3,1,276,0.3562812999884288,0.3296767087777456,0.026604591757059096,0.3116111863652865,0.3116111863652865,0.0,4.0,4.0
vq,3,1,277,0.3543237360318502,0.3271504203478495,0.027173317472139993,0.31495380103588105,0.31495380103588105,0.0,4.0,4.0
vq,3,1,278,0.3495128353436788,0.32187910318374635,0.027633734395106635,0.3269637884447972,0.3269637884447972,0.0,4.0,4.0
vq,3,1,279,0.3478917709986369,0.32177438656489055,0.02611738584935665,0.31472289783259233,0.31472289783259233,0.0,4.0,4.0
vq,3,1,280,0.3484806708494822,0.32224210977554324,0.026238559906681377,0.31188379464050137,0.31188379464050137,0.0,4.0,4.0
vq,3,1,281,0.3597966686884562,0.33175828695297244,0.028038380742073057,0.3086059008538723,0.3086059008538723,0.0,4.0,4.0
vq,3,1,282,0.34158257881800336,0.31603639483451845,0.025546186715364457,0.30458701339860755,0.30458701339860755,0.0,4.0,4.0
vq,3,1,283,0.3494704473018646,0.32102346698443096,0.02844697818160057,0.3030513149499893,0.3030513149499893,0.0,4.0,4.0
vq,3,1,284,0.3414302202065786,0.31429375608762106,0.02713646779457728,0.30286075147489705,0.30286075147489705,0.0,4.0,4.0
vq,3,1,285,0.34427566051483155,0.31632020552953083,0.027955456525087356,0.2927904774745305,0.2927904774745305,0.0,4.0,4.0
vq,3,1,286,0.3441237584749858,0.3163144580523173,0.027809297367930412,0.30246185650428137,0.30246185650428137,0.0,4.0,4.0
vq,3,1,287,0.3363307499885559,0.3072498945395152,0.02908085525035858,0.31006612884501616,0.31006612884501616,0.0,4.0,4.0
vq,3,1,288,0.32868144909540814,0.300100922981898,0.028580527131756146,0.3027531469364961,0.3027531469364961,0.0,4.0,4.0
vq,3,1,289,0.330629012187322,0.30368237415949506,0.026946638325850168,0.28845272488892076,0.28845272488892076,0.0,4.0,4.0
vq,3,1,290,0.3254530755678813,0.29811150312423706,0.027341570804516473,0.2960207671672106,0.2960207671672106,0.0,4.0,4.0
vq,3,1,291,0.32854196985562645,0.29975546479225157,0.028786506354808807,0.29373226697246235,0.29373226697246235,0.0,4.0,4.0
vq,3,1,292,0.3286134088039398,0.3004814666509628,0.02813194543123245,0.2839375255753597,0.2839375255753597,0.0,4.0,4.0
vq,3,1,293,0.313865198691686,0.28822015861670175,0.02564504270752271,0.2832325083017349,0.2832325083017349,0.0,4.0,4.0
vq,3,1,294,0.3265294122695923,0.29869234522183735,0.02783706764380137,0.28102481553951897,0.28102481553951897,0.0,4.0,4.0
vq,3,1,295,0.31260724623998004,0.28706395785013833,0.025543291593591373,0.27737688687940437,0.27737688687940437,0.0,4.0,4.0
vq,3,1,296,0.3070122083028158,0.28243682146072385,0.024575386295715967,0.2802811284859975,0.2802811284859975,0.0,4.0,4.0
vq,3,1,297,0.31497825423876447,0.28818011124928794,0.02679813951253891,0.2818796258668105,0.2818796258668105,0.0,4.0,4.0
vq,3,1,298,0.32188756108283995,0.2943841262658437,0.027503433724244436,0.27550402758022147,0.27550402758022147,0.0,4.0,4.0
vq,3,1,299,0.3088124922911326,0.2811675530672073,0.02764493875205517,0.27436949864029886,0.27436949864029886,0.0,4.0,4.0
vq,3,1,300,0.301907297372818,0.2746222996711731,0.02728499693175157,0.27105943550666173,0.27105943550666173,0.0,4.0,4.0
vq,3,1,301,0.3012956734498342,0.2746552022298177,0.026640473331014315,0.2686035065352917,0.2686035065352917,0.0,4.0,4.0
vq,3,1,302,0.3020042359828949,0.27479172666867574,0.027212507948279382,0.27440131100515525,0.27440131100515525,0.0,4.0,4.0
vq,3,1,303,0.30284067551294963,0.27619297822316485,0.026647698283195496,0.26630858379105726,0.26630858379105726,0.0,4.0,4.0
vq,3,1,304,0.3052837193012238,0.2768579481045405,0.028425767719745636,0.2753374495357275,0.2753374495357275,0.0,4.0,4.0
vq,3,1,305,0.3142181360721588,0.2850826509793599,0.029135485713680586,0.2673184646417697,0.2673184646417697,0.0,4.0,4.0
vq,3,1,306,0.2946571393807729,0.2681473179658254,0.026509825388590494,0.27121501001218956,0.27121501001218956,0.0,4.0,4.0
vq,3,1,307,0.3032357253630956,0.27608597616354624,0.027149749820431075,0.2628196581453085,0.2628196581453085,0.0,4.0,4.0
vq,3,1,308,0.29953388690948485,0.2706731907526652,0.028860697547594707,0.2591042450318734,0.2591042450318734,0.0,4.0,4.0
vq,3,1,309,0.296159645318985,0.2686752732594808,0.027484372109174728,0.2605439250171184,0.2605439250171184,0.0,4.0,4.0
vq,3,1,310,0.29050734361012776,0.26306025743484496,0.027447087715069454,0.2525752024104198,0.2525752024104198,0.0,4.0,4.0
vq,3,1,311,0.2990228501955668,0.27208123048146565,0.026941625475883482,0.2541159352163474,0.2541159352163474,0.0,4.0,4.0
vq,3,1,312,0.2975783367951711,0.2669806156555812,0.030597715377807616,0.25937437154352666,0.25937437154352666,0.0,4.0,4.0
vq,3,1,313,0.2894243367513021,0.26193939367930097,0.02748494267463684,0.25208068984250226,0.25208068984250226,0.0,4.0,4.0
vq,3,1,314,0.2935791544119517,0.2653005435069402,0.028278610929846765,0.25493550710380075,0.25493550710380075,0.0,4.0,4.0
vq,3,1,315,0.2829468317826589,0.25351893464724223,0.029427900513013205,0.25612575074036914,0.25612575074036914,0.0,4.0,4.0
vq,3,1,316,0.2990269589424133,0.26935468196868895,0.029672276278336844,0.2468589574843645,0.2468589574843645,0.0,4.0,4.0
vq,3,1,317,0.2856320079167684,0.2571774522463481,0.02845455671350161,0.2472620364278555,0.2472620364278555,0.0,4.0,4.0
vq,3,1,318,0.2844676967461904,0.256078909834226,0.028388787433505057,0.24348408199846744,0.24348408199846744,0.0,4.0,4.0
vq,3,1,319,0.2904382602373759,0.25945544362068174,0.03098281502723694,0.2436834457019965,0.2436834457019965,0.0,4.0,4.0
vq,3,1,320,0.2861175107955933,0.2575961470603943,0.02852136274178823,0.2441999807705482,0.2441999807705482,0.0,4.0,4.0
vq,3,1,321,0.28224109729131064,0.2534024139245351,0.028838687340418497,0.244613905052344,0.244613905052344,0.0,4.0,4.0
vq,3,1,322,0.28252423405647276,0.25311576346556347,0.029408470888932545,0.2427431584894657,0.2427431584894657,0.0,4.0,4.0
vq,3,1,323,0.28513622403144834,0.25568797667821247,0.02944824519256751,0.24317759620646637,0.24317759620646637,0.0,4.0,4.0
vq,3,1,324,0.2733140750726064,0.24449433803558349,0.028819738229115804,0.2410266748815775,0.2410266748815775,0.0,4.0,4.0
vq,3,1,325,0.26388295511404675,0.2351302820444107,0.02875267783800761,0.23638019688427447,0.23638019688427447,0.0,4.0,4.0
vq,3,1,326,0.28002889116605123,0.2497145414352417,0.030314350724220274,0.24112829739848773,0.24112829739848773,0.0,4.0,4.0
vq,3,1,327,0.28230185151100157,0.2527662173906962,0.029535634766022365,0.23561373919248582,0.23561373919248582,0.0,4.0,4.0
vq,3,1,328,0.2673666648070018,0.23847667415936788,0.028889991069833438,0.2443701902528604,0.2443701902528604,0.0,4.0,4.0
vq,3,1,329,0.27458522240320843,0.2454879919687907,0.029097227156162263,0.23642723595102627,0.23642723595102627,0.0,4.0,4.0
vq,3,1,330,0.2733923761049906,0.24272335946559906,0.03066901663939158,0.23283543544511,0.23283543544511,0.0,4.0,4.0
vq,3,1,331,0.28970476388931277,0.2584011407693227,0.03130362257361412,0.23744454838335513,0.23744454838335513,0.0,4.0,4.0
vq,3,1,332,0.26497241616249084,0.2343152811129888,0.03065713490049044,0.2332259776443243,0.2332259776443243,0.0,4.0,4.0
vq,3,1,333,0.2704315638542175,0.2390054988861084,0.03142606645822525,0.2406649503360192,0.2406649503360192,0.0,4.0,4.0
vq,3,1,334,0.2593818616867065,0.2297085686524709,0.02967329353094101,0.22343230478465556,0.22343230478465556,0.0,4.0,4.0
vq,3,1,335,0.27290276328722635,0.24100250482559205,0.031900256872177124,0.23545434144635996,0.23545434144635996,0.0,4.0,4.0
vq,3,1,336,0.26488245725631715,0.23584502538045246,0.029037432099382084,0.21981973675390085,0.21981973675390085,0.0,4.0,4.0
vq,3,1,337,0.25869983394940693,0.22962465624014536,0.029075180341800053,0.22452886727948984,0.22452886727948984,0.0,4.0,4.0
vq,3,1,338,0.2587777503331502,0.22692970395088197,0.03184804946184158,0.22258501954376697,0.22258501954376697,0.0,4.0,4.0
vq,3,1,339,0.2545943009853363,0.2243803600470225,0.030213937411705652,0.2203101481248935,0.2203101481248935,0.0,4.0,4.0
vq,3,1,340,0.27771480778853097,0.24732468684514364,0.03039012275636196,0.22304202559093633,0.22304202559093633,0.0,4.0,4.0
vq,3,1,341,0.2491289726893107,0.22007952014605203,0.029049450556437175,0.22790692972640197,0.22790692972640197,0.0,4.0,4.0
vq,3,1,342,0.2867824717362722,0.25286757707595825,0.03391489629944166,0.22572567808131377,0.22572567808131377,0.0,4.0,4.0
vq,3,1,343,0.2554891645908356,0.2254135149717331,0.03007564683755239,0.20971497324605784,0.20971497324605784,0.0,4.0,4.0
vq,3,1,344,0.25869983514149986,0.22772011001904804,0.030979727506637574,0.22158908593157928,0.22158908593157928,0.0,4.0,4.0
vq,3,1,345,0.25774883409341176,0.22667763411998748,0.031071198607484498,0.22310682105521362,0.22310682105521362,0.0,4.0,4.0
vq,3,1,346,0.24991754213968911,0.2210256588459015,0.028891885429620744,0.2165252302090327,0.2165252302090327,0.0,4.0,4.0
vq,3,1,347,0.2778323753674825,0.2462910465399424,0.031541328926881156,0.22049026394883792,0.22049026394883792,0.0,4.0,4.0
vq,3,1,348,0.2527998860677083,0.22149222473303476,0.03130765964587529,0.2105125291397174,0.2105125291397174,0.0,4.0,4.0
vq,3,1,349,0.26035268425941466,0.22669004241625468,0.03366264412800471,0.20767686041692893,0.20767686041692893,0.0,4.0,4.0
vq,3,1,350,0.2652939689159393,0.2335888890425364,0.03170508235692978,0.21056286859015624,0.21056286859015624,0.0,4.0,4.0
vq,3,1,351,0.2549274849891663,0.22206819971402486,0.03285928557316462,0.2053140170623859,0.2053140170623859,0.0,4.0,4.0
vq,3,1,352,0.2498144841194153,0.21850071032842,0.03131377170483271,0.20602643676102161,0.20602643676102161,0.0,4.0,4.0
vq,3,1,353,0.2525230624278386,0.22266700625419616,0.029856059004863104,0.21110637667278448,0.21110637667278448,0.0,4.0,4.0
vq,3,1,354,0.2644396436214447,0.23197749932607015,0.032462142954270044,0.21775229220589,0.21775229220589,0.0,4.0,4.0
vq,3,1,355,0.2644341723124186,0.23094788352648418,0.03348628948132197,0.20341410001118979,0.20341410001118979,0.0,4.0,4.0
vq,3,1,356,0.26526015241940815,0.23276283860206604,0.03249731404085954,0.21512341822187106,0.21512341822187106,0.0,4.0,4.0
vq,3,1,357,0.25888452569643655,0.22646736701329548,0.03241716235876083,0.20715123735368252,0.20715123735368252,0.0,4.0,4.0
vq,3,1,358,0.25982307036717733,0.22799309770266216,0.03182997206846873,0.20263283282518388,0.20263283282518388,0.0,4.0,4.0
vq,3,1,359,0.26173201282819114,0.2275267533461253,0.03420525694886843,0.20913571998476982,0.20913571998476982,0.0,4.0,4.0
vq,3,1,360,0.26525618553161623,0.23022802412509918,0.0350281630953153,0.20842323976258437,0.20842323976258437,0.0,4.0,4.0
vq,3,1,361,0.24280719876289367,0.20928179423014323,0.033525401105483375,0.20309895594914754,0.20309895594914754,0.0,4.0,4.0
vq,3,1,362,0.24377738316853842,0.21158606966336568,0.032191316882769265,0.1992548007518053,0.1992548007518053,0.0,4.0,4.0
vq,3,1,363,0.24940517783164978,0.21435966471831003,0.03504551003376643,0.20750284982224307,0.20750284982224307,0.0,4.0,4.0
vq,3,1,364,0.2578340721130371,0.22153208474318187,0.036301983098189036,0.2130321361621221,0.2130321361621221,0.0,4.0,4.0
vq,3,1,365,0.2755600043137868,0.23943691869576772,0.03612308765451113,0.20798957792421183,0.20798957792421183,0.0,4.0,4.0
vq,3,1,366,0.24797425508499146,0.21401609400908153,0.033958163460095725,0.20059336302181086,0.20059336302181086,0.0,4.0,4.0
vq,3,1,367,0.2707436247666677,0.23633833607037863,0.03440528869628906,0.20994637404878935,0.20994637404878935,0.0,4.0,4.0
vq,3,1,368,0.2884182914098104,0.25168492396672565,0.03673336908221245,0.2289905615399281,0.2289905615399281,0.0,4.0,4.0
vq,3,1,369,0.28045614302158356,0.24350900053977967,0.03694714511434237,0.21877684846520423,0.21877684846520423,0.0,4.0,4.0
vq,3,1,370,0.27319435119628904,0.23773529489835105,0.035459059774875644,0.2206952990591526,0.2206952990591526,0.0,4.0,4.0
vq,3,1,371,0.3170191633701325,0.2808245531717936,0.036194613426923754,0.2558106131106615,0.2558106131106615,0.0,4.0,4.0
vq,3,1,372,0.3368092207113902,0.2964940027395884,0.040315215984980265,0.25203329289952914,0.25203329289952914,0.0,4.0,4.0
vq,3,1,373,0.31536500573158266,0.27430065552393595,0.04106435457865397,0.2299700896193584,0.2299700896193584,0.0,4.0,4.0
vq,3,1,374,0.31540557702382405,0.2757730233669281,0.03963255753119787,0.2484572527805964,0.2484572527805964,0.0,4.0,4.0
vq,3,1,375,0.3477682375907898,0.30424294849236805,0.04352528701225917,0.2539841380467017,0.2539841380467017,0.0,4.0,4.0
vq,3,1,376,0.31686137199401854,0.2754070979356766,0.041454277237256365,0.22965514878431956,0.22965514878431956,0.0,4.0,4.0
vq,3,1,377,0.3102099355061849,0.27032506227493286,0.03988486965497335,0.22758916683495045,0.22758916683495045,0.0,4.0,4.0
vq,3,1,378,0.33047282179196674,0.286551903684934,0.04392092128594716,0.25007873825728894,0.25007873825728894,0.0,4.0,4.0
vq,3,1,379,0.3313953181107839,0.28993386109670005,0.04146145408352216,0.2522322631875674,0.2522322631875674,0.0,4.0,4.0
vq,3,1,380,0.3351055733362834,0.2930158539613088,0.0420897176861763,0.25991793935497604,0.25991793935497604,0.0,4.0,4.0
vq,3,1,381,0.3231215576330821,0.28011139035224913,0.043010168472925825,0.2615995746354262,0.2615995746354262,0.0,4.0,4.0
vq,3,1,382,0.3250626909732819,0.2834056011835734,0.04165709063410759,0.2823642461250226,0.2823642461250226,0.0,4.0,4.0
vq,3,1,383,0.3814476227760315,0.3364786084493001,0.04496901035308838,0.2826203136394421,0.2826203136394421,0.0,4.0,4.0
vq,3,1,384,0.37239439725875856,0.32698099891344706,0.04541340038180351,0.28429559168716273,0.28429559168716273,0.0,4.0,4.0
vq,3,1,385,0.36043163736661277,0.3142069395383199,0.04622469931840897,0.25647061499456564,0.25647061499456564,0.0,4.0,4.0
vq,3,1,386,0.3431164884567261,0.29838101347287493,0.044735478162765505,0.2607490213463704,0.2607490213463704,0.0,4.0,4.0
vq,3,1,387,0.38918826897939046,0.3407765134175618,0.04841175476710002,0.3005127981801828,0.3005127981801828,0.0,4.0,4.0
vq,3,1,388,0.3495235852400462,0.30185105522473654,0.04767253120740255,0.2658255192885796,0.2658255192885796,0.0,4.0,4.0
vq,3,1,389,0.367909232378006,0.3206478480497996,0.04726138398051262,0.26938718289136887,0.26938718289136887,0.0,4.0,4.0
vq,3,1,390,0.383044490814209,0.33327565670013426,0.049768835802872974,0.2759340723355611,0.2759340723355611,0.0,4.0,4.0
vq,3,1,391,0.34822086493174237,0.30206820607185364,0.046152665813763934,0.25939424201846123,0.25939424201846123,0.0,4.0,4.0
vq,3,1,392,0.36683507919311525,0.31752841154734296,0.0493066684405009,0.33505845586458843,0.33505845586458843,0.0,4.0,4.0
vq,3,1,393,0.4035105168819427,0.35082228342692057,0.0526882341504097,0.29589384796718754,0.29589384796718754,0.0,4.0,4.0
vq,3,1,394,0.3819224786758423,0.3297893238067627,0.05213315079609553,0.280765266045928,0.280765266045928,0.0,4.0,4.0
vq,3,1,395,0.37634951710700987,0.3259471237659454,0.05040239617228508,0.2947342740247647,0.2947342740247647,0.0,4.0,4.0
vq,3,1,396,0.3763490907351176,0.3265082593758901,0.04984082996845245,0.2925544941176971,0.2925544941176971,0.0,4.0,4.0
vq,3,1,397,0.4090629164377848,0.3524160611629486,0.05664685885111491,0.3580366007238627,0.3580366007238627,0.0,4.0,4.0
vq,3,1,398,0.40844181617101033,0.35137274424235027,0.057069068004687626,0.28479378677904604,0.28479378677904604,0.0,4.0,4.0
vq,3,1,399,0.36343926628430684,0.31112285375595095,0.05231641093889872,0.281808826153477,0.281808826153477,0.0,4.0,4.0
vq,3,1,400,0.40410897453626,0.3472923505306244,0.056816626787185666,0.32075360665718716,0.32075360665718716,0.0,4.0,4.0
vq,3,1,401,0.42152236541112265,0.36112221638361613,0.06040014912684759,0.30100987407068414,0.30100987407068414,0.0,4.0,4.0
vq,3,1,402,0.4075940501689911,0.34968767801920575,0.05790637175242106,0.32699950598180294,0.32699950598180294,0.0,4.0,4.0
vq,3,1,403,0.41083579381306967,0.35196929732958476,0.05886650010943413,0.29225068606436255,0.29225068606436255,0.0,4.0,4.0
vq,3,1,404,0.41304821928342184,0.3545375343163808,0.05851069097717603,0.3141509679953257,0.3141509679953257,0.0,4.0,4.0
vq,3,1,405,0.43005894660949706,0.3687814982732137,0.061277454296747844,0.34991454884409906,0.34991454884409906,0.0,4.0,4.0
vq,3,1,406,0.48388881504535675,0.4194325743118922,0.06445624152819315,0.32099522545933723,0.32099522545933723,0.0,4.0,4.0
vq,3,1,407,0.4228981061776479,0.3615307625134786,0.06136734177668889,0.370426676000158,0.370426676000158,0.0,4.0,4.0
vq,3,1,408,0.4612859098116557,0.39620960036913555,0.06507631321748097,0.34491500866909824,0.34491500866909824,0.0,4.0,4.0
vq,3,1,409,0.4589175287882487,0.39057097752889,0.06834655801455179,0.3142036232103904,0.3142036232103904,0.0,4.0,4.0
vq,3,1,410,0.4146018743515015,0.35433992942174275,0.060261944929758705,0.34943124872942766,0.34943124872942766,0.0,4.0,4.0
vq,3,1,411,0.4734093809127808,0.40960822184880574,0.06380116403102874,0.3243479742606481,0.3243479742606481,0.0,4.0,4.0
vq,3,1,412,0.4048874584833781,0.34327520449956256,0.061612251400947574,0.3042013746251663,0.3042013746251663,0.0,4.0,4.0
vq,3,1,413,0.40153971234957375,0.3437614671389262,0.05777824526031812,0.308919033780694,0.308919033780694,0.0,4.0,4.0
vq,3,1,414,0.37284223397572835,0.31605689485867816,0.05678534090518952,0.30665418731669586,0.30665418731669586,0.0,4.0,4.0
vq,3,1,415,0.3926028041044871,0.33756259878476463,0.05504020720720291,0.3685463300595681,0.3685463300595681,0.0,4.0,4.0
vq,3,1,416,0.4151188790798187,0.3572963794072469,0.05782249892751376,0.30224156262973945,0.30224156262973945,0.0,4.0,4.0
vq,3,1,417,0.36733197609583534,0.31250855962435403,0.054823414981365205,0.31202219071487586,0.31202219071487586,0.0,4.0,4.0
vq,3,1,418,0.3872439630826314,0.32996384938557943,0.05728011573354403,0.3303140028069417,0.3303140028069417,0.0,4.0,4.0
vq,3,1,419,0.3940372574329376,0.3372247238953908,0.05681252628564835,0.3250594618668159,0.3250594618668159,0.0,4.0,4.0
vq,3,1,420,0.4101042898495992,0.35292374014854433,0.057180548558632534,0.30530760834614434,0.30530760834614434,0.0,4.0,4.0
vq,3,1,421,0.42024588068326313,0.3634140169620514,0.056831863621870676,0.3301267741123835,0.3301267741123835,0.0,4.0,4.0
vq,3,1,422,0.4002642412980398,0.34367904424667356,0.056585197448730466,0.2974537197003762,0.2974537197003762,0.0,4.0,4.0
vq,3,1,423,0.3915100638071696,0.333284041484197,0.058226024508476255,0.39064788090686003,0.39064788090686003,0.0,4.0,4.0
vq,3,1,424,0.4611292032400767,0.3991321611404419,0.061997042496999104,0.3426473007102807,0.3426473007102807,0.0,4.0,4.0
vq,3,1,425,0.41089685996373493,0.3515709908803304,0.05932586769262949,0.3092725526789824,0.3092725526789824,0.0,4.0,4.0
vq,3,1,426,0.42331541538238526,0.363757780790329,0.059557636777559916,0.352453623265028,0.352453623265028,0.0,4.0,4.0
vq,3,1,427,0.4081599577267965,0.35108617742856346,0.05707377731800079,0.3577204094082117,0.3577204094082117,0.0,4.0,4.0
vq,3,1,428,0.483418394724528,0.4181724544366201,0.065245936413606,0.34751839593052863,0.34751839593052863,0.0,4.0,4.0
vq,3,1,429,0.4225773064295451,0.3608613459269206,0.061715965569019315,0.343405562688907,0.343405562688907,0.0,4.0,4.0
vq,3,1,430,0.40344966173172,0.3437389886379242,0.05971067011356354,0.36011561398704844,0.36011561398704844,0.0,4.0,4.0
vq,3,1,431,0.4430115969975789,0.38157414317131044,0.061437461078166965,0.33521477033694586,0.33521477033694586,0.0,4.0,4.0
vq,3,1,432,0.392213347752889,0.3364559427897135,0.05575740347305934,0.32617487117648125,0.32617487117648125,0.0,4.0,4.0
vq,3,1,433,0.38404290318489076,0.3279783574740092,0.05606454461812973,0.3244706485668818,0.3244706485668818,0.0,4.0,4.0
vq,3,1,434,0.4037089244524638,0.3459968594710032,0.05771206835905711,0.32057351127266887,0.32057351127266887,0.0,4.0,4.0
vq,3,1,435,0.4093169319629669,0.3522319273153941,0.05708500747879346,0.41576628213127453,0.41576628213127453,0.0,4.0,4.0
vq,3,1,436,0.46553483724594114,0.40541072050730387,0.06012410923838615,0.353096777399381,0.353096777399381,0.0,4.0,4.0
vq,3,1,437,0.44230650583903,0.3800096782048543,0.062296824852625526,0.35368206635117533,0.35368206635117533,0.0,4.0,4.0
vq,3,1,438,0.4288130474090576,0.3685182253519694,0.06029482116301854,0.3800666961073875,0.3800666961073875,0.0,4.0,4.0
vq,3,1,439,0.43965871175130206,0.38090302507082624,0.05875568787256877,0.3316270298262437,0.3316270298262437,0.0,4.0,4.0
vq,3,1,440,0.418849937915802,0.3601418169339498,0.058708126147588094,0.42445048903425536,0.42445048903425536,0.0,4.0,4.0
vq,3,1,441,0.48664268891016643,0.41983309189478557,0.06680959115425746,0.354684530844291,0.354684530844291,0.0,4.0,4.0
vq,3,1,442,0.4354473336537679,0.37402326107025147,0.061424071788787844,0.3373235460122426,0.3373235460122426,0.0,4.0,4.0
vq,3,1,443,0.426937042872111,0.36881460269292193,0.05812244862318039,0.3971848426759243,0.3971848426759243,0.0,4.0,4.0
vq,3,1,444,0.4350428354740143,0.37410656571388246,0.06093626727660497,0.3413173073033492,0.3413173073033492,0.0,4.0,4.0
vq,3,1,445,0.43901718974113463,0.38021212617556255,0.058805069575707115,0.37501492237051326,0.37501492237051326,0.0,4.0,4.0
vq,3,1,446,0.45589936812718707,0.3954863512516022,0.06041301339864731,0.3641799354553223,0.3641799354553223,0.0,4.0,4.0
vq,3,1,447,0.45107050935427345,0.38893941839536034,0.06213109061121941,0.34620058159033457,0.34620058159033457,0.0,4.0,4.0
vq,3,1,448,0.44370177030563357,0.38330416758855185,0.060397601972023644,0.3619695884982745,0.3619695884982745,0.0,4.0,4.0
vq,3,1,449,0.4257003943125407,0.36671201666196185,0.05898837685585022,0.351390943278869,0.351390943278869,0.0,4.0,4.0
vq,3,1,450,0.4575487387180328,0.39503025194009145,0.06251848722497622,0.36916657343506815,0.36916657343506815,0.0,4.0,4.0
vq,3,1,451,0.46909932295481366,0.4069512462615967,0.06214807495474815,0.3430716225504875,0.3430716225504875,0.0,4.0,4.0
vq,3,1,452,0.4483104491233826,0.3881678565343221,0.06014259030421575,0.4034651737411817,0.4034651737411817,0.0,4.0,4.0
vq,3,1,453,0.4577256242434184,0.39604222218195595,0.06168340067068736,0.37604059154788655,0.37604059154788655,0.0,4.0,4.0
vq,3,1,454,0.45615051706631976,0.39512162923812866,0.06102889190117518,0.3772636323670546,0.3772636323670546,0.0,4.0,4.0
vq,3,1,455,0.45531083782513937,0.39413473844528196,0.06117609769105911,0.35949420168995855,0.35949420168995855,0.0,4.0,4.0
vq,3,1,456,0.4461271846294403,0.38631040811538697,0.059816776414712274,0.3445141982535521,0.3445141982535521,0.0,4.0,4.0
vq,3,1,457,0.449505850871404,0.3899333031972249,0.05957254499197006,0.42846920892596246,0.42846920892596246,0.0,4.0,4.0
vq,3,1,458,0.48916576981544496,0.4252498273054759,0.06391594817241032,0.3602539736529191,0.3602539736529191,0.0,4.0,4.0
vq,3,1,459,0.4645639173189799,0.4044071537256241,0.06015676185488701,0.3668795759479205,0.3668795759479205,0.0,4.0,4.0
vq,3,1,460,0.4731989856561025,0.41233019073804217,0.060868795017401375,0.46711332723498344,0.46711332723498344,0.0,4.0,4.0
vq,3,1,461,0.47604427655537923,0.4137397340933482,0.062304542859395344,0.39607182398438456,0.39607182398438456,0.0,4.0,4.0
vq,3,1,462,0.49724290529886883,0.43442381302515665,0.06281910747289658,0.3961406034727891,0.3961406034727891,0.0,4.0,4.0
vq,3,1,463,0.46238803704579673,0.40184542218844094,0.06054261416196823,0.38108048354585966,0.38108048354585966,0.0,4.0,4.0
vq,3,1,464,0.4904347387949626,0.42813889145851136,0.062295848528544105,0.4423553177714348,0.4423553177714348,0.0,4.0,4.0
vq,3,1,465,0.5141397754351298,0.4506332453091939,0.06350653578837713,0.3800975219408671,0.3800975219408671,0.0,4.0,4.0
vq,3,1,466,0.4648076542218526,0.40380861759185793,0.060999036729335786,0.415661534567674,0.415661534567674,0.0,4.0,4.0
vq,3,1,467,0.498374449412028,0.4334645938873291,0.06490985810756683,0.40037972658872606,0.40037972658872606,0.0,4.0,4.0
vq,3,1,468,0.47034240802129107,0.4083621883392334,0.06198021332422892,0.3863704264163971,0.3863704264163971,0.0,4.0,4.0
vq,3,1,469,0.4824604332447052,0.4212231155236562,0.06123731772104899,0.47571000357468923,0.47571000357468923,0.0,4.0,4.0
vq,3,1,470,0.4919378062089284,0.4291924250125885,0.06274536967277528,0.4019656830032666,0.4019656830032666,0.0,4.0,4.0
vq,3,1,471,0.4682319394747416,0.40572909514109295,0.06250284592310587,0.402179998755455,0.402179998755455,0.0,4.0,4.0
vq,3,1,472,0.48961527824401857,0.4262540324529012,0.0633612502614657,0.4853915173808734,0.4853915173808734,0.0,4.0,4.0
vq,3,1,473,0.4936936108271281,0.4300450489918391,0.0636485669016838,0.4036332227786382,0.4036332227786382,0.0,4.0,4.0
vq,3,1,474,0.4823921203613281,0.41896989862124123,0.06342222511768342,0.4532881971200307,0.4532881971200307,0.0,4.0,4.0
vq,3,1,475,0.5230503940582275,0.4568889323870341,0.06616146186987559,0.42772495150566103,0.42772495150566103,0.0,4.0,4.0
vq,3,1,476,0.4851460560162862,0.4222350227832794,0.06291103924314181,0.4151244746645292,0.4151244746645292,0.0,4.0,4.0
vq,3,1,477,0.5108317097028097,0.44538244009017947,0.06544926385084789,0.4374118168155352,0.4374118168155352,0.0,4.0,4.0
vq,3,1,478,0.5293899854024251,0.4631846010684967,0.06620538185040156,0.404713572760423,0.404713572760423,0.0,4.0,4.0
vq,3,1,479,0.4843246261278788,0.41960148096084593,0.0647231380144755,0.45359181354443234,0.45359181354443234,0.0,4.0,4.0
vq,3,1,480,0.5373541951179505,0.46730367064476014,0.07005053222179412,0.4954813735683759,0.4954813735683759,0.0,4.0,4.0
vq,3,1,481,0.5412768944104512,0.4727971613407135,0.0684797301888466,0.41891772429148355,0.41891772429148355,0.0,4.0,4.0
vq,3,1,482,0.5108784755071004,0.4454138414065043,0.0654646344979604,0.4477813556790352,0.4477813556790352,0.0,4.0,4.0
vq,3,1,483,0.5179687988758087,0.4508157889048258,0.06715301503737768,0.49864545454581577,0.49864545454581577,0.0,4.0,4.0
vq,3,1,484,0.5435000928243001,0.47451417525609335,0.06898591091235479,0.4260161613424619,0.4260161613424619,0.0,4.0,4.0
vq,3,1,485,0.528844329516093,0.46065691590309144,0.06818740963935851,0.49986220290263494,0.49986220290263494,0.0,4.0,4.0
vq,3,1,486,0.5466614278157552,0.4759397602081299,0.07072166005770365,0.4363346149524053,0.4363346149524053,0.0,4.0,4.0
vq,3,1,487,0.5165297055244445,0.4499943693478902,0.06653534899155299,0.4462678713599841,0.4462678713599841,0.0,4.0,4.0
vq,3,1,488,0.5242705051104227,0.45803020079930623,0.0662403146425883,0.5030269116163254,0.5030269116163254,0.0,4.0,4.0
vq,3,1,489,0.5383302799860636,0.4692951782544454,0.06903509557247162,0.48817710638046263,0.48817710638046263,0.0,4.0,4.0
vq,3,1,490,0.5289582141240438,0.45683104793230694,0.07212718109289805,0.42063185274600984,0.42063185274600984,0.0,4.0,4.0
vq,3,1,491,0.5064605446656545,0.43845604340235395,0.06800450051824251,0.4416998882095019,0.4416998882095019,0.0,4.0,4.0
vq,3,1,492,0.5103359826405843,0.44288386464118956,0.06745211521784465,0.4463945323228836,0.4463945323228836,0.0,4.0,4.0
vq,3,1,493,0.5451203854878743,0.47688877979914346,0.06823160926500957,0.44387606263160706,0.44387606263160706,0.0,4.0,4.0
vq,3,1,494,0.5597783891359965,0.4913748327891032,0.0684035512804985,0.4232264522711436,0.4232264522711436,0.0,4.0,4.0
vq,3,1,495,0.5031715766588847,0.43405189116795856,0.06911968698104222,0.4924657469987869,0.4924657469987869,0.0,4.0,4.0
vq,3,1,496,0.5197972091039021,0.449536878267924,0.07026032865047455,0.4185296282172203,0.4185296282172203,0.0,4.0,4.0
vq,3,1,497,0.5060741659005483,0.4378599258263906,0.06821423888206482,0.4751188811659813,0.4751188811659813,0.0,4.0,4.0
vq,3,1,498,0.5250758043924968,0.45596382101376853,0.06911199142535528,0.4796028172969818,0.4796028172969818,0.0,4.0,4.0
vq,3,1,499,0.5300685556729635,0.46213973124821983,0.06792882064978281,0.4443142528335253,0.4443142528335253,0.0,4.0,4.0
vq,3,1,500,0.5462584495544434,0.47531485080718994,0.07094359775384267,0.4989023153980573,0.4989023153980573,0.0,4.0,4.0
vq,3,2,1,4.128146789932251,4.109493109893799,0.018653650975227355,3.8001775421142576,3.8001775421142576,0.0,2.0,2.0
vq,3,2,2,3.6862833026885986,3.5859342975616455,0.10034898407459258,3.540774040222168,3.540774040222168,0.0,2.0,2.0
vq,3,2,3,3.3021734951019286,3.1342641311645507,0.1679094075679779,3.0766180641174317,3.0766180641174317,0.0,2.0,2.0
vq,3,2,4,2.894719948196411,2.7703930709838867,0.12432688353061676,2.5647574996948244,2.5647574996948244,0.0,2.0,2.0
vq,3,2,5,2.6884948986053465,2.45821683883667,0.23027800896167755,2.2906262222290037,2.2906262222290037,0.0,2.0,2.0
vq,3,2,6,2.353400340652466,2.2039540649414064,0.14944626525640486,2.0612869483947756,2.0612869483947756,0.0,2.0,2.0
vq,3,2,7,2.139334732055664,1.9966495288848878,0.1426851608514786,1.9081663494110108,1.9081663494110108,0.0,2.0,2.0
vq,3,2,8,1.9540829708099365,1.8284698419570924,0.12561312499046326,1.7320560558319091,1.7320560558319091,0.0,2.0,2.0
vq,3,2,9,1.824803419303894,1.7089968399047852,0.11580658639669418,1.6150097381591797,1.6150097381591797,0.0,2.0,2.0
vq,3,2,10,1.6737374694824219,1.5958733085632324,0.07786414848566055,1.5325324237823486,1.5325324237823486,0.0,2.0,2.0
vq,3,2,11,1.576796081352234,1.5004572122573852,0.07633886330127716,1.4348737894058228,1.4348737894058228,0.0,2.0,2.0
vq,3,2,12,1.5111776350021362,1.4363394536972045,0.07483817874193191,1.375433452796936,1.375433452796936,0.0,2.0,2.0
vq,3,2,13,1.417492724609375,1.3586153045654297,0.058877419465780255,1.3103777843475342,1.3103777843475342,0.0,2.0,2.0
vq,3,2,14,1.3606108852386474,1.3002735593795776,0.060337327587604524,1.2628972858428955,1.2628972858428955,0.0,2.0,2.0
vq,3,2,15,1.3145724222183228,1.2587921895980836,0.0557802254140377,1.2125312377929687,1.2125312377929687,0.0,2.0,2.0
vq,3,2,16,1.278858987236023,1.2194433963775635,0.059415589845180514,1.170202877998352,1.170202877998352,0.0,2.0,2.0
vq,3,2,17,1.2238247886657714,1.171450856399536,0.05237394698858261,1.1210011880874633,1.1210011880874633,0.0,2.0,2.0
vq,3,2,18,1.176124235725403,1.128725821685791,0.04739840381145477,1.08769465675354,1.08769465675354,0.0,2.0,2.0
vq,3,2,19,1.1408843507766724,1.0922077116012574,0.04867663756012917,1.0526334657669068,1.0526334657669068,0.0,2.0,2.0
vq,3,2,20,1.1035877794265747,1.0648277660369874,0.03876002947688103,1.0172934776306153,1.0172934776306153,0.0,2.0,2.0
vq,3,2,21,1.071058571434021,1.025104432106018,0.04595413652062416,0.9988088479995727,0.9988088479995727,0.0,2.0,2.0
vq,3,2,22,1.0371913423538208,1.0020947776794433,0.035096575772762297,0.9637251991271972,0.9637251991271972,0.0,2.0,2.0
vq,3,2,23,1.019569403076172,0.9863115588188172,0.03325783984661102,0.9374410011291504,0.9374410011291504,0.0,2.0,2.0
vq,3,2,24,0.9875244544982911,0.9583003454208374,0.02922410796880722,0.9117497581481934,0.9117497581481934,0.0,2.0,2.0
vq,3,2,25,0.9746306711196899,0.9416681916236878,0.032962472540140154,0.8966173393249511,0.8966173393249511,0.0,2.0,2.0
vq,3,2,26,0.950674249458313,0.9227886152267456,0.027885636845231057,0.8743777557373047,0.8743777557373047,0.0,2.0,2.0
vq,3,2,27,0.9264678420066833,0.901926790714264,0.024541051292419434,0.862374838066101,0.862374838066101,0.0,2.0,2.0
vq,3,2,28,0.9256603927612305,0.8981689032554626,0.027491497042775155,0.8504349395751953,0.8504349395751953,0.0,2.0,2.0
vq,3,2,29,0.9179275342941284,0.8936373216629029,0.024290216794610024,0.8358478078842163,0.8358478078842163,0.0,2.0,2.0
vq,3,2,30,0.8981171722412109,0.8752845911026002,0.022832589542865753,0.8258433374404908,0.8258433374404908,0.0,2.0,2.0
vq,3,2,31,0.8970025197982788,0.8704228505134582,0.026579661095142364,0.8121594242095947,0.8121594242095947,0.0,2.0,2.0
vq,3,2,32,0.8676040466308593,0.8484114409446716,0.019192608579993248,0.8081458330154419,0.8081458330154419,0.0,2.0,2.0
vq,3,2,33,0.8699979032516479,0.8469428131103516,0.023055097606778145,0.7939860641479493,0.7939860641479493,0.0,2.0,2.0
vq,3,2,34,0.8683879552841186,0.8407661437988281,0.027621812385320663,0.784501088142395,0.784501088142395,0.0,2.0,2.0
vq,3,2,35,0.8652944433212281,0.8424896757125855,0.0228047667324543,0.7792620193481445,0.7792620193481445,0.0,2.0,2.0
vq,3,2,36,0.847990984916687,0.8217859588623047,0.026205021265149116,0.7722321977615356,0.7722321977615356,0.0,2.0,2.0
vq,3,2,37,0.852524020576477,0.8261659737586975,0.026358055850863458,0.769361174583435,0.769361174583435,0.0,2.0,2.0
vq,3,2,38,0.8421014369010925,0.8145032987594605,0.027598139017820357,0.7679447790145874,0.7679447790145874,0.0,2.0,2.0
vq,3,2,39,0.8261000107765197,0.8045646136283875,0.021535395205020905,0.7544785947799683,0.7544785947799683,0.0,2.0,2.0
vq,3,2,40,0.828239456653595,0.8021162029266358,0.026123256567120553,0.7650807495117188,0.7650807495117188,0.0,2.0,2.0
vq,3,2,41,0.8113691058158875,0.785683034324646,0.02568606506586075,0.7441302391052246,0.7441302391052246,0.0,2.0,2.0
vq,3,2,42,0.8077910676956177,0.7883441435813904,0.01944691516160965,0.7358708841323852,0.7358708841323852,0.0,2.0,2.0
vq,3,2,43,0.8181224398612976,0.7919635687828064,0.02615886880159378,0.7658233541488647,0.7658233541488647,0.0,2.0,2.0
vq,3,2,44,0.8044584879875183,0.7845604294776917,0.019898054617643355,0.7308016420364379,0.7308016420364379,0.0,2.0,2.0
vq,3,2,45,0.7938823648452759,0.7701083549499512,0.023774002435803413,0.7338757997512817,0.7338757997512817,0.0,2.0,2.0
vq,3,2,46,0.7866081292152405,0.7649029314041138,0.021705193516612053,0.7199615286827088,0.7199615286827088,0.0,2.0,2.0
vq,3,2,47,0.7838196387290954,0.7610280628204346,0.02279157440662384,0.7129318934440613,0.7129318934440613,0.0,2.0,2.0
vq,3,2,48,0.7854466554641724,0.75928368434906,0.02616297070980072,0.7078613437652588,0.7078613437652588,0.0,2.0,2.0
vq,3,2,49,0.783406606388092,0.7622956336975097,0.021110972172021864,0.7059679570198059,0.7059679570198059,0.0,2.0,2.0
vq,3,2,50,0.7693779107093811,0.7494506467819214,0.019927259257435798,0.7042033460617065,0.7042033460617065,0.0,2.0,2.0
vq,3,2,51,0.7790918981552124,0.7506777070999145,0.02841419576704502,0.7123388944625855,0.7123388944625855,0.0,2.0,2.0
vq,3,2,52,0.7749871676445007,0.7534141924858093,0.021572984638810157,0.6948815661430359,0.6948815661430359,0.0,2.0,2.0
vq,3,2,53,0.7964612442016602,0.7700531241416931,0.02640811423957348,0.6923641296386719,0.6923641296386719,0.0,2.0,2.0
vq,3,2,54,0.76708212890625,0.7426426201820373,0.02443951671421528,0.6884261374473571,0.6884261374473571,0.0,2.0,2.0
vq,3,2,55,0.7625115652084351,0.7386989614486694,0.023812600654363632,0.6828254101753235,0.6828254101753235,0.0,2.0,2.0
vq,3,2,56,0.7705364439964294,0.745641090297699,0.024895358857512474,0.6792507517814637,0.6792507517814637,0.0,2.0,2.0
vq,3,2,57,0.7571368273735046,0.72931209192276,0.027824737536907194,0.6831092303276062,0.6831092303276062,0.0,2.0,2.0
vq,3,2,58,0.7496561101913453,0.7218900727272034,0.027766036051511764,0.6795692380905152,0.6795692380905152,0.0,2.0,2.0
vq,3,2,59,0.7520449326515197,0.7267529059410095,0.0252920179605484,0.6845987439155579,0.6845987439155579,0.0,2.0,2.0
vq,3,2,60,0.750535873889923,0.7209856382369995,0.0295502309858799,0.6818762294769287,0.6818762294769287,0.0,2.0,2.0
vq,3,2,61,0.7665552084922791,0.7416572917938232,0.024897919616103173,0.6697855822563171,0.6697855822563171,0.0,2.0,2.0
vq,3,2,62,0.7433277530670166,0.7140599228858948,0.02926782210469246,0.6694951049804687,0.6694951049804687,0.0,2.0,2.0
vq,3,2,63,0.7615125593185424,0.7369939791679382,0.024518585234880447,0.6640204689979553,0.6640204689979553,0.0,2.0,2.0
vq,3,2,64,0.7444132058143615,0.7195364013671876,0.024876815420389175,0.6655748845100403,0.6655748845100403,0.0,2.0,2.0
vq,3,2,65,0.7548039669990539,0.7223818697929383,0.032422100618481636,0.6629610472679138,0.6629610472679138,0.0,2.0,2.0
vq,3,2,66,0.7505299914360046,0.7275634362220764,0.022966553139686586,0.6607993209838867,0.6607993209838867,0.0,2.0,2.0
vq,3,2,67,0.7393407471656799,0.7088960368156433,0.030444708025455475,0.6580566864967347,0.6580566864967347,0.0,2.0,2.0
vq,3,2,68,0.7397814297676086,0.7148102966308594,0.02497113192677498,0.6571512634277343,0.6571512634277343,0.0,2.0,2.0
vq,3,2,69,0.7428408944129944,0.7168416493415832,0.025999245193600654,0.6551081736564637,0.6551081736564637,0.0,2.0,2.0
vq,3,2,70,0.7351346419334411,0.7049489490509033,0.030185694980621337,0.6558651971817017,0.6558651971817017,0.0,2.0,2.0
vq,3,2,71,0.7417205141067504,0.7163951189994812,0.02532538716197014,0.653311588382721,0.653311588382721,0.0,2.0,2.0
vq,3,2,72,0.7501795159339905,0.7211909893989563,0.028988519442081452,0.653453391456604,0.653453391456604,0.0,2.0,2.0
vq,3,2,73,0.7371771091461181,0.7091410211563111,0.02803609327673912,0.654646711063385,0.654646711063385,0.0,2.0,2.0
vq,3,2,74,0.7282769661903381,0.7000782867431641,0.02819867859184742,0.6468584594726563,0.6468584594726563,0.0,2.0,2.0
vq,3,2,75,0.7285489859580994,0.7035254796981811,0.025023503524065016,0.6450680438995361,0.6450680438995361,0.0,2.0,2.0
vq,3,2,76,0.7321209646224975,0.7011966249465943,0.03092433902323246,0.6499632457733154,0.6499632457733154,0.0,2.0,2.0
vq,3,2,77,0.7263435766220093,0.6952016531944275,0.031141924595832825,0.6469279250144958,0.6469279250144958,0.0,2.0,2.0
vq,3,2,78,0.7494737236976624,0.7228089911460877,0.02666472366452217,0.6475648789405822,0.6475648789405822,0.0,2.0,2.0
vq,3,2,79,0.7412964619636536,0.7102188000679016,0.031077659448981287,0.643783642578125,0.643783642578125,0.0,2.0,2.0
vq,3,2,80,0.7330616376876831,0.7074602603912353,0.025601378083229064,0.6479383007049561,0.6479383007049561,0.0,2.0,2.0
vq,3,2,81,0.7231881939888001,0.6932177290916443,0.029970472618937493,0.6415502140045166,0.6415502140045166,0.0,2.0,2.0
vq,3,2,82,0.714728215789795,0.6879436128616333,0.026784605172276498,0.6392308040618897,0.6392308040618897,0.0,2.0,2.0
vq,3,2,83,0.7344509966850281,0.7006388090133667,0.033812180522084234,0.635987519454956,0.635987519454956,0.0,2.0,2.0
vq,3,2,84,0.7310038480758667,0.6989052984237671,0.032098551851511004,0.6381911574363709,0.6381911574363709,0.0,2.0,2.0
vq,3,2,85,0.7350822125434876,0.7074907459259033,0.027591465216875076,0.634505925655365,0.634505925655365,0.0,2.0,2.0
vq,3,2,86,0.72268372631073,0.6950394092559814,0.027644313186407088,0.6374146646499633,0.6374146646499633,0.0,2.0,2.0
vq,3,2,87,0.7358013616561889,0.7021948030471802,0.03360655889213085,0.6327196483612061,0.6327196483612061,0.0,2.0,2.0
vq,3,2,88,0.7157097180366516,0.6881575873374939,0.027552136018872263,0.6336319666862488,0.6336319666862488,0.0,2.0,2.0
vq,3,2,89,0.7299254420280457,0.700072014427185,0.0298534150660038,0.6330269636154174,0.6330269636154174,0.0,2.0,2.0
vq,3,2,90,0.7192454609870911,0.691669640827179,0.027575821021199227,0.6342170705795288,0.6342170705795288,0.0,2.0,2.0
vq,3,2,91,0.7215685047149658,0.6845418328285218,0.03702666979730129,0.6339611121177673,0.6339611121177673,0.0,2.0,2.0
vq,3,2,92,0.7254045662879944,0.6990670486450196,0.026337512412667276,0.6265819930076599,0.6265819930076599,0.0,2.0,2.0
vq,3,2,93,0.7357701990127563,0.7044385750770569,0.03133163026273251,0.6303053956031799,0.6303053956031799,0.0,2.0,2.0
vq,3,2,94,0.7263150572776794,0.7003401994705201,0.025974854093790054,0.6279432927131653,0.6279432927131653,0.0,2.0,2.0
vq,3,2,95,0.7073389342308044,0.6802736207962036,0.027065316531062127,0.6251540712356567,0.6251540712356567,0.0,2.0,2.0
vq,3,2,96,0.7113909599304199,0.6832129863739014,0.028177973276376726,0.6316030537605286,0.6316030537605286,0.0,2.0,2.0
vq,3,2,97,0.7105025431632995,0.6845685733795166,0.02593396198749542,0.6246603275299072,0.6246603275299072,0.0,2.0,2.0
vq,3,2,98,0.7183323707580567,0.6925318775177002,0.025800487786531448,0.6296735021591187,0.6296735021591187,0.0,2.0,2.0
vq,3,2,99,0.7200994963645935,0.6867600364685058,0.03333946457207203,0.6283214039802552,0.6283214039802552,0.0,2.0,2.0
vq,3,2,100,0.7282945398330688,0.6967296179771423,0.03156491983830929,0.6441018010139465,0.6441018010139465,0.0,2.0,2.0
vq,3,2,101,0.7045894127845764,0.6753244179725647,0.029264995935559274,0.6236380846977234,0.6236380846977234,0.0,2.0,2.0
vq,3,2,102,0.7232152569770813,0.6923240507125854,0.03089120360314846,0.6261937119483948,0.6261937119483948,0.0,2.0,2.0
vq,3,2,103,0.711305253314972,0.6818286664009094,0.029476580709218977,0.6316522367477417,0.6316522367477417,0.0,2.0,2.0
vq,3,2,104,0.6995584865570068,0.6711894636154174,0.02836901099085808,0.6224997150421142,0.6224997150421142,0.0,2.0,2.0
vq,3,2,105,0.708933510017395,0.681091955947876,0.02784155074954033,0.6260664916038513,0.6260664916038513,0.0,2.0,2.0
vq,3,2,106,0.7122481518745423,0.6812092139244079,0.031038933351635933,0.6190250037193298,0.6190250037193298,0.0,2.0,2.0
vq,3,2,107,0.7249380776405334,0.6956337196350098,0.02930434989631176,0.6180523152351379,0.6180523152351379,0.0,2.0,2.0
vq,3,2,108,0.710435651397705,0.6781687860488892,0.032266875469684604,0.6212510242462158,0.6212510242462158,0.0,2.0,2.0
vq,3,2,109,0.7150651560783386,0.6845256616592407,0.03053948699235916,0.6227290726661682,0.6227290726661682,0.0,2.0,2.0
vq,3,2,110,0.7234140369415283,0.695477628993988,0.027936409956216813,0.6199217266082764,0.6199217266082764,0.0,2.0,2.0
vq,3,2,111,0.7235915376663208,0.693657624053955,0.029933923238515854,0.6284470748901367,0.6284470748901367,0.0,2.0,2.0
vq,3,2,112,0.7040450222015381,0.6771791085243225,0.026865922531485557,0.6175748233795166,0.6175748233795166,0.0,2.0,2.0
vq,3,2,113,0.721935202884674,0.6924371961593628,0.029498008251190186,0.6133051877021789,0.6133051877021789,0.0,2.0,2.0
vq,3,2,114,0.7010870512008667,0.6704972826957702,0.03058976839184761,0.6218895564079284,0.6218895564079284,0.0,2.0,2.0
vq,3,2,115,0.7092929803848267,0.6780010475158691,0.03129193391203881,0.6230452645301818,0.6230452645301818,0.0,2.0,2.0
vq,3,2,116,0.7132396404266358,0.6844294781684875,0.028810162258148194,0.6178918429374695,0.6178918429374695,0.0,2.0,2.0
vq,3,2,117,0.7244093699455261,0.6899718340873718,0.03443754169046879,0.6217066550254822,0.6217066550254822,0.0,2.0,2.0
vq,3,2,118,0.6988819372177124,0.666661145401001,0.0322207991451025,0.6115731688499451,0.6115731688499451,0.0,2.0,2.0
vq,3,2,119,0.7193691899299621,0.6901513830184937,0.029217810368537902,0.6177672219276428,0.6177672219276428,0.0,2.0,2.0
vq,3,2,120,0.7211875230789184,0.6883336802482605,0.032853854513168336,0.6183667095184326,0.6183667095184326,0.0,2.0,2.0
vq,3,2,121,0.7065993980407714,0.6762884565353393,0.030310941895842554,0.6175202382087708,0.6175202382087708,0.0,2.0,2.0
vq,3,2,122,0.712828035068512,0.6805697515487671,0.03225827448666096,0.6174831892967224,0.6174831892967224,0.0,2.0,2.0
vq,3,2,123,0.718308462524414,0.6886190981864929,0.02968937090039253,0.6130589153289795,0.6130589153289795,0.0,2.0,2.0
vq,3,2,124,0.699861135482788,0.6750265906333923,0.024834545320272447,0.6139495485305786,0.6139495485305786,0.0,2.0,2.0
vq,3,2,125,0.7120742980003357,0.6819651495933533,0.03010914744436741,0.6117444427490234,0.6117444427490234,0.0,2.0,2.0
vq,3,2,126,0.7226339550971985,0.6904179857254028,0.0322159768640995,0.6155335427284241,0.6155335427284241,0.0,2.0,2.0
vq,3,2,127,0.7169909379005432,0.686116213798523,0.03087472134232521,0.6189245304107666,0.6189245304107666,0.0,2.0,2.0
vq,3,2,128,0.6987863725662231,0.6696493624687195,0.029137011912465094,0.6095770180702209,0.6095770180702209,0.0,2.0,2.0
vq,3,2,129,0.7023124368667603,0.6762115070343018,0.026100927746295927,0.6095206631660461,0.6095206631660461,0.0,2.0,2.0
vq,3,2,130,0.7092400358200073,0.6735345659255981,0.03570547041296959,0.61267612657547,0.61267612657547,0.0,2.0,2.0
vq,3,2,131,0.7183045389175415,0.6872404081344604,0.031064125925302506,0.6228704475402832,0.6228704475402832,0.0,2.0,2.0
vq,3,2,132,0.7009960145950317,0.6740811450958252,0.026914876726269722,0.6115364754676819,0.6115364754676819,0.0,2.0,2.0
vq,3,2,133,0.7284406936645508,0.701963214969635,0.026477462965250016,0.6179991654396058,0.6179991654396058,0.0,2.0,2.0
vq,3,2,134,0.7056912180900574,0.674463214969635,0.031227990889549254,0.6117897324562073,0.6117897324562073,0.0,2.0,2.0
vq,3,2,135,0.7265557058334351,0.6960789348602295,0.030476770794391633,0.6239838403701782,0.6239838403701782,0.0,2.0,2.0
vq,3,2,136,0.7295824078559876,0.7003768976211547,0.02920551361441612,0.6131763577461242,0.6131763577461242,0.0,2.0,2.0
vq,3,2,137,0.6967577955245972,0.6668664256095886,0.029891369423270225,0.6099524494171142,0.6099524494171142,0.0,2.0,2.0
vq,3,2,138,0.716369303226471,0.6830498067855835,0.0333194995701313,0.6215556884765625,0.6215556884765625,0.0,2.0,2.0
vq,3,2,139,0.7192245512962341,0.6916351283073425,0.027589426445960998,0.6213332328796387,0.6213332328796387,0.0,2.0,2.0
vq,3,2,140,0.7112874286651611,0.682634067440033,0.028653359934687615,0.619246232700348,0.619246232700348,0.0,2.0,2.0
vq,3,2,141,0.7085485326766968,0.677554685306549,0.0309938505589962,0.6129121939659119,0.6129121939659119,0.0,2.0,2.0
vq,3,2,142,0.7014692771911621,0.6723238927841186,0.029145379930734634,0.609232537651062,0.609232537651062,0.0,2.0,2.0
vq,3,2,143,0.7065892544746399,0.675001573562622,0.03158767736554146,0.6036233591079712,0.6036233591079712,0.0,2.0,2.0
vq,3,2,144,0.7211371821403504,0.6879863263130188,0.03315085863471031,0.6036128231048584,0.6036128231048584,0.0,2.0,2.0
vq,3,2,145,0.7104293213844299,0.6796844559669495,0.03074486941099167,0.6020751518249512,0.6020751518249512,0.0,2.0,2.0
vq,3,2,146,0.6961501152992249,0.6644913458824158,0.031658760663867,0.6077371786117554,0.6077371786117554,0.0,2.0,2.0
vq,3,2,147,0.6930856418609619,0.6653067639350891,0.02777887600660324,0.6019245429992676,0.6019245429992676,0.0,2.0,2.0
vq,3,2,148,0.7075720992088318,0.6779655161857605,0.029606588578224183,0.6023366309165955,0.6023366309165955,0.0,2.0,2.0
vq,3,2,149,0.7058085202217103,0.6790586266517639,0.02674988669157028,0.6074797835350036,0.6074797835350036,0.0,2.0,2.0
vq,3,2,150,0.7026076703071594,0.671424623966217,0.031183051267266275,0.6047363096237183,0.6047363096237183,0.0,2.0,2.0
vq,3,2,151,0.7121170928001403,0.6826303942680358,0.029486698508262636,0.6078755114555359,0.6078755114555359,0.0,2.0,2.0
vq,3,2,152,0.6942594206809998,0.6635242809295654,0.030735141533613206,0.6089646043777466,0.6089646043777466,0.0,2.0,2.0
vq,3,2,153,0.7027159949302674,0.6698550494194031,0.0328609426856041,0.6044104481697082,0.6044104481697082,0.0,2.0,2.0
vq,3,2,154,0.7018201137542724,0.6691126378059388,0.032707474410533906,0.606405417060852,0.606405417060852,0.0,2.0,2.0
vq,3,2,155,0.7120619367599488,0.6812572325706482,0.03080470805168152,0.6130382655143738,0.6130382655143738,0.0,2.0,2.0
vq,3,2,156,0.7083466063499451,0.6779055291175843,0.030441075527667998,0.6073487607955933,0.6073487607955933,0.0,2.0,2.0
vq,3,2,157,0.6951841131210327,0.6634842444419861,0.03169986245036125,0.6074072660446167,0.6074072660446167,0.0,2.0,2.0
vq,3,2,158,0.699275416469574,0.6682222101211548,0.031053206965327262,0.6080654227256775,0.6080654227256775,0.0,2.0,2.0
vq,3,2,159,0.7087218643188476,0.6775859118461609,0.03113596374988556,0.6047329829216004,0.6047329829216004,0.0,2.0,2.0
vq,3,2,160,0.6884750644683838,0.6597004160881043,0.02877464838922024,0.6013989534378051,0.6013989534378051,0.0,2.0,2.0
vq,3,2,161,0.6993696621894836,0.66467443857193,0.03469521551728249,0.6013449317932129,0.6013449317932129,0.0,2.0,2.0
vq,3,2,162,0.6946493834495544,0.6647009738922119,0.02994841492176056,0.6037973858833313,0.6037973858833313,0.0,2.0,2.0
vq,3,2,163,0.7101583189964294,0.6736505439758301,0.03650777549147606,0.6080862998008728,0.6080862998008728,0.0,2.0,2.0
vq,3,2,164,0.6918075182914734,0.6601752642631531,0.03163226496577263,0.6107699003219604,0.6107699003219604,0.0,2.0,2.0
vq,3,2,165,0.6894572254180908,0.6608092856407165,0.028647936633229256,0.599782608795166,0.599782608795166,0.0,2.0,2.0
vq,3,2,166,0.7121568072319031,0.6802402575492859,0.03191655662953854,0.600266588973999,0.600266588973999,0.0,2.0,2.0
vq,3,2,167,0.7083332653999329,0.6769834464073181,0.03134981859922409,0.5974948454856872,0.5974948454856872,0.0,2.0,2.0
vq,3,2,168,0.712777474308014,0.6778350661277771,0.034942403346300124,0.5978825775146485,0.5978825775146485,0.0,2.0,2.0
vq,3,2,169,0.7105580991744995,0.67884437789917,0.03171372091770172,0.6028923887252807,0.6028923887252807,0.0,2.0,2.0
vq,3,2,170,0.7074431619644165,0.6728531441688538,0.03459002729654312,0.6161032853126526,0.6161032853126526,0.0,2.0,2.0
vq,3,2,171,0.6969049544334411,0.6654187043190003,0.03148625080883503,0.6043423431396484,0.6043423431396484,0.0,2.0,2.0
vq,3,2,172,0.6911215487480163,0.6595306844711304,0.03159086369276047,0.6030710070610047,0.6030710070610047,0.0,2.0,2.0
vq,3,2,173,0.6956902456283569,0.6644106456756592,0.03127961353063583,0.5928284132003784,0.5928284132003784,0.0,2.0,2.0
vq,3,2,174,0.7031357863426209,0.6715140480995179,0.03162173700928688,0.5983240530967713,0.5983240530967713,0.0,2.0,2.0
vq,3,2,175,0.7033626640319824,0.6684262336730957,0.03493643597066402,0.5967164310455322,0.5967164310455322,0.0,2.0,2.0
vq,3,2,176,0.689715742969513,0.6588271069526672,0.030888629227876663,0.6006155831336976,0.6006155831336976,0.0,2.0,2.0
vq,3,2,177,0.691530285358429,0.656582050704956,0.0349482299298048,0.6023100074768066,0.6023100074768066,0.0,2.0,2.0
vq,3,2,178,0.7009203435897827,0.6687967131614685,0.03212362766563892,0.6014630055427551,0.6014630055427551,0.0,2.0,2.0
vq,3,2,179,0.692233772277832,0.6552867941856384,0.0369469835460186,0.5993769549369812,0.5993769549369812,0.0,2.0,2.0
vq,3,2,180,0.7021334769248962,0.6673064160346985,0.03482706707119942,0.592825329208374,0.592825329208374,0.0,2.0,2.0
vq,3,2,181,0.6918185139656067,0.6598266114234924,0.03199191148281098,0.594721063041687,0.594721063041687,0.0,2.0,2.0
vq,3,2,182,0.6897285872459412,0.6576243112564087,0.03210428123176098,0.5916227522850037,0.5916227522850037,0.0,2.0,2.0
vq,3,2,183,0.7011243646621704,0.6699161344528198,0.03120823002755642,0.6005766835212708,0.6005766835212708,0.0,2.0,2.0
vq,3,2,184,0.6917819648742676,0.6597616278648376,0.03202033463120461,0.5952719728469849,0.5952719728469849,0.0,2.0,2.0
vq,3,2,185,0.6961191948890686,0.6616464027404785,0.03447279339432716,0.5962405263900756,0.5962405263900756,0.0,2.0,2.0
vq,3,2,186,0.7068155764579773,0.674644397354126,0.03217117565870285,0.602471009349823,0.602471009349823,0.0,2.0,2.0
vq,3,2,187,0.6962311606407166,0.6602479302406311,0.035983235144615176,0.5954588979721069,0.5954588979721069,0.0,2.0,2.0
vq,3,2,188,0.6864882015228272,0.6524509276390076,0.034037270998954774,0.5909677736282348,0.5909677736282348,0.0,2.0,2.0
vq,3,2,189,0.6886894481658935,0.6535757805824279,0.03511366877555847,0.5990368911743164,0.5990368911743164,0.0,2.0,2.0
vq,3,2,190,0.6976201946258545,0.6676354743003845,0.029984725946187972,0.6017827279090882,0.6017827279090882,0.0,2.0,2.0
vq,3,2,191,0.6908566750526428,0.6625104907035828,0.028346178224682807,0.5912327116012573,0.5912327116012573,0.0,2.0,2.0
vq,3,2,192,0.6950785577774048,0.6620029075622559,0.03307565700113773,0.6002729255676269,0.6002729255676269,0.0,2.0,2.0
vq,3,2,193,0.7104994419097901,0.6758745539665222,0.03462489407062531,0.599754475402832,0.599754475402832,0.0,2.0,2.0
vq,3,2,194,0.705210565662384,0.6727448357582092,0.032465733325481416,0.5934941438674927,0.5934941438674927,0.0,2.0,2.0
vq,3,2,195,0.7000009730339051,0.6660286364555359,0.033972342053055764,0.5907366906166077,0.5907366906166077,0.0,2.0,2.0
vq,3,2,196,0.6773671875953674,0.6436390667915344,0.03372811445593834,0.5918319933891296,0.5918319933891296,0.0,2.0,2.0
vq,3,2,197,0.6893575716018677,0.6570856731414795,0.03227189624905586,0.5881107484817505,0.5881107484817505,0.0,2.0,2.0
vq,3,2,198,0.7060757402420044,0.6733750434875488,0.03270069411993027,0.592957356262207,0.592957356262207,0.0,2.0,2.0
vq,3,2,199,0.6852858472824097,0.6517020350456237,0.03358382080793381,0.5928462831497192,0.5928462831497192,0.0,2.0,2.0
vq,3,2,200,0.6871185145378113,0.6566930187225342,0.030425499719381334,0.5915201631546021,0.5915201631546021,0.0,2.0,2.0
vq,3,2,201,0.6957595369338989,0.6606557734489441,0.03510376346111298,0.5979517137527466,0.5979517137527466,0.0,2.0,2.0
vq,3,2,202,0.6952035934448242,0.6622324998855591,0.03297108782529831,0.5960893933296204,0.5960893933296204,0.0,2.0,2.0
vq,3,2,203,0.692960984325409,0.6546892273902893,0.038271746173501014,0.5937728720664978,0.5937728720664978,0.0,2.0,2.0
vq,3,2,204,0.6920513231277465,0.6588236055374146,0.03322772499322891,0.5902064709663392,0.5902064709663392,0.0,2.0,2.0
vq,3,2,205,0.6892287578582764,0.6559790115356445,0.03324975178837776,0.5900903655052185,0.5900903655052185,0.0,2.0,2.0
vq,3,2,206,0.7214320880889893,0.6874270277023316,0.034005051329731945,0.589101501750946,0.589101501750946,0.0,2.0,2.0
vq,3,2,207,0.6870161796569825,0.6521944344520569,0.03482174569964409,0.5941906122207642,0.5941906122207642,0.0,2.0,2.0
vq,3,2,208,0.6956574584007263,0.6639442543983459,0.03171319688856602,0.5911099335670471,0.5911099335670471,0.0,2.0,2.0
vq,3,2,209,0.6974366870880127,0.6645850914955139,0.032851589822769166,0.5903838638305664,0.5903838638305664,0.0,2.0,2.0
vq,3,2,210,0.6954160358428955,0.6621749764442444,0.0332410590171814,0.591266932296753,0.591266932296753,0.0,2.0,2.0
vq,3,2,211,0.6856277436256408,0.6503888134956359,0.03523893236219883,0.5870444274902343,0.5870444274902343,0.0,2.0,2.0
vq,3,2,212,0.6889988245010376,0.6571441689491272,0.031854655921459196,0.5890980301856995,0.5890980301856995,0.0,2.0,2.0
vq,3,2,213,0.6812429045677185,0.6516345806121826,0.029608330696821214,0.5903697189331054,0.5903697189331054,0.0,2.0,2.0
vq,3,2,214,0.6873981444358825,0.6537478584289551,0.033650277805328366,0.5931552883148193,0.5931552883148193,0.0,2.0,2.0
vq,3,2,215,0.6899856068611145,0.6562940094947814,0.033691600427031516,0.5877064220428467,0.5877064220428467,0.0,2.0,2.0
vq,3,2,216,0.6926720890045166,0.659994764995575,0.032677331244945526,0.5866126091957092,0.5866126091957092,0.0,2.0,2.0
vq,3,2,217,0.6847548991203308,0.6544151301383972,0.030339761745929717,0.5870017971038818,0.5870017971038818,0.0,2.0,2.0
vq,3,2,218,0.689669682598114,0.6531061103820801,0.03656357215046883,0.5852369828224182,0.5852369828224182,0.0,2.0,2.0
vq,3,2,219,0.692381617641449,0.6608308863639831,0.03155074202418327,0.58969025182724,0.58969025182724,0.0,2.0,2.0
vq,3,2,220,0.6899712537765503,0.6576544080734253,0.0323168436139822,0.5871545414924622,0.5871545414924622,0.0,2.0,2.0
vq,3,2,221,0.6860294389724731,0.6525549357414245,0.03347451382279396,0.5956098307609559,0.5956098307609559,0.0,2.0,2.0
vq,3,2,222,0.7033221587181091,0.6650931792259216,0.038228977930545804,0.5954226357460022,0.5954226357460022,0.0,2.0,2.0
vq,3,2,223,0.6884475979804993,0.6535367010116577,0.034910893791913984,0.5972611779212952,0.5972611779212952,0.0,2.0,2.0
vq,3,2,224,0.6854781207084656,0.6545209535598755,0.030957169854640962,0.5877453431129456,0.5877453431129456,0.0,2.0,2.0
vq,3,2,225,0.6976169783592224,0.6594883933067321,0.03812858801484108,0.598615800857544,0.598615800857544,0.0,2.0,2.0
vq,3,2,226,0.697948586845398,0.6649300702095031,0.033018520206213,0.5880434162139893,0.5880434162139893,0.0,2.0,2.0
vq,3,2,227,0.6833447087287903,0.6478903276443482,0.03545438588857651,0.5926093668937683,0.5926093668937683,0.0,2.0,2.0
vq,3,2,228,0.6887575893402099,0.6537393898963928,0.03501820030808449,0.5890801624298095,0.5890801624298095,0.0,2.0,2.0
vq,3,2,229,0.6930390565872192,0.6537760850906372,0.0392629725754261,0.5896526878356934,0.5896526878356934,0.0,2.0,2.0
vq,3,2,230,0.6974052284240723,0.6619814014434815,0.035423824244737626,0.5939905771255494,0.5939905771255494,0.0,2.0,2.0
vq,3,2,231,0.6875946233749389,0.6506823464393616,0.03691228139102459,0.5936777067184448,0.5936777067184448,0.0,2.0,2.0
vq,3,2,232,0.686310933303833,0.6486153349876403,0.037695600259304046,0.5885884380340576,0.5885884380340576,0.0,2.0,2.0
vq,3,2,233,0.6953725394248962,0.6593090292930603,0.03606350335478783,0.5943287850379944,0.5943287850379944,0.0,2.0,2.0
vq,3,2,234,0.6936519843101502,0.6604058012008667,0.033246177542209626,0.5948241365432739,0.5948241365432739,0.0,2.0,2.0
vq,3,2,235,0.6928811448097228,0.6574677265167236,0.035413423025608064,0.5880283761024475,0.5880283761024475,0.0,2.0,2.0
vq,3,2,236,0.6793642449378967,0.6452141534805298,0.03415009797811508,0.589885435295105,0.589885435295105,0.0,2.0,2.0
vq,3,2,237,0.6869384941101074,0.6494384634017945,0.03750002233982086,0.587886021232605,0.587886021232605,0.0,2.0,2.0
vq,3,2,238,0.6930390607833863,0.6556662689208984,0.037372799044847485,0.5919665738105774,0.5919665738105774,0.0,2.0,2.0
vq,3,2,239,0.6783679469108581,0.6470459600448608,0.03132198532819748,0.590990795135498,0.590990795135498,0.0,2.0,2.0
vq,3,2,240,0.6868287064552308,0.6492060813903808,0.03762263242602348,0.5970767601966858,0.5970767601966858,0.0,2.0,2.0
vq,3,2,241,0.6780177136421204,0.644374177646637,0.03364354118108749,0.5875067941665649,0.5875067941665649,0.0,2.0,2.0
vq,3,2,242,0.6960687446594238,0.6635660814285278,0.03250267555117607,0.5898871286392212,0.5898871286392212,0.0,2.0,2.0
vq,3,2,243,0.6951145469665527,0.6599647122383118,0.03514983527958393,0.5959250703811646,0.5959250703811646,0.0,2.0,2.0
vq,3,2,244,0.6825225997924804,0.6489143067359925,0.033608285135030745,0.5899522295951843,0.5899522295951843,0.0,2.0,2.0
vq,3,2,245,0.6960322385787964,0.6600114616394043,0.03602077756524086,0.5885645175933838,0.5885645175933838,0.0,2.0,2.0
vq,3,2,246,0.6862820280075074,0.653319734287262,0.03296228274703026,0.5864981389045716,0.5864981389045716,0.0,2.0,2.0
vq,3,2,247,0.6728669436454773,0.635659987449646,0.03720694939792156,0.5885147356033326,0.5885147356033326,0.0,2.0,2.0
vq,3,2,248,0.6871458735466004,0.6542655568122864,0.03288032329976559,0.6017329813957214,0.6017329813957214,0.0,2.0,2.0
vq,3,2,249,0.676291614818573,0.6440200436592102,0.032271572202444074,0.5875290168762207,0.5875290168762207,0.0,2.0,2.0
vq,3,2,250,0.6839056190490722,0.6488957015037536,0.035009924364089964,0.5872362652778625,0.5872362652778625,0.0,2.0,2.0
vq,3,2,251,0.6949172958374024,0.6646088344573975,0.030308452248573304,0.5904015741348266,0.5904015741348266,0.0,2.0,2.0
vq,3,2,252,0.7097254964828491,0.6730393628120422,0.036686138832569125,0.5894788952827453,0.5894788952827453,0.0,2.0,2.0
vq,3,2,253,0.6876760272026062,0.6539604764938355,0.03371555400490761,0.586969029712677,0.586969029712677,0.0,2.0,2.0
vq,3,2,254,0.6914514761924744,0.6564613705635071,0.034990094164013864,0.5856200003623963,0.5856200003623963,0.0,2.0,2.0
vq,3,2,255,0.6757172603607178,0.6431454385757446,0.032571822661161424,0.5888094575881958,0.5888094575881958,0.0,2.0,2.0
vq,3,2,256,0.6879749493598938,0.6525129313468934,0.03546201277375221,0.5877663274765015,0.5877663274765015,0.0,2.0,2.0
vq,3,2,257,0.6830945500373841,0.6455774335861206,0.03751711328625679,0.5858175922393799,0.5858175922393799,0.0,2.0,2.0
vq,3,2,258,0.6758871065139771,0.643232258605957,0.03265484706759453,0.5951030222892761,0.5951030222892761,0.0,2.0,2.0
vq,3,2,259,0.688034658241272,0.6508075385093689,0.03722712044119835,0.5860628690719605,0.5860628690719605,0.0,2.0,2.0
vq,3,2,260,0.6893337183952332,0.6555748456954956,0.033758878129720685,0.5866494460105895,0.5866494460105895,0.0,2.0,2.0
vq,3,2,261,0.7008725775718689,0.6618112994194031,0.03906128387451172,0.5849962890625,0.5849962890625,0.0,2.0,2.0
vq,3,2,262,0.6902663506507873,0.6519370963096619,0.038329254013299945,0.6099027021408081,0.6099027021408081,0.0,2.0,2.0
vq,3,2,263,0.6967388587951661,0.6599627633094788,0.03677609167098999,0.5923316293716431,0.5923316293716431,0.0,2.0,2.0
vq,3,2,264,0.6870212361335755,0.6519916303634643,0.035029607790708545,0.5829743734359741,0.5829743734359741,0.0,2.0,2.0
vq,3,2,265,0.6893816453933715,0.653923078250885,0.03545857272744179,0.5810441269874572,0.5810441269874572,0.0,2.0,2.0
vq,3,2,266,0.6929812090873718,0.6579642143249512,0.03501699209213257,0.5937099870681762,0.5937099870681762,0.0,2.0,2.0
vq,3,2,267,0.701302608013153,0.6646039767265319,0.03669862467944622,0.5836686045646667,0.5836686045646667,0.0,2.0,2.0
vq,3,2,268,0.6841081996917725,0.6478315329551697,0.03627666920423508,0.5865146865844727,0.5865146865844727,0.0,2.0,2.0
vq,3,2,269,0.6922720584869385,0.656315570640564,0.03595648885369301,0.5853427867889405,0.5853427867889405,0.0,2.0,2.0
vq,3,2,270,0.68548100938797,0.6485882356643676,0.03689277260303497,0.5942525720596313,0.5942525720596313,0.0,2.0,2.0
vq,3,2,271,0.6889052788734435,0.6513345204353332,0.037570770198106763,0.5885389779090882,0.5885389779090882,0.0,2.0,2.0
vq,3,2,272,0.6904459662437439,0.6559722095489502,0.034473760801553725,0.5902589862823486,0.5902589862823486,0.0,2.0,2.0
vq,3,2,273,0.6917403463363647,0.6579689558982849,0.03377139281630516,0.5867387619972229,0.5867387619972229,0.0,2.0,2.0
vq,3,2,274,0.699977288532257,0.6660261913299561,0.033951093423366545,0.5861941746711731,0.5861941746711731,0.0,2.0,2.0
vq,3,2,275,0.6878410453796386,0.6528441197395325,0.034996915331482886,0.5980528605461121,0.5980528605461121,0.0,2.0,2.0
vq,3,2,276,0.7055354292869568,0.6714579663276672,0.03407747110724449,0.5823156606674195,0.5823156606674195,0.0,2.0,2.0
vq,3,2,277,0.6835164065361023,0.648558487033844,0.03495791927576065,0.5909120191574097,0.5909120191574097,0.0,2.0,2.0
vq,3,2,278,0.6976649069786072,0.6617389924049377,0.03592591678500175,0.5831118900299073,0.5831118900299073,0.0,2.0,2.0
vq,3,2,279,0.7056514479637146,0.6669679653167725,0.03868347360491753,0.5971540080070495,0.5971540080070495,0.0,2.0,2.0
vq,3,2,280,0.6859940178871154,0.6516881854057311,0.03430583572387695,0.5843294732093811,0.5843294732093811,0.0,2.0,2.0
vq,3,2,281,0.677708875465393,0.6371517358779907,0.04055714066624642,0.5991233399391175,0.5991233399391175,0.0,2.0,2.0
vq,3,2,282,0.6650595941543579,0.6304901890754699,0.034569403910636905,0.5891279312133789,0.5891279312133789,0.0,2.0,2.0
vq,3,2,283,0.6817810417175293,0.6481377591133117,0.033643289303779605,0.5825818813323974,0.5825818813323974,0.0,2.0,2.0
vq,3,2,284,0.6828503573417664,0.6488663234710693,0.03398403533101082,0.5850736353874206,0.5850736353874206,0.0,2.0,2.0
vq,3,2,285,0.6720068738937378,0.6393726992607117,0.032634178030490874,0.5865665955543518,0.5865665955543518,0.0,2.0,2.0
vq,3,2,286,0.694098829460144,0.6572078784942627,0.03689095804691315,0.6017477118492126,0.6017477118492126,0.0,2.0,2.0
vq,3,2,287,0.6855828827857972,0.650560853767395,0.0350220260322094,0.5938975344657897,0.5938975344657897,0.0,2.0,2.0
vq,3,2,288,0.6911147829055786,0.6559579075813293,0.035156873619556425,0.5779425584793091,0.5779425584793091,0.0,2.0,2.0
vq,3,2,289,0.6961381084442139,0.6586108211517334,0.03752729115486145,0.5963116059303284,0.5963116059303284,0.0,2.0,2.0
vq,3,2,290,0.679340553188324,0.6433011959075928,0.03603936118483543,0.5842046057701111,0.5842046057701111,0.0,2.0,2.0
vq,3,2,291,0.6710650676727294,0.635266245174408,0.035798820161819456,0.5843034255027771,0.5843034255027771,0.0,2.0,2.0
vq,3,2,292,0.6849591440200805,0.650964767742157,0.03399437471628189,0.5820810517311096,0.5820810517311096,0.0,2.0,2.0
vq,3,2,293,0.6927172903060913,0.6539753187179566,0.038741974484920505,0.5794236848831177,0.5794236848831177,0.0,2.0,2.0
vq,3,2,294,0.7054522230148316,0.6689181138038636,0.03653410913050175,0.5922791515350342,0.5922791515350342,0.0,2.0,2.0
vq,3,2,295,0.6984648611068726,0.6598668511390686,0.038597998094558716,0.5877628363609314,0.5877628363609314,0.0,2.0,2.0
vq,3,2,296,0.680179257106781,0.6483659454345703,0.03181331074237823,0.5849245124816894,0.5849245124816894,0.0,2.0,2.0
vq,3,2,297,0.6984805480957031,0.6591367034912109,0.03934384671449661,0.5929080666542054,0.5929080666542054,0.0,2.0,2.0
vq,3,2,298,0.6851260725021362,0.6527169399261474,0.03240912957787514,0.5809957372665405,0.5809957372665405,0.0,2.0,2.0
vq,3,2,299,0.6781807815551758,0.6394941433906555,0.038686635357141494,0.5822930940628052,0.5822930940628052,0.0,2.0,2.0
vq,3,2,300,0.6901540309906006,0.6565518285751343,0.033602195966243746,0.5841930077552795,0.5841930077552795,0.0,2.0,2.0
vq,3,2,301,0.6840262408256531,0.6509425115585327,0.03308372150063515,0.5931442572593689,0.5931442572593689,0.0,2.0,2.0
vq,3,2,302,0.6863579125404358,0.6516492792129517,0.034708629131317136,0.5897054251670837,0.5897054251670837,0.0,2.0,2.0
vq,3,2,303,0.6664359665870666,0.6353602131843566,0.03107574686408043,0.5804941731452942,0.5804941731452942,0.0,2.0,2.0
vq,3,2,304,0.7008575907707214,0.6607967747688294,0.04006081392765045,0.5817812371253968,0.5817812371253968,0.0,2.0,2.0
vq,3,2,305,0.6860498319625854,0.6478852917671204,0.03816453134119511,0.5788094185829162,0.5788094185829162,0.0,2.0,2.0
vq,3,2,306,0.68144389295578,0.6458285461425781,0.035615351176261904,0.5807806589126587,0.5807806589126587,0.0,2.0,2.0
vq,3,2,307,0.683069988155365,0.647355702495575,0.035714280194044115,0.5833099284172059,0.5833099284172059,0.0,2.0,2.0
vq,3,2,308,0.6961475245475769,0.6602924450874329,0.035855082219839095,0.5855696964263916,0.5855696964263916,0.0,2.0,2.0
vq,3,2,309,0.69378458776474,0.6603410556793213,0.03344352959394455,0.5931238019943237,0.5931238019943237,0.0,2.0,2.0
vq,3,2,310,0.6789935263633728,0.6457950902938843,0.03319843248128891,0.5819587723731995,0.5819587723731995,0.0,2.0,2.0
vq,3,2,311,0.6832114216804505,0.6483310256958008,0.034880399554967884,0.5853037229537964,0.5853037229537964,0.0,2.0,2.0
vq,3,2,312,0.6882507929801941,0.653011642074585,0.035239154729247095,0.5881166770935059,0.5881166770935059,0.0,2.0,2.0
vq,3,2,313,0.6789271390914917,0.6431885551452636,0.03573857762813568,0.586329361820221,0.586329361820221,0.0,2.0,2.0
vq,3,2,314,0.6741601677894592,0.6391647566795349,0.03499540424346924,0.5831258014678955,0.5831258014678955,0.0,2.0,2.0
vq,3,2,315,0.6821538243293762,0.646708365058899,0.035445460876822474,0.5838796685218811,0.5838796685218811,0.0,2.0,2.0
vq,3,2,316,0.6940062749862671,0.6605708976745606,0.03343537923097611,0.580739453792572,0.580739453792572,0.0,2.0,2.0
vq,3,2,317,0.6860459678649903,0.6486071702003479,0.03743880233168602,0.5908496725082397,0.5908496725082397,0.0,2.0,2.0
vq,3,2,318,0.6930598574638367,0.6556792962074279,0.037380555164814,0.589209699344635,0.589209699344635,0.0,2.0,2.0
vq,3,2,319,0.6856086163520813,0.6493314943313598,0.036277127677202224,0.58256720495224,0.58256720495224,0.0,2.0,2.0
vq,3,2,320,0.6865447561264038,0.6472044251441955,0.039340323466062546,0.5793868008613586,0.5793868008613586,0.0,2.0,2.0
vq,3,2,321,0.6899868792533874,0.6555124309539795,0.034474449467659,0.5934824253082276,0.5934824253082276,0.0,2.0,2.0
vq,3,2,322,0.6804587682723999,0.6440796227455139,0.036379143124818804,0.5778381834030152,0.5778381834030152,0.0,2.0,2.0
vq,3,2,323,0.6850516941070557,0.6503349036693573,0.03471679551005363,0.5799455143928528,0.5799455143928528,0.0,2.0,2.0
vq,3,2,324,0.6835316510200501,0.6472720969200134,0.03625955389738083,0.586273575592041,0.586273575592041,0.0,2.0,2.0
vq,3,2,325,0.6662181141853333,0.6261556098937988,0.04006248499155045,0.5934882011413575,0.5934882011413575,0.0,2.0,2.0
vq,3,2,326,0.6840286346435547,0.6480695161819457,0.03595911719202995,0.5988210411071777,0.5988210411071777,0.0,2.0,2.0
vq,3,2,327,0.6843992845535278,0.6496553656578063,0.03474391307234764,0.5786100882530213,0.5786100882530213,0.0,2.0,2.0
vq,3,2,328,0.690859438419342,0.6531733089447022,0.037686128509044646,0.5953310925483704,0.5953310925483704,0.0,2.0,2.0
vq,3,2,329,0.71412427444458,0.6751605377197266,0.03896373701691627,0.5829128021240234,0.5829128021240234,0.0,2.0,2.0
vq,3,2,330,0.7024414272308349,0.6623625233650208,0.04007890591025352,0.59255625,0.59255625,0.0,2.0,2.0
vq,3,2,331,0.6844662430763244,0.6435619928359986,0.04090424566268921,0.5890938761711121,0.5890938761711121,0.0,2.0,2.0
vq,3,2,332,0.6974364352226258,0.657653701877594,0.03978273078799248,0.5853541829109192,0.5853541829109192,0.0,2.0,2.0
vq,3,2,333,0.708582430267334,0.666806869506836,0.04177556556463242,0.5918088075637817,0.5918088075637817,0.0,2.0,2.0
vq,3,2,334,0.6945833805084228,0.6577531184196472,0.03683025340437889,0.5884557474136353,0.5884557474136353,0.0,2.0,2.0
vq,3,2,335,0.6861016242027282,0.65018751745224,0.03591410511136055,0.5780038097381591,0.5780038097381591,0.0,2.0,2.0
vq,3,2,336,0.6743050323486328,0.6384749029159545,0.03583012798428536,0.5817292468070984,0.5817292468070984,0.0,2.0,2.0
vq,3,2,337,0.6796548410415649,0.6438620753288269,0.03579276554584503,0.5798123847961426,0.5798123847961426,0.0,2.0,2.0
vq,3,2,338,0.6956801654815674,0.6558812828063965,0.03979887856841088,0.5851034605979919,0.5851034605979919,0.0,2.0,2.0
vq,3,2,339,0.6631558204650879,0.6272188773155213,0.035936941689252856,0.5819848523139953,0.5819848523139953,0.0,2.0,2.0
vq,3,2,340,0.6713150311470032,0.6331416456222534,0.03817338330149651,0.5806118971824646,0.5806118971824646,0.0,2.0,2.0
vq,3,2,341,0.6747013878822327,0.6388273574829102,0.03587403735518455,0.5868811771392822,0.5868811771392822,0.0,2.0,2.0
vq,3,2,342,0.6703775120735168,0.6325001336097718,0.03787737653255463,0.5814217405319214,0.5814217405319214,0.0,2.0,2.0
vq,3,2,343,0.6822973197937011,0.6465964387893677,0.03570087735950947,0.5831346894264221,0.5831346894264221,0.0,2.0,2.0
vq,3,2,344,0.6885475967407226,0.6515071767807007,0.037040410521626474,0.5896941360473633,0.5896941360473633,0.0,2.0,2.0
vq,3,2,345,0.7123322135925293,0.6755089645385742,0.036823247224092484,0.5860006754875183,0.5860006754875183,0.0,2.0,2.0
vq,3,2,346,0.6875769320487977,0.6500388310432434,0.037538105469942094,0.6023621932029725,0.6023621932029725,0.0,2.0,2.0
vq,3,2,347,0.7058014274597167,0.6675203309059143,0.03828109953999519,0.5827358173370362,0.5827358173370362,0.0,2.0,2.0
vq,3,2,348,0.6877118614196778,0.6454938709259033,0.042217992466688156,0.5903715168952942,0.5903715168952942,0.0,2.0,2.0
vq,3,2,349,0.6911174428939819,0.6506799063682556,0.0404375250339508,0.5843956954956054,0.5843956954956054,0.0,2.0,2.0
vq,3,2,350,0.6814994836807251,0.6453086747169494,0.0361908142387867,0.5902194320678711,0.5902194320678711,0.0,2.0,2.0
vq,3,2,351,0.673913630771637,0.6383373086929321,0.03557632322311401,0.5788569623947144,0.5788569623947144,0.0,2.0,2.0
vq,3,2,352,0.6865077079772949,0.6507495928764343,0.035758117634058,0.5844080500602722,0.5844080500602722,0.0,2.0,2.0
vq,3,2,353,0.6739750326156616,0.6346128691673278,0.039362156176567076,0.5843675415039062,0.5843675415039062,0.0,2.0,2.0
vq,3,2,354,0.6817129720687867,0.6422583374977112,0.03945463562607765,0.5785497069358826,0.5785497069358826,0.0,2.0,2.0
vq,3,2,355,0.6920984434127808,0.6473399484634399,0.0447584995508194,0.5899940298080444,0.5899940298080444,0.0,2.0,2.0
vq,3,2,356,0.6989623761177063,0.6583041313171387,0.04065823658704758,0.5920499543190002,0.5920499543190002,0.0,2.0,2.0
vq,3,2,357,0.6841153175354003,0.6451111225128174,0.0390041952252388,0.5859900359153748,0.5859900359153748,0.0,2.0,2.0
vq,3,2,358,0.69272118434906,0.655131522655487,0.03758965517282486,0.5860568143844604,0.5860568143844604,0.0,2.0,2.0
vq,3,2,359,0.6720018940925598,0.6339409029006958,0.03806098567247391,0.5785383091926575,0.5785383091926575,0.0,2.0,2.0
vq,3,2,360,0.6896651531219482,0.6499115948677063,0.03975356240272522,0.582634681224823,0.582634681224823,0.0,2.0,2.0
vq,3,2,361,0.6872793413162231,0.6486887884140015,0.03859055085778237,0.5936357657432556,0.5936357657432556,0.0,2.0,2.0
vq,3,2,362,0.6967724071502686,0.6591654125213623,0.037606993460655214,0.5790825633049012,0.5790825633049012,0.0,2.0,2.0
vq,3,2,363,0.6951534578323364,0.6505907829284668,0.04456267883181572,0.5828292767524719,0.5828292767524719,0.0,2.0,2.0
vq,3,2,364,0.6871452500343322,0.6450817506790161,0.0420635057747364,0.5820866057395935,0.5820866057395935,0.0,2.0,2.0
vq,3,2,365,0.6818360810279847,0.6445668204307556,0.03726925905942917,0.5854118259429931,0.5854118259429931,0.0,2.0,2.0
vq,3,2,366,0.7040284299850463,0.6626808078765869,0.041347622936964035,0.5786053724288941,0.5786053724288941,0.0,2.0,2.0
vq,3,2,367,0.688191936302185,0.648779046344757,0.039412903064489364,0.5943452687263489,0.5943452687263489,0.0,2.0,2.0
vq,3,2,368,0.6974886528968811,0.6554751586914063,0.04201349940896034,0.5820427618980407,0.5820427618980407,0.0,2.0,2.0
vq,3,2,369,0.6799270259857177,0.6418505312919617,0.03807650351524353,0.5805265281677247,0.5805265281677247,0.0,2.0,2.0
vq,3,2,370,0.6894343890190124,0.6503640430450439,0.03907034637928009,0.5967128879547119,0.5967128879547119,0.0,2.0,2.0
vq,3,2,371,0.6888652667999268,0.6478359000205993,0.041029371333122254,0.5836675999641419,0.5836675999641419,0.0,2.0,2.0
vq,3,2,372,0.689267077922821,0.6465286926269531,0.04273838087320328,0.5985382108688354,0.5985382108688354,0.0,2.0,2.0
vq,3,2,373,0.6922363613128663,0.6518480459213257,0.04038831563591957,0.5881334481239319,0.5881334481239319,0.0,2.0,2.0
vq,3,2,374,0.6894928337097168,0.648159748840332,0.0413330862402916,0.5808549560546875,0.5808549560546875,0.0,2.0,2.0
vq,3,2,375,0.6822762382507325,0.6398875818252564,0.042388660126924514,0.5800955157279968,0.5800955157279968,0.0,2.0,2.0
vq,3,2,376,0.6769577884674072,0.6338848413467407,0.04307295116186142,0.5922668593406677,0.5922668593406677,0.0,2.0,2.0
vq,3,2,377,0.68784161901474,0.6473165207862854,0.04052509452700615,0.5876944405555725,0.5876944405555725,0.0,2.0,2.0
vq,3,2,378,0.6971527956008912,0.6550465050697327,0.042106293404102324,0.6007593972206116,0.6007593972206116,0.0,2.0,2.0
vq,3,2,379,0.6986309595108032,0.6563002326011658,0.042330723810195925,0.5837589447021484,0.5837589447021484,0.0,2.0,2.0
vq,3,2,380,0.7119270428657531,0.6671880432128906,0.044738996893167494,0.5868456686973572,0.5868456686973572,0.0,2.0,2.0
vq,3,2,381,0.6824839591979981,0.638052622795105,0.04443134118318558,0.5906340023994446,0.5906340023994446,0.0,2.0,2.0
vq,3,2,382,0.6930472621917725,0.6497550272941589,0.043292231261730194,0.5976656556129456,0.5976656556129456,0.0,2.0,2.0
vq,3,2,383,0.6912551033020019,0.6455612199783325,0.045693889248371124,0.5856687537193298,0.5856687537193298,0.0,2.0,2.0
vq,3,2,384,0.7000926072120667,0.6552855424880981,0.04480706422924995,0.5970185291290283,0.5970185291290283,0.0,2.0,2.0
vq,3,2,385,0.6989355605125427,0.6552193936347961,0.043716162794828414,0.581760890007019,0.581760890007019,0.0,2.0,2.0
vq,3,2,386,0.6931287250518798,0.6502175185203553,0.04291119488477707,0.6060156668663025,0.6060156668663025,0.0,2.0,2.0
vq,3,2,387,0.6911137111663819,0.6464311240196228,0.04468258661031723,0.5814840667724609,0.5814840667724609,0.0,2.0,2.0
vq,3,2,388,0.6957728398323059,0.6467543852806091,0.04901846155524254,0.5885183829307556,0.5885183829307556,0.0,2.0,2.0
vq,3,2,389,0.6969002917289734,0.6564689994812012,0.040431299966573714,0.5937215874671936,0.5937215874671936,0.0,2.0,2.0
vq,3,2,390,0.7130122039794922,0.6670406229019165,0.04597157512903213,0.5827242880821228,0.5827242880821228,0.0,2.0,2.0
vq,3,2,391,0.6805277552604675,0.6385371981620789,0.041990566188097,0.5915002403259277,0.5915002403259277,0.0,2.0,2.0
vq,3,2,392,0.7038941489219666,0.6549913969993592,0.0489027613222599,0.5949361950874329,0.5949361950874329,0.0,2.0,2.0
vq,3,2,393,0.7165621520042419,0.6702458276748657,0.046316314679384234,0.5957165223121643,0.5957165223121643,0.0,2.0,2.0
vq,3,2,394,0.6984158049583435,0.6514319716453553,0.04698382893800736,0.5945020523071289,0.5945020523071289,0.0,2.0,2.0
vq,3,2,395,0.6923371629714966,0.6411064761161804,0.05123068337440491,0.5937066980361938,0.5937066980361938,0.0,2.0,2.0
vq,3,2,396,0.7081721783638001,0.654945782661438,0.05322639760971069,0.5944372275352477,0.5944372275352477,0.0,2.0,2.0
vq,3,2,397,0.7077782730102539,0.6594033103942871,0.048374962884187696,0.5834812631607056,0.5834812631607056,0.0,2.0,2.0
vq,3,2,398,0.7154811524391175,0.6656245178222656,0.04985663634538651,0.5952246732711792,0.5952246732711792,0.0,2.0,2.0
vq,3,2,399,0.7114685227394104,0.6624384206771851,0.0490301036119461,0.5924594010353088,0.5924594010353088,0.0,2.0,2.0
vq,3,2,400,0.7138005354881286,0.6671628666877747,0.046637666243314745,0.590750566482544,0.590750566482544,0.0,2.0,2.0
vq,3,2,401,0.7133512181282043,0.6591656029701233,0.054185617244243624,0.5889309225082398,0.5889309225082398,0.0,2.0,2.0
vq,3,2,402,0.6936149152755737,0.6472155319213867,0.0463993845641613,0.5939530119895935,0.5939530119895935,0.0,2.0,2.0
vq,3,2,403,0.6984347613334656,0.6509415382385254,0.04749322248697281,0.5839745933532715,0.5839745933532715,0.0,2.0,2.0
vq,3,2,404,0.7058350786209107,0.6549008273124695,0.0509342480301857,0.5902689458847046,0.5902689458847046,0.0,2.0,2.0
vq,3,2,405,0.7022986258506775,0.6502140515327454,0.052084568190574644,0.5783374131202698,0.5783374131202698,0.0,2.0,2.0
vq,3,2,406,0.6973669308662415,0.6447167181968689,0.05265021008849144,0.598054926109314,0.598054926109314,0.0,2.0,2.0
vq,3,2,407,0.7078748715400696,0.6590620197296143,0.04881284851431847,0.5965007906913757,0.5965007906913757,0.0,2.0,2.0
vq,3,2,408,0.6955282338142394,0.6429073455810547,0.05262088924050331,0.5924878059387207,0.5924878059387207,0.0,2.0,2.0
vq,3,2,409,0.6975594076156616,0.6484894641876221,0.049069933396577836,0.590513340473175,0.590513340473175,0.0,2.0,2.0
vq,3,2,410,0.6997965557098389,0.6487997804641724,0.05099677654504776,0.5795595665931702,0.5795595665931702,0.0,2.0,2.0
vq,3,2,411,0.6785845302581787,0.6283188507080079,0.05026567304134369,0.5883605097770691,0.5883605097770691,0.0,2.0,2.0
vq,3,2,412,0.700510671043396,0.6488981796264648,0.05161249790191651,0.5926532836914062,0.5926532836914062,0.0,2.0,2.0
vq,3,2,413,0.690270170211792,0.6378547662734986,0.052415404498577116,0.5981714268684387,0.5981714268684387,0.0,2.0,2.0
vq,3,2,414,0.699413722038269,0.6506620439529419,0.04875168685913086,0.5870782887458801,0.5870782887458801,0.0,2.0,2.0
vq,3,2,415,0.7066761540412902,0.6606473604202271,0.04602879788279533,0.5789564840316772,0.5789564840316772,0.0,2.0,2.0
vq,3,2,416,0.6857525271415711,0.6355179418563843,0.05023459147810936,0.5848700428962708,0.5848700428962708,0.0,2.0,2.0
vq,3,2,417,0.6905030065536499,0.6397854000091553,0.05071760398745537,0.588547082901001,0.588547082901001,0.0,2.0,2.0
vq,3,2,418,0.679804494857788,0.6320392266273499,0.04776526762247085,0.6008125323295593,0.6008125323295593,0.0,2.0,2.0
vq,3,2,419,0.6965469904899597,0.645269153881073,0.051277832639217376,0.5950104496955871,0.5950104496955871,0.0,2.0,2.0
vq,3,2,420,0.6894687788009644,0.639578841304779,0.049889936286211016,0.5913196608543396,0.5913196608543396,0.0,2.0,2.0
vq,3,2,421,0.7102479241371155,0.6554864367485046,0.05476148687005043,0.5987642237663269,0.5987642237663269,0.0,2.0,2.0
vq,3,2,422,0.7110421112060547,0.6568019876480102,0.054240130108594894,0.5850541875839234,0.5850541875839234,0.0,2.0,2.0
vq,3,2,423,0.6890081501960754,0.6364008473396301,0.05260731030702591,0.5832249588012696,0.5832249588012696,0.0,2.0,2.0
vq,3,2,424,0.6924219100952148,0.6374429617881775,0.054978950798511506,0.5972530177116394,0.5972530177116394,0.0,2.0,2.0
vq,3,2,425,0.7071127391815185,0.6525870501518249,0.054525689524412155,0.6015491422653199,0.6015491422653199,0.0,2.0,2.0
vq,3,2,426,0.7084379357337952,0.6553045969009399,0.05313335000872612,0.5839798689842224,0.5839798689842224,0.0,2.0,2.0
vq,3,2,427,0.6990242802619934,0.6477972108840943,0.05122706145644188,0.5793121473312378,0.5793121473312378,0.0,2.0,2.0
vq,3,2,428,0.7038235471725464,0.6500460236549378,0.053777520310878756,0.5999488755226136,0.5999488755226136,0.0,2.0,2.0
vq,3,2,429,0.6957361240386963,0.6413069380760192,0.05442919403910637,0.5876291505813599,0.5876291505813599,0.0,2.0,2.0
vq,3,2,430,0.6990482866287231,0.6428041394233703,0.056244151985645294,0.5903284254074097,0.5903284254074097,0.0,2.0,2.0
vq,3,2,431,0.6937134360313415,0.6409680187225342,0.05274542561173439,0.5791587699890137,0.5791587699890137,0.0,2.0,2.0
vq,3,2,432,0.7118601561546326,0.650067942905426,0.06179221336245537,0.5873959491729737,0.5873959491729737,0.0,2.0,2.0
vq,3,2,433,0.7042890362739563,0.6481664150238037,0.056122633683681485,0.5871861744880676,0.5871861744880676,0.0,2.0,2.0
vq,3,2,434,0.6937840488433837,0.6409484553337097,0.05283560008406639,0.5879593790054322,0.5879593790054322,0.0,2.0,2.0
vq,3,2,435,0.710418330192566,0.6565303369522095,0.05388799440860748,0.5942658425331115,0.5942658425331115,0.0,2.0,2.0
vq,3,2,436,0.6821168251991272,0.6267570380210876,0.05535978964567184,0.5834566722869873,0.5834566722869873,0.0,2.0,2.0
vq,3,2,437,0.6974966542243958,0.6447779672622681,0.05271868723034859,0.5881128271102906,0.5881128271102906,0.0,2.0,2.0
vq,3,2,438,0.6854418152809143,0.6297274958610535,0.05571431584954262,0.5733302548408509,0.5733302548408509,0.0,2.0,2.0
vq,3,2,439,0.6877657033920288,0.633774174118042,0.05399152902960777,0.5815710050582886,0.5815710050582886,0.0,2.0,2.0
vq,3,2,440,0.6751503204345704,0.620770043849945,0.0543802718937397,0.5842525526046753,0.5842525526046753,0.0,2.0,2.0
vq,3,2,441,0.688002313041687,0.6311779522895813,0.05682435893416405,0.5753135888099671,0.5753135888099671,0.0,2.0,2.0
vq,3,2,442,0.6950420744895935,0.6384679761886597,0.0565741015791893,0.5764490824699402,0.5764490824699402,0.0,2.0,2.0
vq,3,2,443,0.6753803817749023,0.6202364666938782,0.05514392068982124,0.5696426367759705,0.5696426367759705,0.0,2.0,2.0
vq,3,2,444,0.6799766013145446,0.6239473551273346,0.056029240667819974,0.5784939293861389,0.5784939293861389,0.0,2.0,2.0
vq,3,2,445,0.6979354602813721,0.6348223779678345,0.06311307524442673,0.5820652166366577,0.5820652166366577,0.0,2.0,2.0
vq,3,2,446,0.6815089478492736,0.6262413401603699,0.05526760677099228,0.5929320417404175,0.5929320417404175,0.0,2.0,2.0
vq,3,2,447,0.6981925713539123,0.6383066443443298,0.05988591657280922,0.5781998403549194,0.5781998403549194,0.0,2.0,2.0
vq,3,2,448,0.6899947887420654,0.6315817846298217,0.05841300871372223,0.5708615795135498,0.5708615795135498,0.0,2.0,2.0
vq,3,2,449,0.6943162930488587,0.6357950838088989,0.05852120888233185,0.5766163332939148,0.5766163332939148,0.0,2.0,2.0
vq,3,2,450,0.7010583652496338,0.6417824109077453,0.059275954878330234,0.5833279962539673,0.5833279962539673,0.0,2.0,2.0
vq,3,2,451,0.6888004324913025,0.6313028409004211,0.05749759441614151,0.5689374467849732,0.5689374467849732,0.0,2.0,2.0
vq,3,2,452,0.6964309581756591,0.639280547618866,0.057150415670871736,0.5728977644920349,0.5728977644920349,0.0,2.0,2.0
vq,3,2,453,0.6975472470283508,0.6418857382774353,0.05566150136590004,0.5679625149726868,0.5679625149726868,0.0,2.0,2.0
vq,3,2,454,0.6883962187767029,0.6286960247993469,0.059700199383497236,0.5833647457122803,0.5833647457122803,0.0,2.0,2.0
vq,3,2,455,0.6825663893699646,0.6265584812164307,0.056007908940315244,0.57251018409729,0.57251018409729,0.0,2.0,2.0
vq,3,2,456,0.705751028060913,0.6425782904624939,0.06317273777723312,0.582588473033905,0.582588473033905,0.0,2.0,2.0
vq,3,2,457,0.6943368545532227,0.6307736008644104,0.06356325536966324,0.5822647216796875,0.5822647216796875,0.0,2.0,2.0
vq,3,2,458,0.6815026571273803,0.6234443283081055,0.05805833007693291,0.5624652911186219,0.5624652911186219,0.0,2.0,2.0
vq,3,2,459,0.6878883309364319,0.6293431770324707,0.05854515439867973,0.5736767818450927,0.5736767818450927,0.0,2.0,2.0
vq,3,2,460,0.6849380860328674,0.6214011596679687,0.0635369266808033,0.5677327090263367,0.5677327090263367,0.0,2.0,2.0
vq,3,2,461,0.6907428394317627,0.6367994343757629,0.053943408060073854,0.5686115262031555,0.5686115262031555,0.0,2.0,2.0
vq,3,2,462,0.6838380927085876,0.625695283985138,0.05814279750585556,0.5681102614402771,0.5681102614402771,0.0,2.0,2.0
vq,3,2,463,0.6874325041770935,0.6285210576057434,0.05891144091486931,0.5698083601951599,0.5698083601951599,0.0,2.0,2.0
vq,3,2,464,0.692761413192749,0.636316116809845,0.056445285433530806,0.5626008184432983,0.5626008184432983,0.0,2.0,2.0
vq,3,2,465,0.6764483707427978,0.6179249466896057,0.058523428225517274,0.5629098412513733,0.5629098412513733,0.0,2.0,2.0
vq,3,2,466,0.6914648261070252,0.6319538230895996,0.05951099621653557,0.5671488286018371,0.5671488286018371,0.0,2.0,2.0
vq,3,2,467,0.6779882647514344,0.6153797391891479,0.06260852816700935,0.5734403997421265,0.5734403997421265,0.0,2.0,2.0
vq,3,2,468,0.6687918648719787,0.6117611658096314,0.057030699825286864,0.554364492893219,0.554364492893219,0.0,2.0,2.0
vq,3,2,469,0.6789745347023011,0.61713053150177,0.06184400733113289,0.5664147218704224,0.5664147218704224,0.0,2.0,2.0
vq,3,2,470,0.6961982290267944,0.6348226327896118,0.06137560617923737,0.5625862305641174,0.5625862305641174,0.0,2.0,2.0
vq,3,2,471,0.6679762573242187,0.6078047160148621,0.060171538883447645,0.5639338105201721,0.5639338105201721,0.0,2.0,2.0
vq,3,2,472,0.6780809535980225,0.6216688900947571,0.05641206552386284,0.5551718119621277,0.5551718119621277,0.0,2.0,2.0
vq,3,2,473,0.6779546478271484,0.6150844184875488,0.06287022388577461,0.5599780736923218,0.5599780736923218,0.0,2.0,2.0
vq,3,2,474,0.6898171623229981,0.6313306069374085,0.0584865499317646,0.5547027046203613,0.5547027046203613,0.0,2.0,2.0
vq,3,2,475,0.6760920207977295,0.6109983159065246,0.06509369432330131,0.5592161801338196,0.5592161801338196,0.0,2.0,2.0
vq,3,2,476,0.6599098127365113,0.6061265051841735,0.053783303219079974,0.5520644595146179,0.5520644595146179,0.0,2.0,2.0
vq,3,2,477,0.6797964963912964,0.6152830540657044,0.06451344476938248,0.5590052395820617,0.5590052395820617,0.0,2.0,2.0
vq,3,2,478,0.6746826471328735,0.620297518825531,0.05438512370586395,0.5530018484115601,0.5530018484115601,0.0,2.0,2.0
vq,3,2,479,0.6815970790863037,0.6213951150894165,0.06020197411775589,0.5509865887641907,0.5509865887641907,0.0,2.0,2.0
vq,3,2,480,0.6803592058181762,0.617912822151184,0.06244638905525207,0.5683649574279785,0.5683649574279785,0.0,2.0,2.0
vq,3,2,481,0.6772119223594666,0.6140054114341735,0.06320650255680084,0.5490888903617859,0.5490888903617859,0.0,2.0,2.0
vq,3,2,482,0.6788743653297424,0.6175403053283691,0.06133407328724861,0.5522948608398438,0.5522948608398438,0.0,2.0,2.0
vq,3,2,483,0.6778446002960206,0.619780976486206,0.05806362342834473,0.5481426440238952,0.5481426440238952,0.0,2.0,2.0
vq,3,2,484,0.669954361820221,0.6093503695487976,0.060603997051715854,0.5545171099662781,0.5545171099662781,0.0,2.0,2.0
vq,3,2,485,0.6807943789482117,0.6193474606513977,0.06144692040681839,0.5603204501152038,0.5603204501152038,0.0,2.0,2.0
vq,3,2,486,0.6837784465789795,0.6207062364578247,0.06307221680879593,0.5455689538002014,0.5455689538002014,0.0,2.0,2.0
vq,3,2,487,0.6945834881782532,0.6312134107112884,0.06337007248401642,0.558108180141449,0.558108180141449,0.0,2.0,2.0
vq,3,2,488,0.645065325832367,0.5856875465393067,0.05937777644395828,0.5558626342773437,0.5558626342773437,0.0,2.0,2.0
vq,3,2,489,0.6654503182411193,0.6063633459091187,0.05908697625994682,0.5429927196502685,0.5429927196502685,0.0,2.0,2.0
vq,3,2,490,0.6690286532402039,0.6069780445098877,0.06205060567855835,0.5529749127388001,0.5529749127388001,0.0,2.0,2.0
vq,3,2,491,0.6866213913917542,0.6208453081130981,0.06577608008980751,0.5575676962852478,0.5575676962852478,0.0,2.0,2.0
vq,3,2,492,0.6656011863708496,0.6086025904655457,0.05699859274029732,0.5433493408203125,0.5433493408203125,0.0,2.0,2.0
vq,3,2,493,0.6826516132354736,0.6148977055549621,0.06775391306877136,0.5449998373985291,0.5449998373985291,0.0,2.0,2.0
vq,3,2,494,0.6710031754493714,0.6057848960876465,0.06521826959848404,0.539967593574524,0.539967593574524,0.0,2.0,2.0
vq,3,2,495,0.6517456088066101,0.5915309253692627,0.06021468545794487,0.5591847010612487,0.5591847010612487,0.0,2.0,2.0
vq,3,2,496,0.6649813601493836,0.6017353273391723,0.0632460363984108,0.5503584587097168,0.5503584587097168,0.0,2.0,2.0
vq,3,2,497,0.6587900282859802,0.6001154123306275,0.05867461375594139,0.5516397522926331,0.5516397522926331,0.0,2.0,2.0
vq,3,2,498,0.6515248783111572,0.5866540664672851,0.06487080991268158,0.5451297901153564,0.5451297901153564,0.0,2.0,2.0
vq,3,2,499,0.6695307369232177,0.604241333770752,0.06528939655423165,0.5463781610488891,0.5463781610488891,0.0,2.0,2.0
vq,3,2,500,0.675069969177246,0.6189302278518677,0.05613974018096924,0.5466690722465515,0.5466690722465515,0.0,2.0,2.0
