model,seed,level,epoch,train_total,train_effect,train_vq,eval_total,eval_effect,eval_vq,active_codes,ema_used_codes,step_counter,last_check_step,surprise_streak,distance_mean,distance_p90,distance_p95,distance_max,surprise_support
dynamic,1,1,1,4.6179418309529625,4.6098942375183105,0.008047619884212811,4.530242659250895,4.530242659250895,0.0,1.0,1.0,10.0,0.0,0.0,,,,,
dynamic,1,1,2,4.485738474527995,4.473241068522135,0.01249738734215498,4.397207721074422,4.397207721074422,0.0,1.0,1.0,20.0,0.0,0.0,,,,,
dynamic,1,1,3,4.369324855804443,4.342197481791178,0.02712737813591957,4.269108260472615,4.269108260472615,0.0,1.0,1.0,30.0,0.0,0.0,,,,,
dynamic,1,1,4,4.260680923461914,4.214191157023112,0.04648965318997701,4.142168035507202,4.142168035507202,0.0,1.0,1.0,40.0,0.0,0.0,,,,,
dynamic,1,1,5,4.161985969543457,4.09065842628479,0.0713275330265363,4.022872797648112,4.022872797648112,0.0,1.0,1.0,50.0,0.0,0.0,,,,,
dynamic,1,1,6,4.084656836191813,3.9741620000203453,0.1104948377609253,3.910166393915812,3.910166393915812,0.0,1.0,1.0,60.0,0.0,0.0,,,,,
dynamic,1,1,7,4.022442811330159,3.864085003534953,0.15835782945156096,3.801864684422811,3.801864684422811,0.0,1.0,1.0,70.0,0.0,0.0,,,,,
dynamic,1,1,8,4.004178174336752,3.757853520711263,0.24632466395696004,3.699770002365112,3.699770002365112,0.0,1.0,1.0,80.0,0.0,0.0,,,,,
dynamic,1,1,9,4.028511479695638,3.6582186571757,0.3702927621205648,3.602559429804484,3.602559429804484,0.0,1.0,1.0,90.0,0.0,0.0,,,,,
dynamic,1,1,10,4.104839458465576,3.5617306168874103,0.5431089568138122,3.5104941018422444,3.5104941018422444,0.0,1.0,1.0,100.0,0.0,0.0,,,,,
dynamic,1,1,11,4.2419025293986,3.47355819384257,0.768344357808431,3.4222009785970053,3.4222009785970053,0.0,1.0,1.0,110.0,0.0,0.0,,,,,
dynamic,1,1,12,4.343898646036783,3.386798496246338,0.9571002006530762,3.3386164410909016,3.3386164410909016,0.0,1.0,1.0,120.0,0.0,0.0,,,,,
dynamic,1,1,13,4.464801184336344,3.3055507850646975,1.1592503611246745,3.26070226987203,3.26070226987203,0.0,1.0,1.0,130.0,0.0,0.0,,,,,
dynamic,1,1,14,4.58981138865153,3.2285865847269695,1.3612248134613036,3.1854760678609213,3.1854760678609213,0.0,1.0,1.0,140.0,0.0,0.0,,,,,
dynamic,1,1,15,4.625132204691569,3.155074717203776,1.470057388941447,3.113593953450521,3.113593953450521,0.0,1.0,1.0,150.0,0.0,0.0,,,,,
dynamic,1,1,16,4.636415576934814,3.0832465076446534,1.5531691201527913,3.043148005803426,3.043148005803426,0.0,1.0,1.0,160.0,0.0,0.0,,,,,
dynamic,1,1,17,4.64879446665446,3.0142698097229004,1.6345246521631878,2.975933205286662,2.975933205286662,0.0,1.0,1.0,170.0,0.0,0.0,,,,,
dynamic,1,1,18,4.649646263122559,2.9486099910736083,1.7010362688700358,2.912374776204427,2.912374776204427,0.0,1.0,1.0,180.0,0.0,0.0,,,,,
dynamic,1,1,19,4.632195466359456,2.886790606180827,1.745404872894287,2.8531027444203696,2.8531027444203696,0.0,1.0,1.0,190.0,0.0,0.0,,,,,
dynamic,1,1,20,4.596967455546062,2.829718271891276,1.7672492122650147,2.7981934706370035,2.7981934706370035,0.0,1.0,1.0,200.0,0.0,0.0,,,,,
dynamic,1,1,21,4.54883041381836,2.7771689319610595,1.7716614611943562,2.7459229755401613,2.7459229755401613,0.0,1.0,1.0,210.0,201.0,1.0,13.690600395202637,36.8466911315918,67.23511505126953,176.25814819335938,184.0
dynamic,1,1,22,4.510711660385132,2.7251230748494466,1.7855885219573975,2.6958452161153157,2.6958452161153157,0.0,1.0,1.0,220.0,201.0,1.0,13.690600395202637,36.8466911315918,67.23511505126953,176.25814819335938,184.0
dynamic,1,1,23,4.483646074930827,2.675117235183716,1.8085288429260253,2.6465783723195395,2.6465783723195395,0.0,1.0,1.0,230.0,201.0,1.0,13.690600395202637,36.8466911315918,67.23511505126953,176.25814819335938,184.0
dynamic,1,1,24,4.474627787272135,2.6266726652781167,1.847955233256022,2.599113817214966,2.599113817214966,0.0,1.0,1.0,240.0,201.0,1.0,13.690600395202637,36.8466911315918,67.23511505126953,176.25814819335938,184.0
dynamic,1,1,25,4.4164788500467935,2.5794371000925698,1.8370416784286498,2.5528846549987794,2.5528846549987794,0.0,1.0,1.0,250.0,201.0,1.0,13.690600395202637,36.8466911315918,67.23511505126953,176.25814819335938,184.0
dynamic,1,1,26,4.409041620890299,2.534338566462199,1.8747030703226726,2.509878085454305,2.509878085454305,0.0,1.0,1.0,260.0,201.0,1.0,13.690600395202637,36.8466911315918,67.23511505126953,176.25814819335938,184.0
dynamic,1,1,27,4.408147741953532,2.4924606196085612,1.9156870969136557,2.469201313654582,2.469201313654582,0.0,1.0,1.0,270.0,201.0,1.0,13.690600395202637,36.8466911315918,67.23511505126953,176.25814819335938,184.0
dynamic,1,1,28,4.397842260996501,2.4532803821563722,1.9445618279774983,2.4337108580271405,2.4337108580271405,0.0,1.0,1.0,280.0,201.0,1.0,13.690600395202637,36.8466911315918,67.23511505126953,176.25814819335938,184.0
dynamic,1,1,29,4.397735392252605,2.420636984507243,1.9770984172821044,2.4016157563527427,2.4016157563527427,0.0,1.0,1.0,290.0,201.0,1.0,13.690600395202637,36.8466911315918,67.23511505126953,176.25814819335938,184.0
dynamic,1,1,30,4.432928276062012,2.388406089146932,2.044522212346395,2.3711881542205813,2.3711881542205813,0.0,1.0,1.0,300.0,201.0,1.0,13.690600395202637,36.8466911315918,67.23511505126953,176.25814819335938,184.0
dynamic,1,1,31,4.628137308756511,2.835177392959595,1.7929598649342855,2.7715473492940266,2.7715473492940266,0.0,2.0,2.0,310.0,301.0,0.0,17.1677303314209,52.648826599121094,76.55886840820312,204.86109924316406,232.0
dynamic,1,1,32,4.252138779958089,2.6944669469197593,1.5576717821756998,2.606950298945109,2.606950298945109,0.0,2.0,2.0,320.0,301.0,0.0,17.1677303314209,52.648826599121094,76.55886840820312,204.86109924316406,232.0
dynamic,1,1,33,3.8456534862518312,2.528919973373413,1.3167335255940755,2.4177123578389486,2.4177123578389486,0.0,2.0,2.0,330.0,301.0,0.0,17.1677303314209,52.648826599121094,76.55886840820312,204.86109924316406,232.0
dynamic,1,1,34,3.5116547457377116,2.3683419831593833,1.1433127625783284,2.267977015177409,2.267977015177409,0.0,2.0,2.0,340.0,301.0,0.0,17.1677303314209,52.648826599121094,76.55886840820312,204.86109924316406,232.0
dynamic,1,1,35,3.1271844418843586,2.2143150679270427,0.9128693715731303,2.131801109313965,2.131801109313965,0.0,2.0,2.0,350.0,301.0,0.0,17.1677303314209,52.648826599121094,76.55886840820312,204.86109924316406,232.0
dynamic,1,1,36,2.766487782796224,2.1094413057963055,0.6570465024312337,2.0103484789530435,2.0103484789530435,0.0,2.0,2.0,360.0,301.0,0.0,17.1677303314209,52.648826599121094,76.55886840820312,204.86109924316406,232.0
dynamic,1,1,37,2.4905268287658693,2.0236778418223063,0.4668490207195282,1.9128004582722982,1.9128004582722982,0.0,2.0,2.0,370.0,301.0,0.0,17.1677303314209,52.648826599121094,76.55886840820312,204.86109924316406,232.0
dynamic,1,1,38,2.2381455834706623,1.9267212629318238,0.3114242986838023,1.8355356709162394,1.8355356709162394,0.0,2.0,2.0,380.0,301.0,0.0,17.1677303314209,52.648826599121094,76.55886840820312,204.86109924316406,232.0
dynamic,1,1,39,2.1151233259836832,1.8627737394968669,0.252349587281545,1.8065097602208455,1.8065097602208455,0.0,2.0,2.0,390.0,301.0,0.0,17.1677303314209,52.648826599121094,76.55886840820312,204.86109924316406,232.0
dynamic,1,1,40,1.9513235378265381,1.70678497950236,0.24453856647014618,1.6924787092208862,1.6924787092208862,0.0,2.0,2.0,400.0,301.0,0.0,17.1677303314209,52.648826599121094,76.55886840820312,204.86109924316406,232.0
dynamic,1,1,41,1.8525626595815023,1.6207451725006103,0.2318174825112025,1.5598380168279011,1.5598380168279011,0.0,2.0,2.0,410.0,401.0,1.0,1.7799832820892334,6.123387336730957,8.425494194030762,16.128355026245117,87.0
dynamic,1,1,42,1.7546546506881713,1.5450405089060466,0.20961413224538167,1.4804989846547445,1.4804989846547445,0.0,2.0,2.0,420.0,401.0,1.0,1.7799832820892334,6.123387336730957,8.425494194030762,16.128355026245117,87.0
dynamic,1,1,43,1.6248203404744466,1.438124958674113,0.1866953976949056,1.422103742758433,1.422103742758433,0.0,2.0,2.0,430.0,401.0,1.0,1.7799832820892334,6.123387336730957,8.425494194030762,16.128355026245117,87.0
dynamic,1,1,44,1.5601504818598428,1.400234359105428,0.15991611361503602,1.3717369262377421,1.3717369262377421,0.0,2.0,2.0,440.0,401.0,1.0,1.7799832820892334,6.123387336730957,8.425494194030762,16.128355026245117,87.0
dynamic,1,1,45,1.4855728689829508,1.3426468261082967,0.14292605131864547,1.3241518719991048,1.3241518719991048,0.0,2.0,2.0,450.0,401.0,1.0,1.7799832820892334,6.123387336730957,8.425494194030762,16.128355026245117,87.0
dynamic,1,1,46,1.4218088722229003,1.2934617265065511,0.12834714909394582,1.2728721872965494,1.2728721872965494,0.0,2.0,2.0,460.0,401.0,1.0,1.7799832820892334,6.123387336730957,8.425494194030762,16.128355026245117,87.0
dynamic,1,1,47,1.3668062210083007,1.2599708461761474,0.10683537423610687,1.2428461456298827,1.2428461456298827,0.0,2.0,2.0,470.0,401.0,1.0,1.7799832820892334,6.123387336730957,8.425494194030762,16.128355026245117,87.0
dynamic,1,1,48,1.310335644086202,1.2313475592931111,0.07898808052142461,1.2141246342658996,1.2141246342658996,0.0,2.0,2.0,480.0,401.0,1.0,1.7799832820892334,6.123387336730957,8.425494194030762,16.128355026245117,87.0
dynamic,1,1,49,1.262819881439209,1.2037442779541017,0.05907560517390569,1.1938199504216511,1.1938199504216511,0.0,2.0,2.0,490.0,401.0,1.0,1.7799832820892334,6.123387336730957,8.425494194030762,16.128355026245117,87.0
dynamic,1,1,50,1.2454362392425538,1.1961032883326213,0.049332962532838184,1.1840382893880208,1.1840382893880208,0.0,2.0,2.0,500.0,401.0,1.0,1.7799832820892334,6.123387336730957,8.425494194030762,16.128355026245117,87.0
dynamic,1,1,51,1.2746176973978678,1.2330148871739706,0.041602804859479266,1.1645782160758973,1.1645782160758973,0.0,2.0,2.0,510.0,501.0,0.0,0.28394585847854614,0.6542506814002991,0.8684897422790527,1.6737556457519531,10.0
dynamic,1,1,52,1.214183497428894,1.1728011639912923,0.04138233010967573,1.1339665349324544,1.1339665349324544,0.0,2.0,2.0,520.0,501.0,0.0,0.28394585847854614,0.6542506814002991,0.8684897422790527,1.6737556457519531,10.0
dynamic,1,1,53,1.1903332885106404,1.1428628500302633,0.04747043391068777,1.1128890109062195,1.1128890109062195,0.0,2.0,2.0,530.0,501.0,0.0,0.28394585847854614,0.6542506814002991,0.8684897422790527,1.6737556457519531,10.0
dynamic,1,1,54,1.1628943618138632,1.114077827135722,0.04881652921438217,1.0979625916481017,1.0979625916481017,0.0,2.0,2.0,540.0,501.0,0.0,0.28394585847854614,0.6542506814002991,0.8684897422790527,1.6737556457519531,10.0
dynamic,1,1,55,1.1484683052698772,1.0990253019332885,0.049443009346723556,1.0831366233030955,1.0831366233030955,0.0,2.0,2.0,550.0,501.0,0.0,0.28394585847854614,0.6542506814002991,0.8684897422790527,1.6737556457519531,10.0
dynamic,1,1,56,1.124635934829712,1.076795372168223,0.04784056593974431,1.0677943845589957,1.0677943845589957,0.0,2.0,2.0,560.0,501.0,0.0,0.28394585847854614,0.6542506814002991,0.8684897422790527,1.6737556457519531,10.0
dynamic,1,1,57,1.1065210167566935,1.060994380315145,0.0455266384780407,1.0516146210829418,1.0516146210829418,0.0,2.0,2.0,570.0,501.0,0.0,0.28394585847854614,0.6542506814002991,0.8684897422790527,1.6737556457519531,10.0
dynamic,1,1,58,1.0899709796905517,1.0452416491508485,0.04472931543986003,1.0360404706001283,1.0360404706001283,0.0,2.0,2.0,580.0,501.0,0.0,0.28394585847854614,0.6542506814002991,0.8684897422790527,1.6737556457519531,10.0
dynamic,1,1,59,1.07702645778656,1.029778881072998,0.04724757631619771,1.0210799646377564,1.0210799646377564,0.0,2.0,2.0,590.0,501.0,0.0,0.28394585847854614,0.6542506814002991,0.8684897422790527,1.6737556457519531,10.0
dynamic,1,1,60,1.0675341749191285,1.0213811635971068,0.04615300382177035,1.0066005969047547,1.0066005969047547,0.0,2.0,2.0,600.0,501.0,0.0,0.28394585847854614,0.6542506814002991,0.8684897422790527,1.6737556457519531,10.0
dynamic,1,1,61,1.0454619240760803,1.0008944662412007,0.04456744015216827,0.993185099363327,0.993185099363327,0.0,2.0,2.0,610.0,601.0,1.0,0.3650566041469574,0.9607199430465698,1.4342988729476929,3.4318125247955322,25.0
dynamic,1,1,62,1.0319992129007975,0.9876530758539835,0.04434616406758626,0.980019820133845,0.980019820133845,0.0,2.0,2.0,620.0,601.0,1.0,0.3650566041469574,0.9607199430465698,1.4342988729476929,3.4318125247955322,25.0
dynamic,1,1,63,1.0180166832605997,0.9747922166188558,0.043224469621976215,0.9676137252648671,0.9676137252648671,0.0,2.0,2.0,630.0,601.0,1.0,0.3650566041469574,0.9607199430465698,1.4342988729476929,3.4318125247955322,25.0
dynamic,1,1,64,1.005860946973165,0.9626418654123942,0.043219082007805505,0.9559555713335673,0.9559555713335673,0.0,2.0,2.0,640.0,601.0,1.0,0.3650566041469574,0.9607199430465698,1.4342988729476929,3.4318125247955322,25.0
dynamic,1,1,65,0.9951414140065511,0.9512088990211487,0.04393249750137329,0.9450305028756459,0.9450305028756459,0.0,2.0,2.0,650.0,601.0,1.0,0.3650566041469574,0.9607199430465698,1.4342988729476929,3.4318125247955322,25.0
dynamic,1,1,66,0.9942583926518758,0.947440394560496,0.04681800405184428,0.9346250490347544,0.9346250490347544,0.0,2.0,2.0,660.0,601.0,1.0,0.3650566041469574,0.9607199430465698,1.4342988729476929,3.4318125247955322,25.0
dynamic,1,1,67,0.9779687722524008,0.9302599986394247,0.04770877589782079,0.9244544136524201,0.9244544136524201,0.0,2.0,2.0,670.0,601.0,1.0,0.3650566041469574,0.9607199430465698,1.4342988729476929,3.4318125247955322,25.0
dynamic,1,1,68,0.9724415055910747,0.9270603203773499,0.04538118879000346,0.9145980048179626,0.9145980048179626,0.0,2.0,2.0,680.0,601.0,1.0,0.3650566041469574,0.9607199430465698,1.4342988729476929,3.4318125247955322,25.0
dynamic,1,1,69,0.9600586382548014,0.9174770720799764,0.04258155465126037,0.9053372746706009,0.9053372746706009,0.0,2.0,2.0,690.0,601.0,1.0,0.3650566041469574,0.9607199430465698,1.4342988729476929,3.4318125247955322,25.0
dynamic,1,1,70,0.943676217397054,0.9016240056355794,0.042052222539981206,0.8967232555150986,0.8967232555150986,0.0,2.0,2.0,700.0,601.0,1.0,0.3650566041469574,0.9607199430465698,1.4342988729476929,3.4318125247955322,25.0
dynamic,1,1,71,0.9814828197161357,0.9485237089792887,0.032959102292855584,0.9198205216725668,0.9198205216725668,0.0,3.0,3.0,710.0,701.0,0.0,0.3402089476585388,0.7326294779777527,1.2977031469345093,2.964508056640625,16.0
dynamic,1,1,72,0.9468376541137695,0.9166165113449096,0.03022114815811316,0.8972949314117432,0.8972949314117432,0.0,3.0,3.0,720.0,701.0,0.0,0.3402089476585388,0.7326294779777527,1.2977031469345093,2.964508056640625,16.0
dynamic,1,1,73,0.9296197986602783,0.8991913056373596,0.03042849838733673,0.8909405616919199,0.8909405616919199,0.0,3.0,3.0,730.0,701.0,0.0,0.3402089476585388,0.7326294779777527,1.2977031469345093,2.964508056640625,16.0
dynamic,1,1,74,0.9299327985445658,0.8974630014101664,0.03246979529658953,0.8856566123167674,0.8856566123167674,0.0,3.0,3.0,740.0,701.0,0.0,0.3402089476585388,0.7326294779777527,1.2977031469345093,2.964508056640625,16.0
dynamic,1,1,75,0.9192764290173848,0.8861363355318705,0.03314010168115298,0.8848963008324305,0.8848963008324305,0.0,3.0,3.0,750.0,701.0,0.0,0.3402089476585388,0.7326294779777527,1.2977031469345093,2.964508056640625,16.0
dynamic,1,1,76,0.9148994342486063,0.8797302563985189,0.03516918356219927,0.8747751394907634,0.8747751394907634,0.0,3.0,3.0,760.0,701.0,0.0,0.3402089476585388,0.7326294779777527,1.2977031469345093,2.964508056640625,16.0
dynamic,1,1,77,0.905218981107076,0.8715755311648051,0.03364344110091527,0.8610265195369721,0.8610265195369721,0.0,3.0,3.0,770.0,701.0,0.0,0.3402089476585388,0.7326294779777527,1.2977031469345093,2.964508056640625,16.0
dynamic,1,1,78,0.9015270177523295,0.8679481021563212,0.033578919967015584,0.8551768720149994,0.8551768720149994,0.0,3.0,3.0,780.0,701.0,0.0,0.3402089476585388,0.7326294779777527,1.2977031469345093,2.964508056640625,16.0
dynamic,1,1,79,0.8960581922531128,0.8616929467519124,0.03436525593201319,0.8464468602339427,0.8464468602339427,0.0,3.0,3.0,790.0,701.0,0.0,0.3402089476585388,0.7326294779777527,1.2977031469345093,2.964508056640625,16.0
dynamic,1,1,80,0.8823774512608846,0.8501056377092997,0.03227181404829025,0.8438994481166204,0.8438994481166204,0.0,3.0,3.0,800.0,701.0,0.0,0.3402089476585388,0.7326294779777527,1.2977031469345093,2.964508056640625,16.0
dynamic,1,1,81,0.8827200977007548,0.8489174270629882,0.03380266179641088,0.8429022794961929,0.8429022794961929,0.0,3.0,3.0,810.0,801.0,0.0,0.27034640312194824,0.5809155106544495,0.8292864561080933,3.1321792602539062,8.0
dynamic,1,1,82,0.8734513211250305,0.8399065899848938,0.033544735312461854,0.8358169772227605,0.8358169772227605,0.0,3.0,3.0,820.0,801.0,0.0,0.27034640312194824,0.5809155106544495,0.8292864561080933,3.1321792602539062,8.0
dynamic,1,1,83,0.8743985382715861,0.8412999971707662,0.03309854378302892,0.8340233751138051,0.8340233751138051,0.0,3.0,3.0,830.0,801.0,0.0,0.27034640312194824,0.5809155106544495,0.8292864561080933,3.1321792602539062,8.0
dynamic,1,1,84,0.8639513754844665,0.8317529861132303,0.03219839538137118,0.8322175923983256,0.8322175923983256,0.0,3.0,3.0,840.0,801.0,0.0,0.27034640312194824,0.5809155106544495,0.8292864561080933,3.1321792602539062,8.0
dynamic,1,1,85,0.8677186902364095,0.8343216506640116,0.03339704737067223,0.8198659809430441,0.8198659809430441,0.0,3.0,3.0,850.0,801.0,0.0,0.27034640312194824,0.5809155106544495,0.8292864561080933,3.1321792602539062,8.0
dynamic,1,1,86,0.8641453496615092,0.8306829436620077,0.033462406992912294,0.8131551464398702,0.8131551464398702,0.0,3.0,3.0,860.0,801.0,0.0,0.27034640312194824,0.5809155106544495,0.8292864561080933,3.1321792602539062,8.0
dynamic,1,1,87,0.8632611640294393,0.8247794389724732,0.03848173126578331,0.8115547384818395,0.8115547384818395,0.0,3.0,3.0,870.0,801.0,0.0,0.27034640312194824,0.5809155106544495,0.8292864561080933,3.1321792602539062,8.0
dynamic,1,1,88,0.8597126817703247,0.8197991299629211,0.03991355285048485,0.8012444925308227,0.8012444925308227,0.0,3.0,3.0,880.0,801.0,0.0,0.27034640312194824,0.5809155106544495,0.8292864561080933,3.1321792602539062,8.0
dynamic,1,1,89,0.8496431008974711,0.8066956893603007,0.042947415510813394,0.792685489654541,0.792685489654541,0.0,3.0,3.0,890.0,801.0,0.0,0.27034640312194824,0.5809155106544495,0.8292864561080933,3.1321792602539062,8.0
dynamic,1,1,90,0.8535804669062297,0.814616916179657,0.03896354605754217,0.7861590828498205,0.7861590828498205,0.0,3.0,3.0,900.0,801.0,0.0,0.27034640312194824,0.5809155106544495,0.8292864561080933,3.1321792602539062,8.0
dynamic,1,1,91,0.8289303263028462,0.7916415015856425,0.0372888295352459,0.7818897100289662,0.7818897100289662,0.0,3.0,3.0,910.0,901.0,1.0,0.32450777292251587,0.8425078988075256,1.3104524612426758,2.623450756072998,19.0
dynamic,1,1,92,0.8169480895996094,0.7825900348027547,0.03435805276036263,0.7728981286287308,0.7728981286287308,0.0,3.0,3.0,920.0,901.0,1.0,0.32450777292251587,0.8425078988075256,1.3104524612426758,2.623450756072998,19.0
dynamic,1,1,93,0.8221994781494141,0.7877025008201599,0.034496978024641675,0.7671786385774613,0.7671786385774613,0.0,3.0,3.0,930.0,901.0,1.0,0.32450777292251587,0.8425078988075256,1.3104524612426758,2.623450756072998,19.0
dynamic,1,1,94,0.821340823173523,0.7823310033480326,0.03900982702771823,0.7623056008418401,0.7623056008418401,0.0,3.0,3.0,940.0,901.0,1.0,0.32450777292251587,0.8425078988075256,1.3104524612426758,2.623450756072998,19.0
dynamic,1,1,95,0.8121943291028341,0.7712844276428222,0.04090989629427592,0.7585344450672468,0.7585344450672468,0.0,3.0,3.0,950.0,901.0,1.0,0.32450777292251587,0.8425078988075256,1.3104524612426758,2.623450756072998,19.0
dynamic,1,1,96,0.8040324807167053,0.7620305355389912,0.042001943389574685,0.7564841865499814,0.7564841865499814,0.0,3.0,3.0,960.0,901.0,1.0,0.32450777292251587,0.8425078988075256,1.3104524612426758,2.623450756072998,19.0
dynamic,1,1,97,0.7949753212928772,0.7562698809305827,0.03870543599128723,0.7531737472613652,0.7531737472613652,0.0,3.0,3.0,970.0,901.0,1.0,0.32450777292251587,0.8425078988075256,1.3104524612426758,2.623450756072998,19.0
dynamic,1,1,98,0.8041107320785522,0.762472791671753,0.0416379297276338,0.751882088581721,0.751882088581721,0.0,3.0,3.0,980.0,901.0,1.0,0.32450777292251587,0.8425078988075256,1.3104524612426758,2.623450756072998,19.0
dynamic,1,1,99,0.8070688327153523,0.7582251834869385,0.048843643267949426,0.7486618603269259,0.7486618603269259,0.0,3.0,3.0,990.0,901.0,1.0,0.32450777292251587,0.8425078988075256,1.3104524612426758,2.623450756072998,19.0
dynamic,1,1,100,0.8054140933354695,0.7543935815493266,0.05102050979932149,0.7457951312263806,0.7457951312263806,0.0,3.0,3.0,1000.0,901.0,1.0,0.32450777292251587,0.8425078988075256,1.3104524612426758,2.623450756072998,19.0
dynamic,1,1,101,0.8512338455518087,0.8081372952461243,0.04309654941161473,0.7566448764006297,0.7566448764006297,0.0,4.0,4.0,1010.0,1001.0,0.0,0.40148717164993286,0.8898916840553284,1.1469529867172241,4.537467956542969,16.0
dynamic,1,1,102,0.8144569969177247,0.7749228199323018,0.03953418264786402,0.7511723476648331,0.7511723476648331,0.0,4.0,4.0,1020.0,1001.0,0.0,0.40148717164993286,0.8898916840553284,1.1469529867172241,4.537467956542969,16.0
dynamic,1,1,103,0.8060211523373921,0.7667699209849039,0.03925122266014417,0.7704335755109787,0.7704335755109787,0.0,4.0,4.0,1030.0,1001.0,0.0,0.40148717164993286,0.8898916840553284,1.1469529867172241,4.537467956542969,16.0
dynamic,1,1,104,0.8068834241231283,0.7678335380554199,0.03904988984266917,0.7736756692330042,0.7736756692330042,0.0,4.0,4.0,1040.0,1001.0,0.0,0.40148717164993286,0.8898916840553284,1.1469529867172241,4.537467956542969,16.0
dynamic,1,1,105,0.811239431699117,0.7710351292292277,0.04020430326461792,0.7409018049637477,0.7409018049637477,0.0,4.0,4.0,1050.0,1001.0,0.0,0.40148717164993286,0.8898916840553284,1.1469529867172241,4.537467956542969,16.0
dynamic,1,1,106,0.7939389729499817,0.7532415270805359,0.040697450240453084,0.7397641507784526,0.7397641507784526,0.0,4.0,4.0,1060.0,1001.0,0.0,0.40148717164993286,0.8898916840553284,1.1469529867172241,4.537467956542969,16.0
dynamic,1,1,107,0.7886708561579386,0.7500019574165344,0.0386688952644666,0.7399517625570298,0.7399517625570298,0.0,4.0,4.0,1070.0,1001.0,0.0,0.40148717164993286,0.8898916840553284,1.1469529867172241,4.537467956542969,16.0
dynamic,1,1,108,0.7845149962107341,0.7469576319058736,0.037557356804609296,0.7382165918747584,0.7382165918747584,0.0,4.0,4.0,1080.0,1001.0,0.0,0.40148717164993286,0.8898916840553284,1.1469529867172241,4.537467956542969,16.0
dynamic,1,1,109,0.7828503592809042,0.7471066880226135,0.035743663708368935,0.7368912007411321,0.7368912007411321,0.0,4.0,4.0,1090.0,1001.0,0.0,0.40148717164993286,0.8898916840553284,1.1469529867172241,4.537467956542969,16.0
dynamic,1,1,110,0.7769780095418294,0.7459349632263184,0.031043050289154054,0.7356190750996272,0.7356190750996272,0.0,4.0,4.0,1100.0,1001.0,0.0,0.40148717164993286,0.8898916840553284,1.1469529867172241,4.537467956542969,16.0
dynamic,1,1,111,0.7738508534431457,0.744372554620107,0.029478297829627992,0.7372922853628794,0.7372922853628794,0.0,4.0,4.0,1110.0,1101.0,0.0,0.25154924392700195,0.5972527265548706,0.8073012232780457,1.4643917083740234,4.0
dynamic,1,1,112,0.7712975446383158,0.7428736503918966,0.028423891589045524,0.73365680595239,0.73365680595239,0.0,4.0,4.0,1120.0,1101.0,0.0,0.25154924392700195,0.5972527265548706,0.8073012232780457,1.4643917083740234,4.0
dynamic,1,1,113,0.7702126328150432,0.7409228706359863,0.02928976317246755,0.7304167888561884,0.7304167888561884,0.0,4.0,4.0,1130.0,1101.0,0.0,0.25154924392700195,0.5972527265548706,0.8073012232780457,1.4643917083740234,4.0
dynamic,1,1,114,0.7652901061375936,0.7350167258580526,0.030273385246594748,0.7266826218366623,0.7266826218366623,0.0,4.0,4.0,1140.0,1101.0,0.0,0.25154924392700195,0.5972527265548706,0.8073012232780457,1.4643917083740234,4.0
dynamic,1,1,115,0.7664017772674561,0.7357962489128113,0.030605520109335583,0.7255896868308386,0.7255896868308386,0.0,4.0,4.0,1150.0,1101.0,0.0,0.25154924392700195,0.5972527265548706,0.8073012232780457,1.4643917083740234,4.0
dynamic,1,1,116,0.764616900285085,0.7333318956693013,0.03128500372171402,0.7233256922165553,0.7233256922165553,0.0,4.0,4.0,1160.0,1101.0,0.0,0.25154924392700195,0.5972527265548706,0.8073012232780457,1.4643917083740234,4.0
dynamic,1,1,117,0.7605703767140707,0.7289722498257954,0.03159813384215037,0.7206429721911748,0.7206429721911748,0.0,4.0,4.0,1170.0,1101.0,0.0,0.25154924392700195,0.5972527265548706,0.8073012232780457,1.4643917083740234,4.0
dynamic,1,1,118,0.7588463544845581,0.727642126083374,0.031204233715931576,0.7219847867886225,0.7219847867886225,0.0,4.0,4.0,1180.0,1101.0,0.0,0.25154924392700195,0.5972527265548706,0.8073012232780457,1.4643917083740234,4.0
dynamic,1,1,119,0.7593467919031779,0.7288160188992818,0.030530773450930915,0.7228965826829274,0.7228965826829274,0.0,4.0,4.0,1190.0,1101.0,0.0,0.25154924392700195,0.5972527265548706,0.8073012232780457,1.4643917083740234,4.0
dynamic,1,1,120,0.7571292527516683,0.726718594233195,0.030410663535197575,0.718755089044571,0.718755089044571,0.0,4.0,4.0,1200.0,1101.0,0.0,0.25154924392700195,0.5972527265548706,0.8073012232780457,1.4643917083740234,4.0
dynamic,1,1,121,0.7633642633756001,0.7308060789108276,0.03255819062391917,0.7188843313852946,0.7188843313852946,0.0,4.0,4.0,1210.0,1201.0,0.0,0.2552780210971832,0.5636923909187317,0.7959868907928467,1.4260406494140625,5.0
dynamic,1,1,122,0.7621348770459493,0.72827738682429,0.033857489253083864,0.7197038946549098,0.7197038946549098,0.0,4.0,4.0,1220.0,1201.0,0.0,0.2552780210971832,0.5636923909187317,0.7959868907928467,1.4260406494140625,5.0
dynamic,1,1,123,0.7570892826716105,0.7269514083862305,0.03013787234822909,0.7214521561066309,0.7214521561066309,0.0,4.0,4.0,1230.0,1201.0,0.0,0.2552780210971832,0.5636923909187317,0.7959868907928467,1.4260406494140625,5.0
dynamic,1,1,124,0.7559128848711649,0.7290617601076762,0.02685111279288928,0.7199173233906428,0.7199173233906428,0.0,4.0,4.0,1240.0,1201.0,0.0,0.2552780210971832,0.5636923909187317,0.7959868907928467,1.4260406494140625,5.0
dynamic,1,1,125,0.7500165939331055,0.7231940984725952,0.026822494392593703,0.720715551773707,0.720715551773707,0.0,4.0,4.0,1250.0,1201.0,0.0,0.2552780210971832,0.5636923909187317,0.7959868907928467,1.4260406494140625,5.0
dynamic,1,1,126,0.750904450416565,0.7237480878829956,0.02715636871755123,0.7179544909795126,0.7179544909795126,0.0,4.0,4.0,1260.0,1201.0,0.0,0.2552780210971832,0.5636923909187317,0.7959868907928467,1.4260406494140625,5.0
dynamic,1,1,127,0.7552418875694275,0.7255240281422933,0.02971786305308342,0.7178201216459275,0.7178201216459275,0.0,4.0,4.0,1270.0,1201.0,0.0,0.2552780210971832,0.5636923909187317,0.7959868907928467,1.4260406494140625,5.0
dynamic,1,1,128,0.7540361515680949,0.7245243167877198,0.029511828819910685,0.7160518987973531,0.7160518987973531,0.0,4.0,4.0,1280.0,1201.0,0.0,0.2552780210971832,0.5636923909187317,0.7959868907928467,1.4260406494140625,5.0
dynamic,1,1,129,0.7525065406163534,0.7232995923360189,0.029206953893105188,0.7140417963266372,0.7140417963266372,0.0,4.0,4.0,1290.0,1201.0,0.0,0.2552780210971832,0.5636923909187317,0.7959868907928467,1.4260406494140625,5.0
dynamic,1,1,130,0.7483117890357971,0.7200249902407329,0.028286794026692708,0.7124493191639583,0.7124493191639583,0.0,4.0,4.0,1300.0,1201.0,0.0,0.2552780210971832,0.5636923909187317,0.7959868907928467,1.4260406494140625,5.0
dynamic,1,1,131,0.7468852154413859,0.7182749509811401,0.028610273202260336,0.7123244261741638,0.7123244261741638,0.0,4.0,4.0,1310.0,1301.0,0.0,0.23632878065109253,0.5346635580062866,0.713699221611023,1.6847820281982422,6.0
dynamic,1,1,132,0.7440222430229188,0.714587349096934,0.029434891790151595,0.7108378823598226,0.7108378823598226,0.0,4.0,4.0,1320.0,1301.0,0.0,0.23632878065109253,0.5346635580062866,0.713699221611023,1.6847820281982422,6.0
dynamic,1,1,133,0.7463930336634318,0.7150290409723917,0.031363987972339,0.708032342394193,0.708032342394193,0.0,4.0,4.0,1330.0,1301.0,0.0,0.23632878065109253,0.5346635580062866,0.713699221611023,1.6847820281982422,6.0
dynamic,1,1,134,0.7509090892473856,0.7173474049568176,0.03356167097886403,0.709202194015185,0.709202194015185,0.0,4.0,4.0,1340.0,1301.0,0.0,0.23632878065109253,0.5346635580062866,0.713699221611023,1.6847820281982422,6.0
dynamic,1,1,135,0.7526507878303528,0.7153823590278625,0.037268434961636863,0.7014296410481135,0.7014296410481135,0.0,4.0,4.0,1350.0,1301.0,0.0,0.23632878065109253,0.5346635580062866,0.713699221611023,1.6847820281982422,6.0
dynamic,1,1,136,0.7428458333015442,0.7083820048967997,0.03446382731199264,0.6975290042161941,0.6975290042161941,0.0,4.0,4.0,1360.0,1301.0,0.0,0.23632878065109253,0.5346635580062866,0.713699221611023,1.6847820281982422,6.0
dynamic,1,1,137,0.7382690318425497,0.7057425514856974,0.03252648045619329,0.7041059255599975,0.7041059255599975,0.0,4.0,4.0,1370.0,1301.0,0.0,0.23632878065109253,0.5346635580062866,0.713699221611023,1.6847820281982422,6.0
dynamic,1,1,138,0.7455826187133789,0.711619455019633,0.0339631624519825,0.7038567399978638,0.7038567399978638,0.0,4.0,4.0,1380.0,1301.0,0.0,0.23632878065109253,0.5346635580062866,0.713699221611023,1.6847820281982422,6.0
dynamic,1,1,139,0.7432033109664917,0.7084811766942342,0.03472213427225749,0.6938305602471033,0.6938305602471033,0.0,4.0,4.0,1390.0,1301.0,0.0,0.23632878065109253,0.5346635580062866,0.713699221611023,1.6847820281982422,6.0
dynamic,1,1,140,0.7425125710169475,0.7050850097338358,0.03742756520708402,0.6931869304180145,0.6931869304180145,0.0,4.0,4.0,1400.0,1301.0,0.0,0.23632878065109253,0.5346635580062866,0.713699221611023,1.6847820281982422,6.0
dynamic,1,1,141,0.7504444742202758,0.7119020549456279,0.03854241689046224,0.686825595498085,0.686825595498085,0.0,4.0,4.0,1410.0,1401.0,0.0,0.30200862884521484,0.7670004367828369,0.9056732654571533,1.9455949068069458,7.0
dynamic,1,1,142,0.7485471129417419,0.7125536608695984,0.03599345088005066,0.6871229347586632,0.6871229347586632,0.0,4.0,4.0,1420.0,1401.0,0.0,0.30200862884521484,0.7670004367828369,0.9056732654571533,1.9455949068069458,7.0
dynamic,1,1,143,0.7474801198641459,0.7112783201535543,0.03620180288950602,0.6840518298745155,0.6840518298745155,0.0,4.0,4.0,1430.0,1401.0,0.0,0.30200862884521484,0.7670004367828369,0.9056732654571533,1.9455949068069458,7.0
dynamic,1,1,144,0.7304346140225728,0.695324608484904,0.03511000355084737,0.6944877137740453,0.6944877137740453,0.0,4.0,4.0,1440.0,1401.0,0.0,0.30200862884521484,0.7670004367828369,0.9056732654571533,1.9455949068069458,7.0
dynamic,1,1,145,0.7429742956161499,0.7056425547599793,0.03733173857132594,0.7032253437240918,0.7032253437240918,0.0,4.0,4.0,1450.0,1401.0,0.0,0.30200862884521484,0.7670004367828369,0.9056732654571533,1.9455949068069458,7.0
dynamic,1,1,146,0.7458265701929728,0.7075522033373515,0.038274359454711276,0.6728227020303408,0.6728227020303408,0.0,4.0,4.0,1460.0,1401.0,0.0,0.30200862884521484,0.7670004367828369,0.9056732654571533,1.9455949068069458,7.0
dynamic,1,1,147,0.7374945267041524,0.699163711865743,0.038330819457769394,0.6772049246231715,0.6772049246231715,0.0,4.0,4.0,1470.0,1401.0,0.0,0.30200862884521484,0.7670004367828369,0.9056732654571533,1.9455949068069458,7.0
dynamic,1,1,148,0.7379479463895162,0.7000805966059367,0.03786735663811366,0.7058190533518791,0.7058190533518791,0.0,4.0,4.0,1480.0,1401.0,0.0,0.30200862884521484,0.7670004367828369,0.9056732654571533,1.9455949068069458,7.0
dynamic,1,1,149,0.7328541127840678,0.6938106942176819,0.03904342100024223,0.6891350355744362,0.6891350355744362,0.0,4.0,4.0,1490.0,1401.0,0.0,0.30200862884521484,0.7670004367828369,0.9056732654571533,1.9455949068069458,7.0
dynamic,1,1,150,0.7298598837852478,0.6905985236167907,0.039261358678340914,0.712495089272658,0.712495089272658,0.0,4.0,4.0,1500.0,1401.0,0.0,0.30200862884521484,0.7670004367828369,0.9056732654571533,1.9455949068069458,7.0
dynamic,1,1,151,0.7622163430849711,0.720512592792511,0.041703755309184395,0.7338283839821815,0.7338283839821815,0.0,4.0,4.0,1510.0,1501.0,0.0,0.3084161579608917,0.678902268409729,0.9090195894241333,1.6020843982696533,9.0
dynamic,1,1,152,0.7404184524218241,0.6965318298339844,0.04388661389549573,0.7009917013843854,0.7009917013843854,0.0,4.0,4.0,1520.0,1501.0,0.0,0.3084161579608917,0.678902268409729,0.9090195894241333,1.6020843982696533,9.0
dynamic,1,1,153,0.7586321798960368,0.7172061165173849,0.041426074355840684,0.6807639380296071,0.6807639380296071,0.0,4.0,4.0,1530.0,1501.0,0.0,0.3084161579608917,0.678902268409729,0.9090195894241333,1.6020843982696533,9.0
dynamic,1,1,154,0.7325958077112834,0.6922902075449625,0.04030560965339343,0.6905000479022662,0.6905000479022662,0.0,4.0,4.0,1540.0,1501.0,0.0,0.3084161579608917,0.678902268409729,0.9090195894241333,1.6020843982696533,9.0
dynamic,1,1,155,0.7376513250668844,0.6955468861262003,0.04210444192091624,0.7254194778203964,0.7254194778203964,0.0,4.0,4.0,1550.0,1501.0,0.0,0.3084161579608917,0.678902268409729,0.9090195894241333,1.6020843982696533,9.0
dynamic,1,1,156,0.7362809268633524,0.6934031097094218,0.04287781938910484,0.6906022913257281,0.6906022913257281,0.0,4.0,4.0,1560.0,1501.0,0.0,0.3084161579608917,0.678902268409729,0.9090195894241333,1.6020843982696533,9.0
dynamic,1,1,157,0.7314001337687175,0.6879552086194356,0.043444929917653405,0.76524994323651,0.76524994323651,0.0,4.0,4.0,1570.0,1501.0,0.0,0.3084161579608917,0.678902268409729,0.9090195894241333,1.6020843982696533,9.0
dynamic,1,1,158,0.758362238407135,0.7107061767578124,0.047656064132849375,0.781536078552405,0.781536078552405,0.0,4.0,4.0,1580.0,1501.0,0.0,0.3084161579608917,0.678902268409729,0.9090195894241333,1.6020843982696533,9.0
dynamic,1,1,159,0.7832332134246827,0.7387765312194824,0.04445668548345566,0.6795804238319397,0.6795804238319397,0.0,4.0,4.0,1590.0,1501.0,0.0,0.3084161579608917,0.678902268409729,0.9090195894241333,1.6020843982696533,9.0
dynamic,1,1,160,0.7293990564346313,0.6877305022875468,0.04166855340202649,0.6795377330978711,0.6795377330978711,0.0,4.0,4.0,1600.0,1501.0,0.0,0.3084161579608917,0.678902268409729,0.9090195894241333,1.6020843982696533,9.0
dynamic,1,1,161,0.7388766400019328,0.6968829425175985,0.04199370394150416,0.7246973338723183,0.7246973338723183,0.0,4.0,4.0,1610.0,1601.0,1.0,0.34193965792655945,0.7609285116195679,1.0097301006317139,1.861951231956482,14.0
dynamic,1,1,162,0.7442266901334127,0.6998810696601868,0.04434561118483543,0.756474045018355,0.756474045018355,0.0,4.0,4.0,1620.0,1601.0,1.0,0.34193965792655945,0.7609285116195679,1.0097301006317139,1.861951231956482,14.0
dynamic,1,1,163,0.7598997632662455,0.7160310053825378,0.04386875877777736,0.7048375224073727,0.7048375224073727,0.0,4.0,4.0,1630.0,1601.0,1.0,0.34193965792655945,0.7609285116195679,1.0097301006317139,1.861951231956482,14.0
dynamic,1,1,164,0.7545310759544372,0.7119862302144369,0.04254484663407008,0.7499832503994306,0.7499832503994306,0.0,4.0,4.0,1640.0,1601.0,1.0,0.34193965792655945,0.7609285116195679,1.0097301006317139,1.861951231956482,14.0
dynamic,1,1,165,0.7837977838516236,0.7413223314285279,0.04247545341650645,0.8317468552788099,0.8317468552788099,0.0,4.0,4.0,1650.0,1601.0,1.0,0.34193965792655945,0.7609285116195679,1.0097301006317139,1.861951231956482,14.0
dynamic,1,1,166,0.7747845101356506,0.7305414470036825,0.04424306611220042,0.7402882700165113,0.7402882700165113,0.0,4.0,4.0,1660.0,1601.0,1.0,0.34193965792655945,0.7609285116195679,1.0097301006317139,1.861951231956482,14.0
dynamic,1,1,167,0.7488381052017212,0.7059822646776835,0.04285583913326264,0.6855152100324631,0.6855152100324631,0.0,4.0,4.0,1670.0,1601.0,1.0,0.34193965792655945,0.7609285116195679,1.0097301006317139,1.861951231956482,14.0
dynamic,1,1,168,0.7548843351999919,0.7108028841018676,0.044081446180740995,0.7324935918052992,0.7324935918052992,0.0,4.0,4.0,1680.0,1601.0,1.0,0.34193965792655945,0.7609285116195679,1.0097301006317139,1.861951231956482,14.0
dynamic,1,1,169,0.766085471312205,0.7194780770937602,0.046607402861118315,0.7137129283944765,0.7137129283944765,0.0,4.0,4.0,1690.0,1601.0,1.0,0.34193965792655945,0.7609285116195679,1.0097301006317139,1.861951231956482,14.0
dynamic,1,1,170,0.7445114318529765,0.6993746701876322,0.04513675779104233,0.7274584300319353,0.7274584300319353,0.0,4.0,4.0,1700.0,1601.0,1.0,0.34193965792655945,0.7609285116195679,1.0097301006317139,1.861951231956482,14.0
dynamic,1,1,171,0.760858949025472,0.7257832837104797,0.03507566670576731,0.7689748926957448,0.7689748926957448,0.0,5.0,5.0,1710.0,1701.0,0.0,0.3968709111213684,0.9119120836257935,1.0726772546768188,2.6643764972686768,20.0
dynamic,1,1,172,0.768500067392985,0.734383777777354,0.03411629060904185,0.7191264739632607,0.7191264739632607,0.0,5.0,5.0,1720.0,1701.0,0.0,0.3968709111213684,0.9119120836257935,1.0726772546768188,2.6643764972686768,20.0
dynamic,1,1,173,0.7915288575490316,0.7567954119046529,0.034733438293139136,0.725763006011645,0.725763006011645,0.0,5.0,5.0,1730.0,1701.0,0.0,0.3968709111213684,0.9119120836257935,1.0726772546768188,2.6643764972686768,20.0
dynamic,1,1,174,0.782515995502472,0.7473938290278117,0.03512217094500859,0.7109594947099686,0.7109594947099686,0.0,5.0,5.0,1740.0,1701.0,0.0,0.3968709111213684,0.9119120836257935,1.0726772546768188,2.6643764972686768,20.0
dynamic,1,1,175,0.7416473833719889,0.7082267904281616,0.033420588821172714,0.7004369294643402,0.7004369294643402,0.0,5.0,5.0,1750.0,1701.0,0.0,0.3968709111213684,0.9119120836257935,1.0726772546768188,2.6643764972686768,20.0
dynamic,1,1,176,0.7367080005009969,0.7065664339065552,0.03014156664411227,0.7260856531063715,0.7260856531063715,0.0,5.0,5.0,1760.0,1701.0,0.0,0.3968709111213684,0.9119120836257935,1.0726772546768188,2.6643764972686768,20.0
dynamic,1,1,177,0.7357307887077331,0.7057801636060079,0.029950633148352303,0.7697423915068309,0.7697423915068309,0.0,5.0,5.0,1770.0,1701.0,0.0,0.3968709111213684,0.9119120836257935,1.0726772546768188,2.6643764972686768,20.0
dynamic,1,1,178,0.7844040377934773,0.7534981886545817,0.030905843873818714,0.7226751825213432,0.7226751825213432,0.0,5.0,5.0,1780.0,1701.0,0.0,0.3968709111213684,0.9119120836257935,1.0726772546768188,2.6643764972686768,20.0
dynamic,1,1,179,0.7301127187410991,0.7008786551157633,0.0292340587079525,0.6795468988021215,0.6795468988021215,0.0,5.0,5.0,1790.0,1701.0,0.0,0.3968709111213684,0.9119120836257935,1.0726772546768188,2.6643764972686768,20.0
dynamic,1,1,180,0.719874447186788,0.6915277489026388,0.02834670069317023,0.7786837874849637,0.7786837874849637,0.0,5.0,5.0,1800.0,1701.0,0.0,0.3968709111213684,0.9119120836257935,1.0726772546768188,2.6643764972686768,20.0
dynamic,1,1,181,0.7305880069732666,0.7034220250447591,0.02716597691178322,0.6979393752415975,0.6979393752415975,0.0,5.0,5.0,1810.0,1801.0,0.0,0.20627088844776154,0.5199931859970093,0.6242572069168091,1.227163314819336,2.0
dynamic,1,1,182,0.72176566918691,0.6942969600359599,0.027468712826569874,0.7155565824111303,0.7155565824111303,0.0,5.0,5.0,1820.0,1801.0,0.0,0.20627088844776154,0.5199931859970093,0.6242572069168091,1.227163314819336,2.0
dynamic,1,1,183,0.7288544980684916,0.70210817416509,0.02674632613857587,0.6426885521411896,0.6426885521411896,0.0,5.0,5.0,1830.0,1801.0,0.0,0.20627088844776154,0.5199931859970093,0.6242572069168091,1.227163314819336,2.0
dynamic,1,1,184,0.6928792174657186,0.6670741192499796,0.025805109043916065,0.6773864750067393,0.6773864750067393,0.0,5.0,5.0,1840.0,1801.0,0.0,0.20627088844776154,0.5199931859970093,0.6242572069168091,1.227163314819336,2.0
dynamic,1,1,185,0.7191570639610291,0.6930515821774801,0.0261054801940918,0.6789157583316168,0.6789157583316168,0.0,5.0,5.0,1850.0,1801.0,0.0,0.20627088844776154,0.5199931859970093,0.6242572069168091,1.227163314819336,2.0
dynamic,1,1,186,0.6837594413757324,0.6580700174967448,0.02568941834072272,0.6187966426213583,0.6187966426213583,0.0,5.0,5.0,1860.0,1801.0,0.0,0.20627088844776154,0.5199931859970093,0.6242572069168091,1.227163314819336,2.0
dynamic,1,1,187,0.6759477615356445,0.650450299580892,0.025497465580701827,0.7077434243758519,0.7077434243758519,0.0,5.0,5.0,1870.0,1801.0,0.0,0.20627088844776154,0.5199931859970093,0.6242572069168091,1.227163314819336,2.0
dynamic,1,1,188,0.6847308007876078,0.6591335535049438,0.02559724196791649,0.650420556863149,0.650420556863149,0.0,5.0,5.0,1880.0,1801.0,0.0,0.20627088844776154,0.5199931859970093,0.6242572069168091,1.227163314819336,2.0
dynamic,1,1,189,0.6742001477877299,0.6483143099149068,0.025885841871301333,0.6207834991812706,0.6207834991812706,0.0,5.0,5.0,1890.0,1801.0,0.0,0.20627088844776154,0.5199931859970093,0.6242572069168091,1.227163314819336,2.0
dynamic,1,1,190,0.6544819482167562,0.629658555984497,0.024823388457298277,0.6021949630975724,0.6021949630975724,0.0,5.0,5.0,1900.0,1801.0,0.0,0.20627088844776154,0.5199931859970093,0.6242572069168091,1.227163314819336,2.0
dynamic,1,1,191,0.6451269419987996,0.6203272533416748,0.024799694220225016,0.6052666405836741,0.6052666405836741,0.0,5.0,5.0,1910.0,1901.0,0.0,0.20404960215091705,0.4599633514881134,0.5596214532852173,1.3112998008728027,2.0
dynamic,1,1,192,0.6371296620368958,0.6119058148066203,0.02522384487092495,0.6375196788708369,0.6375196788708369,0.0,5.0,5.0,1920.0,1901.0,0.0,0.20404960215091705,0.4599633514881134,0.5596214532852173,1.3112998008728027,2.0
dynamic,1,1,193,0.6467665330568949,0.621027074654897,0.025739463592569033,0.607278901040554,0.607278901040554,0.0,5.0,5.0,1930.0,1901.0,0.0,0.20404960215091705,0.4599633514881134,0.5596214532852173,1.3112998008728027,2.0
dynamic,1,1,194,0.6269651309649149,0.6015380152066548,0.025427111809452375,0.6026976100603739,0.6026976100603739,0.0,5.0,5.0,1940.0,1901.0,0.0,0.20404960215091705,0.4599633514881134,0.5596214532852173,1.3112998008728027,2.0
dynamic,1,1,195,0.6425934942563375,0.6167600051561991,0.0258334914346536,0.5881279994050662,0.5881279994050662,0.0,5.0,5.0,1950.0,1901.0,0.0,0.20404960215091705,0.4599633514881134,0.5596214532852173,1.3112998008728027,2.0
dynamic,1,1,196,0.6350244561831156,0.6103145790100097,0.024709881444772083,0.5885563689470291,0.5885563689470291,0.0,5.0,5.0,1960.0,1901.0,0.0,0.20404960215091705,0.4599633514881134,0.5596214532852173,1.3112998008728027,2.0
dynamic,1,1,197,0.617284217675527,0.5915274167060852,0.025756804992755254,0.586719830830892,0.586719830830892,0.0,5.0,5.0,1970.0,1901.0,0.0,0.20404960215091705,0.4599633514881134,0.5596214532852173,1.3112998008728027,2.0
dynamic,1,1,198,0.602713692188263,0.5757293558120727,0.026984340598185858,0.5751772950092952,0.5751772950092952,0.0,5.0,5.0,1980.0,1901.0,0.0,0.20404960215091705,0.4599633514881134,0.5596214532852173,1.3112998008728027,2.0
dynamic,1,1,199,0.6014878098169962,0.5749727964401246,0.0265150165806214,0.5752298913399378,0.5752298913399378,0.0,5.0,5.0,1990.0,1901.0,0.0,0.20404960215091705,0.4599633514881134,0.5596214532852173,1.3112998008728027,2.0
dynamic,1,1,200,0.6054654467105866,0.5781572810808817,0.027308162848154703,0.5677308250466983,0.5677308250466983,0.0,5.0,5.0,2000.0,1901.0,0.0,0.20404960215091705,0.4599633514881134,0.5596214532852173,1.3112998008728027,2.0
dynamic,1,1,201,0.5918509515126547,0.5658683888117473,0.025982565109928447,0.566147700548172,0.566147700548172,0.0,5.0,5.0,2010.0,2001.0,0.0,0.20281803607940674,0.43986839056015015,0.5510925650596619,1.8856291770935059,4.0
dynamic,1,1,202,0.6024709367752075,0.5745826784769694,0.027888259092966716,0.5640766107042631,0.5640766107042631,0.0,5.0,5.0,2020.0,2001.0,0.0,0.20281803607940674,0.43986839056015015,0.5510925650596619,1.8856291770935059,4.0
dynamic,1,1,203,0.5828232220808665,0.5550854710737864,0.027737743481993676,0.5572770016392072,0.5572770016392072,0.0,5.0,5.0,2030.0,2001.0,0.0,0.20281803607940674,0.43986839056015015,0.5510925650596619,1.8856291770935059,4.0
dynamic,1,1,204,0.5816633653640747,0.5537708564599355,0.027892507563034692,0.5572653542955717,0.5572653542955717,0.0,5.0,5.0,2040.0,2001.0,0.0,0.20281803607940674,0.43986839056015015,0.5510925650596619,1.8856291770935059,4.0
dynamic,1,1,205,0.5867235136032104,0.5576615866025288,0.02906192938486735,0.5514704536398252,0.5514704536398252,0.0,5.0,5.0,2050.0,2001.0,0.0,0.20281803607940674,0.43986839056015015,0.5510925650596619,1.8856291770935059,4.0
dynamic,1,1,206,0.5845249048868815,0.555619957447052,0.028904951016108196,0.5557649552822113,0.5557649552822113,0.0,5.0,5.0,2060.0,2001.0,0.0,0.20281803607940674,0.43986839056015015,0.5510925650596619,1.8856291770935059,4.0
dynamic,1,1,207,0.5805175375938415,0.5519590318202973,0.02855850204825401,0.5413515141606331,0.5413515141606331,0.0,5.0,5.0,2070.0,2001.0,0.0,0.20281803607940674,0.43986839056015015,0.5510925650596619,1.8856291770935059,4.0
dynamic,1,1,208,0.574399741490682,0.5453809857368469,0.02901875485976537,0.5389506063858668,0.5389506063858668,0.0,5.0,5.0,2080.0,2001.0,0.0,0.20281803607940674,0.43986839056015015,0.5510925650596619,1.8856291770935059,4.0
dynamic,1,1,209,0.5656044022242228,0.5349072921276092,0.030697106023629506,0.5394319768746694,0.5394319768746694,0.0,5.0,5.0,2090.0,2001.0,0.0,0.20281803607940674,0.43986839056015015,0.5510925650596619,1.8856291770935059,4.0
dynamic,1,1,210,0.5744605652491251,0.5429909491539001,0.03146960300703843,0.5405371981859207,0.5405371981859207,0.0,5.0,5.0,2100.0,2001.0,0.0,0.20281803607940674,0.43986839056015015,0.5510925650596619,1.8856291770935059,4.0
dynamic,1,1,211,0.5647932895024618,0.5330306879679362,0.031762603223323825,0.5279182296991348,0.5279182296991348,0.0,5.0,5.0,2110.0,2101.0,0.0,0.2602692246437073,0.6446945667266846,0.9608135223388672,2.0793888568878174,11.0
dynamic,1,1,212,0.5614792076746623,0.5287937919298807,0.03268541626632213,0.5300015724698702,0.5300015724698702,0.0,5.0,5.0,2120.0,2101.0,0.0,0.2602692246437073,0.6446945667266846,0.9608135223388672,2.0793888568878174,11.0
dynamic,1,1,213,0.557149543762207,0.5249220776557922,0.03222746327519417,0.5252801073590915,0.5252801073590915,0.0,5.0,5.0,2130.0,2101.0,0.0,0.2602692246437073,0.6446945667266846,0.9608135223388672,2.0793888568878174,11.0
dynamic,1,1,214,0.5599424600601196,0.5284219590822855,0.03152049442132314,0.5189914349714915,0.5189914349714915,0.0,5.0,5.0,2140.0,2101.0,0.0,0.2602692246437073,0.6446945667266846,0.9608135223388672,2.0793888568878174,11.0
dynamic,1,1,215,0.553281478881836,0.5226691468556722,0.030612319111824035,0.5175400976339976,0.5175400976339976,0.0,5.0,5.0,2150.0,2101.0,0.0,0.2602692246437073,0.6446945667266846,0.9608135223388672,2.0793888568878174,11.0
dynamic,1,1,216,0.547409115632375,0.5182014099756876,0.029207714249690375,0.5210507433613142,0.5210507433613142,0.0,5.0,5.0,2160.0,2101.0,0.0,0.2602692246437073,0.6446945667266846,0.9608135223388672,2.0793888568878174,11.0
dynamic,1,1,217,0.5475398755073547,0.5176535665988922,0.02988631104429563,0.5220008671283722,0.5220008671283722,0.0,5.0,5.0,2170.0,2101.0,0.0,0.2602692246437073,0.6446945667266846,0.9608135223388672,2.0793888568878174,11.0
dynamic,1,1,218,0.566521078745524,0.5367495004336039,0.02977158159017563,0.5305394457777342,0.5305394457777342,0.0,5.0,5.0,2180.0,2101.0,0.0,0.2602692246437073,0.6446945667266846,0.9608135223388672,2.0793888568878174,11.0
dynamic,1,1,219,0.5655157566070557,0.5348278514544169,0.030687911609808605,0.5185708728432655,0.5185708728432655,0.0,5.0,5.0,2190.0,2101.0,0.0,0.2602692246437073,0.6446945667266846,0.9608135223388672,2.0793888568878174,11.0
dynamic,1,1,220,0.5523206190268198,0.5215666298071543,0.03075399252275626,0.5130831159154574,0.5130831159154574,0.0,5.0,5.0,2200.0,2101.0,0.0,0.2602692246437073,0.6446945667266846,0.9608135223388672,2.0793888568878174,11.0
dynamic,1,1,221,0.5473162150382995,0.516937335729599,0.03037888134519259,0.5182913209001223,0.5182913209001223,0.0,5.0,5.0,2210.0,2201.0,0.0,0.24779030680656433,0.5375943779945374,0.7449683547019958,1.6162383556365967,6.0
dynamic,1,1,222,0.5608027446269989,0.5309018588066101,0.02990088904897372,0.5253231604894002,0.5253231604894002,0.0,5.0,5.0,2220.0,2201.0,0.0,0.24779030680656433,0.5375943779945374,0.7449683547019958,1.6162383556365967,6.0
dynamic,1,1,223,0.5459078025817871,0.5165877350171407,0.02932006388902664,0.5164061992367108,0.5164061992367108,0.0,5.0,5.0,2230.0,2201.0,0.0,0.24779030680656433,0.5375943779945374,0.7449683547019958,1.6162383556365967,6.0
dynamic,1,1,224,0.5532061251004537,0.5230094210306804,0.03019669733941555,0.5232959658900896,0.5232959658900896,0.0,5.0,5.0,2240.0,2201.0,0.0,0.24779030680656433,0.5375943779945374,0.7449683547019958,1.6162383556365967,6.0
dynamic,1,1,225,0.552588472366333,0.5224988238016764,0.030089654723803202,0.5175686769684156,0.5175686769684156,0.0,5.0,5.0,2250.0,2201.0,0.0,0.24779030680656433,0.5375943779945374,0.7449683547019958,1.6162383556365967,6.0
dynamic,1,1,226,0.5405604831377665,0.5103656772772471,0.03019480933745702,0.5136493983864784,0.5136493983864784,0.0,5.0,5.0,2260.0,2201.0,0.0,0.24779030680656433,0.5375943779945374,0.7449683547019958,1.6162383556365967,6.0
dynamic,1,1,227,0.5409266193707783,0.5098191928863526,0.031107423231005668,0.5192346718907356,0.5192346718907356,0.0,5.0,5.0,2270.0,2201.0,0.0,0.24779030680656433,0.5375943779945374,0.7449683547019958,1.6162383556365967,6.0
dynamic,1,1,228,0.5594362727801006,0.5284243734677633,0.03101190778116385,0.5205323187510172,0.5205323187510172,0.0,5.0,5.0,2280.0,2201.0,0.0,0.24779030680656433,0.5375943779945374,0.7449683547019958,1.6162383556365967,6.0
dynamic,1,1,229,0.5309795260429382,0.501582039197286,0.02939748187859853,0.5173482442895572,0.5173482442895572,0.0,5.0,5.0,2290.0,2201.0,0.0,0.24779030680656433,0.5375943779945374,0.7449683547019958,1.6162383556365967,6.0
dynamic,1,1,230,0.5414934674898784,0.5120622563362122,0.02943122446537018,0.5196865291396777,0.5196865291396777,0.0,5.0,5.0,2300.0,2201.0,0.0,0.24779030680656433,0.5375943779945374,0.7449683547019958,1.6162383556365967,6.0
dynamic,1,1,231,0.5543229977289835,0.5245461694399516,0.029776833901802698,0.5176057110230128,0.5176057110230128,0.0,5.0,5.0,2310.0,2301.0,0.0,0.2556605935096741,0.47051119804382324,0.6854448914527893,2.793759346008301,9.0
dynamic,1,1,232,0.5424464615186055,0.5133226446310679,0.029123812913894653,0.5144061117370924,0.5144061117370924,0.0,5.0,5.0,2320.0,2301.0,0.0,0.2556605935096741,0.47051119804382324,0.6854448914527893,2.793759346008301,9.0
dynamic,1,1,233,0.5297060585021973,0.5004960219065349,0.029210040072600047,0.5123198679089547,0.5123198679089547,0.0,5.0,5.0,2330.0,2301.0,0.0,0.2556605935096741,0.47051119804382324,0.6854448914527893,2.793759346008301,9.0
dynamic,1,1,234,0.5483696349461873,0.517646054426829,0.03072357440988223,0.5163252220551173,0.5163252220551173,0.0,5.0,5.0,2340.0,2301.0,0.0,0.2556605935096741,0.47051119804382324,0.6854448914527893,2.793759346008301,9.0
dynamic,1,1,235,0.5474776538213094,0.5163295654455821,0.031148086140553158,0.511456032494704,0.511456032494704,0.0,5.0,5.0,2350.0,2301.0,0.0,0.2556605935096741,0.47051119804382324,0.6854448914527893,2.793759346008301,9.0
dynamic,1,1,236,0.5427565805117289,0.5112058631579082,0.03155072232087453,0.5113902654250463,0.5113902654250463,0.0,5.0,5.0,2360.0,2301.0,0.0,0.2556605935096741,0.47051119804382324,0.6854448914527893,2.793759346008301,9.0
dynamic,1,1,237,0.5337977886199952,0.5017576924959819,0.03204008797804515,0.5168468636274338,0.5168468636274338,0.0,5.0,5.0,2370.0,2301.0,0.0,0.2556605935096741,0.47051119804382324,0.6854448914527893,2.793759346008301,9.0
dynamic,1,1,238,0.5349583021799723,0.5045309090614318,0.030427399774392447,0.5198281581203142,0.5198281581203142,0.0,5.0,5.0,2380.0,2301.0,0.0,0.2556605935096741,0.47051119804382324,0.6854448914527893,2.793759346008301,9.0
dynamic,1,1,239,0.5461987662315368,0.5167473284403483,0.029451439678668975,0.5213849050800006,0.5213849050800006,0.0,5.0,5.0,2390.0,2301.0,0.0,0.2556605935096741,0.47051119804382324,0.6854448914527893,2.793759346008301,9.0
dynamic,1,1,240,0.5374719794591268,0.5058905657132466,0.03158141220609347,0.5078673781951268,0.5078673781951268,0.0,5.0,5.0,2400.0,2301.0,0.0,0.2556605935096741,0.47051119804382324,0.6854448914527893,2.793759346008301,9.0
dynamic,1,1,241,0.5316120000680288,0.4996160463492076,0.031995958934227624,0.5010993521412214,0.5010993521412214,0.0,5.0,5.0,2410.0,2401.0,0.0,0.23150983452796936,0.4912058711051941,0.7928156852722168,1.249680995941162,3.0
dynamic,1,1,242,0.5477244210243225,0.513045574426651,0.03467883830269178,0.5185888856649399,0.5185888856649399,0.0,5.0,5.0,2420.0,2401.0,0.0,0.23150983452796936,0.4912058711051941,0.7928156852722168,1.249680995941162,3.0
dynamic,1,1,243,0.5383522693316142,0.5017741290728251,0.0365781387190024,0.5060946458578109,0.5060946458578109,0.0,5.0,5.0,2430.0,2401.0,0.0,0.23150983452796936,0.4912058711051941,0.7928156852722168,1.249680995941162,3.0
dynamic,1,1,244,0.5194062121709188,0.4870131023724874,0.03239310950040817,0.4910831157366435,0.4910831157366435,0.0,5.0,5.0,2440.0,2401.0,0.0,0.23150983452796936,0.4912058711051941,0.7928156852722168,1.249680995941162,3.0
dynamic,1,1,245,0.5507143362363179,0.5158856944243113,0.034828647176424664,0.5324688672025999,0.5324688672025999,0.0,5.0,5.0,2450.0,2401.0,0.0,0.23150983452796936,0.4912058711051941,0.7928156852722168,1.249680995941162,3.0
dynamic,1,1,246,0.5467415459950765,0.5102255900700887,0.03651595602432887,0.5034769460558891,0.5034769460558891,0.0,5.0,5.0,2460.0,2401.0,0.0,0.23150983452796936,0.4912058711051941,0.7928156852722168,1.249680995941162,3.0
dynamic,1,1,247,0.520683251619339,0.48808568914731343,0.032597569127877556,0.5058286649982134,0.5058286649982134,0.0,5.0,5.0,2470.0,2401.0,0.0,0.23150983452796936,0.4912058711051941,0.7928156852722168,1.249680995941162,3.0
dynamic,1,1,248,0.5166093428929647,0.486262853940328,0.030346490244070688,0.49859099676211677,0.49859099676211677,0.0,5.0,5.0,2480.0,2401.0,0.0,0.23150983452796936,0.4912058711051941,0.7928156852722168,1.249680995941162,3.0
dynamic,1,1,249,0.5567511240641276,0.5206963396072388,0.03605478157599767,0.5430853379766146,0.5430853379766146,0.0,5.0,5.0,2490.0,2401.0,0.0,0.23150983452796936,0.4912058711051941,0.7928156852722168,1.249680995941162,3.0
dynamic,1,1,250,0.5652221727371216,0.5285406482219696,0.03668152580658595,0.5066815730929375,0.5066815730929375,0.0,5.0,5.0,2500.0,2401.0,0.0,0.23150983452796936,0.4912058711051941,0.7928156852722168,1.249680995941162,3.0
dynamic,1,1,251,0.5273063588142395,0.4921761965751648,0.0351301571726799,0.5037026572227478,0.5037026572227478,0.0,5.0,5.0,2510.0,2501.0,0.0,0.28087231516838074,0.6572980880737305,0.8748947381973267,1.5897494554519653,9.0
dynamic,1,1,252,0.533654408454895,0.4974684210618337,0.03618598903218905,0.49384279270966847,0.49384279270966847,0.0,5.0,5.0,2520.0,2501.0,0.0,0.28087231516838074,0.6572980880737305,0.8748947381973267,1.5897494554519653,9.0
dynamic,1,1,253,0.5396232724189758,0.501914588212967,0.03770867417256037,0.5001394159595172,0.5001394159595172,0.0,5.0,5.0,2530.0,2501.0,0.0,0.28087231516838074,0.6572980880737305,0.8748947381973267,1.5897494554519653,9.0
dynamic,1,1,254,0.5373857140541076,0.5025531458854675,0.03483257263898849,0.5243380318085352,0.5243380318085352,0.0,5.0,5.0,2540.0,2501.0,0.0,0.28087231516838074,0.6572980880737305,0.8748947381973267,1.5897494554519653,9.0
dynamic,1,1,255,0.5506700738271078,0.5155693252881368,0.035100743820269904,0.5315476281444231,0.5315476281444231,0.0,5.0,5.0,2550.0,2501.0,0.0,0.28087231516838074,0.6572980880737305,0.8748947381973267,1.5897494554519653,9.0
dynamic,1,1,256,0.5577454121907552,0.5210413821538289,0.036704024275143944,0.5308262552817663,0.5308262552817663,0.0,5.0,5.0,2560.0,2501.0,0.0,0.28087231516838074,0.6572980880737305,0.8748947381973267,1.5897494554519653,9.0
dynamic,1,1,257,0.5431695048014323,0.5065566456317901,0.036612854798634846,0.507272876004378,0.507272876004378,0.0,5.0,5.0,2570.0,2501.0,0.0,0.28087231516838074,0.6572980880737305,0.8748947381973267,1.5897494554519653,9.0
dynamic,1,1,258,0.5293579256534576,0.4930574742952983,0.03630044271548589,0.5126720260580381,0.5126720260580381,0.0,5.0,5.0,2580.0,2501.0,0.0,0.28087231516838074,0.6572980880737305,0.8748947381973267,1.5897494554519653,9.0
dynamic,1,1,259,0.5440462001164754,0.5060584501425425,0.03798775464296341,0.5131423456470171,0.5131423456470171,0.0,5.0,5.0,2590.0,2501.0,0.0,0.28087231516838074,0.6572980880737305,0.8748947381973267,1.5897494554519653,9.0
dynamic,1,1,260,0.5525484530131022,0.5169772148132324,0.03557124098141988,0.5121372031172117,0.5121372031172117,0.0,5.0,5.0,2600.0,2501.0,0.0,0.28087231516838074,0.6572980880737305,0.8748947381973267,1.5897494554519653,9.0
dynamic,1,1,261,0.5457966995239257,0.509500097433726,0.03629660209019979,0.534671033124129,0.534671033124129,0.0,5.0,5.0,2610.0,2601.0,0.0,0.28206658363342285,0.5441298484802246,0.6907761096954346,1.4765381813049316,4.0
dynamic,1,1,262,0.5692988014221192,0.529506262143453,0.03979254265626272,0.5160445516308149,0.5160445516308149,0.0,5.0,5.0,2620.0,2601.0,0.0,0.28206658363342285,0.5441298484802246,0.6907761096954346,1.4765381813049316,4.0
dynamic,1,1,263,0.5467468134562175,0.509242305358251,0.037504507154226305,0.5083504528800646,0.5083504528800646,0.0,5.0,5.0,2630.0,2601.0,0.0,0.28206658363342285,0.5441298484802246,0.6907761096954346,1.4765381813049316,4.0
dynamic,1,1,264,0.5535279075304668,0.5143128832181295,0.0392150342464447,0.537072619597117,0.537072619597117,0.0,5.0,5.0,2640.0,2601.0,0.0,0.28206658363342285,0.5441298484802246,0.6907761096954346,1.4765381813049316,4.0
dynamic,1,1,265,0.5710774338245392,0.5271964371204376,0.04388099297881126,0.530558380484581,0.530558380484581,0.0,5.0,5.0,2650.0,2601.0,0.0,0.28206658363342285,0.5441298484802246,0.6907761096954346,1.4765381813049316,4.0
dynamic,1,1,266,0.564228085676829,0.5243174227078756,0.0399106569091479,0.5115091553330422,0.5115091553330422,0.0,5.0,5.0,2660.0,2601.0,0.0,0.28206658363342285,0.5441298484802246,0.6907761096954346,1.4765381813049316,4.0
dynamic,1,1,267,0.5788198653856913,0.5374587754408519,0.041361092925071716,0.53401190529267,0.53401190529267,0.0,5.0,5.0,2670.0,2601.0,0.0,0.28206658363342285,0.5441298484802246,0.6907761096954346,1.4765381813049316,4.0
dynamic,1,1,268,0.562121885617574,0.5211683368682861,0.04095354984203974,0.5159161167343458,0.5159161167343458,0.0,5.0,5.0,2680.0,2601.0,0.0,0.28206658363342285,0.5441298484802246,0.6907761096954346,1.4765381813049316,4.0
dynamic,1,1,269,0.5685625314712525,0.5290001344680786,0.039562405000130335,0.5369484324256579,0.5369484324256579,0.0,5.0,5.0,2690.0,2601.0,0.0,0.28206658363342285,0.5441298484802246,0.6907761096954346,1.4765381813049316,4.0
dynamic,1,1,270,0.5808932757377625,0.5362328775723775,0.04466041018565496,0.5287790035208066,0.5287790035208066,0.0,5.0,5.0,2700.0,2601.0,0.0,0.28206658363342285,0.5441298484802246,0.6907761096954346,1.4765381813049316,4.0
dynamic,1,1,271,0.5807435456911723,0.5385782837867736,0.042165265331665674,0.5288743250568708,0.5288743250568708,0.0,5.0,5.0,2710.0,2701.0,1.0,0.36403170228004456,0.7142930030822754,1.1717826128005981,3.305209159851074,15.0
dynamic,1,1,272,0.597528744538625,0.5529801436265309,0.04454859306414922,0.5438865471879641,0.5438865471879641,0.0,5.0,5.0,2720.0,2701.0,1.0,0.36403170228004456,0.7142930030822754,1.1717826128005981,3.305209159851074,15.0
dynamic,1,1,273,0.5828246768315634,0.5393870139122009,0.0434376693268617,0.5403728253642718,0.5403728253642718,0.0,5.0,5.0,2730.0,2701.0,1.0,0.36403170228004456,0.7142930030822754,1.1717826128005981,3.305209159851074,15.0
dynamic,1,1,274,0.5829702544212342,0.5409435721238455,0.04202667673428853,0.5323307995994886,0.5323307995994886,0.0,5.0,5.0,2740.0,2701.0,1.0,0.36403170228004456,0.7142930030822754,1.1717826128005981,3.305209159851074,15.0
dynamic,1,1,275,0.5764752260843913,0.5353637520472209,0.04111147607366244,0.5425805600484213,0.5425805600484213,0.0,5.0,5.0,2750.0,2701.0,1.0,0.36403170228004456,0.7142930030822754,1.1717826128005981,3.305209159851074,15.0
dynamic,1,1,276,0.5931684748331706,0.5483411288261414,0.044827348440885546,0.5516505595048269,0.5516505595048269,0.0,5.0,5.0,2760.0,2701.0,1.0,0.36403170228004456,0.7142930030822754,1.1717826128005981,3.305209159851074,15.0
dynamic,1,1,277,0.5891567079226175,0.5434634915987651,0.045693223178386685,0.5405869709451994,0.5405869709451994,0.0,5.0,5.0,2770.0,2701.0,1.0,0.36403170228004456,0.7142930030822754,1.1717826128005981,3.305209159851074,15.0
dynamic,1,1,278,0.596450518767039,0.5558534375826518,0.04059708033998807,0.548067505856355,0.548067505856355,0.0,5.0,5.0,2780.0,2701.0,1.0,0.36403170228004456,0.7142930030822754,1.1717826128005981,3.305209159851074,15.0
dynamic,1,1,279,0.6018783156077067,0.5558641274770101,0.046014193495114646,0.5533731889724731,0.5533731889724731,0.0,5.0,5.0,2790.0,2701.0,1.0,0.36403170228004456,0.7142930030822754,1.1717826128005981,3.305209159851074,15.0
dynamic,1,1,280,0.6040800301233927,0.5553114040692647,0.048768638869126635,0.5359276957313219,0.5359276957313219,0.0,5.0,5.0,2800.0,2701.0,1.0,0.36403170228004456,0.7142930030822754,1.1717826128005981,3.305209159851074,15.0
dynamic,1,1,281,0.5998623355229695,0.5653611429532369,0.03450119805832704,0.5567576598127683,0.5567576598127683,0.0,6.0,6.0,2810.0,2801.0,0.0,0.3358215391635895,0.7464138269424438,1.1986019611358643,3.660348892211914,17.0
dynamic,1,1,282,0.5851043510437012,0.5537992326418558,0.03130511522293091,0.5491248048345247,0.5491248048345247,0.0,6.0,6.0,2820.0,2801.0,0.0,0.3358215391635895,0.7464138269424438,1.1986019611358643,3.660348892211914,17.0
dynamic,1,1,283,0.5873873504002889,0.5541582036018372,0.03322913984457652,0.5613140451908112,0.5613140451908112,0.0,6.0,6.0,2830.0,2801.0,0.0,0.3358215391635895,0.7464138269424438,1.1986019611358643,3.660348892211914,17.0
dynamic,1,1,284,0.567746167977651,0.5356106813748678,0.032135490402579306,0.5363577924172084,0.5363577924172084,0.0,6.0,6.0,2840.0,2801.0,0.0,0.3358215391635895,0.7464138269424438,1.1986019611358643,3.660348892211914,17.0
dynamic,1,1,285,0.5657271512349447,0.5350344451268514,0.03069270610809326,0.5268178925911585,0.5268178925911585,0.0,6.0,6.0,2850.0,2801.0,0.0,0.3358215391635895,0.7464138269424438,1.1986019611358643,3.660348892211914,17.0
dynamic,1,1,286,0.5517569867769877,0.5206202979882558,0.031136697381734846,0.5158026641607285,0.5158026641607285,0.0,6.0,6.0,2860.0,2801.0,0.0,0.3358215391635895,0.7464138269424438,1.1986019611358643,3.660348892211914,17.0
dynamic,1,1,287,0.5390236687660217,0.5103644220034281,0.028659245794018108,0.5061231824755669,0.5061231824755669,0.0,6.0,6.0,2870.0,2801.0,0.0,0.3358215391635895,0.7464138269424438,1.1986019611358643,3.660348892211914,17.0
dynamic,1,1,288,0.5318982891241709,0.5023825522263845,0.029515736252069474,0.4892463618516922,0.4892463618516922,0.0,6.0,6.0,2880.0,2801.0,0.0,0.3358215391635895,0.7464138269424438,1.1986019611358643,3.660348892211914,17.0
dynamic,1,1,289,0.5252562125523885,0.4948887300491333,0.030367482552925745,0.4866223633289337,0.4866223633289337,0.0,6.0,6.0,2890.0,2801.0,0.0,0.3358215391635895,0.7464138269424438,1.1986019611358643,3.660348892211914,17.0
dynamic,1,1,290,0.5207110675175984,0.492030686934789,0.028680387958884238,0.4814020383358002,0.4814020383358002,0.0,6.0,6.0,2900.0,2801.0,0.0,0.3358215391635895,0.7464138269424438,1.1986019611358643,3.660348892211914,17.0
dynamic,1,1,291,0.5110462327798208,0.4841641096274058,0.02688212553660075,0.4721065410474936,0.4721065410474936,0.0,6.0,6.0,2910.0,2901.0,0.0,0.22344782948493958,0.48157429695129395,0.6190465688705444,2.0881459712982178,4.0
dynamic,1,1,292,0.5098252884546915,0.4828088823954264,0.02701640486717224,0.47019279196858405,0.47019279196858405,0.0,6.0,6.0,2920.0,2901.0,0.0,0.22344782948493958,0.48157429695129395,0.6190465688705444,2.0881459712982178,4.0
dynamic,1,1,293,0.5024784795443217,0.4767127541700999,0.025765726665655773,0.46953672101100286,0.46953672101100286,0.0,6.0,6.0,2930.0,2901.0,0.0,0.22344782948493958,0.48157429695129395,0.6190465688705444,2.0881459712982178,4.0
dynamic,1,1,294,0.5010817305246988,0.47587411522865297,0.02520762207607428,0.4728846746683121,0.4728846746683121,0.0,6.0,6.0,2940.0,2901.0,0.0,0.22344782948493958,0.48157429695129395,0.6190465688705444,2.0881459712982178,4.0
dynamic,1,1,295,0.5070564496517181,0.4824114950497945,0.02464495966831843,0.4638835578163465,0.4638835578163465,0.0,6.0,6.0,2950.0,2901.0,0.0,0.22344782948493958,0.48157429695129395,0.6190465688705444,2.0881459712982178,4.0
dynamic,1,1,296,0.4903084659576416,0.46467674533526104,0.02563172442217668,0.4595732899506887,0.4595732899506887,0.0,6.0,6.0,2960.0,2901.0,0.0,0.22344782948493958,0.48157429695129395,0.6190465688705444,2.0881459712982178,4.0
dynamic,1,1,297,0.4883817859490712,0.4624405570824941,0.02594123346110185,0.45647172346711157,0.45647172346711157,0.0,6.0,6.0,2970.0,2901.0,0.0,0.22344782948493958,0.48157429695129395,0.6190465688705444,2.0881459712982178,4.0
dynamic,1,1,298,0.49593989809354144,0.46925829887390136,0.02668159787853559,0.45018364722530047,0.45018364722530047,0.0,6.0,6.0,2980.0,2901.0,0.0,0.22344782948493958,0.48157429695129395,0.6190465688705444,2.0881459712982178,4.0
dynamic,1,1,299,0.49016454060872394,0.46327871243158975,0.026885827680428822,0.4609384140868982,0.4609384140868982,0.0,6.0,6.0,2990.0,2901.0,0.0,0.22344782948493958,0.48157429695129395,0.6190465688705444,2.0881459712982178,4.0
dynamic,1,1,300,0.4827982497215271,0.4566303857167562,0.026167869716882706,0.4687350530922413,0.4687350530922413,0.0,6.0,6.0,3000.0,2901.0,0.0,0.22344782948493958,0.48157429695129395,0.6190465688705444,2.0881459712982178,4.0
dynamic,1,1,301,0.485960328578949,0.46013358314832054,0.02582674942910671,0.45885038177172344,0.45885038177172344,0.0,6.0,6.0,3010.0,3001.0,0.0,0.2050599455833435,0.4860118627548218,0.5880168676376343,1.002206563949585,1.0
dynamic,1,1,302,0.4782574756940206,0.4532157226403554,0.025041754643122357,0.4576441048582395,0.4576441048582395,0.0,6.0,6.0,3020.0,3001.0,0.0,0.2050599455833435,0.4860118627548218,0.5880168676376343,1.002206563949585,1.0
dynamic,1,1,303,0.4828331975142161,0.4566932559013367,0.026139939725399016,0.45335558131337167,0.45335558131337167,0.0,6.0,6.0,3030.0,3001.0,0.0,0.2050599455833435,0.4860118627548218,0.5880168676376343,1.002206563949585,1.0
dynamic,1,1,304,0.4876615556081136,0.46240182836850485,0.02525972140332063,0.4723841486374537,0.4723841486374537,0.0,6.0,6.0,3040.0,3001.0,0.0,0.2050599455833435,0.4860118627548218,0.5880168676376343,1.002206563949585,1.0
dynamic,1,1,305,0.484088914791743,0.45999286651611326,0.024096047778924306,0.4618288037677606,0.4618288037677606,0.0,6.0,6.0,3050.0,3001.0,0.0,0.2050599455833435,0.4860118627548218,0.5880168676376343,1.002206563949585,1.0
dynamic,1,1,306,0.4703293259938558,0.4456703245639801,0.02465900721649329,0.4424735014140606,0.4424735014140606,0.0,6.0,6.0,3060.0,3001.0,0.0,0.2050599455833435,0.4860118627548218,0.5880168676376343,1.002206563949585,1.0
dynamic,1,1,307,0.4760208364327749,0.44861494660377504,0.027405889183282853,0.434068703999122,0.434068703999122,0.0,6.0,6.0,3070.0,3001.0,0.0,0.2050599455833435,0.4860118627548218,0.5880168676376343,1.002206563949585,1.0
dynamic,1,1,308,0.47344131429990133,0.445600966612498,0.02784034493068854,0.4411824230849743,0.4411824230849743,0.0,6.0,6.0,3080.0,3001.0,0.0,0.2050599455833435,0.4860118627548218,0.5880168676376343,1.002206563949585,1.0
dynamic,1,1,309,0.46953304171562193,0.4429333209991455,0.026599723945061365,0.4476810538272063,0.4476810538272063,0.0,6.0,6.0,3090.0,3001.0,0.0,0.2050599455833435,0.4860118627548218,0.5880168676376343,1.002206563949585,1.0
dynamic,1,1,310,0.48410259405771894,0.4570994393030802,0.027003143032391867,0.4333220473925273,0.4333220473925273,0.0,6.0,6.0,3100.0,3001.0,0.0,0.2050599455833435,0.4860118627548218,0.5880168676376343,1.002206563949585,1.0
dynamic,1,1,311,0.46459941267967225,0.43716437260309854,0.02743503838777542,0.4331892569363117,0.4331892569363117,0.0,6.0,6.0,3110.0,3101.0,0.0,0.24184982478618622,0.6622960567474365,0.7833691835403442,1.3276214599609375,2.0
dynamic,1,1,312,0.46176336526870726,0.43447134176890057,0.027292021562655765,0.4212671199440956,0.4212671199440956,0.0,6.0,6.0,3120.0,3101.0,0.0,0.24184982478618622,0.6622960567474365,0.7833691835403442,1.3276214599609375,2.0
dynamic,1,1,313,0.44549853205680845,0.4184357877572378,0.02706274134417375,0.4164372396469116,0.4164372396469116,0.0,6.0,6.0,3130.0,3101.0,0.0,0.24184982478618622,0.6622960567474365,0.7833691835403442,1.3276214599609375,2.0
dynamic,1,1,314,0.45567296346028646,0.42979904731114704,0.025873914261658987,0.41269179607431095,0.41269179607431095,0.0,6.0,6.0,3140.0,3101.0,0.0,0.24184982478618622,0.6622960567474365,0.7833691835403442,1.3276214599609375,2.0
dynamic,1,1,315,0.4594613039493561,0.4326315708955129,0.026829736083745958,0.409219133357207,0.409219133357207,0.0,6.0,6.0,3150.0,3101.0,0.0,0.24184982478618622,0.6622960567474365,0.7833691835403442,1.3276214599609375,2.0
dynamic,1,1,316,0.45895829955736794,0.4303501971562703,0.028608097831408184,0.423068046917518,0.423068046917518,0.0,6.0,6.0,3160.0,3101.0,0.0,0.24184982478618622,0.6622960567474365,0.7833691835403442,1.3276214599609375,2.0
dynamic,1,1,317,0.4442683251698812,0.41604399840037026,0.028224323242902756,0.4159255195657412,0.4159255195657412,0.0,6.0,6.0,3170.0,3101.0,0.0,0.24184982478618622,0.6622960567474365,0.7833691835403442,1.3276214599609375,2.0
dynamic,1,1,318,0.4445042304197947,0.4189852996667226,0.025518927425146103,0.4325530967613061,0.4325530967613061,0.0,6.0,6.0,3180.0,3101.0,0.0,0.24184982478618622,0.6622960567474365,0.7833691835403442,1.3276214599609375,2.0
dynamic,1,1,319,0.4386688208580017,0.41456279158592224,0.02410602793097496,0.42812257960438727,0.42812257960438727,0.0,6.0,6.0,3190.0,3101.0,0.0,0.24184982478618622,0.6622960567474365,0.7833691835403442,1.3276214599609375,2.0
dynamic,1,1,320,0.45099529504776004,0.4266594656308492,0.024335828671852747,0.42845468237996104,0.42845468237996104,0.0,6.0,6.0,3200.0,3101.0,0.0,0.24184982478618622,0.6622960567474365,0.7833691835403442,1.3276214599609375,2.0
dynamic,1,1,321,0.4544272589683533,0.4291621196269989,0.02526513231297334,0.42210037892063457,0.42210037892063457,0.0,6.0,6.0,3210.0,3201.0,0.0,0.17765599489212036,0.4285135269165039,0.5169937014579773,1.8209785223007202,2.0
dynamic,1,1,322,0.4471552924315135,0.4195096695423126,0.027645617773135504,0.42126777400573096,0.42126777400573096,0.0,6.0,6.0,3220.0,3201.0,0.0,0.17765599489212036,0.4285135269165039,0.5169937014579773,1.8209785223007202,2.0
dynamic,1,1,323,0.44937328179677327,0.4227502457300822,0.026623034725586574,0.42330027773976325,0.42330027773976325,0.0,6.0,6.0,3230.0,3201.0,0.0,0.17765599489212036,0.4285135269165039,0.5169937014579773,1.8209785223007202,2.0
dynamic,1,1,324,0.4571826183795929,0.4329503607749939,0.024232257927457493,0.436276535987854,0.436276535987854,0.0,6.0,6.0,3240.0,3201.0,0.0,0.17765599489212036,0.4285135269165039,0.5169937014579773,1.8209785223007202,2.0
dynamic,1,1,325,0.45809658606847126,0.43464295705159506,0.02345362844566504,0.43225188687443733,0.43225188687443733,0.0,6.0,6.0,3250.0,3201.0,0.0,0.17765599489212036,0.4285135269165039,0.5169937014579773,1.8209785223007202,2.0
dynamic,1,1,326,0.43705169200897215,0.41286070307095846,0.024190988938013712,0.4234886617958546,0.4234886617958546,0.0,6.0,6.0,3260.0,3201.0,0.0,0.17765599489212036,0.4285135269165039,0.5169937014579773,1.8209785223007202,2.0
dynamic,1,1,327,0.43416303952534996,0.4098078473409017,0.02435518761475881,0.42017496486504874,0.42017496486504874,0.0,6.0,6.0,3270.0,3201.0,0.0,0.17765599489212036,0.4285135269165039,0.5169937014579773,1.8209785223007202,2.0
dynamic,1,1,328,0.4350114440917969,0.41266060471534727,0.022350844144821167,0.4222340403497219,0.4222340403497219,0.0,6.0,6.0,3280.0,3201.0,0.0,0.17765599489212036,0.4285135269165039,0.5169937014579773,1.8209785223007202,2.0
dynamic,1,1,329,0.43901274879773455,0.4175997805595398,0.021412967791159948,0.416694624175628,0.416694624175628,0.0,6.0,6.0,3290.0,3201.0,0.0,0.17765599489212036,0.4285135269165039,0.5169937014579773,1.8209785223007202,2.0
dynamic,1,1,330,0.4454498235384623,0.42136982560157776,0.024079999476671218,0.4074234041571617,0.4074234041571617,0.0,6.0,6.0,3300.0,3201.0,0.0,0.17765599489212036,0.4285135269165039,0.5169937014579773,1.8209785223007202,2.0
dynamic,1,1,331,0.4329699885845184,0.4045667731761932,0.028403213818868,0.4106287220617135,0.4106287220617135,0.0,6.0,6.0,3310.0,3301.0,0.0,0.20247620344161987,0.46545666456222534,0.6257675290107727,1.0794520378112793,1.0
dynamic,1,1,332,0.42451266328493753,0.3983906110127767,0.02612205348908901,0.4158416714767615,0.4158416714767615,0.0,6.0,6.0,3320.0,3301.0,0.0,0.20247620344161987,0.46545666456222534,0.6257675290107727,1.0794520378112793,1.0
dynamic,1,1,333,0.43762799302736916,0.4148271616299947,0.022800828566153845,0.425620655665795,0.425620655665795,0.0,6.0,6.0,3330.0,3301.0,0.0,0.20247620344161987,0.46545666456222534,0.6257675290107727,1.0794520378112793,1.0
dynamic,1,1,334,0.43897130568822224,0.41572435180346173,0.023246949911117552,0.417606533318758,0.417606533318758,0.0,6.0,6.0,3340.0,3301.0,0.0,0.20247620344161987,0.46545666456222534,0.6257675290107727,1.0794520378112793,1.0
dynamic,1,1,335,0.4267341450850169,0.40289204597473144,0.02384209881226222,0.4064983825385571,0.4064983825385571,0.0,6.0,6.0,3350.0,3301.0,0.0,0.20247620344161987,0.46545666456222534,0.6257675290107727,1.0794520378112793,1.0
dynamic,1,1,336,0.42718180020650226,0.401929753224055,0.025252045219143232,0.40298156489928566,0.40298156489928566,0.0,6.0,6.0,3360.0,3301.0,0.0,0.20247620344161987,0.46545666456222534,0.6257675290107727,1.0794520378112793,1.0
dynamic,1,1,337,0.43254683415095013,0.40750090559323626,0.02504592537879944,0.40839533204833667,0.40839533204833667,0.0,6.0,6.0,3370.0,3301.0,0.0,0.20247620344161987,0.46545666456222534,0.6257675290107727,1.0794520378112793,1.0
dynamic,1,1,338,0.43331189433733625,0.4080829294522603,0.02522896374265353,0.4119307999312878,0.4119307999312878,0.0,6.0,6.0,3380.0,3301.0,0.0,0.20247620344161987,0.46545666456222534,0.6257675290107727,1.0794520378112793,1.0
dynamic,1,1,339,0.4247448170185089,0.4016452399889628,0.02309957966208458,0.4041357392569383,0.4041357392569383,0.0,6.0,6.0,3390.0,3301.0,0.0,0.20247620344161987,0.46545666456222534,0.6257675290107727,1.0794520378112793,1.0
dynamic,1,1,340,0.4146369564533234,0.3928479532400767,0.02178900291522344,0.3987314562002818,0.3987314562002818,0.0,6.0,6.0,3400.0,3301.0,0.0,0.20247620344161987,0.46545666456222534,0.6257675290107727,1.0794520378112793,1.0
dynamic,1,1,341,0.41725273211797076,0.3939473656813304,0.023305368448297184,0.3931980311870575,0.3931980311870575,0.0,6.0,6.0,3410.0,3401.0,0.0,0.17323186993598938,0.4088039994239807,0.4977622628211975,1.2827717065811157,2.0
dynamic,1,1,342,0.41969056288401285,0.39497939268747967,0.024711173102259634,0.39509723002711933,0.39509723002711933,0.0,6.0,6.0,3420.0,3401.0,0.0,0.17323186993598938,0.4088039994239807,0.4977622628211975,1.2827717065811157,2.0
dynamic,1,1,343,0.42033252557118733,0.3952808423837026,0.025051682939132056,0.39530124261975286,0.39530124261975286,0.0,6.0,6.0,3430.0,3401.0,0.0,0.17323186993598938,0.4088039994239807,0.4977622628211975,1.2827717065811157,2.0
dynamic,1,1,344,0.4302909084161123,0.4058179140090942,0.024472993264595667,0.40445190275708837,0.40445190275708837,0.0,6.0,6.0,3440.0,3401.0,0.0,0.17323186993598938,0.4088039994239807,0.4977622628211975,1.2827717065811157,2.0
dynamic,1,1,345,0.4127844798564911,0.39090749661127727,0.0218769787500302,0.40284452666838966,0.40284452666838966,0.0,6.0,6.0,3450.0,3401.0,0.0,0.17323186993598938,0.4088039994239807,0.4977622628211975,1.2827717065811157,2.0
dynamic,1,1,346,0.40384979526201886,0.38182978868484496,0.022020008514324823,0.39430749038855234,0.39430749038855234,0.0,6.0,6.0,3460.0,3401.0,0.0,0.17323186993598938,0.4088039994239807,0.4977622628211975,1.2827717065811157,2.0
dynamic,1,1,347,0.41301056067148845,0.38963076829910276,0.023379794384042422,0.3939596044520537,0.3939596044520537,0.0,6.0,6.0,3470.0,3401.0,0.0,0.17323186993598938,0.4088039994239807,0.4977622628211975,1.2827717065811157,2.0
dynamic,1,1,348,0.40669265389442444,0.38233510931332904,0.02435754323999087,0.3798839737971624,0.3798839737971624,0.0,6.0,6.0,3480.0,3401.0,0.0,0.17323186993598938,0.4088039994239807,0.4977622628211975,1.2827717065811157,2.0
dynamic,1,1,349,0.40789617856343585,0.38299177249272665,0.024904407461484274,0.38687043721477193,0.38687043721477193,0.0,6.0,6.0,3490.0,3401.0,0.0,0.17323186993598938,0.4088039994239807,0.4977622628211975,1.2827717065811157,2.0
dynamic,1,1,350,0.4102371907234192,0.38750924468040465,0.022727945024768513,0.40127821296453475,0.40127821296453475,0.0,6.0,6.0,3500.0,3401.0,0.0,0.17323186993598938,0.4088039994239807,0.4977622628211975,1.2827717065811157,2.0
dynamic,1,1,351,0.4005727648735046,0.3795560944080353,0.021016668503483136,0.3897427922983964,0.3897427922983964,0.0,6.0,6.0,3510.0,3501.0,0.0,0.16966861486434937,0.37153130769729614,0.4985393285751343,1.3306328058242798,1.0
dynamic,1,1,352,0.4123442006111145,0.38831811666488647,0.02402608796954155,0.38727781708041825,0.38727781708041825,0.0,6.0,6.0,3520.0,3501.0,0.0,0.16966861486434937,0.37153130769729614,0.4985393285751343,1.3306328058242798,1.0
dynamic,1,1,353,0.39559587876001995,0.3714245756467183,0.02417130634188652,0.3861280712485313,0.3861280712485313,0.0,6.0,6.0,3530.0,3501.0,0.0,0.16966861486434937,0.37153130769729614,0.4985393285751343,1.3306328058242798,1.0
dynamic,1,1,354,0.40558443506558733,0.3822395698229472,0.023344862957795462,0.38586438084642094,0.38586438084642094,0.0,6.0,6.0,3540.0,3501.0,0.0,0.16966861486434937,0.37153130769729614,0.4985393285751343,1.3306328058242798,1.0
dynamic,1,1,355,0.4027197349071503,0.3808589373032252,0.021860797802607218,0.38283574362595874,0.38283574362595874,0.0,6.0,6.0,3550.0,3501.0,0.0,0.16966861486434937,0.37153130769729614,0.4985393285751343,1.3306328058242798,1.0
dynamic,1,1,356,0.3987769945462545,0.37657182494799296,0.02220517342289289,0.3703801943361759,0.3703801943361759,0.0,6.0,6.0,3560.0,3501.0,0.0,0.16966861486434937,0.37153130769729614,0.4985393285751343,1.3306328058242798,1.0
dynamic,1,1,357,0.3853855534394582,0.3643912394841512,0.02099431666235129,0.38054285034537316,0.38054285034537316,0.0,6.0,6.0,3570.0,3501.0,0.0,0.16966861486434937,0.37153130769729614,0.4985393285751343,1.3306328058242798,1.0
dynamic,1,1,358,0.4029803136984507,0.3816796100139618,0.02130070760846138,0.37877353131771085,0.37877353131771085,0.0,6.0,6.0,3580.0,3501.0,0.0,0.16966861486434937,0.37153130769729614,0.4985393285751343,1.3306328058242798,1.0
dynamic,1,1,359,0.38465478499730427,0.36286123514175417,0.021793550103902815,0.3745443340142568,0.3745443340142568,0.0,6.0,6.0,3590.0,3501.0,0.0,0.16966861486434937,0.37153130769729614,0.4985393285751343,1.3306328058242798,1.0
dynamic,1,1,360,0.38976639906565347,0.36704874714215596,0.022717651973168055,0.37199347481131556,0.37199347481131556,0.0,6.0,6.0,3600.0,3501.0,0.0,0.16966861486434937,0.37153130769729614,0.4985393285751343,1.3306328058242798,1.0
dynamic,1,1,361,0.41113186041514077,0.38688690463701886,0.02424495294690132,0.38027765596906343,0.38027765596906343,0.0,6.0,6.0,3610.0,3601.0,0.0,0.19835591316223145,0.5387954711914062,0.6822317242622375,2.35036301612854,5.0
dynamic,1,1,362,0.38328355630238853,0.36179787397384644,0.021485686923066776,0.38502725581328073,0.38502725581328073,0.0,6.0,6.0,3620.0,3601.0,0.0,0.19835591316223145,0.5387954711914062,0.6822317242622375,2.35036301612854,5.0
dynamic,1,1,363,0.3791335380077362,0.3595225814978282,0.01961096150179704,0.3763051143288612,0.3763051143288612,0.0,6.0,6.0,3630.0,3601.0,0.0,0.19835591316223145,0.5387954711914062,0.6822317242622375,2.35036301612854,5.0
dynamic,1,1,364,0.3866515111923218,0.36494396805763246,0.021707538763682047,0.3717197176317374,0.3717197176317374,0.0,6.0,6.0,3640.0,3601.0,0.0,0.19835591316223145,0.5387954711914062,0.6822317242622375,2.35036301612854,5.0
dynamic,1,1,365,0.38365490198135377,0.36229485750198365,0.021360044926404954,0.3599892034133275,0.3599892034133275,0.0,6.0,6.0,3650.0,3601.0,0.0,0.19835591316223145,0.5387954711914062,0.6822317242622375,2.35036301612854,5.0
dynamic,1,1,366,0.38455707708994546,0.3619273130098979,0.022629764676094056,0.3608527208864689,0.3608527208864689,0.0,6.0,6.0,3660.0,3601.0,0.0,0.19835591316223145,0.5387954711914062,0.6822317242622375,2.35036301612854,5.0
dynamic,1,1,367,0.3775605682531993,0.35549580136934916,0.022064761941631636,0.3579285850127538,0.3579285850127538,0.0,6.0,6.0,3670.0,3601.0,0.0,0.19835591316223145,0.5387954711914062,0.6822317242622375,2.35036301612854,5.0
dynamic,1,1,368,0.3880517578125,0.36569844841957094,0.022353307008743287,0.3733225155373414,0.3733225155373414,0.0,6.0,6.0,3680.0,3601.0,0.0,0.19835591316223145,0.5387954711914062,0.6822317242622375,2.35036301612854,5.0
dynamic,1,1,369,0.3722135877609253,0.351693879365921,0.020519708494345347,0.36547438139716787,0.36547438139716787,0.0,6.0,6.0,3690.0,3601.0,0.0,0.19835591316223145,0.5387954711914062,0.6822317242622375,2.35036301612854,5.0
dynamic,1,1,370,0.3707153582572937,0.34964936375617983,0.021065994997819266,0.35889068379998207,0.35889068379998207,0.0,6.0,6.0,3700.0,3601.0,0.0,0.19835591316223145,0.5387954711914062,0.6822317242622375,2.35036301612854,5.0
dynamic,1,1,371,0.37942548990249636,0.35864384412765504,0.02078164870540301,0.3543807827929656,0.3543807827929656,0.0,6.0,6.0,3710.0,3701.0,0.0,0.15591493248939514,0.4269334077835083,0.5161243677139282,1.2068557739257812,2.0
dynamic,1,1,372,0.3753219477335612,0.3537001180648804,0.021621827681859333,0.35188773219784103,0.35188773219784103,0.0,6.0,6.0,3720.0,3701.0,0.0,0.15591493248939514,0.4269334077835083,0.5161243677139282,1.2068557739257812,2.0
dynamic,1,1,373,0.3833134432633718,0.3614792170127233,0.021834226995706557,0.3562785894672076,0.3562785894672076,0.0,6.0,6.0,3730.0,3701.0,0.0,0.15591493248939514,0.4269334077835083,0.5161243677139282,1.2068557739257812,2.0
dynamic,1,1,374,0.3749371906121572,0.35458605925242104,0.020351130291819574,0.353156431466341,0.353156431466341,0.0,6.0,6.0,3740.0,3701.0,0.0,0.15591493248939514,0.4269334077835083,0.5161243677139282,1.2068557739257812,2.0
dynamic,1,1,375,0.37754493157068886,0.35685278216997784,0.02069215290248394,0.3547380107144515,0.3547380107144515,0.0,6.0,6.0,3750.0,3701.0,0.0,0.15591493248939514,0.4269334077835083,0.5161243677139282,1.2068557739257812,2.0
dynamic,1,1,376,0.37446327884991965,0.3543509038289388,0.02011237680912018,0.3502951082090537,0.3502951082090537,0.0,6.0,6.0,3760.0,3701.0,0.0,0.15591493248939514,0.4269334077835083,0.5161243677139282,1.2068557739257812,2.0
dynamic,1,1,377,0.3613135107358297,0.3401170257727305,0.02119648481408755,0.35889212270577747,0.35889212270577747,0.0,6.0,6.0,3770.0,3701.0,0.0,0.15591493248939514,0.4269334077835083,0.5161243677139282,1.2068557739257812,2.0
dynamic,1,1,378,0.3699388647079468,0.3497426267464956,0.02019623818496863,0.36011786296963694,0.36011786296963694,0.0,6.0,6.0,3780.0,3701.0,0.0,0.15591493248939514,0.4269334077835083,0.5161243677139282,1.2068557739257812,2.0
dynamic,1,1,379,0.36518503189086915,0.34407416939735413,0.021110862543185553,0.35228264490763345,0.35228264490763345,0.0,6.0,6.0,3790.0,3701.0,0.0,0.15591493248939514,0.4269334077835083,0.5161243677139282,1.2068557739257812,2.0
dynamic,1,1,380,0.37788750072320304,0.35619901458422343,0.021688485989967983,0.3544910819331805,0.3544910819331805,0.0,6.0,6.0,3800.0,3701.0,0.0,0.15591493248939514,0.4269334077835083,0.5161243677139282,1.2068557739257812,2.0
dynamic,1,1,381,0.3665560682614644,0.3453470222155253,0.021209046492973962,0.3608774808049202,0.3608774808049202,0.0,6.0,6.0,3810.0,3801.0,0.0,0.18169793486595154,0.43853646516799927,0.5095198750495911,1.2384227514266968,1.0
dynamic,1,1,382,0.3622352981567383,0.34260845025380454,0.019626845717430116,0.34847408771514893,0.34847408771514893,0.0,6.0,6.0,3820.0,3801.0,0.0,0.18169793486595154,0.43853646516799927,0.5095198750495911,1.2384227514266968,1.0
dynamic,1,1,383,0.3814560965696971,0.3600150942802429,0.021441000600655874,0.35731274311741196,0.35731274311741196,0.0,6.0,6.0,3830.0,3801.0,0.0,0.18169793486595154,0.43853646516799927,0.5095198750495911,1.2384227514266968,1.0
dynamic,1,1,384,0.3610179388523102,0.3414066048463186,0.019611335148413976,0.3415284471710523,0.3415284471710523,0.0,6.0,6.0,3840.0,3801.0,0.0,0.18169793486595154,0.43853646516799927,0.5095198750495911,1.2384227514266968,1.0
dynamic,1,1,385,0.3632310175895691,0.34170495986938476,0.02152606248855591,0.3408397812147935,0.3408397812147935,0.0,6.0,6.0,3850.0,3801.0,0.0,0.18169793486595154,0.43853646516799927,0.5095198750495911,1.2384227514266968,1.0
dynamic,1,1,386,0.36401840527852375,0.34259941975275676,0.02141898935039838,0.3447917576134205,0.3447917576134205,0.0,6.0,6.0,3860.0,3801.0,0.0,0.18169793486595154,0.43853646516799927,0.5095198750495911,1.2384227514266968,1.0
dynamic,1,1,387,0.3606386927763621,0.34004709879557293,0.02059159701069196,0.3391826295355956,0.3391826295355956,0.0,6.0,6.0,3870.0,3801.0,0.0,0.18169793486595154,0.43853646516799927,0.5095198750495911,1.2384227514266968,1.0
dynamic,1,1,388,0.3442132544517517,0.3250432594617208,0.019169995610912642,0.33474583422144255,0.33474583422144255,0.0,6.0,6.0,3880.0,3801.0,0.0,0.18169793486595154,0.43853646516799927,0.5095198750495911,1.2384227514266968,1.0
dynamic,1,1,389,0.3513589616616567,0.3322649391492208,0.019094013944268226,0.32785654718677204,0.32785654718677204,0.0,6.0,6.0,3890.0,3801.0,0.0,0.18169793486595154,0.43853646516799927,0.5095198750495911,1.2384227514266968,1.0
dynamic,1,1,390,0.3396640419960022,0.3197511068979899,0.019912939096490542,0.3279128888746103,0.3279128888746103,0.0,6.0,6.0,3900.0,3801.0,0.0,0.18169793486595154,0.43853646516799927,0.5095198750495911,1.2384227514266968,1.0
dynamic,1,1,391,0.34602885723114013,0.32598063349723816,0.020048228030403455,0.3279042279720306,0.3279042279720306,0.0,6.0,6.0,3910.0,3901.0,0.0,0.18586064875125885,0.46552181243896484,0.5775834321975708,1.6479860544204712,2.0
dynamic,1,1,392,0.36483434597651165,0.3450512373447418,0.01978311151266098,0.33658907408515615,0.33658907408515615,0.0,6.0,6.0,3920.0,3901.0,0.0,0.18586064875125885,0.46552181243896484,0.5775834321975708,1.6479860544204712,2.0
dynamic,1,1,393,0.34410398721694946,0.32507707516352335,0.019026914834976195,0.3260626970728238,0.3260626970728238,0.0,6.0,6.0,3930.0,3901.0,0.0,0.18586064875125885,0.46552181243896484,0.5775834321975708,1.6479860544204712,2.0
dynamic,1,1,394,0.3514197830359141,0.3319219319025675,0.01949785143136978,0.3331584175427755,0.3331584175427755,0.0,6.0,6.0,3940.0,3901.0,0.0,0.18586064875125885,0.46552181243896484,0.5775834321975708,1.6479860544204712,2.0
dynamic,1,1,395,0.35685832420984903,0.33673859198888145,0.020119732469320296,0.33805076917012533,0.33805076917012533,0.0,6.0,6.0,3950.0,3901.0,0.0,0.18586064875125885,0.46552181243896484,0.5775834321975708,1.6479860544204712,2.0
dynamic,1,1,396,0.34829344987869265,0.32934958100318906,0.01894386887550354,0.32387178068359695,0.32387178068359695,0.0,6.0,6.0,3960.0,3901.0,0.0,0.18586064875125885,0.46552181243896484,0.5775834321975708,1.6479860544204712,2.0
dynamic,1,1,397,0.33966479142506917,0.31944645682970685,0.020218334396680197,0.32095499406258265,0.32095499406258265,0.0,6.0,6.0,3970.0,3901.0,0.0,0.18586064875125885,0.46552181243896484,0.5775834321975708,1.6479860544204712,2.0
dynamic,1,1,398,0.3410594447453817,0.3211453568935394,0.019914089639981588,0.32442020207643507,0.32442020207643507,0.0,6.0,6.0,3980.0,3901.0,0.0,0.18586064875125885,0.46552181243896484,0.5775834321975708,1.6479860544204712,2.0
dynamic,1,1,399,0.34435062646865844,0.32535797397295635,0.01899264891942342,0.32065056532621383,0.32065056532621383,0.0,6.0,6.0,3990.0,3901.0,0.0,0.18586064875125885,0.46552181243896484,0.5775834321975708,1.6479860544204712,2.0
dynamic,1,1,400,0.33243560036023456,0.312166805267334,0.020268789778153103,0.31656169136365253,0.31656169136365253,0.0,6.0,6.0,4000.0,3901.0,0.0,0.18586064875125885,0.46552181243896484,0.5775834321975708,1.6479860544204712,2.0
dynamic,1,1,401,0.35241349299748737,0.33141915917396547,0.020994332345823447,0.32446362058321637,0.32446362058321637,0.0,6.0,6.0,4010.0,4001.0,0.0,0.17419785261154175,0.3882424235343933,0.5722267627716064,2.0469210147857666,3.0
dynamic,1,1,402,0.35136884371439614,0.3310916797320048,0.020277164578437805,0.3226137338578701,0.3226137338578701,0.0,6.0,6.0,4020.0,4001.0,0.0,0.17419785261154175,0.3882424235343933,0.5722267627716064,2.0469210147857666,3.0
dynamic,1,1,403,0.33504934469858805,0.31508079131444294,0.019968557208776473,0.31721520190437635,0.31721520190437635,0.0,6.0,6.0,4030.0,4001.0,0.0,0.17419785261154175,0.3882424235343933,0.5722267627716064,2.0469210147857666,3.0
dynamic,1,1,404,0.3373683802286784,0.3169043523073196,0.020464022681117057,0.3095714235305786,0.3095714235305786,0.0,6.0,6.0,4040.0,4001.0,0.0,0.17419785261154175,0.3882424235343933,0.5722267627716064,2.0469210147857666,3.0
dynamic,1,1,405,0.32708054423332217,0.30790666341781614,0.019173883299032846,0.3021037681400776,0.3021037681400776,0.0,6.0,6.0,4050.0,4001.0,0.0,0.17419785261154175,0.3882424235343933,0.5722267627716064,2.0469210147857666,3.0
dynamic,1,1,406,0.3241676334540049,0.3050517757733663,0.01911585954328378,0.29234907110532127,0.29234907110532127,0.0,6.0,6.0,4060.0,4001.0,0.0,0.17419785261154175,0.3882424235343933,0.5722267627716064,2.0469210147857666,3.0
dynamic,1,1,407,0.335530526638031,0.3149718717734019,0.020558651114503543,0.2987407204012076,0.2987407204012076,0.0,6.0,6.0,4070.0,4001.0,0.0,0.17419785261154175,0.3882424235343933,0.5722267627716064,2.0469210147857666,3.0
dynamic,1,1,408,0.3269688367843628,0.3065566102663676,0.020412228827675183,0.2956306501229604,0.2956306501229604,0.0,6.0,6.0,4080.0,4001.0,0.0,0.17419785261154175,0.3882424235343933,0.5722267627716064,2.0469210147857666,3.0
dynamic,1,1,409,0.31105972290039063,0.29239875396092735,0.01866097077727318,0.2817781337102254,0.2817781337102254,0.0,6.0,6.0,4090.0,4001.0,0.0,0.17419785261154175,0.3882424235343933,0.5722267627716064,2.0469210147857666,3.0
dynamic,1,1,410,0.3128775719801585,0.2943153711160024,0.018562205359339713,0.2829066411654155,0.2829066411654155,0.0,6.0,6.0,4100.0,4001.0,0.0,0.17419785261154175,0.3882424235343933,0.5722267627716064,2.0469210147857666,3.0
dynamic,1,1,411,0.3092996072769165,0.2908381485939026,0.018461458484331766,0.28062045539418856,0.28062045539418856,0.0,6.0,6.0,4110.0,4101.0,0.0,0.1542644500732422,0.3537752628326416,0.4921421706676483,1.0787925720214844,1.0
dynamic,1,1,412,0.3068668848276138,0.2892084894577662,0.017658389508724212,0.28032530869046846,0.28032530869046846,0.0,6.0,6.0,4120.0,4101.0,0.0,0.1542644500732422,0.3537752628326416,0.4921421706676483,1.0787925720214844,1.0
dynamic,1,1,413,0.3129356547196706,0.29428016384442646,0.01865548831721147,0.2790747158229351,0.2790747158229351,0.0,6.0,6.0,4130.0,4101.0,0.0,0.1542644500732422,0.3537752628326416,0.4921421706676483,1.0787925720214844,1.0
dynamic,1,1,414,0.300477724870046,0.2818712119261424,0.01860651224851608,0.2753850631415844,0.2753850631415844,0.0,6.0,6.0,4140.0,4101.0,0.0,0.1542644500732422,0.3537752628326416,0.4921421706676483,1.0787925720214844,1.0
dynamic,1,1,415,0.3042628828684489,0.28533533732096356,0.0189275457461675,0.2758452389637629,0.2758452389637629,0.0,6.0,6.0,4150.0,4101.0,0.0,0.1542644500732422,0.3537752628326416,0.4921421706676483,1.0787925720214844,1.0
dynamic,1,1,416,0.29712457021077476,0.2786315302054087,0.01849303811788559,0.2783339421451092,0.2783339421451092,0.0,6.0,6.0,4160.0,4101.0,0.0,0.1542644500732422,0.3537752628326416,0.4921421706676483,1.0787925720214844,1.0
dynamic,1,1,417,0.29635015110174817,0.27813338498274487,0.018216766069332757,0.2758665137986342,0.2758665137986342,0.0,6.0,6.0,4170.0,4101.0,0.0,0.1542644500732422,0.3537752628326416,0.4921421706676483,1.0787925720214844,1.0
dynamic,1,1,418,0.2994457709789276,0.28169617255528767,0.01774959735572338,0.2749217170973619,0.2749217170973619,0.0,6.0,6.0,4180.0,4101.0,0.0,0.1542644500732422,0.3537752628326416,0.4921421706676483,1.0787925720214844,1.0
dynamic,1,1,419,0.3030625077088674,0.2844680162270864,0.01859448939561844,0.27665534486373267,0.27665534486373267,0.0,6.0,6.0,4190.0,4101.0,0.0,0.1542644500732422,0.3537752628326416,0.4921421706676483,1.0787925720214844,1.0
dynamic,1,1,420,0.29986026604970295,0.28098289887110395,0.0188773675262928,0.2812123906612396,0.2812123906612396,0.0,6.0,6.0,4200.0,4101.0,0.0,0.1542644500732422,0.3537752628326416,0.4921421706676483,1.0787925720214844,1.0
dynamic,1,1,421,0.30234428505102795,0.28220655262470246,0.020137738411625226,0.27841987599929174,0.27841987599929174,0.0,6.0,6.0,4210.0,4201.0,0.0,0.1746697723865509,0.3813130855560303,0.49362367391586304,1.3683414459228516,2.0
dynamic,1,1,422,0.2960992856820424,0.27823069095611574,0.0178685970356067,0.27632712210218113,0.27632712210218113,0.0,6.0,6.0,4220.0,4201.0,0.0,0.1746697723865509,0.3813130855560303,0.49362367391586304,1.3683414459228516,2.0
dynamic,1,1,423,0.29480659365653994,0.27695277651151023,0.01785381607711315,0.27401483212908107,0.27401483212908107,0.0,6.0,6.0,4230.0,4201.0,0.0,0.1746697723865509,0.3813130855560303,0.49362367391586304,1.3683414459228516,2.0
dynamic,1,1,424,0.2914446222782135,0.27358059426148734,0.017864028513431548,0.26758416761954623,0.26758416761954623,0.0,6.0,6.0,4240.0,4201.0,0.0,0.1746697723865509,0.3813130855560303,0.49362367391586304,1.3683414459228516,2.0
dynamic,1,1,425,0.28124874909718833,0.2632547064622243,0.017994037022193272,0.26993660057584445,0.26993660057584445,0.0,6.0,6.0,4250.0,4201.0,0.0,0.1746697723865509,0.3813130855560303,0.49362367391586304,1.3683414459228516,2.0
dynamic,1,1,426,0.29273394266764324,0.27226478735605875,0.020469152132670084,0.2670893536011378,0.2670893536011378,0.0,6.0,6.0,4260.0,4201.0,0.0,0.1746697723865509,0.3813130855560303,0.49362367391586304,1.3683414459228516,2.0
dynamic,1,1,427,0.294231071472168,0.27424656788508095,0.019984503909945488,0.2724038643638293,0.2724038643638293,0.0,6.0,6.0,4270.0,4201.0,0.0,0.1746697723865509,0.3813130855560303,0.49362367391586304,1.3683414459228516,2.0
dynamic,1,1,428,0.28821551163991294,0.27021574874718984,0.017999764531850815,0.2697380817433198,0.2697380817433198,0.0,6.0,6.0,4280.0,4201.0,0.0,0.1746697723865509,0.3813130855560303,0.49362367391586304,1.3683414459228516,2.0
dynamic,1,1,429,0.2897362025578817,0.2715708613395691,0.01816534494360288,0.2643582281967004,0.2643582281967004,0.0,6.0,6.0,4290.0,4201.0,0.0,0.1746697723865509,0.3813130855560303,0.49362367391586304,1.3683414459228516,2.0
dynamic,1,1,430,0.27625809053579964,0.2589641982316971,0.0172938921302557,0.26044049044450124,0.26044049044450124,0.0,6.0,6.0,4300.0,4201.0,0.0,0.1746697723865509,0.3813130855560303,0.49362367391586304,1.3683414459228516,2.0
dynamic,1,1,431,0.29168524940808616,0.2734933686256409,0.01819187914331754,0.26016541659832,0.26016541659832,0.0,6.0,6.0,4310.0,4301.0,0.0,0.14729194343090057,0.35147565603256226,0.4527692198753357,1.0086050033569336,1.0
dynamic,1,1,432,0.27120822747548423,0.25288127104441327,0.018326955661177636,0.2591526327033838,0.2591526327033838,0.0,6.0,6.0,4320.0,4301.0,0.0,0.14729194343090057,0.35147565603256226,0.4527692198753357,1.0086050033569336,1.0
dynamic,1,1,433,0.274492107629776,0.25442147970199586,0.02007062956690788,0.2522034072379271,0.2522034072379271,0.0,6.0,6.0,4330.0,4301.0,0.0,0.14729194343090057,0.35147565603256226,0.4527692198753357,1.0086050033569336,1.0
dynamic,1,1,434,0.28252309759457905,0.26285924156506857,0.019663858115673064,0.2543695204953353,0.2543695204953353,0.0,6.0,6.0,4340.0,4301.0,0.0,0.14729194343090057,0.35147565603256226,0.4527692198753357,1.0086050033569336,1.0
dynamic,1,1,435,0.2773565141359965,0.2577709984779358,0.019585513323545457,0.25823240796724956,0.25823240796724956,0.0,6.0,6.0,4350.0,4301.0,0.0,0.14729194343090057,0.35147565603256226,0.4527692198753357,1.0086050033569336,1.0
dynamic,1,1,436,0.27689497550328573,0.2596589235464732,0.01723604939877987,0.26338022207220396,0.26338022207220396,0.0,6.0,6.0,4360.0,4301.0,0.0,0.14729194343090057,0.35147565603256226,0.4527692198753357,1.0086050033569336,1.0
dynamic,1,1,437,0.27380677262941994,0.25541730006535845,0.01838947497308254,0.2525766612092654,0.2525766612092654,0.0,6.0,6.0,4370.0,4301.0,0.0,0.14729194343090057,0.35147565603256226,0.4527692198753357,1.0086050033569336,1.0
dynamic,1,1,438,0.27751372774442035,0.2582870735724767,0.01922665519018968,0.2498132514456908,0.2498132514456908,0.0,6.0,6.0,4380.0,4301.0,0.0,0.14729194343090057,0.35147565603256226,0.4527692198753357,1.0086050033569336,1.0
dynamic,1,1,439,0.2758573563893636,0.2563610331217448,0.019496326223015784,0.25177751496434214,0.25177751496434214,0.0,6.0,6.0,4390.0,4301.0,0.0,0.14729194343090057,0.35147565603256226,0.4527692198753357,1.0086050033569336,1.0
dynamic,1,1,440,0.2720071268081665,0.253642538189888,0.018364589462677636,0.2498746220767498,0.2498746220767498,0.0,6.0,6.0,4400.0,4301.0,0.0,0.14729194343090057,0.35147565603256226,0.4527692198753357,1.0086050033569336,1.0
dynamic,1,1,441,0.2822978448867798,0.26312340517838795,0.019174443011482557,0.2471040306488673,0.2471040306488673,0.0,6.0,6.0,4410.0,4401.0,0.0,0.14674535393714905,0.35687732696533203,0.4646570086479187,0.9793477654457092,0.0
dynamic,1,1,442,0.25922938148180646,0.24198297917842865,0.017246400862932207,0.24580600813031198,0.24580600813031198,0.0,6.0,6.0,4420.0,4401.0,0.0,0.14674535393714905,0.35687732696533203,0.4646570086479187,0.9793477654457092,0.0
dynamic,1,1,443,0.2517528994878133,0.2336527446905772,0.018100157380104065,0.24443898210922876,0.24443898210922876,0.0,6.0,6.0,4430.0,4401.0,0.0,0.14674535393714905,0.35687732696533203,0.4646570086479187,0.9793477654457092,0.0
dynamic,1,1,444,0.2613684336344401,0.242918128768603,0.018450303574403127,0.2378069790204366,0.2378069790204366,0.0,6.0,6.0,4440.0,4401.0,0.0,0.14674535393714905,0.35687732696533203,0.4646570086479187,0.9793477654457092,0.0
dynamic,1,1,445,0.2604644572734833,0.24178299466768902,0.018681459948420524,0.23857339978218078,0.23857339978218078,0.0,6.0,6.0,4450.0,4401.0,0.0,0.14674535393714905,0.35687732696533203,0.4646570086479187,0.9793477654457092,0.0
dynamic,1,1,446,0.26680501838525134,0.2468137357632319,0.01999128187696139,0.24215166807174682,0.24215166807174682,0.0,6.0,6.0,4460.0,4401.0,0.0,0.14674535393714905,0.35687732696533203,0.4646570086479187,0.9793477654457092,0.0
dynamic,1,1,447,0.26083540558815005,0.24035244345664977,0.020482964018980664,0.23619304423530896,0.23619304423530896,0.0,6.0,6.0,4470.0,4401.0,0.0,0.14674535393714905,0.35687732696533203,0.4646570086479187,0.9793477654457092,0.0
dynamic,1,1,448,0.25643211126327514,0.23776387612024943,0.018668235490719477,0.2356453555325667,0.2356453555325667,0.0,6.0,6.0,4480.0,4401.0,0.0,0.14674535393714905,0.35687732696533203,0.4646570086479187,0.9793477654457092,0.0
dynamic,1,1,449,0.26086103995641075,0.24239723801612853,0.0184638050198555,0.23501815030972162,0.23501815030972162,0.0,6.0,6.0,4490.0,4401.0,0.0,0.14674535393714905,0.35687732696533203,0.4646570086479187,0.9793477654457092,0.0
dynamic,1,1,450,0.2607109566529592,0.24288200279076894,0.017828955774505932,0.23475104257464408,0.23475104257464408,0.0,6.0,6.0,4500.0,4401.0,0.0,0.14674535393714905,0.35687732696533203,0.4646570086479187,0.9793477654457092,0.0
dynamic,1,1,451,0.26130934755007423,0.24350711425145466,0.017802236179510753,0.2338934886455536,0.2338934886455536,0.0,6.0,6.0,4510.0,4501.0,0.0,0.1405332386493683,0.30926617980003357,0.5020549297332764,1.776245355606079,2.0
dynamic,1,1,452,0.25556038816769916,0.23686127384503683,0.018699111565947533,0.2323237187663714,0.2323237187663714,0.0,6.0,6.0,4520.0,4501.0,0.0,0.1405332386493683,0.30926617980003357,0.5020549297332764,1.776245355606079,2.0
dynamic,1,1,453,0.257361812988917,0.23756552616755167,0.019796285281578698,0.23060001576940217,0.23060001576940217,0.0,6.0,6.0,4530.0,4501.0,0.0,0.1405332386493683,0.30926617980003357,0.5020549297332764,1.776245355606079,2.0
dynamic,1,1,454,0.2625181639194489,0.2423596082131068,0.020158558984597525,0.22999984075625737,0.22999984075625737,0.0,6.0,6.0,4540.0,4501.0,0.0,0.1405332386493683,0.30926617980003357,0.5020549297332764,1.776245355606079,2.0
dynamic,1,1,455,0.24499006470044454,0.2254092832406362,0.019580780590573946,0.22321633179982503,0.22321633179982503,0.0,6.0,6.0,4550.0,4501.0,0.0,0.1405332386493683,0.30926617980003357,0.5020549297332764,1.776245355606079,2.0
dynamic,1,1,456,0.25931789994239807,0.23846674422423045,0.020851157357295355,0.22955768684546152,0.22955768684546152,0.0,6.0,6.0,4560.0,4501.0,0.0,0.1405332386493683,0.30926617980003357,0.5020549297332764,1.776245355606079,2.0
dynamic,1,1,457,0.25547597964604696,0.23551659206549327,0.019959386934836707,0.23589048703511556,0.23589048703511556,0.0,6.0,6.0,4570.0,4501.0,0.0,0.1405332386493683,0.30926617980003357,0.5020549297332764,1.776245355606079,2.0
dynamic,1,1,458,0.24730416735013325,0.22731502890586852,0.019989137475689252,0.2221017194787661,0.2221017194787661,0.0,6.0,6.0,4580.0,4501.0,0.0,0.1405332386493683,0.30926617980003357,0.5020549297332764,1.776245355606079,2.0
dynamic,1,1,459,0.24830048640569052,0.22903648018836975,0.019264006068309147,0.22658986752231916,0.22658986752231916,0.0,6.0,6.0,4590.0,4501.0,0.0,0.1405332386493683,0.30926617980003357,0.5020549297332764,1.776245355606079,2.0
dynamic,1,1,460,0.2521088687578837,0.23367247621218362,0.018436388274033863,0.22378933255871136,0.22378933255871136,0.0,6.0,6.0,4600.0,4501.0,0.0,0.1405332386493683,0.30926617980003357,0.5020549297332764,1.776245355606079,2.0
dynamic,1,1,461,0.25584877371788023,0.23614569902420043,0.019703073253234227,0.22325442681709926,0.22325442681709926,0.0,6.0,6.0,4610.0,4601.0,0.0,0.14936286211013794,0.3588038682937622,0.45879024267196655,2.394491672515869,2.0
dynamic,1,1,462,0.2476611606280009,0.22766065617402395,0.020000504925847054,0.23028513431549072,0.23028513431549072,0.0,6.0,6.0,4620.0,4601.0,0.0,0.14936286211013794,0.3588038682937622,0.45879024267196655,2.394491672515869,2.0
dynamic,1,1,463,0.24442302763462068,0.22593604882558188,0.018486980994542438,0.2227591934800148,0.2227591934800148,0.0,6.0,6.0,4630.0,4601.0,0.0,0.14936286211013794,0.3588038682937622,0.45879024267196655,2.394491672515869,2.0
dynamic,1,1,464,0.23513901988665262,0.21630844553311665,0.018830574303865432,0.2141467083990574,0.2141467083990574,0.0,6.0,6.0,4640.0,4601.0,0.0,0.14936286211013794,0.3588038682937622,0.45879024267196655,2.394491672515869,2.0
dynamic,1,1,465,0.2429058837890625,0.2232169536749522,0.019688930412133536,0.21788732588291168,0.21788732588291168,0.0,6.0,6.0,4650.0,4601.0,0.0,0.14936286211013794,0.3588038682937622,0.45879024267196655,2.394491672515869,2.0
dynamic,1,1,466,0.24583617170651753,0.22587805569171907,0.019958114797870317,0.2214214651286602,0.2214214651286602,0.0,6.0,6.0,4660.0,4601.0,0.0,0.14936286211013794,0.3588038682937622,0.45879024267196655,2.394491672515869,2.0
dynamic,1,1,467,0.23787816246350607,0.21757776300112405,0.02030039610962073,0.22428423782189688,0.22428423782189688,0.0,6.0,6.0,4670.0,4601.0,0.0,0.14936286211013794,0.3588038682937622,0.45879024267196655,2.394491672515869,2.0
dynamic,1,1,468,0.25196507930755613,0.23138926903406778,0.020575812086462975,0.2173235162595908,0.2173235162595908,0.0,6.0,6.0,4680.0,4601.0,0.0,0.14936286211013794,0.3588038682937622,0.45879024267196655,2.394491672515869,2.0
dynamic,1,1,469,0.245741974512736,0.22446647346019744,0.021275502666831016,0.21794201120734213,0.21794201120734213,0.0,6.0,6.0,4690.0,4601.0,0.0,0.14936286211013794,0.3588038682937622,0.45879024267196655,2.394491672515869,2.0
dynamic,1,1,470,0.24469595392545065,0.2234660597642263,0.021229894384741783,0.2211777832110723,0.2211777832110723,0.0,6.0,6.0,4700.0,4601.0,0.0,0.14936286211013794,0.3588038682937622,0.45879024267196655,2.394491672515869,2.0
dynamic,1,1,471,0.23694363276163738,0.21712269167105358,0.019820941711465517,0.2155209769308567,0.2155209769308567,0.0,6.0,6.0,4710.0,4701.0,0.0,0.15516887605190277,0.35261839628219604,0.507021427154541,1.411746859550476,1.0
dynamic,1,1,472,0.23081163108348846,0.21177838067213695,0.019033251404762266,0.20448584641019504,0.20448584641019504,0.0,6.0,6.0,4720.0,4701.0,0.0,0.15516887605190277,0.35261839628219604,0.507021427154541,1.411746859550476,1.0
dynamic,1,1,473,0.24066421071688335,0.2201339892546336,0.020530220518509546,0.203661225438118,0.203661225438118,0.0,6.0,6.0,4730.0,4701.0,0.0,0.15516887605190277,0.35261839628219604,0.507021427154541,1.411746859550476,1.0
dynamic,1,1,474,0.235877117117246,0.21439914425214132,0.02147797351082166,0.21718970850110053,0.21718970850110053,0.0,6.0,6.0,4740.0,4701.0,0.0,0.15516887605190277,0.35261839628219604,0.507021427154541,1.411746859550476,1.0
dynamic,1,1,475,0.23364487687746685,0.21365475396315256,0.019990124727288883,0.20570463647445042,0.20570463647445042,0.0,6.0,6.0,4750.0,4701.0,0.0,0.15516887605190277,0.35261839628219604,0.507021427154541,1.411746859550476,1.0
dynamic,1,1,476,0.2294286604722341,0.2091822600364685,0.02024639829993248,0.2006353172659874,0.2006353172659874,0.0,6.0,6.0,4760.0,4701.0,0.0,0.15516887605190277,0.35261839628219604,0.507021427154541,1.411746859550476,1.0
dynamic,1,1,477,0.2295571184158325,0.2080434161424637,0.021513701006770133,0.20269193907578786,0.20269193907578786,0.0,6.0,6.0,4770.0,4701.0,0.0,0.15516887605190277,0.35261839628219604,0.507021427154541,1.411746859550476,1.0
dynamic,1,1,478,0.229901123046875,0.20872026145458222,0.021180862188339235,0.202269390920798,0.202269390920798,0.0,6.0,6.0,4780.0,4701.0,0.0,0.15516887605190277,0.35261839628219604,0.507021427154541,1.411746859550476,1.0
dynamic,1,1,479,0.2266909925142924,0.20583159963289896,0.02085939608514309,0.1996771439909935,0.1996771439909935,0.0,6.0,6.0,4790.0,4701.0,0.0,0.15516887605190277,0.35261839628219604,0.507021427154541,1.411746859550476,1.0
dynamic,1,1,480,0.22780460715293885,0.20680588444073994,0.020998723432421686,0.19767939433455467,0.19767939433455467,0.0,6.0,6.0,4800.0,4701.0,0.0,0.15516887605190277,0.35261839628219604,0.507021427154541,1.411746859550476,1.0
dynamic,1,1,481,0.21747477054595948,0.1969799586137136,0.020494807784756024,0.19441944236556688,0.19441944236556688,0.0,6.0,6.0,4810.0,4801.0,0.0,0.15896879136562347,0.40464353561401367,0.5307287573814392,1.2167831659317017,2.0
dynamic,1,1,482,0.23079829752445222,0.2093703693151474,0.02142792984843254,0.19512966076533,0.19512966076533,0.0,6.0,6.0,4820.0,4801.0,0.0,0.15896879136562347,0.40464353561401367,0.5307287573814392,1.2167831659317017,2.0
dynamic,1,1,483,0.22773379623889922,0.2061492023865382,0.021584592908620834,0.204771628032128,0.204771628032128,0.0,6.0,6.0,4830.0,4801.0,0.0,0.15896879136562347,0.40464353561401367,0.5307287573814392,1.2167831659317017,2.0
dynamic,1,1,484,0.2465099255243937,0.22487342317899067,0.021636500457922616,0.1964056415359179,0.1964056415359179,0.0,6.0,6.0,4840.0,4801.0,0.0,0.15896879136562347,0.40464353561401367,0.5307287573814392,1.2167831659317017,2.0
dynamic,1,1,485,0.22041561782360078,0.2001396099726359,0.020276005640625955,0.1986438332994779,0.1986438332994779,0.0,6.0,6.0,4850.0,4801.0,0.0,0.15896879136562347,0.40464353561401367,0.5307287573814392,1.2167831659317017,2.0
dynamic,1,1,486,0.21998730381329853,0.19842755933602652,0.02155974234143893,0.2035097283621629,0.2035097283621629,0.0,6.0,6.0,4860.0,4801.0,0.0,0.15896879136562347,0.40464353561401367,0.5307287573814392,1.2167831659317017,2.0
dynamic,1,1,487,0.2265149712562561,0.20497205913066863,0.021542913143833477,0.1967070446908474,0.1967070446908474,0.0,6.0,6.0,4870.0,4801.0,0.0,0.15896879136562347,0.40464353561401367,0.5307287573814392,1.2167831659317017,2.0
dynamic,1,1,488,0.23126879970232644,0.20773272156715394,0.02353607992331187,0.19353839685519536,0.19353839685519536,0.0,6.0,6.0,4880.0,4801.0,0.0,0.15896879136562347,0.40464353561401367,0.5307287573814392,1.2167831659317017,2.0
dynamic,1,1,489,0.22338411291440327,0.20191675106684367,0.02146735998491446,0.19923755556344985,0.19923755556344985,0.0,6.0,6.0,4890.0,4801.0,0.0,0.15896879136562347,0.40464353561401367,0.5307287573814392,1.2167831659317017,2.0
dynamic,1,1,490,0.23124589006106058,0.21022397975126902,0.021021911526719728,0.19995642259716986,0.19995642259716986,0.0,6.0,6.0,4900.0,4801.0,0.0,0.15896879136562347,0.40464353561401367,0.5307287573814392,1.2167831659317017,2.0
dynamic,1,1,491,0.2237133820851644,0.2026389319698016,0.021074448724587757,0.18741704444090526,0.18741704444090526,0.0,6.0,6.0,4910.0,4901.0,0.0,0.16289666295051575,0.40341219305992126,0.45785537362098694,1.2955923080444336,1.0
dynamic,1,1,492,0.22973431766033173,0.20763625741004943,0.02209806109468142,0.1910435763001442,0.1910435763001442,0.0,6.0,6.0,4920.0,4901.0,0.0,0.16289666295051575,0.40341219305992126,0.45785537362098694,1.2955923080444336,1.0
dynamic,1,1,493,0.23081348677476246,0.20826219340165456,0.022551292727390926,0.20077002321680387,0.20077002321680387,0.0,6.0,6.0,4930.0,4901.0,0.0,0.16289666295051575,0.40341219305992126,0.45785537362098694,1.2955923080444336,1.0
dynamic,1,1,494,0.22764964719613393,0.20603827893733978,0.02161136900385221,0.1918844275176525,0.1918844275176525,0.0,6.0,6.0,4940.0,4901.0,0.0,0.16289666295051575,0.40341219305992126,0.45785537362098694,1.2955923080444336,1.0
dynamic,1,1,495,0.23111753026644388,0.20964026749134063,0.02147726260125637,0.21906473313768704,0.21906473313768704,0.0,6.0,6.0,4950.0,4901.0,0.0,0.16289666295051575,0.40341219305992126,0.45785537362098694,1.2955923080444336,1.0
dynamic,1,1,496,0.22721983075141908,0.20519106646378835,0.022028766622145972,0.18926293859879176,0.18926293859879176,0.0,6.0,6.0,4960.0,4901.0,0.0,0.16289666295051575,0.40341219305992126,0.45785537362098694,1.2955923080444336,1.0
dynamic,1,1,497,0.22681552648544312,0.20437878767649334,0.022436736623446148,0.2025637973845005,0.2025637973845005,0.0,6.0,6.0,4970.0,4901.0,0.0,0.16289666295051575,0.40341219305992126,0.45785537362098694,1.2955923080444336,1.0
dynamic,1,1,498,0.2348791915178299,0.21207561254501342,0.022803578972816468,0.19128217448790868,0.19128217448790868,0.0,6.0,6.0,4980.0,4901.0,0.0,0.16289666295051575,0.40341219305992126,0.45785537362098694,1.2955923080444336,1.0
dynamic,1,1,499,0.21913859963417054,0.19653548578421276,0.022603110323349634,0.18047321438789368,0.18047321438789368,0.0,6.0,6.0,4990.0,4901.0,0.0,0.16289666295051575,0.40341219305992126,0.45785537362098694,1.2955923080444336,1.0
dynamic,1,1,500,0.22503199557463327,0.20286518931388856,0.02216680665810903,0.18788286209106445,0.18788286209106445,0.0,6.0,6.0,5000.0,4901.0,0.0,0.16289666295051575,0.40341219305992126,0.45785537362098694,1.2955923080444336,1.0
