model,seed,level,epoch,train_total,train_effect,train_vq,eval_total,eval_effect,eval_vq,active_codes,ema_used_codes,step_counter,last_check_step,surprise_streak,distance_mean,distance_p90,distance_p95,distance_max,surprise_support
dynamic,3,1,1,6.978679300944011,6.961467940012614,0.017211326385537785,6.772191588083903,6.772191588083903,0.0,1.0,1.0,10.0,0.0,0.0,,,,,
dynamic,3,1,2,6.658642374674479,6.63700667699178,0.021635721574227017,6.460446186065674,6.460446186065674,0.0,1.0,1.0,20.0,0.0,0.0,,,,,
dynamic,3,1,3,6.361594244639079,6.3314519627889,0.030142372300227482,6.159071089426677,6.159071089426677,0.0,1.0,1.0,30.0,0.0,0.0,,,,,
dynamic,3,1,4,6.086309223175049,6.03664275487264,0.049666515986124676,5.878942082722982,5.878942082722982,0.0,1.0,1.0,40.0,0.0,0.0,,,,,
dynamic,3,1,5,5.840945173899333,5.759671783447265,0.08127349386612574,5.608419885635376,5.608419885635376,0.0,1.0,1.0,50.0,0.0,0.0,,,,,
dynamic,3,1,6,5.6319423739115395,5.502832266489665,0.1291101086139679,5.365712858835856,5.365712858835856,0.0,1.0,1.0,60.0,0.0,0.0,,,,,
dynamic,3,1,7,5.457539240519206,5.272684644063314,0.18485458930333457,5.149362688064575,5.149362688064575,0.0,1.0,1.0,70.0,0.0,0.0,,,,,
dynamic,3,1,8,5.334978675842285,5.0596960830688475,0.27528254230817156,4.942269048690796,4.942269048690796,0.0,1.0,1.0,80.0,0.0,0.0,,,,,
dynamic,3,1,9,5.261518567403158,4.858020645777384,0.40349790573120115,4.749786173502605,4.749786173502605,0.0,1.0,1.0,90.0,0.0,0.0,,,,,
dynamic,3,1,10,5.2389725303649906,4.677955570220948,0.5610170443852742,4.581010891596477,4.581010891596477,0.0,1.0,1.0,100.0,0.0,0.0,,,,,
dynamic,3,1,11,5.211902484893799,4.514256267547608,0.6976462086041768,4.426078764597575,4.426078764597575,0.0,1.0,1.0,110.0,0.0,0.0,,,,,
dynamic,3,1,12,5.059195772806803,4.364198818206787,0.6949969657262166,4.278749170303345,4.278749170303345,0.0,1.0,1.0,120.0,0.0,0.0,,,,,
dynamic,3,1,13,4.774554735819499,4.2183372561136885,0.5562175512313843,4.140241161982218,4.140241161982218,0.0,1.0,1.0,130.0,0.0,0.0,,,,,
dynamic,3,1,14,4.481310017903646,4.0837156867980955,0.3975942993164063,4.008235050837199,4.008235050837199,0.0,1.0,1.0,140.0,0.0,0.0,,,,,
dynamic,3,1,15,4.234676192601522,3.9564770380655925,0.2781991724173228,3.8887136014302572,3.8887136014302572,0.0,1.0,1.0,150.0,0.0,0.0,,,,,
dynamic,3,1,16,4.071974353790283,3.8426707712809245,0.22930365125338237,3.782659896214803,3.782659896214803,0.0,1.0,1.0,160.0,0.0,0.0,,,,,
dynamic,3,1,17,3.9382895533243816,3.7392850557963055,0.19900448977947235,3.6820103708902994,3.6820103708902994,0.0,1.0,1.0,170.0,0.0,0.0,,,,,
dynamic,3,1,18,3.812963291803996,3.6428774929046632,0.1700857667128245,3.5911783091227214,3.5911783091227214,0.0,1.0,1.0,180.0,0.0,0.0,,,,,
dynamic,3,1,19,3.6922072919209796,3.555291379292806,0.13691591223080954,3.507376289367676,3.507376289367676,0.0,1.0,1.0,190.0,0.0,0.0,,,,,
dynamic,3,1,20,3.5895194498697918,3.474164759318034,0.11535464425881704,3.42877542813619,3.42877542813619,0.0,1.0,1.0,200.0,0.0,0.0,,,,,
dynamic,3,1,21,3.52325901667277,3.3959424463907877,0.12731659293174744,3.3534969234466554,3.3534969234466554,0.0,1.0,1.0,210.0,201.0,1.0,0.9010656476020813,2.277153730392456,4.097872734069824,8.887846946716309,46.0
dynamic,3,1,22,3.5244783465067546,3.322236680984497,0.2022416575749715,3.279266748428345,3.279266748428345,0.0,1.0,1.0,220.0,201.0,1.0,0.9010656476020813,2.277153730392456,4.097872734069824,8.887846946716309,46.0
dynamic,3,1,23,3.560003016789754,3.248264684677124,0.31173831621805825,3.209623759587606,3.209623759587606,0.0,1.0,1.0,230.0,201.0,1.0,0.9010656476020813,2.277153730392456,4.097872734069824,8.887846946716309,46.0
dynamic,3,1,24,3.6022508049011233,3.182056636810303,0.4201941712697347,3.1439617315928143,3.1439617315928143,0.0,1.0,1.0,240.0,201.0,1.0,0.9010656476020813,2.277153730392456,4.097872734069824,8.887846946716309,46.0
dynamic,3,1,25,3.5150859292348224,3.116944211324056,0.39814171512921653,3.082638063430786,3.082638063430786,0.0,1.0,1.0,250.0,201.0,1.0,0.9010656476020813,2.277153730392456,4.097872734069824,8.887846946716309,46.0
dynamic,3,1,26,3.369585501352946,3.0572114181518555,0.31237407207489015,3.0220814673105876,3.0220814673105876,0.0,1.0,1.0,260.0,201.0,1.0,0.9010656476020813,2.277153730392456,4.097872734069824,8.887846946716309,46.0
dynamic,3,1,27,3.2432816282908123,2.9974573135375975,0.24582428018252056,2.9645836766560874,2.9645836766560874,0.0,1.0,1.0,270.0,201.0,1.0,0.9010656476020813,2.277153730392456,4.097872734069824,8.887846946716309,46.0
dynamic,3,1,28,3.1549946594238283,2.9416743405659993,0.21332032998402914,2.910982195536296,2.910982195536296,0.0,1.0,1.0,280.0,201.0,1.0,0.9010656476020813,2.277153730392456,4.097872734069824,8.887846946716309,46.0
dynamic,3,1,29,3.091099780400594,2.8895420932769778,0.20155766983826956,2.8596785640716553,2.8596785640716553,0.0,1.0,1.0,290.0,201.0,1.0,0.9010656476020813,2.277153730392456,4.097872734069824,8.887846946716309,46.0
dynamic,3,1,30,3.0370681858062745,2.8390335687001547,0.19803458074728647,2.812056449254354,2.812056449254354,0.0,1.0,1.0,300.0,201.0,1.0,0.9010656476020813,2.277153730392456,4.097872734069824,8.887846946716309,46.0
dynamic,3,1,31,2.76700590133667,2.6817124970753987,0.08529342750708262,2.6434149646759035,2.6434149646759035,0.0,2.0,2.0,310.0,301.0,0.0,1.6113786697387695,4.679685592651367,7.896017074584961,22.212543487548828,71.0
dynamic,3,1,32,2.6877664120992026,2.6104955768585203,0.07727082699537277,2.5749304072062174,2.5749304072062174,0.0,2.0,2.0,320.0,301.0,0.0,1.6113786697387695,4.679685592651367,7.896017074584961,22.212543487548828,71.0
dynamic,3,1,33,2.632228042284648,2.5325365273157754,0.09969153175751368,2.496376140912374,2.496376140912374,0.0,2.0,2.0,330.0,301.0,0.0,1.6113786697387695,4.679685592651367,7.896017074584961,22.212543487548828,71.0
dynamic,3,1,34,2.570315450032552,2.4370077355702717,0.1333077116807302,2.388148005803426,2.388148005803426,0.0,2.0,2.0,340.0,301.0,0.0,1.6113786697387695,4.679685592651367,7.896017074584961,22.212543487548828,71.0
dynamic,3,1,35,2.5058163611094155,2.3375291570027668,0.16828717867533366,2.2934173504511515,2.2934173504511515,0.0,2.0,2.0,350.0,301.0,0.0,1.6113786697387695,4.679685592651367,7.896017074584961,22.212543487548828,71.0
dynamic,3,1,36,2.417957894007365,2.2525561745961507,0.16540176987648011,2.203708340326945,2.203708340326945,0.0,2.0,2.0,360.0,301.0,0.0,1.6113786697387695,4.679685592651367,7.896017074584961,22.212543487548828,71.0
dynamic,3,1,37,2.316516777674357,2.1777528699239097,0.13876389980316162,2.131487555503845,2.131487555503845,0.0,2.0,2.0,370.0,301.0,0.0,1.6113786697387695,4.679685592651367,7.896017074584961,22.212543487548828,71.0
dynamic,3,1,38,2.2236794662475585,2.1127583980560303,0.11092109769582749,2.0723836533228557,2.0723836533228557,0.0,2.0,2.0,380.0,301.0,0.0,1.6113786697387695,4.679685592651367,7.896017074584961,22.212543487548828,71.0
dynamic,3,1,39,2.137183745702108,2.0520811065038047,0.08510260750850042,2.017768898010254,2.017768898010254,0.0,2.0,2.0,390.0,301.0,0.0,1.6113786697387695,4.679685592651367,7.896017074584961,22.212543487548828,71.0
dynamic,3,1,40,2.076513973871867,2.002049582799276,0.07446434517701467,1.9627971696853637,1.9627971696853637,0.0,2.0,2.0,400.0,301.0,0.0,1.6113786697387695,4.679685592651367,7.896017074584961,22.212543487548828,71.0
dynamic,3,1,41,2.015247082710266,1.9410948022206624,0.0741522773106893,1.9057495927810668,1.9057495927810668,0.0,2.0,2.0,410.0,401.0,1.0,0.6194911003112793,1.2156918048858643,2.1178855895996094,8.844497680664062,29.0
dynamic,3,1,42,1.9577242120107015,1.884708325068156,0.07301588694254557,1.8487576214472452,1.8487576214472452,0.0,2.0,2.0,420.0,401.0,1.0,0.6194911003112793,1.2156918048858643,2.1178855895996094,8.844497680664062,29.0
dynamic,3,1,43,1.9027010917663574,1.8278827079137165,0.07481838464736938,1.7923556995391845,1.7923556995391845,0.0,2.0,2.0,430.0,401.0,1.0,0.6194911003112793,1.2156918048858643,2.1178855895996094,8.844497680664062,29.0
dynamic,3,1,44,1.8464748573303222,1.774180170694987,0.0722946802775065,1.7416705910364787,1.7416705910364787,0.0,2.0,2.0,440.0,401.0,1.0,0.6194911003112793,1.2156918048858643,2.1178855895996094,8.844497680664062,29.0
dynamic,3,1,45,1.7830313380559286,1.7247381846110026,0.05829316943883896,1.694058232307434,1.694058232307434,0.0,2.0,2.0,450.0,401.0,1.0,0.6194911003112793,1.2156918048858643,2.1178855895996094,8.844497680664062,29.0
dynamic,3,1,46,1.7162533028920492,1.674141443570455,0.042111859569946924,1.6488503472010294,1.6488503472010294,0.0,2.0,2.0,460.0,401.0,1.0,0.6194911003112793,1.2156918048858643,2.1178855895996094,8.844497680664062,29.0
dynamic,3,1,47,1.6604920323689778,1.6294502592086793,0.031041767249504724,1.6039689302444458,1.6039689302444458,0.0,2.0,2.0,470.0,401.0,1.0,0.6194911003112793,1.2156918048858643,2.1178855895996094,8.844497680664062,29.0
dynamic,3,1,48,1.6148400084177652,1.5858625984191894,0.028977408210436505,1.5616181604067485,1.5616181604067485,0.0,2.0,2.0,480.0,401.0,1.0,0.6194911003112793,1.2156918048858643,2.1178855895996094,8.844497680664062,29.0
dynamic,3,1,49,1.5711495176951091,1.5439933633804321,0.02715616047382355,1.5215353099505107,1.5215353099505107,0.0,2.0,2.0,490.0,401.0,1.0,0.6194911003112793,1.2156918048858643,2.1178855895996094,8.844497680664062,29.0
dynamic,3,1,50,1.532095300356547,1.5049992529551188,0.027096062997976938,1.484139526685079,1.484139526685079,0.0,2.0,2.0,500.0,401.0,1.0,0.6194911003112793,1.2156918048858643,2.1178855895996094,8.844497680664062,29.0
dynamic,3,1,51,1.4999792623519896,1.4740997902552286,0.025879484663407008,1.4494426910082499,1.4494426910082499,0.0,2.0,2.0,510.0,501.0,0.0,0.2094653844833374,0.5766047239303589,0.7700694799423218,1.6905455589294434,5.0
dynamic,3,1,52,1.4613293600082398,1.4356062332789103,0.025723121265570324,1.4168558247884115,1.4168558247884115,0.0,2.0,2.0,520.0,501.0,0.0,0.2094653844833374,0.5766047239303589,0.7700694799423218,1.6905455589294434,5.0
dynamic,3,1,53,1.4296189244588215,1.4037364308039348,0.025882497951388358,1.385698447227478,1.385698447227478,0.0,2.0,2.0,530.0,501.0,0.0,0.2094653844833374,0.5766047239303589,0.7700694799423218,1.6905455589294434,5.0
dynamic,3,1,54,1.4011487611134847,1.373421394030253,0.02772737349073092,1.3575065366427104,1.3575065366427104,0.0,2.0,2.0,540.0,501.0,0.0,0.2094653844833374,0.5766047239303589,0.7700694799423218,1.6905455589294434,5.0
dynamic,3,1,55,1.3732015069325765,1.346007162729899,0.027194338863094646,1.3297462979952495,1.3297462979952495,0.0,2.0,2.0,550.0,501.0,0.0,0.2094653844833374,0.5766047239303589,0.7700694799423218,1.6905455589294434,5.0
dynamic,3,1,56,1.345844464302063,1.3178636026382446,0.027980839535593986,1.3027488247553507,1.3027488247553507,0.0,2.0,2.0,560.0,501.0,0.0,0.2094653844833374,0.5766047239303589,0.7700694799423218,1.6905455589294434,5.0
dynamic,3,1,57,1.3214459562301635,1.2916525522867839,0.02979340195655823,1.276983192761739,1.276983192761739,0.0,2.0,2.0,570.0,501.0,0.0,0.2094653844833374,0.5766047239303589,0.7700694799423218,1.6905455589294434,5.0
dynamic,3,1,58,1.2973194567362467,1.2668670002619427,0.030452457368373872,1.2528897706667583,1.2528897706667583,0.0,2.0,2.0,580.0,501.0,0.0,0.2094653844833374,0.5766047239303589,0.7700694799423218,1.6905455589294434,5.0
dynamic,3,1,59,1.2692107836405435,1.2435673554738362,0.025643439317742985,1.2297315780321758,1.2297315780321758,0.0,2.0,2.0,590.0,501.0,0.0,0.2094653844833374,0.5766047239303589,0.7700694799423218,1.6905455589294434,5.0
dynamic,3,1,60,1.2494832547505696,1.2260372304916383,0.02344603697458903,1.2078918361663817,1.2078918361663817,0.0,2.0,2.0,600.0,501.0,0.0,0.2094653844833374,0.5766047239303589,0.7700694799423218,1.6905455589294434,5.0
dynamic,3,1,61,1.2204136371612548,1.1991134516398112,0.021300174295902252,1.187732346057892,1.187732346057892,0.0,2.0,2.0,610.0,601.0,0.0,0.17127715051174164,0.4250612258911133,0.49472129344940186,2.2817230224609375,3.0
dynamic,3,1,62,1.1997297430038452,1.1790993309020996,0.0206304207444191,1.1675675535202026,1.1675675535202026,0.0,2.0,2.0,620.0,601.0,0.0,0.17127715051174164,0.4250612258911133,0.49472129344940186,2.2817230224609375,3.0
dynamic,3,1,63,1.182901824315389,1.1590171416600545,0.023884693831205367,1.14731423219045,1.14731423219045,0.0,2.0,2.0,630.0,601.0,0.0,0.17127715051174164,0.4250612258911133,0.49472129344940186,2.2817230224609375,3.0
dynamic,3,1,64,1.1663953733444214,1.1390331554412843,0.027362223515907922,1.1282878907521565,1.1282878907521565,0.0,2.0,2.0,640.0,601.0,0.0,0.17127715051174164,0.4250612258911133,0.49472129344940186,2.2817230224609375,3.0
dynamic,3,1,65,1.1489529832204184,1.1206693792343139,0.0282835973550876,1.1102156885464987,1.1102156885464987,0.0,2.0,2.0,650.0,601.0,0.0,0.17127715051174164,0.4250612258911133,0.49472129344940186,2.2817230224609375,3.0
dynamic,3,1,66,1.1291404898961386,1.1028828064600626,0.0262576861679554,1.0931463321050008,1.0931463321050008,0.0,2.0,2.0,660.0,601.0,0.0,0.17127715051174164,0.4250612258911133,0.49472129344940186,2.2817230224609375,3.0
dynamic,3,1,67,1.1176292371749879,1.0922417815526326,0.0253874567647775,1.0764362422625224,1.0764362422625224,0.0,2.0,2.0,670.0,601.0,0.0,0.17127715051174164,0.4250612258911133,0.49472129344940186,2.2817230224609375,3.0
dynamic,3,1,68,1.0949650812149048,1.0691829895973206,0.025782091145714125,1.0605329887072246,1.0605329887072246,0.0,2.0,2.0,680.0,601.0,0.0,0.17127715051174164,0.4250612258911133,0.49472129344940186,2.2817230224609375,3.0
dynamic,3,1,69,1.0855500396092732,1.0602693549791973,0.025280680184563,1.0456820050875346,1.0456820050875346,0.0,2.0,2.0,690.0,601.0,0.0,0.17127715051174164,0.4250612258911133,0.49472129344940186,2.2817230224609375,3.0
dynamic,3,1,70,1.0650865109761556,1.0397453991572063,0.02534111941854159,1.0314660855134328,1.0314660855134328,0.0,2.0,2.0,700.0,601.0,0.0,0.17127715051174164,0.4250612258911133,0.49472129344940186,2.2817230224609375,3.0
dynamic,3,1,71,1.0537822930018108,1.0256533002853394,0.02812900347014268,1.0176223703225453,1.0176223703225453,0.0,2.0,2.0,710.0,701.0,0.0,0.20592930912971497,0.4821854829788208,0.8345765471458435,1.4892616271972656,9.0
dynamic,3,1,72,1.041950143178304,1.0122353212038675,0.02971483086546262,1.0045709415276844,1.0045709415276844,0.0,2.0,2.0,720.0,701.0,0.0,0.20592930912971497,0.4821854829788208,0.8345765471458435,1.4892616271972656,9.0
dynamic,3,1,73,1.0272982931137085,0.9993747170766195,0.027923579042156536,0.9923865624268849,0.9923865624268849,0.0,2.0,2.0,730.0,701.0,0.0,0.20592930912971497,0.4821854829788208,0.8345765471458435,1.4892616271972656,9.0
dynamic,3,1,74,1.0142941013971964,0.9874073084195455,0.0268868096669515,0.9805073757966359,0.9805073757966359,0.0,2.0,2.0,740.0,701.0,0.0,0.20592930912971497,0.4821854829788208,0.8345765471458435,1.4892616271972656,9.0
dynamic,3,1,75,1.0086086813608806,0.9828766878445944,0.025732001662254332,0.9692974289258321,0.9692974289258321,0.0,2.0,2.0,750.0,701.0,0.0,0.20592930912971497,0.4821854829788208,0.8345765471458435,1.4892616271972656,9.0
dynamic,3,1,76,0.9885599605242411,0.9648312338193258,0.023728700826565426,0.958643894592921,0.958643894592921,0.0,2.0,2.0,760.0,701.0,0.0,0.20592930912971497,0.4821854829788208,0.8345765471458435,1.4892616271972656,9.0
dynamic,3,1,77,0.9808106025060018,0.9541665331522624,0.026644082069396974,0.9481299992402394,0.9481299992402394,0.0,2.0,2.0,770.0,701.0,0.0,0.20592930912971497,0.4821854829788208,0.8345765471458435,1.4892616271972656,9.0
dynamic,3,1,78,0.9708726676305135,0.9439468717575074,0.026925796270370485,0.938262984752655,0.938262984752655,0.0,2.0,2.0,780.0,701.0,0.0,0.20592930912971497,0.4821854829788208,0.8345765471458435,1.4892616271972656,9.0
dynamic,3,1,79,0.960451074441274,0.9340525007247925,0.026398568004369734,0.9286452726523081,0.9286452726523081,0.0,2.0,2.0,790.0,701.0,0.0,0.20592930912971497,0.4821854829788208,0.8345765471458435,1.4892616271972656,9.0
dynamic,3,1,80,0.9521330014864604,0.9245642964045206,0.02756870796283086,0.9193497029940287,0.9193497029940287,0.0,2.0,2.0,800.0,701.0,0.0,0.20592930912971497,0.4821854829788208,0.8345765471458435,1.4892616271972656,9.0
dynamic,3,1,81,0.9423152248064677,0.915656079451243,0.026659144088625908,0.9105340806643168,0.9105340806643168,0.0,2.0,2.0,810.0,801.0,0.0,0.18693819642066956,0.41445454955101013,0.6359580159187317,1.6220207214355469,6.0
dynamic,3,1,82,0.934495906829834,0.9069675254821777,0.027528377572695415,0.90205246925354,0.90205246925354,0.0,2.0,2.0,820.0,801.0,0.0,0.18693819642066956,0.41445454955101013,0.6359580159187317,1.6220207214355469,6.0
dynamic,3,1,83,0.9288718787829081,0.8986600844065348,0.030211799095074335,0.893640573422114,0.893640573422114,0.0,2.0,2.0,830.0,801.0,0.0,0.18693819642066956,0.41445454955101013,0.6359580159187317,1.6220207214355469,6.0
dynamic,3,1,84,0.9194082657496134,0.890271380742391,0.029136894196271898,0.8857559593518575,0.8857559593518575,0.0,2.0,2.0,840.0,801.0,0.0,0.18693819642066956,0.41445454955101013,0.6359580159187317,1.6220207214355469,6.0
dynamic,3,1,85,0.9120973189671834,0.8825964752833049,0.0295008418460687,0.8783534340063731,0.8783534340063731,0.0,2.0,2.0,850.0,801.0,0.0,0.18693819642066956,0.41445454955101013,0.6359580159187317,1.6220207214355469,6.0
dynamic,3,1,86,0.9056304462750753,0.8754373542467753,0.030193094437321027,0.8712631527582805,0.8712631527582805,0.0,2.0,2.0,860.0,801.0,0.0,0.18693819642066956,0.41445454955101013,0.6359580159187317,1.6220207214355469,6.0
dynamic,3,1,87,0.8982283012072245,0.8681281050046284,0.030100189248720804,0.8645358796914419,0.8645358796914419,0.0,2.0,2.0,870.0,801.0,0.0,0.18693819642066956,0.41445454955101013,0.6359580159187317,1.6220207214355469,6.0
dynamic,3,1,88,0.888864586353302,0.8617273362477621,0.027137248540918032,0.8578408312797546,0.8578408312797546,0.0,2.0,2.0,880.0,801.0,0.0,0.18693819642066956,0.41445454955101013,0.6359580159187317,1.6220207214355469,6.0
dynamic,3,1,89,0.8807198715209961,0.8552109527587891,0.025508918315172196,0.8515370253721873,0.8515370253721873,0.0,2.0,2.0,890.0,801.0,0.0,0.18693819642066956,0.41445454955101013,0.6359580159187317,1.6220207214355469,6.0
dynamic,3,1,90,0.8752195755640666,0.8489748509724935,0.02624473124742508,0.8455748383204142,0.8455748383204142,0.0,2.0,2.0,900.0,801.0,0.0,0.18693819642066956,0.41445454955101013,0.6359580159187317,1.6220207214355469,6.0
dynamic,3,1,91,0.8704113245010376,0.8430848423639933,0.02732647826274236,0.8396959495544434,0.8396959495544434,0.0,2.0,2.0,910.0,901.0,0.0,0.23112159967422485,0.49203139543533325,0.6705129146575928,2.1620960235595703,6.0
dynamic,3,1,92,0.8648719008763631,0.8372868450482687,0.027585049867630006,0.834170876344045,0.834170876344045,0.0,2.0,2.0,920.0,901.0,0.0,0.23112159967422485,0.49203139543533325,0.6705129146575928,2.1620960235595703,6.0
dynamic,3,1,93,0.8598492113749187,0.8319666035970052,0.027882608423630398,0.8287603429953257,0.8287603429953257,0.0,2.0,2.0,930.0,901.0,0.0,0.23112159967422485,0.49203139543533325,0.6705129146575928,2.1620960235595703,6.0
dynamic,3,1,94,0.8612383039792378,0.8337087790171306,0.02752952369550864,0.8237038834889729,0.8237038834889729,0.0,2.0,2.0,940.0,901.0,0.0,0.23112159967422485,0.49203139543533325,0.6705129146575928,2.1620960235595703,6.0
dynamic,3,1,95,0.8480461215972901,0.821733767191569,0.026312344819307328,0.8187319171428681,0.8187319171428681,0.0,2.0,2.0,950.0,901.0,0.0,0.23112159967422485,0.49203139543533325,0.6705129146575928,2.1620960235595703,6.0
dynamic,3,1,96,0.851887104511261,0.824018300374349,0.027868797679742176,0.8141824855407079,0.8141824855407079,0.0,2.0,2.0,960.0,901.0,0.0,0.23112159967422485,0.49203139543533325,0.6705129146575928,2.1620960235595703,6.0
dynamic,3,1,97,0.8409312836329143,0.8123142798741658,0.02861700256665548,0.8096838722626368,0.8096838722626368,0.0,2.0,2.0,970.0,901.0,0.0,0.23112159967422485,0.49203139543533325,0.6705129146575928,2.1620960235595703,6.0
dynamic,3,1,98,0.8363702837626139,0.8078027145067851,0.028567561035354933,0.805151706536611,0.805151706536611,0.0,2.0,2.0,980.0,901.0,0.0,0.23112159967422485,0.49203139543533325,0.6705129146575928,2.1620960235595703,6.0
dynamic,3,1,99,0.8329214334487915,0.803434186776479,0.029487246523300807,0.8009574528535207,0.8009574528535207,0.0,2.0,2.0,990.0,901.0,0.0,0.23112159967422485,0.49203139543533325,0.6705129146575928,2.1620960235595703,6.0
dynamic,3,1,100,0.8291386326154073,0.799177504380544,0.02996112309396267,0.7968710277477901,0.7968710277477901,0.0,2.0,2.0,1000.0,901.0,0.0,0.23112159967422485,0.49203139543533325,0.6705129146575928,2.1620960235595703,6.0
dynamic,3,1,101,0.8236972697575887,0.7951980098088582,0.02849926014741262,0.7929611331224442,0.7929611331224442,0.0,2.0,2.0,1010.0,1001.0,0.0,0.23457224667072296,0.5007833242416382,0.6645949482917786,1.8656032085418701,8.0
dynamic,3,1,102,0.8192480285962422,0.7913611849149068,0.02788684204220772,0.7892267574866613,0.7892267574866613,0.0,2.0,2.0,1020.0,1001.0,0.0,0.23457224667072296,0.5007833242416382,0.6645949482917786,1.8656032085418701,8.0
dynamic,3,1,103,0.8176537720362346,0.7877235341072083,0.029930242399374644,0.7856410213311513,0.7856410213311513,0.0,2.0,2.0,1030.0,1001.0,0.0,0.23457224667072296,0.5007833242416382,0.6645949482917786,1.8656032085418701,8.0
dynamic,3,1,104,0.8142544078826904,0.784211839834849,0.0300425656636556,0.7822268976767858,0.7822268976767858,0.0,2.0,2.0,1040.0,1001.0,0.0,0.23457224667072296,0.5007833242416382,0.6645949482917786,1.8656032085418701,8.0
dynamic,3,1,105,0.8115454689661662,0.7807788713773092,0.030766591876745224,0.7787805640697479,0.7787805640697479,0.0,2.0,2.0,1050.0,1001.0,0.0,0.23457224667072296,0.5007833242416382,0.6645949482917786,1.8656032085418701,8.0
dynamic,3,1,106,0.8075209021568298,0.7774542458852132,0.030066663920879363,0.7754580638806026,0.7754580638806026,0.0,2.0,2.0,1060.0,1001.0,0.0,0.23457224667072296,0.5007833242416382,0.6645949482917786,1.8656032085418701,8.0
dynamic,3,1,107,0.8037094855308533,0.7742011864980062,0.02950829029083252,0.7723500335216522,0.7723500335216522,0.0,2.0,2.0,1070.0,1001.0,0.0,0.23457224667072296,0.5007833242416382,0.6645949482917786,1.8656032085418701,8.0
dynamic,3,1,108,0.8010386617978414,0.771137322584788,0.029901348600784937,0.7694623659054438,0.7694623659054438,0.0,2.0,2.0,1080.0,1001.0,0.0,0.23457224667072296,0.5007833242416382,0.6645949482917786,1.8656032085418701,8.0
dynamic,3,1,109,0.8054364697138469,0.7756181828180949,0.029818283120791118,0.7665501163403193,0.7665501163403193,0.0,2.0,2.0,1090.0,1001.0,0.0,0.23457224667072296,0.5007833242416382,0.6645949482917786,1.8656032085418701,8.0
dynamic,3,1,110,0.7960334451993306,0.7654114810625712,0.03062196433544159,0.7637715131044388,0.7637715131044388,0.0,2.0,2.0,1100.0,1001.0,0.0,0.23457224667072296,0.5007833242416382,0.6645949482917786,1.8656032085418701,8.0
dynamic,3,1,111,0.7934245149294535,0.7626100977261862,0.030814417252937952,0.7610419883330664,0.7610419883330664,0.0,2.0,2.0,1110.0,1101.0,0.0,0.2689918279647827,0.6325081586837769,0.8299888372421265,1.7009539604187012,8.0
dynamic,3,1,112,0.7910753043492635,0.7599355943997701,0.031139713749289512,0.7583967260519664,0.7583967260519664,0.0,2.0,2.0,1120.0,1101.0,0.0,0.2689918279647827,0.6325081586837769,0.8299888372421265,1.7009539604187012,8.0
dynamic,3,1,113,0.7888393878936768,0.7573997243245443,0.03143966416517893,0.755900096098582,0.755900096098582,0.0,2.0,2.0,1130.0,1101.0,0.0,0.2689918279647827,0.6325081586837769,0.8299888372421265,1.7009539604187012,8.0
dynamic,3,1,114,0.7877558461825053,0.7548534496625264,0.032902393490076065,0.7534988727172216,0.7534988727172216,0.0,2.0,2.0,1140.0,1101.0,0.0,0.2689918279647827,0.6325081586837769,0.8299888372421265,1.7009539604187012,8.0
dynamic,3,1,115,0.7878731552759807,0.7525076254208882,0.035365528265635174,0.7511475014686585,0.7511475014686585,0.0,2.0,2.0,1150.0,1101.0,0.0,0.2689918279647827,0.6325081586837769,0.8299888372421265,1.7009539604187012,8.0
dynamic,3,1,116,0.7855389642715455,0.7502221163113912,0.03531684438387553,0.7488524589935939,0.7488524589935939,0.0,2.0,2.0,1160.0,1101.0,0.0,0.2689918279647827,0.6325081586837769,0.8299888372421265,1.7009539604187012,8.0
dynamic,3,1,117,0.7839938155810038,0.7479660836855571,0.03602773239215215,0.7467101565996805,0.7467101565996805,0.0,2.0,2.0,1170.0,1101.0,0.0,0.2689918279647827,0.6325081586837769,0.8299888372421265,1.7009539604187012,8.0
dynamic,3,1,118,0.7816243561108908,0.7458846958478292,0.03573966676990191,0.74476584593455,0.74476584593455,0.0,2.0,2.0,1180.0,1101.0,0.0,0.2689918279647827,0.6325081586837769,0.8299888372421265,1.7009539604187012,8.0
dynamic,3,1,119,0.7783403778076172,0.7439320325851441,0.03440834373235702,0.7427410225073496,0.7427410225073496,0.0,2.0,2.0,1190.0,1101.0,0.0,0.2689918279647827,0.6325081586837769,0.8299888372421265,1.7009539604187012,8.0
dynamic,3,1,120,0.7772332620620728,0.7419475587209066,0.035285705228646595,0.7406988942623138,0.7406988942623138,0.0,2.0,2.0,1200.0,1101.0,0.0,0.2689918279647827,0.6325081586837769,0.8299888372421265,1.7009539604187012,8.0
dynamic,3,1,121,0.7757908010482788,0.7398785082499186,0.03591229230165482,0.738789613644282,0.738789613644282,0.0,2.0,2.0,1210.0,1201.0,0.0,0.26852303743362427,0.5654172897338867,0.7702978253364563,1.6275436878204346,4.0
dynamic,3,1,122,0.7739181812604269,0.7380193837483724,0.03589879656831423,0.7369583426912626,0.7369583426912626,0.0,2.0,2.0,1220.0,1201.0,0.0,0.26852303743362427,0.5654172897338867,0.7702978253364563,1.6275436878204346,4.0
dynamic,3,1,123,0.7711486315727234,0.7362292138735453,0.03491941933830579,0.735179178416729,0.735179178416729,0.0,2.0,2.0,1230.0,1201.0,0.0,0.26852303743362427,0.5654172897338867,0.7702978253364563,1.6275436878204346,4.0
dynamic,3,1,124,0.7714002084732056,0.734476896127065,0.03692331006129583,0.7335378435254097,0.7335378435254097,0.0,2.0,2.0,1240.0,1201.0,0.0,0.26852303743362427,0.5654172897338867,0.7702978253364563,1.6275436878204346,4.0
dynamic,3,1,125,0.7697537302970886,0.7328538115819295,0.03689992676178614,0.7318905237317085,0.7318905237317085,0.0,2.0,2.0,1250.0,1201.0,0.0,0.26852303743362427,0.5654172897338867,0.7702978253364563,1.6275436878204346,4.0
dynamic,3,1,126,0.7696309296290079,0.7312450925509135,0.03838583827018738,0.7303953729073207,0.7303953729073207,0.0,2.0,2.0,1260.0,1201.0,0.0,0.26852303743362427,0.5654172897338867,0.7702978253364563,1.6275436878204346,4.0
dynamic,3,1,127,0.7677681477864583,0.729779512087504,0.037988642354806264,0.7288462920983633,0.7288462920983633,0.0,2.0,2.0,1270.0,1201.0,0.0,0.26852303743362427,0.5654172897338867,0.7702978253364563,1.6275436878204346,4.0
dynamic,3,1,128,0.766434645652771,0.7282097975413004,0.03822484850883484,0.7273879227042198,0.7273879227042198,0.0,2.0,2.0,1280.0,1201.0,0.0,0.26852303743362427,0.5654172897338867,0.7702978253364563,1.6275436878204346,4.0
dynamic,3,1,129,0.766098952293396,0.7267894570032756,0.03930949648221334,0.7259058583776156,0.7259058583776156,0.0,2.0,2.0,1290.0,1201.0,0.0,0.26852303743362427,0.5654172897338867,0.7702978253364563,1.6275436878204346,4.0
dynamic,3,1,130,0.7660693550109863,0.7253595725695292,0.040709793865680695,0.72453117420276,0.72453117420276,0.0,2.0,2.0,1300.0,1201.0,0.0,0.26852303743362427,0.5654172897338867,0.7702978253364563,1.6275436878204346,4.0
dynamic,3,1,131,0.7624716448783875,0.7240167721112569,0.03845487127701441,0.7231790030996005,0.7231790030996005,0.0,2.0,2.0,1310.0,1301.0,0.0,0.30672746896743774,0.6783344745635986,0.9163839221000671,1.5836801528930664,8.0
dynamic,3,1,132,0.7634664042790731,0.7226740845044454,0.04079232454299927,0.7219598417480787,0.7219598417480787,0.0,2.0,2.0,1320.0,1301.0,0.0,0.30672746896743774,0.6783344745635986,0.9163839221000671,1.5836801528930664,8.0
dynamic,3,1,133,0.7650314402580262,0.7214403025309245,0.04359114676713943,0.720744884411494,0.720744884411494,0.0,2.0,2.0,1330.0,1301.0,0.0,0.30672746896743774,0.6783344745635986,0.9163839221000671,1.5836801528930664,8.0
dynamic,3,1,134,0.766049173672994,0.720227932135264,0.0458212411403656,0.7194909643133481,0.7194909643133481,0.0,2.0,2.0,1340.0,1301.0,0.0,0.30672746896743774,0.6783344745635986,0.9163839221000671,1.5836801528930664,8.0
dynamic,3,1,135,0.7632864753405253,0.7190145929654439,0.04427188078562418,0.7183292813102404,0.7183292813102404,0.0,2.0,2.0,1350.0,1301.0,0.0,0.30672746896743774,0.6783344745635986,0.9163839221000671,1.5836801528930664,8.0
dynamic,3,1,136,0.7622310439745585,0.7178547477722168,0.04437629406650861,0.7172057116031647,0.7172057116031647,0.0,2.0,2.0,1360.0,1301.0,0.0,0.30672746896743774,0.6783344745635986,0.9163839221000671,1.5836801528930664,8.0
dynamic,3,1,137,0.7601363094647725,0.7167613927523295,0.04337491482496261,0.7161489819486936,0.7161489819486936,0.0,2.0,2.0,1370.0,1301.0,0.0,0.30672746896743774,0.6783344745635986,0.9163839221000671,1.5836801528930664,8.0
dynamic,3,1,138,0.7594322021802267,0.715743203163147,0.04368899236122767,0.7150632718205452,0.7150632718205452,0.0,2.0,2.0,1380.0,1301.0,0.0,0.30672746896743774,0.6783344745635986,0.9163839221000671,1.5836801528930664,8.0
dynamic,3,1,139,0.7594055207570394,0.7146551744143168,0.04475034683942795,0.7140827976663907,0.7140827976663907,0.0,2.0,2.0,1390.0,1301.0,0.0,0.30672746896743774,0.6783344745635986,0.9163839221000671,1.5836801528930664,8.0
dynamic,3,1,140,0.7570408789316813,0.7136463205019633,0.043394553909699124,0.7131014348069826,0.7131014348069826,0.0,2.0,2.0,1400.0,1301.0,0.0,0.30672746896743774,0.6783344745635986,0.9163839221000671,1.5836801528930664,8.0
dynamic,3,1,141,0.7568951559066772,0.7127046275138855,0.044190520892540615,0.7121477632721265,0.7121477632721265,0.0,2.0,2.0,1410.0,1401.0,0.0,0.3092288374900818,0.7162188291549683,0.8551970720291138,1.637380599975586,8.0
dynamic,3,1,142,0.7583626302083334,0.7118492007255555,0.04651343156894048,0.7112550536791483,0.7112550536791483,0.0,2.0,2.0,1420.0,1401.0,0.0,0.3092288374900818,0.7162188291549683,0.8551970720291138,1.637380599975586,8.0
dynamic,3,1,143,0.757491660118103,0.7108798281351725,0.04661184256275495,0.7103460141023,0.7103460141023,0.0,2.0,2.0,1430.0,1401.0,0.0,0.3092288374900818,0.7162188291549683,0.8551970720291138,1.637380599975586,8.0
dynamic,3,1,144,0.758451460202535,0.7099930866559346,0.04845838069915771,0.709498007396857,0.709498007396857,0.0,2.0,2.0,1440.0,1401.0,0.0,0.3092288374900818,0.7162188291549683,0.8551970720291138,1.637380599975586,8.0
dynamic,3,1,145,0.7576401011149089,0.7091316493352254,0.04850844870011012,0.7086825638016065,0.7086825638016065,0.0,2.0,2.0,1450.0,1401.0,0.0,0.3092288374900818,0.7162188291549683,0.8551970720291138,1.637380599975586,8.0
dynamic,3,1,146,0.7546475219726563,0.7083300964037578,0.04631741568446159,0.70784825305144,0.70784825305144,0.0,2.0,2.0,1460.0,1401.0,0.0,0.3092288374900818,0.7162188291549683,0.8551970720291138,1.637380599975586,8.0
dynamic,3,1,147,0.7554339408874512,0.7075582846005758,0.0478756553431352,0.7070692028601965,0.7070692028601965,0.0,2.0,2.0,1470.0,1401.0,0.0,0.3092288374900818,0.7162188291549683,0.8551970720291138,1.637380599975586,8.0
dynamic,3,1,148,0.7537156621615092,0.7067877952257792,0.04692786534627279,0.7063227965434392,0.7063227965434392,0.0,2.0,2.0,1480.0,1401.0,0.0,0.3092288374900818,0.7162188291549683,0.8551970720291138,1.637380599975586,8.0
dynamic,3,1,149,0.7644854331016541,0.7147735452651978,0.04971188137928645,0.7055737387140592,0.7055737387140592,0.0,2.0,2.0,1490.0,1401.0,0.0,0.3092288374900818,0.7162188291549683,0.8551970720291138,1.637380599975586,8.0
dynamic,3,1,150,0.7545439759890239,0.7053107714653015,0.04923320064942042,0.7048753867546718,0.7048753867546718,0.0,2.0,2.0,1500.0,1401.0,0.0,0.3092288374900818,0.7162188291549683,0.8551970720291138,1.637380599975586,8.0
dynamic,3,1,151,0.7554836424191793,0.7046022359530131,0.05088141153256098,0.7042039695382118,0.7042039695382118,0.0,2.0,2.0,1510.0,1501.0,1.0,0.45826953649520874,1.0445637702941895,1.3807199001312256,2.154743194580078,27.0
dynamic,3,1,152,0.756242127418518,0.7039798768361409,0.052262247999509175,0.7035614058375359,0.7035614058375359,0.0,2.0,2.0,1520.0,1501.0,1.0,0.45826953649520874,1.0445637702941895,1.3807199001312256,2.154743194580078,27.0
dynamic,3,1,153,0.7537337414423625,0.7033026393254598,0.050431110958258314,0.702929541071256,0.702929541071256,0.0,2.0,2.0,1530.0,1501.0,1.0,0.45826953649520874,1.0445637702941895,1.3807199001312256,2.154743194580078,27.0
dynamic,3,1,154,0.754357841014862,0.7026791079839071,0.05167874341209729,0.7022995776931444,0.7022995776931444,0.0,2.0,2.0,1540.0,1501.0,1.0,0.45826953649520874,1.0445637702941895,1.3807199001312256,2.154743194580078,27.0
dynamic,3,1,155,0.7550569979349772,0.7020767776171366,0.052980215152104694,0.7017142233252526,0.7017142233252526,0.0,2.0,2.0,1550.0,1501.0,1.0,0.45826953649520874,1.0445637702941895,1.3807199001312256,2.154743194580078,27.0
dynamic,3,1,156,0.7555225173632304,0.7014881825447082,0.05403434202075005,0.7011215851207574,0.7011215851207574,0.0,2.0,2.0,1560.0,1501.0,1.0,0.45826953649520874,1.0445637702941895,1.3807199001312256,2.154743194580078,27.0
dynamic,3,1,157,0.7557867288589477,0.70089679479599,0.05488993192712466,0.7005584348241488,0.7005584348241488,0.0,2.0,2.0,1570.0,1501.0,1.0,0.45826953649520874,1.0445637702941895,1.3807199001312256,2.154743194580078,27.0
dynamic,3,1,158,0.757116839090983,0.7003498840332031,0.05676695744196574,0.7000263691445192,0.7000263691445192,0.0,2.0,2.0,1580.0,1501.0,1.0,0.45826953649520874,1.0445637702941895,1.3807199001312256,2.154743194580078,27.0
dynamic,3,1,159,0.7678570048014323,0.7113912510871887,0.056465763250986734,0.6995069233576456,0.6995069233576456,0.0,2.0,2.0,1590.0,1501.0,1.0,0.45826953649520874,1.0445637702941895,1.3807199001312256,2.154743194580078,27.0
dynamic,3,1,160,0.7552087219556173,0.6993105816841125,0.055898142059644065,0.6989598012467225,0.6989598012467225,0.0,2.0,2.0,1600.0,1501.0,1.0,0.45826953649520874,1.0445637702941895,1.3807199001312256,2.154743194580078,27.0
dynamic,3,1,161,0.7738497257232666,0.7346620138486226,0.03918770616253217,0.7233364459375541,0.7233364459375541,0.0,3.0,3.0,1610.0,1601.0,0.0,0.38412415981292725,0.8128755688667297,1.0701043605804443,2.401418447494507,16.0
dynamic,3,1,162,0.7719279344876607,0.7276735893885294,0.04425434559583664,0.7017193607489268,0.7017193607489268,0.0,3.0,3.0,1620.0,1601.0,0.0,0.38412415981292725,0.8128755688667297,1.0701043605804443,2.401418447494507,16.0
dynamic,3,1,163,0.7612136761347453,0.7135718210538229,0.047641853094100954,0.6844483675559362,0.6844483675559362,0.0,3.0,3.0,1630.0,1601.0,0.0,0.38412415981292725,0.8128755688667297,1.0701043605804443,2.401418447494507,16.0
dynamic,3,1,164,0.7546227153142293,0.7068769693374634,0.04774574389060338,0.6947294950981935,0.6947294950981935,0.0,3.0,3.0,1640.0,1601.0,0.0,0.38412415981292725,0.8128755688667297,1.0701043605804443,2.401418447494507,16.0
dynamic,3,1,165,0.7241305367151896,0.6817358994483947,0.04239463413755099,0.6921070005496343,0.6921070005496343,0.0,3.0,3.0,1650.0,1601.0,0.0,0.38412415981292725,0.8128755688667297,1.0701043605804443,2.401418447494507,16.0
dynamic,3,1,166,0.714715662797292,0.6768380419413249,0.03787762095530828,0.6712091097732386,0.6712091097732386,0.0,3.0,3.0,1660.0,1601.0,0.0,0.38412415981292725,0.8128755688667297,1.0701043605804443,2.401418447494507,16.0
dynamic,3,1,167,0.7101338831583659,0.6728661688168843,0.03726770500342051,0.6482086884478728,0.6482086884478728,0.0,3.0,3.0,1670.0,1601.0,0.0,0.38412415981292725,0.8128755688667297,1.0701043605804443,2.401418447494507,16.0
dynamic,3,1,168,0.707090896765391,0.6699466141064961,0.03714427719513575,0.6545425174633662,0.6545425174633662,0.0,3.0,3.0,1680.0,1601.0,0.0,0.38412415981292725,0.8128755688667297,1.0701043605804443,2.401418447494507,16.0
dynamic,3,1,169,0.7075694561004638,0.6716552170117697,0.03591424584388733,0.6585496707260609,0.6585496707260609,0.0,3.0,3.0,1690.0,1601.0,0.0,0.38412415981292725,0.8128755688667297,1.0701043605804443,2.401418447494507,16.0
dynamic,3,1,170,0.6859682242075602,0.6558570130666097,0.030111210842927297,0.6516347242891789,0.6516347242891789,0.0,3.0,3.0,1700.0,1601.0,0.0,0.38412415981292725,0.8128755688667297,1.0701043605804443,2.401418447494507,16.0
dynamic,3,1,171,0.6787065982818603,0.6511652135848999,0.02754138022661209,0.6415688299636046,0.6415688299636046,0.0,3.0,3.0,1710.0,1601.0,0.0,0.38412415981292725,0.8128755688667297,1.0701043605804443,2.401418447494507,16.0
dynamic,3,1,172,0.667741998831431,0.6401949675877889,0.027547037651141484,0.6352856329580148,0.6352856329580148,0.0,3.0,3.0,1720.0,1601.0,0.0,0.38412415981292725,0.8128755688667297,1.0701043605804443,2.401418447494507,16.0
dynamic,3,1,173,0.6681157517433166,0.6408996121088664,0.02721614403029283,0.636577548434337,0.636577548434337,0.0,3.0,3.0,1730.0,1601.0,0.0,0.38412415981292725,0.8128755688667297,1.0701043605804443,2.401418447494507,16.0
dynamic,3,1,174,0.6725139864285787,0.6451614276568095,0.027352558026711146,0.6356752816339334,0.6356752816339334,0.0,3.0,3.0,1740.0,1601.0,0.0,0.38412415981292725,0.8128755688667297,1.0701043605804443,2.401418447494507,16.0
dynamic,3,1,175,0.6594178851445516,0.6327885961532593,0.026629287004470825,0.6325911263128122,0.6325911263128122,0.0,3.0,3.0,1750.0,1601.0,0.0,0.38412415981292725,0.8128755688667297,1.0701043605804443,2.401418447494507,16.0
dynamic,3,1,176,0.6614819574356079,0.6353105600674948,0.026171394512057303,0.6321501219272614,0.6321501219272614,0.0,3.0,3.0,1760.0,1601.0,0.0,0.38412415981292725,0.8128755688667297,1.0701043605804443,2.401418447494507,16.0
dynamic,3,1,177,0.6590028993288676,0.6316796485582987,0.027323251366615297,0.6298669298986593,0.6298669298986593,0.0,3.0,3.0,1770.0,1601.0,0.0,0.38412415981292725,0.8128755688667297,1.0701043605804443,2.401418447494507,16.0
dynamic,3,1,178,0.6591233118375143,0.6311936704317729,0.027929640437165896,0.6282378006478151,0.6282378006478151,0.0,3.0,3.0,1780.0,1601.0,0.0,0.38412415981292725,0.8128755688667297,1.0701043605804443,2.401418447494507,16.0
dynamic,3,1,179,0.6581488776206971,0.629634390672048,0.02851448267698288,0.6221792601048947,0.6221792601048947,0.0,3.0,3.0,1790.0,1601.0,0.0,0.38412415981292725,0.8128755688667297,1.0701043605804443,2.401418447494507,16.0
dynamic,3,1,180,0.656657567024231,0.6244488215446472,0.03220874731739362,0.6230421665807565,0.6230421665807565,0.0,3.0,3.0,1800.0,1601.0,0.0,0.38412415981292725,0.8128755688667297,1.0701043605804443,2.401418447494507,16.0
dynamic,3,1,181,0.6542533047993978,0.6212783686319987,0.0329749325911204,0.6148016725480556,0.6148016725480556,0.0,3.0,3.0,1810.0,1601.0,0.0,0.38412415981292725,0.8128755688667297,1.0701043605804443,2.401418447494507,16.0
dynamic,3,1,182,0.6589852730433147,0.623945574760437,0.03503970056772232,0.6221502062181632,0.6221502062181632,0.0,3.0,3.0,1820.0,1601.0,0.0,0.38412415981292725,0.8128755688667297,1.0701043605804443,2.401418447494507,16.0
dynamic,3,1,183,0.6536829630533855,0.618397384484609,0.03528557434678078,0.6152576916913192,0.6152576916913192,0.0,3.0,3.0,1830.0,1601.0,0.0,0.38412415981292725,0.8128755688667297,1.0701043605804443,2.401418447494507,16.0
dynamic,3,1,184,0.6558758163452149,0.6202715627352396,0.03560425266623497,0.6096771021684011,0.6096771021684011,0.0,3.0,3.0,1840.0,1601.0,0.0,0.38412415981292725,0.8128755688667297,1.0701043605804443,2.401418447494507,16.0
dynamic,3,1,185,0.6548808844884236,0.6187641596794129,0.036116725405057275,0.6134372754395008,0.6134372754395008,0.0,3.0,3.0,1850.0,1601.0,0.0,0.38412415981292725,0.8128755688667297,1.0701043605804443,2.401418447494507,16.0
dynamic,3,1,186,0.6611807831128438,0.6255910269419352,0.035589759796857835,0.6164567569394906,0.6164567569394906,0.0,3.0,3.0,1860.0,1601.0,0.0,0.38412415981292725,0.8128755688667297,1.0701043605804443,2.401418447494507,16.0
dynamic,3,1,187,0.650825666586558,0.6169412851333618,0.033884390716751416,0.6092029870053133,0.6092029870053133,0.0,3.0,3.0,1870.0,1601.0,0.0,0.38412415981292725,0.8128755688667297,1.0701043605804443,2.401418447494507,16.0
dynamic,3,1,188,0.6547198263804118,0.6207757091522217,0.03394411673148473,0.6099803222715855,0.6099803222715855,0.0,3.0,3.0,1880.0,1601.0,0.0,0.38412415981292725,0.8128755688667297,1.0701043605804443,2.401418447494507,16.0
dynamic,3,1,189,0.6550193500518798,0.6198012900352478,0.03521806240081787,0.6129186124602953,0.6129186124602953,0.0,3.0,3.0,1890.0,1601.0,0.0,0.38412415981292725,0.8128755688667297,1.0701043605804443,2.401418447494507,16.0
dynamic,3,1,190,0.6453668181101481,0.6103215146064759,0.035045305093129475,0.6090877825021743,0.6090877825021743,0.0,3.0,3.0,1900.0,1601.0,0.0,0.38412415981292725,0.8128755688667297,1.0701043605804443,2.401418447494507,16.0
dynamic,3,1,191,0.6451758456230163,0.6094278693199158,0.035747980078061424,0.6050097847978274,0.6050097847978274,0.0,3.0,3.0,1910.0,1601.0,0.0,0.38412415981292725,0.8128755688667297,1.0701043605804443,2.401418447494507,16.0
dynamic,3,1,192,0.638775684038798,0.6028440229098002,0.03593165973822276,0.6029980409642061,0.6029980409642061,0.0,3.0,3.0,1920.0,1601.0,0.0,0.38412415981292725,0.8128755688667297,1.0701043605804443,2.401418447494507,16.0
dynamic,3,1,193,0.6476431051890056,0.6106572818756103,0.036985813478628796,0.6015387967228889,0.6015387967228889,0.0,3.0,3.0,1930.0,1601.0,0.0,0.38412415981292725,0.8128755688667297,1.0701043605804443,2.401418447494507,16.0
dynamic,3,1,194,0.66026225010554,0.6232610567410787,0.03700120121240616,0.5985814073185126,0.5985814073185126,0.0,3.0,3.0,1940.0,1601.0,0.0,0.38412415981292725,0.8128755688667297,1.0701043605804443,2.401418447494507,16.0
dynamic,3,1,195,0.6523794380823771,0.6160506494839986,0.036328788995742795,0.6045247047642867,0.6045247047642867,0.0,3.0,3.0,1950.0,1601.0,0.0,0.38412415981292725,0.8128755688667297,1.0701043605804443,2.401418447494507,16.0
dynamic,3,1,196,0.6532769306500753,0.6163298161824544,0.03694711913665136,0.6051061610380809,0.6051061610380809,0.0,3.0,3.0,1960.0,1601.0,0.0,0.38412415981292725,0.8128755688667297,1.0701043605804443,2.401418447494507,16.0
dynamic,3,1,197,0.6389469488461812,0.6020966752370198,0.036850276291370394,0.6040614308913549,0.6040614308913549,0.0,3.0,3.0,1970.0,1601.0,0.0,0.38412415981292725,0.8128755688667297,1.0701043605804443,2.401418447494507,16.0
dynamic,3,1,198,0.6755246583620708,0.6377109138170878,0.03781374643246333,0.6005921671291192,0.6005921671291192,0.0,3.0,3.0,1980.0,1601.0,0.0,0.38412415981292725,0.8128755688667297,1.0701043605804443,2.401418447494507,16.0
dynamic,3,1,199,0.6415962243080139,0.6072978115081787,0.03429841046531995,0.6020827262103557,0.6020827262103557,0.0,3.0,3.0,1990.0,1601.0,0.0,0.38412415981292725,0.8128755688667297,1.0701043605804443,2.401418447494507,16.0
dynamic,3,1,200,0.6431897640228271,0.6085889112949371,0.034600849052270254,0.5959630599121253,0.5959630599121253,0.0,3.0,3.0,2000.0,1601.0,0.0,0.38412415981292725,0.8128755688667297,1.0701043605804443,2.401418447494507,16.0
dynamic,3,1,201,0.6386614473660787,0.6038687880833944,0.03479265535871188,0.5995610801378886,0.5995610801378886,0.0,3.0,3.0,2010.0,1601.0,0.0,0.38412415981292725,0.8128755688667297,1.0701043605804443,2.401418447494507,16.0
dynamic,3,1,202,0.6435699025789897,0.6073410447438558,0.036228861560424166,0.6038314458727837,0.6038314458727837,0.0,3.0,3.0,2020.0,1601.0,0.0,0.38412415981292725,0.8128755688667297,1.0701043605804443,2.401418447494507,16.0
dynamic,3,1,203,0.6358593630790711,0.5994830115636189,0.03637634997566541,0.591341153383255,0.591341153383255,0.0,3.0,3.0,2030.0,1601.0,0.0,0.38412415981292725,0.8128755688667297,1.0701043605804443,2.401418447494507,16.0
dynamic,3,1,204,0.6294015145301819,0.5916555698712667,0.037745948284864425,0.5956730593244235,0.5956730593244235,0.0,3.0,3.0,2040.0,1601.0,0.0,0.38412415981292725,0.8128755688667297,1.0701043605804443,2.401418447494507,16.0
dynamic,3,1,205,0.649331754843394,0.6084660903612773,0.04086566567420959,0.5973167618115743,0.5973167618115743,0.0,3.0,3.0,2050.0,1601.0,0.0,0.38412415981292725,0.8128755688667297,1.0701043605804443,2.401418447494507,16.0
dynamic,3,1,206,0.6355337007840475,0.5978157536188762,0.03771794656912486,0.5833513893187046,0.5833513893187046,0.0,3.0,3.0,2060.0,1601.0,0.0,0.38412415981292725,0.8128755688667297,1.0701043605804443,2.401418447494507,16.0
dynamic,3,1,207,0.6373032108942668,0.5987834477424622,0.03851976742347082,0.6047547080119451,0.6047547080119451,0.0,3.0,3.0,2070.0,1601.0,0.0,0.38412415981292725,0.8128755688667297,1.0701043605804443,2.401418447494507,16.0
dynamic,3,1,208,0.6526772459348043,0.6116698002815246,0.04100744674603144,0.601209549382329,0.601209549382329,0.0,3.0,3.0,2080.0,1601.0,0.0,0.38412415981292725,0.8128755688667297,1.0701043605804443,2.401418447494507,16.0
dynamic,3,1,209,0.6491412878036499,0.6104594500859578,0.03868183841307958,0.5859406028439601,0.5859406028439601,0.0,3.0,3.0,2090.0,1601.0,0.0,0.38412415981292725,0.8128755688667297,1.0701043605804443,2.401418447494507,16.0
dynamic,3,1,210,0.6456098365783691,0.6066651511192321,0.03894469082355499,0.5871663719167312,0.5871663719167312,0.0,3.0,3.0,2100.0,1601.0,0.0,0.38412415981292725,0.8128755688667297,1.0701043605804443,2.401418447494507,16.0
dynamic,3,1,211,0.638321136633555,0.5995606517791748,0.038760484755039216,0.5972447164853414,0.5972447164853414,0.0,3.0,3.0,2110.0,1601.0,0.0,0.38412415981292725,0.8128755688667297,1.0701043605804443,2.401418447494507,16.0
dynamic,3,1,212,0.6456969388326009,0.6075211588541667,0.03817577451467514,0.5906062293301027,0.5906062293301027,0.0,3.0,3.0,2120.0,1601.0,0.0,0.38412415981292725,0.8128755688667297,1.0701043605804443,2.401418447494507,16.0
dynamic,3,1,213,0.6519133027394612,0.6127756873766581,0.03913761546214422,0.5858828800419966,0.5858828800419966,0.0,3.0,3.0,2130.0,1601.0,0.0,0.38412415981292725,0.8128755688667297,1.0701043605804443,2.401418447494507,16.0
dynamic,3,1,214,0.6465456740061442,0.6057104142506917,0.04083525985479355,0.58186790873607,0.58186790873607,0.0,3.0,3.0,2140.0,1601.0,0.0,0.38412415981292725,0.8128755688667297,1.0701043605804443,2.401418447494507,16.0
dynamic,3,1,215,0.6313651426633199,0.5917404143015543,0.03962472250064214,0.5982324729611477,0.5982324729611477,0.0,3.0,3.0,2150.0,1601.0,0.0,0.38412415981292725,0.8128755688667297,1.0701043605804443,2.401418447494507,16.0
dynamic,3,1,216,0.6409723385175069,0.6014276393254598,0.03954469045003255,0.5946124011278152,0.5946124011278152,0.0,3.0,3.0,2160.0,1601.0,0.0,0.38412415981292725,0.8128755688667297,1.0701043605804443,2.401418447494507,16.0
dynamic,3,1,217,0.6325588711102803,0.5932149497667948,0.039343912452459336,0.5843959130098423,0.5843959130098423,0.0,3.0,3.0,2170.0,1601.0,0.0,0.38412415981292725,0.8128755688667297,1.0701043605804443,2.401418447494507,16.0
dynamic,3,1,218,0.6406544963518779,0.6002215496699015,0.04043295095364253,0.5859062351534764,0.5859062351534764,0.0,3.0,3.0,2180.0,1601.0,0.0,0.38412415981292725,0.8128755688667297,1.0701043605804443,2.401418447494507,16.0
dynamic,3,1,219,0.6342728169759114,0.5942832605044047,0.039989556272824606,0.5817943182339271,0.5817943182339271,0.0,3.0,3.0,2190.0,1601.0,0.0,0.38412415981292725,0.8128755688667297,1.0701043605804443,2.401418447494507,16.0
dynamic,3,1,220,0.6289746046066285,0.5895119174321493,0.039462689757347104,0.5899096727371216,0.5899096727371216,0.0,3.0,3.0,2200.0,1601.0,0.0,0.38412415981292725,0.8128755688667297,1.0701043605804443,2.401418447494507,16.0
dynamic,3,1,221,0.641232415040334,0.5995201055208842,0.04171231091022491,0.5848654391864936,0.5848654391864936,0.0,3.0,3.0,2210.0,1601.0,0.0,0.38412415981292725,0.8128755688667297,1.0701043605804443,2.401418447494507,16.0
dynamic,3,1,222,0.64805122534434,0.6038754749298095,0.044175745447476704,0.5859254183123509,0.5859254183123509,0.0,3.0,3.0,2220.0,1601.0,0.0,0.38412415981292725,0.8128755688667297,1.0701043605804443,2.401418447494507,16.0
dynamic,3,1,223,0.6409191743532816,0.5971474321683248,0.04377173910538355,0.5853626041859389,0.5853626041859389,0.0,3.0,3.0,2230.0,1601.0,0.0,0.38412415981292725,0.8128755688667297,1.0701043605804443,2.401418447494507,16.0
dynamic,3,1,224,0.6297343405087789,0.590169206460317,0.039565145274003344,0.5842695036033789,0.5842695036033789,0.0,3.0,3.0,2240.0,1601.0,0.0,0.38412415981292725,0.8128755688667297,1.0701043605804443,2.401418447494507,16.0
dynamic,3,1,225,0.6488864040374756,0.6058203721046448,0.04306602840622266,0.5888077911982934,0.5888077911982934,0.0,3.0,3.0,2250.0,1601.0,0.0,0.38412415981292725,0.8128755688667297,1.0701043605804443,2.401418447494507,16.0
dynamic,3,1,226,0.6345178961753846,0.5938248419761658,0.04069305499394735,0.5918739337474108,0.5918739337474108,0.0,3.0,3.0,2260.0,1601.0,0.0,0.38412415981292725,0.8128755688667297,1.0701043605804443,2.401418447494507,16.0
dynamic,3,1,227,0.6475028189023336,0.6064528210957845,0.041050005853176114,0.590643167545398,0.590643167545398,0.0,3.0,3.0,2270.0,1601.0,0.0,0.38412415981292725,0.8128755688667297,1.0701043605804443,2.401418447494507,16.0
dynamic,3,1,228,0.6313783717155457,0.5920085302988688,0.03936985075473785,0.5789676053076982,0.5789676053076982,0.0,3.0,3.0,2280.0,1601.0,0.0,0.38412415981292725,0.8128755688667297,1.0701043605804443,2.401418447494507,16.0
dynamic,3,1,229,0.632752267519633,0.5914157064755757,0.04133656054735184,0.583178771585226,0.583178771585226,0.0,3.0,3.0,2290.0,1601.0,0.0,0.38412415981292725,0.8128755688667297,1.0701043605804443,2.401418447494507,16.0
dynamic,3,1,230,0.6346309105555217,0.5900603922208151,0.04457051346699397,0.5929662457853556,0.5929662457853556,0.0,3.0,3.0,2300.0,1601.0,0.0,0.38412415981292725,0.8128755688667297,1.0701043605804443,2.401418447494507,16.0
dynamic,3,1,231,0.6388440457979838,0.5914401737848918,0.04740388254324595,0.5879282061010599,0.5879282061010599,0.0,3.0,3.0,2310.0,1601.0,0.0,0.38412415981292725,0.8128755688667297,1.0701043605804443,2.401418447494507,16.0
dynamic,3,1,232,0.6407160917917888,0.5942925103505452,0.04642357428868612,0.5737325538198154,0.5737325538198154,0.0,3.0,3.0,2320.0,1601.0,0.0,0.38412415981292725,0.8128755688667297,1.0701043605804443,2.401418447494507,16.0
dynamic,3,1,233,0.6267703596750895,0.5819941520690918,0.04477619409561157,0.5741726483156284,0.5741726483156284,0.0,3.0,3.0,2330.0,1601.0,0.0,0.38412415981292725,0.8128755688667297,1.0701043605804443,2.401418447494507,16.0
dynamic,3,1,234,0.6294863478342692,0.5823722116152446,0.04711414396762848,0.5802021738141775,0.5802021738141775,0.0,3.0,3.0,2340.0,1601.0,0.0,0.38412415981292725,0.8128755688667297,1.0701043605804443,2.401418447494507,16.0
dynamic,3,1,235,0.635030722618103,0.5871915809313456,0.04783914392193159,0.5795331880201896,0.5795331880201896,0.0,3.0,3.0,2350.0,1601.0,0.0,0.38412415981292725,0.8128755688667297,1.0701043605804443,2.401418447494507,16.0
dynamic,3,1,236,0.634341471195221,0.5893820309638977,0.04495944385727246,0.5707450881848732,0.5707450881848732,0.0,3.0,3.0,2360.0,1601.0,0.0,0.38412415981292725,0.8128755688667297,1.0701043605804443,2.401418447494507,16.0
dynamic,3,1,237,0.614292721748352,0.5737045860290527,0.04058813472588857,0.5656162829200426,0.5656162829200426,0.0,3.0,3.0,2370.0,1601.0,0.0,0.38412415981292725,0.8128755688667297,1.0701043605804443,2.401418447494507,16.0
dynamic,3,1,238,0.6266106883684794,0.5888097794850667,0.0378009033203125,0.5624358983089527,0.5624358983089527,0.0,3.0,3.0,2380.0,1601.0,0.0,0.38412415981292725,0.8128755688667297,1.0701043605804443,2.401418447494507,16.0
dynamic,3,1,239,0.6116942675908407,0.5723438763618469,0.03935039560000102,0.5628802660852671,0.5628802660852671,0.0,3.0,3.0,2390.0,1601.0,0.0,0.38412415981292725,0.8128755688667297,1.0701043605804443,2.401418447494507,16.0
dynamic,3,1,240,0.6255345702171325,0.5804478605588277,0.04508670548597971,0.560279477785031,0.560279477785031,0.0,3.0,3.0,2400.0,1601.0,0.0,0.38412415981292725,0.8128755688667297,1.0701043605804443,2.401418447494507,16.0
dynamic,3,1,241,0.6332872875531514,0.5869074209531149,0.046379869182904564,0.5619650834302108,0.5619650834302108,0.0,3.0,3.0,2410.0,1601.0,0.0,0.38412415981292725,0.8128755688667297,1.0701043605804443,2.401418447494507,16.0
dynamic,3,1,242,0.6287230698267618,0.5852698771158854,0.043453192760547,0.563046984821558,0.563046984821558,0.0,3.0,3.0,2420.0,1601.0,0.0,0.38412415981292725,0.8128755688667297,1.0701043605804443,2.401418447494507,16.0
dynamic,3,1,243,0.6178888098398845,0.5734799098968506,0.044408893088499705,0.5594411404679219,0.5594411404679219,0.0,3.0,3.0,2430.0,1601.0,0.0,0.38412415981292725,0.8128755688667297,1.0701043605804443,2.401418447494507,16.0
dynamic,3,1,244,0.6120891420046488,0.5697352147102356,0.04235393057266871,0.5650271535416445,0.5650271535416445,0.0,3.0,3.0,2440.0,1601.0,0.0,0.38412415981292725,0.8128755688667297,1.0701043605804443,2.401418447494507,16.0
dynamic,3,1,245,0.6482535926500956,0.6010323135058085,0.04722127412756284,0.5840607682118814,0.5840607682118814,0.0,3.0,3.0,2450.0,1601.0,0.0,0.38412415981292725,0.8128755688667297,1.0701043605804443,2.401418447494507,16.0
dynamic,3,1,246,0.6110688479741414,0.5687293116251627,0.04233953560392062,0.5728985304137071,0.5728985304137071,0.0,3.0,3.0,2460.0,1601.0,0.0,0.38412415981292725,0.8128755688667297,1.0701043605804443,2.401418447494507,16.0
dynamic,3,1,247,0.627777229944865,0.5814324792226155,0.046344759166240694,0.5799871418873469,0.5799871418873469,0.0,3.0,3.0,2470.0,1601.0,0.0,0.38412415981292725,0.8128755688667297,1.0701043605804443,2.401418447494507,16.0
dynamic,3,1,248,0.6334790841738382,0.5860926270484924,0.04738645474116007,0.5874003161489963,0.5874003161489963,0.0,3.0,3.0,2480.0,1601.0,0.0,0.38412415981292725,0.8128755688667297,1.0701043605804443,2.401418447494507,16.0
dynamic,3,1,249,0.6019327791531881,0.5572000312805175,0.04473273918032646,0.559805169130365,0.559805169130365,0.0,3.0,3.0,2490.0,1601.0,0.0,0.38412415981292725,0.8128755688667297,1.0701043605804443,2.401418447494507,16.0
dynamic,3,1,250,0.6276752614974975,0.5812612342834472,0.046414028803507486,0.5666427407165369,0.5666427407165369,0.0,3.0,3.0,2500.0,1601.0,0.0,0.38412415981292725,0.8128755688667297,1.0701043605804443,2.401418447494507,16.0
dynamic,3,1,251,0.625101412932078,0.5802501670519511,0.04485123723745346,0.5585422388464213,0.5585422388464213,0.0,3.0,3.0,2510.0,1601.0,0.0,0.38412415981292725,0.8128755688667297,1.0701043605804443,2.401418447494507,16.0
dynamic,3,1,252,0.6082274802525838,0.5653550863265991,0.04287239154179891,0.5536594884097576,0.5536594884097576,0.0,3.0,3.0,2520.0,1601.0,0.0,0.38412415981292725,0.8128755688667297,1.0701043605804443,2.401418447494507,16.0
dynamic,3,1,253,0.6126645135879517,0.5686587484677633,0.04400576819976171,0.5552218165993691,0.5552218165993691,0.0,3.0,3.0,2530.0,1601.0,0.0,0.38412415981292725,0.8128755688667297,1.0701043605804443,2.401418447494507,16.0
dynamic,3,1,254,0.6022014101346334,0.557376529375712,0.044824883391459784,0.5501471804330746,0.5501471804330746,0.0,3.0,3.0,2540.0,1601.0,0.0,0.38412415981292725,0.8128755688667297,1.0701043605804443,2.401418447494507,16.0
dynamic,3,1,255,0.6254528999328614,0.5791536418596903,0.04629926224549612,0.5490269772211711,0.5490269772211711,0.0,3.0,3.0,2550.0,1601.0,0.0,0.38412415981292725,0.8128755688667297,1.0701043605804443,2.401418447494507,16.0
dynamic,3,1,256,0.6246454016367594,0.5802761133511861,0.04436929007371267,0.5632625934233269,0.5632625934233269,0.0,3.0,3.0,2560.0,1601.0,0.0,0.38412415981292725,0.8128755688667297,1.0701043605804443,2.401418447494507,16.0
dynamic,3,1,257,0.6181650479634603,0.5738152647018433,0.044349784751733144,0.5723896823823452,0.5723896823823452,0.0,3.0,3.0,2570.0,1601.0,0.0,0.38412415981292725,0.8128755688667297,1.0701043605804443,2.401418447494507,16.0
dynamic,3,1,258,0.6091578451792399,0.5658930357297262,0.04326480334003766,0.5533043303092321,0.5533043303092321,0.0,3.0,3.0,2580.0,1601.0,0.0,0.38412415981292725,0.8128755688667297,1.0701043605804443,2.401418447494507,16.0
dynamic,3,1,259,0.6030313571294149,0.5594564541180929,0.04357490246494611,0.5590531107534965,0.5590531107534965,0.0,3.0,3.0,2590.0,1601.0,0.0,0.38412415981292725,0.8128755688667297,1.0701043605804443,2.401418447494507,16.0
dynamic,3,1,260,0.6046675634384155,0.560962069829305,0.04370550399025281,0.5562237814068794,0.5562237814068794,0.0,3.0,3.0,2600.0,1601.0,0.0,0.38412415981292725,0.8128755688667297,1.0701043605804443,2.401418447494507,16.0
dynamic,3,1,261,0.610702109336853,0.5650021282831827,0.045699981451034544,0.5608095937222243,0.5608095937222243,0.0,3.0,3.0,2610.0,1601.0,0.0,0.38412415981292725,0.8128755688667297,1.0701043605804443,2.401418447494507,16.0
dynamic,3,1,262,0.607957516113917,0.5626719049612681,0.045285609563191734,0.5553595011681318,0.5553595011681318,0.0,3.0,3.0,2620.0,1601.0,0.0,0.38412415981292725,0.8128755688667297,1.0701043605804443,2.401418447494507,16.0
dynamic,3,1,263,0.5990622512499492,0.556369690100352,0.04269256720940272,0.54043370505174,0.54043370505174,0.0,3.0,3.0,2630.0,1601.0,0.0,0.38412415981292725,0.8128755688667297,1.0701043605804443,2.401418447494507,16.0
dynamic,3,1,264,0.6009984008471171,0.557780114809672,0.0432182980577151,0.5512290753672521,0.5512290753672521,0.0,3.0,3.0,2640.0,1601.0,0.0,0.38412415981292725,0.8128755688667297,1.0701043605804443,2.401418447494507,16.0
dynamic,3,1,265,0.6225873168309529,0.5781630897521972,0.04442422618468603,0.5487355280170838,0.5487355280170838,0.0,3.0,3.0,2650.0,1601.0,0.0,0.38412415981292725,0.8128755688667297,1.0701043605804443,2.401418447494507,16.0
dynamic,3,1,266,0.604570783774058,0.5594724051157633,0.045098372995853425,0.5524882077674071,0.5524882077674071,0.0,3.0,3.0,2660.0,1601.0,0.0,0.38412415981292725,0.8128755688667297,1.0701043605804443,2.401418447494507,16.0
dynamic,3,1,267,0.6105899890263875,0.5629807273546855,0.04760926524798075,0.5675946259498597,0.5675946259498597,0.0,3.0,3.0,2670.0,1601.0,0.0,0.38412415981292725,0.8128755688667297,1.0701043605804443,2.401418447494507,16.0
dynamic,3,1,268,0.607066946029663,0.5610682646433512,0.04599867984652519,0.5572729015598694,0.5572729015598694,0.0,3.0,3.0,2680.0,1601.0,0.0,0.38412415981292725,0.8128755688667297,1.0701043605804443,2.401418447494507,16.0
dynamic,3,1,269,0.6143295510609945,0.5675476598739624,0.04678188959757487,0.5499475533266862,0.5499475533266862,0.0,3.0,3.0,2690.0,1601.0,0.0,0.38412415981292725,0.8128755688667297,1.0701043605804443,2.401418447494507,16.0
dynamic,3,1,270,0.608071411450704,0.561986214319865,0.04608518958091736,0.5575418125838041,0.5575418125838041,0.0,3.0,3.0,2700.0,1601.0,0.0,0.38412415981292725,0.8128755688667297,1.0701043605804443,2.401418447494507,16.0
dynamic,3,1,271,0.6086291742324829,0.5603446912765503,0.048284477243820824,0.5506453297783931,0.5506453297783931,0.0,3.0,3.0,2710.0,1601.0,0.0,0.38412415981292725,0.8128755688667297,1.0701043605804443,2.401418447494507,16.0
dynamic,3,1,272,0.6105759000778198,0.560858740011851,0.049717161854108176,0.5492369236052036,0.5492369236052036,0.0,3.0,3.0,2720.0,1601.0,0.0,0.38412415981292725,0.8128755688667297,1.0701043605804443,2.401418447494507,16.0
dynamic,3,1,273,0.6046169074376424,0.5552072946230571,0.04940961584448814,0.5491299369931221,0.5491299369931221,0.0,3.0,3.0,2730.0,1601.0,0.0,0.38412415981292725,0.8128755688667297,1.0701043605804443,2.401418447494507,16.0
dynamic,3,1,274,0.6110588057835897,0.5631932195027669,0.0478655839463075,0.5457519587129355,0.5457519587129355,0.0,3.0,3.0,2740.0,1601.0,0.0,0.38412415981292725,0.8128755688667297,1.0701043605804443,2.401418447494507,16.0
dynamic,3,1,275,0.5958685008684794,0.5476405723889669,0.04822792857885361,0.5431962217887243,0.5431962217887243,0.0,3.0,3.0,2750.0,1601.0,0.0,0.38412415981292725,0.8128755688667297,1.0701043605804443,2.401418447494507,16.0
dynamic,3,1,276,0.6034696213404338,0.552601912021637,0.05086771195133527,0.5534919835627079,0.5534919835627079,0.0,3.0,3.0,2760.0,1601.0,0.0,0.38412415981292725,0.8128755688667297,1.0701043605804443,2.401418447494507,16.0
dynamic,3,1,277,0.5974015506108602,0.5472690828641256,0.050132469336191816,0.5593988789618015,0.5593988789618015,0.0,3.0,3.0,2770.0,1601.0,0.0,0.38412415981292725,0.8128755688667297,1.0701043605804443,2.401418447494507,16.0
dynamic,3,1,278,0.6028331438700358,0.5505371435483297,0.05229600797096888,0.5548727038254341,0.5548727038254341,0.0,3.0,3.0,2780.0,1601.0,0.0,0.38412415981292725,0.8128755688667297,1.0701043605804443,2.401418447494507,16.0
dynamic,3,1,279,0.603249188264211,0.5513664289315542,0.05188274989525477,0.5438067289193471,0.5438067289193471,0.0,3.0,3.0,2790.0,1601.0,0.0,0.38412415981292725,0.8128755688667297,1.0701043605804443,2.401418447494507,16.0
dynamic,3,1,280,0.6107305288314819,0.5583297181129455,0.05240081548690796,0.5512149889022112,0.5512149889022112,0.0,3.0,3.0,2800.0,1601.0,0.0,0.38412415981292725,0.8128755688667297,1.0701043605804443,2.401418447494507,16.0
dynamic,3,1,281,0.6030901169776917,0.5529187671343485,0.05017134790619215,0.5460224082569282,0.5460224082569282,0.0,3.0,3.0,2810.0,1601.0,0.0,0.38412415981292725,0.8128755688667297,1.0701043605804443,2.401418447494507,16.0
dynamic,3,1,282,0.5851968518892924,0.5391262578964233,0.0460705928504467,0.536173167253534,0.536173167253534,0.0,3.0,3.0,2820.0,1601.0,0.0,0.38412415981292725,0.8128755688667297,1.0701043605804443,2.401418447494507,16.0
dynamic,3,1,283,0.613365208307902,0.561715927918752,0.051649277011553446,0.5459251390397548,0.5459251390397548,0.0,3.0,3.0,2830.0,1601.0,0.0,0.38412415981292725,0.8128755688667297,1.0701043605804443,2.401418447494507,16.0
dynamic,3,1,284,0.5915181144078573,0.5451915168762207,0.046326599915822345,0.5310246985902389,0.5310246985902389,0.0,3.0,3.0,2840.0,1601.0,0.0,0.38412415981292725,0.8128755688667297,1.0701043605804443,2.401418447494507,16.0
dynamic,3,1,285,0.584258676369985,0.5361763135592142,0.048082374980052314,0.534802299886942,0.534802299886942,0.0,3.0,3.0,2850.0,1601.0,0.0,0.38412415981292725,0.8128755688667297,1.0701043605804443,2.401418447494507,16.0
dynamic,3,1,286,0.5982215134302775,0.5450296489397685,0.053191868116458256,0.5432437784969807,0.5432437784969807,0.0,3.0,3.0,2860.0,1601.0,0.0,0.38412415981292725,0.8128755688667297,1.0701043605804443,2.401418447494507,16.0
dynamic,3,1,287,0.6030316066741943,0.5508000048001608,0.052231591244538626,0.5456354336937269,0.5456354336937269,0.0,3.0,3.0,2870.0,1601.0,0.0,0.38412415981292725,0.8128755688667297,1.0701043605804443,2.401418447494507,16.0
dynamic,3,1,288,0.5869177182515463,0.5361912604173025,0.05072647253672282,0.5409115902086099,0.5409115902086099,0.0,3.0,3.0,2880.0,1601.0,0.0,0.38412415981292725,0.8128755688667297,1.0701043605804443,2.401418447494507,16.0
dynamic,3,1,289,0.5948041160901387,0.5420660638809204,0.05273805876572927,0.536559294462204,0.536559294462204,0.0,3.0,3.0,2890.0,1601.0,0.0,0.38412415981292725,0.8128755688667297,1.0701043605804443,2.401418447494507,16.0
dynamic,3,1,290,0.5939434870084127,0.5376111332575481,0.05633235434691111,0.5363761327664057,0.5363761327664057,0.0,3.0,3.0,2900.0,1601.0,0.0,0.38412415981292725,0.8128755688667297,1.0701043605804443,2.401418447494507,16.0
dynamic,3,1,291,0.6250817060470581,0.563747714360555,0.061333992183208466,0.5399792387833198,0.5399792387833198,0.0,3.0,3.0,2910.0,1601.0,0.0,0.38412415981292725,0.8128755688667297,1.0701043605804443,2.401418447494507,16.0
dynamic,3,1,292,0.5944868540763855,0.5417756835619608,0.05271116763353348,0.5330892795821031,0.5330892795821031,0.0,3.0,3.0,2920.0,1601.0,0.0,0.38412415981292725,0.8128755688667297,1.0701043605804443,2.401418447494507,16.0
dynamic,3,1,293,0.5805428067843119,0.5265750066439311,0.05396779343485832,0.5288578333457311,0.5288578333457311,0.0,3.0,3.0,2930.0,1601.0,0.0,0.38412415981292725,0.8128755688667297,1.0701043605804443,2.401418447494507,16.0
dynamic,3,1,294,0.6230270246664683,0.5634922126928965,0.05953480829795202,0.5388339236130317,0.5388339236130317,0.0,3.0,3.0,2940.0,1601.0,0.0,0.38412415981292725,0.8128755688667297,1.0701043605804443,2.401418447494507,16.0
dynamic,3,1,295,0.5946106918652853,0.5380489166577657,0.056561776995658876,0.5366557833304008,0.5366557833304008,0.0,3.0,3.0,2950.0,1601.0,0.0,0.38412415981292725,0.8128755688667297,1.0701043605804443,2.401418447494507,16.0
dynamic,3,1,296,0.6141957632700602,0.5547250270843506,0.05947074423233668,0.5418195461730162,0.5418195461730162,0.0,3.0,3.0,2960.0,1601.0,0.0,0.38412415981292725,0.8128755688667297,1.0701043605804443,2.401418447494507,16.0
dynamic,3,1,297,0.584378890991211,0.5313827800750732,0.05299610475699107,0.53480664357543,0.53480664357543,0.0,3.0,3.0,2970.0,1601.0,0.0,0.38412415981292725,0.8128755688667297,1.0701043605804443,2.401418447494507,16.0
dynamic,3,1,298,0.5761330779393514,0.5208149067560832,0.05531817654768626,0.5279450202484925,0.5279450202484925,0.0,3.0,3.0,2980.0,1601.0,0.0,0.38412415981292725,0.8128755688667297,1.0701043605804443,2.401418447494507,16.0
dynamic,3,1,299,0.6143594972292582,0.5505497992038727,0.06380970085660617,0.5357649899274111,0.5357649899274111,0.0,3.0,3.0,2990.0,1601.0,0.0,0.38412415981292725,0.8128755688667297,1.0701043605804443,2.401418447494507,16.0
dynamic,3,1,300,0.6120248055458068,0.552230106194814,0.05979470103979111,0.5279522117724021,0.5279522117724021,0.0,3.0,3.0,3000.0,1601.0,0.0,0.38412415981292725,0.8128755688667297,1.0701043605804443,2.401418447494507,16.0
dynamic,3,1,301,0.611919355392456,0.5527973373730978,0.05912201603253683,0.523948662057519,0.523948662057519,0.0,3.0,3.0,3010.0,1601.0,0.0,0.38412415981292725,0.8128755688667297,1.0701043605804443,2.401418447494507,16.0
dynamic,3,1,302,0.5751266272862753,0.5215177464485169,0.05360887731115023,0.5209829665968816,0.5209829665968816,0.0,3.0,3.0,3020.0,1601.0,0.0,0.38412415981292725,0.8128755688667297,1.0701043605804443,2.401418447494507,16.0
dynamic,3,1,303,0.5947481695810953,0.5332474724451701,0.061500691175460816,0.5287738795330127,0.5287738795330127,0.0,3.0,3.0,3030.0,1601.0,0.0,0.38412415981292725,0.8128755688667297,1.0701043605804443,2.401418447494507,16.0
dynamic,3,1,304,0.604683469136556,0.5444915469487508,0.06019192973772685,0.528367584074537,0.528367584074537,0.0,3.0,3.0,3040.0,1601.0,0.0,0.38412415981292725,0.8128755688667297,1.0701043605804443,2.401418447494507,16.0
dynamic,3,1,305,0.5929021739959717,0.5339807724952698,0.05892139961322149,0.5185245704899232,0.5185245704899232,0.0,3.0,3.0,3050.0,1601.0,0.0,0.38412415981292725,0.8128755688667297,1.0701043605804443,2.401418447494507,16.0
dynamic,3,1,306,0.5785940965016683,0.5181983232498169,0.06039577086766561,0.5218028971056143,0.5218028971056143,0.0,3.0,3.0,3060.0,1601.0,0.0,0.38412415981292725,0.8128755688667297,1.0701043605804443,2.401418447494507,16.0
dynamic,3,1,307,0.5785580134391785,0.5176493604977925,0.060908645838499066,0.5128429654985667,0.5128429654985667,0.0,3.0,3.0,3070.0,1601.0,0.0,0.38412415981292725,0.8128755688667297,1.0701043605804443,2.401418447494507,16.0
dynamic,3,1,308,0.5939104906717936,0.5289831209182739,0.06492737700541815,0.5230654740085204,0.5230654740085204,0.0,3.0,3.0,3080.0,1601.0,0.0,0.38412415981292725,0.8128755688667297,1.0701043605804443,2.401418447494507,16.0
dynamic,3,1,309,0.6013374817371369,0.5351202932993571,0.06621718813975652,0.5290887978672981,0.5290887978672981,0.0,3.0,3.0,3090.0,1601.0,0.0,0.38412415981292725,0.8128755688667297,1.0701043605804443,2.401418447494507,16.0
dynamic,3,1,310,0.6023881999651591,0.535782650311788,0.06660554846127828,0.5626957664142053,0.5626957664142053,0.0,3.0,3.0,3100.0,1601.0,0.0,0.38412415981292725,0.8128755688667297,1.0701043605804443,2.401418447494507,16.0
dynamic,3,1,311,0.5897875467936198,0.5255583747227986,0.06422917236884434,0.5249684081226588,0.5249684081226588,0.0,3.0,3.0,3110.0,1601.0,0.0,0.38412415981292725,0.8128755688667297,1.0701043605804443,2.401418447494507,16.0
dynamic,3,1,312,0.6032933056354522,0.5312232494354248,0.07207005922993025,0.5365912526597579,0.5365912526597579,0.0,3.0,3.0,3120.0,1601.0,0.0,0.38412415981292725,0.8128755688667297,1.0701043605804443,2.401418447494507,16.0
dynamic,3,1,313,0.6356256143252055,0.5639152479171753,0.07171036640803019,0.5578742378453414,0.5578742378453414,0.0,3.0,3.0,3130.0,1601.0,0.0,0.38412415981292725,0.8128755688667297,1.0701043605804443,2.401418447494507,16.0
dynamic,3,1,314,0.5913443803787232,0.5229535603523254,0.06839081019163132,0.5328466872870922,0.5328466872870922,0.0,3.0,3.0,3140.0,1601.0,0.0,0.38412415981292725,0.8128755688667297,1.0701043605804443,2.401418447494507,16.0
dynamic,3,1,315,0.6148675632476807,0.5466691374778747,0.06819841931263605,0.5479299719134967,0.5479299719134967,0.0,3.0,3.0,3150.0,1601.0,0.0,0.38412415981292725,0.8128755688667297,1.0701043605804443,2.401418447494507,16.0
dynamic,3,1,316,0.6164292923609416,0.5526194055875142,0.06380988736947378,0.5534779680768649,0.5534779680768649,0.0,3.0,3.0,3160.0,1601.0,0.0,0.38412415981292725,0.8128755688667297,1.0701043605804443,2.401418447494507,16.0
dynamic,3,1,317,0.6025571926434835,0.5385785722732543,0.06397863258918127,0.5168139378229777,0.5168139378229777,0.0,3.0,3.0,3170.0,1601.0,0.0,0.38412415981292725,0.8128755688667297,1.0701043605804443,2.401418447494507,16.0
dynamic,3,1,318,0.5799632541338603,0.5169600303967794,0.06300322433312734,0.5119473206500212,0.5119473206500212,0.0,3.0,3.0,3180.0,1601.0,0.0,0.38412415981292725,0.8128755688667297,1.0701043605804443,2.401418447494507,16.0
dynamic,3,1,319,0.6008799306551615,0.5348804990450541,0.0659994301199913,0.5231359940270582,0.5231359940270582,0.0,3.0,3.0,3190.0,1601.0,0.0,0.38412415981292725,0.8128755688667297,1.0701043605804443,2.401418447494507,16.0
dynamic,3,1,320,0.6105891299247742,0.5446033358573914,0.06598579014341037,0.5228670567274094,0.5228670567274094,0.0,3.0,3.0,3200.0,1601.0,0.0,0.38412415981292725,0.8128755688667297,1.0701043605804443,2.401418447494507,16.0
dynamic,3,1,321,0.5740381948153178,0.5113539203008016,0.06268427024284999,0.5166618946691354,0.5166618946691354,0.0,3.0,3.0,3210.0,1601.0,0.0,0.38412415981292725,0.8128755688667297,1.0701043605804443,2.401418447494507,16.0
dynamic,3,1,322,0.5826847879091899,0.5152488406499227,0.0674359496931235,0.5368853130439917,0.5368853130439917,0.0,3.0,3.0,3220.0,1601.0,0.0,0.38412415981292725,0.8128755688667297,1.0701043605804443,2.401418447494507,16.0
dynamic,3,1,323,0.5868237916628519,0.5215815766652425,0.06524221703410149,0.5280719429751237,0.5280719429751237,0.0,3.0,3.0,3230.0,1601.0,0.0,0.38412415981292725,0.8128755688667297,1.0701043605804443,2.401418447494507,16.0
dynamic,3,1,324,0.571637974580129,0.505915470123291,0.06572251071532567,0.519540692816178,0.519540692816178,0.0,3.0,3.0,3240.0,1601.0,0.0,0.38412415981292725,0.8128755688667297,1.0701043605804443,2.401418447494507,16.0
dynamic,3,1,325,0.617991894086202,0.546070548693339,0.07192133655150731,0.5224328914284706,0.5224328914284706,0.0,3.0,3.0,3250.0,1601.0,0.0,0.38412415981292725,0.8128755688667297,1.0701043605804443,2.401418447494507,16.0
dynamic,3,1,326,0.5914346718788147,0.5238744258880615,0.0675602458914121,0.5132801641027133,0.5132801641027133,0.0,3.0,3.0,3260.0,1601.0,0.0,0.38412415981292725,0.8128755688667297,1.0701043605804443,2.401418447494507,16.0
dynamic,3,1,327,0.5722149896621704,0.5064579709370931,0.06575702369213104,0.49704195256034533,0.49704195256034533,0.0,3.0,3.0,3270.0,1601.0,0.0,0.38412415981292725,0.8128755688667297,1.0701043605804443,2.401418447494507,16.0
dynamic,3,1,328,0.5800421039263407,0.5120392266909282,0.06800287326176961,0.5064167839288711,0.5064167839288711,0.0,3.0,3.0,3280.0,1601.0,0.0,0.38412415981292725,0.8128755688667297,1.0701043605804443,2.401418447494507,16.0
dynamic,3,1,329,0.5801644706726075,0.5141751043001811,0.06598937273025512,0.5158891253173351,0.5158891253173351,0.0,3.0,3.0,3290.0,1601.0,0.0,0.38412415981292725,0.8128755688667297,1.0701043605804443,2.401418447494507,16.0
dynamic,3,1,330,0.5756804418563842,0.5087398819128672,0.06694055596987407,0.49796469206611316,0.49796469206611316,0.0,3.0,3.0,3300.0,1601.0,0.0,0.38412415981292725,0.8128755688667297,1.0701043605804443,2.401418447494507,16.0
dynamic,3,1,331,0.6021580211321513,0.530712777376175,0.07144524852434794,0.5067872513830661,0.5067872513830661,0.0,3.0,3.0,3310.0,1601.0,0.0,0.38412415981292725,0.8128755688667297,1.0701043605804443,2.401418447494507,16.0
dynamic,3,1,332,0.5855059051513671,0.5149071756998698,0.07059873302777608,0.5044823557138443,0.5044823557138443,0.0,3.0,3.0,3320.0,1601.0,0.0,0.38412415981292725,0.8128755688667297,1.0701043605804443,2.401418447494507,16.0
dynamic,3,1,333,0.5963457751274109,0.5274209547042846,0.06892481724421183,0.5003061165412267,0.5003061165412267,0.0,3.0,3.0,3330.0,1601.0,0.0,0.38412415981292725,0.8128755688667297,1.0701043605804443,2.401418447494507,16.0
dynamic,3,1,334,0.5591848770777385,0.49354883631070456,0.06563604126373927,0.4931405107180277,0.4931405107180277,0.0,3.0,3.0,3340.0,1601.0,0.0,0.38412415981292725,0.8128755688667297,1.0701043605804443,2.401418447494507,16.0
dynamic,3,1,335,0.5584909677505493,0.49220762809117635,0.06628334045410156,0.4933831924696763,0.4933831924696763,0.0,3.0,3.0,3350.0,1601.0,0.0,0.38412415981292725,0.8128755688667297,1.0701043605804443,2.401418447494507,16.0
dynamic,3,1,336,0.5884326108296712,0.5173424895604452,0.07109011868635813,0.49506673112511634,0.49506673112511634,0.0,3.0,3.0,3360.0,1601.0,0.0,0.38412415981292725,0.8128755688667297,1.0701043605804443,2.401418447494507,16.0
dynamic,3,1,337,0.5754601097106934,0.5057178966204325,0.06974221517642339,0.4910732686022917,0.4910732686022917,0.0,3.0,3.0,3370.0,1601.0,0.0,0.38412415981292725,0.8128755688667297,1.0701043605804443,2.401418447494507,16.0
dynamic,3,1,338,0.5771261501312256,0.5080289753278097,0.06909718523422877,0.487085540642341,0.487085540642341,0.0,3.0,3.0,3380.0,1601.0,0.0,0.38412415981292725,0.8128755688667297,1.0701043605804443,2.401418447494507,16.0
dynamic,3,1,339,0.5653944404919943,0.49504668871561686,0.07034776270389557,0.4879492789010207,0.4879492789010207,0.0,3.0,3.0,3390.0,1601.0,0.0,0.38412415981292725,0.8128755688667297,1.0701043605804443,2.401418447494507,16.0
dynamic,3,1,340,0.5728057877222696,0.5029502455393473,0.06985553592443466,0.4876505546271801,0.4876505546271801,0.0,3.0,3.0,3400.0,1601.0,0.0,0.38412415981292725,0.8128755688667297,1.0701043605804443,2.401418447494507,16.0
dynamic,3,1,341,0.5568075164159139,0.4865652600924174,0.07024225274721782,0.48682946731646853,0.48682946731646853,0.0,3.0,3.0,3410.0,1601.0,0.0,0.38412415981292725,0.8128755688667297,1.0701043605804443,2.401418447494507,16.0
dynamic,3,1,342,0.5654939568042755,0.4975429117679596,0.06795103877782821,0.48264295866092044,0.48264295866092044,0.0,3.0,3.0,3420.0,1601.0,0.0,0.38412415981292725,0.8128755688667297,1.0701043605804443,2.401418447494507,16.0
dynamic,3,1,343,0.5608119567235311,0.4909800477822622,0.06983191251754761,0.4811753756304582,0.4811753756304582,0.0,3.0,3.0,3430.0,1601.0,0.0,0.38412415981292725,0.8128755688667297,1.0701043605804443,2.401418447494507,16.0
dynamic,3,1,344,0.5709644254048666,0.5027907061576843,0.06817372560501099,0.48530051693320275,0.48530051693320275,0.0,3.0,3.0,3440.0,1601.0,0.0,0.38412415981292725,0.8128755688667297,1.0701043605804443,2.401418447494507,16.0
dynamic,3,1,345,0.5569338425000508,0.4897964922587077,0.0671373384197553,0.48141974141200383,0.48141974141200383,0.0,3.0,3.0,3450.0,1601.0,0.0,0.38412415981292725,0.8128755688667297,1.0701043605804443,2.401418447494507,16.0
dynamic,3,1,346,0.5693273814519246,0.4989666219552358,0.07036076009273529,0.48066320111354194,0.48066320111354194,0.0,3.0,3.0,3460.0,1601.0,0.0,0.38412415981292725,0.8128755688667297,1.0701043605804443,2.401418447494507,16.0
dynamic,3,1,347,0.5749171249071757,0.505106346209844,0.06981078187624613,0.4835762023429076,0.4835762023429076,0.0,3.0,3.0,3470.0,1601.0,0.0,0.38412415981292725,0.8128755688667297,1.0701043605804443,2.401418447494507,16.0
dynamic,3,1,348,0.5579085850715637,0.4902270738283793,0.06768151024977366,0.4843535852928956,0.4843535852928956,0.0,3.0,3.0,3480.0,1601.0,0.0,0.38412415981292725,0.8128755688667297,1.0701043605804443,2.401418447494507,16.0
dynamic,3,1,349,0.5766215562820435,0.5074516272544861,0.06916993180910747,0.48853094642361006,0.48853094642361006,0.0,3.0,3.0,3490.0,1601.0,0.0,0.38412415981292725,0.8128755688667297,1.0701043605804443,2.401418447494507,16.0
dynamic,3,1,350,0.5576836371421814,0.488098832766215,0.06958480298519135,0.48737856884797415,0.48737856884797415,0.0,3.0,3.0,3500.0,1601.0,0.0,0.38412415981292725,0.8128755688667297,1.0701043605804443,2.401418447494507,16.0
dynamic,3,1,351,0.5907890248298645,0.520877833366394,0.06991118808587392,0.5166243133942287,0.5166243133942287,0.0,3.0,3.0,3510.0,1601.0,0.0,0.38412415981292725,0.8128755688667297,1.0701043605804443,2.401418447494507,16.0
dynamic,3,1,352,0.5952481071154276,0.5256390786170959,0.06960902591546377,0.4960802569488684,0.4960802569488684,0.0,3.0,3.0,3520.0,1601.0,0.0,0.38412415981292725,0.8128755688667297,1.0701043605804443,2.401418447494507,16.0
dynamic,3,1,353,0.5550831969579061,0.4855048557122548,0.06957834353049597,0.5108203575015068,0.5108203575015068,0.0,3.0,3.0,3530.0,1601.0,0.0,0.38412415981292725,0.8128755688667297,1.0701043605804443,2.401418447494507,16.0
dynamic,3,1,354,0.5872472190856933,0.5164871084690094,0.07076011588176091,0.5117720822989941,0.5117720822989941,0.0,3.0,3.0,3540.0,1601.0,0.0,0.38412415981292725,0.8128755688667297,1.0701043605804443,2.401418447494507,16.0
dynamic,3,1,355,0.578790183464686,0.5055464196205139,0.07324376111229261,0.5112076886494954,0.5112076886494954,0.0,3.0,3.0,3550.0,1601.0,0.0,0.38412415981292725,0.8128755688667297,1.0701043605804443,2.401418447494507,16.0
dynamic,3,1,356,0.5845013825098674,0.5120431462923686,0.0724582318464915,0.5350727998713652,0.5350727998713652,0.0,3.0,3.0,3560.0,1601.0,0.0,0.38412415981292725,0.8128755688667297,1.0701043605804443,2.401418447494507,16.0
dynamic,3,1,357,0.6024934109052023,0.5272145771980286,0.07527883390585581,0.5411925307412943,0.5411925307412943,0.0,3.0,3.0,3570.0,1601.0,0.0,0.38412415981292725,0.8128755688667297,1.0701043605804443,2.401418447494507,16.0
dynamic,3,1,358,0.6123580821355183,0.5388823390007019,0.07347574422756831,0.533498880614837,0.533498880614837,0.0,3.0,3.0,3580.0,1601.0,0.0,0.38412415981292725,0.8128755688667297,1.0701043605804443,2.401418447494507,16.0
dynamic,3,1,359,0.5729399979114532,0.49920056978861493,0.07373943318923315,0.5171296584109465,0.5171296584109465,0.0,3.0,3.0,3590.0,1601.0,0.0,0.38412415981292725,0.8128755688667297,1.0701043605804443,2.401418447494507,16.0
dynamic,3,1,360,0.5721225853761037,0.499100813070933,0.07302176624536515,0.5130601500968138,0.5130601500968138,0.0,3.0,3.0,3600.0,1601.0,0.0,0.38412415981292725,0.8128755688667297,1.0701043605804443,2.401418447494507,16.0
dynamic,3,1,361,0.5869488946596781,0.5099018613497416,0.07704703251520793,0.5525258986155192,0.5525258986155192,0.0,3.0,3.0,3610.0,1601.0,0.0,0.38412415981292725,0.8128755688667297,1.0701043605804443,2.401418447494507,16.0
dynamic,3,1,362,0.5896281997362772,0.5129275413354238,0.07670065253973007,0.543224105288585,0.543224105288585,0.0,3.0,3.0,3620.0,1601.0,0.0,0.38412415981292725,0.8128755688667297,1.0701043605804443,2.401418447494507,16.0
dynamic,3,1,363,0.6013869253794352,0.524349590142568,0.07703733046849569,0.5357214342057705,0.5357214342057705,0.0,3.0,3.0,3630.0,1601.0,0.0,0.38412415981292725,0.8128755688667297,1.0701043605804443,2.401418447494507,16.0
dynamic,3,1,364,0.5958566832542419,0.5199491810798645,0.07590749671061833,0.5468045484026273,0.5468045484026273,0.0,3.0,3.0,3640.0,1601.0,0.0,0.38412415981292725,0.8128755688667297,1.0701043605804443,2.401418447494507,16.0
dynamic,3,1,365,0.589831219514211,0.5132281009356181,0.07660311857859294,0.5401505286494891,0.5401505286494891,0.0,3.0,3.0,3650.0,1601.0,0.0,0.38412415981292725,0.8128755688667297,1.0701043605804443,2.401418447494507,16.0
dynamic,3,1,366,0.5427277175585429,0.46506118059158325,0.07766654302676519,0.6019448962807655,0.6019448962807655,0.0,3.0,3.0,3660.0,1601.0,0.0,0.38412415981292725,0.8128755688667297,1.0701043605804443,2.401418447494507,16.0
dynamic,3,1,367,0.5710605343182882,0.49123700698216755,0.07982353458801905,0.52155150304238,0.52155150304238,0.0,3.0,3.0,3670.0,1601.0,0.0,0.38412415981292725,0.8128755688667297,1.0701043605804443,2.401418447494507,16.0
dynamic,3,1,368,0.5775771069526673,0.49414143403371175,0.08343567858139674,0.5206873532136281,0.5206873532136281,0.0,3.0,3.0,3680.0,1601.0,0.0,0.38412415981292725,0.8128755688667297,1.0701043605804443,2.401418447494507,16.0
dynamic,3,1,369,0.5708715581893921,0.48743214646975197,0.08343941231568654,0.5306602230668068,0.5306602230668068,0.0,3.0,3.0,3690.0,1601.0,0.0,0.38412415981292725,0.8128755688667297,1.0701043605804443,2.401418447494507,16.0
dynamic,3,1,370,0.5609818156560262,0.47876141508420306,0.08222040494283041,0.5233702145020167,0.5233702145020167,0.0,3.0,3.0,3700.0,1601.0,0.0,0.38412415981292725,0.8128755688667297,1.0701043605804443,2.401418447494507,16.0
dynamic,3,1,371,0.5926402187347413,0.5110517962773641,0.08158842990795771,0.5106485255559285,0.5106485255559285,0.0,3.0,3.0,3710.0,1601.0,0.0,0.38412415981292725,0.8128755688667297,1.0701043605804443,2.401418447494507,16.0
dynamic,3,1,372,0.5534753608703613,0.4700774312019348,0.08339793493350346,0.48187348534663516,0.48187348534663516,0.0,3.0,3.0,3720.0,1601.0,0.0,0.38412415981292725,0.8128755688667297,1.0701043605804443,2.401418447494507,16.0
dynamic,3,1,373,0.5637893549601237,0.4778709880510966,0.08591837575038275,0.4835573334495227,0.4835573334495227,0.0,3.0,3.0,3730.0,1601.0,0.0,0.38412415981292725,0.8128755688667297,1.0701043605804443,2.401418447494507,16.0
dynamic,3,1,374,0.5770652055740356,0.4913011852900187,0.08576401313145955,0.517323200305303,0.517323200305303,0.0,3.0,3.0,3740.0,1601.0,0.0,0.38412415981292725,0.8128755688667297,1.0701043605804443,2.401418447494507,16.0
dynamic,3,1,375,0.5729469005266825,0.48654124677181243,0.08640566060940424,0.4962640878558159,0.4962640878558159,0.0,3.0,3.0,3750.0,1601.0,0.0,0.38412415981292725,0.8128755688667297,1.0701043605804443,2.401418447494507,16.0
dynamic,3,1,376,0.577806134223938,0.49063995281855266,0.08716619273026784,0.5054869289199512,0.5054869289199512,0.0,3.0,3.0,3760.0,1601.0,0.0,0.38412415981292725,0.8128755688667297,1.0701043605804443,2.401418447494507,16.0
dynamic,3,1,377,0.6008868233362834,0.512328519821167,0.08855830729007722,0.5111085558931033,0.5111085558931033,0.0,3.0,3.0,3770.0,1601.0,0.0,0.38412415981292725,0.8128755688667297,1.0701043605804443,2.401418447494507,16.0
dynamic,3,1,378,0.5812496654192607,0.4914961250623067,0.08975353260835012,0.5360461667180061,0.5360461667180061,0.0,3.0,3.0,3780.0,1601.0,0.0,0.38412415981292725,0.8128755688667297,1.0701043605804443,2.401418447494507,16.0
dynamic,3,1,379,0.5641746131579081,0.4733155091603597,0.09085910568634668,0.5284128825863202,0.5284128825863202,0.0,3.0,3.0,3790.0,1601.0,0.0,0.38412415981292725,0.8128755688667297,1.0701043605804443,2.401418447494507,16.0
dynamic,3,1,380,0.5585765727361043,0.46536458015441895,0.0932119898001353,0.4691487812995911,0.4691487812995911,0.0,3.0,3.0,3800.0,1601.0,0.0,0.38412415981292725,0.8128755688667297,1.0701043605804443,2.401418447494507,16.0
dynamic,3,1,381,0.5766431665420533,0.48267351150512694,0.09396965146064758,0.5272929712136587,0.5272929712136587,0.0,3.0,3.0,3810.0,1601.0,0.0,0.38412415981292725,0.8128755688667297,1.0701043605804443,2.401418447494507,16.0
dynamic,3,1,382,0.5879294888178508,0.4943466047445933,0.09358289082845052,0.4699139385422071,0.4699139385422071,0.0,3.0,3.0,3820.0,1601.0,0.0,0.38412415981292725,0.8128755688667297,1.0701043605804443,2.401418447494507,16.0
dynamic,3,1,383,0.5586025341351827,0.465712286233902,0.09289025247097016,0.4752563022573789,0.4752563022573789,0.0,3.0,3.0,3830.0,1601.0,0.0,0.38412415981292725,0.8128755688667297,1.0701043605804443,2.401418447494507,16.0
dynamic,3,1,384,0.5740764474868775,0.4811620529492696,0.09291439414024354,0.5177550303936005,0.5177550303936005,0.0,3.0,3.0,3840.0,1601.0,0.0,0.38412415981292725,0.8128755688667297,1.0701043605804443,2.401418447494507,16.0
dynamic,3,1,385,0.5802942252159119,0.4844402817885081,0.09585394124190012,0.5416850511233012,0.5416850511233012,0.0,3.0,3.0,3850.0,1601.0,0.0,0.38412415981292725,0.8128755688667297,1.0701043605804443,2.401418447494507,16.0
dynamic,3,1,386,0.604647524356842,0.510489486058553,0.09415803988774618,0.4847627877195676,0.4847627877195676,0.0,3.0,3.0,3860.0,1601.0,0.0,0.38412415981292725,0.8128755688667297,1.0701043605804443,2.401418447494507,16.0
dynamic,3,1,387,0.5396749766667684,0.44457714716593427,0.09509782234827678,0.43106304317712785,0.43106304317712785,0.0,3.0,3.0,3870.0,1601.0,0.0,0.38412415981292725,0.8128755688667297,1.0701043605804443,2.401418447494507,16.0
dynamic,3,1,388,0.5747919845581054,0.48224971691767377,0.09254226426283518,0.4766175526380539,0.4766175526380539,0.0,3.0,3.0,3880.0,1601.0,0.0,0.38412415981292725,0.8128755688667297,1.0701043605804443,2.401418447494507,16.0
dynamic,3,1,389,0.5631716668605804,0.47505545218785605,0.08811621228853861,0.5099962621927261,0.5099962621927261,0.0,3.0,3.0,3890.0,1601.0,0.0,0.38412415981292725,0.8128755688667297,1.0701043605804443,2.401418447494507,16.0
dynamic,3,1,390,0.5221266762415568,0.4311449058850606,0.09098177353541057,0.4682843445738157,0.4682843445738157,0.0,3.0,3.0,3900.0,1601.0,0.0,0.38412415981292725,0.8128755688667297,1.0701043605804443,2.401418447494507,16.0
dynamic,3,1,391,0.5482460411389669,0.4582683455944061,0.08997769693533579,0.5173058180014293,0.5173058180014293,0.0,3.0,3.0,3910.0,1601.0,0.0,0.38412415981292725,0.8128755688667297,1.0701043605804443,2.401418447494507,16.0
dynamic,3,1,392,0.5453238010406494,0.44990564505259195,0.09541815727949142,0.46740541358788806,0.46740541358788806,0.0,3.0,3.0,3920.0,1601.0,0.0,0.38412415981292725,0.8128755688667297,1.0701043605804443,2.401418447494507,16.0
dynamic,3,1,393,0.5797077226638794,0.48349390904108686,0.09621381332476933,0.5272654110193252,0.5272654110193252,0.0,3.0,3.0,3930.0,1601.0,0.0,0.38412415981292725,0.8128755688667297,1.0701043605804443,2.401418447494507,16.0
dynamic,3,1,394,0.5652815516789754,0.4676616156101227,0.09761993577082952,0.4811387903491656,0.4811387903491656,0.0,3.0,3.0,3940.0,1601.0,0.0,0.38412415981292725,0.8128755688667297,1.0701043605804443,2.401418447494507,16.0
dynamic,3,1,395,0.5412685592969259,0.445968271891276,0.09530029833316803,0.4818090965350469,0.4818090965350469,0.0,3.0,3.0,3950.0,1601.0,0.0,0.38412415981292725,0.8128755688667297,1.0701043605804443,2.401418447494507,16.0
dynamic,3,1,396,0.5511982444922129,0.4550663789113363,0.09613185813029607,0.47532124747832616,0.47532124747832616,0.0,3.0,3.0,3960.0,1601.0,0.0,0.38412415981292725,0.8128755688667297,1.0701043605804443,2.401418447494507,16.0
dynamic,3,1,397,0.5448797392845154,0.4470940772692362,0.0977856582403183,0.4299527758359909,0.4299527758359909,0.0,3.0,3.0,3970.0,1601.0,0.0,0.38412415981292725,0.8128755688667297,1.0701043605804443,2.401418447494507,16.0
dynamic,3,1,398,0.5603222215175628,0.46217974146207175,0.09814248085021973,0.4874357961614927,0.4874357961614927,0.0,3.0,3.0,3980.0,1601.0,0.0,0.38412415981292725,0.8128755688667297,1.0701043605804443,2.401418447494507,16.0
dynamic,3,1,399,0.5604856407642365,0.46387031515439353,0.09661532531181971,0.48044210622708,0.48044210622708,0.0,3.0,3.0,3990.0,1601.0,0.0,0.38412415981292725,0.8128755688667297,1.0701043605804443,2.401418447494507,16.0
dynamic,3,1,400,0.5522101577123006,0.4595509171485901,0.09265923817952473,0.4539201131463051,0.4539201131463051,0.0,3.0,3.0,4000.0,1601.0,0.0,0.38412415981292725,0.8128755688667297,1.0701043605804443,2.401418447494507,16.0
dynamic,3,1,401,0.5396389253934224,0.44714531660079954,0.09249361197153727,0.4836064925789833,0.4836064925789833,0.0,3.0,3.0,4010.0,1601.0,0.0,0.38412415981292725,0.8128755688667297,1.0701043605804443,2.401418447494507,16.0
dynamic,3,1,402,0.5105790257453918,0.4187618637084961,0.09181716253360113,0.47066627969344454,0.47066627969344454,0.0,3.0,3.0,4020.0,1601.0,0.0,0.38412415981292725,0.8128755688667297,1.0701043605804443,2.401418447494507,16.0
dynamic,3,1,403,0.5331444017092387,0.44033968488375347,0.09280472338199615,0.48322999904553093,0.48322999904553093,0.0,3.0,3.0,4030.0,1601.0,0.0,0.38412415981292725,0.8128755688667297,1.0701043605804443,2.401418447494507,16.0
dynamic,3,1,404,0.5405896147092183,0.4475968877474467,0.09299273302157719,0.48590666592121123,0.48590666592121123,0.0,3.0,3.0,4040.0,1601.0,0.0,0.38412415981292725,0.8128755688667297,1.0701043605804443,2.401418447494507,16.0
dynamic,3,1,405,0.5253730928897857,0.4317457914352417,0.09362729877233505,0.4259764369328817,0.4259764369328817,0.0,3.0,3.0,4050.0,1601.0,0.0,0.38412415981292725,0.8128755688667297,1.0701043605804443,2.401418447494507,16.0
dynamic,3,1,406,0.5202626653512319,0.4249090298016866,0.09535363048315049,0.42063425878683725,0.42063425878683725,0.0,3.0,3.0,4060.0,1601.0,0.0,0.38412415981292725,0.8128755688667297,1.0701043605804443,2.401418447494507,16.0
dynamic,3,1,407,0.5647281416257223,0.4638885533809662,0.10083958158890406,0.41621961116790773,0.41621961116790773,0.0,3.0,3.0,4070.0,1601.0,0.0,0.38412415981292725,0.8128755688667297,1.0701043605804443,2.401418447494507,16.0
dynamic,3,1,408,0.516573409239451,0.41699548641840617,0.09957793007294337,0.3944602583845456,0.3944602583845456,0.0,3.0,3.0,4080.0,1601.0,0.0,0.38412415981292725,0.8128755688667297,1.0701043605804443,2.401418447494507,16.0
dynamic,3,1,409,0.5292151323954264,0.43140918334325157,0.09780595421791077,0.49590040544668834,0.49590040544668834,0.0,3.0,3.0,4090.0,1601.0,0.0,0.38412415981292725,0.8128755688667297,1.0701043605804443,2.401418447494507,16.0
dynamic,3,1,410,0.5375636768341064,0.4382890991369883,0.09927458375692368,0.44125259707371395,0.44125259707371395,0.0,3.0,3.0,4100.0,1601.0,0.0,0.38412415981292725,0.8128755688667297,1.0701043605804443,2.401418447494507,16.0
dynamic,3,1,411,0.5338609083493551,0.4312535278002421,0.10260737588008245,0.4542176883419355,0.4542176883419355,0.0,3.0,3.0,4110.0,1601.0,0.0,0.38412415981292725,0.8128755688667297,1.0701043605804443,2.401418447494507,16.0
dynamic,3,1,412,0.5392769861221314,0.43644344011942543,0.10283354063828787,0.48923582981030145,0.48923582981030145,0.0,3.0,3.0,4120.0,1601.0,0.0,0.38412415981292725,0.8128755688667297,1.0701043605804443,2.401418447494507,16.0
dynamic,3,1,413,0.528404779434204,0.4227195354302724,0.10568524618943533,0.459493133922418,0.459493133922418,0.0,3.0,3.0,4130.0,1601.0,0.0,0.38412415981292725,0.8128755688667297,1.0701043605804443,2.401418447494507,16.0
dynamic,3,1,414,0.5369711105028788,0.43008830149968463,0.10688279887040456,0.4329117913047473,0.4329117913047473,0.0,3.0,3.0,4140.0,1601.0,0.0,0.38412415981292725,0.8128755688667297,1.0701043605804443,2.401418447494507,16.0
dynamic,3,1,415,0.5464171679814657,0.4400210376580556,0.10639612684647243,0.4589817199110985,0.4589817199110985,0.0,3.0,3.0,4150.0,1601.0,0.0,0.38412415981292725,0.8128755688667297,1.0701043605804443,2.401418447494507,16.0
dynamic,3,1,416,0.5410431667168936,0.4331645425160726,0.10787862708171209,0.4206298314531644,0.4206298314531644,0.0,3.0,3.0,4160.0,1601.0,0.0,0.38412415981292725,0.8128755688667297,1.0701043605804443,2.401418447494507,16.0
dynamic,3,1,417,0.539570803642273,0.43348373254140216,0.10608707050482433,0.4041014518340429,0.4041014518340429,0.0,3.0,3.0,4170.0,1601.0,0.0,0.38412415981292725,0.8128755688667297,1.0701043605804443,2.401418447494507,16.0
dynamic,3,1,418,0.5502232464154562,0.44649393717447916,0.10372930586338043,0.4302505937218666,0.4302505937218666,0.0,3.0,3.0,4180.0,1601.0,0.0,0.38412415981292725,0.8128755688667297,1.0701043605804443,2.401418447494507,16.0
dynamic,3,1,419,0.5112240060170492,0.4077554380893707,0.1034685609738032,0.40190864433844886,0.40190864433844886,0.0,3.0,3.0,4190.0,1601.0,0.0,0.38412415981292725,0.8128755688667297,1.0701043605804443,2.401418447494507,16.0
dynamic,3,1,420,0.5079097394148508,0.40578988830248514,0.10211985270182292,0.4036154867211978,0.4036154867211978,0.0,3.0,3.0,4200.0,1601.0,0.0,0.38412415981292725,0.8128755688667297,1.0701043605804443,2.401418447494507,16.0
dynamic,3,1,421,0.49776853640874225,0.3924195659160614,0.1053489754597346,0.42750189165274305,0.42750189165274305,0.0,3.0,3.0,4210.0,1601.0,0.0,0.38412415981292725,0.8128755688667297,1.0701043605804443,2.401418447494507,16.0
dynamic,3,1,422,0.5320043222109476,0.4212414292494456,0.11076289216677347,0.44189716786146166,0.44189716786146166,0.0,3.0,3.0,4220.0,1601.0,0.0,0.38412415981292725,0.8128755688667297,1.0701043605804443,2.401418447494507,16.0
dynamic,3,1,423,0.5473578651746114,0.4331142608324687,0.11424360613028209,0.5043633019924164,0.5043633019924164,0.0,3.0,3.0,4230.0,1601.0,0.0,0.38412415981292725,0.8128755688667297,1.0701043605804443,2.401418447494507,16.0
dynamic,3,1,424,0.5561767077445984,0.4420869000752767,0.11408980369567871,0.3923885773619016,0.3923885773619016,0.0,3.0,3.0,4240.0,1601.0,0.0,0.38412415981292725,0.8128755688667297,1.0701043605804443,2.401418447494507,16.0
dynamic,3,1,425,0.556207271416982,0.44614976008733115,0.11005751073360442,0.40056685904661815,0.40056685904661815,0.0,3.0,3.0,4250.0,1601.0,0.0,0.38412415981292725,0.8128755688667297,1.0701043605804443,2.401418447494507,16.0
dynamic,3,1,426,0.5297526780764262,0.42098363637924197,0.10876904964447022,0.3972440947095553,0.3972440947095553,0.0,3.0,3.0,4260.0,1601.0,0.0,0.38412415981292725,0.8128755688667297,1.0701043605804443,2.401418447494507,16.0
dynamic,3,1,427,0.507368049621582,0.4023401097456614,0.10502793848514556,0.37110090782245,0.37110090782245,0.0,3.0,3.0,4270.0,1601.0,0.0,0.38412415981292725,0.8128755688667297,1.0701043605804443,2.401418447494507,16.0
dynamic,3,1,428,0.504257333278656,0.395865505139033,0.10839182635148366,0.41367132276296614,0.41367132276296614,0.0,3.0,3.0,4280.0,1601.0,0.0,0.38412415981292725,0.8128755688667297,1.0701043605804443,2.401418447494507,16.0
dynamic,3,1,429,0.544175771077474,0.4298126212755839,0.11436314900716146,0.48019814292589824,0.48019814292589824,0.0,3.0,3.0,4290.0,1601.0,0.0,0.38412415981292725,0.8128755688667297,1.0701043605804443,2.401418447494507,16.0
dynamic,3,1,430,0.5193664121627808,0.4010912974675496,0.11827511290709178,0.4092558736602465,0.4092558736602465,0.0,3.0,3.0,4300.0,1601.0,0.0,0.38412415981292725,0.8128755688667297,1.0701043605804443,2.401418447494507,16.0
dynamic,3,1,431,0.5577212834358215,0.4402123276392619,0.11750895678997039,0.4170180011789004,0.4170180011789004,0.0,3.0,3.0,4310.0,1601.0,0.0,0.38412415981292725,0.8128755688667297,1.0701043605804443,2.401418447494507,16.0
dynamic,3,1,432,0.5667671863238016,0.44917277097702024,0.11759441296259562,0.4288285207748413,0.4288285207748413,0.0,3.0,3.0,4320.0,1601.0,0.0,0.38412415981292725,0.8128755688667297,1.0701043605804443,2.401418447494507,16.0
dynamic,3,1,433,0.5568655061721802,0.4431760585308075,0.11368945519129435,0.4743991148471832,0.4743991148471832,0.0,3.0,3.0,4330.0,1601.0,0.0,0.38412415981292725,0.8128755688667297,1.0701043605804443,2.401418447494507,16.0
dynamic,3,1,434,0.600548499027888,0.4755029912789663,0.12504550139109294,0.5622313227256139,0.5622313227256139,0.0,3.0,3.0,4340.0,1601.0,0.0,0.38412415981292725,0.8128755688667297,1.0701043605804443,2.401418447494507,16.0
dynamic,3,1,435,0.565135261217753,0.4462652615706126,0.11886999855438868,0.4210737560192744,0.4210737560192744,0.0,3.0,3.0,4350.0,1601.0,0.0,0.38412415981292725,0.8128755688667297,1.0701043605804443,2.401418447494507,16.0
dynamic,3,1,436,0.5400104141235351,0.42229198932647705,0.11771843204895656,0.48811789790789284,0.48811789790789284,0.0,3.0,3.0,4360.0,1601.0,0.0,0.38412415981292725,0.8128755688667297,1.0701043605804443,2.401418447494507,16.0
dynamic,3,1,437,0.5192647425333659,0.4013522597153982,0.1179124825199445,0.43813926716645557,0.43813926716645557,0.0,3.0,3.0,4370.0,1601.0,0.0,0.38412415981292725,0.8128755688667297,1.0701043605804443,2.401418447494507,16.0
dynamic,3,1,438,0.525985418955485,0.4096239336331685,0.11636147856712341,0.44031817932923634,0.44031817932923634,0.0,3.0,3.0,4380.0,1601.0,0.0,0.38412415981292725,0.8128755688667297,1.0701043605804443,2.401418447494507,16.0
dynamic,3,1,439,0.5482773407300313,0.43060884714126585,0.11766849974791209,0.5095150889952977,0.5095150889952977,0.0,3.0,3.0,4390.0,1601.0,0.0,0.38412415981292725,0.8128755688667297,1.0701043605804443,2.401418447494507,16.0
dynamic,3,1,440,0.5392999164263408,0.41561765988667804,0.12368224879105885,0.4503824855883916,0.4503824855883916,0.0,3.0,3.0,4400.0,1601.0,0.0,0.38412415981292725,0.8128755688667297,1.0701043605804443,2.401418447494507,16.0
dynamic,3,1,441,0.5808719944953918,0.4550013589859009,0.1258706419666608,0.46484137694040933,0.46484137694040933,0.0,3.0,3.0,4410.0,1601.0,0.0,0.38412415981292725,0.8128755688667297,1.0701043605804443,2.401418447494507,16.0
dynamic,3,1,442,0.5672975126902262,0.44041442195574443,0.1268830837806066,0.49217614233493806,0.49217614233493806,0.0,3.0,3.0,4420.0,1601.0,0.0,0.38412415981292725,0.8128755688667297,1.0701043605804443,2.401418447494507,16.0
dynamic,3,1,443,0.5501093093554179,0.4198671229680379,0.1302421905597051,0.4490693787733714,0.4490693787733714,0.0,3.0,3.0,4430.0,1601.0,0.0,0.38412415981292725,0.8128755688667297,1.0701043605804443,2.401418447494507,16.0
dynamic,3,1,444,0.5941644032796224,0.46563005447387695,0.12853434522946675,0.502423531015714,0.502423531015714,0.0,3.0,3.0,4440.0,1601.0,0.0,0.38412415981292725,0.8128755688667297,1.0701043605804443,2.401418447494507,16.0
dynamic,3,1,445,0.5703106745084127,0.44227500557899474,0.12803566783666612,0.4776386749744415,0.4776386749744415,0.0,3.0,3.0,4450.0,1601.0,0.0,0.38412415981292725,0.8128755688667297,1.0701043605804443,2.401418447494507,16.0
dynamic,3,1,446,0.5779080653190612,0.4488193643093109,0.1290887047847112,0.4467369790871938,0.4467369790871938,0.0,3.0,3.0,4460.0,1601.0,0.0,0.38412415981292725,0.8128755688667297,1.0701043605804443,2.401418447494507,16.0
dynamic,3,1,447,0.5563411939144135,0.43362839659055075,0.12271279255549113,0.45168510297934217,0.45168510297934217,0.0,3.0,3.0,4470.0,1601.0,0.0,0.38412415981292725,0.8128755688667297,1.0701043605804443,2.401418447494507,16.0
dynamic,3,1,448,0.537469945748647,0.4155164961020152,0.12195344785849253,0.41662991166114804,0.41662991166114804,0.0,3.0,3.0,4480.0,1601.0,0.0,0.38412415981292725,0.8128755688667297,1.0701043605804443,2.401418447494507,16.0
dynamic,3,1,449,0.5494526783625285,0.4302899690469106,0.11916271090507508,0.41499283313751223,0.41499283313751223,0.0,3.0,3.0,4490.0,1601.0,0.0,0.38412415981292725,0.8128755688667297,1.0701043605804443,2.401418447494507,16.0
dynamic,3,1,450,0.5743342860539754,0.4545553795496623,0.11977890898784002,0.4460601274172465,0.4460601274172465,0.0,3.0,3.0,4500.0,1601.0,0.0,0.38412415981292725,0.8128755688667297,1.0701043605804443,2.401418447494507,16.0
dynamic,3,1,451,0.5673507452011108,0.4421227129300435,0.12522803982098898,0.542825014591217,0.542825014591217,0.0,3.0,3.0,4510.0,1601.0,0.0,0.38412415981292725,0.8128755688667297,1.0701043605804443,2.401418447494507,16.0
dynamic,3,1,452,0.5832520238558452,0.4537824352582296,0.12946958780288698,0.40853091299533845,0.40853091299533845,0.0,3.0,3.0,4520.0,1601.0,0.0,0.38412415981292725,0.8128755688667297,1.0701043605804443,2.401418447494507,16.0
dynamic,3,1,453,0.5337080756823221,0.4078317693869273,0.1258763062953949,0.4271901023387909,0.4271901023387909,0.0,3.0,3.0,4530.0,1601.0,0.0,0.38412415981292725,0.8128755688667297,1.0701043605804443,2.401418447494507,16.0
dynamic,3,1,454,0.592389718691508,0.46464972813924155,0.12773999869823455,0.48825542747974393,0.48825542747974393,0.0,3.0,3.0,4540.0,1601.0,0.0,0.38412415981292725,0.8128755688667297,1.0701043605804443,2.401418447494507,16.0
dynamic,3,1,455,0.5992508431275686,0.4681010234355927,0.13114982446034748,0.49512703239917755,0.49512703239917755,0.0,3.0,3.0,4550.0,1601.0,0.0,0.38412415981292725,0.8128755688667297,1.0701043605804443,2.401418447494507,16.0
dynamic,3,1,456,0.58868794520696,0.4524104289213816,0.136277514398098,0.40737900455792747,0.40737900455792747,0.0,3.0,3.0,4560.0,1601.0,0.0,0.38412415981292725,0.8128755688667297,1.0701043605804443,2.401418447494507,16.0
dynamic,3,1,457,0.5793037788073222,0.45542362888654075,0.12388015151023865,0.4075277614593506,0.4075277614593506,0.0,3.0,3.0,4570.0,1601.0,0.0,0.38412415981292725,0.8128755688667297,1.0701043605804443,2.401418447494507,16.0
dynamic,3,1,458,0.5613659040133159,0.4436667839686076,0.11769911388556163,0.46026806871096293,0.46026806871096293,0.0,3.0,3.0,4580.0,1601.0,0.0,0.38412415981292725,0.8128755688667297,1.0701043605804443,2.401418447494507,16.0
dynamic,3,1,459,0.560805074373881,0.43872732400894165,0.12207774639129639,0.5053360484043757,0.5053360484043757,0.0,3.0,3.0,4590.0,1601.0,0.0,0.38412415981292725,0.8128755688667297,1.0701043605804443,2.401418447494507,16.0
dynamic,3,1,460,0.5085606261094411,0.38559385140736896,0.12296677360932032,0.4703091762463252,0.4703091762463252,0.0,3.0,3.0,4600.0,1601.0,0.0,0.38412415981292725,0.8128755688667297,1.0701043605804443,2.401418447494507,16.0
dynamic,3,1,461,0.5550836221377055,0.42367056806882225,0.13141304830710093,0.4634294801950455,0.4634294801950455,0.0,3.0,3.0,4610.0,1601.0,0.0,0.38412415981292725,0.8128755688667297,1.0701043605804443,2.401418447494507,16.0
dynamic,3,1,462,0.5711034838358561,0.44331293026606244,0.12779054900010428,0.4612160801887512,0.4612160801887512,0.0,3.0,3.0,4620.0,1601.0,0.0,0.38412415981292725,0.8128755688667297,1.0701043605804443,2.401418447494507,16.0
dynamic,3,1,463,0.57013374487559,0.44386030157407125,0.1262734438975652,0.45964730421702066,0.45964730421702066,0.0,3.0,3.0,4630.0,1601.0,0.0,0.38412415981292725,0.8128755688667297,1.0701043605804443,2.401418447494507,16.0
dynamic,3,1,464,0.5710608911514282,0.4442825675010681,0.126778324842453,0.40618764559427895,0.40618764559427895,0.0,3.0,3.0,4640.0,1601.0,0.0,0.38412415981292725,0.8128755688667297,1.0701043605804443,2.401418447494507,16.0
dynamic,3,1,465,0.5468470033009847,0.42176985065142314,0.12507715702056885,0.4374082267284393,0.4374082267284393,0.0,3.0,3.0,4650.0,1601.0,0.0,0.38412415981292725,0.8128755688667297,1.0701043605804443,2.401418447494507,16.0
dynamic,3,1,466,0.5954602479934692,0.46503432353337604,0.13042592227458955,0.5019353969891867,0.5019353969891867,0.0,3.0,3.0,4660.0,1601.0,0.0,0.38412415981292725,0.8128755688667297,1.0701043605804443,2.401418447494507,16.0
dynamic,3,1,467,0.6251376112302144,0.48867581923802694,0.13646178821722665,0.4673731356859207,0.4673731356859207,0.0,3.0,3.0,4670.0,1601.0,0.0,0.38412415981292725,0.8128755688667297,1.0701043605804443,2.401418447494507,16.0
dynamic,3,1,468,0.605505793094635,0.46521573424339296,0.14029005984465281,0.43077353954315184,0.43077353954315184,0.0,3.0,3.0,4680.0,1601.0,0.0,0.38412415981292725,0.8128755688667297,1.0701043605804443,2.401418447494507,16.0
dynamic,3,1,469,0.5759328246116638,0.4432840112845103,0.1326488071680069,0.4183827479680379,0.4183827479680379,0.0,3.0,3.0,4690.0,1601.0,0.0,0.38412415981292725,0.8128755688667297,1.0701043605804443,2.401418447494507,16.0
dynamic,3,1,470,0.565945881207784,0.440820966164271,0.1251249130566915,0.42351277629534406,0.42351277629534406,0.0,3.0,3.0,4700.0,1601.0,0.0,0.38412415981292725,0.8128755688667297,1.0701043605804443,2.401418447494507,16.0
dynamic,3,1,471,0.554085468451182,0.4294000323613485,0.12468543628851572,0.4412814295291901,0.4412814295291901,0.0,3.0,3.0,4710.0,1601.0,0.0,0.38412415981292725,0.8128755688667297,1.0701043605804443,2.401418447494507,16.0
dynamic,3,1,472,0.5509612814585367,0.42658103863398233,0.12438025087118149,0.5180058417717616,0.5180058417717616,0.0,3.0,3.0,4720.0,1601.0,0.0,0.38412415981292725,0.8128755688667297,1.0701043605804443,2.401418447494507,16.0
dynamic,3,1,473,0.5322805364926656,0.4045797570546468,0.12770078261693318,0.4889841582377752,0.4889841582377752,0.0,3.0,3.0,4730.0,1601.0,0.0,0.38412415981292725,0.8128755688667297,1.0701043605804443,2.401418447494507,16.0
dynamic,3,1,474,0.5358091831207276,0.40333290974299113,0.1324762745698293,0.45791672706604003,0.45791672706604003,0.0,3.0,3.0,4740.0,1601.0,0.0,0.38412415981292725,0.8128755688667297,1.0701043605804443,2.401418447494507,16.0
dynamic,3,1,475,0.5723660238583883,0.44529350598653156,0.12707250992457073,0.429106654326121,0.429106654326121,0.0,3.0,3.0,4750.0,1601.0,0.0,0.38412415981292725,0.8128755688667297,1.0701043605804443,2.401418447494507,16.0
dynamic,3,1,476,0.5411696219444275,0.41707985957463584,0.12408976564804713,0.45243177235126497,0.45243177235126497,0.0,3.0,3.0,4760.0,1601.0,0.0,0.38412415981292725,0.8128755688667297,1.0701043605804443,2.401418447494507,16.0
dynamic,3,1,477,0.5332924509048462,0.40684739510218304,0.12644506494204202,0.4265206297238668,0.4265206297238668,0.0,3.0,3.0,4770.0,1601.0,0.0,0.38412415981292725,0.8128755688667297,1.0701043605804443,2.401418447494507,16.0
dynamic,3,1,478,0.5422574122746785,0.4156832488377889,0.12657416780789693,0.4340587494770686,0.4340587494770686,0.0,3.0,3.0,4780.0,1601.0,0.0,0.38412415981292725,0.8128755688667297,1.0701043605804443,2.401418447494507,16.0
dynamic,3,1,479,0.5880049665768942,0.45623091141382854,0.1317740629116694,0.4790676840146383,0.4790676840146383,0.0,3.0,3.0,4790.0,1601.0,0.0,0.38412415981292725,0.8128755688667297,1.0701043605804443,2.401418447494507,16.0
dynamic,3,1,480,0.5705828253428141,0.4371996013323466,0.13338321884473164,0.4270791826645533,0.4270791826645533,0.0,3.0,3.0,4800.0,1601.0,0.0,0.38412415981292725,0.8128755688667297,1.0701043605804443,2.401418447494507,16.0
dynamic,3,1,481,0.554124714533488,0.42392205516497294,0.13020266433556874,0.4331020176410675,0.4331020176410675,0.0,3.0,3.0,4810.0,1601.0,0.0,0.38412415981292725,0.8128755688667297,1.0701043605804443,2.401418447494507,16.0
dynamic,3,1,482,0.5768211317062378,0.45054463148117063,0.12627649704615276,0.43981473604838056,0.43981473604838056,0.0,3.0,3.0,4820.0,1601.0,0.0,0.38412415981292725,0.8128755688667297,1.0701043605804443,2.401418447494507,16.0
dynamic,3,1,483,0.5539710807800293,0.43107722560564676,0.1228938498099645,0.4629572784900665,0.4629572784900665,0.0,3.0,3.0,4830.0,1601.0,0.0,0.38412415981292725,0.8128755688667297,1.0701043605804443,2.401418447494507,16.0
dynamic,3,1,484,0.5580050611495971,0.4266887362798055,0.13131631672382355,0.47651755611101787,0.47651755611101787,0.0,3.0,3.0,4840.0,1601.0,0.0,0.38412415981292725,0.8128755688667297,1.0701043605804443,2.401418447494507,16.0
dynamic,3,1,485,0.5566427373886108,0.4289091563224792,0.1277335806687673,0.41812727828820545,0.41812727828820545,0.0,3.0,3.0,4850.0,1601.0,0.0,0.38412415981292725,0.8128755688667297,1.0701043605804443,2.401418447494507,16.0
dynamic,3,1,486,0.5532174682617188,0.4258243461449941,0.1273931167523066,0.5193111870686213,0.5193111870686213,0.0,3.0,3.0,4860.0,1601.0,0.0,0.38412415981292725,0.8128755688667297,1.0701043605804443,2.401418447494507,16.0
dynamic,3,1,487,0.5634623098373414,0.4294396225611369,0.13402268350124358,0.46817113240559893,0.46817113240559893,0.0,3.0,3.0,4870.0,1601.0,0.0,0.38412415981292725,0.8128755688667297,1.0701043605804443,2.401418447494507,16.0
dynamic,3,1,488,0.5842170794804891,0.4524838105837504,0.13173326939344407,0.4312350082397461,0.4312350082397461,0.0,3.0,3.0,4880.0,1601.0,0.0,0.38412415981292725,0.8128755688667297,1.0701043605804443,2.401418447494507,16.0
dynamic,3,1,489,0.5767157379786173,0.44809221506118774,0.12862352470556895,0.43091317852338157,0.43091317852338157,0.0,3.0,3.0,4890.0,1601.0,0.0,0.38412415981292725,0.8128755688667297,1.0701043605804443,2.401418447494507,16.0
dynamic,3,1,490,0.5492261060078939,0.4215874218940735,0.12763868033885956,0.42193665385246276,0.42193665385246276,0.0,3.0,3.0,4900.0,1601.0,0.0,0.38412415981292725,0.8128755688667297,1.0701043605804443,2.401418447494507,16.0
dynamic,3,1,491,0.5556465236345927,0.43448517243067425,0.12116135617097219,0.42781533042589825,0.42781533042589825,0.0,3.0,3.0,4910.0,1601.0,0.0,0.38412415981292725,0.8128755688667297,1.0701043605804443,2.401418447494507,16.0
dynamic,3,1,492,0.5493169975280762,0.43150676091512047,0.11781023820241292,0.44913180828094484,0.44913180828094484,0.0,3.0,3.0,4920.0,1601.0,0.0,0.38412415981292725,0.8128755688667297,1.0701043605804443,2.401418447494507,16.0
dynamic,3,1,493,0.5436868635813396,0.42622685472170513,0.11746000707149505,0.4450417133172353,0.4450417133172353,0.0,3.0,3.0,4930.0,1601.0,0.0,0.38412415981292725,0.8128755688667297,1.0701043605804443,2.401418447494507,16.0
dynamic,3,1,494,0.5303852049509684,0.4085817114512126,0.12180349191029867,0.4450846254825592,0.4450846254825592,0.0,3.0,3.0,4940.0,1601.0,0.0,0.38412415981292725,0.8128755688667297,1.0701043605804443,2.401418447494507,16.0
dynamic,3,1,495,0.5188080581029256,0.4014075740178426,0.11740048011144003,0.41872850437959036,0.41872850437959036,0.0,3.0,3.0,4950.0,1601.0,0.0,0.38412415981292725,0.8128755688667297,1.0701043605804443,2.401418447494507,16.0
dynamic,3,1,496,0.5333474548657735,0.42355243643124896,0.10979501863320669,0.4109463320175807,0.4109463320175807,0.0,3.0,3.0,4960.0,1601.0,0.0,0.38412415981292725,0.8128755688667297,1.0701043605804443,2.401418447494507,16.0
dynamic,3,1,497,0.5288158853848776,0.4203610901037852,0.10845479905605317,0.46099914610385895,0.46099914610385895,0.0,3.0,3.0,4970.0,1601.0,0.0,0.38412415981292725,0.8128755688667297,1.0701043605804443,2.401418447494507,16.0
dynamic,3,1,498,0.5181221930185954,0.4024092924594879,0.11571290651957195,0.474931334455808,0.474931334455808,0.0,3.0,3.0,4980.0,1601.0,0.0,0.38412415981292725,0.8128755688667297,1.0701043605804443,2.401418447494507,16.0
dynamic,3,1,499,0.520491533279419,0.40331783016522726,0.11717369973659515,0.4171431720256805,0.4171431720256805,0.0,3.0,3.0,4990.0,1601.0,0.0,0.38412415981292725,0.8128755688667297,1.0701043605804443,2.401418447494507,16.0
dynamic,3,1,500,0.5041946872075399,0.3817587689558665,0.1224359142780304,0.4129231597979863,0.4129231597979863,0.0,3.0,3.0,5000.0,1601.0,0.0,0.38412415981292725,0.8128755688667297,1.0701043605804443,2.401418447494507,16.0
