model,seed,level,epoch,train_total,train_effect,train_vq,eval_total,eval_effect,eval_vq
original,3,1,1,6.7674468231201175,6.7674468231201175,0.0,6.3428013674418136,6.3428013674418136,0.0
original,3,1,2,6.256395581563313,6.256395581563313,0.0,5.881705265045166,5.881705265045166,0.0
original,3,1,3,6.1044537035624185,6.1044537035624185,0.0,5.476459554036459,5.476459554036459,0.0
original,3,1,4,5.596724039713542,5.596724039713542,0.0,5.099832522074381,5.099832522074381,0.0
original,3,1,5,5.377234834035238,5.377234834035238,0.0,4.7973176383972165,4.7973176383972165,0.0
original,3,1,6,5.0894748306274415,5.0894748306274415,0.0,4.698940801620483,4.698940801620483,0.0
original,3,1,7,4.75177001953125,4.75177001953125,0.0,4.5515805466969805,4.5515805466969805,0.0
original,3,1,8,4.59360447883606,4.59360447883606,0.0,4.308419297536214,4.308419297536214,0.0
original,3,1,9,4.396981048583984,4.396981048583984,0.0,4.137926460901896,4.137926460901896,0.0
original,3,1,10,4.138909486134847,4.138909486134847,0.0,4.10376327196757,4.10376327196757,0.0
original,3,1,11,3.9178432401021324,3.9178432401021324,0.0,3.8770737584431965,3.8770737584431965,0.0
original,3,1,12,3.878440914154053,3.878440914154053,0.0,3.7992019844055176,3.7992019844055176,0.0
original,3,1,13,3.659092280069987,3.659092280069987,0.0,3.623856086730957,3.623856086730957,0.0
original,3,1,14,3.591876614888509,3.591876614888509,0.0,3.5680207125345866,3.5680207125345866,0.0
original,3,1,15,3.3619057655334474,3.3619057655334474,0.0,3.349811140696208,3.349811140696208,0.0
original,3,1,16,3.2544562911987303,3.2544562911987303,0.0,3.38010568300883,3.38010568300883,0.0
original,3,1,17,3.0462833245595298,3.0462833245595298,0.0,3.1582130813598632,3.1582130813598632,0.0
original,3,1,18,3.013216358820597,3.013216358820597,0.0,2.952510201136271,2.952510201136271,0.0
original,3,1,19,2.8475986099243165,2.8475986099243165,0.0,3.2013439687093097,3.2013439687093097,0.0
original,3,1,20,2.6962176259358723,2.6962176259358723,0.0,2.9780560715993247,2.9780560715993247,0.0
original,3,1,21,2.611299781799316,2.611299781799316,0.0,2.688592659632365,2.688592659632365,0.0
original,3,1,22,2.475581814448039,2.475581814448039,0.0,2.4761035760243733,2.4761035760243733,0.0
original,3,1,23,2.3574209213256836,2.3574209213256836,0.0,2.4051756413777667,2.4051756413777667,0.0
original,3,1,24,2.2800971984863283,2.2800971984863283,0.0,2.3235753186543784,2.3235753186543784,0.0
original,3,1,25,2.146896929740906,2.146896929740906,0.0,2.3424650955200197,2.3424650955200197,0.0
original,3,1,26,2.092948563893636,2.092948563893636,0.0,2.1172049204508463,2.1172049204508463,0.0
original,3,1,27,1.9823673057556153,1.9823673057556153,0.0,2.046914259592692,2.046914259592692,0.0
original,3,1,28,1.9031988207499186,1.9031988207499186,0.0,1.9351979827880859,1.9351979827880859,0.0
original,3,1,29,1.8180106751124063,1.8180106751124063,0.0,1.8448027356465657,1.8448027356465657,0.0
original,3,1,30,1.748589514096578,1.748589514096578,0.0,1.7565112527211506,1.7565112527211506,0.0
original,3,1,31,1.7006383895874024,1.7006383895874024,0.0,1.6974602286020914,1.6974602286020914,0.0
original,3,1,32,1.6330716943740844,1.6330716943740844,0.0,1.6099432214101155,1.6099432214101155,0.0
original,3,1,33,1.5698644844690959,1.5698644844690959,0.0,1.547784824371338,1.547784824371338,0.0
original,3,1,34,1.5152743196487426,1.5152743196487426,0.0,1.4951071039835613,1.4951071039835613,0.0
original,3,1,35,1.473691514333089,1.473691514333089,0.0,1.4486270872751872,1.4486270872751872,0.0
original,3,1,36,1.4391994682947795,1.4391994682947795,0.0,1.4077864106496174,1.4077864106496174,0.0
original,3,1,37,1.4088386567433675,1.4088386567433675,0.0,1.3737263584136963,1.3737263584136963,0.0
original,3,1,38,1.3738086001078287,1.3738086001078287,0.0,1.3422663688659668,1.3422663688659668,0.0
original,3,1,39,1.3378275219599407,1.3378275219599407,0.0,1.3178243287404379,1.3178243287404379,0.0
original,3,1,40,1.3146424198150635,1.3146424198150635,0.0,1.2905031935373943,1.2905031935373943,0.0
original,3,1,41,1.2819585959116617,1.2819585959116617,0.0,1.262597165107727,1.262597165107727,0.0
original,3,1,42,1.257582238515218,1.257582238515218,0.0,1.2369878959655762,1.2369878959655762,0.0
original,3,1,43,1.2289564180374146,1.2289564180374146,0.0,1.213859143257141,1.213859143257141,0.0
original,3,1,44,1.215469692548116,1.215469692548116,0.0,1.1937021446228027,1.1937021446228027,0.0
original,3,1,45,1.196027380625407,1.196027380625407,0.0,1.16675124168396,1.16675124168396,0.0
original,3,1,46,1.167923412322998,1.167923412322998,0.0,1.1521675602595012,1.1521675602595012,0.0
original,3,1,47,1.146514581044515,1.146514581044515,0.0,1.1292178885142008,1.1292178885142008,0.0
original,3,1,48,1.1335510444641113,1.1335510444641113,0.0,1.1166739145914713,1.1166739145914713,0.0
original,3,1,49,1.1149089193344117,1.1149089193344117,0.0,1.1020867856343588,1.1020867856343588,0.0
original,3,1,50,1.097955617904663,1.097955617904663,0.0,1.0885603125890095,1.0885603125890095,0.0
original,3,1,51,1.0839303223292034,1.0839303223292034,0.0,1.0701733271280924,1.0701733271280924,0.0
original,3,1,52,1.0666965866088867,1.0666965866088867,0.0,1.0645197168986003,1.0645197168986003,0.0
original,3,1,53,1.0611828184127807,1.0611828184127807,0.0,1.0421541102727254,1.0421541102727254,0.0
original,3,1,54,1.0514752038319906,1.0514752038319906,0.0,1.0313963985443115,1.0313963985443115,0.0
original,3,1,55,1.059302775065104,1.059302775065104,0.0,1.0290534464518228,1.0290534464518228,0.0
original,3,1,56,1.0268922185897826,1.0268922185897826,0.0,1.0115523624420166,1.0115523624420166,0.0
original,3,1,57,1.0142039012908937,1.0142039012908937,0.0,1.0065878995259603,1.0065878995259603,0.0
original,3,1,58,1.0110029554367066,1.0110029554367066,0.0,0.9993528032302856,0.9993528032302856,0.0
original,3,1,59,1.0070413144429524,1.0070413144429524,0.0,0.9859622812271118,0.9859622812271118,0.0
original,3,1,60,0.975978524684906,0.975978524684906,0.0,0.975812422434489,0.975812422434489,0.0
original,3,1,61,0.9667867104212443,0.9667867104212443,0.0,0.9694232002894083,0.9694232002894083,0.0
original,3,1,62,0.9614783398310344,0.9614783398310344,0.0,0.9554019530614217,0.9554019530614217,0.0
original,3,1,63,0.969211974143982,0.969211974143982,0.0,0.9557359600067139,0.9557359600067139,0.0
original,3,1,64,0.9411941687266032,0.9411941687266032,0.0,0.9547777557373047,0.9547777557373047,0.0
original,3,1,65,0.9336342144012452,0.9336342144012452,0.0,0.9349186579386394,0.9349186579386394,0.0
original,3,1,66,0.934271654287974,0.934271654287974,0.0,0.9210789044698079,0.9210789044698079,0.0
original,3,1,67,0.9239904689788818,0.9239904689788818,0.0,0.9150934251149495,0.9150934251149495,0.0
original,3,1,68,0.919684403737386,0.919684403737386,0.0,0.911886944770813,0.911886944770813,0.0
original,3,1,69,0.9087738116582235,0.9087738116582235,0.0,0.9216816838582357,0.9216816838582357,0.0
original,3,1,70,0.9087035417556762,0.9087035417556762,0.0,0.9103113396962483,0.9103113396962483,0.0
original,3,1,71,0.9121581784884135,0.9121581784884135,0.0,0.8881892275810241,0.8881892275810241,0.0
original,3,1,72,0.9052068424224854,0.9052068424224854,0.0,0.8815796001752217,0.8815796001752217,0.0
original,3,1,73,0.8872057692209879,0.8872057692209879,0.0,0.8760696760813396,0.8760696760813396,0.0
original,3,1,74,0.8816948103904724,0.8816948103904724,0.0,0.8760190423329671,0.8760190423329671,0.0
original,3,1,75,0.8980443565050761,0.8980443565050761,0.0,0.8747113211949666,0.8747113211949666,0.0
original,3,1,76,0.88006631453832,0.88006631453832,0.0,0.8653875398635864,0.8653875398635864,0.0
original,3,1,77,0.8762813027699788,0.8762813027699788,0.0,0.859651464621226,0.859651464621226,0.0
original,3,1,78,0.8725032583872477,0.8725032583872477,0.0,0.8545037619272868,0.8545037619272868,0.0
original,3,1,79,0.8695303646723429,0.8695303646723429,0.0,0.850104083220164,0.850104083220164,0.0
original,3,1,80,0.8722606229782105,0.8722606229782105,0.0,0.845946220556895,0.845946220556895,0.0
original,3,1,81,0.8629641318321228,0.8629641318321228,0.0,0.8459112977981568,0.8459112977981568,0.0
original,3,1,82,0.8494204600652059,0.8494204600652059,0.0,0.8431553141276041,0.8431553141276041,0.0
original,3,1,83,0.8809079233805338,0.8809079233805338,0.0,0.8503432973225912,0.8503432973225912,0.0
original,3,1,84,0.8765294520060222,0.8765294520060222,0.0,0.8472702471415202,0.8472702471415202,0.0
original,3,1,85,0.8497626487414042,0.8497626487414042,0.0,0.8376148001352945,0.8376148001352945,0.0
original,3,1,86,0.8674910831451416,0.8674910831451416,0.0,0.8387154547373453,0.8387154547373453,0.0
original,3,1,87,0.8894596854845683,0.8894596854845683,0.0,0.8427144241333008,0.8427144241333008,0.0
original,3,1,88,0.8775725873311361,0.8775725873311361,0.0,0.8343170722325642,0.8343170722325642,0.0
original,3,1,89,0.8566349109013875,0.8566349109013875,0.0,0.8270130737622579,0.8270130737622579,0.0
original,3,1,90,0.8641399765014648,0.8641399765014648,0.0,0.8286362751324972,0.8286362751324972,0.0
original,3,1,91,0.8657429377237956,0.8657429377237956,0.0,0.8234980654716492,0.8234980654716492,0.0
original,3,1,92,0.8810989697774251,0.8810989697774251,0.0,0.8263281806310018,0.8263281806310018,0.0
original,3,1,93,0.8675460354487101,0.8675460354487101,0.0,0.8294422229131063,0.8294422229131063,0.0
original,3,1,94,0.848746833006541,0.848746833006541,0.0,0.8279845571517944,0.8279845571517944,0.0
original,3,1,95,0.8791864848136902,0.8791864848136902,0.0,0.831393764813741,0.831393764813741,0.0
original,3,1,96,0.8651255830128988,0.8651255830128988,0.0,0.8585547534624736,0.8585547534624736,0.0
original,3,1,97,0.8859583512941996,0.8859583512941996,0.0,0.8332344126701355,0.8332344126701355,0.0
original,3,1,98,0.8657989637056986,0.8657989637056986,0.0,0.8282667867342631,0.8282667867342631,0.0
original,3,1,99,0.8720800662040711,0.8720800662040711,0.0,0.844040486017863,0.844040486017863,0.0
original,3,1,100,0.90701500415802,0.90701500415802,0.0,0.8655659059683481,0.8655659059683481,0.0
original,3,1,101,0.8983483163515726,0.8983483163515726,0.0,0.8511454125245412,0.8511454125245412,0.0
original,3,1,102,0.8761690847078959,0.8761690847078959,0.0,0.8223720705509185,0.8223720705509185,0.0
original,3,1,103,0.9525911871592204,0.9525911871592204,0.0,0.8481559034188588,0.8481559034188588,0.0
original,3,1,104,0.891019139289856,0.891019139289856,0.0,0.8575880209604899,0.8575880209604899,0.0
original,3,1,105,0.8890816545486451,0.8890816545486451,0.0,0.8627172414461771,0.8627172414461771,0.0
original,3,1,106,0.8958103084564208,0.8958103084564208,0.0,0.9258336488405864,0.9258336488405864,0.0
original,3,1,107,0.88220077196757,0.88220077196757,0.0,0.8477112062772115,0.8477112062772115,0.0
original,3,1,108,0.9014521153767904,0.9014521153767904,0.0,0.79774880250295,0.79774880250295,0.0
original,3,1,109,0.9005345598856608,0.9005345598856608,0.0,0.8509993171691894,0.8509993171691894,0.0
original,3,1,110,0.8887788764635722,0.8887788764635722,0.0,0.8654745038350423,0.8654745038350423,0.0
original,3,1,111,0.9200236940383911,0.9200236940383911,0.0,0.8345566391944885,0.8345566391944885,0.0
original,3,1,112,0.8670260818799337,0.8670260818799337,0.0,0.8286303909619649,0.8286303909619649,0.0
original,3,1,113,0.8705351869265239,0.8705351869265239,0.0,0.8751911783218383,0.8751911783218383,0.0
original,3,1,114,0.8902176642417907,0.8902176642417907,0.0,0.8745496634642284,0.8745496634642284,0.0
original,3,1,115,0.8992518560091655,0.8992518560091655,0.0,0.8387227710088094,0.8387227710088094,0.0
original,3,1,116,0.8751297235488892,0.8751297235488892,0.0,0.8606839819749197,0.8606839819749197,0.0
original,3,1,117,0.9080965518951416,0.9080965518951416,0.0,0.85627259572347,0.85627259572347,0.0
original,3,1,118,0.8813390556971232,0.8813390556971232,0.0,0.8831362771987915,0.8831362771987915,0.0
original,3,1,119,0.8986625003814698,0.8986625003814698,0.0,0.9197295725345611,0.9197295725345611,0.0
original,3,1,120,0.8628175234794617,0.8628175234794617,0.0,0.8247683695952097,0.8247683695952097,0.0
original,3,1,121,0.8578391901652018,0.8578391901652018,0.0,0.865092320839564,0.865092320839564,0.0
original,3,1,122,0.8773033936818441,0.8773033936818441,0.0,0.8603832149505615,0.8603832149505615,0.0
original,3,1,123,0.9065816378593445,0.9065816378593445,0.0,0.8487048403422037,0.8487048403422037,0.0
original,3,1,124,0.8781829770406088,0.8781829770406088,0.0,0.9101206421852112,0.9101206421852112,0.0
original,3,1,125,0.8662272294362386,0.8662272294362386,0.0,0.8722757120927175,0.8722757120927175,0.0
original,3,1,126,0.8964564768473308,0.8964564768473308,0.0,0.7923197150230408,0.7923197150230408,0.0
original,3,1,127,0.8309911346435547,0.8309911346435547,0.0,0.836907624801,0.836907624801,0.0
original,3,1,128,0.8768440834681193,0.8768440834681193,0.0,0.8559823775291443,0.8559823775291443,0.0
original,3,1,129,0.878472535610199,0.878472535610199,0.0,0.8631176817417144,0.8631176817417144,0.0
original,3,1,130,0.8715448260307312,0.8715448260307312,0.0,0.8068432494004567,0.8068432494004567,0.0
original,3,1,131,0.8266457231839498,0.8266457231839498,0.0,0.8585684319337209,0.8585684319337209,0.0
original,3,1,132,0.903662428855896,0.903662428855896,0.0,0.8304755516846974,0.8304755516846974,0.0
original,3,1,133,0.8297657903035481,0.8297657903035481,0.0,0.8522153063615163,0.8522153063615163,0.0
original,3,1,134,0.8909504477183025,0.8909504477183025,0.0,0.8750024171670278,0.8750024171670278,0.0
original,3,1,135,0.8887145527203878,0.8887145527203878,0.0,0.833372953136762,0.833372953136762,0.0
original,3,1,136,0.8617128467559815,0.8617128467559815,0.0,0.801613294283549,0.801613294283549,0.0
original,3,1,137,0.8864601612091064,0.8864601612091064,0.0,0.7912638715902964,0.7912638715902964,0.0
original,3,1,138,0.8761864678064982,0.8761864678064982,0.0,0.8390055243174235,0.8390055243174235,0.0
original,3,1,139,0.9058599432309469,0.9058599432309469,0.0,0.840945509672165,0.840945509672165,0.0
original,3,1,140,0.8766956313451131,0.8766956313451131,0.0,0.8400560273726781,0.8400560273726781,0.0
original,3,1,141,0.8702113970120748,0.8702113970120748,0.0,0.9208372936646143,0.9208372936646143,0.0
original,3,1,142,0.938334097067515,0.938334097067515,0.0,0.8273522480328878,0.8273522480328878,0.0
original,3,1,143,0.8854023933410644,0.8854023933410644,0.0,0.9236305350065231,0.9236305350065231,0.0
original,3,1,144,0.9368053595225017,0.9368053595225017,0.0,0.8872729551792145,0.8872729551792145,0.0
original,3,1,145,0.9245234513282776,0.9245234513282776,0.0,0.8715281865994136,0.8715281865994136,0.0
original,3,1,146,0.9243679491678873,0.9243679491678873,0.0,0.8636682627598444,0.8636682627598444,0.0
original,3,1,147,0.9717472831408183,0.9717472831408183,0.0,0.8726503876845042,0.8726503876845042,0.0
original,3,1,148,0.9973141892751058,0.9973141892751058,0.0,0.9452888067563375,0.9452888067563375,0.0
original,3,1,149,0.990745546023051,0.990745546023051,0.0,0.93657528479894,0.93657528479894,0.0
original,3,1,150,0.9973786536852519,0.9973786536852519,0.0,1.0292233377695084,1.0292233377695084,0.0
original,3,1,151,1.004418166478475,1.004418166478475,0.0,0.9805994347731273,0.9805994347731273,0.0
original,3,1,152,1.0537550600369772,1.0537550600369772,0.0,0.972654635310173,0.972654635310173,0.0
original,3,1,153,1.0204751269022623,1.0204751269022623,0.0,1.0128088637193045,1.0128088637193045,0.0
original,3,1,154,1.0424151317278545,1.0424151317278545,0.0,1.006755761106809,1.006755761106809,0.0
original,3,1,155,1.0644064553578694,1.0644064553578694,0.0,1.0763041476408641,1.0763041476408641,0.0
original,3,1,156,1.0487132183710735,1.0487132183710735,0.0,1.045627688964208,1.045627688964208,0.0
original,3,1,157,1.094599157969157,1.094599157969157,0.0,1.0739201980829238,1.0739201980829238,0.0
original,3,1,158,1.0508067067464193,1.0508067067464193,0.0,1.0153835994005203,1.0153835994005203,0.0
original,3,1,159,1.0822861361503602,1.0822861361503602,0.0,1.0605162878831227,1.0605162878831227,0.0
original,3,1,160,1.0566053438186644,1.0566053438186644,0.0,1.0590374366442363,1.0590374366442363,0.0
original,3,1,161,1.0875731563568116,1.0875731563568116,0.0,1.0278839919964473,1.0278839919964473,0.0
original,3,1,162,1.054733675320943,1.054733675320943,0.0,1.0472025148073831,1.0472025148073831,0.0
original,3,1,163,1.083537260691325,1.083537260691325,0.0,1.0140707635879516,1.0140707635879516,0.0
original,3,1,164,1.035564734141032,1.035564734141032,0.0,1.0683477761348088,1.0683477761348088,0.0
original,3,1,165,1.0720751190185547,1.0720751190185547,0.0,1.044195374250412,1.044195374250412,0.0
original,3,1,166,1.0197599824269612,1.0197599824269612,0.0,1.0307693777481715,1.0307693777481715,0.0
original,3,1,167,1.0375564002990723,1.0375564002990723,0.0,1.0152386275927225,1.0152386275927225,0.0
original,3,1,168,1.0123049545288085,1.0123049545288085,0.0,1.0018491756916046,1.0018491756916046,0.0
original,3,1,169,1.0022618214289347,1.0022618214289347,0.0,0.9957503465811411,0.9957503465811411,0.0
original,3,1,170,1.0117019613583882,1.0117019613583882,0.0,0.9989559932549794,0.9989559932549794,0.0
original,3,1,171,1.0171918924649557,1.0171918924649557,0.0,1.0034859102964402,1.0034859102964402,0.0
original,3,1,172,0.9609471901257833,0.9609471901257833,0.0,0.9824316787719727,0.9824316787719727,0.0
original,3,1,173,0.9802519496281942,0.9802519496281942,0.0,0.9922888807455699,0.9922888807455699,0.0
original,3,1,174,0.9617191123962402,0.9617191123962402,0.0,0.9530221966902415,0.9530221966902415,0.0
original,3,1,175,0.9409624512990316,0.9409624512990316,0.0,0.9524243648846944,0.9524243648846944,0.0
original,3,1,176,0.9454851253827413,0.9454851253827413,0.0,0.9384380139907201,0.9384380139907201,0.0
original,3,1,177,0.9555969476699829,0.9555969476699829,0.0,0.9330967332919439,0.9330967332919439,0.0
original,3,1,178,0.9209678967793783,0.9209678967793783,0.0,0.9090088502566019,0.9090088502566019,0.0
original,3,1,179,0.8984845074017843,0.8984845074017843,0.0,0.9045583113034567,0.9045583113034567,0.0
original,3,1,180,0.9162653271357218,0.9162653271357218,0.0,0.897470383644104,0.897470383644104,0.0
original,3,1,181,0.8941117906570435,0.8941117906570435,0.0,0.8875319262345632,0.8875319262345632,0.0
original,3,1,182,0.9066576425234477,0.9066576425234477,0.0,0.8819528581698736,0.8819528581698736,0.0
original,3,1,183,0.874270092646281,0.874270092646281,0.0,0.865963970820109,0.865963970820109,0.0
original,3,1,184,0.8607999897003173,0.8607999897003173,0.0,0.8692827616135279,0.8692827616135279,0.0
original,3,1,185,0.8780388371149699,0.8780388371149699,0.0,0.859244251648585,0.859244251648585,0.0
original,3,1,186,0.8627764050165813,0.8627764050165813,0.0,0.8483802092075348,0.8483802092075348,0.0
original,3,1,187,0.8447752475738526,0.8447752475738526,0.0,0.8438046699762345,0.8438046699762345,0.0
original,3,1,188,0.8485078978538513,0.8485078978538513,0.0,0.8420983529090882,0.8420983529090882,0.0
original,3,1,189,0.830227423508962,0.830227423508962,0.0,0.8311117867628733,0.8311117867628733,0.0
original,3,1,190,0.8466458694140117,0.8466458694140117,0.0,0.824077328244845,0.824077328244845,0.0
original,3,1,191,0.8341945131619771,0.8341945131619771,0.0,0.822265400091807,0.822265400091807,0.0
original,3,1,192,0.8096729429562887,0.8096729429562887,0.0,0.8152942421038946,0.8152942421038946,0.0
original,3,1,193,0.8082348267237346,0.8082348267237346,0.0,0.8181514654556911,0.8181514654556911,0.0
original,3,1,194,0.8078035807609558,0.8078035807609558,0.0,0.8119642619291941,0.8119642619291941,0.0
original,3,1,195,0.8077639158566793,0.8077639158566793,0.0,0.8012770368655523,0.8012770368655523,0.0
original,3,1,196,0.8090615844726563,0.8090615844726563,0.0,0.7854076514641444,0.7854076514641444,0.0
original,3,1,197,0.7848909854888916,0.7848909854888916,0.0,0.7921025693416596,0.7921025693416596,0.0
original,3,1,198,0.8022101688385009,0.8022101688385009,0.0,0.7826839033762614,0.7826839033762614,0.0
original,3,1,199,0.78633407274882,0.78633407274882,0.0,0.7830428661902745,0.7830428661902745,0.0
original,3,1,200,0.7749895413716634,0.7749895413716634,0.0,0.7829616318146387,0.7829616318146387,0.0
original,3,1,201,0.7694709134101868,0.7694709134101868,0.0,0.7648173832893371,0.7648173832893371,0.0
original,3,1,202,0.7743483654658,0.7743483654658,0.0,0.7746356761455536,0.7746356761455536,0.0
original,3,1,203,0.7717946974436442,0.7717946974436442,0.0,0.7683471490939459,0.7683471490939459,0.0
original,3,1,204,0.7515749883651733,0.7515749883651733,0.0,0.7619932560125987,0.7619932560125987,0.0
original,3,1,205,0.7582675838470458,0.7582675838470458,0.0,0.7568728733062744,0.7568728733062744,0.0
original,3,1,206,0.7611378637949625,0.7611378637949625,0.0,0.7550043161710104,0.7550043161710104,0.0
original,3,1,207,0.7486523103713989,0.7486523103713989,0.0,0.7485025717814764,0.7485025717814764,0.0
original,3,1,208,0.7421923025449118,0.7421923025449118,0.0,0.7530136660734812,0.7530136660734812,0.0
original,3,1,209,0.7567030962308248,0.7567030962308248,0.0,0.7453066778182983,0.7453066778182983,0.0
original,3,1,210,0.7469803516070048,0.7469803516070048,0.0,0.7417333537340164,0.7417333537340164,0.0
original,3,1,211,0.7321550949414571,0.7321550949414571,0.0,0.738818286259969,0.738818286259969,0.0
original,3,1,212,0.7377567386627197,0.7377567386627197,0.0,0.7323303604125977,0.7323303604125977,0.0
original,3,1,213,0.7265812158584595,0.7265812158584595,0.0,0.7268775089581807,0.7268775089581807,0.0
original,3,1,214,0.7181664133071899,0.7181664133071899,0.0,0.7278963269790014,0.7278963269790014,0.0
original,3,1,215,0.7175582679112752,0.7175582679112752,0.0,0.7214974435170491,0.7214974435170491,0.0
original,3,1,216,0.7086904239654541,0.7086904239654541,0.0,0.7213605046272278,0.7213605046272278,0.0
original,3,1,217,0.71806325674057,0.71806325674057,0.0,0.7134280979633332,0.7134280979633332,0.0
original,3,1,218,0.7067766261100769,0.7067766261100769,0.0,0.7097904660304387,0.7097904660304387,0.0
original,3,1,219,0.7009052038192749,0.7009052038192749,0.0,0.7015069207549095,0.7015069207549095,0.0
original,3,1,220,0.6993706250190734,0.6993706250190734,0.0,0.7009877215822538,0.7009877215822538,0.0
original,3,1,221,0.6963692180315654,0.6963692180315654,0.0,0.6975558547178904,0.6975558547178904,0.0
original,3,1,222,0.6910180679957072,0.6910180679957072,0.0,0.6916754571596782,0.6916754571596782,0.0
original,3,1,223,0.6776162807146708,0.6776162807146708,0.0,0.6869740268588066,0.6869740268588066,0.0
original,3,1,224,0.6867978882789612,0.6867978882789612,0.0,0.6866194775700569,0.6866194775700569,0.0
original,3,1,225,0.6761174583435059,0.6761174583435059,0.0,0.6832415699958801,0.6832415699958801,0.0
original,3,1,226,0.6800204332669576,0.6800204332669576,0.0,0.6760534885525703,0.6760534885525703,0.0
original,3,1,227,0.6666896216074626,0.6666896216074626,0.0,0.6765269031127293,0.6765269031127293,0.0
original,3,1,228,0.6729476141929627,0.6729476141929627,0.0,0.66620765209198,0.66620765209198,0.0
original,3,1,229,0.6609921014308929,0.6609921014308929,0.0,0.6592659466465314,0.6592659466465314,0.0
original,3,1,230,0.6579219388961792,0.6579219388961792,0.0,0.6588608650366465,0.6588608650366465,0.0
original,3,1,231,0.6524219155311585,0.6524219155311585,0.0,0.6609472358226776,0.6609472358226776,0.0
original,3,1,232,0.6551504858334859,0.6551504858334859,0.0,0.6461338829994202,0.6461338829994202,0.0
original,3,1,233,0.6498468518257141,0.6498468518257141,0.0,0.6519009979565938,0.6519009979565938,0.0
original,3,1,234,0.6482667477925619,0.6482667477925619,0.0,0.6325162659088771,0.6325162659088771,0.0
original,3,1,235,0.6407611099878947,0.6407611099878947,0.0,0.6306133617957433,0.6306133617957433,0.0
original,3,1,236,0.6393037517865499,0.6393037517865499,0.0,0.6368291038274765,0.6368291038274765,0.0
original,3,1,237,0.6290348227818807,0.6290348227818807,0.0,0.6232936597863833,0.6232936597863833,0.0
original,3,1,238,0.6247249404589336,0.6247249404589336,0.0,0.6310327532887459,0.6310327532887459,0.0
original,3,1,239,0.6326117555300395,0.6326117555300395,0.0,0.6147513343890508,0.6147513343890508,0.0
original,3,1,240,0.6132114704449971,0.6132114704449971,0.0,0.6230545500914256,0.6230545500914256,0.0
original,3,1,241,0.62213178952535,0.62213178952535,0.0,0.6097285921374956,0.6097285921374956,0.0
original,3,1,242,0.6183453591664633,0.6183453591664633,0.0,0.6040325205524762,0.6040325205524762,0.0
original,3,1,243,0.6103953504562378,0.6103953504562378,0.0,0.5998783243695894,0.5998783243695894,0.0
original,3,1,244,0.5942141000429789,0.5942141000429789,0.0,0.5962969121336937,0.5962969121336937,0.0
original,3,1,245,0.6037672114372253,0.6037672114372253,0.0,0.6063097935914993,0.6063097935914993,0.0
original,3,1,246,0.59979305823644,0.59979305823644,0.0,0.5916665757695834,0.5916665757695834,0.0
original,3,1,247,0.5896470387776692,0.5896470387776692,0.0,0.5986641016602516,0.5986641016602516,0.0
original,3,1,248,0.5886219056447347,0.5886219056447347,0.0,0.584682768881321,0.584682768881321,0.0
original,3,1,249,0.5878444544474284,0.5878444544474284,0.0,0.5787356959780058,0.5787356959780058,0.0
original,3,1,250,0.5808678849538167,0.5808678849538167,0.0,0.5906709471344948,0.5906709471344948,0.0
original,3,1,251,0.5790660738945007,0.5790660738945007,0.0,0.5832412924369176,0.5832412924369176,0.0
original,3,1,252,0.5885561641057332,0.5885561641057332,0.0,0.5706880238652229,0.5706880238652229,0.0
original,3,1,253,0.5705879457791646,0.5705879457791646,0.0,0.5631003431479136,0.5631003431479136,0.0
original,3,1,254,0.5714001282056173,0.5714001282056173,0.0,0.5618183932701747,0.5618183932701747,0.0
original,3,1,255,0.5688780681292216,0.5688780681292216,0.0,0.5511548607548078,0.5511548607548078,0.0
original,3,1,256,0.5663410123189291,0.5663410123189291,0.0,0.5539030168453852,0.5539030168453852,0.0
original,3,1,257,0.5661788908640544,0.5661788908640544,0.0,0.5454335734248161,0.5454335734248161,0.0
original,3,1,258,0.5649285380045573,0.5649285380045573,0.0,0.5434852846463522,0.5434852846463522,0.0
original,3,1,259,0.5550105587641398,0.5550105587641398,0.0,0.5400979278981686,0.5400979278981686,0.0
original,3,1,260,0.5484245864550272,0.5484245864550272,0.0,0.5523740950226784,0.5523740950226784,0.0
original,3,1,261,0.5586501359939575,0.5586501359939575,0.0,0.5241465866565704,0.5241465866565704,0.0
original,3,1,262,0.5347841902573903,0.5347841902573903,0.0,0.5298188648124535,0.5298188648124535,0.0
original,3,1,263,0.5342905791600545,0.5342905791600545,0.0,0.529786804964145,0.529786804964145,0.0
original,3,1,264,0.5412075809637705,0.5412075809637705,0.0,0.5224856386085351,0.5224856386085351,0.0
original,3,1,265,0.5401770853996277,0.5401770853996277,0.0,0.5041901882489522,0.5041901882489522,0.0
original,3,1,266,0.5214457058906555,0.5214457058906555,0.0,0.5323216948906581,0.5323216948906581,0.0
original,3,1,267,0.5368689473470052,0.5368689473470052,0.0,0.4949435859421889,0.4949435859421889,0.0
original,3,1,268,0.5200478132565817,0.5200478132565817,0.0,0.5195841674009959,0.5195841674009959,0.0
original,3,1,269,0.5332558981577555,0.5332558981577555,0.0,0.49066438143452007,0.49066438143452007,0.0
original,3,1,270,0.50805313428243,0.50805313428243,0.0,0.49498474404215814,0.49498474404215814,0.0
original,3,1,271,0.5096724863847096,0.5096724863847096,0.0,0.49600300764044125,0.49600300764044125,0.0
original,3,1,272,0.5167164675394694,0.5167164675394694,0.0,0.4921051505704721,0.4921051505704721,0.0
original,3,1,273,0.4977284332116445,0.4977284332116445,0.0,0.5075261112550894,0.5075261112550894,0.0
original,3,1,274,0.5086469658215841,0.5086469658215841,0.0,0.490269511193037,0.490269511193037,0.0
original,3,1,275,0.5009788449605306,0.5009788449605306,0.0,0.49630286544561386,0.49630286544561386,0.0
original,3,1,276,0.5161797142028809,0.5161797142028809,0.0,0.46365445882081985,0.46365445882081985,0.0
original,3,1,277,0.495933358669281,0.495933358669281,0.0,0.47652122800548874,0.47652122800548874,0.0
original,3,1,278,0.4902083388964335,0.4902083388964335,0.0,0.47301915620764096,0.47301915620764096,0.0
original,3,1,279,0.49046188275019326,0.49046188275019326,0.0,0.47836571469902994,0.47836571469902994,0.0
original,3,1,280,0.487133641242981,0.487133641242981,0.0,0.47992456316947935,0.47992456316947935,0.0
original,3,1,281,0.5022825368245443,0.5022825368245443,0.0,0.4775439440707366,0.4775439440707366,0.0
original,3,1,282,0.488541005452474,0.488541005452474,0.0,0.46054159104824066,0.46054159104824066,0.0
original,3,1,283,0.49760306199391685,0.49760306199391685,0.0,0.4773828323185444,0.4773828323185444,0.0
original,3,1,284,0.47906471411387125,0.47906471411387125,0.0,0.46166922772924107,0.46166922772924107,0.0
original,3,1,285,0.48090305407842,0.48090305407842,0.0,0.4767219987511635,0.4767219987511635,0.0
original,3,1,286,0.47278186480204265,0.47278186480204265,0.0,0.45789564614494643,0.45789564614494643,0.0
original,3,1,287,0.4762196222941081,0.4762196222941081,0.0,0.4523301129539808,0.4523301129539808,0.0
original,3,1,288,0.47212167461713156,0.47212167461713156,0.0,0.4419411791364352,0.4419411791364352,0.0
original,3,1,289,0.4639340837796529,0.4639340837796529,0.0,0.4523003885646661,0.4523003885646661,0.0
original,3,1,290,0.475890679359436,0.475890679359436,0.0,0.44176422278086347,0.44176422278086347,0.0
original,3,1,291,0.47036505937576295,0.47036505937576295,0.0,0.43547858387231825,0.43547858387231825,0.0
original,3,1,292,0.45268104791641234,0.45268104791641234,0.0,0.4333016426364581,0.4333016426364581,0.0
original,3,1,293,0.46830475886662803,0.46830475886662803,0.0,0.44757158497969307,0.44757158497969307,0.0
original,3,1,294,0.45898728648821513,0.45898728648821513,0.0,0.4324775630235672,0.4324775630235672,0.0
original,3,1,295,0.46516717910766603,0.46516717910766603,0.0,0.4240498406191667,0.4240498406191667,0.0
original,3,1,296,0.4435945530732473,0.4435945530732473,0.0,0.4443203334510326,0.4443203334510326,0.0
original,3,1,297,0.44530181487401327,0.44530181487401327,0.0,0.424977947473526,0.424977947473526,0.0
original,3,1,298,0.4510448884963989,0.4510448884963989,0.0,0.4431079284846783,0.4431079284846783,0.0
original,3,1,299,0.43858605980873105,0.43858605980873105,0.0,0.40565862119197843,0.40565862119197843,0.0
original,3,1,300,0.4385794846216838,0.4385794846216838,0.0,0.41824995835622153,0.41824995835622153,0.0
original,3,1,301,0.4460067876180013,0.4460067876180013,0.0,0.429000553637743,0.429000553637743,0.0
original,3,1,302,0.45182482481002806,0.45182482481002806,0.0,0.4056701017916203,0.4056701017916203,0.0
original,3,1,303,0.44162646929423016,0.44162646929423016,0.0,0.4093675352136294,0.4093675352136294,0.0
original,3,1,304,0.42992836515108745,0.42992836515108745,0.0,0.4021916711330414,0.4021916711330414,0.0
original,3,1,305,0.4342992667357127,0.4342992667357127,0.0,0.40623073642452556,0.40623073642452556,0.0
original,3,1,306,0.4171620670954386,0.4171620670954386,0.0,0.41006117741266884,0.41006117741266884,0.0
original,3,1,307,0.42261494278907774,0.42261494278907774,0.0,0.39608126650253933,0.39608126650253933,0.0
original,3,1,308,0.4223672620455424,0.4223672620455424,0.0,0.39451950520277024,0.39451950520277024,0.0
original,3,1,309,0.42008055249849957,0.42008055249849957,0.0,0.37998651683330537,0.37998651683330537,0.0
original,3,1,310,0.4238498874505361,0.4238498874505361,0.0,0.3786790897945563,0.3786790897945563,0.0
original,3,1,311,0.40378582119941714,0.40378582119941714,0.0,0.381496469900012,0.381496469900012,0.0
original,3,1,312,0.43071473360061646,0.43071473360061646,0.0,0.4019175559779008,0.4019175559779008,0.0
original,3,1,313,0.4081474002202352,0.4081474002202352,0.0,0.37211225032806394,0.37211225032806394,0.0
original,3,1,314,0.4042837615807851,0.4042837615807851,0.0,0.3976965560764074,0.3976965560764074,0.0
original,3,1,315,0.42122942765553795,0.42122942765553795,0.0,0.384042818620801,0.384042818620801,0.0
original,3,1,316,0.4110820027192434,0.4110820027192434,0.0,0.37762029794355234,0.37762029794355234,0.0
original,3,1,317,0.4044314916928609,0.4044314916928609,0.0,0.36529928902784986,0.36529928902784986,0.0
original,3,1,318,0.3869118614991506,0.3869118614991506,0.0,0.3861901380618413,0.3861901380618413,0.0
original,3,1,319,0.4037504116694132,0.4037504116694132,0.0,0.36893811404705046,0.36893811404705046,0.0
original,3,1,320,0.38807742794354755,0.38807742794354755,0.0,0.36553692994018394,0.36553692994018394,0.0
original,3,1,321,0.39852648178736366,0.39852648178736366,0.0,0.37287514209747313,0.37287514209747313,0.0
original,3,1,322,0.39190696040789286,0.39190696040789286,0.0,0.36242733056346577,0.36242733056346577,0.0
original,3,1,323,0.42177683154741924,0.42177683154741924,0.0,0.37023215803007287,0.37023215803007287,0.0
original,3,1,324,0.3694009554386139,0.3694009554386139,0.0,0.33777424986163773,0.33777424986163773,0.0
original,3,1,325,0.3879149345556895,0.3879149345556895,0.0,0.36471498042345046,0.36471498042345046,0.0
original,3,1,326,0.38986992994944253,0.38986992994944253,0.0,0.3510402469336987,0.3510402469336987,0.0
original,3,1,327,0.38369574467341105,0.38369574467341105,0.0,0.346701352968812,0.346701352968812,0.0
original,3,1,328,0.38378405729929604,0.38378405729929604,0.0,0.35833513890703517,0.35833513890703517,0.0
original,3,1,329,0.3750393525759379,0.3750393525759379,0.0,0.32557141453027727,0.32557141453027727,0.0
original,3,1,330,0.3710774119695028,0.3710774119695028,0.0,0.34802905514836313,0.34802905514836313,0.0
original,3,1,331,0.36632529576619466,0.36632529576619466,0.0,0.31870538741350174,0.31870538741350174,0.0
original,3,1,332,0.35262134194374084,0.35262134194374084,0.0,0.336722679361701,0.336722679361701,0.0
original,3,1,333,0.3556032923857371,0.3556032923857371,0.0,0.35409795932471755,0.35409795932471755,0.0
original,3,1,334,0.3601801300048828,0.3601801300048828,0.0,0.317964770719409,0.317964770719409,0.0
original,3,1,335,0.34613514026006065,0.34613514026006065,0.0,0.3247983126839002,0.3247983126839002,0.0
original,3,1,336,0.34098466912905373,0.34098466912905373,0.0,0.31520227521657945,0.31520227521657945,0.0
original,3,1,337,0.36895857969919843,0.36895857969919843,0.0,0.3469034758458535,0.3469034758458535,0.0
original,3,1,338,0.3711474327246348,0.3711474327246348,0.0,0.30671836937467256,0.30671836937467256,0.0
original,3,1,339,0.33403579314549764,0.33403579314549764,0.0,0.32618737873931725,0.32618737873931725,0.0
original,3,1,340,0.3582337017854055,0.3582337017854055,0.0,0.34162531559666,0.34162531559666,0.0
original,3,1,341,0.34636587421099346,0.34636587421099346,0.0,0.2934422621130943,0.2934422621130943,0.0
original,3,1,342,0.3565794003009796,0.3565794003009796,0.0,0.31009800506134827,0.31009800506134827,0.0
original,3,1,343,0.34021300633748375,0.34021300633748375,0.0,0.3016104286909103,0.3016104286909103,0.0
original,3,1,344,0.36212311347325643,0.36212311347325643,0.0,0.30497871721784275,0.30497871721784275,0.0
original,3,1,345,0.32977827469507853,0.32977827469507853,0.0,0.3091927334169547,0.3091927334169547,0.0
original,3,1,346,0.3259775718053182,0.3259775718053182,0.0,0.3121884433180094,0.3121884433180094,0.0
original,3,1,347,0.3793415053685506,0.3793415053685506,0.0,0.2979483719666799,0.2979483719666799,0.0
original,3,1,348,0.3407573274771373,0.3407573274771373,0.0,0.31104454467693965,0.31104454467693965,0.0
original,3,1,349,0.33386679490407306,0.33386679490407306,0.0,0.30136640888949234,0.30136640888949234,0.0
original,3,1,350,0.31231239438056946,0.31231239438056946,0.0,0.2921947148442268,0.2921947148442268,0.0
original,3,1,351,0.33125155448913574,0.33125155448913574,0.0,0.29320834659039974,0.29320834659039974,0.0
original,3,1,352,0.3177672489484151,0.3177672489484151,0.0,0.2755857291072607,0.2755857291072607,0.0
original,3,1,353,0.30360074003537496,0.30360074003537496,0.0,0.2875163354972998,0.2875163354972998,0.0
original,3,1,354,0.34372251431147255,0.34372251431147255,0.0,0.28029194655517736,0.28029194655517736,0.0
original,3,1,355,0.29589378118515014,0.29589378118515014,0.0,0.2649018950263659,0.2649018950263659,0.0
original,3,1,356,0.32934518575668337,0.32934518575668337,0.0,0.309033742249012,0.309033742249012,0.0
original,3,1,357,0.33196627457936606,0.33196627457936606,0.0,0.278359906176726,0.278359906176726,0.0
original,3,1,358,0.30664757708708446,0.30664757708708446,0.0,0.2640249978750944,0.2640249978750944,0.0
original,3,1,359,0.2952653525273005,0.2952653525273005,0.0,0.26679224881033103,0.26679224881033103,0.0
original,3,1,360,0.3169493850072225,0.3169493850072225,0.0,0.2644578921049833,0.2644578921049833,0.0
original,3,1,361,0.32562528252601625,0.32562528252601625,0.0,0.2728027949978908,0.2728027949978908,0.0
original,3,1,362,0.32219942927360534,0.32219942927360534,0.0,0.2703204046934843,0.2703204046934843,0.0
original,3,1,363,0.3008840322494507,0.3008840322494507,0.0,0.2621638387689988,0.2621638387689988,0.0
original,3,1,364,0.3203418024381002,0.3203418024381002,0.0,0.26297736041247843,0.26297736041247843,0.0
original,3,1,365,0.2804913898309072,0.2804913898309072,0.0,0.2590245513121287,0.2590245513121287,0.0
original,3,1,366,0.28792102615038556,0.28792102615038556,0.0,0.2707223130762577,0.2707223130762577,0.0
original,3,1,367,0.28710722327232363,0.28710722327232363,0.0,0.2546069825688998,0.2546069825688998,0.0
original,3,1,368,0.27525997002919517,0.27525997002919517,0.0,0.2639747261752685,0.2639747261752685,0.0
original,3,1,369,0.2774307398001353,0.2774307398001353,0.0,0.2663359394669533,0.2663359394669533,0.0
original,3,1,370,0.28064865350723267,0.28064865350723267,0.0,0.2560759666810433,0.2560759666810433,0.0
original,3,1,371,0.2987125955025355,0.2987125955025355,0.0,0.24094333392878373,0.24094333392878373,0.0
original,3,1,372,0.27779594659805296,0.27779594659805296,0.0,0.2504925005386273,0.2504925005386273,0.0
original,3,1,373,0.2783293612798055,0.2783293612798055,0.0,0.25789714835584165,0.25789714835584165,0.0
original,3,1,374,0.2790388532479604,0.2790388532479604,0.0,0.25959645758072536,0.25959645758072536,0.0
original,3,1,375,0.26971403042475384,0.26971403042475384,0.0,0.24202642939984798,0.24202642939984798,0.0
original,3,1,376,0.2840632357199987,0.2840632357199987,0.0,0.2650662783284982,0.2650662783284982,0.0
original,3,1,377,0.27568883895874025,0.27568883895874025,0.0,0.2350383334358533,0.2350383334358533,0.0
original,3,1,378,0.28023008346557615,0.28023008346557615,0.0,0.23105413908759753,0.23105413908759753,0.0
original,3,1,379,0.2649696413675944,0.2649696413675944,0.0,0.24293325409293176,0.24293325409293176,0.0
original,3,1,380,0.27195885956287386,0.27195885956287386,0.0,0.26080198305348556,0.26080198305348556,0.0
original,3,1,381,0.28267061829566953,0.28267061829566953,0.0,0.22701473630964755,0.22701473630964755,0.0
original,3,1,382,0.24725752492745717,0.24725752492745717,0.0,0.22124459393322468,0.22124459393322468,0.0
original,3,1,383,0.24606361667315166,0.24606361667315166,0.0,0.22985428494711718,0.22985428494711718,0.0
original,3,1,384,0.2537861677010854,0.2537861677010854,0.0,0.22808952629566193,0.22808952629566193,0.0
original,3,1,385,0.25592663486798606,0.25592663486798606,0.0,0.21168410614132882,0.21168410614132882,0.0
original,3,1,386,0.24758750677108765,0.24758750677108765,0.0,0.2174175723393758,0.2174175723393758,0.0
original,3,1,387,0.27049023071924844,0.27049023071924844,0.0,0.21857655681669713,0.21857655681669713,0.0
original,3,1,388,0.23936136841773986,0.23936136841773986,0.0,0.20889451747139295,0.20889451747139295,0.0
original,3,1,389,0.24128301680088043,0.24128301680088043,0.0,0.20543119425574938,0.20543119425574938,0.0
original,3,1,390,0.22884764413038888,0.22884764413038888,0.0,0.20202915206551553,0.20202915206551553,0.0
original,3,1,391,0.24575313011805217,0.24575313011805217,0.0,0.2451870541771253,0.2451870541771253,0.0
original,3,1,392,0.26432998597621915,0.26432998597621915,0.0,0.22414516896009445,0.22414516896009445,0.0
original,3,1,393,0.25408340513706207,0.25408340513706207,0.0,0.21211200120548407,0.21211200120548407,0.0
original,3,1,394,0.23418472627798717,0.23418472627798717,0.0,0.20992672070860863,0.20992672070860863,0.0
original,3,1,395,0.2512056545416514,0.2512056545416514,0.0,0.21475601357718307,0.21475601357718307,0.0
original,3,1,396,0.2348707954088847,0.2348707954088847,0.0,0.20119951573510964,0.20119951573510964,0.0
original,3,1,397,0.22783408761024476,0.22783408761024476,0.0,0.21219693996012212,0.21219693996012212,0.0
original,3,1,398,0.24482154885927837,0.24482154885927837,0.0,0.2224749631434679,0.2224749631434679,0.0
original,3,1,399,0.22441548426946004,0.22441548426946004,0.0,0.19984321869909763,0.19984321869909763,0.0
original,3,1,400,0.2142731366554896,0.2142731366554896,0.0,0.20035446437696616,0.20035446437696616,0.0
original,3,1,401,0.22769481976826986,0.22769481976826986,0.0,0.2117482938617468,0.2117482938617468,0.0
original,3,1,402,0.23134762028853098,0.23134762028853098,0.0,0.20115040893356007,0.20115040893356007,0.0
original,3,1,403,0.23384905099868775,0.23384905099868775,0.0,0.20930980627735457,0.20930980627735457,0.0
original,3,1,404,0.22521571119626363,0.22521571119626363,0.0,0.20510604220132034,0.20510604220132034,0.0
original,3,1,405,0.23424603462219237,0.23424603462219237,0.0,0.1960741207997004,0.1960741207997004,0.0
original,3,1,406,0.22817790746688843,0.22817790746688843,0.0,0.1958978974322478,0.1958978974322478,0.0
original,3,1,407,0.2263312691450119,0.2263312691450119,0.0,0.20008389137685298,0.20008389137685298,0.0
original,3,1,408,0.21166459361712137,0.21166459361712137,0.0,0.2066130813707908,0.2066130813707908,0.0
original,3,1,409,0.2367048410574595,0.2367048410574595,0.0,0.1951636024316152,0.1951636024316152,0.0
original,3,1,410,0.21437767068545024,0.21437767068545024,0.0,0.19858260713517667,0.19858260713517667,0.0
original,3,1,411,0.2157656357685725,0.2157656357685725,0.0,0.20378277512888113,0.20378277512888113,0.0
original,3,1,412,0.2390693273146947,0.2390693273146947,0.0,0.1871130890150865,0.1871130890150865,0.0
original,3,1,413,0.22142184694608052,0.22142184694608052,0.0,0.199087467516462,0.199087467516462,0.0
original,3,1,414,0.22243783911069234,0.22243783911069234,0.0,0.19995521267255148,0.19995521267255148,0.0
original,3,1,415,0.2074840122461319,0.2074840122461319,0.0,0.20473968776563803,0.20473968776563803,0.0
original,3,1,416,0.22469751556714376,0.22469751556714376,0.0,0.19617679215967654,0.19617679215967654,0.0
original,3,1,417,0.2030622084935506,0.2030622084935506,0.0,0.20062631075580914,0.20062631075580914,0.0
original,3,1,418,0.22707059462865195,0.22707059462865195,0.0,0.1953085315724214,0.1953085315724214,0.0
original,3,1,419,0.23377197583516438,0.23377197583516438,0.0,0.1901302241285642,0.1901302241285642,0.0
original,3,1,420,0.21986496647198994,0.21986496647198994,0.0,0.19494663295646508,0.19494663295646508,0.0
original,3,1,421,0.23523691256841023,0.23523691256841023,0.0,0.19370124970873198,0.19370124970873198,0.0
original,3,1,422,0.21930569648742676,0.21930569648742676,0.0,0.18949353588124115,0.18949353588124115,0.0
original,3,1,423,0.22373433073361715,0.22373433073361715,0.0,0.19543573394417763,0.19543573394417763,0.0
original,3,1,424,0.2123951349655787,0.2123951349655787,0.0,0.19963430335124333,0.19963430335124333,0.0
original,3,1,425,0.22804810961087546,0.22804810961087546,0.0,0.19540800350407758,0.19540800350407758,0.0
original,3,1,426,0.21908088882764182,0.21908088882764182,0.0,0.19687817598382631,0.19687817598382631,0.0
original,3,1,427,0.2260330295562744,0.2260330295562744,0.0,0.19637635685503482,0.19637635685503482,0.0
original,3,1,428,0.2213341615597407,0.2213341615597407,0.0,0.19393224691351255,0.19393224691351255,0.0
original,3,1,429,0.2389310775200526,0.2389310775200526,0.0,0.1967659649004539,0.1967659649004539,0.0
original,3,1,430,0.23277197241783143,0.23277197241783143,0.0,0.18885171681642532,0.18885171681642532,0.0
original,3,1,431,0.21050847947597504,0.21050847947597504,0.0,0.18097947925329208,0.18097947925329208,0.0
original,3,1,432,0.21229901591936748,0.21229901591936748,0.0,0.20132446999351183,0.20132446999351183,0.0
original,3,1,433,0.209606028397878,0.209606028397878,0.0,0.19214791521430016,0.19214791521430016,0.0
original,3,1,434,0.1994104484717051,0.1994104484717051,0.0,0.19457625925540925,0.19457625925540925,0.0
original,3,1,435,0.21220004399617512,0.21220004399617512,0.0,0.2040621935824553,0.2040621935824553,0.0
original,3,1,436,0.24622315009435017,0.24622315009435017,0.0,0.19169335174063842,0.19169335174063842,0.0
original,3,1,437,0.22426003376642864,0.22426003376642864,0.0,0.18716249540448188,0.18716249540448188,0.0
original,3,1,438,0.2034409228960673,0.2034409228960673,0.0,0.19517154005666573,0.19517154005666573,0.0
original,3,1,439,0.24008795817693074,0.24008795817693074,0.0,0.18573696407179038,0.18573696407179038,0.0
original,3,1,440,0.2121461800734202,0.2121461800734202,0.0,0.20279268441100914,0.20279268441100914,0.0
original,3,1,441,0.20907909135023753,0.20907909135023753,0.0,0.20818878496686619,0.20818878496686619,0.0
original,3,1,442,0.21110044042269388,0.21110044042269388,0.0,0.17545511772235234,0.17545511772235234,0.0
original,3,1,443,0.20295575042565664,0.20295575042565664,0.0,0.19169526522358257,0.19169526522358257,0.0
original,3,1,444,0.22511215031147003,0.22511215031147003,0.0,0.18494052084783713,0.18494052084783713,0.0
original,3,1,445,0.21808722058931987,0.21808722058931987,0.0,0.19424171196917692,0.19424171196917692,0.0
original,3,1,446,0.2260657928387324,0.2260657928387324,0.0,0.19446102579434713,0.19446102579434713,0.0
original,3,1,447,0.20888670206069945,0.20888670206069945,0.0,0.18402635862429936,0.18402635862429936,0.0
original,3,1,448,0.2491351095835368,0.2491351095835368,0.0,0.18702643016974133,0.18702643016974133,0.0
original,3,1,449,0.19717374245325725,0.19717374245325725,0.0,0.18470618163545927,0.18470618163545927,0.0
original,3,1,450,0.22867225706577302,0.22867225706577302,0.0,0.19519606734315553,0.19519606734315553,0.0
original,3,1,451,0.22026608198881148,0.22026608198881148,0.0,0.18734410231312115,0.18734410231312115,0.0
original,3,1,452,0.2142125125726064,0.2142125125726064,0.0,0.2092488830536604,0.2092488830536604,0.0
original,3,1,453,0.22660439093907675,0.22660439093907675,0.0,0.21318349118034044,0.21318349118034044,0.0
original,3,1,454,0.2110495642820994,0.2110495642820994,0.0,0.2104109897961219,0.2104109897961219,0.0
original,3,1,455,0.2395767064889272,0.2395767064889272,0.0,0.20787006698548793,0.20787006698548793,0.0
original,3,1,456,0.2243786060810089,0.2243786060810089,0.0,0.21056217116614181,0.21056217116614181,0.0
original,3,1,457,0.2140359926223755,0.2140359926223755,0.0,0.19896447335680326,0.19896447335680326,0.0
original,3,1,458,0.2228608274459839,0.2228608274459839,0.0,0.1977788206934929,0.1977788206934929,0.0
original,3,1,459,0.2130765422185262,0.2130765422185262,0.0,0.19408285548289617,0.19408285548289617,0.0
original,3,1,460,0.20861175119876862,0.20861175119876862,0.0,0.19343790652851264,0.19343790652851264,0.0
original,3,1,461,0.20685340603192648,0.20685340603192648,0.0,0.2041292635599772,0.2041292635599772,0.0
original,3,1,462,0.21714697420597076,0.21714697420597076,0.0,0.2012384411940972,0.2012384411940972,0.0
original,3,1,463,0.22292413791020713,0.22292413791020713,0.0,0.2121175890415907,0.2121175890415907,0.0
original,3,1,464,0.21087620298067727,0.21087620298067727,0.0,0.18748565810422102,0.18748565810422102,0.0
original,3,1,465,0.2195866560935974,0.2195866560935974,0.0,0.18839412110547224,0.18839412110547224,0.0
original,3,1,466,0.22178538163503012,0.22178538163503012,0.0,0.1888486685603857,0.1888486685603857,0.0
original,3,1,467,0.21614222049713136,0.21614222049713136,0.0,0.18701405172546703,0.18701405172546703,0.0
original,3,1,468,0.20537478625774383,0.20537478625774383,0.0,0.21029602060715358,0.21029602060715358,0.0
original,3,1,469,0.21737675587336222,0.21737675587336222,0.0,0.2119860710700353,0.2119860710700353,0.0
original,3,1,470,0.20360787630081176,0.20360787630081176,0.0,0.2093610268086195,0.2093610268086195,0.0
original,3,1,471,0.21412557085355122,0.21412557085355122,0.0,0.18540946314732235,0.18540946314732235,0.0
original,3,1,472,0.2213276251157125,0.2213276251157125,0.0,0.20028957448899745,0.20028957448899745,0.0
original,3,1,473,0.20605632344881694,0.20605632344881694,0.0,0.19283452538152535,0.19283452538152535,0.0
original,3,1,474,0.20783243695894876,0.20783243695894876,0.0,0.1947202267497778,0.1947202267497778,0.0
original,3,1,475,0.2268633222579956,0.2268633222579956,0.0,0.19589507699012756,0.19589507699012756,0.0
original,3,1,476,0.21297551870346068,0.21297551870346068,0.0,0.19144029227395853,0.19144029227395853,0.0
original,3,1,477,0.22805578231811524,0.22805578231811524,0.0,0.1967173843830824,0.1967173843830824,0.0
original,3,1,478,0.22433305899302164,0.22433305899302164,0.0,0.18068616737922033,0.18068616737922033,0.0
original,3,1,479,0.20159241020679475,0.20159241020679475,0.0,0.18793607945243518,0.18793607945243518,0.0
original,3,1,480,0.24108597139517465,0.24108597139517465,0.0,0.18936921656131744,0.18936921656131744,0.0
original,3,1,481,0.21555859525998433,0.21555859525998433,0.0,0.2126237116754055,0.2126237116754055,0.0
original,3,1,482,0.21416299243768055,0.21416299243768055,0.0,0.2111198268085718,0.2111198268085718,0.0
original,3,1,483,0.1805621236562729,0.1805621236562729,0.0,0.19387343508501848,0.19387343508501848,0.0
original,3,1,484,0.2290725141763687,0.2290725141763687,0.0,0.19132231056690216,0.19132231056690216,0.0
original,3,1,485,0.21565548837184906,0.21565548837184906,0.0,0.20853983047107855,0.20853983047107855,0.0
original,3,1,486,0.20182048519452414,0.20182048519452414,0.0,0.19085707341631253,0.19085707341631253,0.0
original,3,1,487,0.24410463094711304,0.24410463094711304,0.0,0.19378437432150045,0.19378437432150045,0.0
original,3,1,488,0.2162347145875295,0.2162347145875295,0.0,0.20928983551760513,0.20928983551760513,0.0
original,3,1,489,0.2110429827372233,0.2110429827372233,0.0,0.21244862933953604,0.21244862933953604,0.0
original,3,1,490,0.20077685475349427,0.20077685475349427,0.0,0.19121745958924294,0.19121745958924294,0.0
original,3,1,491,0.2142315928141276,0.2142315928141276,0.0,0.19888856401046118,0.19888856401046118,0.0
original,3,1,492,0.2209413758913676,0.2209413758913676,0.0,0.20850245205064616,0.20850245205064616,0.0
original,3,1,493,0.21409208178520203,0.21409208178520203,0.0,0.21142773270606996,0.21142773270606996,0.0
original,3,1,494,0.24327441096305846,0.24327441096305846,0.0,0.20819971551497776,0.20819971551497776,0.0
original,3,1,495,0.20381013035774231,0.20381013035774231,0.0,0.18389863202969234,0.18389863202969234,0.0
original,3,1,496,0.22980390866597494,0.22980390866597494,0.0,0.21175416034956773,0.21175416034956773,0.0
original,3,1,497,0.20751509149869282,0.20751509149869282,0.0,0.20114520693818727,0.20114520693818727,0.0
original,3,1,498,0.21696622570355734,0.21696622570355734,0.0,0.18664042986929416,0.18664042986929416,0.0
original,3,1,499,0.2132202426592509,0.2132202426592509,0.0,0.21103698370357354,0.21103698370357354,0.0
original,3,1,500,0.230634801586469,0.230634801586469,0.0,0.21744517356157303,0.21744517356157303,0.0
original,3,2,1,2.4258386489868164,2.4258386489868164,0.0,2.2416701641082764,2.2416701641082764,0.0
original,3,2,2,2.2097046398162843,2.2097046398162843,0.0,2.078784810256958,2.078784810256958,0.0
original,3,2,3,2.0497036781311033,2.0497036781311033,0.0,1.9292695846557617,1.9292695846557617,0.0
original,3,2,4,1.9132452030181886,1.9132452030181886,0.0,1.7816377126693725,1.7816377126693725,0.0
original,3,2,5,1.772484709739685,1.772484709739685,0.0,1.8347860610961915,1.8347860610961915,0.0
original,3,2,6,1.673359878730774,1.673359878730774,0.0,1.737706304359436,1.737706304359436,0.0
original,3,2,7,1.5546269317626953,1.5546269317626953,0.0,1.5925764419555664,1.5925764419555664,0.0
original,3,2,8,1.4433150369644165,1.4433150369644165,0.0,1.3814456186294555,1.3814456186294555,0.0
original,3,2,9,1.3744739343643189,1.3744739343643189,0.0,1.4958574390411377,1.4958574390411377,0.0
original,3,2,10,1.2806456043243408,1.2806456043243408,0.0,1.3870127588272094,1.3870127588272094,0.0
original,3,2,11,1.2298659803390504,1.2298659803390504,0.0,1.2433175144195556,1.2433175144195556,0.0
original,3,2,12,1.1893354337692261,1.1893354337692261,0.0,1.2748484056472777,1.2748484056472777,0.0
original,3,2,13,1.1427314552307128,1.1427314552307128,0.0,1.1866372259140014,1.1866372259140014,0.0
original,3,2,14,1.0973513666152954,1.0973513666152954,0.0,1.0580580327987672,1.0580580327987672,0.0
original,3,2,15,1.0690066789627075,1.0690066789627075,0.0,1.0584148160934448,1.0584148160934448,0.0
original,3,2,16,1.025784234046936,1.025784234046936,0.0,0.992767713546753,0.992767713546753,0.0
original,3,2,17,1.0079017304420472,1.0079017304420472,0.0,0.9270851993560791,0.9270851993560791,0.0
original,3,2,18,0.995541233253479,0.995541233253479,0.0,0.943426861000061,0.943426861000061,0.0
original,3,2,19,0.973592195892334,0.973592195892334,0.0,0.872413197517395,0.872413197517395,0.0
original,3,2,20,0.9491987102508544,0.9491987102508544,0.0,0.8616614646911621,0.8616614646911621,0.0
original,3,2,21,0.9309602676391602,0.9309602676391602,0.0,0.9029588369369507,0.9029588369369507,0.0
original,3,2,22,0.9234099310874939,0.9234099310874939,0.0,0.8273248598098755,0.8273248598098755,0.0
original,3,2,23,0.9022638630867005,0.9022638630867005,0.0,0.8180250244140626,0.8180250244140626,0.0
original,3,2,24,0.8880556979179383,0.8880556979179383,0.0,0.8103213872909546,0.8103213872909546,0.0
original,3,2,25,0.8567066844940185,0.8567066844940185,0.0,0.787758469581604,0.787758469581604,0.0
original,3,2,26,0.867099777507782,0.867099777507782,0.0,0.793014476776123,0.793014476776123,0.0
original,3,2,27,0.862439121723175,0.862439121723175,0.0,0.7717320896148682,0.7717320896148682,0.0
original,3,2,28,0.8366116806983948,0.8366116806983948,0.0,0.7777088310241699,0.7777088310241699,0.0
original,3,2,29,0.8509860332489013,0.8509860332489013,0.0,0.7640051342010498,0.7640051342010498,0.0
original,3,2,30,0.8361834868431092,0.8361834868431092,0.0,0.7854744689941406,0.7854744689941406,0.0
original,3,2,31,0.815035894203186,0.815035894203186,0.0,0.746133306312561,0.746133306312561,0.0
original,3,2,32,0.8326060521125793,0.8326060521125793,0.0,0.7552546501159668,0.7552546501159668,0.0
original,3,2,33,0.8211864142417907,0.8211864142417907,0.0,0.742054974937439,0.742054974937439,0.0
original,3,2,34,0.81152775888443,0.81152775888443,0.0,0.7398225280761719,0.7398225280761719,0.0
original,3,2,35,0.797301637172699,0.797301637172699,0.0,0.7281434339523315,0.7281434339523315,0.0
original,3,2,36,0.796022481060028,0.796022481060028,0.0,0.7425115205764771,0.7425115205764771,0.0
original,3,2,37,0.8092756752967835,0.8092756752967835,0.0,0.7138631265640258,0.7138631265640258,0.0
original,3,2,38,0.7974618839263916,0.7974618839263916,0.0,0.7062090593338013,0.7062090593338013,0.0
original,3,2,39,0.7928027568817139,0.7928027568817139,0.0,0.7113480390548707,0.7113480390548707,0.0
original,3,2,40,0.7966305662155151,0.7966305662155151,0.0,0.7055844598770141,0.7055844598770141,0.0
original,3,2,41,0.789088487148285,0.789088487148285,0.0,0.7089805795669556,0.7089805795669556,0.0
original,3,2,42,0.7883033995628357,0.7883033995628357,0.0,0.6997571968078613,0.6997571968078613,0.0
original,3,2,43,0.7712607372283935,0.7712607372283935,0.0,0.7015126363754273,0.7015126363754273,0.0
original,3,2,44,0.7873123049736023,0.7873123049736023,0.0,0.6978101053237915,0.6978101053237915,0.0
original,3,2,45,0.7803646123886109,0.7803646123886109,0.0,0.7045790328979492,0.7045790328979492,0.0
original,3,2,46,0.7999164248466492,0.7999164248466492,0.0,0.6986359348297119,0.6986359348297119,0.0
original,3,2,47,0.7731810643196106,0.7731810643196106,0.0,0.6899743907928467,0.6899743907928467,0.0
original,3,2,48,0.7657211238861084,0.7657211238861084,0.0,0.6928228242874146,0.6928228242874146,0.0
original,3,2,49,0.7693013010978699,0.7693013010978699,0.0,0.6898495622634888,0.6898495622634888,0.0
original,3,2,50,0.7573153707504272,0.7573153707504272,0.0,0.6920887205123901,0.6920887205123901,0.0
original,3,2,51,0.762115749835968,0.762115749835968,0.0,0.6966029680252075,0.6966029680252075,0.0
original,3,2,52,0.758303863811493,0.758303863811493,0.0,0.6865914205551148,0.6865914205551148,0.0
original,3,2,53,0.7654034244537353,0.7654034244537353,0.0,0.6729167816162109,0.6729167816162109,0.0
original,3,2,54,0.7683272727966308,0.7683272727966308,0.0,0.680538164138794,0.680538164138794,0.0
original,3,2,55,0.7533018301010131,0.7533018301010131,0.0,0.6754229990005494,0.6754229990005494,0.0
original,3,2,56,0.7581935447692871,0.7581935447692871,0.0,0.6761526052474975,0.6761526052474975,0.0
original,3,2,57,0.7731610243797302,0.7731610243797302,0.0,0.6796856197357177,0.6796856197357177,0.0
original,3,2,58,0.7529121096611023,0.7529121096611023,0.0,0.6710713481903077,0.6710713481903077,0.0
original,3,2,59,0.7593925274848938,0.7593925274848938,0.0,0.671476237487793,0.671476237487793,0.0
original,3,2,60,0.7460855529785156,0.7460855529785156,0.0,0.7018102108001709,0.7018102108001709,0.0
original,3,2,61,0.7734786410331727,0.7734786410331727,0.0,0.6575030786514282,0.6575030786514282,0.0
original,3,2,62,0.7499407439231872,0.7499407439231872,0.0,0.6587565469741822,0.6587565469741822,0.0
original,3,2,63,0.7556638302803039,0.7556638302803039,0.0,0.6698181968688964,0.6698181968688964,0.0
original,3,2,64,0.7582612119674682,0.7582612119674682,0.0,0.6843591890335083,0.6843591890335083,0.0
original,3,2,65,0.7342630065917969,0.7342630065917969,0.0,0.6680204536437988,0.6680204536437988,0.0
original,3,2,66,0.7405300445556641,0.7405300445556641,0.0,0.6567075332641602,0.6567075332641602,0.0
original,3,2,67,0.7397738550186157,0.7397738550186157,0.0,0.6625209972381592,0.6625209972381592,0.0
original,3,2,68,0.7364969475746155,0.7364969475746155,0.0,0.65910563621521,0.65910563621521,0.0
original,3,2,69,0.7312093957901001,0.7312093957901001,0.0,0.6461040573120117,0.6461040573120117,0.0
original,3,2,70,0.7343135563850403,0.7343135563850403,0.0,0.66084525680542,0.66084525680542,0.0
original,3,2,71,0.740355323600769,0.740355323600769,0.0,0.6444134991645813,0.6444134991645813,0.0
original,3,2,72,0.7150595641136169,0.7150595641136169,0.0,0.6809953942298889,0.6809953942298889,0.0
original,3,2,73,0.7491083161354065,0.7491083161354065,0.0,0.6459576244354248,0.6459576244354248,0.0
original,3,2,74,0.7422215414047241,0.7422215414047241,0.0,0.6592511568069458,0.6592511568069458,0.0
original,3,2,75,0.7274527841567994,0.7274527841567994,0.0,0.6457286750793457,0.6457286750793457,0.0
original,3,2,76,0.7270660416603089,0.7270660416603089,0.0,0.6390603361129761,0.6390603361129761,0.0
original,3,2,77,0.7195440540313721,0.7195440540313721,0.0,0.6605626260757447,0.6605626260757447,0.0
original,3,2,78,0.7333539980888367,0.7333539980888367,0.0,0.6446477264404297,0.6446477264404297,0.0
original,3,2,79,0.7314841327667236,0.7314841327667236,0.0,0.649665744972229,0.649665744972229,0.0
original,3,2,80,0.7467212861061097,0.7467212861061097,0.0,0.6430559452056884,0.6430559452056884,0.0
original,3,2,81,0.7283547880172729,0.7283547880172729,0.0,0.6551946448326111,0.6551946448326111,0.0
original,3,2,82,0.7463189129829406,0.7463189129829406,0.0,0.6407322937965393,0.6407322937965393,0.0
original,3,2,83,0.7374321491241455,0.7374321491241455,0.0,0.6520437423706055,0.6520437423706055,0.0
original,3,2,84,0.7208860772132873,0.7208860772132873,0.0,0.6592105254173278,0.6592105254173278,0.0
original,3,2,85,0.7351080183029175,0.7351080183029175,0.0,0.6592333231925964,0.6592333231925964,0.0
original,3,2,86,0.7368552477836608,0.7368552477836608,0.0,0.6512108701705933,0.6512108701705933,0.0
original,3,2,87,0.731439962387085,0.731439962387085,0.0,0.6492935153961181,0.6492935153961181,0.0
original,3,2,88,0.7266292126655579,0.7266292126655579,0.0,0.6512726195335388,0.6512726195335388,0.0
original,3,2,89,0.7153837482452392,0.7153837482452392,0.0,0.6541452320098877,0.6541452320098877,0.0
original,3,2,90,0.747741930103302,0.747741930103302,0.0,0.6440298118591309,0.6440298118591309,0.0
original,3,2,91,0.7354309920310974,0.7354309920310974,0.0,0.6498052735328674,0.6498052735328674,0.0
original,3,2,92,0.7339093515396118,0.7339093515396118,0.0,0.6499147695541382,0.6499147695541382,0.0
original,3,2,93,0.7086125897407531,0.7086125897407531,0.0,0.6557271721839905,0.6557271721839905,0.0
original,3,2,94,0.7321109182357788,0.7321109182357788,0.0,0.6403224774360656,0.6403224774360656,0.0
original,3,2,95,0.7444189105033875,0.7444189105033875,0.0,0.6509197415351867,0.6509197415351867,0.0
original,3,2,96,0.7356883773803711,0.7356883773803711,0.0,0.6468853406906128,0.6468853406906128,0.0
original,3,2,97,0.7297689960479736,0.7297689960479736,0.0,0.6426877696037292,0.6426877696037292,0.0
original,3,2,98,0.726968114566803,0.726968114566803,0.0,0.6438912044525147,0.6438912044525147,0.0
original,3,2,99,0.7314280859947204,0.7314280859947204,0.0,0.6429013607978821,0.6429013607978821,0.0
original,3,2,100,0.7406558690071106,0.7406558690071106,0.0,0.6435162155151367,0.6435162155151367,0.0
original,3,2,101,0.7302551451683045,0.7302551451683045,0.0,0.6358257948875428,0.6358257948875428,0.0
original,3,2,102,0.7220095858573914,0.7220095858573914,0.0,0.6306258377075196,0.6306258377075196,0.0
original,3,2,103,0.7335821497917175,0.7335821497917175,0.0,0.6512373820304871,0.6512373820304871,0.0
original,3,2,104,0.7198761019706726,0.7198761019706726,0.0,0.632618121433258,0.632618121433258,0.0
original,3,2,105,0.7095000293731689,0.7095000293731689,0.0,0.6382449837684632,0.6382449837684632,0.0
original,3,2,106,0.7196060420036315,0.7196060420036315,0.0,0.6356973974227905,0.6356973974227905,0.0
original,3,2,107,0.726584504032135,0.726584504032135,0.0,0.6290990102767944,0.6290990102767944,0.0
original,3,2,108,0.7435485653877258,0.7435485653877258,0.0,0.6315544818878174,0.6315544818878174,0.0
original,3,2,109,0.706161527633667,0.706161527633667,0.0,0.6269211210250855,0.6269211210250855,0.0
original,3,2,110,0.7197605495452881,0.7197605495452881,0.0,0.6313965968132019,0.6313965968132019,0.0
original,3,2,111,0.7271119077682495,0.7271119077682495,0.0,0.6575563034057618,0.6575563034057618,0.0
original,3,2,112,0.7413545729637147,0.7413545729637147,0.0,0.6420109962463378,0.6420109962463378,0.0
original,3,2,113,0.7270588971138,0.7270588971138,0.0,0.6331601514816284,0.6331601514816284,0.0
original,3,2,114,0.7214495499610901,0.7214495499610901,0.0,0.6325380543708802,0.6325380543708802,0.0
original,3,2,115,0.7281336711883545,0.7281336711883545,0.0,0.6418119697570801,0.6418119697570801,0.0
original,3,2,116,0.7299077551841736,0.7299077551841736,0.0,0.634856755065918,0.634856755065918,0.0
original,3,2,117,0.7610665249824524,0.7610665249824524,0.0,0.6290471116065979,0.6290471116065979,0.0
original,3,2,118,0.7336575071334839,0.7336575071334839,0.0,0.6326268520355225,0.6326268520355225,0.0
original,3,2,119,0.7227096406936645,0.7227096406936645,0.0,0.6394631694793701,0.6394631694793701,0.0
original,3,2,120,0.7101989292144776,0.7101989292144776,0.0,0.6318313164710998,0.6318313164710998,0.0
original,3,2,121,0.725409004020691,0.725409004020691,0.0,0.6271007043838501,0.6271007043838501,0.0
original,3,2,122,0.7097721290588379,0.7097721290588379,0.0,0.6382253861427307,0.6382253861427307,0.0
original,3,2,123,0.7343906573295593,0.7343906573295593,0.0,0.634629927444458,0.634629927444458,0.0
original,3,2,124,0.7315426698684693,0.7315426698684693,0.0,0.6402067275047302,0.6402067275047302,0.0
original,3,2,125,0.7366519623756409,0.7366519623756409,0.0,0.6304173028945923,0.6304173028945923,0.0
original,3,2,126,0.7275640533447265,0.7275640533447265,0.0,0.62727060546875,0.62727060546875,0.0
original,3,2,127,0.7143069269180298,0.7143069269180298,0.0,0.6201619941711426,0.6201619941711426,0.0
original,3,2,128,0.7257655089378356,0.7257655089378356,0.0,0.667080542087555,0.667080542087555,0.0
original,3,2,129,0.7092991004943847,0.7092991004943847,0.0,0.6386955605506897,0.6386955605506897,0.0
original,3,2,130,0.7302908086776734,0.7302908086776734,0.0,0.6264860327720642,0.6264860327720642,0.0
original,3,2,131,0.7246622184753418,0.7246622184753418,0.0,0.6290210286140442,0.6290210286140442,0.0
original,3,2,132,0.7107578615188599,0.7107578615188599,0.0,0.629169197845459,0.629169197845459,0.0
original,3,2,133,0.708589047241211,0.708589047241211,0.0,0.6295586618423462,0.6295586618423462,0.0
original,3,2,134,0.709026617527008,0.709026617527008,0.0,0.6285313868522644,0.6285313868522644,0.0
original,3,2,135,0.7176259812355041,0.7176259812355041,0.0,0.6309681899070739,0.6309681899070739,0.0
original,3,2,136,0.7257802758216858,0.7257802758216858,0.0,0.6320469145774841,0.6320469145774841,0.0
original,3,2,137,0.7311013992309571,0.7311013992309571,0.0,0.6261619570732117,0.6261619570732117,0.0
original,3,2,138,0.7184683300971985,0.7184683300971985,0.0,0.6292329574584961,0.6292329574584961,0.0
original,3,2,139,0.7175501812934876,0.7175501812934876,0.0,0.6234771130561828,0.6234771130561828,0.0
original,3,2,140,0.7198146934509277,0.7198146934509277,0.0,0.6253328464508057,0.6253328464508057,0.0
original,3,2,141,0.7208140034675599,0.7208140034675599,0.0,0.648972235584259,0.648972235584259,0.0
original,3,2,142,0.7480200010299682,0.7480200010299682,0.0,0.6288792797088623,0.6288792797088623,0.0
original,3,2,143,0.7286077980041504,0.7286077980041504,0.0,0.6415760377883911,0.6415760377883911,0.0
original,3,2,144,0.7228857052803039,0.7228857052803039,0.0,0.6270329598426819,0.6270329598426819,0.0
original,3,2,145,0.7162154837608338,0.7162154837608338,0.0,0.6253173405647278,0.6253173405647278,0.0
original,3,2,146,0.7033385555267334,0.7033385555267334,0.0,0.6287464547157288,0.6287464547157288,0.0
original,3,2,147,0.7060471031188965,0.7060471031188965,0.0,0.6302552264213562,0.6302552264213562,0.0
original,3,2,148,0.6989078514099121,0.6989078514099121,0.0,0.6233226232528687,0.6233226232528687,0.0
original,3,2,149,0.7287931683540344,0.7287931683540344,0.0,0.6330089368820191,0.6330089368820191,0.0
original,3,2,150,0.7017180830001831,0.7017180830001831,0.0,0.622259904384613,0.622259904384613,0.0
original,3,2,151,0.7179447208404541,0.7179447208404541,0.0,0.6202365263938904,0.6202365263938904,0.0
original,3,2,152,0.7041653817176818,0.7041653817176818,0.0,0.6247134071350098,0.6247134071350098,0.0
original,3,2,153,0.7126154955863953,0.7126154955863953,0.0,0.6267835227012635,0.6267835227012635,0.0
original,3,2,154,0.7176224884986877,0.7176224884986877,0.0,0.6273143530845642,0.6273143530845642,0.0
original,3,2,155,0.7235785231590272,0.7235785231590272,0.0,0.6233192344665527,0.6233192344665527,0.0
original,3,2,156,0.6942338726997376,0.6942338726997376,0.0,0.625008205795288,0.625008205795288,0.0
original,3,2,157,0.7407692644119263,0.7407692644119263,0.0,0.6222770629882812,0.6222770629882812,0.0
original,3,2,158,0.7205401024818421,0.7205401024818421,0.0,0.6103295497894287,0.6103295497894287,0.0
original,3,2,159,0.7005843381881713,0.7005843381881713,0.0,0.6119648515701294,0.6119648515701294,0.0
original,3,2,160,0.7240306491851807,0.7240306491851807,0.0,0.6220734994888306,0.6220734994888306,0.0
original,3,2,161,0.7161894824028016,0.7161894824028016,0.0,0.6231447104454041,0.6231447104454041,0.0
original,3,2,162,0.7174645874977111,0.7174645874977111,0.0,0.6156836407661438,0.6156836407661438,0.0
original,3,2,163,0.7064924310684204,0.7064924310684204,0.0,0.6189923171043396,0.6189923171043396,0.0
original,3,2,164,0.7043243837356568,0.7043243837356568,0.0,0.6234157050132751,0.6234157050132751,0.0
original,3,2,165,0.7190898742675781,0.7190898742675781,0.0,0.6192881552696228,0.6192881552696228,0.0
original,3,2,166,0.7015127157211304,0.7015127157211304,0.0,0.6156133762359619,0.6156133762359619,0.0
original,3,2,167,0.7190852834701538,0.7190852834701538,0.0,0.6154319848060608,0.6154319848060608,0.0
original,3,2,168,0.694104932975769,0.694104932975769,0.0,0.6361563610076905,0.6361563610076905,0.0
original,3,2,169,0.7093248034477234,0.7093248034477234,0.0,0.6255224256515503,0.6255224256515503,0.0
original,3,2,170,0.6983056070327759,0.6983056070327759,0.0,0.6230960144042968,0.6230960144042968,0.0
original,3,2,171,0.7286925884246827,0.7286925884246827,0.0,0.6227677483558655,0.6227677483558655,0.0
original,3,2,172,0.7431228965759278,0.7431228965759278,0.0,0.6340467831611634,0.6340467831611634,0.0
original,3,2,173,0.7235343263626098,0.7235343263626098,0.0,0.6318504006385803,0.6318504006385803,0.0
original,3,2,174,0.7292441830635071,0.7292441830635071,0.0,0.627311371231079,0.627311371231079,0.0
original,3,2,175,0.7089566513061524,0.7089566513061524,0.0,0.6211378295898438,0.6211378295898438,0.0
original,3,2,176,0.7047291631698609,0.7047291631698609,0.0,0.6263014426231385,0.6263014426231385,0.0
original,3,2,177,0.6918261456489563,0.6918261456489563,0.0,0.6163343448638916,0.6163343448638916,0.0
original,3,2,178,0.7186096097946167,0.7186096097946167,0.0,0.6319751281738282,0.6319751281738282,0.0
original,3,2,179,0.7287465369224548,0.7287465369224548,0.0,0.6295351824760437,0.6295351824760437,0.0
original,3,2,180,0.6999187479972839,0.6999187479972839,0.0,0.6281825914382935,0.6281825914382935,0.0
original,3,2,181,0.7093308032035828,0.7093308032035828,0.0,0.6326732748985291,0.6326732748985291,0.0
original,3,2,182,0.7102767804145813,0.7102767804145813,0.0,0.6252877598762512,0.6252877598762512,0.0
original,3,2,183,0.7190994208335877,0.7190994208335877,0.0,0.6288007912635803,0.6288007912635803,0.0
original,3,2,184,0.7185571321487427,0.7185571321487427,0.0,0.6327569212913513,0.6327569212913513,0.0
original,3,2,185,0.7006601984977722,0.7006601984977722,0.0,0.6215110779762268,0.6215110779762268,0.0
original,3,2,186,0.7071677771568299,0.7071677771568299,0.0,0.6386720684051513,0.6386720684051513,0.0
original,3,2,187,0.7060872825622558,0.7060872825622558,0.0,0.6204776145935058,0.6204776145935058,0.0
original,3,2,188,0.7307022221565247,0.7307022221565247,0.0,0.6278922953605652,0.6278922953605652,0.0
original,3,2,189,0.6964003708839417,0.6964003708839417,0.0,0.6225155153274536,0.6225155153274536,0.0
original,3,2,190,0.7207658360481263,0.7207658360481263,0.0,0.6152529068946838,0.6152529068946838,0.0
original,3,2,191,0.7264627951622009,0.7264627951622009,0.0,0.6170085559844971,0.6170085559844971,0.0
original,3,2,192,0.7194220783233642,0.7194220783233642,0.0,0.6233684733390809,0.6233684733390809,0.0
original,3,2,193,0.7104072306632996,0.7104072306632996,0.0,0.6560021939277649,0.6560021939277649,0.0
original,3,2,194,0.7229382578849792,0.7229382578849792,0.0,0.6163743528366089,0.6163743528366089,0.0
original,3,2,195,0.7228659302711486,0.7228659302711486,0.0,0.6238648262023926,0.6238648262023926,0.0
original,3,2,196,0.7325433804512024,0.7325433804512024,0.0,0.622907726764679,0.622907726764679,0.0
original,3,2,197,0.6990977571487427,0.6990977571487427,0.0,0.6175514148712158,0.6175514148712158,0.0
original,3,2,198,0.7124415727615356,0.7124415727615356,0.0,0.6196002309799195,0.6196002309799195,0.0
original,3,2,199,0.7104471833229065,0.7104471833229065,0.0,0.6372606030464172,0.6372606030464172,0.0
original,3,2,200,0.7052865333557129,0.7052865333557129,0.0,0.6251928822517395,0.6251928822517395,0.0
original,3,2,201,0.703492306804657,0.703492306804657,0.0,0.6302045728683472,0.6302045728683472,0.0
original,3,2,202,0.6983871904373169,0.6983871904373169,0.0,0.624920510005951,0.624920510005951,0.0
original,3,2,203,0.7139154706954957,0.7139154706954957,0.0,0.617206528377533,0.617206528377533,0.0
original,3,2,204,0.704911391544342,0.704911391544342,0.0,0.6286563975334167,0.6286563975334167,0.0
original,3,2,205,0.7026291855812072,0.7026291855812072,0.0,0.6373762433052063,0.6373762433052063,0.0
original,3,2,206,0.709660012435913,0.709660012435913,0.0,0.623747001171112,0.623747001171112,0.0
original,3,2,207,0.7330090120315552,0.7330090120315552,0.0,0.6261601865768432,0.6261601865768432,0.0
original,3,2,208,0.7283522963523865,0.7283522963523865,0.0,0.646007234096527,0.646007234096527,0.0
original,3,2,209,0.7264212031364441,0.7264212031364441,0.0,0.6549280834197998,0.6549280834197998,0.0
original,3,2,210,0.7229226597785949,0.7229226597785949,0.0,0.6387538751602173,0.6387538751602173,0.0
original,3,2,211,0.7115248929977417,0.7115248929977417,0.0,0.6320440925598144,0.6320440925598144,0.0
original,3,2,212,0.7238400667190552,0.7238400667190552,0.0,0.638507488155365,0.638507488155365,0.0
original,3,2,213,0.6933768062591553,0.6933768062591553,0.0,0.6464236790657043,0.6464236790657043,0.0
original,3,2,214,0.7228742528915405,0.7228742528915405,0.0,0.6304465488433838,0.6304465488433838,0.0
original,3,2,215,0.7179091249465942,0.7179091249465942,0.0,0.6292245979309082,0.6292245979309082,0.0
original,3,2,216,0.7175921202659606,0.7175921202659606,0.0,0.629565851688385,0.629565851688385,0.0
original,3,2,217,0.7226198241233825,0.7226198241233825,0.0,0.6363155303001404,0.6363155303001404,0.0
original,3,2,218,0.7152987210273742,0.7152987210273742,0.0,0.6281221874237061,0.6281221874237061,0.0
original,3,2,219,0.7225774939537049,0.7225774939537049,0.0,0.6345914186477661,0.6345914186477661,0.0
original,3,2,220,0.7104846769332885,0.7104846769332885,0.0,0.6296738770484924,0.6296738770484924,0.0
original,3,2,221,0.7293121329307556,0.7293121329307556,0.0,0.6590566255569458,0.6590566255569458,0.0
original,3,2,222,0.7166629022598267,0.7166629022598267,0.0,0.6264166418075562,0.6264166418075562,0.0
original,3,2,223,0.7244560669898987,0.7244560669898987,0.0,0.6439164818763733,0.6439164818763733,0.0
original,3,2,224,0.7120098440170288,0.7120098440170288,0.0,0.6264753931999206,0.6264753931999206,0.0
original,3,2,225,0.7103913026809693,0.7103913026809693,0.0,0.631490406036377,0.631490406036377,0.0
original,3,2,226,0.7204680594444275,0.7204680594444275,0.0,0.6362088994979859,0.6362088994979859,0.0
original,3,2,227,0.7070152009963989,0.7070152009963989,0.0,0.6286640248298645,0.6286640248298645,0.0
original,3,2,228,0.7212772771835327,0.7212772771835327,0.0,0.6281054139137268,0.6281054139137268,0.0
original,3,2,229,0.7087961112976074,0.7087961112976074,0.0,0.6371799382209777,0.6371799382209777,0.0
original,3,2,230,0.7105381248474121,0.7105381248474121,0.0,0.6192451006889343,0.6192451006889343,0.0
original,3,2,231,0.7081574370384216,0.7081574370384216,0.0,0.623487474822998,0.623487474822998,0.0
original,3,2,232,0.7070849313735962,0.7070849313735962,0.0,0.629760355758667,0.629760355758667,0.0
original,3,2,233,0.7040588078498841,0.7040588078498841,0.0,0.6119238068580627,0.6119238068580627,0.0
original,3,2,234,0.7026909032821655,0.7026909032821655,0.0,0.620174122428894,0.620174122428894,0.0
original,3,2,235,0.7067856688499451,0.7067856688499451,0.0,0.6157911493301391,0.6157911493301391,0.0
original,3,2,236,0.7193607073783874,0.7193607073783874,0.0,0.6282846739768982,0.6282846739768982,0.0
original,3,2,237,0.7276165911674499,0.7276165911674499,0.0,0.6289864645004273,0.6289864645004273,0.0
original,3,2,238,0.6938628108978272,0.6938628108978272,0.0,0.6344487061500549,0.6344487061500549,0.0
original,3,2,239,0.7212763525009155,0.7212763525009155,0.0,0.632839204788208,0.632839204788208,0.0
original,3,2,240,0.7154449749946594,0.7154449749946594,0.0,0.6338948202133179,0.6338948202133179,0.0
original,3,2,241,0.7212445880889893,0.7212445880889893,0.0,0.6256221508026123,0.6256221508026123,0.0
original,3,2,242,0.7140848969459533,0.7140848969459533,0.0,0.63284057264328,0.63284057264328,0.0
original,3,2,243,0.7090574137687683,0.7090574137687683,0.0,0.614502916431427,0.614502916431427,0.0
original,3,2,244,0.7059729897499084,0.7059729897499084,0.0,0.6236665547370911,0.6236665547370911,0.0
original,3,2,245,0.699675779914856,0.699675779914856,0.0,0.626742039489746,0.626742039489746,0.0
original,3,2,246,0.7101408515930175,0.7101408515930175,0.0,0.6538177499771118,0.6538177499771118,0.0
original,3,2,247,0.6953196957588196,0.6953196957588196,0.0,0.617565625,0.617565625,0.0
original,3,2,248,0.7056351764678955,0.7056351764678955,0.0,0.6176174551010132,0.6176174551010132,0.0
original,3,2,249,0.7320952563285827,0.7320952563285827,0.0,0.6200482403755188,0.6200482403755188,0.0
original,3,2,250,0.7103043765068054,0.7103043765068054,0.0,0.6299863842964173,0.6299863842964173,0.0
original,3,2,251,0.7060910215377808,0.7060910215377808,0.0,0.6199160696983338,0.6199160696983338,0.0
original,3,2,252,0.6944472225189209,0.6944472225189209,0.0,0.6174462043762207,0.6174462043762207,0.0
original,3,2,253,0.7107770920753479,0.7107770920753479,0.0,0.6175997693061829,0.6175997693061829,0.0
original,3,2,254,0.7010930252075195,0.7010930252075195,0.0,0.6232326258659363,0.6232326258659363,0.0
original,3,2,255,0.7338249305725097,0.7338249305725097,0.0,0.6313532809257507,0.6313532809257507,0.0
original,3,2,256,0.697454979133606,0.697454979133606,0.0,0.6197765954017639,0.6197765954017639,0.0
original,3,2,257,0.6947672914505005,0.6947672914505005,0.0,0.6201414380073548,0.6201414380073548,0.0
original,3,2,258,0.6898820879936218,0.6898820879936218,0.0,0.613621556854248,0.613621556854248,0.0
original,3,2,259,0.7244894285202026,0.7244894285202026,0.0,0.6291731882095337,0.6291731882095337,0.0
original,3,2,260,0.7173414375305176,0.7173414375305176,0.0,0.6284395776748657,0.6284395776748657,0.0
original,3,2,261,0.7222169186592102,0.7222169186592102,0.0,0.6174308883666992,0.6174308883666992,0.0
original,3,2,262,0.7066417280197144,0.7066417280197144,0.0,0.6126675472259522,0.6126675472259522,0.0
original,3,2,263,0.7084113731384277,0.7084113731384277,0.0,0.6361057994842529,0.6361057994842529,0.0
original,3,2,264,0.7029105934143066,0.7029105934143066,0.0,0.6259815690994263,0.6259815690994263,0.0
original,3,2,265,0.6833797403335571,0.6833797403335571,0.0,0.61924786195755,0.61924786195755,0.0
original,3,2,266,0.711805103969574,0.711805103969574,0.0,0.621679137134552,0.621679137134552,0.0
original,3,2,267,0.7000556357383728,0.7000556357383728,0.0,0.6276531232833862,0.6276531232833862,0.0
original,3,2,268,0.7029838742256165,0.7029838742256165,0.0,0.6101966875076293,0.6101966875076293,0.0
original,3,2,269,0.7253636151313781,0.7253636151313781,0.0,0.6269140986442566,0.6269140986442566,0.0
original,3,2,270,0.6982507964134216,0.6982507964134216,0.0,0.6226233088493347,0.6226233088493347,0.0
original,3,2,271,0.7135441621780395,0.7135441621780395,0.0,0.62375628490448,0.62375628490448,0.0
original,3,2,272,0.7134405381202698,0.7134405381202698,0.0,0.6243975875854492,0.6243975875854492,0.0
original,3,2,273,0.7034299736976624,0.7034299736976624,0.0,0.6249319544792176,0.6249319544792176,0.0
original,3,2,274,0.697331107711792,0.697331107711792,0.0,0.6147258840560913,0.6147258840560913,0.0
original,3,2,275,0.6983172477722168,0.6983172477722168,0.0,0.6155604738235474,0.6155604738235474,0.0
original,3,2,276,0.7095236038208008,0.7095236038208008,0.0,0.6110741935729981,0.6110741935729981,0.0
original,3,2,277,0.7058249402999878,0.7058249402999878,0.0,0.6150876826286316,0.6150876826286316,0.0
original,3,2,278,0.7100041018486023,0.7100041018486023,0.0,0.6240839524269104,0.6240839524269104,0.0
original,3,2,279,0.7095795979499817,0.7095795979499817,0.0,0.6056811133384704,0.6056811133384704,0.0
original,3,2,280,0.6921120373725891,0.6921120373725891,0.0,0.6173842016220092,0.6173842016220092,0.0
original,3,2,281,0.705918078994751,0.705918078994751,0.0,0.6337985004425049,0.6337985004425049,0.0
original,3,2,282,0.7175770323753357,0.7175770323753357,0.0,0.6046527919769287,0.6046527919769287,0.0
original,3,2,283,0.7107805829048157,0.7107805829048157,0.0,0.6195933865547181,0.6195933865547181,0.0
original,3,2,284,0.7006309041976929,0.7006309041976929,0.0,0.6067791445732117,0.6067791445732117,0.0
original,3,2,285,0.7043321729660034,0.7043321729660034,0.0,0.6138623940467834,0.6138623940467834,0.0
original,3,2,286,0.6875295228004455,0.6875295228004455,0.0,0.6183394946098327,0.6183394946098327,0.0
original,3,2,287,0.707436938381195,0.707436938381195,0.0,0.6057277696609497,0.6057277696609497,0.0
original,3,2,288,0.7205249167442321,0.7205249167442321,0.0,0.6334396698951721,0.6334396698951721,0.0
original,3,2,289,0.7002558734893799,0.7002558734893799,0.0,0.6152402617454529,0.6152402617454529,0.0
original,3,2,290,0.7116817394256592,0.7116817394256592,0.0,0.6332971000671387,0.6332971000671387,0.0
original,3,2,291,0.6889185474395751,0.6889185474395751,0.0,0.6177418238639831,0.6177418238639831,0.0
original,3,2,292,0.7045411388397217,0.7045411388397217,0.0,0.6219053692817688,0.6219053692817688,0.0
original,3,2,293,0.7031972605705261,0.7031972605705261,0.0,0.619600274181366,0.619600274181366,0.0
original,3,2,294,0.698028533744812,0.698028533744812,0.0,0.6144683175086975,0.6144683175086975,0.0
original,3,2,295,0.7063608436584473,0.7063608436584473,0.0,0.6133292457580567,0.6133292457580567,0.0
original,3,2,296,0.7043265133857727,0.7043265133857727,0.0,0.6198419268608093,0.6198419268608093,0.0
original,3,2,297,0.7080067105293274,0.7080067105293274,0.0,0.6042387379646301,0.6042387379646301,0.0
original,3,2,298,0.7138653949737549,0.7138653949737549,0.0,0.6169916173934936,0.6169916173934936,0.0
original,3,2,299,0.714521542263031,0.714521542263031,0.0,0.6106931963920593,0.6106931963920593,0.0
original,3,2,300,0.6990408169746399,0.6990408169746399,0.0,0.6173324442863465,0.6173324442863465,0.0
original,3,2,301,0.6921533501625061,0.6921533501625061,0.0,0.6432261002540588,0.6432261002540588,0.0
original,3,2,302,0.6956450477600098,0.6956450477600098,0.0,0.6074496294975281,0.6074496294975281,0.0
original,3,2,303,0.6882622719764709,0.6882622719764709,0.0,0.6086951944351197,0.6086951944351197,0.0
original,3,2,304,0.700037613773346,0.700037613773346,0.0,0.6007536054611206,0.6007536054611206,0.0
original,3,2,305,0.7165204253196716,0.7165204253196716,0.0,0.6233908526420593,0.6233908526420593,0.0
original,3,2,306,0.694066081905365,0.694066081905365,0.0,0.6138752122879029,0.6138752122879029,0.0
original,3,2,307,0.702806935596466,0.702806935596466,0.0,0.6207513983726501,0.6207513983726501,0.0
original,3,2,308,0.7057339463233948,0.7057339463233948,0.0,0.6370741255760193,0.6370741255760193,0.0
original,3,2,309,0.686759055519104,0.686759055519104,0.0,0.6129193995475769,0.6129193995475769,0.0
original,3,2,310,0.6950319337844849,0.6950319337844849,0.0,0.6022978239059448,0.6022978239059448,0.0
original,3,2,311,0.6931011569023132,0.6931011569023132,0.0,0.6135054577827453,0.6135054577827453,0.0
original,3,2,312,0.7028273926734925,0.7028273926734925,0.0,0.6380555968284607,0.6380555968284607,0.0
original,3,2,313,0.711077174949646,0.711077174949646,0.0,0.6146779430389404,0.6146779430389404,0.0
original,3,2,314,0.7146588173866272,0.7146588173866272,0.0,0.6158921572685242,0.6158921572685242,0.0
original,3,2,315,0.7042139037132263,0.7042139037132263,0.0,0.6091220355033875,0.6091220355033875,0.0
original,3,2,316,0.69845801486969,0.69845801486969,0.0,0.6048534770011902,0.6048534770011902,0.0
original,3,2,317,0.6901344985961914,0.6901344985961914,0.0,0.6116007823944092,0.6116007823944092,0.0
original,3,2,318,0.6919371827125549,0.6919371827125549,0.0,0.6184762051582336,0.6184762051582336,0.0
original,3,2,319,0.6912800915718078,0.6912800915718078,0.0,0.6090571509361267,0.6090571509361267,0.0
original,3,2,320,0.7029073860168457,0.7029073860168457,0.0,0.610026664352417,0.610026664352417,0.0
original,3,2,321,0.6870451267242431,0.6870451267242431,0.0,0.6136374208450317,0.6136374208450317,0.0
original,3,2,322,0.7005175113677978,0.7005175113677978,0.0,0.6129503904342651,0.6129503904342651,0.0
original,3,2,323,0.699319481754303,0.699319481754303,0.0,0.6110787917137146,0.6110787917137146,0.0
original,3,2,324,0.6973617509841918,0.6973617509841918,0.0,0.6092033443450928,0.6092033443450928,0.0
original,3,2,325,0.7029581882476806,0.7029581882476806,0.0,0.6218005555152893,0.6218005555152893,0.0
original,3,2,326,0.7066622434616089,0.7066622434616089,0.0,0.6128464227676391,0.6128464227676391,0.0
original,3,2,327,0.6921145835876464,0.6921145835876464,0.0,0.6513640936851501,0.6513640936851501,0.0
original,3,2,328,0.6987766662597656,0.6987766662597656,0.0,0.6075123695373535,0.6075123695373535,0.0
original,3,2,329,0.696896111869812,0.696896111869812,0.0,0.6094036571502686,0.6094036571502686,0.0
original,3,2,330,0.6763014919281006,0.6763014919281006,0.0,0.607102396774292,0.607102396774292,0.0
original,3,2,331,0.6827703963279724,0.6827703963279724,0.0,0.6124922029495239,0.6124922029495239,0.0
original,3,2,332,0.6869925863265991,0.6869925863265991,0.0,0.6076824214935302,0.6076824214935302,0.0
original,3,2,333,0.6996552245140075,0.6996552245140075,0.0,0.6010634846687317,0.6010634846687317,0.0
original,3,2,334,0.7187757723808289,0.7187757723808289,0.0,0.6094081258773804,0.6094081258773804,0.0
original,3,2,335,0.6938895918846131,0.6938895918846131,0.0,0.6569901366233826,0.6569901366233826,0.0
original,3,2,336,0.696524400138855,0.696524400138855,0.0,0.6202149897575379,0.6202149897575379,0.0
original,3,2,337,0.7005669301986694,0.7005669301986694,0.0,0.6073774280548095,0.6073774280548095,0.0
original,3,2,338,0.704872772693634,0.704872772693634,0.0,0.6204821815490723,0.6204821815490723,0.0
original,3,2,339,0.6950794491767883,0.6950794491767883,0.0,0.6180305151939393,0.6180305151939393,0.0
original,3,2,340,0.7094520977020263,0.7094520977020263,0.0,0.6309902748107911,0.6309902748107911,0.0
original,3,2,341,0.7263552377700806,0.7263552377700806,0.0,0.6302333674430847,0.6302333674430847,0.0
original,3,2,342,0.7084768495559692,0.7084768495559692,0.0,0.6229974086761475,0.6229974086761475,0.0
original,3,2,343,0.7281969592094422,0.7281969592094422,0.0,0.6155872465133667,0.6155872465133667,0.0
original,3,2,344,0.7090043173789978,0.7090043173789978,0.0,0.6021485377311706,0.6021485377311706,0.0
original,3,2,345,0.7026303547859192,0.7026303547859192,0.0,0.6165580302238465,0.6165580302238465,0.0
original,3,2,346,0.6901025011062623,0.6901025011062623,0.0,0.623410853099823,0.623410853099823,0.0
original,3,2,347,0.7060920880317688,0.7060920880317688,0.0,0.6199254737854004,0.6199254737854004,0.0
original,3,2,348,0.6966921203613281,0.6966921203613281,0.0,0.6060493407249451,0.6060493407249451,0.0
original,3,2,349,0.6991460328102111,0.6991460328102111,0.0,0.6056409906387329,0.6056409906387329,0.0
original,3,2,350,0.697151186466217,0.697151186466217,0.0,0.6090236982345582,0.6090236982345582,0.0
original,3,2,351,0.6945101461410522,0.6945101461410522,0.0,0.6197134079933166,0.6197134079933166,0.0
original,3,2,352,0.6792463319778442,0.6792463319778442,0.0,0.6019156507492065,0.6019156507492065,0.0
original,3,2,353,0.7050340188026428,0.7050340188026428,0.0,0.6527148262023926,0.6527148262023926,0.0
original,3,2,354,0.7055819822311401,0.7055819822311401,0.0,0.6180571748733521,0.6180571748733521,0.0
original,3,2,355,0.7087103915214539,0.7087103915214539,0.0,0.6177634623527527,0.6177634623527527,0.0
original,3,2,356,0.7048116726875305,0.7048116726875305,0.0,0.6240898048400879,0.6240898048400879,0.0
original,3,2,357,0.7114475100517273,0.7114475100517273,0.0,0.6052764690399169,0.6052764690399169,0.0
original,3,2,358,0.6931257031440735,0.6931257031440735,0.0,0.6349577600479126,0.6349577600479126,0.0
original,3,2,359,0.6986071406364441,0.6986071406364441,0.0,0.6126209295272828,0.6126209295272828,0.0
original,3,2,360,0.7060674144744873,0.7060674144744873,0.0,0.6336252534866333,0.6336252534866333,0.0
original,3,2,361,0.7060973668098449,0.7060973668098449,0.0,0.6054354672431945,0.6054354672431945,0.0
original,3,2,362,0.7026259016036988,0.7026259016036988,0.0,0.6270591215133667,0.6270591215133667,0.0
original,3,2,363,0.6983486524581909,0.6983486524581909,0.0,0.6002718579292298,0.6002718579292298,0.0
original,3,2,364,0.6969640645980835,0.6969640645980835,0.0,0.6098298330307007,0.6098298330307007,0.0
original,3,2,365,0.676109055519104,0.676109055519104,0.0,0.6066203227996826,0.6066203227996826,0.0
original,3,2,366,0.6903286477088928,0.6903286477088928,0.0,0.607871963596344,0.607871963596344,0.0
original,3,2,367,0.6967661274909973,0.6967661274909973,0.0,0.6408160865783692,0.6408160865783692,0.0
original,3,2,368,0.7048965670585632,0.7048965670585632,0.0,0.6086472717285156,0.6086472717285156,0.0
original,3,2,369,0.6878800226211548,0.6878800226211548,0.0,0.607675783443451,0.607675783443451,0.0
original,3,2,370,0.6812531044960022,0.6812531044960022,0.0,0.6214913722991944,0.6214913722991944,0.0
original,3,2,371,0.7050620830535889,0.7050620830535889,0.0,0.61068108959198,0.61068108959198,0.0
original,3,2,372,0.6817946963310242,0.6817946963310242,0.0,0.6067885417938232,0.6067885417938232,0.0
original,3,2,373,0.7030465640068054,0.7030465640068054,0.0,0.6033579042434692,0.6033579042434692,0.0
original,3,2,374,0.6827093152046204,0.6827093152046204,0.0,0.6150575500488281,0.6150575500488281,0.0
original,3,2,375,0.702183257484436,0.702183257484436,0.0,0.6053022892951966,0.6053022892951966,0.0
original,3,2,376,0.6958367476463317,0.6958367476463317,0.0,0.6252226368904114,0.6252226368904114,0.0
original,3,2,377,0.7025696511268615,0.7025696511268615,0.0,0.6306247726440429,0.6306247726440429,0.0
original,3,2,378,0.6941358735084534,0.6941358735084534,0.0,0.6060053929328918,0.6060053929328918,0.0
original,3,2,379,0.6957548431396484,0.6957548431396484,0.0,0.6261679738044739,0.6261679738044739,0.0
original,3,2,380,0.6765573059082032,0.6765573059082032,0.0,0.6117982313156128,0.6117982313156128,0.0
original,3,2,381,0.7050297181129456,0.7050297181129456,0.0,0.6079228688240051,0.6079228688240051,0.0
original,3,2,382,0.7012774172782898,0.7012774172782898,0.0,0.6084490337371826,0.6084490337371826,0.0
original,3,2,383,0.6982281324386597,0.6982281324386597,0.0,0.616318245601654,0.616318245601654,0.0
original,3,2,384,0.7204367057800293,0.7204367057800293,0.0,0.6114549795150757,0.6114549795150757,0.0
original,3,2,385,0.7020460638999939,0.7020460638999939,0.0,0.5988253765106201,0.5988253765106201,0.0
original,3,2,386,0.6878964800834656,0.6878964800834656,0.0,0.598063868522644,0.598063868522644,0.0
original,3,2,387,0.7065060772895813,0.7065060772895813,0.0,0.5983186818122864,0.5983186818122864,0.0
original,3,2,388,0.7008036633491516,0.7008036633491516,0.0,0.6293621131896973,0.6293621131896973,0.0
original,3,2,389,0.6820407980918884,0.6820407980918884,0.0,0.6204423734664917,0.6204423734664917,0.0
original,3,2,390,0.725225163936615,0.725225163936615,0.0,0.6395760739326477,0.6395760739326477,0.0
original,3,2,391,0.6855919083595275,0.6855919083595275,0.0,0.6159171124458312,0.6159171124458312,0.0
original,3,2,392,0.6892113995552063,0.6892113995552063,0.0,0.618370053768158,0.618370053768158,0.0
original,3,2,393,0.6908738586425781,0.6908738586425781,0.0,0.614695968914032,0.614695968914032,0.0
original,3,2,394,0.7042752121925354,0.7042752121925354,0.0,0.6104396463394165,0.6104396463394165,0.0
original,3,2,395,0.702249756526947,0.702249756526947,0.0,0.6049179730415344,0.6049179730415344,0.0
original,3,2,396,0.6974386674880981,0.6974386674880981,0.0,0.6245918568611145,0.6245918568611145,0.0
original,3,2,397,0.7039459721565247,0.7039459721565247,0.0,0.616756527519226,0.616756527519226,0.0
original,3,2,398,0.687350619506836,0.687350619506836,0.0,0.6084076854705811,0.6084076854705811,0.0
original,3,2,399,0.6707816442489624,0.6707816442489624,0.0,0.6132883627891541,0.6132883627891541,0.0
original,3,2,400,0.7054780187606812,0.7054780187606812,0.0,0.6300797390937806,0.6300797390937806,0.0
original,3,2,401,0.6973945024490357,0.6973945024490357,0.0,0.6154192698478699,0.6154192698478699,0.0
original,3,2,402,0.6920951199531555,0.6920951199531555,0.0,0.6092395942687988,0.6092395942687988,0.0
original,3,2,403,0.7106296917915345,0.7106296917915345,0.0,0.6224254395484924,0.6224254395484924,0.0
original,3,2,404,0.7059931886672973,0.7059931886672973,0.0,0.6172112505912781,0.6172112505912781,0.0
original,3,2,405,0.7051603588104248,0.7051603588104248,0.0,0.6167177032470703,0.6167177032470703,0.0
original,3,2,406,0.7020870016098022,0.7020870016098022,0.0,0.6106788370132447,0.6106788370132447,0.0
original,3,2,407,0.704575288772583,0.704575288772583,0.0,0.6318660431861878,0.6318660431861878,0.0
original,3,2,408,0.7042144723892212,0.7042144723892212,0.0,0.6273410490989685,0.6273410490989685,0.0
original,3,2,409,0.7142712535858154,0.7142712535858154,0.0,0.6261702180862426,0.6261702180862426,0.0
original,3,2,410,0.705147549533844,0.705147549533844,0.0,0.6130157495498657,0.6130157495498657,0.0
original,3,2,411,0.70437346200943,0.70437346200943,0.0,0.6125503663063049,0.6125503663063049,0.0
original,3,2,412,0.6995916341781616,0.6995916341781616,0.0,0.604801999950409,0.604801999950409,0.0
original,3,2,413,0.6987583948135376,0.6987583948135376,0.0,0.6202655542373657,0.6202655542373657,0.0
original,3,2,414,0.6805440326690674,0.6805440326690674,0.0,0.6297827496528625,0.6297827496528625,0.0
original,3,2,415,0.7015368606567383,0.7015368606567383,0.0,0.603623226928711,0.603623226928711,0.0
original,3,2,416,0.7090816562652588,0.7090816562652588,0.0,0.6110851267814637,0.6110851267814637,0.0
original,3,2,417,0.7176430753707885,0.7176430753707885,0.0,0.6134629636764526,0.6134629636764526,0.0
original,3,2,418,0.683725374507904,0.683725374507904,0.0,0.6007207788467407,0.6007207788467407,0.0
original,3,2,419,0.6773405579566956,0.6773405579566956,0.0,0.5999084031105042,0.5999084031105042,0.0
original,3,2,420,0.6998252243041992,0.6998252243041992,0.0,0.599290368938446,0.599290368938446,0.0
original,3,2,421,0.709841014957428,0.709841014957428,0.0,0.6059220451354981,0.6059220451354981,0.0
original,3,2,422,0.6959168942451477,0.6959168942451477,0.0,0.6131871615409851,0.6131871615409851,0.0
original,3,2,423,0.6936215599060058,0.6936215599060058,0.0,0.6035789079666137,0.6035789079666137,0.0
original,3,2,424,0.6825587949752807,0.6825587949752807,0.0,0.607514661693573,0.607514661693573,0.0
original,3,2,425,0.706647261428833,0.706647261428833,0.0,0.616064649963379,0.616064649963379,0.0
original,3,2,426,0.6896653832435607,0.6896653832435607,0.0,0.6110449058532715,0.6110449058532715,0.0
original,3,2,427,0.698893985080719,0.698893985080719,0.0,0.6348665318489075,0.6348665318489075,0.0
original,3,2,428,0.6898365508079529,0.6898365508079529,0.0,0.623009527015686,0.623009527015686,0.0
original,3,2,429,0.6898302109718323,0.6898302109718323,0.0,0.6075521485328674,0.6075521485328674,0.0
original,3,2,430,0.672819787311554,0.672819787311554,0.0,0.6076378182411194,0.6076378182411194,0.0
original,3,2,431,0.6878820483207703,0.6878820483207703,0.0,0.6246443982124329,0.6246443982124329,0.0
original,3,2,432,0.7088640668869018,0.7088640668869018,0.0,0.6083988891601563,0.6083988891601563,0.0
original,3,2,433,0.6745641095161438,0.6745641095161438,0.0,0.609970947265625,0.609970947265625,0.0
original,3,2,434,0.715970390701294,0.715970390701294,0.0,0.6200545184135438,0.6200545184135438,0.0
original,3,2,435,0.6974450218200684,0.6974450218200684,0.0,0.6034900189399719,0.6034900189399719,0.0
original,3,2,436,0.6967351329803467,0.6967351329803467,0.0,0.6093195391654969,0.6093195391654969,0.0
original,3,2,437,0.6780973258018493,0.6780973258018493,0.0,0.6271300247192383,0.6271300247192383,0.0
original,3,2,438,0.6993799295425415,0.6993799295425415,0.0,0.6086725207328796,0.6086725207328796,0.0
original,3,2,439,0.7150481945991516,0.7150481945991516,0.0,0.6216014304161072,0.6216014304161072,0.0
original,3,2,440,0.7027756387710571,0.7027756387710571,0.0,0.6121214092254639,0.6121214092254639,0.0
original,3,2,441,0.6935747955322266,0.6935747955322266,0.0,0.6298589486122131,0.6298589486122131,0.0
original,3,2,442,0.7250759210586548,0.7250759210586548,0.0,0.6335762702941895,0.6335762702941895,0.0
original,3,2,443,0.6835729763031005,0.6835729763031005,0.0,0.6089037929534912,0.6089037929534912,0.0
original,3,2,444,0.683554474067688,0.683554474067688,0.0,0.60668537607193,0.60668537607193,0.0
original,3,2,445,0.7057525712013245,0.7057525712013245,0.0,0.607158627986908,0.607158627986908,0.0
original,3,2,446,0.6971603598594666,0.6971603598594666,0.0,0.6192268802642822,0.6192268802642822,0.0
original,3,2,447,0.6881683351516724,0.6881683351516724,0.0,0.60211116771698,0.60211116771698,0.0
original,3,2,448,0.6953778063774109,0.6953778063774109,0.0,0.612568989944458,0.612568989944458,0.0
original,3,2,449,0.6842065094947815,0.6842065094947815,0.0,0.6213081434249877,0.6213081434249877,0.0
original,3,2,450,0.6708141598701477,0.6708141598701477,0.0,0.6104703669548035,0.6104703669548035,0.0
original,3,2,451,0.6940745383262634,0.6940745383262634,0.0,0.6245342133522034,0.6245342133522034,0.0
original,3,2,452,0.6763870616912842,0.6763870616912842,0.0,0.5980510629653931,0.5980510629653931,0.0
original,3,2,453,0.6801837531089783,0.6801837531089783,0.0,0.606541602230072,0.606541602230072,0.0
original,3,2,454,0.7057940110206604,0.7057940110206604,0.0,0.6035402368545533,0.6035402368545533,0.0
original,3,2,455,0.6913140763282776,0.6913140763282776,0.0,0.6122976937294007,0.6122976937294007,0.0
original,3,2,456,0.7061028116226197,0.7061028116226197,0.0,0.6048455494880677,0.6048455494880677,0.0
original,3,2,457,0.696051594543457,0.696051594543457,0.0,0.6065528495788575,0.6065528495788575,0.0
original,3,2,458,0.6958692006111145,0.6958692006111145,0.0,0.6102836386680603,0.6102836386680603,0.0
original,3,2,459,0.6905047879219055,0.6905047879219055,0.0,0.6034462569236755,0.6034462569236755,0.0
original,3,2,460,0.6927873825073242,0.6927873825073242,0.0,0.6026690348625183,0.6026690348625183,0.0
original,3,2,461,0.6889597469329835,0.6889597469329835,0.0,0.6243325333595275,0.6243325333595275,0.0
original,3,2,462,0.6962792524337769,0.6962792524337769,0.0,0.6134417973518371,0.6134417973518371,0.0
original,3,2,463,0.7171833555221557,0.7171833555221557,0.0,0.6192777815818786,0.6192777815818786,0.0
original,3,2,464,0.6924351238250732,0.6924351238250732,0.0,0.6012570034027099,0.6012570034027099,0.0
original,3,2,465,0.6976960507392883,0.6976960507392883,0.0,0.6017711354255676,0.6017711354255676,0.0
original,3,2,466,0.6915314019203186,0.6915314019203186,0.0,0.6062483399391174,0.6062483399391174,0.0
original,3,2,467,0.6946110741615296,0.6946110741615296,0.0,0.6145099575996399,0.6145099575996399,0.0
original,3,2,468,0.7031432383537293,0.7031432383537293,0.0,0.6117936169624328,0.6117936169624328,0.0
original,3,2,469,0.6941252916336059,0.6941252916336059,0.0,0.6050963018417358,0.6050963018417358,0.0
original,3,2,470,0.7124595659255981,0.7124595659255981,0.0,0.6269463286399841,0.6269463286399841,0.0
original,3,2,471,0.6918305003166199,0.6918305003166199,0.0,0.6083993140220643,0.6083993140220643,0.0
original,3,2,472,0.6965694943428039,0.6965694943428039,0.0,0.6046741658210755,0.6046741658210755,0.0
original,3,2,473,0.7066479934692382,0.7066479934692382,0.0,0.6030322581291199,0.6030322581291199,0.0
original,3,2,474,0.6919280660629272,0.6919280660629272,0.0,0.5937205898284912,0.5937205898284912,0.0
original,3,2,475,0.6859985225677491,0.6859985225677491,0.0,0.6168457176208496,0.6168457176208496,0.0
original,3,2,476,0.6875656271934509,0.6875656271934509,0.0,0.603255191230774,0.603255191230774,0.0
original,3,2,477,0.707501403427124,0.707501403427124,0.0,0.6127626381874084,0.6127626381874084,0.0
original,3,2,478,0.7077333987236023,0.7077333987236023,0.0,0.6011407877922058,0.6011407877922058,0.0
original,3,2,479,0.6676684328079223,0.6676684328079223,0.0,0.6077867983818054,0.6077867983818054,0.0
original,3,2,480,0.6778421637535095,0.6778421637535095,0.0,0.6114023467063904,0.6114023467063904,0.0
original,3,2,481,0.6889377025604249,0.6889377025604249,0.0,0.6076283470153808,0.6076283470153808,0.0
original,3,2,482,0.7225478148460388,0.7225478148460388,0.0,0.6072334750175477,0.6072334750175477,0.0
original,3,2,483,0.6947475383758545,0.6947475383758545,0.0,0.6163505239486694,0.6163505239486694,0.0
original,3,2,484,0.6994078265190125,0.6994078265190125,0.0,0.6111316696166992,0.6111316696166992,0.0
original,3,2,485,0.6850680366516113,0.6850680366516113,0.0,0.6081107805252075,0.6081107805252075,0.0
original,3,2,486,0.6939494771003724,0.6939494771003724,0.0,0.6072191554069519,0.6072191554069519,0.0
original,3,2,487,0.6990337119102478,0.6990337119102478,0.0,0.5940945456504821,0.5940945456504821,0.0
original,3,2,488,0.669537686252594,0.669537686252594,0.0,0.604787659072876,0.604787659072876,0.0
original,3,2,489,0.677915207195282,0.677915207195282,0.0,0.6100698349952698,0.6100698349952698,0.0
original,3,2,490,0.677059611415863,0.677059611415863,0.0,0.5984928827285767,0.5984928827285767,0.0
original,3,2,491,0.6880760544776916,0.6880760544776916,0.0,0.6065776332855225,0.6065776332855225,0.0
original,3,2,492,0.6826638845443725,0.6826638845443725,0.0,0.6195633947372436,0.6195633947372436,0.0
original,3,2,493,0.7150495705604554,0.7150495705604554,0.0,0.6199359885215759,0.6199359885215759,0.0
original,3,2,494,0.6949722434043885,0.6949722434043885,0.0,0.6047033586502075,0.6047033586502075,0.0
original,3,2,495,0.6965353677749634,0.6965353677749634,0.0,0.6110130037307739,0.6110130037307739,0.0
original,3,2,496,0.6926108391761779,0.6926108391761779,0.0,0.6130165807724,0.6130165807724,0.0
original,3,2,497,0.7022586584091186,0.7022586584091186,0.0,0.6117495081901551,0.6117495081901551,0.0
original,3,2,498,0.6685012392997741,0.6685012392997741,0.0,0.6104269742965698,0.6104269742965698,0.0
original,3,2,499,0.6755856422424317,0.6755856422424317,0.0,0.5977529423713684,0.5977529423713684,0.0
original,3,2,500,0.6838120785713195,0.6838120785713195,0.0,0.5944382335662842,0.5944382335662842,0.0
