model,seed,level,epoch,train_total,train_effect,train_vq,eval_total,eval_effect,eval_vq
original,5,1,1,8.792685991923014,8.792685991923014,0.0,9.55435307820638,9.55435307820638,0.0
original,5,1,2,8.238456058502198,8.238456058502198,0.0,8.26030616124471,8.26030616124471,0.0
original,5,1,3,7.888981056213379,7.888981056213379,0.0,6.350283622741699,6.350283622741699,0.0
original,5,1,4,7.639822578430175,7.639822578430175,0.0,6.948476416269938,6.948476416269938,0.0
original,5,1,5,7.3888143539428714,7.3888143539428714,0.0,6.924522507985433,6.924522507985433,0.0
original,5,1,6,7.189711589813232,7.189711589813232,0.0,7.049530747731526,7.049530747731526,0.0
original,5,1,7,6.854683430989583,6.854683430989583,0.0,6.816160926818847,6.816160926818847,0.0
original,5,1,8,6.769451503753662,6.769451503753662,0.0,6.532194016774495,6.532194016774495,0.0
original,5,1,9,6.3572756258646645,6.3572756258646645,0.0,6.397109642028808,6.397109642028808,0.0
original,5,1,10,6.243119258880615,6.243119258880615,0.0,6.149548212687175,6.149548212687175,0.0
original,5,1,11,5.969646905263265,5.969646905263265,0.0,6.0729888089497885,6.0729888089497885,0.0
original,5,1,12,5.8328217569986975,5.8328217569986975,0.0,5.767341499328613,5.767341499328613,0.0
original,5,1,13,5.592779127756755,5.592779127756755,0.0,5.613818804423015,5.613818804423015,0.0
original,5,1,14,5.412291361490886,5.412291361490886,0.0,5.169824244181315,5.169824244181315,0.0
original,5,1,15,5.279002647399903,5.279002647399903,0.0,5.115642147064209,5.115642147064209,0.0
original,5,1,16,4.98267079671224,4.98267079671224,0.0,4.681114959716797,4.681114959716797,0.0
original,5,1,17,4.837117087046305,4.837117087046305,0.0,4.635487626393636,4.635487626393636,0.0
original,5,1,18,4.553311424255371,4.553311424255371,0.0,4.347473907470703,4.347473907470703,0.0
original,5,1,19,4.517378969192505,4.517378969192505,0.0,4.195729049046834,4.195729049046834,0.0
original,5,1,20,4.2017068163553875,4.2017068163553875,0.0,3.99471071879069,3.99471071879069,0.0
original,5,1,21,4.014932985305786,4.014932985305786,0.0,3.8584473260243732,3.8584473260243732,0.0
original,5,1,22,3.9302881209055585,3.9302881209055585,0.0,3.7319621912638348,3.7319621912638348,0.0
original,5,1,23,3.845659055709839,3.845659055709839,0.0,3.609158000946045,3.609158000946045,0.0
original,5,1,24,3.4980111789703368,3.4980111789703368,0.0,3.424094486236572,3.424094486236572,0.0
original,5,1,25,3.4315533796946207,3.4315533796946207,0.0,3.2219522412618002,3.2219522412618002,0.0
original,5,1,26,3.274908866882324,3.274908866882324,0.0,3.234124873479207,3.234124873479207,0.0
original,5,1,27,3.1289378960927325,3.1289378960927325,0.0,3.079374059041341,3.079374059041341,0.0
original,5,1,28,2.928754161198934,2.928754161198934,0.0,2.9569997437795004,2.9569997437795004,0.0
original,5,1,29,2.8187776597340903,2.8187776597340903,0.0,2.6514089902242026,2.6514089902242026,0.0
original,5,1,30,2.6583514722188313,2.6583514722188313,0.0,2.6141447416941324,2.6141447416941324,0.0
original,5,1,31,2.5587336349487306,2.5587336349487306,0.0,2.557124810218811,2.557124810218811,0.0
original,5,1,32,2.4004902474085488,2.4004902474085488,0.0,2.4008174482981364,2.4008174482981364,0.0
original,5,1,33,2.378659102121989,2.378659102121989,0.0,2.3676148414611817,2.3676148414611817,0.0
original,5,1,34,2.286042261123657,2.286042261123657,0.0,2.1730738178888958,2.1730738178888958,0.0
original,5,1,35,2.069290361404419,2.069290361404419,0.0,2.1370875295003255,2.1370875295003255,0.0
original,5,1,36,2.0664547157287596,2.0664547157287596,0.0,2.174045286178589,2.174045286178589,0.0
original,5,1,37,2.0534632555643717,2.0534632555643717,0.0,1.8677254406611126,1.8677254406611126,0.0
original,5,1,38,1.8834696420033772,1.8834696420033772,0.0,1.8954577096303304,1.8954577096303304,0.0
original,5,1,39,1.8081452465057373,1.8081452465057373,0.0,1.9338155746459962,1.9338155746459962,0.0
original,5,1,40,1.7377248668670655,1.7377248668670655,0.0,1.78157523949941,1.78157523949941,0.0
original,5,1,41,1.7179319254557293,1.7179319254557293,0.0,1.7909287532170615,1.7909287532170615,0.0
original,5,1,42,1.6356379826863607,1.6356379826863607,0.0,1.7966989612579345,1.7966989612579345,0.0
original,5,1,43,1.5793496878941853,1.5793496878941853,0.0,1.5907229773203533,1.5907229773203533,0.0
original,5,1,44,1.5238909514745076,1.5238909514745076,0.0,1.596538600921631,1.596538600921631,0.0
original,5,1,45,1.4732745822270712,1.4732745822270712,0.0,1.5128955713907877,1.5128955713907877,0.0
original,5,1,46,1.4482541640599569,1.4482541640599569,0.0,1.463438975016276,1.463438975016276,0.0
original,5,1,47,1.4346785831451416,1.4346785831451416,0.0,1.5099545375506083,1.5099545375506083,0.0
original,5,1,48,1.394436928431193,1.394436928431193,0.0,1.3994104671478271,1.3994104671478271,0.0
original,5,1,49,1.3152322149276734,1.3152322149276734,0.0,1.3196003071467082,1.3196003071467082,0.0
original,5,1,50,1.2931561772028606,1.2931561772028606,0.0,1.3033049321174621,1.3033049321174621,0.0
original,5,1,51,1.3121010700861613,1.3121010700861613,0.0,1.30761075258255,1.30761075258255,0.0
original,5,1,52,1.2762265984217327,1.2762265984217327,0.0,1.2621509703000386,1.2621509703000386,0.0
original,5,1,53,1.233977699279785,1.233977699279785,0.0,1.235939880212148,1.235939880212148,0.0
original,5,1,54,1.2240089209874472,1.2240089209874472,0.0,1.2683533080418905,1.2683533080418905,0.0
original,5,1,55,1.2350639406840007,1.2350639406840007,0.0,1.143968551158905,1.143968551158905,0.0
original,5,1,56,1.191464638710022,1.191464638710022,0.0,1.1359493692715963,1.1359493692715963,0.0
original,5,1,57,1.154771227836609,1.154771227836609,0.0,1.1303051861127218,1.1303051861127218,0.0
original,5,1,58,1.1238563219706217,1.1238563219706217,0.0,1.1606706142425538,1.1606706142425538,0.0
original,5,1,59,1.130082327524821,1.130082327524821,0.0,1.1067613728841146,1.1067613728841146,0.0
original,5,1,60,1.1836169799168905,1.1836169799168905,0.0,1.095280367533366,1.095280367533366,0.0
original,5,1,61,1.0813415884971618,1.0813415884971618,0.0,1.0864590350786845,1.0864590350786845,0.0
original,5,1,62,1.1079447396596274,1.1079447396596274,0.0,1.0412242380777994,1.0412242380777994,0.0
original,5,1,63,1.0882365441322326,1.0882365441322326,0.0,1.0242890707651775,1.0242890707651775,0.0
original,5,1,64,1.0622859621047973,1.0622859621047973,0.0,1.0262582445144652,1.0262582445144652,0.0
original,5,1,65,1.030721697807312,1.030721697807312,0.0,1.0103247547149659,1.0103247547149659,0.0
original,5,1,66,1.0630401341120401,1.0630401341120401,0.0,0.9957269263267517,0.9957269263267517,0.0
original,5,1,67,1.033091835975647,1.033091835975647,0.0,0.9839863995711009,0.9839863995711009,0.0
original,5,1,68,0.9914848534266154,0.9914848534266154,0.0,0.9642866051197052,0.9642866051197052,0.0
original,5,1,69,0.9891217867533366,0.9891217867533366,0.0,0.9582882082462311,0.9582882082462311,0.0
original,5,1,70,0.9967371209462483,0.9967371209462483,0.0,0.9708635934193929,0.9708635934193929,0.0
original,5,1,71,1.0172016509373982,1.0172016509373982,0.0,0.9718862652778626,0.9718862652778626,0.0
original,5,1,72,1.000193918546041,1.000193918546041,0.0,0.9847548373540242,0.9847548373540242,0.0
original,5,1,73,0.9661562657356262,0.9661562657356262,0.0,0.9238598314921062,0.9238598314921062,0.0
original,5,1,74,0.9607586057980856,0.9607586057980856,0.0,0.9179001331329346,0.9179001331329346,0.0
original,5,1,75,0.9675662453969319,0.9675662453969319,0.0,0.9227184410889944,0.9227184410889944,0.0
original,5,1,76,0.9505006305376689,0.9505006305376689,0.0,0.9147060000896454,0.9147060000896454,0.0
original,5,1,77,1.0086634095509848,1.0086634095509848,0.0,0.9009583993752798,0.9009583993752798,0.0
original,5,1,78,0.9627121814092,0.9627121814092,0.0,0.8884588762124379,0.8884588762124379,0.0
original,5,1,79,0.9466110467910767,0.9466110467910767,0.0,0.8816372907161713,0.8816372907161713,0.0
original,5,1,80,0.9547130004564921,0.9547130004564921,0.0,0.9075173715750376,0.9075173715750376,0.0
original,5,1,81,0.924571050008138,0.924571050008138,0.0,0.8661055294672648,0.8661055294672648,0.0
original,5,1,82,0.932625892162323,0.932625892162323,0.0,0.8715170645713806,0.8715170645713806,0.0
original,5,1,83,0.9130597996711731,0.9130597996711731,0.0,0.8635749367872874,0.8635749367872874,0.0
original,5,1,84,0.9398680297533671,0.9398680297533671,0.0,0.8697084359327952,0.8697084359327952,0.0
original,5,1,85,0.9466113114356994,0.9466113114356994,0.0,0.8859130545457204,0.8859130545457204,0.0
original,5,1,86,0.9501064769426981,0.9501064769426981,0.0,0.8693036349614461,0.8693036349614461,0.0
original,5,1,87,0.9181393973032633,0.9181393973032633,0.0,0.8631900636355082,0.8631900636355082,0.0
original,5,1,88,0.9634694004058838,0.9634694004058838,0.0,0.8673582971096039,0.8673582971096039,0.0
original,5,1,89,0.8851713395118713,0.8851713395118713,0.0,0.8606796435515086,0.8606796435515086,0.0
original,5,1,90,0.8768300596872965,0.8768300596872965,0.0,0.8630136930942536,0.8630136930942536,0.0
original,5,1,91,0.9450669542948404,0.9450669542948404,0.0,0.8561714653174083,0.8561714653174083,0.0
original,5,1,92,0.8882051046689351,0.8882051046689351,0.0,0.8329061363140742,0.8329061363140742,0.0
original,5,1,93,0.8931022795041402,0.8931022795041402,0.0,0.8242888341347376,0.8242888341347376,0.0
original,5,1,94,0.8843583671251932,0.8843583671251932,0.0,0.8186450632413228,0.8186450632413228,0.0
original,5,1,95,0.9671957381566365,0.9671957381566365,0.0,0.8323896823326746,0.8323896823326746,0.0
original,5,1,96,0.9651332028706868,0.9651332028706868,0.0,0.8485026850303015,0.8485026850303015,0.0
original,5,1,97,0.9094368799527486,0.9094368799527486,0.0,0.818810163338979,0.818810163338979,0.0
original,5,1,98,0.8890637175242107,0.8890637175242107,0.0,0.8153945310910543,0.8153945310910543,0.0
original,5,1,99,0.9165640513102213,0.9165640513102213,0.0,0.823936629096667,0.823936629096667,0.0
original,5,1,100,0.8994896864891052,0.8994896864891052,0.0,0.8278324262301127,0.8278324262301127,0.0
original,5,1,101,0.9123913129170735,0.9123913129170735,0.0,0.8116300451755524,0.8116300451755524,0.0
original,5,1,102,0.8860305118560791,0.8860305118560791,0.0,0.800254627664884,0.800254627664884,0.0
original,5,1,103,0.8837671526273092,0.8837671526273092,0.0,0.801657718817393,0.801657718817393,0.0
original,5,1,104,0.9038330364227295,0.9038330364227295,0.0,0.8296850786606471,0.8296850786606471,0.0
original,5,1,105,0.9020899295806885,0.9020899295806885,0.0,0.8086638973156611,0.8086638973156611,0.0
original,5,1,106,0.8665233262379964,0.8665233262379964,0.0,0.8099740052223205,0.8099740052223205,0.0
original,5,1,107,0.8816419760386149,0.8816419760386149,0.0,0.7917942148447037,0.7917942148447037,0.0
original,5,1,108,0.8884565099080404,0.8884565099080404,0.0,0.778565557996432,0.778565557996432,0.0
original,5,1,109,0.9122436126073201,0.9122436126073201,0.0,0.8087405997514725,0.8087405997514725,0.0
original,5,1,110,0.9103920690218608,0.9103920690218608,0.0,0.8307722922166189,0.8307722922166189,0.0
original,5,1,111,0.8652794520060222,0.8652794520060222,0.0,0.8007982379198074,0.8007982379198074,0.0
original,5,1,112,0.8703024371465047,0.8703024371465047,0.0,0.7993578414122263,0.7993578414122263,0.0
original,5,1,113,0.9159892018636068,0.9159892018636068,0.0,0.7877166350682576,0.7877166350682576,0.0
original,5,1,114,0.8413640324274699,0.8413640324274699,0.0,0.7708292031288146,0.7708292031288146,0.0
original,5,1,115,0.8831102013587951,0.8831102013587951,0.0,0.7702673608064652,0.7702673608064652,0.0
original,5,1,116,0.8531505711873373,0.8531505711873373,0.0,0.7710218495130539,0.7710218495130539,0.0
original,5,1,117,0.897936822573344,0.897936822573344,0.0,0.7669308121999104,0.7669308121999104,0.0
original,5,1,118,0.8903849212328593,0.8903849212328593,0.0,0.7872559368610382,0.7872559368610382,0.0
original,5,1,119,0.8791126704216004,0.8791126704216004,0.0,0.767891805768013,0.767891805768013,0.0
original,5,1,120,0.8500634272893269,0.8500634272893269,0.0,0.757857908209165,0.757857908209165,0.0
original,5,1,121,0.8493758606910705,0.8493758606910705,0.0,0.756178878347079,0.756178878347079,0.0
original,5,1,122,0.8454617865880331,0.8454617865880331,0.0,0.7544833421707153,0.7544833421707153,0.0
original,5,1,123,0.8386479496955872,0.8386479496955872,0.0,0.7700049225489298,0.7700049225489298,0.0
original,5,1,124,0.8527255177497863,0.8527255177497863,0.0,0.7552655913432439,0.7552655913432439,0.0
original,5,1,125,0.9763429339726766,0.9763429339726766,0.0,0.7585309358437856,0.7585309358437856,0.0
original,5,1,126,0.8377808570861817,0.8377808570861817,0.0,0.7739181931813558,0.7739181931813558,0.0
original,5,1,127,0.8141054066022237,0.8141054066022237,0.0,0.7463911527395248,0.7463911527395248,0.0
original,5,1,128,0.8466998831431071,0.8466998831431071,0.0,0.7410616278648376,0.7410616278648376,0.0
original,5,1,129,0.8599743239084879,0.8599743239084879,0.0,0.7358779120445251,0.7358779120445251,0.0
original,5,1,130,0.8714724779129028,0.8714724779129028,0.0,0.7405635366837183,0.7405635366837183,0.0
original,5,1,131,0.8675128587086995,0.8675128587086995,0.0,0.7414483015735944,0.7414483015735944,0.0
original,5,1,132,0.8412318372726441,0.8412318372726441,0.0,0.7533053507407507,0.7533053507407507,0.0
original,5,1,133,0.8659076364835103,0.8659076364835103,0.0,0.7560450114806493,0.7560450114806493,0.0
original,5,1,134,0.859149211247762,0.859149211247762,0.0,0.7507599717378617,0.7507599717378617,0.0
original,5,1,135,0.8647111574808757,0.8647111574808757,0.0,0.7459366161624591,0.7459366161624591,0.0
original,5,1,136,0.7993622207641602,0.7993622207641602,0.0,0.7445587983727455,0.7445587983727455,0.0
original,5,1,137,0.8209672284126281,0.8209672284126281,0.0,0.7433866749207179,0.7433866749207179,0.0
original,5,1,138,0.8399123311042785,0.8399123311042785,0.0,0.7461001395185789,0.7461001395185789,0.0
original,5,1,139,0.8045416982968648,0.8045416982968648,0.0,0.7658773635824522,0.7658773635824522,0.0
original,5,1,140,0.8404794653256734,0.8404794653256734,0.0,0.755860449274381,0.755860449274381,0.0
original,5,1,141,0.8927308710416159,0.8927308710416159,0.0,0.7575542334715525,0.7575542334715525,0.0
original,5,1,142,0.8287187671661377,0.8287187671661377,0.0,0.7902693926294645,0.7902693926294645,0.0
original,5,1,143,0.923198184967041,0.923198184967041,0.0,0.8849112267295519,0.8849112267295519,0.0
original,5,1,144,0.7751427070299785,0.7751427070299785,0.0,0.7927486310402553,0.7927486310402553,0.0
original,5,1,145,0.7746913965543111,0.7746913965543111,0.0,0.7351118830839792,0.7351118830839792,0.0
original,5,1,146,0.828998726606369,0.828998726606369,0.0,0.726534904340903,0.726534904340903,0.0
original,5,1,147,0.8064926012357077,0.8064926012357077,0.0,0.726388818025589,0.726388818025589,0.0
original,5,1,148,0.8783753601710002,0.8783753601710002,0.0,0.7255384865403175,0.7255384865403175,0.0
original,5,1,149,0.817781392733256,0.817781392733256,0.0,0.7282455196976662,0.7282455196976662,0.0
original,5,1,150,0.8396927404403687,0.8396927404403687,0.0,0.7273830273747444,0.7273830273747444,0.0
original,5,1,151,0.8840970961252849,0.8840970961252849,0.0,0.7305810327331225,0.7305810327331225,0.0
original,5,1,152,0.8183885947863261,0.8183885947863261,0.0,0.7375620479385058,0.7375620479385058,0.0
original,5,1,153,0.7915239222844441,0.7915239222844441,0.0,0.7369705397884051,0.7369705397884051,0.0
original,5,1,154,0.8283922719955444,0.8283922719955444,0.0,0.7324529414375623,0.7324529414375623,0.0
original,5,1,155,0.8485748982429504,0.8485748982429504,0.0,0.724335339864095,0.724335339864095,0.0
original,5,1,156,0.8181234955787658,0.8181234955787658,0.0,0.7268548392256101,0.7268548392256101,0.0
original,5,1,157,0.7974984955787658,0.7974984955787658,0.0,0.7295990788936615,0.7295990788936615,0.0
original,5,1,158,0.8018021392822265,0.8018021392822265,0.0,0.7589400735497475,0.7589400735497475,0.0
original,5,1,159,0.8338773806889852,0.8338773806889852,0.0,0.7401564982533455,0.7401564982533455,0.0
original,5,1,160,0.890865441163381,0.890865441163381,0.0,0.7418234279751778,0.7418234279751778,0.0
original,5,1,161,0.7976062488555908,0.7976062488555908,0.0,0.7267405998706817,0.7267405998706817,0.0
original,5,1,162,0.8215245803197225,0.8215245803197225,0.0,0.737263240814209,0.737263240814209,0.0
original,5,1,163,0.7923566818237304,0.7923566818237304,0.0,0.7351811403036117,0.7351811403036117,0.0
original,5,1,164,0.808036405245463,0.808036405245463,0.0,0.7279673145214717,0.7279673145214717,0.0
original,5,1,165,0.8576543990770976,0.8576543990770976,0.0,0.740246954858303,0.740246954858303,0.0
original,5,1,166,0.845745636622111,0.845745636622111,0.0,0.7501718236009279,0.7501718236009279,0.0
original,5,1,167,0.8182025639216105,0.8182025639216105,0.0,0.7712003037333488,0.7712003037333488,0.0
original,5,1,168,0.8372523562113444,0.8372523562113444,0.0,0.7385747693975766,0.7385747693975766,0.0
original,5,1,169,0.8398458170890808,0.8398458170890808,0.0,0.7297268657883008,0.7297268657883008,0.0
original,5,1,170,0.8470010773340861,0.8470010773340861,0.0,0.7634342840313911,0.7634342840313911,0.0
original,5,1,171,0.9023130989074707,0.9023130989074707,0.0,0.7640402293205262,0.7640402293205262,0.0
original,5,1,172,0.880735809803009,0.880735809803009,0.0,0.7768213072419167,0.7768213072419167,0.0
original,5,1,173,0.8966531721750896,0.8966531721750896,0.0,0.7965235478679339,0.7965235478679339,0.0
original,5,1,174,0.8740106415748596,0.8740106415748596,0.0,0.8180376054843267,0.8180376054843267,0.0
original,5,1,175,0.8494283715883891,0.8494283715883891,0.0,0.7820114734768867,0.7820114734768867,0.0
original,5,1,176,0.8551149694124858,0.8551149694124858,0.0,0.7892249459028244,0.7892249459028244,0.0
original,5,1,177,0.8798037878672282,0.8798037878672282,0.0,0.8190541727344195,0.8190541727344195,0.0
original,5,1,178,0.8579460779825846,0.8579460779825846,0.0,0.8209426013628641,0.8209426013628641,0.0
original,5,1,179,0.8728555663426717,0.8728555663426717,0.0,0.8273322125275929,0.8273322125275929,0.0
original,5,1,180,0.8883405685424804,0.8883405685424804,0.0,0.8805331490437189,0.8805331490437189,0.0
original,5,1,181,0.9324902494748434,0.9324902494748434,0.0,0.8837788510322571,0.8837788510322571,0.0
original,5,1,182,0.8774444325764974,0.8774444325764974,0.0,0.8840771555900574,0.8840771555900574,0.0
original,5,1,183,0.8771362590789795,0.8771362590789795,0.0,0.8671969055136045,0.8671969055136045,0.0
original,5,1,184,0.8849095114072164,0.8849095114072164,0.0,0.8454911282658577,0.8454911282658577,0.0
original,5,1,185,0.8721851833661397,0.8721851833661397,0.0,0.8459664005041122,0.8459664005041122,0.0
original,5,1,186,0.8742683243751526,0.8742683243751526,0.0,0.8221981504559517,0.8221981504559517,0.0
original,5,1,187,0.8985136103630066,0.8985136103630066,0.0,0.817074761390686,0.817074761390686,0.0
original,5,1,188,0.9049698654810587,0.9049698654810587,0.0,0.8428075797359149,0.8428075797359149,0.0
original,5,1,189,0.9054679505030314,0.9054679505030314,0.0,0.8490323078632355,0.8490323078632355,0.0
original,5,1,190,0.9197986443837484,0.9197986443837484,0.0,0.8501667555173238,0.8501667555173238,0.0
original,5,1,191,0.9537186527252197,0.9537186527252197,0.0,0.8854688494404157,0.8854688494404157,0.0
original,5,1,192,0.920036743481954,0.920036743481954,0.0,0.8927827942371368,0.8927827942371368,0.0
original,5,1,193,1.0149214013417562,1.0149214013417562,0.0,0.9476851506034533,0.9476851506034533,0.0
original,5,1,194,0.9589654310544332,0.9589654310544332,0.0,0.9708844447135925,0.9708844447135925,0.0
original,5,1,195,0.9609065810839336,0.9609065810839336,0.0,0.9646788920958836,0.9646788920958836,0.0
original,5,1,196,0.9514279508590698,0.9514279508590698,0.0,0.9601724284887314,0.9601724284887314,0.0
original,5,1,197,0.9867460370063782,0.9867460370063782,0.0,0.9574752179781596,0.9574752179781596,0.0
original,5,1,198,0.9408466744422913,0.9408466744422913,0.0,0.9505095727245013,0.9505095727245013,0.0
original,5,1,199,0.969096531867981,0.969096531867981,0.0,0.9355606430768967,0.9355606430768967,0.0
original,5,1,200,0.9475568699836731,0.9475568699836731,0.0,0.9515145963430405,0.9515145963430405,0.0
original,5,1,201,0.9346401842435201,0.9346401842435201,0.0,0.9374136931697528,0.9374136931697528,0.0
original,5,1,202,0.9583086403210958,0.9583086403210958,0.0,0.9187371216217677,0.9187371216217677,0.0
original,5,1,203,0.8990225410461425,0.8990225410461425,0.0,0.9155491144458453,0.9155491144458453,0.0
original,5,1,204,0.9028026946385701,0.9028026946385701,0.0,0.9077778333425521,0.9077778333425521,0.0
original,5,1,205,0.9125003178914388,0.9125003178914388,0.0,0.9010742113987604,0.9010742113987604,0.0
original,5,1,206,0.8810410825411479,0.8810410825411479,0.0,0.8920232044657072,0.8920232044657072,0.0
original,5,1,207,0.8916008138656616,0.8916008138656616,0.0,0.8819238623976707,0.8819238623976707,0.0
original,5,1,208,0.9111468966801961,0.9111468966801961,0.0,0.8700390753149986,0.8700390753149986,0.0
original,5,1,209,0.8619619234402974,0.8619619234402974,0.0,0.8620991636315981,0.8620991636315981,0.0
original,5,1,210,0.8789649438858033,0.8789649438858033,0.0,0.848783561984698,0.848783561984698,0.0
original,5,1,211,0.8550101304054261,0.8550101304054261,0.0,0.8408116205533346,0.8408116205533346,0.0
original,5,1,212,0.8364613056182861,0.8364613056182861,0.0,0.831637331644694,0.831637331644694,0.0
original,5,1,213,0.8351199968655905,0.8351199968655905,0.0,0.8242322816451391,0.8242322816451391,0.0
original,5,1,214,0.832451520760854,0.832451520760854,0.0,0.8159123351176579,0.8159123351176579,0.0
original,5,1,215,0.8293586762746176,0.8293586762746176,0.0,0.8102135672171911,0.8102135672171911,0.0
original,5,1,216,0.8232010865211487,0.8232010865211487,0.0,0.7989880843957265,0.7989880843957265,0.0
original,5,1,217,0.8043419901529948,0.8043419901529948,0.0,0.7917924451828003,0.7917924451828003,0.0
original,5,1,218,0.7938693253199259,0.7938693253199259,0.0,0.7844461911916732,0.7844461911916732,0.0
original,5,1,219,0.8124060090382894,0.8124060090382894,0.0,0.7811817797025045,0.7811817797025045,0.0
original,5,1,220,0.8031215445200602,0.8031215445200602,0.0,0.7781909972429275,0.7781909972429275,0.0
original,5,1,221,0.7964448269208272,0.7964448269208272,0.0,0.7694516839583715,0.7694516839583715,0.0
original,5,1,222,0.7679809586207071,0.7679809586207071,0.0,0.7604755685726802,0.7604755685726802,0.0
original,5,1,223,0.765279754002889,0.765279754002889,0.0,0.7550881630182267,0.7550881630182267,0.0
original,5,1,224,0.7631404264767965,0.7631404264767965,0.0,0.7494628751277923,0.7494628751277923,0.0
original,5,1,225,0.7513799778620402,0.7513799778620402,0.0,0.7453954096635182,0.7453954096635182,0.0
original,5,1,226,0.7455728594462077,0.7455728594462077,0.0,0.7401132794221242,0.7401132794221242,0.0
original,5,1,227,0.7613087288538615,0.7613087288538615,0.0,0.7348556913932165,0.7348556913932165,0.0
original,5,1,228,0.7341300908724467,0.7341300908724467,0.0,0.7273690847555796,0.7273690847555796,0.0
original,5,1,229,0.7314620844523112,0.7314620844523112,0.0,0.7206001299619674,0.7206001299619674,0.0
original,5,1,230,0.7217868566513062,0.7217868566513062,0.0,0.7142482262849807,0.7142482262849807,0.0
original,5,1,231,0.722757834593455,0.722757834593455,0.0,0.7131506615877151,0.7131506615877151,0.0
original,5,1,232,0.7192374602953593,0.7192374602953593,0.0,0.7064225713411967,0.7064225713411967,0.0
original,5,1,233,0.7199345119794209,0.7199345119794209,0.0,0.7021290159225464,0.7021290159225464,0.0
original,5,1,234,0.7178945835431417,0.7178945835431417,0.0,0.6980637543400129,0.6980637543400129,0.0
original,5,1,235,0.7045925307273865,0.7045925307273865,0.0,0.6950324472784996,0.6950324472784996,0.0
original,5,1,236,0.6929965917269388,0.6929965917269388,0.0,0.6873875903089841,0.6873875903089841,0.0
original,5,1,237,0.7076294390360515,0.7076294390360515,0.0,0.684199510316054,0.684199510316054,0.0
original,5,1,238,0.6853367241223653,0.6853367241223653,0.0,0.6804119315743447,0.6804119315743447,0.0
original,5,1,239,0.6819787788391113,0.6819787788391113,0.0,0.679707466463248,0.679707466463248,0.0
original,5,1,240,0.6826701577504476,0.6826701577504476,0.0,0.6752591902017593,0.6752591902017593,0.0
original,5,1,241,0.6774664227167765,0.6774664227167765,0.0,0.6732608420650165,0.6732608420650165,0.0
original,5,1,242,0.6787703529993693,0.6787703529993693,0.0,0.6653189861774444,0.6653189861774444,0.0
original,5,1,243,0.6730210034052531,0.6730210034052531,0.0,0.6651618966460228,0.6651618966460228,0.0
original,5,1,244,0.6711279129981995,0.6711279129981995,0.0,0.65732314179341,0.65732314179341,0.0
original,5,1,245,0.6718716541926066,0.6718716541926066,0.0,0.656135497490565,0.656135497490565,0.0
original,5,1,246,0.660233105023702,0.660233105023702,0.0,0.6519655034939448,0.6519655034939448,0.0
original,5,1,247,0.666042780081431,0.666042780081431,0.0,0.6484842311342557,0.6484842311342557,0.0
original,5,1,248,0.6609821621576945,0.6609821621576945,0.0,0.648515815337499,0.648515815337499,0.0
original,5,1,249,0.6683428621292115,0.6683428621292115,0.0,0.6411245330174764,0.6411245330174764,0.0
original,5,1,250,0.6622320675849914,0.6622320675849914,0.0,0.6379115342100461,0.6379115342100461,0.0
original,5,1,251,0.64313938220342,0.64313938220342,0.0,0.635980850160122,0.635980850160122,0.0
original,5,1,252,0.6410398077964783,0.6410398077964783,0.0,0.633959088921547,0.633959088921547,0.0
original,5,1,253,0.6327651921908061,0.6327651921908061,0.0,0.6336267696817716,0.6336267696817716,0.0
original,5,1,254,0.6384054470062256,0.6384054470062256,0.0,0.6311245006322861,0.6311245006322861,0.0
original,5,1,255,0.6393039234479269,0.6393039234479269,0.0,0.6250605299075445,0.6250605299075445,0.0
original,5,1,256,0.634160996278127,0.634160996278127,0.0,0.6217651410897573,0.6217651410897573,0.0
original,5,1,257,0.6271481657028198,0.6271481657028198,0.0,0.6211251296599706,0.6211251296599706,0.0
original,5,1,258,0.6287969287236531,0.6287969287236531,0.0,0.619161853591601,0.619161853591601,0.0
original,5,1,259,0.6237207730611165,0.6237207730611165,0.0,0.6189929748574893,0.6189929748574893,0.0
original,5,1,260,0.6268262116114298,0.6268262116114298,0.0,0.61679575274388,0.61679575274388,0.0
original,5,1,261,0.6263996688524882,0.6263996688524882,0.0,0.611699735224247,0.611699735224247,0.0
original,5,1,262,0.6319934527079264,0.6319934527079264,0.0,0.6100059640407562,0.6100059640407562,0.0
original,5,1,263,0.626998561223348,0.626998561223348,0.0,0.6071541000405948,0.6071541000405948,0.0
original,5,1,264,0.6150743317604065,0.6150743317604065,0.0,0.6058986934026083,0.6058986934026083,0.0
original,5,1,265,0.6416143361727397,0.6416143361727397,0.0,0.6021258592605591,0.6021258592605591,0.0
original,5,1,266,0.6116623489061991,0.6116623489061991,0.0,0.6023156246542931,0.6023156246542931,0.0
original,5,1,267,0.610906568368276,0.610906568368276,0.0,0.6017746470371882,0.6017746470371882,0.0
original,5,1,268,0.6111939144134522,0.6111939144134522,0.0,0.6004458705584208,0.6004458705584208,0.0
original,5,1,269,0.6181400370597839,0.6181400370597839,0.0,0.5982037998239199,0.5982037998239199,0.0
original,5,1,270,0.6227845501899719,0.6227845501899719,0.0,0.591714488963286,0.591714488963286,0.0
original,5,1,271,0.5970507558186849,0.5970507558186849,0.0,0.5921800647179286,0.5921800647179286,0.0
original,5,1,272,0.600165962378184,0.600165962378184,0.0,0.5959554441769918,0.5959554441769918,0.0
original,5,1,273,0.6105320445696513,0.6105320445696513,0.0,0.5920947019259135,0.5920947019259135,0.0
original,5,1,274,0.5936798628171285,0.5936798628171285,0.0,0.5913607508937517,0.5913607508937517,0.0
original,5,1,275,0.6066441790262858,0.6066441790262858,0.0,0.5833179293076197,0.5833179293076197,0.0
original,5,1,276,0.5909183359146118,0.5909183359146118,0.0,0.5868822685877482,0.5868822685877482,0.0
original,5,1,277,0.5946818367640178,0.5946818367640178,0.0,0.5869130433599155,0.5869130433599155,0.0
original,5,1,278,0.5852539793650309,0.5852539793650309,0.0,0.5880471702416737,0.5880471702416737,0.0
original,5,1,279,0.5932147677739461,0.5932147677739461,0.0,0.5877469481527805,0.5877469481527805,0.0
original,5,1,280,0.5980738306045532,0.5980738306045532,0.0,0.5792706505954266,0.5792706505954266,0.0
original,5,1,281,0.6066174745559693,0.6066174745559693,0.0,0.5747520801921685,0.5747520801921685,0.0
original,5,1,282,0.6118967318534851,0.6118967318534851,0.0,0.5748590186238289,0.5748590186238289,0.0
original,5,1,283,0.5855099519093832,0.5855099519093832,0.0,0.5724243402977784,0.5724243402977784,0.0
original,5,1,284,0.5810290280977884,0.5810290280977884,0.0,0.5722085288663705,0.5722085288663705,0.0
original,5,1,285,0.5832622543970744,0.5832622543970744,0.0,0.5726879503329595,0.5726879503329595,0.0
original,5,1,286,0.58199352145195,0.58199352145195,0.0,0.5778419862190882,0.5778419862190882,0.0
original,5,1,287,0.58531192223231,0.58531192223231,0.0,0.5711689423024654,0.5711689423024654,0.0
original,5,1,288,0.5972905294100443,0.5972905294100443,0.0,0.5690066669384638,0.5690066669384638,0.0
original,5,1,289,0.5828184533119202,0.5828184533119202,0.0,0.5699998259047667,0.5699998259047667,0.0
original,5,1,290,0.5917487136522929,0.5917487136522929,0.0,0.571439853310585,0.571439853310585,0.0
original,5,1,291,0.5757380374272665,0.5757380374272665,0.0,0.5759436679879825,0.5759436679879825,0.0
original,5,1,292,0.5967358756065368,0.5967358756065368,0.0,0.5658232345680396,0.5658232345680396,0.0
original,5,1,293,0.5906763585408529,0.5906763585408529,0.0,0.5658819902936617,0.5658819902936617,0.0
original,5,1,294,0.589805801709493,0.589805801709493,0.0,0.5635835580527783,0.5635835580527783,0.0
original,5,1,295,0.5797286176681519,0.5797286176681519,0.0,0.5487971333662669,0.5487971333662669,0.0
original,5,1,296,0.5708258676528931,0.5708258676528931,0.0,0.555466622710228,0.555466622710228,0.0
original,5,1,297,0.5671642243862152,0.5671642243862152,0.0,0.5550053690870603,0.5550053690870603,0.0
original,5,1,298,0.5721009405454,0.5721009405454,0.0,0.5567996549606323,0.5567996549606323,0.0
original,5,1,299,0.568955884774526,0.568955884774526,0.0,0.5547695179780324,0.5547695179780324,0.0
original,5,1,300,0.5835441883405049,0.5835441883405049,0.0,0.5582288563251495,0.5582288563251495,0.0
original,5,1,301,0.5640420667330424,0.5640420667330424,0.0,0.5572716552515825,0.5572716552515825,0.0
original,5,1,302,0.5672900446256002,0.5672900446256002,0.0,0.5607340505719185,0.5607340505719185,0.0
original,5,1,303,0.5801461386680603,0.5801461386680603,0.0,0.5603492597242197,0.5603492597242197,0.0
original,5,1,304,0.560284382502238,0.560284382502238,0.0,0.567756461451451,0.567756461451451,0.0
original,5,1,305,0.590787680943807,0.590787680943807,0.0,0.542276836882035,0.542276836882035,0.0
original,5,1,306,0.5628440157572429,0.5628440157572429,0.0,0.5535633257528146,0.5535633257528146,0.0
original,5,1,307,0.5596610379219055,0.5596610379219055,0.0,0.5502083543439706,0.5502083543439706,0.0
original,5,1,308,0.5555960845947265,0.5555960845947265,0.0,0.5574899771809578,0.5574899771809578,0.0
original,5,1,309,0.5707228978474935,0.5707228978474935,0.0,0.5496143394211928,0.5496143394211928,0.0
original,5,1,310,0.5746479940414428,0.5746479940414428,0.0,0.537498416552941,0.537498416552941,0.0
original,5,1,311,0.5811917114257813,0.5811917114257813,0.0,0.5416027777890364,0.5416027777890364,0.0
original,5,1,312,0.5615905849138896,0.5615905849138896,0.0,0.5417439090708892,0.5417439090708892,0.0
original,5,1,313,0.5475430198510488,0.5475430198510488,0.0,0.5466825333734353,0.5466825333734353,0.0
original,5,1,314,0.5803521958986918,0.5803521958986918,0.0,0.5421433193484942,0.5421433193484942,0.0
original,5,1,315,0.5596827999750773,0.5596827999750773,0.0,0.5354054504136244,0.5354054504136244,0.0
original,5,1,316,0.5690499011675517,0.5690499011675517,0.0,0.5389229189356168,0.5389229189356168,0.0
original,5,1,317,0.5503736766179402,0.5503736766179402,0.0,0.5339249268670877,0.5339249268670877,0.0
original,5,1,318,0.562165866692861,0.562165866692861,0.0,0.5304917010168234,0.5304917010168234,0.0
original,5,1,319,0.5490531126658121,0.5490531126658121,0.0,0.5270876702666283,0.5270876702666283,0.0
original,5,1,320,0.5674212185541788,0.5674212185541788,0.0,0.5370371284584204,0.5370371284584204,0.0
original,5,1,321,0.5636568403244019,0.5636568403244019,0.0,0.5221998832126459,0.5221998832126459,0.0
original,5,1,322,0.5329707328478496,0.5329707328478496,0.0,0.5283678158620994,0.5283678158620994,0.0
original,5,1,323,0.5497870818773906,0.5497870818773906,0.0,0.5355212598542373,0.5355212598542373,0.0
original,5,1,324,0.5580999008814493,0.5580999008814493,0.0,0.535963386942943,0.535963386942943,0.0
original,5,1,325,0.5435894378026327,0.5435894378026327,0.0,0.5356754886607329,0.5356754886607329,0.0
original,5,1,326,0.5351982696851094,0.5351982696851094,0.0,0.5402474075555801,0.5402474075555801,0.0
original,5,1,327,0.5385637132326762,0.5385637132326762,0.0,0.5481840777397156,0.5481840777397156,0.0
original,5,1,328,0.5562076346079509,0.5562076346079509,0.0,0.5394263145824273,0.5394263145824273,0.0
original,5,1,329,0.551935522556305,0.551935522556305,0.0,0.5306967770059904,0.5306967770059904,0.0
original,5,1,330,0.5442435344060262,0.5442435344060262,0.0,0.5329932866990567,0.5329932866990567,0.0
original,5,1,331,0.580781884988149,0.580781884988149,0.0,0.5175910059114297,0.5175910059114297,0.0
original,5,1,332,0.541206595102946,0.541206595102946,0.0,0.5121578805645307,0.5121578805645307,0.0
original,5,1,333,0.5387360143661499,0.5387360143661499,0.0,0.5207379827400048,0.5207379827400048,0.0
original,5,1,334,0.5560230207443237,0.5560230207443237,0.0,0.5315431499977906,0.5315431499977906,0.0
original,5,1,335,0.5398952865600586,0.5398952865600586,0.0,0.5169464353223642,0.5169464353223642,0.0
original,5,1,336,0.554630856513977,0.554630856513977,0.0,0.5139946063856283,0.5139946063856283,0.0
original,5,1,337,0.5430820715427399,0.5430820715427399,0.0,0.516928737660249,0.516928737660249,0.0
original,5,1,338,0.5254165081183115,0.5254165081183115,0.0,0.51262153322498,0.51262153322498,0.0
original,5,1,339,0.5388180883725484,0.5388180883725484,0.0,0.5340239029129347,0.5340239029129347,0.0
original,5,1,340,0.5465114021301269,0.5465114021301269,0.0,0.519543567498525,0.519543567498525,0.0
original,5,1,341,0.5433122777938842,0.5433122777938842,0.0,0.5096685891846816,0.5096685891846816,0.0
original,5,1,342,0.5407807930310568,0.5407807930310568,0.0,0.49939288169145585,0.49939288169145585,0.0
original,5,1,343,0.5217204093933105,0.5217204093933105,0.0,0.5029078921675683,0.5029078921675683,0.0
original,5,1,344,0.5258614544073741,0.5258614544073741,0.0,0.5161871351798375,0.5161871351798375,0.0
original,5,1,345,0.5641939798990886,0.5641939798990886,0.0,0.5111907255649567,0.5111907255649567,0.0
original,5,1,346,0.560148511727651,0.560148511727651,0.0,0.5030862741420666,0.5030862741420666,0.0
original,5,1,347,0.5483057983716328,0.5483057983716328,0.0,0.5005253356943528,0.5005253356943528,0.0
original,5,1,348,0.520434136390686,0.520434136390686,0.0,0.5067155085504055,0.5067155085504055,0.0
original,5,1,349,0.5461570143699646,0.5461570143699646,0.0,0.50446747161448,0.50446747161448,0.0
original,5,1,350,0.5292797048886617,0.5292797048886617,0.0,0.5134084003418684,0.5134084003418684,0.0
original,5,1,351,0.5206597503026327,0.5206597503026327,0.0,0.5045536431670189,0.5045536431670189,0.0
original,5,1,352,0.5117912205060323,0.5117912205060323,0.0,0.5118119790156682,0.5118119790156682,0.0
original,5,1,353,0.5433165673414866,0.5433165673414866,0.0,0.5143330452839533,0.5143330452839533,0.0
original,5,1,354,0.542918283144633,0.542918283144633,0.0,0.5062529626737038,0.5062529626737038,0.0
original,5,1,355,0.5387626218795777,0.5387626218795777,0.0,0.5001676480223736,0.5001676480223736,0.0
original,5,1,356,0.509670615196228,0.509670615196228,0.0,0.49588512105246385,0.49588512105246385,0.0
original,5,1,357,0.5335491812229156,0.5335491812229156,0.0,0.496768212467432,0.496768212467432,0.0
original,5,1,358,0.5386923424402873,0.5386923424402873,0.0,0.5037259310732285,0.5037259310732285,0.0
original,5,1,359,0.5080979204177857,0.5080979204177857,0.0,0.5079063045978546,0.5079063045978546,0.0
original,5,1,360,0.50149418592453,0.50149418592453,0.0,0.5094462201992671,0.5094462201992671,0.0
original,5,1,361,0.5223803742726644,0.5223803742726644,0.0,0.5125041175882021,0.5125041175882021,0.0
original,5,1,362,0.5285849424203237,0.5285849424203237,0.0,0.5168382217486699,0.5168382217486699,0.0
original,5,1,363,0.5440672413508097,0.5440672413508097,0.0,0.4974177763859431,0.4974177763859431,0.0
original,5,1,364,0.5419488294919332,0.5419488294919332,0.0,0.49709103753169376,0.49709103753169376,0.0
original,5,1,365,0.5155689529577892,0.5155689529577892,0.0,0.4896772604932388,0.4896772604932388,0.0
original,5,1,366,0.5136484090487162,0.5136484090487162,0.0,0.5011406721671422,0.5011406721671422,0.0
original,5,1,367,0.5221508415540059,0.5221508415540059,0.0,0.49924675663312273,0.49924675663312273,0.0
original,5,1,368,0.5110194933414459,0.5110194933414459,0.0,0.5043950426578522,0.5043950426578522,0.0
original,5,1,369,0.5589432541529338,0.5589432541529338,0.0,0.49649022738138837,0.49649022738138837,0.0
original,5,1,370,0.5155245085557302,0.5155245085557302,0.0,0.4962080760796865,0.4962080760796865,0.0
original,5,1,371,0.5218364965915679,0.5218364965915679,0.0,0.5045647073785464,0.5045647073785464,0.0
original,5,1,372,0.5315916407108306,0.5315916407108306,0.0,0.5032494835058848,0.5032494835058848,0.0
original,5,1,373,0.5168755110104879,0.5168755110104879,0.0,0.5049680377046267,0.5049680377046267,0.0
original,5,1,374,0.518664251168569,0.518664251168569,0.0,0.5227951827645302,0.5227951827645302,0.0
original,5,1,375,0.5197160915533702,0.5197160915533702,0.0,0.5019766815503438,0.5019766815503438,0.0
original,5,1,376,0.5297478111584981,0.5297478111584981,0.0,0.4997479345401128,0.4997479345401128,0.0
original,5,1,377,0.5081336251894633,0.5081336251894633,0.0,0.502792982061704,0.502792982061704,0.0
original,5,1,378,0.5164030400911966,0.5164030400911966,0.0,0.5197557150324186,0.5197557150324186,0.0
original,5,1,379,0.5397485180695851,0.5397485180695851,0.0,0.49839420258998873,0.49839420258998873,0.0
original,5,1,380,0.5096877272923788,0.5096877272923788,0.0,0.4953392988443375,0.4953392988443375,0.0
original,5,1,381,0.5407454792658488,0.5407454792658488,0.0,0.4912312916914622,0.4912312916914622,0.0
original,5,1,382,0.5077761514981588,0.5077761514981588,0.0,0.49839791854222615,0.49839791854222615,0.0
original,5,1,383,0.536764935652415,0.536764935652415,0.0,0.501388332247734,0.501388332247734,0.0
original,5,1,384,0.5067043721675872,0.5067043721675872,0.0,0.4853396934270859,0.4853396934270859,0.0
original,5,1,385,0.5410394406318665,0.5410394406318665,0.0,0.48984477353592715,0.48984477353592715,0.0
original,5,1,386,0.5184132973353068,0.5184132973353068,0.0,0.4889836323012908,0.4889836323012908,0.0
original,5,1,387,0.5303893558184306,0.5303893558184306,0.0,0.47759507954120634,0.47759507954120634,0.0
original,5,1,388,0.5111498034000397,0.5111498034000397,0.0,0.4887818084160487,0.4887818084160487,0.0
original,5,1,389,0.4949246827761332,0.4949246827761332,0.0,0.5056766467293103,0.5056766467293103,0.0
original,5,1,390,0.5023872276147207,0.5023872276147207,0.0,0.49220761199792223,0.49220761199792223,0.0
original,5,1,391,0.5276877315839131,0.5276877315839131,0.0,0.4899025441209475,0.4899025441209475,0.0
original,5,1,392,0.4885541248321533,0.4885541248321533,0.0,0.48340030799309414,0.48340030799309414,0.0
original,5,1,393,0.49532595157623294,0.49532595157623294,0.0,0.4986686688661575,0.4986686688661575,0.0
original,5,1,394,0.5470776963233948,0.5470776963233948,0.0,0.5044554904103279,0.5044554904103279,0.0
original,5,1,395,0.5100681893030803,0.5100681893030803,0.0,0.5024481767416,0.5024481767416,0.0
original,5,1,396,0.5577623478571574,0.5577623478571574,0.0,0.489401292403539,0.489401292403539,0.0
original,5,1,397,0.5024787712097168,0.5024787712097168,0.0,0.4967950692772865,0.4967950692772865,0.0
original,5,1,398,0.4914290114243825,0.4914290114243825,0.0,0.499750860730807,0.499750860730807,0.0
original,5,1,399,0.48451119939486187,0.48451119939486187,0.0,0.5039237714807192,0.5039237714807192,0.0
original,5,1,400,0.5078615506490072,0.5078615506490072,0.0,0.502120031317075,0.502120031317075,0.0
original,5,1,401,0.498020707766215,0.498020707766215,0.0,0.5030899433294932,0.5030899433294932,0.0
original,5,1,402,0.5105724461873372,0.5105724461873372,0.0,0.490811988612016,0.490811988612016,0.0
original,5,1,403,0.4976073058446248,0.4976073058446248,0.0,0.4983324084679286,0.4983324084679286,0.0
original,5,1,404,0.5061940391858418,0.5061940391858418,0.0,0.49405629555384317,0.49405629555384317,0.0
original,5,1,405,0.5151918268203736,0.5151918268203736,0.0,0.49971248567104337,0.49971248567104337,0.0
original,5,1,406,0.5414890162150066,0.5414890162150066,0.0,0.49429652482271197,0.49429652482271197,0.0
original,5,1,407,0.4860800091425578,0.4860800091425578,0.0,0.4874932020654281,0.4874932020654281,0.0
original,5,1,408,0.5119424072901407,0.5119424072901407,0.0,0.49229896113276483,0.49229896113276483,0.0
original,5,1,409,0.4806215476989746,0.4806215476989746,0.0,0.4900412554293871,0.4900412554293871,0.0
original,5,1,410,0.4956171774864197,0.4956171774864197,0.0,0.49091619143883386,0.49091619143883386,0.0
original,5,1,411,0.5006333422660828,0.5006333422660828,0.0,0.4929310982426008,0.4929310982426008,0.0
original,5,1,412,0.48851765076319376,0.48851765076319376,0.0,0.4799950375159581,0.4799950375159581,0.0
original,5,1,413,0.48136691967646283,0.48136691967646283,0.0,0.48121153155962626,0.48121153155962626,0.0
original,5,1,414,0.4861917614936829,0.4861917614936829,0.0,0.48789042741060257,0.48789042741060257,0.0
original,5,1,415,0.500756938457489,0.500756938457489,0.0,0.48272800862789156,0.48272800862789156,0.0
original,5,1,416,0.5027235476175944,0.5027235476175944,0.0,0.488004752099514,0.488004752099514,0.0
original,5,1,417,0.523928727308909,0.523928727308909,0.0,0.47911471158266067,0.47911471158266067,0.0
original,5,1,418,0.4888913329442342,0.4888913329442342,0.0,0.4822131821513176,0.4822131821513176,0.0
original,5,1,419,0.49671923398971557,0.49671923398971557,0.0,0.5014454231659571,0.5014454231659571,0.0
original,5,1,420,0.49551393151283263,0.49551393151283263,0.0,0.49286629279454547,0.49286629279454547,0.0
original,5,1,421,0.4834193229675293,0.4834193229675293,0.0,0.5009584191441536,0.5009584191441536,0.0
original,5,1,422,0.49268431146939595,0.49268431146939595,0.0,0.49957503775755563,0.49957503775755563,0.0
original,5,1,423,0.4819280505180359,0.4819280505180359,0.0,0.48739535361528397,0.48739535361528397,0.0
original,5,1,424,0.5079316178957621,0.5079316178957621,0.0,0.48881352216005325,0.48881352216005325,0.0
original,5,1,425,0.5213818240165711,0.5213818240165711,0.0,0.4923335638642311,0.4923335638642311,0.0
original,5,1,426,0.5118755062421163,0.5118755062421163,0.0,0.4702629441022873,0.4702629441022873,0.0
original,5,1,427,0.4891618800163269,0.4891618800163269,0.0,0.4762614743163188,0.4762614743163188,0.0
original,5,1,428,0.4876608371734619,0.4876608371734619,0.0,0.48720313181479774,0.48720313181479774,0.0
original,5,1,429,0.4969381229082743,0.4969381229082743,0.0,0.49219901114702225,0.49219901114702225,0.0
original,5,1,430,0.49441864411036174,0.49441864411036174,0.0,0.4900320554773013,0.4900320554773013,0.0
original,5,1,431,0.5152213923136393,0.5152213923136393,0.0,0.47231961707274117,0.47231961707274117,0.0
original,5,1,432,0.4994020096460978,0.4994020096460978,0.0,0.4827422418196996,0.4827422418196996,0.0
original,5,1,433,0.5088142832120259,0.5088142832120259,0.0,0.47560092369715373,0.47560092369715373,0.0
original,5,1,434,0.4946924233436584,0.4946924233436584,0.0,0.4910994260509809,0.4910994260509809,0.0
original,5,1,435,0.4869700296719869,0.4869700296719869,0.0,0.48783580799897514,0.48783580799897514,0.0
original,5,1,436,0.5434693511327108,0.5434693511327108,0.0,0.47633982680737974,0.47633982680737974,0.0
original,5,1,437,0.49256357034047443,0.49256357034047443,0.0,0.4747856847693523,0.4747856847693523,0.0
original,5,1,438,0.5012355303764343,0.5012355303764343,0.0,0.5063770234336455,0.5063770234336455,0.0
original,5,1,439,0.5000003385543823,0.5000003385543823,0.0,0.49731661928196746,0.49731661928196746,0.0
original,5,1,440,0.4771776970227559,0.4771776970227559,0.0,0.4956513320406278,0.4956513320406278,0.0
original,5,1,441,0.5092384839057922,0.5092384839057922,0.0,0.4903828733166059,0.4903828733166059,0.0
original,5,1,442,0.4933283785978953,0.4933283785978953,0.0,0.4874037757515907,0.4874037757515907,0.0
original,5,1,443,0.4785996961593628,0.4785996961593628,0.0,0.4790790663162867,0.4790790663162867,0.0
original,5,1,444,0.505303875207901,0.505303875207901,0.0,0.49362569669882456,0.49362569669882456,0.0
original,5,1,445,0.4823545416196187,0.4823545416196187,0.0,0.4863950777053833,0.4863950777053833,0.0
original,5,1,446,0.49413223226865133,0.49413223226865133,0.0,0.4860690994064013,0.4860690994064013,0.0
original,5,1,447,0.4880397915840149,0.4880397915840149,0.0,0.48674201359351477,0.48674201359351477,0.0
original,5,1,448,0.48097746054331464,0.48097746054331464,0.0,0.5001890823245049,0.5001890823245049,0.0
original,5,1,449,0.499543194770813,0.499543194770813,0.0,0.49674344164629775,0.49674344164629775,0.0
original,5,1,450,0.4820131993293762,0.4820131993293762,0.0,0.500377311706543,0.500377311706543,0.0
original,5,1,451,0.5020141355196635,0.5020141355196635,0.0,0.505118229786555,0.505118229786555,0.0
original,5,1,452,0.4858878155549367,0.4858878155549367,0.0,0.49292795300483705,0.49292795300483705,0.0
original,5,1,453,0.49460535287857055,0.49460535287857055,0.0,0.500869195262591,0.500869195262591,0.0
original,5,1,454,0.4882958237330119,0.4882958237330119,0.0,0.4890220952033997,0.4890220952033997,0.0
original,5,1,455,0.4992336424191793,0.4992336424191793,0.0,0.48763347893953324,0.48763347893953324,0.0
original,5,1,456,0.4978002524375916,0.4978002524375916,0.0,0.49160456309715905,0.49160456309715905,0.0
original,5,1,457,0.4843866936365763,0.4843866936365763,0.0,0.4988954176505407,0.4988954176505407,0.0
original,5,1,458,0.5152619942029317,0.5152619942029317,0.0,0.4814163709680239,0.4814163709680239,0.0
original,5,1,459,0.4958129143714905,0.4958129143714905,0.0,0.4800528040279945,0.4800528040279945,0.0
original,5,1,460,0.4985366217295329,0.4985366217295329,0.0,0.4846040237446626,0.4846040237446626,0.0
original,5,1,461,0.517038189570109,0.517038189570109,0.0,0.4824861856053273,0.4824861856053273,0.0
original,5,1,462,0.5154060963789622,0.5154060963789622,0.0,0.4828514307240645,0.4828514307240645,0.0
original,5,1,463,0.4754331715901693,0.4754331715901693,0.0,0.487240128343304,0.487240128343304,0.0
original,5,1,464,0.49240869760513306,0.49240869760513306,0.0,0.4837459656099478,0.4837459656099478,0.0
original,5,1,465,0.4826539738972982,0.4826539738972982,0.0,0.48210457724829514,0.48210457724829514,0.0
original,5,1,466,0.49535531918207804,0.49535531918207804,0.0,0.47957904120286304,0.47957904120286304,0.0
original,5,1,467,0.4893083635965983,0.4893083635965983,0.0,0.4738709831486146,0.4738709831486146,0.0
original,5,1,468,0.4869381554921468,0.4869381554921468,0.0,0.4788716412335634,0.4788716412335634,0.0
original,5,1,469,0.4872679038842519,0.4872679038842519,0.0,0.48696787483990195,0.48696787483990195,0.0
original,5,1,470,0.5104419155915578,0.5104419155915578,0.0,0.49154020644724367,0.49154020644724367,0.0
original,5,1,471,0.5195759852727254,0.5195759852727254,0.0,0.48384769561390084,0.48384769561390084,0.0
original,5,1,472,0.48046811660130817,0.48046811660130817,0.0,0.4868752929816643,0.4868752929816643,0.0
original,5,1,473,0.4939144551753998,0.4939144551753998,0.0,0.49374419428408145,0.49374419428408145,0.0
original,5,1,474,0.4892650520801544,0.4892650520801544,0.0,0.49165541571875415,0.49165541571875415,0.0
original,5,1,475,0.5229812757174174,0.5229812757174174,0.0,0.4865472620228926,0.4865472620228926,0.0
original,5,1,476,0.49760292331377665,0.49760292331377665,0.0,0.5167593803753455,0.5167593803753455,0.0
original,5,1,477,0.4935799698034922,0.4935799698034922,0.0,0.4932279528180758,0.4932279528180758,0.0
original,5,1,478,0.5121281027793885,0.5121281027793885,0.0,0.49858848333358763,0.49858848333358763,0.0
original,5,1,479,0.5098170713583628,0.5098170713583628,0.0,0.5079998052368562,0.5079998052368562,0.0
original,5,1,480,0.5052101095517476,0.5052101095517476,0.0,0.4894532632082701,0.4894532632082701,0.0
original,5,1,481,0.5015604972839356,0.5015604972839356,0.0,0.4962321869035562,0.4962321869035562,0.0
original,5,1,482,0.5140830477078756,0.5140830477078756,0.0,0.5195939966291189,0.5195939966291189,0.0
original,5,1,483,0.5219201334317525,0.5219201334317525,0.0,0.509024456863602,0.509024456863602,0.0
original,5,1,484,0.48969299634297686,0.48969299634297686,0.0,0.52352028871576,0.52352028871576,0.0
original,5,1,485,0.502906596660614,0.502906596660614,0.0,0.515460265999039,0.515460265999039,0.0
original,5,1,486,0.5031158856550852,0.5031158856550852,0.0,0.5169585221757491,0.5169585221757491,0.0
original,5,1,487,0.5358174379666646,0.5358174379666646,0.0,0.5203488600502412,0.5203488600502412,0.0
original,5,1,488,0.5183583629131318,0.5183583629131318,0.0,0.5135562439262867,0.5135562439262867,0.0
original,5,1,489,0.5089816101392111,0.5089816101392111,0.0,0.5042657087743282,0.5042657087743282,0.0
original,5,1,490,0.5037949891885122,0.5037949891885122,0.0,0.5194366319477558,0.5194366319477558,0.0
original,5,1,491,0.5449849339326223,0.5449849339326223,0.0,0.531073522567749,0.531073522567749,0.0
original,5,1,492,0.5317777895927429,0.5317777895927429,0.0,0.511566037684679,0.511566037684679,0.0
original,5,1,493,0.5246207205454508,0.5246207205454508,0.0,0.5329270499447981,0.5329270499447981,0.0
original,5,1,494,0.5629784719149271,0.5629784719149271,0.0,0.5284044996400674,0.5284044996400674,0.0
original,5,1,495,0.558812857468923,0.558812857468923,0.0,0.5229100285967191,0.5229100285967191,0.0
original,5,1,496,0.5653499913215637,0.5653499913215637,0.0,0.5169653309384982,0.5169653309384982,0.0
original,5,1,497,0.5408056028683981,0.5408056028683981,0.0,0.5105299659073352,0.5105299659073352,0.0
original,5,1,498,0.5472585642337799,0.5472585642337799,0.0,0.5162555529673895,0.5162555529673895,0.0
original,5,1,499,0.5243846821784973,0.5243846821784973,0.0,0.5051755651334922,0.5051755651334922,0.0
original,5,1,500,0.5482502516110738,0.5482502516110738,0.0,0.519259963730971,0.519259963730971,0.0
original,5,2,1,2.296972867965698,2.296972867965698,0.0,2.276958445739746,2.276958445739746,0.0
original,5,2,2,2.05232128238678,2.05232128238678,0.0,2.122459628868103,2.122459628868103,0.0
original,5,2,3,1.9374344993591308,1.9374344993591308,0.0,1.9176584192276,1.9176584192276,0.0
original,5,2,4,1.7990108892440795,1.7990108892440795,0.0,1.7190188177108765,1.7190188177108765,0.0
original,5,2,5,1.742088063621521,1.742088063621521,0.0,1.6683201734542847,1.6683201734542847,0.0
original,5,2,6,1.6827156379699708,1.6827156379699708,0.0,1.6177383369445801,1.6177383369445801,0.0
original,5,2,7,1.6177380338668823,1.6177380338668823,0.0,1.5672826944351197,1.5672826944351197,0.0
original,5,2,8,1.5718486503601075,1.5718486503601075,0.0,1.5173128337860107,1.5173128337860107,0.0
original,5,2,9,1.5051319910049439,1.5051319910049439,0.0,1.4690285200119018,1.4690285200119018,0.0
original,5,2,10,1.4780444511413575,1.4780444511413575,0.0,1.4511590438842774,1.4511590438842774,0.0
original,5,2,11,1.4349271556854248,1.4349271556854248,0.0,1.4308436092376708,1.4308436092376708,0.0
original,5,2,12,1.4248197662353517,1.4248197662353517,0.0,1.404997466468811,1.404997466468811,0.0
original,5,2,13,1.3840032093048096,1.3840032093048096,0.0,1.3498406150817872,1.3498406150817872,0.0
original,5,2,14,1.3449290056228638,1.3449290056228638,0.0,1.3272425497055054,1.3272425497055054,0.0
original,5,2,15,1.3113851121902467,1.3113851121902467,0.0,1.3056624547958373,1.3056624547958373,0.0
original,5,2,16,1.2674825929641724,1.2674825929641724,0.0,1.2502931121826173,1.2502931121826173,0.0
original,5,2,17,1.250795346069336,1.250795346069336,0.0,1.2770011701583863,1.2770011701583863,0.0
original,5,2,18,1.2288272638320923,1.2288272638320923,0.0,1.2116659894943238,1.2116659894943238,0.0
original,5,2,19,1.2105578361511231,1.2105578361511231,0.0,1.2170312355041504,1.2170312355041504,0.0
original,5,2,20,1.206808025932312,1.206808025932312,0.0,1.1614404968261718,1.1614404968261718,0.0
original,5,2,21,1.1603664197921753,1.1603664197921753,0.0,1.1565105449676514,1.1565105449676514,0.0
original,5,2,22,1.1428970523834228,1.1428970523834228,0.0,1.1552405799865724,1.1552405799865724,0.0
original,5,2,23,1.134698945236206,1.134698945236206,0.0,1.15698643283844,1.15698643283844,0.0
original,5,2,24,1.1236271453857423,1.1236271453857423,0.0,1.0799416572570801,1.0799416572570801,0.0
original,5,2,25,1.1046220544815064,1.1046220544815064,0.0,1.0760670919418336,1.0760670919418336,0.0
original,5,2,26,1.1057915542602539,1.1057915542602539,0.0,1.0728399713516235,1.0728399713516235,0.0
original,5,2,27,1.0899747791290284,1.0899747791290284,0.0,1.007471605873108,1.007471605873108,0.0
original,5,2,28,1.0621497735977172,1.0621497735977172,0.0,1.0433686794281005,1.0433686794281005,0.0
original,5,2,29,1.0747504045486451,1.0747504045486451,0.0,1.0362231663703918,1.0362231663703918,0.0
original,5,2,30,1.048803676223755,1.048803676223755,0.0,1.0281764303207397,1.0281764303207397,0.0
original,5,2,31,1.0502313829421996,1.0502313829421996,0.0,0.9962757774353027,0.9962757774353027,0.0
original,5,2,32,1.0290172983169557,1.0290172983169557,0.0,0.983701898765564,0.983701898765564,0.0
original,5,2,33,1.056029731941223,1.056029731941223,0.0,0.9875673565864563,0.9875673565864563,0.0
original,5,2,34,1.0454433193206787,1.0454433193206787,0.0,0.9917947044372558,0.9917947044372558,0.0
original,5,2,35,1.0275820585250854,1.0275820585250854,0.0,1.0190618938446045,1.0190618938446045,0.0
original,5,2,36,1.0005965353012085,1.0005965353012085,0.0,0.9579546165466308,0.9579546165466308,0.0
original,5,2,37,0.9925809320449829,0.9925809320449829,0.0,0.9706002792358398,0.9706002792358398,0.0
original,5,2,38,0.998722714805603,0.998722714805603,0.0,1.0016423508644103,1.0016423508644103,0.0
original,5,2,39,1.012850821876526,1.012850821876526,0.0,0.9568296220779419,0.9568296220779419,0.0
original,5,2,40,1.0162253778457642,1.0162253778457642,0.0,0.9525420748710632,0.9525420748710632,0.0
original,5,2,41,0.9960170555114746,0.9960170555114746,0.0,0.9603185720443725,0.9603185720443725,0.0
original,5,2,42,0.998688550567627,0.998688550567627,0.0,0.9439179370880127,0.9439179370880127,0.0
original,5,2,43,1.0046626022338867,1.0046626022338867,0.0,0.9333078867912292,0.9333078867912292,0.0
original,5,2,44,0.9856734882354736,0.9856734882354736,0.0,0.9497188486099243,0.9497188486099243,0.0
original,5,2,45,0.9653471756935119,0.9653471756935119,0.0,0.9534331340789794,0.9534331340789794,0.0
original,5,2,46,0.987348045539856,0.987348045539856,0.0,0.9512676586151123,0.9512676586151123,0.0
original,5,2,47,0.9655820062637329,0.9655820062637329,0.0,0.920140788269043,0.920140788269043,0.0
original,5,2,48,1.0025424236297606,1.0025424236297606,0.0,0.9373561882019043,0.9373561882019043,0.0
original,5,2,49,0.973144202041626,0.973144202041626,0.0,0.9242966571807861,0.9242966571807861,0.0
original,5,2,50,0.963967198562622,0.963967198562622,0.0,0.934837132358551,0.934837132358551,0.0
original,5,2,51,0.9700893471717834,0.9700893471717834,0.0,0.9333576962471009,0.9333576962471009,0.0
original,5,2,52,0.9767196126937866,0.9767196126937866,0.0,0.9365112878799439,0.9365112878799439,0.0
original,5,2,53,0.9683530830383301,0.9683530830383301,0.0,0.9706815023422242,0.9706815023422242,0.0
original,5,2,54,0.9755999286651611,0.9755999286651611,0.0,0.9508272315979004,0.9508272315979004,0.0
original,5,2,55,0.9426500785827636,0.9426500785827636,0.0,0.9564782793045044,0.9564782793045044,0.0
original,5,2,56,0.9448880823135376,0.9448880823135376,0.0,0.9979357061386108,0.9979357061386108,0.0
original,5,2,57,0.9561839093208313,0.9561839093208313,0.0,0.9083702910423279,0.9083702910423279,0.0
original,5,2,58,0.9510049131393432,0.9510049131393432,0.0,0.8911050325393677,0.8911050325393677,0.0
original,5,2,59,0.9297751029014587,0.9297751029014587,0.0,0.9421801609039306,0.9421801609039306,0.0
original,5,2,60,0.9600886084556579,0.9600886084556579,0.0,0.9085843200683594,0.9085843200683594,0.0
original,5,2,61,0.9218340250015259,0.9218340250015259,0.0,0.9082507448196411,0.9082507448196411,0.0
original,5,2,62,0.9541926032066346,0.9541926032066346,0.0,0.9717092521667481,0.9717092521667481,0.0
original,5,2,63,0.9313623253822326,0.9313623253822326,0.0,0.9542597877502441,0.9542597877502441,0.0
original,5,2,64,0.9464714514732361,0.9464714514732361,0.0,0.9064238046646118,0.9064238046646118,0.0
original,5,2,65,0.9642643539428711,0.9642643539428711,0.0,0.9076300822257996,0.9076300822257996,0.0
original,5,2,66,0.9376795539855957,0.9376795539855957,0.0,0.9564424213409424,0.9564424213409424,0.0
original,5,2,67,0.9470319127082825,0.9470319127082825,0.0,0.9097732299804687,0.9097732299804687,0.0
original,5,2,68,0.9386376686096192,0.9386376686096192,0.0,0.905442490196228,0.905442490196228,0.0
original,5,2,69,0.9193980502128601,0.9193980502128601,0.0,0.9032394742965698,0.9032394742965698,0.0
original,5,2,70,0.9312543905258178,0.9312543905258178,0.0,0.9100753902435302,0.9100753902435302,0.0
original,5,2,71,0.9229686513900757,0.9229686513900757,0.0,0.8882608997344971,0.8882608997344971,0.0
original,5,2,72,0.9335427577972412,0.9335427577972412,0.0,0.9512534206390381,0.9512534206390381,0.0
original,5,2,73,0.9203948208808899,0.9203948208808899,0.0,0.8977084802627564,0.8977084802627564,0.0
original,5,2,74,0.9584589668273926,0.9584589668273926,0.0,0.9015329570770264,0.9015329570770264,0.0
original,5,2,75,0.9142759037017822,0.9142759037017822,0.0,0.9096416383743287,0.9096416383743287,0.0
original,5,2,76,0.9244619688034058,0.9244619688034058,0.0,0.8870133470535279,0.8870133470535279,0.0
original,5,2,77,0.9333505800247193,0.9333505800247193,0.0,0.9346980754852295,0.9346980754852295,0.0
original,5,2,78,0.9302454736709594,0.9302454736709594,0.0,0.8609152126312256,0.8609152126312256,0.0
original,5,2,79,0.9317339203834534,0.9317339203834534,0.0,0.9053521409988403,0.9053521409988403,0.0
original,5,2,80,0.9120721723556519,0.9120721723556519,0.0,0.9117657761573792,0.9117657761573792,0.0
original,5,2,81,0.9026620960235596,0.9026620960235596,0.0,0.9055595096588135,0.9055595096588135,0.0
original,5,2,82,0.9075981975555419,0.9075981975555419,0.0,0.9385280035018921,0.9385280035018921,0.0
original,5,2,83,0.9281460361480713,0.9281460361480713,0.0,0.8988238822937011,0.8988238822937011,0.0
original,5,2,84,0.9039499264717102,0.9039499264717102,0.0,0.9393899995803833,0.9393899995803833,0.0
original,5,2,85,0.9071179842948913,0.9071179842948913,0.0,0.9060327147483825,0.9060327147483825,0.0
original,5,2,86,0.9352668482780456,0.9352668482780456,0.0,0.8939617616653442,0.8939617616653442,0.0
original,5,2,87,0.925228883934021,0.925228883934021,0.0,0.9148819893836975,0.9148819893836975,0.0
original,5,2,88,0.9193360134124756,0.9193360134124756,0.0,0.9189706057548523,0.9189706057548523,0.0
original,5,2,89,0.9150463704109192,0.9150463704109192,0.0,0.883385855293274,0.883385855293274,0.0
original,5,2,90,0.9076032410621643,0.9076032410621643,0.0,0.8908021800994873,0.8908021800994873,0.0
original,5,2,91,0.9276726933479309,0.9276726933479309,0.0,0.9170821823120118,0.9170821823120118,0.0
original,5,2,92,0.9266080409049988,0.9266080409049988,0.0,0.9329056846618652,0.9329056846618652,0.0
original,5,2,93,0.9486070716857911,0.9486070716857911,0.0,0.8877904426574708,0.8877904426574708,0.0
original,5,2,94,0.9078584774017334,0.9078584774017334,0.0,0.888546823310852,0.888546823310852,0.0
original,5,2,95,0.9017906046867371,0.9017906046867371,0.0,0.8899891346931458,0.8899891346931458,0.0
original,5,2,96,0.9093232741355896,0.9093232741355896,0.0,0.8955337610244751,0.8955337610244751,0.0
original,5,2,97,0.9291508573532105,0.9291508573532105,0.0,0.9235681892395019,0.9235681892395019,0.0
original,5,2,98,0.916237885093689,0.916237885093689,0.0,0.8770304290771485,0.8770304290771485,0.0
original,5,2,99,0.9140260515213012,0.9140260515213012,0.0,0.9031942597389221,0.9031942597389221,0.0
original,5,2,100,0.9125937070846558,0.9125937070846558,0.0,0.967320261001587,0.967320261001587,0.0
original,5,2,101,0.8989207049369812,0.8989207049369812,0.0,0.8911978633880615,0.8911978633880615,0.0
original,5,2,102,0.9082146732330322,0.9082146732330322,0.0,0.9170930652618409,0.9170930652618409,0.0
original,5,2,103,0.9105414391517639,0.9105414391517639,0.0,0.9148274642944336,0.9148274642944336,0.0
original,5,2,104,0.9161280507087708,0.9161280507087708,0.0,0.920280615234375,0.920280615234375,0.0
original,5,2,105,0.9166929876327514,0.9166929876327514,0.0,0.8962747009277344,0.8962747009277344,0.0
original,5,2,106,0.9272325841903687,0.9272325841903687,0.0,0.8839861017227173,0.8839861017227173,0.0
original,5,2,107,0.9063984537124634,0.9063984537124634,0.0,0.9031886541366577,0.9031886541366577,0.0
original,5,2,108,0.9125820727348327,0.9125820727348327,0.0,0.9186101503372193,0.9186101503372193,0.0
original,5,2,109,0.8787194170951843,0.8787194170951843,0.0,0.8983540245056152,0.8983540245056152,0.0
original,5,2,110,0.8888657556533813,0.8888657556533813,0.0,0.8883765134811401,0.8883765134811401,0.0
original,5,2,111,0.9311593868255615,0.9311593868255615,0.0,0.8918603244781494,0.8918603244781494,0.0
original,5,2,112,0.894972323513031,0.894972323513031,0.0,0.9402926078796386,0.9402926078796386,0.0
original,5,2,113,0.911968026638031,0.911968026638031,0.0,0.9359232318878173,0.9359232318878173,0.0
original,5,2,114,0.922668726348877,0.922668726348877,0.0,0.8964393087387085,0.8964393087387085,0.0
original,5,2,115,0.9357062996864319,0.9357062996864319,0.0,0.8869784372329712,0.8869784372329712,0.0
original,5,2,116,0.9157497086524964,0.9157497086524964,0.0,0.9244488328933715,0.9244488328933715,0.0
original,5,2,117,0.9321621558189392,0.9321621558189392,0.0,0.9098296615600586,0.9098296615600586,0.0
original,5,2,118,0.9288467222213745,0.9288467222213745,0.0,0.9217540241241455,0.9217540241241455,0.0
original,5,2,119,0.9059531227111817,0.9059531227111817,0.0,0.902611223602295,0.902611223602295,0.0
original,5,2,120,0.9076535568237305,0.9076535568237305,0.0,0.9052650817871094,0.9052650817871094,0.0
original,5,2,121,0.9171317496299743,0.9171317496299743,0.0,0.8941017036437988,0.8941017036437988,0.0
original,5,2,122,0.8941259072303772,0.8941259072303772,0.0,0.9404453205108643,0.9404453205108643,0.0
original,5,2,123,0.9034201643943787,0.9034201643943787,0.0,0.9145175525665283,0.9145175525665283,0.0
original,5,2,124,0.9216319072723389,0.9216319072723389,0.0,0.934518839263916,0.934518839263916,0.0
original,5,2,125,0.9083626803398133,0.9083626803398133,0.0,0.9354162050247192,0.9354162050247192,0.0
original,5,2,126,0.9147295066833496,0.9147295066833496,0.0,0.9151110506057739,0.9151110506057739,0.0
original,5,2,127,0.925595839881897,0.925595839881897,0.0,0.9485668087005615,0.9485668087005615,0.0
original,5,2,128,0.92696405544281,0.92696405544281,0.0,0.9176395315170288,0.9176395315170288,0.0
original,5,2,129,0.9078602253913879,0.9078602253913879,0.0,0.9574986488342285,0.9574986488342285,0.0
original,5,2,130,0.9351274753570556,0.9351274753570556,0.0,0.9356813669204712,0.9356813669204712,0.0
original,5,2,131,0.9257759812355042,0.9257759812355042,0.0,0.8875837207794189,0.8875837207794189,0.0
original,5,2,132,0.9065263306617737,0.9065263306617737,0.0,0.9189898248672486,0.9189898248672486,0.0
original,5,2,133,0.890459647655487,0.890459647655487,0.0,0.8928720308303832,0.8928720308303832,0.0
original,5,2,134,0.908143367099762,0.908143367099762,0.0,0.9230540950775147,0.9230540950775147,0.0
original,5,2,135,0.9206284543037414,0.9206284543037414,0.0,0.9135899234771728,0.9135899234771728,0.0
original,5,2,136,0.9291160215377807,0.9291160215377807,0.0,0.9176827415466309,0.9176827415466309,0.0
original,5,2,137,0.9553998558044433,0.9553998558044433,0.0,0.9906535949707032,0.9906535949707032,0.0
original,5,2,138,0.9376760684013367,0.9376760684013367,0.0,0.8685456624984741,0.8685456624984741,0.0
original,5,2,139,0.8927118302345276,0.8927118302345276,0.0,0.8666533887863159,0.8666533887863159,0.0
original,5,2,140,0.896260878944397,0.896260878944397,0.0,0.8917226728439331,0.8917226728439331,0.0
original,5,2,141,0.9081558296203613,0.9081558296203613,0.0,0.876198491859436,0.876198491859436,0.0
original,5,2,142,0.9084263860702515,0.9084263860702515,0.0,0.8931996635437012,0.8931996635437012,0.0
original,5,2,143,0.9067508563995361,0.9067508563995361,0.0,0.9114578802108765,0.9114578802108765,0.0
original,5,2,144,0.8908106593132019,0.8908106593132019,0.0,0.9146345499038696,0.9146345499038696,0.0
original,5,2,145,0.8970368205070496,0.8970368205070496,0.0,0.9317488042831421,0.9317488042831421,0.0
original,5,2,146,0.9182208540916443,0.9182208540916443,0.0,0.8796794935226441,0.8796794935226441,0.0
original,5,2,147,0.9233614336013793,0.9233614336013793,0.0,0.8955510890960693,0.8955510890960693,0.0
original,5,2,148,0.9129890579223633,0.9129890579223633,0.0,0.9517715633392334,0.9517715633392334,0.0
original,5,2,149,0.9336342821121216,0.9336342821121216,0.0,0.9166457782745361,0.9166457782745361,0.0
original,5,2,150,0.8965494161605835,0.8965494161605835,0.0,0.8744459697723389,0.8744459697723389,0.0
original,5,2,151,0.8903131676673889,0.8903131676673889,0.0,0.8895801502227784,0.8895801502227784,0.0
original,5,2,152,0.8855675507545471,0.8855675507545471,0.0,0.895937837600708,0.895937837600708,0.0
original,5,2,153,0.9271776350975036,0.9271776350975036,0.0,0.9172141578674317,0.9172141578674317,0.0
original,5,2,154,0.9079699174880982,0.9079699174880982,0.0,0.9785169498443603,0.9785169498443603,0.0
original,5,2,155,0.9024474390983581,0.9024474390983581,0.0,0.9125289932250976,0.9125289932250976,0.0
original,5,2,156,0.920820123577118,0.920820123577118,0.0,0.9143079425811768,0.9143079425811768,0.0
original,5,2,157,0.9133227025985717,0.9133227025985717,0.0,0.9046682321548462,0.9046682321548462,0.0
original,5,2,158,0.8839113715171814,0.8839113715171814,0.0,0.8968257047653199,0.8968257047653199,0.0
original,5,2,159,0.9054801386833191,0.9054801386833191,0.0,0.8868458927154541,0.8868458927154541,0.0
original,5,2,160,0.9459074361801147,0.9459074361801147,0.0,0.9244418901443482,0.9244418901443482,0.0
original,5,2,161,0.8923657277107239,0.8923657277107239,0.0,0.8720450773239136,0.8720450773239136,0.0
original,5,2,162,0.9054266032218933,0.9054266032218933,0.0,0.8930254642486573,0.8930254642486573,0.0
original,5,2,163,0.8994323028564453,0.8994323028564453,0.0,0.8896267223358154,0.8896267223358154,0.0
original,5,2,164,0.9428572107315063,0.9428572107315063,0.0,0.8946407625198364,0.8946407625198364,0.0
original,5,2,165,0.9082820873260498,0.9082820873260498,0.0,0.9177055755615234,0.9177055755615234,0.0
original,5,2,166,0.871990716934204,0.871990716934204,0.0,0.8874827938079834,0.8874827938079834,0.0
original,5,2,167,0.8885159378051758,0.8885159378051758,0.0,0.8654574739456177,0.8654574739456177,0.0
original,5,2,168,0.9032400291442871,0.9032400291442871,0.0,0.9000041170120239,0.9000041170120239,0.0
original,5,2,169,0.9363571168899536,0.9363571168899536,0.0,0.9534755254745484,0.9534755254745484,0.0
original,5,2,170,0.906038625240326,0.906038625240326,0.0,0.8646990139007569,0.8646990139007569,0.0
original,5,2,171,0.904622125339508,0.904622125339508,0.0,0.8833122253417969,0.8833122253417969,0.0
original,5,2,172,0.8987607074737549,0.8987607074737549,0.0,0.8914295585632325,0.8914295585632325,0.0
original,5,2,173,0.8808509108543396,0.8808509108543396,0.0,0.8838985345840454,0.8838985345840454,0.0
original,5,2,174,0.9104309901237487,0.9104309901237487,0.0,0.9175839506149291,0.9175839506149291,0.0
original,5,2,175,0.9471132231712341,0.9471132231712341,0.0,0.9069269779205322,0.9069269779205322,0.0
original,5,2,176,0.9180327538490295,0.9180327538490295,0.0,0.8793051120758056,0.8793051120758056,0.0
original,5,2,177,0.8863346632003785,0.8863346632003785,0.0,0.8783083642959595,0.8783083642959595,0.0
original,5,2,178,0.8909935461044312,0.8909935461044312,0.0,0.8819774614334106,0.8819774614334106,0.0
original,5,2,179,0.9296580165863038,0.9296580165863038,0.0,0.9273398099899292,0.9273398099899292,0.0
original,5,2,180,0.9053719594955444,0.9053719594955444,0.0,0.8686555223464966,0.8686555223464966,0.0
original,5,2,181,0.9012980841636657,0.9012980841636657,0.0,0.8507909339904786,0.8507909339904786,0.0
original,5,2,182,0.9265093101501465,0.9265093101501465,0.0,0.9058526861190795,0.9058526861190795,0.0
original,5,2,183,0.9097903832435608,0.9097903832435608,0.0,0.8700544456481933,0.8700544456481933,0.0
original,5,2,184,0.9204992509841919,0.9204992509841919,0.0,0.8858890163421631,0.8858890163421631,0.0
original,5,2,185,0.898732018661499,0.898732018661499,0.0,0.8703904598236084,0.8703904598236084,0.0
original,5,2,186,0.8994389162063599,0.8994389162063599,0.0,0.8953961664199829,0.8953961664199829,0.0
original,5,2,187,0.8813940334320068,0.8813940334320068,0.0,0.8885601575851441,0.8885601575851441,0.0
original,5,2,188,0.8920345045089721,0.8920345045089721,0.0,0.8914040285110474,0.8914040285110474,0.0
original,5,2,189,0.9082222075462342,0.9082222075462342,0.0,0.9177051683425903,0.9177051683425903,0.0
original,5,2,190,0.9129118989944458,0.9129118989944458,0.0,0.9094354064941407,0.9094354064941407,0.0
original,5,2,191,0.9144595894813538,0.9144595894813538,0.0,0.9793957565307617,0.9793957565307617,0.0
original,5,2,192,0.9024615978240966,0.9024615978240966,0.0,0.8830112724304199,0.8830112724304199,0.0
original,5,2,193,0.9040673564910888,0.9040673564910888,0.0,0.858802746963501,0.858802746963501,0.0
original,5,2,194,0.875807363319397,0.875807363319397,0.0,0.854003080368042,0.854003080368042,0.0
original,5,2,195,0.86013753490448,0.86013753490448,0.0,0.8584371543884277,0.8584371543884277,0.0
original,5,2,196,0.8966675052642822,0.8966675052642822,0.0,0.8598172292709351,0.8598172292709351,0.0
original,5,2,197,0.9080875870704651,0.9080875870704651,0.0,0.9372681741714477,0.9372681741714477,0.0
original,5,2,198,0.938770189857483,0.938770189857483,0.0,0.8845031352996826,0.8845031352996826,0.0
original,5,2,199,0.9046536576271057,0.9046536576271057,0.0,0.8760263757705689,0.8760263757705689,0.0
original,5,2,200,0.8737968453407288,0.8737968453407288,0.0,0.8705590955734253,0.8705590955734253,0.0
original,5,2,201,0.89053203830719,0.89053203830719,0.0,0.8596777046203613,0.8596777046203613,0.0
original,5,2,202,0.8797905805587769,0.8797905805587769,0.0,0.8895872371673584,0.8895872371673584,0.0
original,5,2,203,0.9226597150802612,0.9226597150802612,0.0,0.8766754995346069,0.8766754995346069,0.0
original,5,2,204,0.8934355646133423,0.8934355646133423,0.0,0.8938567018508912,0.8938567018508912,0.0
original,5,2,205,0.8978993972778321,0.8978993972778321,0.0,0.8679785207748413,0.8679785207748413,0.0
original,5,2,206,0.9417529026031494,0.9417529026031494,0.0,0.878683675956726,0.878683675956726,0.0
original,5,2,207,0.8862150970458984,0.8862150970458984,0.0,0.8898572029113769,0.8898572029113769,0.0
original,5,2,208,0.8945449857711792,0.8945449857711792,0.0,0.8769200204849243,0.8769200204849243,0.0
original,5,2,209,0.8992014667510987,0.8992014667510987,0.0,0.8510912437438964,0.8510912437438964,0.0
original,5,2,210,0.9317164026260376,0.9317164026260376,0.0,0.9654626377105713,0.9654626377105713,0.0
original,5,2,211,0.9087250577926635,0.9087250577926635,0.0,0.86578729763031,0.86578729763031,0.0
original,5,2,212,0.8855929123878479,0.8855929123878479,0.0,0.8727940069198609,0.8727940069198609,0.0
original,5,2,213,0.9024471105575561,0.9024471105575561,0.0,0.8730518434524536,0.8730518434524536,0.0
original,5,2,214,0.8928370878219605,0.8928370878219605,0.0,0.9009368341445922,0.9009368341445922,0.0
original,5,2,215,0.8936715604782105,0.8936715604782105,0.0,0.8472547857284546,0.8472547857284546,0.0
original,5,2,216,0.8943600467681885,0.8943600467681885,0.0,0.8835298587799072,0.8835298587799072,0.0
original,5,2,217,0.9150793670654297,0.9150793670654297,0.0,0.8685714435577393,0.8685714435577393,0.0
original,5,2,218,0.9014891850471497,0.9014891850471497,0.0,0.8823778171539307,0.8823778171539307,0.0
original,5,2,219,0.9091283878326416,0.9091283878326416,0.0,0.8671119724273681,0.8671119724273681,0.0
original,5,2,220,0.9033616356849671,0.9033616356849671,0.0,0.8518410377502441,0.8518410377502441,0.0
original,5,2,221,0.9079901972770691,0.9079901972770691,0.0,0.860049273109436,0.860049273109436,0.0
original,5,2,222,0.8732414630889893,0.8732414630889893,0.0,0.8806638408660888,0.8806638408660888,0.0
original,5,2,223,0.8941895231246948,0.8941895231246948,0.0,0.863451030921936,0.863451030921936,0.0
original,5,2,224,0.8916673697471619,0.8916673697471619,0.0,0.8489998062133789,0.8489998062133789,0.0
original,5,2,225,0.9238066631317139,0.9238066631317139,0.0,0.8748875322341919,0.8748875322341919,0.0
original,5,2,226,0.9182526162147522,0.9182526162147522,0.0,0.8641335712432862,0.8641335712432862,0.0
original,5,2,227,0.892833609676361,0.892833609676361,0.0,0.8494080131530761,0.8494080131530761,0.0
original,5,2,228,0.8849300616264343,0.8849300616264343,0.0,0.8590692201614379,0.8590692201614379,0.0
original,5,2,229,0.8846453560829163,0.8846453560829163,0.0,0.8486131938934326,0.8486131938934326,0.0
original,5,2,230,0.9185124497413635,0.9185124497413635,0.0,0.8629469858169556,0.8629469858169556,0.0
original,5,2,231,0.8828932173728943,0.8828932173728943,0.0,0.8655521244049073,0.8655521244049073,0.0
original,5,2,232,0.874295115852356,0.874295115852356,0.0,0.8712347858428955,0.8712347858428955,0.0
original,5,2,233,0.8929038949012756,0.8929038949012756,0.0,0.8566611017227173,0.8566611017227173,0.0
original,5,2,234,0.9470486116409301,0.9470486116409301,0.0,0.8893842514038086,0.8893842514038086,0.0
original,5,2,235,0.8603871780395508,0.8603871780395508,0.0,0.8444246871948242,0.8444246871948242,0.0
original,5,2,236,0.8799489389419556,0.8799489389419556,0.0,0.8908223527908326,0.8908223527908326,0.0
original,5,2,237,0.9159564189910888,0.9159564189910888,0.0,0.8618480800628662,0.8618480800628662,0.0
original,5,2,238,0.90354419298172,0.90354419298172,0.0,0.8496602439880371,0.8496602439880371,0.0
original,5,2,239,0.8709722241401673,0.8709722241401673,0.0,0.8674338645935059,0.8674338645935059,0.0
original,5,2,240,0.8649687487602233,0.8649687487602233,0.0,0.8564081941604614,0.8564081941604614,0.0
original,5,2,241,0.8783341862678528,0.8783341862678528,0.0,0.8795911367416381,0.8795911367416381,0.0
original,5,2,242,0.8968358503341675,0.8968358503341675,0.0,0.8626512281417846,0.8626512281417846,0.0
original,5,2,243,0.9133897911071778,0.9133897911071778,0.0,0.9452343589782715,0.9452343589782715,0.0
original,5,2,244,0.8944583749771118,0.8944583749771118,0.0,0.8618866668701172,0.8618866668701172,0.0
original,5,2,245,0.9007997366905213,0.9007997366905213,0.0,0.9221461122512817,0.9221461122512817,0.0
original,5,2,246,0.8981610261917115,0.8981610261917115,0.0,0.9716676103591919,0.9716676103591919,0.0
original,5,2,247,0.8970530355453491,0.8970530355453491,0.0,0.8880131801605224,0.8880131801605224,0.0
original,5,2,248,0.890000333404541,0.890000333404541,0.0,0.8982649831771851,0.8982649831771851,0.0
original,5,2,249,0.8917646085739136,0.8917646085739136,0.0,0.9034468095779419,0.9034468095779419,0.0
original,5,2,250,0.9213880939483643,0.9213880939483643,0.0,0.8938611707687378,0.8938611707687378,0.0
original,5,2,251,0.8994010319709778,0.8994010319709778,0.0,0.8886029382705688,0.8886029382705688,0.0
original,5,2,252,0.8782138980865478,0.8782138980865478,0.0,0.8586989252090454,0.8586989252090454,0.0
original,5,2,253,0.8734296968460084,0.8734296968460084,0.0,0.8631774360656739,0.8631774360656739,0.0
original,5,2,254,0.8976830105781555,0.8976830105781555,0.0,0.8524047470092774,0.8524047470092774,0.0
original,5,2,255,0.883085373878479,0.883085373878479,0.0,0.8627442008972168,0.8627442008972168,0.0
original,5,2,256,0.8700042697906494,0.8700042697906494,0.0,0.859624274635315,0.859624274635315,0.0
original,5,2,257,0.8891262216567993,0.8891262216567993,0.0,0.8595002275466919,0.8595002275466919,0.0
original,5,2,258,0.8778551602363587,0.8778551602363587,0.0,0.8740939456939697,0.8740939456939697,0.0
original,5,2,259,0.875032555770874,0.875032555770874,0.0,0.8508583129882813,0.8508583129882813,0.0
original,5,2,260,0.8629649297714234,0.8629649297714234,0.0,0.8681998264312745,0.8681998264312745,0.0
original,5,2,261,0.887730339050293,0.887730339050293,0.0,0.8642013027191162,0.8642013027191162,0.0
original,5,2,262,0.8751783534049988,0.8751783534049988,0.0,0.8584767808914184,0.8584767808914184,0.0
original,5,2,263,0.8907537580490112,0.8907537580490112,0.0,0.8655141044616699,0.8655141044616699,0.0
original,5,2,264,0.8698031843185425,0.8698031843185425,0.0,0.8647965742111206,0.8647965742111206,0.0
original,5,2,265,0.9059585171699523,0.9059585171699523,0.0,0.8833138786315918,0.8833138786315918,0.0
original,5,2,266,0.9208869462966919,0.9208869462966919,0.0,0.9323586133956909,0.9323586133956909,0.0
original,5,2,267,0.8991040819168091,0.8991040819168091,0.0,0.8768146797180176,0.8768146797180176,0.0
original,5,2,268,0.8715073314666748,0.8715073314666748,0.0,0.9110793266296386,0.9110793266296386,0.0
original,5,2,269,0.8667407530784607,0.8667407530784607,0.0,0.9077355049133301,0.9077355049133301,0.0
original,5,2,270,0.903133092880249,0.903133092880249,0.0,0.8802596349716186,0.8802596349716186,0.0
original,5,2,271,0.9226435125350952,0.9226435125350952,0.0,0.8937740074157715,0.8937740074157715,0.0
original,5,2,272,0.901839807510376,0.901839807510376,0.0,0.8627985048294068,0.8627985048294068,0.0
original,5,2,273,0.8800845035552979,0.8800845035552979,0.0,0.8704483562469483,0.8704483562469483,0.0
original,5,2,274,0.8767460415840149,0.8767460415840149,0.0,0.8681187059402465,0.8681187059402465,0.0
original,5,2,275,0.9034067790031433,0.9034067790031433,0.0,0.8536391712188721,0.8536391712188721,0.0
original,5,2,276,0.8871114381790162,0.8871114381790162,0.0,0.8575218267440796,0.8575218267440796,0.0
original,5,2,277,0.8942324704170227,0.8942324704170227,0.0,0.8965951543807983,0.8965951543807983,0.0
original,5,2,278,0.9149965481758118,0.9149965481758118,0.0,0.8872059749603272,0.8872059749603272,0.0
original,5,2,279,0.8876775121688842,0.8876775121688842,0.0,0.8592075902938843,0.8592075902938843,0.0
original,5,2,280,0.8844800424575806,0.8844800424575806,0.0,0.8645398582458496,0.8645398582458496,0.0
original,5,2,281,0.873670567703247,0.873670567703247,0.0,0.8685931350708008,0.8685931350708008,0.0
original,5,2,282,0.9172891666412354,0.9172891666412354,0.0,0.8575480453491211,0.8575480453491211,0.0
original,5,2,283,0.9002239804267883,0.9002239804267883,0.0,0.9176911098480225,0.9176911098480225,0.0
original,5,2,284,0.903075570487976,0.903075570487976,0.0,0.8695796234130859,0.8695796234130859,0.0
original,5,2,285,0.8754836776733398,0.8754836776733398,0.0,0.8670024616241455,0.8670024616241455,0.0
original,5,2,286,0.874942748260498,0.874942748260498,0.0,0.8623099098205567,0.8623099098205567,0.0
original,5,2,287,0.8796927696228027,0.8796927696228027,0.0,0.8611022829055787,0.8611022829055787,0.0
original,5,2,288,0.8759324307441712,0.8759324307441712,0.0,0.8566545490264893,0.8566545490264893,0.0
original,5,2,289,0.9076781814575196,0.9076781814575196,0.0,0.8990153596878052,0.8990153596878052,0.0
original,5,2,290,0.932046935081482,0.932046935081482,0.0,0.8756530118942261,0.8756530118942261,0.0
original,5,2,291,0.900418242263794,0.900418242263794,0.0,0.8434423877716064,0.8434423877716064,0.0
original,5,2,292,0.9192880072593689,0.9192880072593689,0.0,0.8833728197097779,0.8833728197097779,0.0
original,5,2,293,0.8606318346023559,0.8606318346023559,0.0,0.8707164806365967,0.8707164806365967,0.0
original,5,2,294,0.9019991178512573,0.9019991178512573,0.0,0.8762445728302002,0.8762445728302002,0.0
original,5,2,295,0.9169973198890686,0.9169973198890686,0.0,0.8744415380477906,0.8744415380477906,0.0
original,5,2,296,0.8707252938270569,0.8707252938270569,0.0,0.9080272411346435,0.9080272411346435,0.0
original,5,2,297,0.9020758987426758,0.9020758987426758,0.0,0.8955452224731445,0.8955452224731445,0.0
original,5,2,298,0.8861038086891174,0.8861038086891174,0.0,0.8710933038711548,0.8710933038711548,0.0
original,5,2,299,0.9062406000137329,0.9062406000137329,0.0,0.8883106992721558,0.8883106992721558,0.0
original,5,2,300,0.8759129256248475,0.8759129256248475,0.0,0.872534321975708,0.872534321975708,0.0
original,5,2,301,0.8880569614410401,0.8880569614410401,0.0,0.9039106058120727,0.9039106058120727,0.0
original,5,2,302,0.8891120134353637,0.8891120134353637,0.0,0.9573798818588257,0.9573798818588257,0.0
original,5,2,303,0.8816860182762146,0.8816860182762146,0.0,0.9009729192733764,0.9009729192733764,0.0
original,5,2,304,0.9380934609413147,0.9380934609413147,0.0,0.9015402914047241,0.9015402914047241,0.0
original,5,2,305,0.8895957815170288,0.8895957815170288,0.0,0.8771612445831298,0.8771612445831298,0.0
original,5,2,306,0.8905609086036682,0.8905609086036682,0.0,0.8583639951705933,0.8583639951705933,0.0
original,5,2,307,0.8595733184814454,0.8595733184814454,0.0,0.853294681930542,0.853294681930542,0.0
original,5,2,308,0.8619132582664489,0.8619132582664489,0.0,0.863744487953186,0.863744487953186,0.0
original,5,2,309,0.9071301784515381,0.9071301784515381,0.0,0.8737703189849854,0.8737703189849854,0.0
original,5,2,310,0.8898626234054565,0.8898626234054565,0.0,0.8955455636978149,0.8955455636978149,0.0
original,5,2,311,0.8851372506141663,0.8851372506141663,0.0,0.8780193048477173,0.8780193048477173,0.0
original,5,2,312,0.8926051949501037,0.8926051949501037,0.0,0.8671625158309937,0.8671625158309937,0.0
original,5,2,313,0.8921813858032227,0.8921813858032227,0.0,0.8720512989044189,0.8720512989044189,0.0
original,5,2,314,0.8599235321998596,0.8599235321998596,0.0,0.8547606594085694,0.8547606594085694,0.0
original,5,2,315,0.8858776676177978,0.8858776676177978,0.0,0.8840816514968872,0.8840816514968872,0.0
original,5,2,316,0.9058860663414001,0.9058860663414001,0.0,0.8576657085418701,0.8576657085418701,0.0
original,5,2,317,0.8922790536880493,0.8922790536880493,0.0,0.8615329656600952,0.8615329656600952,0.0
original,5,2,318,0.8753689324378967,0.8753689324378967,0.0,0.9103964769363403,0.9103964769363403,0.0
original,5,2,319,0.891347386264801,0.891347386264801,0.0,0.8876741161346435,0.8876741161346435,0.0
original,5,2,320,0.8795611133575439,0.8795611133575439,0.0,0.9035299966812134,0.9035299966812134,0.0
original,5,2,321,0.8723766519546509,0.8723766519546509,0.0,0.8756617700576782,0.8756617700576782,0.0
original,5,2,322,0.8786734043121338,0.8786734043121338,0.0,0.8765343767166137,0.8765343767166137,0.0
original,5,2,323,0.9107414079666137,0.9107414079666137,0.0,0.8889234050750733,0.8889234050750733,0.0
original,5,2,324,0.8711618000984191,0.8711618000984191,0.0,0.8732490461349487,0.8732490461349487,0.0
original,5,2,325,0.884601061630249,0.884601061630249,0.0,0.9067135353088379,0.9067135353088379,0.0
original,5,2,326,0.8876110993385314,0.8876110993385314,0.0,0.8826305402755737,0.8826305402755737,0.0
original,5,2,327,0.91407212266922,0.91407212266922,0.0,0.9133313465118408,0.9133313465118408,0.0
original,5,2,328,0.8881952782630921,0.8881952782630921,0.0,0.9095337408065796,0.9095337408065796,0.0
original,5,2,329,0.8952751247406006,0.8952751247406006,0.0,0.8711646665573121,0.8711646665573121,0.0
original,5,2,330,0.8979495132446289,0.8979495132446289,0.0,0.8800829610824585,0.8800829610824585,0.0
original,5,2,331,0.8952907833099365,0.8952907833099365,0.0,0.8584514453887939,0.8584514453887939,0.0
original,5,2,332,0.8952355604171753,0.8952355604171753,0.0,0.8657016723632812,0.8657016723632812,0.0
original,5,2,333,0.8932824895858764,0.8932824895858764,0.0,0.869719401359558,0.869719401359558,0.0
original,5,2,334,0.8722709615707398,0.8722709615707398,0.0,0.8792817617416382,0.8792817617416382,0.0
original,5,2,335,0.8702602036476135,0.8702602036476135,0.0,0.8593634498596191,0.8593634498596191,0.0
original,5,2,336,0.883409644126892,0.883409644126892,0.0,0.8662141298294067,0.8662141298294067,0.0
original,5,2,337,0.9058973076820374,0.9058973076820374,0.0,0.8886577705383301,0.8886577705383301,0.0
original,5,2,338,0.8949529931068421,0.8949529931068421,0.0,0.8843022306442261,0.8843022306442261,0.0
original,5,2,339,0.8808300186157226,0.8808300186157226,0.0,0.8597746618270874,0.8597746618270874,0.0
original,5,2,340,0.8639432090759277,0.8639432090759277,0.0,0.8513989049911499,0.8513989049911499,0.0
original,5,2,341,0.8637186058044434,0.8637186058044434,0.0,0.8638871593475341,0.8638871593475341,0.0
original,5,2,342,0.8942951930046081,0.8942951930046081,0.0,0.8525416286468506,0.8525416286468506,0.0
original,5,2,343,0.8877475560188294,0.8877475560188294,0.0,0.8768667837142944,0.8768667837142944,0.0
original,5,2,344,0.8958367534637451,0.8958367534637451,0.0,0.8776630586624146,0.8776630586624146,0.0
original,5,2,345,0.9031157336235046,0.9031157336235046,0.0,0.9107581731796265,0.9107581731796265,0.0
original,5,2,346,0.8564076064109802,0.8564076064109802,0.0,0.8610901956558228,0.8610901956558228,0.0
original,5,2,347,0.8964414659500122,0.8964414659500122,0.0,0.8876638011932373,0.8876638011932373,0.0
original,5,2,348,0.9000103229522705,0.9000103229522705,0.0,0.8689378238677978,0.8689378238677978,0.0
original,5,2,349,0.8704376679420471,0.8704376679420471,0.0,0.864458236694336,0.864458236694336,0.0
original,5,2,350,0.8952963962554932,0.8952963962554932,0.0,0.8557646392822266,0.8557646392822266,0.0
original,5,2,351,0.8775045269966125,0.8775045269966125,0.0,0.8849562353134155,0.8849562353134155,0.0
original,5,2,352,0.9171401936531067,0.9171401936531067,0.0,0.8792098604202271,0.8792098604202271,0.0
original,5,2,353,0.8997223527908326,0.8997223527908326,0.0,0.9169464202880859,0.9169464202880859,0.0
original,5,2,354,0.8721681282997131,0.8721681282997131,0.0,0.8607225217819214,0.8607225217819214,0.0
original,5,2,355,0.8777090827941895,0.8777090827941895,0.0,0.8628456729888916,0.8628456729888916,0.0
original,5,2,356,0.8550114409446716,0.8550114409446716,0.0,0.8580060834884644,0.8580060834884644,0.0
original,5,2,357,0.8796811522483826,0.8796811522483826,0.0,0.8635044601440429,0.8635044601440429,0.0
original,5,2,358,0.9109413687705994,0.9109413687705994,0.0,0.8545859046936035,0.8545859046936035,0.0
original,5,2,359,0.8961343796730041,0.8961343796730041,0.0,0.845223557472229,0.845223557472229,0.0
original,5,2,360,0.8531722967147827,0.8531722967147827,0.0,0.8584622543334961,0.8584622543334961,0.0
original,5,2,361,0.871715763759613,0.871715763759613,0.0,0.8490583307266235,0.8490583307266235,0.0
original,5,2,362,0.8633620095252991,0.8633620095252991,0.0,0.8470032747268676,0.8470032747268676,0.0
original,5,2,363,0.9109234219551087,0.9109234219551087,0.0,0.9044527502059937,0.9044527502059937,0.0
original,5,2,364,0.8723046419143676,0.8723046419143676,0.0,0.8371361799240112,0.8371361799240112,0.0
original,5,2,365,0.874594573020935,0.874594573020935,0.0,0.8595422700881958,0.8595422700881958,0.0
original,5,2,366,0.9020203922271729,0.9020203922271729,0.0,0.8788259809494019,0.8788259809494019,0.0
original,5,2,367,0.8760631132125855,0.8760631132125855,0.0,0.8485785646438598,0.8485785646438598,0.0
original,5,2,368,0.8564460857391357,0.8564460857391357,0.0,0.8502527885437011,0.8502527885437011,0.0
original,5,2,369,0.8772204043388366,0.8772204043388366,0.0,0.8795565746307373,0.8795565746307373,0.0
original,5,2,370,0.8819754900932312,0.8819754900932312,0.0,0.8677655851364136,0.8677655851364136,0.0
original,5,2,371,0.8937788520812988,0.8937788520812988,0.0,0.8625982309341431,0.8625982309341431,0.0
original,5,2,372,0.8880099718093872,0.8880099718093872,0.0,0.838888793373108,0.838888793373108,0.0
original,5,2,373,0.8612242172241211,0.8612242172241211,0.0,0.857743507385254,0.857743507385254,0.0
original,5,2,374,0.8685956618309021,0.8685956618309021,0.0,0.86711597366333,0.86711597366333,0.0
original,5,2,375,0.8957654433250427,0.8957654433250427,0.0,0.8782420650482178,0.8782420650482178,0.0
original,5,2,376,0.8844586243629455,0.8844586243629455,0.0,0.8614705602645873,0.8614705602645873,0.0
original,5,2,377,0.8803432215690613,0.8803432215690613,0.0,0.8600833810806274,0.8600833810806274,0.0
original,5,2,378,0.8765409971237182,0.8765409971237182,0.0,0.8797337219238281,0.8797337219238281,0.0
original,5,2,379,0.8839840273857117,0.8839840273857117,0.0,0.8816644603729248,0.8816644603729248,0.0
original,5,2,380,0.8802782024383545,0.8802782024383545,0.0,0.8961338367462158,0.8961338367462158,0.0
original,5,2,381,0.8649983794212341,0.8649983794212341,0.0,0.8538595232009888,0.8538595232009888,0.0
original,5,2,382,0.9252273580551148,0.9252273580551148,0.0,0.8846197845458984,0.8846197845458984,0.0
original,5,2,383,0.9066608457565307,0.9066608457565307,0.0,0.8588595493316651,0.8588595493316651,0.0
original,5,2,384,0.8852249377250672,0.8852249377250672,0.0,0.8583634201049805,0.8583634201049805,0.0
original,5,2,385,0.8637896724700928,0.8637896724700928,0.0,0.8727735536575317,0.8727735536575317,0.0
original,5,2,386,0.881370725440979,0.881370725440979,0.0,0.8527158819198608,0.8527158819198608,0.0
original,5,2,387,0.9177512166023254,0.9177512166023254,0.0,0.8789299356460571,0.8789299356460571,0.0
original,5,2,388,0.9155937333106995,0.9155937333106995,0.0,0.8507078847885132,0.8507078847885132,0.0
original,5,2,389,0.8847759337425232,0.8847759337425232,0.0,0.845314587020874,0.845314587020874,0.0
original,5,2,390,0.8792417072296143,0.8792417072296143,0.0,0.8404452558517456,0.8404452558517456,0.0
original,5,2,391,0.8689370370864868,0.8689370370864868,0.0,0.84423291721344,0.84423291721344,0.0
original,5,2,392,0.88849372549057,0.88849372549057,0.0,0.8676113664627075,0.8676113664627075,0.0
original,5,2,393,0.8902806736946106,0.8902806736946106,0.0,0.8535531032562256,0.8535531032562256,0.0
original,5,2,394,0.8722311395645141,0.8722311395645141,0.0,0.8653077520370483,0.8653077520370483,0.0
original,5,2,395,0.8758176947593689,0.8758176947593689,0.0,0.8599875974655151,0.8599875974655151,0.0
original,5,2,396,0.9143708015441895,0.9143708015441895,0.0,0.8685500925064087,0.8685500925064087,0.0
original,5,2,397,0.8836968162536621,0.8836968162536621,0.0,0.8543667730331421,0.8543667730331421,0.0
original,5,2,398,0.8829659943580628,0.8829659943580628,0.0,0.858473327255249,0.858473327255249,0.0
original,5,2,399,0.8732531015396118,0.8732531015396118,0.0,0.861666386604309,0.861666386604309,0.0
original,5,2,400,0.9119775568008422,0.9119775568008422,0.0,0.9231386409759521,0.9231386409759521,0.0
original,5,2,401,0.8793658311843872,0.8793658311843872,0.0,0.8511258590698242,0.8511258590698242,0.0
original,5,2,402,0.8830796107292175,0.8830796107292175,0.0,0.8706706102371216,0.8706706102371216,0.0
original,5,2,403,0.878415754699707,0.878415754699707,0.0,0.8593711009979248,0.8593711009979248,0.0
original,5,2,404,0.8706021019935608,0.8706021019935608,0.0,0.8634015605926514,0.8634015605926514,0.0
original,5,2,405,0.865244855594635,0.865244855594635,0.0,0.8613343271255494,0.8613343271255494,0.0
original,5,2,406,0.8789346039772034,0.8789346039772034,0.0,0.8447172256469726,0.8447172256469726,0.0
original,5,2,407,0.8854906210899353,0.8854906210899353,0.0,0.8682995758056641,0.8682995758056641,0.0
original,5,2,408,0.888250795173645,0.888250795173645,0.0,0.8492371900558472,0.8492371900558472,0.0
original,5,2,409,0.8773265385627746,0.8773265385627746,0.0,0.8450145376205445,0.8450145376205445,0.0
original,5,2,410,0.8684268543243409,0.8684268543243409,0.0,0.8910371969223022,0.8910371969223022,0.0
original,5,2,411,0.8994828607559204,0.8994828607559204,0.0,0.8690323942184448,0.8690323942184448,0.0
original,5,2,412,0.862536349105835,0.862536349105835,0.0,0.8661788953781128,0.8661788953781128,0.0
original,5,2,413,0.8889719079971313,0.8889719079971313,0.0,0.8550603048324585,0.8550603048324585,0.0
original,5,2,414,0.8789006591796875,0.8789006591796875,0.0,0.8503888006210327,0.8503888006210327,0.0
original,5,2,415,0.875435785484314,0.875435785484314,0.0,0.8268924667358398,0.8268924667358398,0.0
original,5,2,416,0.8707343614578247,0.8707343614578247,0.0,0.8497313528060914,0.8497313528060914,0.0
original,5,2,417,0.8712570132255554,0.8712570132255554,0.0,0.8497953268051147,0.8497953268051147,0.0
original,5,2,418,0.8777415253639221,0.8777415253639221,0.0,0.8874430889129639,0.8874430889129639,0.0
original,5,2,419,0.8707155303001404,0.8707155303001404,0.0,0.8721900058746338,0.8721900058746338,0.0
original,5,2,420,0.8892827132225036,0.8892827132225036,0.0,0.8683719091415405,0.8683719091415405,0.0
original,5,2,421,0.860569873046875,0.860569873046875,0.0,0.8504589832305908,0.8504589832305908,0.0
original,5,2,422,0.886459056186676,0.886459056186676,0.0,0.8891391529083252,0.8891391529083252,0.0
original,5,2,423,0.8915404267311097,0.8915404267311097,0.0,0.882847539138794,0.882847539138794,0.0
original,5,2,424,0.875512293434143,0.875512293434143,0.0,0.8827575902938842,0.8827575902938842,0.0
original,5,2,425,0.8900983350753784,0.8900983350753784,0.0,0.8596851278305053,0.8596851278305053,0.0
original,5,2,426,0.9021179428100586,0.9021179428100586,0.0,0.8358585926055908,0.8358585926055908,0.0
original,5,2,427,0.8854661885261536,0.8854661885261536,0.0,0.8708863687515259,0.8708863687515259,0.0
original,5,2,428,0.8593080337524414,0.8593080337524414,0.0,0.864746869468689,0.864746869468689,0.0
original,5,2,429,0.8799650332450867,0.8799650332450867,0.0,0.8887922239303588,0.8887922239303588,0.0
original,5,2,430,0.8802544602394105,0.8802544602394105,0.0,0.8481438014984131,0.8481438014984131,0.0
original,5,2,431,0.8738488352775574,0.8738488352775574,0.0,0.8633415939331055,0.8633415939331055,0.0
original,5,2,432,0.8784395512580871,0.8784395512580871,0.0,0.8888861944198608,0.8888861944198608,0.0
original,5,2,433,0.9063587055206299,0.9063587055206299,0.0,0.8498649646759033,0.8498649646759033,0.0
original,5,2,434,0.861086517906189,0.861086517906189,0.0,0.8677006252288818,0.8677006252288818,0.0
original,5,2,435,0.8910466264724731,0.8910466264724731,0.0,0.8754114669799805,0.8754114669799805,0.0
original,5,2,436,0.8828292893409729,0.8828292893409729,0.0,0.8429401470184326,0.8429401470184326,0.0
original,5,2,437,0.8810734839439393,0.8810734839439393,0.0,0.8509545009613038,0.8509545009613038,0.0
original,5,2,438,0.8877817882537842,0.8877817882537842,0.0,0.8611614728927612,0.8611614728927612,0.0
original,5,2,439,0.8936238719940186,0.8936238719940186,0.0,0.8639275754928589,0.8639275754928589,0.0
original,5,2,440,0.8730301169395447,0.8730301169395447,0.0,0.8577253101348877,0.8577253101348877,0.0
original,5,2,441,0.8585962894439697,0.8585962894439697,0.0,0.8613917778015137,0.8613917778015137,0.0
original,5,2,442,0.8811281173706055,0.8811281173706055,0.0,0.8568391521453858,0.8568391521453858,0.0
original,5,2,443,0.8828492033958435,0.8828492033958435,0.0,0.8332680437088013,0.8332680437088013,0.0
original,5,2,444,0.8905209390640259,0.8905209390640259,0.0,0.8733281240463256,0.8733281240463256,0.0
original,5,2,445,0.884888577079773,0.884888577079773,0.0,0.8400759965896606,0.8400759965896606,0.0
original,5,2,446,0.8908120590209961,0.8908120590209961,0.0,0.8759286613464355,0.8759286613464355,0.0
original,5,2,447,0.8825117314338684,0.8825117314338684,0.0,0.8348750926971436,0.8348750926971436,0.0
original,5,2,448,0.8603836758613587,0.8603836758613587,0.0,0.8534278364181519,0.8534278364181519,0.0
original,5,2,449,0.8691947294235229,0.8691947294235229,0.0,0.856910705947876,0.856910705947876,0.0
original,5,2,450,0.8672713814735412,0.8672713814735412,0.0,0.8731101652145385,0.8731101652145385,0.0
original,5,2,451,0.8969289922714233,0.8969289922714233,0.0,0.8897963407516479,0.8897963407516479,0.0
original,5,2,452,0.8898914898872375,0.8898914898872375,0.0,0.8640335229873657,0.8640335229873657,0.0
original,5,2,453,0.8729340649604798,0.8729340649604798,0.0,0.8660580060958862,0.8660580060958862,0.0
original,5,2,454,0.851865121459961,0.851865121459961,0.0,0.8736265880584717,0.8736265880584717,0.0
original,5,2,455,0.873505122756958,0.873505122756958,0.0,0.847607831954956,0.847607831954956,0.0
original,5,2,456,0.8824068276405335,0.8824068276405335,0.0,0.8639473999023437,0.8639473999023437,0.0
original,5,2,457,0.8562451983451843,0.8562451983451843,0.0,0.8537470600128174,0.8537470600128174,0.0
original,5,2,458,0.8648727120399475,0.8648727120399475,0.0,0.8445743976593018,0.8445743976593018,0.0
original,5,2,459,0.9007528715133667,0.9007528715133667,0.0,0.8852691383361816,0.8852691383361816,0.0
original,5,2,460,0.8609743189811706,0.8609743189811706,0.0,0.8401491376876831,0.8401491376876831,0.0
original,5,2,461,0.8780592231750488,0.8780592231750488,0.0,0.8663480661392212,0.8663480661392212,0.0
original,5,2,462,0.8872056727409363,0.8872056727409363,0.0,0.845849430847168,0.845849430847168,0.0
original,5,2,463,0.8979816122055053,0.8979816122055053,0.0,0.8491371547698975,0.8491371547698975,0.0
original,5,2,464,0.8729290665626526,0.8729290665626526,0.0,0.821355765914917,0.821355765914917,0.0
original,5,2,465,0.8582955367088317,0.8582955367088317,0.0,0.8688891370773315,0.8688891370773315,0.0
original,5,2,466,0.8836652210235596,0.8836652210235596,0.0,0.8668577611923218,0.8668577611923218,0.0
original,5,2,467,0.8712018921852112,0.8712018921852112,0.0,0.8785335153579712,0.8785335153579712,0.0
original,5,2,468,0.8711791092872619,0.8711791092872619,0.0,0.8922272045135498,0.8922272045135498,0.0
original,5,2,469,0.8676317084312439,0.8676317084312439,0.0,0.861726037979126,0.861726037979126,0.0
original,5,2,470,0.8760068818092346,0.8760068818092346,0.0,0.84293127784729,0.84293127784729,0.0
original,5,2,471,0.9076936358451844,0.9076936358451844,0.0,0.9153778963088989,0.9153778963088989,0.0
original,5,2,472,0.8772792759895325,0.8772792759895325,0.0,0.8491560653686523,0.8491560653686523,0.0
original,5,2,473,0.8759923550605774,0.8759923550605774,0.0,0.857845011138916,0.857845011138916,0.0
original,5,2,474,0.8639963418960571,0.8639963418960571,0.0,0.8578926807403564,0.8578926807403564,0.0
original,5,2,475,0.8925982454299927,0.8925982454299927,0.0,0.8153710905075073,0.8153710905075073,0.0
original,5,2,476,0.881500226020813,0.881500226020813,0.0,0.8781326745986938,0.8781326745986938,0.0
original,5,2,477,0.8637897432327271,0.8637897432327271,0.0,0.8418986080169678,0.8418986080169678,0.0
original,5,2,478,0.8682853929519654,0.8682853929519654,0.0,0.8576025867462158,0.8576025867462158,0.0
original,5,2,479,0.8687668553352356,0.8687668553352356,0.0,0.8587030658721924,0.8587030658721924,0.0
original,5,2,480,0.8728222641944885,0.8728222641944885,0.0,0.8744747791290283,0.8744747791290283,0.0
original,5,2,481,0.8830268434524536,0.8830268434524536,0.0,0.8504090890884399,0.8504090890884399,0.0
original,5,2,482,0.8719929488182068,0.8719929488182068,0.0,0.8390454019546508,0.8390454019546508,0.0
original,5,2,483,0.8629689549446106,0.8629689549446106,0.0,0.8450780038833619,0.8450780038833619,0.0
original,5,2,484,0.8765202136039734,0.8765202136039734,0.0,0.8599049810409546,0.8599049810409546,0.0
original,5,2,485,0.8586566988945007,0.8586566988945007,0.0,0.8465237596511841,0.8465237596511841,0.0
original,5,2,486,0.8675505079269409,0.8675505079269409,0.0,0.8622804552078247,0.8622804552078247,0.0
original,5,2,487,0.8936080407142639,0.8936080407142639,0.0,0.897768857383728,0.897768857383728,0.0
original,5,2,488,0.8784045476913452,0.8784045476913452,0.0,0.8352321113586426,0.8352321113586426,0.0
original,5,2,489,0.8588230465888977,0.8588230465888977,0.0,0.8441398471832275,0.8441398471832275,0.0
original,5,2,490,0.8798825605392456,0.8798825605392456,0.0,0.8378370183944702,0.8378370183944702,0.0
original,5,2,491,0.885914272403717,0.885914272403717,0.0,0.8529701871871949,0.8529701871871949,0.0
original,5,2,492,0.8744237344741821,0.8744237344741821,0.0,0.8466624950408935,0.8466624950408935,0.0
original,5,2,493,0.8636993801116943,0.8636993801116943,0.0,0.8639001665115357,0.8639001665115357,0.0
original,5,2,494,0.9058314176559448,0.9058314176559448,0.0,0.8683624750137329,0.8683624750137329,0.0
original,5,2,495,0.8941182069778443,0.8941182069778443,0.0,0.8795479604721069,0.8795479604721069,0.0
original,5,2,496,0.8735345125198364,0.8735345125198364,0.0,0.8679369476318359,0.8679369476318359,0.0
original,5,2,497,0.873902619934082,0.873902619934082,0.0,0.8411768308639527,0.8411768308639527,0.0
original,5,2,498,0.8528285440444946,0.8528285440444946,0.0,0.8531009897232056,0.8531009897232056,0.0
original,5,2,499,0.8784106309890747,0.8784106309890747,0.0,0.852210792350769,0.852210792350769,0.0
original,5,2,500,0.8724072587013245,0.8724072587013245,0.0,0.8526302928924561,0.8526302928924561,0.0
