model,seed,level,epoch,train_total,train_effect,train_vq,eval_total,eval_effect,eval_vq,active_codes,ema_used_codes,occupancy_min,occupancy_max,occupancy_perplexity,step_counter,last_check_step,last_maintenance_step,last_structure_step,surprise_streak,growth_count,prune_count,merge_count,distance_mean,distance_p90,distance_p95,distance_max,surprise_support
dynamic_prune,2,1,1,7.952004337310791,7.923673801422119,0.028330551187197368,7.744782994588216,7.744782994588216,0.0,1.0,1.0,1.0,1.0,1.0,10.0,0.0,0.0,0.0,0.0,0.0,0.0,0.0,,,,,
dynamic_prune,2,1,2,7.6516239484151205,7.607189833323161,0.04443410237630208,7.4197094440460205,7.4197094440460205,0.0,1.0,1.0,1.0,1.0,1.0,20.0,0.0,0.0,0.0,0.0,0.0,0.0,0.0,,,,,
dynamic_prune,2,1,3,7.361229057312012,7.285798683166504,0.07543034772078196,7.105328982671102,7.105328982671102,0.0,1.0,1.0,1.0,1.0,1.0,30.0,0.0,0.0,0.0,0.0,0.0,0.0,0.0,,,,,
dynamic_prune,2,1,4,7.093263823191325,6.974958680470785,0.11830514371395111,6.800581143697102,6.800581143697102,0.0,1.0,1.0,1.0,1.0,1.0,40.0,0.0,0.0,0.0,0.0,0.0,0.0,0.0,,,,,
dynamic_prune,2,1,5,6.855777867635092,6.675277779897054,0.1805000925064087,6.515387503306071,6.515387503306071,0.0,1.0,1.0,1.0,1.0,1.0,50.0,0.0,0.0,0.0,0.0,0.0,0.0,0.0,,,,,
dynamic_prune,2,1,6,6.655457935333252,6.400329462687174,0.2551284110546112,6.246391909917196,6.246391909917196,0.0,1.0,1.0,1.0,1.0,1.0,60.0,0.0,0.0,0.0,0.0,0.0,0.0,0.0,,,,,
dynamic_prune,2,1,7,6.487772127787272,6.134229195912679,0.35354297200838725,5.988222014109294,5.988222014109294,0.0,1.0,1.0,1.0,1.0,1.0,70.0,0.0,0.0,0.0,0.0,0.0,0.0,0.0,,,,,
dynamic_prune,2,1,8,6.378149229685466,5.884961764017741,0.4931874720255534,5.7545034758249916,5.7545034758249916,0.0,1.0,1.0,1.0,1.0,1.0,80.0,0.0,0.0,0.0,0.0,0.0,0.0,0.0,,,,,
dynamic_prune,2,1,9,6.306121037801106,5.662605094909668,0.6435159810384115,5.537397731145223,5.537397731145223,0.0,1.0,1.0,1.0,1.0,1.0,90.0,0.0,0.0,0.0,0.0,0.0,0.0,0.0,,,,,
dynamic_prune,2,1,10,6.198358949025472,5.4536042976379395,0.74475470383962,5.337517608006795,5.337517608006795,0.0,1.0,1.0,1.0,1.0,1.0,100.0,0.0,0.0,0.0,0.0,0.0,0.0,0.0,,,,,
dynamic_prune,2,1,11,6.12889918645223,5.2564623705546065,0.8724367841084798,5.154423491160075,5.154423491160075,0.0,1.0,1.0,1.0,1.0,1.0,110.0,0.0,0.0,0.0,0.0,0.0,0.0,0.0,,,,,
dynamic_prune,2,1,12,5.994428259531657,5.082040799458822,0.9123874394098918,4.9913225205739336,4.9913225205739336,0.0,1.0,1.0,1.0,1.0,1.0,120.0,0.0,0.0,0.0,0.0,0.0,0.0,0.0,,,,,
dynamic_prune,2,1,13,5.772579199473063,4.930625960032145,0.8419531615575154,4.847027031580607,4.847027031580607,0.0,1.0,1.0,1.0,1.0,1.0,130.0,0.0,0.0,0.0,0.0,0.0,0.0,0.0,,,,,
dynamic_prune,2,1,14,5.423836669921875,4.788766543070476,0.6350701435407002,4.708663860956828,4.708663860956828,0.0,1.0,1.0,1.0,1.0,1.0,140.0,0.0,0.0,0.0,0.0,0.0,0.0,0.0,,,,,
dynamic_prune,2,1,15,5.086571311950683,4.65224168141683,0.43432963371276856,4.573611243565877,4.573611243565877,0.0,1.0,1.0,1.0,1.0,1.0,150.0,0.0,0.0,0.0,0.0,0.0,0.0,0.0,,,,,
dynamic_prune,2,1,16,4.826677417755127,4.519315115610758,0.3073622665802638,4.443637520472208,4.443637520472208,0.0,1.0,1.0,1.0,1.0,1.0,160.0,0.0,0.0,0.0,0.0,0.0,0.0,0.0,,,,,
dynamic_prune,2,1,17,4.634648265838623,4.390823351542155,0.2438248892625173,4.320270417531331,4.320270417531331,0.0,1.0,1.0,1.0,1.0,1.0,170.0,0.0,0.0,0.0,0.0,0.0,0.0,0.0,,,,,
dynamic_prune,2,1,18,4.500665219624837,4.26993636449178,0.230728856921196,4.20148917833964,4.20148917833964,0.0,1.0,1.0,1.0,1.0,1.0,180.0,0.0,0.0,0.0,0.0,0.0,0.0,0.0,,,,,
dynamic_prune,2,1,19,4.391411908467611,4.152057145436605,0.2393548027674357,4.085220645268758,4.085220645268758,0.0,1.0,1.0,1.0,1.0,1.0,190.0,0.0,0.0,0.0,0.0,0.0,0.0,0.0,,,,,
dynamic_prune,2,1,20,4.284039936065674,4.038568407694498,0.24547151585419974,3.972710590362549,3.972710590362549,0.0,1.0,1.0,1.0,1.0,1.0,200.0,0.0,0.0,0.0,0.0,0.0,0.0,0.0,,,,,
dynamic_prune,2,1,21,4.172478720347087,3.927064348856608,0.2454144283135732,3.8656027126312256,3.8656027126312256,0.0,1.0,1.0,1.0,1.0,1.0,210.0,0.0,0.0,0.0,0.0,0.0,0.0,0.0,,,,,
dynamic_prune,2,1,22,4.076663506825765,3.8222822443644207,0.254381289879481,3.7628966840108236,3.7628966840108236,0.0,1.0,1.0,1.0,1.0,1.0,220.0,0.0,0.0,0.0,0.0,0.0,0.0,0.0,,,,,
dynamic_prune,2,1,23,3.9667430782318114,3.7222582626342775,0.2444848636786143,3.6648132896423338,3.6648132896423338,0.0,1.0,1.0,1.0,1.0,1.0,230.0,0.0,0.0,0.0,0.0,0.0,0.0,0.0,,,,,
dynamic_prune,2,1,24,3.86006290435791,3.624833097457886,0.23522985299428303,3.5708273951212566,3.5708273951212566,0.0,1.0,1.0,1.0,1.0,1.0,240.0,0.0,0.0,0.0,0.0,0.0,0.0,0.0,,,,,
dynamic_prune,2,1,25,3.7503554407755533,3.532971471150716,0.21738396565119425,3.4813973712921142,3.4813973712921142,0.0,1.0,1.0,1.0,1.0,1.0,250.0,0.0,0.0,0.0,0.0,0.0,0.0,0.0,,,,,
dynamic_prune,2,1,26,3.650118516286214,3.445227200190226,0.20489128947257995,3.395407870610555,3.395407870610555,0.0,1.0,1.0,1.0,1.0,1.0,260.0,0.0,0.0,0.0,0.0,0.0,0.0,0.0,,,,,
dynamic_prune,2,1,27,3.554226048787435,3.360585362116496,0.19364072183767955,3.314735247294108,3.314735247294108,0.0,1.0,1.0,1.0,1.0,1.0,270.0,0.0,0.0,0.0,0.0,0.0,0.0,0.0,,,,,
dynamic_prune,2,1,28,3.4454527854919434,3.2819335333506268,0.16351919333140055,3.2381097253163658,3.2381097253163658,0.0,1.0,1.0,1.0,1.0,1.0,280.0,0.0,0.0,0.0,0.0,0.0,0.0,0.0,,,,,
dynamic_prune,2,1,29,3.348432518641154,3.207110611597697,0.14132192234198251,3.165186634063721,3.165186634063721,0.0,1.0,1.0,1.0,1.0,1.0,290.0,0.0,0.0,0.0,0.0,0.0,0.0,0.0,,,,,
dynamic_prune,2,1,30,3.2624639670054116,3.135878801345825,0.1265851546327273,3.0955835247039794,3.0955835247039794,0.0,1.0,1.0,1.0,1.0,1.0,300.0,300.0,0.0,0.0,1.0,0.0,0.0,0.0,0.7363693714141846,1.3429287672042847,4.769708633422852,16.359909057617188,11.0
dynamic_prune,2,1,31,3.1824707921346027,3.066462017695109,0.1160087905327479,3.028905089696248,3.028905089696248,0.0,1.0,1.0,1.0,1.0,1.0,310.0,300.0,0.0,0.0,1.0,0.0,0.0,0.0,0.7363693714141846,1.3429287672042847,4.769708633422852,16.359909057617188,11.0
dynamic_prune,2,1,32,3.1144329134623208,3.0014856020609537,0.1129472827911377,2.964468987782796,2.964468987782796,0.0,1.0,1.0,1.0,1.0,1.0,320.0,300.0,0.0,0.0,1.0,0.0,0.0,0.0,0.7363693714141846,1.3429287672042847,4.769708633422852,16.359909057617188,11.0
dynamic_prune,2,1,33,3.041053940455119,2.9390458265940347,0.10200813154379527,2.9043592898050945,2.9043592898050945,0.0,1.0,1.0,1.0,1.0,1.0,330.0,300.0,0.0,0.0,1.0,0.0,0.0,0.0,0.7363693714141846,1.3429287672042847,4.769708633422852,16.359909057617188,11.0
dynamic_prune,2,1,34,2.9659820810953774,2.8796833101908366,0.08629879385232925,2.8465460109710694,2.8465460109710694,0.0,1.0,1.0,1.0,1.0,1.0,340.0,300.0,0.0,0.0,1.0,0.0,0.0,0.0,0.7363693714141846,1.3429287672042847,4.769708633422852,16.359909057617188,11.0
dynamic_prune,2,1,35,2.892780637741089,2.8228618971506756,0.06991873269279798,2.7913253752390546,2.7913253752390546,0.0,1.0,1.0,1.0,1.0,1.0,350.0,300.0,0.0,0.0,1.0,0.0,0.0,0.0,0.7363693714141846,1.3429287672042847,4.769708633422852,16.359909057617188,11.0
dynamic_prune,2,1,36,2.828209622701009,2.7686339060465497,0.05957573294639587,2.739179515838623,2.739179515838623,0.0,1.0,1.0,1.0,1.0,1.0,360.0,300.0,0.0,0.0,1.0,0.0,0.0,0.0,0.7363693714141846,1.3429287672042847,4.769708633422852,16.359909057617188,11.0
dynamic_prune,2,1,37,2.777617645263672,2.7179127724965415,0.05970488275090853,2.6880271593729654,2.6880271593729654,0.0,1.0,1.0,1.0,1.0,1.0,370.0,300.0,0.0,0.0,1.0,0.0,0.0,0.0,0.7363693714141846,1.3429287672042847,4.769708633422852,16.359909057617188,11.0
dynamic_prune,2,1,38,2.72790846824646,2.668252077102661,0.05965635120868683,2.6398855749766033,2.6398855749766033,0.0,1.0,1.0,1.0,1.0,1.0,380.0,300.0,0.0,0.0,1.0,0.0,0.0,0.0,0.7363693714141846,1.3429287672042847,4.769708633422852,16.359909057617188,11.0
dynamic_prune,2,1,39,2.682565371195475,2.62037974357605,0.06218562146027883,2.594406290054321,2.594406290054321,0.0,1.0,1.0,1.0,1.0,1.0,390.0,300.0,0.0,0.0,1.0,0.0,0.0,0.0,0.7363693714141846,1.3429287672042847,4.769708633422852,16.359909057617188,11.0
dynamic_prune,2,1,40,2.6297106742858887,2.5702394231160484,0.05947126391033331,2.312147086461385,2.312147086461385,0.0,2.0,2.0,0.048446595668792725,0.9515534043312073,1.2139939069747925,400.0,400.0,0.0,400.0,0.0,1.0,0.0,0.0,0.37626156210899353,1.094778060913086,1.8204865455627441,3.2803752422332764,12.0
dynamic_prune,2,1,41,2.332040516535441,2.294867550532023,0.037172971367836,2.2388061650594078,2.2388061650594078,0.0,2.0,2.0,0.059991780668497086,0.9400082230567932,1.2547607421875,410.0,400.0,0.0,400.0,0.0,1.0,0.0,0.0,0.37626156210899353,1.094778060913086,1.8204865455627441,3.2803752422332764,12.0
dynamic_prune,2,1,42,2.2907593472798666,2.2278826300303143,0.06287667314211527,2.2711490790049234,2.2711490790049234,0.0,2.0,2.0,0.07087625563144684,0.9291237592697144,1.2916231155395508,420.0,400.0,0.0,400.0,0.0,1.0,0.0,0.0,0.37626156210899353,1.094778060913086,1.8204865455627441,3.2803752422332764,12.0
dynamic_prune,2,1,43,2.2604778544108073,2.154960060119629,0.10551782220602035,2.1873176177342732,2.1873176177342732,0.0,2.0,2.0,0.08111967891454697,0.91888028383255,1.3251100778579712,430.0,400.0,0.0,400.0,0.0,1.0,0.0,0.0,0.37626156210899353,1.094778060913086,1.8204865455627441,3.2803752422332764,12.0
dynamic_prune,2,1,44,2.1859028434753416,2.07545791943868,0.11044492165247599,2.012956020037333,2.012956020037333,0.0,2.0,2.0,0.09034973382949829,0.9096502661705017,1.3543832302093506,440.0,400.0,0.0,400.0,0.0,1.0,0.0,0.0,0.37626156210899353,1.094778060913086,1.8204865455627441,3.2803752422332764,12.0
dynamic_prune,2,1,45,2.062198635737101,1.9947883208592734,0.06741033206383387,1.9742354027430216,1.9742354027430216,0.0,2.0,2.0,0.09874147921800613,0.9012585282325745,1.3803110122680664,450.0,400.0,0.0,400.0,0.0,1.0,0.0,0.0,0.37626156210899353,1.094778060913086,1.8204865455627441,3.2803752422332764,12.0
dynamic_prune,2,1,46,1.9649373118082682,1.919951507250468,0.044985814094543455,1.9715568780899049,1.9715568780899049,0.0,2.0,2.0,0.10652525722980499,0.8934747576713562,1.4038076400756836,460.0,400.0,0.0,400.0,0.0,1.0,0.0,0.0,0.37626156210899353,1.094778060913086,1.8204865455627441,3.2803752422332764,12.0
dynamic_prune,2,1,47,1.9280634371439616,1.8735933939615885,0.054470037321249644,1.9326605892181397,1.9326605892181397,0.0,2.0,2.0,0.11335455626249313,0.8866454362869263,1.424003005027771,470.0,400.0,0.0,400.0,0.0,1.0,0.0,0.0,0.37626156210899353,1.094778060913086,1.8204865455627441,3.2803752422332764,12.0
dynamic_prune,2,1,48,1.8993910789489745,1.8455977567036947,0.05379331568876902,1.8018543847401938,1.8018543847401938,0.0,2.0,2.0,0.11820492893457413,0.8817950487136841,1.438114881515503,480.0,400.0,0.0,400.0,0.0,1.0,0.0,0.0,0.37626156210899353,1.094778060913086,1.8204865455627441,3.2803752422332764,12.0
dynamic_prune,2,1,49,1.816503602663676,1.7750891701380411,0.041414420704046884,1.7060096009572348,1.7060096009572348,0.0,2.0,2.0,0.12304193526506424,0.8769580721855164,1.452000617980957,490.0,400.0,0.0,400.0,0.0,1.0,0.0,0.0,0.37626156210899353,1.094778060913086,1.8204865455627441,3.2803752422332764,12.0
dynamic_prune,2,1,50,1.7588304917017619,1.7146730963389079,0.04415739978353182,1.6917037852605183,1.6917037852605183,0.0,2.0,2.0,0.1286676973104477,0.8713323473930359,1.4679195880889893,500.0,400.0,0.0,400.0,0.0,1.0,0.0,0.0,0.37626156210899353,1.094778060913086,1.8204865455627441,3.2803752422332764,12.0
dynamic_prune,2,1,51,1.754525554974874,1.6959637673695882,0.05856179396311442,1.7335390472412109,1.7335390472412109,0.0,2.0,2.0,0.13373063504695892,0.8662693500518799,1.4820369482040405,510.0,400.0,0.0,400.0,0.0,1.0,0.0,0.0,0.37626156210899353,1.094778060913086,1.8204865455627441,3.2803752422332764,12.0
dynamic_prune,2,1,52,1.7288327137629191,1.6595706669489543,0.06926204075415929,1.6111372550328573,1.6111372550328573,0.0,2.0,2.0,0.13841846585273743,0.8615815043449402,1.49493408203125,520.0,400.0,0.0,400.0,0.0,1.0,0.0,0.0,0.37626156210899353,1.094778060913086,1.8204865455627441,3.2803752422332764,12.0
dynamic_prune,2,1,53,1.6499935372670491,1.584747756322225,0.06524578005075454,1.5358280777931212,1.5358280777931212,0.0,2.0,2.0,0.14301155507564545,0.8569884896278381,1.5074098110198975,530.0,400.0,0.0,400.0,0.0,1.0,0.0,0.0,0.37626156210899353,1.094778060913086,1.8204865455627441,3.2803752422332764,12.0
dynamic_prune,2,1,54,1.5748954137166342,1.5268719704945881,0.04802344446380933,1.5110462458928426,1.5110462458928426,0.0,2.0,2.0,0.1469237208366394,0.8530762791633606,1.5179117918014526,540.0,400.0,0.0,400.0,0.0,1.0,0.0,0.0,0.37626156210899353,1.094778060913086,1.8204865455627441,3.2803752422332764,12.0
dynamic_prune,2,1,55,1.5250384044647216,1.482107071876526,0.04293133368094762,1.4692627024650573,1.4692627024650573,0.0,2.0,2.0,0.15086786448955536,0.8491321206092834,1.5283849239349365,550.0,400.0,0.0,400.0,0.0,1.0,0.0,0.0,0.37626156210899353,1.094778060913086,1.8204865455627441,3.2803752422332764,12.0
dynamic_prune,2,1,56,1.4841035302480061,1.4356914726893106,0.04841207191348076,1.4246833189328512,1.4246833189328512,0.0,2.0,2.0,0.15430834889411926,0.8456916809082031,1.5374267101287842,560.0,400.0,0.0,400.0,0.0,1.0,0.0,0.0,0.37626156210899353,1.094778060913086,1.8204865455627441,3.2803752422332764,12.0
dynamic_prune,2,1,57,1.469342017173767,1.417202157974243,0.05213985880215963,1.3674171217282614,1.3674171217282614,0.0,2.0,2.0,0.15716536343097687,0.8428345918655396,1.544869303703308,570.0,400.0,0.0,400.0,0.0,1.0,0.0,0.0,0.37626156210899353,1.094778060913086,1.8204865455627441,3.2803752422332764,12.0
dynamic_prune,2,1,58,1.407332215309143,1.3575099611282349,0.0498222412665685,1.3248942009607951,1.3248942009607951,0.0,2.0,2.0,0.1601107269525528,0.8398892879486084,1.55247962474823,580.0,400.0,0.0,400.0,0.0,1.0,0.0,0.0,0.37626156210899353,1.094778060913086,1.8204865455627441,3.2803752422332764,12.0
dynamic_prune,2,1,59,1.4124438285827636,1.3534423081080118,0.0590015172958374,1.3022496676445008,1.3022496676445008,0.0,2.0,2.0,0.16240501403808594,0.8375949859619141,1.5583640336990356,590.0,400.0,0.0,400.0,0.0,1.0,0.0,0.0,0.37626156210899353,1.094778060913086,1.8204865455627441,3.2803752422332764,12.0
dynamic_prune,2,1,60,1.3829508288701375,1.311996750831604,0.07095408568779628,1.2623381694157918,1.2623381694157918,0.0,2.0,2.0,0.16433310508728027,0.8356668949127197,1.563279390335083,600.0,400.0,0.0,400.0,0.0,1.0,0.0,0.0,0.37626156210899353,1.094778060913086,1.8204865455627441,3.2803752422332764,12.0
dynamic_prune,2,1,61,1.3454053751627604,1.272680934270223,0.07272443662087123,1.242328770160675,1.242328770160675,0.0,2.0,2.0,0.16635091602802277,0.8336490988731384,1.5683947801589966,610.0,400.0,0.0,400.0,0.0,1.0,0.0,0.0,0.37626156210899353,1.094778060913086,1.8204865455627441,3.2803752422332764,12.0
dynamic_prune,2,1,62,1.299585502942403,1.2314862092336019,0.06809929351011912,1.2300924507776896,1.2300924507776896,0.0,2.0,2.0,0.16850171983242035,0.8314982652664185,1.5738149881362915,620.0,400.0,0.0,400.0,0.0,1.0,0.0,0.0,0.37626156210899353,1.094778060913086,1.8204865455627441,3.2803752422332764,12.0
dynamic_prune,2,1,63,1.2691452932357787,1.2036485481262207,0.06549674878517786,1.1838991085688273,1.1838991085688273,0.0,2.0,2.0,0.17067231237888336,0.8293277025222778,1.5792509317398071,630.0,400.0,0.0,400.0,0.0,1.0,0.0,0.0,0.37626156210899353,1.094778060913086,1.8204865455627441,3.2803752422332764,12.0
dynamic_prune,2,1,64,1.2175644493103028,1.1532011953989665,0.06436324725548426,1.1527945470809937,1.1527945470809937,0.0,2.0,2.0,0.1727410852909088,0.8272589445114136,1.5844002962112427,640.0,400.0,0.0,400.0,0.0,1.0,0.0,0.0,0.37626156210899353,1.094778060913086,1.8204865455627441,3.2803752422332764,12.0
dynamic_prune,2,1,65,1.2014902178446452,1.1322468010584514,0.06924340983231862,1.1243600821495057,1.1243600821495057,0.0,2.0,2.0,0.1747111678123474,0.8252888321876526,1.589275598526001,650.0,400.0,0.0,400.0,0.0,1.0,0.0,0.0,0.37626156210899353,1.094778060913086,1.8204865455627441,3.2803752422332764,12.0
dynamic_prune,2,1,66,1.208872078259786,1.1359805790583293,0.07289149850606919,1.1039918915430704,1.1039918915430704,0.0,2.0,2.0,0.1762339472770691,0.8237661123275757,1.5930246114730835,660.0,400.0,0.0,400.0,0.0,1.0,0.0,0.0,0.37626156210899353,1.094778060913086,1.8204865455627441,3.2803752422332764,12.0
dynamic_prune,2,1,67,1.1740404097239177,1.0960666235287984,0.0779737854997317,1.0802657540639242,1.0802657540639242,0.0,2.0,2.0,0.17792584002017975,0.8220741748809814,1.5971705913543701,670.0,400.0,0.0,400.0,0.0,1.0,0.0,0.0,0.37626156210899353,1.094778060913086,1.8204865455627441,3.2803752422332764,12.0
dynamic_prune,2,1,68,1.1568907610575359,1.078236689567566,0.07865404188632966,1.063166807492574,1.063166807492574,0.0,2.0,2.0,0.17938193678855896,0.8206180334091187,1.6007224321365356,680.0,400.0,0.0,400.0,0.0,1.0,0.0,0.0,0.37626156210899353,1.094778060913086,1.8204865455627441,3.2803752422332764,12.0
dynamic_prune,2,1,69,1.1512420558929444,1.0728993272781373,0.07834275732437769,1.047520286242167,1.047520286242167,0.0,2.0,2.0,0.18050655722618103,0.8194934725761414,1.6034551858901978,690.0,400.0,0.0,400.0,0.0,1.0,0.0,0.0,0.37626156210899353,1.094778060913086,1.8204865455627441,3.2803752422332764,12.0
dynamic_prune,2,1,70,1.1351518122355144,1.0579511976242066,0.07720060726006826,1.0325485682487487,1.0325485682487487,0.0,2.0,2.0,0.1816415935754776,0.8183584213256836,1.6062039136886597,700.0,700.0,0.0,400.0,1.0,1.0,0.0,0.0,0.5497065782546997,1.379591703414917,1.966729998588562,6.3089599609375,14.0
dynamic_prune,2,1,71,1.1320634269714356,1.0493513774871825,0.08271205435196559,1.018701552549998,1.018701552549998,0.0,2.0,2.0,0.18255865573883057,0.8174412846565247,1.608418345451355,710.0,700.0,0.0,400.0,1.0,1.0,0.0,0.0,0.5497065782546997,1.379591703414917,1.966729998588562,6.3089599609375,14.0
dynamic_prune,2,1,72,1.116586438814799,1.029648036956787,0.08693839828173319,1.00542049964269,1.00542049964269,0.0,2.0,2.0,0.18378187716007233,0.8162181377410889,1.6113622188568115,720.0,700.0,0.0,400.0,1.0,1.0,0.0,0.0,0.5497065782546997,1.379591703414917,1.966729998588562,6.3089599609375,14.0
dynamic_prune,2,1,73,1.115100515683492,1.0234422302246093,0.09165827810764313,0.9926795832316081,0.9926795832316081,0.0,2.0,2.0,0.18458834290504456,0.8154116272926331,1.613297462463379,730.0,700.0,0.0,400.0,1.0,1.0,0.0,0.0,0.5497065782546997,1.379591703414917,1.966729998588562,6.3089599609375,14.0
dynamic_prune,2,1,74,1.0850056743621825,0.9990445939699809,0.08596108595530193,0.9807086110115051,0.9807086110115051,0.0,2.0,2.0,0.18552809953689575,0.8144719004631042,1.6155465841293335,740.0,700.0,0.0,400.0,1.0,1.0,0.0,0.0,0.5497065782546997,1.379591703414917,1.966729998588562,6.3089599609375,14.0
dynamic_prune,2,1,75,1.0550383965174357,0.9643948745727539,0.09064352949460347,0.9694775390625,0.9694775390625,0.0,2.0,2.0,0.18632638454437256,0.8136735558509827,1.6174522638320923,750.0,700.0,0.0,400.0,1.0,1.0,0.0,0.0,0.5497065782546997,1.379591703414917,1.966729998588562,6.3089599609375,14.0
dynamic_prune,2,1,76,1.0677212222417196,0.9767038122812907,0.0910174028078715,0.9590212178230285,0.9590212178230285,0.0,2.0,2.0,0.1870184987783432,0.8129815459251404,1.6191004514694214,760.0,700.0,0.0,400.0,1.0,1.0,0.0,0.0,0.5497065782546997,1.379591703414917,1.966729998588562,6.3089599609375,14.0
dynamic_prune,2,1,77,1.0561864026387533,0.9609624179204305,0.0952239911754926,0.9493295605977377,0.9493295605977377,0.0,2.0,2.0,0.1877259910106659,0.8122740387916565,1.6207821369171143,770.0,700.0,0.0,400.0,1.0,1.0,0.0,0.0,0.5497065782546997,1.379591703414917,1.966729998588562,6.3089599609375,14.0
dynamic_prune,2,1,78,1.0654783042271931,0.9639124989509582,0.1015658191839854,0.9468016091982524,0.9468016091982524,0.0,2.0,2.0,0.188156396150589,0.8118435740470886,1.6218032836914062,780.0,700.0,0.0,400.0,1.0,1.0,0.0,0.0,0.5497065782546997,1.379591703414917,1.966729998588562,6.3089599609375,14.0
dynamic_prune,2,1,79,1.0516858847935995,0.9494154357910156,0.10227043201526007,0.9443001230557759,0.9443001230557759,0.0,2.0,2.0,0.18851613998413086,0.8114838600158691,1.6226558685302734,790.0,700.0,0.0,400.0,1.0,1.0,0.0,0.0,0.5497065782546997,1.379591703414917,1.966729998588562,6.3089599609375,14.0
dynamic_prune,2,1,80,1.0757417917251586,0.9643586333592733,0.11138315478960673,1.174083285331726,1.174083285331726,0.0,3.0,3.0,0.07350505143404007,0.751491129398346,2.0372443199157715,800.0,800.0,0.0,800.0,0.0,2.0,0.0,0.0,0.8291054964065552,1.6899234056472778,4.1125993728637695,6.466232776641846,19.0
dynamic_prune,2,1,81,1.1568576828638713,1.0871220477422079,0.06973565310239792,1.054460080464681,1.054460080464681,0.0,3.0,3.0,0.08187153190374374,0.742009699344635,2.0795462131500244,810.0,800.0,0.0,800.0,0.0,2.0,0.0,0.0,0.8291054964065552,1.6899234056472778,4.1125993728637695,6.466232776641846,19.0
dynamic_prune,2,1,82,1.0961813910802205,1.022501459121704,0.07367991328239441,0.9745287275314332,0.9745287275314332,0.0,3.0,3.0,0.08870100229978561,0.7338619232177734,2.1144025325775146,820.0,800.0,0.0,800.0,0.0,2.0,0.0,0.0,0.8291054964065552,1.6899234056472778,4.1125993728637695,6.466232776641846,19.0
dynamic_prune,2,1,83,1.032715589205424,0.9536157290140788,0.07909986386696498,0.9199132045110067,0.9199132045110067,0.0,3.0,3.0,0.09171969443559647,0.7293065190315247,2.132427453994751,830.0,800.0,0.0,800.0,0.0,2.0,0.0,0.0,0.8291054964065552,1.6899234056472778,4.1125993728637695,6.466232776641846,19.0
dynamic_prune,2,1,84,0.9968303497632345,0.9026445730527242,0.09418576210737228,0.8785188929239909,0.8785188929239909,0.0,3.0,3.0,0.09520923346281052,0.7240874171257019,2.152937650680542,840.0,800.0,0.0,800.0,0.0,2.0,0.0,0.0,0.8291054964065552,1.6899234056472778,4.1125993728637695,6.466232776641846,19.0
dynamic_prune,2,1,85,0.9658640893300374,0.8697947359085083,0.09606935262680054,0.906498703956604,0.906498703956604,0.0,3.0,3.0,0.0993460938334465,0.7183116674423218,2.1757688522338867,850.0,800.0,0.0,800.0,0.0,2.0,0.0,0.0,0.8291054964065552,1.6899234056472778,4.1125993728637695,6.466232776641846,19.0
dynamic_prune,2,1,86,0.9555906677246093,0.8604134368896484,0.09517722735802332,0.9082589944203695,0.9082589944203695,0.0,3.0,3.0,0.10440672934055328,0.7121084928512573,2.2007601261138916,860.0,800.0,0.0,800.0,0.0,2.0,0.0,0.0,0.8291054964065552,1.6899234056472778,4.1125993728637695,6.466232776641846,19.0
dynamic_prune,2,1,87,0.9608686057726542,0.8751544459660848,0.08571415185928345,0.8540467007954915,0.8540467007954915,0.0,3.0,3.0,0.11038262397050858,0.7049704194068909,2.2292041778564453,870.0,800.0,0.0,800.0,0.0,2.0,0.0,0.0,0.8291054964065552,1.6899234056472778,4.1125993728637695,6.466232776641846,19.0
dynamic_prune,2,1,88,0.8757720192273458,0.8064852992693583,0.06928672552108765,0.7906542710463206,0.7906542710463206,0.0,3.0,3.0,0.11836123466491699,0.6957461833953857,2.2654218673706055,880.0,800.0,0.0,800.0,0.0,2.0,0.0,0.0,0.8291054964065552,1.6899234056472778,4.1125993728637695,6.466232776641846,19.0
dynamic_prune,2,1,89,0.8555746626853943,0.7940928522745768,0.061481813242038094,0.7710893587271372,0.7710893587271372,0.0,3.0,3.0,0.1266079843044281,0.6863425970077515,2.301466703414917,890.0,800.0,0.0,800.0,0.0,2.0,0.0,0.0,0.8291054964065552,1.6899234056472778,4.1125993728637695,6.466232776641846,19.0
dynamic_prune,2,1,90,0.8874670259157816,0.8285878078142802,0.058879222671190896,0.7671769245465596,0.7671769245465596,0.0,3.0,3.0,0.13407312333583832,0.6785293817520142,2.3311376571655273,900.0,800.0,0.0,800.0,0.0,2.0,0.0,0.0,0.8291054964065552,1.6899234056472778,4.1125993728637695,6.466232776641846,19.0
dynamic_prune,2,1,91,0.8534207900365194,0.7944826126098633,0.05893818239370982,0.7774526663621266,0.7774526663621266,0.0,3.0,3.0,0.14165401458740234,0.6705283522605896,2.3606367111206055,910.0,800.0,0.0,800.0,0.0,2.0,0.0,0.0,0.8291054964065552,1.6899234056472778,4.1125993728637695,6.466232776641846,19.0
dynamic_prune,2,1,92,0.8422839037577311,0.7813334520657857,0.06095045447349548,0.7610147662957509,0.7610147662957509,0.0,3.0,3.0,0.1493115872144699,0.6622969508171082,2.3900437355041504,920.0,800.0,0.0,800.0,0.0,2.0,0.0,0.0,0.8291054964065552,1.6899234056472778,4.1125993728637695,6.466232776641846,19.0
dynamic_prune,2,1,93,0.8538679544130962,0.7937188824017842,0.06014908204476039,0.7456493246555328,0.7456493246555328,0.0,3.0,3.0,0.156284898519516,0.6547909379005432,2.4161264896392822,930.0,800.0,0.0,800.0,0.0,2.0,0.0,0.0,0.8291054964065552,1.6899234056472778,4.1125993728637695,6.466232776641846,19.0
dynamic_prune,2,1,94,0.8231438231468201,0.7643528135617574,0.058791001240412394,0.7468154950936635,0.7468154950936635,0.0,3.0,3.0,0.16384845972061157,0.6466657519340515,2.443589448928833,940.0,800.0,0.0,800.0,0.0,2.0,0.0,0.0,0.8291054964065552,1.6899234056472778,4.1125993728637695,6.466232776641846,19.0
dynamic_prune,2,1,95,0.8011254946390788,0.741956315835317,0.05916918357213338,0.7318916920820872,0.7318916920820872,0.0,3.0,3.0,0.1723024994134903,0.6377191543579102,2.4729254245758057,950.0,800.0,0.0,800.0,0.0,2.0,0.0,0.0,0.8291054964065552,1.6899234056472778,4.1125993728637695,6.466232776641846,19.0
dynamic_prune,2,1,96,0.7935978190104167,0.7368661077817281,0.056731712023417154,0.6989178685347239,0.6989178685347239,0.0,3.0,3.0,0.1803819090127945,0.6290367841720581,2.5004189014434814,960.0,800.0,0.0,800.0,0.0,2.0,0.0,0.0,0.8291054964065552,1.6899234056472778,4.1125993728637695,6.466232776641846,19.0
dynamic_prune,2,1,97,0.7829306809107462,0.7258532333374024,0.057077445189158124,0.6848353858788808,0.6848353858788808,0.0,3.0,3.0,0.18826048076152802,0.6207045316696167,2.5259459018707275,970.0,800.0,0.0,800.0,0.0,2.0,0.0,0.0,0.8291054964065552,1.6899234056472778,4.1125993728637695,6.466232776641846,19.0
dynamic_prune,2,1,98,0.7689161650339762,0.7121284357706705,0.05678773840268453,0.6722640216350555,0.6722640216350555,0.0,3.0,3.0,0.19156643748283386,0.6126487851142883,2.549805164337158,980.0,800.0,0.0,800.0,0.0,2.0,0.0,0.0,0.8291054964065552,1.6899234056472778,4.1125993728637695,6.466232776641846,19.0
dynamic_prune,2,1,99,0.7555945905049642,0.6997221700350443,0.05587242250641187,0.66106387813886,0.66106387813886,0.0,3.0,3.0,0.19221478700637817,0.6051845550537109,2.5712239742279053,990.0,800.0,0.0,800.0,0.0,2.0,0.0,0.0,0.8291054964065552,1.6899234056472778,4.1125993728637695,6.466232776641846,19.0
dynamic_prune,2,1,100,0.7579758803049723,0.7001100937525432,0.05786578625440598,0.6501614721616109,0.6501614721616109,0.0,3.0,3.0,0.19267642498016357,0.5981205105781555,2.590855598449707,1000.0,800.0,0.0,800.0,0.0,2.0,0.0,0.0,0.8291054964065552,1.6899234056472778,4.1125993728637695,6.466232776641846,19.0
dynamic_prune,2,1,101,0.7440710020065308,0.682115823427836,0.061955174207687376,0.6527237188816071,0.6527237188816071,0.0,3.0,3.0,0.19308114051818848,0.590315580368042,2.611799478530884,1010.0,800.0,0.0,800.0,0.0,2.0,0.0,0.0,0.8291054964065552,1.6899234056472778,4.1125993728637695,6.466232776641846,19.0
dynamic_prune,2,1,102,0.7270747772852579,0.6667656246821085,0.060309155384699505,0.6333086709181468,0.6333086709181468,0.0,3.0,3.0,0.19358502328395844,0.5827825665473938,2.63132643699646,1020.0,800.0,0.0,800.0,0.0,2.0,0.0,0.0,0.8291054964065552,1.6899234056472778,4.1125993728637695,6.466232776641846,19.0
dynamic_prune,2,1,103,0.7181952635447184,0.6569365366299947,0.06125872691472371,0.6391789857546488,0.6391789857546488,0.0,3.0,3.0,0.19409281015396118,0.5753926634788513,2.6498074531555176,1030.0,800.0,0.0,800.0,0.0,2.0,0.0,0.0,0.8291054964065552,1.6899234056472778,4.1125993728637695,6.466232776641846,19.0
dynamic_prune,2,1,104,0.7119636774063111,0.6515863156318664,0.06037735849618912,0.6208034610748291,0.6208034610748291,0.0,3.0,3.0,0.19446370005607605,0.567946195602417,2.6676716804504395,1040.0,800.0,0.0,800.0,0.0,2.0,0.0,0.0,0.8291054964065552,1.6899234056472778,4.1125993728637695,6.466232776641846,19.0
dynamic_prune,2,1,105,0.7007796279589336,0.6390419928232829,0.061737638413906094,0.6059006051222483,0.6059006051222483,0.0,3.0,3.0,0.19493409991264343,0.5605647563934326,2.6847424507141113,1050.0,800.0,0.0,800.0,0.0,2.0,0.0,0.0,0.8291054964065552,1.6899234056472778,4.1125993728637695,6.466232776641846,19.0
dynamic_prune,2,1,106,0.6914763800303141,0.6327354661623636,0.05874090959628423,0.5960348236560822,0.5960348236560822,0.0,3.0,3.0,0.19527477025985718,0.5527687668800354,2.7019217014312744,1060.0,800.0,0.0,800.0,0.0,2.0,0.0,0.0,0.8291054964065552,1.6899234056472778,4.1125993728637695,6.466232776641846,19.0
dynamic_prune,2,1,107,0.6749879590670268,0.6133227944374084,0.06166516631841659,0.5884339614709219,0.5884339614709219,0.0,3.0,3.0,0.19568881392478943,0.5460888147354126,2.7161049842834473,1070.0,800.0,0.0,800.0,0.0,2.0,0.0,0.0,0.8291054964065552,1.6899234056472778,4.1125993728637695,6.466232776641846,19.0
dynamic_prune,2,1,108,0.6592356610298157,0.595861337184906,0.06337431629498799,0.5839719871679941,0.5839719871679941,0.0,3.0,3.0,0.19605450332164764,0.5383132100105286,2.7318050861358643,1080.0,800.0,0.0,800.0,0.0,2.0,0.0,0.0,0.8291054964065552,1.6899234056472778,4.1125993728637695,6.466232776641846,19.0
dynamic_prune,2,1,109,0.6674757560094198,0.6049089296658834,0.06256682803233464,0.5791241157054902,0.5791241157054902,0.0,3.0,3.0,0.19642774760723114,0.5308535695075989,2.746147394180298,1090.0,800.0,0.0,800.0,0.0,2.0,0.0,0.0,0.8291054964065552,1.6899234056472778,4.1125993728637695,6.466232776641846,19.0
dynamic_prune,2,1,110,0.6510596863428751,0.5902602608998616,0.06079942981402079,0.5878200634320577,0.5878200634320577,0.0,3.0,3.0,0.1968214362859726,0.5246707797050476,2.757566213607788,1100.0,1100.0,1100.0,800.0,1.0,2.0,0.0,0.0,0.4547545909881592,0.705707311630249,1.6367589235305786,5.656602382659912,8.0
dynamic_prune,2,1,111,0.6520557753245035,0.5864594562848409,0.06559632281462352,0.5746418801943461,0.5746418801943461,0.0,3.0,3.0,0.19697757065296173,0.5172814130783081,2.7702488899230957,1110.0,1100.0,1100.0,800.0,1.0,2.0,0.0,0.0,0.4547545909881592,0.705707311630249,1.6367589235305786,5.656602382659912,8.0
dynamic_prune,2,1,112,0.6390011477470398,0.5762724733352661,0.06272867659727732,0.5690008370081584,0.5690008370081584,0.0,3.0,3.0,0.19706420600414276,0.5123529434204102,2.7782745361328125,1120.0,1100.0,1100.0,800.0,1.0,2.0,0.0,0.0,0.4547545909881592,0.705707311630249,1.6367589235305786,5.656602382659912,8.0
dynamic_prune,2,1,113,0.6279840389887492,0.5653228743871053,0.06266116221745809,0.5726890669266382,0.5726890669266382,0.0,3.0,3.0,0.1972564160823822,0.5064374208450317,2.787566900253296,1130.0,1100.0,1100.0,800.0,1.0,2.0,0.0,0.0,0.4547545909881592,0.705707311630249,1.6367589235305786,5.656602382659912,8.0
dynamic_prune,2,1,114,0.6155307094256083,0.548578123251597,0.0669525796175003,0.553450342019399,0.553450342019399,0.0,3.0,3.0,0.19739654660224915,0.501142680644989,2.7954461574554443,1140.0,1100.0,1100.0,800.0,1.0,2.0,0.0,0.0,0.4547545909881592,0.705707311630249,1.6367589235305786,5.656602382659912,8.0
dynamic_prune,2,1,115,0.6335745477676391,0.5678444186846415,0.06573011835416158,0.5420687957604726,0.5420687957604726,0.0,3.0,3.0,0.1974504590034485,0.49685534834861755,2.80147385597229,1150.0,1100.0,1100.0,800.0,1.0,2.0,0.0,0.0,0.4547545909881592,0.705707311630249,1.6367589235305786,5.656602382659912,8.0
dynamic_prune,2,1,116,0.6179155834515889,0.5540617537498475,0.06385383412241935,0.5495920777320862,0.5495920777320862,0.0,3.0,3.0,0.19748905301094055,0.4917028546333313,2.8083465099334717,1160.0,1100.0,1100.0,800.0,1.0,2.0,0.0,0.0,0.4547545909881592,0.705707311630249,1.6367589235305786,5.656602382659912,8.0
dynamic_prune,2,1,117,0.6076194842656454,0.5443864754835764,0.06323300699392954,0.5297432943185171,0.5297432943185171,0.0,3.0,3.0,0.19753265380859375,0.4864460229873657,2.8149805068969727,1170.0,1100.0,1100.0,800.0,1.0,2.0,0.0,0.0,0.4547545909881592,0.705707311630249,1.6367589235305786,5.656602382659912,8.0
dynamic_prune,2,1,118,0.5934260022640229,0.5328524998823801,0.06057349433501562,0.5164869529008865,0.5164869529008865,0.0,3.0,3.0,0.19773483276367188,0.4814296066761017,2.821169137954712,1180.0,1100.0,1100.0,800.0,1.0,2.0,0.0,0.0,0.4547545909881592,0.705707311630249,1.6367589235305786,5.656602382659912,8.0
dynamic_prune,2,1,119,0.5941061886151632,0.5330298519134522,0.06107633858919144,0.5128927898406982,0.5128927898406982,0.0,3.0,3.0,0.19773587584495544,0.47649598121643066,2.826646566390991,1190.0,1100.0,1100.0,800.0,1.0,2.0,0.0,0.0,0.4547545909881592,0.705707311630249,1.6367589235305786,5.656602382659912,8.0
dynamic_prune,2,1,120,0.5763790535926819,0.5166520055135091,0.05972705165545145,0.5047631315390269,0.5047631315390269,0.0,4.0,4.0,0.0477161705493927,0.44863414764404297,3.2649528980255127,1200.0,1200.0,1100.0,1200.0,0.0,3.0,0.0,0.0,0.5064678192138672,1.196850299835205,1.3452681303024292,4.708419322967529,12.0
dynamic_prune,2,1,121,0.5556019957860311,0.5127479581038157,0.04285403579473496,0.4984895747900009,0.4984895747900009,0.0,4.0,4.0,0.05418651923537254,0.43560510873794556,3.319863796234131,1210.0,1200.0,1100.0,1200.0,0.0,3.0,0.0,0.0,0.5064678192138672,1.196850299835205,1.3452681303024292,4.708419322967529,12.0
dynamic_prune,2,1,122,0.5477487969398499,0.5061796029408773,0.04156919226050377,0.48389026582241057,0.48389026582241057,0.0,4.0,4.0,0.059663403779268265,0.42432281374931335,3.3639822006225586,1220.0,1200.0,1100.0,1200.0,0.0,3.0,0.0,0.0,0.5064678192138672,1.196850299835205,1.3452681303024292,4.708419322967529,12.0
dynamic_prune,2,1,123,0.5224301179250082,0.484286953608195,0.038143155376116435,0.4778111735979716,0.4778111735979716,0.0,4.0,4.0,0.06417323648929596,0.4149279296398163,3.3988142013549805,1230.0,1200.0,1100.0,1200.0,0.0,3.0,0.0,0.0,0.5064678192138672,1.196850299835205,1.3452681303024292,4.708419322967529,12.0
dynamic_prune,2,1,124,0.5161114279429118,0.4818987051645915,0.03421271979808807,0.49109187444051106,0.49109187444051106,0.0,4.0,4.0,0.06829575449228287,0.4071336090564728,3.428459405899048,1240.0,1200.0,1100.0,1200.0,0.0,3.0,0.0,0.0,0.5064678192138672,1.196850299835205,1.3452681303024292,4.708419322967529,12.0
dynamic_prune,2,1,125,0.5222969118754069,0.4877082808812459,0.034588629752397536,0.4603307811419169,0.4603307811419169,0.0,4.0,4.0,0.07300812751054764,0.3987816870212555,3.460203170776367,1250.0,1200.0,1100.0,1200.0,0.0,3.0,0.0,0.0,0.5064678192138672,1.196850299835205,1.3452681303024292,4.708419322967529,12.0
dynamic_prune,2,1,126,0.5066135422388712,0.47305163462956745,0.03356191376845042,0.44189980645974475,0.44189980645974475,0.0,4.0,4.0,0.07658687233924866,0.3906444013118744,3.4844720363616943,1260.0,1200.0,1100.0,1200.0,0.0,3.0,0.0,0.0,0.5064678192138672,1.196850299835205,1.3452681303024292,4.708419322967529,12.0
dynamic_prune,2,1,127,0.4844356846809387,0.4520858323574066,0.03234985202550888,0.4336017123858134,0.4336017123858134,0.0,4.0,4.0,0.07924697548151016,0.383939266204834,3.5022573471069336,1270.0,1200.0,1100.0,1200.0,0.0,3.0,0.0,0.0,0.5064678192138672,1.196850299835205,1.3452681303024292,4.708419322967529,12.0
dynamic_prune,2,1,128,0.4945899446805318,0.46350797613461814,0.031081967999537784,0.42742255886395775,0.42742255886395775,0.0,4.0,4.0,0.08254770934581757,0.37746763229370117,3.5223872661590576,1280.0,1200.0,1100.0,1200.0,0.0,3.0,0.0,0.0,0.5064678192138672,1.196850299835205,1.3452681303024292,4.708419322967529,12.0
dynamic_prune,2,1,129,0.466284583012263,0.43454867124557495,0.031735908488432565,0.42219458719094594,0.42219458719094594,0.0,4.0,4.0,0.08733568340539932,0.37024998664855957,3.54913330078125,1290.0,1200.0,1100.0,1200.0,0.0,3.0,0.0,0.0,0.5064678192138672,1.196850299835205,1.3452681303024292,4.708419322967529,12.0
dynamic_prune,2,1,130,0.4693619275093079,0.43967018206914266,0.029691750605901082,0.41671589414278665,0.41671589414278665,0.0,4.0,4.0,0.0915534645318985,0.36298421025276184,3.5716192722320557,1300.0,1200.0,1100.0,1200.0,0.0,3.0,0.0,0.0,0.5064678192138672,1.196850299835205,1.3452681303024292,4.708419322967529,12.0
dynamic_prune,2,1,131,0.46534157037734986,0.43570038994153343,0.02964118346571922,0.41012281080087026,0.41012281080087026,0.0,4.0,4.0,0.09610722213983536,0.35580548644065857,3.5947089195251465,1310.0,1200.0,1100.0,1200.0,0.0,3.0,0.0,0.0,0.5064678192138672,1.196850299835205,1.3452681303024292,4.708419322967529,12.0
dynamic_prune,2,1,132,0.4510750575860341,0.4209548532962799,0.03012020841240883,0.408853018283844,0.408853018283844,0.0,4.0,4.0,0.10043343901634216,0.35434597730636597,3.615521192550659,1320.0,1200.0,1100.0,1200.0,0.0,3.0,0.0,0.0,0.5064678192138672,1.196850299835205,1.3452681303024292,4.708419322967529,12.0
dynamic_prune,2,1,133,0.4506505465507507,0.41980815649032593,0.030842391649882,0.40355900486310325,0.40355900486310325,0.0,4.0,4.0,0.1047186627984047,0.3565494120121002,3.635096311569214,1330.0,1200.0,1100.0,1200.0,0.0,3.0,0.0,0.0,0.5064678192138672,1.196850299835205,1.3452681303024292,4.708419322967529,12.0
dynamic_prune,2,1,134,0.44446789026260375,0.4142944002151489,0.030173491835594177,0.397087374329567,0.397087374329567,0.0,4.0,4.0,0.1088235154747963,0.35793977975845337,3.652768611907959,1340.0,1200.0,1100.0,1200.0,0.0,3.0,0.0,0.0,0.5064678192138672,1.196850299835205,1.3452681303024292,4.708419322967529,12.0
dynamic_prune,2,1,135,0.446762228012085,0.41726446549097695,0.029497767339150112,0.39536091128985085,0.39536091128985085,0.0,4.0,4.0,0.11232787370681763,0.3596569299697876,3.6668314933776855,1350.0,1200.0,1100.0,1200.0,0.0,3.0,0.0,0.0,0.5064678192138672,1.196850299835205,1.3452681303024292,4.708419322967529,12.0
dynamic_prune,2,1,136,0.4341681087017059,0.40409353335698445,0.030074569111069042,0.3901497568686803,0.3901497568686803,0.0,4.0,4.0,0.11713062971830368,0.36049458384513855,3.6856939792633057,1360.0,1200.0,1100.0,1200.0,0.0,3.0,0.0,0.0,0.5064678192138672,1.196850299835205,1.3452681303024292,4.708419322967529,12.0
dynamic_prune,2,1,137,0.42865641315778097,0.39913020928700765,0.029526203125715255,0.3847904944419861,0.3847904944419861,0.0,4.0,4.0,0.12203202396631241,0.3609873354434967,3.7039413452148438,1370.0,1200.0,1100.0,1200.0,0.0,3.0,0.0,0.0,0.5064678192138672,1.196850299835205,1.3452681303024292,4.708419322967529,12.0
dynamic_prune,2,1,138,0.41320693214734394,0.38534802516301475,0.02785890887180964,0.3804540719588598,0.3804540719588598,0.0,4.0,4.0,0.12596608698368073,0.36260339617729187,3.717244863510132,1380.0,1200.0,1100.0,1200.0,0.0,3.0,0.0,0.0,0.5064678192138672,1.196850299835205,1.3452681303024292,4.708419322967529,12.0
dynamic_prune,2,1,139,0.41465612014134723,0.38472660978635154,0.029929508219162623,0.380503422220548,0.380503422220548,0.0,4.0,4.0,0.13064566254615784,0.3635706603527069,3.732429265975952,1390.0,1200.0,1100.0,1200.0,0.0,3.0,0.0,0.0,0.5064678192138672,1.196850299835205,1.3452681303024292,4.708419322967529,12.0
dynamic_prune,2,1,140,0.4174733400344849,0.38807507475217184,0.029398271491130192,0.37514892041683195,0.37514892041683195,0.0,4.0,4.0,0.13448446989059448,0.3643932640552521,3.7441561222076416,1400.0,1200.0,1100.0,1200.0,0.0,3.0,0.0,0.0,0.5064678192138672,1.196850299835205,1.3452681303024292,4.708419322967529,12.0
dynamic_prune,2,1,141,0.40544203082720437,0.37714669823646546,0.028295334180196127,0.37250309586524966,0.37250309586524966,0.0,4.0,4.0,0.1380576491355896,0.36543789505958557,3.754206657409668,1410.0,1200.0,1100.0,1200.0,0.0,3.0,0.0,0.0,0.5064678192138672,1.196850299835205,1.3452681303024292,4.708419322967529,12.0
dynamic_prune,2,1,142,0.4112063244978587,0.381581343015035,0.029624983568986258,0.36450294971466063,0.36450294971466063,0.0,4.0,4.0,0.14228267967700958,0.3659215569496155,3.7659385204315186,1420.0,1200.0,1100.0,1200.0,0.0,3.0,0.0,0.0,0.5064678192138672,1.196850299835205,1.3452681303024292,4.708419322967529,12.0
dynamic_prune,2,1,143,0.39575525641441345,0.36800230741500856,0.02775295322140058,0.3613551014661789,0.3613551014661789,0.0,4.0,4.0,0.14546722173690796,0.36731472611427307,3.773268699645996,1430.0,1200.0,1100.0,1200.0,0.0,3.0,0.0,0.0,0.5064678192138672,1.196850299835205,1.3452681303024292,4.708419322967529,12.0
dynamic_prune,2,1,144,0.4117696265379588,0.38245734453201297,0.02931228550771872,0.3566775743166606,0.3566775743166606,0.0,4.0,4.0,0.14927344024181366,0.3674805462360382,3.7828714847564697,1440.0,1200.0,1100.0,1200.0,0.0,3.0,0.0,0.0,0.5064678192138672,1.196850299835205,1.3452681303024292,4.708419322967529,12.0
dynamic_prune,2,1,145,0.3990083901087443,0.3708230312665304,0.028185358196496965,0.35214391191800437,0.35214391191800437,0.0,4.0,4.0,0.15214140713214874,0.3682255446910858,3.7891218662261963,1450.0,1200.0,1100.0,1200.0,0.0,3.0,0.0,0.0,0.5064678192138672,1.196850299835205,1.3452681303024292,4.708419322967529,12.0
dynamic_prune,2,1,146,0.3901013501485189,0.36218576192855834,0.027915589610735574,0.35016531507174176,0.35016531507174176,0.0,4.0,4.0,0.15517432987689972,0.36909016966819763,3.7952325344085693,1460.0,1200.0,1100.0,1200.0,0.0,3.0,0.0,0.0,0.5064678192138672,1.196850299835205,1.3452681303024292,4.708419322967529,12.0
dynamic_prune,2,1,147,0.40520857731501264,0.37697577476501465,0.028232799569765727,0.346571212609609,0.346571212609609,0.0,4.0,4.0,0.15821848809719086,0.36943742632865906,3.8016252517700195,1470.0,1200.0,1100.0,1200.0,0.0,3.0,0.0,0.0,0.5064678192138672,1.196850299835205,1.3452681303024292,4.708419322967529,12.0
dynamic_prune,2,1,148,0.3780623944600423,0.35001834511756896,0.028044049342473346,0.34303247412045795,0.34303247412045795,0.0,4.0,4.0,0.16034270823001862,0.3703884780406952,3.8048861026763916,1480.0,1200.0,1100.0,1200.0,0.0,3.0,0.0,0.0,0.5064678192138672,1.196850299835205,1.3452681303024292,4.708419322967529,12.0
dynamic_prune,2,1,149,0.38590060114860536,0.35803977608680726,0.02786082198222478,0.34157335499922437,0.34157335499922437,0.0,4.0,4.0,0.16346672177314758,0.3707160949707031,3.8105645179748535,1490.0,1200.0,1100.0,1200.0,0.0,3.0,0.0,0.0,0.5064678192138672,1.196850299835205,1.3452681303024292,4.708419322967529,12.0
dynamic_prune,2,1,150,0.38505207538604735,0.3569987261295319,0.028053346325953802,0.33780792891979217,0.33780792891979217,0.0,4.0,4.0,0.1658627986907959,0.37140631675720215,3.8141276836395264,1500.0,1500.0,1500.0,1200.0,0.0,3.0,0.0,0.0,0.2402990311384201,0.5166401863098145,0.5430468916893005,1.0343259572982788,1.0
dynamic_prune,2,1,151,0.37663089831670127,0.3484808949629466,0.02815000558892886,0.3367695792516073,0.3367695792516073,0.0,4.0,4.0,0.16843561828136444,0.3718659281730652,3.817990303039551,1510.0,1500.0,1500.0,1200.0,0.0,3.0,0.0,0.0,0.2402990311384201,0.5166401863098145,0.5430468916893005,1.0343259572982788,1.0
dynamic_prune,2,1,152,0.38385045250256855,0.3555669546127319,0.028283500969409944,0.3350116632382075,0.3350116632382075,0.0,4.0,4.0,0.17042917013168335,0.3726397454738617,3.8201632499694824,1520.0,1500.0,1500.0,1200.0,0.0,3.0,0.0,0.0,0.2402990311384201,0.5166401863098145,0.5430468916893005,1.0343259572982788,1.0
dynamic_prune,2,1,153,0.38081580837567647,0.35234036922454837,0.028475441162784894,0.3284493714570999,0.3284493714570999,0.0,4.0,4.0,0.17199906706809998,0.3733534514904022,3.8215723037719727,1530.0,1500.0,1500.0,1200.0,0.0,3.0,0.0,0.0,0.2402990311384201,0.5166401863098145,0.5430468916893005,1.0343259572982788,1.0
dynamic_prune,2,1,154,0.3717522116502126,0.3432219449679057,0.028530266135931015,0.3306014672915141,0.3306014672915141,0.0,4.0,4.0,0.17373505234718323,0.3732200562953949,3.8243730068206787,1540.0,1500.0,1500.0,1200.0,0.0,3.0,0.0,0.0,0.2402990311384201,0.5166401863098145,0.5430468916893005,1.0343259572982788,1.0
dynamic_prune,2,1,155,0.3728833063443502,0.3460170106093089,0.0268662924071153,0.3271588985125224,0.3271588985125224,0.0,4.0,4.0,0.1748487800359726,0.3734656274318695,3.8256537914276123,1550.0,1500.0,1500.0,1200.0,0.0,3.0,0.0,0.0,0.2402990311384201,0.5166401863098145,0.5430468916893005,1.0343259572982788,1.0
dynamic_prune,2,1,156,0.36874772469202677,0.34233354608217875,0.026414177616437277,0.3254849234223366,0.3254849234223366,0.0,4.0,4.0,0.1756802350282669,0.37432217597961426,3.825547218322754,1560.0,1500.0,1500.0,1200.0,0.0,3.0,0.0,0.0,0.2402990311384201,0.5166401863098145,0.5430468916893005,1.0343259572982788,1.0
dynamic_prune,2,1,157,0.3656637156009674,0.3378132450580597,0.027850467165311178,0.3217268153031667,0.3217268153031667,0.0,4.0,4.0,0.17749813199043274,0.37495318055152893,3.827007293701172,1570.0,1500.0,1500.0,1200.0,0.0,3.0,0.0,0.0,0.2402990311384201,0.5166401863098145,0.5430468916893005,1.0343259572982788,1.0
dynamic_prune,2,1,158,0.3612631555398305,0.3331941644350688,0.02806898906826973,0.32325484265883764,0.32325484265883764,0.0,4.0,4.0,0.17928272485733032,0.37499117851257324,3.8292410373687744,1580.0,1500.0,1500.0,1200.0,0.0,3.0,0.0,0.0,0.2402990311384201,0.5166401863098145,0.5430468916893005,1.0343259572982788,1.0
dynamic_prune,2,1,159,0.3590091784795125,0.3312538623809814,0.027755319674809775,0.31941617916027704,0.31941617916027704,0.0,4.0,4.0,0.1799856722354889,0.3756415843963623,3.8290340900421143,1590.0,1500.0,1500.0,1200.0,0.0,3.0,0.0,0.0,0.2402990311384201,0.5166401863098145,0.5430468916893005,1.0343259572982788,1.0
dynamic_prune,2,1,160,0.35661758144696554,0.3310064474741618,0.02561113310356935,0.31112381448348364,0.31112381448348364,0.0,4.0,4.0,0.1803663671016693,0.37664294242858887,3.8278512954711914,1600.0,1600.0,1600.0,1200.0,0.0,3.0,0.0,0.0,0.20443980395793915,0.45920801162719727,0.625058650970459,1.2607386112213135,1.0
dynamic_prune,2,1,161,0.3489120674133301,0.32284701347351075,0.026065055479605994,0.3087892863154411,0.3087892863154411,0.0,4.0,4.0,0.18147552013397217,0.3773483633995056,3.8279030323028564,1610.0,1600.0,1600.0,1200.0,0.0,3.0,0.0,0.0,0.20443980395793915,0.45920801162719727,0.625058650970459,1.2607386112213135,1.0
dynamic_prune,2,1,162,0.34877578298250833,0.32226834138234456,0.026507442543903987,0.30755945305029553,0.30755945305029553,0.0,4.0,4.0,0.18216271698474884,0.37821900844573975,3.8271422386169434,1620.0,1600.0,1600.0,1200.0,0.0,3.0,0.0,0.0,0.20443980395793915,0.45920801162719727,0.625058650970459,1.2607386112213135,1.0
dynamic_prune,2,1,163,0.3401392157872518,0.3140398534138997,0.026099355816841127,0.30869911700487135,0.30869911700487135,0.0,4.0,4.0,0.18250258266925812,0.3790576159954071,3.82602858543396,1630.0,1600.0,1600.0,1200.0,0.0,3.0,0.0,0.0,0.20443980395793915,0.45920801162719727,0.625058650970459,1.2607386112213135,1.0
dynamic_prune,2,1,164,0.35623575329780577,0.32832372705141705,0.0279120272397995,0.3025711135069529,0.3025711135069529,0.0,4.0,4.0,0.18384331464767456,0.3790186643600464,3.827484369277954,1640.0,1600.0,1600.0,1200.0,0.0,3.0,0.0,0.0,0.20443980395793915,0.45920801162719727,0.625058650970459,1.2607386112213135,1.0
dynamic_prune,2,1,165,0.347589328289032,0.3194823396205902,0.028106985290845234,0.3018673288822174,0.3018673288822174,0.0,4.0,4.0,0.18444086611270905,0.37963277101516724,3.8269364833831787,1650.0,1600.0,1600.0,1200.0,0.0,3.0,0.0,0.0,0.20443980395793915,0.45920801162719727,0.625058650970459,1.2607386112213135,1.0
dynamic_prune,2,1,166,0.33245454033215843,0.30457572897275287,0.027878810962041218,0.29643892755111056,0.29643892755111056,0.0,4.0,4.0,0.18484753370285034,0.3804960250854492,3.825732707977295,1660.0,1600.0,1600.0,1200.0,0.0,3.0,0.0,0.0,0.20443980395793915,0.45920801162719727,0.625058650970459,1.2607386112213135,1.0
dynamic_prune,2,1,167,0.331675439675649,0.3034658686319987,0.028209568311770756,0.2915362321337064,0.2915362321337064,0.0,4.0,4.0,0.18561628460884094,0.38080695271492004,3.8258705139160156,1670.0,1600.0,1600.0,1200.0,0.0,3.0,0.0,0.0,0.20443980395793915,0.45920801162719727,0.625058650970459,1.2607386112213135,1.0
dynamic_prune,2,1,168,0.3379840171337128,0.3085818533102671,0.02940216049551964,0.29628769705692926,0.29628769705692926,0.0,4.0,4.0,0.18743105232715607,0.3815445005893707,3.826012134552002,1680.0,1600.0,1600.0,1200.0,0.0,3.0,0.0,0.0,0.20443980395793915,0.45920801162719727,0.625058650970459,1.2607386112213135,1.0
dynamic_prune,2,1,169,0.33448856910069785,0.30644846518834434,0.028040111660957337,0.29455557475487393,0.29455557475487393,0.0,4.0,4.0,0.18840426206588745,0.3818291425704956,3.826228380203247,1690.0,1600.0,1600.0,1200.0,0.0,3.0,0.0,0.0,0.20443980395793915,0.45920801162719727,0.625058650970459,1.2607386112213135,1.0
dynamic_prune,2,1,170,0.32966084957122804,0.30225531895955404,0.02740552785495917,0.2898196616768837,0.2898196616768837,0.0,4.0,4.0,0.18841654062271118,0.3819517195224762,3.826021432876587,1700.0,1700.0,1700.0,1200.0,0.0,3.0,0.0,0.0,0.22118841111660004,0.4688957929611206,0.5471435189247131,0.8819434642791748,0.0
dynamic_prune,2,1,171,0.32383871436119077,0.29688549717267354,0.02695322039226691,0.2895134112238884,0.2895134112238884,0.0,4.0,4.0,0.1888081580400467,0.38257279992103577,3.8250961303710938,1710.0,1700.0,1700.0,1200.0,0.0,3.0,0.0,0.0,0.22118841111660004,0.4688957929611206,0.5471435189247131,0.8819434642791748,0.0
dynamic_prune,2,1,172,0.3209601060549418,0.29321248332659405,0.02774762511253357,0.2878338067730268,0.2878338067730268,0.0,4.0,4.0,0.18852679431438446,0.3832806348800659,3.823500633239746,1720.0,1700.0,1700.0,1200.0,0.0,3.0,0.0,0.0,0.22118841111660004,0.4688957929611206,0.5471435189247131,0.8819434642791748,0.0
dynamic_prune,2,1,173,0.33288222312927246,0.30434496482213336,0.02853725532690684,0.28904771437247595,0.28904771437247595,0.0,4.0,4.0,0.18896551430225372,0.3828858435153961,3.8246138095855713,1730.0,1700.0,1700.0,1200.0,0.0,3.0,0.0,0.0,0.22118841111660004,0.4688957929611206,0.5471435189247131,0.8819434642791748,0.0
dynamic_prune,2,1,174,0.3162899645169576,0.2896014881134033,0.026688481469949087,0.28055590291817983,0.28055590291817983,0.0,4.0,4.0,0.1887986809015274,0.3836435079574585,3.8229894638061523,1740.0,1700.0,1700.0,1200.0,0.0,3.0,0.0,0.0,0.22118841111660004,0.4688957929611206,0.5471435189247131,0.8819434642791748,0.0
dynamic_prune,2,1,175,0.321402591864268,0.29501368522644045,0.026388907954096794,0.2847903405626615,0.2847903405626615,0.0,4.0,4.0,0.1896364986896515,0.3835828900337219,3.8237173557281494,1750.0,1700.0,1700.0,1200.0,0.0,3.0,0.0,0.0,0.22118841111660004,0.4688957929611206,0.5471435189247131,0.8819434642791748,0.0
dynamic_prune,2,1,176,0.3150416731834412,0.2888784646987915,0.026163205752770105,0.2775019609928131,0.2775019609928131,0.0,4.0,4.0,0.18965531885623932,0.3837740123271942,3.823356866836548,1760.0,1700.0,1700.0,1200.0,0.0,3.0,0.0,0.0,0.22118841111660004,0.4688957929611206,0.5471435189247131,0.8819434642791748,0.0
dynamic_prune,2,1,177,0.31866222858428955,0.290570809841156,0.02809142217040062,0.286345389286677,0.286345389286677,0.0,4.0,4.0,0.18930160999298096,0.3843022882938385,3.822056531906128,1770.0,1700.0,1700.0,1200.0,0.0,3.0,0.0,0.0,0.22118841111660004,0.4688957929611206,0.5471435189247131,0.8819434642791748,0.0
dynamic_prune,2,1,178,0.31191872398058573,0.284433358112971,0.027485369195540746,0.2744767037034035,0.2744767037034035,0.0,4.0,4.0,0.18923263251781464,0.3846655786037445,3.821251153945923,1780.0,1700.0,1700.0,1200.0,0.0,3.0,0.0,0.0,0.22118841111660004,0.4688957929611206,0.5471435189247131,0.8819434642791748,0.0
dynamic_prune,2,1,179,0.3077284018198649,0.28025659382343293,0.027471811572710673,0.2742417813340823,0.2742417813340823,0.0,4.0,4.0,0.1892174333333969,0.3849649727344513,3.820648193359375,1790.0,1700.0,1700.0,1200.0,0.0,3.0,0.0,0.0,0.22118841111660004,0.4688957929611206,0.5471435189247131,0.8819434642791748,0.0
dynamic_prune,2,1,180,0.30879722436269125,0.28181179801623024,0.02698542575041453,0.26904505719741184,0.26904505719741184,0.0,4.0,4.0,0.18863022327423096,0.3857075572013855,3.818697929382324,1800.0,1800.0,1800.0,1200.0,0.0,3.0,0.0,0.0,0.24202153086662292,0.4496126174926758,0.5836371183395386,1.8245854377746582,1.0
dynamic_prune,2,1,181,0.30750818689664206,0.2806391187508901,0.02686906640728315,0.27160465727249783,0.27160465727249783,0.0,4.0,4.0,0.18825379014015198,0.3860524892807007,3.8177342414855957,1810.0,1800.0,1800.0,1200.0,0.0,3.0,0.0,0.0,0.24202153086662292,0.4496126174926758,0.5836371183395386,1.8245854377746582,1.0
dynamic_prune,2,1,182,0.30722169001897176,0.27937095204989115,0.027850737695892653,0.2684888078769048,0.2684888078769048,0.0,4.0,4.0,0.1882306933403015,0.38608112931251526,3.8176679611206055,1820.0,1800.0,1800.0,1200.0,0.0,3.0,0.0,0.0,0.24202153086662292,0.4496126174926758,0.5836371183395386,1.8245854377746582,1.0
dynamic_prune,2,1,183,0.3020025451978048,0.2754056374231974,0.02659690722823143,0.267212266822656,0.267212266822656,0.0,4.0,4.0,0.1882091760635376,0.38685810565948486,3.816042423248291,1830.0,1800.0,1800.0,1200.0,0.0,3.0,0.0,0.0,0.24202153086662292,0.4496126174926758,0.5836371183395386,1.8245854377746582,1.0
dynamic_prune,2,1,184,0.30005128065745035,0.2729962706565857,0.027055016582210857,0.26547455300887424,0.26547455300887424,0.0,4.0,4.0,0.18857628107070923,0.38698095083236694,3.816042423248291,1840.0,1800.0,1800.0,1200.0,0.0,3.0,0.0,0.0,0.24202153086662292,0.4496126174926758,0.5836371183395386,1.8245854377746582,1.0
dynamic_prune,2,1,185,0.3001106139024099,0.27149190227190656,0.028618707259496053,0.26721246898174283,0.26721246898174283,0.0,4.0,4.0,0.1889411062002182,0.38717350363731384,3.8159091472625732,1850.0,1800.0,1800.0,1200.0,0.0,3.0,0.0,0.0,0.24202153086662292,0.4496126174926758,0.5836371183395386,1.8245854377746582,1.0
dynamic_prune,2,1,186,0.2970339687665304,0.2692822313308716,0.027751738925774892,0.26019108057022095,0.26019108057022095,0.0,4.0,4.0,0.18836480379104614,0.387286514043808,3.81528639793396,1860.0,1800.0,1800.0,1200.0,0.0,3.0,0.0,0.0,0.24202153086662292,0.4496126174926758,0.5836371183395386,1.8245854377746582,1.0
dynamic_prune,2,1,187,0.30195558110872905,0.2733158818880717,0.02863969845076402,0.26037886401017507,0.26037886401017507,0.0,4.0,4.0,0.18819795548915863,0.387719064950943,3.8142502307891846,1870.0,1800.0,1800.0,1200.0,0.0,3.0,0.0,0.0,0.24202153086662292,0.4496126174926758,0.5836371183395386,1.8245854377746582,1.0
dynamic_prune,2,1,188,0.29052863240242005,0.26369123816490175,0.026837398832043013,0.2522014084458351,0.2522014084458351,0.0,4.0,4.0,0.1878935694694519,0.3880177140235901,3.813443899154663,1880.0,1800.0,1800.0,1200.0,0.0,3.0,0.0,0.0,0.24202153086662292,0.4496126174926758,0.5836371183395386,1.8245854377746582,1.0
dynamic_prune,2,1,189,0.28422778348128,0.25646336158116656,0.02776442324121793,0.2595411664247513,0.2595411664247513,0.0,4.0,4.0,0.18769928812980652,0.3885820806026459,3.8121471405029297,1890.0,1800.0,1800.0,1200.0,0.0,3.0,0.0,0.0,0.24202153086662292,0.4496126174926758,0.5836371183395386,1.8245854377746582,1.0
dynamic_prune,2,1,190,0.30020403464635215,0.2706413408120473,0.029562691946824392,0.25422077586253483,0.25422077586253483,0.0,4.0,4.0,0.1877516359090805,0.389009952545166,3.8112714290618896,1900.0,1900.0,1900.0,1200.0,0.0,3.0,0.0,0.0,0.1864970177412033,0.4670051336288452,0.5888217091560364,1.0435214042663574,1.0
dynamic_prune,2,1,191,0.2873688745498657,0.2592161923646927,0.02815268002450466,0.24498082747062047,0.24498082747062047,0.0,4.0,4.0,0.18775857985019684,0.38924986124038696,3.8107492923736572,1910.0,1900.0,1900.0,1200.0,0.0,3.0,0.0,0.0,0.1864970177412033,0.4670051336288452,0.5888217091560364,1.0435214042663574,1.0
dynamic_prune,2,1,192,0.28841210881869,0.26029594004154205,0.0281161634127299,0.2518888780474663,0.2518888780474663,0.0,4.0,4.0,0.1880204975605011,0.3897426128387451,3.8098697662353516,1920.0,1900.0,1900.0,1200.0,0.0,3.0,0.0,0.0,0.1864970177412033,0.4670051336288452,0.5888217091560364,1.0435214042663574,1.0
dynamic_prune,2,1,193,0.29169414440790814,0.2633056128025055,0.028388531828920045,0.24481111745039622,0.24481111745039622,0.0,4.0,4.0,0.1879168450832367,0.3901212513446808,3.809001922607422,1930.0,1900.0,1900.0,1200.0,0.0,3.0,0.0,0.0,0.1864970177412033,0.4670051336288452,0.5888217091560364,1.0435214042663574,1.0
dynamic_prune,2,1,194,0.30732963840166727,0.2780178858836492,0.02931174948811531,0.24835468113422393,0.24835468113422393,0.0,4.0,4.0,0.18827000260353088,0.39052271842956543,3.8083760738372803,1940.0,1900.0,1900.0,1200.0,0.0,3.0,0.0,0.0,0.1864970177412033,0.4670051336288452,0.5888217091560364,1.0435214042663574,1.0
dynamic_prune,2,1,195,0.2891054340203603,0.2600879991054535,0.029017437398433685,0.2418924946586291,0.2418924946586291,0.0,4.0,4.0,0.18846988677978516,0.3904358446598053,3.8086838722229004,1950.0,1900.0,1900.0,1200.0,0.0,3.0,0.0,0.0,0.1864970177412033,0.4670051336288452,0.5888217091560364,1.0435214042663574,1.0
dynamic_prune,2,1,196,0.2880141826470693,0.2577884656190872,0.03022571951150894,0.24802341183026633,0.24802341183026633,0.0,4.0,4.0,0.18828469514846802,0.39111021161079407,3.807100534439087,1960.0,1900.0,1900.0,1200.0,0.0,3.0,0.0,0.0,0.1864970177412033,0.4670051336288452,0.5888217091560364,1.0435214042663574,1.0
dynamic_prune,2,1,197,0.27261012375354765,0.24443653563658396,0.028173590153455733,0.23575785468022029,0.23575785468022029,0.0,4.0,4.0,0.18768538534641266,0.39174187183380127,3.8053667545318604,1970.0,1900.0,1900.0,1200.0,0.0,3.0,0.0,0.0,0.1864970177412033,0.4670051336288452,0.5888217091560364,1.0435214042663574,1.0
dynamic_prune,2,1,198,0.2903623803456624,0.25993829548358915,0.030424089829126994,0.23882959961891173,0.23882959961891173,0.0,4.0,4.0,0.18806049227714539,0.39116376638412476,3.806884527206421,1980.0,1900.0,1900.0,1200.0,0.0,3.0,0.0,0.0,0.1864970177412033,0.4670051336288452,0.5888217091560364,1.0435214042663574,1.0
dynamic_prune,2,1,199,0.28715204079945883,0.2581091741720835,0.02904286834100882,0.2337138565381368,0.2337138565381368,0.0,4.0,4.0,0.18796104192733765,0.3915700316429138,3.8059535026550293,1990.0,1900.0,1900.0,1200.0,0.0,3.0,0.0,0.0,0.1864970177412033,0.4670051336288452,0.5888217091560364,1.0435214042663574,1.0
dynamic_prune,2,1,200,0.28890669385592144,0.25795432368914284,0.03095237001776695,0.23962221135695774,0.23962221135695774,0.0,4.0,4.0,0.1878747195005417,0.3915030062198639,3.806043863296509,2000.0,2000.0,2000.0,1200.0,0.0,3.0,0.0,0.0,0.23979705572128296,0.5767346620559692,0.7233919501304626,1.204756498336792,1.0
dynamic_prune,2,1,201,0.2795231727759043,0.24993083298206328,0.029592338452736535,0.2269520299633344,0.2269520299633344,0.0,4.0,4.0,0.1872246414422989,0.3918408155441284,3.804928779602051,2010.0,2000.0,2000.0,1200.0,0.0,3.0,0.0,0.0,0.23979705572128296,0.5767346620559692,0.7233919501304626,1.204756498336792,1.0
dynamic_prune,2,1,202,0.2715545666217804,0.24185935119787852,0.029695213288068772,0.23675723026196163,0.23675723026196163,0.0,4.0,4.0,0.18706318736076355,0.39208781719207764,3.804309129714966,2020.0,2000.0,2000.0,1200.0,0.0,3.0,0.0,0.0,0.23979705572128296,0.5767346620559692,0.7233919501304626,1.204756498336792,1.0
dynamic_prune,2,1,203,0.2732814117272695,0.24296512544155122,0.030316287701328597,0.2300123060743014,0.2300123060743014,0.0,4.0,4.0,0.18714018166065216,0.392629474401474,3.803144693374634,2030.0,2000.0,2000.0,1200.0,0.0,3.0,0.0,0.0,0.23979705572128296,0.5767346620559692,0.7233919501304626,1.204756498336792,1.0
dynamic_prune,2,1,204,0.27356841683387756,0.24399225334326427,0.02957616706689199,0.23749294767777124,0.23749294767777124,0.0,4.0,4.0,0.18668682873249054,0.39270690083503723,3.802746534347534,2040.0,2000.0,2000.0,1200.0,0.0,3.0,0.0,0.0,0.23979705572128296,0.5767346620559692,0.7233919501304626,1.204756498336792,1.0
dynamic_prune,2,1,205,0.26963969945907595,0.23997026165326438,0.029669438103834787,0.23092631975809733,0.23092631975809733,0.0,4.0,4.0,0.1864587813615799,0.393057644367218,3.801820993423462,2050.0,2000.0,2000.0,1200.0,0.0,3.0,0.0,0.0,0.23979705572128296,0.5767346620559692,0.7233919501304626,1.204756498336792,1.0
dynamic_prune,2,1,206,0.2624238840738932,0.2334719846645991,0.02895189940929413,0.23185064574082692,0.23185064574082692,0.0,4.0,4.0,0.18636366724967957,0.39330098032951355,3.801239252090454,2060.0,2000.0,2000.0,1200.0,0.0,3.0,0.0,0.0,0.23979705572128296,0.5767346620559692,0.7233919501304626,1.204756498336792,1.0
dynamic_prune,2,1,207,0.26703027804692586,0.23728133916854857,0.029748942479491235,0.24346021473407745,0.24346021473407745,0.0,4.0,4.0,0.18626779317855835,0.3935876786708832,3.8005614280700684,2070.0,2000.0,2000.0,1200.0,0.0,3.0,0.0,0.0,0.23979705572128296,0.5767346620559692,0.7233919501304626,1.204756498336792,1.0
dynamic_prune,2,1,208,0.25653226574261984,0.22768369456132254,0.028848573515812555,0.2444853775203228,0.2444853775203228,0.0,4.0,4.0,0.18633946776390076,0.3939564824104309,3.799802541732788,2080.0,2000.0,2000.0,1200.0,0.0,3.0,0.0,0.0,0.23979705572128296,0.5767346620559692,0.7233919501304626,1.204756498336792,1.0
dynamic_prune,2,1,209,0.2845639276504517,0.2537570802370707,0.030806849201520284,0.2505560934046904,0.2505560934046904,0.0,4.0,4.0,0.18642234802246094,0.3943982422351837,3.798898696899414,2090.0,2000.0,2000.0,1200.0,0.0,3.0,0.0,0.0,0.23979705572128296,0.5767346620559692,0.7233919501304626,1.204756498336792,1.0
dynamic_prune,2,1,210,0.2591072889169057,0.22865103205045065,0.0304562579592069,0.23860216811299323,0.23860216811299323,0.0,4.0,4.0,0.18628527224063873,0.39464059472084045,3.7982640266418457,2100.0,2100.0,2100.0,1200.0,0.0,3.0,0.0,0.0,0.28915709257125854,0.612533450126648,0.9035625457763672,1.4369173049926758,4.0
dynamic_prune,2,1,211,0.2825598955154419,0.25074558933575947,0.03181430608034134,0.24994836504260698,0.24994836504260698,0.0,4.0,4.0,0.18646077811717987,0.39450201392173767,3.7987067699432373,2110.0,2100.0,2100.0,1200.0,0.0,3.0,0.0,0.0,0.28915709257125854,0.612533450126648,0.9035625457763672,1.4369173049926758,4.0
dynamic_prune,2,1,212,0.25737096707026164,0.22936784466107688,0.028003123303254444,0.22150468274950982,0.22150468274950982,0.0,4.0,4.0,0.18623356521129608,0.3948286175727844,3.7978456020355225,2120.0,2100.0,2100.0,1200.0,0.0,3.0,0.0,0.0,0.28915709257125854,0.612533450126648,0.9035625457763672,1.4369173049926758,4.0
dynamic_prune,2,1,213,0.29047931989034015,0.2586389315128326,0.03184038996696472,0.2512093595167001,0.2512093595167001,0.0,4.0,4.0,0.18634875118732452,0.3945465385913849,3.798583745956421,2130.0,2100.0,2100.0,1200.0,0.0,3.0,0.0,0.0,0.28915709257125854,0.612533450126648,0.9035625457763672,1.4369173049926758,4.0
dynamic_prune,2,1,214,0.271486884355545,0.2415585196018219,0.029928358842929204,0.23482601046562196,0.23482601046562196,0.0,4.0,4.0,0.1854185312986374,0.39488762617111206,3.797273874282837,2140.0,2100.0,2100.0,1200.0,0.0,3.0,0.0,0.0,0.28915709257125854,0.612533450126648,0.9035625457763672,1.4369173049926758,4.0
dynamic_prune,2,1,215,0.2664178597927094,0.23547038197517395,0.030947479034463564,0.2450356546541055,0.2450356546541055,0.0,4.0,4.0,0.18513044714927673,0.39490947127342224,3.7970142364501953,2150.0,2100.0,2100.0,1200.0,0.0,3.0,0.0,0.0,0.28915709257125854,0.612533450126648,0.9035625457763672,1.4369173049926758,4.0
dynamic_prune,2,1,216,0.25765867431958517,0.2267654432853063,0.030893231829007467,0.23278703192869823,0.23278703192869823,0.0,4.0,4.0,0.18463639914989471,0.39466720819473267,3.797268867492676,2160.0,2100.0,2100.0,1200.0,0.0,3.0,0.0,0.0,0.28915709257125854,0.612533450126648,0.9035625457763672,1.4369173049926758,4.0
dynamic_prune,2,1,217,0.2616472810506821,0.23042458593845366,0.031222699334224065,0.23761626775066058,0.23761626775066058,0.0,4.0,4.0,0.18514572083950043,0.3948642909526825,3.7971503734588623,2170.0,2100.0,2100.0,1200.0,0.0,3.0,0.0,0.0,0.28915709257125854,0.612533450126648,0.9035625457763672,1.4369173049926758,4.0
dynamic_prune,2,1,218,0.25609037359555564,0.22421769162019095,0.03187268398702145,0.237618550658226,0.237618550658226,0.0,4.0,4.0,0.18507350981235504,0.39496850967407227,3.796898365020752,2180.0,2100.0,2100.0,1200.0,0.0,3.0,0.0,0.0,0.28915709257125854,0.612533450126648,0.9035625457763672,1.4369173049926758,4.0
dynamic_prune,2,1,219,0.2415893284479777,0.21204045434792837,0.029548874298731487,0.2332230292260647,0.2332230292260647,0.0,4.0,4.0,0.18496249616146088,0.3948594033718109,3.7970869541168213,2190.0,2100.0,2100.0,1200.0,0.0,3.0,0.0,0.0,0.28915709257125854,0.612533450126648,0.9035625457763672,1.4369173049926758,4.0
dynamic_prune,2,1,220,0.2928644502162933,0.2605750040213267,0.03228944664200147,0.24369619463880857,0.24369619463880857,0.0,4.0,4.0,0.1853739619255066,0.3946111500263214,3.7979366779327393,2200.0,2200.0,2200.0,1200.0,0.0,3.0,0.0,0.0,0.23424145579338074,0.5197048187255859,0.60508131980896,1.10127592086792,1.0
dynamic_prune,2,1,221,0.2646340028444926,0.2342202854156494,0.030413716435432434,0.2258814329902331,0.2258814329902331,0.0,4.0,4.0,0.18512655794620514,0.39457380771636963,3.7978594303131104,2210.0,2200.0,2200.0,1200.0,0.0,3.0,0.0,0.0,0.23424145579338074,0.5197048187255859,0.60508131980896,1.10127592086792,1.0
dynamic_prune,2,1,222,0.27067081848780317,0.2374927169084549,0.03317810162901878,0.23730992247660954,0.23730992247660954,0.0,4.0,4.0,0.18544138967990875,0.3942505419254303,3.798779249191284,2220.0,2200.0,2200.0,1200.0,0.0,3.0,0.0,0.0,0.23424145579338074,0.5197048187255859,0.60508131980896,1.10127592086792,1.0
dynamic_prune,2,1,223,0.25907883365948997,0.22805355985959372,0.031025273849566777,0.22871540208657581,0.22871540208657581,0.0,4.0,4.0,0.18491588532924652,0.3940233290195465,3.7989532947540283,2230.0,2200.0,2200.0,1200.0,0.0,3.0,0.0,0.0,0.23424145579338074,0.5197048187255859,0.60508131980896,1.10127592086792,1.0
dynamic_prune,2,1,224,0.25385444323221845,0.22192027449607848,0.03193417022625605,0.22872431710362434,0.22872431710362434,0.0,4.0,4.0,0.18445365130901337,0.3943905830383301,3.7977967262268066,2240.0,2200.0,2200.0,1200.0,0.0,3.0,0.0,0.0,0.23424145579338074,0.5197048187255859,0.60508131980896,1.10127592086792,1.0
dynamic_prune,2,1,225,0.2585351324081421,0.2266282347838084,0.0319068972269694,0.22709255014856655,0.22709255014856655,0.0,4.0,4.0,0.18484289944171906,0.39439111948013306,3.7980966567993164,2250.0,2200.0,2200.0,1200.0,0.0,3.0,0.0,0.0,0.23424145579338074,0.5197048187255859,0.60508131980896,1.10127592086792,1.0
dynamic_prune,2,1,226,0.26744304537773134,0.2344230361779531,0.033020009299119316,0.22656701614459357,0.22656701614459357,0.0,4.0,4.0,0.18529051542282104,0.3939191699028015,3.7994496822357178,2260.0,2200.0,2200.0,1200.0,0.0,3.0,0.0,0.0,0.23424145579338074,0.5197048187255859,0.60508131980896,1.10127592086792,1.0
dynamic_prune,2,1,227,0.23767065485318503,0.20620742777983347,0.03146322583158811,0.22859474758307138,0.22859474758307138,0.0,4.0,4.0,0.18530207872390747,0.39405933022499084,3.7991535663604736,2270.0,2200.0,2200.0,1200.0,0.0,3.0,0.0,0.0,0.23424145579338074,0.5197048187255859,0.60508131980896,1.10127592086792,1.0
dynamic_prune,2,1,228,0.2460560886065165,0.2136523097753525,0.032403780271609624,0.22569382588068646,0.22569382588068646,0.0,4.0,4.0,0.18558566272258759,0.39412710070610046,3.799168109893799,2280.0,2200.0,2200.0,1200.0,0.0,3.0,0.0,0.0,0.23424145579338074,0.5197048187255859,0.60508131980896,1.10127592086792,1.0
dynamic_prune,2,1,229,0.2295682179927826,0.1976308560371399,0.03193736245234807,0.22175615454713504,0.22175615454713504,0.0,4.0,4.0,0.18555578589439392,0.3943995237350464,3.7985470294952393,2290.0,2200.0,2200.0,1200.0,0.0,3.0,0.0,0.0,0.23424145579338074,0.5197048187255859,0.60508131980896,1.10127592086792,1.0
dynamic_prune,2,1,230,0.2891000457604726,0.2540062395731608,0.03509380931655566,0.23544098416964213,0.23544098416964213,0.0,4.0,4.0,0.1856081485748291,0.3943966329097748,3.798628091812134,2300.0,2300.0,2300.0,1200.0,0.0,3.0,0.0,0.0,0.2827693819999695,0.613203763961792,0.8404350280761719,1.3051652908325195,3.0
dynamic_prune,2,1,231,0.26309990406036377,0.2296690042813619,0.033430905068914094,0.21698614473144212,0.21698614473144212,0.0,4.0,4.0,0.1853671371936798,0.3945038616657257,3.7982656955718994,2310.0,2300.0,2300.0,1200.0,0.0,3.0,0.0,0.0,0.2827693819999695,0.613203763961792,0.8404350280761719,1.3051652908325195,3.0
dynamic_prune,2,1,232,0.24181413690249126,0.20997860411802927,0.03183553407589595,0.20056668058037758,0.20056668058037758,0.0,4.0,4.0,0.1851092427968979,0.39443638920783997,3.798243284225464,2320.0,2300.0,2300.0,1200.0,0.0,3.0,0.0,0.0,0.2827693819999695,0.613203763961792,0.8404350280761719,1.3051652908325195,3.0
dynamic_prune,2,1,233,0.24885877211888632,0.21489053150018056,0.03396824469168981,0.21273030484716096,0.21273030484716096,0.0,4.0,4.0,0.18510565161705017,0.39436089992523193,3.798409938812256,2330.0,2300.0,2300.0,1200.0,0.0,3.0,0.0,0.0,0.2827693819999695,0.613203763961792,0.8404350280761719,1.3051652908325195,3.0
dynamic_prune,2,1,234,0.26765740831693013,0.23342703700065612,0.03423037399848302,0.21173528621594112,0.21173528621594112,0.0,4.0,4.0,0.1858224868774414,0.3945534825325012,3.798442840576172,2340.0,2300.0,2300.0,1200.0,0.0,3.0,0.0,0.0,0.2827693819999695,0.613203763961792,0.8404350280761719,1.3051652908325195,3.0
dynamic_prune,2,1,235,0.23892056226730346,0.2057798574368159,0.03314070517818133,0.23274220342437427,0.23274220342437427,0.0,4.0,4.0,0.18566182255744934,0.3949475884437561,3.797433614730835,2350.0,2300.0,2300.0,1200.0,0.0,3.0,0.0,0.0,0.2827693819999695,0.613203763961792,0.8404350280761719,1.3051652908325195,3.0
dynamic_prune,2,1,236,0.2449046125014623,0.21070378998915354,0.03420082236329714,0.21416764949758849,0.21416764949758849,0.0,4.0,4.0,0.18511636555194855,0.39542725682258606,3.7959818840026855,2360.0,2300.0,2300.0,1200.0,0.0,3.0,0.0,0.0,0.2827693819999695,0.613203763961792,0.8404350280761719,1.3051652908325195,3.0
dynamic_prune,2,1,237,0.23088595310846965,0.19839192231496175,0.032494033177693685,0.21291184052824974,0.21291184052824974,0.0,4.0,4.0,0.184747576713562,0.39543208479881287,3.79569411277771,2370.0,2300.0,2300.0,1200.0,0.0,3.0,0.0,0.0,0.2827693819999695,0.613203763961792,0.8404350280761719,1.3051652908325195,3.0
dynamic_prune,2,1,238,0.2519215194384257,0.2163446092605591,0.035576911071936286,0.22743083889285723,0.22743083889285723,0.0,4.0,4.0,0.18438631296157837,0.3955536484718323,3.7951877117156982,2380.0,2300.0,2300.0,1200.0,0.0,3.0,0.0,0.0,0.2827693819999695,0.613203763961792,0.8404350280761719,1.3051652908325195,3.0
dynamic_prune,2,1,239,0.2834933626651764,0.24579472621281942,0.037698635756969454,0.24124815538525582,0.24124815538525582,0.0,4.0,4.0,0.18504466116428375,0.3958360254764557,3.795034885406494,2390.0,2300.0,2300.0,1200.0,0.0,3.0,0.0,0.0,0.2827693819999695,0.613203763961792,0.8404350280761719,1.3051652908325195,3.0
dynamic_prune,2,1,240,0.22423742532730104,0.1920871279637019,0.032150294383366904,0.21269639551639558,0.21269639551639558,0.0,4.0,4.0,0.18507511913776398,0.39601466059684753,3.794623613357544,2400.0,2400.0,2400.0,1200.0,0.0,3.0,0.0,0.0,0.25830382108688354,0.5800244808197021,0.7262157201766968,1.809685230255127,3.0
dynamic_prune,2,1,241,0.2543636163075765,0.21878822644551596,0.0355753880739212,0.21191601435343424,0.21191601435343424,0.0,4.0,4.0,0.18544353544712067,0.39620301127433777,3.794417142868042,2410.0,2400.0,2400.0,1200.0,0.0,3.0,0.0,0.0,0.25830382108688354,0.5800244808197021,0.7262157201766968,1.809685230255127,3.0
dynamic_prune,2,1,242,0.24411516944567363,0.20943113009134928,0.03468403940399488,0.2069612063964208,0.2069612063964208,0.0,4.0,4.0,0.18533818423748016,0.3962201476097107,3.7943170070648193,2420.0,2400.0,2400.0,1200.0,0.0,3.0,0.0,0.0,0.25830382108688354,0.5800244808197021,0.7262157201766968,1.809685230255127,3.0
dynamic_prune,2,1,243,0.22332773248354593,0.18902734259764353,0.03430039038260778,0.21135580226778983,0.21135580226778983,0.0,4.0,4.0,0.1850181668996811,0.39643704891204834,3.7936203479766846,2430.0,2400.0,2400.0,1200.0,0.0,3.0,0.0,0.0,0.25830382108688354,0.5800244808197021,0.7262157201766968,1.809685230255127,3.0
dynamic_prune,2,1,244,0.24885586539904275,0.21444407224655151,0.03441179409623146,0.2105283311009407,0.2105283311009407,0.0,4.0,4.0,0.18535563349723816,0.39661020040512085,3.7934248447418213,2440.0,2400.0,2400.0,1200.0,0.0,3.0,0.0,0.0,0.25830382108688354,0.5800244808197021,0.7262157201766968,1.809685230255127,3.0
dynamic_prune,2,1,245,0.25474780519803364,0.2182409010330836,0.03650690481066704,0.2224947493771712,0.2224947493771712,0.0,4.0,4.0,0.18542329967021942,0.39666786789894104,3.7933592796325684,2450.0,2400.0,2400.0,1200.0,0.0,3.0,0.0,0.0,0.25830382108688354,0.5800244808197021,0.7262157201766968,1.809685230255127,3.0
dynamic_prune,2,1,246,0.23598292628924053,0.20009451369444528,0.03588841259479523,0.20437827641765277,0.20437827641765277,0.0,4.0,4.0,0.18494145572185516,0.3966938555240631,3.7929649353027344,2460.0,2400.0,2400.0,1200.0,0.0,3.0,0.0,0.0,0.25830382108688354,0.5800244808197021,0.7262157201766968,1.809685230255127,3.0
dynamic_prune,2,1,247,0.2251022203763326,0.19244367361068726,0.03265855004390081,0.21123960162202518,0.21123960162202518,0.0,4.0,4.0,0.18486490845680237,0.3967380225658417,3.792842388153076,2470.0,2400.0,2400.0,1200.0,0.0,3.0,0.0,0.0,0.25830382108688354,0.5800244808197021,0.7262157201766968,1.809685230255127,3.0
dynamic_prune,2,1,248,0.2457850162188212,0.21046004792054493,0.03532496655980746,0.20669595489899317,0.20669595489899317,0.0,4.0,4.0,0.18505054712295532,0.39694944024086,3.792452812194824,2480.0,2400.0,2400.0,1200.0,0.0,3.0,0.0,0.0,0.25830382108688354,0.5800244808197021,0.7262157201766968,1.809685230255127,3.0
dynamic_prune,2,1,249,0.22084796984990437,0.18519789973894754,0.03565006832281748,0.23265389248728752,0.23265389248728752,0.0,4.0,4.0,0.184869647026062,0.3971334397792816,3.7919132709503174,2490.0,2400.0,2400.0,1200.0,0.0,3.0,0.0,0.0,0.25830382108688354,0.5800244808197021,0.7262157201766968,1.809685230255127,3.0
dynamic_prune,2,1,250,0.26535833477973936,0.22899879256884256,0.03635954464475314,0.19569498638312022,0.19569498638312022,0.0,4.0,4.0,0.18464216589927673,0.39690741896629333,3.792353630065918,2500.0,2500.0,2500.0,1200.0,0.0,3.0,0.0,0.0,0.3183384835720062,0.6771218776702881,0.861910343170166,2.2287402153015137,5.0
dynamic_prune,2,1,251,0.21838148872057597,0.18477695961793264,0.03360453243056933,0.19543521200617153,0.19543521200617153,0.0,4.0,4.0,0.18479326367378235,0.3969995379447937,3.7922232151031494,2510.0,2500.0,2500.0,1200.0,0.0,3.0,0.0,0.0,0.3183384835720062,0.6771218776702881,0.861910343170166,2.2287402153015137,5.0
dynamic_prune,2,1,252,0.22801530281702678,0.19112791498502096,0.036887388030687966,0.20406864712635675,0.20406864712635675,0.0,4.0,4.0,0.18476182222366333,0.3972684144973755,3.791581392288208,2520.0,2500.0,2500.0,1200.0,0.0,3.0,0.0,0.0,0.3183384835720062,0.6771218776702881,0.861910343170166,2.2287402153015137,5.0
dynamic_prune,2,1,253,0.23034416556358336,0.19636286854743956,0.033981297860542936,0.19477532202998796,0.19477532202998796,0.0,4.0,4.0,0.18483833968639374,0.39717066287994385,3.791811227798462,2530.0,2500.0,2500.0,1200.0,0.0,3.0,0.0,0.0,0.3183384835720062,0.6771218776702881,0.861910343170166,2.2287402153015137,5.0
dynamic_prune,2,1,254,0.26210209131240847,0.22406968514124553,0.03803240686655045,0.19861192405223846,0.19861192405223846,0.0,4.0,4.0,0.18401826918125153,0.3971507251262665,3.791372299194336,2540.0,2500.0,2500.0,1200.0,0.0,3.0,0.0,0.0,0.3183384835720062,0.6771218776702881,0.861910343170166,2.2287402153015137,5.0
dynamic_prune,2,1,255,0.21612858533859253,0.18199827134609223,0.03413031361997128,0.17228057583173115,0.17228057583173115,0.0,4.0,4.0,0.18398548662662506,0.39703086018562317,3.791619062423706,2550.0,2500.0,2500.0,1200.0,0.0,3.0,0.0,0.0,0.3183384835720062,0.6771218776702881,0.861910343170166,2.2287402153015137,5.0
dynamic_prune,2,1,256,0.2311142675081889,0.19431517442067464,0.03679909070332845,0.21614994262655576,0.21614994262655576,0.0,4.0,4.0,0.18371301889419556,0.3969094455242157,3.791743278503418,2560.0,2500.0,2500.0,1200.0,0.0,3.0,0.0,0.0,0.3183384835720062,0.6771218776702881,0.861910343170166,2.2287402153015137,5.0
dynamic_prune,2,1,257,0.23860200524330138,0.2021002827088038,0.03650172303120295,0.2053613270819187,0.2053613270819187,0.0,4.0,4.0,0.18361042439937592,0.39686766266822815,3.791797399520874,2570.0,2500.0,2500.0,1200.0,0.0,3.0,0.0,0.0,0.3183384835720062,0.6771218776702881,0.861910343170166,2.2287402153015137,5.0
dynamic_prune,2,1,258,0.2278088190158208,0.19184410313765207,0.035964714934428536,0.20012682581941288,0.20012682581941288,0.0,4.0,4.0,0.1831015646457672,0.3970574736595154,3.7910172939300537,2580.0,2500.0,2500.0,1200.0,0.0,3.0,0.0,0.0,0.3183384835720062,0.6771218776702881,0.861910343170166,2.2287402153015137,5.0
dynamic_prune,2,1,259,0.27558272977670034,0.23694516897201537,0.03863755827148756,0.19453712766369183,0.19453712766369183,0.0,4.0,4.0,0.18323446810245514,0.396724134683609,3.7918686866760254,2590.0,2500.0,2500.0,1200.0,0.0,3.0,0.0,0.0,0.3183384835720062,0.6771218776702881,0.861910343170166,2.2287402153015137,5.0
dynamic_prune,2,1,260,0.231958504319191,0.19612435817718507,0.03583414447804292,0.18342690149943033,0.18342690149943033,0.0,4.0,4.0,0.1830628514289856,0.39662012457847595,3.7919769287109375,2600.0,2600.0,2600.0,1200.0,0.0,3.0,0.0,0.0,0.24660122394561768,0.6414203643798828,0.7319703102111816,1.1997601985931396,1.0
dynamic_prune,2,1,261,0.22839319149653117,0.19133962114651998,0.03705356848736604,0.17758948370814323,0.17758948370814323,0.0,4.0,4.0,0.18254785239696503,0.39666855335235596,3.7914974689483643,2610.0,2600.0,2600.0,1200.0,0.0,3.0,0.0,0.0,0.24660122394561768,0.6414203643798828,0.7319703102111816,1.1997601985931396,1.0
dynamic_prune,2,1,262,0.23238749663035074,0.1959991854429245,0.036388311783472696,0.21805778642495474,0.21805778642495474,0.0,4.0,4.0,0.18230672180652618,0.3963911533355713,3.791966438293457,2620.0,2600.0,2600.0,1200.0,0.0,3.0,0.0,0.0,0.24660122394561768,0.6414203643798828,0.7319703102111816,1.1997601985931396,1.0
dynamic_prune,2,1,263,0.2569550186395645,0.2184001143773397,0.03855490704377492,0.19894046480456987,0.19894046480456987,0.0,4.0,4.0,0.1817924678325653,0.3964223861694336,3.7916011810302734,2630.0,2600.0,2600.0,1200.0,0.0,3.0,0.0,0.0,0.24660122394561768,0.6414203643798828,0.7319703102111816,1.1997601985931396,1.0
dynamic_prune,2,1,264,0.23098262826601665,0.1958103839556376,0.03517224619785945,0.1764097736775875,0.1764097736775875,0.0,4.0,4.0,0.18142656981945038,0.3964654505252838,3.791233539581299,2640.0,2600.0,2600.0,1200.0,0.0,3.0,0.0,0.0,0.24660122394561768,0.6414203643798828,0.7319703102111816,1.1997601985931396,1.0
dynamic_prune,2,1,265,0.24288514971733094,0.20329539000988006,0.039589761197566985,0.1769920422633489,0.1769920422633489,0.0,4.0,4.0,0.1808038353919983,0.39667683839797974,3.7902708053588867,2650.0,2600.0,2600.0,1200.0,0.0,3.0,0.0,0.0,0.24660122394561768,0.6414203643798828,0.7319703102111816,1.1997601985931396,1.0
dynamic_prune,2,1,266,0.20770096898078919,0.17070184608300526,0.03699912408987681,0.19111310084660849,0.19111310084660849,0.0,4.0,4.0,0.18138596415519714,0.3966968059539795,3.790595293045044,2660.0,2600.0,2600.0,1200.0,0.0,3.0,0.0,0.0,0.24660122394561768,0.6414203643798828,0.7319703102111816,1.1997601985931396,1.0
dynamic_prune,2,1,267,0.24602124174435933,0.20527832428614298,0.04074291691184044,0.196695350309213,0.196695350309213,0.0,4.0,4.0,0.18092939257621765,0.39684414863586426,3.7898757457733154,2670.0,2600.0,2600.0,1200.0,0.0,3.0,0.0,0.0,0.24660122394561768,0.6414203643798828,0.7319703102111816,1.1997601985931396,1.0
dynamic_prune,2,1,268,0.25194456378618874,0.21193879703680674,0.04000576739509901,0.190536839812994,0.190536839812994,0.0,4.0,4.0,0.18117833137512207,0.3968019187450409,3.7902207374572754,2680.0,2600.0,2600.0,1200.0,0.0,3.0,0.0,0.0,0.24660122394561768,0.6414203643798828,0.7319703102111816,1.1997601985931396,1.0
dynamic_prune,2,1,269,0.22175353805224102,0.1847761821746826,0.03697735433777173,0.1892451515297095,0.1892451515297095,0.0,4.0,4.0,0.18072931468486786,0.39691340923309326,3.789612293243408,2690.0,2600.0,2600.0,1200.0,0.0,3.0,0.0,0.0,0.24660122394561768,0.6414203643798828,0.7319703102111816,1.1997601985931396,1.0
dynamic_prune,2,1,270,0.2410048359632492,0.20083796521027883,0.040166871001323066,0.19196216652790704,0.19196216652790704,0.0,4.0,4.0,0.18038715422153473,0.397566556930542,3.7879064083099365,2700.0,2700.0,2700.0,1200.0,0.0,3.0,0.0,0.0,0.2555694878101349,0.6250576972961426,0.7027459740638733,1.4472136497497559,2.0
dynamic_prune,2,1,271,0.23506286640961965,0.19574333270390828,0.039319532364606856,0.19192523037393888,0.19192523037393888,0.0,4.0,4.0,0.18062658607959747,0.39741554856300354,3.788461208343506,2710.0,2700.0,2700.0,1200.0,0.0,3.0,0.0,0.0,0.2555694878101349,0.6250576972961426,0.7027459740638733,1.4472136497497559,2.0
dynamic_prune,2,1,272,0.24417389531930286,0.20406522830327353,0.04010866527756055,0.1875873770316442,0.1875873770316442,0.0,4.0,4.0,0.18035927414894104,0.3971300423145294,3.7889485359191895,2720.0,2700.0,2700.0,1200.0,0.0,3.0,0.0,0.0,0.2555694878101349,0.6250576972961426,0.7027459740638733,1.4472136497497559,2.0
dynamic_prune,2,1,273,0.22607274214426676,0.18726965407530466,0.03880308871467908,0.19980223019917806,0.19980223019917806,0.0,4.0,4.0,0.18039847910404205,0.3972199559211731,3.7887465953826904,2730.0,2700.0,2700.0,1200.0,0.0,3.0,0.0,0.0,0.2555694878101349,0.6250576972961426,0.7027459740638733,1.4472136497497559,2.0
dynamic_prune,2,1,274,0.23475687603155773,0.19538474440574646,0.039372129489978154,0.19459812879562377,0.19459812879562377,0.0,4.0,4.0,0.17992345988750458,0.39704394340515137,3.7887330055236816,2740.0,2700.0,2700.0,1200.0,0.0,3.0,0.0,0.0,0.2555694878101349,0.6250576972961426,0.7027459740638733,1.4472136497497559,2.0
dynamic_prune,2,1,275,0.24182105938593546,0.20042234480381013,0.04139871339003245,0.19004799261689187,0.19004799261689187,0.0,4.0,4.0,0.17963793873786926,0.39719125628471375,3.788177967071533,2750.0,2700.0,2700.0,1200.0,0.0,3.0,0.0,0.0,0.2555694878101349,0.6250576972961426,0.7027459740638733,1.4472136497497559,2.0
dynamic_prune,2,1,276,0.20931223630905152,0.1720330967505773,0.03727913702527682,0.1852666323383649,0.1852666323383649,0.0,4.0,4.0,0.17979221045970917,0.397278755903244,3.788125991821289,2760.0,2700.0,2700.0,1200.0,0.0,3.0,0.0,0.0,0.2555694878101349,0.6250576972961426,0.7027459740638733,1.4472136497497559,2.0
dynamic_prune,2,1,277,0.2397706381479899,0.19818554023901622,0.0415850988527139,0.1888117264707883,0.1888117264707883,0.0,4.0,4.0,0.1788148432970047,0.39749622344970703,3.7868824005126953,2770.0,2700.0,2700.0,1200.0,0.0,3.0,0.0,0.0,0.2555694878101349,0.6250576972961426,0.7027459740638733,1.4472136497497559,2.0
dynamic_prune,2,1,278,0.2281672340631485,0.18873696108659108,0.039430272976557414,0.18072464202841124,0.18072464202841124,0.0,4.0,4.0,0.17869284749031067,0.39734745025634766,3.787094831466675,2780.0,2700.0,2700.0,1200.0,0.0,3.0,0.0,0.0,0.2555694878101349,0.6250576972961426,0.7027459740638733,1.4472136497497559,2.0
dynamic_prune,2,1,279,0.22541404048601787,0.18528619428475698,0.0401278496781985,0.20168476770321528,0.20168476770321528,0.0,4.0,4.0,0.1791897863149643,0.397327721118927,3.7874913215637207,2790.0,2700.0,2700.0,1200.0,0.0,3.0,0.0,0.0,0.2555694878101349,0.6250576972961426,0.7027459740638733,1.4472136497497559,2.0
dynamic_prune,2,1,280,0.22565948049227397,0.1858264172077179,0.03983306527137756,0.17050957642495632,0.17050957642495632,0.0,4.0,4.0,0.1789683997631073,0.39740878343582153,3.787166118621826,2800.0,2800.0,2800.0,1200.0,0.0,3.0,0.0,0.0,0.3799329698085785,0.7953236103057861,0.9975153803825378,2.0154266357421875,5.0
dynamic_prune,2,1,281,0.21914827624956768,0.17855080167452494,0.04059747527043025,0.18222174244622388,0.18222174244622388,0.0,4.0,4.0,0.17919400334358215,0.3973798453807831,3.787395715713501,2810.0,2800.0,2800.0,1200.0,0.0,3.0,0.0,0.0,0.3799329698085785,0.7953236103057861,0.9975153803825378,2.0154266357421875,5.0
dynamic_prune,2,1,282,0.22839495201905569,0.18513014197349548,0.04326481163501739,0.1793903734534979,0.1793903734534979,0.0,4.0,4.0,0.17908596992492676,0.3976847529411316,3.786623001098633,2820.0,2800.0,2800.0,1200.0,0.0,3.0,0.0,0.0,0.3799329698085785,0.7953236103057861,0.9975153803825378,2.0154266357421875,5.0
dynamic_prune,2,1,283,0.218731658856074,0.1778065170844396,0.040925141622622806,0.17961307175457478,0.17961307175457478,0.0,4.0,4.0,0.17941251397132874,0.39776411652565,3.7866673469543457,2830.0,2800.0,2800.0,1200.0,0.0,3.0,0.0,0.0,0.3799329698085785,0.7953236103057861,0.9975153803825378,2.0154266357421875,5.0
dynamic_prune,2,1,284,0.2274388325214386,0.18667300363381703,0.04076582858959834,0.18525549538433553,0.18525549538433553,0.0,4.0,4.0,0.1794407218694687,0.39804932475090027,3.7860827445983887,2840.0,2800.0,2800.0,1200.0,0.0,3.0,0.0,0.0,0.3799329698085785,0.7953236103057861,0.9975153803825378,2.0154266357421875,5.0
dynamic_prune,2,1,285,0.23578070402145385,0.19283577958742779,0.04294492493073145,0.1782437434544166,0.1782437434544166,0.0,4.0,4.0,0.17856690287590027,0.3981546461582184,3.785160541534424,2850.0,2800.0,2800.0,1200.0,0.0,3.0,0.0,0.0,0.3799329698085785,0.7953236103057861,0.9975153803825378,2.0154266357421875,5.0
dynamic_prune,2,1,286,0.20339406609535218,0.16347631295522055,0.039917754332224525,0.179483692497015,0.179483692497015,0.0,4.0,4.0,0.17809249460697174,0.39838576316833496,3.784252643585205,2860.0,2800.0,2800.0,1200.0,0.0,3.0,0.0,0.0,0.3799329698085785,0.7953236103057861,0.9975153803825378,2.0154266357421875,5.0
dynamic_prune,2,1,287,0.23816441655158996,0.19419259409109751,0.04397182231148084,0.1809737599392732,0.1809737599392732,0.0,4.0,4.0,0.17768040299415588,0.39817100763320923,3.78444504737854,2870.0,2800.0,2800.0,1200.0,0.0,3.0,0.0,0.0,0.3799329698085785,0.7953236103057861,0.9975153803825378,2.0154266357421875,5.0
dynamic_prune,2,1,288,0.2295460997025172,0.18688953200976055,0.04265657007694244,0.17863792171080908,0.17863792171080908,0.0,4.0,4.0,0.17744801938533783,0.3981490135192871,3.7843422889709473,2880.0,2800.0,2800.0,1200.0,0.0,3.0,0.0,0.0,0.3799329698085785,0.7953236103057861,0.9975153803825378,2.0154266357421875,5.0
dynamic_prune,2,1,289,0.21350361466407775,0.17369368851184844,0.0398099256058534,0.18796107773979506,0.18796107773979506,0.0,4.0,4.0,0.17774750292301178,0.39822474122047424,3.784418821334839,2890.0,2800.0,2800.0,1200.0,0.0,3.0,0.0,0.0,0.3799329698085785,0.7953236103057861,0.9975153803825378,2.0154266357421875,5.0
dynamic_prune,2,1,290,0.24817517201105754,0.2023057117064794,0.04586946298678716,0.18315576580663523,0.18315576580663523,0.0,4.0,4.0,0.1775895357131958,0.3985545039176941,3.7835748195648193,2900.0,2900.0,2900.0,1200.0,0.0,3.0,0.0,0.0,0.3356526792049408,0.7654638290405273,0.8279033899307251,2.6210575103759766,3.0
dynamic_prune,2,1,291,0.20550335963567098,0.16373482763767241,0.04176853244503339,0.1705678246418635,0.1705678246418635,0.0,4.0,4.0,0.17802740633487701,0.3987374007701874,3.783513069152832,2910.0,2900.0,2900.0,1200.0,0.0,3.0,0.0,0.0,0.3356526792049408,0.7654638290405273,0.8279033899307251,2.6210575103759766,3.0
dynamic_prune,2,1,292,0.2453641672929128,0.19917783598105113,0.04618633141120275,0.2221864954382181,0.2221864954382181,0.0,4.0,4.0,0.17763489484786987,0.3986567258834839,3.783458948135376,2920.0,2900.0,2900.0,1200.0,0.0,3.0,0.0,0.0,0.3356526792049408,0.7654638290405273,0.8279033899307251,2.6210575103759766,3.0
dynamic_prune,2,1,293,0.2385967149337133,0.19330372293790182,0.04529299239317576,0.175256409222881,0.175256409222881,0.0,4.0,4.0,0.1772567182779312,0.3988228142261505,3.7827324867248535,2930.0,2900.0,2900.0,1200.0,0.0,3.0,0.0,0.0,0.3356526792049408,0.7654638290405273,0.8279033899307251,2.6210575103759766,3.0
dynamic_prune,2,1,294,0.21279129425684612,0.17094330112139383,0.04184799244006475,0.1804420033097267,0.1804420033097267,0.0,4.0,4.0,0.17703375220298767,0.39899370074272156,3.782111167907715,2940.0,2900.0,2900.0,1200.0,0.0,3.0,0.0,0.0,0.3356526792049408,0.7654638290405273,0.8279033899307251,2.6210575103759766,3.0
dynamic_prune,2,1,295,0.21622171759605407,0.17276992360750834,0.04345179304480553,0.17680536138514677,0.17680536138514677,0.0,4.0,4.0,0.17636914551258087,0.3991304039955139,3.781187057495117,2950.0,2900.0,2900.0,1200.0,0.0,3.0,0.0,0.0,0.3356526792049408,0.7654638290405273,0.8279033899307251,2.6210575103759766,3.0
dynamic_prune,2,1,296,0.23649390955766042,0.19215061048666637,0.04434329907099406,0.17795520812273025,0.17795520812273025,0.0,4.0,4.0,0.17604370415210724,0.3990246057510376,3.781146764755249,2960.0,2900.0,2900.0,1200.0,0.0,3.0,0.0,0.0,0.3356526792049408,0.7654638290405273,0.8279033899307251,2.6210575103759766,3.0
dynamic_prune,2,1,297,0.20993441879749297,0.16589268505573274,0.04404173478484154,0.17822128442426521,0.17822128442426521,0.0,4.0,4.0,0.17569510638713837,0.398914635181427,3.78102970123291,2970.0,2900.0,2900.0,1200.0,0.0,3.0,0.0,0.0,0.3356526792049408,0.7654638290405273,0.8279033899307251,2.6210575103759766,3.0
dynamic_prune,2,1,298,0.23458911299705507,0.1914702719449997,0.04311884249250094,0.18580027408897876,0.18580027408897876,0.0,4.0,4.0,0.17541983723640442,0.39905133843421936,3.7804689407348633,2980.0,2900.0,2900.0,1200.0,0.0,3.0,0.0,0.0,0.3356526792049408,0.7654638290405273,0.8279033899307251,2.6210575103759766,3.0
dynamic_prune,2,1,299,0.24504281719525656,0.1989626214901606,0.0460801983376344,0.17002537029484907,0.17002537029484907,0.0,4.0,4.0,0.17513544857501984,0.39917030930519104,3.7799761295318604,2990.0,2900.0,2900.0,1200.0,0.0,3.0,0.0,0.0,0.3356526792049408,0.7654638290405273,0.8279033899307251,2.6210575103759766,3.0
dynamic_prune,2,1,300,0.20292634228865306,0.1602696220080058,0.04265672132372856,0.15713829164703688,0.15713829164703688,0.0,4.0,4.0,0.1752331703901291,0.3994927406311035,3.7792954444885254,3000.0,3000.0,3000.0,1200.0,0.0,3.0,0.0,0.0,0.3292185962200165,0.8389012813568115,0.9212824702262878,1.7389159202575684,4.0
dynamic_prune,2,1,301,0.2296376399199168,0.18432754655679068,0.04531009723742803,0.16835443024833996,0.16835443024833996,0.0,4.0,4.0,0.1747666895389557,0.39956367015838623,3.778733491897583,3010.0,3000.0,3000.0,1200.0,0.0,3.0,0.0,0.0,0.3292185962200165,0.8389012813568115,0.9212824702262878,1.7389159202575684,4.0
dynamic_prune,2,1,302,0.2270379877090454,0.1829186145464579,0.04411937316258748,0.15732204156617324,0.15732204156617324,0.0,4.0,4.0,0.1742187887430191,0.399749755859375,3.777794599533081,3020.0,3000.0,3000.0,1200.0,0.0,3.0,0.0,0.0,0.3292185962200165,0.8389012813568115,0.9212824702262878,1.7389159202575684,4.0
dynamic_prune,2,1,303,0.23485900600751242,0.19053167661031087,0.04432732939720154,0.20481688934067885,0.20481688934067885,0.0,4.0,4.0,0.1732231080532074,0.39966437220573425,3.7770023345947266,3030.0,3000.0,3000.0,1200.0,0.0,3.0,0.0,0.0,0.3292185962200165,0.8389012813568115,0.9212824702262878,1.7389159202575684,4.0
dynamic_prune,2,1,304,0.2513569156328837,0.20541962126890817,0.045937295456727346,0.16724017632504304,0.16724017632504304,0.0,4.0,4.0,0.17279651761054993,0.3996035158634186,3.776742935180664,3040.0,3000.0,3000.0,1200.0,0.0,3.0,0.0,0.0,0.3292185962200165,0.8389012813568115,0.9212824702262878,1.7389159202575684,4.0
dynamic_prune,2,1,305,0.2091618057092031,0.16530767718950906,0.04385412722826004,0.17959707836310068,0.17959707836310068,0.0,4.0,4.0,0.17310047149658203,0.399757981300354,3.776669979095459,3050.0,3000.0,3000.0,1200.0,0.0,3.0,0.0,0.0,0.3292185962200165,0.8389012813568115,0.9212824702262878,1.7389159202575684,4.0
dynamic_prune,2,1,306,0.24255274573961894,0.19696313281853994,0.04558961242437363,0.17491508203248182,0.17491508203248182,0.0,4.0,4.0,0.17311759293079376,0.3998710513114929,3.7764458656311035,3060.0,3000.0,3000.0,1200.0,0.0,3.0,0.0,0.0,0.3292185962200165,0.8389012813568115,0.9212824702262878,1.7389159202575684,4.0
dynamic_prune,2,1,307,0.23097637832164764,0.1848188630739848,0.04615751802921295,0.1738965756446123,0.1738965756446123,0.0,4.0,4.0,0.17246417701244354,0.39971649646759033,3.77610445022583,3070.0,3000.0,3000.0,1200.0,0.0,3.0,0.0,0.0,0.3292185962200165,0.8389012813568115,0.9212824702262878,1.7389159202575684,4.0
dynamic_prune,2,1,308,0.22020357052485148,0.17555560946464538,0.04464796413977941,0.1922665762901306,0.1922665762901306,0.0,4.0,4.0,0.1720665991306305,0.3997066915035248,3.7757372856140137,3080.0,3000.0,3000.0,1200.0,0.0,3.0,0.0,0.0,0.3292185962200165,0.8389012813568115,0.9212824702262878,1.7389159202575684,4.0
dynamic_prune,2,1,309,0.22677658836046855,0.18046450912952422,0.04631208017468452,0.16936680438617865,0.16936680438617865,0.0,4.0,4.0,0.17142388224601746,0.39983120560646057,3.7748374938964844,3090.0,3000.0,3000.0,1200.0,0.0,3.0,0.0,0.0,0.3292185962200165,0.8389012813568115,0.9212824702262878,1.7389159202575684,4.0
dynamic_prune,2,1,310,0.20207189400990805,0.15912312209606172,0.04294877221186956,0.20273817017674445,0.20273817017674445,0.0,4.0,4.0,0.1713344007730484,0.39967072010040283,3.7750837802886963,3100.0,3100.0,3100.0,1200.0,0.0,3.0,0.0,0.0,0.3252227008342743,0.8122466802597046,0.9082021713256836,1.5910911560058594,4.0
dynamic_prune,2,1,311,0.2603190859158834,0.21207050601641336,0.04824858258167903,0.1881969793389241,0.1881969793389241,0.0,4.0,4.0,0.16984738409519196,0.3998754620552063,3.7730319499969482,3110.0,3100.0,3100.0,1200.0,0.0,3.0,0.0,0.0,0.3252227008342743,0.8122466802597046,0.9082021713256836,1.5910911560058594,4.0
dynamic_prune,2,1,312,0.21725415388743083,0.17490203589200973,0.04235211879014969,0.16973684278627238,0.16973684278627238,0.0,4.0,4.0,0.16966916620731354,0.3999052345752716,3.772721290588379,3120.0,3100.0,3100.0,1200.0,0.0,3.0,0.0,0.0,0.3252227008342743,0.8122466802597046,0.9082021713256836,1.5910911560058594,4.0
dynamic_prune,2,1,313,0.21080212553342184,0.16629439969857535,0.044507725338141124,0.2063259160766999,0.2063259160766999,0.0,4.0,4.0,0.16976064443588257,0.40034738183021545,3.7718188762664795,3130.0,3100.0,3100.0,1200.0,0.0,3.0,0.0,0.0,0.3252227008342743,0.8122466802597046,0.9082021713256836,1.5910911560058594,4.0
dynamic_prune,2,1,314,0.23273154973983765,0.18456706047058105,0.04816448887189229,0.17340672669311363,0.17340672669311363,0.0,4.0,4.0,0.16859109699726105,0.4004806578159332,3.770209312438965,3140.0,3100.0,3100.0,1200.0,0.0,3.0,0.0,0.0,0.3252227008342743,0.8122466802597046,0.9082021713256836,1.5910911560058594,4.0
dynamic_prune,2,1,315,0.2027560877799988,0.15846717993418374,0.04428890809416771,0.17347685913244884,0.17347685913244884,0.0,4.0,4.0,0.1688632220029831,0.4004081189632416,3.7706053256988525,3150.0,3100.0,3100.0,1200.0,0.0,3.0,0.0,0.0,0.3252227008342743,0.8122466802597046,0.9082021713256836,1.5910911560058594,4.0
dynamic_prune,2,1,316,0.25306250850359596,0.20462159872055052,0.04844090948502223,0.23040191421906153,0.23040191421906153,0.0,4.0,4.0,0.16804280877113342,0.4004329442977905,3.769580841064453,3160.0,3100.0,3100.0,1200.0,0.0,3.0,0.0,0.0,0.3252227008342743,0.8122466802597046,0.9082021713256836,1.5910911560058594,4.0
dynamic_prune,2,1,317,0.22307031631469726,0.18006134271621704,0.04300897171099981,0.14859661318361758,0.14859661318361758,0.0,4.0,4.0,0.16755636036396027,0.400445818901062,3.7689273357391357,3170.0,3100.0,3100.0,1200.0,0.0,3.0,0.0,0.0,0.3252227008342743,0.8122466802597046,0.9082021713256836,1.5910911560058594,4.0
dynamic_prune,2,1,318,0.23610073526700337,0.19065404176712036,0.0454466941456,0.19899298653006553,0.19899298653006553,0.0,4.0,4.0,0.16745758056640625,0.400361031293869,3.769003391265869,3180.0,3100.0,3100.0,1200.0,0.0,3.0,0.0,0.0,0.3252227008342743,0.8122466802597046,0.9082021713256836,1.5910911560058594,4.0
dynamic_prune,2,1,319,0.2226481225093206,0.17823256214459737,0.0444155603647232,0.15898953773081304,0.15898953773081304,0.0,4.0,4.0,0.16695019602775574,0.4004717767238617,3.7681288719177246,3190.0,3100.0,3100.0,1200.0,0.0,3.0,0.0,0.0,0.3252227008342743,0.8122466802597046,0.9082021713256836,1.5910911560058594,4.0
dynamic_prune,2,1,320,0.18958141446113586,0.1491573683420817,0.040424046913782756,0.17869612395763398,0.17869612395763398,0.0,4.0,4.0,0.1678590029478073,0.400529682636261,3.769064426422119,3200.0,3200.0,3200.0,1200.0,0.0,3.0,0.0,0.0,0.36860203742980957,0.9387481212615967,1.132624626159668,2.1050424575805664,7.0
dynamic_prune,2,1,321,0.2413716463247935,0.19590595891078313,0.04546568791071574,0.1699054654687643,0.1699054654687643,0.0,4.0,4.0,0.16644439101219177,0.4011927545070648,3.765993595123291,3210.0,3200.0,3200.0,1200.0,0.0,3.0,0.0,0.0,0.36860203742980957,0.9387481212615967,1.132624626159668,2.1050424575805664,7.0
dynamic_prune,2,1,322,0.21837287942568462,0.1757406038045883,0.042632277309894565,0.1681836650768916,0.1681836650768916,0.0,4.0,4.0,0.16608688235282898,0.40128830075263977,3.7653141021728516,3220.0,3200.0,3200.0,1200.0,0.0,3.0,0.0,0.0,0.36860203742980957,0.9387481212615967,1.132624626159668,2.1050424575805664,7.0
dynamic_prune,2,1,323,0.2335057944059372,0.1885829613606135,0.044922833442687986,0.16167276221017043,0.16167276221017043,0.0,4.0,4.0,0.16548432409763336,0.40139445662498474,3.7643589973449707,3230.0,3200.0,3200.0,1200.0,0.0,3.0,0.0,0.0,0.36860203742980957,0.9387481212615967,1.132624626159668,2.1050424575805664,7.0
dynamic_prune,2,1,324,0.20388781706492107,0.16073435306549072,0.04315346558888753,0.1437441351513068,0.1437441351513068,0.0,4.0,4.0,0.1658608466386795,0.4011293351650238,3.7653648853302,3240.0,3200.0,3200.0,1200.0,0.0,3.0,0.0,0.0,0.36860203742980957,0.9387481212615967,1.132624626159668,2.1050424575805664,7.0
dynamic_prune,2,1,325,0.2227750257651011,0.17722197592258454,0.04555304651459058,0.2074259828776121,0.2074259828776121,0.0,4.0,4.0,0.16576123237609863,0.4011004567146301,3.7652785778045654,3250.0,3200.0,3200.0,1200.0,0.0,3.0,0.0,0.0,0.36860203742980957,0.9387481212615967,1.132624626159668,2.1050424575805664,7.0
dynamic_prune,2,1,326,0.23737061738967896,0.19022594491640726,0.047144671380519865,0.15961257497469583,0.15961257497469583,0.0,4.0,4.0,0.1647733449935913,0.40116241574287415,3.763890266418457,3260.0,3200.0,3200.0,1200.0,0.0,3.0,0.0,0.0,0.36860203742980957,0.9387481212615967,1.132624626159668,2.1050424575805664,7.0
dynamic_prune,2,1,327,0.204248455564181,0.16141524811585745,0.04283320809404055,0.20196393315990765,0.20196393315990765,0.0,4.0,4.0,0.16507406532764435,0.4010400176048279,3.7645423412323,3270.0,3200.0,3200.0,1200.0,0.0,3.0,0.0,0.0,0.36860203742980957,0.9387481212615967,1.132624626159668,2.1050424575805664,7.0
dynamic_prune,2,1,328,0.2602020271619161,0.21087389568487802,0.04932812929153443,0.17196673202017942,0.17196673202017942,0.0,4.0,4.0,0.16371385753154755,0.40118607878685,3.762469530105591,3280.0,3200.0,3200.0,1200.0,0.0,3.0,0.0,0.0,0.36860203742980957,0.9387481212615967,1.132624626159668,2.1050424575805664,7.0
dynamic_prune,2,1,329,0.1997977699836095,0.15697300523519517,0.04282476688424746,0.15087173918883007,0.15087173918883007,0.0,4.0,4.0,0.16423535346984863,0.4011494815349579,3.7631993293762207,3290.0,3200.0,3200.0,1200.0,0.0,3.0,0.0,0.0,0.36860203742980957,0.9387481212615967,1.132624626159668,2.1050424575805664,7.0
dynamic_prune,2,1,330,0.2377878785133362,0.19133214712142943,0.04645572746793429,0.20658474686245124,0.20658474686245124,0.0,4.0,4.0,0.1635666787624359,0.40140435099601746,3.7617757320404053,3300.0,3300.0,3300.0,1200.0,0.0,3.0,0.0,0.0,0.40751487016677856,0.8667335510253906,1.4713194370269775,4.031581878662109,7.0
dynamic_prune,2,1,331,0.2242776838938395,0.17982124825318654,0.044456440458695096,0.16431930407881737,0.16431930407881737,0.0,4.0,4.0,0.1629675179719925,0.4017188847064972,3.760265588760376,3310.0,3300.0,3300.0,1200.0,0.0,3.0,0.0,0.0,0.40751487016677856,0.8667335510253906,1.4713194370269775,4.031581878662109,7.0
dynamic_prune,2,1,332,0.1992354706923167,0.1586643938223521,0.040571073293685915,0.18341167782743772,0.18341167782743772,0.0,4.0,4.0,0.16362446546554565,0.40185481309890747,3.760847330093384,3320.0,3300.0,3300.0,1200.0,0.0,3.0,0.0,0.0,0.40751487016677856,0.8667335510253906,1.4713194370269775,4.031581878662109,7.0
dynamic_prune,2,1,333,0.23346025546391805,0.18715068380037944,0.0463095719118913,0.1598602959016959,0.1598602959016959,0.0,4.0,4.0,0.16278713941574097,0.40184134244918823,3.759836435317993,3330.0,3300.0,3300.0,1200.0,0.0,3.0,0.0,0.0,0.40751487016677856,0.8667335510253906,1.4713194370269775,4.031581878662109,7.0
dynamic_prune,2,1,334,0.20153738776842753,0.15936764538288117,0.04216974024971326,0.14243220212558905,0.14243220212558905,0.0,4.0,4.0,0.16348829865455627,0.40186113119125366,3.760737657546997,3340.0,3300.0,3300.0,1200.0,0.0,3.0,0.0,0.0,0.40751487016677856,0.8667335510253906,1.4713194370269775,4.031581878662109,7.0
dynamic_prune,2,1,335,0.2184581192334493,0.1754515528678894,0.04300656408071518,0.21191334803899128,0.21191334803899128,0.0,4.0,4.0,0.16412730515003204,0.4017835557460785,3.7617456912994385,3350.0,3300.0,3300.0,1200.0,0.0,3.0,0.0,0.0,0.40751487016677856,0.8667335510253906,1.4713194370269775,4.031581878662109,7.0
dynamic_prune,2,1,336,0.21678205172220866,0.17206221083799997,0.04471984306971232,0.15851361220081647,0.15851361220081647,0.0,4.0,4.0,0.16338057816028595,0.40216153860092163,3.7599124908447266,3360.0,3300.0,3300.0,1200.0,0.0,3.0,0.0,0.0,0.40751487016677856,0.8667335510253906,1.4713194370269775,4.031581878662109,7.0
dynamic_prune,2,1,337,0.19226669589678447,0.15229705254236858,0.03996963938077291,0.15713243457178275,0.15713243457178275,0.0,4.0,4.0,0.164761483669281,0.40208300948143005,3.761875629425049,3370.0,3300.0,3300.0,1200.0,0.0,3.0,0.0,0.0,0.40751487016677856,0.8667335510253906,1.4713194370269775,4.031581878662109,7.0
dynamic_prune,2,1,338,0.2308368229866028,0.18571707248687744,0.045119749555985134,0.1721391675621271,0.1721391675621271,0.0,4.0,4.0,0.16402198374271393,0.4022640585899353,3.760552406311035,3380.0,3300.0,3300.0,1200.0,0.0,3.0,0.0,0.0,0.40751487016677856,0.8667335510253906,1.4713194370269775,4.031581878662109,7.0
dynamic_prune,2,1,339,0.19609637439250946,0.1533547882239024,0.04274158497651418,0.15875899754464626,0.15875899754464626,0.0,4.0,4.0,0.1649748682975769,0.40215960144996643,3.7619810104370117,3390.0,3300.0,3300.0,1200.0,0.0,3.0,0.0,0.0,0.40751487016677856,0.8667335510253906,1.4713194370269775,4.031581878662109,7.0
dynamic_prune,2,1,340,0.2018414084116618,0.15711861451466877,0.0447227934996287,0.19902786818643411,0.19902786818643411,0.0,4.0,4.0,0.16496452689170837,0.40197962522506714,3.762352466583252,3400.0,3400.0,3400.0,1200.0,1.0,3.0,0.0,0.0,0.36052703857421875,0.9753854274749756,1.1006637811660767,2.136782169342041,8.0
dynamic_prune,2,1,341,0.21900229871273041,0.174887598156929,0.04411469961206118,0.16560647651553154,0.16560647651553154,0.0,4.0,4.0,0.1647384762763977,0.40214768052101135,3.761691093444824,3410.0,3400.0,3400.0,1200.0,1.0,3.0,0.0,0.0,0.36052703857421875,0.9753854274749756,1.1006637811660767,2.136782169342041,8.0
dynamic_prune,2,1,342,0.20388735810915629,0.1602907998363177,0.04359655906756719,0.15445154885450998,0.15445154885450998,0.0,4.0,4.0,0.16474969685077667,0.40260130167007446,3.760732412338257,3420.0,3400.0,3400.0,1200.0,1.0,3.0,0.0,0.0,0.36052703857421875,0.9753854274749756,1.1006637811660767,2.136782169342041,8.0
dynamic_prune,2,1,343,0.21073243975639344,0.16722906549771627,0.04350337475538254,0.16183427155017852,0.16183427155017852,0.0,4.0,4.0,0.1644437313079834,0.40259408950805664,3.7603349685668945,3430.0,3400.0,3400.0,1200.0,1.0,3.0,0.0,0.0,0.36052703857421875,0.9753854274749756,1.1006637811660767,2.136782169342041,8.0
dynamic_prune,2,1,344,0.20036853830019632,0.15788307964801787,0.04248546053965886,0.1437292792648077,0.1437292792648077,0.0,4.0,4.0,0.16419026255607605,0.4028340280056,3.759495258331299,3440.0,3400.0,3400.0,1200.0,1.0,3.0,0.0,0.0,0.36052703857421875,0.9753854274749756,1.1006637811660767,2.136782169342041,8.0
dynamic_prune,2,1,345,0.2111384423573812,0.1684021184841792,0.04273632854223251,0.16563335699339707,0.16563335699339707,0.0,4.0,4.0,0.16428905725479126,0.4030438959598541,3.7591793537139893,3450.0,3400.0,3400.0,1200.0,1.0,3.0,0.0,0.0,0.36052703857421875,0.9753854274749756,1.1006637811660767,2.136782169342041,8.0
dynamic_prune,2,1,346,0.2059782369931539,0.16260833402474723,0.04336990157763163,0.1405623272061348,0.1405623272061348,0.0,4.0,4.0,0.1641862839460373,0.4031735360622406,3.7587733268737793,3460.0,3400.0,3400.0,1200.0,1.0,3.0,0.0,0.0,0.36052703857421875,0.9753854274749756,1.1006637811660767,2.136782169342041,8.0
dynamic_prune,2,1,347,0.19237574716409048,0.15102659662564596,0.041349150389432904,0.15368730808297792,0.15368730808297792,0.0,4.0,4.0,0.16564758121967316,0.40316420793533325,3.760627269744873,3470.0,3400.0,3400.0,1200.0,1.0,3.0,0.0,0.0,0.36052703857421875,0.9753854274749756,1.1006637811660767,2.136782169342041,8.0
dynamic_prune,2,1,348,0.22809866825739541,0.18302899142106374,0.045069679617881775,0.15755494120220342,0.15755494120220342,0.0,4.0,4.0,0.16464942693710327,0.40323546528816223,3.7591989040374756,3480.0,3400.0,3400.0,1200.0,1.0,3.0,0.0,0.0,0.36052703857421875,0.9753854274749756,1.1006637811660767,2.136782169342041,8.0
dynamic_prune,2,1,349,0.2028604491551717,0.15909002979596457,0.0437704195578893,0.14712045460939407,0.14712045460939407,0.0,4.0,4.0,0.16517718136310577,0.4033205509185791,3.7596776485443115,3490.0,3400.0,3400.0,1200.0,1.0,3.0,0.0,0.0,0.36052703857421875,0.9753854274749756,1.1006637811660767,2.136782169342041,8.0
dynamic_prune,2,1,350,0.2273044894138972,0.18360333919525146,0.04370115220546723,0.1622966080904007,0.1622966080904007,0.0,5.0,5.0,0.04381249472498894,0.3859187364578247,4.245620250701904,3500.0,3500.0,3400.0,3500.0,0.0,4.0,0.0,0.0,0.3731018900871277,1.0032258033752441,1.166292428970337,1.719264030456543,11.0
dynamic_prune,2,1,351,0.17862304906050364,0.1455382044116656,0.033084846436977386,0.18925110541284085,0.18925110541284085,0.0,5.0,5.0,0.04932050034403801,0.3873327970504761,4.271618366241455,3510.0,3500.0,3400.0,3500.0,0.0,4.0,0.0,0.0,0.3731018900871277,1.0032258033752441,1.166292428970337,1.719264030456543,11.0
dynamic_prune,2,1,352,0.18083982288837433,0.14594545851151147,0.03489436576763789,0.15246845319867133,0.15246845319867133,0.0,5.0,5.0,0.05228245258331299,0.38826560974121094,4.283873558044434,3520.0,3500.0,3400.0,3500.0,0.0,4.0,0.0,0.0,0.3731018900871277,1.0032258033752441,1.166292428970337,1.719264030456543,11.0
dynamic_prune,2,1,353,0.18055029114087423,0.14660685996214548,0.033943430533011756,0.13324227678279082,0.13324227678279082,0.0,5.0,5.0,0.055053770542144775,0.38953906297683716,4.294133186340332,3530.0,3500.0,3400.0,3500.0,0.0,4.0,0.0,0.0,0.3731018900871277,1.0032258033752441,1.166292428970337,1.719264030456543,11.0
dynamic_prune,2,1,354,0.17054967800776163,0.13858100394407907,0.03196867237488429,0.13860164274772008,0.13860164274772008,0.0,5.0,5.0,0.05626457929611206,0.390546053647995,4.296783447265625,3540.0,3500.0,3400.0,3500.0,0.0,4.0,0.0,0.0,0.3731018900871277,1.0032258033752441,1.166292428970337,1.719264030456543,11.0
dynamic_prune,2,1,355,0.16601416051387788,0.1339058268070221,0.03210833514730135,0.1364813301463922,0.1364813301463922,0.0,5.0,5.0,0.05804921314120293,0.39160051941871643,4.301218032836914,3550.0,3500.0,3400.0,3500.0,0.0,4.0,0.0,0.0,0.3731018900871277,1.0032258033752441,1.166292428970337,1.719264030456543,11.0
dynamic_prune,2,1,356,0.16608302036921183,0.13544758081436156,0.03063543848693371,0.12889559129873912,0.12889559129873912,0.0,5.0,5.0,0.05989987030625343,0.39255955815315247,4.305844783782959,3560.0,3500.0,3400.0,3500.0,0.0,4.0,0.0,0.0,0.3731018900871277,1.0032258033752441,1.166292428970337,1.719264030456543,11.0
dynamic_prune,2,1,357,0.17049890875816345,0.14076329469680787,0.029735612173875173,0.13102334062258403,0.13102334062258403,0.0,5.0,5.0,0.061863142997026443,0.3932702839374542,4.311620235443115,3570.0,3500.0,3400.0,3500.0,0.0,4.0,0.0,0.0,0.3731018900871277,1.0032258033752441,1.166292428970337,1.719264030456543,11.0
dynamic_prune,2,1,358,0.16716610689957936,0.13797502756118774,0.029191077401240665,0.12647192729016146,0.12647192729016146,0.0,5.0,5.0,0.06433215737342834,0.39374998211860657,4.3190412521362305,3580.0,3500.0,3400.0,3500.0,0.0,4.0,0.0,0.0,0.3731018900871277,1.0032258033752441,1.166292428970337,1.719264030456543,11.0
dynamic_prune,2,1,359,0.16212874134381614,0.13366526981194815,0.028463471233844757,0.13388084508478643,0.13388084508478643,0.0,5.0,5.0,0.06651360541582108,0.3944595158100128,4.324141502380371,3590.0,3500.0,3400.0,3500.0,0.0,4.0,0.0,0.0,0.3731018900871277,1.0032258033752441,1.166292428970337,1.719264030456543,11.0
dynamic_prune,2,1,360,0.16219453851381938,0.13443576494852702,0.027758774658044178,0.12570254139602186,0.12570254139602186,0.0,5.0,5.0,0.0683484822511673,0.39513301849365234,4.328169345855713,3600.0,3500.0,3400.0,3500.0,0.0,4.0,0.0,0.0,0.3731018900871277,1.0032258033752441,1.166292428970337,1.719264030456543,11.0
dynamic_prune,2,1,361,0.15383427898089092,0.12842830330133437,0.025405976300438244,0.1296822421004375,0.1296822421004375,0.0,5.0,5.0,0.0700598955154419,0.3955458402633667,4.331960201263428,3610.0,3500.0,3400.0,3500.0,0.0,4.0,0.0,0.0,0.3731018900871277,1.0032258033752441,1.166292428970337,1.719264030456543,11.0
dynamic_prune,2,1,362,0.16672929883003235,0.1401067461570104,0.02662255396445592,0.1300775079180797,0.1300775079180797,0.0,5.0,5.0,0.07261261343955994,0.39593327045440674,4.338127613067627,3620.0,3500.0,3400.0,3500.0,0.0,4.0,0.0,0.0,0.3731018900871277,1.0032258033752441,1.166292428970337,1.719264030456543,11.0
dynamic_prune,2,1,363,0.1571991209189097,0.13220049609740575,0.024998621766765913,0.122857927257816,0.122857927257816,0.0,5.0,5.0,0.07394517958164215,0.3963710367679596,4.339601993560791,3630.0,3500.0,3400.0,3500.0,0.0,4.0,0.0,0.0,0.3731018900871277,1.0032258033752441,1.166292428970337,1.719264030456543,11.0
dynamic_prune,2,1,364,0.15863269607226055,0.13204542020956675,0.026587276111046474,0.12197257575889428,0.12197257575889428,0.0,5.0,5.0,0.07624687999486923,0.39659610390663147,4.344851016998291,3640.0,3500.0,3400.0,3500.0,0.0,4.0,0.0,0.0,0.3731018900871277,1.0032258033752441,1.166292428970337,1.719264030456543,11.0
dynamic_prune,2,1,365,0.14726322333017985,0.12246271520853043,0.02480050635834535,0.12642797209322454,0.12642797209322454,0.0,5.0,5.0,0.0770646259188652,0.39698392152786255,4.34515905380249,3650.0,3500.0,3400.0,3500.0,0.0,4.0,0.0,0.0,0.3731018900871277,1.0032258033752441,1.166292428970337,1.719264030456543,11.0
dynamic_prune,2,1,366,0.15152759631474813,0.12522749612728754,0.026300099740425745,0.12786790447930496,0.12786790447930496,0.0,5.0,5.0,0.07899859547615051,0.39720606803894043,4.3486528396606445,3660.0,3500.0,3400.0,3500.0,0.0,4.0,0.0,0.0,0.3731018900871277,1.0032258033752441,1.166292428970337,1.719264030456543,11.0
dynamic_prune,2,1,367,0.1545526736974716,0.12801583886146545,0.026536835879087447,0.12090138668815295,0.12090138668815295,0.0,5.0,5.0,0.08041377365589142,0.3975624740123749,4.350185394287109,3670.0,3500.0,3400.0,3500.0,0.0,4.0,0.0,0.0,0.3731018900871277,1.0032258033752441,1.166292428970337,1.719264030456543,11.0
dynamic_prune,2,1,368,0.15490636388460796,0.1286831682920456,0.02622319591542085,0.12525772593915463,0.12525772593915463,0.0,5.0,5.0,0.08209209889173508,0.3978642523288727,4.35217809677124,3680.0,3500.0,3400.0,3500.0,0.0,4.0,0.0,0.0,0.3731018900871277,1.0032258033752441,1.166292428970337,1.719264030456543,11.0
dynamic_prune,2,1,369,0.1469175104300181,0.12127693752447764,0.02564057171344757,0.1231542723874251,0.1231542723874251,0.0,5.0,5.0,0.08336037397384644,0.39830800890922546,4.352701187133789,3690.0,3500.0,3400.0,3500.0,0.0,4.0,0.0,0.0,0.3731018900871277,1.0032258033752441,1.166292428970337,1.719264030456543,11.0
dynamic_prune,2,1,370,0.15596963425477345,0.12926499714454015,0.02670463815331459,0.12400835412244002,0.12400835412244002,0.0,5.0,5.0,0.08517955988645554,0.39879366755485535,4.354055404663086,3700.0,3500.0,3400.0,3500.0,0.0,4.0,0.0,0.0,0.3731018900871277,1.0032258033752441,1.166292428970337,1.719264030456543,11.0
dynamic_prune,2,1,371,0.16059210121631623,0.1323695296049118,0.02822257176041603,0.12388063875337442,0.12388063875337442,0.0,5.0,5.0,0.08722066879272461,0.3991813063621521,4.355972766876221,3710.0,3500.0,3400.0,3500.0,0.0,4.0,0.0,0.0,0.3731018900871277,1.0032258033752441,1.166292428970337,1.719264030456543,11.0
dynamic_prune,2,1,372,0.14906420737504958,0.12413408358891805,0.024930122792720794,0.12322768822312355,0.12322768822312355,0.0,5.0,5.0,0.08809997886419296,0.3996279537677765,4.3545756340026855,3720.0,3500.0,3400.0,3500.0,0.0,4.0,0.0,0.0,0.3731018900871277,1.0032258033752441,1.166292428970337,1.719264030456543,11.0
dynamic_prune,2,1,373,0.15051725625991821,0.12438014030456543,0.026137115781505904,0.12528270701567332,0.12528270701567332,0.0,5.0,5.0,0.089632548391819,0.3999938368797302,4.355042934417725,3730.0,3500.0,3400.0,3500.0,0.0,4.0,0.0,0.0,0.3731018900871277,1.0032258033752441,1.166292428970337,1.719264030456543,11.0
dynamic_prune,2,1,374,0.15756257275740307,0.1300891234477361,0.027473448713620504,0.13146220192313193,0.13146220192313193,0.0,5.0,5.0,0.0912625640630722,0.4000549614429474,4.355925559997559,3740.0,3500.0,3400.0,3500.0,0.0,4.0,0.0,0.0,0.3731018900871277,1.0032258033752441,1.166292428970337,1.719264030456543,11.0
dynamic_prune,2,1,375,0.1584320471684138,0.1316274109482765,0.02680463435749213,0.1245086504270633,0.1245086504270633,0.0,5.0,5.0,0.0921548455953598,0.4004274606704712,4.354838848114014,3750.0,3500.0,3400.0,3500.0,0.0,4.0,0.0,0.0,0.3731018900871277,1.0032258033752441,1.166292428970337,1.719264030456543,11.0
dynamic_prune,2,1,376,0.15515022655328115,0.12995612353086472,0.025194100961089136,0.12177939859529337,0.12177939859529337,0.0,5.0,5.0,0.09309491515159607,0.40091440081596375,4.353663921356201,3760.0,3500.0,3400.0,3500.0,0.0,4.0,0.0,0.0,0.3731018900871277,1.0032258033752441,1.166292428970337,1.719264030456543,11.0
dynamic_prune,2,1,377,0.14317854901154836,0.11776904344558715,0.025409505367279053,0.12251512686411539,0.12251512686411539,0.0,5.0,5.0,0.09397665411233902,0.4010995030403137,4.353108882904053,3770.0,3500.0,3400.0,3500.0,0.0,4.0,0.0,0.0,0.3731018900871277,1.0032258033752441,1.166292428970337,1.719264030456543,11.0
dynamic_prune,2,1,378,0.14699003060658772,0.1206520128250122,0.026338015993436176,0.12266003966331482,0.12266003966331482,0.0,5.0,5.0,0.0948171317577362,0.40112900733947754,4.353335857391357,3780.0,3500.0,3400.0,3500.0,0.0,4.0,0.0,0.0,0.3731018900871277,1.0032258033752441,1.166292428970337,1.719264030456543,11.0
dynamic_prune,2,1,379,0.15494971573352814,0.12744310816129048,0.027506609012683234,0.1194436323394378,0.1194436323394378,0.0,5.0,5.0,0.09594802558422089,0.40142351388931274,4.351986408233643,3790.0,3500.0,3400.0,3500.0,0.0,4.0,0.0,0.0,0.3731018900871277,1.0032258033752441,1.166292428970337,1.719264030456543,11.0
dynamic_prune,2,1,380,0.1495755277077357,0.1239623483022054,0.025613178064425788,0.12009484308461348,0.12009484308461348,0.0,5.0,5.0,0.09682615101337433,0.401504248380661,4.351381778717041,3800.0,3800.0,3800.0,3500.0,0.0,4.0,0.0,0.0,0.2375362366437912,0.5589561462402344,0.6457160711288452,1.1384339332580566,2.0
dynamic_prune,2,1,381,0.14237424711386362,0.11798771530389786,0.02438653086622556,0.12121261899669965,0.12121261899669965,0.0,5.0,5.0,0.09662343561649323,0.40156033635139465,4.350714206695557,3810.0,3800.0,3800.0,3500.0,0.0,4.0,0.0,0.0,0.2375362366437912,0.5589561462402344,0.6457160711288452,1.1384339332580566,2.0
dynamic_prune,2,1,382,0.15036330223083497,0.1244666549563408,0.02589664523800214,0.13550232976675033,0.13550232976675033,0.0,5.0,5.0,0.09734867513179779,0.40178269147872925,4.349247932434082,3820.0,3800.0,3800.0,3500.0,0.0,4.0,0.0,0.0,0.2375362366437912,0.5589561462402344,0.6457160711288452,1.1384339332580566,2.0
dynamic_prune,2,1,383,0.15480813364187876,0.1284867815176646,0.02632135237256686,0.11457992486655712,0.11457992486655712,0.0,5.0,5.0,0.09839505702257156,0.4024670422077179,4.346419334411621,3830.0,3800.0,3800.0,3500.0,0.0,4.0,0.0,0.0,0.2375362366437912,0.5589561462402344,0.6457160711288452,1.1384339332580566,2.0
dynamic_prune,2,1,384,0.14532721559206643,0.12014911909898122,0.025178097486495972,0.13844910450279713,0.13844910450279713,0.0,5.0,5.0,0.09898611158132553,0.402595192193985,4.345301151275635,3840.0,3800.0,3800.0,3500.0,0.0,4.0,0.0,0.0,0.2375362366437912,0.5589561462402344,0.6457160711288452,1.1384339332580566,2.0
dynamic_prune,2,1,385,0.1543176579475403,0.12634985774755478,0.027967800150314966,0.11656396771470706,0.11656396771470706,0.0,5.0,5.0,0.09945789724588394,0.4027595818042755,4.344148635864258,3850.0,3800.0,3800.0,3500.0,0.0,4.0,0.0,0.0,0.2375362366437912,0.5589561462402344,0.6457160711288452,1.1384339332580566,2.0
dynamic_prune,2,1,386,0.1467940170566241,0.12205411622921626,0.02473990003267924,0.11716971789797147,0.11716971789797147,0.0,5.0,5.0,0.09973789751529694,0.4027121961116791,4.34350061416626,3860.0,3800.0,3800.0,3500.0,0.0,4.0,0.0,0.0,0.2375362366437912,0.5589561462402344,0.6457160711288452,1.1384339332580566,2.0
dynamic_prune,2,1,387,0.14397342662016552,0.11871258576711019,0.02526084100206693,0.13827630400657653,0.13827630400657653,0.0,5.0,5.0,0.09924056380987167,0.4027811288833618,4.341989994049072,3870.0,3800.0,3800.0,3500.0,0.0,4.0,0.0,0.0,0.2375362366437912,0.5589561462402344,0.6457160711288452,1.1384339332580566,2.0
dynamic_prune,2,1,388,0.15801805138587952,0.13003801574309667,0.027980034550031025,0.11830652490258217,0.11830652490258217,0.0,5.0,5.0,0.0982341542840004,0.4030534327030182,4.341152191162109,3880.0,3800.0,3800.0,3500.0,0.0,4.0,0.0,0.0,0.2375362366437912,0.5589561462402344,0.6457160711288452,1.1384339332580566,2.0
dynamic_prune,2,1,389,0.14589129527409872,0.12184470216433207,0.024046595344940823,0.11646687333782514,0.11646687333782514,0.0,5.0,5.0,0.0972130224108696,0.40318021178245544,4.340298652648926,3890.0,3800.0,3800.0,3500.0,0.0,4.0,0.0,0.0,0.2375362366437912,0.5589561462402344,0.6457160711288452,1.1384339332580566,2.0
dynamic_prune,2,1,390,0.14994718750317892,0.12485572059949239,0.025091466009616852,0.11748438611626626,0.11748438611626626,0.0,5.0,5.0,0.09591303020715714,0.4032098352909088,4.338894367218018,3900.0,3900.0,3900.0,3500.0,0.0,4.0,0.0,0.0,0.33981043100357056,0.8959062099456787,1.0421395301818848,1.7267351150512695,6.0
dynamic_prune,2,1,391,0.14736218045155208,0.12289268761873245,0.024469491764903067,0.11561514606078466,0.11561514606078466,0.0,5.0,5.0,0.09507471323013306,0.40322718024253845,4.338662147521973,3910.0,3900.0,3900.0,3500.0,0.0,4.0,0.0,0.0,0.33981043100357056,0.8959062099456787,1.0421395301818848,1.7267351150512695,6.0
dynamic_prune,2,1,392,0.14566699763139088,0.12108433435360591,0.02458266220986843,0.11613286135097345,0.11613286135097345,0.0,5.0,5.0,0.09423724561929703,0.4031359553337097,4.33829402923584,3920.0,3900.0,3900.0,3500.0,0.0,4.0,0.0,0.0,0.33981043100357056,0.8959062099456787,1.0421395301818848,1.7267351150512695,6.0
dynamic_prune,2,1,393,0.14281438052654266,0.11836887260278066,0.024445504744847614,0.11564172243078549,0.11564172243078549,0.0,5.0,5.0,0.09360566735267639,0.4033653438091278,4.3356194496154785,3930.0,3900.0,3900.0,3500.0,0.0,4.0,0.0,0.0,0.33981043100357056,0.8959062099456787,1.0421395301818848,1.7267351150512695,6.0
dynamic_prune,2,1,394,0.13650804936885833,0.11226712902386983,0.024240919972459474,0.11510276570916175,0.11510276570916175,0.0,5.0,5.0,0.09274578094482422,0.4033120572566986,4.3345627784729,3940.0,3900.0,3900.0,3500.0,0.0,4.0,0.0,0.0,0.33981043100357056,0.8959062099456787,1.0421395301818848,1.7267351150512695,6.0
dynamic_prune,2,1,395,0.14541510860125223,0.12165408213933308,0.02376102641224861,0.11399747992555301,0.11399747992555301,0.0,5.0,5.0,0.09220348298549652,0.4033992886543274,4.333606719970703,3950.0,3900.0,3900.0,3500.0,0.0,4.0,0.0,0.0,0.33981043100357056,0.8959062099456787,1.0421395301818848,1.7267351150512695,6.0
dynamic_prune,2,1,396,0.13873513400554657,0.11475979904333751,0.023975335508584977,0.1252764399846395,0.1252764399846395,0.0,5.0,5.0,0.09145998954772949,0.40326690673828125,4.3324456214904785,3960.0,3900.0,3900.0,3500.0,0.0,4.0,0.0,0.0,0.33981043100357056,0.8959062099456787,1.0421395301818848,1.7267351150512695,6.0
dynamic_prune,2,1,397,0.14058212220668792,0.11514738231897353,0.025434737826387086,0.1133456224699815,0.1133456224699815,0.0,5.0,5.0,0.09041179716587067,0.40335309505462646,4.331286430358887,3970.0,3900.0,3900.0,3500.0,0.0,4.0,0.0,0.0,0.33981043100357056,0.8959062099456787,1.0421395301818848,1.7267351150512695,6.0
dynamic_prune,2,1,398,0.14312588930130005,0.11821825742721558,0.024907632792989413,0.1223199766377608,0.1223199766377608,0.0,5.0,5.0,0.0895376205444336,0.4036576747894287,4.328474044799805,3980.0,3900.0,3900.0,3500.0,0.0,4.0,0.0,0.0,0.33981043100357056,0.8959062099456787,1.0421395301818848,1.7267351150512695,6.0
dynamic_prune,2,1,399,0.15473298450311024,0.12868385255336762,0.026049134333928425,0.11088719430069129,0.11088719430069129,0.0,5.0,5.0,0.08845269680023193,0.4033905863761902,4.32810115814209,3990.0,3900.0,3900.0,3500.0,0.0,4.0,0.0,0.0,0.33981043100357056,0.8959062099456787,1.0421395301818848,1.7267351150512695,6.0
dynamic_prune,2,1,400,0.14101556996504466,0.11643262922763825,0.024582939768830935,0.11291284861663978,0.11291284861663978,0.0,5.0,5.0,0.08763930946588516,0.4033221900463104,4.327259540557861,4000.0,4000.0,4000.0,3500.0,0.0,4.0,0.0,0.0,0.1946735382080078,0.42359232902526855,0.5826665163040161,1.3257203102111816,2.0
dynamic_prune,2,1,401,0.14250279396772383,0.11778157244126002,0.024721223513285318,0.13509120007356007,0.13509120007356007,0.0,5.0,5.0,0.08749308437108994,0.40328922867774963,4.326937198638916,4010.0,4000.0,4000.0,3500.0,0.0,4.0,0.0,0.0,0.1946735382080078,0.42359232902526855,0.5826665163040161,1.3257203102111816,2.0
dynamic_prune,2,1,402,0.14932373046875,0.12395245879888535,0.02537127474943797,0.10538425952196122,0.10538425952196122,0.0,5.0,5.0,0.08660460263490677,0.40334856510162354,4.325331687927246,4020.0,4000.0,4000.0,3500.0,0.0,4.0,0.0,0.0,0.1946735382080078,0.42359232902526855,0.5826665163040161,1.3257203102111816,2.0
dynamic_prune,2,1,403,0.13878980179627737,0.11551609714825949,0.023273704499006273,0.11991837042073408,0.11991837042073408,0.0,5.0,5.0,0.08564816415309906,0.403301864862442,4.324857711791992,4030.0,4000.0,4000.0,3500.0,0.0,4.0,0.0,0.0,0.1946735382080078,0.42359232902526855,0.5826665163040161,1.3257203102111816,2.0
dynamic_prune,2,1,404,0.14822344501813253,0.12190161426862081,0.02632183114687602,0.12549869798123836,0.12549869798123836,0.0,5.0,5.0,0.08503885567188263,0.4035377502441406,4.3228044509887695,4040.0,4000.0,4000.0,3500.0,0.0,4.0,0.0,0.0,0.1946735382080078,0.42359232902526855,0.5826665163040161,1.3257203102111816,2.0
dynamic_prune,2,1,405,0.14526779770851136,0.12064298321803411,0.0246248123049736,0.10782632363339265,0.10782632363339265,0.0,5.0,5.0,0.08460176736116409,0.4035343527793884,4.321181297302246,4050.0,4000.0,4000.0,3500.0,0.0,4.0,0.0,0.0,0.1946735382080078,0.42359232902526855,0.5826665163040161,1.3257203102111816,2.0
dynamic_prune,2,1,406,0.13562791506449381,0.11242001394430796,0.023207901070515315,0.11935887937744459,0.11935887937744459,0.0,5.0,5.0,0.08434093743562698,0.40344706177711487,4.3215484619140625,4060.0,4000.0,4000.0,3500.0,0.0,4.0,0.0,0.0,0.1946735382080078,0.42359232902526855,0.5826665163040161,1.3257203102111816,2.0
dynamic_prune,2,1,407,0.14921658833821613,0.12379164685805638,0.025424942572911582,0.12344466572006543,0.12344466572006543,0.0,5.0,5.0,0.08362352848052979,0.4036901295185089,4.318767547607422,4070.0,4000.0,4000.0,3500.0,0.0,4.0,0.0,0.0,0.1946735382080078,0.42359232902526855,0.5826665163040161,1.3257203102111816,2.0
dynamic_prune,2,1,408,0.13688973267873128,0.11310211131970088,0.02378762036561966,0.10832344988981883,0.10832344988981883,0.0,5.0,5.0,0.08294732123613358,0.4037051200866699,4.317864418029785,4080.0,4000.0,4000.0,3500.0,0.0,4.0,0.0,0.0,0.1946735382080078,0.42359232902526855,0.5826665163040161,1.3257203102111816,2.0
dynamic_prune,2,1,409,0.1489341272910436,0.12335479478041331,0.025579334497451783,0.11300517725447813,0.11300517725447813,0.0,5.0,5.0,0.08254994451999664,0.40383845567703247,4.316555976867676,4090.0,4000.0,4000.0,3500.0,0.0,4.0,0.0,0.0,0.1946735382080078,0.42359232902526855,0.5826665163040161,1.3257203102111816,2.0
dynamic_prune,2,1,410,0.1382040117184321,0.11444626162449519,0.023757750044266383,0.10748598563174407,0.10748598563174407,0.0,5.0,5.0,0.08232062309980392,0.4036672115325928,4.316305160522461,4100.0,4100.0,4100.0,3500.0,0.0,4.0,0.0,0.0,0.18681471049785614,0.3854939937591553,0.5385502576828003,0.7862281799316406,0.0
dynamic_prune,2,1,411,0.15367782274882,0.12809297223885854,0.02558484931786855,0.1371255110949278,0.1371255110949278,0.0,5.0,5.0,0.08230655640363693,0.40376439690589905,4.3147873878479,4110.0,4100.0,4100.0,3500.0,0.0,4.0,0.0,0.0,0.18681471049785614,0.3854939937591553,0.5385502576828003,0.7862281799316406,0.0
dynamic_prune,2,1,412,0.15170446316401165,0.125484748284022,0.026219713514049846,0.1071029973278443,0.1071029973278443,0.0,5.0,5.0,0.08220074325799942,0.40396228432655334,4.314212799072266,4120.0,4100.0,4100.0,3500.0,0.0,4.0,0.0,0.0,0.18681471049785614,0.3854939937591553,0.5385502576828003,0.7862281799316406,0.0
dynamic_prune,2,1,413,0.13354351739088693,0.11066265006860097,0.022880867272615433,0.13423772665361564,0.13423772665361564,0.0,5.0,5.0,0.08202560991048813,0.40372559428215027,4.315581798553467,4130.0,4100.0,4100.0,3500.0,0.0,4.0,0.0,0.0,0.18681471049785614,0.3854939937591553,0.5385502576828003,0.7862281799316406,0.0
dynamic_prune,2,1,414,0.1468187044064204,0.12039703488349915,0.026421672453482946,0.11340631641447545,0.11340631641447545,0.0,5.0,5.0,0.08172861486673355,0.40380969643592834,4.313440322875977,4140.0,4100.0,4100.0,3500.0,0.0,4.0,0.0,0.0,0.18681471049785614,0.3854939937591553,0.5385502576828003,0.7862281799316406,0.0
dynamic_prune,2,1,415,0.14398747821648916,0.1186510306596756,0.02533644715944926,0.10767200263837973,0.10767200263837973,0.0,5.0,5.0,0.08136425167322159,0.4036875069141388,4.312922954559326,4150.0,4100.0,4100.0,3500.0,0.0,4.0,0.0,0.0,0.18681471049785614,0.3854939937591553,0.5385502576828003,0.7862281799316406,0.0
dynamic_prune,2,1,416,0.151139252781868,0.1230426154534022,0.028096639116605125,0.1266246561954419,0.1266246561954419,0.0,5.0,5.0,0.08135015517473221,0.40362119674682617,4.313464164733887,4160.0,4100.0,4100.0,3500.0,0.0,4.0,0.0,0.0,0.18681471049785614,0.3854939937591553,0.5385502576828003,0.7862281799316406,0.0
dynamic_prune,2,1,417,0.13322253982226054,0.1085178874929746,0.024704653074344,0.10398913609484832,0.10398913609484832,0.0,5.0,5.0,0.08100605756044388,0.4035353660583496,4.3135809898376465,4170.0,4100.0,4100.0,3500.0,0.0,4.0,0.0,0.0,0.18681471049785614,0.3854939937591553,0.5385502576828003,0.7862281799316406,0.0
dynamic_prune,2,1,418,0.13361692686875662,0.1104287479321162,0.023188178290923435,0.12212456208964188,0.12212456208964188,0.0,5.0,5.0,0.08064159750938416,0.40348586440086365,4.313323497772217,4180.0,4100.0,4100.0,3500.0,0.0,4.0,0.0,0.0,0.18681471049785614,0.3854939937591553,0.5385502576828003,0.7862281799316406,0.0
dynamic_prune,2,1,419,0.1483491043249766,0.12385453482468924,0.024494570617874464,0.10618600760897001,0.10618600760897001,0.0,5.0,5.0,0.08047054708003998,0.40338537096977234,4.312348365783691,4190.0,4100.0,4100.0,3500.0,0.0,4.0,0.0,0.0,0.18681471049785614,0.3854939937591553,0.5385502576828003,0.7862281799316406,0.0
dynamic_prune,2,1,420,0.13478793422381083,0.11067604541778564,0.024111889650424323,0.10333711971839268,0.10333711971839268,0.0,5.0,5.0,0.08039571344852448,0.4032418131828308,4.3123273849487305,4200.0,4200.0,4200.0,3500.0,0.0,4.0,0.0,0.0,0.20224690437316895,0.4572620391845703,0.575080156326294,1.6323587894439697,1.0
dynamic_prune,2,1,421,0.13774785617987315,0.11260743975639344,0.02514041562875112,0.12930409697194895,0.12930409697194895,0.0,5.0,5.0,0.08040453493595123,0.4031303822994232,4.312792778015137,4210.0,4200.0,4200.0,3500.0,0.0,4.0,0.0,0.0,0.20224690437316895,0.4572620391845703,0.575080156326294,1.6323587894439697,1.0
dynamic_prune,2,1,422,0.15534351666768392,0.1288963923851649,0.026447123090426128,0.11024588589866956,0.11024588589866956,0.0,5.0,5.0,0.0808672159910202,0.4034048020839691,4.3120951652526855,4220.0,4200.0,4200.0,3500.0,0.0,4.0,0.0,0.0,0.20224690437316895,0.4572620391845703,0.575080156326294,1.6323587894439697,1.0
dynamic_prune,2,1,423,0.13287994345029194,0.10902772496143977,0.02385221838951111,0.12809005198379358,0.12809005198379358,0.0,5.0,5.0,0.08108270168304443,0.4034211337566376,4.313533782958984,4230.0,4200.0,4200.0,3500.0,0.0,4.0,0.0,0.0,0.20224690437316895,0.4572620391845703,0.575080156326294,1.6323587894439697,1.0
dynamic_prune,2,1,424,0.1499220011631648,0.12245762278636296,0.027464376986026762,0.10940766679743925,0.10940766679743925,0.0,5.0,5.0,0.08078022301197052,0.40383291244506836,4.311488628387451,4240.0,4200.0,4200.0,3500.0,0.0,4.0,0.0,0.0,0.20224690437316895,0.4572620391845703,0.575080156326294,1.6323587894439697,1.0
dynamic_prune,2,1,425,0.13475963254769643,0.11039043436447779,0.02436919632057349,0.10428942143917083,0.10428942143917083,0.0,5.0,5.0,0.08099410682916641,0.4035181403160095,4.313416481018066,4250.0,4200.0,4200.0,3500.0,0.0,4.0,0.0,0.0,0.20224690437316895,0.4572620391845703,0.575080156326294,1.6323587894439697,1.0
dynamic_prune,2,1,426,0.13159125963846843,0.1085634837547938,0.023027775610486665,0.11760307418803374,0.11760307418803374,0.0,5.0,5.0,0.08142045885324478,0.40323877334594727,4.315008163452148,4260.0,4200.0,4200.0,3500.0,0.0,4.0,0.0,0.0,0.20224690437316895,0.4572620391845703,0.575080156326294,1.6323587894439697,1.0
dynamic_prune,2,1,427,0.13340946932633718,0.10770231013496717,0.025707158148288726,0.10332867994904518,0.10332867994904518,0.0,5.0,5.0,0.08126373589038849,0.4034121334552765,4.313379287719727,4270.0,4200.0,4200.0,3500.0,0.0,4.0,0.0,0.0,0.20224690437316895,0.4572620391845703,0.575080156326294,1.6323587894439697,1.0
dynamic_prune,2,1,428,0.12917302827040356,0.10623086303472519,0.0229421649624904,0.1096923615783453,0.1096923615783453,0.0,5.0,5.0,0.08090262860059738,0.40329068899154663,4.313771724700928,4280.0,4200.0,4200.0,3500.0,0.0,4.0,0.0,0.0,0.20224690437316895,0.4572620391845703,0.575080156326294,1.6323587894439697,1.0
dynamic_prune,2,1,429,0.13541655917962392,0.1113532069325447,0.024063352569937704,0.10535877312223117,0.10535877312223117,0.0,5.0,5.0,0.08120610564947128,0.40332314372062683,4.312998294830322,4290.0,4200.0,4200.0,3500.0,0.0,4.0,0.0,0.0,0.20224690437316895,0.4572620391845703,0.575080156326294,1.6323587894439697,1.0
dynamic_prune,2,1,430,0.14426084518432616,0.11952767928441366,0.024733168333768846,0.10079682836929957,0.10079682836929957,0.0,5.0,5.0,0.08112846314907074,0.4036269187927246,4.311973571777344,4300.0,4300.0,4300.0,3500.0,0.0,4.0,0.0,0.0,0.243655726313591,0.45296525955200195,0.7139993906021118,1.397214412689209,2.0
dynamic_prune,2,1,431,0.12730627020200094,0.1035866258541743,0.023719646458824475,0.11333987710376581,0.11333987710376581,0.0,5.0,5.0,0.08097199350595474,0.4032537639141083,4.3137946128845215,4310.0,4300.0,4300.0,3500.0,0.0,4.0,0.0,0.0,0.243655726313591,0.45296525955200195,0.7139993906021118,1.397214412689209,2.0
dynamic_prune,2,1,432,0.1515109239021937,0.12442235817511876,0.027088565354545912,0.108520353063941,0.108520353063941,0.0,5.0,5.0,0.08096688985824585,0.4035539925098419,4.312514305114746,4320.0,4300.0,4300.0,3500.0,0.0,4.0,0.0,0.0,0.243655726313591,0.45296525955200195,0.7139993906021118,1.397214412689209,2.0
dynamic_prune,2,1,433,0.1269152891635895,0.10268425196409225,0.024231035113334656,0.10190994883577029,0.10190994883577029,0.0,5.0,5.0,0.08081486076116562,0.40343934297561646,4.313126087188721,4330.0,4300.0,4300.0,3500.0,0.0,4.0,0.0,0.0,0.243655726313591,0.45296525955200195,0.7139993906021118,1.397214412689209,2.0
dynamic_prune,2,1,434,0.14086510399977367,0.11509756088256835,0.025767542322476706,0.13120809582372506,0.13120809582372506,0.0,5.0,5.0,0.08117665350437164,0.4034058153629303,4.314472198486328,4340.0,4300.0,4300.0,3500.0,0.0,4.0,0.0,0.0,0.243655726313591,0.45296525955200195,0.7139993906021118,1.397214412689209,2.0
dynamic_prune,2,1,435,0.1342593624194463,0.1092588722705841,0.025000490546226502,0.09729757574697336,0.09729757574697336,0.0,5.0,5.0,0.08128565549850464,0.40334075689315796,4.314406871795654,4350.0,4300.0,4300.0,3500.0,0.0,4.0,0.0,0.0,0.243655726313591,0.45296525955200195,0.7139993906021118,1.397214412689209,2.0
dynamic_prune,2,1,436,0.1364414244890213,0.1121413493156433,0.024300076588988303,0.1296464662005504,0.1296464662005504,0.0,5.0,5.0,0.08156561851501465,0.403289258480072,4.3158040046691895,4360.0,4300.0,4300.0,3500.0,0.0,4.0,0.0,0.0,0.243655726313591,0.45296525955200195,0.7139993906021118,1.397214412689209,2.0
dynamic_prune,2,1,437,0.15660442690054577,0.13044638683398566,0.02615804006656011,0.10407674466570219,0.10407674466570219,0.0,5.0,5.0,0.08187183737754822,0.40340593457221985,4.3152689933776855,4370.0,4300.0,4300.0,3500.0,0.0,4.0,0.0,0.0,0.243655726313591,0.45296525955200195,0.7139993906021118,1.397214412689209,2.0
dynamic_prune,2,1,438,0.1315733559926351,0.10783954938252767,0.02373380566636721,0.10414346136152744,0.10414346136152744,0.0,5.0,5.0,0.08159876614809036,0.40333202481269836,4.315577507019043,4380.0,4300.0,4300.0,3500.0,0.0,4.0,0.0,0.0,0.243655726313591,0.45296525955200195,0.7139993906021118,1.397214412689209,2.0
dynamic_prune,2,1,439,0.13693682928880055,0.11169844567775726,0.02523838256796201,0.12207841816047828,0.12207841816047828,0.0,5.0,5.0,0.08133035898208618,0.4034323990345001,4.314821243286133,4390.0,4300.0,4300.0,3500.0,0.0,4.0,0.0,0.0,0.243655726313591,0.45296525955200195,0.7139993906021118,1.397214412689209,2.0
dynamic_prune,2,1,440,0.1291402010122935,0.10510569314161937,0.024034508690238,0.09904254081348578,0.09904254081348578,0.0,5.0,5.0,0.0817587748169899,0.4033122956752777,4.316064357757568,4400.0,4400.0,4400.0,3500.0,0.0,4.0,0.0,0.0,0.21354177594184875,0.48776936531066895,0.7186927199363708,1.168989658355713,2.0
dynamic_prune,2,1,441,0.14187305082877477,0.11570361241698265,0.026169439082344374,0.11989287048578262,0.11989287048578262,0.0,5.0,5.0,0.0819648802280426,0.40336623787879944,4.3155436515808105,4410.0,4400.0,4400.0,3500.0,0.0,4.0,0.0,0.0,0.21354177594184875,0.48776936531066895,0.7186927199363708,1.168989658355713,2.0
dynamic_prune,2,1,442,0.128375264108181,0.10419173290332158,0.02418353041013082,0.09607648223638535,0.09607648223638535,0.0,5.0,5.0,0.08229947835206985,0.4032755196094513,4.316765308380127,4420.0,4400.0,4400.0,3500.0,0.0,4.0,0.0,0.0,0.21354177594184875,0.48776936531066895,0.7186927199363708,1.168989658355713,2.0
dynamic_prune,2,1,443,0.1336143303910891,0.10958883603413899,0.02402549368639787,0.13268457564214867,0.13268457564214867,0.0,5.0,5.0,0.08227971941232681,0.4031679332256317,4.317328929901123,4430.0,4400.0,4400.0,3500.0,0.0,4.0,0.0,0.0,0.21354177594184875,0.48776936531066895,0.7186927199363708,1.168989658355713,2.0
dynamic_prune,2,1,444,0.14728931585947672,0.12084129830201466,0.026448017011086147,0.10581631727516651,0.10581631727516651,0.0,5.0,5.0,0.08232460916042328,0.40292468667030334,4.3173604011535645,4440.0,4400.0,4400.0,3500.0,0.0,4.0,0.0,0.0,0.21354177594184875,0.48776936531066895,0.7186927199363708,1.168989658355713,2.0
dynamic_prune,2,1,445,0.14090267737706502,0.11630775252978007,0.024594923655192058,0.0961968103547891,0.0961968103547891,0.0,5.0,5.0,0.08281853795051575,0.4028559625148773,4.317550182342529,4450.0,4400.0,4400.0,3500.0,0.0,4.0,0.0,0.0,0.21354177594184875,0.48776936531066895,0.7186927199363708,1.168989658355713,2.0
dynamic_prune,2,1,446,0.1363353306055069,0.11217938621838887,0.024155943791071575,0.11099346533417702,0.11099346533417702,0.0,5.0,5.0,0.08244231343269348,0.40287426114082336,4.316836357116699,4460.0,4400.0,4400.0,3500.0,0.0,4.0,0.0,0.0,0.21354177594184875,0.48776936531066895,0.7186927199363708,1.168989658355713,2.0
dynamic_prune,2,1,447,0.12912184735139212,0.10462834298610688,0.024493506103754045,0.10994716040790081,0.10994716040790081,0.0,5.0,5.0,0.08299379050731659,0.4029693007469177,4.317769527435303,4470.0,4400.0,4400.0,3500.0,0.0,4.0,0.0,0.0,0.21354177594184875,0.48776936531066895,0.7186927199363708,1.168989658355713,2.0
dynamic_prune,2,1,448,0.13090869824091594,0.10655366520086924,0.024355032096306482,0.10311492127676805,0.10311492127676805,0.0,5.0,5.0,0.08308535814285278,0.40279242396354675,4.317748546600342,4480.0,4400.0,4400.0,3500.0,0.0,4.0,0.0,0.0,0.21354177594184875,0.48776936531066895,0.7186927199363708,1.168989658355713,2.0
dynamic_prune,2,1,449,0.12767764727274578,0.10263976295789083,0.025037885506947834,0.10786967515945435,0.10786967515945435,0.0,5.0,5.0,0.08292456716299057,0.4026015102863312,4.318964958190918,4490.0,4400.0,4400.0,3500.0,0.0,4.0,0.0,0.0,0.21354177594184875,0.48776936531066895,0.7186927199363708,1.168989658355713,2.0
dynamic_prune,2,1,450,0.1336785622437795,0.10768177837133408,0.025996782605846723,0.09898917086422443,0.09898917086422443,0.0,5.0,5.0,0.08294610679149628,0.4028591215610504,4.318503379821777,4500.0,4500.0,4500.0,3500.0,0.0,4.0,0.0,0.0,0.2162628173828125,0.5439248085021973,0.6121776103973389,1.0930335521697998,1.0
dynamic_prune,2,1,451,0.13257470428943635,0.10851637025674184,0.02405833383401235,0.10393818986912569,0.10393818986912569,0.0,5.0,5.0,0.08287675678730011,0.4029066562652588,4.31840705871582,4510.0,4500.0,4500.0,3500.0,0.0,4.0,0.0,0.0,0.2162628173828125,0.5439248085021973,0.6121776103973389,1.0930335521697998,1.0
dynamic_prune,2,1,452,0.13245051940282185,0.10830810099840164,0.02414241835474968,0.09875147094329198,0.09875147094329198,0.0,5.0,5.0,0.08271988481283188,0.40285781025886536,4.317847728729248,4520.0,4500.0,4500.0,3500.0,0.0,4.0,0.0,0.0,0.2162628173828125,0.5439248085021973,0.6121776103973389,1.0930335521697998,1.0
dynamic_prune,2,1,453,0.13318953414758047,0.10843312482039134,0.02475641037027041,0.10166279777884484,0.10166279777884484,0.0,5.0,5.0,0.08273868262767792,0.40290871262550354,4.318635940551758,4530.0,4500.0,4500.0,3500.0,0.0,4.0,0.0,0.0,0.2162628173828125,0.5439248085021973,0.6121776103973389,1.0930335521697998,1.0
dynamic_prune,2,1,454,0.13292831917603812,0.10687556902567545,0.02605275159080823,0.10576731520394485,0.10576731520394485,0.0,5.0,5.0,0.08223923295736313,0.4029327630996704,4.3175153732299805,4540.0,4500.0,4500.0,3500.0,0.0,4.0,0.0,0.0,0.2162628173828125,0.5439248085021973,0.6121776103973389,1.0930335521697998,1.0
dynamic_prune,2,1,455,0.13433100740114848,0.10966712276140848,0.024663886179526646,0.09492544653515021,0.09492544653515021,0.0,5.0,5.0,0.08227187395095825,0.40301671624183655,4.317531585693359,4550.0,4500.0,4500.0,3500.0,0.0,4.0,0.0,0.0,0.2162628173828125,0.5439248085021973,0.6121776103973389,1.0930335521697998,1.0
dynamic_prune,2,1,456,0.13390631318092347,0.10962706844011942,0.024279244393110275,0.10646147248645624,0.10646147248645624,0.0,5.0,5.0,0.0824243575334549,0.40312618017196655,4.317007064819336,4560.0,4500.0,4500.0,3500.0,0.0,4.0,0.0,0.0,0.2162628173828125,0.5439248085021973,0.6121776103973389,1.0930335521697998,1.0
dynamic_prune,2,1,457,0.13851005474726358,0.11190928687651952,0.02660076692700386,0.0970563164105018,0.0970563164105018,0.0,5.0,5.0,0.0823817178606987,0.40321996808052063,4.316061973571777,4570.0,4500.0,4500.0,3500.0,0.0,4.0,0.0,0.0,0.2162628173828125,0.5439248085021973,0.6121776103973389,1.0930335521697998,1.0
dynamic_prune,2,1,458,0.12400771955649058,0.10048820813496907,0.023519512762626014,0.09891569587091605,0.09891569587091605,0.0,5.0,5.0,0.08267229050397873,0.4029689133167267,4.3179450035095215,4580.0,4500.0,4500.0,3500.0,0.0,4.0,0.0,0.0,0.2162628173828125,0.5439248085021973,0.6121776103973389,1.0930335521697998,1.0
dynamic_prune,2,1,459,0.14552139461040497,0.11939246714115143,0.02612892692287763,0.12505610423783461,0.12505610423783461,0.0,5.0,5.0,0.08301008492708206,0.4030067026615143,4.3185200691223145,4590.0,4500.0,4500.0,3500.0,0.0,4.0,0.0,0.0,0.2162628173828125,0.5439248085021973,0.6121776103973389,1.0930335521697998,1.0
dynamic_prune,2,1,460,0.12813596804936728,0.10309610724449157,0.025039863040049872,0.09403366468846798,0.09403366468846798,0.0,5.0,5.0,0.08299054205417633,0.4028418958187103,4.318115711212158,4600.0,4600.0,4600.0,3500.0,0.0,4.0,0.0,0.0,0.22572343051433563,0.5404477119445801,0.62699294090271,1.2683887481689453,2.0
dynamic_prune,2,1,461,0.144241840839386,0.11702385604381561,0.027217985639969508,0.13201532676815986,0.13201532676815986,0.0,5.0,5.0,0.08313382416963577,0.40308472514152527,4.318063259124756,4610.0,4600.0,4600.0,3500.0,0.0,4.0,0.0,0.0,0.22572343051433563,0.5404477119445801,0.62699294090271,1.2683887481689453,2.0
dynamic_prune,2,1,462,0.13056892315546673,0.10546897252400717,0.025099950432777404,0.09313716391722361,0.09313716391722361,0.0,5.0,5.0,0.08364210277795792,0.40311869978904724,4.31878137588501,4620.0,4600.0,4600.0,3500.0,0.0,4.0,0.0,0.0,0.22572343051433563,0.5404477119445801,0.62699294090271,1.2683887481689453,2.0
dynamic_prune,2,1,463,0.13262242555618287,0.10739842971165975,0.02522399753332138,0.12387636005878448,0.12387636005878448,0.0,5.0,5.0,0.0836205780506134,0.40310561656951904,4.319685935974121,4630.0,4600.0,4600.0,3500.0,0.0,4.0,0.0,0.0,0.22572343051433563,0.5404477119445801,0.62699294090271,1.2683887481689453,2.0
dynamic_prune,2,1,464,0.1301699028412501,0.10635386963685353,0.023816032061974208,0.09780232849220435,0.09780232849220435,0.0,5.0,5.0,0.08398251980543137,0.4031660258769989,4.319993019104004,4640.0,4600.0,4600.0,3500.0,0.0,4.0,0.0,0.0,0.22572343051433563,0.5404477119445801,0.62699294090271,1.2683887481689453,2.0
dynamic_prune,2,1,465,0.12760981857776643,0.10359562029441198,0.02401419868071874,0.10440145060420036,0.10440145060420036,0.0,5.0,5.0,0.08411233127117157,0.4030921459197998,4.320587158203125,4650.0,4600.0,4600.0,3500.0,0.0,4.0,0.0,0.0,0.22572343051433563,0.5404477119445801,0.62699294090271,1.2683887481689453,2.0
dynamic_prune,2,1,466,0.13311659336090087,0.10761563022931417,0.02550096355378628,0.10586915776133538,0.10586915776133538,0.0,5.0,5.0,0.08408304303884506,0.40316006541252136,4.3197503089904785,4660.0,4600.0,4600.0,3500.0,0.0,4.0,0.0,0.0,0.22572343051433563,0.5404477119445801,0.62699294090271,1.2683887481689453,2.0
dynamic_prune,2,1,467,0.12527091145515443,0.10127763380606969,0.023993275860945382,0.09613343807558218,0.09613343807558218,0.0,5.0,5.0,0.08423426002264023,0.4029129445552826,4.320892810821533,4670.0,4600.0,4600.0,3500.0,0.0,4.0,0.0,0.0,0.22572343051433563,0.5404477119445801,0.62699294090271,1.2683887481689453,2.0
dynamic_prune,2,1,468,0.13130858798821768,0.10684141318003336,0.024467177341381707,0.11493338465690613,0.11493338465690613,0.0,5.0,5.0,0.08402553200721741,0.40285924077033997,4.3200154304504395,4680.0,4600.0,4600.0,3500.0,0.0,4.0,0.0,0.0,0.22572343051433563,0.5404477119445801,0.62699294090271,1.2683887481689453,2.0
dynamic_prune,2,1,469,0.12598352511723837,0.10202975491682688,0.02395376960436503,0.0918179559459289,0.0918179559459289,0.0,5.0,5.0,0.08364424109458923,0.402698278427124,4.319979667663574,4690.0,4600.0,4600.0,3500.0,0.0,4.0,0.0,0.0,0.22572343051433563,0.5404477119445801,0.62699294090271,1.2683887481689453,2.0
dynamic_prune,2,1,470,0.11997353533903758,0.09633144795894623,0.023642087802290917,0.12345330350100994,0.12345330350100994,0.0,5.0,5.0,0.08373706042766571,0.402673602104187,4.320476055145264,4700.0,4700.0,4700.0,3500.0,0.0,4.0,0.0,0.0,0.20223408937454224,0.46686530113220215,0.6024699211120605,0.8353962898254395,0.0
dynamic_prune,2,1,471,0.13614661236604056,0.10849540452162425,0.02765120826661587,0.0974823718269666,0.0974823718269666,0.0,5.0,5.0,0.08414925634860992,0.4027678668498993,4.319762229919434,4710.0,4700.0,4700.0,3500.0,0.0,4.0,0.0,0.0,0.20223408937454224,0.46686530113220215,0.6024699211120605,0.8353962898254395,0.0
dynamic_prune,2,1,472,0.12143989741802215,0.09632424890995026,0.025115647117296854,0.09562576067944367,0.09562576067944367,0.0,5.0,5.0,0.08448886126279831,0.40269893407821655,4.321127891540527,4720.0,4700.0,4700.0,3500.0,0.0,4.0,0.0,0.0,0.20223408937454224,0.46686530113220215,0.6024699211120605,0.8353962898254395,0.0
dynamic_prune,2,1,473,0.13163794338703155,0.10584751645723979,0.025790425191322963,0.11955873904128869,0.11955873904128869,0.0,5.0,5.0,0.08456256985664368,0.40288451313972473,4.3197197914123535,4730.0,4700.0,4700.0,3500.0,0.0,4.0,0.0,0.0,0.20223408937454224,0.46686530113220215,0.6024699211120605,0.8353962898254395,0.0
dynamic_prune,2,1,474,0.12804806927839915,0.10399056603511174,0.024057503168781597,0.09049451408286889,0.09049451408286889,0.0,5.0,5.0,0.08442989736795425,0.40279895067214966,4.319538593292236,4740.0,4700.0,4700.0,3500.0,0.0,4.0,0.0,0.0,0.20223408937454224,0.46686530113220215,0.6024699211120605,0.8353962898254395,0.0
dynamic_prune,2,1,475,0.13876400848229725,0.1130451339483261,0.025718872994184495,0.09866501418252786,0.09866501418252786,0.0,5.0,5.0,0.08461754769086838,0.4028952717781067,4.318358421325684,4750.0,4700.0,4700.0,3500.0,0.0,4.0,0.0,0.0,0.20223408937454224,0.46686530113220215,0.6024699211120605,0.8353962898254395,0.0
dynamic_prune,2,1,476,0.1188691520690918,0.09456858992576599,0.024300562491019567,0.09725788650413354,0.09725788650413354,0.0,5.0,5.0,0.08511734008789062,0.4028821587562561,4.3202805519104,4760.0,4700.0,4700.0,3500.0,0.0,4.0,0.0,0.0,0.20223408937454224,0.46686530113220215,0.6024699211120605,0.8353962898254395,0.0
dynamic_prune,2,1,477,0.1281212365627289,0.10302750090758006,0.025093734189867975,0.11342082175115745,0.11342082175115745,0.0,5.0,5.0,0.08491414040327072,0.4028353691101074,4.319772243499756,4770.0,4700.0,4700.0,3500.0,0.0,4.0,0.0,0.0,0.20223408937454224,0.46686530113220215,0.6024699211120605,0.8353962898254395,0.0
dynamic_prune,2,1,478,0.1260765614112218,0.10119732737541198,0.02487923488020897,0.09198582207163175,0.09198582207163175,0.0,5.0,5.0,0.08503425866365433,0.4027061462402344,4.319947719573975,4780.0,4700.0,4700.0,3500.0,0.0,4.0,0.0,0.0,0.20223408937454224,0.46686530113220215,0.6024699211120605,0.8353962898254395,0.0
dynamic_prune,2,1,479,0.13042981892824174,0.10521476844946544,0.025215050876140593,0.09800840482115745,0.09800840482115745,0.0,5.0,5.0,0.08456715941429138,0.402757465839386,4.319467544555664,4790.0,4700.0,4700.0,3500.0,0.0,4.0,0.0,0.0,0.20223408937454224,0.46686530113220215,0.6024699211120605,0.8353962898254395,0.0
dynamic_prune,2,1,480,0.1340031850337982,0.10622889588276545,0.027774290690819423,0.09671623644729456,0.09671623644729456,0.0,5.0,5.0,0.08430842310190201,0.4030514657497406,4.31803035736084,4800.0,4800.0,4800.0,3500.0,0.0,4.0,0.0,0.0,0.229856938123703,0.5575222969055176,1.0480320453643799,1.3739194869995117,6.0
dynamic_prune,2,1,481,0.12347781519095102,0.09807174901167552,0.025406065434217452,0.09256553861002127,0.09256553861002127,0.0,5.0,5.0,0.08457831293344498,0.40284520387649536,4.319545269012451,4810.0,4800.0,4800.0,3500.0,0.0,4.0,0.0,0.0,0.229856938123703,0.5575222969055176,1.0480320453643799,1.3739194869995117,6.0
dynamic_prune,2,1,482,0.12359439452489217,0.09906844814618429,0.02452594578266144,0.11109595167140165,0.11109595167140165,0.0,5.0,5.0,0.08460698276758194,0.40288645029067993,4.319748878479004,4820.0,4800.0,4800.0,3500.0,0.0,4.0,0.0,0.0,0.229856938123703,0.5575222969055176,1.0480320453643799,1.3739194869995117,6.0
dynamic_prune,2,1,483,0.12772988458474477,0.10333481719096502,0.024395065729816756,0.08907199151813984,0.08907199151813984,0.0,5.0,5.0,0.0849367156624794,0.4029129445552826,4.320592403411865,4830.0,4800.0,4800.0,3500.0,0.0,4.0,0.0,0.0,0.229856938123703,0.5575222969055176,1.0480320453643799,1.3739194869995117,6.0
dynamic_prune,2,1,484,0.1276161194841067,0.10181088894605636,0.025805232127507526,0.10872996720174949,0.10872996720174949,0.0,5.0,5.0,0.08495421707630157,0.402839720249176,4.320399761199951,4840.0,4800.0,4800.0,3500.0,0.0,4.0,0.0,0.0,0.229856938123703,0.5575222969055176,1.0480320453643799,1.3739194869995117,6.0
dynamic_prune,2,1,485,0.12650925517082215,0.1005343265334765,0.02597492883602778,0.09625681007901828,0.09625681007901828,0.0,5.0,5.0,0.08490932732820511,0.40294936299324036,4.319835186004639,4850.0,4800.0,4800.0,3500.0,0.0,4.0,0.0,0.0,0.229856938123703,0.5575222969055176,1.0480320453643799,1.3739194869995117,6.0
dynamic_prune,2,1,486,0.13184462348620096,0.1043269956111908,0.027517628073692322,0.10270933044453462,0.10270933044453462,0.0,5.0,5.0,0.08513335883617401,0.4029037654399872,4.320184230804443,4860.0,4800.0,4800.0,3500.0,0.0,4.0,0.0,0.0,0.229856938123703,0.5575222969055176,1.0480320453643799,1.3739194869995117,6.0
dynamic_prune,2,1,487,0.12756346265474955,0.10169456948836644,0.025868894706169765,0.09037228263914585,0.09037228263914585,0.0,5.0,5.0,0.08542440831661224,0.40291810035705566,4.320422649383545,4870.0,4800.0,4800.0,3500.0,0.0,4.0,0.0,0.0,0.229856938123703,0.5575222969055176,1.0480320453643799,1.3739194869995117,6.0
dynamic_prune,2,1,488,0.1273782229423523,0.10245500733455022,0.024923215359449385,0.10706510143975417,0.10706510143975417,0.0,5.0,5.0,0.08559765666723251,0.4029635190963745,4.320401668548584,4880.0,4800.0,4800.0,3500.0,0.0,4.0,0.0,0.0,0.229856938123703,0.5575222969055176,1.0480320453643799,1.3739194869995117,6.0
dynamic_prune,2,1,489,0.13392287294069927,0.10802982191244762,0.025893050779898962,0.08794219568371772,0.08794219568371772,0.0,5.0,5.0,0.08541689813137054,0.4030655324459076,4.319326877593994,4890.0,4800.0,4800.0,3500.0,0.0,4.0,0.0,0.0,0.229856938123703,0.5575222969055176,1.0480320453643799,1.3739194869995117,6.0
dynamic_prune,2,1,490,0.12387511253356934,0.09896552671988805,0.024909584720929464,0.11223614039520423,0.11223614039520423,0.0,5.0,5.0,0.08558902889490128,0.40293097496032715,4.320856094360352,4900.0,4900.0,4900.0,3500.0,0.0,4.0,0.0,0.0,0.2453632354736328,0.5902020931243896,0.6674631834030151,0.9312467575073242,0.0
dynamic_prune,2,1,491,0.144395552277565,0.11595012158155442,0.028445430894692737,0.10106489482025305,0.10106489482025305,0.0,5.0,5.0,0.08538184314966202,0.4031944274902344,4.3191328048706055,4910.0,4900.0,4900.0,3500.0,0.0,4.0,0.0,0.0,0.2453632354736328,0.5902020931243896,0.6674631834030151,0.9312467575073242,0.0
dynamic_prune,2,1,492,0.12156942327817281,0.09771294633547466,0.02385647584994634,0.08767292191584905,0.08767292191584905,0.0,5.0,5.0,0.08532718569040298,0.40297985076904297,4.32024621963501,4920.0,4900.0,4900.0,3500.0,0.0,4.0,0.0,0.0,0.2453632354736328,0.5902020931243896,0.6674631834030151,0.9312467575073242,0.0
dynamic_prune,2,1,493,0.12863328715165456,0.10416907489299775,0.024464212680856388,0.13178642109036445,0.13178642109036445,0.0,5.0,5.0,0.08510403335094452,0.40282389521598816,4.320153713226318,4930.0,4900.0,4900.0,3500.0,0.0,4.0,0.0,0.0,0.2453632354736328,0.5902020931243896,0.6674631834030151,0.9312467575073242,0.0
dynamic_prune,2,1,494,0.13718813081582387,0.1108036325375239,0.02638449768225352,0.08753676096598308,0.08753676096598308,0.0,5.0,5.0,0.08508066833019257,0.402840793132782,4.319639682769775,4940.0,4900.0,4900.0,3500.0,0.0,4.0,0.0,0.0,0.2453632354736328,0.5902020931243896,0.6674631834030151,0.9312467575073242,0.0
dynamic_prune,2,1,495,0.11714764008919398,0.09304539302984874,0.02410224877297878,0.121014364361763,0.121014364361763,0.0,5.0,5.0,0.08548808097839355,0.40277060866355896,4.321446418762207,4950.0,4900.0,4900.0,3500.0,0.0,4.0,0.0,0.0,0.2453632354736328,0.5902020931243896,0.6674631834030151,0.9312467575073242,0.0
dynamic_prune,2,1,496,0.12742104589939118,0.1006396147608757,0.026781432330608368,0.09840734966099263,0.09840734966099263,0.0,5.0,5.0,0.08553158491849899,0.4028862416744232,4.321165084838867,4960.0,4900.0,4900.0,3500.0,0.0,4.0,0.0,0.0,0.2453632354736328,0.5902020931243896,0.6674631834030151,0.9312467575073242,0.0
dynamic_prune,2,1,497,0.12396202524503072,0.09904210031032562,0.024919923643271127,0.08757748643557231,0.08757748643557231,0.0,5.0,5.0,0.08536984771490097,0.4028569757938385,4.321463108062744,4970.0,4900.0,4900.0,3500.0,0.0,4.0,0.0,0.0,0.2453632354736328,0.5902020931243896,0.6674631834030151,0.9312467575073242,0.0
dynamic_prune,2,1,498,0.12959819972515108,0.10325582494338353,0.02634237473209699,0.11121508195996284,0.11121508195996284,0.0,5.0,5.0,0.08581812679767609,0.40284591913223267,4.322304725646973,4980.0,4900.0,4900.0,3500.0,0.0,4.0,0.0,0.0,0.2453632354736328,0.5902020931243896,0.6674631834030151,0.9312467575073242,0.0
dynamic_prune,2,1,499,0.13788844843705494,0.10986610521872839,0.02802234304447969,0.08767074053486189,0.08767074053486189,0.0,5.0,5.0,0.08605555444955826,0.4027678370475769,4.3222808837890625,4990.0,4900.0,4900.0,3500.0,0.0,4.0,0.0,0.0,0.2453632354736328,0.5902020931243896,0.6674631834030151,0.9312467575073242,0.0
dynamic_prune,2,1,500,0.12436758865912756,0.0997147086262703,0.02465287856757641,0.11833106478055318,0.11833106478055318,0.0,5.0,5.0,0.08641272038221359,0.4027467966079712,4.323358058929443,5000.0,5000.0,5000.0,3500.0,0.0,4.0,0.0,0.0,0.19433078169822693,0.46599650382995605,0.5796843767166138,1.0038723945617676,1.0
