model,seed,level,epoch,train_total,train_effect,train_vq,eval_total,eval_effect,eval_vq,active_codes,ema_used_codes
vq,4,1,1,6.088400115966797,6.078392829895019,0.01000721330444018,5.973643069267273,5.973643069267273,0.0,4.0,4.0
vq,4,1,2,5.843388919830322,5.828888219197591,0.01450066608687242,5.778695910771688,5.778695910771688,0.0,4.0,4.0
vq,4,1,3,5.5949067242940265,5.58412940343221,0.010777294201155503,5.447032877604166,5.447032877604166,0.0,4.0,4.0
vq,4,1,4,5.400437355041504,5.388015944163005,0.012421361654996872,5.308091130256653,5.308091130256653,0.0,4.0,4.0
vq,4,1,5,5.222035668690999,5.202414747873942,0.019620901594559353,5.110890746116638,5.110890746116638,0.0,4.0,4.0
vq,4,1,6,5.067785142262776,5.031840152740479,0.035944986740748086,4.973585801124573,4.973585801124573,0.0,4.0,4.0
vq,4,1,7,4.951855964660645,4.918184611002604,0.033671419272820156,4.89996613184611,4.89996613184611,0.0,4.0,4.0
vq,4,1,8,4.7459395853678386,4.728934961954753,0.017004610300064088,4.620660166740418,4.620660166740418,0.0,4.0,4.0
vq,4,1,9,4.625385621388753,4.601981118520101,0.02340448223054409,4.412263960838318,4.412263960838318,0.0,4.0,4.0
vq,4,1,10,4.523262065251668,4.4956396484375,0.02762242654959361,4.303472706476847,4.303472706476847,0.0,4.0,4.0
vq,4,1,11,4.3447686958312985,4.321975275675456,0.022793415288130444,4.240046410560608,4.240046410560608,0.0,4.0,4.0
vq,4,1,12,4.1781739870707195,4.160035858154297,0.01813815698027611,4.116521533330282,4.116521533330282,0.0,4.0,4.0
vq,4,1,13,4.042931524912516,4.025746021270752,0.01718549812833468,3.9770460605621336,3.9770460605621336,0.0,4.0,4.0
vq,4,1,14,3.958708979288737,3.9381115372975666,0.02059747579197089,3.858597407341003,3.858597407341003,0.0,4.0,4.0
vq,4,1,15,3.812061179478963,3.789360160827637,0.022700977673133213,3.7584359391530353,3.7584359391530353,0.0,4.0,4.0
vq,4,1,16,3.712670240402222,3.688410669962565,0.024259557376305262,3.6122695636749267,3.6122695636749267,0.0,4.0,4.0
vq,4,1,17,3.606244306564331,3.588628025054932,0.01761628528436025,3.5148385175069174,3.5148385175069174,0.0,4.0,4.0
vq,4,1,18,3.4912872727711997,3.4796024417877196,0.011684851795434952,3.4493678522109987,3.4493678522109987,0.0,4.0,4.0
vq,4,1,19,3.4152391878763835,3.4051715691884357,0.010067646180589994,3.3185727787017822,3.3185727787017822,0.0,4.0,4.0
vq,4,1,20,3.317113472620646,3.308622121810913,0.00849132905403773,3.236576657295227,3.236576657295227,0.0,4.0,4.0
vq,4,1,21,3.234490063985189,3.2278467718760173,0.006643307444949945,3.162398722966512,3.162398722966512,0.0,4.0,4.0
vq,4,1,22,3.1511552906036377,3.145219151178996,0.005936181303113699,3.080845135052999,3.080845135052999,0.0,4.0,4.0
vq,4,1,23,3.057753381729126,3.0516012636820475,0.0061521492463847,2.997836709022522,2.997836709022522,0.0,4.0,4.0
vq,4,1,24,2.9880577818552654,2.9822448253631593,0.0058129183575510975,2.912704267501831,2.912704267501831,0.0,4.0,4.0
vq,4,1,25,2.901416606903076,2.8954999542236326,0.00591663833707571,2.8457575925191243,2.8457575925191243,0.0,4.0,4.0
vq,4,1,26,2.8116290028889974,2.805879481633504,0.005749525682379802,2.7475758330027262,2.7475758330027262,0.0,4.0,4.0
vq,4,1,27,2.7477356306711833,2.741411485671997,0.006324089417854945,2.6623243061701456,2.6623243061701456,0.0,4.0,4.0
vq,4,1,28,2.657213017145793,2.6504251257578533,0.006787904457499583,2.5957799625396727,2.5957799625396727,0.0,4.0,4.0
vq,4,1,29,2.595469036102295,2.5873319244384767,0.008137090019881726,2.5250781297683718,2.5250781297683718,0.0,4.0,4.0
vq,4,1,30,2.5100477759043374,2.500770041147868,0.00927770900229613,2.4490533304214477,2.4490533304214477,0.0,4.0,4.0
vq,4,1,31,2.4469960212707518,2.4381704807281492,0.008825541039307912,2.377031757036845,2.377031757036845,0.0,4.0,4.0
vq,4,1,32,2.3919150416056314,2.383888791402181,0.008026236003885667,2.3247365601857504,2.3247365601857504,0.0,4.0,4.0
vq,4,1,33,2.3367773977915447,2.329540548324585,0.007236822228878737,2.2672860638300576,2.2672860638300576,0.0,4.0,4.0
vq,4,1,34,2.263033135732015,2.2558451557159422,0.007187985318402449,2.2007049544652304,2.2007049544652304,0.0,4.0,4.0
vq,4,1,35,2.1954642709096275,2.187818168004354,0.00764609232544899,2.1449003235499062,2.1449003235499062,0.0,4.0,4.0
vq,4,1,36,2.1392531379063926,2.1316342830657957,0.007618855933348338,2.096312158902486,2.096312158902486,0.0,4.0,4.0
vq,4,1,37,2.0798247877756753,2.072067664464315,0.0077571172080934045,2.0355144039789836,2.0355144039789836,0.0,4.0,4.0
vq,4,1,38,2.0343824164072672,2.0266457176208497,0.0077366975446542105,1.9839635070164998,1.9839635070164998,0.0,4.0,4.0
vq,4,1,39,1.977898848851522,1.9695161056518555,0.008382729503015678,1.932142907778422,1.932142907778422,0.0,4.0,4.0
vq,4,1,40,1.9229358704884847,1.9132413864135742,0.009694487527012826,1.8753494342168173,1.8753494342168173,0.0,4.0,4.0
vq,4,1,41,1.8676494836807251,1.856155710220337,0.011493778079748154,1.8254029909769693,1.8254029909769693,0.0,4.0,4.0
vq,4,1,42,1.8188551489512126,1.8022674131393432,0.0165877328813076,1.770635774930318,1.770635774930318,0.0,4.0,4.0
vq,4,1,43,1.7714914147059122,1.751225479443868,0.020265931785106658,1.7215874401728313,1.7215874401728313,0.0,4.0,4.0
vq,4,1,44,1.735402471224467,1.712895229657491,0.02250725746154785,1.6764464124043783,1.6764464124043783,0.0,4.0,4.0
vq,4,1,45,1.6855876731872559,1.6611592086156208,0.02442847326397896,1.6268727858861287,1.6268727858861287,0.0,4.0,4.0
vq,4,1,46,1.6429566558202107,1.6141411638259888,0.02881548836827278,1.585468241373698,1.585468241373698,0.0,4.0,4.0
vq,4,1,47,1.6020306285222372,1.5795142571131389,0.022516353378693264,1.570442419052124,1.570442419052124,0.0,4.0,4.0
vq,4,1,48,1.5852513313293457,1.5720515664418537,0.013199764067927996,1.5785170380274456,1.5785170380274456,0.0,4.0,4.0
vq,4,1,49,1.5728791522979737,1.5613211870193482,0.011557956896722317,1.5321128193537394,1.5321128193537394,0.0,4.0,4.0
vq,4,1,50,1.539202405611674,1.526310747464498,0.012891665200392406,1.4745446014404298,1.4745446014404298,0.0,4.0,4.0
vq,4,1,51,1.4811615705490113,1.4683118851979573,0.012849707379937172,1.4240879487991334,1.4240879487991334,0.0,4.0,4.0
vq,4,1,52,1.4564960877100626,1.4451880518595377,0.011308020204305649,1.4002250989278158,1.4002250989278158,0.0,4.0,4.0
vq,4,1,53,1.3953761116663614,1.3852091439565022,0.010166983716189862,1.3650122960408528,1.3650122960408528,0.0,4.0,4.0
vq,4,1,54,1.3708933623631796,1.3605885235468547,0.010304850613077482,1.3273300075531005,1.3273300075531005,0.0,4.0,4.0
vq,4,1,55,1.336811269124349,1.3265781831741332,0.010233087167143821,1.2956629435221354,1.2956629435221354,0.0,4.0,4.0
vq,4,1,56,1.3222749964396159,1.3114636437098186,0.010811325336496036,1.265806975364685,1.265806975364685,0.0,4.0,4.0
vq,4,1,57,1.2893250608444213,1.2787327416737875,0.010592310490707557,1.242598245938619,1.242598245938619,0.0,4.0,4.0
vq,4,1,58,1.2542602888743082,1.2448729785283406,0.009387322490413984,1.223940347035726,1.223940347035726,0.0,4.0,4.0
vq,4,1,59,1.2438240957260132,1.2337435388565063,0.010080561290184658,1.19190514087677,1.19190514087677,0.0,4.0,4.0
vq,4,1,60,1.2154572947820028,1.2042206621170044,0.011236632975439231,1.1684738906224568,1.1684738906224568,0.0,4.0,4.0
vq,4,1,61,1.1844953632354736,1.1728537766138714,0.011641597151756286,1.1535335596402485,1.1535335596402485,0.0,4.0,4.0
vq,4,1,62,1.1643555021286012,1.1518851327896118,0.012470357380807399,1.1337842869758605,1.1337842869758605,0.0,4.0,4.0
vq,4,1,63,1.1420579274495444,1.1276838048299154,0.014374111369252205,1.1017248900731405,1.1017248900731405,0.0,4.0,4.0
vq,4,1,64,1.1219879992802937,1.1111354398727418,0.010852547809481621,1.0849396260579427,1.0849396260579427,0.0,4.0,4.0
vq,4,1,65,1.1057051849365234,1.0944064442316692,0.011298752079407373,1.0639067244529725,1.0639067244529725,0.0,4.0,4.0
vq,4,1,66,1.08588569800059,1.0752960729599,0.010589616124828656,1.052573475042979,1.052573475042979,0.0,4.0,4.0
vq,4,1,67,1.0725158055623372,1.06208984375,0.010425969076653321,1.0414330665270488,1.0414330665270488,0.0,4.0,4.0
vq,4,1,68,1.0550684595108033,1.0458377599716187,0.009230682750542958,1.0189217535654704,1.0189217535654704,0.0,4.0,4.0
vq,4,1,69,1.0347874609629313,1.0245382038752238,0.010249254802862803,1.0031489419937134,1.0031489419937134,0.0,4.0,4.0
vq,4,1,70,1.017611494064331,1.007773634592692,0.00983785397062699,0.986844945748647,0.986844945748647,0.0,4.0,4.0
vq,4,1,71,1.004730794429779,0.9943943126996359,0.01033648376663526,0.9732136368751526,0.9732136368751526,0.0,4.0,4.0
vq,4,1,72,0.9984605916341146,0.9877961905797322,0.010664394001166026,0.9553059768676758,0.9553059768676758,0.0,4.0,4.0
vq,4,1,73,0.9861932047208151,0.9746029329299927,0.011590272386868794,0.9418338974316914,0.9418338974316914,0.0,4.0,4.0
vq,4,1,74,0.9582129581769308,0.9453779435157776,0.012835007334748905,0.9331477038065592,0.9331477038065592,0.0,4.0,4.0
vq,4,1,75,0.9476053929328918,0.9343372797966003,0.013268116240700087,0.9227456704775492,0.9227456704775492,0.0,4.0,4.0
vq,4,1,76,0.9409977062543233,0.9283728718757629,0.012624833310643832,0.9094833572705586,0.9094833572705586,0.0,4.0,4.0
vq,4,1,77,0.9238587148984273,0.9118909009297689,0.01196782490859429,0.8976052284240723,0.8976052284240723,0.0,4.0,4.0
vq,4,1,78,0.9156077448527018,0.9039089473088583,0.011698798363407453,0.8889427312215169,0.8889427312215169,0.0,4.0,4.0
vq,4,1,79,0.9024870936075846,0.8913960059483846,0.011091088019311428,0.8762292663256327,0.8762292663256327,0.0,4.0,4.0
vq,4,1,80,0.8875891121228536,0.8756012662251791,0.01198784405986468,0.870091290473938,0.870091290473938,0.0,4.0,4.0
vq,4,1,81,0.8798279515902201,0.867802087465922,0.012025866967936357,0.8611478217442831,0.8611478217442831,0.0,4.0,4.0
vq,4,1,82,0.8874840148289999,0.8760458493232727,0.011438162500659625,0.8520654042561849,0.8520654042561849,0.0,4.0,4.0
vq,4,1,83,0.8677455409367879,0.8567537077267965,0.010991829199095566,0.8446843242645263,0.8446843242645263,0.0,4.0,4.0
vq,4,1,84,0.8680193305015564,0.8577131533622742,0.010306168956061205,0.8412875779469808,0.8412875779469808,0.0,4.0,4.0
vq,4,1,85,0.8525751717885335,0.8421048720677694,0.010470311939716339,0.8317171971003214,0.8317171971003214,0.0,4.0,4.0
vq,4,1,86,0.8350418106714884,0.8248756941159566,0.010166114506622156,0.8244092559814453,0.8244092559814453,0.0,4.0,4.0
vq,4,1,87,0.8390096449851989,0.8284739200274149,0.010535721654693285,0.8178609466552734,0.8178609466552734,0.0,4.0,4.0
vq,4,1,88,0.8356586941083273,0.8243912943204244,0.011267399452626704,0.8142933464050293,0.8142933464050293,0.0,4.0,4.0
vq,4,1,89,0.8293877895673116,0.8183141326904297,0.011073649103442829,0.806674505074819,0.806674505074819,0.0,4.0,4.0
vq,4,1,90,0.813261002699534,0.8033123699824015,0.009948632965485255,0.7984387707710267,0.7984387707710267,0.0,4.0,4.0
vq,4,1,91,0.8109917465845744,0.8001918228467305,0.010799923241138458,0.7937343780199687,0.7937343780199687,0.0,4.0,4.0
vq,4,1,92,0.80896510998408,0.7986296439170837,0.010335465421279272,0.7890337506930033,0.7890337506930033,0.0,4.0,4.0
vq,4,1,93,0.8139287614822388,0.8044623939196268,0.009466361403465271,0.7902170467376709,0.7902170467376709,0.0,4.0,4.0
vq,4,1,94,0.8025085099538167,0.7932558878262838,0.00925262333204349,0.7793404670556386,0.7793404670556386,0.0,4.0,4.0
vq,4,1,95,0.7916940919558207,0.7826073360443115,0.009086747740705808,0.7752053725719452,0.7752053725719452,0.0,4.0,4.0
vq,4,1,96,0.7833661937713623,0.7748222899436951,0.008543899779518445,0.7734542044003805,0.7734542044003805,0.0,4.0,4.0
vq,4,1,97,0.7891994388898214,0.7806544804573059,0.008544955706844727,0.7655680588881175,0.7655680588881175,0.0,4.0,4.0
vq,4,1,98,0.7934312224388123,0.7839265163739523,0.009504705891013146,0.7618606416384379,0.7618606416384379,0.0,4.0,4.0
vq,4,1,99,0.7682377465565999,0.7587203701337178,0.009517382209499678,0.7586722393830617,0.7586722393830617,0.0,4.0,4.0
vq,4,1,100,0.7789045373598734,0.7689966670672099,0.009907859688003859,0.7565298108259837,0.7565298108259837,0.0,4.0,4.0
vq,4,1,101,0.7733206796646118,0.7636466145515441,0.009674063697457314,0.7513469664255777,0.7513469664255777,0.0,4.0,4.0
vq,4,1,102,0.7725468254089356,0.7628154691060384,0.009731347747147083,0.7468688603242238,0.7468688603242238,0.0,4.0,4.0
vq,4,1,103,0.7637030506134033,0.7536884220441182,0.010014624993006389,0.744800618092219,0.744800618092219,0.0,4.0,4.0
vq,4,1,104,0.7560209814707438,0.74629017273585,0.009730803469816843,0.7419450434048971,0.7419450434048971,0.0,4.0,4.0
vq,4,1,105,0.7512812423706055,0.7415812269846598,0.009700019986679157,0.7396246349811554,0.7396246349811554,0.0,4.0,4.0
vq,4,1,106,0.7532317129770915,0.7435776797930399,0.00965403279910485,0.7389191687107086,0.7389191687107086,0.0,4.0,4.0
vq,4,1,107,0.7505569823582967,0.7404747589429219,0.010082225700219473,0.7352181776364645,0.7352181776364645,0.0,4.0,4.0
vq,4,1,108,0.7554298448562622,0.7453681763013204,0.010061669051647187,0.7312643905480702,0.7312643905480702,0.0,4.0,4.0
vq,4,1,109,0.7465637119611105,0.7360177318255107,0.01054598285506169,0.7299557761351267,0.7299557761351267,0.0,4.0,4.0
vq,4,1,110,0.7421982900301616,0.7316756645838419,0.010522631878654163,0.7313849953810374,0.7313849953810374,0.0,4.0,4.0
vq,4,1,111,0.7435625330607096,0.7329785029093424,0.010584026177724203,0.7299458277225495,0.7299458277225495,0.0,4.0,4.0
vq,4,1,112,0.7450269516309103,0.7345907187461853,0.010436231171091397,0.7233440105120341,0.7233440105120341,0.0,4.0,4.0
vq,4,1,113,0.7391577585538228,0.728206471602122,0.010951287858188153,0.720989195505778,0.720989195505778,0.0,4.0,4.0
vq,4,1,114,0.7376295836766561,0.7266104443868001,0.011019138817985852,0.7208643468221029,0.7208643468221029,0.0,4.0,4.0
vq,4,1,115,0.7466070421536763,0.7352964854240418,0.011310565235714118,0.7224153101444244,0.7224153101444244,0.0,4.0,4.0
vq,4,1,116,0.7362084054946899,0.7251697063446045,0.011038696269194286,0.7153195873896281,0.7153195873896281,0.0,4.0,4.0
vq,4,1,117,0.7347148664792379,0.7234284822146098,0.011286390423774719,0.7122548929850261,0.7122548929850261,0.0,4.0,4.0
vq,4,1,118,0.7291314315795898,0.7177331725756327,0.0113982609162728,0.7125096003214518,0.7125096003214518,0.0,4.0,4.0
vq,4,1,119,0.7376926922798157,0.7256310518582662,0.01206162932018439,0.7162053763866425,0.7162053763866425,0.0,4.0,4.0
vq,4,1,120,0.7397859112421672,0.7272698402404785,0.012516063079237938,0.7051224140326182,0.7051224140326182,0.0,4.0,4.0
vq,4,1,121,0.727711865901947,0.7146259490648905,0.013085918774207433,0.7055850887298584,0.7055850887298584,0.0,4.0,4.0
vq,4,1,122,0.7212134782473246,0.7086863978703817,0.012527077818910281,0.7068462419509888,0.7068462419509888,0.0,4.0,4.0
vq,4,1,123,0.7278724956512451,0.7139203548431396,0.013952143142620723,0.7050644532839457,0.7050644532839457,0.0,4.0,4.0
vq,4,1,124,0.7253506286938985,0.7113922468821208,0.013958388095100721,0.7004427754878998,0.7004427754878998,0.0,4.0,4.0
vq,4,1,125,0.7244382317860921,0.7109198562304179,0.013518360604842504,0.698601723909378,0.698601723909378,0.0,4.0,4.0
vq,4,1,126,0.7190845926602681,0.7052918704350789,0.013792725205421448,0.6958070196708044,0.6958070196708044,0.0,4.0,4.0
vq,4,1,127,0.7184317978223165,0.7042579452196757,0.01417385791738828,0.6934443497657776,0.6934443497657776,0.0,4.0,4.0
vq,4,1,128,0.7062713225682576,0.6923212973276774,0.0139500143378973,0.6927879081169764,0.6927879081169764,0.0,4.0,4.0
vq,4,1,129,0.7161164832115173,0.701680998802185,0.01443549248079459,0.6890069703261058,0.6890069703261058,0.0,4.0,4.0
vq,4,1,130,0.7124310731887817,0.6975456484158834,0.01488542349388202,0.6868940224250157,0.6868940224250157,0.0,4.0,4.0
vq,4,1,131,0.7089418204625447,0.694953912893931,0.013987910374999047,0.6842641774813334,0.6842641774813334,0.0,4.0,4.0
vq,4,1,132,0.7017316977183025,0.6878007698059082,0.01393092772612969,0.6831330092748006,0.6831330092748006,0.0,4.0,4.0
vq,4,1,133,0.7016116714477539,0.687627329826355,0.013984332556525866,0.6790891301631927,0.6790891301631927,0.0,4.0,4.0
vq,4,1,134,0.7024418703715006,0.6885416452089945,0.013900224169095357,0.6758940517902374,0.6758940517902374,0.0,4.0,4.0
vq,4,1,135,0.7073337634404501,0.6923971048990886,0.014936663210391998,0.6736007910966874,0.6736007910966874,0.0,4.0,4.0
vq,4,1,136,0.6972465817133585,0.6824541338284811,0.014792455633481343,0.6724917030334473,0.6724917030334473,0.0,4.0,4.0
vq,4,1,137,0.6990914384524027,0.684222378730774,0.0148690685754021,0.6716891624530157,0.6716891624530157,0.0,4.0,4.0
vq,4,1,138,0.6933108297983805,0.6782378792762757,0.01507294476032257,0.6750107391675313,0.6750107391675313,0.0,4.0,4.0
vq,4,1,139,0.6960401956240336,0.6812030601501465,0.014837136814991632,0.6682747570673625,0.6682747570673625,0.0,4.0,4.0
vq,4,1,140,0.6861239798863729,0.6714024027188619,0.01472158263127009,0.665669913093249,0.665669913093249,0.0,4.0,4.0
vq,4,1,141,0.6915732129414877,0.6767592899004619,0.01481392818192641,0.6683771149317423,0.6683771149317423,0.0,4.0,4.0
vq,4,1,142,0.684804318745931,0.669834398428599,0.014969931095838546,0.6664057211081187,0.6664057211081187,0.0,4.0,4.0
vq,4,1,143,0.6871193281809489,0.6715072313944499,0.015612087349096934,0.6670102069775263,0.6670102069775263,0.0,4.0,4.0
vq,4,1,144,0.6853939827283223,0.6701782910029094,0.01521569366256396,0.6642986633380255,0.6642986633380255,0.0,4.0,4.0
vq,4,1,145,0.6792377026875814,0.6641882840792338,0.015049413094917934,0.6648026690880458,0.6648026690880458,0.0,4.0,4.0
vq,4,1,146,0.6793936689694723,0.6647515988349915,0.014642070010304452,0.661845229268074,0.661845229268074,0.0,4.0,4.0
vq,4,1,147,0.6796188751856486,0.6650221594174703,0.014596716935435931,0.6627200684944788,0.6627200684944788,0.0,4.0,4.0
vq,4,1,148,0.6796887191136678,0.6653164784113567,0.014372244688371817,0.6524545874198278,0.6524545874198278,0.0,4.0,4.0
vq,4,1,149,0.6702835623423259,0.6555978639920552,0.014685691917936007,0.6506671537955602,0.6506671537955602,0.0,4.0,4.0
vq,4,1,150,0.6736484511693319,0.6584831619262695,0.01516528199116389,0.654495640496413,0.654495640496413,0.0,4.0,4.0
vq,4,1,151,0.6760293515523275,0.6605174605051677,0.015511890252431234,0.6495755210518837,0.6495755210518837,0.0,4.0,4.0
vq,4,1,152,0.6592082691192627,0.6439993198712667,0.015208946093916893,0.6491230617960294,0.6491230617960294,0.0,4.0,4.0
vq,4,1,153,0.6707874155044555,0.6551511104901632,0.015636297712723415,0.6451192431648572,0.6451192431648572,0.0,4.0,4.0
vq,4,1,154,0.6646757849057515,0.650392320950826,0.01428346186876297,0.6392076862851779,0.6392076862851779,0.0,4.0,4.0
vq,4,1,155,0.6544401351610819,0.6400015433629354,0.014438591512540976,0.6396770112713178,0.6396770112713178,0.0,4.0,4.0
vq,4,1,156,0.6634419639905293,0.648306798140208,0.015135167315602303,0.6330936232209206,0.6330936232209206,0.0,4.0,4.0
vq,4,1,157,0.6508143782615662,0.636373651822408,0.014440728661914667,0.6292195840676625,0.6292195840676625,0.0,4.0,4.0
vq,4,1,158,0.658208380540212,0.643483415444692,0.014724970509608587,0.6279953558246295,0.6279953558246295,0.0,4.0,4.0
vq,4,1,159,0.6500502546628316,0.6361558667818705,0.013894386452933153,0.6295769698421161,0.6295769698421161,0.0,4.0,4.0
vq,4,1,160,0.6441951823234559,0.6305894287427266,0.013605753406882286,0.6247258006532987,0.6247258006532987,0.0,4.0,4.0
vq,4,1,161,0.6477204791704814,0.6339279071489969,0.01379257719963789,0.6235800837477048,0.6235800837477048,0.0,4.0,4.0
vq,4,1,162,0.6317888474464417,0.6180552864074706,0.013733562342822551,0.6149059431751569,0.6149059431751569,0.0,4.0,4.0
vq,4,1,163,0.6348441910743713,0.6202544975280762,0.014589682593941689,0.6128097648421923,0.6128097648421923,0.0,4.0,4.0
vq,4,1,164,0.6236039805412292,0.6098786735534668,0.013725309669971465,0.61569545874993,0.61569545874993,0.0,4.0,4.0
vq,4,1,165,0.6287516625722249,0.6136591315269471,0.01509253554046154,0.6100852236151695,0.6100852236151695,0.0,4.0,4.0
vq,4,1,166,0.6288897879918416,0.6142089009284973,0.014680878234406312,0.6063818143804868,0.6063818143804868,0.0,4.0,4.0
vq,4,1,167,0.6216155274709065,0.6078886691729227,0.0137268557275335,0.612495832045873,0.612495832045873,0.0,4.0,4.0
vq,4,1,168,0.6264223702748617,0.6127821731567383,0.013640197540322939,0.6019541822870572,0.6019541822870572,0.0,4.0,4.0
vq,4,1,169,0.6181683135032654,0.6039453474680583,0.01422295988847812,0.598726741373539,0.598726741373539,0.0,4.0,4.0
vq,4,1,170,0.616322037378947,0.6023277974128723,0.013994240872561932,0.5924182270963987,0.5924182270963987,0.0,4.0,4.0
vq,4,1,171,0.612685071627299,0.5981679431597392,0.014517127300302187,0.5900999290744463,0.5900999290744463,0.0,4.0,4.0
vq,4,1,172,0.6180088329315185,0.6030498917897542,0.014958932374914488,0.5891901897390683,0.5891901897390683,0.0,4.0,4.0
vq,4,1,173,0.6109542306264242,0.5958094000816345,0.015144825341800849,0.5929875244696935,0.5929875244696935,0.0,4.0,4.0
vq,4,1,174,0.6122777676582336,0.5966689554850261,0.01560879917194446,0.5851299437880516,0.5851299437880516,0.0,4.0,4.0
vq,4,1,175,0.5995085787773132,0.5842316317558288,0.015276946450273195,0.5838189136981964,0.5838189136981964,0.0,4.0,4.0
vq,4,1,176,0.6086510642369588,0.5920432591438294,0.01660780777533849,0.5855956784884135,0.5855956784884135,0.0,4.0,4.0
vq,4,1,177,0.6001566155751547,0.584201382001241,0.015955240999658903,0.5854395579298337,0.5854395579298337,0.0,4.0,4.0
vq,4,1,178,0.6062618605295818,0.5894779388109843,0.016783928697307906,0.5807409450411797,0.5807409450411797,0.0,4.0,4.0
vq,4,1,179,0.6006282631556193,0.5844254922866822,0.01620276798804601,0.5825824445486069,0.5825824445486069,0.0,4.0,4.0
vq,4,1,180,0.6035750460624695,0.5874173792203268,0.01615766586114963,0.5795036417245865,0.5795036417245865,0.0,4.0,4.0
vq,4,1,181,0.60577308177948,0.588877702554067,0.016895370582739513,0.5745777465899785,0.5745777465899785,0.0,4.0,4.0
vq,4,1,182,0.6184013470013936,0.6004506166776021,0.01795073116819064,0.5721085732181866,0.5721085732181866,0.0,4.0,4.0
vq,4,1,183,0.5987842917442322,0.5814701509475708,0.01731413905819257,0.5715517623225848,0.5715517623225848,0.0,4.0,4.0
vq,4,1,184,0.5958292436599731,0.5786332631111145,0.017195981952051322,0.5767960269252459,0.5767960269252459,0.0,4.0,4.0
vq,4,1,185,0.6001933193206788,0.5822999183336893,0.01789339435597261,0.575550907154878,0.575550907154878,0.0,4.0,4.0
vq,4,1,186,0.5959297180175781,0.5789634458223979,0.016966270705064138,0.5827898214260737,0.5827898214260737,0.0,4.0,4.0
vq,4,1,187,0.5940987046559651,0.5767041714986165,0.017394523397088052,0.5802951144178708,0.5802951144178708,0.0,4.0,4.0
vq,4,1,188,0.5960158212979635,0.5775948445002238,0.018420974065860112,0.5694625885287921,0.5694625885287921,0.0,4.0,4.0
vq,4,1,189,0.5998171671231588,0.5810426195462545,0.018774552345275877,0.5696075670917828,0.5696075670917828,0.0,4.0,4.0
vq,4,1,190,0.599153703848521,0.580497260093689,0.018656443804502487,0.5740641977389653,0.5740641977389653,0.0,4.0,4.0
vq,4,1,191,0.5936471796035767,0.5743248804410299,0.01932230902214845,0.5799150329828262,0.5799150329828262,0.0,4.0,4.0
vq,4,1,192,0.5950610947608947,0.5760837237040202,0.018977369914452234,0.5586453347404798,0.5586453347404798,0.0,4.0,4.0
vq,4,1,193,0.5884871753056844,0.5701487930615743,0.01833837648232778,0.5790532396237056,0.5790532396237056,0.0,4.0,4.0
vq,4,1,194,0.5918624242146809,0.5734325377146403,0.018429887915651002,0.56849950025479,0.56849950025479,0.0,4.0,4.0
vq,4,1,195,0.5899589912096659,0.5704864883422851,0.0194724935789903,0.5648671812812487,0.5648671812812487,0.0,4.0,4.0
vq,4,1,196,0.5898399098714193,0.5702478345235189,0.019592071895798046,0.5703343810637792,0.5703343810637792,0.0,4.0,4.0
vq,4,1,197,0.586821969350179,0.5664929684003194,0.020329003756244978,0.5615890322128931,0.5615890322128931,0.0,4.0,4.0
vq,4,1,198,0.5849848230679829,0.5650274674097697,0.019957356378436087,0.5593563907345136,0.5593563907345136,0.0,4.0,4.0
vq,4,1,199,0.5872565611203512,0.5670324047406514,0.020224150170882544,0.5620181446274122,0.5620181446274122,0.0,4.0,4.0
vq,4,1,200,0.5896815888086955,0.5690878693262736,0.020593717147906622,0.5532948658863703,0.5532948658863703,0.0,4.0,4.0
vq,4,1,201,0.583057299455007,0.5624306321144104,0.020626666843891143,0.5511873420079549,0.5511873420079549,0.0,4.0,4.0
vq,4,1,202,0.5792517224947612,0.5576670304934184,0.021584685345490774,0.5587766913572947,0.5587766913572947,0.0,4.0,4.0
vq,4,1,203,0.5830299782752991,0.5609245419502258,0.022105425794919333,0.5506642798582713,0.5506642798582713,0.0,4.0,4.0
vq,4,1,204,0.5770838824907939,0.5543293484052022,0.022754538903633752,0.5572195096313953,0.5572195096313953,0.0,4.0,4.0
vq,4,1,205,0.5774862877527873,0.5550213778018951,0.022464920555551847,0.548611387560765,0.548611387560765,0.0,4.0,4.0
vq,4,1,206,0.5805861949920654,0.5578375331560771,0.022748667200406393,0.56279767314593,0.56279767314593,0.0,4.0,4.0
vq,4,1,207,0.589465901851654,0.5659815645217896,0.02348433904349804,0.5555686028301716,0.5555686028301716,0.0,4.0,4.0
vq,4,1,208,0.5767865626017252,0.5542541488011679,0.02253240684668223,0.5375729325910409,0.5375729325910409,0.0,4.0,4.0
vq,4,1,209,0.5850646082560221,0.5616270168622335,0.023437588612238568,0.5637269523243109,0.5637269523243109,0.0,4.0,4.0
vq,4,1,210,0.5844482127825419,0.5607959286371866,0.02365227128068606,0.5457455549637477,0.5457455549637477,0.0,4.0,4.0
vq,4,1,211,0.5703058997790019,0.547102263768514,0.023203643163045247,0.5351225043833255,0.5351225043833255,0.0,4.0,4.0
vq,4,1,212,0.57018567721049,0.5456790812810262,0.02450659578045209,0.5436617822448413,0.5436617822448413,0.0,4.0,4.0
vq,4,1,213,0.5774302919705708,0.5508223748207093,0.026607917671402297,0.5360576312740644,0.5360576312740644,0.0,4.0,4.0
vq,4,1,214,0.5742890810966492,0.5483495648701986,0.025939516151944796,0.5389702718456586,0.5389702718456586,0.0,4.0,4.0
vq,4,1,215,0.5748544613520304,0.549192399183909,0.025662062466144563,0.5453746834894021,0.5453746834894021,0.0,4.0,4.0
vq,4,1,216,0.5808795404434204,0.5562831950187683,0.0245963516831398,0.5350624511639277,0.5350624511639277,0.0,4.0,4.0
vq,4,1,217,0.5665653077761332,0.5430406427383423,0.023524670898914336,0.5315676747262478,0.5315676747262478,0.0,4.0,4.0
vq,4,1,218,0.5624037830034891,0.5399478236834209,0.022455952018499373,0.5391235791643461,0.5391235791643461,0.0,4.0,4.0
vq,4,1,219,0.5711204584439595,0.5471188441912334,0.024001615246136983,0.5337639490266641,0.5337639490266641,0.0,4.0,4.0
vq,4,1,220,0.5640498161315918,0.5410881559054057,0.02296166867017746,0.5352778379122416,0.5352778379122416,0.0,4.0,4.0
vq,4,1,221,0.5850858235359192,0.5601140022277832,0.024971810231606165,0.5381023888786634,0.5381023888786634,0.0,4.0,4.0
vq,4,1,222,0.5598033555348714,0.5368155066172282,0.022987845664223034,0.5350590846439203,0.5350590846439203,0.0,4.0,4.0
vq,4,1,223,0.5526244294643402,0.5303112693627675,0.022313157642881075,0.5369987823069096,0.5369987823069096,0.0,4.0,4.0
vq,4,1,224,0.5640038625399272,0.5419366459051768,0.022067213157812755,0.5289839261770248,0.5289839261770248,0.0,4.0,4.0
vq,4,1,225,0.5579634714126587,0.5357213767369589,0.02224209740757942,0.5252204046646753,0.5252204046646753,0.0,4.0,4.0
vq,4,1,226,0.5528694319725037,0.5304282450675964,0.02244119348625342,0.5273110838234425,0.5273110838234425,0.0,4.0,4.0
vq,4,1,227,0.5591250658035278,0.5365228335062663,0.022602243224779765,0.5240224158763885,0.5240224158763885,0.0,4.0,4.0
vq,4,1,228,0.568468664487203,0.5443753067652385,0.024093355039755505,0.5365253781278928,0.5365253781278928,0.0,4.0,4.0
vq,4,1,229,0.5700929657618204,0.5457892910639445,0.02430367390314738,0.5300366326173147,0.5300366326173147,0.0,4.0,4.0
vq,4,1,230,0.5548096251487732,0.5313920291264852,0.023417603423198066,0.5382465240856011,0.5382465240856011,0.0,4.0,4.0
vq,4,1,231,0.5617099734147389,0.5373314309120178,0.024378541906674704,0.5258066331843535,0.5258066331843535,0.0,4.0,4.0
vq,4,1,232,0.5533641727765402,0.5297441585858663,0.023620011235276857,0.5251839593052864,0.5251839593052864,0.0,4.0,4.0
vq,4,1,233,0.5630573503176372,0.5395122297604878,0.023545123065511386,0.5450552407403787,0.5450552407403787,0.0,4.0,4.0
vq,4,1,234,0.5538323696454366,0.5296336444218953,0.024198720355828603,0.5210532002151013,0.5210532002151013,0.0,4.0,4.0
vq,4,1,235,0.553666128317515,0.529250241915385,0.024415886054436366,0.5413272833327453,0.5413272833327453,0.0,4.0,4.0
vq,4,1,236,0.5620122154553732,0.537710367043813,0.02430185628434022,0.5313543847203255,0.5313543847203255,0.0,4.0,4.0
vq,4,1,237,0.5506635983784993,0.5279102762540181,0.022753326147794725,0.5209835122028986,0.5209835122028986,0.0,4.0,4.0
vq,4,1,238,0.5336882269382477,0.5120397476355235,0.02164847811063131,0.5271894926329453,0.5271894926329453,0.0,4.0,4.0
vq,4,1,239,0.5378063829739889,0.5153795512517293,0.02242683137456576,0.5113752710322539,0.5113752710322539,0.0,4.0,4.0
vq,4,1,240,0.5483729362487793,0.5252540477116903,0.023118898471196494,0.5173695097863674,0.5173695097863674,0.0,4.0,4.0
vq,4,1,241,0.5397387488683065,0.5143409975369772,0.02539774956802527,0.5197092475493749,0.5197092475493749,0.0,4.0,4.0
vq,4,1,242,0.5366736555099487,0.5120683638254802,0.02460529312491417,0.514864432066679,0.514864432066679,0.0,4.0,4.0
vq,4,1,243,0.5543340730667115,0.5303165523211161,0.024017524719238282,0.5049971339603265,0.5049971339603265,0.0,4.0,4.0
vq,4,1,244,0.5420625750223795,0.5185086266199748,0.02355395327011744,0.513674894819657,0.513674894819657,0.0,4.0,4.0
vq,4,1,245,0.5379836948712667,0.5141916569073995,0.023792038584748904,0.5094002373019855,0.5094002373019855,0.0,4.0,4.0
vq,4,1,246,0.5453308097521464,0.5214213029543558,0.023909504438440005,0.5145681580404441,0.5145681580404441,0.0,4.0,4.0
vq,4,1,247,0.5502473839124044,0.5253966991106669,0.02485069597760836,0.5092232519388199,0.5092232519388199,0.0,4.0,4.0
vq,4,1,248,0.5400447312990825,0.5155398853619894,0.02450484613577525,0.5163970399896304,0.5163970399896304,0.0,4.0,4.0
vq,4,1,249,0.5473671654860178,0.5216258311271668,0.02574133242170016,0.5074808347721894,0.5074808347721894,0.0,4.0,4.0
vq,4,1,250,0.5360480364163717,0.5116239408651988,0.02442408914367358,0.5117157142361005,0.5117157142361005,0.0,4.0,4.0
vq,4,1,251,0.5270982468128205,0.5023810505867005,0.024717200448115668,0.5230240385234356,0.5230240385234356,0.0,4.0,4.0
vq,4,1,252,0.546003262201945,0.5206078433990479,0.025395424763361613,0.5092956234514713,0.5092956234514713,0.0,4.0,4.0
vq,4,1,253,0.5471938188870747,0.5215017263094585,0.025692093794544537,0.5030946398278078,0.5030946398278078,0.0,4.0,4.0
vq,4,1,254,0.5386637385686238,0.5114000614484151,0.02726368303100268,0.5136332781612873,0.5136332781612873,0.0,4.0,4.0
vq,4,1,255,0.5431492193539937,0.516960825920105,0.02618840515613556,0.50339941923817,0.50339941923817,0.0,4.0,4.0
vq,4,1,256,0.548068368434906,0.5221422398090363,0.02592612013220787,0.5158265557388465,0.5158265557388465,0.0,4.0,4.0
vq,4,1,257,0.5463866877555847,0.5209476828575135,0.025439006090164185,0.4949329779545466,0.4949329779545466,0.0,4.0,4.0
vq,4,1,258,0.5315673446655274,0.5075139073530833,0.024053430582086244,0.4931538892289003,0.4931538892289003,0.0,4.0,4.0
vq,4,1,259,0.552890876531601,0.5269286572933197,0.025962229172388714,0.48847932095328966,0.48847932095328966,0.0,4.0,4.0
vq,4,1,260,0.531392159461975,0.5060231053829193,0.02536904516319434,0.49017399370670317,0.49017399370670317,0.0,4.0,4.0
vq,4,1,261,0.5244896562894186,0.4993035026391347,0.025186139941215515,0.5032295531531175,0.5032295531531175,0.0,4.0,4.0
vq,4,1,262,0.5292204944292704,0.5032505925496419,0.025969899942477545,0.4939766938984394,0.4939766938984394,0.0,4.0,4.0
vq,4,1,263,0.5310567712783814,0.5049434550603231,0.02611332466204961,0.49306909993290904,0.49306909993290904,0.0,4.0,4.0
vq,4,1,264,0.5371814318497976,0.5100243282318115,0.027157107442617415,0.5082854876418909,0.5082854876418909,0.0,4.0,4.0
vq,4,1,265,0.532519923845927,0.5046162629127502,0.027903661131858826,0.5001525056362152,0.5001525056362152,0.0,4.0,4.0
vq,4,1,266,0.53411301612854,0.5060695294539134,0.028043485606710116,0.4905113050838312,0.4905113050838312,0.0,4.0,4.0
vq,4,1,267,0.5115884208679199,0.4847036321957906,0.02688478574156761,0.48628774091601373,0.48628774091601373,0.0,4.0,4.0
vq,4,1,268,0.5264153933525085,0.4978887216250102,0.028526668697595597,0.5245352103809515,0.5245352103809515,0.0,4.0,4.0
vq,4,1,269,0.5373386255900066,0.508747886021932,0.02859073519706726,0.48641927962501846,0.48641927962501846,0.0,4.0,4.0
vq,4,1,270,0.5123388051986695,0.48379627068837483,0.028542534510294596,0.48015098238984744,0.48015098238984744,0.0,4.0,4.0
vq,4,1,271,0.5186439601580302,0.4901380467414856,0.028505912671486538,0.48264786461989084,0.48264786461989084,0.0,4.0,4.0
vq,4,1,272,0.5094126073519388,0.4823451391855876,0.027067470947901406,0.4759130224585533,0.4759130224585533,0.0,4.0,4.0
vq,4,1,273,0.5182749386628469,0.49074634710947673,0.02752859296898047,0.49501108020544055,0.49501108020544055,0.0,4.0,4.0
vq,4,1,274,0.5396941335995992,0.5115297675132752,0.02816436320543289,0.471503158112367,0.471503158112367,0.0,4.0,4.0
vq,4,1,275,0.5127705272038777,0.4854016919930776,0.027368846461176873,0.4781247451901436,0.4781247451901436,0.0,4.0,4.0
vq,4,1,276,0.5250965976715087,0.49522648970286054,0.0298701119919618,0.46942129214604694,0.46942129214604694,0.0,4.0,4.0
vq,4,1,277,0.5181357204914093,0.4890073053042094,0.02912840887904167,0.4738003048300743,0.4738003048300743,0.0,4.0,4.0
vq,4,1,278,0.5113619605700175,0.4818150512377421,0.029546914001305897,0.4679932966828346,0.4679932966828346,0.0,4.0,4.0
vq,4,1,279,0.5258663113911947,0.495771328608195,0.03009498193860054,0.47042101487517357,0.47042101487517357,0.0,4.0,4.0
vq,4,1,280,0.5110754132270813,0.48214514533678693,0.028930261383454003,0.46497595712542533,0.46497595712542533,0.0,4.0,4.0
vq,4,1,281,0.5058150347073873,0.47759167750676473,0.0282233627140522,0.47450705667336784,0.47450705667336784,0.0,4.0,4.0
vq,4,1,282,0.5056214809417725,0.47758678674697874,0.02803469235698382,0.4773212893803914,0.4773212893803914,0.0,4.0,4.0
vq,4,1,283,0.5050218224525451,0.4774969919522603,0.02752482794225216,0.47361215482155483,0.47361215482155483,0.0,4.0,4.0
vq,4,1,284,0.5182316629091899,0.48988487005233766,0.02834680140018463,0.4613860565920671,0.4613860565920671,0.0,4.0,4.0
vq,4,1,285,0.4955414128303528,0.46810215393702187,0.027439258694648742,0.456265494376421,0.456265494376421,0.0,4.0,4.0
vq,4,1,286,0.5009536453088125,0.47289084633191425,0.028062798008322717,0.45344399054845175,0.45344399054845175,0.0,4.0,4.0
vq,4,1,287,0.5001391895612081,0.4741097676753998,0.026029419749975205,0.46243315319220224,0.46243315319220224,0.0,4.0,4.0
vq,4,1,288,0.4908160901069641,0.4640171158313751,0.026798972338438035,0.4714874788125356,0.4714874788125356,0.0,4.0,4.0
vq,4,1,289,0.47925336678822833,0.45237626870473224,0.026877100020647048,0.4456216834485531,0.4456216834485531,0.0,4.0,4.0
vq,4,1,290,0.49907810767491656,0.4716185426712036,0.027459557577967645,0.4513250250617663,0.4513250250617663,0.0,4.0,4.0
vq,4,1,291,0.505001593430837,0.4758078702290853,0.02919372797012329,0.4652899540464083,0.4652899540464083,0.0,4.0,4.0
vq,4,1,292,0.5099783849716186,0.47948477347691854,0.030493615890542666,0.45351989194750786,0.45351989194750786,0.0,4.0,4.0
vq,4,1,293,0.5045018458366394,0.47622654914855955,0.02827529641489188,0.44231156051158904,0.44231156051158904,0.0,4.0,4.0
vq,4,1,294,0.47967969298362734,0.45318106015523274,0.026498635957638423,0.45214666475852333,0.45214666475852333,0.0,4.0,4.0
vq,4,1,295,0.4954476296901703,0.46841164072354635,0.02703599159916242,0.45712550535798074,0.45712550535798074,0.0,4.0,4.0
vq,4,1,296,0.4948995586236318,0.46638362685839335,0.028515930026769637,0.4561995073656241,0.4561995073656241,0.0,4.0,4.0
vq,4,1,297,0.4944398589928945,0.4632523242632548,0.031187534034252166,0.4706013555824757,0.4706013555824757,0.0,4.0,4.0
vq,4,1,298,0.49811428705851235,0.467165740331014,0.03094854752222697,0.44204802056153614,0.44204802056153614,0.0,4.0,4.0
vq,4,1,299,0.49202386776606244,0.46344000538190205,0.028583865612745285,0.43108574688434603,0.43108574688434603,0.0,4.0,4.0
vq,4,1,300,0.47778793970743816,0.45015782952308653,0.027630109190940857,0.4476911687105894,0.4476911687105894,0.0,4.0,4.0
vq,4,1,301,0.48232687552769976,0.4532161108652751,0.029110761483510335,0.4387852129836877,0.4387852129836877,0.0,4.0,4.0
vq,4,1,302,0.4803736321131388,0.4525141191482544,0.027859509016076724,0.43817906578381854,0.43817906578381854,0.0,4.0,4.0
vq,4,1,303,0.4837456361452738,0.45530638813972474,0.02843924418091774,0.4356116313735644,0.4356116313735644,0.0,4.0,4.0
vq,4,1,304,0.4748150904973348,0.44672162373860674,0.028093465616305668,0.43731005882223445,0.43731005882223445,0.0,4.0,4.0
vq,4,1,305,0.5008772643407186,0.4716932702064514,0.029183992246786753,0.4494587600727876,0.4494587600727876,0.0,4.0,4.0
vq,4,1,306,0.47223224719365436,0.44401429732640585,0.028217950214942295,0.43803744899729885,0.43803744899729885,0.0,4.0,4.0
vq,4,1,307,0.48712358474731443,0.45798873821894326,0.02913484295209249,0.4458059153954188,0.4458059153954188,0.0,4.0,4.0
vq,4,1,308,0.48402421911557514,0.45732241034507753,0.02670180474718412,0.44065008687476315,0.44065008687476315,0.0,4.0,4.0
vq,4,1,309,0.46281606634457906,0.43422825415929156,0.02858781119187673,0.43837375881771246,0.43837375881771246,0.0,4.0,4.0
vq,4,1,310,0.4603480891386668,0.4322424058119456,0.02810568504035473,0.4448539094875256,0.4448539094875256,0.0,4.0,4.0
vq,4,1,311,0.4662097716331482,0.43701675375302634,0.02919301817814509,0.45080320614079633,0.45080320614079633,0.0,4.0,4.0
vq,4,1,312,0.4880342467625936,0.4582005258401235,0.02983373167614142,0.4282578292489052,0.4282578292489052,0.0,4.0,4.0
vq,4,1,313,0.46910035570462544,0.43956193288167317,0.02953841271499793,0.4290105260660251,0.4290105260660251,0.0,4.0,4.0
vq,4,1,314,0.4769034425417582,0.4478333059946696,0.029070136894782383,0.4341875659674406,0.4341875659674406,0.0,4.0,4.0
vq,4,1,315,0.47615575234095253,0.44584871411323546,0.030307034850120543,0.4290232376754284,0.4290232376754284,0.0,4.0,4.0
vq,4,1,316,0.4984721597035726,0.4676505017280579,0.03082165742913882,0.4417693737397591,0.4417693737397591,0.0,4.0,4.0
vq,4,1,317,0.4739218242963155,0.443101122379303,0.030820702935258546,0.44302374551693596,0.44302374551693596,0.0,4.0,4.0
vq,4,1,318,0.47605799992879233,0.4464087975025177,0.02964920366803805,0.4513130357613166,0.4513130357613166,0.0,4.0,4.0
vq,4,1,319,0.4638248765468597,0.4347801570097605,0.029044716581702233,0.40852040991187094,0.40852040991187094,0.0,4.0,4.0
vq,4,1,320,0.4652535271644592,0.4358740293979645,0.029379498213529587,0.4477855118860801,0.4477855118860801,0.0,4.0,4.0
vq,4,1,321,0.4637385058403015,0.43384344657262164,0.029895059963067374,0.42382019480069477,0.42382019480069477,0.0,4.0,4.0
vq,4,1,322,0.46524825612703957,0.4356912195682526,0.029557042121887207,0.4171686594188213,0.4171686594188213,0.0,4.0,4.0
vq,4,1,323,0.4485111872355143,0.41990161895751954,0.028609566514690717,0.40860078528523447,0.40860078528523447,0.0,4.0,4.0
vq,4,1,324,0.45000356872876485,0.4213278325398763,0.02867573340733846,0.4018600511302551,0.4018600511302551,0.0,4.0,4.0
vq,4,1,325,0.4491975951194763,0.4200605316956838,0.029137066627542178,0.4057229327162107,0.4057229327162107,0.0,4.0,4.0
vq,4,1,326,0.44889022707939147,0.4190826443831126,0.029807582199573517,0.4070434808234374,0.4070434808234374,0.0,4.0,4.0
vq,4,1,327,0.4613484557469686,0.4326826516787211,0.028665808439254762,0.40677382168670495,0.40677382168670495,0.0,4.0,4.0
vq,4,1,328,0.44125743707021076,0.41290467023849486,0.028352766086657842,0.4125679692377647,0.4125679692377647,0.0,4.0,4.0
vq,4,1,329,0.45168405135472617,0.4230866010983785,0.028597450877229372,0.4290467562278112,0.4290467562278112,0.0,4.0,4.0
vq,4,1,330,0.46451561133066815,0.4365861177444458,0.02792949671546618,0.44619516310592494,0.44619516310592494,0.0,4.0,4.0
vq,4,1,331,0.47356815497080484,0.4453671487172445,0.028201002279917398,0.41656201660633085,0.41656201660633085,0.0,4.0,4.0
vq,4,1,332,0.46600359638532,0.4374422025680542,0.028561393444736797,0.4010592913875977,0.4010592913875977,0.0,4.0,4.0
vq,4,1,333,0.4493186712265015,0.41986162940661115,0.029457042639454204,0.40278818455835186,0.40278818455835186,0.0,4.0,4.0
vq,4,1,334,0.45154396335283914,0.4219252753257752,0.029618681867917378,0.3985088173796733,0.3985088173796733,0.0,4.0,4.0
vq,4,1,335,0.4402857208251953,0.4115263513724009,0.028759369080265364,0.3979465368390083,0.3979465368390083,0.0,4.0,4.0
vq,4,1,336,0.4300575844446818,0.4036453040440877,0.026412283604343733,0.3984660092741251,0.3984660092741251,0.0,4.0,4.0
vq,4,1,337,0.4354130760828654,0.4079492723941803,0.027463807711998623,0.40424409503738085,0.40424409503738085,0.0,4.0,4.0
vq,4,1,338,0.4416715395450592,0.41191266814867655,0.02975887174407641,0.3937282000730435,0.3937282000730435,0.0,4.0,4.0
vq,4,1,339,0.45912030696868894,0.42914543151855467,0.029974871873855592,0.39566692208250365,0.39566692208250365,0.0,4.0,4.0
vq,4,1,340,0.448542724053065,0.4205541976292928,0.027988525877396267,0.3922000834842523,0.3922000834842523,0.0,4.0,4.0
vq,4,1,341,0.4351537199815114,0.40857566356658936,0.026578063319126766,0.38927432435254256,0.38927432435254256,0.0,4.0,4.0
vq,4,1,342,0.42291553417841593,0.395456174214681,0.027459363639354705,0.38846888129909835,0.38846888129909835,0.0,4.0,4.0
vq,4,1,343,0.4345974334081014,0.4058905494213104,0.028706886172294617,0.37659948316713177,0.37659948316713177,0.0,4.0,4.0
vq,4,1,344,0.43403449455897014,0.4055441657702128,0.028490324765443803,0.37763930834829806,0.37763930834829806,0.0,4.0,4.0
vq,4,1,345,0.42551019668579104,0.39728055874506635,0.028229635581374167,0.42287949127455554,0.42287949127455554,0.0,4.0,4.0
vq,4,1,346,0.42972826878229775,0.4030622641245524,0.026666002521912258,0.3825193459788958,0.3825193459788958,0.0,4.0,4.0
vq,4,1,347,0.4043902643521627,0.3781972277164459,0.02619303623835246,0.37656315058469775,0.37656315058469775,0.0,4.0,4.0
vq,4,1,348,0.4147581644852956,0.388504497607549,0.026253662531574566,0.37077070022622743,0.37077070022622743,0.0,4.0,4.0
vq,4,1,349,0.41112080931663514,0.38292659560839337,0.02819420963525772,0.3807702603191137,0.3807702603191137,0.0,4.0,4.0
vq,4,1,350,0.4264182130495707,0.3970105218887329,0.02940769210457802,0.37482107669115067,0.37482107669115067,0.0,4.0,4.0
vq,4,1,351,0.42530399004618324,0.39609360218048095,0.029210387294491134,0.3632069555918376,0.3632069555918376,0.0,4.0,4.0
vq,4,1,352,0.4189599684874217,0.3896366544564565,0.029323316315809887,0.39473945878446104,0.39473945878446104,0.0,4.0,4.0
vq,4,1,353,0.43453051884969074,0.4055067833264669,0.029023726830879847,0.3792314801365137,0.3792314801365137,0.0,4.0,4.0
vq,4,1,354,0.4397714400291443,0.41077754577000936,0.028993895649909972,0.37320974724988143,0.37320974724988143,0.0,4.0,4.0
vq,4,1,355,0.4259001564979553,0.3971238736311595,0.028776280333598456,0.3719840274006128,0.3719840274006128,0.0,4.0,4.0
vq,4,1,356,0.4267763590812683,0.3991306245326996,0.027645734970768294,0.36874470464885234,0.36874470464885234,0.0,4.0,4.0
vq,4,1,357,0.41606820583343507,0.387489755153656,0.02857844889163971,0.36110338705281414,0.36110338705281414,0.0,4.0,4.0
vq,4,1,358,0.42168925126393636,0.39322474916776023,0.02846450408299764,0.36830416818459827,0.36830416818459827,0.0,4.0,4.0
vq,4,1,359,0.42624208211898806,0.39641022324562075,0.02983185571928819,0.3622121767203013,0.3622121767203013,0.0,4.0,4.0
vq,4,1,360,0.4027690712610881,0.374846351146698,0.027922724038362504,0.36742173331479233,0.36742173331479233,0.0,4.0,4.0
vq,4,1,361,0.3904820473988851,0.3639498917261759,0.026532157510519027,0.372398548151056,0.372398548151056,0.0,4.0,4.0
vq,4,1,362,0.42359018166859946,0.395178550084432,0.028411631012956302,0.36531905487179755,0.36531905487179755,0.0,4.0,4.0
vq,4,1,363,0.4022138714790344,0.37486119389533995,0.027352676913142204,0.3560627626130978,0.3560627626130978,0.0,4.0,4.0
vq,4,1,364,0.3942565194765727,0.366385639111201,0.02787088416516781,0.35048879084487755,0.35048879084487755,0.0,4.0,4.0
vq,4,1,365,0.4058130884170532,0.37845815579096476,0.02735493173201879,0.351101989025871,0.351101989025871,0.0,4.0,4.0
vq,4,1,366,0.40590747992197673,0.37938202619552613,0.02652545730272929,0.355640763938427,0.355640763938427,0.0,4.0,4.0
vq,4,1,367,0.3905094083150228,0.3633970578511556,0.02711235483487447,0.35562324312826,0.35562324312826,0.0,4.0,4.0
vq,4,1,368,0.38637182076772053,0.3583249413967133,0.028046878973642986,0.35175528737405937,0.35175528737405937,0.0,4.0,4.0
vq,4,1,369,0.40041864951451617,0.3710967167218526,0.029321933885415395,0.3586071810871363,0.3586071810871363,0.0,4.0,4.0
vq,4,1,370,0.40592102766036986,0.37844367742538454,0.027477349092562994,0.35164633062978584,0.35164633062978584,0.0,4.0,4.0
vq,4,1,371,0.39052748123804726,0.36389087319374086,0.026636604865392047,0.358424901291728,0.358424901291728,0.0,4.0,4.0
vq,4,1,372,0.4119140597184499,0.3846476268768311,0.027266430382927257,0.36470401629805566,0.36470401629805566,0.0,4.0,4.0
vq,4,1,373,0.3906676650047302,0.364419252872467,0.026248413945237796,0.35422429176668324,0.35422429176668324,0.0,4.0,4.0
vq,4,1,374,0.41880027810732523,0.39168710907300314,0.027113167693217595,0.34732433219750725,0.34732433219750725,0.0,4.0,4.0
vq,4,1,375,0.3874715793132782,0.35958810488382975,0.027883475547035536,0.3432572566717863,0.3432572566717863,0.0,4.0,4.0
vq,4,1,376,0.3783293843269348,0.3516747311751048,0.026654652108748754,0.3749995597451925,0.3749995597451925,0.0,4.0,4.0
vq,4,1,377,0.3924010427792867,0.36632651527722676,0.026074527924259502,0.3588877550760905,0.3588877550760905,0.0,4.0,4.0
vq,4,1,378,0.4079625952243805,0.38253714283307394,0.025425455768903097,0.34755222077171005,0.34755222077171005,0.0,4.0,4.0
vq,4,1,379,0.40650776624679563,0.38114898641904194,0.02535877560575803,0.33911668705443543,0.33911668705443543,0.0,4.0,4.0
vq,4,1,380,0.37574227213859557,0.3507937316099803,0.02494853620727857,0.3375440799941619,0.3375440799941619,0.0,4.0,4.0
vq,4,1,381,0.4138948941230774,0.3876421236991882,0.026252769852677982,0.35491504358748593,0.35491504358748593,0.0,4.0,4.0
vq,4,1,382,0.3842364776134491,0.35925517717997235,0.02498129760225614,0.3484455885986487,0.3484455885986487,0.0,4.0,4.0
vq,4,1,383,0.3969690211613973,0.3702525063355764,0.026716512044270835,0.34396342299878596,0.34396342299878596,0.0,4.0,4.0
vq,4,1,384,0.4052640354633331,0.3790078520774841,0.02625618189573288,0.34790177814662454,0.34790177814662454,0.0,4.0,4.0
vq,4,1,385,0.3831739513079325,0.35759753982226056,0.025576404531796774,0.33849939624468484,0.33849939624468484,0.0,4.0,4.0
vq,4,1,386,0.3785284109910329,0.3532430072625478,0.025285403430461883,0.33374973371624944,0.33374973371624944,0.0,4.0,4.0
vq,4,1,387,0.3842930046717326,0.35918697992960613,0.02510602499047915,0.36266678062578045,0.36266678062578045,0.0,4.0,4.0
vq,4,1,388,0.36246662616729736,0.3371627716223399,0.025303854246934255,0.34091816055277985,0.34091816055277985,0.0,4.0,4.0
vq,4,1,389,0.3825444308916728,0.35695874055226645,0.025585689743359882,0.33499516010284425,0.33499516010284425,0.0,4.0,4.0
vq,4,1,390,0.38062058528264364,0.35575708945592244,0.02486349863310655,0.33288833777109783,0.33288833777109783,0.0,4.0,4.0
vq,4,1,391,0.4059874741236369,0.38108182907104493,0.02490564649303754,0.35201545742650825,0.35201545742650825,0.0,4.0,4.0
vq,4,1,392,0.3786985011895498,0.3551446743806203,0.023553825517495474,0.347612499644359,0.347612499644359,0.0,4.0,4.0
vq,4,1,393,0.36982133706410725,0.3450760066509247,0.024745334486166636,0.32684103774527706,0.32684103774527706,0.0,4.0,4.0
vq,4,1,394,0.395758900642395,0.3705726440747579,0.025186254605650903,0.34068675761421524,0.34068675761421524,0.0,4.0,4.0
vq,4,1,395,0.3717260320981344,0.34696152846018474,0.024764500483870508,0.3247609496364991,0.3247609496364991,0.0,4.0,4.0
vq,4,1,396,0.35778631806373595,0.3347363742192586,0.023049943447113037,0.3221806214253108,0.3221806214253108,0.0,4.0,4.0
vq,4,1,397,0.39295151034990944,0.3686356369654338,0.024315870900948843,0.3273489294697841,0.3273489294697841,0.0,4.0,4.0
vq,4,1,398,0.37112804810206096,0.3463068413734436,0.024821209063132604,0.3225841068228086,0.3225841068228086,0.0,4.0,4.0
vq,4,1,399,0.36742969274520876,0.342089866399765,0.0253398264447848,0.3201294285555681,0.3201294285555681,0.0,4.0,4.0
vq,4,1,400,0.37667619744936626,0.3523218341668447,0.02435436094800631,0.327248172784845,0.327248172784845,0.0,4.0,4.0
vq,4,1,401,0.3731387495994568,0.3486305284500122,0.024508222465713818,0.33222932105263075,0.33222932105263075,0.0,4.0,4.0
vq,4,1,402,0.3527047856648763,0.3299054630597432,0.02279932717482249,0.3266577699780464,0.3266577699780464,0.0,4.0,4.0
vq,4,1,403,0.35378575483957925,0.33062658389409383,0.02315916895866394,0.32300397704044975,0.32300397704044975,0.0,4.0,4.0
vq,4,1,404,0.36823575814565024,0.3442754817008972,0.023960275476177535,0.3170213471601407,0.3170213471601407,0.0,4.0,4.0
vq,4,1,405,0.36073519388834635,0.3367324451605479,0.024002747088670732,0.3246413548539082,0.3246413548539082,0.0,4.0,4.0
vq,4,1,406,0.37137856205304465,0.3463371221224467,0.025041433771451314,0.3429108165949583,0.3429108165949583,0.0,4.0,4.0
vq,4,1,407,0.3627583289146423,0.3394608577092489,0.023297469913959503,0.3240766526510318,0.3240766526510318,0.0,4.0,4.0
vq,4,1,408,0.35035810550053914,0.32608562548955283,0.02427248125274976,0.3100168187667926,0.3100168187667926,0.0,4.0,4.0
vq,4,1,409,0.37525372167428334,0.35194345076878863,0.02331026648481687,0.3119442813843489,0.3119442813843489,0.0,4.0,4.0
vq,4,1,410,0.36396918217341107,0.3404032289981842,0.023565958167115847,0.32927003820737205,0.32927003820737205,0.0,4.0,4.0
vq,4,1,411,0.3538510831197103,0.3308827682336171,0.022968315208951633,0.32455233231186864,0.32455233231186864,0.0,4.0,4.0
vq,4,1,412,0.3692482590675354,0.3450495743751526,0.0241986795514822,0.31955820828676224,0.31955820828676224,0.0,4.0,4.0
vq,4,1,413,0.35590646147727967,0.33171005566914874,0.024196407720446587,0.30581254151960213,0.30581254151960213,0.0,4.0,4.0
vq,4,1,414,0.3721471643447876,0.34634636203447977,0.025800803154706956,0.32158966476718587,0.32158966476718587,0.0,4.0,4.0
vq,4,1,415,0.3630155416329702,0.33820980350176494,0.024805737088123957,0.3078797903905312,0.3078797903905312,0.0,4.0,4.0
vq,4,1,416,0.35286598722139995,0.32894523739814757,0.02392074706653754,0.3124902464946111,0.3124902464946111,0.0,4.0,4.0
vq,4,1,417,0.34678051471710203,0.3224565303325653,0.024323985800147056,0.31151997978488605,0.31151997978488605,0.0,4.0,4.0
vq,4,1,418,0.3597337333361308,0.33532854278882346,0.02440519054730733,0.312588091964523,0.312588091964523,0.0,4.0,4.0
vq,4,1,419,0.36833280165990195,0.3437525216738383,0.0245802836616834,0.30373400467137496,0.30373400467137496,0.0,4.0,4.0
vq,4,1,420,0.3396424349149068,0.3151353406906128,0.02450708955526352,0.32950946062803266,0.32950946062803266,0.0,4.0,4.0
vq,4,1,421,0.3537966974576314,0.3297804609934489,0.024016235023736954,0.3115823674450318,0.3115823674450318,0.0,4.0,4.0
vq,4,1,422,0.3514457722504934,0.3280890687306722,0.023356705208619436,0.3116311113536358,0.3116311113536358,0.0,4.0,4.0
vq,4,1,423,0.35816574772198995,0.33391782561937966,0.024247917160391808,0.30738418449958166,0.30738418449958166,0.0,4.0,4.0
vq,4,1,424,0.3603781878948212,0.3356859846909841,0.024692200173934302,0.30785320927699406,0.30785320927699406,0.0,4.0,4.0
vq,4,1,425,0.34315706809361773,0.31921780308087666,0.023939268986384075,0.30530227107306324,0.30530227107306324,0.0,4.0,4.0
vq,4,1,426,0.33531708002090455,0.3116653915246328,0.023651686136921247,0.3036387035002311,0.3036387035002311,0.0,4.0,4.0
vq,4,1,427,0.3457759765783946,0.3221658476193746,0.023610127990444502,0.30379575754205385,0.30379575754205385,0.0,4.0,4.0
vq,4,1,428,0.3873218274116516,0.36226171771685284,0.02506010634203752,0.3036733318120241,0.3036733318120241,0.0,4.0,4.0
vq,4,1,429,0.3551762286822001,0.3309146734078725,0.02426155691345533,0.30922391412158806,0.30922391412158806,0.0,4.0,4.0
vq,4,1,430,0.3482942056655884,0.3250694636503855,0.02322474092245102,0.30429174003501736,0.30429174003501736,0.0,4.0,4.0
vq,4,1,431,0.3418434313933055,0.31872978806495667,0.023113643949230513,0.3010648932059606,0.3010648932059606,0.0,4.0,4.0
vq,4,1,432,0.33078214128812156,0.30815544207890827,0.022626701643069586,0.30158805184066295,0.30158805184066295,0.0,4.0,4.0
vq,4,1,433,0.32916616201400756,0.30544101079305014,0.023725151841839154,0.29879813974102337,0.29879813974102337,0.0,4.0,4.0
vq,4,1,434,0.33169461766878766,0.30842677076657615,0.02326784811913967,0.2968985443562269,0.2968985443562269,0.0,4.0,4.0
vq,4,1,435,0.35744953632354737,0.33286687890688577,0.024582656274239223,0.2932389810929696,0.2932389810929696,0.0,4.0,4.0
vq,4,1,436,0.34360726753870646,0.3181214793523153,0.025485793178280196,0.3049973800033331,0.3049973800033331,0.0,4.0,4.0
vq,4,1,437,0.341242311000824,0.3175725948810577,0.0236697169393301,0.3043118958423535,0.3043118958423535,0.0,4.0,4.0
vq,4,1,438,0.34210696498552956,0.31888890782992046,0.023218055938680968,0.29982137098908423,0.29982137098908423,0.0,4.0,4.0
vq,4,1,439,0.35200878699620564,0.3288993565241496,0.02310943437119325,0.30591116738816104,0.30591116738816104,0.0,4.0,4.0
vq,4,1,440,0.3393842029571533,0.315644226471583,0.02373997524380684,0.29593618035316466,0.29593618035316466,0.0,4.0,4.0
vq,4,1,441,0.3262737202644348,0.30316467881202697,0.023109043836593627,0.3089228387673696,0.3089228387673696,0.0,4.0,4.0
vq,4,1,442,0.33921669840812685,0.31562203367551167,0.023594672307372094,0.2951238171507915,0.2951238171507915,0.0,4.0,4.0
vq,4,1,443,0.3297087148825328,0.3054512623945872,0.024257449160019557,0.29291119722028575,0.29291119722028575,0.0,4.0,4.0
vq,4,1,444,0.33130316257476805,0.3081866610050201,0.023116499781608582,0.29818418887754283,0.29818418887754283,0.0,4.0,4.0
vq,4,1,445,0.3376681435108185,0.31357727805773417,0.024090863913297653,0.29100281044840814,0.29100281044840814,0.0,4.0,4.0
vq,4,1,446,0.3448588005701701,0.3192832255363464,0.02557557334502538,0.32342864014208317,0.32342864014208317,0.0,4.0,4.0
vq,4,1,447,0.33739462931950887,0.31228625337282817,0.025108377238114675,0.30620918795466423,0.30620918795466423,0.0,4.0,4.0
vq,4,1,448,0.3258459182580312,0.3035098687807719,0.02233604793747266,0.29190511527160806,0.29190511527160806,0.0,4.0,4.0
vq,4,1,449,0.3356726121902466,0.31303175568580627,0.022640858938296635,0.3165303462247054,0.3165303462247054,0.0,4.0,4.0
vq,4,1,450,0.31457967360814415,0.292819109360377,0.02176056126753489,0.2911231448749701,0.2911231448749701,0.0,4.0,4.0
vq,4,1,451,0.32774032672246295,0.30400378664334615,0.023736538340648015,0.293436049024264,0.293436049024264,0.0,4.0,4.0
vq,4,1,452,0.32724321524302163,0.3033158278465271,0.023927391096949576,0.2891933233290911,0.2891933233290911,0.0,4.0,4.0
vq,4,1,453,0.3294937916596731,0.30509421626726785,0.024399574299653372,0.29216302298009394,0.29216302298009394,0.0,4.0,4.0
vq,4,1,454,0.3363025716940562,0.31154454112052915,0.024758032262325286,0.3005563493072987,0.3005563493072987,0.0,4.0,4.0
vq,4,1,455,0.34183866500854493,0.31879783908526105,0.02304082249601682,0.29664184369146823,0.29664184369146823,0.0,4.0,4.0
vq,4,1,456,0.3442790118853251,0.3216344734032949,0.022644541710615158,0.29221786064406235,0.29221786064406235,0.0,4.0,4.0
vq,4,1,457,0.3477286243438721,0.3234054942925771,0.02432313285768032,0.2955888551473618,0.2955888551473618,0.0,4.0,4.0
vq,4,1,458,0.3347232556343079,0.3099986505508423,0.02472460369269053,0.2916473686695099,0.2916473686695099,0.0,4.0,4.0
vq,4,1,459,0.32148863951365153,0.2979216190179189,0.023567018061876298,0.28748229824006555,0.28748229824006555,0.0,4.0,4.0
vq,4,1,460,0.3186866017182668,0.29688654621442157,0.021800054808457692,0.28599176501234375,0.28599176501234375,0.0,4.0,4.0
vq,4,1,461,0.30922898491223655,0.28725759744644164,0.021971385553479196,0.28088386135796706,0.28088386135796706,0.0,4.0,4.0
vq,4,1,462,0.33863812843958535,0.31583185474077863,0.02280626932779948,0.29995502802232904,0.29995502802232904,0.0,4.0,4.0
vq,4,1,463,0.35896507422129315,0.33426504611968993,0.02470003088315328,0.28971935677031674,0.28971935677031674,0.0,4.0,4.0
vq,4,1,464,0.32803362449010215,0.30607736150423687,0.02195626253883044,0.3104846305648486,0.3104846305648486,0.0,4.0,4.0
vq,4,1,465,0.3374979543685913,0.316152960062027,0.02134499157468478,0.2963765416294336,0.2963765416294336,0.0,4.0,4.0
vq,4,1,466,0.3230826485157013,0.3010344437758128,0.022048204491535824,0.3137803357839584,0.3137803357839584,0.0,4.0,4.0
vq,4,1,467,0.3266956122716268,0.30468991041183474,0.022005701313416164,0.2818199545145035,0.2818199545145035,0.0,4.0,4.0
vq,4,1,468,0.3124932595094045,0.2909026738007863,0.021590583821137745,0.27850268334150313,0.27850268334150313,0.0,4.0,4.0
vq,4,1,469,0.3093935759862264,0.2881254883607229,0.021268086830774944,0.2924128344655037,0.2924128344655037,0.0,4.0,4.0
vq,4,1,470,0.3190305463473002,0.2964336689313253,0.022596876819928488,0.28240934637685616,0.28240934637685616,0.0,4.0,4.0
vq,4,1,471,0.32831969141960143,0.3051051453749339,0.02321454664071401,0.27330886776248614,0.27330886776248614,0.0,4.0,4.0
vq,4,1,472,0.3083507939179738,0.28547916491826375,0.02287163262565931,0.276036342009902,0.276036342009902,0.0,4.0,4.0
vq,4,1,473,0.33859456141789757,0.3147708948453267,0.023823660438259443,0.2766188346842925,0.2766188346842925,0.0,4.0,4.0
vq,4,1,474,0.31914942582448325,0.2973198886712392,0.02182953250904878,0.27945405421157676,0.27945405421157676,0.0,4.0,4.0
vq,4,1,475,0.31891387621561684,0.2971144994099935,0.02179937412341436,0.29113118171691893,0.29113118171691893,0.0,4.0,4.0
vq,4,1,476,0.3268662714958191,0.30427292346954343,0.022593347132205965,0.278574689279,0.278574689279,0.0,4.0,4.0
vq,4,1,477,0.331159557501475,0.30783846457799274,0.023321093122164408,0.2877007906883955,0.2877007906883955,0.0,4.0,4.0
vq,4,1,478,0.31422451734542844,0.29171325504779816,0.022511259416739145,0.2855994961162408,0.2855994961162408,0.0,4.0,4.0
vq,4,1,479,0.313795804977417,0.2913744576772054,0.022421346927682557,0.27987872454027335,0.27987872454027335,0.0,4.0,4.0
vq,4,1,480,0.3033624144395192,0.28224048217137654,0.021121934701999027,0.28945389298101265,0.28945389298101265,0.0,4.0,4.0
vq,4,1,481,0.29430904587109885,0.2725281528631846,0.021780896037817,0.27620616791148983,0.27620616791148983,0.0,4.0,4.0
vq,4,1,482,0.31660683353741964,0.2948743013540904,0.021732536604007084,0.30508837568263214,0.30508837568263214,0.0,4.0,4.0
vq,4,1,483,0.3169505735238393,0.2952067057291667,0.021743868738412858,0.2999867898225784,0.2999867898225784,0.0,4.0,4.0
vq,4,1,484,0.3523390245437622,0.32699081977208455,0.02534819980462392,0.2993857000519832,0.2993857000519832,0.0,4.0,4.0
vq,4,1,485,0.3342056421438853,0.3096636994679769,0.024541942104697227,0.31862304953237375,0.31862304953237375,0.0,4.0,4.0
vq,4,1,486,0.33426730195681253,0.31228382190068565,0.0219834799071153,0.2729254641880592,0.2729254641880592,0.0,4.0,4.0
vq,4,1,487,0.30756635904312135,0.28602463404337564,0.021541720082362492,0.2747689446558555,0.2747689446558555,0.0,4.0,4.0
vq,4,1,488,0.3057370646794637,0.2841685418287913,0.021568524142106374,0.27054410450160504,0.27054410450160504,0.0,4.0,4.0
vq,4,1,489,0.2960993750890096,0.2752158111333847,0.02088356338441372,0.2832798204819361,0.2832798204819361,0.0,4.0,4.0
vq,4,1,490,0.3014954495429993,0.27899837017059326,0.0224970772365729,0.2796495520571868,0.2796495520571868,0.0,4.0,4.0
vq,4,1,491,0.3111393262942632,0.28773878057797747,0.02340054805080096,0.28142201364040376,0.28142201364040376,0.0,4.0,4.0
vq,4,1,492,0.3004500989119212,0.27808916012446083,0.022360935832063358,0.264526867022117,0.264526867022117,0.0,4.0,4.0
vq,4,1,493,0.3194747539361318,0.2967509500185649,0.02272380292415619,0.2797158225129048,0.2797158225129048,0.0,4.0,4.0
vq,4,1,494,0.32165860970815024,0.29830738266309104,0.023351224859555562,0.29279029672344525,0.29279029672344525,0.0,4.0,4.0
vq,4,1,495,0.3273956072330475,0.3050928823153178,0.022302728618184726,0.2877035473535458,0.2877035473535458,0.0,4.0,4.0
vq,4,1,496,0.30707300662994386,0.28602155804634094,0.021051446149746578,0.2684132207930088,0.2684132207930088,0.0,4.0,4.0
vq,4,1,497,0.3107076323032379,0.2879879891872406,0.022719644059737525,0.2707205511877934,0.2707205511877934,0.0,4.0,4.0
vq,4,1,498,0.3093507699171702,0.2867731471856435,0.022577616597215334,0.2729987775782744,0.2729987775782744,0.0,4.0,4.0
vq,4,1,499,0.29818389177322385,0.2760587290922801,0.0221251638730367,0.2655191341042519,0.2655191341042519,0.0,4.0,4.0
vq,4,1,500,0.2882527852058411,0.2655951758225759,0.02265761176745097,0.26944444825251895,0.26944444825251895,0.0,4.0,4.0
vq,4,2,1,3.350762311172485,3.309857780456543,0.04090453864336014,3.1805049293518066,3.1805049293518066,0.0,2.0,2.0
vq,4,2,2,3.0070049198150635,2.9032191188812257,0.10378579226732254,2.958669493865967,2.958669493865967,0.0,2.0,2.0
vq,4,2,3,2.692617140960693,2.6255016021728514,0.0671155189692974,2.733207467651367,2.733207467651367,0.0,2.0,2.0
vq,4,2,4,2.4748449699401855,2.4264265754699705,0.048418388533592226,2.440418812561035,2.440418812561035,0.0,2.0,2.0
vq,4,2,5,2.3148593067169188,2.263082231903076,0.051777080762386324,2.118236678314209,2.118236678314209,0.0,2.0,2.0
vq,4,2,6,2.13634317779541,2.0896510175704957,0.0466921819627285,1.9529298301696778,1.9529298301696778,0.0,2.0,2.0
vq,4,2,7,1.9998961479187012,1.9442905155181884,0.05560562317371368,1.8418786304473878,1.8418786304473878,0.0,2.0,2.0
vq,4,2,8,1.858444207382202,1.8125733015060426,0.045870915502309796,1.7120628055572509,1.7120628055572509,0.0,2.0,2.0
vq,4,2,9,1.7559329097747802,1.7054600719451904,0.05047283899784088,1.6877774574279785,1.6877774574279785,0.0,2.0,2.0
vq,4,2,10,1.6859609191894531,1.6320959499359131,0.05386497712731361,1.5595074352264404,1.5595074352264404,0.0,2.0,2.0
vq,4,2,11,1.6184101657867431,1.5620900451660156,0.05632010250687599,1.5130290016174317,1.5130290016174317,0.0,2.0,2.0
vq,4,2,12,1.560364183998108,1.5072395168304444,0.05312466817498207,1.4403574045181275,1.4403574045181275,0.0,2.0,2.0
vq,4,2,13,1.48877762966156,1.4415181962966919,0.0472594374537468,1.3987720748901367,1.3987720748901367,0.0,2.0,2.0
vq,4,2,14,1.4446261362075805,1.3955560077667237,0.04907012202143669,1.335657963180542,1.335657963180542,0.0,2.0,2.0
vq,4,2,15,1.3814673147201537,1.3388701734542847,0.042597142344713214,1.2685946502685548,1.2685946502685548,0.0,2.0,2.0
vq,4,2,16,1.3584748191833496,1.3091611120223998,0.04931370422244072,1.2464896743774414,1.2464896743774414,0.0,2.0,2.0
vq,4,2,17,1.3315116823196411,1.2848050357818603,0.04670665346980095,1.2598258769989015,1.2598258769989015,0.0,2.0,2.0
vq,4,2,18,1.288086467552185,1.2337948377609254,0.0542916389644146,1.1884315841674804,1.1884315841674804,0.0,2.0,2.0
vq,4,2,19,1.2538224212646485,1.2051703102111817,0.04865210000872612,1.195007864189148,1.195007864189148,0.0,2.0,2.0
vq,4,2,20,1.2422417379379271,1.1901848678588867,0.05205687470436096,1.1344276184082032,1.1344276184082032,0.0,2.0,2.0
vq,4,2,21,1.1964549049377442,1.1470945056915283,0.04936040689945221,1.0970757598876952,1.0970757598876952,0.0,2.0,2.0
vq,4,2,22,1.1881349655151368,1.1346244192123414,0.05351052882671356,1.1534210523605346,1.1534210523605346,0.0,2.0,2.0
vq,4,2,23,1.1707344598770142,1.117887653541565,0.05284680849313736,1.0524221714019775,1.0524221714019775,0.0,2.0,2.0
vq,4,2,24,1.153302797317505,1.0946170471191405,0.05868575747013092,1.0609861391067505,1.0609861391067505,0.0,2.0,2.0
vq,4,2,25,1.1323051706314087,1.0824553089141846,0.04984985808134079,1.0653936889648437,1.0653936889648437,0.0,2.0,2.0
vq,4,2,26,1.1059785453796387,1.0552364036560058,0.05074212781190872,1.023863875579834,1.023863875579834,0.0,2.0,2.0
vq,4,2,27,1.0843939922332764,1.036176029586792,0.04821796138882637,1.064374600982666,1.064374600982666,0.0,2.0,2.0
vq,4,2,28,1.0940870566368104,1.0393699692726135,0.05471708437800407,1.0269404245376588,1.0269404245376588,0.0,2.0,2.0
vq,4,2,29,1.07639672832489,1.0229174486160277,0.053479270374774936,0.9766587478637695,0.9766587478637695,0.0,2.0,2.0
vq,4,2,30,1.0595238373756408,1.0111992045402527,0.04832463454008103,1.0279825769424438,1.0279825769424438,0.0,2.0,2.0
vq,4,2,31,1.0578305936813355,1.010260036277771,0.04757055166363716,0.9645947727203369,0.9645947727203369,0.0,2.0,2.0
vq,4,2,32,1.0382480972290038,0.9887377160072327,0.049510393452644345,0.9598669769287109,0.9598669769287109,0.0,2.0,2.0
vq,4,2,33,1.041681925392151,0.9945920107841492,0.047089911156892775,0.9336812961578369,0.9336812961578369,0.0,2.0,2.0
vq,4,2,34,1.011467981338501,0.9618092003822327,0.04965878275632858,0.9471056568145751,0.9471056568145751,0.0,2.0,2.0
vq,4,2,35,1.0149917631149292,0.9700692556381225,0.04492250346541405,0.985820411491394,0.985820411491394,0.0,2.0,2.0
vq,4,2,36,0.9983168003082276,0.9463410287857056,0.05197578876018524,0.957328164100647,0.957328164100647,0.0,2.0,2.0
vq,4,2,37,1.005531418132782,0.9579215765953064,0.047609839874505996,0.9356895622253418,0.9356895622253418,0.0,2.0,2.0
vq,4,2,38,0.990525622177124,0.9428420642852783,0.04768356109857559,0.9538385295867919,0.9538385295867919,0.0,2.0,2.0
vq,4,2,39,0.9838650745391846,0.9358815518379211,0.0479835268497467,0.9913892129898071,0.9913892129898071,0.0,2.0,2.0
vq,4,2,40,0.9802621440887451,0.932162732219696,0.048099426251649854,0.9162510274887085,0.9162510274887085,0.0,2.0,2.0
vq,4,2,41,0.9921476905822754,0.9402811600685119,0.051866530245542525,0.9230984327316284,0.9230984327316284,0.0,2.0,2.0
vq,4,2,42,0.9783201839447021,0.9287231278419494,0.049597050106525424,0.9000572828292847,0.9000572828292847,0.0,2.0,2.0
vq,4,2,43,0.9622971046447754,0.9186119134902954,0.0436851855635643,0.9215037321090698,0.9215037321090698,0.0,2.0,2.0
vq,4,2,44,0.9561869555473328,0.9115225667953492,0.04466439135670662,0.8871787218093872,0.8871787218093872,0.0,2.0,2.0
vq,4,2,45,0.968274443912506,0.9206770745277405,0.04759735639095306,0.871638136100769,0.871638136100769,0.0,2.0,2.0
vq,4,2,46,0.9466898558616638,0.9012350079536438,0.04545484925508499,0.8920685293197632,0.8920685293197632,0.0,2.0,2.0
vq,4,2,47,0.943984988117218,0.89967404794693,0.04431094324588775,0.8826739038467407,0.8826739038467407,0.0,2.0,2.0
vq,4,2,48,0.9530431294441223,0.9069645069122314,0.04607861384749413,0.8622477964401245,0.8622477964401245,0.0,2.0,2.0
vq,4,2,49,0.9300273923873902,0.8833013289451599,0.04672606499195099,0.9184014413833618,0.9184014413833618,0.0,2.0,2.0
vq,4,2,50,0.9459590154647827,0.9035882851600647,0.042370740896463394,0.8592440029144287,0.8592440029144287,0.0,2.0,2.0
vq,4,2,51,0.9338208374023438,0.8877848613739013,0.04603597300052643,0.8564347854614258,0.8564347854614258,0.0,2.0,2.0
vq,4,2,52,0.9248495401382446,0.885608019065857,0.03924152435064316,0.8551277637481689,0.8551277637481689,0.0,2.0,2.0
vq,4,2,53,0.907949796295166,0.8646087175369263,0.04334108275175095,0.8665008771896362,0.8665008771896362,0.0,2.0,2.0
vq,4,2,54,0.924115094280243,0.88035366563797,0.04376142720580101,0.8492270523071289,0.8492270523071289,0.0,2.0,2.0
vq,4,2,55,0.9092406455993652,0.8678580819129944,0.04138256298899651,0.8454728471755981,0.8454728471755981,0.0,2.0,2.0
vq,4,2,56,0.9121702939033508,0.8648990705490113,0.04727122142314911,0.8725573980331421,0.8725573980331421,0.0,2.0,2.0
vq,4,2,57,0.9120262393951416,0.8709612820625305,0.04106496077775955,0.8422894035339356,0.8422894035339356,0.0,2.0,2.0
vq,4,2,58,0.9110157069206237,0.8683893966674805,0.0426263134419918,0.8398452768325806,0.8398452768325806,0.0,2.0,2.0
vq,4,2,59,0.9062800903320313,0.8620860039710998,0.04419407069683075,0.8434942687988282,0.8434942687988282,0.0,2.0,2.0
vq,4,2,60,0.9015445888519287,0.8604560952186584,0.0410884888291359,0.9447903730392456,0.9447903730392456,0.0,2.0,2.0
vq,4,2,61,0.9178341403007507,0.8743299837112427,0.04350415638685227,0.8273341367721557,0.8273341367721557,0.0,2.0,2.0
vq,4,2,62,0.9104050423622131,0.8668622821807861,0.043542763459682464,0.8560408910751343,0.8560408910751343,0.0,2.0,2.0
vq,4,2,63,0.8947798238754272,0.8557404695510864,0.03903934918642044,0.8404432195663453,0.8404432195663453,0.0,2.0,2.0
vq,4,2,64,0.8871148079872131,0.8463283555030823,0.04078644386529923,0.84160215549469,0.84160215549469,0.0,2.0,2.0
vq,4,2,65,0.8915489010810852,0.8498301121711731,0.04171878430843353,0.8449965557098389,0.8449965557098389,0.0,2.0,2.0
vq,4,2,66,0.8886906945228576,0.850664332485199,0.038026360714435575,0.844004104232788,0.844004104232788,0.0,2.0,2.0
vq,4,2,67,0.9098590826034546,0.8682076688766479,0.04165140845775604,0.8233858348846436,0.8233858348846436,0.0,2.0,2.0
vq,4,2,68,0.8982827850341797,0.8570796517372131,0.04120313590168953,0.8224195669174195,0.8224195669174195,0.0,2.0,2.0
vq,4,2,69,0.8813821380615234,0.8404308914184571,0.04095124726891518,0.8265628890991211,0.8265628890991211,0.0,2.0,2.0
vq,4,2,70,0.8718018314361572,0.8337804880142212,0.03802134820222854,0.8215986228942871,0.8215986228942871,0.0,2.0,2.0
vq,4,2,71,0.8732735272407531,0.8325227735519409,0.04075075375437737,0.8350305545806884,0.8350305545806884,0.0,2.0,2.0
vq,4,2,72,0.8799387448310853,0.8396715556144715,0.04026718778014183,0.8209911394119263,0.8209911394119263,0.0,2.0,2.0
vq,4,2,73,0.881735405254364,0.8401464853286743,0.0415889074921608,0.8319164892196655,0.8319164892196655,0.0,2.0,2.0
vq,4,2,74,0.8759098023414612,0.8368115322113037,0.03909826734662056,0.8485470678329468,0.8485470678329468,0.0,2.0,2.0
vq,4,2,75,0.8752580639839173,0.8341271325111389,0.0411309380710125,0.8139263584136963,0.8139263584136963,0.0,2.0,2.0
vq,4,2,76,0.8678163018226623,0.8294195158958435,0.03839678384065628,0.8368978471755981,0.8368978471755981,0.0,2.0,2.0
vq,4,2,77,0.8675136922836304,0.8262135028839112,0.0413001886844635,0.8232813117980957,0.8232813117980957,0.0,2.0,2.0
vq,4,2,78,0.8627014059066772,0.8273661162376403,0.035335290789604186,0.8253248327255249,0.8253248327255249,0.0,2.0,2.0
vq,4,2,79,0.8519519123077393,0.8104362392425537,0.041515674793720245,0.8215970010757446,0.8215970010757446,0.0,2.0,2.0
vq,4,2,80,0.857264154624939,0.8181744841575622,0.0390896636903286,0.8147381254196167,0.8147381254196167,0.0,2.0,2.0
vq,4,2,81,0.8631232141494751,0.8258537759780884,0.03726943895816803,0.821732159614563,0.821732159614563,0.0,2.0,2.0
vq,4,2,82,0.8745381828308105,0.8330775019645691,0.041460673505067824,0.8052663637161255,0.8052663637161255,0.0,2.0,2.0
vq,4,2,83,0.8669949739456176,0.8252966766357421,0.04169828900694847,0.8190275777816772,0.8190275777816772,0.0,2.0,2.0
vq,4,2,84,0.8722605634689331,0.8294339818954468,0.04282657854557037,0.8070083436965942,0.8070083436965942,0.0,2.0,2.0
vq,4,2,85,0.855536050605774,0.8163563480377197,0.039179700595140456,0.8064322179794311,0.8064322179794311,0.0,2.0,2.0
vq,4,2,86,0.8647137058258056,0.8205132219314575,0.044200474447011945,0.8033071714401245,0.8033071714401245,0.0,2.0,2.0
vq,4,2,87,0.8500971035957336,0.8130866704940796,0.037010434371232984,0.930857597732544,0.930857597732544,0.0,2.0,2.0
vq,4,2,88,0.8693289347648621,0.8249362595558166,0.04439267518520355,0.7971455184936523,0.7971455184936523,0.0,2.0,2.0
vq,4,2,89,0.8606783920288086,0.8172108800888062,0.04346750974059105,0.815736842918396,0.815736842918396,0.0,2.0,2.0
vq,4,2,90,0.8548608633995056,0.8145366550445556,0.040324196618795397,0.8069726823806763,0.8069726823806763,0.0,2.0,2.0
vq,4,2,91,0.8521466703414917,0.8102533536911011,0.041893312406539915,0.8088864274978638,0.8088864274978638,0.0,2.0,2.0
vq,4,2,92,0.8479911722183228,0.8054243400573731,0.0425668380856514,0.7981613771438598,0.7981613771438598,0.0,2.0,2.0
vq,4,2,93,0.85325163230896,0.8134665984153747,0.039785038626194,0.7963760374069214,0.7963760374069214,0.0,2.0,2.0
vq,4,2,94,0.8485100479125977,0.807944574546814,0.040565474754571916,0.8095214891433716,0.8095214891433716,0.0,2.0,2.0
vq,4,2,95,0.8606982168197632,0.8199064502716065,0.04079177132844925,0.8038396751403809,0.8038396751403809,0.0,2.0,2.0
vq,4,2,96,0.8394446516990661,0.7971013781547547,0.04234326979517937,0.8249839637756348,0.8249839637756348,0.0,2.0,2.0
vq,4,2,97,0.8603917203903199,0.8135674792289734,0.04682424629926681,0.804243754196167,0.804243754196167,0.0,2.0,2.0
vq,4,2,98,0.8589241278648376,0.8207327196121216,0.038191405737400055,0.8681259124755859,0.8681259124755859,0.0,2.0,2.0
vq,4,2,99,0.8481346996307373,0.8016274928092957,0.04650720852613449,0.8004474248886109,0.8004474248886109,0.0,2.0,2.0
vq,4,2,100,0.8531176441192627,0.8131715516090393,0.039946092092990874,0.8290570430755615,0.8290570430755615,0.0,2.0,2.0
vq,4,2,101,0.857255703830719,0.8165206774711609,0.0407350298166275,0.8014509180068969,0.8014509180068969,0.0,2.0,2.0
vq,4,2,102,0.8419105367660522,0.8025338036537171,0.03937673789262772,0.8026213285446167,0.8026213285446167,0.0,2.0,2.0
vq,4,2,103,0.8333375847816468,0.7921794864654541,0.041158095109462736,0.803170055770874,0.803170055770874,0.0,2.0,2.0
vq,4,2,104,0.8454507154464722,0.8058250471115113,0.03962566739320755,0.793535440826416,0.793535440826416,0.0,2.0,2.0
vq,4,2,105,0.8538568125724793,0.8027346269607544,0.051122182291746136,0.7913955987930298,0.7913955987930298,0.0,2.0,2.0
vq,4,2,106,0.8339080718040466,0.7974445581436157,0.036463511428236964,0.815081533241272,0.815081533241272,0.0,2.0,2.0
vq,4,2,107,0.8558507122039795,0.815105285358429,0.040745432996749875,0.8033301338195801,0.8033301338195801,0.0,2.0,2.0
vq,4,2,108,0.8661956521034241,0.8199907759666443,0.04620487458705902,0.7911548002243042,0.7911548002243042,0.0,2.0,2.0
vq,4,2,109,0.8308320796012878,0.7930751558303833,0.03775692370533943,0.80699857006073,0.80699857006073,0.0,2.0,2.0
vq,4,2,110,0.8376438048362732,0.7964983785629273,0.04114542847275734,0.7903262727737427,0.7903262727737427,0.0,2.0,2.0
vq,4,2,111,0.8368612145423889,0.7937488450050354,0.04311237290501595,0.7861822582244873,0.7861822582244873,0.0,2.0,2.0
vq,4,2,112,0.8456857773780823,0.8039627825736999,0.04172299762964249,0.7886397966384888,0.7886397966384888,0.0,2.0,2.0
vq,4,2,113,0.8413950573921204,0.799322670841217,0.04207238625884056,0.7816529266357422,0.7816529266357422,0.0,2.0,2.0
vq,4,2,114,0.8363099098205566,0.799418747997284,0.036891155582666396,0.7821773345947266,0.7821773345947266,0.0,2.0,2.0
vq,4,2,115,0.832547557926178,0.7878318077087403,0.04471575118303299,0.801275013923645,0.801275013923645,0.0,2.0,2.0
vq,4,2,116,0.8361627400398255,0.7915300601959229,0.044632684689760206,0.7841110834121704,0.7841110834121704,0.0,2.0,2.0
vq,4,2,117,0.833126326751709,0.793669097328186,0.03945723493397236,0.7870755334854126,0.7870755334854126,0.0,2.0,2.0
vq,4,2,118,0.8303654035568238,0.7925120862960815,0.0378533220410347,0.7813176630020141,0.7813176630020141,0.0,2.0,2.0
vq,4,2,119,0.8353343170166015,0.797028415107727,0.03830589715242386,0.7840595674514771,0.7840595674514771,0.0,2.0,2.0
vq,4,2,120,0.8205254088401794,0.7816992053985595,0.03882619560956955,0.7793474313735962,0.7793474313735962,0.0,2.0,2.0
vq,4,2,121,0.8246266534805298,0.78143628282547,0.04319037098884582,0.7794413152694702,0.7794413152694702,0.0,2.0,2.0
vq,4,2,122,0.8390329113006592,0.7987308155059815,0.04030209050178528,0.7848749317169189,0.7848749317169189,0.0,2.0,2.0
vq,4,2,123,0.8263298318862915,0.7813943071365357,0.04493552735447884,0.7720695877075195,0.7720695877075195,0.0,2.0,2.0
vq,4,2,124,0.8360749922752381,0.7931353072166443,0.0429396915435791,0.7831358341217041,0.7831358341217041,0.0,2.0,2.0
vq,4,2,125,0.8657631777763367,0.8241392098426819,0.04162397385835648,0.7809573768615723,0.7809573768615723,0.0,2.0,2.0
vq,4,2,126,0.8169598426818848,0.7753224387168884,0.04163740874528885,0.7814602439880372,0.7814602439880372,0.0,2.0,2.0
vq,4,2,127,0.8180657709121704,0.7766109749794007,0.0414547871351242,0.7840528203964233,0.7840528203964233,0.0,2.0,2.0
vq,4,2,128,0.8305859369277954,0.7898550485610962,0.04073089300990105,0.7763522327423096,0.7763522327423096,0.0,2.0,2.0
vq,4,2,129,0.8221868196487426,0.7794087260246277,0.0427780879676342,0.7808587478637695,0.7808587478637695,0.0,2.0,2.0
vq,4,2,130,0.8370261269569397,0.7952078771591187,0.041818243783712385,0.7886649280548096,0.7886649280548096,0.0,2.0,2.0
vq,4,2,131,0.8477000021934509,0.7982526243209839,0.04944737764596939,0.7860873964309693,0.7860873964309693,0.0,2.0,2.0
vq,4,2,132,0.8268674132347107,0.7896295589447021,0.03723784630298615,0.7886829792022705,0.7886829792022705,0.0,2.0,2.0
vq,4,2,133,0.8303110863685608,0.7884186495780945,0.04189242877960205,0.7830974111557006,0.7830974111557006,0.0,2.0,2.0
vq,4,2,134,0.8275021458625793,0.7829614015579224,0.04454074073433876,0.7807623537063598,0.7807623537063598,0.0,2.0,2.0
vq,4,2,135,0.8265918840408325,0.7883039247512817,0.038287956124544144,0.7993285703659058,0.7993285703659058,0.0,2.0,2.0
vq,4,2,136,0.8342161298751831,0.7882054975509644,0.046010632145404816,0.7727748128890991,0.7727748128890991,0.0,2.0,2.0
vq,4,2,137,0.8114385385513305,0.7723492862701417,0.039089250820875165,0.7794597955703735,0.7794597955703735,0.0,2.0,2.0
vq,4,2,138,0.8226495150566101,0.7798234292030335,0.04282608186006546,0.771489744758606,0.771489744758606,0.0,2.0,2.0
vq,4,2,139,0.8406228839874268,0.7933117723464966,0.04731111444830895,0.7733087806701661,0.7733087806701661,0.0,2.0,2.0
vq,4,2,140,0.8275865697860718,0.78858247423172,0.039004091691970826,0.7949770668029785,0.7949770668029785,0.0,2.0,2.0
vq,4,2,141,0.814324590587616,0.7681049133300781,0.04621967613697052,0.7665063861846924,0.7665063861846924,0.0,2.0,2.0
vq,4,2,142,0.8190197268486022,0.7721332931518554,0.046886428445577624,0.7795308071136474,0.7795308071136474,0.0,2.0,2.0
vq,4,2,143,0.8098790538787842,0.7683178783416748,0.04156117143034935,0.7776804685592651,0.7776804685592651,0.0,2.0,2.0
vq,4,2,144,0.8093877700805664,0.7661925415992736,0.043195230388641356,0.7720476684570312,0.7720476684570312,0.0,2.0,2.0
vq,4,2,145,0.8074090242385864,0.7688165823936463,0.038592437022924427,0.7709819711685181,0.7709819711685181,0.0,2.0,2.0
vq,4,2,146,0.806127900314331,0.7693279816627503,0.036799922531843186,0.7787975646972656,0.7787975646972656,0.0,2.0,2.0
vq,4,2,147,0.8137775074958802,0.7734632845878601,0.040314224141836164,0.7692002054214477,0.7692002054214477,0.0,2.0,2.0
vq,4,2,148,0.8149984072685241,0.772303947353363,0.04269444947838783,0.7746950143814086,0.7746950143814086,0.0,2.0,2.0
vq,4,2,149,0.8010255806922912,0.761420108127594,0.03960547698736191,0.7676015186309815,0.7676015186309815,0.0,2.0,2.0
vq,4,2,150,0.8281361778259277,0.7867817042350769,0.0413544861137867,0.7650571287155151,0.7650571287155151,0.0,2.0,2.0
vq,4,2,151,0.8107194395065308,0.7677882195472717,0.04293121742606163,0.7726989130020142,0.7726989130020142,0.0,2.0,2.0
vq,4,2,152,0.807171854686737,0.769118871307373,0.03805298863053322,0.7726475534439087,0.7726475534439087,0.0,2.0,2.0
vq,4,2,153,0.8076894687652588,0.7667289500236512,0.04096052727103233,0.759818302154541,0.759818302154541,0.0,2.0,2.0
vq,4,2,154,0.8190913656234741,0.7734329495429992,0.0456584070622921,0.7614359071731568,0.7614359071731568,0.0,2.0,2.0
vq,4,2,155,0.8199043833732605,0.7832982467651367,0.03660613768696785,0.7696492330551148,0.7696492330551148,0.0,2.0,2.0
vq,4,2,156,0.7981447964668273,0.7577030818939209,0.04044171017408371,0.7706324745178222,0.7706324745178222,0.0,2.0,2.0
vq,4,2,157,0.8073138756752014,0.7638588529586792,0.043455021435022355,0.7607174848556518,0.7607174848556518,0.0,2.0,2.0
vq,4,2,158,0.8148478277206421,0.7763589283943176,0.03848889598250389,0.7659125652313232,0.7659125652313232,0.0,2.0,2.0
vq,4,2,159,0.809082239818573,0.7716367441177369,0.037445490473508834,0.7658071399688721,0.7658071399688721,0.0,2.0,2.0
vq,4,2,160,0.8122382431030274,0.7680013006210327,0.044236932587623595,0.7964016427993774,0.7964016427993774,0.0,2.0,2.0
vq,4,2,161,0.8134920872688294,0.7658783436775207,0.047613744962215425,0.7633652095794677,0.7633652095794677,0.0,2.0,2.0
vq,4,2,162,0.8167458136558533,0.7783167673110962,0.03842903900742531,0.7611569316864014,0.7611569316864014,0.0,2.0,2.0
vq,4,2,163,0.7964702074050903,0.7560100980758667,0.04046010668277741,0.7603507263183594,0.7603507263183594,0.0,2.0,2.0
vq,4,2,164,0.7966598608016968,0.7532734467506409,0.04338642159104347,0.7561184297561645,0.7561184297561645,0.0,2.0,2.0
vq,4,2,165,0.8222343864440917,0.7813965129852295,0.0408378746509552,0.7766990140914917,0.7766990140914917,0.0,2.0,2.0
vq,4,2,166,0.8038812821388245,0.759679586315155,0.04420169945955277,0.7527609712600708,0.7527609712600708,0.0,2.0,2.0
vq,4,2,167,0.8015206268310547,0.7598926474571228,0.04162797780036926,0.7669212162017822,0.7669212162017822,0.0,2.0,2.0
vq,4,2,168,0.8071081280708313,0.7637933671951294,0.0433147596180439,0.7642352996826172,0.7642352996826172,0.0,2.0,2.0
vq,4,2,169,0.8203554854393006,0.7707453583717346,0.04961012134552002,0.7546057546615601,0.7546057546615601,0.0,2.0,2.0
vq,4,2,170,0.8041826805114746,0.7648668071746826,0.03931587607264519,0.7665813171386718,0.7665813171386718,0.0,2.0,2.0
vq,4,2,171,0.8160100793838501,0.7730519503593445,0.04295812514424324,0.7544691415786743,0.7544691415786743,0.0,2.0,2.0
vq,4,2,172,0.8091625254631043,0.759378820514679,0.049783708024024965,0.7688453811645508,0.7688453811645508,0.0,2.0,2.0
vq,4,2,173,0.8029765818595886,0.7613639782905579,0.0416126097381115,0.7735874418258667,0.7735874418258667,0.0,2.0,2.0
vq,4,2,174,0.7976235424041748,0.7498002761840821,0.04782327313423157,0.7582807771682739,0.7582807771682739,0.0,2.0,2.0
vq,4,2,175,0.8044717649459839,0.7616626526832581,0.04280912047624588,0.7696936880111694,0.7696936880111694,0.0,2.0,2.0
vq,4,2,176,0.7972557649612427,0.7596099414825439,0.037645829379558564,0.7717528289794922,0.7717528289794922,0.0,2.0,2.0
vq,4,2,177,0.8059491834640503,0.7607463436126709,0.04520285437107086,0.7556772789001465,0.7556772789001465,0.0,2.0,2.0
vq,4,2,178,0.7997353806495666,0.755923987865448,0.04381139103174209,0.7549962184906006,0.7549962184906006,0.0,2.0,2.0
vq,4,2,179,0.8144635178565979,0.77129516954422,0.0431683401465416,0.7571271640777588,0.7571271640777588,0.0,2.0,2.0
vq,4,2,180,0.8155480404853821,0.7678877893447876,0.04766025008559227,0.7529141553878784,0.7529141553878784,0.0,2.0,2.0
vq,4,2,181,0.8162284844398499,0.7771666979789734,0.039061792588233946,0.7609074113845825,0.7609074113845825,0.0,2.0,2.0
vq,4,2,182,0.8123488488197327,0.7647072688102722,0.047641571414470674,0.7576016931533813,0.7576016931533813,0.0,2.0,2.0
vq,4,2,183,0.8021973970413208,0.7550618996620179,0.04713549715280533,0.7543338039398193,0.7543338039398193,0.0,2.0,2.0
vq,4,2,184,0.7855946853637695,0.7469904873847961,0.03860419510602951,0.7512583335876465,0.7512583335876465,0.0,2.0,2.0
vq,4,2,185,0.8039010751724243,0.7631547883033752,0.04074629406929016,0.7544517417907715,0.7544517417907715,0.0,2.0,2.0
vq,4,2,186,0.7959141648292541,0.7514002588272095,0.04451390638351441,0.7581031932830811,0.7581031932830811,0.0,2.0,2.0
vq,4,2,187,0.7966925136566162,0.7551984272956848,0.04149408249855042,0.7595509979248047,0.7595509979248047,0.0,2.0,2.0
vq,4,2,188,0.7977665720939636,0.7540255011558533,0.04374106925725937,0.7491858985900879,0.7491858985900879,0.0,2.0,2.0
vq,4,2,189,0.7861518411636352,0.7460592533111572,0.04009258383512497,0.7520629400253296,0.7520629400253296,0.0,2.0,2.0
vq,4,2,190,0.8015986327171326,0.7608125233650207,0.040786106503009796,0.7552560276031494,0.7552560276031494,0.0,2.0,2.0
vq,4,2,191,0.7915555685043335,0.7455641095161438,0.045991454297304155,0.7512649404525756,0.7512649404525756,0.0,2.0,2.0
vq,4,2,192,0.8009073947906494,0.7553419216156005,0.045565473604202274,0.7561128337860108,0.7561128337860108,0.0,2.0,2.0
vq,4,2,193,0.7997414791107178,0.7584086800575256,0.04133280975818634,0.7465498140335083,0.7465498140335083,0.0,2.0,2.0
vq,4,2,194,0.7813844243049621,0.7386352752685547,0.04274913404583931,0.7452410179138184,0.7452410179138184,0.0,2.0,2.0
vq,4,2,195,0.8060617914199829,0.7659832666397095,0.040078526216745375,0.762133977508545,0.762133977508545,0.0,2.0,2.0
vq,4,2,196,0.7816322017669678,0.7434927605628967,0.03813944535255432,0.7501493814468384,0.7501493814468384,0.0,2.0,2.0
vq,4,2,197,0.7997700923919677,0.7494737691879273,0.050296314811706544,0.7455191997528077,0.7455191997528077,0.0,2.0,2.0
vq,4,2,198,0.7873434593200683,0.7409892638206482,0.046354192358255386,0.7488065803527832,0.7488065803527832,0.0,2.0,2.0
vq,4,2,199,0.7920933583259583,0.7532418853759766,0.03885146900117397,0.7602304172515869,0.7602304172515869,0.0,2.0,2.0
vq,4,2,200,0.7951718505859375,0.7591181893348694,0.036053658938407895,0.799543373298645,0.799543373298645,0.0,2.0,2.0
vq,4,2,201,0.8079332668304443,0.7621916120529175,0.04574165073633194,0.7598832817077636,0.7598832817077636,0.0,2.0,2.0
vq,4,2,202,0.797915627002716,0.7576500154495239,0.040265608006715775,0.7634308345794678,0.7634308345794678,0.0,2.0,2.0
vq,4,2,203,0.7889166670799256,0.7517319507598877,0.03718471923470497,0.7501183662414551,0.7501183662414551,0.0,2.0,2.0
vq,4,2,204,0.794161007976532,0.749690903377533,0.04447010295987129,0.7711917154312133,0.7711917154312133,0.0,2.0,2.0
vq,4,2,205,0.7984771095275879,0.7550091018676758,0.043468007683753966,0.7667142053604126,0.7667142053604126,0.0,2.0,2.0
vq,4,2,206,0.7828375208854675,0.7489326956748963,0.03390482839941979,0.7529268478393555,0.7529268478393555,0.0,2.0,2.0
vq,4,2,207,0.7929209673881531,0.7528049446105957,0.0401160197019577,0.74935611038208,0.74935611038208,0.0,2.0,2.0
vq,4,2,208,0.7971964612007141,0.7530034432411193,0.044193018364906314,0.7563920427322388,0.7563920427322388,0.0,2.0,2.0
vq,4,2,209,0.7810477982521057,0.742525597858429,0.03852219778895378,0.7578452476501465,0.7578452476501465,0.0,2.0,2.0
vq,4,2,210,0.783483448600769,0.7391329193115235,0.04435053061246872,0.7451956117630005,0.7451956117630005,0.0,2.0,2.0
vq,4,2,211,0.7870334021568298,0.7476575686454773,0.03937583425045013,0.7614866912841797,0.7614866912841797,0.0,2.0,2.0
vq,4,2,212,0.7798774131774903,0.7385266589164734,0.04135075906515121,0.7553033918380737,0.7553033918380737,0.0,2.0,2.0
vq,4,2,213,0.7921063645362854,0.7492811066627503,0.04282525901794434,0.7537227754592896,0.7537227754592896,0.0,2.0,2.0
vq,4,2,214,0.7810662944793701,0.7446304930686951,0.036435797864198684,0.7506937917709351,0.7506937917709351,0.0,2.0,2.0
vq,4,2,215,0.7976694826126098,0.7551644562721253,0.042505017912387845,0.7457646390914917,0.7457646390914917,0.0,2.0,2.0
vq,4,2,216,0.782263826751709,0.7398447340011597,0.04241907641291618,0.7652576519012451,0.7652576519012451,0.0,2.0,2.0
vq,4,2,217,0.7783290846824646,0.7395804065704346,0.03874867591261864,0.7613898624420166,0.7613898624420166,0.0,2.0,2.0
vq,4,2,218,0.8143119148254394,0.7618393592834473,0.05247256566286087,0.7448754987716675,0.7448754987716675,0.0,2.0,2.0
vq,4,2,219,0.7966673252105713,0.7572583255767822,0.03940900955200195,0.7712774320602417,0.7712774320602417,0.0,2.0,2.0
vq,4,2,220,0.7862192625999451,0.7510752898216247,0.035143977510929104,0.7617490119934082,0.7617490119934082,0.0,2.0,2.0
vq,4,2,221,0.7835400219917298,0.740653406047821,0.042886604768037795,0.7414094631195068,0.7414094631195068,0.0,2.0,2.0
vq,4,2,222,0.7828901384353638,0.7447524584770203,0.03813767726421356,0.7514068346023559,0.7514068346023559,0.0,2.0,2.0
vq,4,2,223,0.7774796154022217,0.7395323614120484,0.037947259443998335,0.7417014080047607,0.7417014080047607,0.0,2.0,2.0
vq,4,2,224,0.7955420906066895,0.7524428877830506,0.04309920271039009,0.7430024700164795,0.7430024700164795,0.0,2.0,2.0
vq,4,2,225,0.7809462316513062,0.7382278223991394,0.04271840411424637,0.7449113752365112,0.7449113752365112,0.0,2.0,2.0
vq,4,2,226,0.7741134097099304,0.7380793745040893,0.036034041446447375,0.7368440240859986,0.7368440240859986,0.0,2.0,2.0
vq,4,2,227,0.7843401618003846,0.7465028639793396,0.03783728771209717,0.7546339584350585,0.7546339584350585,0.0,2.0,2.0
vq,4,2,228,0.7667213037490844,0.7282152062416076,0.038506090742349626,0.73385218334198,0.73385218334198,0.0,2.0,2.0
vq,4,2,229,0.7964998566627502,0.750824143409729,0.04567571603655815,0.7356793827056884,0.7356793827056884,0.0,2.0,2.0
vq,4,2,230,0.793801664352417,0.7530371222496033,0.040764544147253036,0.7633268186569214,0.7633268186569214,0.0,2.0,2.0
vq,4,2,231,0.7960893931388855,0.7580122678756714,0.03807712086439133,0.7484219421386719,0.7484219421386719,0.0,2.0,2.0
vq,4,2,232,0.7995574553489685,0.7564346766471863,0.04312278020381927,0.7376019407272338,0.7376019407272338,0.0,2.0,2.0
vq,4,2,233,0.768455777835846,0.7328791053771972,0.03557667314112187,0.745326727104187,0.745326727104187,0.0,2.0,2.0
vq,4,2,234,0.7751270446777344,0.7371662043571472,0.037960850846767424,0.7435623762130738,0.7435623762130738,0.0,2.0,2.0
vq,4,2,235,0.795589499950409,0.7413518537521362,0.054237638837099075,0.7364753940582275,0.7364753940582275,0.0,2.0,2.0
vq,4,2,236,0.7850580530166626,0.7415202544212341,0.043537787127494815,0.7484280626296997,0.7484280626296997,0.0,2.0,2.0
vq,4,2,237,0.7814514387130738,0.744101680469513,0.037349761813879015,0.7385078123092651,0.7385078123092651,0.0,2.0,2.0
vq,4,2,238,0.7796653997421265,0.7426576079368591,0.03700778253674507,0.7385608409881592,0.7385608409881592,0.0,2.0,2.0
vq,4,2,239,0.7767184770584107,0.7387584217071533,0.03796005637049675,0.7421986873626709,0.7421986873626709,0.0,2.0,2.0
vq,4,2,240,0.7898965041160584,0.7402196696281433,0.049676832443475726,0.7394808942794799,0.7394808942794799,0.0,2.0,2.0
vq,4,2,241,0.7889951822280884,0.743536971950531,0.045458203321695326,0.7505663734436036,0.7505663734436036,0.0,2.0,2.0
vq,4,2,242,0.7848716553688049,0.7489537069320679,0.035917950838804245,0.7391570911407471,0.7391570911407471,0.0,2.0,2.0
vq,4,2,243,0.7793795743942261,0.7437995040893555,0.03558005611300469,0.7334563364028931,0.7334563364028931,0.0,2.0,2.0
vq,4,2,244,0.7768153554916382,0.7385754635810852,0.038239896643161776,0.7331952941894532,0.7331952941894532,0.0,2.0,2.0
vq,4,2,245,0.7775095566749572,0.7378286190032959,0.039680933719873426,0.7356190801620484,0.7356190801620484,0.0,2.0,2.0
vq,4,2,246,0.7838367286682129,0.7471935485839843,0.03664317471981048,0.739775867652893,0.739775867652893,0.0,2.0,2.0
vq,4,2,247,0.7736556468963623,0.7350075653076172,0.038648088902235034,0.7388050329208374,0.7388050329208374,0.0,2.0,2.0
vq,4,2,248,0.7795805837631226,0.7380792096138,0.04150138157606125,0.7335115993499756,0.7335115993499756,0.0,2.0,2.0
vq,4,2,249,0.7870258228302002,0.7417910694122315,0.045234755641222,0.7384543420791626,0.7384543420791626,0.0,2.0,2.0
vq,4,2,250,0.7734812963485718,0.7329952584266662,0.04048604525923729,0.7416090970993042,0.7416090970993042,0.0,2.0,2.0
vq,4,2,251,0.7876610301971435,0.7466252351760865,0.04103579434752464,0.7357094699859619,0.7357094699859619,0.0,2.0,2.0
vq,4,2,252,0.7825757848739624,0.7360998182296753,0.04647596529722214,0.7513011274337769,0.7513011274337769,0.0,2.0,2.0
vq,4,2,253,0.778903311920166,0.7386312859535217,0.04027202064990997,0.7344325763702393,0.7344325763702393,0.0,2.0,2.0
vq,4,2,254,0.7640758956909179,0.7264404200553894,0.0376354724496603,0.7339353761672973,0.7339353761672973,0.0,2.0,2.0
vq,4,2,255,0.767037141418457,0.7308133417129516,0.03622380614280701,0.7381759326934815,0.7381759326934815,0.0,2.0,2.0
vq,4,2,256,0.7691381037712097,0.7293426606178284,0.03979543702602387,0.7365502315521241,0.7365502315521241,0.0,2.0,2.0
vq,4,2,257,0.7731825510978698,0.7313200532913208,0.041862488132715224,0.7297554960250855,0.7297554960250855,0.0,2.0,2.0
vq,4,2,258,0.7813076091766358,0.7385456051826477,0.04276200675368309,0.7334147068023682,0.7334147068023682,0.0,2.0,2.0
vq,4,2,259,0.7664380887031556,0.723938581943512,0.04249950602054596,0.7300903942108155,0.7300903942108155,0.0,2.0,2.0
vq,4,2,260,0.7768358014106751,0.7346153916358947,0.042220409280061724,0.7283365818023682,0.7283365818023682,0.0,2.0,2.0
vq,4,2,261,0.7686121634483337,0.7325590096473694,0.03605316284298897,0.7296519113540649,0.7296519113540649,0.0,2.0,2.0
vq,4,2,262,0.7610178322792053,0.7230132183074951,0.03800462555289268,0.7435693376541138,0.7435693376541138,0.0,2.0,2.0
vq,4,2,263,0.78842698802948,0.7400972945213318,0.04832970064282417,0.7370744718551636,0.7370744718551636,0.0,2.0,2.0
vq,4,2,264,0.7578565258979797,0.71514498462677,0.042711536848545076,0.7448096830368042,0.7448096830368042,0.0,2.0,2.0
vq,4,2,265,0.7715357238769531,0.731890047454834,0.039645672225952146,0.7298206676483154,0.7298206676483154,0.0,2.0,2.0
vq,4,2,266,0.778525735092163,0.7335627696990967,0.0449629705786705,0.7287144435882569,0.7287144435882569,0.0,2.0,2.0
vq,4,2,267,0.7672739566802979,0.7329187439918519,0.034355223593115804,0.7359613599777222,0.7359613599777222,0.0,2.0,2.0
vq,4,2,268,0.7878000802993774,0.7435039596557618,0.04429611467719078,0.7268978767395019,0.7268978767395019,0.0,2.0,2.0
vq,4,2,269,0.7609641034126282,0.724448924446106,0.03651519088149071,0.7401103116989136,0.7401103116989136,0.0,2.0,2.0
vq,4,2,270,0.7719936982154846,0.7375305424690246,0.034463152772188185,0.7267654663085937,0.7267654663085937,0.0,2.0,2.0
vq,4,2,271,0.7726360838890076,0.72619272108078,0.04644336603879928,0.7268883836746216,0.7268883836746216,0.0,2.0,2.0
vq,4,2,272,0.7831101170539856,0.7424539924621582,0.04065612933933735,0.7370783670425415,0.7370783670425415,0.0,2.0,2.0
vq,4,2,273,0.7679848337173462,0.7349454535484314,0.03303936839997768,0.7319179027557373,0.7319179027557373,0.0,2.0,2.0
vq,4,2,274,0.7719492514610291,0.7350881602287292,0.03686108611822128,0.7269472932815552,0.7269472932815552,0.0,2.0,2.0
vq,4,2,275,0.7560992139816284,0.7202220553398132,0.035877150708436965,0.7277985698699951,0.7277985698699951,0.0,2.0,2.0
vq,4,2,276,0.7627432306289673,0.7182353735923767,0.044507858115434645,0.7253861560821533,0.7253861560821533,0.0,2.0,2.0
vq,4,2,277,0.7743994441986084,0.7330412592887878,0.04135818320512771,0.7300747978210449,0.7300747978210449,0.0,2.0,2.0
vq,4,2,278,0.7530830965995788,0.7192807335853577,0.03380235185325146,0.7239302854537963,0.7239302854537963,0.0,2.0,2.0
vq,4,2,279,0.7641028783798218,0.728934333229065,0.03516854158043861,0.7245959331512452,0.7245959331512452,0.0,2.0,2.0
vq,4,2,280,0.7527587626457214,0.7184452204704285,0.034313542914390566,0.7358969636917114,0.7358969636917114,0.0,2.0,2.0
vq,4,2,281,0.7728738656044006,0.7355759211540223,0.03729793249964714,0.7250941884994507,0.7250941884994507,0.0,2.0,2.0
vq,4,2,282,0.7620398204803467,0.7188675300598144,0.043172290712594985,0.721780742263794,0.721780742263794,0.0,2.0,2.0
vq,4,2,283,0.7757042395591736,0.7314313076972961,0.04427292963862419,0.7277234638214112,0.7277234638214112,0.0,2.0,2.0
vq,4,2,284,0.7682467247009277,0.732290336894989,0.035956382757425305,0.7329459909439087,0.7329459909439087,0.0,2.0,2.0
vq,4,2,285,0.7639205428123474,0.7290255084991455,0.03489503676891327,0.7262940885543824,0.7262940885543824,0.0,2.0,2.0
vq,4,2,286,0.7687638193130493,0.7271649147987366,0.041598905432224276,0.7297673440933228,0.7297673440933228,0.0,2.0,2.0
vq,4,2,287,0.785523526096344,0.7499931433677673,0.03553038858771324,0.7493099328994751,0.7493099328994751,0.0,2.0,2.0
vq,4,2,288,0.7708646411895752,0.7363228878974915,0.034541753065586094,0.7303396894454957,0.7303396894454957,0.0,2.0,2.0
vq,4,2,289,0.7724333804130554,0.7281876009941101,0.04424578583836555,0.7278474233627319,0.7278474233627319,0.0,2.0,2.0
vq,4,2,290,0.7684947127342224,0.7308456154823303,0.03764908481836319,0.7275575700759888,0.7275575700759888,0.0,2.0,2.0
vq,4,2,291,0.7594064504623413,0.7219581448554993,0.0374483121573925,0.7258890899658204,0.7258890899658204,0.0,2.0,2.0
vq,4,2,292,0.7777099744796753,0.7314349977493286,0.04627498328089714,0.7195267951965332,0.7195267951965332,0.0,2.0,2.0
vq,4,2,293,0.757340705871582,0.7199397072792053,0.037400991433858874,0.7278637201309204,0.7278637201309204,0.0,2.0,2.0
vq,4,2,294,0.766633169746399,0.7288995904922485,0.03773358306884766,0.728914037513733,0.728914037513733,0.0,2.0,2.0
vq,4,2,295,0.7635546581268311,0.7262349178314209,0.037319736886024475,0.7197743169784546,0.7197743169784546,0.0,2.0,2.0
vq,4,2,296,0.765143017578125,0.7251535452842712,0.03998947393298149,0.7257301815032959,0.7257301815032959,0.0,2.0,2.0
vq,4,2,297,0.7708994565963745,0.7306721856117249,0.04022727389931679,0.7194762145996094,0.7194762145996094,0.0,2.0,2.0
vq,4,2,298,0.7573533403396606,0.7192184824943543,0.038134849989414216,0.7282443689346314,0.7282443689346314,0.0,2.0,2.0
vq,4,2,299,0.7784739344596863,0.74024731092453,0.03822662887573242,0.7180775142669678,0.7180775142669678,0.0,2.0,2.0
vq,4,2,300,0.7556491842269898,0.7162404095649719,0.03940877647995949,0.7185969232559204,0.7185969232559204,0.0,2.0,2.0
vq,4,2,301,0.7604935461044312,0.7154620970726013,0.04503144916892052,0.7211944137573242,0.7211944137573242,0.0,2.0,2.0
vq,4,2,302,0.7698229175567627,0.731444564151764,0.03837835239768028,0.7241897527694702,0.7241897527694702,0.0,2.0,2.0
vq,4,2,303,0.766863561630249,0.7280281497001648,0.03883541834950447,0.726239762878418,0.726239762878418,0.0,2.0,2.0
vq,4,2,304,0.7719106417655944,0.7274998003959656,0.044410844826698305,0.7203004793167114,0.7203004793167114,0.0,2.0,2.0
vq,4,2,305,0.7738684623718262,0.7351761099815368,0.0386923538684845,0.7265847778320312,0.7265847778320312,0.0,2.0,2.0
vq,4,2,306,0.7635692904472351,0.7236001452445984,0.0399691466152668,0.7233895236968995,0.7233895236968995,0.0,2.0,2.0
vq,4,2,307,0.762212178325653,0.7236738087654114,0.03853836510777473,0.7262943689346314,0.7262943689346314,0.0,2.0,2.0
vq,4,2,308,0.7596586423873901,0.7246902215003967,0.03496840744614601,0.7200271490097045,0.7200271490097045,0.0,2.0,2.0
vq,4,2,309,0.7566821499824524,0.7147364506721496,0.041945699536800385,0.7174432792663574,0.7174432792663574,0.0,2.0,2.0
vq,4,2,310,0.7621511976242066,0.717353050327301,0.044798147970438004,0.7161207530975342,0.7161207530975342,0.0,2.0,2.0
vq,4,2,311,0.7578451414108276,0.7171565223693848,0.040688632887601855,0.7135575283050537,0.7135575283050537,0.0,2.0,2.0
vq,4,2,312,0.7771427211761475,0.73665528049469,0.040487430626153946,0.7177513666152954,0.7177513666152954,0.0,2.0,2.0
vq,4,2,313,0.7564291405677795,0.7219957547187805,0.034433391797542574,0.7185771360397338,0.7185771360397338,0.0,2.0,2.0
vq,4,2,314,0.7513053560256958,0.7108046582221985,0.040500707477331165,0.7113872459411621,0.7113872459411621,0.0,2.0,2.0
vq,4,2,315,0.7836126551628113,0.7300982110977173,0.05351444018483162,0.7167382381439209,0.7167382381439209,0.0,2.0,2.0
vq,4,2,316,0.7484395666122436,0.71033459482193,0.03810496319532394,0.7197624391555786,0.7197624391555786,0.0,2.0,2.0
vq,4,2,317,0.7631899085998535,0.7280181692123413,0.03517174683809281,0.7257327350616455,0.7257327350616455,0.0,2.0,2.0
vq,4,2,318,0.7561959867477417,0.7169996467590332,0.03919634413719177,0.7237250867843628,0.7237250867843628,0.0,2.0,2.0
vq,4,2,319,0.7681167866706848,0.7272166805267334,0.04090010603070259,0.7280846460342407,0.7280846460342407,0.0,2.0,2.0
vq,4,2,320,0.7661728989601135,0.7260819124221802,0.04009098626971245,0.7112262456893921,0.7112262456893921,0.0,2.0,2.0
vq,4,2,321,0.753048975276947,0.7134368210792541,0.0396121560394764,0.7140850131988525,0.7140850131988525,0.0,2.0,2.0
vq,4,2,322,0.7548050645828247,0.7147857943534851,0.04001926345229149,0.7108813598632813,0.7108813598632813,0.0,2.0,2.0
vq,4,2,323,0.7638864685058594,0.717835598373413,0.04605086140632629,0.7091497886657715,0.7091497886657715,0.0,2.0,2.0
vq,4,2,324,0.764777490234375,0.7194916560173035,0.04528583984971046,0.7175321950912475,0.7175321950912475,0.0,2.0,2.0
vq,4,2,325,0.752620752620697,0.7134783253669739,0.03914243162870407,0.7128517395019531,0.7128517395019531,0.0,2.0,2.0
vq,4,2,326,0.7612785075187684,0.7230234395027161,0.03825506480932236,0.7184065933227539,0.7184065933227539,0.0,2.0,2.0
vq,4,2,327,0.7616635625839233,0.7203370216369629,0.0413265407204628,0.710505014038086,0.710505014038086,0.0,2.0,2.0
vq,4,2,328,0.7644619441986084,0.7230799045562745,0.04138203753232956,0.7201758869171142,0.7201758869171142,0.0,2.0,2.0
vq,4,2,329,0.7604626811027527,0.7197413569450378,0.04072132025361061,0.7224041574478149,0.7224041574478149,0.0,2.0,2.0
vq,4,2,330,0.7578792182922364,0.720280546283722,0.03759867212176323,0.7075738428115844,0.7075738428115844,0.0,2.0,2.0
vq,4,2,331,0.7548456684112549,0.7145415554046631,0.040304109638929365,0.7141863744735718,0.7141863744735718,0.0,2.0,2.0
vq,4,2,332,0.7561107075691224,0.7151490530967712,0.040961660891771313,0.7126407112121582,0.7126407112121582,0.0,2.0,2.0
vq,4,2,333,0.7633919631004333,0.7223816311836243,0.041010327786207196,0.721803116607666,0.721803116607666,0.0,2.0,2.0
vq,4,2,334,0.7591077525138855,0.7232493523597717,0.0358584036886692,0.720523943901062,0.720523943901062,0.0,2.0,2.0
vq,4,2,335,0.7620481008529663,0.7275198169708252,0.034528282964229585,0.7226245178222657,0.7226245178222657,0.0,2.0,2.0
vq,4,2,336,0.7600292425155639,0.7225243475914002,0.03750489864945412,0.7213072269439698,0.7213072269439698,0.0,2.0,2.0
vq,4,2,337,0.7613496902465821,0.7202460635185242,0.04110362362861633,0.7174199741363525,0.7174199741363525,0.0,2.0,2.0
vq,4,2,338,0.7553718072891236,0.7162781616210937,0.03909365904331207,0.7127419153213501,0.7127419153213501,0.0,2.0,2.0
vq,4,2,339,0.7498693606376649,0.7093752481460571,0.040494112426042554,0.7092388313293457,0.7092388313293457,0.0,2.0,2.0
vq,4,2,340,0.758273910522461,0.7145535271644592,0.0437203848361969,0.7155056890487671,0.7155056890487671,0.0,2.0,2.0
vq,4,2,341,0.757781043624878,0.7230531634330749,0.03472788333594799,0.712518985748291,0.712518985748291,0.0,2.0,2.0
vq,4,2,342,0.7595267084121704,0.7221043546676635,0.037422354352474214,0.7103477754592895,0.7103477754592895,0.0,2.0,2.0
vq,4,2,343,0.7487946478843689,0.7094220757484436,0.039372567266225816,0.7136019618988038,0.7136019618988038,0.0,2.0,2.0
vq,4,2,344,0.749316906452179,0.7112878897666931,0.03802902308106423,0.7084560512542725,0.7084560512542725,0.0,2.0,2.0
vq,4,2,345,0.7548956459045411,0.7102966053009033,0.04459903961420059,0.7085505327224731,0.7085505327224731,0.0,2.0,2.0
vq,4,2,346,0.770835684967041,0.7238890481948852,0.04694663486480713,0.7137271198272706,0.7137271198272706,0.0,2.0,2.0
vq,4,2,347,0.7591716100692749,0.7190309641838074,0.04014064788222313,0.7105919851303101,0.7105919851303101,0.0,2.0,2.0
vq,4,2,348,0.7644270570755005,0.7207517882347106,0.043675270903110505,0.7085926710128784,0.7085926710128784,0.0,2.0,2.0
vq,4,2,349,0.7571466068267823,0.7100521425247193,0.04709446142911911,0.7119939613342285,0.7119939613342285,0.0,2.0,2.0
vq,4,2,350,0.7658442134857177,0.7258209254264831,0.040023282772302625,0.7162664588928223,0.7162664588928223,0.0,2.0,2.0
vq,4,2,351,0.7456145994186402,0.7061122716903686,0.03950233414769173,0.7117047578811645,0.7117047578811645,0.0,2.0,2.0
vq,4,2,352,0.758769832611084,0.7062880167007446,0.052481815886497495,0.7129062728881836,0.7129062728881836,0.0,2.0,2.0
vq,4,2,353,0.7713016283035279,0.7281563760757447,0.04314524655342102,0.7167056924819947,0.7167056924819947,0.0,2.0,2.0
vq,4,2,354,0.7518676449775695,0.7153759087562561,0.036491731238365174,0.7174904016494751,0.7174904016494751,0.0,2.0,2.0
vq,4,2,355,0.7620990029335022,0.7206032073020935,0.041495799219608304,0.710757993888855,0.710757993888855,0.0,2.0,2.0
vq,4,2,356,0.773905446434021,0.7262673717498779,0.04763807735443115,0.7133753257751465,0.7133753257751465,0.0,2.0,2.0
vq,4,2,357,0.7630015881538391,0.7216384956359864,0.0413630888402462,0.7114828493118286,0.7114828493118286,0.0,2.0,2.0
vq,4,2,358,0.7706804996490478,0.730757415008545,0.03992308836579323,0.7114742652893067,0.7114742652893067,0.0,2.0,2.0
vq,4,2,359,0.7595910495758057,0.717377099609375,0.04221394195556641,0.7151525314331054,0.7151525314331054,0.0,2.0,2.0
vq,4,2,360,0.75598436460495,0.7098343489646911,0.046150012093782423,0.7174747932434082,0.7174747932434082,0.0,2.0,2.0
vq,4,2,361,0.7559154466629028,0.7123409104347229,0.04357453061938286,0.705377638244629,0.705377638244629,0.0,2.0,2.0
vq,4,2,362,0.7553318350791931,0.7164692270278931,0.03886260994672775,0.7153231578826904,0.7153231578826904,0.0,2.0,2.0
vq,4,2,363,0.7439893312454223,0.71030167760849,0.0336876532793045,0.7075296638488769,0.7075296638488769,0.0,2.0,2.0
vq,4,2,364,0.7676408620834351,0.719945600605011,0.04769527305960655,0.7060246652603149,0.7060246652603149,0.0,2.0,2.0
vq,4,2,365,0.7534436071395874,0.7132904873847962,0.04015312368273735,0.7180544374465943,0.7180544374465943,0.0,2.0,2.0
vq,4,2,366,0.7607845737457275,0.7217071355819702,0.039077444511651994,0.7103126447677612,0.7103126447677612,0.0,2.0,2.0
vq,4,2,367,0.7544722092628479,0.7073540920257568,0.04711811355948448,0.7087005250930786,0.7087005250930786,0.0,2.0,2.0
vq,4,2,368,0.7585158946990966,0.7141279912948608,0.04438790533542633,0.7095775232315064,0.7095775232315064,0.0,2.0,2.0
vq,4,2,369,0.7520411180496216,0.7093214330673218,0.04271967694759369,0.7115469045639038,0.7115469045639038,0.0,2.0,2.0
vq,4,2,370,0.7634631189346314,0.7172679200172424,0.04619519189596176,0.7086688718795776,0.7086688718795776,0.0,2.0,2.0
vq,4,2,371,0.752992140197754,0.7178390906333924,0.035153053826093676,0.713144248008728,0.713144248008728,0.0,2.0,2.0
vq,4,2,372,0.7414330320358277,0.7007300290107727,0.04070300731062889,0.7163422666549683,0.7163422666549683,0.0,2.0,2.0
vq,4,2,373,0.7643241153717041,0.7181176345825195,0.04620647885799408,0.7077074096679687,0.7077074096679687,0.0,2.0,2.0
vq,4,2,374,0.7659934533119201,0.7254634572029114,0.040529994201660154,0.710626042175293,0.710626042175293,0.0,2.0,2.0
vq,4,2,375,0.7364457332611084,0.6979157258033752,0.03853000864982605,0.7109032489776611,0.7109032489776611,0.0,2.0,2.0
vq,4,2,376,0.7529679244995117,0.7096699912071228,0.043297929120063784,0.7091477983474731,0.7091477983474731,0.0,2.0,2.0
vq,4,2,377,0.747807852935791,0.7068199558258057,0.04098789511322975,0.7175448820114135,0.7175448820114135,0.0,2.0,2.0
vq,4,2,378,0.7551954522132873,0.7160882039070129,0.039107253444194794,0.7132177518844605,0.7132177518844605,0.0,2.0,2.0
vq,4,2,379,0.7584920728683472,0.7176205209732056,0.04087155705690384,0.714829732131958,0.714829732131958,0.0,2.0,2.0
vq,4,2,380,0.7678921398162841,0.7280662266731263,0.03982592227458954,0.7224913585662842,0.7224913585662842,0.0,2.0,2.0
vq,4,2,381,0.7532163178443909,0.7193619682312011,0.03385435766875744,0.7163659297943116,0.7163659297943116,0.0,2.0,2.0
vq,4,2,382,0.7506060217857361,0.7087784873008728,0.041827530604600906,0.7087380954742432,0.7087380954742432,0.0,2.0,2.0
vq,4,2,383,0.7612861284255982,0.7158556031227112,0.04543052404522896,0.7095084911346435,0.7095084911346435,0.0,2.0,2.0
vq,4,2,384,0.755058125591278,0.718697123336792,0.03636100380420685,0.7260986230850219,0.7260986230850219,0.0,2.0,2.0
vq,4,2,385,0.7646701128959655,0.7253778383255005,0.03929228159189224,0.7085980617523193,0.7085980617523193,0.0,2.0,2.0
vq,4,2,386,0.7600752212524414,0.7180939617156983,0.041981262612342835,0.7070761800765991,0.7070761800765991,0.0,2.0,2.0
vq,4,2,387,0.756073422908783,0.7176571754455566,0.03841624290943146,0.7133874328613281,0.7133874328613281,0.0,2.0,2.0
vq,4,2,388,0.7544330173492432,0.7149186936378479,0.03951432728171349,0.7156458032608032,0.7156458032608032,0.0,2.0,2.0
vq,4,2,389,0.7427251057624817,0.7035738147735596,0.039151289933919906,0.7168595149993896,0.7168595149993896,0.0,2.0,2.0
vq,4,2,390,0.7504921760559082,0.7160005656242371,0.03449160942435264,0.7183485126495361,0.7183485126495361,0.0,2.0,2.0
vq,4,2,391,0.7433613706588745,0.7061929881095886,0.03716838917136192,0.7189147506713868,0.7189147506713868,0.0,2.0,2.0
vq,4,2,392,0.7614503494262695,0.7197233130455017,0.041727030974626544,0.7098188371658325,0.7098188371658325,0.0,2.0,2.0
vq,4,2,393,0.7550838314056396,0.7089271397590637,0.04615669541358948,0.7093924396514892,0.7093924396514892,0.0,2.0,2.0
vq,4,2,394,0.754445228099823,0.7080075638771057,0.0464376650094986,0.7047859260559082,0.7047859260559082,0.0,2.0,2.0
vq,4,2,395,0.7574909408569336,0.7115593340873718,0.0459316026866436,0.7081919435501098,0.7081919435501098,0.0,2.0,2.0
vq,4,2,396,0.761460866355896,0.7200738125801086,0.04138705058693886,0.711775100517273,0.711775100517273,0.0,2.0,2.0
vq,4,2,397,0.7490103119850159,0.7107707280158997,0.03823959106206894,0.7105649126052856,0.7105649126052856,0.0,2.0,2.0
vq,4,2,398,0.7567950474739075,0.7118862290382385,0.04490882667303085,0.7128890705108643,0.7128890705108643,0.0,2.0,2.0
vq,4,2,399,0.7449908777236939,0.7020719571113586,0.04291891829967499,0.710837819480896,0.710837819480896,0.0,2.0,2.0
vq,4,2,400,0.7538531279563904,0.7110213129997254,0.042831817984580994,0.7105440818786621,0.7105440818786621,0.0,2.0,2.0
vq,4,2,401,0.7660437382698059,0.7241181087493896,0.04192562357187271,0.7110020324707031,0.7110020324707031,0.0,2.0,2.0
vq,4,2,402,0.7549466432571411,0.715938284111023,0.03900835692286492,0.7112630645751953,0.7112630645751953,0.0,2.0,2.0
vq,4,2,403,0.7589161039352417,0.7206925970077515,0.03822351639866829,0.7098943904876709,0.7098943904876709,0.0,2.0,2.0
vq,4,2,404,0.7642925919532776,0.7169458567619323,0.04734673873782158,0.7086364307403564,0.7086364307403564,0.0,2.0,2.0
vq,4,2,405,0.7679497351646424,0.7163377217292786,0.05161200475096703,0.7029235631942748,0.7029235631942748,0.0,2.0,2.0
vq,4,2,406,0.741107929801941,0.7007015996932984,0.04040632101893425,0.699770923614502,0.699770923614502,0.0,2.0,2.0
vq,4,2,407,0.7401424034118652,0.7059378829002381,0.034204522138834,0.7087191631317139,0.7087191631317139,0.0,2.0,2.0
vq,4,2,408,0.7548573796272278,0.7129727338790893,0.04188465463519096,0.7123538923263549,0.7123538923263549,0.0,2.0,2.0
vq,4,2,409,0.749342927646637,0.7041389342308044,0.04520398670434952,0.709557375717163,0.709557375717163,0.0,2.0,2.0
vq,4,2,410,0.7540296142578125,0.7143315940856934,0.039698015147447585,0.7115143888473511,0.7115143888473511,0.0,2.0,2.0
vq,4,2,411,0.7579171065330506,0.7174268660545349,0.040490238034725186,0.7104100463867188,0.7104100463867188,0.0,2.0,2.0
vq,4,2,412,0.744282402420044,0.7028352631568908,0.041447141462564466,0.7106008556365967,0.7106008556365967,0.0,2.0,2.0
vq,4,2,413,0.7520963054656983,0.7145723810195923,0.03752392908930779,0.7056791181564331,0.7056791181564331,0.0,2.0,2.0
vq,4,2,414,0.7492477293014527,0.7071046586990356,0.042143075966835024,0.7127303674697876,0.7127303674697876,0.0,2.0,2.0
vq,4,2,415,0.763761842918396,0.711207752609253,0.052554092800617215,0.7094002094268799,0.7094002094268799,0.0,2.0,2.0
vq,4,2,416,0.7569121188163758,0.7192719725608826,0.03764014939665794,0.7090159599304199,0.7090159599304199,0.0,2.0,2.0
vq,4,2,417,0.7467997522354126,0.7026356625556945,0.04416408216357231,0.7045632675170899,0.7045632675170899,0.0,2.0,2.0
vq,4,2,418,0.7667150976181031,0.714882264995575,0.05183284254074097,0.7016757205963134,0.7016757205963134,0.0,2.0,2.0
vq,4,2,419,0.7487746417045593,0.7089124165534973,0.03986222299933433,0.7056613746643067,0.7056613746643067,0.0,2.0,2.0
vq,4,2,420,0.7380535402297974,0.7012224165916443,0.03683112139701843,0.7075409389495849,0.7075409389495849,0.0,2.0,2.0
vq,4,2,421,0.7537989295959473,0.7107846096992493,0.04301431273818016,0.7010189575195312,0.7010189575195312,0.0,2.0,2.0
vq,4,2,422,0.7548061926841736,0.7090867516517639,0.045719437283277514,0.7005741338729858,0.7005741338729858,0.0,2.0,2.0
vq,4,2,423,0.7470403908729554,0.7063111598968506,0.04072921825051308,0.7089927639007568,0.7089927639007568,0.0,2.0,2.0
vq,4,2,424,0.7561506057739258,0.7190341811180114,0.03711642591357231,0.704798556137085,0.704798556137085,0.0,2.0,2.0
vq,4,2,425,0.7555613340377808,0.715369081401825,0.04019225546121597,0.7037838180541992,0.7037838180541992,0.0,2.0,2.0
vq,4,2,426,0.7404807342529297,0.6980209495544434,0.042459782320261,0.7021419713973999,0.7021419713973999,0.0,2.0,2.0
vq,4,2,427,0.7509665333747864,0.7050412959098816,0.045925231540203094,0.7015662860870361,0.7015662860870361,0.0,2.0,2.0
vq,4,2,428,0.7667900404930115,0.7275065145492554,0.03928352718949318,0.7045737958908082,0.7045737958908082,0.0,2.0,2.0
vq,4,2,429,0.7422415392875671,0.7062060416221618,0.036035504275560376,0.702257022857666,0.702257022857666,0.0,2.0,2.0
vq,4,2,430,0.7626397054672241,0.7087040273666382,0.053935675990581515,0.7048321966171265,0.7048321966171265,0.0,2.0,2.0
vq,4,2,431,0.7523248213768006,0.7076984714508057,0.04462635239362717,0.7087183395385742,0.7087183395385742,0.0,2.0,2.0
vq,4,2,432,0.7519480363845825,0.7119372757911682,0.04001076267957687,0.7065932107925414,0.7065932107925414,0.0,2.0,2.0
vq,4,2,433,0.7483369777679444,0.7050990146636963,0.04323795803189277,0.7016645385742187,0.7016645385742187,0.0,2.0,2.0
vq,4,2,434,0.7544768401145935,0.7045075015068054,0.04996933230161667,0.6962810653686523,0.6962810653686523,0.0,2.0,2.0
vq,4,2,435,0.759306729888916,0.7103407596588135,0.04896597867012024,0.6985310913085937,0.6985310913085937,0.0,2.0,2.0
vq,4,2,436,0.7440690018653869,0.7004333091735839,0.04363568629622459,0.6967314739227295,0.6967314739227295,0.0,2.0,2.0
vq,4,2,437,0.758718493270874,0.7168410137176514,0.041877469903230664,0.7044971799850464,0.7044971799850464,0.0,2.0,2.0
vq,4,2,438,0.7564432423591614,0.7162823244094849,0.040160914808511736,0.7015110517501831,0.7015110517501831,0.0,2.0,2.0
vq,4,2,439,0.7553905223846435,0.7119270990371704,0.04346341859102249,0.7085195371627807,0.7085195371627807,0.0,2.0,2.0
vq,4,2,440,0.7535419579505921,0.7074274872779847,0.04611446647644043,0.7110398372650146,0.7110398372650146,0.0,2.0,2.0
vq,4,2,441,0.7631332857131958,0.7180913311004639,0.045041954791545866,0.7066343952178955,0.7066343952178955,0.0,2.0,2.0
vq,4,2,442,0.7544641304016113,0.709622154045105,0.04484197198152542,0.6977571559906006,0.6977571559906006,0.0,2.0,2.0
vq,4,2,443,0.7600298101425171,0.7142316963195801,0.045798107403516766,0.701964734840393,0.701964734840393,0.0,2.0,2.0
vq,4,2,444,0.7495990938186645,0.700504974937439,0.04909410617947579,0.7013176679611206,0.7013176679611206,0.0,2.0,2.0
vq,4,2,445,0.7592360971450806,0.7153149278640747,0.043921173363924024,0.7042093597412109,0.7042093597412109,0.0,2.0,2.0
vq,4,2,446,0.7422509441375732,0.7051301158905029,0.037120832085609436,0.7108254835128784,0.7108254835128784,0.0,2.0,2.0
vq,4,2,447,0.7464508743286132,0.7027623098373413,0.04368855187892914,0.6977910877227783,0.6977910877227783,0.0,2.0,2.0
vq,4,2,448,0.7614173239707946,0.7170639410018921,0.0443533957362175,0.7018769926071167,0.7018769926071167,0.0,2.0,2.0
vq,4,2,449,0.7442609327316284,0.704604545879364,0.03965638274550438,0.7007215856552124,0.7007215856552124,0.0,2.0,2.0
vq,4,2,450,0.7526049366950989,0.7120008730888366,0.04060406935214996,0.7014492475509644,0.7014492475509644,0.0,2.0,2.0
vq,4,2,451,0.746096648311615,0.7030558417320252,0.04304080875515938,0.6934378620147705,0.6934378620147705,0.0,2.0,2.0
vq,4,2,452,0.7537115145683289,0.7143493322372436,0.039362173330783845,0.7077036407470703,0.7077036407470703,0.0,2.0,2.0
vq,4,2,453,0.7532187463760376,0.7105490056037903,0.042669738459587096,0.7005710140228272,0.7005710140228272,0.0,2.0,2.0
vq,4,2,454,0.7490290608406067,0.7040780161857605,0.04495104600191116,0.7011295873641967,0.7011295873641967,0.0,2.0,2.0
vq,4,2,455,0.7349545413017273,0.6951754939079284,0.03977904555201531,0.7001911365509034,0.7001911365509034,0.0,2.0,2.0
vq,4,2,456,0.7485682935714721,0.7028458934783935,0.045722397780418395,0.6929590566635132,0.6929590566635132,0.0,2.0,2.0
vq,4,2,457,0.7539192620277405,0.7125852591514588,0.04133399692773819,0.6999255477905273,0.6999255477905273,0.0,2.0,2.0
vq,4,2,458,0.7482305061340332,0.695948192024231,0.052282316827774046,0.6920719984054565,0.6920719984054565,0.0,2.0,2.0
vq,4,2,459,0.7621704629898072,0.7145601450920105,0.047610319471359255,0.7159971801757813,0.7159971801757813,0.0,2.0,2.0
vq,4,2,460,0.7470370046615601,0.7097310280799866,0.03730598223805427,0.7052051080703735,0.7052051080703735,0.0,2.0,2.0
vq,4,2,461,0.7439744950294495,0.6984635876655578,0.045510899353027344,0.6988567474365235,0.6988567474365235,0.0,2.0,2.0
vq,4,2,462,0.7569907894134521,0.7104823095321655,0.04650848181247711,0.7075430755615234,0.7075430755615234,0.0,2.0,2.0
vq,4,2,463,0.7576653123855591,0.7129257139205932,0.044739599406719205,0.7087877010345459,0.7087877010345459,0.0,2.0,2.0
vq,4,2,464,0.7602463151931763,0.7241703903198242,0.03607593173980713,0.7051383966445923,0.7051383966445923,0.0,2.0,2.0
vq,4,2,465,0.7556729603767395,0.7131814323425293,0.04249152826070785,0.6943063787460327,0.6943063787460327,0.0,2.0,2.0
vq,4,2,466,0.7419684403419494,0.6968982892036438,0.04507015219330788,0.7001025491714478,0.7001025491714478,0.0,2.0,2.0
vq,4,2,467,0.749972418308258,0.702670265674591,0.047302149468660355,0.7018085790634155,0.7018085790634155,0.0,2.0,2.0
vq,4,2,468,0.7430495697975159,0.6979194216728211,0.04513014603853226,0.7033633924484253,0.7033633924484253,0.0,2.0,2.0
vq,4,2,469,0.7421505218505859,0.7034610906600952,0.03868943561315537,0.7035968063354492,0.7035968063354492,0.0,2.0,2.0
vq,4,2,470,0.7403758546829223,0.7041604955673217,0.03621536633968353,0.704127931022644,0.704127931022644,0.0,2.0,2.0
vq,4,2,471,0.7409799876213073,0.701214929485321,0.03976505299806595,0.7037836893081665,0.7037836893081665,0.0,2.0,2.0
vq,4,2,472,0.7578644861221313,0.7063298156738281,0.05153466865420341,0.7034134851455689,0.7034134851455689,0.0,2.0,2.0
vq,4,2,473,0.7434774600028992,0.6970453555107117,0.04643210413455963,0.7057845327377319,0.7057845327377319,0.0,2.0,2.0
vq,4,2,474,0.7370276782989502,0.6996066110610962,0.03742107298374176,0.6963620136260986,0.6963620136260986,0.0,2.0,2.0
vq,4,2,475,0.7407864595413208,0.7014617538452148,0.03932470778226852,0.6983148498535157,0.6983148498535157,0.0,2.0,2.0
vq,4,2,476,0.7435171263694763,0.6964461713790894,0.04707095528244972,0.6941444480895996,0.6941444480895996,0.0,2.0,2.0
vq,4,2,477,0.7560771548271179,0.7086508328437805,0.04742632133364678,0.6938498001098633,0.6938498001098633,0.0,2.0,2.0
vq,4,2,478,0.7513484127044677,0.7096781314849854,0.041670286503434184,0.6926829179763794,0.6926829179763794,0.0,2.0,2.0
vq,4,2,479,0.7502210544586182,0.7060542368888855,0.04416680967211723,0.6973577066421509,0.6973577066421509,0.0,2.0,2.0
vq,4,2,480,0.7449844473838806,0.6979083568572998,0.047076086980104445,0.6877081321716308,0.6877081321716308,0.0,2.0,2.0
vq,4,2,481,0.7484845892906189,0.7045912675857544,0.043893323904275895,0.7005209920883179,0.7005209920883179,0.0,2.0,2.0
vq,4,2,482,0.7516030616760254,0.7061008781433106,0.045502180415391925,0.6958476406097412,0.6958476406097412,0.0,2.0,2.0
vq,4,2,483,0.7416546117782593,0.7026720281600952,0.03898258626461029,0.7006186218261719,0.7006186218261719,0.0,2.0,2.0
vq,4,2,484,0.7619629819869995,0.725497394657135,0.036465587937831875,0.7062354888916016,0.7062354888916016,0.0,2.0,2.0
vq,4,2,485,0.7494916627883911,0.7072654292106628,0.04222624080181122,0.6928359600067139,0.6928359600067139,0.0,2.0,2.0
vq,4,2,486,0.7506359001159668,0.7085957935333252,0.0420401023209095,0.6903407361984253,0.6903407361984253,0.0,2.0,2.0
vq,4,2,487,0.7568596479415893,0.7091212453842163,0.04773840733766556,0.7031432172775268,0.7031432172775268,0.0,2.0,2.0
vq,4,2,488,0.756571045589447,0.7038299203872681,0.05274112434983253,0.7031660339355469,0.7031660339355469,0.0,2.0,2.0
vq,4,2,489,0.7642050024986267,0.7220732725143433,0.04213172783255577,0.7083734380722045,0.7083734380722045,0.0,2.0,2.0
vq,4,2,490,0.75225265417099,0.7103380032539368,0.04191465322971344,0.7059667236328125,0.7059667236328125,0.0,2.0,2.0
vq,4,2,491,0.7544271236419677,0.7042309478759765,0.05019618101716042,0.698110293006897,0.698110293006897,0.0,2.0,2.0
vq,4,2,492,0.7525582969665527,0.7043209216117859,0.04823737037181854,0.7010719486236572,0.7010719486236572,0.0,2.0,2.0
vq,4,2,493,0.7493400510787964,0.7089862042427063,0.04035385807752609,0.7024399669647217,0.7024399669647217,0.0,2.0,2.0
vq,4,2,494,0.7484186324119568,0.707568468284607,0.04085016603469849,0.6995384956359864,0.6995384956359864,0.0,2.0,2.0
vq,4,2,495,0.7496196664810181,0.7085360682487488,0.04108360422253609,0.6968741613388062,0.6968741613388062,0.0,2.0,2.0
vq,4,2,496,0.7373602972984314,0.6902524164199829,0.04710788442492485,0.6947943389892578,0.6947943389892578,0.0,2.0,2.0
vq,4,2,497,0.7540259039878845,0.7097273524284363,0.04429854742884636,0.6990140340805053,0.6990140340805053,0.0,2.0,2.0
vq,4,2,498,0.7510156533241272,0.7102153350830078,0.040800317031145096,0.7080058174133301,0.7080058174133301,0.0,2.0,2.0
vq,4,2,499,0.7521331788063049,0.7133303659439086,0.03880281095504761,0.7194604940414429,0.7194604940414429,0.0,2.0,2.0
vq,4,2,500,0.7635039915084839,0.7213315496444702,0.042172441101074216,0.7053374223709107,0.7053374223709107,0.0,2.0,2.0
