model,seed,level,epoch,train_total,train_effect,train_vq,eval_total,eval_effect,eval_vq,active_codes,ema_used_codes,step_counter,last_check_step,surprise_streak,distance_mean,distance_p90,distance_p95,distance_max,surprise_support
dynamic,4,1,1,6.082311414082845,6.063241729736328,0.019069736003875733,5.945073312123617,5.945073312123617,0.0,1.0,1.0,10.0,0.0,0.0,,,,,
dynamic,4,1,2,5.891534875233968,5.8623852475484215,0.02914962256948153,5.749205657641093,5.749205657641093,0.0,1.0,1.0,20.0,0.0,0.0,,,,,
dynamic,4,1,3,5.718748086293538,5.667608076731364,0.0511400505900383,5.557329487800598,5.557329487800598,0.0,1.0,1.0,30.0,0.0,0.0,,,,,
dynamic,4,1,4,5.5529966672261555,5.478513196309407,0.07448344051837921,5.371390951474508,5.371390951474508,0.0,1.0,1.0,40.0,0.0,0.0,,,,,
dynamic,4,1,5,5.39316972096761,5.295269292195638,0.09790045976638793,5.192004720369975,5.192004720369975,0.0,1.0,1.0,50.0,0.0,0.0,,,,,
dynamic,4,1,6,5.24240416208903,5.119507668813069,0.1228965147336324,5.021814777056377,5.021814777056377,0.0,1.0,1.0,60.0,0.0,0.0,,,,,
dynamic,4,1,7,5.105846691131592,4.951087086995443,0.15475963771343232,4.857246158917745,4.857246158917745,0.0,1.0,1.0,70.0,0.0,0.0,,,,,
dynamic,4,1,8,4.982121728261312,4.788940436045329,0.19318132479985556,4.694288980166117,4.694288980166117,0.0,1.0,1.0,80.0,0.0,0.0,,,,,
dynamic,4,1,9,4.873150234222412,4.627320391337077,0.24582988580067952,4.537770309448242,4.537770309448242,0.0,1.0,1.0,90.0,0.0,0.0,,,,,
dynamic,4,1,10,4.769283548990885,4.473957618077596,0.29532592932383217,4.389361036618551,4.389361036618551,0.0,1.0,1.0,100.0,0.0,0.0,,,,,
dynamic,4,1,11,4.695492191314697,4.32928607304891,0.36620612025260924,4.25190148194631,4.25190148194631,0.0,1.0,1.0,110.0,0.0,0.0,,,,,
dynamic,4,1,12,4.600911636352539,4.1964233843485514,0.40448822736740114,4.120846085548401,4.120846085548401,0.0,1.0,1.0,120.0,0.0,0.0,,,,,
dynamic,4,1,13,4.453172823588053,4.0688297589619955,0.38434298237164816,3.9963993946711223,3.9963993946711223,0.0,1.0,1.0,130.0,0.0,0.0,,,,,
dynamic,4,1,14,4.28470293045044,3.946691697438558,0.33801120162010195,3.8795911836624146,3.8795911836624146,0.0,1.0,1.0,140.0,0.0,0.0,,,,,
dynamic,4,1,15,4.126305236816406,3.832340056101481,0.29396512190500895,3.7655649455388387,3.7655649455388387,0.0,1.0,1.0,150.0,0.0,0.0,,,,,
dynamic,4,1,16,4.0019735336303714,3.7203421783447266,0.2816313242912292,3.6560128434499104,3.6560128434499104,0.0,1.0,1.0,160.0,0.0,0.0,,,,,
dynamic,4,1,17,3.8904847526550292,3.6125922107696535,0.2778925438721975,3.552764048576355,3.552764048576355,0.0,1.0,1.0,170.0,0.0,0.0,,,,,
dynamic,4,1,18,3.775558010737101,3.511899579366048,0.2636584158738454,3.4545477469762167,3.4545477469762167,0.0,1.0,1.0,180.0,0.0,0.0,,,,,
dynamic,4,1,19,3.635802567799886,3.413854319254557,0.22194825331370036,3.3607832781473794,3.3607832781473794,0.0,1.0,1.0,190.0,0.0,0.0,,,,,
dynamic,4,1,20,3.5086374219258625,3.321850366592407,0.18678703427314758,3.2698568296432495,3.2698568296432495,0.0,1.0,1.0,200.0,0.0,0.0,,,,,
dynamic,4,1,21,3.399376351038615,3.233443485895793,0.16593282103538512,3.1835220670700073,3.1835220670700073,0.0,1.0,1.0,210.0,201.0,1.0,1.612699031829834,4.211298942565918,8.19740104675293,26.751323699951172,73.0
dynamic,4,1,22,3.299024461110433,3.1490281518300374,0.14999630550543466,3.1017455530166624,3.1017455530166624,0.0,1.0,1.0,220.0,201.0,1.0,1.612699031829834,4.211298942565918,8.19740104675293,26.751323699951172,73.0
dynamic,4,1,23,3.2243884150187174,3.0693494097391762,0.15503897746404013,3.0234905354181927,3.0234905354181927,0.0,1.0,1.0,230.0,201.0,1.0,1.612699031829834,4.211298942565918,8.19740104675293,26.751323699951172,73.0
dynamic,4,1,24,3.1627785364786782,2.99224835395813,0.17053018351395924,2.9496060387293497,2.9496060387293497,0.0,1.0,1.0,240.0,201.0,1.0,1.612699031829834,4.211298942565918,8.19740104675293,26.751323699951172,73.0
dynamic,4,1,25,3.0785833549499513,2.9186072222391766,0.1599761704603831,2.8780875047047934,2.8780875047047934,0.0,1.0,1.0,250.0,201.0,1.0,1.612699031829834,4.211298942565918,8.19740104675293,26.751323699951172,73.0
dynamic,4,1,26,3.001379197438558,2.8494811789194743,0.1518980497121811,2.8087958510716757,2.8087958510716757,0.0,1.0,1.0,260.0,201.0,1.0,1.612699031829834,4.211298942565918,8.19740104675293,26.751323699951172,73.0
dynamic,4,1,27,2.9333058071136473,2.782752809524536,0.15055300176143646,2.7467929045359294,2.7467929045359294,0.0,1.0,1.0,270.0,201.0,1.0,1.612699031829834,4.211298942565918,8.19740104675293,26.751323699951172,73.0
dynamic,4,1,28,2.8283921909332275,2.722755448023478,0.1056367114186287,2.69029677549998,2.69029677549998,0.0,1.0,1.0,280.0,201.0,1.0,1.612699031829834,4.211298942565918,8.19740104675293,26.751323699951172,73.0
dynamic,4,1,29,2.7277102120717367,2.666035213470459,0.06167500168085098,2.633902333577474,2.633902333577474,0.0,1.0,1.0,290.0,201.0,1.0,1.612699031829834,4.211298942565918,8.19740104675293,26.751323699951172,73.0
dynamic,4,1,30,2.6508298937479653,2.6115980911254884,0.0392317733168602,2.579746600786845,2.579746600786845,0.0,1.0,1.0,300.0,201.0,1.0,1.612699031829834,4.211298942565918,8.19740104675293,26.751323699951172,73.0
dynamic,4,1,31,2.5893734232584635,2.559307483037313,0.03006590669353803,2.5290493043263753,2.5290493043263753,0.0,1.0,1.0,310.0,301.0,0.0,0.24487987160682678,0.6317094564437866,0.8249010443687439,1.892265796661377,8.0
dynamic,4,1,32,2.5378017711639402,2.5096327368418376,0.028169009213646252,2.4820313294728598,2.4820313294728598,0.0,1.0,1.0,320.0,301.0,0.0,0.24487987160682678,0.6317094564437866,0.8249010443687439,1.892265796661377,8.0
dynamic,4,1,33,2.4994473107655844,2.4627317237854003,0.036715599397818245,2.4367559719085694,2.4367559719085694,0.0,1.0,1.0,330.0,301.0,0.0,0.24487987160682678,0.6317094564437866,0.8249010443687439,1.892265796661377,8.0
dynamic,4,1,34,2.4607804012298584,2.418184677759806,0.04259571055571238,2.3930835978190106,2.3930835978190106,0.0,1.0,1.0,340.0,301.0,0.0,0.24487987160682678,0.6317094564437866,0.8249010443687439,1.892265796661377,8.0
dynamic,4,1,35,2.418394241333008,2.375908981959025,0.042485227634509404,2.351754643122355,2.351754643122355,0.0,1.0,1.0,350.0,301.0,0.0,0.24487987160682678,0.6317094564437866,0.8249010443687439,1.892265796661377,8.0
dynamic,4,1,36,2.376346470514933,2.3354030990600587,0.040943364004294075,2.3129668935139973,2.3129668935139973,0.0,1.0,1.0,360.0,301.0,0.0,0.24487987160682678,0.6317094564437866,0.8249010443687439,1.892265796661377,8.0
dynamic,4,1,37,2.340860185623169,2.297309176127116,0.04355106045802434,2.2762660598754882,2.2762660598754882,0.0,1.0,1.0,370.0,301.0,0.0,0.24487987160682678,0.6317094564437866,0.8249010443687439,1.892265796661377,8.0
dynamic,4,1,38,2.306572291056315,2.2609599113464354,0.04561235884825388,2.241248566309611,2.241248566309611,0.0,1.0,1.0,380.0,301.0,0.0,0.24487987160682678,0.6317094564437866,0.8249010443687439,1.892265796661377,8.0
dynamic,4,1,39,2.274972190856934,2.226700013478597,0.04827218736211459,2.2074330107371014,2.2074330107371014,0.0,1.0,1.0,390.0,301.0,0.0,0.24487987160682678,0.6317094564437866,0.8249010443687439,1.892265796661377,8.0
dynamic,4,1,40,2.245083983739217,2.1934524250030516,0.05163155893484751,2.1759555021921795,2.1759555021921795,0.0,1.0,1.0,400.0,301.0,0.0,0.24487987160682678,0.6317094564437866,0.8249010443687439,1.892265796661377,8.0
dynamic,4,1,41,2.220065304438273,2.163433396021525,0.05663192436099052,2.145215794245402,2.145215794245402,0.0,1.0,1.0,410.0,401.0,1.0,0.4109664857387543,0.8972048759460449,1.8676493167877197,3.275376796722412,21.0
dynamic,4,1,42,2.19681440671285,2.1331358019510906,0.06367859164873758,2.117345682779948,2.117345682779948,0.0,1.0,1.0,420.0,401.0,1.0,0.4109664857387543,0.8972048759460449,1.8676493167877197,3.275376796722412,21.0
dynamic,4,1,43,2.1759979661305744,2.106084108352661,0.06991386264562607,2.0910349909464516,2.0910349909464516,0.0,1.0,1.0,430.0,401.0,1.0,0.4109664857387543,0.8972048759460449,1.8676493167877197,3.275376796722412,21.0
dynamic,4,1,44,2.146821902592977,2.0808281914393105,0.06599368497729302,2.0667829100290933,2.0667829100290933,0.0,1.0,1.0,440.0,401.0,1.0,0.4109664857387543,0.8972048759460449,1.8676493167877197,3.275376796722412,21.0
dynamic,4,1,45,2.116382048924764,2.0569173113505044,0.05946475148200989,2.043612559636434,2.043612559636434,0.0,1.0,1.0,450.0,401.0,1.0,0.4109664857387543,0.8972048759460449,1.8676493167877197,3.275376796722412,21.0
dynamic,4,1,46,2.0905822563171386,2.0346521663665773,0.05593009397387504,2.021611388524373,2.021611388524373,0.0,1.0,1.0,460.0,401.0,1.0,0.4109664857387543,0.8972048759460449,1.8676493167877197,3.275376796722412,21.0
dynamic,4,1,47,2.0679413239161173,2.0127796363830566,0.05516169100999832,2.0005011463165285,2.0005011463165285,0.0,1.0,1.0,470.0,401.0,1.0,0.4109664857387543,0.8972048759460449,1.8676493167877197,3.275376796722412,21.0
dynamic,4,1,48,2.052425076166789,1.992312110265096,0.06011299560467402,1.9807966613769532,1.9807966613769532,0.0,1.0,1.0,480.0,401.0,1.0,0.4109664857387543,0.8972048759460449,1.8676493167877197,3.275376796722412,21.0
dynamic,4,1,49,2.0367381127675372,1.972794713973999,0.06394341349601745,1.9626105976104737,1.9626105976104737,0.0,1.0,1.0,490.0,401.0,1.0,0.4109664857387543,0.8972048759460449,1.8676493167877197,3.275376796722412,21.0
dynamic,4,1,50,2.023000535964966,1.9550896755854288,0.06791085054477056,1.9453154722849528,1.9453154722849528,0.0,1.0,1.0,500.0,401.0,1.0,0.4109664857387543,0.8972048759460449,1.8676493167877197,3.275376796722412,21.0
dynamic,4,1,51,1.7558450158437093,1.7249888642628988,0.030856138020753862,1.7210220289230347,1.7210220289230347,0.0,2.0,2.0,510.0,501.0,0.0,0.49131280183792114,1.1628667116165161,1.9284448623657227,5.883486270904541,31.0
dynamic,4,1,52,1.710453060468038,1.6836837275822958,0.02676932215690613,1.717950914700826,1.717950914700826,0.0,2.0,2.0,520.0,501.0,0.0,0.49131280183792114,1.1628667116165161,1.9284448623657227,5.883486270904541,31.0
dynamic,4,1,53,1.6777099577585857,1.653219362894694,0.024490590021014214,1.6456131347020466,1.6456131347020466,0.0,2.0,2.0,530.0,501.0,0.0,0.49131280183792114,1.1628667116165161,1.9284448623657227,5.883486270904541,31.0
dynamic,4,1,54,1.6355849583943685,1.6109229675928751,0.024661977092425028,1.6006014410654703,1.6006014410654703,0.0,2.0,2.0,540.0,501.0,0.0,0.49131280183792114,1.1628667116165161,1.9284448623657227,5.883486270904541,31.0
dynamic,4,1,55,1.6201359144846599,1.593186599413554,0.02694933404525121,1.545141059557597,1.545141059557597,0.0,2.0,2.0,550.0,501.0,0.0,0.49131280183792114,1.1628667116165161,1.9284448623657227,5.883486270904541,31.0
dynamic,4,1,56,1.5743562571207683,1.5444356203079224,0.029920625016093255,1.4936391814549763,1.4936391814549763,0.0,2.0,2.0,560.0,501.0,0.0,0.49131280183792114,1.1628667116165161,1.9284448623657227,5.883486270904541,31.0
dynamic,4,1,57,1.5349082072575888,1.5020612573623657,0.03284695287545522,1.4670051002502442,1.4670051002502442,0.0,2.0,2.0,570.0,501.0,0.0,0.49131280183792114,1.1628667116165161,1.9284448623657227,5.883486270904541,31.0
dynamic,4,1,58,1.5102163950602214,1.478006869951884,0.032209519495566684,1.42946342309316,1.42946342309316,0.0,2.0,2.0,580.0,501.0,0.0,0.49131280183792114,1.1628667116165161,1.9284448623657227,5.883486270904541,31.0
dynamic,4,1,59,1.472342356046041,1.4379754877090454,0.0343668798605601,1.381885658899943,1.381885658899943,0.0,2.0,2.0,590.0,501.0,0.0,0.49131280183792114,1.1628667116165161,1.9284448623657227,5.883486270904541,31.0
dynamic,4,1,60,1.4336601416269938,1.3966521247227988,0.037008003890514375,1.3607219870885212,1.3607219870885212,0.0,2.0,2.0,600.0,501.0,0.0,0.49131280183792114,1.1628667116165161,1.9284448623657227,5.883486270904541,31.0
dynamic,4,1,61,1.3680480559666952,1.3393596378962198,0.028688413128256797,1.3310651032129923,1.3310651032129923,0.0,2.0,2.0,610.0,601.0,0.0,0.2835046947002411,0.6627802848815918,0.9155178070068359,2.9407260417938232,10.0
dynamic,4,1,62,1.3327930386861164,1.311012363433838,0.021780677661299704,1.3026252857844034,1.3026252857844034,0.0,2.0,2.0,620.0,601.0,0.0,0.2835046947002411,0.6627802848815918,0.9155178070068359,2.9407260417938232,10.0
dynamic,4,1,63,1.3042082977294922,1.2845068915685018,0.01970139756798744,1.279298399289449,1.279298399289449,0.0,2.0,2.0,630.0,601.0,0.0,0.2835046947002411,0.6627802848815918,0.9155178070068359,2.9407260417938232,10.0
dynamic,4,1,64,1.2896412261327108,1.2708239285151164,0.018817295990884303,1.25756871064504,1.25756871064504,0.0,2.0,2.0,640.0,601.0,0.0,0.2835046947002411,0.6627802848815918,0.9155178070068359,2.9407260417938232,10.0
dynamic,4,1,65,1.2776293245951336,1.2578681182861329,0.01976121763388316,1.2142122809092204,1.2142122809092204,0.0,2.0,2.0,650.0,601.0,0.0,0.2835046947002411,0.6627802848815918,0.9155178070068359,2.9407260417938232,10.0
dynamic,4,1,66,1.238893411954244,1.2134295415878296,0.02546387498577436,1.2292664082845053,1.2292664082845053,0.0,2.0,2.0,660.0,601.0,0.0,0.2835046947002411,0.6627802848815918,0.9155178070068359,2.9407260417938232,10.0
dynamic,4,1,67,1.2380874474843344,1.1994218587875367,0.03866560995578766,1.1583350308736164,1.1583350308736164,0.0,2.0,2.0,670.0,601.0,0.0,0.2835046947002411,0.6627802848815918,0.9155178070068359,2.9407260417938232,10.0
dynamic,4,1,68,1.2036535612742105,1.1652136103312174,0.03843994657198588,1.1378812472025552,1.1378812472025552,0.0,2.0,2.0,680.0,601.0,0.0,0.2835046947002411,0.6627802848815918,0.9155178070068359,2.9407260417938232,10.0
dynamic,4,1,69,1.167975573539734,1.1412048053741455,0.02677074193954468,1.1196476443608603,1.1196476443608603,0.0,2.0,2.0,690.0,601.0,0.0,0.2835046947002411,0.6627802848815918,0.9155178070068359,2.9407260417938232,10.0
dynamic,4,1,70,1.136960711479187,1.1117867136001587,0.025174003665645917,1.0939417854944864,1.0939417854944864,0.0,2.0,2.0,700.0,601.0,0.0,0.2835046947002411,0.6627802848815918,0.9155178070068359,2.9407260417938232,10.0
dynamic,4,1,71,1.1316891956329345,1.1042650286356608,0.02742415020863215,1.0741902335484823,1.0741902335484823,0.0,2.0,2.0,710.0,701.0,0.0,0.21139582991600037,0.5841243267059326,0.7711961269378662,1.9845523834228516,6.0
dynamic,4,1,72,1.102132339477539,1.0743036603927612,0.027828668976823488,1.0553988361358642,1.0553988361358642,0.0,2.0,2.0,720.0,701.0,0.0,0.21139582991600037,0.5841243267059326,0.7711961269378662,1.9845523834228516,6.0
dynamic,4,1,73,1.1093029117584228,1.0786019388834636,0.030700964977343877,1.036427009900411,1.036427009900411,0.0,2.0,2.0,730.0,701.0,0.0,0.21139582991600037,0.5841243267059326,0.7711961269378662,1.9845523834228516,6.0
dynamic,4,1,74,1.0621591663360597,1.0298029549916585,0.03235621355473995,1.0191938908894858,1.0191938908894858,0.0,2.0,2.0,740.0,701.0,0.0,0.21139582991600037,0.5841243267059326,0.7711961269378662,1.9845523834228516,6.0
dynamic,4,1,75,1.040248528321584,1.0123596501350403,0.027888860553503036,1.003594302336375,1.003594302336375,0.0,2.0,2.0,750.0,701.0,0.0,0.21139582991600037,0.5841243267059326,0.7711961269378662,1.9845523834228516,6.0
dynamic,4,1,76,1.0248536729812623,1.0034020614624024,0.02145162085692088,0.9940048885345459,0.9940048885345459,0.0,2.0,2.0,760.0,701.0,0.0,0.21139582991600037,0.5841243267059326,0.7711961269378662,1.9845523834228516,6.0
dynamic,4,1,77,1.0098234907786052,0.9895359786351522,0.020287521506349247,0.9758130105336508,0.9758130105336508,0.0,2.0,2.0,770.0,701.0,0.0,0.21139582991600037,0.5841243267059326,0.7711961269378662,1.9845523834228516,6.0
dynamic,4,1,78,0.9974881998697916,0.9761730798085531,0.021315119316180547,0.9629888876279196,0.9629888876279196,0.0,2.0,2.0,780.0,701.0,0.0,0.21139582991600037,0.5841243267059326,0.7711961269378662,1.9845523834228516,6.0
dynamic,4,1,79,0.997608257929484,0.9757252526283264,0.021883002767960232,0.9509004402160645,0.9509004402160645,0.0,2.0,2.0,790.0,701.0,0.0,0.21139582991600037,0.5841243267059326,0.7711961269378662,1.9845523834228516,6.0
dynamic,4,1,80,0.9695175782839457,0.9460978031158447,0.023419785102208455,0.9393880573908487,0.9393880573908487,0.0,2.0,2.0,800.0,701.0,0.0,0.21139582991600037,0.5841243267059326,0.7711961269378662,1.9845523834228516,6.0
dynamic,4,1,81,0.9774905220667521,0.9531598424911499,0.024330683996280033,0.9282636721928914,0.9282636721928914,0.0,2.0,2.0,810.0,801.0,0.0,0.1975180208683014,0.4820086359977722,0.6974439024925232,1.5061817169189453,3.0
dynamic,4,1,82,0.9546410306294759,0.9295357577006023,0.025105286439259848,0.9176563819249471,0.9176563819249471,0.0,2.0,2.0,820.0,801.0,0.0,0.1975180208683014,0.4820086359977722,0.6974439024925232,1.5061817169189453,3.0
dynamic,4,1,83,0.9715684167544048,0.9451388478279114,0.026429571037491162,0.9075141326586406,0.9075141326586406,0.0,2.0,2.0,830.0,801.0,0.0,0.1975180208683014,0.4820086359977722,0.6974439024925232,1.5061817169189453,3.0
dynamic,4,1,84,0.9347517029444377,0.9090556542078654,0.02569604312380155,0.898051942984263,0.898051942984263,0.0,2.0,2.0,840.0,801.0,0.0,0.1975180208683014,0.4820086359977722,0.6974439024925232,1.5061817169189453,3.0
dynamic,4,1,85,0.9256655248006185,0.9002584060033162,0.02540711283683777,0.8889595317840576,0.8889595317840576,0.0,2.0,2.0,850.0,801.0,0.0,0.1975180208683014,0.4820086359977722,0.6974439024925232,1.5061817169189453,3.0
dynamic,4,1,86,0.9164674949645996,0.891709852218628,0.024757646943132084,0.8800580128033956,0.8800580128033956,0.0,2.0,2.0,860.0,801.0,0.0,0.1975180208683014,0.4820086359977722,0.6974439024925232,1.5061817169189453,3.0
dynamic,4,1,87,0.9191639717419943,0.8944543242454529,0.024709640642007192,0.871870395342509,0.871870395342509,0.0,2.0,2.0,870.0,801.0,0.0,0.1975180208683014,0.4820086359977722,0.6974439024925232,1.5061817169189453,3.0
dynamic,4,1,88,0.8989095640182495,0.8746754789352417,0.024234083741903306,0.864103000164032,0.864103000164032,0.0,2.0,2.0,880.0,801.0,0.0,0.1975180208683014,0.4820086359977722,0.6974439024925232,1.5061817169189453,3.0
dynamic,4,1,89,0.8985759441057841,0.8739018551508586,0.024674088011185327,0.8565602016448974,0.8565602016448974,0.0,2.0,2.0,890.0,801.0,0.0,0.1975180208683014,0.4820086359977722,0.6974439024925232,1.5061817169189453,3.0
dynamic,4,1,90,0.8853093083699545,0.8602245330810547,0.02508477382361889,0.8494889823595683,0.8494889823595683,0.0,2.0,2.0,900.0,801.0,0.0,0.1975180208683014,0.4820086359977722,0.6974439024925232,1.5061817169189453,3.0
dynamic,4,1,91,0.8731437428792318,0.8464956704775493,0.026648064504067103,0.842540307044983,0.842540307044983,0.0,2.0,2.0,910.0,901.0,0.0,0.19478613138198853,0.48259615898132324,0.6675349473953247,2.0900979042053223,4.0
dynamic,4,1,92,0.8656140700976054,0.8393717042605082,0.026242368866999943,0.8359816352526347,0.8359816352526347,0.0,2.0,2.0,920.0,901.0,0.0,0.19478613138198853,0.48259615898132324,0.6675349473953247,2.0900979042053223,4.0
dynamic,4,1,93,0.8746502153078715,0.8477355853716533,0.026914619902769724,0.8298680567741394,0.8298680567741394,0.0,2.0,2.0,930.0,901.0,0.0,0.19478613138198853,0.48259615898132324,0.6675349473953247,2.0900979042053223,4.0
dynamic,4,1,94,0.8907128302256266,0.8618031191825867,0.028909722889463106,0.8238543279965719,0.8238543279965719,0.0,2.0,2.0,940.0,901.0,0.0,0.19478613138198853,0.48259615898132324,0.6675349473953247,2.0900979042053223,4.0
dynamic,4,1,95,0.8555977590878805,0.8274076453844706,0.02819011072317759,0.8180904817581177,0.8180904817581177,0.0,2.0,2.0,950.0,901.0,0.0,0.19478613138198853,0.48259615898132324,0.6675349473953247,2.0900979042053223,4.0
dynamic,4,1,96,0.8505229862531026,0.8231986769040426,0.0273243028173844,0.8125677450497946,0.8125677450497946,0.0,2.0,2.0,960.0,901.0,0.0,0.19478613138198853,0.48259615898132324,0.6675349473953247,2.0900979042053223,4.0
dynamic,4,1,97,0.8373784740765889,0.8101890865961711,0.02718938909471035,0.8071950952212016,0.8071950952212016,0.0,2.0,2.0,970.0,901.0,0.0,0.19478613138198853,0.48259615898132324,0.6675349473953247,2.0900979042053223,4.0
dynamic,4,1,98,0.839236987431844,0.81174995581309,0.027487025782465934,0.8022815799713134,0.8022815799713134,0.0,2.0,2.0,980.0,901.0,0.0,0.19478613138198853,0.48259615898132324,0.6675349473953247,2.0900979042053223,4.0
dynamic,4,1,99,0.83674942334493,0.8103502329190572,0.026399185582995414,0.7978138041496277,0.7978138041496277,0.0,2.0,2.0,990.0,901.0,0.0,0.19478613138198853,0.48259615898132324,0.6675349473953247,2.0900979042053223,4.0
dynamic,4,1,100,0.8313944824536641,0.8032070954640707,0.0281873819231987,0.7934977090358735,0.7934977090358735,0.0,2.0,2.0,1000.0,901.0,0.0,0.19478613138198853,0.48259615898132324,0.6675349473953247,2.0900979042053223,4.0
dynamic,4,1,101,0.8664944966634115,0.8360272574424744,0.030467239717642466,0.7893694849809011,0.7893694849809011,0.0,2.0,2.0,1010.0,1001.0,0.0,0.23050054907798767,0.5407810211181641,0.7842403650283813,1.8832178115844727,6.0
dynamic,4,1,102,0.8361472209294637,0.8049936310450236,0.031153600960969925,0.7852929282188416,0.7852929282188416,0.0,2.0,2.0,1020.0,1001.0,0.0,0.23050054907798767,0.5407810211181641,0.7842403650283813,1.8832178115844727,6.0
dynamic,4,1,103,0.8151390488942464,0.7834132385253906,0.03172580669323603,0.7811088403065999,0.7811088403065999,0.0,2.0,2.0,1030.0,1001.0,0.0,0.23050054907798767,0.5407810211181641,0.7842403650283813,1.8832178115844727,6.0
dynamic,4,1,104,0.8166548911730448,0.787577170530955,0.02907772143681844,0.7771113069852194,0.7771113069852194,0.0,2.0,2.0,1040.0,1001.0,0.0,0.23050054907798767,0.5407810211181641,0.7842403650283813,1.8832178115844727,6.0
dynamic,4,1,105,0.8032564465204874,0.7756517712275187,0.02760467569033305,0.7734018139044444,0.7734018139044444,0.0,2.0,2.0,1050.0,1001.0,0.0,0.23050054907798767,0.5407810211181641,0.7842403650283813,1.8832178115844727,6.0
dynamic,4,1,106,0.8001372265815735,0.7718502314885457,0.028286987965305647,0.769816134373347,0.769816134373347,0.0,2.0,2.0,1060.0,1001.0,0.0,0.23050054907798767,0.5407810211181641,0.7842403650283813,1.8832178115844727,6.0
dynamic,4,1,107,0.7961473139127095,0.7685289899508159,0.027618319590886432,0.7666439958413442,0.7666439958413442,0.0,2.0,2.0,1070.0,1001.0,0.0,0.23050054907798767,0.5407810211181641,0.7842403650283813,1.8832178115844727,6.0
dynamic,4,1,108,0.7997915307680766,0.772348473072052,0.027443054566780724,0.7634945484002431,0.7634945484002431,0.0,2.0,2.0,1080.0,1001.0,0.0,0.23050054907798767,0.5407810211181641,0.7842403650283813,1.8832178115844727,6.0
dynamic,4,1,109,0.7884493509928385,0.762290494441986,0.02615886114537716,0.7606914122899373,0.7606914122899373,0.0,2.0,2.0,1090.0,1001.0,0.0,0.23050054907798767,0.5407810211181641,0.7842403650283813,1.8832178115844727,6.0
dynamic,4,1,110,0.7945249923070272,0.7675402800242106,0.026984703838825227,0.7581553713480631,0.7581553713480631,0.0,2.0,2.0,1100.0,1001.0,0.0,0.23050054907798767,0.5407810211181641,0.7842403650283813,1.8832178115844727,6.0
dynamic,4,1,111,0.7935754831631978,0.7647163383165996,0.028859148571888607,0.7554487125078837,0.7554487125078837,0.0,2.0,2.0,1110.0,1101.0,0.0,0.2393210530281067,0.6101474761962891,0.8011566400527954,1.5716185569763184,6.0
dynamic,4,1,112,0.8032974243164063,0.7713786586125692,0.03191876952846845,0.7527320019404093,0.7527320019404093,0.0,2.0,2.0,1120.0,1101.0,0.0,0.2393210530281067,0.6101474761962891,0.8011566400527954,1.5716185569763184,6.0
dynamic,4,1,113,0.8299836707115174,0.798266384601593,0.03171728178858757,0.7505504477024079,0.7505504477024079,0.0,2.0,2.0,1130.0,1101.0,0.0,0.2393210530281067,0.6101474761962891,0.8011566400527954,1.5716185569763184,6.0
dynamic,4,1,114,0.7870099202791849,0.7567672197024028,0.03024270517130693,0.7483189467589061,0.7483189467589061,0.0,2.0,2.0,1140.0,1101.0,0.0,0.2393210530281067,0.6101474761962891,0.8011566400527954,1.5716185569763184,6.0
dynamic,4,1,115,0.8079311498006185,0.778267216682434,0.02966393028696378,0.7460403128465016,0.7460403128465016,0.0,2.0,2.0,1150.0,1101.0,0.0,0.2393210530281067,0.6101474761962891,0.8011566400527954,1.5716185569763184,6.0
dynamic,4,1,116,0.7806211543083191,0.7523364480336507,0.028284703095753986,0.7439529601732889,0.7439529601732889,0.0,2.0,2.0,1160.0,1101.0,0.0,0.2393210530281067,0.6101474761962891,0.8011566400527954,1.5716185569763184,6.0
dynamic,4,1,117,0.7723944775263468,0.7431338477134705,0.029260630210240682,0.742036196788152,0.742036196788152,0.0,2.0,2.0,1170.0,1101.0,0.0,0.2393210530281067,0.6101474761962891,0.8011566400527954,1.5716185569763184,6.0
dynamic,4,1,118,0.7712668657302857,0.7412222186724345,0.030044651478528975,0.7400408546129863,0.7400408546129863,0.0,2.0,2.0,1180.0,1101.0,0.0,0.2393210530281067,0.6101474761962891,0.8011566400527954,1.5716185569763184,6.0
dynamic,4,1,119,0.7948589817682902,0.7629694962501525,0.03188947508732478,0.7379634352525075,0.7379634352525075,0.0,2.0,2.0,1190.0,1101.0,0.0,0.2393210530281067,0.6101474761962891,0.8011566400527954,1.5716185569763184,6.0
dynamic,4,1,120,0.7876609937349955,0.7520407287279764,0.035620273798704145,0.7359805031617482,0.7359805031617482,0.0,2.0,2.0,1200.0,1101.0,0.0,0.2393210530281067,0.6101474761962891,0.8011566400527954,1.5716185569763184,6.0
dynamic,4,1,121,0.7793233021100362,0.7424767756462097,0.036846533318360644,0.7342941208680471,0.7342941208680471,0.0,2.0,2.0,1210.0,1201.0,0.0,0.3065034747123718,0.7166454792022705,0.8985277414321899,2.0580148696899414,10.0
dynamic,4,1,122,0.7685029681523641,0.7337437701225281,0.03475919822851817,0.732590738137563,0.732590738137563,0.0,2.0,2.0,1220.0,1201.0,0.0,0.3065034747123718,0.7166454792022705,0.8985277414321899,2.0580148696899414,10.0
dynamic,4,1,123,0.7962189737955729,0.7623129049936931,0.03390606939792633,0.7307557626565298,0.7307557626565298,0.0,2.0,2.0,1230.0,1201.0,0.0,0.3065034747123718,0.7166454792022705,0.8985277414321899,2.0580148696899414,10.0
dynamic,4,1,124,0.7705298320452372,0.7381976803143819,0.032332142690817516,0.7291536490122478,0.7291536490122478,0.0,2.0,2.0,1240.0,1201.0,0.0,0.3065034747123718,0.7166454792022705,0.8985277414321899,2.0580148696899414,10.0
dynamic,4,1,125,0.7681375702222188,0.736679462591807,0.03145810440182686,0.7279127661387126,0.7279127661387126,0.0,2.0,2.0,1250.0,1201.0,0.0,0.3065034747123718,0.7166454792022705,0.8985277414321899,2.0580148696899414,10.0
dynamic,4,1,126,0.7593373680114746,0.7273634545008342,0.031973915348450344,0.7264387714862823,0.7264387714862823,0.0,2.0,2.0,1260.0,1201.0,0.0,0.3065034747123718,0.7166454792022705,0.8985277414321899,2.0580148696899414,10.0
dynamic,4,1,127,0.7591793608665466,0.7256437810262044,0.03353558540344238,0.7247801148891448,0.7247801148891448,0.0,2.0,2.0,1270.0,1201.0,0.0,0.3065034747123718,0.7166454792022705,0.8985277414321899,2.0580148696899414,10.0
dynamic,4,1,128,0.760099036693573,0.7241728274027507,0.03592620074748993,0.7233200230201086,0.7233200230201086,0.0,2.0,2.0,1280.0,1201.0,0.0,0.3065034747123718,0.7166454792022705,0.8985277414321899,2.0580148696899414,10.0
dynamic,4,1,129,0.7588231285413106,0.7225086688995361,0.03631446187694867,0.722003756960233,0.722003756960233,0.0,2.0,2.0,1290.0,1201.0,0.0,0.3065034747123718,0.7166454792022705,0.8985277414321899,2.0580148696899414,10.0
dynamic,4,1,130,0.7717496474583944,0.7370290350914002,0.034720595677693686,0.7206580239534378,0.7206580239534378,0.0,2.0,2.0,1300.0,1201.0,0.0,0.3065034747123718,0.7166454792022705,0.8985277414321899,2.0580148696899414,10.0
dynamic,4,1,131,0.7531118035316468,0.7201722900072733,0.032939513474702836,0.71940529803435,0.71940529803435,0.0,2.0,2.0,1310.0,1301.0,0.0,0.26509174704551697,0.7242732048034668,0.9570270776748657,1.9146556854248047,11.0
dynamic,4,1,132,0.7609618949890137,0.7265160489082336,0.03444584727287293,0.7182542385657629,0.7182542385657629,0.0,2.0,2.0,1320.0,1301.0,0.0,0.26509174704551697,0.7242732048034668,0.9570270776748657,1.9146556854248047,11.0
dynamic,4,1,133,0.7602990714708964,0.726174951394399,0.034124117145935697,0.7172713216145833,0.7172713216145833,0.0,2.0,2.0,1330.0,1301.0,0.0,0.26509174704551697,0.7242732048034668,0.9570270776748657,1.9146556854248047,11.0
dynamic,4,1,134,0.7515258820851644,0.7168125732739766,0.03471330190698306,0.716048721075058,0.716048721075058,0.0,2.0,2.0,1340.0,1301.0,0.0,0.26509174704551697,0.7242732048034668,0.9570270776748657,1.9146556854248047,11.0
dynamic,4,1,135,0.753245431582133,0.7156961297988892,0.03754929423332214,0.714974192182223,0.714974192182223,0.0,2.0,2.0,1350.0,1301.0,0.0,0.26509174704551697,0.7242732048034668,0.9570270776748657,1.9146556854248047,11.0
dynamic,4,1,136,0.7510654497146606,0.7145901346206665,0.03647531598806381,0.7140733502308527,0.7140733502308527,0.0,2.0,2.0,1360.0,1301.0,0.0,0.26509174704551697,0.7242732048034668,0.9570270776748657,1.9146556854248047,11.0
dynamic,4,1,137,0.7565493218104045,0.7216942270596822,0.03485509457687537,0.7130785497029622,0.7130785497029622,0.0,2.0,2.0,1370.0,1301.0,0.0,0.26509174704551697,0.7242732048034668,0.9570270776748657,1.9146556854248047,11.0
dynamic,4,1,138,0.7574291221300761,0.7208752377827963,0.03655388514200846,0.7120710059007009,0.7120710059007009,0.0,2.0,2.0,1380.0,1301.0,0.0,0.26509174704551697,0.7242732048034668,0.9570270776748657,1.9146556854248047,11.0
dynamic,4,1,139,0.7568658415476481,0.7201195359230042,0.036746301303307215,0.7112165766954422,0.7112165766954422,0.0,2.0,2.0,1390.0,1301.0,0.0,0.26509174704551697,0.7242732048034668,0.9570270776748657,1.9146556854248047,11.0
dynamic,4,1,140,0.7517217953999837,0.7131505513191223,0.03857123812039693,0.71044892847538,0.71044892847538,0.0,2.0,2.0,1400.0,1301.0,0.0,0.26509174704551697,0.7242732048034668,0.9570270776748657,1.9146556854248047,11.0
dynamic,4,1,141,0.7658145372072855,0.7275171176592509,0.038297411253054935,0.7095188397169113,0.7095188397169113,0.0,2.0,2.0,1410.0,1401.0,0.0,0.29378876090049744,0.7069952487945557,0.9554882645606995,1.7906103134155273,11.0
dynamic,4,1,142,0.7642560180028279,0.7250610168774922,0.03919500174621741,0.7086556077003479,0.7086556077003479,0.0,2.0,2.0,1420.0,1401.0,0.0,0.29378876090049744,0.7069952487945557,0.9554882645606995,1.7906103134155273,11.0
dynamic,4,1,143,0.7562376308441162,0.7168349424997965,0.03940269281466802,0.707930787007014,0.707930787007014,0.0,2.0,2.0,1430.0,1401.0,0.0,0.29378876090049744,0.7069952487945557,0.9554882645606995,1.7906103134155273,11.0
dynamic,4,1,144,0.7466483108202616,0.7076595171292623,0.03898880104223887,0.7071978197495142,0.7071978197495142,0.0,2.0,2.0,1440.0,1401.0,0.0,0.29378876090049744,0.7069952487945557,0.9554882645606995,1.7906103134155273,11.0
dynamic,4,1,145,0.745077436765035,0.7068606694539388,0.03821676860253016,0.7063705251614253,0.7063705251614253,0.0,2.0,2.0,1450.0,1401.0,0.0,0.29378876090049744,0.7069952487945557,0.9554882645606995,1.7906103134155273,11.0
dynamic,4,1,146,0.7448214443524679,0.7057719167073567,0.039049531718095144,0.7056454827388128,0.7056454827388128,0.0,2.0,2.0,1460.0,1401.0,0.0,0.29378876090049744,0.7069952487945557,0.9554882645606995,1.7906103134155273,11.0
dynamic,4,1,147,0.7524961233139038,0.7127498086293539,0.03974631478389104,0.7049523603916168,0.7049523603916168,0.0,2.0,2.0,1470.0,1401.0,0.0,0.29378876090049744,0.7069952487945557,0.9554882645606995,1.7906103134155273,11.0
dynamic,4,1,148,0.7453128544489542,0.7045625233650208,0.04075032909711202,0.7042578579982122,0.7042578579982122,0.0,2.0,2.0,1480.0,1401.0,0.0,0.29378876090049744,0.7069952487945557,0.9554882645606995,1.7906103134155273,11.0
dynamic,4,1,149,0.7621983488400778,0.7210720046361287,0.0411263474325339,0.7035396812359492,0.7035396812359492,0.0,2.0,2.0,1490.0,1401.0,0.0,0.29378876090049744,0.7069952487945557,0.9554882645606995,1.7906103134155273,11.0
dynamic,4,1,150,0.7521020944913228,0.7108792440096537,0.041222859323024746,0.7028517554203669,0.7028517554203669,0.0,2.0,2.0,1500.0,1401.0,0.0,0.29378876090049744,0.7069952487945557,0.9554882645606995,1.7906103134155273,11.0
dynamic,4,1,151,0.7549683221181234,0.7111321743329366,0.04383615245421728,0.7022350271542867,0.7022350271542867,0.0,2.0,2.0,1510.0,1501.0,1.0,0.3265419900417328,0.8038305044174194,1.1213572025299072,2.297119617462158,17.0
dynamic,4,1,152,0.7462582874298096,0.7021314152081808,0.044126879026492434,0.7016342423359553,0.7016342423359553,0.0,2.0,2.0,1520.0,1501.0,1.0,0.3265419900417328,0.8038305044174194,1.1213572025299072,2.297119617462158,17.0
dynamic,4,1,153,0.745827054977417,0.7014029343922933,0.04442411666115125,0.7010255257288615,0.7010255257288615,0.0,2.0,2.0,1530.0,1501.0,1.0,0.3265419900417328,0.8038305044174194,1.1213572025299072,2.297119617462158,17.0
dynamic,4,1,154,0.7449060638745626,0.7008283448219299,0.0440777200460434,0.7004889333248139,0.7004889333248139,0.0,2.0,2.0,1540.0,1501.0,1.0,0.3265419900417328,0.8038305044174194,1.1213572025299072,2.297119617462158,17.0
dynamic,4,1,155,0.7456968267758687,0.7003028504053752,0.04539397423466047,0.7085305138429006,0.7085305138429006,0.0,2.0,2.0,1550.0,1501.0,1.0,0.3265419900417328,0.8038305044174194,1.1213572025299072,2.297119617462158,17.0
dynamic,4,1,156,0.7560457849502563,0.7082893188794454,0.047756460160017014,0.7079880654811859,0.7079880654811859,0.0,2.0,2.0,1560.0,1501.0,1.0,0.3265419900417328,0.8038305044174194,1.1213572025299072,2.297119617462158,17.0
dynamic,4,1,157,0.7570593571662902,0.7080553674697876,0.04900400007764499,0.6989183855056763,0.6989183855056763,0.0,2.0,2.0,1570.0,1501.0,1.0,0.3265419900417328,0.8038305044174194,1.1213572025299072,2.297119617462158,17.0
dynamic,4,1,158,0.7826620292663574,0.7348718738555908,0.047790153721968334,0.6984636005759239,0.6984636005759239,0.0,2.0,2.0,1580.0,1501.0,1.0,0.3265419900417328,0.8038305044174194,1.1213572025299072,2.297119617462158,17.0
dynamic,4,1,159,0.7619257481892904,0.71533225218455,0.04659348726272583,0.6979966339468956,0.6979966339468956,0.0,2.0,2.0,1590.0,1501.0,1.0,0.3265419900417328,0.8038305044174194,1.1213572025299072,2.297119617462158,17.0
dynamic,4,1,160,0.7458033521970113,0.6977908825874328,0.0480124635497729,0.6975588810443878,0.6975588810443878,0.0,2.0,2.0,1600.0,1501.0,1.0,0.3265419900417328,0.8038305044174194,1.1213572025299072,2.297119617462158,17.0
dynamic,4,1,161,0.7640233588218689,0.7349057189623515,0.029117644826571146,0.7246110919117927,0.7246110919117927,0.0,3.0,3.0,1610.0,1601.0,0.0,0.3758523166179657,0.9353973865509033,1.238437533378601,2.6945838928222656,25.0
dynamic,4,1,162,0.7575761938095092,0.7273714915911357,0.03020470360914866,0.7511172576745351,0.7511172576745351,0.0,3.0,3.0,1620.0,1601.0,0.0,0.3758523166179657,0.9353973865509033,1.238437533378601,2.6945838928222656,25.0
dynamic,4,1,163,0.7710683457056682,0.7387307159105937,0.0323376319805781,0.7082171467940013,0.7082171467940013,0.0,3.0,3.0,1630.0,1601.0,0.0,0.3758523166179657,0.9353973865509033,1.238437533378601,2.6945838928222656,25.0
dynamic,4,1,164,0.7611866720517476,0.7299924699465433,0.031194204191366832,0.7084751897056898,0.7084751897056898,0.0,3.0,3.0,1640.0,1601.0,0.0,0.3758523166179657,0.9353973865509033,1.238437533378601,2.6945838928222656,25.0
dynamic,4,1,165,0.7525911251703898,0.7211037135124206,0.03148740897576014,0.7131594944993654,0.7131594944993654,0.0,3.0,3.0,1650.0,1601.0,0.0,0.3758523166179657,0.9353973865509033,1.238437533378601,2.6945838928222656,25.0
dynamic,4,1,166,0.7664673598607381,0.737056868871053,0.029410490890343984,0.7060507602492968,0.7060507602492968,0.0,3.0,3.0,1660.0,1601.0,0.0,0.3758523166179657,0.9353973865509033,1.238437533378601,2.6945838928222656,25.0
dynamic,4,1,167,0.748483415444692,0.7201616883277893,0.028321731314063073,0.7123230614264806,0.7123230614264806,0.0,3.0,3.0,1670.0,1601.0,0.0,0.3758523166179657,0.9353973865509033,1.238437533378601,2.6945838928222656,25.0
dynamic,4,1,168,0.7678464436531067,0.7401735075314839,0.027672937860091527,0.6968919169902802,0.6968919169902802,0.0,3.0,3.0,1680.0,1601.0,0.0,0.3758523166179657,0.9353973865509033,1.238437533378601,2.6945838928222656,25.0
dynamic,4,1,169,0.7408733288447062,0.7140804672241211,0.026792861372232437,0.6985825016101201,0.6985825016101201,0.0,3.0,3.0,1690.0,1601.0,0.0,0.3758523166179657,0.9353973865509033,1.238437533378601,2.6945838928222656,25.0
dynamic,4,1,170,0.7327585657437642,0.7051966826121012,0.02756188338001569,0.6948855112989744,0.6948855112989744,0.0,3.0,3.0,1700.0,1601.0,0.0,0.3758523166179657,0.9353973865509033,1.238437533378601,2.6945838928222656,25.0
dynamic,4,1,171,0.7316289695103964,0.7046151741345723,0.027013799672325454,0.6894494584202766,0.6894494584202766,0.0,3.0,3.0,1710.0,1701.0,0.0,0.25105345249176025,0.7324305176734924,0.9183752536773682,1.182380199432373,8.0
dynamic,4,1,172,0.7312772981325786,0.7031455032030741,0.028131789614756902,0.6918732643127441,0.6918732643127441,0.0,3.0,3.0,1720.0,1701.0,0.0,0.25105345249176025,0.7324305176734924,0.9183752536773682,1.182380199432373,8.0
dynamic,4,1,173,0.7286664652824402,0.6979630168279012,0.03070344905058543,0.6974884407718976,0.6974884407718976,0.0,3.0,3.0,1730.0,1701.0,0.0,0.25105345249176025,0.7324305176734924,0.9183752536773682,1.182380199432373,8.0
dynamic,4,1,174,0.7277679435412089,0.6946142649650574,0.03315367877483368,0.6953108420968056,0.6953108420968056,0.0,3.0,3.0,1740.0,1701.0,0.0,0.25105345249176025,0.7324305176734924,0.9183752536773682,1.182380199432373,8.0
dynamic,4,1,175,0.7338623825709025,0.6956956362724305,0.038166747490564985,0.6950105666120847,0.6950105666120847,0.0,3.0,3.0,1750.0,1701.0,0.0,0.25105345249176025,0.7324305176734924,0.9183752536773682,1.182380199432373,8.0
dynamic,4,1,176,0.7765845330556234,0.7368614029884338,0.03972312460343043,0.6907780018448829,0.6907780018448829,0.0,3.0,3.0,1760.0,1701.0,0.0,0.25105345249176025,0.7324305176734924,0.9183752536773682,1.182380199432373,8.0
dynamic,4,1,177,0.7421235656738281,0.7068811241785685,0.03524243851502736,0.6852414824565252,0.6852414824565252,0.0,3.0,3.0,1770.0,1701.0,0.0,0.25105345249176025,0.7324305176734924,0.9183752536773682,1.182380199432373,8.0
dynamic,4,1,178,0.7284044941266378,0.693225355943044,0.035179139027992884,0.6866311652461687,0.6866311652461687,0.0,3.0,3.0,1780.0,1701.0,0.0,0.25105345249176025,0.7324305176734924,0.9183752536773682,1.182380199432373,8.0
dynamic,4,1,179,0.7538536063830058,0.7188829946517944,0.03497061202923457,0.6820185790459316,0.6820185790459316,0.0,3.0,3.0,1790.0,1701.0,0.0,0.25105345249176025,0.7324305176734924,0.9183752536773682,1.182380199432373,8.0
dynamic,4,1,180,0.74906920115153,0.7142747259140014,0.03479447384675344,0.6861185125509898,0.6861185125509898,0.0,3.0,3.0,1800.0,1701.0,0.0,0.25105345249176025,0.7324305176734924,0.9183752536773682,1.182380199432373,8.0
dynamic,4,1,181,0.7448575425148011,0.7102007373174032,0.034656797101100284,0.6773291541139285,0.6773291541139285,0.0,3.0,3.0,1810.0,1801.0,1.0,0.2752649188041687,0.683539628982544,1.1169722080230713,1.999535083770752,15.0
dynamic,4,1,182,0.7794826889038086,0.7449616678555806,0.03452101742227872,0.6881638076901436,0.6881638076901436,0.0,3.0,3.0,1820.0,1801.0,1.0,0.2752649188041687,0.683539628982544,1.1169722080230713,1.999535083770752,15.0
dynamic,4,1,183,0.7244808260599772,0.6926332378387451,0.03184759040673574,0.676795968413353,0.676795968413353,0.0,3.0,3.0,1830.0,1801.0,1.0,0.2752649188041687,0.683539628982544,1.1169722080230713,1.999535083770752,15.0
dynamic,4,1,184,0.7263785934448242,0.6936798850695293,0.03269871175289154,0.6773695500691732,0.6773695500691732,0.0,3.0,3.0,1840.0,1801.0,1.0,0.2752649188041687,0.683539628982544,1.1169722080230713,1.999535083770752,15.0
dynamic,4,1,185,0.7291670211156209,0.6961288976669312,0.03303811271985372,0.6719064780076345,0.6719064780076345,0.0,3.0,3.0,1850.0,1801.0,1.0,0.2752649188041687,0.683539628982544,1.1169722080230713,1.999535083770752,15.0
dynamic,4,1,186,0.7180115596453349,0.6860388819376627,0.03197268510858218,0.669269391198953,0.669269391198953,0.0,3.0,3.0,1860.0,1801.0,1.0,0.2752649188041687,0.683539628982544,1.1169722080230713,1.999535083770752,15.0
dynamic,4,1,187,0.7097403899828593,0.6754066054026285,0.03433378875255585,0.659002062479655,0.659002062479655,0.0,3.0,3.0,1870.0,1801.0,1.0,0.2752649188041687,0.683539628982544,1.1169722080230713,1.999535083770752,15.0
dynamic,4,1,188,0.7268910376230876,0.6904691370328268,0.036421907444794975,0.6604166250427564,0.6604166250427564,0.0,3.0,3.0,1880.0,1801.0,1.0,0.2752649188041687,0.683539628982544,1.1169722080230713,1.999535083770752,15.0
dynamic,4,1,189,0.7208593344688415,0.6860847465197245,0.034774585862954455,0.6610241346557935,0.6610241346557935,0.0,3.0,3.0,1890.0,1801.0,1.0,0.2752649188041687,0.683539628982544,1.1169722080230713,1.999535083770752,15.0
dynamic,4,1,190,0.7350568771362305,0.7011824440956116,0.0338744293153286,0.6680743326743444,0.6680743326743444,0.0,3.0,3.0,1900.0,1801.0,1.0,0.2752649188041687,0.683539628982544,1.1169722080230713,1.999535083770752,15.0
dynamic,4,1,191,0.7186382881800334,0.6861671400070191,0.03247114688158035,0.6592553247014682,0.6592553247014682,0.0,3.0,3.0,1910.0,1901.0,0.0,0.2761481702327728,0.649539589881897,0.8145648837089539,1.796621322631836,8.0
dynamic,4,1,192,0.7135249225298563,0.681273463567098,0.032251452058553697,0.6549258810281754,0.6549258810281754,0.0,3.0,3.0,1920.0,1901.0,0.0,0.2761481702327728,0.649539589881897,0.8145648837089539,1.796621322631836,8.0
dynamic,4,1,193,0.7146854360898336,0.6825074299176535,0.03217800696690877,0.6510136252641678,0.6510136252641678,0.0,3.0,3.0,1930.0,1901.0,0.0,0.2761481702327728,0.649539589881897,0.8145648837089539,1.796621322631836,8.0
dynamic,4,1,194,0.7085515975952148,0.6753230309486389,0.03322856878240903,0.6482905976970991,0.6482905976970991,0.0,3.0,3.0,1940.0,1901.0,0.0,0.2761481702327728,0.649539589881897,0.8145648837089539,1.796621322631836,8.0
dynamic,4,1,195,0.7410322062174479,0.703861231803894,0.03717097898324331,0.6539953388770421,0.6539953388770421,0.0,3.0,3.0,1950.0,1901.0,0.0,0.2761481702327728,0.649539589881897,0.8145648837089539,1.796621322631836,8.0
dynamic,4,1,196,0.7311816875139873,0.693722182114919,0.037459496905406314,0.6799279018243154,0.6799279018243154,0.0,3.0,3.0,1960.0,1901.0,0.0,0.2761481702327728,0.649539589881897,0.8145648837089539,1.796621322631836,8.0
dynamic,4,1,197,0.7571953455607097,0.7197069263458252,0.0374884166320165,0.6902556174000104,0.6902556174000104,0.0,3.0,3.0,1970.0,1901.0,0.0,0.2761481702327728,0.649539589881897,0.8145648837089539,1.796621322631836,8.0
dynamic,4,1,198,0.7493640875816345,0.7098775601387024,0.03948652903238932,0.7075967384378116,0.7075967384378116,0.0,3.0,3.0,1980.0,1901.0,0.0,0.2761481702327728,0.649539589881897,0.8145648837089539,1.796621322631836,8.0
dynamic,4,1,199,0.7818316864967346,0.7413561606407165,0.04047552098830541,0.7098667658368747,0.7098667658368747,0.0,3.0,3.0,1990.0,1901.0,0.0,0.2761481702327728,0.649539589881897,0.8145648837089539,1.796621322631836,8.0
dynamic,4,1,200,0.743701270421346,0.7043051473299662,0.03939613029360771,0.7408895163734754,0.7408895163734754,0.0,3.0,3.0,2000.0,1901.0,0.0,0.2761481702327728,0.649539589881897,0.8145648837089539,1.796621322631836,8.0
dynamic,4,1,201,0.7204943752288818,0.6815855145454407,0.0389088574051857,0.66851766983668,0.66851766983668,0.0,3.0,3.0,2010.0,2001.0,0.0,0.2828001081943512,0.668755054473877,0.8953467607498169,2.191525459289551,9.0
dynamic,4,1,202,0.7392640519142151,0.7002244480450948,0.03903959825634956,0.6945705444614092,0.6945705444614092,0.0,3.0,3.0,2020.0,2001.0,0.0,0.2828001081943512,0.668755054473877,0.8953467607498169,2.191525459289551,9.0
dynamic,4,1,203,0.7480047313372294,0.7078950659434,0.04010966315865517,0.6922663443287214,0.6922663443287214,0.0,3.0,3.0,2030.0,2001.0,0.0,0.2828001081943512,0.668755054473877,0.8953467607498169,2.191525459289551,9.0
dynamic,4,1,204,0.7412510228157043,0.7005205424626668,0.04073047935962677,0.7241728735963503,0.7241728735963503,0.0,3.0,3.0,2040.0,2001.0,0.0,0.2828001081943512,0.668755054473877,0.8953467607498169,2.191525459289551,9.0
dynamic,4,1,205,0.7438386193911235,0.7028609204292298,0.0409776992102464,0.7078738654653232,0.7078738654653232,0.0,3.0,3.0,2050.0,2001.0,0.0,0.2828001081943512,0.668755054473877,0.8953467607498169,2.191525459289551,9.0
dynamic,4,1,206,0.7410797158877055,0.69970805088679,0.041371672948201495,0.6828553303082784,0.6828553303082784,0.0,3.0,3.0,2060.0,2001.0,0.0,0.2828001081943512,0.668755054473877,0.8953467607498169,2.191525459289551,9.0
dynamic,4,1,207,0.7533910242716472,0.7114993770917256,0.041891650160153705,0.6834232160449027,0.6834232160449027,0.0,3.0,3.0,2070.0,2001.0,0.0,0.2828001081943512,0.668755054473877,0.8953467607498169,2.191525459289551,9.0
dynamic,4,1,208,0.7207766342163086,0.6791342337926228,0.041642404596010846,0.6453137130538622,0.6453137130538622,0.0,3.0,3.0,2080.0,2001.0,0.0,0.2828001081943512,0.668755054473877,0.8953467607498169,2.191525459289551,9.0
dynamic,4,1,209,0.7567627390225729,0.7162968595822652,0.04046587889393171,0.6639709034562111,0.6639709034562111,0.0,3.0,3.0,2090.0,2001.0,0.0,0.2828001081943512,0.668755054473877,0.8953467607498169,2.191525459289551,9.0
dynamic,4,1,210,0.7166131130854289,0.6765060146649678,0.04010710219542186,0.6561139457424482,0.6561139457424482,0.0,3.0,3.0,2100.0,2001.0,0.0,0.2828001081943512,0.668755054473877,0.8953467607498169,2.191525459289551,9.0
dynamic,4,1,211,0.7163000448544821,0.6765989391009013,0.03970110798875491,0.6431644683082899,0.6431644683082899,0.0,3.0,3.0,2110.0,2101.0,1.0,0.3276122808456421,0.8802073001861572,1.065005898475647,2.923978805541992,15.0
dynamic,4,1,212,0.7359487827618917,0.6974096043904623,0.03853917588790258,0.7179946040113767,0.7179946040113767,0.0,3.0,3.0,2120.0,2101.0,1.0,0.3276122808456421,0.8802073001861572,1.065005898475647,2.923978805541992,15.0
dynamic,4,1,213,0.7033667023976644,0.6609783474604288,0.0423883581161499,0.6583251042167345,0.6583251042167345,0.0,3.0,3.0,2130.0,2101.0,1.0,0.3276122808456421,0.8802073001861572,1.065005898475647,2.923978805541992,15.0
dynamic,4,1,214,0.7184225328763326,0.6767144989967346,0.04170802777012189,0.6871429823835691,0.6871429823835691,0.0,3.0,3.0,2140.0,2101.0,1.0,0.3276122808456421,0.8802073001861572,1.065005898475647,2.923978805541992,15.0
dynamic,4,1,215,0.7019912807146708,0.6611948784192403,0.04079639911651611,0.661503453652064,0.661503453652064,0.0,3.0,3.0,2150.0,2101.0,1.0,0.3276122808456421,0.8802073001861572,1.065005898475647,2.923978805541992,15.0
dynamic,4,1,216,0.6947566310564677,0.6547995622952779,0.039957066078980766,0.6706933032472928,0.6706933032472928,0.0,3.0,3.0,2160.0,2101.0,1.0,0.3276122808456421,0.8802073001861572,1.065005898475647,2.923978805541992,15.0
dynamic,4,1,217,0.6815233659744263,0.6405867385864258,0.040936633795499805,0.6348220991094907,0.6348220991094907,0.0,3.0,3.0,2170.0,2101.0,1.0,0.3276122808456421,0.8802073001861572,1.065005898475647,2.923978805541992,15.0
dynamic,4,1,218,0.6906472833951315,0.6501179734865824,0.040529305090506874,0.6315485905607542,0.6315485905607542,0.0,3.0,3.0,2180.0,2101.0,1.0,0.3276122808456421,0.8802073001861572,1.065005898475647,2.923978805541992,15.0
dynamic,4,1,219,0.6867023380597432,0.6455887277921041,0.041113607982794446,0.6187772979338964,0.6187772979338964,0.0,3.0,3.0,2190.0,2101.0,1.0,0.3276122808456421,0.8802073001861572,1.065005898475647,2.923978805541992,15.0
dynamic,4,1,220,0.6583654650052388,0.620122450987498,0.03824301242828369,0.6417005709807078,0.6417005709807078,0.0,3.0,3.0,2200.0,2101.0,1.0,0.3276122808456421,0.8802073001861572,1.065005898475647,2.923978805541992,15.0
dynamic,4,1,221,0.6848230298360188,0.6501345753669738,0.03468844642241796,0.6988010127345721,0.6988010127345721,0.0,4.0,4.0,2210.0,2201.0,0.0,0.31999266147613525,0.7311305999755859,0.9764281511306763,4.644834518432617,13.0
dynamic,4,1,222,0.658139119942983,0.6247036687533061,0.033435452282428745,0.6263297097881635,0.6263297097881635,0.0,4.0,4.0,2220.0,2201.0,0.0,0.31999266147613525,0.7311305999755859,0.9764281511306763,4.644834518432617,13.0
dynamic,4,1,223,0.6428710269927979,0.6101216069857279,0.03274942343433698,0.5966683668891589,0.5966683668891589,0.0,4.0,4.0,2230.0,2201.0,0.0,0.31999266147613525,0.7311305999755859,0.9764281511306763,4.644834518432617,13.0
dynamic,4,1,224,0.653142294883728,0.6200481128692626,0.03309418161710103,0.5966634106636047,0.5966634106636047,0.0,4.0,4.0,2240.0,2201.0,0.0,0.31999266147613525,0.7311305999755859,0.9764281511306763,4.644834518432617,13.0
dynamic,4,1,225,0.6417566068967183,0.6101647114753723,0.0315918925901254,0.5950180823604266,0.5950180823604266,0.0,4.0,4.0,2250.0,2201.0,0.0,0.31999266147613525,0.7311305999755859,0.9764281511306763,4.644834518432617,13.0
dynamic,4,1,226,0.6281198453903198,0.6000253907839457,0.028094449266791343,0.5987266546487808,0.5987266546487808,0.0,4.0,4.0,2260.0,2201.0,0.0,0.31999266147613525,0.7311305999755859,0.9764281511306763,4.644834518432617,13.0
dynamic,4,1,227,0.6302590115865072,0.601920349597931,0.028338663230339685,0.59302901973327,0.59302901973327,0.0,4.0,4.0,2270.0,2201.0,0.0,0.31999266147613525,0.7311305999755859,0.9764281511306763,4.644834518432617,13.0
dynamic,4,1,228,0.6433964824676514,0.6145059458414713,0.028890530715386074,0.5983603772521019,0.5983603772521019,0.0,4.0,4.0,2280.0,2201.0,0.0,0.31999266147613525,0.7311305999755859,0.9764281511306763,4.644834518432617,13.0
dynamic,4,1,229,0.6394325884183248,0.609144348303477,0.030288235247135163,0.5898145021994908,0.5898145021994908,0.0,4.0,4.0,2290.0,2201.0,0.0,0.31999266147613525,0.7311305999755859,0.9764281511306763,4.644834518432617,13.0
dynamic,4,1,230,0.6353468481699626,0.6078101070721944,0.027536739135781925,0.5888958858450254,0.5888958858450254,0.0,4.0,4.0,2300.0,2201.0,0.0,0.31999266147613525,0.7311305999755859,0.9764281511306763,4.644834518432617,13.0
dynamic,4,1,231,0.637121098836263,0.6081123415629069,0.02900875727335612,0.5946198810140292,0.5946198810140292,0.0,4.0,4.0,2310.0,2201.0,0.0,0.31999266147613525,0.7311305999755859,0.9764281511306763,4.644834518432617,13.0
dynamic,4,1,232,0.635460041364034,0.6068881718317668,0.02857187124590079,0.5960242688655853,0.5960242688655853,0.0,4.0,4.0,2320.0,2201.0,0.0,0.31999266147613525,0.7311305999755859,0.9764281511306763,4.644834518432617,13.0
dynamic,4,1,233,0.6272651139895121,0.5995303877194722,0.027734735012054444,0.5946094661951065,0.5946094661951065,0.0,4.0,4.0,2330.0,2201.0,0.0,0.31999266147613525,0.7311305999755859,0.9764281511306763,4.644834518432617,13.0
dynamic,4,1,234,0.6238665342330932,0.5960754768053691,0.027791056136290234,0.5944548897445202,0.5944548897445202,0.0,4.0,4.0,2340.0,2201.0,0.0,0.31999266147613525,0.7311305999755859,0.9764281511306763,4.644834518432617,13.0
dynamic,4,1,235,0.6272997283935546,0.5991495434443156,0.02815017928679784,0.5850845118860404,0.5850845118860404,0.0,4.0,4.0,2350.0,2201.0,0.0,0.31999266147613525,0.7311305999755859,0.9764281511306763,4.644834518432617,13.0
dynamic,4,1,236,0.6263098303476969,0.5985688273111979,0.027741000677148502,0.5833008074263731,0.5833008074263731,0.0,4.0,4.0,2360.0,2201.0,0.0,0.31999266147613525,0.7311305999755859,0.9764281511306763,4.644834518432617,13.0
dynamic,4,1,237,0.6196028645833334,0.5926106794675191,0.02699218551317851,0.5814145668347677,0.5814145668347677,0.0,4.0,4.0,2370.0,2201.0,0.0,0.31999266147613525,0.7311305999755859,0.9764281511306763,4.644834518432617,13.0
dynamic,4,1,238,0.6168892510732015,0.5896715076764425,0.027217748363812765,0.5849374942481518,0.5849374942481518,0.0,4.0,4.0,2380.0,2201.0,0.0,0.31999266147613525,0.7311305999755859,0.9764281511306763,4.644834518432617,13.0
dynamic,4,1,239,0.614752516746521,0.5873187112808228,0.02743381361166636,0.5781321166952451,0.5781321166952451,0.0,4.0,4.0,2390.0,2201.0,0.0,0.31999266147613525,0.7311305999755859,0.9764281511306763,4.644834518432617,13.0
dynamic,4,1,240,0.6293220194180806,0.6007558425267537,0.028566177139679592,0.5821027524769307,0.5821027524769307,0.0,4.0,4.0,2400.0,2201.0,0.0,0.31999266147613525,0.7311305999755859,0.9764281511306763,4.644834518432617,13.0
dynamic,4,1,241,0.6140350421269735,0.5863874618212382,0.027647581547498704,0.5762412970264753,0.5762412970264753,0.0,4.0,4.0,2410.0,2201.0,0.0,0.31999266147613525,0.7311305999755859,0.9764281511306763,4.644834518432617,13.0
dynamic,4,1,242,0.6135048500696818,0.5861363943417867,0.027368457317352296,0.5732343796888987,0.5732343796888987,0.0,4.0,4.0,2420.0,2201.0,0.0,0.31999266147613525,0.7311305999755859,0.9764281511306763,4.644834518432617,13.0
dynamic,4,1,243,0.6144819815953573,0.5879833722114562,0.026498613605896632,0.5901075706879297,0.5901075706879297,0.0,4.0,4.0,2430.0,2201.0,0.0,0.31999266147613525,0.7311305999755859,0.9764281511306763,4.644834518432617,13.0
dynamic,4,1,244,0.6054168907801311,0.5780405108133951,0.027376389453808467,0.5709311918914318,0.5709311918914318,0.0,4.0,4.0,2440.0,2201.0,0.0,0.31999266147613525,0.7311305999755859,0.9764281511306763,4.644834518432617,13.0
dynamic,4,1,245,0.6118181888262431,0.582096996307373,0.029721198827028273,0.5676327790816625,0.5676327790816625,0.0,4.0,4.0,2450.0,2201.0,0.0,0.31999266147613525,0.7311305999755859,0.9764281511306763,4.644834518432617,13.0
dynamic,4,1,246,0.6034888807932536,0.5751171771685283,0.02837169552842776,0.5676093164583047,0.5676093164583047,0.0,4.0,4.0,2460.0,2201.0,0.0,0.31999266147613525,0.7311305999755859,0.9764281511306763,4.644834518432617,13.0
dynamic,4,1,247,0.6045191971460978,0.5765486717224121,0.027970538387695948,0.5641384741167227,0.5641384741167227,0.0,4.0,4.0,2470.0,2201.0,0.0,0.31999266147613525,0.7311305999755859,0.9764281511306763,4.644834518432617,13.0
dynamic,4,1,248,0.6016639200846354,0.5745764843622844,0.027087435349822043,0.5676965404550235,0.5676965404550235,0.0,4.0,4.0,2480.0,2201.0,0.0,0.31999266147613525,0.7311305999755859,0.9764281511306763,4.644834518432617,13.0
dynamic,4,1,249,0.6033136979738871,0.5768440341949463,0.026469661345084508,0.5732235077520211,0.5732235077520211,0.0,4.0,4.0,2490.0,2201.0,0.0,0.31999266147613525,0.7311305999755859,0.9764281511306763,4.644834518432617,13.0
dynamic,4,1,250,0.5969135999679566,0.5707161919275919,0.026197405308485033,0.5610279107590517,0.5610279107590517,0.0,4.0,4.0,2500.0,2201.0,0.0,0.31999266147613525,0.7311305999755859,0.9764281511306763,4.644834518432617,13.0
dynamic,4,1,251,0.5917752003669738,0.5657802430788675,0.025994957238435746,0.5650914288560549,0.5650914288560549,0.0,4.0,4.0,2510.0,2201.0,0.0,0.31999266147613525,0.7311305999755859,0.9764281511306763,4.644834518432617,13.0
dynamic,4,1,252,0.592668772538503,0.5662035783131917,0.026465198397636412,0.5602711284657319,0.5602711284657319,0.0,4.0,4.0,2520.0,2201.0,0.0,0.31999266147613525,0.7311305999755859,0.9764281511306763,4.644834518432617,13.0
dynamic,4,1,253,0.5922990767161052,0.5664819383621216,0.025817141185204187,0.5591302013397217,0.5591302013397217,0.0,4.0,4.0,2530.0,2201.0,0.0,0.31999266147613525,0.7311305999755859,0.9764281511306763,4.644834518432617,13.0
dynamic,4,1,254,0.5859264914194743,0.5611203885078431,0.0248061074813207,0.5600741745531559,0.5600741745531559,0.0,4.0,4.0,2540.0,2201.0,0.0,0.31999266147613525,0.7311305999755859,0.9764281511306763,4.644834518432617,13.0
dynamic,4,1,255,0.583988839785258,0.5583518306414287,0.02563699965675672,0.5577571123838425,0.5577571123838425,0.0,4.0,4.0,2550.0,2201.0,0.0,0.31999266147613525,0.7311305999755859,0.9764281511306763,4.644834518432617,13.0
dynamic,4,1,256,0.590220897992452,0.5655386837323507,0.02468222623070081,0.5570931294560433,0.5570931294560433,0.0,4.0,4.0,2560.0,2201.0,0.0,0.31999266147613525,0.7311305999755859,0.9764281511306763,4.644834518432617,13.0
dynamic,4,1,257,0.5811440436045329,0.556961882909139,0.024182174255450568,0.5554235775768757,0.5554235775768757,0.0,4.0,4.0,2570.0,2201.0,0.0,0.31999266147613525,0.7311305999755859,0.9764281511306763,4.644834518432617,13.0
dynamic,4,1,258,0.5790173236529033,0.554246236483256,0.02477108602722486,0.5524739570915699,0.5524739570915699,0.0,4.0,4.0,2580.0,2201.0,0.0,0.31999266147613525,0.7311305999755859,0.9764281511306763,4.644834518432617,13.0
dynamic,4,1,259,0.5831823631127675,0.5583790441354116,0.02480331470568975,0.5530395919581255,0.5530395919581255,0.0,4.0,4.0,2590.0,2201.0,0.0,0.31999266147613525,0.7311305999755859,0.9764281511306763,4.644834518432617,13.0
dynamic,4,1,260,0.5825109847386678,0.558065349260966,0.02444563349088033,0.5512831554810206,0.5512831554810206,0.0,4.0,4.0,2600.0,2201.0,0.0,0.31999266147613525,0.7311305999755859,0.9764281511306763,4.644834518432617,13.0
dynamic,4,1,261,0.5793576574325562,0.5525866723060608,0.026770976906021437,0.5474366074303786,0.5474366074303786,0.0,4.0,4.0,2610.0,2201.0,0.0,0.31999266147613525,0.7311305999755859,0.9764281511306763,4.644834518432617,13.0
dynamic,4,1,262,0.574949079354604,0.5496045955022176,0.02534449043373267,0.5455352951586246,0.5455352951586246,0.0,4.0,4.0,2620.0,2201.0,0.0,0.31999266147613525,0.7311305999755859,0.9764281511306763,4.644834518432617,13.0
dynamic,4,1,263,0.5696157224973043,0.545194346110026,0.024421381379167238,0.5438397175073624,0.5438397175073624,0.0,4.0,4.0,2630.0,2201.0,0.0,0.31999266147613525,0.7311305999755859,0.9764281511306763,4.644834518432617,13.0
dynamic,4,1,264,0.5741172663370768,0.5486959989865621,0.025421265711387,0.5430967299143473,0.5430967299143473,0.0,4.0,4.0,2640.0,2201.0,0.0,0.31999266147613525,0.7311305999755859,0.9764281511306763,4.644834518432617,13.0
dynamic,4,1,265,0.5708331084251403,0.5446460294723511,0.026187076916297278,0.5424423661331336,0.5424423661331336,0.0,4.0,4.0,2650.0,2201.0,0.0,0.31999266147613525,0.7311305999755859,0.9764281511306763,4.644834518432617,13.0
dynamic,4,1,266,0.5664925066630045,0.5419030086199442,0.02458948624630769,0.5412341485917568,0.5412341485917568,0.0,4.0,4.0,2660.0,2201.0,0.0,0.31999266147613525,0.7311305999755859,0.9764281511306763,4.644834518432617,13.0
dynamic,4,1,267,0.5661173876126607,0.5410790292421976,0.025038364330927532,0.5387210243940354,0.5387210243940354,0.0,4.0,4.0,2670.0,2201.0,0.0,0.31999266147613525,0.7311305999755859,0.9764281511306763,4.644834518432617,13.0
dynamic,4,1,268,0.5630589008331299,0.5376543108622233,0.025404589772224425,0.5358466505010923,0.5358466505010923,0.0,4.0,4.0,2680.0,2201.0,0.0,0.31999266147613525,0.7311305999755859,0.9764281511306763,4.644834518432617,13.0
dynamic,4,1,269,0.5628173653284708,0.5383993395169576,0.024418032020330428,0.537473901261886,0.537473901261886,0.0,4.0,4.0,2690.0,2201.0,0.0,0.31999266147613525,0.7311305999755859,0.9764281511306763,4.644834518432617,13.0
dynamic,4,1,270,0.5606456065177917,0.5368828026453654,0.02376280670364698,0.5375034785767396,0.5375034785767396,0.0,4.0,4.0,2700.0,2201.0,0.0,0.31999266147613525,0.7311305999755859,0.9764281511306763,4.644834518432617,13.0
dynamic,4,1,271,0.5609414084752401,0.5375539978345235,0.023387414862712223,0.5398423514763514,0.5398423514763514,0.0,4.0,4.0,2710.0,2201.0,0.0,0.31999266147613525,0.7311305999755859,0.9764281511306763,4.644834518432617,13.0
dynamic,4,1,272,0.5603506183624267,0.5372843710581462,0.023066246310869853,0.5346525336802006,0.5346525336802006,0.0,4.0,4.0,2720.0,2201.0,0.0,0.31999266147613525,0.7311305999755859,0.9764281511306763,4.644834518432617,13.0
dynamic,4,1,273,0.559272399743398,0.5355095875263214,0.02376281502346198,0.5354551359514396,0.5354551359514396,0.0,4.0,4.0,2730.0,2201.0,0.0,0.31999266147613525,0.7311305999755859,0.9764281511306763,4.644834518432617,13.0
dynamic,4,1,274,0.5609057879447937,0.5356527201334635,0.02525305998822053,0.532088003406922,0.532088003406922,0.0,4.0,4.0,2740.0,2201.0,0.0,0.31999266147613525,0.7311305999755859,0.9764281511306763,4.644834518432617,13.0
dynamic,4,1,275,0.5545239341259003,0.5319465605417887,0.02257737251619498,0.5284273837010066,0.5284273837010066,0.0,4.0,4.0,2750.0,2201.0,0.0,0.31999266147613525,0.7311305999755859,0.9764281511306763,4.644834518432617,13.0
dynamic,4,1,276,0.5520107177893321,0.529087342818578,0.02292337827384472,0.5294169420997302,0.5294169420997302,0.0,4.0,4.0,2760.0,2201.0,0.0,0.31999266147613525,0.7311305999755859,0.9764281511306763,4.644834518432617,13.0
dynamic,4,1,277,0.548387348651886,0.5256143800417582,0.022772965679566066,0.5250114650527636,0.5250114650527636,0.0,4.0,4.0,2770.0,2201.0,0.0,0.31999266147613525,0.7311305999755859,0.9764281511306763,4.644834518432617,13.0
dynamic,4,1,278,0.549179060459137,0.5272476367155711,0.02193142774204413,0.5259606689711411,0.5259606689711411,0.0,4.0,4.0,2780.0,2201.0,0.0,0.31999266147613525,0.7311305999755859,0.9764281511306763,4.644834518432617,13.0
dynamic,4,1,279,0.5522944378852844,0.5286834748586019,0.023610960667332013,0.5240914426743984,0.5240914426743984,0.0,4.0,4.0,2790.0,2201.0,0.0,0.31999266147613525,0.7311305999755859,0.9764281511306763,4.644834518432617,13.0
dynamic,4,1,280,0.5481174286206564,0.5261135975519816,0.022003823816776277,0.5217184940973918,0.5217184940973918,0.0,4.0,4.0,2800.0,2201.0,0.0,0.31999266147613525,0.7311305999755859,0.9764281511306763,4.644834518432617,13.0
dynamic,4,1,281,0.544341881275177,0.5235334761937459,0.020808400362730028,0.5278966499865055,0.5278966499865055,0.0,4.0,4.0,2810.0,2201.0,0.0,0.31999266147613525,0.7311305999755859,0.9764281511306763,4.644834518432617,13.0
dynamic,4,1,282,0.5448581473032633,0.5226188468933105,0.02223930577437083,0.5274586555361748,0.5274586555361748,0.0,4.0,4.0,2820.0,2201.0,0.0,0.31999266147613525,0.7311305999755859,0.9764281511306763,4.644834518432617,13.0
dynamic,4,1,283,0.5444020676612854,0.5224261450767517,0.021975920473535856,0.5197105359534423,0.5197105359534423,0.0,4.0,4.0,2830.0,2201.0,0.0,0.31999266147613525,0.7311305999755859,0.9764281511306763,4.644834518432617,13.0
dynamic,4,1,284,0.5453919514020285,0.5228234859307607,0.02256847749153773,0.5204776260753473,0.5204776260753473,0.0,4.0,4.0,2840.0,2201.0,0.0,0.31999266147613525,0.7311305999755859,0.9764281511306763,4.644834518432617,13.0
dynamic,4,1,285,0.543858357667923,0.5213345094521841,0.02252385174234708,0.5197455078860124,0.5197455078860124,0.0,4.0,4.0,2850.0,2201.0,0.0,0.31999266147613525,0.7311305999755859,0.9764281511306763,4.644834518432617,13.0
dynamic,4,1,286,0.5450263571739197,0.5209471233685812,0.024079235444466274,0.5211911874512831,0.5211911874512831,0.0,4.0,4.0,2860.0,2201.0,0.0,0.31999266147613525,0.7311305999755859,0.9764281511306763,4.644834518432617,13.0
dynamic,4,1,287,0.5465542380015055,0.5235927859942119,0.02296144684155782,0.5170214023192724,0.5170214023192724,0.0,4.0,4.0,2870.0,2201.0,0.0,0.31999266147613525,0.7311305999755859,0.9764281511306763,4.644834518432617,13.0
dynamic,4,1,288,0.539633043607076,0.5159360059102376,0.023697030246257782,0.5197728353242079,0.5197728353242079,0.0,4.0,4.0,2880.0,2201.0,0.0,0.31999266147613525,0.7311305999755859,0.9764281511306763,4.644834518432617,13.0
dynamic,4,1,289,0.5384589012463887,0.5164262286822001,0.02203266700108846,0.5150593182444573,0.5150593182444573,0.0,4.0,4.0,2890.0,2201.0,0.0,0.31999266147613525,0.7311305999755859,0.9764281511306763,4.644834518432617,13.0
dynamic,4,1,290,0.539838551680247,0.5183079306284587,0.02153061399857203,0.5147821602722009,0.5147821602722009,0.0,4.0,4.0,2900.0,2201.0,0.0,0.31999266147613525,0.7311305999755859,0.9764281511306763,4.644834518432617,13.0
dynamic,4,1,291,0.5378844761848449,0.5169629017512004,0.02092157453298569,0.5156277690331141,0.5156277690331141,0.0,4.0,4.0,2910.0,2201.0,0.0,0.31999266147613525,0.7311305999755859,0.9764281511306763,4.644834518432617,13.0
dynamic,4,1,292,0.5375216015179952,0.5157896566390991,0.021731950069467227,0.514062444816033,0.514062444816033,0.0,4.0,4.0,2920.0,2201.0,0.0,0.31999266147613525,0.7311305999755859,0.9764281511306763,4.644834518432617,13.0
dynamic,4,1,293,0.5366486430168151,0.5149916307131449,0.0216570187608401,0.5097662828365962,0.5097662828365962,0.0,4.0,4.0,2930.0,2201.0,0.0,0.31999266147613525,0.7311305999755859,0.9764281511306763,4.644834518432617,13.0
dynamic,4,1,294,0.5387896760304769,0.5166582894325257,0.022131391863028208,0.515115752518177,0.515115752518177,0.0,4.0,4.0,2940.0,2201.0,0.0,0.31999266147613525,0.7311305999755859,0.9764281511306763,4.644834518432617,13.0
dynamic,4,1,295,0.5397336022059123,0.5161725783348083,0.023561024193962415,0.5147758933405081,0.5147758933405081,0.0,4.0,4.0,2950.0,2201.0,0.0,0.31999266147613525,0.7311305999755859,0.9764281511306763,4.644834518432617,13.0
dynamic,4,1,296,0.5345857961972554,0.5131029629707337,0.02148283482839664,0.5094446067512035,0.5094446067512035,0.0,4.0,4.0,2960.0,2201.0,0.0,0.31999266147613525,0.7311305999755859,0.9764281511306763,4.644834518432617,13.0
dynamic,4,1,297,0.5339110191663107,0.511689457098643,0.022221566786368687,0.5118191730976105,0.5118191730976105,0.0,4.0,4.0,2970.0,2201.0,0.0,0.31999266147613525,0.7311305999755859,0.9764281511306763,4.644834518432617,13.0
dynamic,4,1,298,0.5327901760737102,0.5095556060473124,0.02323456200460593,0.5109125763177872,0.5109125763177872,0.0,4.0,4.0,2980.0,2201.0,0.0,0.31999266147613525,0.7311305999755859,0.9764281511306763,4.644834518432617,13.0
dynamic,4,1,299,0.5320862929026285,0.5108100231488546,0.021276265382766724,0.5091217844684919,0.5091217844684919,0.0,4.0,4.0,2990.0,2201.0,0.0,0.31999266147613525,0.7311305999755859,0.9764281511306763,4.644834518432617,13.0
dynamic,4,1,300,0.532449901898702,0.5112004033724467,0.021249502648909888,0.5116764752070109,0.5116764752070109,0.0,4.0,4.0,3000.0,2201.0,0.0,0.31999266147613525,0.7311305999755859,0.9764281511306763,4.644834518432617,13.0
dynamic,4,1,301,0.5341486771901448,0.5119372987747193,0.022211382612586022,0.510060296356678,0.510060296356678,0.0,4.0,4.0,3010.0,2201.0,0.0,0.31999266147613525,0.7311305999755859,0.9764281511306763,4.644834518432617,13.0
dynamic,4,1,302,0.530227644443512,0.5088379776477814,0.021389669006069503,0.5136424537996451,0.5136424537996451,0.0,4.0,4.0,3020.0,2201.0,0.0,0.31999266147613525,0.7311305999755859,0.9764281511306763,4.644834518432617,13.0
dynamic,4,1,303,0.5275487112998962,0.5059090344111125,0.021639678701758383,0.5074907970925172,0.5074907970925172,0.0,4.0,4.0,3030.0,2201.0,0.0,0.31999266147613525,0.7311305999755859,0.9764281511306763,4.644834518432617,13.0
dynamic,4,1,304,0.5295495490233103,0.5090135133266449,0.020536043494939805,0.5056308248639106,0.5056308248639106,0.0,4.0,4.0,3040.0,2201.0,0.0,0.31999266147613525,0.7311305999755859,0.9764281511306763,4.644834518432617,13.0
dynamic,4,1,305,0.5333921504020691,0.5112509401639302,0.02214121028780937,0.5090515854954719,0.5090515854954719,0.0,4.0,4.0,3050.0,2201.0,0.0,0.31999266147613525,0.7311305999755859,0.9764281511306763,4.644834518432617,13.0
dynamic,4,1,306,0.5297025156021118,0.5077166771888733,0.021985847502946854,0.5042427326738834,0.5042427326738834,0.0,4.0,4.0,3060.0,2201.0,0.0,0.31999266147613525,0.7311305999755859,0.9764281511306763,4.644834518432617,13.0
dynamic,4,1,307,0.5270694613456726,0.5053307326634725,0.021738731786608696,0.5040206982195378,0.5040206982195378,0.0,4.0,4.0,3070.0,2201.0,0.0,0.31999266147613525,0.7311305999755859,0.9764281511306763,4.644834518432617,13.0
dynamic,4,1,308,0.5235606380303701,0.5031401534875234,0.020420494973659515,0.5026940226058165,0.5026940226058165,0.0,4.0,4.0,3080.0,2201.0,0.0,0.31999266147613525,0.7311305999755859,0.9764281511306763,4.644834518432617,13.0
dynamic,4,1,309,0.5257330667972565,0.5051345539093017,0.020598504667480786,0.5065086128811042,0.5065086128811042,0.0,4.0,4.0,3090.0,2201.0,0.0,0.31999266147613525,0.7311305999755859,0.9764281511306763,4.644834518432617,13.0
dynamic,4,1,310,0.5271435817082722,0.5055675148963928,0.021576061149438223,0.5035156158606211,0.5035156158606211,0.0,4.0,4.0,3100.0,2201.0,0.0,0.31999266147613525,0.7311305999755859,0.9764281511306763,4.644834518432617,13.0
dynamic,4,1,311,0.5217739987373352,0.5001240321000417,0.02164996271332105,0.504225474546353,0.504225474546353,0.0,4.0,4.0,3110.0,2201.0,0.0,0.31999266147613525,0.7311305999755859,0.9764281511306763,4.644834518432617,13.0
dynamic,4,1,312,0.5231332182884216,0.5024082032839458,0.02072502002120018,0.5031562707821529,0.5031562707821529,0.0,4.0,4.0,3120.0,2201.0,0.0,0.31999266147613525,0.7311305999755859,0.9764281511306763,4.644834518432617,13.0
dynamic,4,1,313,0.5206779336929321,0.5000837373733521,0.020594189365704854,0.5021986446281275,0.5021986446281275,0.0,4.0,4.0,3130.0,2201.0,0.0,0.31999266147613525,0.7311305999755859,0.9764281511306763,4.644834518432617,13.0
dynamic,4,1,314,0.5238209239641826,0.5020223808288574,0.02179854576786359,0.5005962799489498,0.5005962799489498,0.0,4.0,4.0,3140.0,2201.0,0.0,0.31999266147613525,0.7311305999755859,0.9764281511306763,4.644834518432617,13.0
dynamic,4,1,315,0.5315209809939067,0.5061122063795725,0.025408770640691122,0.5028410082558791,0.5028410082558791,0.0,4.0,4.0,3150.0,2201.0,0.0,0.31999266147613525,0.7311305999755859,0.9764281511306763,4.644834518432617,13.0
dynamic,4,1,316,0.5340605767567953,0.5059892757733663,0.02807130555311839,0.5053725657860438,0.5053725657860438,0.0,4.0,4.0,3160.0,2201.0,0.0,0.31999266147613525,0.7311305999755859,0.9764281511306763,4.644834518432617,13.0
dynamic,4,1,317,0.5283490029970804,0.5027637537320455,0.025585255523522695,0.49676187242070835,0.49676187242070835,0.0,4.0,4.0,3170.0,2201.0,0.0,0.31999266147613525,0.7311305999755859,0.9764281511306763,4.644834518432617,13.0
dynamic,4,1,318,0.5236812925338745,0.5013358418146769,0.022345446348190308,0.5047351353863875,0.5047351353863875,0.0,4.0,4.0,3180.0,2201.0,0.0,0.31999266147613525,0.7311305999755859,0.9764281511306763,4.644834518432617,13.0
dynamic,4,1,319,0.5242555944124857,0.5008719408512116,0.02338365058104197,0.4973974587023258,0.4973974587023258,0.0,4.0,4.0,3190.0,2201.0,0.0,0.31999266147613525,0.7311305999755859,0.9764281511306763,4.644834518432617,13.0
dynamic,4,1,320,0.5289312823613485,0.5030983567237854,0.02583291326959928,0.49881569763024647,0.49881569763024647,0.0,4.0,4.0,3200.0,2201.0,0.0,0.31999266147613525,0.7311305999755859,0.9764281511306763,4.644834518432617,13.0
dynamic,4,1,321,0.5285921486218771,0.49972931543986004,0.028862824539343516,0.49885021140178043,0.49885021140178043,0.0,4.0,4.0,3210.0,2201.0,0.0,0.31999266147613525,0.7311305999755859,0.9764281511306763,4.644834518432617,13.0
dynamic,4,1,322,0.5326156417528788,0.5035873432954152,0.029028297066688538,0.4971917335689068,0.4971917335689068,0.0,4.0,4.0,3220.0,2201.0,0.0,0.31999266147613525,0.7311305999755859,0.9764281511306763,4.644834518432617,13.0
dynamic,4,1,323,0.5199953699111939,0.49393713315327964,0.026058233280976614,0.49662949005762735,0.49662949005762735,0.0,4.0,4.0,3230.0,2201.0,0.0,0.31999266147613525,0.7311305999755859,0.9764281511306763,4.644834518432617,13.0
dynamic,4,1,324,0.5240129534403483,0.49703871766726176,0.026974240069588026,0.49737889717022576,0.49737889717022576,0.0,4.0,4.0,3240.0,2201.0,0.0,0.31999266147613525,0.7311305999755859,0.9764281511306763,4.644834518432617,13.0
dynamic,4,1,325,0.524701050122579,0.4972762624422709,0.027424788822730382,0.4940411422153314,0.4940411422153314,0.0,4.0,4.0,3250.0,2201.0,0.0,0.31999266147613525,0.7311305999755859,0.9764281511306763,4.644834518432617,13.0
dynamic,4,1,326,0.5264639202753703,0.49776014884312947,0.028703773270050685,0.49703664844234785,0.49703664844234785,0.0,4.0,4.0,3260.0,2201.0,0.0,0.31999266147613525,0.7311305999755859,0.9764281511306763,4.644834518432617,13.0
dynamic,4,1,327,0.5229003890355428,0.4942458971341451,0.02865449418624242,0.4939484296242396,0.4939484296242396,0.0,4.0,4.0,3270.0,2201.0,0.0,0.31999266147613525,0.7311305999755859,0.9764281511306763,4.644834518432617,13.0
dynamic,4,1,328,0.5201656238238017,0.4905877415339152,0.029577879110972087,0.4967813731233279,0.4967813731233279,0.0,4.0,4.0,3280.0,2201.0,0.0,0.31999266147613525,0.7311305999755859,0.9764281511306763,4.644834518432617,13.0
dynamic,4,1,329,0.5225364247957865,0.49432258764902753,0.028213836774230002,0.4902834869424502,0.4902834869424502,0.0,4.0,4.0,3290.0,2201.0,0.0,0.31999266147613525,0.7311305999755859,0.9764281511306763,4.644834518432617,13.0
dynamic,4,1,330,0.5240661787986756,0.4951851411660512,0.028881043121218683,0.4951609676579634,0.4951609676579634,0.0,4.0,4.0,3300.0,2201.0,0.0,0.31999266147613525,0.7311305999755859,0.9764281511306763,4.644834518432617,13.0
dynamic,4,1,331,0.5242147775491078,0.49404394507408145,0.03017083351810773,0.4898178671300411,0.4898178671300411,0.0,4.0,4.0,3310.0,2201.0,0.0,0.31999266147613525,0.7311305999755859,0.9764281511306763,4.644834518432617,13.0
dynamic,4,1,332,0.5341713539759319,0.4998179809252421,0.034353373100360234,0.4907812150319417,0.4907812150319417,0.0,4.0,4.0,3320.0,2201.0,0.0,0.31999266147613525,0.7311305999755859,0.9764281511306763,4.644834518432617,13.0
dynamic,4,1,333,0.5276642266909282,0.49146159132321676,0.03620263417561849,0.49141183982292813,0.49141183982292813,0.0,4.0,4.0,3330.0,2201.0,0.0,0.31999266147613525,0.7311305999755859,0.9764281511306763,4.644834518432617,13.0
dynamic,4,1,334,0.5273767979939779,0.49658061504364015,0.030796182950337727,0.49041721244653064,0.49041721244653064,0.0,4.0,4.0,3340.0,2201.0,0.0,0.31999266147613525,0.7311305999755859,0.9764281511306763,4.644834518432617,13.0
dynamic,4,1,335,0.5190998919804891,0.4895641223589579,0.02953577518463135,0.48834315637747444,0.48834315637747444,0.0,4.0,4.0,3350.0,2201.0,0.0,0.31999266147613525,0.7311305999755859,0.9764281511306763,4.644834518432617,13.0
dynamic,4,1,336,0.5222653905550639,0.49037087202072144,0.03189452034731706,0.4918231040239334,0.4918231040239334,0.0,4.0,4.0,3360.0,2201.0,0.0,0.31999266147613525,0.7311305999755859,0.9764281511306763,4.644834518432617,13.0
dynamic,4,1,337,0.5281618086496989,0.4930070439974467,0.03515477140744527,0.4868427907427152,0.4868427907427152,0.0,4.0,4.0,3370.0,2201.0,0.0,0.31999266147613525,0.7311305999755859,0.9764281511306763,4.644834518432617,13.0
dynamic,4,1,338,0.5292843834559122,0.4956185396512349,0.03366583257913589,0.49280498708287873,0.49280498708287873,0.0,4.0,4.0,3380.0,2201.0,0.0,0.31999266147613525,0.7311305999755859,0.9764281511306763,4.644834518432617,13.0
dynamic,4,1,339,0.5216644628842672,0.48999350786209106,0.03167095293601354,0.4871857050557931,0.4871857050557931,0.0,4.0,4.0,3390.0,2201.0,0.0,0.31999266147613525,0.7311305999755859,0.9764281511306763,4.644834518432617,13.0
dynamic,4,1,340,0.5265272235870362,0.49539294878641765,0.031134279668331145,0.48655833780765534,0.48655833780765534,0.0,4.0,4.0,3400.0,2201.0,0.0,0.31999266147613525,0.7311305999755859,0.9764281511306763,4.644834518432617,13.0
dynamic,4,1,341,0.5134489003817241,0.48505098263422647,0.028397914866606394,0.4866039738555749,0.4866039738555749,0.0,4.0,4.0,3410.0,2201.0,0.0,0.31999266147613525,0.7311305999755859,0.9764281511306763,4.644834518432617,13.0
dynamic,4,1,342,0.5133996852238973,0.4857434153556824,0.027656274686257046,0.4880265379945437,0.4880265379945437,0.0,4.0,4.0,3420.0,2201.0,0.0,0.31999266147613525,0.7311305999755859,0.9764281511306763,4.644834518432617,13.0
dynamic,4,1,343,0.5193034060796102,0.4877048412958781,0.031598563690980276,0.48285876338680583,0.48285876338680583,0.0,4.0,4.0,3430.0,2201.0,0.0,0.31999266147613525,0.7311305999755859,0.9764281511306763,4.644834518432617,13.0
dynamic,4,1,344,0.5148375678062439,0.4843484266599019,0.030489140500624973,0.4827283259232839,0.4827283259232839,0.0,4.0,4.0,3440.0,2201.0,0.0,0.31999266147613525,0.7311305999755859,0.9764281511306763,4.644834518432617,13.0
dynamic,4,1,345,0.5249649198849996,0.49335391998291017,0.03161100566387177,0.4856877631942431,0.4856877631942431,0.0,4.0,4.0,3450.0,2201.0,0.0,0.31999266147613525,0.7311305999755859,0.9764281511306763,4.644834518432617,13.0
dynamic,4,1,346,0.5156149439016978,0.4877176551024119,0.027897286464770635,0.49175650959213574,0.49175650959213574,0.0,4.0,4.0,3460.0,2201.0,0.0,0.31999266147613525,0.7311305999755859,0.9764281511306763,4.644834518432617,13.0
dynamic,4,1,347,0.5127894918123881,0.48411090970039367,0.028678586184978486,0.486190612912178,0.486190612912178,0.0,4.0,4.0,3470.0,2201.0,0.0,0.31999266147613525,0.7311305999755859,0.9764281511306763,4.644834518432617,13.0
dynamic,4,1,348,0.5192611678441366,0.4877255880832672,0.031535577327013016,0.4802778213719527,0.4802778213719527,0.0,4.0,4.0,3480.0,2201.0,0.0,0.31999266147613525,0.7311305999755859,0.9764281511306763,4.644834518432617,13.0
dynamic,4,1,349,0.5126578823725383,0.48074282964070636,0.031915051539738976,0.47774598757425946,0.47774598757425946,0.0,4.0,4.0,3490.0,2201.0,0.0,0.31999266147613525,0.7311305999755859,0.9764281511306763,4.644834518432617,13.0
dynamic,4,1,350,0.5173545332749685,0.48894631028175356,0.028408213704824447,0.4835727864007155,0.4835727864007155,0.0,4.0,4.0,3500.0,2201.0,0.0,0.31999266147613525,0.7311305999755859,0.9764281511306763,4.644834518432617,13.0
dynamic,4,1,351,0.5111083404223125,0.48153095960617065,0.02957738786935806,0.48719384615619976,0.48719384615619976,0.0,4.0,4.0,3510.0,2201.0,0.0,0.31999266147613525,0.7311305999755859,0.9764281511306763,4.644834518432617,13.0
dynamic,4,1,352,0.512797204653422,0.48204988360404966,0.030747323036193847,0.48410233373443284,0.48410233373443284,0.0,4.0,4.0,3520.0,2201.0,0.0,0.31999266147613525,0.7311305999755859,0.9764281511306763,4.644834518432617,13.0
dynamic,4,1,353,0.5062667075792948,0.4781548738479614,0.028111830279231073,0.47994022483627,0.47994022483627,0.0,4.0,4.0,3530.0,2201.0,0.0,0.31999266147613525,0.7311305999755859,0.9764281511306763,4.644834518432617,13.0
dynamic,4,1,354,0.5184166955947876,0.4874743060270945,0.030942392349243165,0.4793624798953533,0.4793624798953533,0.0,4.0,4.0,3540.0,2201.0,0.0,0.31999266147613525,0.7311305999755859,0.9764281511306763,4.644834518432617,13.0
dynamic,4,1,355,0.5141236082712809,0.485456672112147,0.02866693280637264,0.48229929625988005,0.48229929625988005,0.0,4.0,4.0,3550.0,2201.0,0.0,0.31999266147613525,0.7311305999755859,0.9764281511306763,4.644834518432617,13.0
dynamic,4,1,356,0.5060909509658813,0.47874589840571086,0.027345058719317118,0.4891296924153964,0.4891296924153964,0.0,4.0,4.0,3560.0,2201.0,0.0,0.31999266147613525,0.7311305999755859,0.9764281511306763,4.644834518432617,13.0
dynamic,4,1,357,0.5082837887605032,0.47955339789390566,0.02873039409518242,0.47737447957197826,0.47737447957197826,0.0,4.0,4.0,3570.0,2201.0,0.0,0.31999266147613525,0.7311305999755859,0.9764281511306763,4.644834518432617,13.0
dynamic,4,1,358,0.5039582943916321,0.4758135569095612,0.028144732415676117,0.47766183599829676,0.47766183599829676,0.0,4.0,4.0,3580.0,2201.0,0.0,0.31999266147613525,0.7311305999755859,0.9764281511306763,4.644834518432617,13.0
dynamic,4,1,359,0.5074107495943705,0.4771839471658071,0.030226800441741943,0.46989818250139553,0.46989818250139553,0.0,4.0,4.0,3590.0,2201.0,0.0,0.31999266147613525,0.7311305999755859,0.9764281511306763,4.644834518432617,13.0
dynamic,4,1,360,0.5022136791547139,0.4755267409483592,0.026686933288971582,0.47393355960647265,0.47393355960647265,0.0,4.0,4.0,3600.0,2201.0,0.0,0.31999266147613525,0.7311305999755859,0.9764281511306763,4.644834518432617,13.0
dynamic,4,1,361,0.5026027782758077,0.4769957725207011,0.02560700530807177,0.4779232447346052,0.4779232447346052,0.0,4.0,4.0,3610.0,2201.0,0.0,0.31999266147613525,0.7311305999755859,0.9764281511306763,4.644834518432617,13.0
dynamic,4,1,362,0.4989606881141663,0.4684905548890432,0.030470126966635386,0.4732005485892296,0.4732005485892296,0.0,4.0,4.0,3620.0,2201.0,0.0,0.31999266147613525,0.7311305999755859,0.9764281511306763,4.644834518432617,13.0
dynamic,4,1,363,0.495332684914271,0.4670418465137482,0.028290839145580927,0.4650570337474346,0.4650570337474346,0.0,4.0,4.0,3630.0,2201.0,0.0,0.31999266147613525,0.7311305999755859,0.9764281511306763,4.644834518432617,13.0
dynamic,4,1,364,0.495490345954895,0.46743342955907186,0.028056919872760773,0.4650412576893965,0.4650412576893965,0.0,4.0,4.0,3640.0,2201.0,0.0,0.31999266147613525,0.7311305999755859,0.9764281511306763,4.644834518432617,13.0
dynamic,4,1,365,0.5010517632961273,0.47172454992930096,0.029327207307020823,0.47405515899260836,0.47405515899260836,0.0,4.0,4.0,3650.0,2201.0,0.0,0.31999266147613525,0.7311305999755859,0.9764281511306763,4.644834518432617,13.0
dynamic,4,1,366,0.4975997932751973,0.46926058928171793,0.028339203223586084,0.4644226823747158,0.4644226823747158,0.0,4.0,4.0,3660.0,2201.0,0.0,0.31999266147613525,0.7311305999755859,0.9764281511306763,4.644834518432617,13.0
dynamic,4,1,367,0.496382573445638,0.4675466314951579,0.028835938274860383,0.47208118726809817,0.47208118726809817,0.0,4.0,4.0,3670.0,2201.0,0.0,0.31999266147613525,0.7311305999755859,0.9764281511306763,4.644834518432617,13.0
dynamic,4,1,368,0.4929943855603536,0.46239862402280174,0.03059576893846194,0.4552075713624557,0.4552075713624557,0.0,4.0,4.0,3680.0,2201.0,0.0,0.31999266147613525,0.7311305999755859,0.9764281511306763,4.644834518432617,13.0
dynamic,4,1,369,0.49382133563359576,0.46516318480173746,0.02865814968943596,0.45761371073623497,0.45761371073623497,0.0,4.0,4.0,3690.0,2201.0,0.0,0.31999266147613525,0.7311305999755859,0.9764281511306763,4.644834518432617,13.0
dynamic,4,1,370,0.49089456160863243,0.4620499881108602,0.028844576279322305,0.4554296882450581,0.4554296882450581,0.0,4.0,4.0,3700.0,2201.0,0.0,0.31999266147613525,0.7311305999755859,0.9764281511306763,4.644834518432617,13.0
dynamic,4,1,371,0.4869418446222941,0.4588059850533803,0.02813585691154003,0.46616678749521573,0.46616678749521573,0.0,4.0,4.0,3710.0,2201.0,0.0,0.31999266147613525,0.7311305999755859,0.9764281511306763,4.644834518432617,13.0
dynamic,4,1,372,0.49037187059720355,0.46021641929944357,0.030155451595783235,0.4518777781228224,0.4518777781228224,0.0,4.0,4.0,3720.0,2201.0,0.0,0.31999266147613525,0.7311305999755859,0.9764281511306763,4.644834518432617,13.0
dynamic,4,1,373,0.4819268584251404,0.4516150216261546,0.030311834067106247,0.45159908031423884,0.45159908031423884,0.0,4.0,4.0,3730.0,2201.0,0.0,0.31999266147613525,0.7311305999755859,0.9764281511306763,4.644834518432617,13.0
dynamic,4,1,374,0.4864648111661275,0.45493234515190123,0.03153247023622195,0.4571149940540393,0.4571149940540393,0.0,4.0,4.0,3740.0,2201.0,0.0,0.31999266147613525,0.7311305999755859,0.9764281511306763,4.644834518432617,13.0
dynamic,4,1,375,0.47855674346288046,0.4473085836569468,0.03124815804262956,0.4587261487543583,0.4587261487543583,0.0,4.0,4.0,3750.0,2201.0,0.0,0.31999266147613525,0.7311305999755859,0.9764281511306763,4.644834518432617,13.0
dynamic,4,1,376,0.4723319947719574,0.4409343640009562,0.0313976305226485,0.44094615248342356,0.44094615248342356,0.0,4.0,4.0,3760.0,2201.0,0.0,0.31999266147613525,0.7311305999755859,0.9764281511306763,4.644834518432617,13.0
dynamic,4,1,377,0.4676124080022176,0.43545197129249574,0.03216043775280317,0.4362535466750463,0.4362535466750463,0.0,4.0,4.0,3770.0,2201.0,0.0,0.31999266147613525,0.7311305999755859,0.9764281511306763,4.644834518432617,13.0
dynamic,4,1,378,0.47291380206743877,0.441435098250707,0.03147870195408662,0.435181327710549,0.435181327710549,0.0,4.0,4.0,3780.0,2201.0,0.0,0.31999266147613525,0.7311305999755859,0.9764281511306763,4.644834518432617,13.0
dynamic,4,1,379,0.4675035818417867,0.4355474336942037,0.031956148544947306,0.4459066397945086,0.4459066397945086,0.0,4.0,4.0,3790.0,2201.0,0.0,0.31999266147613525,0.7311305999755859,0.9764281511306763,4.644834518432617,13.0
dynamic,4,1,380,0.4626725379625956,0.42829503655433654,0.03437750185529391,0.42175716362893584,0.42175716362893584,0.0,4.0,4.0,3800.0,2201.0,0.0,0.31999266147613525,0.7311305999755859,0.9764281511306763,4.644834518432617,13.0
dynamic,4,1,381,0.4784711186091105,0.4401530679066976,0.0383180537323157,0.4303931666910648,0.4303931666910648,0.0,4.0,4.0,3810.0,2201.0,0.0,0.31999266147613525,0.7311305999755859,0.9764281511306763,4.644834518432617,13.0
dynamic,4,1,382,0.4560999814669291,0.4228539514541626,0.03324602986375491,0.41842768537501496,0.41842768537501496,0.0,4.0,4.0,3820.0,2201.0,0.0,0.31999266147613525,0.7311305999755859,0.9764281511306763,4.644834518432617,13.0
dynamic,4,1,383,0.46575684666633604,0.4275068028767904,0.038250038723150886,0.423587869182229,0.423587869182229,0.0,4.0,4.0,3830.0,2201.0,0.0,0.31999266147613525,0.7311305999755859,0.9764281511306763,4.644834518432617,13.0
dynamic,4,1,384,0.4597379167874654,0.42396153648694357,0.03577638546625773,0.4134061408042908,0.4134061408042908,0.0,4.0,4.0,3840.0,2201.0,0.0,0.31999266147613525,0.7311305999755859,0.9764281511306763,4.644834518432617,13.0
dynamic,4,1,385,0.4624353019396464,0.4282007304827372,0.034234579304854074,0.41703312218189237,0.41703312218189237,0.0,4.0,4.0,3850.0,2201.0,0.0,0.31999266147613525,0.7311305999755859,0.9764281511306763,4.644834518432617,13.0
dynamic,4,1,386,0.4534675566355387,0.4205948928991953,0.032872667461633684,0.4175647933781147,0.4175647933781147,0.0,4.0,4.0,3860.0,2201.0,0.0,0.31999266147613525,0.7311305999755859,0.9764281511306763,4.644834518432617,13.0
dynamic,4,1,387,0.4523582180341085,0.41978722174962363,0.032570994198322295,0.40823146447539327,0.40823146447539327,0.0,4.0,4.0,3870.0,2201.0,0.0,0.31999266147613525,0.7311305999755859,0.9764281511306763,4.644834518432617,13.0
dynamic,4,1,388,0.4565900500615438,0.4225271681944529,0.0340628781914711,0.4290124220152696,0.4290124220152696,0.0,4.0,4.0,3880.0,2201.0,0.0,0.31999266147613525,0.7311305999755859,0.9764281511306763,4.644834518432617,13.0
dynamic,4,1,389,0.444508802096049,0.41369238058725993,0.030816420316696166,0.4032143750290076,0.4032143750290076,0.0,4.0,4.0,3890.0,2201.0,0.0,0.31999266147613525,0.7311305999755859,0.9764281511306763,4.644834518432617,13.0
dynamic,4,1,390,0.4592250951131185,0.42447569052378337,0.03474940081437429,0.41983056247234346,0.41983056247234346,0.0,4.0,4.0,3900.0,2201.0,0.0,0.31999266147613525,0.7311305999755859,0.9764281511306763,4.644834518432617,13.0
dynamic,4,1,391,0.43559921145439146,0.4053047855695089,0.03029443254073461,0.3973070937891801,0.3973070937891801,0.0,4.0,4.0,3910.0,2201.0,0.0,0.31999266147613525,0.7311305999755859,0.9764281511306763,4.644834518432617,13.0
dynamic,4,1,392,0.44177278558413186,0.4114854311943054,0.030287349472443263,0.396306379288435,0.396306379288435,0.0,4.0,4.0,3920.0,2201.0,0.0,0.31999266147613525,0.7311305999755859,0.9764281511306763,4.644834518432617,13.0
dynamic,4,1,393,0.43010051727294923,0.3993135543664296,0.030786960621674856,0.39486017167568205,0.39486017167568205,0.0,4.0,4.0,3930.0,2201.0,0.0,0.31999266147613525,0.7311305999755859,0.9764281511306763,4.644834518432617,13.0
dynamic,4,1,394,0.4285634136199951,0.3982591899236043,0.03030422329902649,0.38907297109564143,0.38907297109564143,0.0,4.0,4.0,3940.0,2201.0,0.0,0.31999266147613525,0.7311305999755859,0.9764281511306763,4.644834518432617,13.0
dynamic,4,1,395,0.43207444190979005,0.402507483959198,0.029566956212123234,0.38907444685697556,0.38907444685697556,0.0,4.0,4.0,3950.0,2201.0,0.0,0.31999266147613525,0.7311305999755859,0.9764281511306763,4.644834518432617,13.0
dynamic,4,1,396,0.4265475392341614,0.397015734910965,0.029531804372866947,0.3877803922196229,0.3877803922196229,0.0,4.0,4.0,3960.0,2201.0,0.0,0.31999266147613525,0.7311305999755859,0.9764281511306763,4.644834518432617,13.0
dynamic,4,1,397,0.4386888102690379,0.40616397897402445,0.032524833977222445,0.3826559312641621,0.3826559312641621,0.0,4.0,4.0,3970.0,2201.0,0.0,0.31999266147613525,0.7311305999755859,0.9764281511306763,4.644834518432617,13.0
dynamic,4,1,398,0.4170791435241699,0.38748340169588724,0.02959574361642202,0.37969498763481774,0.37969498763481774,0.0,4.0,4.0,3980.0,2201.0,0.0,0.31999266147613525,0.7311305999755859,0.9764281511306763,4.644834518432617,13.0
dynamic,4,1,399,0.4284563354651133,0.3956071106592814,0.03284922661880652,0.3809694170455138,0.3809694170455138,0.0,4.0,4.0,3990.0,2201.0,0.0,0.31999266147613525,0.7311305999755859,0.9764281511306763,4.644834518432617,13.0
dynamic,4,1,400,0.4117472767829895,0.38109686175982155,0.030650413980086645,0.3779863462348779,0.3779863462348779,0.0,4.0,4.0,4000.0,2201.0,0.0,0.31999266147613525,0.7311305999755859,0.9764281511306763,4.644834518432617,13.0
dynamic,4,1,401,0.4308545962969462,0.39730483094851177,0.033549766192833584,0.37298769066731136,0.37298769066731136,0.0,4.0,4.0,4010.0,2201.0,0.0,0.31999266147613525,0.7311305999755859,0.9764281511306763,4.644834518432617,13.0
dynamic,4,1,402,0.4106231693426768,0.37975090861320493,0.030872259636720023,0.37358342843751113,0.37358342843751113,0.0,4.0,4.0,4020.0,2201.0,0.0,0.31999266147613525,0.7311305999755859,0.9764281511306763,4.644834518432617,13.0
dynamic,4,1,403,0.4200513780117035,0.38808428605397544,0.03196709468960762,0.3734013022730748,0.3734013022730748,0.0,4.0,4.0,4030.0,2201.0,0.0,0.31999266147613525,0.7311305999755859,0.9764281511306763,4.644834518432617,13.0
dynamic,4,1,404,0.4148029120763143,0.38393235166867573,0.030870563387870788,0.37064753763377667,0.37064753763377667,0.0,4.0,4.0,4040.0,2201.0,0.0,0.31999266147613525,0.7311305999755859,0.9764281511306763,4.644834518432617,13.0
dynamic,4,1,405,0.40912221630414325,0.3770093067487081,0.0321129097789526,0.37198684682448707,0.37198684682448707,0.0,4.0,4.0,4050.0,2201.0,0.0,0.31999266147613525,0.7311305999755859,0.9764281511306763,4.644834518432617,13.0
dynamic,4,1,406,0.4165618141492208,0.383784795999527,0.032777021179596584,0.3660975986967484,0.3660975986967484,0.0,4.0,4.0,4060.0,2201.0,0.0,0.31999266147613525,0.7311305999755859,0.9764281511306763,4.644834518432617,13.0
dynamic,4,1,407,0.40837903221448263,0.376582422653834,0.03179661333560944,0.36807573181887465,0.36807573181887465,0.0,4.0,4.0,4070.0,2201.0,0.0,0.31999266147613525,0.7311305999755859,0.9764281511306763,4.644834518432617,13.0
dynamic,4,1,408,0.41238441586494445,0.3806260661284129,0.03175834546486537,0.3604504296928644,0.3604504296928644,0.0,4.0,4.0,4080.0,2201.0,0.0,0.31999266147613525,0.7311305999755859,0.9764281511306763,4.644834518432617,13.0
dynamic,4,1,409,0.400984746615092,0.37010915954907736,0.030875593622525534,0.35666913658380506,0.35666913658380506,0.0,4.0,4.0,4090.0,2201.0,0.0,0.31999266147613525,0.7311305999755859,0.9764281511306763,4.644834518432617,13.0
dynamic,4,1,410,0.4042636573314667,0.3687575646241506,0.035506094694137576,0.3623827015856902,0.3623827015856902,0.0,4.0,4.0,4100.0,2201.0,0.0,0.31999266147613525,0.7311305999755859,0.9764281511306763,4.644834518432617,13.0
dynamic,4,1,411,0.4070523166656494,0.3740832686424255,0.032969051202138264,0.3560653478403886,0.3560653478403886,0.0,4.0,4.0,4110.0,2201.0,0.0,0.31999266147613525,0.7311305999755859,0.9764281511306763,4.644834518432617,13.0
dynamic,4,1,412,0.3927644979953766,0.3605394180615743,0.032225077599287034,0.3620008378724257,0.3620008378724257,0.0,4.0,4.0,4120.0,2201.0,0.0,0.31999266147613525,0.7311305999755859,0.9764281511306763,4.644834518432617,13.0
dynamic,4,1,413,0.40775062958399455,0.3733740758895874,0.034376555383205415,0.3468281965206067,0.3468281965206067,0.0,4.0,4.0,4130.0,2201.0,0.0,0.31999266147613525,0.7311305999755859,0.9764281511306763,4.644834518432617,13.0
dynamic,4,1,414,0.40914448897043865,0.3735264746348063,0.035618022034565607,0.3525026242683331,0.3525026242683331,0.0,4.0,4.0,4140.0,2201.0,0.0,0.31999266147613525,0.7311305999755859,0.9764281511306763,4.644834518432617,13.0
dynamic,4,1,415,0.3972375011444092,0.3624132247765859,0.034824276566505434,0.3528891937186321,0.3528891937186321,0.0,4.0,4.0,4150.0,2201.0,0.0,0.31999266147613525,0.7311305999755859,0.9764281511306763,4.644834518432617,13.0
dynamic,4,1,416,0.3930522914727529,0.360692963997523,0.03235933090249697,0.3462604837367932,0.3462604837367932,0.0,4.0,4.0,4160.0,2201.0,0.0,0.31999266147613525,0.7311305999755859,0.9764281511306763,4.644834518432617,13.0
dynamic,4,1,417,0.4020325795809428,0.36643436272939045,0.03559821377197901,0.33986920801301795,0.33986920801301795,0.0,4.0,4.0,4170.0,2201.0,0.0,0.31999266147613525,0.7311305999755859,0.9764281511306763,4.644834518432617,13.0
dynamic,4,1,418,0.39512550751368203,0.35956035534540814,0.035565146853526436,0.34954576037824153,0.34954576037824153,0.0,4.0,4.0,4180.0,2201.0,0.0,0.31999266147613525,0.7311305999755859,0.9764281511306763,4.644834518432617,13.0
dynamic,4,1,419,0.38759345014890034,0.3546267565091451,0.03296669592459996,0.3530487918605407,0.3530487918605407,0.0,4.0,4.0,4190.0,2201.0,0.0,0.31999266147613525,0.7311305999755859,0.9764281511306763,4.644834518432617,13.0
dynamic,4,1,420,0.3829081304868062,0.3501718878746033,0.0327362463871638,0.3375499471525351,0.3375499471525351,0.0,4.0,4.0,4200.0,2201.0,0.0,0.31999266147613525,0.7311305999755859,0.9764281511306763,4.644834518432617,13.0
dynamic,4,1,421,0.38216892719268797,0.34975752115249636,0.03241141090790431,0.3301040914406379,0.3301040914406379,0.0,4.0,4.0,4210.0,2201.0,0.0,0.31999266147613525,0.7311305999755859,0.9764281511306763,4.644834518432617,13.0
dynamic,4,1,422,0.38746394236882525,0.3539061180750529,0.03355782856543859,0.332169745589296,0.332169745589296,0.0,4.0,4.0,4220.0,2201.0,0.0,0.31999266147613525,0.7311305999755859,0.9764281511306763,4.644834518432617,13.0
dynamic,4,1,423,0.3894324282805125,0.3553805410861969,0.03405188630024592,0.34273016308744747,0.34273016308744747,0.0,4.0,4.0,4230.0,2201.0,0.0,0.31999266147613525,0.7311305999755859,0.9764281511306763,4.644834518432617,13.0
dynamic,4,1,424,0.3752996774514516,0.34176398992538454,0.033535688867171606,0.3339853738496701,0.3339853738496701,0.0,4.0,4.0,4240.0,2201.0,0.0,0.31999266147613525,0.7311305999755859,0.9764281511306763,4.644834518432617,13.0
dynamic,4,1,425,0.38029314756393434,0.34632171591122946,0.033971430957317354,0.3264794033269087,0.3264794033269087,0.0,4.0,4.0,4250.0,2201.0,0.0,0.31999266147613525,0.7311305999755859,0.9764281511306763,4.644834518432617,13.0
dynamic,4,1,426,0.3810775601863861,0.34523511489232384,0.03584243983030319,0.33637994406123956,0.33637994406123956,0.0,4.0,4.0,4260.0,2201.0,0.0,0.31999266147613525,0.7311305999755859,0.9764281511306763,4.644834518432617,13.0
dynamic,4,1,427,0.3764529625574748,0.34439166108767194,0.03206130226453145,0.3327705746889114,0.3327705746889114,0.0,4.0,4.0,4270.0,2201.0,0.0,0.31999266147613525,0.7311305999755859,0.9764281511306763,4.644834518432617,13.0
dynamic,4,1,428,0.37475217660268145,0.34045745809872946,0.034294720888137814,0.3317201040436824,0.3317201040436824,0.0,4.0,4.0,4280.0,2201.0,0.0,0.31999266147613525,0.7311305999755859,0.9764281511306763,4.644834518432617,13.0
dynamic,4,1,429,0.3779693818092346,0.3433608945210775,0.03460848264396191,0.31635396152734757,0.31635396152734757,0.0,4.0,4.0,4290.0,2201.0,0.0,0.31999266147613525,0.7311305999755859,0.9764281511306763,4.644834518432617,13.0
dynamic,4,1,430,0.3630398221810659,0.33109277963638306,0.031947043389081956,0.32558254167437556,0.32558254167437556,0.0,4.0,4.0,4300.0,2201.0,0.0,0.31999266147613525,0.7311305999755859,0.9764281511306763,4.644834518432617,13.0
dynamic,4,1,431,0.3664994168281555,0.33424434423446653,0.03225507318973541,0.32702318295836447,0.32702318295836447,0.0,4.0,4.0,4310.0,2201.0,0.0,0.31999266147613525,0.7311305999755859,0.9764281511306763,4.644834518432617,13.0
dynamic,4,1,432,0.3528199684619904,0.3228428113460541,0.02997715912759304,0.319194592833519,0.319194592833519,0.0,4.0,4.0,4320.0,2201.0,0.0,0.31999266147613525,0.7311305999755859,0.9764281511306763,4.644834518432617,13.0
dynamic,4,1,433,0.3646515719095866,0.3313258755207062,0.03332570026318232,0.30941277869045736,0.30941277869045736,0.0,4.0,4.0,4330.0,2201.0,0.0,0.31999266147613525,0.7311305999755859,0.9764281511306763,4.644834518432617,13.0
dynamic,4,1,434,0.3464292291800181,0.3160533853371938,0.030375842278202374,0.3093322500338157,0.3093322500338157,0.0,4.0,4.0,4340.0,2201.0,0.0,0.31999266147613525,0.7311305999755859,0.9764281511306763,4.644834518432617,13.0
dynamic,4,1,435,0.3578811721007029,0.32552364985148113,0.03235752006371816,0.32080769814550875,0.32080769814550875,0.0,4.0,4.0,4350.0,2201.0,0.0,0.31999266147613525,0.7311305999755859,0.9764281511306763,4.644834518432617,13.0
dynamic,4,1,436,0.34388314247131346,0.3146519867579142,0.02923115387558937,0.329752776324749,0.329752776324749,0.0,4.0,4.0,4360.0,2201.0,0.0,0.31999266147613525,0.7311305999755859,0.9764281511306763,4.644834518432617,13.0
dynamic,4,1,437,0.3623973302046458,0.3297439773877462,0.03265335907538732,0.30248342086871466,0.30248342086871466,0.0,4.0,4.0,4370.0,2201.0,0.0,0.31999266147613525,0.7311305999755859,0.9764281511306763,4.644834518432617,13.0
dynamic,4,1,438,0.3367331024010976,0.30809407790501914,0.028639024024208388,0.30241045768062275,0.30241045768062275,0.0,4.0,4.0,4380.0,2201.0,0.0,0.31999266147613525,0.7311305999755859,0.9764281511306763,4.644834518432617,13.0
dynamic,4,1,439,0.3487142427762349,0.31742310444513955,0.03129113366206487,0.30323410118619604,0.30323410118619604,0.0,4.0,4.0,4390.0,2201.0,0.0,0.31999266147613525,0.7311305999755859,0.9764281511306763,4.644834518432617,13.0
dynamic,4,1,440,0.3423635911941528,0.31149198293685915,0.03087160473068555,0.3062826663504044,0.3062826663504044,0.0,4.0,4.0,4400.0,2201.0,0.0,0.31999266147613525,0.7311305999755859,0.9764281511306763,4.644834518432617,13.0
dynamic,4,1,441,0.35112377683321633,0.3197487803300222,0.03137499441703161,0.3016163099060456,0.3016163099060456,0.0,4.0,4.0,4410.0,2201.0,0.0,0.31999266147613525,0.7311305999755859,0.9764281511306763,4.644834518432617,13.0
dynamic,4,1,442,0.3491807361443838,0.3155931178728739,0.0335876139998436,0.2952751041203737,0.2952751041203737,0.0,4.0,4.0,4420.0,2201.0,0.0,0.31999266147613525,0.7311305999755859,0.9764281511306763,4.644834518432617,13.0
dynamic,4,1,443,0.3399308037757873,0.3092011398077011,0.03072966478765011,0.2958127582569917,0.2958127582569917,0.0,4.0,4.0,4430.0,2201.0,0.0,0.31999266147613525,0.7311305999755859,0.9764281511306763,4.644834518432617,13.0
dynamic,4,1,444,0.3263593856493632,0.29856002787748975,0.027799356281757354,0.30173654899001123,0.30173654899001123,0.0,4.0,4.0,4440.0,2201.0,0.0,0.31999266147613525,0.7311305999755859,0.9764281511306763,4.644834518432617,13.0
dynamic,4,1,445,0.3417185914516449,0.30975659648577375,0.03196199665466944,0.2983773653457562,0.2983773653457562,0.0,4.0,4.0,4450.0,2201.0,0.0,0.31999266147613525,0.7311305999755859,0.9764281511306763,4.644834518432617,13.0
dynamic,4,1,446,0.33556413372357685,0.3044616321722666,0.031102501302957535,0.29422297077874343,0.29422297077874343,0.0,4.0,4.0,4460.0,2201.0,0.0,0.31999266147613525,0.7311305999755859,0.9764281511306763,4.644834518432617,13.0
dynamic,4,1,447,0.3465287991364797,0.31291608889897665,0.03361271341641744,0.2929372765620549,0.2929372765620549,0.0,4.0,4.0,4470.0,2201.0,0.0,0.31999266147613525,0.7311305999755859,0.9764281511306763,4.644834518432617,13.0
dynamic,4,1,448,0.32697396755218505,0.2997030476729075,0.027270924746990204,0.2967447312921286,0.2967447312921286,0.0,4.0,4.0,4480.0,2201.0,0.0,0.31999266147613525,0.7311305999755859,0.9764281511306763,4.644834518432617,13.0
dynamic,4,1,449,0.3731750237941742,0.33244635542233786,0.04072866469621658,0.3291690512249867,0.3291690512249867,0.0,4.0,4.0,4490.0,2201.0,0.0,0.31999266147613525,0.7311305999755859,0.9764281511306763,4.644834518432617,13.0
dynamic,4,1,450,0.33208258549372355,0.30035833915074667,0.03172424669067065,0.28620838657021525,0.28620838657021525,0.0,4.0,4.0,4500.0,2201.0,0.0,0.31999266147613525,0.7311305999755859,0.9764281511306763,4.644834518432617,13.0
dynamic,4,1,451,0.33122728824615477,0.3005917282899221,0.030635560949643453,0.2942617526650429,0.2942617526650429,0.0,4.0,4.0,4510.0,2201.0,0.0,0.31999266147613525,0.7311305999755859,0.9764281511306763,4.644834518432617,13.0
dynamic,4,1,452,0.3407519543170929,0.30887515664100645,0.03187679871916771,0.29069985238214335,0.29069985238214335,0.0,4.0,4.0,4520.0,2201.0,0.0,0.31999266147613525,0.7311305999755859,0.9764281511306763,4.644834518432617,13.0
dynamic,4,1,453,0.32159863074620565,0.2924042582511902,0.029194376866022744,0.2900843970974286,0.2900843970974286,0.0,4.0,4.0,4530.0,2201.0,0.0,0.31999266147613525,0.7311305999755859,0.9764281511306763,4.644834518432617,13.0
dynamic,4,1,454,0.3337855120499929,0.30038562734921775,0.03339988480011622,0.28322831956048805,0.28322831956048805,0.0,4.0,4.0,4540.0,2201.0,0.0,0.31999266147613525,0.7311305999755859,0.9764281511306763,4.644834518432617,13.0
dynamic,4,1,455,0.3182798496882121,0.2875499431292216,0.03072990447282791,0.29127447088559466,0.29127447088559466,0.0,4.0,4.0,4550.0,2201.0,0.0,0.31999266147613525,0.7311305999755859,0.9764281511306763,4.644834518432617,13.0
dynamic,4,1,456,0.309673175017039,0.2819190657138824,0.027754114667574565,0.2809017667422692,0.2809017667422692,0.0,4.0,4.0,4560.0,2201.0,0.0,0.31999266147613525,0.7311305999755859,0.9764281511306763,4.644834518432617,13.0
dynamic,4,1,457,0.31924770792325335,0.2896966087818146,0.02955110266804695,0.28705043273667497,0.28705043273667497,0.0,4.0,4.0,4570.0,2201.0,0.0,0.31999266147613525,0.7311305999755859,0.9764281511306763,4.644834518432617,13.0
dynamic,4,1,458,0.32240167260169983,0.2903332324822744,0.0320684344569842,0.2748116390655438,0.2748116390655438,0.0,4.0,4.0,4580.0,2201.0,0.0,0.31999266147613525,0.7311305999755859,0.9764281511306763,4.644834518432617,13.0
dynamic,4,1,459,0.3114745775858561,0.2795601085821788,0.031914469401041666,0.2707729113598665,0.2707729113598665,0.0,4.0,4.0,4590.0,2201.0,0.0,0.31999266147613525,0.7311305999755859,0.9764281511306763,4.644834518432617,13.0
dynamic,4,1,460,0.3033856650193532,0.27154980301856996,0.03183586716651916,0.26752905699114005,0.26752905699114005,0.0,4.0,4.0,4600.0,2201.0,0.0,0.31999266147613525,0.7311305999755859,0.9764281511306763,4.644834518432617,13.0
dynamic,4,1,461,0.30896493633588157,0.2789004023869832,0.030064533203840255,0.2837883045027653,0.2837883045027653,0.0,4.0,4.0,4610.0,2201.0,0.0,0.31999266147613525,0.7311305999755859,0.9764281511306763,4.644834518432617,13.0
dynamic,4,1,462,0.3174866004784902,0.2878393272558848,0.02964726949731509,0.277983253027002,0.277983253027002,0.0,4.0,4.0,4620.0,2201.0,0.0,0.31999266147613525,0.7311305999755859,0.9764281511306763,4.644834518432617,13.0
dynamic,4,1,463,0.3249676283200582,0.29420296629269915,0.0307646610836188,0.2717623178164164,0.2717623178164164,0.0,4.0,4.0,4630.0,2201.0,0.0,0.31999266147613525,0.7311305999755859,0.9764281511306763,4.644834518432617,13.0
dynamic,4,1,464,0.29701764663060504,0.27108378370602926,0.025933862552046775,0.27589291537801425,0.27589291537801425,0.0,4.0,4.0,4640.0,2201.0,0.0,0.31999266147613525,0.7311305999755859,0.9764281511306763,4.644834518432617,13.0
dynamic,4,1,465,0.31660216371218364,0.28448405702908836,0.03211810871958733,0.2745345609635115,0.2745345609635115,0.0,4.0,4.0,4650.0,2201.0,0.0,0.31999266147613525,0.7311305999755859,0.9764281511306763,4.644834518432617,13.0
dynamic,4,1,466,0.3118742966651917,0.27910799622535704,0.03276629716157913,0.26923917785286905,0.26923917785286905,0.0,4.0,4.0,4660.0,2201.0,0.0,0.31999266147613525,0.7311305999755859,0.9764281511306763,4.644834518432617,13.0
dynamic,4,1,467,0.303468447526296,0.2736651198069255,0.02980332632859548,0.26560570947825907,0.26560570947825907,0.0,4.0,4.0,4670.0,2201.0,0.0,0.31999266147613525,0.7311305999755859,0.9764281511306763,4.644834518432617,13.0
dynamic,4,1,468,0.2994461214542389,0.2738261266549428,0.02561999224126339,0.2752347866942485,0.2752347866942485,0.0,4.0,4.0,4680.0,2201.0,0.0,0.31999266147613525,0.7311305999755859,0.9764281511306763,4.644834518432617,13.0
dynamic,4,1,469,0.32313277045885724,0.2936643075942993,0.029468458741903306,0.2787702987343073,0.2787702987343073,0.0,4.0,4.0,4690.0,2201.0,0.0,0.31999266147613525,0.7311305999755859,0.9764281511306763,4.644834518432617,13.0
dynamic,4,1,470,0.3024338279167811,0.2730720434586207,0.029361787264545757,0.26339015990495684,0.26339015990495684,0.0,4.0,4.0,4700.0,2201.0,0.0,0.31999266147613525,0.7311305999755859,0.9764281511306763,4.644834518432617,13.0
dynamic,4,1,471,0.3095208783944448,0.277068737745285,0.03245214387774467,0.2640233104924361,0.2640233104924361,0.0,4.0,4.0,4710.0,2201.0,0.0,0.31999266147613525,0.7311305999755859,0.9764281511306763,4.644834518432617,13.0
dynamic,4,1,472,0.30763182083765667,0.27431993861993154,0.03331188403069973,0.26916597060859204,0.26916597060859204,0.0,4.0,4.0,4720.0,2201.0,0.0,0.31999266147613525,0.7311305999755859,0.9764281511306763,4.644834518432617,13.0
dynamic,4,1,473,0.29618592699368795,0.2687939202785492,0.027392009943723677,0.2642662890503804,0.2642662890503804,0.0,4.0,4.0,4730.0,2201.0,0.0,0.31999266147613525,0.7311305999755859,0.9764281511306763,4.644834518432617,13.0
dynamic,4,1,474,0.3173993988831838,0.28660006523132325,0.03079933375120163,0.2800769760956367,0.2800769760956367,0.0,4.0,4.0,4740.0,2201.0,0.0,0.31999266147613525,0.7311305999755859,0.9764281511306763,4.644834518432617,13.0
dynamic,4,1,475,0.2905806457996368,0.2613824943701426,0.029198152671257655,0.25326291054487227,0.25326291054487227,0.0,4.0,4.0,4750.0,2201.0,0.0,0.31999266147613525,0.7311305999755859,0.9764281511306763,4.644834518432617,13.0
dynamic,4,1,476,0.29565118710199995,0.26458783785502116,0.031063355952501297,0.2574607552091281,0.2574607552091281,0.0,4.0,4.0,4760.0,2201.0,0.0,0.31999266147613525,0.7311305999755859,0.9764281511306763,4.644834518432617,13.0
dynamic,4,1,477,0.29741033832232155,0.26611929655075073,0.0312910379221042,0.25133221646149956,0.25133221646149956,0.0,4.0,4.0,4770.0,2201.0,0.0,0.31999266147613525,0.7311305999755859,0.9764281511306763,4.644834518432617,13.0
dynamic,4,1,478,0.28820834477742513,0.2586472312609355,0.029561115900675457,0.24828840094308058,0.24828840094308058,0.0,4.0,4.0,4780.0,2201.0,0.0,0.31999266147613525,0.7311305999755859,0.9764281511306763,4.644834518432617,13.0
dynamic,4,1,479,0.2797648537158966,0.2542345893383026,0.02553026281297207,0.25554310850799083,0.25554310850799083,0.0,4.0,4.0,4790.0,2201.0,0.0,0.31999266147613525,0.7311305999755859,0.9764281511306763,4.644834518432617,13.0
dynamic,4,1,480,0.3070949077606201,0.27590962092081706,0.03118528167406718,0.2481087868163983,0.2481087868163983,0.0,4.0,4.0,4800.0,2201.0,0.0,0.31999266147613525,0.7311305999755859,0.9764281511306763,4.644834518432617,13.0
dynamic,4,1,481,0.28393682758013405,0.25494108875592547,0.028995738675196964,0.2472389184931914,0.2472389184931914,0.0,4.0,4.0,4810.0,2201.0,0.0,0.31999266147613525,0.7311305999755859,0.9764281511306763,4.644834518432617,13.0
dynamic,4,1,482,0.2914288518826167,0.26055605431397755,0.030872799505790076,0.24741155326366424,0.24741155326366424,0.0,4.0,4.0,4820.0,2201.0,0.0,0.31999266147613525,0.7311305999755859,0.9764281511306763,4.644834518432617,13.0
dynamic,4,1,483,0.28032526969909666,0.2512730944156647,0.029052172899246217,0.2445656494051218,0.2445656494051218,0.0,4.0,4.0,4830.0,2201.0,0.0,0.31999266147613525,0.7311305999755859,0.9764281511306763,4.644834518432617,13.0
dynamic,4,1,484,0.30535096446673077,0.2726636207103729,0.0326873441785574,0.2518247668941816,0.2518247668941816,0.0,4.0,4.0,4840.0,2201.0,0.0,0.31999266147613525,0.7311305999755859,0.9764281511306763,4.644834518432617,13.0
dynamic,4,1,485,0.2986924878756205,0.26784336149692534,0.030849122802416484,0.24467827146251997,0.24467827146251997,0.0,4.0,4.0,4850.0,2201.0,0.0,0.31999266147613525,0.7311305999755859,0.9764281511306763,4.644834518432617,13.0
dynamic,4,1,486,0.28564559141794843,0.2575637674331665,0.028081822221477825,0.24314397647976876,0.24314397647976876,0.0,4.0,4.0,4860.0,2201.0,0.0,0.31999266147613525,0.7311305999755859,0.9764281511306763,4.644834518432617,13.0
dynamic,4,1,487,0.27514029502868653,0.24856570859750113,0.026574583103259403,0.24700117376943428,0.24700117376943428,0.0,4.0,4.0,4870.0,2201.0,0.0,0.31999266147613525,0.7311305999755859,0.9764281511306763,4.644834518432617,13.0
dynamic,4,1,488,0.2751174755891164,0.24822121143341064,0.026896268079678216,0.2555696888019641,0.2555696888019641,0.0,4.0,4.0,4880.0,2201.0,0.0,0.31999266147613525,0.7311305999755859,0.9764281511306763,4.644834518432617,13.0
dynamic,4,1,489,0.2932259809970856,0.26006271640459694,0.033163266678651174,0.24593395633002121,0.24593395633002121,0.0,4.0,4.0,4890.0,2201.0,0.0,0.31999266147613525,0.7311305999755859,0.9764281511306763,4.644834518432617,13.0
dynamic,4,1,490,0.27686037341753644,0.24672112981478372,0.03013924429814021,0.2392229692141215,0.2392229692141215,0.0,4.0,4.0,4900.0,2201.0,0.0,0.31999266147613525,0.7311305999755859,0.9764281511306763,4.644834518432617,13.0
dynamic,4,1,491,0.2760352975130081,0.24869372804959616,0.027341575622558595,0.23778207001586754,0.23778207001586754,0.0,4.0,4.0,4910.0,2201.0,0.0,0.31999266147613525,0.7311305999755859,0.9764281511306763,4.644834518432617,13.0
dynamic,4,1,492,0.2722390564282735,0.24625004371007284,0.02598900780081749,0.24099151335656643,0.24099151335656643,0.0,4.0,4.0,4920.0,2201.0,0.0,0.31999266147613525,0.7311305999755859,0.9764281511306763,4.644834518432617,13.0
dynamic,4,1,493,0.28161363999048866,0.2531583881378174,0.02845524753133456,0.24919433591266474,0.24919433591266474,0.0,4.0,4.0,4930.0,2201.0,0.0,0.31999266147613525,0.7311305999755859,0.9764281511306763,4.644834518432617,13.0
dynamic,4,1,494,0.27262969334920245,0.24370957096417745,0.028920122583707172,0.2398725294818481,0.2398725294818481,0.0,4.0,4.0,4940.0,2201.0,0.0,0.31999266147613525,0.7311305999755859,0.9764281511306763,4.644834518432617,13.0
dynamic,4,1,495,0.28047300974527994,0.24844588418801625,0.032027128835519156,0.23314833159248033,0.23314833159248033,0.0,4.0,4.0,4950.0,2201.0,0.0,0.31999266147613525,0.7311305999755859,0.9764281511306763,4.644834518432617,13.0
dynamic,4,1,496,0.26700884143511455,0.24014307459195455,0.02686576599876086,0.23052168001731238,0.23052168001731238,0.0,4.0,4.0,4960.0,2201.0,0.0,0.31999266147613525,0.7311305999755859,0.9764281511306763,4.644834518432617,13.0
dynamic,4,1,497,0.2741559173663457,0.24501121819019317,0.02914469542602698,0.2481032622108857,0.2481032622108857,0.0,4.0,4.0,4970.0,2201.0,0.0,0.31999266147613525,0.7311305999755859,0.9764281511306763,4.644834518432617,13.0
dynamic,4,1,498,0.276370317141215,0.24502904653549196,0.03134126983582974,0.2338697688281536,0.2338697688281536,0.0,4.0,4.0,4980.0,2201.0,0.0,0.31999266147613525,0.7311305999755859,0.9764281511306763,4.644834518432617,13.0
dynamic,4,1,499,0.2700409185886383,0.23934985280036927,0.030691065788269044,0.2304303926974535,0.2304303926974535,0.0,4.0,4.0,4990.0,2201.0,0.0,0.31999266147613525,0.7311305999755859,0.9764281511306763,4.644834518432617,13.0
dynamic,4,1,500,0.2620378925402959,0.23463280300299327,0.027405091275771457,0.22717803639670214,0.22717803639670214,0.0,4.0,4.0,5000.0,2201.0,0.0,0.31999266147613525,0.7311305999755859,0.9764281511306763,4.644834518432617,13.0
dynamic,4,2,1,3.403144540786743,3.3131310451507567,0.09001350083351135,3.1082512283325197,3.1082512283325197,0.0,1.0,1.0,10.0,0.0,0.0,,,,,
dynamic,4,2,2,3.1622781078338624,2.9311265853881836,0.2311515295267105,2.763024201965332,2.763024201965332,0.0,1.0,1.0,20.0,0.0,0.0,,,,,
dynamic,4,2,3,2.8671060092926024,2.616892814254761,0.2502131506919861,2.478227040863037,2.478227040863037,0.0,1.0,1.0,30.0,0.0,0.0,,,,,
dynamic,4,2,4,2.6195011531829833,2.357227011489868,0.2622741837978363,2.2447577644348145,2.2447577644348145,0.0,1.0,1.0,40.0,0.0,0.0,,,,,
dynamic,4,2,5,2.391863298416138,2.1442880605697634,0.24757524852752685,2.0531119205474853,2.0531119205474853,0.0,1.0,1.0,50.0,0.0,0.0,,,,,
dynamic,4,2,6,2.187461043357849,1.9690963249206543,0.21836473181247712,1.8951727493286132,1.8951727493286132,0.0,1.0,1.0,60.0,0.0,0.0,,,,,
dynamic,4,2,7,2.0897761451721193,1.822342147064209,0.2674339889526367,1.7631192863464356,1.7631192863464356,0.0,1.0,1.0,70.0,0.0,0.0,,,,,
dynamic,4,2,8,1.9407329725265503,1.7032484245300292,0.23748455607891084,1.6511882972717284,1.6511882972717284,0.0,1.0,1.0,80.0,0.0,0.0,,,,,
dynamic,4,2,9,1.793709427833557,1.6002307306289674,0.19347871668338776,1.557291413116455,1.557291413116455,0.0,1.0,1.0,90.0,0.0,0.0,,,,,
dynamic,4,2,10,1.7114522270202637,1.510818105506897,0.20063413875102998,1.4781142456054688,1.4781142456054688,0.0,1.0,1.0,100.0,0.0,0.0,,,,,
dynamic,4,2,11,1.6377398160934449,1.435834789466858,0.20190502285957337,1.4100122589111328,1.4100122589111328,0.0,1.0,1.0,110.0,0.0,0.0,,,,,
dynamic,4,2,12,1.5645708889007568,1.3735163898468017,0.19105449914932252,1.3512865016937257,1.3512865016937257,0.0,1.0,1.0,120.0,0.0,0.0,,,,,
dynamic,4,2,13,1.4765860822677612,1.3199227947235108,0.1566633036136627,1.3005205192565918,1.3005205192565918,0.0,1.0,1.0,130.0,0.0,0.0,,,,,
dynamic,4,2,14,1.430952264213562,1.2672607934951783,0.1636914634466171,1.2558622932434083,1.2558622932434083,0.0,1.0,1.0,140.0,0.0,0.0,,,,,
dynamic,4,2,15,1.397491939163208,1.2264839609146119,0.171007958316803,1.2157297534942626,1.2157297534942626,0.0,1.0,1.0,150.0,0.0,0.0,,,,,
dynamic,4,2,16,1.3356218845367431,1.1849611850738526,0.15066068797111512,1.180474324798584,1.180474324798584,0.0,1.0,1.0,160.0,0.0,0.0,,,,,
dynamic,4,2,17,1.29012064037323,1.1563725772857667,0.1337480756521225,1.1502431226730347,1.1502431226730347,0.0,1.0,1.0,170.0,0.0,0.0,,,,,
dynamic,4,2,18,1.2662904125213623,1.1241262714385987,0.1421641411304474,1.1246032272338866,1.1246032272338866,0.0,1.0,1.0,180.0,0.0,0.0,,,,,
dynamic,4,2,19,1.2254297792434692,1.1044907466888427,0.12093903641700744,1.1020005784988403,1.1020005784988403,0.0,1.0,1.0,190.0,0.0,0.0,,,,,
dynamic,4,2,20,1.2323707454681396,1.0817043497085572,0.15066638683080674,1.0823124221801759,1.0823124221801759,0.0,1.0,1.0,200.0,0.0,0.0,,,,,
dynamic,4,2,21,1.17782819480896,1.0637483459472656,0.11407985308170318,1.0641993976593018,1.0641993976593018,0.0,1.0,1.0,210.0,201.0,1.0,0.4552212357521057,1.1737596988677979,1.6615184545516968,5.696521282196045,33.0
dynamic,4,2,22,1.1513386215209962,1.0435823804855346,0.10775623999834061,1.0478634412765504,1.0478634412765504,0.0,1.0,1.0,220.0,201.0,1.0,0.4552212357521057,1.1737596988677979,1.6615184545516968,5.696521282196045,33.0
dynamic,4,2,23,1.1332301755905152,1.0290577969551087,0.1041723756313324,1.0333183387756348,1.0333183387756348,0.0,1.0,1.0,230.0,201.0,1.0,0.4552212357521057,1.1737596988677979,1.6615184545516968,5.696521282196045,33.0
dynamic,4,2,24,1.1120459838867187,1.017662216949463,0.09438376240730285,1.0207588481903076,1.0207588481903076,0.0,1.0,1.0,240.0,201.0,1.0,0.4552212357521057,1.1737596988677979,1.6615184545516968,5.696521282196045,33.0
dynamic,4,2,25,1.0935792499542236,1.00611777715683,0.08746148657798768,1.0086565097808837,1.0086565097808837,0.0,1.0,1.0,250.0,201.0,1.0,0.4552212357521057,1.1737596988677979,1.6615184545516968,5.696521282196045,33.0
dynamic,4,2,26,1.0751350555419923,0.9968181742668152,0.07831687204837799,0.9975866989135742,0.9975866989135742,0.0,1.0,1.0,260.0,201.0,1.0,0.4552212357521057,1.1737596988677979,1.6615184545516968,5.696521282196045,33.0
dynamic,4,2,27,1.0517744970321656,0.9821120286941528,0.06966246178150177,0.987174531173706,0.987174531173706,0.0,1.0,1.0,270.0,201.0,1.0,0.4552212357521057,1.1737596988677979,1.6615184545516968,5.696521282196045,33.0
dynamic,4,2,28,1.0402883566856385,0.9738551928520203,0.06643316648006439,0.9773275066375733,0.9773275066375733,0.0,1.0,1.0,280.0,201.0,1.0,0.4552212357521057,1.1737596988677979,1.6615184545516968,5.696521282196045,33.0
dynamic,4,2,29,1.0302509788513183,0.963608475112915,0.06664250521659851,0.9679823390960693,0.9679823390960693,0.0,1.0,1.0,290.0,201.0,1.0,0.4552212357521057,1.1737596988677979,1.6615184545516968,5.696521282196045,33.0
dynamic,4,2,30,1.004330486392975,0.9506585474967957,0.05367193737030029,0.9592620681762696,0.9592620681762696,0.0,1.0,1.0,300.0,201.0,1.0,0.4552212357521057,1.1737596988677979,1.6615184545516968,5.696521282196045,33.0
dynamic,4,2,31,1.0002716342926026,0.9451710706710815,0.055100558704137804,0.950479619026184,0.950479619026184,0.0,1.0,1.0,310.0,301.0,0.0,0.230866476893425,0.5915399789810181,0.8752284049987793,2.958648204803467,11.0
dynamic,4,2,32,0.9861380567550659,0.9389333123207092,0.047204749953746794,0.9423542514801025,0.9423542514801025,0.0,1.0,1.0,320.0,301.0,0.0,0.230866476893425,0.5915399789810181,0.8752284049987793,2.958648204803467,11.0
dynamic,4,2,33,0.9809880056381226,0.9327993166923523,0.04818869242668152,0.9340379293441773,0.9340379293441773,0.0,1.0,1.0,330.0,301.0,0.0,0.230866476893425,0.5915399789810181,0.8752284049987793,2.958648204803467,11.0
dynamic,4,2,34,0.9580726970672607,0.9202702764511108,0.03780242196321487,0.9265307518005371,0.9265307518005371,0.0,1.0,1.0,340.0,301.0,0.0,0.230866476893425,0.5915399789810181,0.8752284049987793,2.958648204803467,11.0
dynamic,4,2,35,0.9494003900527954,0.9135314656257629,0.035868917244672775,0.9194328809738159,0.9194328809738159,0.0,1.0,1.0,350.0,301.0,0.0,0.230866476893425,0.5915399789810181,0.8752284049987793,2.958648204803467,11.0
dynamic,4,2,36,0.9344175841331482,0.9023301188468933,0.03208746421933174,0.9125821063995362,0.9125821063995362,0.0,1.0,1.0,360.0,301.0,0.0,0.230866476893425,0.5915399789810181,0.8752284049987793,2.958648204803467,11.0
dynamic,4,2,37,0.9244618289947509,0.8970064539909363,0.027455376979708672,0.9059668197631836,0.9059668197631836,0.0,1.0,1.0,370.0,301.0,0.0,0.230866476893425,0.5915399789810181,0.8752284049987793,2.958648204803467,11.0
dynamic,4,2,38,0.9154723256111145,0.8906953734397888,0.024776947382092476,0.8996524030685424,0.8996524030685424,0.0,1.0,1.0,380.0,301.0,0.0,0.230866476893425,0.5915399789810181,0.8752284049987793,2.958648204803467,11.0
dynamic,4,2,39,0.9166795853614808,0.8913805015563965,0.025299069005250932,0.8936908405303955,0.8936908405303955,0.0,1.0,1.0,390.0,301.0,0.0,0.230866476893425,0.5915399789810181,0.8752284049987793,2.958648204803467,11.0
dynamic,4,2,40,0.9031594136238098,0.8810486114501953,0.022110810473561286,0.8878624565124512,0.8878624565124512,0.0,1.0,1.0,400.0,301.0,0.0,0.230866476893425,0.5915399789810181,0.8752284049987793,2.958648204803467,11.0
dynamic,4,2,41,0.8999805490493774,0.8817049260139466,0.018275618278980256,0.8822901306152344,0.8822901306152344,0.0,1.0,1.0,410.0,401.0,0.0,0.07096658647060394,0.193496435880661,0.26104795932769775,0.7802979946136475,0.0
dynamic,4,2,42,0.8918152137756348,0.8723790453910828,0.019436173760890962,0.8773538516998292,0.8773538516998292,0.0,1.0,1.0,420.0,401.0,0.0,0.07096658647060394,0.193496435880661,0.26104795932769775,0.7802979946136475,0.0
dynamic,4,2,43,0.8772555396080017,0.8602313286781311,0.017024212098121643,0.8719795379638672,0.8719795379638672,0.0,1.0,1.0,430.0,401.0,0.0,0.07096658647060394,0.193496435880661,0.26104795932769775,0.7802979946136475,0.0
dynamic,4,2,44,0.8820115772247314,0.8676351892471313,0.014376396214962006,0.866765560913086,0.866765560913086,0.0,1.0,1.0,440.0,401.0,0.0,0.07096658647060394,0.193496435880661,0.26104795932769775,0.7802979946136475,0.0
dynamic,4,2,45,0.8755503755569458,0.8598093175888062,0.01574105986505747,0.8620280134201049,0.8620280134201049,0.0,1.0,1.0,450.0,401.0,0.0,0.07096658647060394,0.193496435880661,0.26104795932769775,0.7802979946136475,0.0
dynamic,4,2,46,0.8630779244422913,0.8490672995567322,0.014010631316900253,0.8575355195999146,0.8575355195999146,0.0,1.0,1.0,460.0,401.0,0.0,0.07096658647060394,0.193496435880661,0.26104795932769775,0.7802979946136475,0.0
dynamic,4,2,47,0.8674190314292908,0.8504183003425598,0.017000727911293506,0.8525828983306885,0.8525828983306885,0.0,1.0,1.0,470.0,401.0,0.0,0.07096658647060394,0.193496435880661,0.26104795932769775,0.7802979946136475,0.0
dynamic,4,2,48,0.8523765540122986,0.8396312301635742,0.012745320397615433,0.8480801626205444,0.8480801626205444,0.0,1.0,1.0,480.0,401.0,0.0,0.07096658647060394,0.193496435880661,0.26104795932769775,0.7802979946136475,0.0
dynamic,4,2,49,0.8492422925949097,0.8319660410881042,0.017276246628165244,0.8442161186218262,0.8442161186218262,0.0,1.0,1.0,490.0,401.0,0.0,0.07096658647060394,0.193496435880661,0.26104795932769775,0.7802979946136475,0.0
dynamic,4,2,50,0.8487279002189636,0.8352624257087707,0.013465470393002034,0.8401301561355591,0.8401301561355591,0.0,1.0,1.0,500.0,401.0,0.0,0.07096658647060394,0.193496435880661,0.26104795932769775,0.7802979946136475,0.0
dynamic,4,2,51,0.8427544615745545,0.8306682542800903,0.012086201278865337,0.8360287796020508,0.8360287796020508,0.0,1.0,1.0,510.0,501.0,0.0,0.05693002790212631,0.1556749939918518,0.21488431096076965,1.0374712944030762,1.0
dynamic,4,2,52,0.8372511291503906,0.8242937383651734,0.012957401417195797,0.832269639968872,0.832269639968872,0.0,1.0,1.0,520.0,501.0,0.0,0.05693002790212631,0.1556749939918518,0.21488431096076965,1.0374712944030762,1.0
dynamic,4,2,53,0.8348781483650207,0.8230668615341187,0.011811293295025825,0.8291541231155396,0.8291541231155396,0.0,1.0,1.0,530.0,501.0,0.0,0.05693002790212631,0.1556749939918518,0.21488431096076965,1.0374712944030762,1.0
dynamic,4,2,54,0.8318221428871154,0.8196273728370667,0.012194766318798065,0.8258026121139527,0.8258026121139527,0.0,1.0,1.0,540.0,501.0,0.0,0.05693002790212631,0.1556749939918518,0.21488431096076965,1.0374712944030762,1.0
dynamic,4,2,55,0.8291798833847046,0.8167655638694763,0.01241431481987238,0.8228225648880005,0.8228225648880005,0.0,1.0,1.0,550.0,501.0,0.0,0.05693002790212631,0.1556749939918518,0.21488431096076965,1.0374712944030762,1.0
dynamic,4,2,56,0.8310381025314331,0.8166865659713745,0.014351548182964325,0.8201574367523193,0.8201574367523193,0.0,1.0,1.0,560.0,501.0,0.0,0.05693002790212631,0.1556749939918518,0.21488431096076965,1.0374712944030762,1.0
dynamic,4,2,57,0.8292674908638,0.8170166965484619,0.012250789994001388,0.8168788288116455,0.8168788288116455,0.0,1.0,1.0,570.0,501.0,0.0,0.05693002790212631,0.1556749939918518,0.21488431096076965,1.0374712944030762,1.0
dynamic,4,2,58,0.8291930114746093,0.8162660734176636,0.012926942312717437,0.8144063091278076,0.8144063091278076,0.0,1.0,1.0,580.0,501.0,0.0,0.05693002790212631,0.1556749939918518,0.21488431096076965,1.0374712944030762,1.0
dynamic,4,2,59,0.818490554523468,0.8056823847770691,0.012808167353272438,0.8115460426330566,0.8115460426330566,0.0,1.0,1.0,590.0,501.0,0.0,0.05693002790212631,0.1556749939918518,0.21488431096076965,1.0374712944030762,1.0
dynamic,4,2,60,0.8118282745361328,0.79831315574646,0.013515120014548302,0.8090687273025513,0.8090687273025513,0.0,1.0,1.0,600.0,501.0,0.0,0.05693002790212631,0.1556749939918518,0.21488431096076965,1.0374712944030762,1.0
dynamic,4,2,61,0.8153504040718078,0.798459187412262,0.01689121140241623,0.8062274669647217,0.8062274669647217,0.0,1.0,1.0,610.0,601.0,0.0,0.05494917929172516,0.1693015694618225,0.2372448891401291,0.4561218023300171,0.0
dynamic,4,2,62,0.8093221206665039,0.792119910812378,0.01720221548676491,0.8038187381744385,0.8038187381744385,0.0,1.0,1.0,620.0,601.0,0.0,0.05494917929172516,0.1693015694618225,0.2372448891401291,0.4561218023300171,0.0
dynamic,4,2,63,0.8126475339889526,0.7946897134780884,0.01795781800597906,0.8015818798065185,0.8015818798065185,0.0,1.0,1.0,630.0,601.0,0.0,0.05494917929172516,0.1693015694618225,0.2372448891401291,0.4561218023300171,0.0
dynamic,4,2,64,0.8155738402366638,0.7989634407043457,0.016610397639870645,0.7990497135162353,0.7990497135162353,0.0,1.0,1.0,640.0,601.0,0.0,0.05494917929172516,0.1693015694618225,0.2372448891401291,0.4561218023300171,0.0
dynamic,4,2,65,0.8080120047569275,0.7920383875846863,0.015973627576231955,0.7971989208221436,0.7971989208221436,0.0,1.0,1.0,650.0,601.0,0.0,0.05494917929172516,0.1693015694618225,0.2372448891401291,0.4561218023300171,0.0
dynamic,4,2,66,0.8015792424201965,0.7854614325523377,0.01611781200170517,0.7950439792633056,0.7950439792633056,0.0,1.0,1.0,660.0,601.0,0.0,0.05494917929172516,0.1693015694618225,0.2372448891401291,0.4561218023300171,0.0
dynamic,4,2,67,0.8098053344726562,0.7920568370819092,0.017748506432771684,0.7930422988891601,0.7930422988891601,0.0,1.0,1.0,670.0,601.0,0.0,0.05494917929172516,0.1693015694618225,0.2372448891401291,0.4561218023300171,0.0
dynamic,4,2,68,0.8043761959075928,0.7858734518051147,0.0185027400046587,0.7911115098953247,0.7911115098953247,0.0,1.0,1.0,680.0,601.0,0.0,0.05494917929172516,0.1693015694618225,0.2372448891401291,0.4561218023300171,0.0
dynamic,4,2,69,0.806873828125,0.786961982345581,0.01991184871792793,0.7893025045394897,0.7893025045394897,0.0,1.0,1.0,690.0,601.0,0.0,0.05494917929172516,0.1693015694618225,0.2372448891401291,0.4561218023300171,0.0
dynamic,4,2,70,0.7990349132537842,0.7783718867301941,0.020663026961684226,0.7875641757965088,0.7875641757965088,0.0,1.0,1.0,700.0,601.0,0.0,0.05494917929172516,0.1693015694618225,0.2372448891401291,0.4561218023300171,0.0
dynamic,4,2,71,0.7934407682418824,0.7766529569625854,0.01678780444562435,0.786746372795105,0.786746372795105,0.0,1.0,1.0,710.0,701.0,0.0,0.0519942045211792,0.1357629895210266,0.23865258693695068,0.5590052604675293,0.0
dynamic,4,2,72,0.7994998300552368,0.7788989521980285,0.020600871953368186,0.7841726211547851,0.7841726211547851,0.0,1.0,1.0,720.0,701.0,0.0,0.0519942045211792,0.1357629895210266,0.23865258693695068,0.5590052604675293,0.0
dynamic,4,2,73,0.7943720603942871,0.7751556489944458,0.01921641205251217,0.7821437467575073,0.7821437467575073,0.0,1.0,1.0,730.0,701.0,0.0,0.0519942045211792,0.1357629895210266,0.23865258693695068,0.5590052604675293,0.0
dynamic,4,2,74,0.7976476376533508,0.7764217803955078,0.02122585667669773,0.7806065525054932,0.7806065525054932,0.0,1.0,1.0,740.0,701.0,0.0,0.0519942045211792,0.1357629895210266,0.23865258693695068,0.5590052604675293,0.0
dynamic,4,2,75,0.7998575971603393,0.7774962339401245,0.022361361718177795,0.7789531122207641,0.7789531122207641,0.0,1.0,1.0,750.0,701.0,0.0,0.0519942045211792,0.1357629895210266,0.23865258693695068,0.5590052604675293,0.0
dynamic,4,2,76,0.7952638899803162,0.7727511642456054,0.02251272503733635,0.7773803077697754,0.7773803077697754,0.0,1.0,1.0,760.0,701.0,0.0,0.0519942045211792,0.1357629895210266,0.23865258693695068,0.5590052604675293,0.0
dynamic,4,2,77,0.7961253746986389,0.7720176692008972,0.02410770629644394,0.7758404016494751,0.7758404016494751,0.0,1.0,1.0,770.0,701.0,0.0,0.0519942045211792,0.1357629895210266,0.23865258693695068,0.5590052604675293,0.0
dynamic,4,2,78,0.7908361973762512,0.768670182132721,0.022166024613380433,0.7746276439666748,0.7746276439666748,0.0,1.0,1.0,780.0,701.0,0.0,0.0519942045211792,0.1357629895210266,0.23865258693695068,0.5590052604675293,0.0
dynamic,4,2,79,0.7921771676063537,0.7660761887550354,0.026100982186198236,0.7733356870651246,0.7733356870651246,0.0,1.0,1.0,790.0,701.0,0.0,0.0519942045211792,0.1357629895210266,0.23865258693695068,0.5590052604675293,0.0
dynamic,4,2,80,0.787593445777893,0.7612830326080322,0.026310414877533914,0.7722030855178833,0.7722030855178833,0.0,1.0,1.0,800.0,701.0,0.0,0.0519942045211792,0.1357629895210266,0.23865258693695068,0.5590052604675293,0.0
dynamic,4,2,81,0.7877306145668029,0.7653262214660644,0.02240440158545971,0.7706900114059448,0.7706900114059448,0.0,1.0,1.0,810.0,801.0,0.0,0.08723436295986176,0.21642754971981049,0.3119165003299713,1.2436137199401855,1.0
dynamic,4,2,82,0.7949148122787476,0.7660626266479492,0.02885217884480953,0.7693337421417237,0.7693337421417237,0.0,1.0,1.0,820.0,801.0,0.0,0.08723436295986176,0.21642754971981049,0.3119165003299713,1.2436137199401855,1.0
dynamic,4,2,83,0.7883781050682068,0.7611584658622742,0.02721964594721794,0.7683146068572998,0.7683146068572998,0.0,1.0,1.0,830.0,801.0,0.0,0.08723436295986176,0.21642754971981049,0.3119165003299713,1.2436137199401855,1.0
dynamic,4,2,84,0.7912147812843323,0.7602878869056702,0.030926894736289977,0.7671274728775025,0.7671274728775025,0.0,1.0,1.0,840.0,801.0,0.0,0.08723436295986176,0.21642754971981049,0.3119165003299713,1.2436137199401855,1.0
dynamic,4,2,85,0.7932515542984009,0.766876209640503,0.026375340643525123,0.7667757200241089,0.7667757200241089,0.0,1.0,1.0,850.0,801.0,0.0,0.08723436295986176,0.21642754971981049,0.3119165003299713,1.2436137199401855,1.0
dynamic,4,2,86,0.7902809432029724,0.7594096592903137,0.030871279871463774,0.7648044761657715,0.7648044761657715,0.0,1.0,1.0,860.0,801.0,0.0,0.08723436295986176,0.21642754971981049,0.3119165003299713,1.2436137199401855,1.0
dynamic,4,2,87,0.7899974683761597,0.7614888100624084,0.028508657279610633,0.7640363901138306,0.7640363901138306,0.0,1.0,1.0,870.0,801.0,0.0,0.08723436295986176,0.21642754971981049,0.3119165003299713,1.2436137199401855,1.0
dynamic,4,2,88,0.7874092290878296,0.7590638649940491,0.028345369255542756,0.7632112739562988,0.7632112739562988,0.0,1.0,1.0,880.0,801.0,0.0,0.08723436295986176,0.21642754971981049,0.3119165003299713,1.2436137199401855,1.0
dynamic,4,2,89,0.7854175564765931,0.7557453590393066,0.02967220276892185,0.7627942611694336,0.7627942611694336,0.0,1.0,1.0,890.0,801.0,0.0,0.08723436295986176,0.21642754971981049,0.3119165003299713,1.2436137199401855,1.0
dynamic,4,2,90,0.7815619042396545,0.7516537189483643,0.029908179098367692,0.7614667694091797,0.7614667694091797,0.0,1.0,1.0,900.0,801.0,0.0,0.08723436295986176,0.21642754971981049,0.3119165003299713,1.2436137199401855,1.0
dynamic,4,2,91,0.789478887462616,0.7540808329582215,0.03539806251525879,0.7602556814193726,0.7602556814193726,0.0,1.0,1.0,910.0,901.0,0.0,0.10294713079929352,0.29529279470443726,0.40394264459609985,0.9036023020744324,0.0
dynamic,4,2,92,0.7864183278083802,0.7575528735160828,0.028865455067157746,0.7597567394256591,0.7597567394256591,0.0,1.0,1.0,920.0,901.0,0.0,0.10294713079929352,0.29529279470443726,0.40394264459609985,0.9036023020744324,0.0
dynamic,4,2,93,0.7831881105422973,0.7529790595054626,0.03020904257595539,0.7587914726257324,0.7587914726257324,0.0,1.0,1.0,930.0,901.0,0.0,0.10294713079929352,0.29529279470443726,0.40394264459609985,0.9036023020744324,0.0
dynamic,4,2,94,0.7755830418586731,0.7468819002151489,0.02870113936662674,0.7579410888671875,0.7579410888671875,0.0,1.0,1.0,940.0,901.0,0.0,0.10294713079929352,0.29529279470443726,0.40394264459609985,0.9036023020744324,0.0
dynamic,4,2,95,0.7783948738098144,0.7491790554046631,0.029215815037488938,0.7567790809631347,0.7567790809631347,0.0,1.0,1.0,950.0,901.0,0.0,0.10294713079929352,0.29529279470443726,0.40394264459609985,0.9036023020744324,0.0
dynamic,4,2,96,0.7794577629089355,0.749500820350647,0.029956945914030076,0.7565219001770019,0.7565219001770019,0.0,1.0,1.0,960.0,901.0,0.0,0.10294713079929352,0.29529279470443726,0.40394264459609985,0.9036023020744324,0.0
dynamic,4,2,97,0.7840422770500183,0.751800204372406,0.0322420731574297,0.7559210901260376,0.7559210901260376,0.0,1.0,1.0,970.0,901.0,0.0,0.10294713079929352,0.29529279470443726,0.40394264459609985,0.9036023020744324,0.0
dynamic,4,2,98,0.773994163608551,0.7443274275779724,0.02966673977971077,0.7551671077728271,0.7551671077728271,0.0,1.0,1.0,980.0,901.0,0.0,0.10294713079929352,0.29529279470443726,0.40394264459609985,0.9036023020744324,0.0
dynamic,4,2,99,0.7923489218711853,0.7580814170837402,0.034267504721879956,0.7545708360671997,0.7545708360671997,0.0,1.0,1.0,990.0,901.0,0.0,0.10294713079929352,0.29529279470443726,0.40394264459609985,0.9036023020744324,0.0
dynamic,4,2,100,0.7848278955459594,0.7535960832595825,0.031231826043128966,0.7544664428710938,0.7544664428710938,0.0,1.0,1.0,1000.0,901.0,0.0,0.10294713079929352,0.29529279470443726,0.40394264459609985,0.9036023020744324,0.0
dynamic,4,2,101,0.7793399834632874,0.7505246708869934,0.028815307593345642,0.7537859483718872,0.7537859483718872,0.0,1.0,1.0,1010.0,1001.0,0.0,0.12250013649463654,0.29656997323036194,0.4604148268699646,1.667104721069336,4.0
dynamic,4,2,102,0.7808409867286682,0.7454470567703247,0.035393930023908615,0.7527823402404785,0.7527823402404785,0.0,1.0,1.0,1020.0,1001.0,0.0,0.12250013649463654,0.29656997323036194,0.4604148268699646,1.667104721069336,4.0
dynamic,4,2,103,0.7798876305580139,0.7426203686714172,0.03726724880337715,0.7523667175292968,0.7523667175292968,0.0,1.0,1.0,1030.0,1001.0,0.0,0.12250013649463654,0.29656997323036194,0.4604148268699646,1.667104721069336,4.0
dynamic,4,2,104,0.7829878842353821,0.7509813374519348,0.03200654156804085,0.7522313512802125,0.7522313512802125,0.0,1.0,1.0,1040.0,1001.0,0.0,0.12250013649463654,0.29656997323036194,0.4604148268699646,1.667104721069336,4.0
dynamic,4,2,105,0.7784996561050415,0.7450048169136048,0.033494844567775725,0.7518208688735962,0.7518208688735962,0.0,1.0,1.0,1050.0,1001.0,0.0,0.12250013649463654,0.29656997323036194,0.4604148268699646,1.667104721069336,4.0
dynamic,4,2,106,0.7845445495605469,0.7472562351226807,0.03728831309080124,0.7510251291275024,0.7510251291275024,0.0,1.0,1.0,1060.0,1001.0,0.0,0.12250013649463654,0.29656997323036194,0.4604148268699646,1.667104721069336,4.0
dynamic,4,2,107,0.7882535572052002,0.7541539484977722,0.03409961625933647,0.7502187536239624,0.7502187536239624,0.0,1.0,1.0,1070.0,1001.0,0.0,0.12250013649463654,0.29656997323036194,0.4604148268699646,1.667104721069336,4.0
dynamic,4,2,108,0.7762932773590088,0.7454226983070373,0.03087058058977127,0.7501156866073608,0.7501156866073608,0.0,1.0,1.0,1080.0,1001.0,0.0,0.12250013649463654,0.29656997323036194,0.4604148268699646,1.667104721069336,4.0
dynamic,4,2,109,0.7817745535850525,0.7490037734985352,0.03277078668475151,0.7498602716445922,0.7498602716445922,0.0,1.0,1.0,1090.0,1001.0,0.0,0.12250013649463654,0.29656997323036194,0.4604148268699646,1.667104721069336,4.0
dynamic,4,2,110,0.7868586828231812,0.7507863671302796,0.03607232150435448,0.748985750579834,0.748985750579834,0.0,1.0,1.0,1100.0,1001.0,0.0,0.12250013649463654,0.29656997323036194,0.4604148268699646,1.667104721069336,4.0
dynamic,4,2,111,0.7737245683670044,0.7402012903213501,0.03352327902317047,0.748726188659668,0.748726188659668,0.0,1.0,1.0,1110.0,1101.0,0.0,0.14166012406349182,0.3742276430130005,0.5615982413291931,1.8659422397613525,2.0
dynamic,4,2,112,0.7771369696617126,0.7441625162124634,0.03297445514202118,0.7487555810928345,0.7487555810928345,0.0,1.0,1.0,1120.0,1101.0,0.0,0.14166012406349182,0.3742276430130005,0.5615982413291931,1.8659422397613525,2.0
dynamic,4,2,113,0.7804028043746948,0.743661747264862,0.03674105384349823,0.7483002775192261,0.7483002775192261,0.0,1.0,1.0,1130.0,1101.0,0.0,0.14166012406349182,0.3742276430130005,0.5615982413291931,1.8659422397613525,2.0
dynamic,4,2,114,0.7762001022338867,0.7437017455101013,0.03249835420846939,0.7479875005722046,0.7479875005722046,0.0,1.0,1.0,1140.0,1101.0,0.0,0.14166012406349182,0.3742276430130005,0.5615982413291931,1.8659422397613525,2.0
dynamic,4,2,115,0.7833785073280335,0.7439717250823975,0.03940677764415741,0.7476812580108643,0.7476812580108643,0.0,1.0,1.0,1150.0,1101.0,0.0,0.14166012406349182,0.3742276430130005,0.5615982413291931,1.8659422397613525,2.0
dynamic,4,2,116,0.7775303740501404,0.741212113571167,0.036318267410993574,0.7470316055297852,0.7470316055297852,0.0,1.0,1.0,1160.0,1101.0,0.0,0.14166012406349182,0.3742276430130005,0.5615982413291931,1.8659422397613525,2.0
dynamic,4,2,117,0.7778798095703126,0.7482363623619079,0.029643436738848686,0.7473767251968384,0.7473767251968384,0.0,1.0,1.0,1170.0,1101.0,0.0,0.14166012406349182,0.3742276430130005,0.5615982413291931,1.8659422397613525,2.0
dynamic,4,2,118,0.7854849473953247,0.7453588221549988,0.040126128268241884,0.7462877843856811,0.7462877843856811,0.0,1.0,1.0,1180.0,1101.0,0.0,0.14166012406349182,0.3742276430130005,0.5615982413291931,1.8659422397613525,2.0
dynamic,4,2,119,0.771141837978363,0.7402963340759278,0.030845500266551973,0.7462487058639526,0.7462487058639526,0.0,1.0,1.0,1190.0,1101.0,0.0,0.14166012406349182,0.3742276430130005,0.5615982413291931,1.8659422397613525,2.0
dynamic,4,2,120,0.7875427885055541,0.7498873912811279,0.03765540354251862,0.7461660495758057,0.7461660495758057,0.0,1.0,1.0,1200.0,1101.0,0.0,0.14166012406349182,0.3742276430130005,0.5615982413291931,1.8659422397613525,2.0
dynamic,4,2,121,0.7794565499305726,0.7415152237892151,0.03794132708311081,0.745746199798584,0.745746199798584,0.0,1.0,1.0,1210.0,1201.0,0.0,0.1343909204006195,0.3211584687232971,0.49834343791007996,1.7396981716156006,7.0
dynamic,4,2,122,0.7770505315780639,0.7424124197006226,0.03463812091946602,0.7456489206314086,0.7456489206314086,0.0,1.0,1.0,1220.0,1201.0,0.0,0.1343909204006195,0.3211584687232971,0.49834343791007996,1.7396981716156006,7.0
dynamic,4,2,123,0.7752497570037842,0.7411145163536071,0.03413523852825165,0.7456629684448243,0.7456629684448243,0.0,1.0,1.0,1230.0,1201.0,0.0,0.1343909204006195,0.3211584687232971,0.49834343791007996,1.7396981716156006,7.0
dynamic,4,2,124,0.7862335179328919,0.7452197523117066,0.04101377174854279,0.7448962602615357,0.7448962602615357,0.0,1.0,1.0,1240.0,1201.0,0.0,0.1343909204006195,0.3211584687232971,0.49834343791007996,1.7396981716156006,7.0
dynamic,4,2,125,0.7695768618583679,0.7379485258102417,0.03162832873463631,0.744454139328003,0.744454139328003,0.0,1.0,1.0,1250.0,1201.0,0.0,0.1343909204006195,0.3211584687232971,0.49834343791007996,1.7396981716156006,7.0
dynamic,4,2,126,0.7903534635543823,0.7442552080154419,0.04609826334714889,0.7443984739303589,0.7443984739303589,0.0,1.0,1.0,1260.0,1201.0,0.0,0.1343909204006195,0.3211584687232971,0.49834343791007996,1.7396981716156006,7.0
dynamic,4,2,127,0.7736829614639282,0.7341165630340576,0.03956640630364418,0.7443436296463013,0.7443436296463013,0.0,1.0,1.0,1270.0,1201.0,0.0,0.1343909204006195,0.3211584687232971,0.49834343791007996,1.7396981716156006,7.0
dynamic,4,2,128,0.7782156717300415,0.7380355234146119,0.04018014822602272,0.7439738435745239,0.7439738435745239,0.0,1.0,1.0,1280.0,1201.0,0.0,0.1343909204006195,0.3211584687232971,0.49834343791007996,1.7396981716156006,7.0
dynamic,4,2,129,0.7823819153785706,0.7415962872505188,0.04078562319278717,0.7434626388549804,0.7434626388549804,0.0,1.0,1.0,1290.0,1201.0,0.0,0.1343909204006195,0.3211584687232971,0.49834343791007996,1.7396981716156006,7.0
dynamic,4,2,130,0.7843605672836303,0.7364434442520141,0.04791711607575416,0.7441726943969726,0.7441726943969726,0.0,1.0,1.0,1300.0,1201.0,0.0,0.1343909204006195,0.3211584687232971,0.49834343791007996,1.7396981716156006,7.0
dynamic,4,2,131,0.7839795624732971,0.7463090209007264,0.03767053985595703,0.7432452938079834,0.7432452938079834,0.0,1.0,1.0,1310.0,1301.0,0.0,0.16461922228336334,0.4082929193973541,0.7641586661338806,2.034630298614502,7.0
dynamic,4,2,132,0.7810906704902649,0.7450502411842346,0.036040424740314485,0.7427283535003663,0.7427283535003663,0.0,1.0,1.0,1320.0,1301.0,0.0,0.16461922228336334,0.4082929193973541,0.7641586661338806,2.034630298614502,7.0
dynamic,4,2,133,0.7871373545646667,0.737286849117279,0.049850492161512376,0.7433587291717529,0.7433587291717529,0.0,1.0,1.0,1330.0,1301.0,0.0,0.16461922228336334,0.4082929193973541,0.7641586661338806,2.034630298614502,7.0
dynamic,4,2,134,0.7790567078590394,0.7359621623039245,0.04309454174041748,0.7428922815322876,0.7428922815322876,0.0,1.0,1.0,1340.0,1301.0,0.0,0.16461922228336334,0.4082929193973541,0.7641586661338806,2.034630298614502,7.0
dynamic,4,2,135,0.7777925119400024,0.7337486436843872,0.04404386928677559,0.7426800455093384,0.7426800455093384,0.0,1.0,1.0,1350.0,1301.0,0.0,0.16461922228336334,0.4082929193973541,0.7641586661338806,2.034630298614502,7.0
dynamic,4,2,136,0.7831545029640198,0.7364371445655823,0.04671735828518867,0.7420328212738037,0.7420328212738037,0.0,1.0,1.0,1360.0,1301.0,0.0,0.16461922228336334,0.4082929193973541,0.7641586661338806,2.034630298614502,7.0
dynamic,4,2,137,0.7786728189468384,0.7383635510444642,0.04030926265120506,0.741952444076538,0.741952444076538,0.0,1.0,1.0,1370.0,1301.0,0.0,0.16461922228336334,0.4082929193973541,0.7641586661338806,2.034630298614502,7.0
dynamic,4,2,138,0.7817267650604248,0.7359535039901733,0.045773253977298735,0.7422287120819092,0.7422287120819092,0.0,1.0,1.0,1380.0,1301.0,0.0,0.16461922228336334,0.4082929193973541,0.7641586661338806,2.034630298614502,7.0
dynamic,4,2,139,0.7764217756271362,0.739090739440918,0.03733102903664112,0.7416783681869507,0.7416783681869507,0.0,1.0,1.0,1390.0,1301.0,0.0,0.16461922228336334,0.4082929193973541,0.7641586661338806,2.034630298614502,7.0
dynamic,4,2,140,0.7750908059120178,0.73516811876297,0.03992268542051315,0.7416534923553467,0.7416534923553467,0.0,1.0,1.0,1400.0,1301.0,0.0,0.16461922228336334,0.4082929193973541,0.7641586661338806,2.034630298614502,7.0
dynamic,4,2,141,0.7823392457962036,0.738980042552948,0.043359209483861925,0.741512769317627,0.741512769317627,0.0,1.0,1.0,1410.0,1401.0,0.0,0.16463303565979004,0.40736520290374756,0.790585458278656,1.690589189529419,10.0
dynamic,4,2,142,0.7724144203186035,0.7282037302970886,0.044210695588588714,0.741212130355835,0.741212130355835,0.0,1.0,1.0,1420.0,1401.0,0.0,0.16463303565979004,0.40736520290374756,0.790585458278656,1.690589189529419,10.0
dynamic,4,2,143,0.7786660063743591,0.7349787998199463,0.04368721584677696,0.7408534255981445,0.7408534255981445,0.0,1.0,1.0,1430.0,1401.0,0.0,0.16463303565979004,0.40736520290374756,0.790585458278656,1.690589189529419,10.0
dynamic,4,2,144,0.7793331606864929,0.7401351647377015,0.03919800146818161,0.7411336854934693,0.7411336854934693,0.0,1.0,1.0,1440.0,1401.0,0.0,0.16463303565979004,0.40736520290374756,0.790585458278656,1.690589189529419,10.0
dynamic,4,2,145,0.7767372886657715,0.7358692274093628,0.04086805800199508,0.7406260265350342,0.7406260265350342,0.0,1.0,1.0,1450.0,1401.0,0.0,0.16463303565979004,0.40736520290374756,0.790585458278656,1.690589189529419,10.0
dynamic,4,2,146,0.7861575385093689,0.7411019295692444,0.04505560871362686,0.7405403470993042,0.7405403470993042,0.0,1.0,1.0,1460.0,1401.0,0.0,0.16463303565979004,0.40736520290374756,0.790585458278656,1.690589189529419,10.0
dynamic,4,2,147,0.797387719631195,0.7438947778701782,0.053492941468954086,0.74016451587677,0.74016451587677,0.0,1.0,1.0,1470.0,1401.0,0.0,0.16463303565979004,0.40736520290374756,0.790585458278656,1.690589189529419,10.0
dynamic,4,2,148,0.7766957883834839,0.7309725409507751,0.045723248106241225,0.7402731216430664,0.7402731216430664,0.0,1.0,1.0,1480.0,1401.0,0.0,0.16463303565979004,0.40736520290374756,0.790585458278656,1.690589189529419,10.0
dynamic,4,2,149,0.7704145385742187,0.7282139063835144,0.042200638228654865,0.7402318323135376,0.7402318323135376,0.0,1.0,1.0,1490.0,1401.0,0.0,0.16463303565979004,0.40736520290374756,0.790585458278656,1.690589189529419,10.0
dynamic,4,2,150,0.7834064960479736,0.7372440637588501,0.046162435746192935,0.7401566205978394,0.7401566205978394,0.0,1.0,1.0,1500.0,1401.0,0.0,0.16463303565979004,0.40736520290374756,0.790585458278656,1.690589189529419,10.0
dynamic,4,2,151,0.7849497797012329,0.7389813116073608,0.04596846930384636,0.7396681482315064,0.7396681482315064,0.0,1.0,1.0,1510.0,1501.0,0.0,0.1853434145450592,0.4937436282634735,0.766086757183075,1.950704574584961,8.0
dynamic,4,2,152,0.7836140984535217,0.7372414245605469,0.046372669899463655,0.7398647483825683,0.7398647483825683,0.0,1.0,1.0,1520.0,1501.0,0.0,0.1853434145450592,0.4937436282634735,0.766086757183075,1.950704574584961,8.0
dynamic,4,2,153,0.7816661890029907,0.7318635193824768,0.04980267473459244,0.7398641813278198,0.7398641813278198,0.0,1.0,1.0,1530.0,1501.0,0.0,0.1853434145450592,0.4937436282634735,0.766086757183075,1.950704574584961,8.0
dynamic,4,2,154,0.7952175567626953,0.739245426940918,0.05597214360237122,0.7393184978485108,0.7393184978485108,0.0,1.0,1.0,1540.0,1501.0,0.0,0.1853434145450592,0.4937436282634735,0.766086757183075,1.950704574584961,8.0
dynamic,4,2,155,0.7828940250396729,0.7355583300590515,0.047335692536830905,0.7389586269378662,0.7389586269378662,0.0,1.0,1.0,1550.0,1501.0,0.0,0.1853434145450592,0.4937436282634735,0.766086757183075,1.950704574584961,8.0
dynamic,4,2,156,0.7881047353744507,0.7317594633102417,0.056345271635055545,0.7389579294204712,0.7389579294204712,0.0,1.0,1.0,1560.0,1501.0,0.0,0.1853434145450592,0.4937436282634735,0.766086757183075,1.950704574584961,8.0
dynamic,4,2,157,0.7814026479721069,0.7333130616188049,0.04808959333300591,0.7394561084747314,0.7394561084747314,0.0,1.0,1.0,1570.0,1501.0,0.0,0.1853434145450592,0.4937436282634735,0.766086757183075,1.950704574584961,8.0
dynamic,4,2,158,0.7821999066352844,0.7387285650253296,0.04347133958935737,0.739633115196228,0.739633115196228,0.0,1.0,1.0,1580.0,1501.0,0.0,0.1853434145450592,0.4937436282634735,0.766086757183075,1.950704574584961,8.0
dynamic,4,2,159,0.7803474836349488,0.7334831907272339,0.04686429138183594,0.7385715888977051,0.7385715888977051,0.0,1.0,1.0,1590.0,1501.0,0.0,0.1853434145450592,0.4937436282634735,0.766086757183075,1.950704574584961,8.0
dynamic,4,2,160,0.7731388145446777,0.7286900230407715,0.04444879069328308,0.7388425172805786,0.7388425172805786,0.0,1.0,1.0,1600.0,1501.0,0.0,0.1853434145450592,0.4937436282634735,0.766086757183075,1.950704574584961,8.0
dynamic,4,2,161,0.7748162271499633,0.7323008522987365,0.042515369600057605,0.7383811477661133,0.7383811477661133,0.0,1.0,1.0,1610.0,1601.0,0.0,0.1821851134300232,0.5507959127426147,0.9728536009788513,1.5909632444381714,12.0
dynamic,4,2,162,0.7846835776329041,0.742166893196106,0.04251667956709862,0.7382575241088867,0.7382575241088867,0.0,1.0,1.0,1620.0,1601.0,0.0,0.1821851134300232,0.5507959127426147,0.9728536009788513,1.5909632444381714,12.0
dynamic,4,2,163,0.780798138332367,0.7351588939666748,0.045639247554540636,0.7384543930053711,0.7384543930053711,0.0,1.0,1.0,1630.0,1601.0,0.0,0.1821851134300232,0.5507959127426147,0.9728536009788513,1.5909632444381714,12.0
dynamic,4,2,164,0.772619244670868,0.7334997693061829,0.039119471031427384,0.737835311126709,0.737835311126709,0.0,1.0,1.0,1640.0,1601.0,0.0,0.1821851134300232,0.5507959127426147,0.9728536009788513,1.5909632444381714,12.0
dynamic,4,2,165,0.7863728443145752,0.736366270160675,0.05000657770037651,0.7377177015304566,0.7377177015304566,0.0,1.0,1.0,1650.0,1601.0,0.0,0.1821851134300232,0.5507959127426147,0.9728536009788513,1.5909632444381714,12.0
dynamic,4,2,166,0.7780150341033936,0.7313262939453125,0.046688741707801816,0.7377368412017822,0.7377368412017822,0.0,1.0,1.0,1660.0,1601.0,0.0,0.1821851134300232,0.5507959127426147,0.9728536009788513,1.5909632444381714,12.0
dynamic,4,2,167,0.7739217596054078,0.7282150239944458,0.04570673830509186,0.738682187461853,0.738682187461853,0.0,1.0,1.0,1670.0,1601.0,0.0,0.1821851134300232,0.5507959127426147,0.9728536009788513,1.5909632444381714,12.0
dynamic,4,2,168,0.7769855541229248,0.7324426331520081,0.044542920142412186,0.7379160766601562,0.7379160766601562,0.0,1.0,1.0,1680.0,1601.0,0.0,0.1821851134300232,0.5507959127426147,0.9728536009788513,1.5909632444381714,12.0
dynamic,4,2,169,0.7736709872245788,0.7341463172912598,0.039524664348363873,0.737368688583374,0.737368688583374,0.0,1.0,1.0,1690.0,1601.0,0.0,0.1821851134300232,0.5507959127426147,0.9728536009788513,1.5909632444381714,12.0
dynamic,4,2,170,0.7890628330230713,0.7379454869270324,0.051117346048355106,0.7372969268798828,0.7372969268798828,0.0,1.0,1.0,1700.0,1601.0,0.0,0.1821851134300232,0.5507959127426147,0.9728536009788513,1.5909632444381714,12.0
dynamic,4,2,171,0.7923596893310547,0.734817396068573,0.05754229968190193,0.7377784200668335,0.7377784200668335,0.0,1.0,1.0,1710.0,1701.0,0.0,0.19527211785316467,0.4716365933418274,0.9208794832229614,2.7497191429138184,12.0
dynamic,4,2,172,0.7793704557418824,0.730007861328125,0.049362597441673275,0.7373889595031738,0.7373889595031738,0.0,1.0,1.0,1720.0,1701.0,0.0,0.19527211785316467,0.4716365933418274,0.9208794832229614,2.7497191429138184,12.0
dynamic,4,2,173,0.7814330451965332,0.7338236206054688,0.0476094265460968,0.7370130327224731,0.7370130327224731,0.0,1.0,1.0,1730.0,1701.0,0.0,0.19527211785316467,0.4716365933418274,0.9208794832229614,2.7497191429138184,12.0
dynamic,4,2,174,0.7871304510116577,0.7368203973770142,0.050310049414634704,0.7370820192337036,0.7370820192337036,0.0,1.0,1.0,1740.0,1701.0,0.0,0.19527211785316467,0.4716365933418274,0.9208794832229614,2.7497191429138184,12.0
dynamic,4,2,175,0.7986814733505249,0.7419522957801818,0.05672917209267616,0.7371997776031494,0.7371997776031494,0.0,1.0,1.0,1750.0,1701.0,0.0,0.19527211785316467,0.4716365933418274,0.9208794832229614,2.7497191429138184,12.0
dynamic,4,2,176,0.790578035068512,0.7347096261024475,0.055868417626619336,0.7370261386871337,0.7370261386871337,0.0,1.0,1.0,1760.0,1701.0,0.0,0.19527211785316467,0.4716365933418274,0.9208794832229614,2.7497191429138184,12.0
dynamic,4,2,177,0.7868892117500306,0.7370959147453308,0.04979330142736435,0.7366558567047119,0.7366558567047119,0.0,1.0,1.0,1770.0,1701.0,0.0,0.19527211785316467,0.4716365933418274,0.9208794832229614,2.7497191429138184,12.0
dynamic,4,2,178,0.7860982129096985,0.735696614933014,0.05040160170197487,0.7367911804199219,0.7367911804199219,0.0,1.0,1.0,1780.0,1701.0,0.0,0.19527211785316467,0.4716365933418274,0.9208794832229614,2.7497191429138184,12.0
dynamic,4,2,179,0.7852025205612183,0.7329232715606689,0.052279259502887726,0.7368953102111816,0.7368953102111816,0.0,1.0,1.0,1790.0,1701.0,0.0,0.19527211785316467,0.4716365933418274,0.9208794832229614,2.7497191429138184,12.0
dynamic,4,2,180,0.7752297479629516,0.7322575448036194,0.042972211664915085,0.736256722831726,0.736256722831726,0.0,1.0,1.0,1800.0,1701.0,0.0,0.19527211785316467,0.4716365933418274,0.9208794832229614,2.7497191429138184,12.0
dynamic,4,2,181,0.7877031923294068,0.7338108829498291,0.05389232028722763,0.7365023952484131,0.7365023952484131,0.0,1.0,1.0,1810.0,1801.0,1.0,0.23313188552856445,0.6962436437606812,0.985032320022583,2.946856737136841,13.0
dynamic,4,2,182,0.7740453610420227,0.7305096956253052,0.04353566283583641,0.73638030128479,0.73638030128479,0.0,1.0,1.0,1820.0,1801.0,1.0,0.23313188552856445,0.6962436437606812,0.985032320022583,2.946856737136841,13.0
dynamic,4,2,183,0.7756639456748963,0.7362107688903808,0.039453183966875076,0.7365624526977539,0.7365624526977539,0.0,1.0,1.0,1830.0,1801.0,1.0,0.23313188552856445,0.6962436437606812,0.985032320022583,2.946856737136841,13.0
dynamic,4,2,184,0.772677558517456,0.7337418427467346,0.03893570595383644,0.7365282999038696,0.7365282999038696,0.0,1.0,1.0,1840.0,1801.0,1.0,0.23313188552856445,0.6962436437606812,0.985032320022583,2.946856737136841,13.0
dynamic,4,2,185,0.7854232665061951,0.7378084313392639,0.047614840126037596,0.735976169013977,0.735976169013977,0.0,1.0,1.0,1850.0,1801.0,1.0,0.23313188552856445,0.6962436437606812,0.985032320022583,2.946856737136841,13.0
dynamic,4,2,186,0.7775667793273926,0.7371728645324707,0.040393908488750456,0.7363912706375122,0.7363912706375122,0.0,1.0,1.0,1860.0,1801.0,1.0,0.23313188552856445,0.6962436437606812,0.985032320022583,2.946856737136841,13.0
dynamic,4,2,187,0.7751368252754212,0.7318259718894958,0.04331085051298141,0.7357960975646972,0.7357960975646972,0.0,1.0,1.0,1870.0,1801.0,1.0,0.23313188552856445,0.6962436437606812,0.985032320022583,2.946856737136841,13.0
dynamic,4,2,188,0.7727395034790039,0.7309090197563172,0.04183048195242882,0.7359677291870117,0.7359677291870117,0.0,1.0,1.0,1880.0,1801.0,1.0,0.23313188552856445,0.6962436437606812,0.985032320022583,2.946856737136841,13.0
dynamic,4,2,189,0.7800641497612,0.7404049533843994,0.039659195905923844,0.7360466558456421,0.7360466558456421,0.0,1.0,1.0,1890.0,1801.0,1.0,0.23313188552856445,0.6962436437606812,0.985032320022583,2.946856737136841,13.0
dynamic,4,2,190,0.7761571364402771,0.7260338996887207,0.05012323531508446,0.7356376749038697,0.7356376749038697,0.0,1.0,1.0,1900.0,1801.0,1.0,0.23313188552856445,0.6962436437606812,0.985032320022583,2.946856737136841,13.0
dynamic,4,2,191,0.7465008695602418,0.7160189999580383,0.03048186567425728,0.7190814559936524,0.7190814559936524,0.0,2.0,2.0,1910.0,1901.0,0.0,0.2263137847185135,0.5143071413040161,1.1273667812347412,3.371735095977783,15.0
dynamic,4,2,192,0.7524137591361999,0.723720928478241,0.028692832058668138,0.7204905500411988,0.7204905500411988,0.0,2.0,2.0,1920.0,1901.0,0.0,0.2263137847185135,0.5143071413040161,1.1273667812347412,3.371735095977783,15.0
dynamic,4,2,193,0.7475145988464356,0.7185849276542664,0.02892967641055584,0.7253096078872681,0.7253096078872681,0.0,2.0,2.0,1930.0,1901.0,0.0,0.2263137847185135,0.5143071413040161,1.1273667812347412,3.371735095977783,15.0
dynamic,4,2,194,0.7408501989364624,0.7139748969078064,0.026875306236743928,0.7204337553024291,0.7204337553024291,0.0,2.0,2.0,1940.0,1901.0,0.0,0.2263137847185135,0.5143071413040161,1.1273667812347412,3.371735095977783,15.0
dynamic,4,2,195,0.7407251737594605,0.7110020943641663,0.02972307416498661,0.7154707361221313,0.7154707361221313,0.0,2.0,2.0,1950.0,1901.0,0.0,0.2263137847185135,0.5143071413040161,1.1273667812347412,3.371735095977783,15.0
dynamic,4,2,196,0.7428576970100402,0.7115288172721863,0.03132888254523277,0.7068883583068848,0.7068883583068848,0.0,2.0,2.0,1960.0,1901.0,0.0,0.2263137847185135,0.5143071413040161,1.1273667812347412,3.371735095977783,15.0
dynamic,4,2,197,0.7470056402206421,0.7081130480766297,0.03889259594678879,0.7140320165634155,0.7140320165634155,0.0,2.0,2.0,1970.0,1901.0,0.0,0.2263137847185135,0.5143071413040161,1.1273667812347412,3.371735095977783,15.0
dynamic,4,2,198,0.7367416638374329,0.7003112398147583,0.036430418056249615,0.7081970796585083,0.7081970796585083,0.0,2.0,2.0,1980.0,1901.0,0.0,0.2263137847185135,0.5143071413040161,1.1273667812347412,3.371735095977783,15.0
dynamic,4,2,199,0.7389085295677185,0.7002096641540527,0.03869887297749519,0.7069565950393677,0.7069565950393677,0.0,2.0,2.0,1990.0,1901.0,0.0,0.2263137847185135,0.5143071413040161,1.1273667812347412,3.371735095977783,15.0
dynamic,4,2,200,0.7470289824485778,0.7042231318473816,0.042805861127376554,0.705365707397461,0.705365707397461,0.0,2.0,2.0,2000.0,1901.0,0.0,0.2263137847185135,0.5143071413040161,1.1273667812347412,3.371735095977783,15.0
dynamic,4,2,201,0.7523012048721314,0.7095655357360839,0.04273566992282867,0.7053624179840088,0.7053624179840088,0.0,2.0,2.0,2010.0,1901.0,0.0,0.2263137847185135,0.5143071413040161,1.1273667812347412,3.371735095977783,15.0
dynamic,4,2,202,0.7328128177642822,0.6953560175895691,0.037456808680295946,0.698714408493042,0.698714408493042,0.0,2.0,2.0,2020.0,1901.0,0.0,0.2263137847185135,0.5143071413040161,1.1273667812347412,3.371735095977783,15.0
dynamic,4,2,203,0.7327458905220032,0.6906500693321228,0.04209582523107529,0.6924044166564941,0.6924044166564941,0.0,2.0,2.0,2030.0,1901.0,0.0,0.2263137847185135,0.5143071413040161,1.1273667812347412,3.371735095977783,15.0
dynamic,4,2,204,0.7325261749267579,0.6942618906974792,0.038264286202192306,0.6949639736175537,0.6949639736175537,0.0,2.0,2.0,2040.0,1901.0,0.0,0.2263137847185135,0.5143071413040161,1.1273667812347412,3.371735095977783,15.0
dynamic,4,2,205,0.7373444432258606,0.6947004057884216,0.04264403957128525,0.6866751108169555,0.6866751108169555,0.0,2.0,2.0,2050.0,1901.0,0.0,0.2263137847185135,0.5143071413040161,1.1273667812347412,3.371735095977783,15.0
dynamic,4,2,206,0.7296047580718994,0.6904954858779907,0.03910927354097366,0.6909178575515748,0.6909178575515748,0.0,2.0,2.0,2060.0,1901.0,0.0,0.2263137847185135,0.5143071413040161,1.1273667812347412,3.371735095977783,15.0
dynamic,4,2,207,0.7292556361198426,0.6864856066703796,0.0427700367629528,0.692999866104126,0.692999866104126,0.0,2.0,2.0,2070.0,1901.0,0.0,0.2263137847185135,0.5143071413040161,1.1273667812347412,3.371735095977783,15.0
dynamic,4,2,208,0.7442920473098755,0.6953948691368103,0.04889718802571297,0.6834978250503541,0.6834978250503541,0.0,2.0,2.0,2080.0,1901.0,0.0,0.2263137847185135,0.5143071413040161,1.1273667812347412,3.371735095977783,15.0
dynamic,4,2,209,0.7195482255935669,0.6766473501205444,0.04290087926387787,0.6836179037094117,0.6836179037094117,0.0,2.0,2.0,2090.0,1901.0,0.0,0.2263137847185135,0.5143071413040161,1.1273667812347412,3.371735095977783,15.0
dynamic,4,2,210,0.7290313320159912,0.682517847442627,0.046513476514816285,0.6844820405960083,0.6844820405960083,0.0,2.0,2.0,2100.0,1901.0,0.0,0.2263137847185135,0.5143071413040161,1.1273667812347412,3.371735095977783,15.0
dynamic,4,2,211,0.7310194883346558,0.6850858032226562,0.04593368856906891,0.6928168663024903,0.6928168663024903,0.0,2.0,2.0,2110.0,1901.0,0.0,0.2263137847185135,0.5143071413040161,1.1273667812347412,3.371735095977783,15.0
dynamic,4,2,212,0.7270578330039978,0.6845219984054566,0.042535837495326995,0.6815259864807129,0.6815259864807129,0.0,2.0,2.0,2120.0,1901.0,0.0,0.2263137847185135,0.5143071413040161,1.1273667812347412,3.371735095977783,15.0
dynamic,4,2,213,0.7374515209197998,0.6901548370361328,0.04729667571783066,0.6757877883911133,0.6757877883911133,0.0,2.0,2.0,2130.0,1901.0,0.0,0.2263137847185135,0.5143071413040161,1.1273667812347412,3.371735095977783,15.0
dynamic,4,2,214,0.7287843913078308,0.6783093406677246,0.05047505214214325,0.6810712337493896,0.6810712337493896,0.0,2.0,2.0,2140.0,1901.0,0.0,0.2263137847185135,0.5143071413040161,1.1273667812347412,3.371735095977783,15.0
dynamic,4,2,215,0.7311095966339112,0.6861815618515015,0.04492803691625595,0.6802896476745606,0.6802896476745606,0.0,2.0,2.0,2150.0,1901.0,0.0,0.2263137847185135,0.5143071413040161,1.1273667812347412,3.371735095977783,15.0
dynamic,4,2,216,0.7273508321762086,0.6816869826316834,0.04566384009718895,0.6802451211929321,0.6802451211929321,0.0,2.0,2.0,2160.0,1901.0,0.0,0.2263137847185135,0.5143071413040161,1.1273667812347412,3.371735095977783,15.0
dynamic,4,2,217,0.7294731670379638,0.6830021818161011,0.04647099211215973,0.6851568500518799,0.6851568500518799,0.0,2.0,2.0,2170.0,1901.0,0.0,0.2263137847185135,0.5143071413040161,1.1273667812347412,3.371735095977783,15.0
dynamic,4,2,218,0.7313262444496155,0.6804023108482361,0.05092393230199814,0.6885491960525513,0.6885491960525513,0.0,2.0,2.0,2180.0,1901.0,0.0,0.2263137847185135,0.5143071413040161,1.1273667812347412,3.371735095977783,15.0
dynamic,4,2,219,0.7376920328140258,0.6912755054473877,0.04641652188897133,0.6794676237106323,0.6794676237106323,0.0,2.0,2.0,2190.0,1901.0,0.0,0.2263137847185135,0.5143071413040161,1.1273667812347412,3.371735095977783,15.0
dynamic,4,2,220,0.7372638050079345,0.6801274914741516,0.05713631479144096,0.6784321493148804,0.6784321493148804,0.0,2.0,2.0,2200.0,1901.0,0.0,0.2263137847185135,0.5143071413040161,1.1273667812347412,3.371735095977783,15.0
dynamic,4,2,221,0.7372109719276428,0.6858364810943604,0.05137449684739113,0.6718201419830322,0.6718201419830322,0.0,2.0,2.0,2210.0,1901.0,0.0,0.2263137847185135,0.5143071413040161,1.1273667812347412,3.371735095977783,15.0
dynamic,4,2,222,0.7255369710922241,0.6804876935958862,0.045049290466308595,0.6750410917282105,0.6750410917282105,0.0,2.0,2.0,2220.0,1901.0,0.0,0.2263137847185135,0.5143071413040161,1.1273667812347412,3.371735095977783,15.0
dynamic,4,2,223,0.7310179942131042,0.675213392162323,0.055804599672555924,0.6715440040588379,0.6715440040588379,0.0,2.0,2.0,2230.0,1901.0,0.0,0.2263137847185135,0.5143071413040161,1.1273667812347412,3.371735095977783,15.0
dynamic,4,2,224,0.7473334731101989,0.691140266418457,0.05619320657849312,0.6897696043014526,0.6897696043014526,0.0,2.0,2.0,2240.0,1901.0,0.0,0.2263137847185135,0.5143071413040161,1.1273667812347412,3.371735095977783,15.0
dynamic,4,2,225,0.7332528062820435,0.6742323999404907,0.059020402079820636,0.6929129055023193,0.6929129055023193,0.0,2.0,2.0,2250.0,1901.0,0.0,0.2263137847185135,0.5143071413040161,1.1273667812347412,3.371735095977783,15.0
dynamic,4,2,226,0.7350457967758178,0.6697975381851197,0.06524826548099517,0.6748784961700439,0.6748784961700439,0.0,2.0,2.0,2260.0,1901.0,0.0,0.2263137847185135,0.5143071413040161,1.1273667812347412,3.371735095977783,15.0
dynamic,4,2,227,0.732386925125122,0.6760334260940551,0.056353498470783234,0.686781937789917,0.686781937789917,0.0,2.0,2.0,2270.0,1901.0,0.0,0.2263137847185135,0.5143071413040161,1.1273667812347412,3.371735095977783,15.0
dynamic,4,2,228,0.7209784262657165,0.6646023650169373,0.05637605837583542,0.6550951658248901,0.6550951658248901,0.0,2.0,2.0,2280.0,1901.0,0.0,0.2263137847185135,0.5143071413040161,1.1273667812347412,3.371735095977783,15.0
dynamic,4,2,229,0.7337970196723937,0.6726751828193664,0.06112183806300163,0.658801549243927,0.658801549243927,0.0,2.0,2.0,2290.0,1901.0,0.0,0.2263137847185135,0.5143071413040161,1.1273667812347412,3.371735095977783,15.0
dynamic,4,2,230,0.7390383234024048,0.6741256824493408,0.06491264577507973,0.6599753615379333,0.6599753615379333,0.0,2.0,2.0,2300.0,1901.0,0.0,0.2263137847185135,0.5143071413040161,1.1273667812347412,3.371735095977783,15.0
dynamic,4,2,231,0.7228115516662598,0.6659683378219604,0.056843218940496446,0.6607115476608276,0.6607115476608276,0.0,2.0,2.0,2310.0,1901.0,0.0,0.2263137847185135,0.5143071413040161,1.1273667812347412,3.371735095977783,15.0
dynamic,4,2,232,0.736812823677063,0.673805753326416,0.06300707362890244,0.6564239916801453,0.6564239916801453,0.0,2.0,2.0,2320.0,1901.0,0.0,0.2263137847185135,0.5143071413040161,1.1273667812347412,3.371735095977783,15.0
dynamic,4,2,233,0.7235355045318603,0.6622392072677612,0.06129629034996033,0.6730817831993103,0.6730817831993103,0.0,2.0,2.0,2330.0,1901.0,0.0,0.2263137847185135,0.5143071413040161,1.1273667812347412,3.371735095977783,15.0
dynamic,4,2,234,0.7213701643943786,0.6614568018913269,0.05991336553096771,0.6590942282676697,0.6590942282676697,0.0,2.0,2.0,2340.0,1901.0,0.0,0.2263137847185135,0.5143071413040161,1.1273667812347412,3.371735095977783,15.0
dynamic,4,2,235,0.7287171154022217,0.6666972866058349,0.06201982987523079,0.6647115079879761,0.6647115079879761,0.0,2.0,2.0,2350.0,1901.0,0.0,0.2263137847185135,0.5143071413040161,1.1273667812347412,3.371735095977783,15.0
dynamic,4,2,236,0.7237518654823303,0.6690401804924011,0.054711684024333955,0.6672509972572327,0.6672509972572327,0.0,2.0,2.0,2360.0,1901.0,0.0,0.2263137847185135,0.5143071413040161,1.1273667812347412,3.371735095977783,15.0
dynamic,4,2,237,0.7290961343765259,0.6631838359832763,0.06591229453086853,0.6670203932762147,0.6670203932762147,0.0,2.0,2.0,2370.0,1901.0,0.0,0.2263137847185135,0.5143071413040161,1.1273667812347412,3.371735095977783,15.0
dynamic,4,2,238,0.7139818594932557,0.6566652004241943,0.057316659158468244,0.6393644380569458,0.6393644380569458,0.0,2.0,2.0,2380.0,1901.0,0.0,0.2263137847185135,0.5143071413040161,1.1273667812347412,3.371735095977783,15.0
dynamic,4,2,239,0.7316246299743653,0.6627616669654847,0.06886296204328538,0.6664097115516663,0.6664097115516663,0.0,2.0,2.0,2390.0,1901.0,0.0,0.2263137847185135,0.5143071413040161,1.1273667812347412,3.371735095977783,15.0
dynamic,4,2,240,0.7106940799713135,0.6563317103385925,0.05436237508654594,0.6675143030166626,0.6675143030166626,0.0,2.0,2.0,2400.0,1901.0,0.0,0.2263137847185135,0.5143071413040161,1.1273667812347412,3.371735095977783,15.0
dynamic,4,2,241,0.7214960141181945,0.6698246528625488,0.05167136574387551,0.6555649048805237,0.6555649048805237,0.0,2.0,2.0,2410.0,1901.0,0.0,0.2263137847185135,0.5143071413040161,1.1273667812347412,3.371735095977783,15.0
dynamic,4,2,242,0.7064906207084656,0.6560260556221008,0.05046456645727158,0.6609800671577454,0.6609800671577454,0.0,2.0,2.0,2420.0,1901.0,0.0,0.2263137847185135,0.5143071413040161,1.1273667812347412,3.371735095977783,15.0
dynamic,4,2,243,0.7250941499710083,0.6606864355087281,0.0644077213525772,0.658197250175476,0.658197250175476,0.0,2.0,2.0,2430.0,1901.0,0.0,0.2263137847185135,0.5143071413040161,1.1273667812347412,3.371735095977783,15.0
dynamic,4,2,244,0.7250197907447815,0.6653778722763062,0.05964191734790802,0.65265078125,0.65265078125,0.0,2.0,2.0,2440.0,1901.0,0.0,0.2263137847185135,0.5143071413040161,1.1273667812347412,3.371735095977783,15.0
dynamic,4,2,245,0.7250823079109192,0.6639414378166199,0.061140881180763246,0.6481022709846497,0.6481022709846497,0.0,2.0,2.0,2450.0,1901.0,0.0,0.2263137847185135,0.5143071413040161,1.1273667812347412,3.371735095977783,15.0
dynamic,4,2,246,0.7272188322067261,0.6690385138511658,0.05818032603263855,0.630584906578064,0.630584906578064,0.0,2.0,2.0,2460.0,1901.0,0.0,0.2263137847185135,0.5143071413040161,1.1273667812347412,3.371735095977783,15.0
dynamic,4,2,247,0.7104452805519104,0.6479737855911255,0.06247149603962898,0.6415115863800048,0.6415115863800048,0.0,2.0,2.0,2470.0,1901.0,0.0,0.2263137847185135,0.5143071413040161,1.1273667812347412,3.371735095977783,15.0
dynamic,4,2,248,0.7179703903198242,0.6603457105636596,0.057624683797359466,0.6641306723594665,0.6641306723594665,0.0,2.0,2.0,2480.0,1901.0,0.0,0.2263137847185135,0.5143071413040161,1.1273667812347412,3.371735095977783,15.0
dynamic,4,2,249,0.7299817806243897,0.6704344320297241,0.05954734516143799,0.6636829650878906,0.6636829650878906,0.0,2.0,2.0,2490.0,1901.0,0.0,0.2263137847185135,0.5143071413040161,1.1273667812347412,3.371735095977783,15.0
dynamic,4,2,250,0.7189309542655945,0.659710000705719,0.059220949989557264,0.6416181763648987,0.6416181763648987,0.0,2.0,2.0,2500.0,1901.0,0.0,0.2263137847185135,0.5143071413040161,1.1273667812347412,3.371735095977783,15.0
dynamic,4,2,251,0.7003131960868836,0.6411595005989075,0.059153703904151915,0.6346335409164429,0.6346335409164429,0.0,2.0,2.0,2510.0,1901.0,0.0,0.2263137847185135,0.5143071413040161,1.1273667812347412,3.371735095977783,15.0
dynamic,4,2,252,0.7089132575988769,0.6511422410964965,0.057771018141508104,0.6362023489952088,0.6362023489952088,0.0,2.0,2.0,2520.0,1901.0,0.0,0.2263137847185135,0.5143071413040161,1.1273667812347412,3.371735095977783,15.0
dynamic,4,2,253,0.7119707184791565,0.6498881879806518,0.062082530522346496,0.6400739645957947,0.6400739645957947,0.0,2.0,2.0,2530.0,1901.0,0.0,0.2263137847185135,0.5143071413040161,1.1273667812347412,3.371735095977783,15.0
dynamic,4,2,254,0.7075217841148377,0.6600415930747986,0.047480188143253325,0.6451520058631897,0.6451520058631897,0.0,2.0,2.0,2540.0,1901.0,0.0,0.2263137847185135,0.5143071413040161,1.1273667812347412,3.371735095977783,15.0
dynamic,4,2,255,0.7295722500801086,0.6599234017372131,0.06964885103702545,0.6432884896278381,0.6432884896278381,0.0,2.0,2.0,2550.0,1901.0,0.0,0.2263137847185135,0.5143071413040161,1.1273667812347412,3.371735095977783,15.0
dynamic,4,2,256,0.7202198285102844,0.6547334258079529,0.06548640674352646,0.6386219385147095,0.6386219385147095,0.0,2.0,2.0,2560.0,1901.0,0.0,0.2263137847185135,0.5143071413040161,1.1273667812347412,3.371735095977783,15.0
dynamic,4,2,257,0.7043436237335206,0.6522907570838928,0.052052862226963044,0.6277894598007202,0.6277894598007202,0.0,2.0,2.0,2570.0,1901.0,0.0,0.2263137847185135,0.5143071413040161,1.1273667812347412,3.371735095977783,15.0
dynamic,4,2,258,0.6942881777763367,0.6427007575035095,0.05158742314577103,0.6406782649040222,0.6406782649040222,0.0,2.0,2.0,2580.0,1901.0,0.0,0.2263137847185135,0.5143071413040161,1.1273667812347412,3.371735095977783,15.0
dynamic,4,2,259,0.708047739982605,0.6532884663581848,0.05475926823616028,0.6434924158096313,0.6434924158096313,0.0,2.0,2.0,2590.0,1901.0,0.0,0.2263137847185135,0.5143071413040161,1.1273667812347412,3.371735095977783,15.0
dynamic,4,2,260,0.7040055797576904,0.6507445547103882,0.05326102619171143,0.6299020895004273,0.6299020895004273,0.0,2.0,2.0,2600.0,1901.0,0.0,0.2263137847185135,0.5143071413040161,1.1273667812347412,3.371735095977783,15.0
dynamic,4,2,261,0.7151625542640686,0.6603711102485657,0.05479144783020019,0.6417281140327453,0.6417281140327453,0.0,2.0,2.0,2610.0,1901.0,0.0,0.2263137847185135,0.5143071413040161,1.1273667812347412,3.371735095977783,15.0
dynamic,4,2,262,0.6834837228775025,0.6274126659393311,0.05607105622291565,0.6265151423454285,0.6265151423454285,0.0,2.0,2.0,2620.0,1901.0,0.0,0.2263137847185135,0.5143071413040161,1.1273667812347412,3.371735095977783,15.0
dynamic,4,2,263,0.7022502438545227,0.6448439598083496,0.05740628483295441,0.6616648655891418,0.6616648655891418,0.0,2.0,2.0,2630.0,1901.0,0.0,0.2263137847185135,0.5143071413040161,1.1273667812347412,3.371735095977783,15.0
dynamic,4,2,264,0.713173307132721,0.6460856660842895,0.06708763242959977,0.636382832622528,0.636382832622528,0.0,2.0,2.0,2640.0,1901.0,0.0,0.2263137847185135,0.5143071413040161,1.1273667812347412,3.371735095977783,15.0
dynamic,4,2,265,0.6940363924026489,0.6467636143684388,0.047272774374485016,0.6282512068748474,0.6282512068748474,0.0,2.0,2.0,2650.0,1901.0,0.0,0.2263137847185135,0.5143071413040161,1.1273667812347412,3.371735095977783,15.0
dynamic,4,2,266,0.6899687474250793,0.6322633700370789,0.057705383896827694,0.6238850595474243,0.6238850595474243,0.0,2.0,2.0,2660.0,1901.0,0.0,0.2263137847185135,0.5143071413040161,1.1273667812347412,3.371735095977783,15.0
dynamic,4,2,267,0.6931973874092102,0.6381069853782654,0.05509040133357048,0.6279862597465515,0.6279862597465515,0.0,2.0,2.0,2670.0,1901.0,0.0,0.2263137847185135,0.5143071413040161,1.1273667812347412,3.371735095977783,15.0
dynamic,4,2,268,0.6862767700195312,0.6350299339294434,0.05124683438539505,0.6234993777275085,0.6234993777275085,0.0,2.0,2.0,2680.0,1901.0,0.0,0.2263137847185135,0.5143071413040161,1.1273667812347412,3.371735095977783,15.0
dynamic,4,2,269,0.6899491590499878,0.6321224430084228,0.057826708930730816,0.6183603973388672,0.6183603973388672,0.0,2.0,2.0,2690.0,1901.0,0.0,0.2263137847185135,0.5143071413040161,1.1273667812347412,3.371735095977783,15.0
dynamic,4,2,270,0.6805230146408081,0.6286062300682068,0.05191677642464638,0.6213183608055115,0.6213183608055115,0.0,2.0,2.0,2700.0,1901.0,0.0,0.2263137847185135,0.5143071413040161,1.1273667812347412,3.371735095977783,15.0
dynamic,4,2,271,0.7038055768013001,0.6418392185211181,0.06196635857224465,0.6262963314056397,0.6262963314056397,0.0,2.0,2.0,2710.0,1901.0,0.0,0.2263137847185135,0.5143071413040161,1.1273667812347412,3.371735095977783,15.0
dynamic,4,2,272,0.6834197051048279,0.6240870841979981,0.0593326217353344,0.6205078447341918,0.6205078447341918,0.0,2.0,2.0,2720.0,1901.0,0.0,0.2263137847185135,0.5143071413040161,1.1273667812347412,3.371735095977783,15.0
dynamic,4,2,273,0.6826798157691956,0.6340299167633057,0.048649899119138716,0.6240950671195984,0.6240950671195984,0.0,2.0,2.0,2730.0,1901.0,0.0,0.2263137847185135,0.5143071413040161,1.1273667812347412,3.371735095977783,15.0
dynamic,4,2,274,0.6952060075759887,0.6353421353340148,0.05986387253403663,0.6247261927604675,0.6247261927604675,0.0,2.0,2.0,2740.0,1901.0,0.0,0.2263137847185135,0.5143071413040161,1.1273667812347412,3.371735095977783,15.0
dynamic,4,2,275,0.682345733165741,0.636868185043335,0.04547755416035652,0.6142113047599792,0.6142113047599792,0.0,2.0,2.0,2750.0,1901.0,0.0,0.2263137847185135,0.5143071413040161,1.1273667812347412,3.371735095977783,15.0
dynamic,4,2,276,0.6874467792510986,0.6261417895317077,0.06130498994588852,0.6229407086372375,0.6229407086372375,0.0,2.0,2.0,2760.0,1901.0,0.0,0.2263137847185135,0.5143071413040161,1.1273667812347412,3.371735095977783,15.0
dynamic,4,2,277,0.6843708623886109,0.6344972679138183,0.04987359784245491,0.6153276473999023,0.6153276473999023,0.0,2.0,2.0,2770.0,1901.0,0.0,0.2263137847185135,0.5143071413040161,1.1273667812347412,3.371735095977783,15.0
dynamic,4,2,278,0.6892903911590577,0.63079064950943,0.05849972674846649,0.615653828716278,0.615653828716278,0.0,2.0,2.0,2780.0,1901.0,0.0,0.2263137847185135,0.5143071413040161,1.1273667812347412,3.371735095977783,15.0
dynamic,4,2,279,0.6848764459609985,0.6351139865875244,0.04976244559288025,0.6122875862121582,0.6122875862121582,0.0,2.0,2.0,2790.0,1901.0,0.0,0.2263137847185135,0.5143071413040161,1.1273667812347412,3.371735095977783,15.0
dynamic,4,2,280,0.6945429935455322,0.6345043162345886,0.06003868590593338,0.6179937906265259,0.6179937906265259,0.0,2.0,2.0,2800.0,1901.0,0.0,0.2263137847185135,0.5143071413040161,1.1273667812347412,3.371735095977783,15.0
dynamic,4,2,281,0.689680893611908,0.639675811958313,0.05000508526563644,0.6161045413970947,0.6161045413970947,0.0,2.0,2.0,2810.0,1901.0,0.0,0.2263137847185135,0.5143071413040161,1.1273667812347412,3.371735095977783,15.0
dynamic,4,2,282,0.6789485019683837,0.6249935297966004,0.05395497555732727,0.6240367321014404,0.6240367321014404,0.0,2.0,2.0,2820.0,1901.0,0.0,0.2263137847185135,0.5143071413040161,1.1273667812347412,3.371735095977783,15.0
dynamic,4,2,283,0.6886590123176575,0.629536835193634,0.05912217732667923,0.6197507411003113,0.6197507411003113,0.0,2.0,2.0,2830.0,1901.0,0.0,0.2263137847185135,0.5143071413040161,1.1273667812347412,3.371735095977783,15.0
dynamic,4,2,284,0.6792733573913574,0.6229045400619507,0.0563688178896904,0.6145737570762634,0.6145737570762634,0.0,2.0,2.0,2840.0,1901.0,0.0,0.2263137847185135,0.5143071413040161,1.1273667812347412,3.371735095977783,15.0
dynamic,4,2,285,0.6784893311500549,0.630416954612732,0.04807237175703049,0.6146485841751098,0.6146485841751098,0.0,2.0,2.0,2850.0,1901.0,0.0,0.2263137847185135,0.5143071413040161,1.1273667812347412,3.371735095977783,15.0
dynamic,4,2,286,0.6847554292678834,0.6271436957359314,0.057611732476949694,0.6189806600570679,0.6189806600570679,0.0,2.0,2.0,2860.0,1901.0,0.0,0.2263137847185135,0.5143071413040161,1.1273667812347412,3.371735095977783,15.0
dynamic,4,2,287,0.6707489288330079,0.6216989785194397,0.049049955701828005,0.6255646153450012,0.6255646153450012,0.0,2.0,2.0,2870.0,1901.0,0.0,0.2263137847185135,0.5143071413040161,1.1273667812347412,3.371735095977783,15.0
dynamic,4,2,288,0.6771199810981751,0.6269151616096497,0.05020481866002083,0.6131945865631103,0.6131945865631103,0.0,2.0,2.0,2880.0,1901.0,0.0,0.2263137847185135,0.5143071413040161,1.1273667812347412,3.371735095977783,15.0
dynamic,4,2,289,0.6836847412109375,0.6218054048538209,0.06187932735681534,0.6071856964111328,0.6071856964111328,0.0,2.0,2.0,2890.0,1901.0,0.0,0.2263137847185135,0.5143071413040161,1.1273667812347412,3.371735095977783,15.0
dynamic,4,2,290,0.6705916669845581,0.6207423583030701,0.049849311286211014,0.6234992540359497,0.6234992540359497,0.0,2.0,2.0,2900.0,1901.0,0.0,0.2263137847185135,0.5143071413040161,1.1273667812347412,3.371735095977783,15.0
dynamic,4,2,291,0.6802307772636413,0.6275620575904847,0.052668720987439153,0.6085896414756775,0.6085896414756775,0.0,2.0,2.0,2910.0,1901.0,0.0,0.2263137847185135,0.5143071413040161,1.1273667812347412,3.371735095977783,15.0
dynamic,4,2,292,0.6650927094459533,0.6155053525924683,0.04958736125230789,0.6228101565361023,0.6228101565361023,0.0,2.0,2.0,2920.0,1901.0,0.0,0.2263137847185135,0.5143071413040161,1.1273667812347412,3.371735095977783,15.0
dynamic,4,2,293,0.6832693358421326,0.6238726185798645,0.05939672269225121,0.6198613852500916,0.6198613852500916,0.0,2.0,2.0,2930.0,1901.0,0.0,0.2263137847185135,0.5143071413040161,1.1273667812347412,3.371735095977783,15.0
dynamic,4,2,294,0.6681054087638855,0.6197631711959839,0.0483422335267067,0.627092442703247,0.627092442703247,0.0,2.0,2.0,2940.0,1901.0,0.0,0.2263137847185135,0.5143071413040161,1.1273667812347412,3.371735095977783,15.0
dynamic,4,2,295,0.6820947655677796,0.6350425876617432,0.047052169245481494,0.6076101382255554,0.6076101382255554,0.0,2.0,2.0,2950.0,1901.0,0.0,0.2263137847185135,0.5143071413040161,1.1273667812347412,3.371735095977783,15.0
dynamic,4,2,296,0.6740051297187806,0.6177649144172669,0.05624022214412689,0.599458032989502,0.599458032989502,0.0,2.0,2.0,2960.0,1901.0,0.0,0.2263137847185135,0.5143071413040161,1.1273667812347412,3.371735095977783,15.0
dynamic,4,2,297,0.6876635202407837,0.62803744430542,0.05962607723474503,0.6015599633216858,0.6015599633216858,0.0,2.0,2.0,2970.0,1901.0,0.0,0.2263137847185135,0.5143071413040161,1.1273667812347412,3.371735095977783,15.0
dynamic,4,2,298,0.6799147959709168,0.6244446271896362,0.055470168644189834,0.6082448022842407,0.6082448022842407,0.0,2.0,2.0,2980.0,1901.0,0.0,0.2263137847185135,0.5143071413040161,1.1273667812347412,3.371735095977783,15.0
dynamic,4,2,299,0.6765767170906067,0.6250531491279602,0.05152356585264206,0.6198027462005615,0.6198027462005615,0.0,2.0,2.0,2990.0,1901.0,0.0,0.2263137847185135,0.5143071413040161,1.1273667812347412,3.371735095977783,15.0
dynamic,4,2,300,0.6766756364822387,0.6253648845672607,0.05131075317263603,0.6202607560157776,0.6202607560157776,0.0,2.0,2.0,3000.0,1901.0,0.0,0.2263137847185135,0.5143071413040161,1.1273667812347412,3.371735095977783,15.0
dynamic,4,2,301,0.6699427059173584,0.6105605067253113,0.059382203006744384,0.6035379076004028,0.6035379076004028,0.0,2.0,2.0,3010.0,1901.0,0.0,0.2263137847185135,0.5143071413040161,1.1273667812347412,3.371735095977783,15.0
dynamic,4,2,302,0.6704975275993347,0.6179309808731079,0.052566549867391586,0.6086038833618164,0.6086038833618164,0.0,2.0,2.0,3020.0,1901.0,0.0,0.2263137847185135,0.5143071413040161,1.1273667812347412,3.371735095977783,15.0
dynamic,4,2,303,0.6745416767120361,0.6231083818435669,0.05143330301642418,0.6193529276847839,0.6193529276847839,0.0,2.0,2.0,3030.0,1901.0,0.0,0.2263137847185135,0.5143071413040161,1.1273667812347412,3.371735095977783,15.0
dynamic,4,2,304,0.6802775462150574,0.6240048490524291,0.05627269622087479,0.599866935634613,0.599866935634613,0.0,2.0,2.0,3040.0,1901.0,0.0,0.2263137847185135,0.5143071413040161,1.1273667812347412,3.371735095977783,15.0
dynamic,4,2,305,0.66287662191391,0.6109586431503296,0.05191798343062401,0.6056826386451721,0.6056826386451721,0.0,2.0,2.0,3050.0,1901.0,0.0,0.2263137847185135,0.5143071413040161,1.1273667812347412,3.371735095977783,15.0
dynamic,4,2,306,0.6694495810508728,0.6153104347229004,0.054139144039154055,0.6115854583740234,0.6115854583740234,0.0,2.0,2.0,3060.0,1901.0,0.0,0.2263137847185135,0.5143071413040161,1.1273667812347412,3.371735095977783,15.0
dynamic,4,2,307,0.6665533246040344,0.6121212533950806,0.05443207551836968,0.6015031569480896,0.6015031569480896,0.0,2.0,2.0,3070.0,1901.0,0.0,0.2263137847185135,0.5143071413040161,1.1273667812347412,3.371735095977783,15.0
dynamic,4,2,308,0.6614792819976807,0.6132690565109253,0.048210232871770856,0.6002589239120484,0.6002589239120484,0.0,2.0,2.0,3080.0,1901.0,0.0,0.2263137847185135,0.5143071413040161,1.1273667812347412,3.371735095977783,15.0
dynamic,4,2,309,0.6768590963363648,0.6208328990936279,0.05602619401216507,0.5970437958717346,0.5970437958717346,0.0,2.0,2.0,3090.0,1901.0,0.0,0.2263137847185135,0.5143071413040161,1.1273667812347412,3.371735095977783,15.0
dynamic,4,2,310,0.6606564652442932,0.6114509115219117,0.04920556835532188,0.6209940194129944,0.6209940194129944,0.0,2.0,2.0,3100.0,1901.0,0.0,0.2263137847185135,0.5143071413040161,1.1273667812347412,3.371735095977783,15.0
dynamic,4,2,311,0.6725363436698913,0.6150603397369385,0.057475992172956465,0.6022511442184448,0.6022511442184448,0.0,2.0,2.0,3110.0,1901.0,0.0,0.2263137847185135,0.5143071413040161,1.1273667812347412,3.371735095977783,15.0
dynamic,4,2,312,0.6697539661407471,0.619218409538269,0.050535549980401995,0.6075598280906678,0.6075598280906678,0.0,2.0,2.0,3120.0,1901.0,0.0,0.2263137847185135,0.5143071413040161,1.1273667812347412,3.371735095977783,15.0
dynamic,4,2,313,0.6695147427558898,0.6199683888435363,0.04954634836912155,0.597001738357544,0.597001738357544,0.0,2.0,2.0,3130.0,1901.0,0.0,0.2263137847185135,0.5143071413040161,1.1273667812347412,3.371735095977783,15.0
dynamic,4,2,314,0.6767384666442872,0.6171003608703614,0.059638099938631055,0.5959756415367127,0.5959756415367127,0.0,2.0,2.0,3140.0,1901.0,0.0,0.2263137847185135,0.5143071413040161,1.1273667812347412,3.371735095977783,15.0
dynamic,4,2,315,0.6878870017051697,0.6313216683387757,0.056565337651968,0.6049021105766297,0.6049021105766297,0.0,2.0,2.0,3150.0,1901.0,0.0,0.2263137847185135,0.5143071413040161,1.1273667812347412,3.371735095977783,15.0
dynamic,4,2,316,0.6569164445877075,0.6036263668060303,0.05329008018374443,0.6094659512519837,0.6094659512519837,0.0,2.0,2.0,3160.0,1901.0,0.0,0.2263137847185135,0.5143071413040161,1.1273667812347412,3.371735095977783,15.0
dynamic,4,2,317,0.683867345237732,0.6307056990623474,0.05316164195537567,0.6055743592262268,0.6055743592262268,0.0,2.0,2.0,3170.0,1901.0,0.0,0.2263137847185135,0.5143071413040161,1.1273667812347412,3.371735095977783,15.0
dynamic,4,2,318,0.6714202617645264,0.6159117542266845,0.055508502960205076,0.6072000406265259,0.6072000406265259,0.0,2.0,2.0,3180.0,1901.0,0.0,0.2263137847185135,0.5143071413040161,1.1273667812347412,3.371735095977783,15.0
dynamic,4,2,319,0.6714697490692139,0.6209513075828552,0.050518437898159026,0.605725307559967,0.605725307559967,0.0,2.0,2.0,3190.0,1901.0,0.0,0.2263137847185135,0.5143071413040161,1.1273667812347412,3.371735095977783,15.0
dynamic,4,2,320,0.6685959327697754,0.6140521048545837,0.054543829578161236,0.6204803116798401,0.6204803116798401,0.0,2.0,2.0,3200.0,1901.0,0.0,0.2263137847185135,0.5143071413040161,1.1273667812347412,3.371735095977783,15.0
dynamic,4,2,321,0.6695958226203919,0.6123287757873536,0.057267047953605654,0.5978475419998169,0.5978475419998169,0.0,2.0,2.0,3210.0,1901.0,0.0,0.2263137847185135,0.5143071413040161,1.1273667812347412,3.371735095977783,15.0
dynamic,4,2,322,0.671917227935791,0.6162225313186646,0.055694695943593976,0.6105680318832397,0.6105680318832397,0.0,2.0,2.0,3220.0,1901.0,0.0,0.2263137847185135,0.5143071413040161,1.1273667812347412,3.371735095977783,15.0
dynamic,4,2,323,0.6716536681175231,0.6151876268386841,0.05646603887677193,0.6133750049591065,0.6133750049591065,0.0,2.0,2.0,3230.0,1901.0,0.0,0.2263137847185135,0.5143071413040161,1.1273667812347412,3.371735095977783,15.0
dynamic,4,2,324,0.6675698316574097,0.6105784893035888,0.05699133813381195,0.6068018557548523,0.6068018557548523,0.0,2.0,2.0,3240.0,1901.0,0.0,0.2263137847185135,0.5143071413040161,1.1273667812347412,3.371735095977783,15.0
dynamic,4,2,325,0.6639508713722229,0.6153082012176514,0.04864266470074654,0.6130382166862488,0.6130382166862488,0.0,2.0,2.0,3250.0,1901.0,0.0,0.2263137847185135,0.5143071413040161,1.1273667812347412,3.371735095977783,15.0
dynamic,4,2,326,0.6743906589508056,0.6168995568275452,0.05749110629558563,0.6033271984100341,0.6033271984100341,0.0,2.0,2.0,3260.0,1901.0,0.0,0.2263137847185135,0.5143071413040161,1.1273667812347412,3.371735095977783,15.0
dynamic,4,2,327,0.6562671219825744,0.6054016592979431,0.050865462911129,0.6020226999282837,0.6020226999282837,0.0,2.0,2.0,3270.0,1901.0,0.0,0.2263137847185135,0.5143071413040161,1.1273667812347412,3.371735095977783,15.0
dynamic,4,2,328,0.6661984840393066,0.6151040281295777,0.051094455820322036,0.6035355357170105,0.6035355357170105,0.0,2.0,2.0,3280.0,1901.0,0.0,0.2263137847185135,0.5143071413040161,1.1273667812347412,3.371735095977783,15.0
dynamic,4,2,329,0.6633187357902527,0.6053459014892578,0.05797283732891083,0.6024682228088379,0.6024682228088379,0.0,2.0,2.0,3290.0,1901.0,0.0,0.2263137847185135,0.5143071413040161,1.1273667812347412,3.371735095977783,15.0
dynamic,4,2,330,0.6671135142326355,0.6156554919242859,0.05145802385807037,0.5984756630897522,0.5984756630897522,0.0,2.0,2.0,3300.0,1901.0,0.0,0.2263137847185135,0.5143071413040161,1.1273667812347412,3.371735095977783,15.0
dynamic,4,2,331,0.6662450510978699,0.6118530735969544,0.054391978442668916,0.606765029335022,0.606765029335022,0.0,2.0,2.0,3310.0,1901.0,0.0,0.2263137847185135,0.5143071413040161,1.1273667812347412,3.371735095977783,15.0
dynamic,4,2,332,0.667702891921997,0.6178892965316772,0.0498135848224163,0.598989892578125,0.598989892578125,0.0,2.0,2.0,3320.0,1901.0,0.0,0.2263137847185135,0.5143071413040161,1.1273667812347412,3.371735095977783,15.0
dynamic,4,2,333,0.6572051923751832,0.6054544829368591,0.05175070914626122,0.6071802883148193,0.6071802883148193,0.0,2.0,2.0,3330.0,1901.0,0.0,0.2263137847185135,0.5143071413040161,1.1273667812347412,3.371735095977783,15.0
dynamic,4,2,334,0.6659468874931336,0.6149373364448547,0.051009556567668916,0.6070238781929016,0.6070238781929016,0.0,2.0,2.0,3340.0,1901.0,0.0,0.2263137847185135,0.5143071413040161,1.1273667812347412,3.371735095977783,15.0
dynamic,4,2,335,0.6690661945343017,0.6180057423591614,0.05106044254899025,0.6090313391685486,0.6090313391685486,0.0,2.0,2.0,3350.0,1901.0,0.0,0.2263137847185135,0.5143071413040161,1.1273667812347412,3.371735095977783,15.0
dynamic,4,2,336,0.6612929375648499,0.6122814991950989,0.04901143370270729,0.59665694065094,0.59665694065094,0.0,2.0,2.0,3360.0,1901.0,0.0,0.2263137847185135,0.5143071413040161,1.1273667812347412,3.371735095977783,15.0
dynamic,4,2,337,0.6620378348350525,0.606884969997406,0.05515285826325417,0.5974709306716919,0.5974709306716919,0.0,2.0,2.0,3370.0,1901.0,0.0,0.2263137847185135,0.5143071413040161,1.1273667812347412,3.371735095977783,15.0
dynamic,4,2,338,0.6788767323493957,0.6248162197113037,0.0540605126619339,0.597314454650879,0.597314454650879,0.0,2.0,2.0,3380.0,1901.0,0.0,0.2263137847185135,0.5143071413040161,1.1273667812347412,3.371735095977783,15.0
dynamic,4,2,339,0.6616858613014222,0.6129483674049377,0.04873749147057533,0.5912059244155884,0.5912059244155884,0.0,2.0,2.0,3390.0,1901.0,0.0,0.2263137847185135,0.5143071413040161,1.1273667812347412,3.371735095977783,15.0
dynamic,4,2,340,0.6592902090072632,0.6112196758270264,0.04807054285407066,0.6148334969520569,0.6148334969520569,0.0,2.0,2.0,3400.0,1901.0,0.0,0.2263137847185135,0.5143071413040161,1.1273667812347412,3.371735095977783,15.0
dynamic,4,2,341,0.6569848184585572,0.6084416132926941,0.04854320188760757,0.6025266717910767,0.6025266717910767,0.0,2.0,2.0,3410.0,1901.0,0.0,0.2263137847185135,0.5143071413040161,1.1273667812347412,3.371735095977783,15.0
dynamic,4,2,342,0.6617646066665649,0.6087401094436645,0.05302449358701706,0.5979274087905884,0.5979274087905884,0.0,2.0,2.0,3420.0,1901.0,0.0,0.2263137847185135,0.5143071413040161,1.1273667812347412,3.371735095977783,15.0
dynamic,4,2,343,0.6613362509727478,0.6105209478378296,0.050815302687883375,0.6096562235832215,0.6096562235832215,0.0,2.0,2.0,3430.0,1901.0,0.0,0.2263137847185135,0.5143071413040161,1.1273667812347412,3.371735095977783,15.0
dynamic,4,2,344,0.6641683297157288,0.6150048517227172,0.04916347927451134,0.5960625254631042,0.5960625254631042,0.0,2.0,2.0,3440.0,1901.0,0.0,0.2263137847185135,0.5143071413040161,1.1273667812347412,3.371735095977783,15.0
dynamic,4,2,345,0.669228097820282,0.6126431366920472,0.05658496191501618,0.6076118352890014,0.6076118352890014,0.0,2.0,2.0,3450.0,1901.0,0.0,0.2263137847185135,0.5143071413040161,1.1273667812347412,3.371735095977783,15.0
dynamic,4,2,346,0.6695023593902588,0.6186269047737122,0.05087545342445374,0.6002680668830872,0.6002680668830872,0.0,2.0,2.0,3460.0,1901.0,0.0,0.2263137847185135,0.5143071413040161,1.1273667812347412,3.371735095977783,15.0
dynamic,4,2,347,0.6628354075431824,0.6073103116035461,0.05552509459257126,0.5867316696166992,0.5867316696166992,0.0,2.0,2.0,3470.0,1901.0,0.0,0.2263137847185135,0.5143071413040161,1.1273667812347412,3.371735095977783,15.0
dynamic,4,2,348,0.6648020380020142,0.616313288116455,0.04848875040411949,0.5947246379852295,0.5947246379852295,0.0,2.0,2.0,3480.0,1901.0,0.0,0.2263137847185135,0.5143071413040161,1.1273667812347412,3.371735095977783,15.0
dynamic,4,2,349,0.6640134450912476,0.6085461680412293,0.055467275279760364,0.6077552467346191,0.6077552467346191,0.0,2.0,2.0,3490.0,1901.0,0.0,0.2263137847185135,0.5143071413040161,1.1273667812347412,3.371735095977783,15.0
dynamic,4,2,350,0.659015156364441,0.6068708221435547,0.05214434037208557,0.5999215239524841,0.5999215239524841,0.0,2.0,2.0,3500.0,1901.0,0.0,0.2263137847185135,0.5143071413040161,1.1273667812347412,3.371735095977783,15.0
dynamic,4,2,351,0.6577496321678161,0.6080509855270386,0.04969864330589771,0.6077074431419373,0.6077074431419373,0.0,2.0,2.0,3510.0,1901.0,0.0,0.2263137847185135,0.5143071413040161,1.1273667812347412,3.371735095977783,15.0
dynamic,4,2,352,0.6443950561523437,0.5985632159233093,0.045831839442253115,0.6054988884925843,0.6054988884925843,0.0,2.0,2.0,3520.0,1901.0,0.0,0.2263137847185135,0.5143071413040161,1.1273667812347412,3.371735095977783,15.0
dynamic,4,2,353,0.6656511575698852,0.6150558216094971,0.05059533315300942,0.5895611740112304,0.5895611740112304,0.0,2.0,2.0,3530.0,1901.0,0.0,0.2263137847185135,0.5143071413040161,1.1273667812347412,3.371735095977783,15.0
dynamic,4,2,354,0.6499356050491333,0.6023956190109253,0.04753997324705124,0.5953885414123535,0.5953885414123535,0.0,2.0,2.0,3540.0,1901.0,0.0,0.2263137847185135,0.5143071413040161,1.1273667812347412,3.371735095977783,15.0
dynamic,4,2,355,0.6682977661132813,0.6148771986961364,0.05342056811451912,0.6038104706764221,0.6038104706764221,0.0,2.0,2.0,3550.0,1901.0,0.0,0.2263137847185135,0.5143071413040161,1.1273667812347412,3.371735095977783,15.0
dynamic,4,2,356,0.6599006409645081,0.6130767789840699,0.04682384941577911,0.5989739295959473,0.5989739295959473,0.0,2.0,2.0,3560.0,1901.0,0.0,0.2263137847185135,0.5143071413040161,1.1273667812347412,3.371735095977783,15.0
dynamic,4,2,357,0.6640596861839294,0.6142571394920349,0.049802547454833986,0.6231735334396362,0.6231735334396362,0.0,2.0,2.0,3570.0,1901.0,0.0,0.2263137847185135,0.5143071413040161,1.1273667812347412,3.371735095977783,15.0
dynamic,4,2,358,0.6572918450355529,0.6055469638824463,0.05174488510489464,0.594623201751709,0.594623201751709,0.0,2.0,2.0,3580.0,1901.0,0.0,0.2263137847185135,0.5143071413040161,1.1273667812347412,3.371735095977783,15.0
dynamic,4,2,359,0.6580592889785767,0.6065753836631775,0.05148390419483185,0.5941229125976563,0.5941229125976563,0.0,2.0,2.0,3590.0,1901.0,0.0,0.2263137847185135,0.5143071413040161,1.1273667812347412,3.371735095977783,15.0
dynamic,4,2,360,0.6528376925468444,0.604569140625,0.04826853805184364,0.6094791569709778,0.6094791569709778,0.0,2.0,2.0,3600.0,1901.0,0.0,0.2263137847185135,0.5143071413040161,1.1273667812347412,3.371735095977783,15.0
dynamic,4,2,361,0.6589769227981568,0.606780210018158,0.05219671704173088,0.6021115723609924,0.6021115723609924,0.0,2.0,2.0,3610.0,1901.0,0.0,0.2263137847185135,0.5143071413040161,1.1273667812347412,3.371735095977783,15.0
dynamic,4,2,362,0.6547750673294067,0.6088616797447205,0.04591338136792183,0.6048578361511231,0.6048578361511231,0.0,2.0,2.0,3620.0,1901.0,0.0,0.2263137847185135,0.5143071413040161,1.1273667812347412,3.371735095977783,15.0
dynamic,4,2,363,0.6635777047157287,0.6149700692176819,0.04860763996243477,0.59309272108078,0.59309272108078,0.0,2.0,2.0,3630.0,1901.0,0.0,0.2263137847185135,0.5143071413040161,1.1273667812347412,3.371735095977783,15.0
dynamic,4,2,364,0.6591632495880126,0.6042926075935364,0.05487063252329826,0.5975071674346923,0.5975071674346923,0.0,2.0,2.0,3640.0,1901.0,0.0,0.2263137847185135,0.5143071413040161,1.1273667812347412,3.371735095977783,15.0
dynamic,4,2,365,0.6616308160781861,0.6138687894821167,0.047762033689022064,0.5928158724784851,0.5928158724784851,0.0,2.0,2.0,3650.0,1901.0,0.0,0.2263137847185135,0.5143071413040161,1.1273667812347412,3.371735095977783,15.0
dynamic,4,2,366,0.6624335446357728,0.6126771700859069,0.049756372779607774,0.602910788345337,0.602910788345337,0.0,2.0,2.0,3660.0,1901.0,0.0,0.2263137847185135,0.5143071413040161,1.1273667812347412,3.371735095977783,15.0
dynamic,4,2,367,0.6484279434204101,0.5980101482391358,0.05041779630184173,0.5998061340332032,0.5998061340332032,0.0,2.0,2.0,3670.0,1901.0,0.0,0.2263137847185135,0.5143071413040161,1.1273667812347412,3.371735095977783,15.0
dynamic,4,2,368,0.6622421599388123,0.6139571710586548,0.04828499253988266,0.5933586881637574,0.5933586881637574,0.0,2.0,2.0,3680.0,1901.0,0.0,0.2263137847185135,0.5143071413040161,1.1273667812347412,3.371735095977783,15.0
dynamic,4,2,369,0.6524365114212036,0.6047583550453186,0.04767815157175064,0.608271923160553,0.608271923160553,0.0,2.0,2.0,3690.0,1901.0,0.0,0.2263137847185135,0.5143071413040161,1.1273667812347412,3.371735095977783,15.0
dynamic,4,2,370,0.6581270540237427,0.6030023262023926,0.055124736839532854,0.6019372397422791,0.6019372397422791,0.0,2.0,2.0,3700.0,1901.0,0.0,0.2263137847185135,0.5143071413040161,1.1273667812347412,3.371735095977783,15.0
dynamic,4,2,371,0.6578202100753784,0.607668891620636,0.05015131165385246,0.6053797201156617,0.6053797201156617,0.0,2.0,2.0,3710.0,1901.0,0.0,0.2263137847185135,0.5143071413040161,1.1273667812347412,3.371735095977783,15.0
dynamic,4,2,372,0.6524394539833069,0.6069971086502075,0.045442344099283216,0.5874358466148376,0.5874358466148376,0.0,2.0,2.0,3720.0,1901.0,0.0,0.2263137847185135,0.5143071413040161,1.1273667812347412,3.371735095977783,15.0
dynamic,4,2,373,0.6490225784301757,0.5979464168548584,0.05107615042328834,0.5924156610488892,0.5924156610488892,0.0,2.0,2.0,3730.0,1901.0,0.0,0.2263137847185135,0.5143071413040161,1.1273667812347412,3.371735095977783,15.0
dynamic,4,2,374,0.6532527529716492,0.6062429747581481,0.047009782993793485,0.5916570828437805,0.5916570828437805,0.0,2.0,2.0,3740.0,1901.0,0.0,0.2263137847185135,0.5143071413040161,1.1273667812347412,3.371735095977783,15.0
dynamic,4,2,375,0.6478776941299439,0.5951504504203796,0.05272724566459656,0.5985195491790771,0.5985195491790771,0.0,2.0,2.0,3750.0,1901.0,0.0,0.2263137847185135,0.5143071413040161,1.1273667812347412,3.371735095977783,15.0
dynamic,4,2,376,0.6512118739128113,0.6045739465713501,0.04663792906999588,0.6116126324653626,0.6116126324653626,0.0,2.0,2.0,3760.0,1901.0,0.0,0.2263137847185135,0.5143071413040161,1.1273667812347412,3.371735095977783,15.0
dynamic,4,2,377,0.6638466251373291,0.61126554479599,0.052581081664562226,0.6154005261421204,0.6154005261421204,0.0,2.0,2.0,3770.0,1901.0,0.0,0.2263137847185135,0.5143071413040161,1.1273667812347412,3.371735095977783,15.0
dynamic,4,2,378,0.658598750591278,0.6067631184577942,0.0518356337249279,0.6056156741142273,0.6056156741142273,0.0,2.0,2.0,3780.0,1901.0,0.0,0.2263137847185135,0.5143071413040161,1.1273667812347412,3.371735095977783,15.0
dynamic,4,2,379,0.6696607426643372,0.6156549478530884,0.054005798381567,0.613758955860138,0.613758955860138,0.0,2.0,2.0,3790.0,1901.0,0.0,0.2263137847185135,0.5143071413040161,1.1273667812347412,3.371735095977783,15.0
dynamic,4,2,380,0.6649275592803955,0.6179248774528503,0.04700267816781998,0.6024186690330505,0.6024186690330505,0.0,2.0,2.0,3800.0,1901.0,0.0,0.2263137847185135,0.5143071413040161,1.1273667812347412,3.371735095977783,15.0
dynamic,4,2,381,0.6561440418243408,0.6106134387016297,0.04553060799241066,0.6170247631072998,0.6170247631072998,0.0,2.0,2.0,3810.0,1901.0,0.0,0.2263137847185135,0.5143071413040161,1.1273667812347412,3.371735095977783,15.0
dynamic,4,2,382,0.661373167514801,0.6096815002441406,0.05169166632890701,0.6222636739730835,0.6222636739730835,0.0,2.0,2.0,3820.0,1901.0,0.0,0.2263137847185135,0.5143071413040161,1.1273667812347412,3.371735095977783,15.0
dynamic,4,2,383,0.6702818099021912,0.6134140956878662,0.056867718386650085,0.606913387966156,0.606913387966156,0.0,2.0,2.0,3830.0,1901.0,0.0,0.2263137847185135,0.5143071413040161,1.1273667812347412,3.371735095977783,15.0
dynamic,4,2,384,0.6595332040786743,0.6128102287292481,0.04672297761440277,0.6218635333061219,0.6218635333061219,0.0,2.0,2.0,3840.0,1901.0,0.0,0.2263137847185135,0.5143071413040161,1.1273667812347412,3.371735095977783,15.0
dynamic,4,2,385,0.6640506380081177,0.6142539791107178,0.04979665519595146,0.6112388896942139,0.6112388896942139,0.0,2.0,2.0,3850.0,1901.0,0.0,0.2263137847185135,0.5143071413040161,1.1273667812347412,3.371735095977783,15.0
dynamic,4,2,386,0.6646732473373413,0.6158318014144898,0.04884145285487175,0.6136795241355896,0.6136795241355896,0.0,2.0,2.0,3860.0,1901.0,0.0,0.2263137847185135,0.5143071413040161,1.1273667812347412,3.371735095977783,15.0
dynamic,4,2,387,0.6521689962387085,0.6063679393768311,0.045801053136587146,0.606665717792511,0.606665717792511,0.0,2.0,2.0,3870.0,1901.0,0.0,0.2263137847185135,0.5143071413040161,1.1273667812347412,3.371735095977783,15.0
dynamic,4,2,388,0.6625079334259033,0.6122433685302734,0.05026456323266029,0.6088032445907593,0.6088032445907593,0.0,2.0,2.0,3880.0,1901.0,0.0,0.2263137847185135,0.5143071413040161,1.1273667812347412,3.371735095977783,15.0
dynamic,4,2,389,0.6582778198242187,0.6084834527015686,0.049794357204437256,0.6385237170219421,0.6385237170219421,0.0,2.0,2.0,3890.0,1901.0,0.0,0.2263137847185135,0.5143071413040161,1.1273667812347412,3.371735095977783,15.0
dynamic,4,2,390,0.669524772644043,0.6230270970344544,0.0464976717710495,0.6015313792228699,0.6015313792228699,0.0,2.0,2.0,3900.0,1901.0,0.0,0.2263137847185135,0.5143071413040161,1.1273667812347412,3.371735095977783,15.0
dynamic,4,2,391,0.6542091039657593,0.6043343823432923,0.049874730622768405,0.6175271641731263,0.6175271641731263,0.0,2.0,2.0,3910.0,1901.0,0.0,0.2263137847185135,0.5143071413040161,1.1273667812347412,3.371735095977783,15.0
dynamic,4,2,392,0.6571132740020752,0.6102809868812561,0.0468322973549366,0.6049418465614319,0.6049418465614319,0.0,2.0,2.0,3920.0,1901.0,0.0,0.2263137847185135,0.5143071413040161,1.1273667812347412,3.371735095977783,15.0
dynamic,4,2,393,0.6613548936843872,0.6123965895175933,0.048958309733867646,0.6116914452552795,0.6116914452552795,0.0,2.0,2.0,3930.0,1901.0,0.0,0.2263137847185135,0.5143071413040161,1.1273667812347412,3.371735095977783,15.0
dynamic,4,2,394,0.651400635433197,0.6046016616821289,0.046798983311653136,0.6246358231544494,0.6246358231544494,0.0,2.0,2.0,3940.0,1901.0,0.0,0.2263137847185135,0.5143071413040161,1.1273667812347412,3.371735095977783,15.0
dynamic,4,2,395,0.6519677593231201,0.6035554591178894,0.04841229345202446,0.6213710245132447,0.6213710245132447,0.0,2.0,2.0,3950.0,1901.0,0.0,0.2263137847185135,0.5143071413040161,1.1273667812347412,3.371735095977783,15.0
dynamic,4,2,396,0.6718704940795899,0.6139623475074768,0.05790815525650978,0.6245934222221374,0.6245934222221374,0.0,2.0,2.0,3960.0,1901.0,0.0,0.2263137847185135,0.5143071413040161,1.1273667812347412,3.371735095977783,15.0
dynamic,4,2,397,0.6514641666412353,0.6073328362464905,0.04413133454322815,0.6099449454307556,0.6099449454307556,0.0,2.0,2.0,3970.0,1901.0,0.0,0.2263137847185135,0.5143071413040161,1.1273667812347412,3.371735095977783,15.0
dynamic,4,2,398,0.6398074472427369,0.5887469362735749,0.051060514986515045,0.6065797568321228,0.6065797568321228,0.0,2.0,2.0,3980.0,1901.0,0.0,0.2263137847185135,0.5143071413040161,1.1273667812347412,3.371735095977783,15.0
dynamic,4,2,399,0.6592184958457947,0.612844606590271,0.04637387969493866,0.6334226288795471,0.6334226288795471,0.0,2.0,2.0,3990.0,1901.0,0.0,0.2263137847185135,0.5143071413040161,1.1273667812347412,3.371735095977783,15.0
dynamic,4,2,400,0.6660670488357544,0.6186670081138611,0.04740003845691681,0.607168814086914,0.607168814086914,0.0,2.0,2.0,4000.0,1901.0,0.0,0.2263137847185135,0.5143071413040161,1.1273667812347412,3.371735095977783,15.0
dynamic,4,2,401,0.6723587465286255,0.6202132333755493,0.05214551342129707,0.605690435218811,0.605690435218811,0.0,2.0,2.0,4010.0,1901.0,0.0,0.2263137847185135,0.5143071413040161,1.1273667812347412,3.371735095977783,15.0
dynamic,4,2,402,0.6581610375404358,0.6127129179000854,0.04544811943769455,0.6326285067558288,0.6326285067558288,0.0,2.0,2.0,4020.0,1901.0,0.0,0.2263137847185135,0.5143071413040161,1.1273667812347412,3.371735095977783,15.0
dynamic,4,2,403,0.6871508973121643,0.6348107710838318,0.05234011994600296,0.629272679901123,0.629272679901123,0.0,2.0,2.0,4030.0,1901.0,0.0,0.2263137847185135,0.5143071413040161,1.1273667812347412,3.371735095977783,15.0
dynamic,4,2,404,0.664545565700531,0.6125283886909485,0.05201717911958694,0.6101832278251648,0.6101832278251648,0.0,2.0,2.0,4040.0,1901.0,0.0,0.2263137847185135,0.5143071413040161,1.1273667812347412,3.371735095977783,15.0
dynamic,4,2,405,0.6737536192893981,0.6241903579711914,0.0495632589161396,0.6422609558105469,0.6422609558105469,0.0,2.0,2.0,4050.0,1901.0,0.0,0.2263137847185135,0.5143071413040161,1.1273667812347412,3.371735095977783,15.0
dynamic,4,2,406,0.66027553024292,0.6126971772193909,0.04757835264205933,0.614474199295044,0.614474199295044,0.0,2.0,2.0,4060.0,1901.0,0.0,0.2263137847185135,0.5143071413040161,1.1273667812347412,3.371735095977783,15.0
dynamic,4,2,407,0.6691604564666748,0.6145963487625122,0.0545641077041626,0.6183172746658325,0.6183172746658325,0.0,2.0,2.0,4070.0,1901.0,0.0,0.2263137847185135,0.5143071413040161,1.1273667812347412,3.371735095977783,15.0
dynamic,4,2,408,0.6639746809005738,0.6180620800971985,0.04591260437369347,0.6141856442451477,0.6141856442451477,0.0,2.0,2.0,4080.0,1901.0,0.0,0.2263137847185135,0.5143071413040161,1.1273667812347412,3.371735095977783,15.0
dynamic,4,2,409,0.6621770444869995,0.6110121151924134,0.05116494439840317,0.6067900194168091,0.6067900194168091,0.0,2.0,2.0,4090.0,1901.0,0.0,0.2263137847185135,0.5143071413040161,1.1273667812347412,3.371735095977783,15.0
dynamic,4,2,410,0.6798343107223511,0.6289844589233399,0.050849850702285766,0.6296759592056275,0.6296759592056275,0.0,2.0,2.0,4100.0,1901.0,0.0,0.2263137847185135,0.5143071413040161,1.1273667812347412,3.371735095977783,15.0
dynamic,4,2,411,0.6662490591049194,0.6198259185791015,0.04642313724756241,0.6191823327064514,0.6191823327064514,0.0,2.0,2.0,4110.0,1901.0,0.0,0.2263137847185135,0.5143071413040161,1.1273667812347412,3.371735095977783,15.0
dynamic,4,2,412,0.6660568899154663,0.6160917946815491,0.04996509588360786,0.6228119794845581,0.6228119794845581,0.0,2.0,2.0,4120.0,1901.0,0.0,0.2263137847185135,0.5143071413040161,1.1273667812347412,3.371735095977783,15.0
dynamic,4,2,413,0.683943572807312,0.6264554294586182,0.057488139015436174,0.6129293462753296,0.6129293462753296,0.0,2.0,2.0,4130.0,1901.0,0.0,0.2263137847185135,0.5143071413040161,1.1273667812347412,3.371735095977783,15.0
dynamic,4,2,414,0.663063021850586,0.6150414109230041,0.04802159887552261,0.6042216099739075,0.6042216099739075,0.0,2.0,2.0,4140.0,1901.0,0.0,0.2263137847185135,0.5143071413040161,1.1273667812347412,3.371735095977783,15.0
dynamic,4,2,415,0.6497254473686218,0.6049818819999695,0.04474356498718262,0.623602818775177,0.623602818775177,0.0,2.0,2.0,4150.0,1901.0,0.0,0.2263137847185135,0.5143071413040161,1.1273667812347412,3.371735095977783,15.0
dynamic,4,2,416,0.6624826622962952,0.615129707622528,0.04735295529961586,0.601955708026886,0.601955708026886,0.0,2.0,2.0,4160.0,1901.0,0.0,0.2263137847185135,0.5143071413040161,1.1273667812347412,3.371735095977783,15.0
dynamic,4,2,417,0.6550065560340881,0.6043157150268554,0.05069083658456802,0.6018188675880433,0.6018188675880433,0.0,2.0,2.0,4170.0,1901.0,0.0,0.2263137847185135,0.5143071413040161,1.1273667812347412,3.371735095977783,15.0
dynamic,4,2,418,0.6707395957946778,0.6178895489692688,0.0528500439286232,0.6147024890899658,0.6147024890899658,0.0,2.0,2.0,4180.0,1901.0,0.0,0.2263137847185135,0.5143071413040161,1.1273667812347412,3.371735095977783,15.0
dynamic,4,2,419,0.6528778450965881,0.607628211402893,0.04524963636398315,0.6076844317436219,0.6076844317436219,0.0,2.0,2.0,4190.0,1901.0,0.0,0.2263137847185135,0.5143071413040161,1.1273667812347412,3.371735095977783,15.0
dynamic,4,2,420,0.6518353549003602,0.6038471300125122,0.04798822764754295,0.613618293094635,0.613618293094635,0.0,2.0,2.0,4200.0,1901.0,0.0,0.2263137847185135,0.5143071413040161,1.1273667812347412,3.371735095977783,15.0
dynamic,4,2,421,0.6619578268051147,0.611719472026825,0.05023835753798485,0.6402845888137817,0.6402845888137817,0.0,2.0,2.0,4210.0,1901.0,0.0,0.2263137847185135,0.5143071413040161,1.1273667812347412,3.371735095977783,15.0
dynamic,4,2,422,0.6554656005859375,0.6061661810874939,0.04929942553639412,0.5895599213600159,0.5895599213600159,0.0,2.0,2.0,4220.0,1901.0,0.0,0.2263137847185135,0.5143071413040161,1.1273667812347412,3.371735095977783,15.0
dynamic,4,2,423,0.6522394420623779,0.6082397972106933,0.04399964408874512,0.6012662915229797,0.6012662915229797,0.0,2.0,2.0,4230.0,1901.0,0.0,0.2263137847185135,0.5143071413040161,1.1273667812347412,3.371735095977783,15.0
dynamic,4,2,424,0.648258835697174,0.6004453570365905,0.047813477671146395,0.6089748339653015,0.6089748339653015,0.0,2.0,2.0,4240.0,1901.0,0.0,0.2263137847185135,0.5143071413040161,1.1273667812347412,3.371735095977783,15.0
dynamic,4,2,425,0.6493461563110352,0.6030180554389953,0.04632810082435608,0.5991860296249389,0.5991860296249389,0.0,2.0,2.0,4250.0,1901.0,0.0,0.2263137847185135,0.5143071413040161,1.1273667812347412,3.371735095977783,15.0
dynamic,4,2,426,0.6456836327552795,0.6021463836669921,0.043537247651815415,0.6022187450408936,0.6022187450408936,0.0,2.0,2.0,4260.0,1901.0,0.0,0.2263137847185135,0.5143071413040161,1.1273667812347412,3.371735095977783,15.0
dynamic,4,2,427,0.6419600687980652,0.5951125480651855,0.04684751198291778,0.60419494972229,0.60419494972229,0.0,2.0,2.0,4270.0,1901.0,0.0,0.2263137847185135,0.5143071413040161,1.1273667812347412,3.371735095977783,15.0
dynamic,4,2,428,0.6469901361465454,0.6026689053535461,0.04432124217152596,0.5993838551521301,0.5993838551521301,0.0,2.0,2.0,4280.0,1901.0,0.0,0.2263137847185135,0.5143071413040161,1.1273667812347412,3.371735095977783,15.0
dynamic,4,2,429,0.6446886831283569,0.6039871389865875,0.0407015433549881,0.6019272834777832,0.6019272834777832,0.0,2.0,2.0,4290.0,1901.0,0.0,0.2263137847185135,0.5143071413040161,1.1273667812347412,3.371735095977783,15.0
dynamic,4,2,430,0.6537043773651123,0.6124827166557312,0.04122166504263878,0.6192121534347534,0.6192121534347534,0.0,2.0,2.0,4300.0,1901.0,0.0,0.2263137847185135,0.5143071413040161,1.1273667812347412,3.371735095977783,15.0
dynamic,4,2,431,0.6517203868865967,0.6051199564933777,0.04660042834877968,0.5960449801445007,0.5960449801445007,0.0,2.0,2.0,4310.0,1901.0,0.0,0.2263137847185135,0.5143071413040161,1.1273667812347412,3.371735095977783,15.0
dynamic,4,2,432,0.6483456604003907,0.6078995372772217,0.04044612352848053,0.6009986163139344,0.6009986163139344,0.0,2.0,2.0,4320.0,1901.0,0.0,0.2263137847185135,0.5143071413040161,1.1273667812347412,3.371735095977783,15.0
dynamic,4,2,433,0.6500815286636352,0.6035122205734252,0.046569304811954496,0.6024888832092286,0.6024888832092286,0.0,2.0,2.0,4330.0,1901.0,0.0,0.2263137847185135,0.5143071413040161,1.1273667812347412,3.371735095977783,15.0
dynamic,4,2,434,0.643398045349121,0.6031900660514832,0.040207979029417036,0.6191386862754822,0.6191386862754822,0.0,2.0,2.0,4340.0,1901.0,0.0,0.2263137847185135,0.5143071413040161,1.1273667812347412,3.371735095977783,15.0
dynamic,4,2,435,0.6573522109031678,0.6135182657241821,0.04383394203782082,0.6059822058677673,0.6059822058677673,0.0,2.0,2.0,4350.0,1901.0,0.0,0.2263137847185135,0.5143071413040161,1.1273667812347412,3.371735095977783,15.0
dynamic,4,2,436,0.651347676563263,0.6081189279556274,0.04322874710559845,0.5974854100227356,0.5974854100227356,0.0,2.0,2.0,4360.0,1901.0,0.0,0.2263137847185135,0.5143071413040161,1.1273667812347412,3.371735095977783,15.0
dynamic,4,2,437,0.6564085782051087,0.6088715993881225,0.047536982387304305,0.5958462265014648,0.5958462265014648,0.0,2.0,2.0,4370.0,1901.0,0.0,0.2263137847185135,0.5143071413040161,1.1273667812347412,3.371735095977783,15.0
dynamic,4,2,438,0.6562519836425781,0.6119702399253846,0.04428172497749329,0.6074847578048707,0.6074847578048707,0.0,2.0,2.0,4380.0,1901.0,0.0,0.2263137847185135,0.5143071413040161,1.1273667812347412,3.371735095977783,15.0
dynamic,4,2,439,0.6539174264907837,0.6100534697532654,0.0438639536857605,0.6035367228507995,0.6035367228507995,0.0,2.0,2.0,4390.0,1901.0,0.0,0.2263137847185135,0.5143071413040161,1.1273667812347412,3.371735095977783,15.0
dynamic,4,2,440,0.6653696977615357,0.6194956221580505,0.045874083232879635,0.6098386070251465,0.6098386070251465,0.0,2.0,2.0,4400.0,1901.0,0.0,0.2263137847185135,0.5143071413040161,1.1273667812347412,3.371735095977783,15.0
dynamic,4,2,441,0.6478336085319519,0.6046607706069946,0.04317283617258072,0.5979372124671936,0.5979372124671936,0.0,2.0,2.0,4410.0,1901.0,0.0,0.2263137847185135,0.5143071413040161,1.1273667812347412,3.371735095977783,15.0
dynamic,4,2,442,0.6576135348320007,0.6156200430870056,0.04199349643588066,0.6100543717384338,0.6100543717384338,0.0,2.0,2.0,4420.0,1901.0,0.0,0.2263137847185135,0.5143071413040161,1.1273667812347412,3.371735095977783,15.0
dynamic,4,2,443,0.6500107765197753,0.6042195583343506,0.045791221034526826,0.6085072881698609,0.6085072881698609,0.0,2.0,2.0,4430.0,1901.0,0.0,0.2263137847185135,0.5143071413040161,1.1273667812347412,3.371735095977783,15.0
dynamic,4,2,444,0.6532052850723267,0.6095105710983276,0.04369471157193184,0.6026698673248291,0.6026698673248291,0.0,2.0,2.0,4440.0,1901.0,0.0,0.2263137847185135,0.5143071413040161,1.1273667812347412,3.371735095977783,15.0
dynamic,4,2,445,0.6599656744003296,0.6169609814643859,0.043004688221216204,0.5940343644142151,0.5940343644142151,0.0,2.0,2.0,4450.0,1901.0,0.0,0.2263137847185135,0.5143071413040161,1.1273667812347412,3.371735095977783,15.0
dynamic,4,2,446,0.655804123878479,0.6121881375312805,0.04361598576307297,0.6052230130195617,0.6052230130195617,0.0,2.0,2.0,4460.0,1901.0,0.0,0.2263137847185135,0.5143071413040161,1.1273667812347412,3.371735095977783,15.0
dynamic,4,2,447,0.6526520509719849,0.6098944142341614,0.04275762917399407,0.6158636108398438,0.6158636108398438,0.0,2.0,2.0,4470.0,1901.0,0.0,0.2263137847185135,0.5143071413040161,1.1273667812347412,3.371735095977783,15.0
dynamic,4,2,448,0.6515372228622437,0.6094196594238281,0.04211756384372711,0.6068560772895814,0.6068560772895814,0.0,2.0,2.0,4480.0,1901.0,0.0,0.2263137847185135,0.5143071413040161,1.1273667812347412,3.371735095977783,15.0
dynamic,4,2,449,0.6619592720985412,0.6122568103790283,0.04970245344042778,0.6168898382186889,0.6168898382186889,0.0,2.0,2.0,4490.0,1901.0,0.0,0.2263137847185135,0.5143071413040161,1.1273667812347412,3.371735095977783,15.0
dynamic,4,2,450,0.6488412287712098,0.6099454509735107,0.03889578210711479,0.6184086996078492,0.6184086996078492,0.0,2.0,2.0,4500.0,1901.0,0.0,0.2263137847185135,0.5143071413040161,1.1273667812347412,3.371735095977783,15.0
dynamic,4,2,451,0.6545706476211548,0.6144668414115906,0.04010379849076271,0.6094118583679199,0.6094118583679199,0.0,2.0,2.0,4510.0,1901.0,0.0,0.2263137847185135,0.5143071413040161,1.1273667812347412,3.371735095977783,15.0
dynamic,4,2,452,0.6443254282951355,0.5969479409217835,0.0473774814248085,0.6137985530853272,0.6137985530853272,0.0,2.0,2.0,4520.0,1901.0,0.0,0.2263137847185135,0.5143071413040161,1.1273667812347412,3.371735095977783,15.0
dynamic,4,2,453,0.6545389021873474,0.610314246559143,0.04422465475201607,0.6172448687553406,0.6172448687553406,0.0,2.0,2.0,4530.0,1901.0,0.0,0.2263137847185135,0.5143071413040161,1.1273667812347412,3.371735095977783,15.0
dynamic,4,2,454,0.6578667348861694,0.6181835134506226,0.03968321329951286,0.6158289772987365,0.6158289772987365,0.0,2.0,2.0,4540.0,1901.0,0.0,0.2263137847185135,0.5143071413040161,1.1273667812347412,3.371735095977783,15.0
dynamic,4,2,455,0.6553674642562867,0.610757123184204,0.044610344952344894,0.6120644203186035,0.6120644203186035,0.0,2.0,2.0,4550.0,1901.0,0.0,0.2263137847185135,0.5143071413040161,1.1273667812347412,3.371735095977783,15.0
dynamic,4,2,456,0.662744250869751,0.6202418444633484,0.042502393770217896,0.6053148446083069,0.6053148446083069,0.0,2.0,2.0,4560.0,1901.0,0.0,0.2263137847185135,0.5143071413040161,1.1273667812347412,3.371735095977783,15.0
dynamic,4,2,457,0.653057660484314,0.6080436506271363,0.045014006692171094,0.6091114867210388,0.6091114867210388,0.0,2.0,2.0,4570.0,1901.0,0.0,0.2263137847185135,0.5143071413040161,1.1273667812347412,3.371735095977783,15.0
dynamic,4,2,458,0.6493296689033509,0.6072646055221558,0.04206506344676018,0.6132709040641785,0.6132709040641785,0.0,2.0,2.0,4580.0,1901.0,0.0,0.2263137847185135,0.5143071413040161,1.1273667812347412,3.371735095977783,15.0
dynamic,4,2,459,0.6479849884033203,0.6045882976531982,0.04339669377803802,0.6044921691894531,0.6044921691894531,0.0,2.0,2.0,4590.0,1901.0,0.0,0.2263137847185135,0.5143071413040161,1.1273667812347412,3.371735095977783,15.0
dynamic,4,2,460,0.6542571151733398,0.6061737694740296,0.048083343476057055,0.6042287315368652,0.6042287315368652,0.0,2.0,2.0,4600.0,1901.0,0.0,0.2263137847185135,0.5143071413040161,1.1273667812347412,3.371735095977783,15.0
dynamic,4,2,461,0.6617062363624573,0.6209682149887085,0.04073802474141121,0.6054543566703796,0.6054543566703796,0.0,2.0,2.0,4610.0,1901.0,0.0,0.2263137847185135,0.5143071413040161,1.1273667812347412,3.371735095977783,15.0
dynamic,4,2,462,0.6531795044898987,0.6120657266616821,0.041113766449689865,0.6088115202903748,0.6088115202903748,0.0,2.0,2.0,4620.0,1901.0,0.0,0.2263137847185135,0.5143071413040161,1.1273667812347412,3.371735095977783,15.0
dynamic,4,2,463,0.6629215160369873,0.6208824759483338,0.042039033782482145,0.6059830310821533,0.6059830310821533,0.0,2.0,2.0,4630.0,1901.0,0.0,0.2263137847185135,0.5143071413040161,1.1273667812347412,3.371735095977783,15.0
dynamic,4,2,464,0.646845102405548,0.6061215795516968,0.040723516392707826,0.6095146682739258,0.6095146682739258,0.0,2.0,2.0,4640.0,1901.0,0.0,0.2263137847185135,0.5143071413040161,1.1273667812347412,3.371735095977783,15.0
dynamic,4,2,465,0.6517538333892823,0.613919711112976,0.03783411590456963,0.6158450023651123,0.6158450023651123,0.0,2.0,2.0,4650.0,1901.0,0.0,0.2263137847185135,0.5143071413040161,1.1273667812347412,3.371735095977783,15.0
dynamic,4,2,466,0.6551414220809937,0.6129460607528686,0.04219536274075508,0.5976664031982422,0.5976664031982422,0.0,2.0,2.0,4660.0,1901.0,0.0,0.2263137847185135,0.5143071413040161,1.1273667812347412,3.371735095977783,15.0
dynamic,4,2,467,0.6420103733062744,0.6001364644050599,0.04187391148209572,0.6037711386680603,0.6037711386680603,0.0,2.0,2.0,4670.0,1901.0,0.0,0.2263137847185135,0.5143071413040161,1.1273667812347412,3.371735095977783,15.0
dynamic,4,2,468,0.6496955027580261,0.6077964876174927,0.04189901108145714,0.6120819298744201,0.6120819298744201,0.0,2.0,2.0,4680.0,1901.0,0.0,0.2263137847185135,0.5143071413040161,1.1273667812347412,3.371735095977783,15.0
dynamic,4,2,469,0.6567123107910157,0.6123564522743226,0.044355856657028195,0.6180558610916138,0.6180558610916138,0.0,2.0,2.0,4690.0,1901.0,0.0,0.2263137847185135,0.5143071413040161,1.1273667812347412,3.371735095977783,15.0
dynamic,4,2,470,0.6593646202087402,0.6172134449958802,0.04215117858052254,0.6077633429527283,0.6077633429527283,0.0,2.0,2.0,4700.0,1901.0,0.0,0.2263137847185135,0.5143071413040161,1.1273667812347412,3.371735095977783,15.0
dynamic,4,2,471,0.6560449360847473,0.6149890596389771,0.04105589040517807,0.6038413425445557,0.6038413425445557,0.0,2.0,2.0,4710.0,1901.0,0.0,0.2263137847185135,0.5143071413040161,1.1273667812347412,3.371735095977783,15.0
dynamic,4,2,472,0.6616681575775146,0.6209630118370056,0.0407051565349102,0.6042463367462159,0.6042463367462159,0.0,2.0,2.0,4720.0,1901.0,0.0,0.2263137847185135,0.5143071413040161,1.1273667812347412,3.371735095977783,15.0
dynamic,4,2,473,0.6592005923271179,0.6166310681343079,0.04256951553225517,0.5965989521980286,0.5965989521980286,0.0,2.0,2.0,4730.0,1901.0,0.0,0.2263137847185135,0.5143071413040161,1.1273667812347412,3.371735095977783,15.0
dynamic,4,2,474,0.6609725636482239,0.620352468585968,0.040620101255178453,0.6268798643112182,0.6268798643112182,0.0,2.0,2.0,4740.0,1901.0,0.0,0.2263137847185135,0.5143071413040161,1.1273667812347412,3.371735095977783,15.0
dynamic,4,2,475,0.6521664925575257,0.6124529572486878,0.03971354237794876,0.6081765556335449,0.6081765556335449,0.0,2.0,2.0,4750.0,1901.0,0.0,0.2263137847185135,0.5143071413040161,1.1273667812347412,3.371735095977783,15.0
dynamic,4,2,476,0.6509917818069458,0.6074744952201844,0.04351728427410126,0.6226512395858764,0.6226512395858764,0.0,2.0,2.0,4760.0,1901.0,0.0,0.2263137847185135,0.5143071413040161,1.1273667812347412,3.371735095977783,15.0
dynamic,4,2,477,0.660525955581665,0.6160579612731933,0.044467989575862885,0.604805447769165,0.604805447769165,0.0,2.0,2.0,4770.0,1901.0,0.0,0.2263137847185135,0.5143071413040161,1.1273667812347412,3.371735095977783,15.0
dynamic,4,2,478,0.6438239663124085,0.6059709658622742,0.03785299270749092,0.6208394039154053,0.6208394039154053,0.0,2.0,2.0,4780.0,1901.0,0.0,0.2263137847185135,0.5143071413040161,1.1273667812347412,3.371735095977783,15.0
dynamic,4,2,479,0.648123476600647,0.6050694025039672,0.04305407456755638,0.6302252937316895,0.6302252937316895,0.0,2.0,2.0,4790.0,1901.0,0.0,0.2263137847185135,0.5143071413040161,1.1273667812347412,3.371735095977783,15.0
dynamic,4,2,480,0.6660516350746155,0.6235586200714112,0.04249301643967628,0.6234029913902283,0.6234029913902283,0.0,2.0,2.0,4800.0,1901.0,0.0,0.2263137847185135,0.5143071413040161,1.1273667812347412,3.371735095977783,15.0
dynamic,4,2,481,0.6610722547531128,0.623814218711853,0.03725804279446602,0.6085390251159668,0.6085390251159668,0.0,2.0,2.0,4810.0,1901.0,0.0,0.2263137847185135,0.5143071413040161,1.1273667812347412,3.371735095977783,15.0
dynamic,4,2,482,0.6616923095703126,0.6198517684936523,0.04184053113460541,0.6087703039169311,0.6087703039169311,0.0,2.0,2.0,4820.0,1901.0,0.0,0.2263137847185135,0.5143071413040161,1.1273667812347412,3.371735095977783,15.0
dynamic,4,2,483,0.6401667517662049,0.6019882470130921,0.03817850503623486,0.6112528982162475,0.6112528982162475,0.0,2.0,2.0,4830.0,1901.0,0.0,0.2263137847185135,0.5143071413040161,1.1273667812347412,3.371735095977783,15.0
dynamic,4,2,484,0.6525551383972168,0.6131050844192505,0.039450054895877835,0.6090286375045776,0.6090286375045776,0.0,2.0,2.0,4840.0,1901.0,0.0,0.2263137847185135,0.5143071413040161,1.1273667812347412,3.371735095977783,15.0
dynamic,4,2,485,0.6527007141113281,0.6127199332237243,0.03998078407645225,0.6219462047576905,0.6219462047576905,0.0,2.0,2.0,4850.0,1901.0,0.0,0.2263137847185135,0.5143071413040161,1.1273667812347412,3.371735095977783,15.0
dynamic,4,2,486,0.6566138352394104,0.6140022404670715,0.04261159165501595,0.6046335916519165,0.6046335916519165,0.0,2.0,2.0,4860.0,1901.0,0.0,0.2263137847185135,0.5143071413040161,1.1273667812347412,3.371735095977783,15.0
dynamic,4,2,487,0.6448546220779419,0.6020516530036927,0.04280296191573143,0.6266173070907592,0.6266173070907592,0.0,2.0,2.0,4870.0,1901.0,0.0,0.2263137847185135,0.5143071413040161,1.1273667812347412,3.371735095977783,15.0
dynamic,4,2,488,0.662151437664032,0.6192439533233642,0.04290747303366661,0.5984174751281738,0.5984174751281738,0.0,2.0,2.0,4880.0,1901.0,0.0,0.2263137847185135,0.5143071413040161,1.1273667812347412,3.371735095977783,15.0
dynamic,4,2,489,0.6532180808067322,0.6141258875846862,0.03909219806790352,0.6068322010993957,0.6068322010993957,0.0,2.0,2.0,4890.0,1901.0,0.0,0.2263137847185135,0.5143071413040161,1.1273667812347412,3.371735095977783,15.0
dynamic,4,2,490,0.6658821630477906,0.6187965476036071,0.04708561351299286,0.6184834118843079,0.6184834118843079,0.0,2.0,2.0,4900.0,1901.0,0.0,0.2263137847185135,0.5143071413040161,1.1273667812347412,3.371735095977783,15.0
dynamic,4,2,491,0.6506353611946106,0.610273616027832,0.040361749970912936,0.6101971982955933,0.6101971982955933,0.0,2.0,2.0,4910.0,1901.0,0.0,0.2263137847185135,0.5143071413040161,1.1273667812347412,3.371735095977783,15.0
dynamic,4,2,492,0.6493218209266662,0.6083382779121399,0.04098355849981308,0.5955241164207459,0.5955241164207459,0.0,2.0,2.0,4920.0,1901.0,0.0,0.2263137847185135,0.5143071413040161,1.1273667812347412,3.371735095977783,15.0
dynamic,4,2,493,0.65761570520401,0.612183497428894,0.04543220234513283,0.6013687551498413,0.6013687551498413,0.0,2.0,2.0,4930.0,1901.0,0.0,0.2263137847185135,0.5143071413040161,1.1273667812347412,3.371735095977783,15.0
dynamic,4,2,494,0.6512792792320251,0.6055302104949951,0.04574906559586525,0.628606870174408,0.628606870174408,0.0,2.0,2.0,4940.0,1901.0,0.0,0.2263137847185135,0.5143071413040161,1.1273667812347412,3.371735095977783,15.0
dynamic,4,2,495,0.662580488395691,0.6193858109474182,0.043194683599472046,0.6164011888504028,0.6164011888504028,0.0,2.0,2.0,4950.0,1901.0,0.0,0.2263137847185135,0.5143071413040161,1.1273667812347412,3.371735095977783,15.0
dynamic,4,2,496,0.6517424715995789,0.610806750202179,0.04093571354150772,0.6168409293174744,0.6168409293174744,0.0,2.0,2.0,4960.0,1901.0,0.0,0.2263137847185135,0.5143071413040161,1.1273667812347412,3.371735095977783,15.0
dynamic,4,2,497,0.6589120659828186,0.6158306561470032,0.04308141210079193,0.607031247806549,0.607031247806549,0.0,2.0,2.0,4970.0,1901.0,0.0,0.2263137847185135,0.5143071413040161,1.1273667812347412,3.371735095977783,15.0
dynamic,4,2,498,0.6608177810668945,0.6179458342552185,0.04287194158434868,0.6117032539367676,0.6117032539367676,0.0,2.0,2.0,4980.0,1901.0,0.0,0.2263137847185135,0.5143071413040161,1.1273667812347412,3.371735095977783,15.0
dynamic,4,2,499,0.652729947090149,0.6101025098800659,0.042627438598871234,0.6132500030517578,0.6132500030517578,0.0,2.0,2.0,4990.0,1901.0,0.0,0.2263137847185135,0.5143071413040161,1.1273667812347412,3.371735095977783,15.0
dynamic,4,2,500,0.6538359652519226,0.6120997735023499,0.04173619533777237,0.6071565409660339,0.6071565409660339,0.0,2.0,2.0,5000.0,1901.0,0.0,0.2263137847185135,0.5143071413040161,1.1273667812347412,3.371735095977783,15.0
