Copied shared label.pt from save/stable1/label.pt
Copied shared effect_names.npy from save/stable1/effect_names.npy
batch_norm: true
cnn: true
epoch1: 500
batch_size1: 256
learning_rate1: 1.0e-05
code1_dim: 2
filters1:
- 1
- 32
- 64
- 128
- 256
epoch2: 500
batch_size2: 256
learning_rate2: 5.0e-05
code2_dim: 1
filters2:
- 2
- 32
- 64
- 128
- 256
hidden_dim: 128
depth: 2
size: 42
device: cuda
load: null
save: /home/kubra/DeepSym/save/poster_5seed/dynamic/seed_4
source_opts: /home/kubra/DeepSym/opts.yaml
source_save: save/stable1
poster_model: dynamic
seed: 4
time: Sun Jul 19 12:56:28 2026
effect_weights1:
- 1.0
- 1.0
- 10.0
effect_weights2:
- 1.0
- 1.0
- 5.0
- 1.0
- 1.0
- 1.0
vq_commitment_cost: 0.25
vq_decay: 0.99
vq_epsilon: 1.0e-05
vq_num_embeddings1: 4
vq_num_embeddings2: 2
dynamic_initial_embeddings: 1
dynamic_warmup_steps: 200
dynamic_growth_interval: 100
dynamic_min_support: 8
dynamic_min_support_fraction: 0.05
dynamic_required_checks: 2
surprise_threshold_1: 1.0
surprise_threshold_2: 1.0


=== dynamic | seed=4 | level=1 | epochs=500 ===
========== ENCODER ==========
Sequential(
  (0): ConvBlock(
    (block): Sequential(
      (0): Conv2d(1, 32, kernel_size=(3, 3), stride=(1, 1), padding=(1, 1))
      (1): BatchNorm2d(32, eps=1e-05, momentum=0.1, affine=True, track_running_stats=True)
      (2): ReLU()
    )
  )
  (1): ConvBlock(
    (block): Sequential(
      (0): Conv2d(32, 32, kernel_size=(3, 3), stride=(2, 2), padding=(1, 1))
      (1): BatchNorm2d(32, eps=1e-05, momentum=0.1, affine=True, track_running_stats=True)
      (2): ReLU()
    )
  )
  (2): ConvBlock(
    (block): Sequential(
      (0): Conv2d(32, 64, kernel_size=(3, 3), stride=(1, 1), padding=(1, 1))
      (1): BatchNorm2d(64, eps=1e-05, momentum=0.1, affine=True, track_running_stats=True)
      (2): ReLU()
    )
  )
  (3): ConvBlock(
    (block): Sequential(
      (0): Conv2d(64, 64, kernel_size=(3, 3), stride=(2, 2), padding=(1, 1))
      (1): BatchNorm2d(64, eps=1e-05, momentum=0.1, affine=True, track_running_stats=True)
      (2): ReLU()
    )
  )
  (4): ConvBlock(
    (block): Sequential(
      (0): Conv2d(64, 128, kernel_size=(3, 3), stride=(1, 1), padding=(1, 1))
      (1): BatchNorm2d(128, eps=1e-05, momentum=0.1, affine=True, track_running_stats=True)
      (2): ReLU()
    )
  )
  (5): ConvBlock(
    (block): Sequential(
      (0): Conv2d(128, 128, kernel_size=(3, 3), stride=(2, 2), padding=(1, 1))
      (1): BatchNorm2d(128, eps=1e-05, momentum=0.1, affine=True, track_running_stats=True)
      (2): ReLU()
    )
  )
  (6): ConvBlock(
    (block): Sequential(
      (0): Conv2d(128, 256, kernel_size=(3, 3), stride=(1, 1), padding=(1, 1))
      (1): BatchNorm2d(256, eps=1e-05, momentum=0.1, affine=True, track_running_stats=True)
      (2): ReLU()
    )
  )
  (7): ConvBlock(
    (block): Sequential(
      (0): Conv2d(256, 256, kernel_size=(3, 3), stride=(2, 2), padding=(1, 1))
      (1): BatchNorm2d(256, eps=1e-05, momentum=0.1, affine=True, track_running_stats=True)
      (2): ReLU()
    )
  )
  (8): Avg(dims=[2, 3])
  (9): MLP(
    (layers): Sequential(
      (0): Linear(in_features=256, out_features=2)
    )
  )
  (10): DynamicEMAVQLayer(
    (embedding): Embedding(4, 2)
  )
)
parameter count: 1174122
=============================
========== DECODER ==========
MLP(
  (layers): Sequential(
    (0): Linear(in_features=5, out_features=128)
    (1): ReLU()
    (2): Linear(in_features=128, out_features=128)
    (3): ReLU()
    (4): Linear(in_features=128, out_features=3)
  )
)
parameter count: 17667
=============================
level=1 epoch=1/500 train_effect=6.063242 eval_effect=5.945073 train_vq=0.019070 active_codes=1 ema_used_codes=1 step_counter=10 last_check_step=0 surprise_streak=0
level=1 epoch=2/500 train_effect=5.862385 eval_effect=5.749206 train_vq=0.029150 active_codes=1 ema_used_codes=1 step_counter=20 last_check_step=0 surprise_streak=0
level=1 epoch=3/500 train_effect=5.667608 eval_effect=5.557329 train_vq=0.051140 active_codes=1 ema_used_codes=1 step_counter=30 last_check_step=0 surprise_streak=0
level=1 epoch=4/500 train_effect=5.478513 eval_effect=5.371391 train_vq=0.074483 active_codes=1 ema_used_codes=1 step_counter=40 last_check_step=0 surprise_streak=0
level=1 epoch=5/500 train_effect=5.295269 eval_effect=5.192005 train_vq=0.097900 active_codes=1 ema_used_codes=1 step_counter=50 last_check_step=0 surprise_streak=0
level=1 epoch=6/500 train_effect=5.119508 eval_effect=5.021815 train_vq=0.122897 active_codes=1 ema_used_codes=1 step_counter=60 last_check_step=0 surprise_streak=0
level=1 epoch=7/500 train_effect=4.951087 eval_effect=4.857246 train_vq=0.154760 active_codes=1 ema_used_codes=1 step_counter=70 last_check_step=0 surprise_streak=0
level=1 epoch=8/500 train_effect=4.788940 eval_effect=4.694289 train_vq=0.193181 active_codes=1 ema_used_codes=1 step_counter=80 last_check_step=0 surprise_streak=0
level=1 epoch=9/500 train_effect=4.627320 eval_effect=4.537770 train_vq=0.245830 active_codes=1 ema_used_codes=1 step_counter=90 last_check_step=0 surprise_streak=0
level=1 epoch=10/500 train_effect=4.473958 eval_effect=4.389361 train_vq=0.295326 active_codes=1 ema_used_codes=1 step_counter=100 last_check_step=0 surprise_streak=0
level=1 epoch=11/500 train_effect=4.329286 eval_effect=4.251901 train_vq=0.366206 active_codes=1 ema_used_codes=1 step_counter=110 last_check_step=0 surprise_streak=0
level=1 epoch=12/500 train_effect=4.196423 eval_effect=4.120846 train_vq=0.404488 active_codes=1 ema_used_codes=1 step_counter=120 last_check_step=0 surprise_streak=0
level=1 epoch=13/500 train_effect=4.068830 eval_effect=3.996399 train_vq=0.384343 active_codes=1 ema_used_codes=1 step_counter=130 last_check_step=0 surprise_streak=0
level=1 epoch=14/500 train_effect=3.946692 eval_effect=3.879591 train_vq=0.338011 active_codes=1 ema_used_codes=1 step_counter=140 last_check_step=0 surprise_streak=0
level=1 epoch=15/500 train_effect=3.832340 eval_effect=3.765565 train_vq=0.293965 active_codes=1 ema_used_codes=1 step_counter=150 last_check_step=0 surprise_streak=0
level=1 epoch=16/500 train_effect=3.720342 eval_effect=3.656013 train_vq=0.281631 active_codes=1 ema_used_codes=1 step_counter=160 last_check_step=0 surprise_streak=0
level=1 epoch=17/500 train_effect=3.612592 eval_effect=3.552764 train_vq=0.277893 active_codes=1 ema_used_codes=1 step_counter=170 last_check_step=0 surprise_streak=0
level=1 epoch=18/500 train_effect=3.511900 eval_effect=3.454548 train_vq=0.263658 active_codes=1 ema_used_codes=1 step_counter=180 last_check_step=0 surprise_streak=0
level=1 epoch=19/500 train_effect=3.413854 eval_effect=3.360783 train_vq=0.221948 active_codes=1 ema_used_codes=1 step_counter=190 last_check_step=0 surprise_streak=0
level=1 epoch=20/500 train_effect=3.321850 eval_effect=3.269857 train_vq=0.186787 active_codes=1 ema_used_codes=1 step_counter=200 last_check_step=0 surprise_streak=0
level=1 epoch=21/500 train_effect=3.233443 eval_effect=3.183522 train_vq=0.165933 active_codes=1 ema_used_codes=1 step_counter=210 last_check_step=201 surprise_streak=1 distance_mean=1.613 distance_p90=4.211 distance_p95=8.197 distance_max=26.75 surprise_support=73
level=1 epoch=22/500 train_effect=3.149028 eval_effect=3.101746 train_vq=0.149996 active_codes=1 ema_used_codes=1 step_counter=220 last_check_step=201 surprise_streak=1 distance_mean=1.613 distance_p90=4.211 distance_p95=8.197 distance_max=26.75 surprise_support=73
level=1 epoch=23/500 train_effect=3.069349 eval_effect=3.023491 train_vq=0.155039 active_codes=1 ema_used_codes=1 step_counter=230 last_check_step=201 surprise_streak=1 distance_mean=1.613 distance_p90=4.211 distance_p95=8.197 distance_max=26.75 surprise_support=73
level=1 epoch=24/500 train_effect=2.992248 eval_effect=2.949606 train_vq=0.170530 active_codes=1 ema_used_codes=1 step_counter=240 last_check_step=201 surprise_streak=1 distance_mean=1.613 distance_p90=4.211 distance_p95=8.197 distance_max=26.75 surprise_support=73
level=1 epoch=25/500 train_effect=2.918607 eval_effect=2.878088 train_vq=0.159976 active_codes=1 ema_used_codes=1 step_counter=250 last_check_step=201 surprise_streak=1 distance_mean=1.613 distance_p90=4.211 distance_p95=8.197 distance_max=26.75 surprise_support=73
level=1 epoch=26/500 train_effect=2.849481 eval_effect=2.808796 train_vq=0.151898 active_codes=1 ema_used_codes=1 step_counter=260 last_check_step=201 surprise_streak=1 distance_mean=1.613 distance_p90=4.211 distance_p95=8.197 distance_max=26.75 surprise_support=73
level=1 epoch=27/500 train_effect=2.782753 eval_effect=2.746793 train_vq=0.150553 active_codes=1 ema_used_codes=1 step_counter=270 last_check_step=201 surprise_streak=1 distance_mean=1.613 distance_p90=4.211 distance_p95=8.197 distance_max=26.75 surprise_support=73
level=1 epoch=28/500 train_effect=2.722755 eval_effect=2.690297 train_vq=0.105637 active_codes=1 ema_used_codes=1 step_counter=280 last_check_step=201 surprise_streak=1 distance_mean=1.613 distance_p90=4.211 distance_p95=8.197 distance_max=26.75 surprise_support=73
level=1 epoch=29/500 train_effect=2.666035 eval_effect=2.633902 train_vq=0.061675 active_codes=1 ema_used_codes=1 step_counter=290 last_check_step=201 surprise_streak=1 distance_mean=1.613 distance_p90=4.211 distance_p95=8.197 distance_max=26.75 surprise_support=73
level=1 epoch=30/500 train_effect=2.611598 eval_effect=2.579747 train_vq=0.039232 active_codes=1 ema_used_codes=1 step_counter=300 last_check_step=201 surprise_streak=1 distance_mean=1.613 distance_p90=4.211 distance_p95=8.197 distance_max=26.75 surprise_support=73
level=1 epoch=31/500 train_effect=2.559307 eval_effect=2.529049 train_vq=0.030066 active_codes=1 ema_used_codes=1 step_counter=310 last_check_step=301 surprise_streak=0 distance_mean=0.2449 distance_p90=0.6317 distance_p95=0.8249 distance_max=1.892 surprise_support=8
level=1 epoch=32/500 train_effect=2.509633 eval_effect=2.482031 train_vq=0.028169 active_codes=1 ema_used_codes=1 step_counter=320 last_check_step=301 surprise_streak=0 distance_mean=0.2449 distance_p90=0.6317 distance_p95=0.8249 distance_max=1.892 surprise_support=8
level=1 epoch=33/500 train_effect=2.462732 eval_effect=2.436756 train_vq=0.036716 active_codes=1 ema_used_codes=1 step_counter=330 last_check_step=301 surprise_streak=0 distance_mean=0.2449 distance_p90=0.6317 distance_p95=0.8249 distance_max=1.892 surprise_support=8
level=1 epoch=34/500 train_effect=2.418185 eval_effect=2.393084 train_vq=0.042596 active_codes=1 ema_used_codes=1 step_counter=340 last_check_step=301 surprise_streak=0 distance_mean=0.2449 distance_p90=0.6317 distance_p95=0.8249 distance_max=1.892 surprise_support=8
level=1 epoch=35/500 train_effect=2.375909 eval_effect=2.351755 train_vq=0.042485 active_codes=1 ema_used_codes=1 step_counter=350 last_check_step=301 surprise_streak=0 distance_mean=0.2449 distance_p90=0.6317 distance_p95=0.8249 distance_max=1.892 surprise_support=8
level=1 epoch=36/500 train_effect=2.335403 eval_effect=2.312967 train_vq=0.040943 active_codes=1 ema_used_codes=1 step_counter=360 last_check_step=301 surprise_streak=0 distance_mean=0.2449 distance_p90=0.6317 distance_p95=0.8249 distance_max=1.892 surprise_support=8
level=1 epoch=37/500 train_effect=2.297309 eval_effect=2.276266 train_vq=0.043551 active_codes=1 ema_used_codes=1 step_counter=370 last_check_step=301 surprise_streak=0 distance_mean=0.2449 distance_p90=0.6317 distance_p95=0.8249 distance_max=1.892 surprise_support=8
level=1 epoch=38/500 train_effect=2.260960 eval_effect=2.241249 train_vq=0.045612 active_codes=1 ema_used_codes=1 step_counter=380 last_check_step=301 surprise_streak=0 distance_mean=0.2449 distance_p90=0.6317 distance_p95=0.8249 distance_max=1.892 surprise_support=8
level=1 epoch=39/500 train_effect=2.226700 eval_effect=2.207433 train_vq=0.048272 active_codes=1 ema_used_codes=1 step_counter=390 last_check_step=301 surprise_streak=0 distance_mean=0.2449 distance_p90=0.6317 distance_p95=0.8249 distance_max=1.892 surprise_support=8
level=1 epoch=40/500 train_effect=2.193452 eval_effect=2.175956 train_vq=0.051632 active_codes=1 ema_used_codes=1 step_counter=400 last_check_step=301 surprise_streak=0 distance_mean=0.2449 distance_p90=0.6317 distance_p95=0.8249 distance_max=1.892 surprise_support=8
level=1 epoch=41/500 train_effect=2.163433 eval_effect=2.145216 train_vq=0.056632 active_codes=1 ema_used_codes=1 step_counter=410 last_check_step=401 surprise_streak=1 distance_mean=0.411 distance_p90=0.8972 distance_p95=1.868 distance_max=3.275 surprise_support=21
level=1 epoch=42/500 train_effect=2.133136 eval_effect=2.117346 train_vq=0.063679 active_codes=1 ema_used_codes=1 step_counter=420 last_check_step=401 surprise_streak=1 distance_mean=0.411 distance_p90=0.8972 distance_p95=1.868 distance_max=3.275 surprise_support=21
level=1 epoch=43/500 train_effect=2.106084 eval_effect=2.091035 train_vq=0.069914 active_codes=1 ema_used_codes=1 step_counter=430 last_check_step=401 surprise_streak=1 distance_mean=0.411 distance_p90=0.8972 distance_p95=1.868 distance_max=3.275 surprise_support=21
level=1 epoch=44/500 train_effect=2.080828 eval_effect=2.066783 train_vq=0.065994 active_codes=1 ema_used_codes=1 step_counter=440 last_check_step=401 surprise_streak=1 distance_mean=0.411 distance_p90=0.8972 distance_p95=1.868 distance_max=3.275 surprise_support=21
level=1 epoch=45/500 train_effect=2.056917 eval_effect=2.043613 train_vq=0.059465 active_codes=1 ema_used_codes=1 step_counter=450 last_check_step=401 surprise_streak=1 distance_mean=0.411 distance_p90=0.8972 distance_p95=1.868 distance_max=3.275 surprise_support=21
level=1 epoch=46/500 train_effect=2.034652 eval_effect=2.021611 train_vq=0.055930 active_codes=1 ema_used_codes=1 step_counter=460 last_check_step=401 surprise_streak=1 distance_mean=0.411 distance_p90=0.8972 distance_p95=1.868 distance_max=3.275 surprise_support=21
level=1 epoch=47/500 train_effect=2.012780 eval_effect=2.000501 train_vq=0.055162 active_codes=1 ema_used_codes=1 step_counter=470 last_check_step=401 surprise_streak=1 distance_mean=0.411 distance_p90=0.8972 distance_p95=1.868 distance_max=3.275 surprise_support=21
level=1 epoch=48/500 train_effect=1.992312 eval_effect=1.980797 train_vq=0.060113 active_codes=1 ema_used_codes=1 step_counter=480 last_check_step=401 surprise_streak=1 distance_mean=0.411 distance_p90=0.8972 distance_p95=1.868 distance_max=3.275 surprise_support=21
level=1 epoch=49/500 train_effect=1.972795 eval_effect=1.962611 train_vq=0.063943 active_codes=1 ema_used_codes=1 step_counter=490 last_check_step=401 surprise_streak=1 distance_mean=0.411 distance_p90=0.8972 distance_p95=1.868 distance_max=3.275 surprise_support=21
level=1 epoch=50/500 train_effect=1.955090 eval_effect=1.945315 train_vq=0.067911 active_codes=1 ema_used_codes=1 step_counter=500 last_check_step=401 surprise_streak=1 distance_mean=0.411 distance_p90=0.8972 distance_p95=1.868 distance_max=3.275 surprise_support=21
[Dynamic VQ] step=501 K=1->2 support=31/256 threshold=1.0000
level=1 epoch=51/500 train_effect=1.724989 eval_effect=1.721022 train_vq=0.030856 active_codes=2 ema_used_codes=2 step_counter=510 last_check_step=501 surprise_streak=0 distance_mean=0.4913 distance_p90=1.163 distance_p95=1.928 distance_max=5.883 surprise_support=31
level=1 epoch=52/500 train_effect=1.683684 eval_effect=1.717951 train_vq=0.026769 active_codes=2 ema_used_codes=2 step_counter=520 last_check_step=501 surprise_streak=0 distance_mean=0.4913 distance_p90=1.163 distance_p95=1.928 distance_max=5.883 surprise_support=31
level=1 epoch=53/500 train_effect=1.653219 eval_effect=1.645613 train_vq=0.024491 active_codes=2 ema_used_codes=2 step_counter=530 last_check_step=501 surprise_streak=0 distance_mean=0.4913 distance_p90=1.163 distance_p95=1.928 distance_max=5.883 surprise_support=31
level=1 epoch=54/500 train_effect=1.610923 eval_effect=1.600601 train_vq=0.024662 active_codes=2 ema_used_codes=2 step_counter=540 last_check_step=501 surprise_streak=0 distance_mean=0.4913 distance_p90=1.163 distance_p95=1.928 distance_max=5.883 surprise_support=31
level=1 epoch=55/500 train_effect=1.593187 eval_effect=1.545141 train_vq=0.026949 active_codes=2 ema_used_codes=2 step_counter=550 last_check_step=501 surprise_streak=0 distance_mean=0.4913 distance_p90=1.163 distance_p95=1.928 distance_max=5.883 surprise_support=31
level=1 epoch=56/500 train_effect=1.544436 eval_effect=1.493639 train_vq=0.029921 active_codes=2 ema_used_codes=2 step_counter=560 last_check_step=501 surprise_streak=0 distance_mean=0.4913 distance_p90=1.163 distance_p95=1.928 distance_max=5.883 surprise_support=31
level=1 epoch=57/500 train_effect=1.502061 eval_effect=1.467005 train_vq=0.032847 active_codes=2 ema_used_codes=2 step_counter=570 last_check_step=501 surprise_streak=0 distance_mean=0.4913 distance_p90=1.163 distance_p95=1.928 distance_max=5.883 surprise_support=31
level=1 epoch=58/500 train_effect=1.478007 eval_effect=1.429463 train_vq=0.032210 active_codes=2 ema_used_codes=2 step_counter=580 last_check_step=501 surprise_streak=0 distance_mean=0.4913 distance_p90=1.163 distance_p95=1.928 distance_max=5.883 surprise_support=31
level=1 epoch=59/500 train_effect=1.437975 eval_effect=1.381886 train_vq=0.034367 active_codes=2 ema_used_codes=2 step_counter=590 last_check_step=501 surprise_streak=0 distance_mean=0.4913 distance_p90=1.163 distance_p95=1.928 distance_max=5.883 surprise_support=31
level=1 epoch=60/500 train_effect=1.396652 eval_effect=1.360722 train_vq=0.037008 active_codes=2 ema_used_codes=2 step_counter=600 last_check_step=501 surprise_streak=0 distance_mean=0.4913 distance_p90=1.163 distance_p95=1.928 distance_max=5.883 surprise_support=31
level=1 epoch=61/500 train_effect=1.339360 eval_effect=1.331065 train_vq=0.028688 active_codes=2 ema_used_codes=2 step_counter=610 last_check_step=601 surprise_streak=0 distance_mean=0.2835 distance_p90=0.6628 distance_p95=0.9155 distance_max=2.941 surprise_support=10
level=1 epoch=62/500 train_effect=1.311012 eval_effect=1.302625 train_vq=0.021781 active_codes=2 ema_used_codes=2 step_counter=620 last_check_step=601 surprise_streak=0 distance_mean=0.2835 distance_p90=0.6628 distance_p95=0.9155 distance_max=2.941 surprise_support=10
level=1 epoch=63/500 train_effect=1.284507 eval_effect=1.279298 train_vq=0.019701 active_codes=2 ema_used_codes=2 step_counter=630 last_check_step=601 surprise_streak=0 distance_mean=0.2835 distance_p90=0.6628 distance_p95=0.9155 distance_max=2.941 surprise_support=10
level=1 epoch=64/500 train_effect=1.270824 eval_effect=1.257569 train_vq=0.018817 active_codes=2 ema_used_codes=2 step_counter=640 last_check_step=601 surprise_streak=0 distance_mean=0.2835 distance_p90=0.6628 distance_p95=0.9155 distance_max=2.941 surprise_support=10
level=1 epoch=65/500 train_effect=1.257868 eval_effect=1.214212 train_vq=0.019761 active_codes=2 ema_used_codes=2 step_counter=650 last_check_step=601 surprise_streak=0 distance_mean=0.2835 distance_p90=0.6628 distance_p95=0.9155 distance_max=2.941 surprise_support=10
level=1 epoch=66/500 train_effect=1.213430 eval_effect=1.229266 train_vq=0.025464 active_codes=2 ema_used_codes=2 step_counter=660 last_check_step=601 surprise_streak=0 distance_mean=0.2835 distance_p90=0.6628 distance_p95=0.9155 distance_max=2.941 surprise_support=10
level=1 epoch=67/500 train_effect=1.199422 eval_effect=1.158335 train_vq=0.038666 active_codes=2 ema_used_codes=2 step_counter=670 last_check_step=601 surprise_streak=0 distance_mean=0.2835 distance_p90=0.6628 distance_p95=0.9155 distance_max=2.941 surprise_support=10
level=1 epoch=68/500 train_effect=1.165214 eval_effect=1.137881 train_vq=0.038440 active_codes=2 ema_used_codes=2 step_counter=680 last_check_step=601 surprise_streak=0 distance_mean=0.2835 distance_p90=0.6628 distance_p95=0.9155 distance_max=2.941 surprise_support=10
level=1 epoch=69/500 train_effect=1.141205 eval_effect=1.119648 train_vq=0.026771 active_codes=2 ema_used_codes=2 step_counter=690 last_check_step=601 surprise_streak=0 distance_mean=0.2835 distance_p90=0.6628 distance_p95=0.9155 distance_max=2.941 surprise_support=10
level=1 epoch=70/500 train_effect=1.111787 eval_effect=1.093942 train_vq=0.025174 active_codes=2 ema_used_codes=2 step_counter=700 last_check_step=601 surprise_streak=0 distance_mean=0.2835 distance_p90=0.6628 distance_p95=0.9155 distance_max=2.941 surprise_support=10
level=1 epoch=71/500 train_effect=1.104265 eval_effect=1.074190 train_vq=0.027424 active_codes=2 ema_used_codes=2 step_counter=710 last_check_step=701 surprise_streak=0 distance_mean=0.2114 distance_p90=0.5841 distance_p95=0.7712 distance_max=1.985 surprise_support=6
level=1 epoch=72/500 train_effect=1.074304 eval_effect=1.055399 train_vq=0.027829 active_codes=2 ema_used_codes=2 step_counter=720 last_check_step=701 surprise_streak=0 distance_mean=0.2114 distance_p90=0.5841 distance_p95=0.7712 distance_max=1.985 surprise_support=6
level=1 epoch=73/500 train_effect=1.078602 eval_effect=1.036427 train_vq=0.030701 active_codes=2 ema_used_codes=2 step_counter=730 last_check_step=701 surprise_streak=0 distance_mean=0.2114 distance_p90=0.5841 distance_p95=0.7712 distance_max=1.985 surprise_support=6
level=1 epoch=74/500 train_effect=1.029803 eval_effect=1.019194 train_vq=0.032356 active_codes=2 ema_used_codes=2 step_counter=740 last_check_step=701 surprise_streak=0 distance_mean=0.2114 distance_p90=0.5841 distance_p95=0.7712 distance_max=1.985 surprise_support=6
level=1 epoch=75/500 train_effect=1.012360 eval_effect=1.003594 train_vq=0.027889 active_codes=2 ema_used_codes=2 step_counter=750 last_check_step=701 surprise_streak=0 distance_mean=0.2114 distance_p90=0.5841 distance_p95=0.7712 distance_max=1.985 surprise_support=6
level=1 epoch=76/500 train_effect=1.003402 eval_effect=0.994005 train_vq=0.021452 active_codes=2 ema_used_codes=2 step_counter=760 last_check_step=701 surprise_streak=0 distance_mean=0.2114 distance_p90=0.5841 distance_p95=0.7712 distance_max=1.985 surprise_support=6
level=1 epoch=77/500 train_effect=0.989536 eval_effect=0.975813 train_vq=0.020288 active_codes=2 ema_used_codes=2 step_counter=770 last_check_step=701 surprise_streak=0 distance_mean=0.2114 distance_p90=0.5841 distance_p95=0.7712 distance_max=1.985 surprise_support=6
level=1 epoch=78/500 train_effect=0.976173 eval_effect=0.962989 train_vq=0.021315 active_codes=2 ema_used_codes=2 step_counter=780 last_check_step=701 surprise_streak=0 distance_mean=0.2114 distance_p90=0.5841 distance_p95=0.7712 distance_max=1.985 surprise_support=6
level=1 epoch=79/500 train_effect=0.975725 eval_effect=0.950900 train_vq=0.021883 active_codes=2 ema_used_codes=2 step_counter=790 last_check_step=701 surprise_streak=0 distance_mean=0.2114 distance_p90=0.5841 distance_p95=0.7712 distance_max=1.985 surprise_support=6
level=1 epoch=80/500 train_effect=0.946098 eval_effect=0.939388 train_vq=0.023420 active_codes=2 ema_used_codes=2 step_counter=800 last_check_step=701 surprise_streak=0 distance_mean=0.2114 distance_p90=0.5841 distance_p95=0.7712 distance_max=1.985 surprise_support=6
level=1 epoch=81/500 train_effect=0.953160 eval_effect=0.928264 train_vq=0.024331 active_codes=2 ema_used_codes=2 step_counter=810 last_check_step=801 surprise_streak=0 distance_mean=0.1975 distance_p90=0.482 distance_p95=0.6974 distance_max=1.506 surprise_support=3
level=1 epoch=82/500 train_effect=0.929536 eval_effect=0.917656 train_vq=0.025105 active_codes=2 ema_used_codes=2 step_counter=820 last_check_step=801 surprise_streak=0 distance_mean=0.1975 distance_p90=0.482 distance_p95=0.6974 distance_max=1.506 surprise_support=3
level=1 epoch=83/500 train_effect=0.945139 eval_effect=0.907514 train_vq=0.026430 active_codes=2 ema_used_codes=2 step_counter=830 last_check_step=801 surprise_streak=0 distance_mean=0.1975 distance_p90=0.482 distance_p95=0.6974 distance_max=1.506 surprise_support=3
level=1 epoch=84/500 train_effect=0.909056 eval_effect=0.898052 train_vq=0.025696 active_codes=2 ema_used_codes=2 step_counter=840 last_check_step=801 surprise_streak=0 distance_mean=0.1975 distance_p90=0.482 distance_p95=0.6974 distance_max=1.506 surprise_support=3
level=1 epoch=85/500 train_effect=0.900258 eval_effect=0.888960 train_vq=0.025407 active_codes=2 ema_used_codes=2 step_counter=850 last_check_step=801 surprise_streak=0 distance_mean=0.1975 distance_p90=0.482 distance_p95=0.6974 distance_max=1.506 surprise_support=3
level=1 epoch=86/500 train_effect=0.891710 eval_effect=0.880058 train_vq=0.024758 active_codes=2 ema_used_codes=2 step_counter=860 last_check_step=801 surprise_streak=0 distance_mean=0.1975 distance_p90=0.482 distance_p95=0.6974 distance_max=1.506 surprise_support=3
level=1 epoch=87/500 train_effect=0.894454 eval_effect=0.871870 train_vq=0.024710 active_codes=2 ema_used_codes=2 step_counter=870 last_check_step=801 surprise_streak=0 distance_mean=0.1975 distance_p90=0.482 distance_p95=0.6974 distance_max=1.506 surprise_support=3
level=1 epoch=88/500 train_effect=0.874675 eval_effect=0.864103 train_vq=0.024234 active_codes=2 ema_used_codes=2 step_counter=880 last_check_step=801 surprise_streak=0 distance_mean=0.1975 distance_p90=0.482 distance_p95=0.6974 distance_max=1.506 surprise_support=3
level=1 epoch=89/500 train_effect=0.873902 eval_effect=0.856560 train_vq=0.024674 active_codes=2 ema_used_codes=2 step_counter=890 last_check_step=801 surprise_streak=0 distance_mean=0.1975 distance_p90=0.482 distance_p95=0.6974 distance_max=1.506 surprise_support=3
level=1 epoch=90/500 train_effect=0.860225 eval_effect=0.849489 train_vq=0.025085 active_codes=2 ema_used_codes=2 step_counter=900 last_check_step=801 surprise_streak=0 distance_mean=0.1975 distance_p90=0.482 distance_p95=0.6974 distance_max=1.506 surprise_support=3
level=1 epoch=91/500 train_effect=0.846496 eval_effect=0.842540 train_vq=0.026648 active_codes=2 ema_used_codes=2 step_counter=910 last_check_step=901 surprise_streak=0 distance_mean=0.1948 distance_p90=0.4826 distance_p95=0.6675 distance_max=2.09 surprise_support=4
level=1 epoch=92/500 train_effect=0.839372 eval_effect=0.835982 train_vq=0.026242 active_codes=2 ema_used_codes=2 step_counter=920 last_check_step=901 surprise_streak=0 distance_mean=0.1948 distance_p90=0.4826 distance_p95=0.6675 distance_max=2.09 surprise_support=4
level=1 epoch=93/500 train_effect=0.847736 eval_effect=0.829868 train_vq=0.026915 active_codes=2 ema_used_codes=2 step_counter=930 last_check_step=901 surprise_streak=0 distance_mean=0.1948 distance_p90=0.4826 distance_p95=0.6675 distance_max=2.09 surprise_support=4
level=1 epoch=94/500 train_effect=0.861803 eval_effect=0.823854 train_vq=0.028910 active_codes=2 ema_used_codes=2 step_counter=940 last_check_step=901 surprise_streak=0 distance_mean=0.1948 distance_p90=0.4826 distance_p95=0.6675 distance_max=2.09 surprise_support=4
level=1 epoch=95/500 train_effect=0.827408 eval_effect=0.818090 train_vq=0.028190 active_codes=2 ema_used_codes=2 step_counter=950 last_check_step=901 surprise_streak=0 distance_mean=0.1948 distance_p90=0.4826 distance_p95=0.6675 distance_max=2.09 surprise_support=4
level=1 epoch=96/500 train_effect=0.823199 eval_effect=0.812568 train_vq=0.027324 active_codes=2 ema_used_codes=2 step_counter=960 last_check_step=901 surprise_streak=0 distance_mean=0.1948 distance_p90=0.4826 distance_p95=0.6675 distance_max=2.09 surprise_support=4
level=1 epoch=97/500 train_effect=0.810189 eval_effect=0.807195 train_vq=0.027189 active_codes=2 ema_used_codes=2 step_counter=970 last_check_step=901 surprise_streak=0 distance_mean=0.1948 distance_p90=0.4826 distance_p95=0.6675 distance_max=2.09 surprise_support=4
level=1 epoch=98/500 train_effect=0.811750 eval_effect=0.802282 train_vq=0.027487 active_codes=2 ema_used_codes=2 step_counter=980 last_check_step=901 surprise_streak=0 distance_mean=0.1948 distance_p90=0.4826 distance_p95=0.6675 distance_max=2.09 surprise_support=4
level=1 epoch=99/500 train_effect=0.810350 eval_effect=0.797814 train_vq=0.026399 active_codes=2 ema_used_codes=2 step_counter=990 last_check_step=901 surprise_streak=0 distance_mean=0.1948 distance_p90=0.4826 distance_p95=0.6675 distance_max=2.09 surprise_support=4
level=1 epoch=100/500 train_effect=0.803207 eval_effect=0.793498 train_vq=0.028187 active_codes=2 ema_used_codes=2 step_counter=1000 last_check_step=901 surprise_streak=0 distance_mean=0.1948 distance_p90=0.4826 distance_p95=0.6675 distance_max=2.09 surprise_support=4
level=1 epoch=101/500 train_effect=0.836027 eval_effect=0.789369 train_vq=0.030467 active_codes=2 ema_used_codes=2 step_counter=1010 last_check_step=1001 surprise_streak=0 distance_mean=0.2305 distance_p90=0.5408 distance_p95=0.7842 distance_max=1.883 surprise_support=6
level=1 epoch=102/500 train_effect=0.804994 eval_effect=0.785293 train_vq=0.031154 active_codes=2 ema_used_codes=2 step_counter=1020 last_check_step=1001 surprise_streak=0 distance_mean=0.2305 distance_p90=0.5408 distance_p95=0.7842 distance_max=1.883 surprise_support=6
level=1 epoch=103/500 train_effect=0.783413 eval_effect=0.781109 train_vq=0.031726 active_codes=2 ema_used_codes=2 step_counter=1030 last_check_step=1001 surprise_streak=0 distance_mean=0.2305 distance_p90=0.5408 distance_p95=0.7842 distance_max=1.883 surprise_support=6
level=1 epoch=104/500 train_effect=0.787577 eval_effect=0.777111 train_vq=0.029078 active_codes=2 ema_used_codes=2 step_counter=1040 last_check_step=1001 surprise_streak=0 distance_mean=0.2305 distance_p90=0.5408 distance_p95=0.7842 distance_max=1.883 surprise_support=6
level=1 epoch=105/500 train_effect=0.775652 eval_effect=0.773402 train_vq=0.027605 active_codes=2 ema_used_codes=2 step_counter=1050 last_check_step=1001 surprise_streak=0 distance_mean=0.2305 distance_p90=0.5408 distance_p95=0.7842 distance_max=1.883 surprise_support=6
level=1 epoch=106/500 train_effect=0.771850 eval_effect=0.769816 train_vq=0.028287 active_codes=2 ema_used_codes=2 step_counter=1060 last_check_step=1001 surprise_streak=0 distance_mean=0.2305 distance_p90=0.5408 distance_p95=0.7842 distance_max=1.883 surprise_support=6
level=1 epoch=107/500 train_effect=0.768529 eval_effect=0.766644 train_vq=0.027618 active_codes=2 ema_used_codes=2 step_counter=1070 last_check_step=1001 surprise_streak=0 distance_mean=0.2305 distance_p90=0.5408 distance_p95=0.7842 distance_max=1.883 surprise_support=6
level=1 epoch=108/500 train_effect=0.772348 eval_effect=0.763495 train_vq=0.027443 active_codes=2 ema_used_codes=2 step_counter=1080 last_check_step=1001 surprise_streak=0 distance_mean=0.2305 distance_p90=0.5408 distance_p95=0.7842 distance_max=1.883 surprise_support=6
level=1 epoch=109/500 train_effect=0.762290 eval_effect=0.760691 train_vq=0.026159 active_codes=2 ema_used_codes=2 step_counter=1090 last_check_step=1001 surprise_streak=0 distance_mean=0.2305 distance_p90=0.5408 distance_p95=0.7842 distance_max=1.883 surprise_support=6
level=1 epoch=110/500 train_effect=0.767540 eval_effect=0.758155 train_vq=0.026985 active_codes=2 ema_used_codes=2 step_counter=1100 last_check_step=1001 surprise_streak=0 distance_mean=0.2305 distance_p90=0.5408 distance_p95=0.7842 distance_max=1.883 surprise_support=6
level=1 epoch=111/500 train_effect=0.764716 eval_effect=0.755449 train_vq=0.028859 active_codes=2 ema_used_codes=2 step_counter=1110 last_check_step=1101 surprise_streak=0 distance_mean=0.2393 distance_p90=0.6101 distance_p95=0.8012 distance_max=1.572 surprise_support=6
level=1 epoch=112/500 train_effect=0.771379 eval_effect=0.752732 train_vq=0.031919 active_codes=2 ema_used_codes=2 step_counter=1120 last_check_step=1101 surprise_streak=0 distance_mean=0.2393 distance_p90=0.6101 distance_p95=0.8012 distance_max=1.572 surprise_support=6
level=1 epoch=113/500 train_effect=0.798266 eval_effect=0.750550 train_vq=0.031717 active_codes=2 ema_used_codes=2 step_counter=1130 last_check_step=1101 surprise_streak=0 distance_mean=0.2393 distance_p90=0.6101 distance_p95=0.8012 distance_max=1.572 surprise_support=6
level=1 epoch=114/500 train_effect=0.756767 eval_effect=0.748319 train_vq=0.030243 active_codes=2 ema_used_codes=2 step_counter=1140 last_check_step=1101 surprise_streak=0 distance_mean=0.2393 distance_p90=0.6101 distance_p95=0.8012 distance_max=1.572 surprise_support=6
level=1 epoch=115/500 train_effect=0.778267 eval_effect=0.746040 train_vq=0.029664 active_codes=2 ema_used_codes=2 step_counter=1150 last_check_step=1101 surprise_streak=0 distance_mean=0.2393 distance_p90=0.6101 distance_p95=0.8012 distance_max=1.572 surprise_support=6
level=1 epoch=116/500 train_effect=0.752336 eval_effect=0.743953 train_vq=0.028285 active_codes=2 ema_used_codes=2 step_counter=1160 last_check_step=1101 surprise_streak=0 distance_mean=0.2393 distance_p90=0.6101 distance_p95=0.8012 distance_max=1.572 surprise_support=6
level=1 epoch=117/500 train_effect=0.743134 eval_effect=0.742036 train_vq=0.029261 active_codes=2 ema_used_codes=2 step_counter=1170 last_check_step=1101 surprise_streak=0 distance_mean=0.2393 distance_p90=0.6101 distance_p95=0.8012 distance_max=1.572 surprise_support=6
level=1 epoch=118/500 train_effect=0.741222 eval_effect=0.740041 train_vq=0.030045 active_codes=2 ema_used_codes=2 step_counter=1180 last_check_step=1101 surprise_streak=0 distance_mean=0.2393 distance_p90=0.6101 distance_p95=0.8012 distance_max=1.572 surprise_support=6
level=1 epoch=119/500 train_effect=0.762969 eval_effect=0.737963 train_vq=0.031889 active_codes=2 ema_used_codes=2 step_counter=1190 last_check_step=1101 surprise_streak=0 distance_mean=0.2393 distance_p90=0.6101 distance_p95=0.8012 distance_max=1.572 surprise_support=6
level=1 epoch=120/500 train_effect=0.752041 eval_effect=0.735981 train_vq=0.035620 active_codes=2 ema_used_codes=2 step_counter=1200 last_check_step=1101 surprise_streak=0 distance_mean=0.2393 distance_p90=0.6101 distance_p95=0.8012 distance_max=1.572 surprise_support=6
level=1 epoch=121/500 train_effect=0.742477 eval_effect=0.734294 train_vq=0.036847 active_codes=2 ema_used_codes=2 step_counter=1210 last_check_step=1201 surprise_streak=0 distance_mean=0.3065 distance_p90=0.7166 distance_p95=0.8985 distance_max=2.058 surprise_support=10
level=1 epoch=122/500 train_effect=0.733744 eval_effect=0.732591 train_vq=0.034759 active_codes=2 ema_used_codes=2 step_counter=1220 last_check_step=1201 surprise_streak=0 distance_mean=0.3065 distance_p90=0.7166 distance_p95=0.8985 distance_max=2.058 surprise_support=10
level=1 epoch=123/500 train_effect=0.762313 eval_effect=0.730756 train_vq=0.033906 active_codes=2 ema_used_codes=2 step_counter=1230 last_check_step=1201 surprise_streak=0 distance_mean=0.3065 distance_p90=0.7166 distance_p95=0.8985 distance_max=2.058 surprise_support=10
level=1 epoch=124/500 train_effect=0.738198 eval_effect=0.729154 train_vq=0.032332 active_codes=2 ema_used_codes=2 step_counter=1240 last_check_step=1201 surprise_streak=0 distance_mean=0.3065 distance_p90=0.7166 distance_p95=0.8985 distance_max=2.058 surprise_support=10
level=1 epoch=125/500 train_effect=0.736679 eval_effect=0.727913 train_vq=0.031458 active_codes=2 ema_used_codes=2 step_counter=1250 last_check_step=1201 surprise_streak=0 distance_mean=0.3065 distance_p90=0.7166 distance_p95=0.8985 distance_max=2.058 surprise_support=10
level=1 epoch=126/500 train_effect=0.727363 eval_effect=0.726439 train_vq=0.031974 active_codes=2 ema_used_codes=2 step_counter=1260 last_check_step=1201 surprise_streak=0 distance_mean=0.3065 distance_p90=0.7166 distance_p95=0.8985 distance_max=2.058 surprise_support=10
level=1 epoch=127/500 train_effect=0.725644 eval_effect=0.724780 train_vq=0.033536 active_codes=2 ema_used_codes=2 step_counter=1270 last_check_step=1201 surprise_streak=0 distance_mean=0.3065 distance_p90=0.7166 distance_p95=0.8985 distance_max=2.058 surprise_support=10
level=1 epoch=128/500 train_effect=0.724173 eval_effect=0.723320 train_vq=0.035926 active_codes=2 ema_used_codes=2 step_counter=1280 last_check_step=1201 surprise_streak=0 distance_mean=0.3065 distance_p90=0.7166 distance_p95=0.8985 distance_max=2.058 surprise_support=10
level=1 epoch=129/500 train_effect=0.722509 eval_effect=0.722004 train_vq=0.036314 active_codes=2 ema_used_codes=2 step_counter=1290 last_check_step=1201 surprise_streak=0 distance_mean=0.3065 distance_p90=0.7166 distance_p95=0.8985 distance_max=2.058 surprise_support=10
level=1 epoch=130/500 train_effect=0.737029 eval_effect=0.720658 train_vq=0.034721 active_codes=2 ema_used_codes=2 step_counter=1300 last_check_step=1201 surprise_streak=0 distance_mean=0.3065 distance_p90=0.7166 distance_p95=0.8985 distance_max=2.058 surprise_support=10
level=1 epoch=131/500 train_effect=0.720172 eval_effect=0.719405 train_vq=0.032940 active_codes=2 ema_used_codes=2 step_counter=1310 last_check_step=1301 surprise_streak=0 distance_mean=0.2651 distance_p90=0.7243 distance_p95=0.957 distance_max=1.915 surprise_support=11
level=1 epoch=132/500 train_effect=0.726516 eval_effect=0.718254 train_vq=0.034446 active_codes=2 ema_used_codes=2 step_counter=1320 last_check_step=1301 surprise_streak=0 distance_mean=0.2651 distance_p90=0.7243 distance_p95=0.957 distance_max=1.915 surprise_support=11
level=1 epoch=133/500 train_effect=0.726175 eval_effect=0.717271 train_vq=0.034124 active_codes=2 ema_used_codes=2 step_counter=1330 last_check_step=1301 surprise_streak=0 distance_mean=0.2651 distance_p90=0.7243 distance_p95=0.957 distance_max=1.915 surprise_support=11
level=1 epoch=134/500 train_effect=0.716813 eval_effect=0.716049 train_vq=0.034713 active_codes=2 ema_used_codes=2 step_counter=1340 last_check_step=1301 surprise_streak=0 distance_mean=0.2651 distance_p90=0.7243 distance_p95=0.957 distance_max=1.915 surprise_support=11
level=1 epoch=135/500 train_effect=0.715696 eval_effect=0.714974 train_vq=0.037549 active_codes=2 ema_used_codes=2 step_counter=1350 last_check_step=1301 surprise_streak=0 distance_mean=0.2651 distance_p90=0.7243 distance_p95=0.957 distance_max=1.915 surprise_support=11
level=1 epoch=136/500 train_effect=0.714590 eval_effect=0.714073 train_vq=0.036475 active_codes=2 ema_used_codes=2 step_counter=1360 last_check_step=1301 surprise_streak=0 distance_mean=0.2651 distance_p90=0.7243 distance_p95=0.957 distance_max=1.915 surprise_support=11
level=1 epoch=137/500 train_effect=0.721694 eval_effect=0.713079 train_vq=0.034855 active_codes=2 ema_used_codes=2 step_counter=1370 last_check_step=1301 surprise_streak=0 distance_mean=0.2651 distance_p90=0.7243 distance_p95=0.957 distance_max=1.915 surprise_support=11
level=1 epoch=138/500 train_effect=0.720875 eval_effect=0.712071 train_vq=0.036554 active_codes=2 ema_used_codes=2 step_counter=1380 last_check_step=1301 surprise_streak=0 distance_mean=0.2651 distance_p90=0.7243 distance_p95=0.957 distance_max=1.915 surprise_support=11
level=1 epoch=139/500 train_effect=0.720120 eval_effect=0.711217 train_vq=0.036746 active_codes=2 ema_used_codes=2 step_counter=1390 last_check_step=1301 surprise_streak=0 distance_mean=0.2651 distance_p90=0.7243 distance_p95=0.957 distance_max=1.915 surprise_support=11
level=1 epoch=140/500 train_effect=0.713151 eval_effect=0.710449 train_vq=0.038571 active_codes=2 ema_used_codes=2 step_counter=1400 last_check_step=1301 surprise_streak=0 distance_mean=0.2651 distance_p90=0.7243 distance_p95=0.957 distance_max=1.915 surprise_support=11
level=1 epoch=141/500 train_effect=0.727517 eval_effect=0.709519 train_vq=0.038297 active_codes=2 ema_used_codes=2 step_counter=1410 last_check_step=1401 surprise_streak=0 distance_mean=0.2938 distance_p90=0.707 distance_p95=0.9555 distance_max=1.791 surprise_support=11
level=1 epoch=142/500 train_effect=0.725061 eval_effect=0.708656 train_vq=0.039195 active_codes=2 ema_used_codes=2 step_counter=1420 last_check_step=1401 surprise_streak=0 distance_mean=0.2938 distance_p90=0.707 distance_p95=0.9555 distance_max=1.791 surprise_support=11
level=1 epoch=143/500 train_effect=0.716835 eval_effect=0.707931 train_vq=0.039403 active_codes=2 ema_used_codes=2 step_counter=1430 last_check_step=1401 surprise_streak=0 distance_mean=0.2938 distance_p90=0.707 distance_p95=0.9555 distance_max=1.791 surprise_support=11
level=1 epoch=144/500 train_effect=0.707660 eval_effect=0.707198 train_vq=0.038989 active_codes=2 ema_used_codes=2 step_counter=1440 last_check_step=1401 surprise_streak=0 distance_mean=0.2938 distance_p90=0.707 distance_p95=0.9555 distance_max=1.791 surprise_support=11
level=1 epoch=145/500 train_effect=0.706861 eval_effect=0.706371 train_vq=0.038217 active_codes=2 ema_used_codes=2 step_counter=1450 last_check_step=1401 surprise_streak=0 distance_mean=0.2938 distance_p90=0.707 distance_p95=0.9555 distance_max=1.791 surprise_support=11
level=1 epoch=146/500 train_effect=0.705772 eval_effect=0.705645 train_vq=0.039050 active_codes=2 ema_used_codes=2 step_counter=1460 last_check_step=1401 surprise_streak=0 distance_mean=0.2938 distance_p90=0.707 distance_p95=0.9555 distance_max=1.791 surprise_support=11
level=1 epoch=147/500 train_effect=0.712750 eval_effect=0.704952 train_vq=0.039746 active_codes=2 ema_used_codes=2 step_counter=1470 last_check_step=1401 surprise_streak=0 distance_mean=0.2938 distance_p90=0.707 distance_p95=0.9555 distance_max=1.791 surprise_support=11
level=1 epoch=148/500 train_effect=0.704563 eval_effect=0.704258 train_vq=0.040750 active_codes=2 ema_used_codes=2 step_counter=1480 last_check_step=1401 surprise_streak=0 distance_mean=0.2938 distance_p90=0.707 distance_p95=0.9555 distance_max=1.791 surprise_support=11
level=1 epoch=149/500 train_effect=0.721072 eval_effect=0.703540 train_vq=0.041126 active_codes=2 ema_used_codes=2 step_counter=1490 last_check_step=1401 surprise_streak=0 distance_mean=0.2938 distance_p90=0.707 distance_p95=0.9555 distance_max=1.791 surprise_support=11
level=1 epoch=150/500 train_effect=0.710879 eval_effect=0.702852 train_vq=0.041223 active_codes=2 ema_used_codes=2 step_counter=1500 last_check_step=1401 surprise_streak=0 distance_mean=0.2938 distance_p90=0.707 distance_p95=0.9555 distance_max=1.791 surprise_support=11
level=1 epoch=151/500 train_effect=0.711132 eval_effect=0.702235 train_vq=0.043836 active_codes=2 ema_used_codes=2 step_counter=1510 last_check_step=1501 surprise_streak=1 distance_mean=0.3265 distance_p90=0.8038 distance_p95=1.121 distance_max=2.297 surprise_support=17
level=1 epoch=152/500 train_effect=0.702131 eval_effect=0.701634 train_vq=0.044127 active_codes=2 ema_used_codes=2 step_counter=1520 last_check_step=1501 surprise_streak=1 distance_mean=0.3265 distance_p90=0.8038 distance_p95=1.121 distance_max=2.297 surprise_support=17
level=1 epoch=153/500 train_effect=0.701403 eval_effect=0.701026 train_vq=0.044424 active_codes=2 ema_used_codes=2 step_counter=1530 last_check_step=1501 surprise_streak=1 distance_mean=0.3265 distance_p90=0.8038 distance_p95=1.121 distance_max=2.297 surprise_support=17
level=1 epoch=154/500 train_effect=0.700828 eval_effect=0.700489 train_vq=0.044078 active_codes=2 ema_used_codes=2 step_counter=1540 last_check_step=1501 surprise_streak=1 distance_mean=0.3265 distance_p90=0.8038 distance_p95=1.121 distance_max=2.297 surprise_support=17
level=1 epoch=155/500 train_effect=0.700303 eval_effect=0.708531 train_vq=0.045394 active_codes=2 ema_used_codes=2 step_counter=1550 last_check_step=1501 surprise_streak=1 distance_mean=0.3265 distance_p90=0.8038 distance_p95=1.121 distance_max=2.297 surprise_support=17
level=1 epoch=156/500 train_effect=0.708289 eval_effect=0.707988 train_vq=0.047756 active_codes=2 ema_used_codes=2 step_counter=1560 last_check_step=1501 surprise_streak=1 distance_mean=0.3265 distance_p90=0.8038 distance_p95=1.121 distance_max=2.297 surprise_support=17
level=1 epoch=157/500 train_effect=0.708055 eval_effect=0.698918 train_vq=0.049004 active_codes=2 ema_used_codes=2 step_counter=1570 last_check_step=1501 surprise_streak=1 distance_mean=0.3265 distance_p90=0.8038 distance_p95=1.121 distance_max=2.297 surprise_support=17
level=1 epoch=158/500 train_effect=0.734872 eval_effect=0.698464 train_vq=0.047790 active_codes=2 ema_used_codes=2 step_counter=1580 last_check_step=1501 surprise_streak=1 distance_mean=0.3265 distance_p90=0.8038 distance_p95=1.121 distance_max=2.297 surprise_support=17
level=1 epoch=159/500 train_effect=0.715332 eval_effect=0.697997 train_vq=0.046593 active_codes=2 ema_used_codes=2 step_counter=1590 last_check_step=1501 surprise_streak=1 distance_mean=0.3265 distance_p90=0.8038 distance_p95=1.121 distance_max=2.297 surprise_support=17
level=1 epoch=160/500 train_effect=0.697791 eval_effect=0.697559 train_vq=0.048012 active_codes=2 ema_used_codes=2 step_counter=1600 last_check_step=1501 surprise_streak=1 distance_mean=0.3265 distance_p90=0.8038 distance_p95=1.121 distance_max=2.297 surprise_support=17
[Dynamic VQ] step=1601 K=2->3 support=25/256 threshold=1.0000
level=1 epoch=161/500 train_effect=0.734906 eval_effect=0.724611 train_vq=0.029118 active_codes=3 ema_used_codes=3 step_counter=1610 last_check_step=1601 surprise_streak=0 distance_mean=0.3759 distance_p90=0.9354 distance_p95=1.238 distance_max=2.695 surprise_support=25
level=1 epoch=162/500 train_effect=0.727371 eval_effect=0.751117 train_vq=0.030205 active_codes=3 ema_used_codes=3 step_counter=1620 last_check_step=1601 surprise_streak=0 distance_mean=0.3759 distance_p90=0.9354 distance_p95=1.238 distance_max=2.695 surprise_support=25
level=1 epoch=163/500 train_effect=0.738731 eval_effect=0.708217 train_vq=0.032338 active_codes=3 ema_used_codes=3 step_counter=1630 last_check_step=1601 surprise_streak=0 distance_mean=0.3759 distance_p90=0.9354 distance_p95=1.238 distance_max=2.695 surprise_support=25
level=1 epoch=164/500 train_effect=0.729992 eval_effect=0.708475 train_vq=0.031194 active_codes=3 ema_used_codes=3 step_counter=1640 last_check_step=1601 surprise_streak=0 distance_mean=0.3759 distance_p90=0.9354 distance_p95=1.238 distance_max=2.695 surprise_support=25
level=1 epoch=165/500 train_effect=0.721104 eval_effect=0.713159 train_vq=0.031487 active_codes=3 ema_used_codes=3 step_counter=1650 last_check_step=1601 surprise_streak=0 distance_mean=0.3759 distance_p90=0.9354 distance_p95=1.238 distance_max=2.695 surprise_support=25
level=1 epoch=166/500 train_effect=0.737057 eval_effect=0.706051 train_vq=0.029410 active_codes=3 ema_used_codes=3 step_counter=1660 last_check_step=1601 surprise_streak=0 distance_mean=0.3759 distance_p90=0.9354 distance_p95=1.238 distance_max=2.695 surprise_support=25
level=1 epoch=167/500 train_effect=0.720162 eval_effect=0.712323 train_vq=0.028322 active_codes=3 ema_used_codes=3 step_counter=1670 last_check_step=1601 surprise_streak=0 distance_mean=0.3759 distance_p90=0.9354 distance_p95=1.238 distance_max=2.695 surprise_support=25
level=1 epoch=168/500 train_effect=0.740174 eval_effect=0.696892 train_vq=0.027673 active_codes=3 ema_used_codes=3 step_counter=1680 last_check_step=1601 surprise_streak=0 distance_mean=0.3759 distance_p90=0.9354 distance_p95=1.238 distance_max=2.695 surprise_support=25
level=1 epoch=169/500 train_effect=0.714080 eval_effect=0.698583 train_vq=0.026793 active_codes=3 ema_used_codes=3 step_counter=1690 last_check_step=1601 surprise_streak=0 distance_mean=0.3759 distance_p90=0.9354 distance_p95=1.238 distance_max=2.695 surprise_support=25
level=1 epoch=170/500 train_effect=0.705197 eval_effect=0.694886 train_vq=0.027562 active_codes=3 ema_used_codes=3 step_counter=1700 last_check_step=1601 surprise_streak=0 distance_mean=0.3759 distance_p90=0.9354 distance_p95=1.238 distance_max=2.695 surprise_support=25
level=1 epoch=171/500 train_effect=0.704615 eval_effect=0.689449 train_vq=0.027014 active_codes=3 ema_used_codes=3 step_counter=1710 last_check_step=1701 surprise_streak=0 distance_mean=0.2511 distance_p90=0.7324 distance_p95=0.9184 distance_max=1.182 surprise_support=8
level=1 epoch=172/500 train_effect=0.703146 eval_effect=0.691873 train_vq=0.028132 active_codes=3 ema_used_codes=3 step_counter=1720 last_check_step=1701 surprise_streak=0 distance_mean=0.2511 distance_p90=0.7324 distance_p95=0.9184 distance_max=1.182 surprise_support=8
level=1 epoch=173/500 train_effect=0.697963 eval_effect=0.697488 train_vq=0.030703 active_codes=3 ema_used_codes=3 step_counter=1730 last_check_step=1701 surprise_streak=0 distance_mean=0.2511 distance_p90=0.7324 distance_p95=0.9184 distance_max=1.182 surprise_support=8
level=1 epoch=174/500 train_effect=0.694614 eval_effect=0.695311 train_vq=0.033154 active_codes=3 ema_used_codes=3 step_counter=1740 last_check_step=1701 surprise_streak=0 distance_mean=0.2511 distance_p90=0.7324 distance_p95=0.9184 distance_max=1.182 surprise_support=8
level=1 epoch=175/500 train_effect=0.695696 eval_effect=0.695011 train_vq=0.038167 active_codes=3 ema_used_codes=3 step_counter=1750 last_check_step=1701 surprise_streak=0 distance_mean=0.2511 distance_p90=0.7324 distance_p95=0.9184 distance_max=1.182 surprise_support=8
level=1 epoch=176/500 train_effect=0.736861 eval_effect=0.690778 train_vq=0.039723 active_codes=3 ema_used_codes=3 step_counter=1760 last_check_step=1701 surprise_streak=0 distance_mean=0.2511 distance_p90=0.7324 distance_p95=0.9184 distance_max=1.182 surprise_support=8
level=1 epoch=177/500 train_effect=0.706881 eval_effect=0.685241 train_vq=0.035242 active_codes=3 ema_used_codes=3 step_counter=1770 last_check_step=1701 surprise_streak=0 distance_mean=0.2511 distance_p90=0.7324 distance_p95=0.9184 distance_max=1.182 surprise_support=8
level=1 epoch=178/500 train_effect=0.693225 eval_effect=0.686631 train_vq=0.035179 active_codes=3 ema_used_codes=3 step_counter=1780 last_check_step=1701 surprise_streak=0 distance_mean=0.2511 distance_p90=0.7324 distance_p95=0.9184 distance_max=1.182 surprise_support=8
level=1 epoch=179/500 train_effect=0.718883 eval_effect=0.682019 train_vq=0.034971 active_codes=3 ema_used_codes=3 step_counter=1790 last_check_step=1701 surprise_streak=0 distance_mean=0.2511 distance_p90=0.7324 distance_p95=0.9184 distance_max=1.182 surprise_support=8
level=1 epoch=180/500 train_effect=0.714275 eval_effect=0.686119 train_vq=0.034794 active_codes=3 ema_used_codes=3 step_counter=1800 last_check_step=1701 surprise_streak=0 distance_mean=0.2511 distance_p90=0.7324 distance_p95=0.9184 distance_max=1.182 surprise_support=8
level=1 epoch=181/500 train_effect=0.710201 eval_effect=0.677329 train_vq=0.034657 active_codes=3 ema_used_codes=3 step_counter=1810 last_check_step=1801 surprise_streak=1 distance_mean=0.2753 distance_p90=0.6835 distance_p95=1.117 distance_max=2 surprise_support=15
level=1 epoch=182/500 train_effect=0.744962 eval_effect=0.688164 train_vq=0.034521 active_codes=3 ema_used_codes=3 step_counter=1820 last_check_step=1801 surprise_streak=1 distance_mean=0.2753 distance_p90=0.6835 distance_p95=1.117 distance_max=2 surprise_support=15
level=1 epoch=183/500 train_effect=0.692633 eval_effect=0.676796 train_vq=0.031848 active_codes=3 ema_used_codes=3 step_counter=1830 last_check_step=1801 surprise_streak=1 distance_mean=0.2753 distance_p90=0.6835 distance_p95=1.117 distance_max=2 surprise_support=15
level=1 epoch=184/500 train_effect=0.693680 eval_effect=0.677370 train_vq=0.032699 active_codes=3 ema_used_codes=3 step_counter=1840 last_check_step=1801 surprise_streak=1 distance_mean=0.2753 distance_p90=0.6835 distance_p95=1.117 distance_max=2 surprise_support=15
level=1 epoch=185/500 train_effect=0.696129 eval_effect=0.671906 train_vq=0.033038 active_codes=3 ema_used_codes=3 step_counter=1850 last_check_step=1801 surprise_streak=1 distance_mean=0.2753 distance_p90=0.6835 distance_p95=1.117 distance_max=2 surprise_support=15
level=1 epoch=186/500 train_effect=0.686039 eval_effect=0.669269 train_vq=0.031973 active_codes=3 ema_used_codes=3 step_counter=1860 last_check_step=1801 surprise_streak=1 distance_mean=0.2753 distance_p90=0.6835 distance_p95=1.117 distance_max=2 surprise_support=15
level=1 epoch=187/500 train_effect=0.675407 eval_effect=0.659002 train_vq=0.034334 active_codes=3 ema_used_codes=3 step_counter=1870 last_check_step=1801 surprise_streak=1 distance_mean=0.2753 distance_p90=0.6835 distance_p95=1.117 distance_max=2 surprise_support=15
level=1 epoch=188/500 train_effect=0.690469 eval_effect=0.660417 train_vq=0.036422 active_codes=3 ema_used_codes=3 step_counter=1880 last_check_step=1801 surprise_streak=1 distance_mean=0.2753 distance_p90=0.6835 distance_p95=1.117 distance_max=2 surprise_support=15
level=1 epoch=189/500 train_effect=0.686085 eval_effect=0.661024 train_vq=0.034775 active_codes=3 ema_used_codes=3 step_counter=1890 last_check_step=1801 surprise_streak=1 distance_mean=0.2753 distance_p90=0.6835 distance_p95=1.117 distance_max=2 surprise_support=15
level=1 epoch=190/500 train_effect=0.701182 eval_effect=0.668074 train_vq=0.033874 active_codes=3 ema_used_codes=3 step_counter=1900 last_check_step=1801 surprise_streak=1 distance_mean=0.2753 distance_p90=0.6835 distance_p95=1.117 distance_max=2 surprise_support=15
level=1 epoch=191/500 train_effect=0.686167 eval_effect=0.659255 train_vq=0.032471 active_codes=3 ema_used_codes=3 step_counter=1910 last_check_step=1901 surprise_streak=0 distance_mean=0.2761 distance_p90=0.6495 distance_p95=0.8146 distance_max=1.797 surprise_support=8
level=1 epoch=192/500 train_effect=0.681273 eval_effect=0.654926 train_vq=0.032251 active_codes=3 ema_used_codes=3 step_counter=1920 last_check_step=1901 surprise_streak=0 distance_mean=0.2761 distance_p90=0.6495 distance_p95=0.8146 distance_max=1.797 surprise_support=8
level=1 epoch=193/500 train_effect=0.682507 eval_effect=0.651014 train_vq=0.032178 active_codes=3 ema_used_codes=3 step_counter=1930 last_check_step=1901 surprise_streak=0 distance_mean=0.2761 distance_p90=0.6495 distance_p95=0.8146 distance_max=1.797 surprise_support=8
level=1 epoch=194/500 train_effect=0.675323 eval_effect=0.648291 train_vq=0.033229 active_codes=3 ema_used_codes=3 step_counter=1940 last_check_step=1901 surprise_streak=0 distance_mean=0.2761 distance_p90=0.6495 distance_p95=0.8146 distance_max=1.797 surprise_support=8
level=1 epoch=195/500 train_effect=0.703861 eval_effect=0.653995 train_vq=0.037171 active_codes=3 ema_used_codes=3 step_counter=1950 last_check_step=1901 surprise_streak=0 distance_mean=0.2761 distance_p90=0.6495 distance_p95=0.8146 distance_max=1.797 surprise_support=8
level=1 epoch=196/500 train_effect=0.693722 eval_effect=0.679928 train_vq=0.037459 active_codes=3 ema_used_codes=3 step_counter=1960 last_check_step=1901 surprise_streak=0 distance_mean=0.2761 distance_p90=0.6495 distance_p95=0.8146 distance_max=1.797 surprise_support=8
level=1 epoch=197/500 train_effect=0.719707 eval_effect=0.690256 train_vq=0.037488 active_codes=3 ema_used_codes=3 step_counter=1970 last_check_step=1901 surprise_streak=0 distance_mean=0.2761 distance_p90=0.6495 distance_p95=0.8146 distance_max=1.797 surprise_support=8
level=1 epoch=198/500 train_effect=0.709878 eval_effect=0.707597 train_vq=0.039487 active_codes=3 ema_used_codes=3 step_counter=1980 last_check_step=1901 surprise_streak=0 distance_mean=0.2761 distance_p90=0.6495 distance_p95=0.8146 distance_max=1.797 surprise_support=8
level=1 epoch=199/500 train_effect=0.741356 eval_effect=0.709867 train_vq=0.040476 active_codes=3 ema_used_codes=3 step_counter=1990 last_check_step=1901 surprise_streak=0 distance_mean=0.2761 distance_p90=0.6495 distance_p95=0.8146 distance_max=1.797 surprise_support=8
level=1 epoch=200/500 train_effect=0.704305 eval_effect=0.740890 train_vq=0.039396 active_codes=3 ema_used_codes=3 step_counter=2000 last_check_step=1901 surprise_streak=0 distance_mean=0.2761 distance_p90=0.6495 distance_p95=0.8146 distance_max=1.797 surprise_support=8
level=1 epoch=201/500 train_effect=0.681586 eval_effect=0.668518 train_vq=0.038909 active_codes=3 ema_used_codes=3 step_counter=2010 last_check_step=2001 surprise_streak=0 distance_mean=0.2828 distance_p90=0.6688 distance_p95=0.8953 distance_max=2.192 surprise_support=9
level=1 epoch=202/500 train_effect=0.700224 eval_effect=0.694571 train_vq=0.039040 active_codes=3 ema_used_codes=3 step_counter=2020 last_check_step=2001 surprise_streak=0 distance_mean=0.2828 distance_p90=0.6688 distance_p95=0.8953 distance_max=2.192 surprise_support=9
level=1 epoch=203/500 train_effect=0.707895 eval_effect=0.692266 train_vq=0.040110 active_codes=3 ema_used_codes=3 step_counter=2030 last_check_step=2001 surprise_streak=0 distance_mean=0.2828 distance_p90=0.6688 distance_p95=0.8953 distance_max=2.192 surprise_support=9
level=1 epoch=204/500 train_effect=0.700521 eval_effect=0.724173 train_vq=0.040730 active_codes=3 ema_used_codes=3 step_counter=2040 last_check_step=2001 surprise_streak=0 distance_mean=0.2828 distance_p90=0.6688 distance_p95=0.8953 distance_max=2.192 surprise_support=9
level=1 epoch=205/500 train_effect=0.702861 eval_effect=0.707874 train_vq=0.040978 active_codes=3 ema_used_codes=3 step_counter=2050 last_check_step=2001 surprise_streak=0 distance_mean=0.2828 distance_p90=0.6688 distance_p95=0.8953 distance_max=2.192 surprise_support=9
level=1 epoch=206/500 train_effect=0.699708 eval_effect=0.682855 train_vq=0.041372 active_codes=3 ema_used_codes=3 step_counter=2060 last_check_step=2001 surprise_streak=0 distance_mean=0.2828 distance_p90=0.6688 distance_p95=0.8953 distance_max=2.192 surprise_support=9
level=1 epoch=207/500 train_effect=0.711499 eval_effect=0.683423 train_vq=0.041892 active_codes=3 ema_used_codes=3 step_counter=2070 last_check_step=2001 surprise_streak=0 distance_mean=0.2828 distance_p90=0.6688 distance_p95=0.8953 distance_max=2.192 surprise_support=9
level=1 epoch=208/500 train_effect=0.679134 eval_effect=0.645314 train_vq=0.041642 active_codes=3 ema_used_codes=3 step_counter=2080 last_check_step=2001 surprise_streak=0 distance_mean=0.2828 distance_p90=0.6688 distance_p95=0.8953 distance_max=2.192 surprise_support=9
level=1 epoch=209/500 train_effect=0.716297 eval_effect=0.663971 train_vq=0.040466 active_codes=3 ema_used_codes=3 step_counter=2090 last_check_step=2001 surprise_streak=0 distance_mean=0.2828 distance_p90=0.6688 distance_p95=0.8953 distance_max=2.192 surprise_support=9
level=1 epoch=210/500 train_effect=0.676506 eval_effect=0.656114 train_vq=0.040107 active_codes=3 ema_used_codes=3 step_counter=2100 last_check_step=2001 surprise_streak=0 distance_mean=0.2828 distance_p90=0.6688 distance_p95=0.8953 distance_max=2.192 surprise_support=9
level=1 epoch=211/500 train_effect=0.676599 eval_effect=0.643164 train_vq=0.039701 active_codes=3 ema_used_codes=3 step_counter=2110 last_check_step=2101 surprise_streak=1 distance_mean=0.3276 distance_p90=0.8802 distance_p95=1.065 distance_max=2.924 surprise_support=15
level=1 epoch=212/500 train_effect=0.697410 eval_effect=0.717995 train_vq=0.038539 active_codes=3 ema_used_codes=3 step_counter=2120 last_check_step=2101 surprise_streak=1 distance_mean=0.3276 distance_p90=0.8802 distance_p95=1.065 distance_max=2.924 surprise_support=15
level=1 epoch=213/500 train_effect=0.660978 eval_effect=0.658325 train_vq=0.042388 active_codes=3 ema_used_codes=3 step_counter=2130 last_check_step=2101 surprise_streak=1 distance_mean=0.3276 distance_p90=0.8802 distance_p95=1.065 distance_max=2.924 surprise_support=15
level=1 epoch=214/500 train_effect=0.676714 eval_effect=0.687143 train_vq=0.041708 active_codes=3 ema_used_codes=3 step_counter=2140 last_check_step=2101 surprise_streak=1 distance_mean=0.3276 distance_p90=0.8802 distance_p95=1.065 distance_max=2.924 surprise_support=15
level=1 epoch=215/500 train_effect=0.661195 eval_effect=0.661503 train_vq=0.040796 active_codes=3 ema_used_codes=3 step_counter=2150 last_check_step=2101 surprise_streak=1 distance_mean=0.3276 distance_p90=0.8802 distance_p95=1.065 distance_max=2.924 surprise_support=15
level=1 epoch=216/500 train_effect=0.654800 eval_effect=0.670693 train_vq=0.039957 active_codes=3 ema_used_codes=3 step_counter=2160 last_check_step=2101 surprise_streak=1 distance_mean=0.3276 distance_p90=0.8802 distance_p95=1.065 distance_max=2.924 surprise_support=15
level=1 epoch=217/500 train_effect=0.640587 eval_effect=0.634822 train_vq=0.040937 active_codes=3 ema_used_codes=3 step_counter=2170 last_check_step=2101 surprise_streak=1 distance_mean=0.3276 distance_p90=0.8802 distance_p95=1.065 distance_max=2.924 surprise_support=15
level=1 epoch=218/500 train_effect=0.650118 eval_effect=0.631549 train_vq=0.040529 active_codes=3 ema_used_codes=3 step_counter=2180 last_check_step=2101 surprise_streak=1 distance_mean=0.3276 distance_p90=0.8802 distance_p95=1.065 distance_max=2.924 surprise_support=15
level=1 epoch=219/500 train_effect=0.645589 eval_effect=0.618777 train_vq=0.041114 active_codes=3 ema_used_codes=3 step_counter=2190 last_check_step=2101 surprise_streak=1 distance_mean=0.3276 distance_p90=0.8802 distance_p95=1.065 distance_max=2.924 surprise_support=15
level=1 epoch=220/500 train_effect=0.620122 eval_effect=0.641701 train_vq=0.038243 active_codes=3 ema_used_codes=3 step_counter=2200 last_check_step=2101 surprise_streak=1 distance_mean=0.3276 distance_p90=0.8802 distance_p95=1.065 distance_max=2.924 surprise_support=15
[Dynamic VQ] step=2201 K=3->4 support=13/256 threshold=1.0000
level=1 epoch=221/500 train_effect=0.650135 eval_effect=0.698801 train_vq=0.034688 active_codes=4 ema_used_codes=4 step_counter=2210 last_check_step=2201 surprise_streak=0 distance_mean=0.32 distance_p90=0.7311 distance_p95=0.9764 distance_max=4.645 surprise_support=13
level=1 epoch=222/500 train_effect=0.624704 eval_effect=0.626330 train_vq=0.033435 active_codes=4 ema_used_codes=4 step_counter=2220 last_check_step=2201 surprise_streak=0 distance_mean=0.32 distance_p90=0.7311 distance_p95=0.9764 distance_max=4.645 surprise_support=13
level=1 epoch=223/500 train_effect=0.610122 eval_effect=0.596668 train_vq=0.032749 active_codes=4 ema_used_codes=4 step_counter=2230 last_check_step=2201 surprise_streak=0 distance_mean=0.32 distance_p90=0.7311 distance_p95=0.9764 distance_max=4.645 surprise_support=13
level=1 epoch=224/500 train_effect=0.620048 eval_effect=0.596663 train_vq=0.033094 active_codes=4 ema_used_codes=4 step_counter=2240 last_check_step=2201 surprise_streak=0 distance_mean=0.32 distance_p90=0.7311 distance_p95=0.9764 distance_max=4.645 surprise_support=13
level=1 epoch=225/500 train_effect=0.610165 eval_effect=0.595018 train_vq=0.031592 active_codes=4 ema_used_codes=4 step_counter=2250 last_check_step=2201 surprise_streak=0 distance_mean=0.32 distance_p90=0.7311 distance_p95=0.9764 distance_max=4.645 surprise_support=13
level=1 epoch=226/500 train_effect=0.600025 eval_effect=0.598727 train_vq=0.028094 active_codes=4 ema_used_codes=4 step_counter=2260 last_check_step=2201 surprise_streak=0 distance_mean=0.32 distance_p90=0.7311 distance_p95=0.9764 distance_max=4.645 surprise_support=13
level=1 epoch=227/500 train_effect=0.601920 eval_effect=0.593029 train_vq=0.028339 active_codes=4 ema_used_codes=4 step_counter=2270 last_check_step=2201 surprise_streak=0 distance_mean=0.32 distance_p90=0.7311 distance_p95=0.9764 distance_max=4.645 surprise_support=13
level=1 epoch=228/500 train_effect=0.614506 eval_effect=0.598360 train_vq=0.028891 active_codes=4 ema_used_codes=4 step_counter=2280 last_check_step=2201 surprise_streak=0 distance_mean=0.32 distance_p90=0.7311 distance_p95=0.9764 distance_max=4.645 surprise_support=13
level=1 epoch=229/500 train_effect=0.609144 eval_effect=0.589815 train_vq=0.030288 active_codes=4 ema_used_codes=4 step_counter=2290 last_check_step=2201 surprise_streak=0 distance_mean=0.32 distance_p90=0.7311 distance_p95=0.9764 distance_max=4.645 surprise_support=13
level=1 epoch=230/500 train_effect=0.607810 eval_effect=0.588896 train_vq=0.027537 active_codes=4 ema_used_codes=4 step_counter=2300 last_check_step=2201 surprise_streak=0 distance_mean=0.32 distance_p90=0.7311 distance_p95=0.9764 distance_max=4.645 surprise_support=13
level=1 epoch=231/500 train_effect=0.608112 eval_effect=0.594620 train_vq=0.029009 active_codes=4 ema_used_codes=4 step_counter=2310 last_check_step=2201 surprise_streak=0 distance_mean=0.32 distance_p90=0.7311 distance_p95=0.9764 distance_max=4.645 surprise_support=13
level=1 epoch=232/500 train_effect=0.606888 eval_effect=0.596024 train_vq=0.028572 active_codes=4 ema_used_codes=4 step_counter=2320 last_check_step=2201 surprise_streak=0 distance_mean=0.32 distance_p90=0.7311 distance_p95=0.9764 distance_max=4.645 surprise_support=13
level=1 epoch=233/500 train_effect=0.599530 eval_effect=0.594609 train_vq=0.027735 active_codes=4 ema_used_codes=4 step_counter=2330 last_check_step=2201 surprise_streak=0 distance_mean=0.32 distance_p90=0.7311 distance_p95=0.9764 distance_max=4.645 surprise_support=13
level=1 epoch=234/500 train_effect=0.596075 eval_effect=0.594455 train_vq=0.027791 active_codes=4 ema_used_codes=4 step_counter=2340 last_check_step=2201 surprise_streak=0 distance_mean=0.32 distance_p90=0.7311 distance_p95=0.9764 distance_max=4.645 surprise_support=13
level=1 epoch=235/500 train_effect=0.599150 eval_effect=0.585085 train_vq=0.028150 active_codes=4 ema_used_codes=4 step_counter=2350 last_check_step=2201 surprise_streak=0 distance_mean=0.32 distance_p90=0.7311 distance_p95=0.9764 distance_max=4.645 surprise_support=13
level=1 epoch=236/500 train_effect=0.598569 eval_effect=0.583301 train_vq=0.027741 active_codes=4 ema_used_codes=4 step_counter=2360 last_check_step=2201 surprise_streak=0 distance_mean=0.32 distance_p90=0.7311 distance_p95=0.9764 distance_max=4.645 surprise_support=13
level=1 epoch=237/500 train_effect=0.592611 eval_effect=0.581415 train_vq=0.026992 active_codes=4 ema_used_codes=4 step_counter=2370 last_check_step=2201 surprise_streak=0 distance_mean=0.32 distance_p90=0.7311 distance_p95=0.9764 distance_max=4.645 surprise_support=13
level=1 epoch=238/500 train_effect=0.589672 eval_effect=0.584937 train_vq=0.027218 active_codes=4 ema_used_codes=4 step_counter=2380 last_check_step=2201 surprise_streak=0 distance_mean=0.32 distance_p90=0.7311 distance_p95=0.9764 distance_max=4.645 surprise_support=13
level=1 epoch=239/500 train_effect=0.587319 eval_effect=0.578132 train_vq=0.027434 active_codes=4 ema_used_codes=4 step_counter=2390 last_check_step=2201 surprise_streak=0 distance_mean=0.32 distance_p90=0.7311 distance_p95=0.9764 distance_max=4.645 surprise_support=13
level=1 epoch=240/500 train_effect=0.600756 eval_effect=0.582103 train_vq=0.028566 active_codes=4 ema_used_codes=4 step_counter=2400 last_check_step=2201 surprise_streak=0 distance_mean=0.32 distance_p90=0.7311 distance_p95=0.9764 distance_max=4.645 surprise_support=13
level=1 epoch=241/500 train_effect=0.586387 eval_effect=0.576241 train_vq=0.027648 active_codes=4 ema_used_codes=4 step_counter=2410 last_check_step=2201 surprise_streak=0 distance_mean=0.32 distance_p90=0.7311 distance_p95=0.9764 distance_max=4.645 surprise_support=13
level=1 epoch=242/500 train_effect=0.586136 eval_effect=0.573234 train_vq=0.027368 active_codes=4 ema_used_codes=4 step_counter=2420 last_check_step=2201 surprise_streak=0 distance_mean=0.32 distance_p90=0.7311 distance_p95=0.9764 distance_max=4.645 surprise_support=13
level=1 epoch=243/500 train_effect=0.587983 eval_effect=0.590108 train_vq=0.026499 active_codes=4 ema_used_codes=4 step_counter=2430 last_check_step=2201 surprise_streak=0 distance_mean=0.32 distance_p90=0.7311 distance_p95=0.9764 distance_max=4.645 surprise_support=13
level=1 epoch=244/500 train_effect=0.578041 eval_effect=0.570931 train_vq=0.027376 active_codes=4 ema_used_codes=4 step_counter=2440 last_check_step=2201 surprise_streak=0 distance_mean=0.32 distance_p90=0.7311 distance_p95=0.9764 distance_max=4.645 surprise_support=13
level=1 epoch=245/500 train_effect=0.582097 eval_effect=0.567633 train_vq=0.029721 active_codes=4 ema_used_codes=4 step_counter=2450 last_check_step=2201 surprise_streak=0 distance_mean=0.32 distance_p90=0.7311 distance_p95=0.9764 distance_max=4.645 surprise_support=13
level=1 epoch=246/500 train_effect=0.575117 eval_effect=0.567609 train_vq=0.028372 active_codes=4 ema_used_codes=4 step_counter=2460 last_check_step=2201 surprise_streak=0 distance_mean=0.32 distance_p90=0.7311 distance_p95=0.9764 distance_max=4.645 surprise_support=13
level=1 epoch=247/500 train_effect=0.576549 eval_effect=0.564138 train_vq=0.027971 active_codes=4 ema_used_codes=4 step_counter=2470 last_check_step=2201 surprise_streak=0 distance_mean=0.32 distance_p90=0.7311 distance_p95=0.9764 distance_max=4.645 surprise_support=13
level=1 epoch=248/500 train_effect=0.574576 eval_effect=0.567697 train_vq=0.027087 active_codes=4 ema_used_codes=4 step_counter=2480 last_check_step=2201 surprise_streak=0 distance_mean=0.32 distance_p90=0.7311 distance_p95=0.9764 distance_max=4.645 surprise_support=13
level=1 epoch=249/500 train_effect=0.576844 eval_effect=0.573224 train_vq=0.026470 active_codes=4 ema_used_codes=4 step_counter=2490 last_check_step=2201 surprise_streak=0 distance_mean=0.32 distance_p90=0.7311 distance_p95=0.9764 distance_max=4.645 surprise_support=13
level=1 epoch=250/500 train_effect=0.570716 eval_effect=0.561028 train_vq=0.026197 active_codes=4 ema_used_codes=4 step_counter=2500 last_check_step=2201 surprise_streak=0 distance_mean=0.32 distance_p90=0.7311 distance_p95=0.9764 distance_max=4.645 surprise_support=13
level=1 epoch=251/500 train_effect=0.565780 eval_effect=0.565091 train_vq=0.025995 active_codes=4 ema_used_codes=4 step_counter=2510 last_check_step=2201 surprise_streak=0 distance_mean=0.32 distance_p90=0.7311 distance_p95=0.9764 distance_max=4.645 surprise_support=13
level=1 epoch=252/500 train_effect=0.566204 eval_effect=0.560271 train_vq=0.026465 active_codes=4 ema_used_codes=4 step_counter=2520 last_check_step=2201 surprise_streak=0 distance_mean=0.32 distance_p90=0.7311 distance_p95=0.9764 distance_max=4.645 surprise_support=13
level=1 epoch=253/500 train_effect=0.566482 eval_effect=0.559130 train_vq=0.025817 active_codes=4 ema_used_codes=4 step_counter=2530 last_check_step=2201 surprise_streak=0 distance_mean=0.32 distance_p90=0.7311 distance_p95=0.9764 distance_max=4.645 surprise_support=13
level=1 epoch=254/500 train_effect=0.561120 eval_effect=0.560074 train_vq=0.024806 active_codes=4 ema_used_codes=4 step_counter=2540 last_check_step=2201 surprise_streak=0 distance_mean=0.32 distance_p90=0.7311 distance_p95=0.9764 distance_max=4.645 surprise_support=13
level=1 epoch=255/500 train_effect=0.558352 eval_effect=0.557757 train_vq=0.025637 active_codes=4 ema_used_codes=4 step_counter=2550 last_check_step=2201 surprise_streak=0 distance_mean=0.32 distance_p90=0.7311 distance_p95=0.9764 distance_max=4.645 surprise_support=13
level=1 epoch=256/500 train_effect=0.565539 eval_effect=0.557093 train_vq=0.024682 active_codes=4 ema_used_codes=4 step_counter=2560 last_check_step=2201 surprise_streak=0 distance_mean=0.32 distance_p90=0.7311 distance_p95=0.9764 distance_max=4.645 surprise_support=13
level=1 epoch=257/500 train_effect=0.556962 eval_effect=0.555424 train_vq=0.024182 active_codes=4 ema_used_codes=4 step_counter=2570 last_check_step=2201 surprise_streak=0 distance_mean=0.32 distance_p90=0.7311 distance_p95=0.9764 distance_max=4.645 surprise_support=13
level=1 epoch=258/500 train_effect=0.554246 eval_effect=0.552474 train_vq=0.024771 active_codes=4 ema_used_codes=4 step_counter=2580 last_check_step=2201 surprise_streak=0 distance_mean=0.32 distance_p90=0.7311 distance_p95=0.9764 distance_max=4.645 surprise_support=13
level=1 epoch=259/500 train_effect=0.558379 eval_effect=0.553040 train_vq=0.024803 active_codes=4 ema_used_codes=4 step_counter=2590 last_check_step=2201 surprise_streak=0 distance_mean=0.32 distance_p90=0.7311 distance_p95=0.9764 distance_max=4.645 surprise_support=13
level=1 epoch=260/500 train_effect=0.558065 eval_effect=0.551283 train_vq=0.024446 active_codes=4 ema_used_codes=4 step_counter=2600 last_check_step=2201 surprise_streak=0 distance_mean=0.32 distance_p90=0.7311 distance_p95=0.9764 distance_max=4.645 surprise_support=13
level=1 epoch=261/500 train_effect=0.552587 eval_effect=0.547437 train_vq=0.026771 active_codes=4 ema_used_codes=4 step_counter=2610 last_check_step=2201 surprise_streak=0 distance_mean=0.32 distance_p90=0.7311 distance_p95=0.9764 distance_max=4.645 surprise_support=13
level=1 epoch=262/500 train_effect=0.549605 eval_effect=0.545535 train_vq=0.025344 active_codes=4 ema_used_codes=4 step_counter=2620 last_check_step=2201 surprise_streak=0 distance_mean=0.32 distance_p90=0.7311 distance_p95=0.9764 distance_max=4.645 surprise_support=13
level=1 epoch=263/500 train_effect=0.545194 eval_effect=0.543840 train_vq=0.024421 active_codes=4 ema_used_codes=4 step_counter=2630 last_check_step=2201 surprise_streak=0 distance_mean=0.32 distance_p90=0.7311 distance_p95=0.9764 distance_max=4.645 surprise_support=13
level=1 epoch=264/500 train_effect=0.548696 eval_effect=0.543097 train_vq=0.025421 active_codes=4 ema_used_codes=4 step_counter=2640 last_check_step=2201 surprise_streak=0 distance_mean=0.32 distance_p90=0.7311 distance_p95=0.9764 distance_max=4.645 surprise_support=13
level=1 epoch=265/500 train_effect=0.544646 eval_effect=0.542442 train_vq=0.026187 active_codes=4 ema_used_codes=4 step_counter=2650 last_check_step=2201 surprise_streak=0 distance_mean=0.32 distance_p90=0.7311 distance_p95=0.9764 distance_max=4.645 surprise_support=13
level=1 epoch=266/500 train_effect=0.541903 eval_effect=0.541234 train_vq=0.024589 active_codes=4 ema_used_codes=4 step_counter=2660 last_check_step=2201 surprise_streak=0 distance_mean=0.32 distance_p90=0.7311 distance_p95=0.9764 distance_max=4.645 surprise_support=13
level=1 epoch=267/500 train_effect=0.541079 eval_effect=0.538721 train_vq=0.025038 active_codes=4 ema_used_codes=4 step_counter=2670 last_check_step=2201 surprise_streak=0 distance_mean=0.32 distance_p90=0.7311 distance_p95=0.9764 distance_max=4.645 surprise_support=13
level=1 epoch=268/500 train_effect=0.537654 eval_effect=0.535847 train_vq=0.025405 active_codes=4 ema_used_codes=4 step_counter=2680 last_check_step=2201 surprise_streak=0 distance_mean=0.32 distance_p90=0.7311 distance_p95=0.9764 distance_max=4.645 surprise_support=13
level=1 epoch=269/500 train_effect=0.538399 eval_effect=0.537474 train_vq=0.024418 active_codes=4 ema_used_codes=4 step_counter=2690 last_check_step=2201 surprise_streak=0 distance_mean=0.32 distance_p90=0.7311 distance_p95=0.9764 distance_max=4.645 surprise_support=13
level=1 epoch=270/500 train_effect=0.536883 eval_effect=0.537503 train_vq=0.023763 active_codes=4 ema_used_codes=4 step_counter=2700 last_check_step=2201 surprise_streak=0 distance_mean=0.32 distance_p90=0.7311 distance_p95=0.9764 distance_max=4.645 surprise_support=13
level=1 epoch=271/500 train_effect=0.537554 eval_effect=0.539842 train_vq=0.023387 active_codes=4 ema_used_codes=4 step_counter=2710 last_check_step=2201 surprise_streak=0 distance_mean=0.32 distance_p90=0.7311 distance_p95=0.9764 distance_max=4.645 surprise_support=13
level=1 epoch=272/500 train_effect=0.537284 eval_effect=0.534653 train_vq=0.023066 active_codes=4 ema_used_codes=4 step_counter=2720 last_check_step=2201 surprise_streak=0 distance_mean=0.32 distance_p90=0.7311 distance_p95=0.9764 distance_max=4.645 surprise_support=13
level=1 epoch=273/500 train_effect=0.535510 eval_effect=0.535455 train_vq=0.023763 active_codes=4 ema_used_codes=4 step_counter=2730 last_check_step=2201 surprise_streak=0 distance_mean=0.32 distance_p90=0.7311 distance_p95=0.9764 distance_max=4.645 surprise_support=13
level=1 epoch=274/500 train_effect=0.535653 eval_effect=0.532088 train_vq=0.025253 active_codes=4 ema_used_codes=4 step_counter=2740 last_check_step=2201 surprise_streak=0 distance_mean=0.32 distance_p90=0.7311 distance_p95=0.9764 distance_max=4.645 surprise_support=13
level=1 epoch=275/500 train_effect=0.531947 eval_effect=0.528427 train_vq=0.022577 active_codes=4 ema_used_codes=4 step_counter=2750 last_check_step=2201 surprise_streak=0 distance_mean=0.32 distance_p90=0.7311 distance_p95=0.9764 distance_max=4.645 surprise_support=13
level=1 epoch=276/500 train_effect=0.529087 eval_effect=0.529417 train_vq=0.022923 active_codes=4 ema_used_codes=4 step_counter=2760 last_check_step=2201 surprise_streak=0 distance_mean=0.32 distance_p90=0.7311 distance_p95=0.9764 distance_max=4.645 surprise_support=13
level=1 epoch=277/500 train_effect=0.525614 eval_effect=0.525011 train_vq=0.022773 active_codes=4 ema_used_codes=4 step_counter=2770 last_check_step=2201 surprise_streak=0 distance_mean=0.32 distance_p90=0.7311 distance_p95=0.9764 distance_max=4.645 surprise_support=13
level=1 epoch=278/500 train_effect=0.527248 eval_effect=0.525961 train_vq=0.021931 active_codes=4 ema_used_codes=4 step_counter=2780 last_check_step=2201 surprise_streak=0 distance_mean=0.32 distance_p90=0.7311 distance_p95=0.9764 distance_max=4.645 surprise_support=13
level=1 epoch=279/500 train_effect=0.528683 eval_effect=0.524091 train_vq=0.023611 active_codes=4 ema_used_codes=4 step_counter=2790 last_check_step=2201 surprise_streak=0 distance_mean=0.32 distance_p90=0.7311 distance_p95=0.9764 distance_max=4.645 surprise_support=13
level=1 epoch=280/500 train_effect=0.526114 eval_effect=0.521718 train_vq=0.022004 active_codes=4 ema_used_codes=4 step_counter=2800 last_check_step=2201 surprise_streak=0 distance_mean=0.32 distance_p90=0.7311 distance_p95=0.9764 distance_max=4.645 surprise_support=13
level=1 epoch=281/500 train_effect=0.523533 eval_effect=0.527897 train_vq=0.020808 active_codes=4 ema_used_codes=4 step_counter=2810 last_check_step=2201 surprise_streak=0 distance_mean=0.32 distance_p90=0.7311 distance_p95=0.9764 distance_max=4.645 surprise_support=13
level=1 epoch=282/500 train_effect=0.522619 eval_effect=0.527459 train_vq=0.022239 active_codes=4 ema_used_codes=4 step_counter=2820 last_check_step=2201 surprise_streak=0 distance_mean=0.32 distance_p90=0.7311 distance_p95=0.9764 distance_max=4.645 surprise_support=13
level=1 epoch=283/500 train_effect=0.522426 eval_effect=0.519711 train_vq=0.021976 active_codes=4 ema_used_codes=4 step_counter=2830 last_check_step=2201 surprise_streak=0 distance_mean=0.32 distance_p90=0.7311 distance_p95=0.9764 distance_max=4.645 surprise_support=13
level=1 epoch=284/500 train_effect=0.522823 eval_effect=0.520478 train_vq=0.022568 active_codes=4 ema_used_codes=4 step_counter=2840 last_check_step=2201 surprise_streak=0 distance_mean=0.32 distance_p90=0.7311 distance_p95=0.9764 distance_max=4.645 surprise_support=13
level=1 epoch=285/500 train_effect=0.521335 eval_effect=0.519746 train_vq=0.022524 active_codes=4 ema_used_codes=4 step_counter=2850 last_check_step=2201 surprise_streak=0 distance_mean=0.32 distance_p90=0.7311 distance_p95=0.9764 distance_max=4.645 surprise_support=13
level=1 epoch=286/500 train_effect=0.520947 eval_effect=0.521191 train_vq=0.024079 active_codes=4 ema_used_codes=4 step_counter=2860 last_check_step=2201 surprise_streak=0 distance_mean=0.32 distance_p90=0.7311 distance_p95=0.9764 distance_max=4.645 surprise_support=13
level=1 epoch=287/500 train_effect=0.523593 eval_effect=0.517021 train_vq=0.022961 active_codes=4 ema_used_codes=4 step_counter=2870 last_check_step=2201 surprise_streak=0 distance_mean=0.32 distance_p90=0.7311 distance_p95=0.9764 distance_max=4.645 surprise_support=13
level=1 epoch=288/500 train_effect=0.515936 eval_effect=0.519773 train_vq=0.023697 active_codes=4 ema_used_codes=4 step_counter=2880 last_check_step=2201 surprise_streak=0 distance_mean=0.32 distance_p90=0.7311 distance_p95=0.9764 distance_max=4.645 surprise_support=13
level=1 epoch=289/500 train_effect=0.516426 eval_effect=0.515059 train_vq=0.022033 active_codes=4 ema_used_codes=4 step_counter=2890 last_check_step=2201 surprise_streak=0 distance_mean=0.32 distance_p90=0.7311 distance_p95=0.9764 distance_max=4.645 surprise_support=13
level=1 epoch=290/500 train_effect=0.518308 eval_effect=0.514782 train_vq=0.021531 active_codes=4 ema_used_codes=4 step_counter=2900 last_check_step=2201 surprise_streak=0 distance_mean=0.32 distance_p90=0.7311 distance_p95=0.9764 distance_max=4.645 surprise_support=13
level=1 epoch=291/500 train_effect=0.516963 eval_effect=0.515628 train_vq=0.020922 active_codes=4 ema_used_codes=4 step_counter=2910 last_check_step=2201 surprise_streak=0 distance_mean=0.32 distance_p90=0.7311 distance_p95=0.9764 distance_max=4.645 surprise_support=13
level=1 epoch=292/500 train_effect=0.515790 eval_effect=0.514062 train_vq=0.021732 active_codes=4 ema_used_codes=4 step_counter=2920 last_check_step=2201 surprise_streak=0 distance_mean=0.32 distance_p90=0.7311 distance_p95=0.9764 distance_max=4.645 surprise_support=13
level=1 epoch=293/500 train_effect=0.514992 eval_effect=0.509766 train_vq=0.021657 active_codes=4 ema_used_codes=4 step_counter=2930 last_check_step=2201 surprise_streak=0 distance_mean=0.32 distance_p90=0.7311 distance_p95=0.9764 distance_max=4.645 surprise_support=13
level=1 epoch=294/500 train_effect=0.516658 eval_effect=0.515116 train_vq=0.022131 active_codes=4 ema_used_codes=4 step_counter=2940 last_check_step=2201 surprise_streak=0 distance_mean=0.32 distance_p90=0.7311 distance_p95=0.9764 distance_max=4.645 surprise_support=13
level=1 epoch=295/500 train_effect=0.516173 eval_effect=0.514776 train_vq=0.023561 active_codes=4 ema_used_codes=4 step_counter=2950 last_check_step=2201 surprise_streak=0 distance_mean=0.32 distance_p90=0.7311 distance_p95=0.9764 distance_max=4.645 surprise_support=13
level=1 epoch=296/500 train_effect=0.513103 eval_effect=0.509445 train_vq=0.021483 active_codes=4 ema_used_codes=4 step_counter=2960 last_check_step=2201 surprise_streak=0 distance_mean=0.32 distance_p90=0.7311 distance_p95=0.9764 distance_max=4.645 surprise_support=13
level=1 epoch=297/500 train_effect=0.511689 eval_effect=0.511819 train_vq=0.022222 active_codes=4 ema_used_codes=4 step_counter=2970 last_check_step=2201 surprise_streak=0 distance_mean=0.32 distance_p90=0.7311 distance_p95=0.9764 distance_max=4.645 surprise_support=13
level=1 epoch=298/500 train_effect=0.509556 eval_effect=0.510913 train_vq=0.023235 active_codes=4 ema_used_codes=4 step_counter=2980 last_check_step=2201 surprise_streak=0 distance_mean=0.32 distance_p90=0.7311 distance_p95=0.9764 distance_max=4.645 surprise_support=13
level=1 epoch=299/500 train_effect=0.510810 eval_effect=0.509122 train_vq=0.021276 active_codes=4 ema_used_codes=4 step_counter=2990 last_check_step=2201 surprise_streak=0 distance_mean=0.32 distance_p90=0.7311 distance_p95=0.9764 distance_max=4.645 surprise_support=13
level=1 epoch=300/500 train_effect=0.511200 eval_effect=0.511676 train_vq=0.021250 active_codes=4 ema_used_codes=4 step_counter=3000 last_check_step=2201 surprise_streak=0 distance_mean=0.32 distance_p90=0.7311 distance_p95=0.9764 distance_max=4.645 surprise_support=13
level=1 epoch=301/500 train_effect=0.511937 eval_effect=0.510060 train_vq=0.022211 active_codes=4 ema_used_codes=4 step_counter=3010 last_check_step=2201 surprise_streak=0 distance_mean=0.32 distance_p90=0.7311 distance_p95=0.9764 distance_max=4.645 surprise_support=13
level=1 epoch=302/500 train_effect=0.508838 eval_effect=0.513642 train_vq=0.021390 active_codes=4 ema_used_codes=4 step_counter=3020 last_check_step=2201 surprise_streak=0 distance_mean=0.32 distance_p90=0.7311 distance_p95=0.9764 distance_max=4.645 surprise_support=13
level=1 epoch=303/500 train_effect=0.505909 eval_effect=0.507491 train_vq=0.021640 active_codes=4 ema_used_codes=4 step_counter=3030 last_check_step=2201 surprise_streak=0 distance_mean=0.32 distance_p90=0.7311 distance_p95=0.9764 distance_max=4.645 surprise_support=13
level=1 epoch=304/500 train_effect=0.509014 eval_effect=0.505631 train_vq=0.020536 active_codes=4 ema_used_codes=4 step_counter=3040 last_check_step=2201 surprise_streak=0 distance_mean=0.32 distance_p90=0.7311 distance_p95=0.9764 distance_max=4.645 surprise_support=13
level=1 epoch=305/500 train_effect=0.511251 eval_effect=0.509052 train_vq=0.022141 active_codes=4 ema_used_codes=4 step_counter=3050 last_check_step=2201 surprise_streak=0 distance_mean=0.32 distance_p90=0.7311 distance_p95=0.9764 distance_max=4.645 surprise_support=13
level=1 epoch=306/500 train_effect=0.507717 eval_effect=0.504243 train_vq=0.021986 active_codes=4 ema_used_codes=4 step_counter=3060 last_check_step=2201 surprise_streak=0 distance_mean=0.32 distance_p90=0.7311 distance_p95=0.9764 distance_max=4.645 surprise_support=13
level=1 epoch=307/500 train_effect=0.505331 eval_effect=0.504021 train_vq=0.021739 active_codes=4 ema_used_codes=4 step_counter=3070 last_check_step=2201 surprise_streak=0 distance_mean=0.32 distance_p90=0.7311 distance_p95=0.9764 distance_max=4.645 surprise_support=13
level=1 epoch=308/500 train_effect=0.503140 eval_effect=0.502694 train_vq=0.020420 active_codes=4 ema_used_codes=4 step_counter=3080 last_check_step=2201 surprise_streak=0 distance_mean=0.32 distance_p90=0.7311 distance_p95=0.9764 distance_max=4.645 surprise_support=13
level=1 epoch=309/500 train_effect=0.505135 eval_effect=0.506509 train_vq=0.020599 active_codes=4 ema_used_codes=4 step_counter=3090 last_check_step=2201 surprise_streak=0 distance_mean=0.32 distance_p90=0.7311 distance_p95=0.9764 distance_max=4.645 surprise_support=13
level=1 epoch=310/500 train_effect=0.505568 eval_effect=0.503516 train_vq=0.021576 active_codes=4 ema_used_codes=4 step_counter=3100 last_check_step=2201 surprise_streak=0 distance_mean=0.32 distance_p90=0.7311 distance_p95=0.9764 distance_max=4.645 surprise_support=13
level=1 epoch=311/500 train_effect=0.500124 eval_effect=0.504225 train_vq=0.021650 active_codes=4 ema_used_codes=4 step_counter=3110 last_check_step=2201 surprise_streak=0 distance_mean=0.32 distance_p90=0.7311 distance_p95=0.9764 distance_max=4.645 surprise_support=13
level=1 epoch=312/500 train_effect=0.502408 eval_effect=0.503156 train_vq=0.020725 active_codes=4 ema_used_codes=4 step_counter=3120 last_check_step=2201 surprise_streak=0 distance_mean=0.32 distance_p90=0.7311 distance_p95=0.9764 distance_max=4.645 surprise_support=13
level=1 epoch=313/500 train_effect=0.500084 eval_effect=0.502199 train_vq=0.020594 active_codes=4 ema_used_codes=4 step_counter=3130 last_check_step=2201 surprise_streak=0 distance_mean=0.32 distance_p90=0.7311 distance_p95=0.9764 distance_max=4.645 surprise_support=13
level=1 epoch=314/500 train_effect=0.502022 eval_effect=0.500596 train_vq=0.021799 active_codes=4 ema_used_codes=4 step_counter=3140 last_check_step=2201 surprise_streak=0 distance_mean=0.32 distance_p90=0.7311 distance_p95=0.9764 distance_max=4.645 surprise_support=13
level=1 epoch=315/500 train_effect=0.506112 eval_effect=0.502841 train_vq=0.025409 active_codes=4 ema_used_codes=4 step_counter=3150 last_check_step=2201 surprise_streak=0 distance_mean=0.32 distance_p90=0.7311 distance_p95=0.9764 distance_max=4.645 surprise_support=13
level=1 epoch=316/500 train_effect=0.505989 eval_effect=0.505373 train_vq=0.028071 active_codes=4 ema_used_codes=4 step_counter=3160 last_check_step=2201 surprise_streak=0 distance_mean=0.32 distance_p90=0.7311 distance_p95=0.9764 distance_max=4.645 surprise_support=13
level=1 epoch=317/500 train_effect=0.502764 eval_effect=0.496762 train_vq=0.025585 active_codes=4 ema_used_codes=4 step_counter=3170 last_check_step=2201 surprise_streak=0 distance_mean=0.32 distance_p90=0.7311 distance_p95=0.9764 distance_max=4.645 surprise_support=13
level=1 epoch=318/500 train_effect=0.501336 eval_effect=0.504735 train_vq=0.022345 active_codes=4 ema_used_codes=4 step_counter=3180 last_check_step=2201 surprise_streak=0 distance_mean=0.32 distance_p90=0.7311 distance_p95=0.9764 distance_max=4.645 surprise_support=13
level=1 epoch=319/500 train_effect=0.500872 eval_effect=0.497397 train_vq=0.023384 active_codes=4 ema_used_codes=4 step_counter=3190 last_check_step=2201 surprise_streak=0 distance_mean=0.32 distance_p90=0.7311 distance_p95=0.9764 distance_max=4.645 surprise_support=13
level=1 epoch=320/500 train_effect=0.503098 eval_effect=0.498816 train_vq=0.025833 active_codes=4 ema_used_codes=4 step_counter=3200 last_check_step=2201 surprise_streak=0 distance_mean=0.32 distance_p90=0.7311 distance_p95=0.9764 distance_max=4.645 surprise_support=13
level=1 epoch=321/500 train_effect=0.499729 eval_effect=0.498850 train_vq=0.028863 active_codes=4 ema_used_codes=4 step_counter=3210 last_check_step=2201 surprise_streak=0 distance_mean=0.32 distance_p90=0.7311 distance_p95=0.9764 distance_max=4.645 surprise_support=13
level=1 epoch=322/500 train_effect=0.503587 eval_effect=0.497192 train_vq=0.029028 active_codes=4 ema_used_codes=4 step_counter=3220 last_check_step=2201 surprise_streak=0 distance_mean=0.32 distance_p90=0.7311 distance_p95=0.9764 distance_max=4.645 surprise_support=13
level=1 epoch=323/500 train_effect=0.493937 eval_effect=0.496629 train_vq=0.026058 active_codes=4 ema_used_codes=4 step_counter=3230 last_check_step=2201 surprise_streak=0 distance_mean=0.32 distance_p90=0.7311 distance_p95=0.9764 distance_max=4.645 surprise_support=13
level=1 epoch=324/500 train_effect=0.497039 eval_effect=0.497379 train_vq=0.026974 active_codes=4 ema_used_codes=4 step_counter=3240 last_check_step=2201 surprise_streak=0 distance_mean=0.32 distance_p90=0.7311 distance_p95=0.9764 distance_max=4.645 surprise_support=13
level=1 epoch=325/500 train_effect=0.497276 eval_effect=0.494041 train_vq=0.027425 active_codes=4 ema_used_codes=4 step_counter=3250 last_check_step=2201 surprise_streak=0 distance_mean=0.32 distance_p90=0.7311 distance_p95=0.9764 distance_max=4.645 surprise_support=13
level=1 epoch=326/500 train_effect=0.497760 eval_effect=0.497037 train_vq=0.028704 active_codes=4 ema_used_codes=4 step_counter=3260 last_check_step=2201 surprise_streak=0 distance_mean=0.32 distance_p90=0.7311 distance_p95=0.9764 distance_max=4.645 surprise_support=13
level=1 epoch=327/500 train_effect=0.494246 eval_effect=0.493948 train_vq=0.028654 active_codes=4 ema_used_codes=4 step_counter=3270 last_check_step=2201 surprise_streak=0 distance_mean=0.32 distance_p90=0.7311 distance_p95=0.9764 distance_max=4.645 surprise_support=13
level=1 epoch=328/500 train_effect=0.490588 eval_effect=0.496781 train_vq=0.029578 active_codes=4 ema_used_codes=4 step_counter=3280 last_check_step=2201 surprise_streak=0 distance_mean=0.32 distance_p90=0.7311 distance_p95=0.9764 distance_max=4.645 surprise_support=13
level=1 epoch=329/500 train_effect=0.494323 eval_effect=0.490283 train_vq=0.028214 active_codes=4 ema_used_codes=4 step_counter=3290 last_check_step=2201 surprise_streak=0 distance_mean=0.32 distance_p90=0.7311 distance_p95=0.9764 distance_max=4.645 surprise_support=13
level=1 epoch=330/500 train_effect=0.495185 eval_effect=0.495161 train_vq=0.028881 active_codes=4 ema_used_codes=4 step_counter=3300 last_check_step=2201 surprise_streak=0 distance_mean=0.32 distance_p90=0.7311 distance_p95=0.9764 distance_max=4.645 surprise_support=13
level=1 epoch=331/500 train_effect=0.494044 eval_effect=0.489818 train_vq=0.030171 active_codes=4 ema_used_codes=4 step_counter=3310 last_check_step=2201 surprise_streak=0 distance_mean=0.32 distance_p90=0.7311 distance_p95=0.9764 distance_max=4.645 surprise_support=13
level=1 epoch=332/500 train_effect=0.499818 eval_effect=0.490781 train_vq=0.034353 active_codes=4 ema_used_codes=4 step_counter=3320 last_check_step=2201 surprise_streak=0 distance_mean=0.32 distance_p90=0.7311 distance_p95=0.9764 distance_max=4.645 surprise_support=13
level=1 epoch=333/500 train_effect=0.491462 eval_effect=0.491412 train_vq=0.036203 active_codes=4 ema_used_codes=4 step_counter=3330 last_check_step=2201 surprise_streak=0 distance_mean=0.32 distance_p90=0.7311 distance_p95=0.9764 distance_max=4.645 surprise_support=13
level=1 epoch=334/500 train_effect=0.496581 eval_effect=0.490417 train_vq=0.030796 active_codes=4 ema_used_codes=4 step_counter=3340 last_check_step=2201 surprise_streak=0 distance_mean=0.32 distance_p90=0.7311 distance_p95=0.9764 distance_max=4.645 surprise_support=13
level=1 epoch=335/500 train_effect=0.489564 eval_effect=0.488343 train_vq=0.029536 active_codes=4 ema_used_codes=4 step_counter=3350 last_check_step=2201 surprise_streak=0 distance_mean=0.32 distance_p90=0.7311 distance_p95=0.9764 distance_max=4.645 surprise_support=13
level=1 epoch=336/500 train_effect=0.490371 eval_effect=0.491823 train_vq=0.031895 active_codes=4 ema_used_codes=4 step_counter=3360 last_check_step=2201 surprise_streak=0 distance_mean=0.32 distance_p90=0.7311 distance_p95=0.9764 distance_max=4.645 surprise_support=13
level=1 epoch=337/500 train_effect=0.493007 eval_effect=0.486843 train_vq=0.035155 active_codes=4 ema_used_codes=4 step_counter=3370 last_check_step=2201 surprise_streak=0 distance_mean=0.32 distance_p90=0.7311 distance_p95=0.9764 distance_max=4.645 surprise_support=13
level=1 epoch=338/500 train_effect=0.495619 eval_effect=0.492805 train_vq=0.033666 active_codes=4 ema_used_codes=4 step_counter=3380 last_check_step=2201 surprise_streak=0 distance_mean=0.32 distance_p90=0.7311 distance_p95=0.9764 distance_max=4.645 surprise_support=13
level=1 epoch=339/500 train_effect=0.489994 eval_effect=0.487186 train_vq=0.031671 active_codes=4 ema_used_codes=4 step_counter=3390 last_check_step=2201 surprise_streak=0 distance_mean=0.32 distance_p90=0.7311 distance_p95=0.9764 distance_max=4.645 surprise_support=13
level=1 epoch=340/500 train_effect=0.495393 eval_effect=0.486558 train_vq=0.031134 active_codes=4 ema_used_codes=4 step_counter=3400 last_check_step=2201 surprise_streak=0 distance_mean=0.32 distance_p90=0.7311 distance_p95=0.9764 distance_max=4.645 surprise_support=13
level=1 epoch=341/500 train_effect=0.485051 eval_effect=0.486604 train_vq=0.028398 active_codes=4 ema_used_codes=4 step_counter=3410 last_check_step=2201 surprise_streak=0 distance_mean=0.32 distance_p90=0.7311 distance_p95=0.9764 distance_max=4.645 surprise_support=13
level=1 epoch=342/500 train_effect=0.485743 eval_effect=0.488027 train_vq=0.027656 active_codes=4 ema_used_codes=4 step_counter=3420 last_check_step=2201 surprise_streak=0 distance_mean=0.32 distance_p90=0.7311 distance_p95=0.9764 distance_max=4.645 surprise_support=13
level=1 epoch=343/500 train_effect=0.487705 eval_effect=0.482859 train_vq=0.031599 active_codes=4 ema_used_codes=4 step_counter=3430 last_check_step=2201 surprise_streak=0 distance_mean=0.32 distance_p90=0.7311 distance_p95=0.9764 distance_max=4.645 surprise_support=13
level=1 epoch=344/500 train_effect=0.484348 eval_effect=0.482728 train_vq=0.030489 active_codes=4 ema_used_codes=4 step_counter=3440 last_check_step=2201 surprise_streak=0 distance_mean=0.32 distance_p90=0.7311 distance_p95=0.9764 distance_max=4.645 surprise_support=13
level=1 epoch=345/500 train_effect=0.493354 eval_effect=0.485688 train_vq=0.031611 active_codes=4 ema_used_codes=4 step_counter=3450 last_check_step=2201 surprise_streak=0 distance_mean=0.32 distance_p90=0.7311 distance_p95=0.9764 distance_max=4.645 surprise_support=13
level=1 epoch=346/500 train_effect=0.487718 eval_effect=0.491757 train_vq=0.027897 active_codes=4 ema_used_codes=4 step_counter=3460 last_check_step=2201 surprise_streak=0 distance_mean=0.32 distance_p90=0.7311 distance_p95=0.9764 distance_max=4.645 surprise_support=13
level=1 epoch=347/500 train_effect=0.484111 eval_effect=0.486191 train_vq=0.028679 active_codes=4 ema_used_codes=4 step_counter=3470 last_check_step=2201 surprise_streak=0 distance_mean=0.32 distance_p90=0.7311 distance_p95=0.9764 distance_max=4.645 surprise_support=13
level=1 epoch=348/500 train_effect=0.487726 eval_effect=0.480278 train_vq=0.031536 active_codes=4 ema_used_codes=4 step_counter=3480 last_check_step=2201 surprise_streak=0 distance_mean=0.32 distance_p90=0.7311 distance_p95=0.9764 distance_max=4.645 surprise_support=13
level=1 epoch=349/500 train_effect=0.480743 eval_effect=0.477746 train_vq=0.031915 active_codes=4 ema_used_codes=4 step_counter=3490 last_check_step=2201 surprise_streak=0 distance_mean=0.32 distance_p90=0.7311 distance_p95=0.9764 distance_max=4.645 surprise_support=13
level=1 epoch=350/500 train_effect=0.488946 eval_effect=0.483573 train_vq=0.028408 active_codes=4 ema_used_codes=4 step_counter=3500 last_check_step=2201 surprise_streak=0 distance_mean=0.32 distance_p90=0.7311 distance_p95=0.9764 distance_max=4.645 surprise_support=13
level=1 epoch=351/500 train_effect=0.481531 eval_effect=0.487194 train_vq=0.029577 active_codes=4 ema_used_codes=4 step_counter=3510 last_check_step=2201 surprise_streak=0 distance_mean=0.32 distance_p90=0.7311 distance_p95=0.9764 distance_max=4.645 surprise_support=13
level=1 epoch=352/500 train_effect=0.482050 eval_effect=0.484102 train_vq=0.030747 active_codes=4 ema_used_codes=4 step_counter=3520 last_check_step=2201 surprise_streak=0 distance_mean=0.32 distance_p90=0.7311 distance_p95=0.9764 distance_max=4.645 surprise_support=13
level=1 epoch=353/500 train_effect=0.478155 eval_effect=0.479940 train_vq=0.028112 active_codes=4 ema_used_codes=4 step_counter=3530 last_check_step=2201 surprise_streak=0 distance_mean=0.32 distance_p90=0.7311 distance_p95=0.9764 distance_max=4.645 surprise_support=13
level=1 epoch=354/500 train_effect=0.487474 eval_effect=0.479362 train_vq=0.030942 active_codes=4 ema_used_codes=4 step_counter=3540 last_check_step=2201 surprise_streak=0 distance_mean=0.32 distance_p90=0.7311 distance_p95=0.9764 distance_max=4.645 surprise_support=13
level=1 epoch=355/500 train_effect=0.485457 eval_effect=0.482299 train_vq=0.028667 active_codes=4 ema_used_codes=4 step_counter=3550 last_check_step=2201 surprise_streak=0 distance_mean=0.32 distance_p90=0.7311 distance_p95=0.9764 distance_max=4.645 surprise_support=13
level=1 epoch=356/500 train_effect=0.478746 eval_effect=0.489130 train_vq=0.027345 active_codes=4 ema_used_codes=4 step_counter=3560 last_check_step=2201 surprise_streak=0 distance_mean=0.32 distance_p90=0.7311 distance_p95=0.9764 distance_max=4.645 surprise_support=13
level=1 epoch=357/500 train_effect=0.479553 eval_effect=0.477374 train_vq=0.028730 active_codes=4 ema_used_codes=4 step_counter=3570 last_check_step=2201 surprise_streak=0 distance_mean=0.32 distance_p90=0.7311 distance_p95=0.9764 distance_max=4.645 surprise_support=13
level=1 epoch=358/500 train_effect=0.475814 eval_effect=0.477662 train_vq=0.028145 active_codes=4 ema_used_codes=4 step_counter=3580 last_check_step=2201 surprise_streak=0 distance_mean=0.32 distance_p90=0.7311 distance_p95=0.9764 distance_max=4.645 surprise_support=13
level=1 epoch=359/500 train_effect=0.477184 eval_effect=0.469898 train_vq=0.030227 active_codes=4 ema_used_codes=4 step_counter=3590 last_check_step=2201 surprise_streak=0 distance_mean=0.32 distance_p90=0.7311 distance_p95=0.9764 distance_max=4.645 surprise_support=13
level=1 epoch=360/500 train_effect=0.475527 eval_effect=0.473934 train_vq=0.026687 active_codes=4 ema_used_codes=4 step_counter=3600 last_check_step=2201 surprise_streak=0 distance_mean=0.32 distance_p90=0.7311 distance_p95=0.9764 distance_max=4.645 surprise_support=13
level=1 epoch=361/500 train_effect=0.476996 eval_effect=0.477923 train_vq=0.025607 active_codes=4 ema_used_codes=4 step_counter=3610 last_check_step=2201 surprise_streak=0 distance_mean=0.32 distance_p90=0.7311 distance_p95=0.9764 distance_max=4.645 surprise_support=13
level=1 epoch=362/500 train_effect=0.468491 eval_effect=0.473201 train_vq=0.030470 active_codes=4 ema_used_codes=4 step_counter=3620 last_check_step=2201 surprise_streak=0 distance_mean=0.32 distance_p90=0.7311 distance_p95=0.9764 distance_max=4.645 surprise_support=13
level=1 epoch=363/500 train_effect=0.467042 eval_effect=0.465057 train_vq=0.028291 active_codes=4 ema_used_codes=4 step_counter=3630 last_check_step=2201 surprise_streak=0 distance_mean=0.32 distance_p90=0.7311 distance_p95=0.9764 distance_max=4.645 surprise_support=13
level=1 epoch=364/500 train_effect=0.467433 eval_effect=0.465041 train_vq=0.028057 active_codes=4 ema_used_codes=4 step_counter=3640 last_check_step=2201 surprise_streak=0 distance_mean=0.32 distance_p90=0.7311 distance_p95=0.9764 distance_max=4.645 surprise_support=13
level=1 epoch=365/500 train_effect=0.471725 eval_effect=0.474055 train_vq=0.029327 active_codes=4 ema_used_codes=4 step_counter=3650 last_check_step=2201 surprise_streak=0 distance_mean=0.32 distance_p90=0.7311 distance_p95=0.9764 distance_max=4.645 surprise_support=13
level=1 epoch=366/500 train_effect=0.469261 eval_effect=0.464423 train_vq=0.028339 active_codes=4 ema_used_codes=4 step_counter=3660 last_check_step=2201 surprise_streak=0 distance_mean=0.32 distance_p90=0.7311 distance_p95=0.9764 distance_max=4.645 surprise_support=13
level=1 epoch=367/500 train_effect=0.467547 eval_effect=0.472081 train_vq=0.028836 active_codes=4 ema_used_codes=4 step_counter=3670 last_check_step=2201 surprise_streak=0 distance_mean=0.32 distance_p90=0.7311 distance_p95=0.9764 distance_max=4.645 surprise_support=13
level=1 epoch=368/500 train_effect=0.462399 eval_effect=0.455208 train_vq=0.030596 active_codes=4 ema_used_codes=4 step_counter=3680 last_check_step=2201 surprise_streak=0 distance_mean=0.32 distance_p90=0.7311 distance_p95=0.9764 distance_max=4.645 surprise_support=13
level=1 epoch=369/500 train_effect=0.465163 eval_effect=0.457614 train_vq=0.028658 active_codes=4 ema_used_codes=4 step_counter=3690 last_check_step=2201 surprise_streak=0 distance_mean=0.32 distance_p90=0.7311 distance_p95=0.9764 distance_max=4.645 surprise_support=13
level=1 epoch=370/500 train_effect=0.462050 eval_effect=0.455430 train_vq=0.028845 active_codes=4 ema_used_codes=4 step_counter=3700 last_check_step=2201 surprise_streak=0 distance_mean=0.32 distance_p90=0.7311 distance_p95=0.9764 distance_max=4.645 surprise_support=13
level=1 epoch=371/500 train_effect=0.458806 eval_effect=0.466167 train_vq=0.028136 active_codes=4 ema_used_codes=4 step_counter=3710 last_check_step=2201 surprise_streak=0 distance_mean=0.32 distance_p90=0.7311 distance_p95=0.9764 distance_max=4.645 surprise_support=13
level=1 epoch=372/500 train_effect=0.460216 eval_effect=0.451878 train_vq=0.030155 active_codes=4 ema_used_codes=4 step_counter=3720 last_check_step=2201 surprise_streak=0 distance_mean=0.32 distance_p90=0.7311 distance_p95=0.9764 distance_max=4.645 surprise_support=13
level=1 epoch=373/500 train_effect=0.451615 eval_effect=0.451599 train_vq=0.030312 active_codes=4 ema_used_codes=4 step_counter=3730 last_check_step=2201 surprise_streak=0 distance_mean=0.32 distance_p90=0.7311 distance_p95=0.9764 distance_max=4.645 surprise_support=13
level=1 epoch=374/500 train_effect=0.454932 eval_effect=0.457115 train_vq=0.031532 active_codes=4 ema_used_codes=4 step_counter=3740 last_check_step=2201 surprise_streak=0 distance_mean=0.32 distance_p90=0.7311 distance_p95=0.9764 distance_max=4.645 surprise_support=13
level=1 epoch=375/500 train_effect=0.447309 eval_effect=0.458726 train_vq=0.031248 active_codes=4 ema_used_codes=4 step_counter=3750 last_check_step=2201 surprise_streak=0 distance_mean=0.32 distance_p90=0.7311 distance_p95=0.9764 distance_max=4.645 surprise_support=13
level=1 epoch=376/500 train_effect=0.440934 eval_effect=0.440946 train_vq=0.031398 active_codes=4 ema_used_codes=4 step_counter=3760 last_check_step=2201 surprise_streak=0 distance_mean=0.32 distance_p90=0.7311 distance_p95=0.9764 distance_max=4.645 surprise_support=13
level=1 epoch=377/500 train_effect=0.435452 eval_effect=0.436254 train_vq=0.032160 active_codes=4 ema_used_codes=4 step_counter=3770 last_check_step=2201 surprise_streak=0 distance_mean=0.32 distance_p90=0.7311 distance_p95=0.9764 distance_max=4.645 surprise_support=13
level=1 epoch=378/500 train_effect=0.441435 eval_effect=0.435181 train_vq=0.031479 active_codes=4 ema_used_codes=4 step_counter=3780 last_check_step=2201 surprise_streak=0 distance_mean=0.32 distance_p90=0.7311 distance_p95=0.9764 distance_max=4.645 surprise_support=13
level=1 epoch=379/500 train_effect=0.435547 eval_effect=0.445907 train_vq=0.031956 active_codes=4 ema_used_codes=4 step_counter=3790 last_check_step=2201 surprise_streak=0 distance_mean=0.32 distance_p90=0.7311 distance_p95=0.9764 distance_max=4.645 surprise_support=13
level=1 epoch=380/500 train_effect=0.428295 eval_effect=0.421757 train_vq=0.034378 active_codes=4 ema_used_codes=4 step_counter=3800 last_check_step=2201 surprise_streak=0 distance_mean=0.32 distance_p90=0.7311 distance_p95=0.9764 distance_max=4.645 surprise_support=13
level=1 epoch=381/500 train_effect=0.440153 eval_effect=0.430393 train_vq=0.038318 active_codes=4 ema_used_codes=4 step_counter=3810 last_check_step=2201 surprise_streak=0 distance_mean=0.32 distance_p90=0.7311 distance_p95=0.9764 distance_max=4.645 surprise_support=13
level=1 epoch=382/500 train_effect=0.422854 eval_effect=0.418428 train_vq=0.033246 active_codes=4 ema_used_codes=4 step_counter=3820 last_check_step=2201 surprise_streak=0 distance_mean=0.32 distance_p90=0.7311 distance_p95=0.9764 distance_max=4.645 surprise_support=13
level=1 epoch=383/500 train_effect=0.427507 eval_effect=0.423588 train_vq=0.038250 active_codes=4 ema_used_codes=4 step_counter=3830 last_check_step=2201 surprise_streak=0 distance_mean=0.32 distance_p90=0.7311 distance_p95=0.9764 distance_max=4.645 surprise_support=13
level=1 epoch=384/500 train_effect=0.423962 eval_effect=0.413406 train_vq=0.035776 active_codes=4 ema_used_codes=4 step_counter=3840 last_check_step=2201 surprise_streak=0 distance_mean=0.32 distance_p90=0.7311 distance_p95=0.9764 distance_max=4.645 surprise_support=13
level=1 epoch=385/500 train_effect=0.428201 eval_effect=0.417033 train_vq=0.034235 active_codes=4 ema_used_codes=4 step_counter=3850 last_check_step=2201 surprise_streak=0 distance_mean=0.32 distance_p90=0.7311 distance_p95=0.9764 distance_max=4.645 surprise_support=13
level=1 epoch=386/500 train_effect=0.420595 eval_effect=0.417565 train_vq=0.032873 active_codes=4 ema_used_codes=4 step_counter=3860 last_check_step=2201 surprise_streak=0 distance_mean=0.32 distance_p90=0.7311 distance_p95=0.9764 distance_max=4.645 surprise_support=13
level=1 epoch=387/500 train_effect=0.419787 eval_effect=0.408231 train_vq=0.032571 active_codes=4 ema_used_codes=4 step_counter=3870 last_check_step=2201 surprise_streak=0 distance_mean=0.32 distance_p90=0.7311 distance_p95=0.9764 distance_max=4.645 surprise_support=13
level=1 epoch=388/500 train_effect=0.422527 eval_effect=0.429012 train_vq=0.034063 active_codes=4 ema_used_codes=4 step_counter=3880 last_check_step=2201 surprise_streak=0 distance_mean=0.32 distance_p90=0.7311 distance_p95=0.9764 distance_max=4.645 surprise_support=13
level=1 epoch=389/500 train_effect=0.413692 eval_effect=0.403214 train_vq=0.030816 active_codes=4 ema_used_codes=4 step_counter=3890 last_check_step=2201 surprise_streak=0 distance_mean=0.32 distance_p90=0.7311 distance_p95=0.9764 distance_max=4.645 surprise_support=13
level=1 epoch=390/500 train_effect=0.424476 eval_effect=0.419831 train_vq=0.034749 active_codes=4 ema_used_codes=4 step_counter=3900 last_check_step=2201 surprise_streak=0 distance_mean=0.32 distance_p90=0.7311 distance_p95=0.9764 distance_max=4.645 surprise_support=13
level=1 epoch=391/500 train_effect=0.405305 eval_effect=0.397307 train_vq=0.030294 active_codes=4 ema_used_codes=4 step_counter=3910 last_check_step=2201 surprise_streak=0 distance_mean=0.32 distance_p90=0.7311 distance_p95=0.9764 distance_max=4.645 surprise_support=13
level=1 epoch=392/500 train_effect=0.411485 eval_effect=0.396306 train_vq=0.030287 active_codes=4 ema_used_codes=4 step_counter=3920 last_check_step=2201 surprise_streak=0 distance_mean=0.32 distance_p90=0.7311 distance_p95=0.9764 distance_max=4.645 surprise_support=13
level=1 epoch=393/500 train_effect=0.399314 eval_effect=0.394860 train_vq=0.030787 active_codes=4 ema_used_codes=4 step_counter=3930 last_check_step=2201 surprise_streak=0 distance_mean=0.32 distance_p90=0.7311 distance_p95=0.9764 distance_max=4.645 surprise_support=13
level=1 epoch=394/500 train_effect=0.398259 eval_effect=0.389073 train_vq=0.030304 active_codes=4 ema_used_codes=4 step_counter=3940 last_check_step=2201 surprise_streak=0 distance_mean=0.32 distance_p90=0.7311 distance_p95=0.9764 distance_max=4.645 surprise_support=13
level=1 epoch=395/500 train_effect=0.402507 eval_effect=0.389074 train_vq=0.029567 active_codes=4 ema_used_codes=4 step_counter=3950 last_check_step=2201 surprise_streak=0 distance_mean=0.32 distance_p90=0.7311 distance_p95=0.9764 distance_max=4.645 surprise_support=13
level=1 epoch=396/500 train_effect=0.397016 eval_effect=0.387780 train_vq=0.029532 active_codes=4 ema_used_codes=4 step_counter=3960 last_check_step=2201 surprise_streak=0 distance_mean=0.32 distance_p90=0.7311 distance_p95=0.9764 distance_max=4.645 surprise_support=13
level=1 epoch=397/500 train_effect=0.406164 eval_effect=0.382656 train_vq=0.032525 active_codes=4 ema_used_codes=4 step_counter=3970 last_check_step=2201 surprise_streak=0 distance_mean=0.32 distance_p90=0.7311 distance_p95=0.9764 distance_max=4.645 surprise_support=13
level=1 epoch=398/500 train_effect=0.387483 eval_effect=0.379695 train_vq=0.029596 active_codes=4 ema_used_codes=4 step_counter=3980 last_check_step=2201 surprise_streak=0 distance_mean=0.32 distance_p90=0.7311 distance_p95=0.9764 distance_max=4.645 surprise_support=13
level=1 epoch=399/500 train_effect=0.395607 eval_effect=0.380969 train_vq=0.032849 active_codes=4 ema_used_codes=4 step_counter=3990 last_check_step=2201 surprise_streak=0 distance_mean=0.32 distance_p90=0.7311 distance_p95=0.9764 distance_max=4.645 surprise_support=13
level=1 epoch=400/500 train_effect=0.381097 eval_effect=0.377986 train_vq=0.030650 active_codes=4 ema_used_codes=4 step_counter=4000 last_check_step=2201 surprise_streak=0 distance_mean=0.32 distance_p90=0.7311 distance_p95=0.9764 distance_max=4.645 surprise_support=13
level=1 epoch=401/500 train_effect=0.397305 eval_effect=0.372988 train_vq=0.033550 active_codes=4 ema_used_codes=4 step_counter=4010 last_check_step=2201 surprise_streak=0 distance_mean=0.32 distance_p90=0.7311 distance_p95=0.9764 distance_max=4.645 surprise_support=13
level=1 epoch=402/500 train_effect=0.379751 eval_effect=0.373583 train_vq=0.030872 active_codes=4 ema_used_codes=4 step_counter=4020 last_check_step=2201 surprise_streak=0 distance_mean=0.32 distance_p90=0.7311 distance_p95=0.9764 distance_max=4.645 surprise_support=13
level=1 epoch=403/500 train_effect=0.388084 eval_effect=0.373401 train_vq=0.031967 active_codes=4 ema_used_codes=4 step_counter=4030 last_check_step=2201 surprise_streak=0 distance_mean=0.32 distance_p90=0.7311 distance_p95=0.9764 distance_max=4.645 surprise_support=13
level=1 epoch=404/500 train_effect=0.383932 eval_effect=0.370648 train_vq=0.030871 active_codes=4 ema_used_codes=4 step_counter=4040 last_check_step=2201 surprise_streak=0 distance_mean=0.32 distance_p90=0.7311 distance_p95=0.9764 distance_max=4.645 surprise_support=13
level=1 epoch=405/500 train_effect=0.377009 eval_effect=0.371987 train_vq=0.032113 active_codes=4 ema_used_codes=4 step_counter=4050 last_check_step=2201 surprise_streak=0 distance_mean=0.32 distance_p90=0.7311 distance_p95=0.9764 distance_max=4.645 surprise_support=13
level=1 epoch=406/500 train_effect=0.383785 eval_effect=0.366098 train_vq=0.032777 active_codes=4 ema_used_codes=4 step_counter=4060 last_check_step=2201 surprise_streak=0 distance_mean=0.32 distance_p90=0.7311 distance_p95=0.9764 distance_max=4.645 surprise_support=13
level=1 epoch=407/500 train_effect=0.376582 eval_effect=0.368076 train_vq=0.031797 active_codes=4 ema_used_codes=4 step_counter=4070 last_check_step=2201 surprise_streak=0 distance_mean=0.32 distance_p90=0.7311 distance_p95=0.9764 distance_max=4.645 surprise_support=13
level=1 epoch=408/500 train_effect=0.380626 eval_effect=0.360450 train_vq=0.031758 active_codes=4 ema_used_codes=4 step_counter=4080 last_check_step=2201 surprise_streak=0 distance_mean=0.32 distance_p90=0.7311 distance_p95=0.9764 distance_max=4.645 surprise_support=13
level=1 epoch=409/500 train_effect=0.370109 eval_effect=0.356669 train_vq=0.030876 active_codes=4 ema_used_codes=4 step_counter=4090 last_check_step=2201 surprise_streak=0 distance_mean=0.32 distance_p90=0.7311 distance_p95=0.9764 distance_max=4.645 surprise_support=13
level=1 epoch=410/500 train_effect=0.368758 eval_effect=0.362383 train_vq=0.035506 active_codes=4 ema_used_codes=4 step_counter=4100 last_check_step=2201 surprise_streak=0 distance_mean=0.32 distance_p90=0.7311 distance_p95=0.9764 distance_max=4.645 surprise_support=13
level=1 epoch=411/500 train_effect=0.374083 eval_effect=0.356065 train_vq=0.032969 active_codes=4 ema_used_codes=4 step_counter=4110 last_check_step=2201 surprise_streak=0 distance_mean=0.32 distance_p90=0.7311 distance_p95=0.9764 distance_max=4.645 surprise_support=13
level=1 epoch=412/500 train_effect=0.360539 eval_effect=0.362001 train_vq=0.032225 active_codes=4 ema_used_codes=4 step_counter=4120 last_check_step=2201 surprise_streak=0 distance_mean=0.32 distance_p90=0.7311 distance_p95=0.9764 distance_max=4.645 surprise_support=13
level=1 epoch=413/500 train_effect=0.373374 eval_effect=0.346828 train_vq=0.034377 active_codes=4 ema_used_codes=4 step_counter=4130 last_check_step=2201 surprise_streak=0 distance_mean=0.32 distance_p90=0.7311 distance_p95=0.9764 distance_max=4.645 surprise_support=13
level=1 epoch=414/500 train_effect=0.373526 eval_effect=0.352503 train_vq=0.035618 active_codes=4 ema_used_codes=4 step_counter=4140 last_check_step=2201 surprise_streak=0 distance_mean=0.32 distance_p90=0.7311 distance_p95=0.9764 distance_max=4.645 surprise_support=13
level=1 epoch=415/500 train_effect=0.362413 eval_effect=0.352889 train_vq=0.034824 active_codes=4 ema_used_codes=4 step_counter=4150 last_check_step=2201 surprise_streak=0 distance_mean=0.32 distance_p90=0.7311 distance_p95=0.9764 distance_max=4.645 surprise_support=13
level=1 epoch=416/500 train_effect=0.360693 eval_effect=0.346260 train_vq=0.032359 active_codes=4 ema_used_codes=4 step_counter=4160 last_check_step=2201 surprise_streak=0 distance_mean=0.32 distance_p90=0.7311 distance_p95=0.9764 distance_max=4.645 surprise_support=13
level=1 epoch=417/500 train_effect=0.366434 eval_effect=0.339869 train_vq=0.035598 active_codes=4 ema_used_codes=4 step_counter=4170 last_check_step=2201 surprise_streak=0 distance_mean=0.32 distance_p90=0.7311 distance_p95=0.9764 distance_max=4.645 surprise_support=13
level=1 epoch=418/500 train_effect=0.359560 eval_effect=0.349546 train_vq=0.035565 active_codes=4 ema_used_codes=4 step_counter=4180 last_check_step=2201 surprise_streak=0 distance_mean=0.32 distance_p90=0.7311 distance_p95=0.9764 distance_max=4.645 surprise_support=13
level=1 epoch=419/500 train_effect=0.354627 eval_effect=0.353049 train_vq=0.032967 active_codes=4 ema_used_codes=4 step_counter=4190 last_check_step=2201 surprise_streak=0 distance_mean=0.32 distance_p90=0.7311 distance_p95=0.9764 distance_max=4.645 surprise_support=13
level=1 epoch=420/500 train_effect=0.350172 eval_effect=0.337550 train_vq=0.032736 active_codes=4 ema_used_codes=4 step_counter=4200 last_check_step=2201 surprise_streak=0 distance_mean=0.32 distance_p90=0.7311 distance_p95=0.9764 distance_max=4.645 surprise_support=13
level=1 epoch=421/500 train_effect=0.349758 eval_effect=0.330104 train_vq=0.032411 active_codes=4 ema_used_codes=4 step_counter=4210 last_check_step=2201 surprise_streak=0 distance_mean=0.32 distance_p90=0.7311 distance_p95=0.9764 distance_max=4.645 surprise_support=13
level=1 epoch=422/500 train_effect=0.353906 eval_effect=0.332170 train_vq=0.033558 active_codes=4 ema_used_codes=4 step_counter=4220 last_check_step=2201 surprise_streak=0 distance_mean=0.32 distance_p90=0.7311 distance_p95=0.9764 distance_max=4.645 surprise_support=13
level=1 epoch=423/500 train_effect=0.355381 eval_effect=0.342730 train_vq=0.034052 active_codes=4 ema_used_codes=4 step_counter=4230 last_check_step=2201 surprise_streak=0 distance_mean=0.32 distance_p90=0.7311 distance_p95=0.9764 distance_max=4.645 surprise_support=13
level=1 epoch=424/500 train_effect=0.341764 eval_effect=0.333985 train_vq=0.033536 active_codes=4 ema_used_codes=4 step_counter=4240 last_check_step=2201 surprise_streak=0 distance_mean=0.32 distance_p90=0.7311 distance_p95=0.9764 distance_max=4.645 surprise_support=13
level=1 epoch=425/500 train_effect=0.346322 eval_effect=0.326479 train_vq=0.033971 active_codes=4 ema_used_codes=4 step_counter=4250 last_check_step=2201 surprise_streak=0 distance_mean=0.32 distance_p90=0.7311 distance_p95=0.9764 distance_max=4.645 surprise_support=13
level=1 epoch=426/500 train_effect=0.345235 eval_effect=0.336380 train_vq=0.035842 active_codes=4 ema_used_codes=4 step_counter=4260 last_check_step=2201 surprise_streak=0 distance_mean=0.32 distance_p90=0.7311 distance_p95=0.9764 distance_max=4.645 surprise_support=13
level=1 epoch=427/500 train_effect=0.344392 eval_effect=0.332771 train_vq=0.032061 active_codes=4 ema_used_codes=4 step_counter=4270 last_check_step=2201 surprise_streak=0 distance_mean=0.32 distance_p90=0.7311 distance_p95=0.9764 distance_max=4.645 surprise_support=13
level=1 epoch=428/500 train_effect=0.340457 eval_effect=0.331720 train_vq=0.034295 active_codes=4 ema_used_codes=4 step_counter=4280 last_check_step=2201 surprise_streak=0 distance_mean=0.32 distance_p90=0.7311 distance_p95=0.9764 distance_max=4.645 surprise_support=13
level=1 epoch=429/500 train_effect=0.343361 eval_effect=0.316354 train_vq=0.034608 active_codes=4 ema_used_codes=4 step_counter=4290 last_check_step=2201 surprise_streak=0 distance_mean=0.32 distance_p90=0.7311 distance_p95=0.9764 distance_max=4.645 surprise_support=13
level=1 epoch=430/500 train_effect=0.331093 eval_effect=0.325583 train_vq=0.031947 active_codes=4 ema_used_codes=4 step_counter=4300 last_check_step=2201 surprise_streak=0 distance_mean=0.32 distance_p90=0.7311 distance_p95=0.9764 distance_max=4.645 surprise_support=13
level=1 epoch=431/500 train_effect=0.334244 eval_effect=0.327023 train_vq=0.032255 active_codes=4 ema_used_codes=4 step_counter=4310 last_check_step=2201 surprise_streak=0 distance_mean=0.32 distance_p90=0.7311 distance_p95=0.9764 distance_max=4.645 surprise_support=13
level=1 epoch=432/500 train_effect=0.322843 eval_effect=0.319195 train_vq=0.029977 active_codes=4 ema_used_codes=4 step_counter=4320 last_check_step=2201 surprise_streak=0 distance_mean=0.32 distance_p90=0.7311 distance_p95=0.9764 distance_max=4.645 surprise_support=13
level=1 epoch=433/500 train_effect=0.331326 eval_effect=0.309413 train_vq=0.033326 active_codes=4 ema_used_codes=4 step_counter=4330 last_check_step=2201 surprise_streak=0 distance_mean=0.32 distance_p90=0.7311 distance_p95=0.9764 distance_max=4.645 surprise_support=13
level=1 epoch=434/500 train_effect=0.316053 eval_effect=0.309332 train_vq=0.030376 active_codes=4 ema_used_codes=4 step_counter=4340 last_check_step=2201 surprise_streak=0 distance_mean=0.32 distance_p90=0.7311 distance_p95=0.9764 distance_max=4.645 surprise_support=13
level=1 epoch=435/500 train_effect=0.325524 eval_effect=0.320808 train_vq=0.032358 active_codes=4 ema_used_codes=4 step_counter=4350 last_check_step=2201 surprise_streak=0 distance_mean=0.32 distance_p90=0.7311 distance_p95=0.9764 distance_max=4.645 surprise_support=13
level=1 epoch=436/500 train_effect=0.314652 eval_effect=0.329753 train_vq=0.029231 active_codes=4 ema_used_codes=4 step_counter=4360 last_check_step=2201 surprise_streak=0 distance_mean=0.32 distance_p90=0.7311 distance_p95=0.9764 distance_max=4.645 surprise_support=13
level=1 epoch=437/500 train_effect=0.329744 eval_effect=0.302483 train_vq=0.032653 active_codes=4 ema_used_codes=4 step_counter=4370 last_check_step=2201 surprise_streak=0 distance_mean=0.32 distance_p90=0.7311 distance_p95=0.9764 distance_max=4.645 surprise_support=13
level=1 epoch=438/500 train_effect=0.308094 eval_effect=0.302410 train_vq=0.028639 active_codes=4 ema_used_codes=4 step_counter=4380 last_check_step=2201 surprise_streak=0 distance_mean=0.32 distance_p90=0.7311 distance_p95=0.9764 distance_max=4.645 surprise_support=13
level=1 epoch=439/500 train_effect=0.317423 eval_effect=0.303234 train_vq=0.031291 active_codes=4 ema_used_codes=4 step_counter=4390 last_check_step=2201 surprise_streak=0 distance_mean=0.32 distance_p90=0.7311 distance_p95=0.9764 distance_max=4.645 surprise_support=13
level=1 epoch=440/500 train_effect=0.311492 eval_effect=0.306283 train_vq=0.030872 active_codes=4 ema_used_codes=4 step_counter=4400 last_check_step=2201 surprise_streak=0 distance_mean=0.32 distance_p90=0.7311 distance_p95=0.9764 distance_max=4.645 surprise_support=13
level=1 epoch=441/500 train_effect=0.319749 eval_effect=0.301616 train_vq=0.031375 active_codes=4 ema_used_codes=4 step_counter=4410 last_check_step=2201 surprise_streak=0 distance_mean=0.32 distance_p90=0.7311 distance_p95=0.9764 distance_max=4.645 surprise_support=13
level=1 epoch=442/500 train_effect=0.315593 eval_effect=0.295275 train_vq=0.033588 active_codes=4 ema_used_codes=4 step_counter=4420 last_check_step=2201 surprise_streak=0 distance_mean=0.32 distance_p90=0.7311 distance_p95=0.9764 distance_max=4.645 surprise_support=13
level=1 epoch=443/500 train_effect=0.309201 eval_effect=0.295813 train_vq=0.030730 active_codes=4 ema_used_codes=4 step_counter=4430 last_check_step=2201 surprise_streak=0 distance_mean=0.32 distance_p90=0.7311 distance_p95=0.9764 distance_max=4.645 surprise_support=13
level=1 epoch=444/500 train_effect=0.298560 eval_effect=0.301737 train_vq=0.027799 active_codes=4 ema_used_codes=4 step_counter=4440 last_check_step=2201 surprise_streak=0 distance_mean=0.32 distance_p90=0.7311 distance_p95=0.9764 distance_max=4.645 surprise_support=13
level=1 epoch=445/500 train_effect=0.309757 eval_effect=0.298377 train_vq=0.031962 active_codes=4 ema_used_codes=4 step_counter=4450 last_check_step=2201 surprise_streak=0 distance_mean=0.32 distance_p90=0.7311 distance_p95=0.9764 distance_max=4.645 surprise_support=13
level=1 epoch=446/500 train_effect=0.304462 eval_effect=0.294223 train_vq=0.031103 active_codes=4 ema_used_codes=4 step_counter=4460 last_check_step=2201 surprise_streak=0 distance_mean=0.32 distance_p90=0.7311 distance_p95=0.9764 distance_max=4.645 surprise_support=13
level=1 epoch=447/500 train_effect=0.312916 eval_effect=0.292937 train_vq=0.033613 active_codes=4 ema_used_codes=4 step_counter=4470 last_check_step=2201 surprise_streak=0 distance_mean=0.32 distance_p90=0.7311 distance_p95=0.9764 distance_max=4.645 surprise_support=13
level=1 epoch=448/500 train_effect=0.299703 eval_effect=0.296745 train_vq=0.027271 active_codes=4 ema_used_codes=4 step_counter=4480 last_check_step=2201 surprise_streak=0 distance_mean=0.32 distance_p90=0.7311 distance_p95=0.9764 distance_max=4.645 surprise_support=13
level=1 epoch=449/500 train_effect=0.332446 eval_effect=0.329169 train_vq=0.040729 active_codes=4 ema_used_codes=4 step_counter=4490 last_check_step=2201 surprise_streak=0 distance_mean=0.32 distance_p90=0.7311 distance_p95=0.9764 distance_max=4.645 surprise_support=13
level=1 epoch=450/500 train_effect=0.300358 eval_effect=0.286208 train_vq=0.031724 active_codes=4 ema_used_codes=4 step_counter=4500 last_check_step=2201 surprise_streak=0 distance_mean=0.32 distance_p90=0.7311 distance_p95=0.9764 distance_max=4.645 surprise_support=13
level=1 epoch=451/500 train_effect=0.300592 eval_effect=0.294262 train_vq=0.030636 active_codes=4 ema_used_codes=4 step_counter=4510 last_check_step=2201 surprise_streak=0 distance_mean=0.32 distance_p90=0.7311 distance_p95=0.9764 distance_max=4.645 surprise_support=13
level=1 epoch=452/500 train_effect=0.308875 eval_effect=0.290700 train_vq=0.031877 active_codes=4 ema_used_codes=4 step_counter=4520 last_check_step=2201 surprise_streak=0 distance_mean=0.32 distance_p90=0.7311 distance_p95=0.9764 distance_max=4.645 surprise_support=13
level=1 epoch=453/500 train_effect=0.292404 eval_effect=0.290084 train_vq=0.029194 active_codes=4 ema_used_codes=4 step_counter=4530 last_check_step=2201 surprise_streak=0 distance_mean=0.32 distance_p90=0.7311 distance_p95=0.9764 distance_max=4.645 surprise_support=13
level=1 epoch=454/500 train_effect=0.300386 eval_effect=0.283228 train_vq=0.033400 active_codes=4 ema_used_codes=4 step_counter=4540 last_check_step=2201 surprise_streak=0 distance_mean=0.32 distance_p90=0.7311 distance_p95=0.9764 distance_max=4.645 surprise_support=13
level=1 epoch=455/500 train_effect=0.287550 eval_effect=0.291274 train_vq=0.030730 active_codes=4 ema_used_codes=4 step_counter=4550 last_check_step=2201 surprise_streak=0 distance_mean=0.32 distance_p90=0.7311 distance_p95=0.9764 distance_max=4.645 surprise_support=13
level=1 epoch=456/500 train_effect=0.281919 eval_effect=0.280902 train_vq=0.027754 active_codes=4 ema_used_codes=4 step_counter=4560 last_check_step=2201 surprise_streak=0 distance_mean=0.32 distance_p90=0.7311 distance_p95=0.9764 distance_max=4.645 surprise_support=13
level=1 epoch=457/500 train_effect=0.289697 eval_effect=0.287050 train_vq=0.029551 active_codes=4 ema_used_codes=4 step_counter=4570 last_check_step=2201 surprise_streak=0 distance_mean=0.32 distance_p90=0.7311 distance_p95=0.9764 distance_max=4.645 surprise_support=13
level=1 epoch=458/500 train_effect=0.290333 eval_effect=0.274812 train_vq=0.032068 active_codes=4 ema_used_codes=4 step_counter=4580 last_check_step=2201 surprise_streak=0 distance_mean=0.32 distance_p90=0.7311 distance_p95=0.9764 distance_max=4.645 surprise_support=13
level=1 epoch=459/500 train_effect=0.279560 eval_effect=0.270773 train_vq=0.031914 active_codes=4 ema_used_codes=4 step_counter=4590 last_check_step=2201 surprise_streak=0 distance_mean=0.32 distance_p90=0.7311 distance_p95=0.9764 distance_max=4.645 surprise_support=13
level=1 epoch=460/500 train_effect=0.271550 eval_effect=0.267529 train_vq=0.031836 active_codes=4 ema_used_codes=4 step_counter=4600 last_check_step=2201 surprise_streak=0 distance_mean=0.32 distance_p90=0.7311 distance_p95=0.9764 distance_max=4.645 surprise_support=13
level=1 epoch=461/500 train_effect=0.278900 eval_effect=0.283788 train_vq=0.030065 active_codes=4 ema_used_codes=4 step_counter=4610 last_check_step=2201 surprise_streak=0 distance_mean=0.32 distance_p90=0.7311 distance_p95=0.9764 distance_max=4.645 surprise_support=13
level=1 epoch=462/500 train_effect=0.287839 eval_effect=0.277983 train_vq=0.029647 active_codes=4 ema_used_codes=4 step_counter=4620 last_check_step=2201 surprise_streak=0 distance_mean=0.32 distance_p90=0.7311 distance_p95=0.9764 distance_max=4.645 surprise_support=13
level=1 epoch=463/500 train_effect=0.294203 eval_effect=0.271762 train_vq=0.030765 active_codes=4 ema_used_codes=4 step_counter=4630 last_check_step=2201 surprise_streak=0 distance_mean=0.32 distance_p90=0.7311 distance_p95=0.9764 distance_max=4.645 surprise_support=13
level=1 epoch=464/500 train_effect=0.271084 eval_effect=0.275893 train_vq=0.025934 active_codes=4 ema_used_codes=4 step_counter=4640 last_check_step=2201 surprise_streak=0 distance_mean=0.32 distance_p90=0.7311 distance_p95=0.9764 distance_max=4.645 surprise_support=13
level=1 epoch=465/500 train_effect=0.284484 eval_effect=0.274535 train_vq=0.032118 active_codes=4 ema_used_codes=4 step_counter=4650 last_check_step=2201 surprise_streak=0 distance_mean=0.32 distance_p90=0.7311 distance_p95=0.9764 distance_max=4.645 surprise_support=13
level=1 epoch=466/500 train_effect=0.279108 eval_effect=0.269239 train_vq=0.032766 active_codes=4 ema_used_codes=4 step_counter=4660 last_check_step=2201 surprise_streak=0 distance_mean=0.32 distance_p90=0.7311 distance_p95=0.9764 distance_max=4.645 surprise_support=13
level=1 epoch=467/500 train_effect=0.273665 eval_effect=0.265606 train_vq=0.029803 active_codes=4 ema_used_codes=4 step_counter=4670 last_check_step=2201 surprise_streak=0 distance_mean=0.32 distance_p90=0.7311 distance_p95=0.9764 distance_max=4.645 surprise_support=13
level=1 epoch=468/500 train_effect=0.273826 eval_effect=0.275235 train_vq=0.025620 active_codes=4 ema_used_codes=4 step_counter=4680 last_check_step=2201 surprise_streak=0 distance_mean=0.32 distance_p90=0.7311 distance_p95=0.9764 distance_max=4.645 surprise_support=13
level=1 epoch=469/500 train_effect=0.293664 eval_effect=0.278770 train_vq=0.029468 active_codes=4 ema_used_codes=4 step_counter=4690 last_check_step=2201 surprise_streak=0 distance_mean=0.32 distance_p90=0.7311 distance_p95=0.9764 distance_max=4.645 surprise_support=13
level=1 epoch=470/500 train_effect=0.273072 eval_effect=0.263390 train_vq=0.029362 active_codes=4 ema_used_codes=4 step_counter=4700 last_check_step=2201 surprise_streak=0 distance_mean=0.32 distance_p90=0.7311 distance_p95=0.9764 distance_max=4.645 surprise_support=13
level=1 epoch=471/500 train_effect=0.277069 eval_effect=0.264023 train_vq=0.032452 active_codes=4 ema_used_codes=4 step_counter=4710 last_check_step=2201 surprise_streak=0 distance_mean=0.32 distance_p90=0.7311 distance_p95=0.9764 distance_max=4.645 surprise_support=13
level=1 epoch=472/500 train_effect=0.274320 eval_effect=0.269166 train_vq=0.033312 active_codes=4 ema_used_codes=4 step_counter=4720 last_check_step=2201 surprise_streak=0 distance_mean=0.32 distance_p90=0.7311 distance_p95=0.9764 distance_max=4.645 surprise_support=13
level=1 epoch=473/500 train_effect=0.268794 eval_effect=0.264266 train_vq=0.027392 active_codes=4 ema_used_codes=4 step_counter=4730 last_check_step=2201 surprise_streak=0 distance_mean=0.32 distance_p90=0.7311 distance_p95=0.9764 distance_max=4.645 surprise_support=13
level=1 epoch=474/500 train_effect=0.286600 eval_effect=0.280077 train_vq=0.030799 active_codes=4 ema_used_codes=4 step_counter=4740 last_check_step=2201 surprise_streak=0 distance_mean=0.32 distance_p90=0.7311 distance_p95=0.9764 distance_max=4.645 surprise_support=13
/home/kubra/DeepSym/data.py:9: FutureWarning: You are using `torch.load` with `weights_only=False` (the current default value), which uses the default pickle module implicitly. It is possible to construct malicious pickle data which will execute arbitrary code during unpickling (See https://github.com/pytorch/pytorch/blob/main/SECURITY.md#untrusted-models for more details). In a future release, the default value for `weights_only` will be flipped to `True`. This limits the functions that could be executed during unpickling. Arbitrary objects will no longer be allowed to be loaded via this mode unless they are explicitly allowlisted by the user via `torch.serialization.add_safe_globals`. We recommend you start setting `weights_only=True` for any use case where you don't have full control of the loaded file. Please open an issue on GitHub for any issues related to this experimental feature.
  self.observation = torch.load("data/img/obs_prev_z.pt").unsqueeze(1)
/home/kubra/DeepSym/data.py:10: FutureWarning: You are using `torch.load` with `weights_only=False` (the current default value), which uses the default pickle module implicitly. It is possible to construct malicious pickle data which will execute arbitrary code during unpickling (See https://github.com/pytorch/pytorch/blob/main/SECURITY.md#untrusted-models for more details). In a future release, the default value for `weights_only` will be flipped to `True`. This limits the functions that could be executed during unpickling. Arbitrary objects will no longer be allowed to be loaded via this mode unless they are explicitly allowlisted by the user via `torch.serialization.add_safe_globals`. We recommend you start setting `weights_only=True` for any use case where you don't have full control of the loaded file. Please open an issue on GitHub for any issues related to this experimental feature.
  self.action = torch.load("data/img/action.pt")
/home/kubra/DeepSym/data.py:12: FutureWarning: You are using `torch.load` with `weights_only=False` (the current default value), which uses the default pickle module implicitly. It is possible to construct malicious pickle data which will execute arbitrary code during unpickling (See https://github.com/pytorch/pytorch/blob/main/SECURITY.md#untrusted-models for more details). In a future release, the default value for `weights_only` will be flipped to `True`. This limits the functions that could be executed during unpickling. Arbitrary objects will no longer be allowed to be loaded via this mode unless they are explicitly allowlisted by the user via `torch.serialization.add_safe_globals`. We recommend you start setting `weights_only=True` for any use case where you don't have full control of the loaded file. Please open an issue on GitHub for any issues related to this experimental feature.
  self.effect = torch.load("data/img/delta_pix_1.pt")
/home/kubra/DeepSym/models_vq_dynamic.py:109: UserWarning: Deterministic behavior was enabled with either `torch.use_deterministic_algorithms(True)` or `at::Context::setDeterministicAlgorithms(true)`, but this operation is not deterministic because it uses CuBLAS and you have CUDA >= 10.2. To enable deterministic behavior in this case, you must set an environment variable before running your PyTorch application: CUBLAS_WORKSPACE_CONFIG=:4096:8 or CUBLAS_WORKSPACE_CONFIG=:16:8. For more information, go to https://docs.nvidia.com/cuda/cublas/index.html#results-reproducibility (Triggered internally at ../aten/src/ATen/Context.cpp:185.)
  - 2.0 * flat_inputs @ weights.t()
/home/kubra/DeepSym/models_vq_dynamic.py:189: UserWarning: Deterministic behavior was enabled with either `torch.use_deterministic_algorithms(True)` or `at::Context::setDeterministicAlgorithms(true)`, but this operation is not deterministic because it uses CuBLAS and you have CUDA >= 10.2. To enable deterministic behavior in this case, you must set an environment variable before running your PyTorch application: CUBLAS_WORKSPACE_CONFIG=:4096:8 or CUBLAS_WORKSPACE_CONFIG=:16:8. For more information, go to https://docs.nvidia.com/cuda/cublas/index.html#results-reproducibility (Triggered internally at ../aten/src/ATen/Context.cpp:185.)
  quantized = (encodings @ self.embedding.weight[:active]).view_as(inputs)
/home/kubra/DeepSym/models_vq_dynamic.py:194: UserWarning: Deterministic behavior was enabled with either `torch.use_deterministic_algorithms(True)` or `at::Context::setDeterministicAlgorithms(true)`, but this operation is not deterministic because it uses CuBLAS and you have CUDA >= 10.2. To enable deterministic behavior in this case, you must set an environment variable before running your PyTorch application: CUBLAS_WORKSPACE_CONFIG=:4096:8 or CUBLAS_WORKSPACE_CONFIG=:16:8. For more information, go to https://docs.nvidia.com/cuda/cublas/index.html#results-reproducibility (Triggered internally at ../aten/src/ATen/Context.cpp:185.)
  sums = encodings.t() @ flat_inputs
/home/kubra/DeepSym/.venv/lib/python3.8/site-packages/torch/autograd/graph.py:769: UserWarning: Deterministic behavior was enabled with either `torch.use_deterministic_algorithms(True)` or `at::Context::setDeterministicAlgorithms(true)`, but this operation is not deterministic because it uses CuBLAS and you have CUDA >= 10.2. To enable deterministic behavior in this case, you must set an environment variable before running your PyTorch application: CUBLAS_WORKSPACE_CONFIG=:4096:8 or CUBLAS_WORKSPACE_CONFIG=:16:8. For more information, go to https://docs.nvidia.com/cuda/cublas/index.html#results-reproducibility (Triggered internally at ../aten/src/ATen/Context.cpp:185.)
  return Variable._execution_engine.run_backward(  # Calls into the C++ engine to run the backward pass
/home/kubra/DeepSym/models_vq_dynamic.py:368: FutureWarning: You are using `torch.load` with `weights_only=False` (the current default value), which uses the default pickle module implicitly. It is possible to construct malicious pickle data which will execute arbitrary code during unpickling (See https://github.com/pytorch/pytorch/blob/main/SECURITY.md#untrusted-models for more details). In a future release, the default value for `weights_only` will be flipped to `True`. This limits the functions that could be executed during unpickling. Arbitrary objects will no longer be allowed to be loaded via this mode unless they are explicitly allowlisted by the user via `torch.serialization.add_safe_globals`. We recommend you start setting `weights_only=True` for any use case where you don't have full control of the loaded file. Please open an issue on GitHub for any issues related to this experimental feature.
  torch.load(os.path.join(path, f"encoder{level}{ext}.ckpt"), map_location=self.device)
/home/kubra/DeepSym/models_vq_dynamic.py:371: FutureWarning: You are using `torch.load` with `weights_only=False` (the current default value), which uses the default pickle module implicitly. It is possible to construct malicious pickle data which will execute arbitrary code during unpickling (See https://github.com/pytorch/pytorch/blob/main/SECURITY.md#untrusted-models for more details). In a future release, the default value for `weights_only` will be flipped to `True`. This limits the functions that could be executed during unpickling. Arbitrary objects will no longer be allowed to be loaded via this mode unless they are explicitly allowlisted by the user via `torch.serialization.add_safe_globals`. We recommend you start setting `weights_only=True` for any use case where you don't have full control of the loaded file. Please open an issue on GitHub for any issues related to this experimental feature.
  torch.load(os.path.join(path, f"decoder{level}{ext}.ckpt"), map_location=self.device)
level=1 epoch=475/500 train_effect=0.261382 eval_effect=0.253263 train_vq=0.029198 active_codes=4 ema_used_codes=4 step_counter=4750 last_check_step=2201 surprise_streak=0 distance_mean=0.32 distance_p90=0.7311 distance_p95=0.9764 distance_max=4.645 surprise_support=13
level=1 epoch=476/500 train_effect=0.264588 eval_effect=0.257461 train_vq=0.031063 active_codes=4 ema_used_codes=4 step_counter=4760 last_check_step=2201 surprise_streak=0 distance_mean=0.32 distance_p90=0.7311 distance_p95=0.9764 distance_max=4.645 surprise_support=13
level=1 epoch=477/500 train_effect=0.266119 eval_effect=0.251332 train_vq=0.031291 active_codes=4 ema_used_codes=4 step_counter=4770 last_check_step=2201 surprise_streak=0 distance_mean=0.32 distance_p90=0.7311 distance_p95=0.9764 distance_max=4.645 surprise_support=13
level=1 epoch=478/500 train_effect=0.258647 eval_effect=0.248288 train_vq=0.029561 active_codes=4 ema_used_codes=4 step_counter=4780 last_check_step=2201 surprise_streak=0 distance_mean=0.32 distance_p90=0.7311 distance_p95=0.9764 distance_max=4.645 surprise_support=13
level=1 epoch=479/500 train_effect=0.254235 eval_effect=0.255543 train_vq=0.025530 active_codes=4 ema_used_codes=4 step_counter=4790 last_check_step=2201 surprise_streak=0 distance_mean=0.32 distance_p90=0.7311 distance_p95=0.9764 distance_max=4.645 surprise_support=13
level=1 epoch=480/500 train_effect=0.275910 eval_effect=0.248109 train_vq=0.031185 active_codes=4 ema_used_codes=4 step_counter=4800 last_check_step=2201 surprise_streak=0 distance_mean=0.32 distance_p90=0.7311 distance_p95=0.9764 distance_max=4.645 surprise_support=13
level=1 epoch=481/500 train_effect=0.254941 eval_effect=0.247239 train_vq=0.028996 active_codes=4 ema_used_codes=4 step_counter=4810 last_check_step=2201 surprise_streak=0 distance_mean=0.32 distance_p90=0.7311 distance_p95=0.9764 distance_max=4.645 surprise_support=13
level=1 epoch=482/500 train_effect=0.260556 eval_effect=0.247412 train_vq=0.030873 active_codes=4 ema_used_codes=4 step_counter=4820 last_check_step=2201 surprise_streak=0 distance_mean=0.32 distance_p90=0.7311 distance_p95=0.9764 distance_max=4.645 surprise_support=13
level=1 epoch=483/500 train_effect=0.251273 eval_effect=0.244566 train_vq=0.029052 active_codes=4 ema_used_codes=4 step_counter=4830 last_check_step=2201 surprise_streak=0 distance_mean=0.32 distance_p90=0.7311 distance_p95=0.9764 distance_max=4.645 surprise_support=13
level=1 epoch=484/500 train_effect=0.272664 eval_effect=0.251825 train_vq=0.032687 active_codes=4 ema_used_codes=4 step_counter=4840 last_check_step=2201 surprise_streak=0 distance_mean=0.32 distance_p90=0.7311 distance_p95=0.9764 distance_max=4.645 surprise_support=13
level=1 epoch=485/500 train_effect=0.267843 eval_effect=0.244678 train_vq=0.030849 active_codes=4 ema_used_codes=4 step_counter=4850 last_check_step=2201 surprise_streak=0 distance_mean=0.32 distance_p90=0.7311 distance_p95=0.9764 distance_max=4.645 surprise_support=13
level=1 epoch=486/500 train_effect=0.257564 eval_effect=0.243144 train_vq=0.028082 active_codes=4 ema_used_codes=4 step_counter=4860 last_check_step=2201 surprise_streak=0 distance_mean=0.32 distance_p90=0.7311 distance_p95=0.9764 distance_max=4.645 surprise_support=13
level=1 epoch=487/500 train_effect=0.248566 eval_effect=0.247001 train_vq=0.026575 active_codes=4 ema_used_codes=4 step_counter=4870 last_check_step=2201 surprise_streak=0 distance_mean=0.32 distance_p90=0.7311 distance_p95=0.9764 distance_max=4.645 surprise_support=13
level=1 epoch=488/500 train_effect=0.248221 eval_effect=0.255570 train_vq=0.026896 active_codes=4 ema_used_codes=4 step_counter=4880 last_check_step=2201 surprise_streak=0 distance_mean=0.32 distance_p90=0.7311 distance_p95=0.9764 distance_max=4.645 surprise_support=13
level=1 epoch=489/500 train_effect=0.260063 eval_effect=0.245934 train_vq=0.033163 active_codes=4 ema_used_codes=4 step_counter=4890 last_check_step=2201 surprise_streak=0 distance_mean=0.32 distance_p90=0.7311 distance_p95=0.9764 distance_max=4.645 surprise_support=13
level=1 epoch=490/500 train_effect=0.246721 eval_effect=0.239223 train_vq=0.030139 active_codes=4 ema_used_codes=4 step_counter=4900 last_check_step=2201 surprise_streak=0 distance_mean=0.32 distance_p90=0.7311 distance_p95=0.9764 distance_max=4.645 surprise_support=13
level=1 epoch=491/500 train_effect=0.248694 eval_effect=0.237782 train_vq=0.027342 active_codes=4 ema_used_codes=4 step_counter=4910 last_check_step=2201 surprise_streak=0 distance_mean=0.32 distance_p90=0.7311 distance_p95=0.9764 distance_max=4.645 surprise_support=13
level=1 epoch=492/500 train_effect=0.246250 eval_effect=0.240992 train_vq=0.025989 active_codes=4 ema_used_codes=4 step_counter=4920 last_check_step=2201 surprise_streak=0 distance_mean=0.32 distance_p90=0.7311 distance_p95=0.9764 distance_max=4.645 surprise_support=13
level=1 epoch=493/500 train_effect=0.253158 eval_effect=0.249194 train_vq=0.028455 active_codes=4 ema_used_codes=4 step_counter=4930 last_check_step=2201 surprise_streak=0 distance_mean=0.32 distance_p90=0.7311 distance_p95=0.9764 distance_max=4.645 surprise_support=13
level=1 epoch=494/500 train_effect=0.243710 eval_effect=0.239873 train_vq=0.028920 active_codes=4 ema_used_codes=4 step_counter=4940 last_check_step=2201 surprise_streak=0 distance_mean=0.32 distance_p90=0.7311 distance_p95=0.9764 distance_max=4.645 surprise_support=13
level=1 epoch=495/500 train_effect=0.248446 eval_effect=0.233148 train_vq=0.032027 active_codes=4 ema_used_codes=4 step_counter=4950 last_check_step=2201 surprise_streak=0 distance_mean=0.32 distance_p90=0.7311 distance_p95=0.9764 distance_max=4.645 surprise_support=13
level=1 epoch=496/500 train_effect=0.240143 eval_effect=0.230522 train_vq=0.026866 active_codes=4 ema_used_codes=4 step_counter=4960 last_check_step=2201 surprise_streak=0 distance_mean=0.32 distance_p90=0.7311 distance_p95=0.9764 distance_max=4.645 surprise_support=13
level=1 epoch=497/500 train_effect=0.245011 eval_effect=0.248103 train_vq=0.029145 active_codes=4 ema_used_codes=4 step_counter=4970 last_check_step=2201 surprise_streak=0 distance_mean=0.32 distance_p90=0.7311 distance_p95=0.9764 distance_max=4.645 surprise_support=13
level=1 epoch=498/500 train_effect=0.245029 eval_effect=0.233870 train_vq=0.031341 active_codes=4 ema_used_codes=4 step_counter=4980 last_check_step=2201 surprise_streak=0 distance_mean=0.32 distance_p90=0.7311 distance_p95=0.9764 distance_max=4.645 surprise_support=13
level=1 epoch=499/500 train_effect=0.239350 eval_effect=0.230430 train_vq=0.030691 active_codes=4 ema_used_codes=4 step_counter=4990 last_check_step=2201 surprise_streak=0 distance_mean=0.32 distance_p90=0.7311 distance_p95=0.9764 distance_max=4.645 surprise_support=13
level=1 epoch=500/500 train_effect=0.234633 eval_effect=0.227178 train_vq=0.027405 active_codes=4 ema_used_codes=4 step_counter=5000 last_check_step=2201 surprise_streak=0 distance_mean=0.32 distance_p90=0.7311 distance_p95=0.9764 distance_max=4.645 surprise_support=13
Best level-1 deterministic weighted MSE: 0.22717804

=== dynamic | seed=4 | level=2 | epochs=500 ===
========== ENCODER ==========
Sequential(
  (0): ConvBlock(
    (block): Sequential(
      (0): Conv2d(2, 32, kernel_size=(3, 3), stride=(1, 1), padding=(1, 1))
      (1): BatchNorm2d(32, eps=1e-05, momentum=0.1, affine=True, track_running_stats=True)
      (2): ReLU()
    )
  )
  (1): ConvBlock(
    (block): Sequential(
      (0): Conv2d(32, 32, kernel_size=(3, 3), stride=(2, 2), padding=(1, 1))
      (1): BatchNorm2d(32, eps=1e-05, momentum=0.1, affine=True, track_running_stats=True)
      (2): ReLU()
    )
  )
  (2): ConvBlock(
    (block): Sequential(
      (0): Conv2d(32, 64, kernel_size=(3, 3), stride=(1, 1), padding=(1, 1))
      (1): BatchNorm2d(64, eps=1e-05, momentum=0.1, affine=True, track_running_stats=True)
      (2): ReLU()
    )
  )
  (3): ConvBlock(
    (block): Sequential(
      (0): Conv2d(64, 64, kernel_size=(3, 3), stride=(2, 2), padding=(1, 1))
      (1): BatchNorm2d(64, eps=1e-05, momentum=0.1, affine=True, track_running_stats=True)
      (2): ReLU()
    )
  )
  (4): ConvBlock(
    (block): Sequential(
      (0): Conv2d(64, 128, kernel_size=(3, 3), stride=(1, 1), padding=(1, 1))
      (1): BatchNorm2d(128, eps=1e-05, momentum=0.1, affine=True, track_running_stats=True)
      (2): ReLU()
    )
  )
  (5): ConvBlock(
    (block): Sequential(
      (0): Conv2d(128, 128, kernel_size=(3, 3), stride=(2, 2), padding=(1, 1))
      (1): BatchNorm2d(128, eps=1e-05, momentum=0.1, affine=True, track_running_stats=True)
      (2): ReLU()
    )
  )
  (6): ConvBlock(
    (block): Sequential(
      (0): Conv2d(128, 256, kernel_size=(3, 3), stride=(1, 1), padding=(1, 1))
      (1): BatchNorm2d(256, eps=1e-05, momentum=0.1, affine=True, track_running_stats=True)
      (2): ReLU()
    )
  )
  (7): ConvBlock(
    (block): Sequential(
      (0): Conv2d(256, 256, kernel_size=(3, 3), stride=(2, 2), padding=(1, 1))
      (1): BatchNorm2d(256, eps=1e-05, momentum=0.1, affine=True, track_running_stats=True)
      (2): ReLU()
    )
  )
  (8): Avg(dims=[2, 3])
  (9): MLP(
    (layers): Sequential(
      (0): Linear(in_features=256, out_features=1)
    )
  )
  (10): DynamicEMAVQLayer(
    (embedding): Embedding(2, 1)
  )
)
parameter count: 1174147
=============================
========== DECODER ==========
MLP(
  (layers): Sequential(
    (0): Linear(in_features=5, out_features=128)
    (1): ReLU()
    (2): Linear(in_features=128, out_features=128)
    (3): ReLU()
    (4): Linear(in_features=128, out_features=6)
  )
)
parameter count: 18054
=============================
level=2 epoch=1/500 train_effect=3.313131 eval_effect=3.108251 train_vq=0.090014 active_codes=1 ema_used_codes=1 step_counter=10 last_check_step=0 surprise_streak=0
level=2 epoch=2/500 train_effect=2.931127 eval_effect=2.763024 train_vq=0.231152 active_codes=1 ema_used_codes=1 step_counter=20 last_check_step=0 surprise_streak=0
level=2 epoch=3/500 train_effect=2.616893 eval_effect=2.478227 train_vq=0.250213 active_codes=1 ema_used_codes=1 step_counter=30 last_check_step=0 surprise_streak=0
level=2 epoch=4/500 train_effect=2.357227 eval_effect=2.244758 train_vq=0.262274 active_codes=1 ema_used_codes=1 step_counter=40 last_check_step=0 surprise_streak=0
level=2 epoch=5/500 train_effect=2.144288 eval_effect=2.053112 train_vq=0.247575 active_codes=1 ema_used_codes=1 step_counter=50 last_check_step=0 surprise_streak=0
level=2 epoch=6/500 train_effect=1.969096 eval_effect=1.895173 train_vq=0.218365 active_codes=1 ema_used_codes=1 step_counter=60 last_check_step=0 surprise_streak=0
level=2 epoch=7/500 train_effect=1.822342 eval_effect=1.763119 train_vq=0.267434 active_codes=1 ema_used_codes=1 step_counter=70 last_check_step=0 surprise_streak=0
level=2 epoch=8/500 train_effect=1.703248 eval_effect=1.651188 train_vq=0.237485 active_codes=1 ema_used_codes=1 step_counter=80 last_check_step=0 surprise_streak=0
level=2 epoch=9/500 train_effect=1.600231 eval_effect=1.557291 train_vq=0.193479 active_codes=1 ema_used_codes=1 step_counter=90 last_check_step=0 surprise_streak=0
level=2 epoch=10/500 train_effect=1.510818 eval_effect=1.478114 train_vq=0.200634 active_codes=1 ema_used_codes=1 step_counter=100 last_check_step=0 surprise_streak=0
level=2 epoch=11/500 train_effect=1.435835 eval_effect=1.410012 train_vq=0.201905 active_codes=1 ema_used_codes=1 step_counter=110 last_check_step=0 surprise_streak=0
level=2 epoch=12/500 train_effect=1.373516 eval_effect=1.351287 train_vq=0.191054 active_codes=1 ema_used_codes=1 step_counter=120 last_check_step=0 surprise_streak=0
level=2 epoch=13/500 train_effect=1.319923 eval_effect=1.300521 train_vq=0.156663 active_codes=1 ema_used_codes=1 step_counter=130 last_check_step=0 surprise_streak=0
level=2 epoch=14/500 train_effect=1.267261 eval_effect=1.255862 train_vq=0.163691 active_codes=1 ema_used_codes=1 step_counter=140 last_check_step=0 surprise_streak=0
level=2 epoch=15/500 train_effect=1.226484 eval_effect=1.215730 train_vq=0.171008 active_codes=1 ema_used_codes=1 step_counter=150 last_check_step=0 surprise_streak=0
level=2 epoch=16/500 train_effect=1.184961 eval_effect=1.180474 train_vq=0.150661 active_codes=1 ema_used_codes=1 step_counter=160 last_check_step=0 surprise_streak=0
level=2 epoch=17/500 train_effect=1.156373 eval_effect=1.150243 train_vq=0.133748 active_codes=1 ema_used_codes=1 step_counter=170 last_check_step=0 surprise_streak=0
level=2 epoch=18/500 train_effect=1.124126 eval_effect=1.124603 train_vq=0.142164 active_codes=1 ema_used_codes=1 step_counter=180 last_check_step=0 surprise_streak=0
level=2 epoch=19/500 train_effect=1.104491 eval_effect=1.102001 train_vq=0.120939 active_codes=1 ema_used_codes=1 step_counter=190 last_check_step=0 surprise_streak=0
level=2 epoch=20/500 train_effect=1.081704 eval_effect=1.082312 train_vq=0.150666 active_codes=1 ema_used_codes=1 step_counter=200 last_check_step=0 surprise_streak=0
level=2 epoch=21/500 train_effect=1.063748 eval_effect=1.064199 train_vq=0.114080 active_codes=1 ema_used_codes=1 step_counter=210 last_check_step=201 surprise_streak=1 distance_mean=0.4552 distance_p90=1.174 distance_p95=1.662 distance_max=5.697 surprise_support=33
level=2 epoch=22/500 train_effect=1.043582 eval_effect=1.047863 train_vq=0.107756 active_codes=1 ema_used_codes=1 step_counter=220 last_check_step=201 surprise_streak=1 distance_mean=0.4552 distance_p90=1.174 distance_p95=1.662 distance_max=5.697 surprise_support=33
level=2 epoch=23/500 train_effect=1.029058 eval_effect=1.033318 train_vq=0.104172 active_codes=1 ema_used_codes=1 step_counter=230 last_check_step=201 surprise_streak=1 distance_mean=0.4552 distance_p90=1.174 distance_p95=1.662 distance_max=5.697 surprise_support=33
level=2 epoch=24/500 train_effect=1.017662 eval_effect=1.020759 train_vq=0.094384 active_codes=1 ema_used_codes=1 step_counter=240 last_check_step=201 surprise_streak=1 distance_mean=0.4552 distance_p90=1.174 distance_p95=1.662 distance_max=5.697 surprise_support=33
level=2 epoch=25/500 train_effect=1.006118 eval_effect=1.008657 train_vq=0.087461 active_codes=1 ema_used_codes=1 step_counter=250 last_check_step=201 surprise_streak=1 distance_mean=0.4552 distance_p90=1.174 distance_p95=1.662 distance_max=5.697 surprise_support=33
level=2 epoch=26/500 train_effect=0.996818 eval_effect=0.997587 train_vq=0.078317 active_codes=1 ema_used_codes=1 step_counter=260 last_check_step=201 surprise_streak=1 distance_mean=0.4552 distance_p90=1.174 distance_p95=1.662 distance_max=5.697 surprise_support=33
level=2 epoch=27/500 train_effect=0.982112 eval_effect=0.987175 train_vq=0.069662 active_codes=1 ema_used_codes=1 step_counter=270 last_check_step=201 surprise_streak=1 distance_mean=0.4552 distance_p90=1.174 distance_p95=1.662 distance_max=5.697 surprise_support=33
level=2 epoch=28/500 train_effect=0.973855 eval_effect=0.977328 train_vq=0.066433 active_codes=1 ema_used_codes=1 step_counter=280 last_check_step=201 surprise_streak=1 distance_mean=0.4552 distance_p90=1.174 distance_p95=1.662 distance_max=5.697 surprise_support=33
level=2 epoch=29/500 train_effect=0.963608 eval_effect=0.967982 train_vq=0.066643 active_codes=1 ema_used_codes=1 step_counter=290 last_check_step=201 surprise_streak=1 distance_mean=0.4552 distance_p90=1.174 distance_p95=1.662 distance_max=5.697 surprise_support=33
level=2 epoch=30/500 train_effect=0.950659 eval_effect=0.959262 train_vq=0.053672 active_codes=1 ema_used_codes=1 step_counter=300 last_check_step=201 surprise_streak=1 distance_mean=0.4552 distance_p90=1.174 distance_p95=1.662 distance_max=5.697 surprise_support=33
level=2 epoch=31/500 train_effect=0.945171 eval_effect=0.950480 train_vq=0.055101 active_codes=1 ema_used_codes=1 step_counter=310 last_check_step=301 surprise_streak=0 distance_mean=0.2309 distance_p90=0.5915 distance_p95=0.8752 distance_max=2.959 surprise_support=11
level=2 epoch=32/500 train_effect=0.938933 eval_effect=0.942354 train_vq=0.047205 active_codes=1 ema_used_codes=1 step_counter=320 last_check_step=301 surprise_streak=0 distance_mean=0.2309 distance_p90=0.5915 distance_p95=0.8752 distance_max=2.959 surprise_support=11
level=2 epoch=33/500 train_effect=0.932799 eval_effect=0.934038 train_vq=0.048189 active_codes=1 ema_used_codes=1 step_counter=330 last_check_step=301 surprise_streak=0 distance_mean=0.2309 distance_p90=0.5915 distance_p95=0.8752 distance_max=2.959 surprise_support=11
level=2 epoch=34/500 train_effect=0.920270 eval_effect=0.926531 train_vq=0.037802 active_codes=1 ema_used_codes=1 step_counter=340 last_check_step=301 surprise_streak=0 distance_mean=0.2309 distance_p90=0.5915 distance_p95=0.8752 distance_max=2.959 surprise_support=11
level=2 epoch=35/500 train_effect=0.913531 eval_effect=0.919433 train_vq=0.035869 active_codes=1 ema_used_codes=1 step_counter=350 last_check_step=301 surprise_streak=0 distance_mean=0.2309 distance_p90=0.5915 distance_p95=0.8752 distance_max=2.959 surprise_support=11
level=2 epoch=36/500 train_effect=0.902330 eval_effect=0.912582 train_vq=0.032087 active_codes=1 ema_used_codes=1 step_counter=360 last_check_step=301 surprise_streak=0 distance_mean=0.2309 distance_p90=0.5915 distance_p95=0.8752 distance_max=2.959 surprise_support=11
level=2 epoch=37/500 train_effect=0.897006 eval_effect=0.905967 train_vq=0.027455 active_codes=1 ema_used_codes=1 step_counter=370 last_check_step=301 surprise_streak=0 distance_mean=0.2309 distance_p90=0.5915 distance_p95=0.8752 distance_max=2.959 surprise_support=11
level=2 epoch=38/500 train_effect=0.890695 eval_effect=0.899652 train_vq=0.024777 active_codes=1 ema_used_codes=1 step_counter=380 last_check_step=301 surprise_streak=0 distance_mean=0.2309 distance_p90=0.5915 distance_p95=0.8752 distance_max=2.959 surprise_support=11
level=2 epoch=39/500 train_effect=0.891381 eval_effect=0.893691 train_vq=0.025299 active_codes=1 ema_used_codes=1 step_counter=390 last_check_step=301 surprise_streak=0 distance_mean=0.2309 distance_p90=0.5915 distance_p95=0.8752 distance_max=2.959 surprise_support=11
level=2 epoch=40/500 train_effect=0.881049 eval_effect=0.887862 train_vq=0.022111 active_codes=1 ema_used_codes=1 step_counter=400 last_check_step=301 surprise_streak=0 distance_mean=0.2309 distance_p90=0.5915 distance_p95=0.8752 distance_max=2.959 surprise_support=11
level=2 epoch=41/500 train_effect=0.881705 eval_effect=0.882290 train_vq=0.018276 active_codes=1 ema_used_codes=1 step_counter=410 last_check_step=401 surprise_streak=0 distance_mean=0.07097 distance_p90=0.1935 distance_p95=0.261 distance_max=0.7803 surprise_support=0
level=2 epoch=42/500 train_effect=0.872379 eval_effect=0.877354 train_vq=0.019436 active_codes=1 ema_used_codes=1 step_counter=420 last_check_step=401 surprise_streak=0 distance_mean=0.07097 distance_p90=0.1935 distance_p95=0.261 distance_max=0.7803 surprise_support=0
level=2 epoch=43/500 train_effect=0.860231 eval_effect=0.871980 train_vq=0.017024 active_codes=1 ema_used_codes=1 step_counter=430 last_check_step=401 surprise_streak=0 distance_mean=0.07097 distance_p90=0.1935 distance_p95=0.261 distance_max=0.7803 surprise_support=0
level=2 epoch=44/500 train_effect=0.867635 eval_effect=0.866766 train_vq=0.014376 active_codes=1 ema_used_codes=1 step_counter=440 last_check_step=401 surprise_streak=0 distance_mean=0.07097 distance_p90=0.1935 distance_p95=0.261 distance_max=0.7803 surprise_support=0
level=2 epoch=45/500 train_effect=0.859809 eval_effect=0.862028 train_vq=0.015741 active_codes=1 ema_used_codes=1 step_counter=450 last_check_step=401 surprise_streak=0 distance_mean=0.07097 distance_p90=0.1935 distance_p95=0.261 distance_max=0.7803 surprise_support=0
level=2 epoch=46/500 train_effect=0.849067 eval_effect=0.857536 train_vq=0.014011 active_codes=1 ema_used_codes=1 step_counter=460 last_check_step=401 surprise_streak=0 distance_mean=0.07097 distance_p90=0.1935 distance_p95=0.261 distance_max=0.7803 surprise_support=0
level=2 epoch=47/500 train_effect=0.850418 eval_effect=0.852583 train_vq=0.017001 active_codes=1 ema_used_codes=1 step_counter=470 last_check_step=401 surprise_streak=0 distance_mean=0.07097 distance_p90=0.1935 distance_p95=0.261 distance_max=0.7803 surprise_support=0
level=2 epoch=48/500 train_effect=0.839631 eval_effect=0.848080 train_vq=0.012745 active_codes=1 ema_used_codes=1 step_counter=480 last_check_step=401 surprise_streak=0 distance_mean=0.07097 distance_p90=0.1935 distance_p95=0.261 distance_max=0.7803 surprise_support=0
level=2 epoch=49/500 train_effect=0.831966 eval_effect=0.844216 train_vq=0.017276 active_codes=1 ema_used_codes=1 step_counter=490 last_check_step=401 surprise_streak=0 distance_mean=0.07097 distance_p90=0.1935 distance_p95=0.261 distance_max=0.7803 surprise_support=0
level=2 epoch=50/500 train_effect=0.835262 eval_effect=0.840130 train_vq=0.013465 active_codes=1 ema_used_codes=1 step_counter=500 last_check_step=401 surprise_streak=0 distance_mean=0.07097 distance_p90=0.1935 distance_p95=0.261 distance_max=0.7803 surprise_support=0
level=2 epoch=51/500 train_effect=0.830668 eval_effect=0.836029 train_vq=0.012086 active_codes=1 ema_used_codes=1 step_counter=510 last_check_step=501 surprise_streak=0 distance_mean=0.05693 distance_p90=0.1557 distance_p95=0.2149 distance_max=1.037 surprise_support=1
level=2 epoch=52/500 train_effect=0.824294 eval_effect=0.832270 train_vq=0.012957 active_codes=1 ema_used_codes=1 step_counter=520 last_check_step=501 surprise_streak=0 distance_mean=0.05693 distance_p90=0.1557 distance_p95=0.2149 distance_max=1.037 surprise_support=1
level=2 epoch=53/500 train_effect=0.823067 eval_effect=0.829154 train_vq=0.011811 active_codes=1 ema_used_codes=1 step_counter=530 last_check_step=501 surprise_streak=0 distance_mean=0.05693 distance_p90=0.1557 distance_p95=0.2149 distance_max=1.037 surprise_support=1
level=2 epoch=54/500 train_effect=0.819627 eval_effect=0.825803 train_vq=0.012195 active_codes=1 ema_used_codes=1 step_counter=540 last_check_step=501 surprise_streak=0 distance_mean=0.05693 distance_p90=0.1557 distance_p95=0.2149 distance_max=1.037 surprise_support=1
level=2 epoch=55/500 train_effect=0.816766 eval_effect=0.822823 train_vq=0.012414 active_codes=1 ema_used_codes=1 step_counter=550 last_check_step=501 surprise_streak=0 distance_mean=0.05693 distance_p90=0.1557 distance_p95=0.2149 distance_max=1.037 surprise_support=1
level=2 epoch=56/500 train_effect=0.816687 eval_effect=0.820157 train_vq=0.014352 active_codes=1 ema_used_codes=1 step_counter=560 last_check_step=501 surprise_streak=0 distance_mean=0.05693 distance_p90=0.1557 distance_p95=0.2149 distance_max=1.037 surprise_support=1
level=2 epoch=57/500 train_effect=0.817017 eval_effect=0.816879 train_vq=0.012251 active_codes=1 ema_used_codes=1 step_counter=570 last_check_step=501 surprise_streak=0 distance_mean=0.05693 distance_p90=0.1557 distance_p95=0.2149 distance_max=1.037 surprise_support=1
level=2 epoch=58/500 train_effect=0.816266 eval_effect=0.814406 train_vq=0.012927 active_codes=1 ema_used_codes=1 step_counter=580 last_check_step=501 surprise_streak=0 distance_mean=0.05693 distance_p90=0.1557 distance_p95=0.2149 distance_max=1.037 surprise_support=1
level=2 epoch=59/500 train_effect=0.805682 eval_effect=0.811546 train_vq=0.012808 active_codes=1 ema_used_codes=1 step_counter=590 last_check_step=501 surprise_streak=0 distance_mean=0.05693 distance_p90=0.1557 distance_p95=0.2149 distance_max=1.037 surprise_support=1
level=2 epoch=60/500 train_effect=0.798313 eval_effect=0.809069 train_vq=0.013515 active_codes=1 ema_used_codes=1 step_counter=600 last_check_step=501 surprise_streak=0 distance_mean=0.05693 distance_p90=0.1557 distance_p95=0.2149 distance_max=1.037 surprise_support=1
level=2 epoch=61/500 train_effect=0.798459 eval_effect=0.806227 train_vq=0.016891 active_codes=1 ema_used_codes=1 step_counter=610 last_check_step=601 surprise_streak=0 distance_mean=0.05495 distance_p90=0.1693 distance_p95=0.2372 distance_max=0.4561 surprise_support=0
level=2 epoch=62/500 train_effect=0.792120 eval_effect=0.803819 train_vq=0.017202 active_codes=1 ema_used_codes=1 step_counter=620 last_check_step=601 surprise_streak=0 distance_mean=0.05495 distance_p90=0.1693 distance_p95=0.2372 distance_max=0.4561 surprise_support=0
level=2 epoch=63/500 train_effect=0.794690 eval_effect=0.801582 train_vq=0.017958 active_codes=1 ema_used_codes=1 step_counter=630 last_check_step=601 surprise_streak=0 distance_mean=0.05495 distance_p90=0.1693 distance_p95=0.2372 distance_max=0.4561 surprise_support=0
level=2 epoch=64/500 train_effect=0.798963 eval_effect=0.799050 train_vq=0.016610 active_codes=1 ema_used_codes=1 step_counter=640 last_check_step=601 surprise_streak=0 distance_mean=0.05495 distance_p90=0.1693 distance_p95=0.2372 distance_max=0.4561 surprise_support=0
level=2 epoch=65/500 train_effect=0.792038 eval_effect=0.797199 train_vq=0.015974 active_codes=1 ema_used_codes=1 step_counter=650 last_check_step=601 surprise_streak=0 distance_mean=0.05495 distance_p90=0.1693 distance_p95=0.2372 distance_max=0.4561 surprise_support=0
level=2 epoch=66/500 train_effect=0.785461 eval_effect=0.795044 train_vq=0.016118 active_codes=1 ema_used_codes=1 step_counter=660 last_check_step=601 surprise_streak=0 distance_mean=0.05495 distance_p90=0.1693 distance_p95=0.2372 distance_max=0.4561 surprise_support=0
level=2 epoch=67/500 train_effect=0.792057 eval_effect=0.793042 train_vq=0.017749 active_codes=1 ema_used_codes=1 step_counter=670 last_check_step=601 surprise_streak=0 distance_mean=0.05495 distance_p90=0.1693 distance_p95=0.2372 distance_max=0.4561 surprise_support=0
level=2 epoch=68/500 train_effect=0.785873 eval_effect=0.791112 train_vq=0.018503 active_codes=1 ema_used_codes=1 step_counter=680 last_check_step=601 surprise_streak=0 distance_mean=0.05495 distance_p90=0.1693 distance_p95=0.2372 distance_max=0.4561 surprise_support=0
level=2 epoch=69/500 train_effect=0.786962 eval_effect=0.789303 train_vq=0.019912 active_codes=1 ema_used_codes=1 step_counter=690 last_check_step=601 surprise_streak=0 distance_mean=0.05495 distance_p90=0.1693 distance_p95=0.2372 distance_max=0.4561 surprise_support=0
level=2 epoch=70/500 train_effect=0.778372 eval_effect=0.787564 train_vq=0.020663 active_codes=1 ema_used_codes=1 step_counter=700 last_check_step=601 surprise_streak=0 distance_mean=0.05495 distance_p90=0.1693 distance_p95=0.2372 distance_max=0.4561 surprise_support=0
level=2 epoch=71/500 train_effect=0.776653 eval_effect=0.786746 train_vq=0.016788 active_codes=1 ema_used_codes=1 step_counter=710 last_check_step=701 surprise_streak=0 distance_mean=0.05199 distance_p90=0.1358 distance_p95=0.2387 distance_max=0.559 surprise_support=0
level=2 epoch=72/500 train_effect=0.778899 eval_effect=0.784173 train_vq=0.020601 active_codes=1 ema_used_codes=1 step_counter=720 last_check_step=701 surprise_streak=0 distance_mean=0.05199 distance_p90=0.1358 distance_p95=0.2387 distance_max=0.559 surprise_support=0
level=2 epoch=73/500 train_effect=0.775156 eval_effect=0.782144 train_vq=0.019216 active_codes=1 ema_used_codes=1 step_counter=730 last_check_step=701 surprise_streak=0 distance_mean=0.05199 distance_p90=0.1358 distance_p95=0.2387 distance_max=0.559 surprise_support=0
level=2 epoch=74/500 train_effect=0.776422 eval_effect=0.780607 train_vq=0.021226 active_codes=1 ema_used_codes=1 step_counter=740 last_check_step=701 surprise_streak=0 distance_mean=0.05199 distance_p90=0.1358 distance_p95=0.2387 distance_max=0.559 surprise_support=0
level=2 epoch=75/500 train_effect=0.777496 eval_effect=0.778953 train_vq=0.022361 active_codes=1 ema_used_codes=1 step_counter=750 last_check_step=701 surprise_streak=0 distance_mean=0.05199 distance_p90=0.1358 distance_p95=0.2387 distance_max=0.559 surprise_support=0
level=2 epoch=76/500 train_effect=0.772751 eval_effect=0.777380 train_vq=0.022513 active_codes=1 ema_used_codes=1 step_counter=760 last_check_step=701 surprise_streak=0 distance_mean=0.05199 distance_p90=0.1358 distance_p95=0.2387 distance_max=0.559 surprise_support=0
level=2 epoch=77/500 train_effect=0.772018 eval_effect=0.775840 train_vq=0.024108 active_codes=1 ema_used_codes=1 step_counter=770 last_check_step=701 surprise_streak=0 distance_mean=0.05199 distance_p90=0.1358 distance_p95=0.2387 distance_max=0.559 surprise_support=0
level=2 epoch=78/500 train_effect=0.768670 eval_effect=0.774628 train_vq=0.022166 active_codes=1 ema_used_codes=1 step_counter=780 last_check_step=701 surprise_streak=0 distance_mean=0.05199 distance_p90=0.1358 distance_p95=0.2387 distance_max=0.559 surprise_support=0
level=2 epoch=79/500 train_effect=0.766076 eval_effect=0.773336 train_vq=0.026101 active_codes=1 ema_used_codes=1 step_counter=790 last_check_step=701 surprise_streak=0 distance_mean=0.05199 distance_p90=0.1358 distance_p95=0.2387 distance_max=0.559 surprise_support=0
level=2 epoch=80/500 train_effect=0.761283 eval_effect=0.772203 train_vq=0.026310 active_codes=1 ema_used_codes=1 step_counter=800 last_check_step=701 surprise_streak=0 distance_mean=0.05199 distance_p90=0.1358 distance_p95=0.2387 distance_max=0.559 surprise_support=0
level=2 epoch=81/500 train_effect=0.765326 eval_effect=0.770690 train_vq=0.022404 active_codes=1 ema_used_codes=1 step_counter=810 last_check_step=801 surprise_streak=0 distance_mean=0.08723 distance_p90=0.2164 distance_p95=0.3119 distance_max=1.244 surprise_support=1
level=2 epoch=82/500 train_effect=0.766063 eval_effect=0.769334 train_vq=0.028852 active_codes=1 ema_used_codes=1 step_counter=820 last_check_step=801 surprise_streak=0 distance_mean=0.08723 distance_p90=0.2164 distance_p95=0.3119 distance_max=1.244 surprise_support=1
level=2 epoch=83/500 train_effect=0.761158 eval_effect=0.768315 train_vq=0.027220 active_codes=1 ema_used_codes=1 step_counter=830 last_check_step=801 surprise_streak=0 distance_mean=0.08723 distance_p90=0.2164 distance_p95=0.3119 distance_max=1.244 surprise_support=1
level=2 epoch=84/500 train_effect=0.760288 eval_effect=0.767127 train_vq=0.030927 active_codes=1 ema_used_codes=1 step_counter=840 last_check_step=801 surprise_streak=0 distance_mean=0.08723 distance_p90=0.2164 distance_p95=0.3119 distance_max=1.244 surprise_support=1
level=2 epoch=85/500 train_effect=0.766876 eval_effect=0.766776 train_vq=0.026375 active_codes=1 ema_used_codes=1 step_counter=850 last_check_step=801 surprise_streak=0 distance_mean=0.08723 distance_p90=0.2164 distance_p95=0.3119 distance_max=1.244 surprise_support=1
level=2 epoch=86/500 train_effect=0.759410 eval_effect=0.764804 train_vq=0.030871 active_codes=1 ema_used_codes=1 step_counter=860 last_check_step=801 surprise_streak=0 distance_mean=0.08723 distance_p90=0.2164 distance_p95=0.3119 distance_max=1.244 surprise_support=1
level=2 epoch=87/500 train_effect=0.761489 eval_effect=0.764036 train_vq=0.028509 active_codes=1 ema_used_codes=1 step_counter=870 last_check_step=801 surprise_streak=0 distance_mean=0.08723 distance_p90=0.2164 distance_p95=0.3119 distance_max=1.244 surprise_support=1
level=2 epoch=88/500 train_effect=0.759064 eval_effect=0.763211 train_vq=0.028345 active_codes=1 ema_used_codes=1 step_counter=880 last_check_step=801 surprise_streak=0 distance_mean=0.08723 distance_p90=0.2164 distance_p95=0.3119 distance_max=1.244 surprise_support=1
level=2 epoch=89/500 train_effect=0.755745 eval_effect=0.762794 train_vq=0.029672 active_codes=1 ema_used_codes=1 step_counter=890 last_check_step=801 surprise_streak=0 distance_mean=0.08723 distance_p90=0.2164 distance_p95=0.3119 distance_max=1.244 surprise_support=1
level=2 epoch=90/500 train_effect=0.751654 eval_effect=0.761467 train_vq=0.029908 active_codes=1 ema_used_codes=1 step_counter=900 last_check_step=801 surprise_streak=0 distance_mean=0.08723 distance_p90=0.2164 distance_p95=0.3119 distance_max=1.244 surprise_support=1
level=2 epoch=91/500 train_effect=0.754081 eval_effect=0.760256 train_vq=0.035398 active_codes=1 ema_used_codes=1 step_counter=910 last_check_step=901 surprise_streak=0 distance_mean=0.1029 distance_p90=0.2953 distance_p95=0.4039 distance_max=0.9036 surprise_support=0
level=2 epoch=92/500 train_effect=0.757553 eval_effect=0.759757 train_vq=0.028865 active_codes=1 ema_used_codes=1 step_counter=920 last_check_step=901 surprise_streak=0 distance_mean=0.1029 distance_p90=0.2953 distance_p95=0.4039 distance_max=0.9036 surprise_support=0
level=2 epoch=93/500 train_effect=0.752979 eval_effect=0.758791 train_vq=0.030209 active_codes=1 ema_used_codes=1 step_counter=930 last_check_step=901 surprise_streak=0 distance_mean=0.1029 distance_p90=0.2953 distance_p95=0.4039 distance_max=0.9036 surprise_support=0
level=2 epoch=94/500 train_effect=0.746882 eval_effect=0.757941 train_vq=0.028701 active_codes=1 ema_used_codes=1 step_counter=940 last_check_step=901 surprise_streak=0 distance_mean=0.1029 distance_p90=0.2953 distance_p95=0.4039 distance_max=0.9036 surprise_support=0
level=2 epoch=95/500 train_effect=0.749179 eval_effect=0.756779 train_vq=0.029216 active_codes=1 ema_used_codes=1 step_counter=950 last_check_step=901 surprise_streak=0 distance_mean=0.1029 distance_p90=0.2953 distance_p95=0.4039 distance_max=0.9036 surprise_support=0
level=2 epoch=96/500 train_effect=0.749501 eval_effect=0.756522 train_vq=0.029957 active_codes=1 ema_used_codes=1 step_counter=960 last_check_step=901 surprise_streak=0 distance_mean=0.1029 distance_p90=0.2953 distance_p95=0.4039 distance_max=0.9036 surprise_support=0
level=2 epoch=97/500 train_effect=0.751800 eval_effect=0.755921 train_vq=0.032242 active_codes=1 ema_used_codes=1 step_counter=970 last_check_step=901 surprise_streak=0 distance_mean=0.1029 distance_p90=0.2953 distance_p95=0.4039 distance_max=0.9036 surprise_support=0
level=2 epoch=98/500 train_effect=0.744327 eval_effect=0.755167 train_vq=0.029667 active_codes=1 ema_used_codes=1 step_counter=980 last_check_step=901 surprise_streak=0 distance_mean=0.1029 distance_p90=0.2953 distance_p95=0.4039 distance_max=0.9036 surprise_support=0
level=2 epoch=99/500 train_effect=0.758081 eval_effect=0.754571 train_vq=0.034268 active_codes=1 ema_used_codes=1 step_counter=990 last_check_step=901 surprise_streak=0 distance_mean=0.1029 distance_p90=0.2953 distance_p95=0.4039 distance_max=0.9036 surprise_support=0
level=2 epoch=100/500 train_effect=0.753596 eval_effect=0.754466 train_vq=0.031232 active_codes=1 ema_used_codes=1 step_counter=1000 last_check_step=901 surprise_streak=0 distance_mean=0.1029 distance_p90=0.2953 distance_p95=0.4039 distance_max=0.9036 surprise_support=0
level=2 epoch=101/500 train_effect=0.750525 eval_effect=0.753786 train_vq=0.028815 active_codes=1 ema_used_codes=1 step_counter=1010 last_check_step=1001 surprise_streak=0 distance_mean=0.1225 distance_p90=0.2966 distance_p95=0.4604 distance_max=1.667 surprise_support=4
level=2 epoch=102/500 train_effect=0.745447 eval_effect=0.752782 train_vq=0.035394 active_codes=1 ema_used_codes=1 step_counter=1020 last_check_step=1001 surprise_streak=0 distance_mean=0.1225 distance_p90=0.2966 distance_p95=0.4604 distance_max=1.667 surprise_support=4
level=2 epoch=103/500 train_effect=0.742620 eval_effect=0.752367 train_vq=0.037267 active_codes=1 ema_used_codes=1 step_counter=1030 last_check_step=1001 surprise_streak=0 distance_mean=0.1225 distance_p90=0.2966 distance_p95=0.4604 distance_max=1.667 surprise_support=4
level=2 epoch=104/500 train_effect=0.750981 eval_effect=0.752231 train_vq=0.032007 active_codes=1 ema_used_codes=1 step_counter=1040 last_check_step=1001 surprise_streak=0 distance_mean=0.1225 distance_p90=0.2966 distance_p95=0.4604 distance_max=1.667 surprise_support=4
level=2 epoch=105/500 train_effect=0.745005 eval_effect=0.751821 train_vq=0.033495 active_codes=1 ema_used_codes=1 step_counter=1050 last_check_step=1001 surprise_streak=0 distance_mean=0.1225 distance_p90=0.2966 distance_p95=0.4604 distance_max=1.667 surprise_support=4
level=2 epoch=106/500 train_effect=0.747256 eval_effect=0.751025 train_vq=0.037288 active_codes=1 ema_used_codes=1 step_counter=1060 last_check_step=1001 surprise_streak=0 distance_mean=0.1225 distance_p90=0.2966 distance_p95=0.4604 distance_max=1.667 surprise_support=4
level=2 epoch=107/500 train_effect=0.754154 eval_effect=0.750219 train_vq=0.034100 active_codes=1 ema_used_codes=1 step_counter=1070 last_check_step=1001 surprise_streak=0 distance_mean=0.1225 distance_p90=0.2966 distance_p95=0.4604 distance_max=1.667 surprise_support=4
level=2 epoch=108/500 train_effect=0.745423 eval_effect=0.750116 train_vq=0.030871 active_codes=1 ema_used_codes=1 step_counter=1080 last_check_step=1001 surprise_streak=0 distance_mean=0.1225 distance_p90=0.2966 distance_p95=0.4604 distance_max=1.667 surprise_support=4
level=2 epoch=109/500 train_effect=0.749004 eval_effect=0.749860 train_vq=0.032771 active_codes=1 ema_used_codes=1 step_counter=1090 last_check_step=1001 surprise_streak=0 distance_mean=0.1225 distance_p90=0.2966 distance_p95=0.4604 distance_max=1.667 surprise_support=4
level=2 epoch=110/500 train_effect=0.750786 eval_effect=0.748986 train_vq=0.036072 active_codes=1 ema_used_codes=1 step_counter=1100 last_check_step=1001 surprise_streak=0 distance_mean=0.1225 distance_p90=0.2966 distance_p95=0.4604 distance_max=1.667 surprise_support=4
level=2 epoch=111/500 train_effect=0.740201 eval_effect=0.748726 train_vq=0.033523 active_codes=1 ema_used_codes=1 step_counter=1110 last_check_step=1101 surprise_streak=0 distance_mean=0.1417 distance_p90=0.3742 distance_p95=0.5616 distance_max=1.866 surprise_support=2
level=2 epoch=112/500 train_effect=0.744163 eval_effect=0.748756 train_vq=0.032974 active_codes=1 ema_used_codes=1 step_counter=1120 last_check_step=1101 surprise_streak=0 distance_mean=0.1417 distance_p90=0.3742 distance_p95=0.5616 distance_max=1.866 surprise_support=2
level=2 epoch=113/500 train_effect=0.743662 eval_effect=0.748300 train_vq=0.036741 active_codes=1 ema_used_codes=1 step_counter=1130 last_check_step=1101 surprise_streak=0 distance_mean=0.1417 distance_p90=0.3742 distance_p95=0.5616 distance_max=1.866 surprise_support=2
level=2 epoch=114/500 train_effect=0.743702 eval_effect=0.747988 train_vq=0.032498 active_codes=1 ema_used_codes=1 step_counter=1140 last_check_step=1101 surprise_streak=0 distance_mean=0.1417 distance_p90=0.3742 distance_p95=0.5616 distance_max=1.866 surprise_support=2
level=2 epoch=115/500 train_effect=0.743972 eval_effect=0.747681 train_vq=0.039407 active_codes=1 ema_used_codes=1 step_counter=1150 last_check_step=1101 surprise_streak=0 distance_mean=0.1417 distance_p90=0.3742 distance_p95=0.5616 distance_max=1.866 surprise_support=2
level=2 epoch=116/500 train_effect=0.741212 eval_effect=0.747032 train_vq=0.036318 active_codes=1 ema_used_codes=1 step_counter=1160 last_check_step=1101 surprise_streak=0 distance_mean=0.1417 distance_p90=0.3742 distance_p95=0.5616 distance_max=1.866 surprise_support=2
level=2 epoch=117/500 train_effect=0.748236 eval_effect=0.747377 train_vq=0.029643 active_codes=1 ema_used_codes=1 step_counter=1170 last_check_step=1101 surprise_streak=0 distance_mean=0.1417 distance_p90=0.3742 distance_p95=0.5616 distance_max=1.866 surprise_support=2
level=2 epoch=118/500 train_effect=0.745359 eval_effect=0.746288 train_vq=0.040126 active_codes=1 ema_used_codes=1 step_counter=1180 last_check_step=1101 surprise_streak=0 distance_mean=0.1417 distance_p90=0.3742 distance_p95=0.5616 distance_max=1.866 surprise_support=2
level=2 epoch=119/500 train_effect=0.740296 eval_effect=0.746249 train_vq=0.030846 active_codes=1 ema_used_codes=1 step_counter=1190 last_check_step=1101 surprise_streak=0 distance_mean=0.1417 distance_p90=0.3742 distance_p95=0.5616 distance_max=1.866 surprise_support=2
level=2 epoch=120/500 train_effect=0.749887 eval_effect=0.746166 train_vq=0.037655 active_codes=1 ema_used_codes=1 step_counter=1200 last_check_step=1101 surprise_streak=0 distance_mean=0.1417 distance_p90=0.3742 distance_p95=0.5616 distance_max=1.866 surprise_support=2
level=2 epoch=121/500 train_effect=0.741515 eval_effect=0.745746 train_vq=0.037941 active_codes=1 ema_used_codes=1 step_counter=1210 last_check_step=1201 surprise_streak=0 distance_mean=0.1344 distance_p90=0.3212 distance_p95=0.4983 distance_max=1.74 surprise_support=7
level=2 epoch=122/500 train_effect=0.742412 eval_effect=0.745649 train_vq=0.034638 active_codes=1 ema_used_codes=1 step_counter=1220 last_check_step=1201 surprise_streak=0 distance_mean=0.1344 distance_p90=0.3212 distance_p95=0.4983 distance_max=1.74 surprise_support=7
level=2 epoch=123/500 train_effect=0.741115 eval_effect=0.745663 train_vq=0.034135 active_codes=1 ema_used_codes=1 step_counter=1230 last_check_step=1201 surprise_streak=0 distance_mean=0.1344 distance_p90=0.3212 distance_p95=0.4983 distance_max=1.74 surprise_support=7
level=2 epoch=124/500 train_effect=0.745220 eval_effect=0.744896 train_vq=0.041014 active_codes=1 ema_used_codes=1 step_counter=1240 last_check_step=1201 surprise_streak=0 distance_mean=0.1344 distance_p90=0.3212 distance_p95=0.4983 distance_max=1.74 surprise_support=7
level=2 epoch=125/500 train_effect=0.737949 eval_effect=0.744454 train_vq=0.031628 active_codes=1 ema_used_codes=1 step_counter=1250 last_check_step=1201 surprise_streak=0 distance_mean=0.1344 distance_p90=0.3212 distance_p95=0.4983 distance_max=1.74 surprise_support=7
level=2 epoch=126/500 train_effect=0.744255 eval_effect=0.744398 train_vq=0.046098 active_codes=1 ema_used_codes=1 step_counter=1260 last_check_step=1201 surprise_streak=0 distance_mean=0.1344 distance_p90=0.3212 distance_p95=0.4983 distance_max=1.74 surprise_support=7
level=2 epoch=127/500 train_effect=0.734117 eval_effect=0.744344 train_vq=0.039566 active_codes=1 ema_used_codes=1 step_counter=1270 last_check_step=1201 surprise_streak=0 distance_mean=0.1344 distance_p90=0.3212 distance_p95=0.4983 distance_max=1.74 surprise_support=7
level=2 epoch=128/500 train_effect=0.738036 eval_effect=0.743974 train_vq=0.040180 active_codes=1 ema_used_codes=1 step_counter=1280 last_check_step=1201 surprise_streak=0 distance_mean=0.1344 distance_p90=0.3212 distance_p95=0.4983 distance_max=1.74 surprise_support=7
level=2 epoch=129/500 train_effect=0.741596 eval_effect=0.743463 train_vq=0.040786 active_codes=1 ema_used_codes=1 step_counter=1290 last_check_step=1201 surprise_streak=0 distance_mean=0.1344 distance_p90=0.3212 distance_p95=0.4983 distance_max=1.74 surprise_support=7
level=2 epoch=130/500 train_effect=0.736443 eval_effect=0.744173 train_vq=0.047917 active_codes=1 ema_used_codes=1 step_counter=1300 last_check_step=1201 surprise_streak=0 distance_mean=0.1344 distance_p90=0.3212 distance_p95=0.4983 distance_max=1.74 surprise_support=7
level=2 epoch=131/500 train_effect=0.746309 eval_effect=0.743245 train_vq=0.037671 active_codes=1 ema_used_codes=1 step_counter=1310 last_check_step=1301 surprise_streak=0 distance_mean=0.1646 distance_p90=0.4083 distance_p95=0.7642 distance_max=2.035 surprise_support=7
level=2 epoch=132/500 train_effect=0.745050 eval_effect=0.742728 train_vq=0.036040 active_codes=1 ema_used_codes=1 step_counter=1320 last_check_step=1301 surprise_streak=0 distance_mean=0.1646 distance_p90=0.4083 distance_p95=0.7642 distance_max=2.035 surprise_support=7
level=2 epoch=133/500 train_effect=0.737287 eval_effect=0.743359 train_vq=0.049850 active_codes=1 ema_used_codes=1 step_counter=1330 last_check_step=1301 surprise_streak=0 distance_mean=0.1646 distance_p90=0.4083 distance_p95=0.7642 distance_max=2.035 surprise_support=7
level=2 epoch=134/500 train_effect=0.735962 eval_effect=0.742892 train_vq=0.043095 active_codes=1 ema_used_codes=1 step_counter=1340 last_check_step=1301 surprise_streak=0 distance_mean=0.1646 distance_p90=0.4083 distance_p95=0.7642 distance_max=2.035 surprise_support=7
level=2 epoch=135/500 train_effect=0.733749 eval_effect=0.742680 train_vq=0.044044 active_codes=1 ema_used_codes=1 step_counter=1350 last_check_step=1301 surprise_streak=0 distance_mean=0.1646 distance_p90=0.4083 distance_p95=0.7642 distance_max=2.035 surprise_support=7
level=2 epoch=136/500 train_effect=0.736437 eval_effect=0.742033 train_vq=0.046717 active_codes=1 ema_used_codes=1 step_counter=1360 last_check_step=1301 surprise_streak=0 distance_mean=0.1646 distance_p90=0.4083 distance_p95=0.7642 distance_max=2.035 surprise_support=7
level=2 epoch=137/500 train_effect=0.738364 eval_effect=0.741952 train_vq=0.040309 active_codes=1 ema_used_codes=1 step_counter=1370 last_check_step=1301 surprise_streak=0 distance_mean=0.1646 distance_p90=0.4083 distance_p95=0.7642 distance_max=2.035 surprise_support=7
level=2 epoch=138/500 train_effect=0.735954 eval_effect=0.742229 train_vq=0.045773 active_codes=1 ema_used_codes=1 step_counter=1380 last_check_step=1301 surprise_streak=0 distance_mean=0.1646 distance_p90=0.4083 distance_p95=0.7642 distance_max=2.035 surprise_support=7
level=2 epoch=139/500 train_effect=0.739091 eval_effect=0.741678 train_vq=0.037331 active_codes=1 ema_used_codes=1 step_counter=1390 last_check_step=1301 surprise_streak=0 distance_mean=0.1646 distance_p90=0.4083 distance_p95=0.7642 distance_max=2.035 surprise_support=7
level=2 epoch=140/500 train_effect=0.735168 eval_effect=0.741653 train_vq=0.039923 active_codes=1 ema_used_codes=1 step_counter=1400 last_check_step=1301 surprise_streak=0 distance_mean=0.1646 distance_p90=0.4083 distance_p95=0.7642 distance_max=2.035 surprise_support=7
level=2 epoch=141/500 train_effect=0.738980 eval_effect=0.741513 train_vq=0.043359 active_codes=1 ema_used_codes=1 step_counter=1410 last_check_step=1401 surprise_streak=0 distance_mean=0.1646 distance_p90=0.4074 distance_p95=0.7906 distance_max=1.691 surprise_support=10
level=2 epoch=142/500 train_effect=0.728204 eval_effect=0.741212 train_vq=0.044211 active_codes=1 ema_used_codes=1 step_counter=1420 last_check_step=1401 surprise_streak=0 distance_mean=0.1646 distance_p90=0.4074 distance_p95=0.7906 distance_max=1.691 surprise_support=10
level=2 epoch=143/500 train_effect=0.734979 eval_effect=0.740853 train_vq=0.043687 active_codes=1 ema_used_codes=1 step_counter=1430 last_check_step=1401 surprise_streak=0 distance_mean=0.1646 distance_p90=0.4074 distance_p95=0.7906 distance_max=1.691 surprise_support=10
level=2 epoch=144/500 train_effect=0.740135 eval_effect=0.741134 train_vq=0.039198 active_codes=1 ema_used_codes=1 step_counter=1440 last_check_step=1401 surprise_streak=0 distance_mean=0.1646 distance_p90=0.4074 distance_p95=0.7906 distance_max=1.691 surprise_support=10
level=2 epoch=145/500 train_effect=0.735869 eval_effect=0.740626 train_vq=0.040868 active_codes=1 ema_used_codes=1 step_counter=1450 last_check_step=1401 surprise_streak=0 distance_mean=0.1646 distance_p90=0.4074 distance_p95=0.7906 distance_max=1.691 surprise_support=10
level=2 epoch=146/500 train_effect=0.741102 eval_effect=0.740540 train_vq=0.045056 active_codes=1 ema_used_codes=1 step_counter=1460 last_check_step=1401 surprise_streak=0 distance_mean=0.1646 distance_p90=0.4074 distance_p95=0.7906 distance_max=1.691 surprise_support=10
level=2 epoch=147/500 train_effect=0.743895 eval_effect=0.740165 train_vq=0.053493 active_codes=1 ema_used_codes=1 step_counter=1470 last_check_step=1401 surprise_streak=0 distance_mean=0.1646 distance_p90=0.4074 distance_p95=0.7906 distance_max=1.691 surprise_support=10
level=2 epoch=148/500 train_effect=0.730973 eval_effect=0.740273 train_vq=0.045723 active_codes=1 ema_used_codes=1 step_counter=1480 last_check_step=1401 surprise_streak=0 distance_mean=0.1646 distance_p90=0.4074 distance_p95=0.7906 distance_max=1.691 surprise_support=10
level=2 epoch=149/500 train_effect=0.728214 eval_effect=0.740232 train_vq=0.042201 active_codes=1 ema_used_codes=1 step_counter=1490 last_check_step=1401 surprise_streak=0 distance_mean=0.1646 distance_p90=0.4074 distance_p95=0.7906 distance_max=1.691 surprise_support=10
level=2 epoch=150/500 train_effect=0.737244 eval_effect=0.740157 train_vq=0.046162 active_codes=1 ema_used_codes=1 step_counter=1500 last_check_step=1401 surprise_streak=0 distance_mean=0.1646 distance_p90=0.4074 distance_p95=0.7906 distance_max=1.691 surprise_support=10
level=2 epoch=151/500 train_effect=0.738981 eval_effect=0.739668 train_vq=0.045968 active_codes=1 ema_used_codes=1 step_counter=1510 last_check_step=1501 surprise_streak=0 distance_mean=0.1853 distance_p90=0.4937 distance_p95=0.7661 distance_max=1.951 surprise_support=8
level=2 epoch=152/500 train_effect=0.737241 eval_effect=0.739865 train_vq=0.046373 active_codes=1 ema_used_codes=1 step_counter=1520 last_check_step=1501 surprise_streak=0 distance_mean=0.1853 distance_p90=0.4937 distance_p95=0.7661 distance_max=1.951 surprise_support=8
level=2 epoch=153/500 train_effect=0.731864 eval_effect=0.739864 train_vq=0.049803 active_codes=1 ema_used_codes=1 step_counter=1530 last_check_step=1501 surprise_streak=0 distance_mean=0.1853 distance_p90=0.4937 distance_p95=0.7661 distance_max=1.951 surprise_support=8
level=2 epoch=154/500 train_effect=0.739245 eval_effect=0.739318 train_vq=0.055972 active_codes=1 ema_used_codes=1 step_counter=1540 last_check_step=1501 surprise_streak=0 distance_mean=0.1853 distance_p90=0.4937 distance_p95=0.7661 distance_max=1.951 surprise_support=8
level=2 epoch=155/500 train_effect=0.735558 eval_effect=0.738959 train_vq=0.047336 active_codes=1 ema_used_codes=1 step_counter=1550 last_check_step=1501 surprise_streak=0 distance_mean=0.1853 distance_p90=0.4937 distance_p95=0.7661 distance_max=1.951 surprise_support=8
level=2 epoch=156/500 train_effect=0.731759 eval_effect=0.738958 train_vq=0.056345 active_codes=1 ema_used_codes=1 step_counter=1560 last_check_step=1501 surprise_streak=0 distance_mean=0.1853 distance_p90=0.4937 distance_p95=0.7661 distance_max=1.951 surprise_support=8
level=2 epoch=157/500 train_effect=0.733313 eval_effect=0.739456 train_vq=0.048090 active_codes=1 ema_used_codes=1 step_counter=1570 last_check_step=1501 surprise_streak=0 distance_mean=0.1853 distance_p90=0.4937 distance_p95=0.7661 distance_max=1.951 surprise_support=8
level=2 epoch=158/500 train_effect=0.738729 eval_effect=0.739633 train_vq=0.043471 active_codes=1 ema_used_codes=1 step_counter=1580 last_check_step=1501 surprise_streak=0 distance_mean=0.1853 distance_p90=0.4937 distance_p95=0.7661 distance_max=1.951 surprise_support=8
level=2 epoch=159/500 train_effect=0.733483 eval_effect=0.738572 train_vq=0.046864 active_codes=1 ema_used_codes=1 step_counter=1590 last_check_step=1501 surprise_streak=0 distance_mean=0.1853 distance_p90=0.4937 distance_p95=0.7661 distance_max=1.951 surprise_support=8
level=2 epoch=160/500 train_effect=0.728690 eval_effect=0.738843 train_vq=0.044449 active_codes=1 ema_used_codes=1 step_counter=1600 last_check_step=1501 surprise_streak=0 distance_mean=0.1853 distance_p90=0.4937 distance_p95=0.7661 distance_max=1.951 surprise_support=8
level=2 epoch=161/500 train_effect=0.732301 eval_effect=0.738381 train_vq=0.042515 active_codes=1 ema_used_codes=1 step_counter=1610 last_check_step=1601 surprise_streak=0 distance_mean=0.1822 distance_p90=0.5508 distance_p95=0.9729 distance_max=1.591 surprise_support=12
level=2 epoch=162/500 train_effect=0.742167 eval_effect=0.738258 train_vq=0.042517 active_codes=1 ema_used_codes=1 step_counter=1620 last_check_step=1601 surprise_streak=0 distance_mean=0.1822 distance_p90=0.5508 distance_p95=0.9729 distance_max=1.591 surprise_support=12
level=2 epoch=163/500 train_effect=0.735159 eval_effect=0.738454 train_vq=0.045639 active_codes=1 ema_used_codes=1 step_counter=1630 last_check_step=1601 surprise_streak=0 distance_mean=0.1822 distance_p90=0.5508 distance_p95=0.9729 distance_max=1.591 surprise_support=12
level=2 epoch=164/500 train_effect=0.733500 eval_effect=0.737835 train_vq=0.039119 active_codes=1 ema_used_codes=1 step_counter=1640 last_check_step=1601 surprise_streak=0 distance_mean=0.1822 distance_p90=0.5508 distance_p95=0.9729 distance_max=1.591 surprise_support=12
level=2 epoch=165/500 train_effect=0.736366 eval_effect=0.737718 train_vq=0.050007 active_codes=1 ema_used_codes=1 step_counter=1650 last_check_step=1601 surprise_streak=0 distance_mean=0.1822 distance_p90=0.5508 distance_p95=0.9729 distance_max=1.591 surprise_support=12
level=2 epoch=166/500 train_effect=0.731326 eval_effect=0.737737 train_vq=0.046689 active_codes=1 ema_used_codes=1 step_counter=1660 last_check_step=1601 surprise_streak=0 distance_mean=0.1822 distance_p90=0.5508 distance_p95=0.9729 distance_max=1.591 surprise_support=12
level=2 epoch=167/500 train_effect=0.728215 eval_effect=0.738682 train_vq=0.045707 active_codes=1 ema_used_codes=1 step_counter=1670 last_check_step=1601 surprise_streak=0 distance_mean=0.1822 distance_p90=0.5508 distance_p95=0.9729 distance_max=1.591 surprise_support=12
level=2 epoch=168/500 train_effect=0.732443 eval_effect=0.737916 train_vq=0.044543 active_codes=1 ema_used_codes=1 step_counter=1680 last_check_step=1601 surprise_streak=0 distance_mean=0.1822 distance_p90=0.5508 distance_p95=0.9729 distance_max=1.591 surprise_support=12
level=2 epoch=169/500 train_effect=0.734146 eval_effect=0.737369 train_vq=0.039525 active_codes=1 ema_used_codes=1 step_counter=1690 last_check_step=1601 surprise_streak=0 distance_mean=0.1822 distance_p90=0.5508 distance_p95=0.9729 distance_max=1.591 surprise_support=12
level=2 epoch=170/500 train_effect=0.737945 eval_effect=0.737297 train_vq=0.051117 active_codes=1 ema_used_codes=1 step_counter=1700 last_check_step=1601 surprise_streak=0 distance_mean=0.1822 distance_p90=0.5508 distance_p95=0.9729 distance_max=1.591 surprise_support=12
level=2 epoch=171/500 train_effect=0.734817 eval_effect=0.737778 train_vq=0.057542 active_codes=1 ema_used_codes=1 step_counter=1710 last_check_step=1701 surprise_streak=0 distance_mean=0.1953 distance_p90=0.4716 distance_p95=0.9209 distance_max=2.75 surprise_support=12
level=2 epoch=172/500 train_effect=0.730008 eval_effect=0.737389 train_vq=0.049363 active_codes=1 ema_used_codes=1 step_counter=1720 last_check_step=1701 surprise_streak=0 distance_mean=0.1953 distance_p90=0.4716 distance_p95=0.9209 distance_max=2.75 surprise_support=12
level=2 epoch=173/500 train_effect=0.733824 eval_effect=0.737013 train_vq=0.047609 active_codes=1 ema_used_codes=1 step_counter=1730 last_check_step=1701 surprise_streak=0 distance_mean=0.1953 distance_p90=0.4716 distance_p95=0.9209 distance_max=2.75 surprise_support=12
level=2 epoch=174/500 train_effect=0.736820 eval_effect=0.737082 train_vq=0.050310 active_codes=1 ema_used_codes=1 step_counter=1740 last_check_step=1701 surprise_streak=0 distance_mean=0.1953 distance_p90=0.4716 distance_p95=0.9209 distance_max=2.75 surprise_support=12
level=2 epoch=175/500 train_effect=0.741952 eval_effect=0.737200 train_vq=0.056729 active_codes=1 ema_used_codes=1 step_counter=1750 last_check_step=1701 surprise_streak=0 distance_mean=0.1953 distance_p90=0.4716 distance_p95=0.9209 distance_max=2.75 surprise_support=12
level=2 epoch=176/500 train_effect=0.734710 eval_effect=0.737026 train_vq=0.055868 active_codes=1 ema_used_codes=1 step_counter=1760 last_check_step=1701 surprise_streak=0 distance_mean=0.1953 distance_p90=0.4716 distance_p95=0.9209 distance_max=2.75 surprise_support=12
level=2 epoch=177/500 train_effect=0.737096 eval_effect=0.736656 train_vq=0.049793 active_codes=1 ema_used_codes=1 step_counter=1770 last_check_step=1701 surprise_streak=0 distance_mean=0.1953 distance_p90=0.4716 distance_p95=0.9209 distance_max=2.75 surprise_support=12
level=2 epoch=178/500 train_effect=0.735697 eval_effect=0.736791 train_vq=0.050402 active_codes=1 ema_used_codes=1 step_counter=1780 last_check_step=1701 surprise_streak=0 distance_mean=0.1953 distance_p90=0.4716 distance_p95=0.9209 distance_max=2.75 surprise_support=12
level=2 epoch=179/500 train_effect=0.732923 eval_effect=0.736895 train_vq=0.052279 active_codes=1 ema_used_codes=1 step_counter=1790 last_check_step=1701 surprise_streak=0 distance_mean=0.1953 distance_p90=0.4716 distance_p95=0.9209 distance_max=2.75 surprise_support=12
level=2 epoch=180/500 train_effect=0.732258 eval_effect=0.736257 train_vq=0.042972 active_codes=1 ema_used_codes=1 step_counter=1800 last_check_step=1701 surprise_streak=0 distance_mean=0.1953 distance_p90=0.4716 distance_p95=0.9209 distance_max=2.75 surprise_support=12
level=2 epoch=181/500 train_effect=0.733811 eval_effect=0.736502 train_vq=0.053892 active_codes=1 ema_used_codes=1 step_counter=1810 last_check_step=1801 surprise_streak=1 distance_mean=0.2331 distance_p90=0.6962 distance_p95=0.985 distance_max=2.947 surprise_support=13
level=2 epoch=182/500 train_effect=0.730510 eval_effect=0.736380 train_vq=0.043536 active_codes=1 ema_used_codes=1 step_counter=1820 last_check_step=1801 surprise_streak=1 distance_mean=0.2331 distance_p90=0.6962 distance_p95=0.985 distance_max=2.947 surprise_support=13
level=2 epoch=183/500 train_effect=0.736211 eval_effect=0.736562 train_vq=0.039453 active_codes=1 ema_used_codes=1 step_counter=1830 last_check_step=1801 surprise_streak=1 distance_mean=0.2331 distance_p90=0.6962 distance_p95=0.985 distance_max=2.947 surprise_support=13
level=2 epoch=184/500 train_effect=0.733742 eval_effect=0.736528 train_vq=0.038936 active_codes=1 ema_used_codes=1 step_counter=1840 last_check_step=1801 surprise_streak=1 distance_mean=0.2331 distance_p90=0.6962 distance_p95=0.985 distance_max=2.947 surprise_support=13
level=2 epoch=185/500 train_effect=0.737808 eval_effect=0.735976 train_vq=0.047615 active_codes=1 ema_used_codes=1 step_counter=1850 last_check_step=1801 surprise_streak=1 distance_mean=0.2331 distance_p90=0.6962 distance_p95=0.985 distance_max=2.947 surprise_support=13
level=2 epoch=186/500 train_effect=0.737173 eval_effect=0.736391 train_vq=0.040394 active_codes=1 ema_used_codes=1 step_counter=1860 last_check_step=1801 surprise_streak=1 distance_mean=0.2331 distance_p90=0.6962 distance_p95=0.985 distance_max=2.947 surprise_support=13
level=2 epoch=187/500 train_effect=0.731826 eval_effect=0.735796 train_vq=0.043311 active_codes=1 ema_used_codes=1 step_counter=1870 last_check_step=1801 surprise_streak=1 distance_mean=0.2331 distance_p90=0.6962 distance_p95=0.985 distance_max=2.947 surprise_support=13
level=2 epoch=188/500 train_effect=0.730909 eval_effect=0.735968 train_vq=0.041830 active_codes=1 ema_used_codes=1 step_counter=1880 last_check_step=1801 surprise_streak=1 distance_mean=0.2331 distance_p90=0.6962 distance_p95=0.985 distance_max=2.947 surprise_support=13
level=2 epoch=189/500 train_effect=0.740405 eval_effect=0.736047 train_vq=0.039659 active_codes=1 ema_used_codes=1 step_counter=1890 last_check_step=1801 surprise_streak=1 distance_mean=0.2331 distance_p90=0.6962 distance_p95=0.985 distance_max=2.947 surprise_support=13
level=2 epoch=190/500 train_effect=0.726034 eval_effect=0.735638 train_vq=0.050123 active_codes=1 ema_used_codes=1 step_counter=1900 last_check_step=1801 surprise_streak=1 distance_mean=0.2331 distance_p90=0.6962 distance_p95=0.985 distance_max=2.947 surprise_support=13
[Dynamic VQ] step=1901 K=1->2 support=15/256 threshold=1.0000
level=2 epoch=191/500 train_effect=0.716019 eval_effect=0.719081 train_vq=0.030482 active_codes=2 ema_used_codes=2 step_counter=1910 last_check_step=1901 surprise_streak=0 distance_mean=0.2263 distance_p90=0.5143 distance_p95=1.127 distance_max=3.372 surprise_support=15
level=2 epoch=192/500 train_effect=0.723721 eval_effect=0.720491 train_vq=0.028693 active_codes=2 ema_used_codes=2 step_counter=1920 last_check_step=1901 surprise_streak=0 distance_mean=0.2263 distance_p90=0.5143 distance_p95=1.127 distance_max=3.372 surprise_support=15
level=2 epoch=193/500 train_effect=0.718585 eval_effect=0.725310 train_vq=0.028930 active_codes=2 ema_used_codes=2 step_counter=1930 last_check_step=1901 surprise_streak=0 distance_mean=0.2263 distance_p90=0.5143 distance_p95=1.127 distance_max=3.372 surprise_support=15
level=2 epoch=194/500 train_effect=0.713975 eval_effect=0.720434 train_vq=0.026875 active_codes=2 ema_used_codes=2 step_counter=1940 last_check_step=1901 surprise_streak=0 distance_mean=0.2263 distance_p90=0.5143 distance_p95=1.127 distance_max=3.372 surprise_support=15
level=2 epoch=195/500 train_effect=0.711002 eval_effect=0.715471 train_vq=0.029723 active_codes=2 ema_used_codes=2 step_counter=1950 last_check_step=1901 surprise_streak=0 distance_mean=0.2263 distance_p90=0.5143 distance_p95=1.127 distance_max=3.372 surprise_support=15
level=2 epoch=196/500 train_effect=0.711529 eval_effect=0.706888 train_vq=0.031329 active_codes=2 ema_used_codes=2 step_counter=1960 last_check_step=1901 surprise_streak=0 distance_mean=0.2263 distance_p90=0.5143 distance_p95=1.127 distance_max=3.372 surprise_support=15
level=2 epoch=197/500 train_effect=0.708113 eval_effect=0.714032 train_vq=0.038893 active_codes=2 ema_used_codes=2 step_counter=1970 last_check_step=1901 surprise_streak=0 distance_mean=0.2263 distance_p90=0.5143 distance_p95=1.127 distance_max=3.372 surprise_support=15
level=2 epoch=198/500 train_effect=0.700311 eval_effect=0.708197 train_vq=0.036430 active_codes=2 ema_used_codes=2 step_counter=1980 last_check_step=1901 surprise_streak=0 distance_mean=0.2263 distance_p90=0.5143 distance_p95=1.127 distance_max=3.372 surprise_support=15
level=2 epoch=199/500 train_effect=0.700210 eval_effect=0.706957 train_vq=0.038699 active_codes=2 ema_used_codes=2 step_counter=1990 last_check_step=1901 surprise_streak=0 distance_mean=0.2263 distance_p90=0.5143 distance_p95=1.127 distance_max=3.372 surprise_support=15
level=2 epoch=200/500 train_effect=0.704223 eval_effect=0.705366 train_vq=0.042806 active_codes=2 ema_used_codes=2 step_counter=2000 last_check_step=1901 surprise_streak=0 distance_mean=0.2263 distance_p90=0.5143 distance_p95=1.127 distance_max=3.372 surprise_support=15
level=2 epoch=201/500 train_effect=0.709566 eval_effect=0.705362 train_vq=0.042736 active_codes=2 ema_used_codes=2 step_counter=2010 last_check_step=1901 surprise_streak=0 distance_mean=0.2263 distance_p90=0.5143 distance_p95=1.127 distance_max=3.372 surprise_support=15
level=2 epoch=202/500 train_effect=0.695356 eval_effect=0.698714 train_vq=0.037457 active_codes=2 ema_used_codes=2 step_counter=2020 last_check_step=1901 surprise_streak=0 distance_mean=0.2263 distance_p90=0.5143 distance_p95=1.127 distance_max=3.372 surprise_support=15
level=2 epoch=203/500 train_effect=0.690650 eval_effect=0.692404 train_vq=0.042096 active_codes=2 ema_used_codes=2 step_counter=2030 last_check_step=1901 surprise_streak=0 distance_mean=0.2263 distance_p90=0.5143 distance_p95=1.127 distance_max=3.372 surprise_support=15
level=2 epoch=204/500 train_effect=0.694262 eval_effect=0.694964 train_vq=0.038264 active_codes=2 ema_used_codes=2 step_counter=2040 last_check_step=1901 surprise_streak=0 distance_mean=0.2263 distance_p90=0.5143 distance_p95=1.127 distance_max=3.372 surprise_support=15
level=2 epoch=205/500 train_effect=0.694700 eval_effect=0.686675 train_vq=0.042644 active_codes=2 ema_used_codes=2 step_counter=2050 last_check_step=1901 surprise_streak=0 distance_mean=0.2263 distance_p90=0.5143 distance_p95=1.127 distance_max=3.372 surprise_support=15
level=2 epoch=206/500 train_effect=0.690495 eval_effect=0.690918 train_vq=0.039109 active_codes=2 ema_used_codes=2 step_counter=2060 last_check_step=1901 surprise_streak=0 distance_mean=0.2263 distance_p90=0.5143 distance_p95=1.127 distance_max=3.372 surprise_support=15
level=2 epoch=207/500 train_effect=0.686486 eval_effect=0.693000 train_vq=0.042770 active_codes=2 ema_used_codes=2 step_counter=2070 last_check_step=1901 surprise_streak=0 distance_mean=0.2263 distance_p90=0.5143 distance_p95=1.127 distance_max=3.372 surprise_support=15
level=2 epoch=208/500 train_effect=0.695395 eval_effect=0.683498 train_vq=0.048897 active_codes=2 ema_used_codes=2 step_counter=2080 last_check_step=1901 surprise_streak=0 distance_mean=0.2263 distance_p90=0.5143 distance_p95=1.127 distance_max=3.372 surprise_support=15
level=2 epoch=209/500 train_effect=0.676647 eval_effect=0.683618 train_vq=0.042901 active_codes=2 ema_used_codes=2 step_counter=2090 last_check_step=1901 surprise_streak=0 distance_mean=0.2263 distance_p90=0.5143 distance_p95=1.127 distance_max=3.372 surprise_support=15
level=2 epoch=210/500 train_effect=0.682518 eval_effect=0.684482 train_vq=0.046513 active_codes=2 ema_used_codes=2 step_counter=2100 last_check_step=1901 surprise_streak=0 distance_mean=0.2263 distance_p90=0.5143 distance_p95=1.127 distance_max=3.372 surprise_support=15
level=2 epoch=211/500 train_effect=0.685086 eval_effect=0.692817 train_vq=0.045934 active_codes=2 ema_used_codes=2 step_counter=2110 last_check_step=1901 surprise_streak=0 distance_mean=0.2263 distance_p90=0.5143 distance_p95=1.127 distance_max=3.372 surprise_support=15
level=2 epoch=212/500 train_effect=0.684522 eval_effect=0.681526 train_vq=0.042536 active_codes=2 ema_used_codes=2 step_counter=2120 last_check_step=1901 surprise_streak=0 distance_mean=0.2263 distance_p90=0.5143 distance_p95=1.127 distance_max=3.372 surprise_support=15
level=2 epoch=213/500 train_effect=0.690155 eval_effect=0.675788 train_vq=0.047297 active_codes=2 ema_used_codes=2 step_counter=2130 last_check_step=1901 surprise_streak=0 distance_mean=0.2263 distance_p90=0.5143 distance_p95=1.127 distance_max=3.372 surprise_support=15
level=2 epoch=214/500 train_effect=0.678309 eval_effect=0.681071 train_vq=0.050475 active_codes=2 ema_used_codes=2 step_counter=2140 last_check_step=1901 surprise_streak=0 distance_mean=0.2263 distance_p90=0.5143 distance_p95=1.127 distance_max=3.372 surprise_support=15
level=2 epoch=215/500 train_effect=0.686182 eval_effect=0.680290 train_vq=0.044928 active_codes=2 ema_used_codes=2 step_counter=2150 last_check_step=1901 surprise_streak=0 distance_mean=0.2263 distance_p90=0.5143 distance_p95=1.127 distance_max=3.372 surprise_support=15
level=2 epoch=216/500 train_effect=0.681687 eval_effect=0.680245 train_vq=0.045664 active_codes=2 ema_used_codes=2 step_counter=2160 last_check_step=1901 surprise_streak=0 distance_mean=0.2263 distance_p90=0.5143 distance_p95=1.127 distance_max=3.372 surprise_support=15
level=2 epoch=217/500 train_effect=0.683002 eval_effect=0.685157 train_vq=0.046471 active_codes=2 ema_used_codes=2 step_counter=2170 last_check_step=1901 surprise_streak=0 distance_mean=0.2263 distance_p90=0.5143 distance_p95=1.127 distance_max=3.372 surprise_support=15
level=2 epoch=218/500 train_effect=0.680402 eval_effect=0.688549 train_vq=0.050924 active_codes=2 ema_used_codes=2 step_counter=2180 last_check_step=1901 surprise_streak=0 distance_mean=0.2263 distance_p90=0.5143 distance_p95=1.127 distance_max=3.372 surprise_support=15
level=2 epoch=219/500 train_effect=0.691276 eval_effect=0.679468 train_vq=0.046417 active_codes=2 ema_used_codes=2 step_counter=2190 last_check_step=1901 surprise_streak=0 distance_mean=0.2263 distance_p90=0.5143 distance_p95=1.127 distance_max=3.372 surprise_support=15
level=2 epoch=220/500 train_effect=0.680127 eval_effect=0.678432 train_vq=0.057136 active_codes=2 ema_used_codes=2 step_counter=2200 last_check_step=1901 surprise_streak=0 distance_mean=0.2263 distance_p90=0.5143 distance_p95=1.127 distance_max=3.372 surprise_support=15
level=2 epoch=221/500 train_effect=0.685836 eval_effect=0.671820 train_vq=0.051374 active_codes=2 ema_used_codes=2 step_counter=2210 last_check_step=1901 surprise_streak=0 distance_mean=0.2263 distance_p90=0.5143 distance_p95=1.127 distance_max=3.372 surprise_support=15
level=2 epoch=222/500 train_effect=0.680488 eval_effect=0.675041 train_vq=0.045049 active_codes=2 ema_used_codes=2 step_counter=2220 last_check_step=1901 surprise_streak=0 distance_mean=0.2263 distance_p90=0.5143 distance_p95=1.127 distance_max=3.372 surprise_support=15
level=2 epoch=223/500 train_effect=0.675213 eval_effect=0.671544 train_vq=0.055805 active_codes=2 ema_used_codes=2 step_counter=2230 last_check_step=1901 surprise_streak=0 distance_mean=0.2263 distance_p90=0.5143 distance_p95=1.127 distance_max=3.372 surprise_support=15
level=2 epoch=224/500 train_effect=0.691140 eval_effect=0.689770 train_vq=0.056193 active_codes=2 ema_used_codes=2 step_counter=2240 last_check_step=1901 surprise_streak=0 distance_mean=0.2263 distance_p90=0.5143 distance_p95=1.127 distance_max=3.372 surprise_support=15
level=2 epoch=225/500 train_effect=0.674232 eval_effect=0.692913 train_vq=0.059020 active_codes=2 ema_used_codes=2 step_counter=2250 last_check_step=1901 surprise_streak=0 distance_mean=0.2263 distance_p90=0.5143 distance_p95=1.127 distance_max=3.372 surprise_support=15
level=2 epoch=226/500 train_effect=0.669798 eval_effect=0.674878 train_vq=0.065248 active_codes=2 ema_used_codes=2 step_counter=2260 last_check_step=1901 surprise_streak=0 distance_mean=0.2263 distance_p90=0.5143 distance_p95=1.127 distance_max=3.372 surprise_support=15
level=2 epoch=227/500 train_effect=0.676033 eval_effect=0.686782 train_vq=0.056353 active_codes=2 ema_used_codes=2 step_counter=2270 last_check_step=1901 surprise_streak=0 distance_mean=0.2263 distance_p90=0.5143 distance_p95=1.127 distance_max=3.372 surprise_support=15
level=2 epoch=228/500 train_effect=0.664602 eval_effect=0.655095 train_vq=0.056376 active_codes=2 ema_used_codes=2 step_counter=2280 last_check_step=1901 surprise_streak=0 distance_mean=0.2263 distance_p90=0.5143 distance_p95=1.127 distance_max=3.372 surprise_support=15
level=2 epoch=229/500 train_effect=0.672675 eval_effect=0.658802 train_vq=0.061122 active_codes=2 ema_used_codes=2 step_counter=2290 last_check_step=1901 surprise_streak=0 distance_mean=0.2263 distance_p90=0.5143 distance_p95=1.127 distance_max=3.372 surprise_support=15
level=2 epoch=230/500 train_effect=0.674126 eval_effect=0.659975 train_vq=0.064913 active_codes=2 ema_used_codes=2 step_counter=2300 last_check_step=1901 surprise_streak=0 distance_mean=0.2263 distance_p90=0.5143 distance_p95=1.127 distance_max=3.372 surprise_support=15
level=2 epoch=231/500 train_effect=0.665968 eval_effect=0.660712 train_vq=0.056843 active_codes=2 ema_used_codes=2 step_counter=2310 last_check_step=1901 surprise_streak=0 distance_mean=0.2263 distance_p90=0.5143 distance_p95=1.127 distance_max=3.372 surprise_support=15
level=2 epoch=232/500 train_effect=0.673806 eval_effect=0.656424 train_vq=0.063007 active_codes=2 ema_used_codes=2 step_counter=2320 last_check_step=1901 surprise_streak=0 distance_mean=0.2263 distance_p90=0.5143 distance_p95=1.127 distance_max=3.372 surprise_support=15
level=2 epoch=233/500 train_effect=0.662239 eval_effect=0.673082 train_vq=0.061296 active_codes=2 ema_used_codes=2 step_counter=2330 last_check_step=1901 surprise_streak=0 distance_mean=0.2263 distance_p90=0.5143 distance_p95=1.127 distance_max=3.372 surprise_support=15
level=2 epoch=234/500 train_effect=0.661457 eval_effect=0.659094 train_vq=0.059913 active_codes=2 ema_used_codes=2 step_counter=2340 last_check_step=1901 surprise_streak=0 distance_mean=0.2263 distance_p90=0.5143 distance_p95=1.127 distance_max=3.372 surprise_support=15
level=2 epoch=235/500 train_effect=0.666697 eval_effect=0.664712 train_vq=0.062020 active_codes=2 ema_used_codes=2 step_counter=2350 last_check_step=1901 surprise_streak=0 distance_mean=0.2263 distance_p90=0.5143 distance_p95=1.127 distance_max=3.372 surprise_support=15
level=2 epoch=236/500 train_effect=0.669040 eval_effect=0.667251 train_vq=0.054712 active_codes=2 ema_used_codes=2 step_counter=2360 last_check_step=1901 surprise_streak=0 distance_mean=0.2263 distance_p90=0.5143 distance_p95=1.127 distance_max=3.372 surprise_support=15
level=2 epoch=237/500 train_effect=0.663184 eval_effect=0.667020 train_vq=0.065912 active_codes=2 ema_used_codes=2 step_counter=2370 last_check_step=1901 surprise_streak=0 distance_mean=0.2263 distance_p90=0.5143 distance_p95=1.127 distance_max=3.372 surprise_support=15
level=2 epoch=238/500 train_effect=0.656665 eval_effect=0.639364 train_vq=0.057317 active_codes=2 ema_used_codes=2 step_counter=2380 last_check_step=1901 surprise_streak=0 distance_mean=0.2263 distance_p90=0.5143 distance_p95=1.127 distance_max=3.372 surprise_support=15
level=2 epoch=239/500 train_effect=0.662762 eval_effect=0.666410 train_vq=0.068863 active_codes=2 ema_used_codes=2 step_counter=2390 last_check_step=1901 surprise_streak=0 distance_mean=0.2263 distance_p90=0.5143 distance_p95=1.127 distance_max=3.372 surprise_support=15
level=2 epoch=240/500 train_effect=0.656332 eval_effect=0.667514 train_vq=0.054362 active_codes=2 ema_used_codes=2 step_counter=2400 last_check_step=1901 surprise_streak=0 distance_mean=0.2263 distance_p90=0.5143 distance_p95=1.127 distance_max=3.372 surprise_support=15
level=2 epoch=241/500 train_effect=0.669825 eval_effect=0.655565 train_vq=0.051671 active_codes=2 ema_used_codes=2 step_counter=2410 last_check_step=1901 surprise_streak=0 distance_mean=0.2263 distance_p90=0.5143 distance_p95=1.127 distance_max=3.372 surprise_support=15
level=2 epoch=242/500 train_effect=0.656026 eval_effect=0.660980 train_vq=0.050465 active_codes=2 ema_used_codes=2 step_counter=2420 last_check_step=1901 surprise_streak=0 distance_mean=0.2263 distance_p90=0.5143 distance_p95=1.127 distance_max=3.372 surprise_support=15
level=2 epoch=243/500 train_effect=0.660686 eval_effect=0.658197 train_vq=0.064408 active_codes=2 ema_used_codes=2 step_counter=2430 last_check_step=1901 surprise_streak=0 distance_mean=0.2263 distance_p90=0.5143 distance_p95=1.127 distance_max=3.372 surprise_support=15
level=2 epoch=244/500 train_effect=0.665378 eval_effect=0.652651 train_vq=0.059642 active_codes=2 ema_used_codes=2 step_counter=2440 last_check_step=1901 surprise_streak=0 distance_mean=0.2263 distance_p90=0.5143 distance_p95=1.127 distance_max=3.372 surprise_support=15
level=2 epoch=245/500 train_effect=0.663941 eval_effect=0.648102 train_vq=0.061141 active_codes=2 ema_used_codes=2 step_counter=2450 last_check_step=1901 surprise_streak=0 distance_mean=0.2263 distance_p90=0.5143 distance_p95=1.127 distance_max=3.372 surprise_support=15
level=2 epoch=246/500 train_effect=0.669039 eval_effect=0.630585 train_vq=0.058180 active_codes=2 ema_used_codes=2 step_counter=2460 last_check_step=1901 surprise_streak=0 distance_mean=0.2263 distance_p90=0.5143 distance_p95=1.127 distance_max=3.372 surprise_support=15
level=2 epoch=247/500 train_effect=0.647974 eval_effect=0.641512 train_vq=0.062471 active_codes=2 ema_used_codes=2 step_counter=2470 last_check_step=1901 surprise_streak=0 distance_mean=0.2263 distance_p90=0.5143 distance_p95=1.127 distance_max=3.372 surprise_support=15
level=2 epoch=248/500 train_effect=0.660346 eval_effect=0.664131 train_vq=0.057625 active_codes=2 ema_used_codes=2 step_counter=2480 last_check_step=1901 surprise_streak=0 distance_mean=0.2263 distance_p90=0.5143 distance_p95=1.127 distance_max=3.372 surprise_support=15
level=2 epoch=249/500 train_effect=0.670434 eval_effect=0.663683 train_vq=0.059547 active_codes=2 ema_used_codes=2 step_counter=2490 last_check_step=1901 surprise_streak=0 distance_mean=0.2263 distance_p90=0.5143 distance_p95=1.127 distance_max=3.372 surprise_support=15
level=2 epoch=250/500 train_effect=0.659710 eval_effect=0.641618 train_vq=0.059221 active_codes=2 ema_used_codes=2 step_counter=2500 last_check_step=1901 surprise_streak=0 distance_mean=0.2263 distance_p90=0.5143 distance_p95=1.127 distance_max=3.372 surprise_support=15
level=2 epoch=251/500 train_effect=0.641160 eval_effect=0.634634 train_vq=0.059154 active_codes=2 ema_used_codes=2 step_counter=2510 last_check_step=1901 surprise_streak=0 distance_mean=0.2263 distance_p90=0.5143 distance_p95=1.127 distance_max=3.372 surprise_support=15
level=2 epoch=252/500 train_effect=0.651142 eval_effect=0.636202 train_vq=0.057771 active_codes=2 ema_used_codes=2 step_counter=2520 last_check_step=1901 surprise_streak=0 distance_mean=0.2263 distance_p90=0.5143 distance_p95=1.127 distance_max=3.372 surprise_support=15
level=2 epoch=253/500 train_effect=0.649888 eval_effect=0.640074 train_vq=0.062083 active_codes=2 ema_used_codes=2 step_counter=2530 last_check_step=1901 surprise_streak=0 distance_mean=0.2263 distance_p90=0.5143 distance_p95=1.127 distance_max=3.372 surprise_support=15
level=2 epoch=254/500 train_effect=0.660042 eval_effect=0.645152 train_vq=0.047480 active_codes=2 ema_used_codes=2 step_counter=2540 last_check_step=1901 surprise_streak=0 distance_mean=0.2263 distance_p90=0.5143 distance_p95=1.127 distance_max=3.372 surprise_support=15
level=2 epoch=255/500 train_effect=0.659923 eval_effect=0.643288 train_vq=0.069649 active_codes=2 ema_used_codes=2 step_counter=2550 last_check_step=1901 surprise_streak=0 distance_mean=0.2263 distance_p90=0.5143 distance_p95=1.127 distance_max=3.372 surprise_support=15
level=2 epoch=256/500 train_effect=0.654733 eval_effect=0.638622 train_vq=0.065486 active_codes=2 ema_used_codes=2 step_counter=2560 last_check_step=1901 surprise_streak=0 distance_mean=0.2263 distance_p90=0.5143 distance_p95=1.127 distance_max=3.372 surprise_support=15
level=2 epoch=257/500 train_effect=0.652291 eval_effect=0.627789 train_vq=0.052053 active_codes=2 ema_used_codes=2 step_counter=2570 last_check_step=1901 surprise_streak=0 distance_mean=0.2263 distance_p90=0.5143 distance_p95=1.127 distance_max=3.372 surprise_support=15
level=2 epoch=258/500 train_effect=0.642701 eval_effect=0.640678 train_vq=0.051587 active_codes=2 ema_used_codes=2 step_counter=2580 last_check_step=1901 surprise_streak=0 distance_mean=0.2263 distance_p90=0.5143 distance_p95=1.127 distance_max=3.372 surprise_support=15
level=2 epoch=259/500 train_effect=0.653288 eval_effect=0.643492 train_vq=0.054759 active_codes=2 ema_used_codes=2 step_counter=2590 last_check_step=1901 surprise_streak=0 distance_mean=0.2263 distance_p90=0.5143 distance_p95=1.127 distance_max=3.372 surprise_support=15
level=2 epoch=260/500 train_effect=0.650745 eval_effect=0.629902 train_vq=0.053261 active_codes=2 ema_used_codes=2 step_counter=2600 last_check_step=1901 surprise_streak=0 distance_mean=0.2263 distance_p90=0.5143 distance_p95=1.127 distance_max=3.372 surprise_support=15
level=2 epoch=261/500 train_effect=0.660371 eval_effect=0.641728 train_vq=0.054791 active_codes=2 ema_used_codes=2 step_counter=2610 last_check_step=1901 surprise_streak=0 distance_mean=0.2263 distance_p90=0.5143 distance_p95=1.127 distance_max=3.372 surprise_support=15
level=2 epoch=262/500 train_effect=0.627413 eval_effect=0.626515 train_vq=0.056071 active_codes=2 ema_used_codes=2 step_counter=2620 last_check_step=1901 surprise_streak=0 distance_mean=0.2263 distance_p90=0.5143 distance_p95=1.127 distance_max=3.372 surprise_support=15
level=2 epoch=263/500 train_effect=0.644844 eval_effect=0.661665 train_vq=0.057406 active_codes=2 ema_used_codes=2 step_counter=2630 last_check_step=1901 surprise_streak=0 distance_mean=0.2263 distance_p90=0.5143 distance_p95=1.127 distance_max=3.372 surprise_support=15
level=2 epoch=264/500 train_effect=0.646086 eval_effect=0.636383 train_vq=0.067088 active_codes=2 ema_used_codes=2 step_counter=2640 last_check_step=1901 surprise_streak=0 distance_mean=0.2263 distance_p90=0.5143 distance_p95=1.127 distance_max=3.372 surprise_support=15
level=2 epoch=265/500 train_effect=0.646764 eval_effect=0.628251 train_vq=0.047273 active_codes=2 ema_used_codes=2 step_counter=2650 last_check_step=1901 surprise_streak=0 distance_mean=0.2263 distance_p90=0.5143 distance_p95=1.127 distance_max=3.372 surprise_support=15
level=2 epoch=266/500 train_effect=0.632263 eval_effect=0.623885 train_vq=0.057705 active_codes=2 ema_used_codes=2 step_counter=2660 last_check_step=1901 surprise_streak=0 distance_mean=0.2263 distance_p90=0.5143 distance_p95=1.127 distance_max=3.372 surprise_support=15
level=2 epoch=267/500 train_effect=0.638107 eval_effect=0.627986 train_vq=0.055090 active_codes=2 ema_used_codes=2 step_counter=2670 last_check_step=1901 surprise_streak=0 distance_mean=0.2263 distance_p90=0.5143 distance_p95=1.127 distance_max=3.372 surprise_support=15
level=2 epoch=268/500 train_effect=0.635030 eval_effect=0.623499 train_vq=0.051247 active_codes=2 ema_used_codes=2 step_counter=2680 last_check_step=1901 surprise_streak=0 distance_mean=0.2263 distance_p90=0.5143 distance_p95=1.127 distance_max=3.372 surprise_support=15
level=2 epoch=269/500 train_effect=0.632122 eval_effect=0.618360 train_vq=0.057827 active_codes=2 ema_used_codes=2 step_counter=2690 last_check_step=1901 surprise_streak=0 distance_mean=0.2263 distance_p90=0.5143 distance_p95=1.127 distance_max=3.372 surprise_support=15
level=2 epoch=270/500 train_effect=0.628606 eval_effect=0.621318 train_vq=0.051917 active_codes=2 ema_used_codes=2 step_counter=2700 last_check_step=1901 surprise_streak=0 distance_mean=0.2263 distance_p90=0.5143 distance_p95=1.127 distance_max=3.372 surprise_support=15
level=2 epoch=271/500 train_effect=0.641839 eval_effect=0.626296 train_vq=0.061966 active_codes=2 ema_used_codes=2 step_counter=2710 last_check_step=1901 surprise_streak=0 distance_mean=0.2263 distance_p90=0.5143 distance_p95=1.127 distance_max=3.372 surprise_support=15
level=2 epoch=272/500 train_effect=0.624087 eval_effect=0.620508 train_vq=0.059333 active_codes=2 ema_used_codes=2 step_counter=2720 last_check_step=1901 surprise_streak=0 distance_mean=0.2263 distance_p90=0.5143 distance_p95=1.127 distance_max=3.372 surprise_support=15
level=2 epoch=273/500 train_effect=0.634030 eval_effect=0.624095 train_vq=0.048650 active_codes=2 ema_used_codes=2 step_counter=2730 last_check_step=1901 surprise_streak=0 distance_mean=0.2263 distance_p90=0.5143 distance_p95=1.127 distance_max=3.372 surprise_support=15
level=2 epoch=274/500 train_effect=0.635342 eval_effect=0.624726 train_vq=0.059864 active_codes=2 ema_used_codes=2 step_counter=2740 last_check_step=1901 surprise_streak=0 distance_mean=0.2263 distance_p90=0.5143 distance_p95=1.127 distance_max=3.372 surprise_support=15
level=2 epoch=275/500 train_effect=0.636868 eval_effect=0.614211 train_vq=0.045478 active_codes=2 ema_used_codes=2 step_counter=2750 last_check_step=1901 surprise_streak=0 distance_mean=0.2263 distance_p90=0.5143 distance_p95=1.127 distance_max=3.372 surprise_support=15
level=2 epoch=276/500 train_effect=0.626142 eval_effect=0.622941 train_vq=0.061305 active_codes=2 ema_used_codes=2 step_counter=2760 last_check_step=1901 surprise_streak=0 distance_mean=0.2263 distance_p90=0.5143 distance_p95=1.127 distance_max=3.372 surprise_support=15
level=2 epoch=277/500 train_effect=0.634497 eval_effect=0.615328 train_vq=0.049874 active_codes=2 ema_used_codes=2 step_counter=2770 last_check_step=1901 surprise_streak=0 distance_mean=0.2263 distance_p90=0.5143 distance_p95=1.127 distance_max=3.372 surprise_support=15
level=2 epoch=278/500 train_effect=0.630791 eval_effect=0.615654 train_vq=0.058500 active_codes=2 ema_used_codes=2 step_counter=2780 last_check_step=1901 surprise_streak=0 distance_mean=0.2263 distance_p90=0.5143 distance_p95=1.127 distance_max=3.372 surprise_support=15
level=2 epoch=279/500 train_effect=0.635114 eval_effect=0.612288 train_vq=0.049762 active_codes=2 ema_used_codes=2 step_counter=2790 last_check_step=1901 surprise_streak=0 distance_mean=0.2263 distance_p90=0.5143 distance_p95=1.127 distance_max=3.372 surprise_support=15
level=2 epoch=280/500 train_effect=0.634504 eval_effect=0.617994 train_vq=0.060039 active_codes=2 ema_used_codes=2 step_counter=2800 last_check_step=1901 surprise_streak=0 distance_mean=0.2263 distance_p90=0.5143 distance_p95=1.127 distance_max=3.372 surprise_support=15
level=2 epoch=281/500 train_effect=0.639676 eval_effect=0.616105 train_vq=0.050005 active_codes=2 ema_used_codes=2 step_counter=2810 last_check_step=1901 surprise_streak=0 distance_mean=0.2263 distance_p90=0.5143 distance_p95=1.127 distance_max=3.372 surprise_support=15
level=2 epoch=282/500 train_effect=0.624994 eval_effect=0.624037 train_vq=0.053955 active_codes=2 ema_used_codes=2 step_counter=2820 last_check_step=1901 surprise_streak=0 distance_mean=0.2263 distance_p90=0.5143 distance_p95=1.127 distance_max=3.372 surprise_support=15
level=2 epoch=283/500 train_effect=0.629537 eval_effect=0.619751 train_vq=0.059122 active_codes=2 ema_used_codes=2 step_counter=2830 last_check_step=1901 surprise_streak=0 distance_mean=0.2263 distance_p90=0.5143 distance_p95=1.127 distance_max=3.372 surprise_support=15
level=2 epoch=284/500 train_effect=0.622905 eval_effect=0.614574 train_vq=0.056369 active_codes=2 ema_used_codes=2 step_counter=2840 last_check_step=1901 surprise_streak=0 distance_mean=0.2263 distance_p90=0.5143 distance_p95=1.127 distance_max=3.372 surprise_support=15
level=2 epoch=285/500 train_effect=0.630417 eval_effect=0.614649 train_vq=0.048072 active_codes=2 ema_used_codes=2 step_counter=2850 last_check_step=1901 surprise_streak=0 distance_mean=0.2263 distance_p90=0.5143 distance_p95=1.127 distance_max=3.372 surprise_support=15
level=2 epoch=286/500 train_effect=0.627144 eval_effect=0.618981 train_vq=0.057612 active_codes=2 ema_used_codes=2 step_counter=2860 last_check_step=1901 surprise_streak=0 distance_mean=0.2263 distance_p90=0.5143 distance_p95=1.127 distance_max=3.372 surprise_support=15
level=2 epoch=287/500 train_effect=0.621699 eval_effect=0.625565 train_vq=0.049050 active_codes=2 ema_used_codes=2 step_counter=2870 last_check_step=1901 surprise_streak=0 distance_mean=0.2263 distance_p90=0.5143 distance_p95=1.127 distance_max=3.372 surprise_support=15
level=2 epoch=288/500 train_effect=0.626915 eval_effect=0.613195 train_vq=0.050205 active_codes=2 ema_used_codes=2 step_counter=2880 last_check_step=1901 surprise_streak=0 distance_mean=0.2263 distance_p90=0.5143 distance_p95=1.127 distance_max=3.372 surprise_support=15
level=2 epoch=289/500 train_effect=0.621805 eval_effect=0.607186 train_vq=0.061879 active_codes=2 ema_used_codes=2 step_counter=2890 last_check_step=1901 surprise_streak=0 distance_mean=0.2263 distance_p90=0.5143 distance_p95=1.127 distance_max=3.372 surprise_support=15
level=2 epoch=290/500 train_effect=0.620742 eval_effect=0.623499 train_vq=0.049849 active_codes=2 ema_used_codes=2 step_counter=2900 last_check_step=1901 surprise_streak=0 distance_mean=0.2263 distance_p90=0.5143 distance_p95=1.127 distance_max=3.372 surprise_support=15
level=2 epoch=291/500 train_effect=0.627562 eval_effect=0.608590 train_vq=0.052669 active_codes=2 ema_used_codes=2 step_counter=2910 last_check_step=1901 surprise_streak=0 distance_mean=0.2263 distance_p90=0.5143 distance_p95=1.127 distance_max=3.372 surprise_support=15
level=2 epoch=292/500 train_effect=0.615505 eval_effect=0.622810 train_vq=0.049587 active_codes=2 ema_used_codes=2 step_counter=2920 last_check_step=1901 surprise_streak=0 distance_mean=0.2263 distance_p90=0.5143 distance_p95=1.127 distance_max=3.372 surprise_support=15
level=2 epoch=293/500 train_effect=0.623873 eval_effect=0.619861 train_vq=0.059397 active_codes=2 ema_used_codes=2 step_counter=2930 last_check_step=1901 surprise_streak=0 distance_mean=0.2263 distance_p90=0.5143 distance_p95=1.127 distance_max=3.372 surprise_support=15
level=2 epoch=294/500 train_effect=0.619763 eval_effect=0.627092 train_vq=0.048342 active_codes=2 ema_used_codes=2 step_counter=2940 last_check_step=1901 surprise_streak=0 distance_mean=0.2263 distance_p90=0.5143 distance_p95=1.127 distance_max=3.372 surprise_support=15
level=2 epoch=295/500 train_effect=0.635043 eval_effect=0.607610 train_vq=0.047052 active_codes=2 ema_used_codes=2 step_counter=2950 last_check_step=1901 surprise_streak=0 distance_mean=0.2263 distance_p90=0.5143 distance_p95=1.127 distance_max=3.372 surprise_support=15
level=2 epoch=296/500 train_effect=0.617765 eval_effect=0.599458 train_vq=0.056240 active_codes=2 ema_used_codes=2 step_counter=2960 last_check_step=1901 surprise_streak=0 distance_mean=0.2263 distance_p90=0.5143 distance_p95=1.127 distance_max=3.372 surprise_support=15
level=2 epoch=297/500 train_effect=0.628037 eval_effect=0.601560 train_vq=0.059626 active_codes=2 ema_used_codes=2 step_counter=2970 last_check_step=1901 surprise_streak=0 distance_mean=0.2263 distance_p90=0.5143 distance_p95=1.127 distance_max=3.372 surprise_support=15
level=2 epoch=298/500 train_effect=0.624445 eval_effect=0.608245 train_vq=0.055470 active_codes=2 ema_used_codes=2 step_counter=2980 last_check_step=1901 surprise_streak=0 distance_mean=0.2263 distance_p90=0.5143 distance_p95=1.127 distance_max=3.372 surprise_support=15
level=2 epoch=299/500 train_effect=0.625053 eval_effect=0.619803 train_vq=0.051524 active_codes=2 ema_used_codes=2 step_counter=2990 last_check_step=1901 surprise_streak=0 distance_mean=0.2263 distance_p90=0.5143 distance_p95=1.127 distance_max=3.372 surprise_support=15
level=2 epoch=300/500 train_effect=0.625365 eval_effect=0.620261 train_vq=0.051311 active_codes=2 ema_used_codes=2 step_counter=3000 last_check_step=1901 surprise_streak=0 distance_mean=0.2263 distance_p90=0.5143 distance_p95=1.127 distance_max=3.372 surprise_support=15
level=2 epoch=301/500 train_effect=0.610561 eval_effect=0.603538 train_vq=0.059382 active_codes=2 ema_used_codes=2 step_counter=3010 last_check_step=1901 surprise_streak=0 distance_mean=0.2263 distance_p90=0.5143 distance_p95=1.127 distance_max=3.372 surprise_support=15
level=2 epoch=302/500 train_effect=0.617931 eval_effect=0.608604 train_vq=0.052567 active_codes=2 ema_used_codes=2 step_counter=3020 last_check_step=1901 surprise_streak=0 distance_mean=0.2263 distance_p90=0.5143 distance_p95=1.127 distance_max=3.372 surprise_support=15
level=2 epoch=303/500 train_effect=0.623108 eval_effect=0.619353 train_vq=0.051433 active_codes=2 ema_used_codes=2 step_counter=3030 last_check_step=1901 surprise_streak=0 distance_mean=0.2263 distance_p90=0.5143 distance_p95=1.127 distance_max=3.372 surprise_support=15
level=2 epoch=304/500 train_effect=0.624005 eval_effect=0.599867 train_vq=0.056273 active_codes=2 ema_used_codes=2 step_counter=3040 last_check_step=1901 surprise_streak=0 distance_mean=0.2263 distance_p90=0.5143 distance_p95=1.127 distance_max=3.372 surprise_support=15
level=2 epoch=305/500 train_effect=0.610959 eval_effect=0.605683 train_vq=0.051918 active_codes=2 ema_used_codes=2 step_counter=3050 last_check_step=1901 surprise_streak=0 distance_mean=0.2263 distance_p90=0.5143 distance_p95=1.127 distance_max=3.372 surprise_support=15
level=2 epoch=306/500 train_effect=0.615310 eval_effect=0.611585 train_vq=0.054139 active_codes=2 ema_used_codes=2 step_counter=3060 last_check_step=1901 surprise_streak=0 distance_mean=0.2263 distance_p90=0.5143 distance_p95=1.127 distance_max=3.372 surprise_support=15
level=2 epoch=307/500 train_effect=0.612121 eval_effect=0.601503 train_vq=0.054432 active_codes=2 ema_used_codes=2 step_counter=3070 last_check_step=1901 surprise_streak=0 distance_mean=0.2263 distance_p90=0.5143 distance_p95=1.127 distance_max=3.372 surprise_support=15
level=2 epoch=308/500 train_effect=0.613269 eval_effect=0.600259 train_vq=0.048210 active_codes=2 ema_used_codes=2 step_counter=3080 last_check_step=1901 surprise_streak=0 distance_mean=0.2263 distance_p90=0.5143 distance_p95=1.127 distance_max=3.372 surprise_support=15
level=2 epoch=309/500 train_effect=0.620833 eval_effect=0.597044 train_vq=0.056026 active_codes=2 ema_used_codes=2 step_counter=3090 last_check_step=1901 surprise_streak=0 distance_mean=0.2263 distance_p90=0.5143 distance_p95=1.127 distance_max=3.372 surprise_support=15
level=2 epoch=310/500 train_effect=0.611451 eval_effect=0.620994 train_vq=0.049206 active_codes=2 ema_used_codes=2 step_counter=3100 last_check_step=1901 surprise_streak=0 distance_mean=0.2263 distance_p90=0.5143 distance_p95=1.127 distance_max=3.372 surprise_support=15
level=2 epoch=311/500 train_effect=0.615060 eval_effect=0.602251 train_vq=0.057476 active_codes=2 ema_used_codes=2 step_counter=3110 last_check_step=1901 surprise_streak=0 distance_mean=0.2263 distance_p90=0.5143 distance_p95=1.127 distance_max=3.372 surprise_support=15
level=2 epoch=312/500 train_effect=0.619218 eval_effect=0.607560 train_vq=0.050536 active_codes=2 ema_used_codes=2 step_counter=3120 last_check_step=1901 surprise_streak=0 distance_mean=0.2263 distance_p90=0.5143 distance_p95=1.127 distance_max=3.372 surprise_support=15
level=2 epoch=313/500 train_effect=0.619968 eval_effect=0.597002 train_vq=0.049546 active_codes=2 ema_used_codes=2 step_counter=3130 last_check_step=1901 surprise_streak=0 distance_mean=0.2263 distance_p90=0.5143 distance_p95=1.127 distance_max=3.372 surprise_support=15
level=2 epoch=314/500 train_effect=0.617100 eval_effect=0.595976 train_vq=0.059638 active_codes=2 ema_used_codes=2 step_counter=3140 last_check_step=1901 surprise_streak=0 distance_mean=0.2263 distance_p90=0.5143 distance_p95=1.127 distance_max=3.372 surprise_support=15
level=2 epoch=315/500 train_effect=0.631322 eval_effect=0.604902 train_vq=0.056565 active_codes=2 ema_used_codes=2 step_counter=3150 last_check_step=1901 surprise_streak=0 distance_mean=0.2263 distance_p90=0.5143 distance_p95=1.127 distance_max=3.372 surprise_support=15
level=2 epoch=316/500 train_effect=0.603626 eval_effect=0.609466 train_vq=0.053290 active_codes=2 ema_used_codes=2 step_counter=3160 last_check_step=1901 surprise_streak=0 distance_mean=0.2263 distance_p90=0.5143 distance_p95=1.127 distance_max=3.372 surprise_support=15
level=2 epoch=317/500 train_effect=0.630706 eval_effect=0.605574 train_vq=0.053162 active_codes=2 ema_used_codes=2 step_counter=3170 last_check_step=1901 surprise_streak=0 distance_mean=0.2263 distance_p90=0.5143 distance_p95=1.127 distance_max=3.372 surprise_support=15
level=2 epoch=318/500 train_effect=0.615912 eval_effect=0.607200 train_vq=0.055509 active_codes=2 ema_used_codes=2 step_counter=3180 last_check_step=1901 surprise_streak=0 distance_mean=0.2263 distance_p90=0.5143 distance_p95=1.127 distance_max=3.372 surprise_support=15
level=2 epoch=319/500 train_effect=0.620951 eval_effect=0.605725 train_vq=0.050518 active_codes=2 ema_used_codes=2 step_counter=3190 last_check_step=1901 surprise_streak=0 distance_mean=0.2263 distance_p90=0.5143 distance_p95=1.127 distance_max=3.372 surprise_support=15
level=2 epoch=320/500 train_effect=0.614052 eval_effect=0.620480 train_vq=0.054544 active_codes=2 ema_used_codes=2 step_counter=3200 last_check_step=1901 surprise_streak=0 distance_mean=0.2263 distance_p90=0.5143 distance_p95=1.127 distance_max=3.372 surprise_support=15
level=2 epoch=321/500 train_effect=0.612329 eval_effect=0.597848 train_vq=0.057267 active_codes=2 ema_used_codes=2 step_counter=3210 last_check_step=1901 surprise_streak=0 distance_mean=0.2263 distance_p90=0.5143 distance_p95=1.127 distance_max=3.372 surprise_support=15
level=2 epoch=322/500 train_effect=0.616223 eval_effect=0.610568 train_vq=0.055695 active_codes=2 ema_used_codes=2 step_counter=3220 last_check_step=1901 surprise_streak=0 distance_mean=0.2263 distance_p90=0.5143 distance_p95=1.127 distance_max=3.372 surprise_support=15
level=2 epoch=323/500 train_effect=0.615188 eval_effect=0.613375 train_vq=0.056466 active_codes=2 ema_used_codes=2 step_counter=3230 last_check_step=1901 surprise_streak=0 distance_mean=0.2263 distance_p90=0.5143 distance_p95=1.127 distance_max=3.372 surprise_support=15
level=2 epoch=324/500 train_effect=0.610578 eval_effect=0.606802 train_vq=0.056991 active_codes=2 ema_used_codes=2 step_counter=3240 last_check_step=1901 surprise_streak=0 distance_mean=0.2263 distance_p90=0.5143 distance_p95=1.127 distance_max=3.372 surprise_support=15
level=2 epoch=325/500 train_effect=0.615308 eval_effect=0.613038 train_vq=0.048643 active_codes=2 ema_used_codes=2 step_counter=3250 last_check_step=1901 surprise_streak=0 distance_mean=0.2263 distance_p90=0.5143 distance_p95=1.127 distance_max=3.372 surprise_support=15
level=2 epoch=326/500 train_effect=0.616900 eval_effect=0.603327 train_vq=0.057491 active_codes=2 ema_used_codes=2 step_counter=3260 last_check_step=1901 surprise_streak=0 distance_mean=0.2263 distance_p90=0.5143 distance_p95=1.127 distance_max=3.372 surprise_support=15
level=2 epoch=327/500 train_effect=0.605402 eval_effect=0.602023 train_vq=0.050865 active_codes=2 ema_used_codes=2 step_counter=3270 last_check_step=1901 surprise_streak=0 distance_mean=0.2263 distance_p90=0.5143 distance_p95=1.127 distance_max=3.372 surprise_support=15
level=2 epoch=328/500 train_effect=0.615104 eval_effect=0.603536 train_vq=0.051094 active_codes=2 ema_used_codes=2 step_counter=3280 last_check_step=1901 surprise_streak=0 distance_mean=0.2263 distance_p90=0.5143 distance_p95=1.127 distance_max=3.372 surprise_support=15
level=2 epoch=329/500 train_effect=0.605346 eval_effect=0.602468 train_vq=0.057973 active_codes=2 ema_used_codes=2 step_counter=3290 last_check_step=1901 surprise_streak=0 distance_mean=0.2263 distance_p90=0.5143 distance_p95=1.127 distance_max=3.372 surprise_support=15
level=2 epoch=330/500 train_effect=0.615655 eval_effect=0.598476 train_vq=0.051458 active_codes=2 ema_used_codes=2 step_counter=3300 last_check_step=1901 surprise_streak=0 distance_mean=0.2263 distance_p90=0.5143 distance_p95=1.127 distance_max=3.372 surprise_support=15
level=2 epoch=331/500 train_effect=0.611853 eval_effect=0.606765 train_vq=0.054392 active_codes=2 ema_used_codes=2 step_counter=3310 last_check_step=1901 surprise_streak=0 distance_mean=0.2263 distance_p90=0.5143 distance_p95=1.127 distance_max=3.372 surprise_support=15
level=2 epoch=332/500 train_effect=0.617889 eval_effect=0.598990 train_vq=0.049814 active_codes=2 ema_used_codes=2 step_counter=3320 last_check_step=1901 surprise_streak=0 distance_mean=0.2263 distance_p90=0.5143 distance_p95=1.127 distance_max=3.372 surprise_support=15
level=2 epoch=333/500 train_effect=0.605454 eval_effect=0.607180 train_vq=0.051751 active_codes=2 ema_used_codes=2 step_counter=3330 last_check_step=1901 surprise_streak=0 distance_mean=0.2263 distance_p90=0.5143 distance_p95=1.127 distance_max=3.372 surprise_support=15
level=2 epoch=334/500 train_effect=0.614937 eval_effect=0.607024 train_vq=0.051010 active_codes=2 ema_used_codes=2 step_counter=3340 last_check_step=1901 surprise_streak=0 distance_mean=0.2263 distance_p90=0.5143 distance_p95=1.127 distance_max=3.372 surprise_support=15
level=2 epoch=335/500 train_effect=0.618006 eval_effect=0.609031 train_vq=0.051060 active_codes=2 ema_used_codes=2 step_counter=3350 last_check_step=1901 surprise_streak=0 distance_mean=0.2263 distance_p90=0.5143 distance_p95=1.127 distance_max=3.372 surprise_support=15
level=2 epoch=336/500 train_effect=0.612281 eval_effect=0.596657 train_vq=0.049011 active_codes=2 ema_used_codes=2 step_counter=3360 last_check_step=1901 surprise_streak=0 distance_mean=0.2263 distance_p90=0.5143 distance_p95=1.127 distance_max=3.372 surprise_support=15
level=2 epoch=337/500 train_effect=0.606885 eval_effect=0.597471 train_vq=0.055153 active_codes=2 ema_used_codes=2 step_counter=3370 last_check_step=1901 surprise_streak=0 distance_mean=0.2263 distance_p90=0.5143 distance_p95=1.127 distance_max=3.372 surprise_support=15
level=2 epoch=338/500 train_effect=0.624816 eval_effect=0.597314 train_vq=0.054061 active_codes=2 ema_used_codes=2 step_counter=3380 last_check_step=1901 surprise_streak=0 distance_mean=0.2263 distance_p90=0.5143 distance_p95=1.127 distance_max=3.372 surprise_support=15
level=2 epoch=339/500 train_effect=0.612948 eval_effect=0.591206 train_vq=0.048737 active_codes=2 ema_used_codes=2 step_counter=3390 last_check_step=1901 surprise_streak=0 distance_mean=0.2263 distance_p90=0.5143 distance_p95=1.127 distance_max=3.372 surprise_support=15
level=2 epoch=340/500 train_effect=0.611220 eval_effect=0.614833 train_vq=0.048071 active_codes=2 ema_used_codes=2 step_counter=3400 last_check_step=1901 surprise_streak=0 distance_mean=0.2263 distance_p90=0.5143 distance_p95=1.127 distance_max=3.372 surprise_support=15
level=2 epoch=341/500 train_effect=0.608442 eval_effect=0.602527 train_vq=0.048543 active_codes=2 ema_used_codes=2 step_counter=3410 last_check_step=1901 surprise_streak=0 distance_mean=0.2263 distance_p90=0.5143 distance_p95=1.127 distance_max=3.372 surprise_support=15
level=2 epoch=342/500 train_effect=0.608740 eval_effect=0.597927 train_vq=0.053024 active_codes=2 ema_used_codes=2 step_counter=3420 last_check_step=1901 surprise_streak=0 distance_mean=0.2263 distance_p90=0.5143 distance_p95=1.127 distance_max=3.372 surprise_support=15
level=2 epoch=343/500 train_effect=0.610521 eval_effect=0.609656 train_vq=0.050815 active_codes=2 ema_used_codes=2 step_counter=3430 last_check_step=1901 surprise_streak=0 distance_mean=0.2263 distance_p90=0.5143 distance_p95=1.127 distance_max=3.372 surprise_support=15
level=2 epoch=344/500 train_effect=0.615005 eval_effect=0.596063 train_vq=0.049163 active_codes=2 ema_used_codes=2 step_counter=3440 last_check_step=1901 surprise_streak=0 distance_mean=0.2263 distance_p90=0.5143 distance_p95=1.127 distance_max=3.372 surprise_support=15
level=2 epoch=345/500 train_effect=0.612643 eval_effect=0.607612 train_vq=0.056585 active_codes=2 ema_used_codes=2 step_counter=3450 last_check_step=1901 surprise_streak=0 distance_mean=0.2263 distance_p90=0.5143 distance_p95=1.127 distance_max=3.372 surprise_support=15
level=2 epoch=346/500 train_effect=0.618627 eval_effect=0.600268 train_vq=0.050875 active_codes=2 ema_used_codes=2 step_counter=3460 last_check_step=1901 surprise_streak=0 distance_mean=0.2263 distance_p90=0.5143 distance_p95=1.127 distance_max=3.372 surprise_support=15
level=2 epoch=347/500 train_effect=0.607310 eval_effect=0.586732 train_vq=0.055525 active_codes=2 ema_used_codes=2 step_counter=3470 last_check_step=1901 surprise_streak=0 distance_mean=0.2263 distance_p90=0.5143 distance_p95=1.127 distance_max=3.372 surprise_support=15
level=2 epoch=348/500 train_effect=0.616313 eval_effect=0.594725 train_vq=0.048489 active_codes=2 ema_used_codes=2 step_counter=3480 last_check_step=1901 surprise_streak=0 distance_mean=0.2263 distance_p90=0.5143 distance_p95=1.127 distance_max=3.372 surprise_support=15
level=2 epoch=349/500 train_effect=0.608546 eval_effect=0.607755 train_vq=0.055467 active_codes=2 ema_used_codes=2 step_counter=3490 last_check_step=1901 surprise_streak=0 distance_mean=0.2263 distance_p90=0.5143 distance_p95=1.127 distance_max=3.372 surprise_support=15
level=2 epoch=350/500 train_effect=0.606871 eval_effect=0.599922 train_vq=0.052144 active_codes=2 ema_used_codes=2 step_counter=3500 last_check_step=1901 surprise_streak=0 distance_mean=0.2263 distance_p90=0.5143 distance_p95=1.127 distance_max=3.372 surprise_support=15
level=2 epoch=351/500 train_effect=0.608051 eval_effect=0.607707 train_vq=0.049699 active_codes=2 ema_used_codes=2 step_counter=3510 last_check_step=1901 surprise_streak=0 distance_mean=0.2263 distance_p90=0.5143 distance_p95=1.127 distance_max=3.372 surprise_support=15
level=2 epoch=352/500 train_effect=0.598563 eval_effect=0.605499 train_vq=0.045832 active_codes=2 ema_used_codes=2 step_counter=3520 last_check_step=1901 surprise_streak=0 distance_mean=0.2263 distance_p90=0.5143 distance_p95=1.127 distance_max=3.372 surprise_support=15
level=2 epoch=353/500 train_effect=0.615056 eval_effect=0.589561 train_vq=0.050595 active_codes=2 ema_used_codes=2 step_counter=3530 last_check_step=1901 surprise_streak=0 distance_mean=0.2263 distance_p90=0.5143 distance_p95=1.127 distance_max=3.372 surprise_support=15
level=2 epoch=354/500 train_effect=0.602396 eval_effect=0.595389 train_vq=0.047540 active_codes=2 ema_used_codes=2 step_counter=3540 last_check_step=1901 surprise_streak=0 distance_mean=0.2263 distance_p90=0.5143 distance_p95=1.127 distance_max=3.372 surprise_support=15
level=2 epoch=355/500 train_effect=0.614877 eval_effect=0.603810 train_vq=0.053421 active_codes=2 ema_used_codes=2 step_counter=3550 last_check_step=1901 surprise_streak=0 distance_mean=0.2263 distance_p90=0.5143 distance_p95=1.127 distance_max=3.372 surprise_support=15
level=2 epoch=356/500 train_effect=0.613077 eval_effect=0.598974 train_vq=0.046824 active_codes=2 ema_used_codes=2 step_counter=3560 last_check_step=1901 surprise_streak=0 distance_mean=0.2263 distance_p90=0.5143 distance_p95=1.127 distance_max=3.372 surprise_support=15
level=2 epoch=357/500 train_effect=0.614257 eval_effect=0.623174 train_vq=0.049803 active_codes=2 ema_used_codes=2 step_counter=3570 last_check_step=1901 surprise_streak=0 distance_mean=0.2263 distance_p90=0.5143 distance_p95=1.127 distance_max=3.372 surprise_support=15
level=2 epoch=358/500 train_effect=0.605547 eval_effect=0.594623 train_vq=0.051745 active_codes=2 ema_used_codes=2 step_counter=3580 last_check_step=1901 surprise_streak=0 distance_mean=0.2263 distance_p90=0.5143 distance_p95=1.127 distance_max=3.372 surprise_support=15
level=2 epoch=359/500 train_effect=0.606575 eval_effect=0.594123 train_vq=0.051484 active_codes=2 ema_used_codes=2 step_counter=3590 last_check_step=1901 surprise_streak=0 distance_mean=0.2263 distance_p90=0.5143 distance_p95=1.127 distance_max=3.372 surprise_support=15
level=2 epoch=360/500 train_effect=0.604569 eval_effect=0.609479 train_vq=0.048269 active_codes=2 ema_used_codes=2 step_counter=3600 last_check_step=1901 surprise_streak=0 distance_mean=0.2263 distance_p90=0.5143 distance_p95=1.127 distance_max=3.372 surprise_support=15
level=2 epoch=361/500 train_effect=0.606780 eval_effect=0.602112 train_vq=0.052197 active_codes=2 ema_used_codes=2 step_counter=3610 last_check_step=1901 surprise_streak=0 distance_mean=0.2263 distance_p90=0.5143 distance_p95=1.127 distance_max=3.372 surprise_support=15
level=2 epoch=362/500 train_effect=0.608862 eval_effect=0.604858 train_vq=0.045913 active_codes=2 ema_used_codes=2 step_counter=3620 last_check_step=1901 surprise_streak=0 distance_mean=0.2263 distance_p90=0.5143 distance_p95=1.127 distance_max=3.372 surprise_support=15
level=2 epoch=363/500 train_effect=0.614970 eval_effect=0.593093 train_vq=0.048608 active_codes=2 ema_used_codes=2 step_counter=3630 last_check_step=1901 surprise_streak=0 distance_mean=0.2263 distance_p90=0.5143 distance_p95=1.127 distance_max=3.372 surprise_support=15
level=2 epoch=364/500 train_effect=0.604293 eval_effect=0.597507 train_vq=0.054871 active_codes=2 ema_used_codes=2 step_counter=3640 last_check_step=1901 surprise_streak=0 distance_mean=0.2263 distance_p90=0.5143 distance_p95=1.127 distance_max=3.372 surprise_support=15
level=2 epoch=365/500 train_effect=0.613869 eval_effect=0.592816 train_vq=0.047762 active_codes=2 ema_used_codes=2 step_counter=3650 last_check_step=1901 surprise_streak=0 distance_mean=0.2263 distance_p90=0.5143 distance_p95=1.127 distance_max=3.372 surprise_support=15
level=2 epoch=366/500 train_effect=0.612677 eval_effect=0.602911 train_vq=0.049756 active_codes=2 ema_used_codes=2 step_counter=3660 last_check_step=1901 surprise_streak=0 distance_mean=0.2263 distance_p90=0.5143 distance_p95=1.127 distance_max=3.372 surprise_support=15
level=2 epoch=367/500 train_effect=0.598010 eval_effect=0.599806 train_vq=0.050418 active_codes=2 ema_used_codes=2 step_counter=3670 last_check_step=1901 surprise_streak=0 distance_mean=0.2263 distance_p90=0.5143 distance_p95=1.127 distance_max=3.372 surprise_support=15
level=2 epoch=368/500 train_effect=0.613957 eval_effect=0.593359 train_vq=0.048285 active_codes=2 ema_used_codes=2 step_counter=3680 last_check_step=1901 surprise_streak=0 distance_mean=0.2263 distance_p90=0.5143 distance_p95=1.127 distance_max=3.372 surprise_support=15
level=2 epoch=369/500 train_effect=0.604758 eval_effect=0.608272 train_vq=0.047678 active_codes=2 ema_used_codes=2 step_counter=3690 last_check_step=1901 surprise_streak=0 distance_mean=0.2263 distance_p90=0.5143 distance_p95=1.127 distance_max=3.372 surprise_support=15
level=2 epoch=370/500 train_effect=0.603002 eval_effect=0.601937 train_vq=0.055125 active_codes=2 ema_used_codes=2 step_counter=3700 last_check_step=1901 surprise_streak=0 distance_mean=0.2263 distance_p90=0.5143 distance_p95=1.127 distance_max=3.372 surprise_support=15
level=2 epoch=371/500 train_effect=0.607669 eval_effect=0.605380 train_vq=0.050151 active_codes=2 ema_used_codes=2 step_counter=3710 last_check_step=1901 surprise_streak=0 distance_mean=0.2263 distance_p90=0.5143 distance_p95=1.127 distance_max=3.372 surprise_support=15
level=2 epoch=372/500 train_effect=0.606997 eval_effect=0.587436 train_vq=0.045442 active_codes=2 ema_used_codes=2 step_counter=3720 last_check_step=1901 surprise_streak=0 distance_mean=0.2263 distance_p90=0.5143 distance_p95=1.127 distance_max=3.372 surprise_support=15
level=2 epoch=373/500 train_effect=0.597946 eval_effect=0.592416 train_vq=0.051076 active_codes=2 ema_used_codes=2 step_counter=3730 last_check_step=1901 surprise_streak=0 distance_mean=0.2263 distance_p90=0.5143 distance_p95=1.127 distance_max=3.372 surprise_support=15
level=2 epoch=374/500 train_effect=0.606243 eval_effect=0.591657 train_vq=0.047010 active_codes=2 ema_used_codes=2 step_counter=3740 last_check_step=1901 surprise_streak=0 distance_mean=0.2263 distance_p90=0.5143 distance_p95=1.127 distance_max=3.372 surprise_support=15
level=2 epoch=375/500 train_effect=0.595150 eval_effect=0.598520 train_vq=0.052727 active_codes=2 ema_used_codes=2 step_counter=3750 last_check_step=1901 surprise_streak=0 distance_mean=0.2263 distance_p90=0.5143 distance_p95=1.127 distance_max=3.372 surprise_support=15
level=2 epoch=376/500 train_effect=0.604574 eval_effect=0.611613 train_vq=0.046638 active_codes=2 ema_used_codes=2 step_counter=3760 last_check_step=1901 surprise_streak=0 distance_mean=0.2263 distance_p90=0.5143 distance_p95=1.127 distance_max=3.372 surprise_support=15
level=2 epoch=377/500 train_effect=0.611266 eval_effect=0.615401 train_vq=0.052581 active_codes=2 ema_used_codes=2 step_counter=3770 last_check_step=1901 surprise_streak=0 distance_mean=0.2263 distance_p90=0.5143 distance_p95=1.127 distance_max=3.372 surprise_support=15
level=2 epoch=378/500 train_effect=0.606763 eval_effect=0.605616 train_vq=0.051836 active_codes=2 ema_used_codes=2 step_counter=3780 last_check_step=1901 surprise_streak=0 distance_mean=0.2263 distance_p90=0.5143 distance_p95=1.127 distance_max=3.372 surprise_support=15
level=2 epoch=379/500 train_effect=0.615655 eval_effect=0.613759 train_vq=0.054006 active_codes=2 ema_used_codes=2 step_counter=3790 last_check_step=1901 surprise_streak=0 distance_mean=0.2263 distance_p90=0.5143 distance_p95=1.127 distance_max=3.372 surprise_support=15
level=2 epoch=380/500 train_effect=0.617925 eval_effect=0.602419 train_vq=0.047003 active_codes=2 ema_used_codes=2 step_counter=3800 last_check_step=1901 surprise_streak=0 distance_mean=0.2263 distance_p90=0.5143 distance_p95=1.127 distance_max=3.372 surprise_support=15
level=2 epoch=381/500 train_effect=0.610613 eval_effect=0.617025 train_vq=0.045531 active_codes=2 ema_used_codes=2 step_counter=3810 last_check_step=1901 surprise_streak=0 distance_mean=0.2263 distance_p90=0.5143 distance_p95=1.127 distance_max=3.372 surprise_support=15
level=2 epoch=382/500 train_effect=0.609682 eval_effect=0.622264 train_vq=0.051692 active_codes=2 ema_used_codes=2 step_counter=3820 last_check_step=1901 surprise_streak=0 distance_mean=0.2263 distance_p90=0.5143 distance_p95=1.127 distance_max=3.372 surprise_support=15
level=2 epoch=383/500 train_effect=0.613414 eval_effect=0.606913 train_vq=0.056868 active_codes=2 ema_used_codes=2 step_counter=3830 last_check_step=1901 surprise_streak=0 distance_mean=0.2263 distance_p90=0.5143 distance_p95=1.127 distance_max=3.372 surprise_support=15
level=2 epoch=384/500 train_effect=0.612810 eval_effect=0.621864 train_vq=0.046723 active_codes=2 ema_used_codes=2 step_counter=3840 last_check_step=1901 surprise_streak=0 distance_mean=0.2263 distance_p90=0.5143 distance_p95=1.127 distance_max=3.372 surprise_support=15
level=2 epoch=385/500 train_effect=0.614254 eval_effect=0.611239 train_vq=0.049797 active_codes=2 ema_used_codes=2 step_counter=3850 last_check_step=1901 surprise_streak=0 distance_mean=0.2263 distance_p90=0.5143 distance_p95=1.127 distance_max=3.372 surprise_support=15
level=2 epoch=386/500 train_effect=0.615832 eval_effect=0.613680 train_vq=0.048841 active_codes=2 ema_used_codes=2 step_counter=3860 last_check_step=1901 surprise_streak=0 distance_mean=0.2263 distance_p90=0.5143 distance_p95=1.127 distance_max=3.372 surprise_support=15
level=2 epoch=387/500 train_effect=0.606368 eval_effect=0.606666 train_vq=0.045801 active_codes=2 ema_used_codes=2 step_counter=3870 last_check_step=1901 surprise_streak=0 distance_mean=0.2263 distance_p90=0.5143 distance_p95=1.127 distance_max=3.372 surprise_support=15
level=2 epoch=388/500 train_effect=0.612243 eval_effect=0.608803 train_vq=0.050265 active_codes=2 ema_used_codes=2 step_counter=3880 last_check_step=1901 surprise_streak=0 distance_mean=0.2263 distance_p90=0.5143 distance_p95=1.127 distance_max=3.372 surprise_support=15
level=2 epoch=389/500 train_effect=0.608483 eval_effect=0.638524 train_vq=0.049794 active_codes=2 ema_used_codes=2 step_counter=3890 last_check_step=1901 surprise_streak=0 distance_mean=0.2263 distance_p90=0.5143 distance_p95=1.127 distance_max=3.372 surprise_support=15
level=2 epoch=390/500 train_effect=0.623027 eval_effect=0.601531 train_vq=0.046498 active_codes=2 ema_used_codes=2 step_counter=3900 last_check_step=1901 surprise_streak=0 distance_mean=0.2263 distance_p90=0.5143 distance_p95=1.127 distance_max=3.372 surprise_support=15
level=2 epoch=391/500 train_effect=0.604334 eval_effect=0.617527 train_vq=0.049875 active_codes=2 ema_used_codes=2 step_counter=3910 last_check_step=1901 surprise_streak=0 distance_mean=0.2263 distance_p90=0.5143 distance_p95=1.127 distance_max=3.372 surprise_support=15
level=2 epoch=392/500 train_effect=0.610281 eval_effect=0.604942 train_vq=0.046832 active_codes=2 ema_used_codes=2 step_counter=3920 last_check_step=1901 surprise_streak=0 distance_mean=0.2263 distance_p90=0.5143 distance_p95=1.127 distance_max=3.372 surprise_support=15
level=2 epoch=393/500 train_effect=0.612397 eval_effect=0.611691 train_vq=0.048958 active_codes=2 ema_used_codes=2 step_counter=3930 last_check_step=1901 surprise_streak=0 distance_mean=0.2263 distance_p90=0.5143 distance_p95=1.127 distance_max=3.372 surprise_support=15
level=2 epoch=394/500 train_effect=0.604602 eval_effect=0.624636 train_vq=0.046799 active_codes=2 ema_used_codes=2 step_counter=3940 last_check_step=1901 surprise_streak=0 distance_mean=0.2263 distance_p90=0.5143 distance_p95=1.127 distance_max=3.372 surprise_support=15
level=2 epoch=395/500 train_effect=0.603555 eval_effect=0.621371 train_vq=0.048412 active_codes=2 ema_used_codes=2 step_counter=3950 last_check_step=1901 surprise_streak=0 distance_mean=0.2263 distance_p90=0.5143 distance_p95=1.127 distance_max=3.372 surprise_support=15
level=2 epoch=396/500 train_effect=0.613962 eval_effect=0.624593 train_vq=0.057908 active_codes=2 ema_used_codes=2 step_counter=3960 last_check_step=1901 surprise_streak=0 distance_mean=0.2263 distance_p90=0.5143 distance_p95=1.127 distance_max=3.372 surprise_support=15
level=2 epoch=397/500 train_effect=0.607333 eval_effect=0.609945 train_vq=0.044131 active_codes=2 ema_used_codes=2 step_counter=3970 last_check_step=1901 surprise_streak=0 distance_mean=0.2263 distance_p90=0.5143 distance_p95=1.127 distance_max=3.372 surprise_support=15
level=2 epoch=398/500 train_effect=0.588747 eval_effect=0.606580 train_vq=0.051061 active_codes=2 ema_used_codes=2 step_counter=3980 last_check_step=1901 surprise_streak=0 distance_mean=0.2263 distance_p90=0.5143 distance_p95=1.127 distance_max=3.372 surprise_support=15
level=2 epoch=399/500 train_effect=0.612845 eval_effect=0.633423 train_vq=0.046374 active_codes=2 ema_used_codes=2 step_counter=3990 last_check_step=1901 surprise_streak=0 distance_mean=0.2263 distance_p90=0.5143 distance_p95=1.127 distance_max=3.372 surprise_support=15
level=2 epoch=400/500 train_effect=0.618667 eval_effect=0.607169 train_vq=0.047400 active_codes=2 ema_used_codes=2 step_counter=4000 last_check_step=1901 surprise_streak=0 distance_mean=0.2263 distance_p90=0.5143 distance_p95=1.127 distance_max=3.372 surprise_support=15
level=2 epoch=401/500 train_effect=0.620213 eval_effect=0.605690 train_vq=0.052146 active_codes=2 ema_used_codes=2 step_counter=4010 last_check_step=1901 surprise_streak=0 distance_mean=0.2263 distance_p90=0.5143 distance_p95=1.127 distance_max=3.372 surprise_support=15
level=2 epoch=402/500 train_effect=0.612713 eval_effect=0.632629 train_vq=0.045448 active_codes=2 ema_used_codes=2 step_counter=4020 last_check_step=1901 surprise_streak=0 distance_mean=0.2263 distance_p90=0.5143 distance_p95=1.127 distance_max=3.372 surprise_support=15
level=2 epoch=403/500 train_effect=0.634811 eval_effect=0.629273 train_vq=0.052340 active_codes=2 ema_used_codes=2 step_counter=4030 last_check_step=1901 surprise_streak=0 distance_mean=0.2263 distance_p90=0.5143 distance_p95=1.127 distance_max=3.372 surprise_support=15
level=2 epoch=404/500 train_effect=0.612528 eval_effect=0.610183 train_vq=0.052017 active_codes=2 ema_used_codes=2 step_counter=4040 last_check_step=1901 surprise_streak=0 distance_mean=0.2263 distance_p90=0.5143 distance_p95=1.127 distance_max=3.372 surprise_support=15
level=2 epoch=405/500 train_effect=0.624190 eval_effect=0.642261 train_vq=0.049563 active_codes=2 ema_used_codes=2 step_counter=4050 last_check_step=1901 surprise_streak=0 distance_mean=0.2263 distance_p90=0.5143 distance_p95=1.127 distance_max=3.372 surprise_support=15
level=2 epoch=406/500 train_effect=0.612697 eval_effect=0.614474 train_vq=0.047578 active_codes=2 ema_used_codes=2 step_counter=4060 last_check_step=1901 surprise_streak=0 distance_mean=0.2263 distance_p90=0.5143 distance_p95=1.127 distance_max=3.372 surprise_support=15
level=2 epoch=407/500 train_effect=0.614596 eval_effect=0.618317 train_vq=0.054564 active_codes=2 ema_used_codes=2 step_counter=4070 last_check_step=1901 surprise_streak=0 distance_mean=0.2263 distance_p90=0.5143 distance_p95=1.127 distance_max=3.372 surprise_support=15
level=2 epoch=408/500 train_effect=0.618062 eval_effect=0.614186 train_vq=0.045913 active_codes=2 ema_used_codes=2 step_counter=4080 last_check_step=1901 surprise_streak=0 distance_mean=0.2263 distance_p90=0.5143 distance_p95=1.127 distance_max=3.372 surprise_support=15
level=2 epoch=409/500 train_effect=0.611012 eval_effect=0.606790 train_vq=0.051165 active_codes=2 ema_used_codes=2 step_counter=4090 last_check_step=1901 surprise_streak=0 distance_mean=0.2263 distance_p90=0.5143 distance_p95=1.127 distance_max=3.372 surprise_support=15
level=2 epoch=410/500 train_effect=0.628984 eval_effect=0.629676 train_vq=0.050850 active_codes=2 ema_used_codes=2 step_counter=4100 last_check_step=1901 surprise_streak=0 distance_mean=0.2263 distance_p90=0.5143 distance_p95=1.127 distance_max=3.372 surprise_support=15
level=2 epoch=411/500 train_effect=0.619826 eval_effect=0.619182 train_vq=0.046423 active_codes=2 ema_used_codes=2 step_counter=4110 last_check_step=1901 surprise_streak=0 distance_mean=0.2263 distance_p90=0.5143 distance_p95=1.127 distance_max=3.372 surprise_support=15
level=2 epoch=412/500 train_effect=0.616092 eval_effect=0.622812 train_vq=0.049965 active_codes=2 ema_used_codes=2 step_counter=4120 last_check_step=1901 surprise_streak=0 distance_mean=0.2263 distance_p90=0.5143 distance_p95=1.127 distance_max=3.372 surprise_support=15
level=2 epoch=413/500 train_effect=0.626455 eval_effect=0.612929 train_vq=0.057488 active_codes=2 ema_used_codes=2 step_counter=4130 last_check_step=1901 surprise_streak=0 distance_mean=0.2263 distance_p90=0.5143 distance_p95=1.127 distance_max=3.372 surprise_support=15
level=2 epoch=414/500 train_effect=0.615041 eval_effect=0.604222 train_vq=0.048022 active_codes=2 ema_used_codes=2 step_counter=4140 last_check_step=1901 surprise_streak=0 distance_mean=0.2263 distance_p90=0.5143 distance_p95=1.127 distance_max=3.372 surprise_support=15
level=2 epoch=415/500 train_effect=0.604982 eval_effect=0.623603 train_vq=0.044744 active_codes=2 ema_used_codes=2 step_counter=4150 last_check_step=1901 surprise_streak=0 distance_mean=0.2263 distance_p90=0.5143 distance_p95=1.127 distance_max=3.372 surprise_support=15
level=2 epoch=416/500 train_effect=0.615130 eval_effect=0.601956 train_vq=0.047353 active_codes=2 ema_used_codes=2 step_counter=4160 last_check_step=1901 surprise_streak=0 distance_mean=0.2263 distance_p90=0.5143 distance_p95=1.127 distance_max=3.372 surprise_support=15
level=2 epoch=417/500 train_effect=0.604316 eval_effect=0.601819 train_vq=0.050691 active_codes=2 ema_used_codes=2 step_counter=4170 last_check_step=1901 surprise_streak=0 distance_mean=0.2263 distance_p90=0.5143 distance_p95=1.127 distance_max=3.372 surprise_support=15
level=2 epoch=418/500 train_effect=0.617890 eval_effect=0.614702 train_vq=0.052850 active_codes=2 ema_used_codes=2 step_counter=4180 last_check_step=1901 surprise_streak=0 distance_mean=0.2263 distance_p90=0.5143 distance_p95=1.127 distance_max=3.372 surprise_support=15
level=2 epoch=419/500 train_effect=0.607628 eval_effect=0.607684 train_vq=0.045250 active_codes=2 ema_used_codes=2 step_counter=4190 last_check_step=1901 surprise_streak=0 distance_mean=0.2263 distance_p90=0.5143 distance_p95=1.127 distance_max=3.372 surprise_support=15
level=2 epoch=420/500 train_effect=0.603847 eval_effect=0.613618 train_vq=0.047988 active_codes=2 ema_used_codes=2 step_counter=4200 last_check_step=1901 surprise_streak=0 distance_mean=0.2263 distance_p90=0.5143 distance_p95=1.127 distance_max=3.372 surprise_support=15
level=2 epoch=421/500 train_effect=0.611719 eval_effect=0.640285 train_vq=0.050238 active_codes=2 ema_used_codes=2 step_counter=4210 last_check_step=1901 surprise_streak=0 distance_mean=0.2263 distance_p90=0.5143 distance_p95=1.127 distance_max=3.372 surprise_support=15
level=2 epoch=422/500 train_effect=0.606166 eval_effect=0.589560 train_vq=0.049299 active_codes=2 ema_used_codes=2 step_counter=4220 last_check_step=1901 surprise_streak=0 distance_mean=0.2263 distance_p90=0.5143 distance_p95=1.127 distance_max=3.372 surprise_support=15
level=2 epoch=423/500 train_effect=0.608240 eval_effect=0.601266 train_vq=0.044000 active_codes=2 ema_used_codes=2 step_counter=4230 last_check_step=1901 surprise_streak=0 distance_mean=0.2263 distance_p90=0.5143 distance_p95=1.127 distance_max=3.372 surprise_support=15
level=2 epoch=424/500 train_effect=0.600445 eval_effect=0.608975 train_vq=0.047813 active_codes=2 ema_used_codes=2 step_counter=4240 last_check_step=1901 surprise_streak=0 distance_mean=0.2263 distance_p90=0.5143 distance_p95=1.127 distance_max=3.372 surprise_support=15
level=2 epoch=425/500 train_effect=0.603018 eval_effect=0.599186 train_vq=0.046328 active_codes=2 ema_used_codes=2 step_counter=4250 last_check_step=1901 surprise_streak=0 distance_mean=0.2263 distance_p90=0.5143 distance_p95=1.127 distance_max=3.372 surprise_support=15
level=2 epoch=426/500 train_effect=0.602146 eval_effect=0.602219 train_vq=0.043537 active_codes=2 ema_used_codes=2 step_counter=4260 last_check_step=1901 surprise_streak=0 distance_mean=0.2263 distance_p90=0.5143 distance_p95=1.127 distance_max=3.372 surprise_support=15
level=2 epoch=427/500 train_effect=0.595113 eval_effect=0.604195 train_vq=0.046848 active_codes=2 ema_used_codes=2 step_counter=4270 last_check_step=1901 surprise_streak=0 distance_mean=0.2263 distance_p90=0.5143 distance_p95=1.127 distance_max=3.372 surprise_support=15
level=2 epoch=428/500 train_effect=0.602669 eval_effect=0.599384 train_vq=0.044321 active_codes=2 ema_used_codes=2 step_counter=4280 last_check_step=1901 surprise_streak=0 distance_mean=0.2263 distance_p90=0.5143 distance_p95=1.127 distance_max=3.372 surprise_support=15
level=2 epoch=429/500 train_effect=0.603987 eval_effect=0.601927 train_vq=0.040702 active_codes=2 ema_used_codes=2 step_counter=4290 last_check_step=1901 surprise_streak=0 distance_mean=0.2263 distance_p90=0.5143 distance_p95=1.127 distance_max=3.372 surprise_support=15
level=2 epoch=430/500 train_effect=0.612483 eval_effect=0.619212 train_vq=0.041222 active_codes=2 ema_used_codes=2 step_counter=4300 last_check_step=1901 surprise_streak=0 distance_mean=0.2263 distance_p90=0.5143 distance_p95=1.127 distance_max=3.372 surprise_support=15
level=2 epoch=431/500 train_effect=0.605120 eval_effect=0.596045 train_vq=0.046600 active_codes=2 ema_used_codes=2 step_counter=4310 last_check_step=1901 surprise_streak=0 distance_mean=0.2263 distance_p90=0.5143 distance_p95=1.127 distance_max=3.372 surprise_support=15
level=2 epoch=432/500 train_effect=0.607900 eval_effect=0.600999 train_vq=0.040446 active_codes=2 ema_used_codes=2 step_counter=4320 last_check_step=1901 surprise_streak=0 distance_mean=0.2263 distance_p90=0.5143 distance_p95=1.127 distance_max=3.372 surprise_support=15
level=2 epoch=433/500 train_effect=0.603512 eval_effect=0.602489 train_vq=0.046569 active_codes=2 ema_used_codes=2 step_counter=4330 last_check_step=1901 surprise_streak=0 distance_mean=0.2263 distance_p90=0.5143 distance_p95=1.127 distance_max=3.372 surprise_support=15
level=2 epoch=434/500 train_effect=0.603190 eval_effect=0.619139 train_vq=0.040208 active_codes=2 ema_used_codes=2 step_counter=4340 last_check_step=1901 surprise_streak=0 distance_mean=0.2263 distance_p90=0.5143 distance_p95=1.127 distance_max=3.372 surprise_support=15
level=2 epoch=435/500 train_effect=0.613518 eval_effect=0.605982 train_vq=0.043834 active_codes=2 ema_used_codes=2 step_counter=4350 last_check_step=1901 surprise_streak=0 distance_mean=0.2263 distance_p90=0.5143 distance_p95=1.127 distance_max=3.372 surprise_support=15
level=2 epoch=436/500 train_effect=0.608119 eval_effect=0.597485 train_vq=0.043229 active_codes=2 ema_used_codes=2 step_counter=4360 last_check_step=1901 surprise_streak=0 distance_mean=0.2263 distance_p90=0.5143 distance_p95=1.127 distance_max=3.372 surprise_support=15
level=2 epoch=437/500 train_effect=0.608872 eval_effect=0.595846 train_vq=0.047537 active_codes=2 ema_used_codes=2 step_counter=4370 last_check_step=1901 surprise_streak=0 distance_mean=0.2263 distance_p90=0.5143 distance_p95=1.127 distance_max=3.372 surprise_support=15
level=2 epoch=438/500 train_effect=0.611970 eval_effect=0.607485 train_vq=0.044282 active_codes=2 ema_used_codes=2 step_counter=4380 last_check_step=1901 surprise_streak=0 distance_mean=0.2263 distance_p90=0.5143 distance_p95=1.127 distance_max=3.372 surprise_support=15
level=2 epoch=439/500 train_effect=0.610053 eval_effect=0.603537 train_vq=0.043864 active_codes=2 ema_used_codes=2 step_counter=4390 last_check_step=1901 surprise_streak=0 distance_mean=0.2263 distance_p90=0.5143 distance_p95=1.127 distance_max=3.372 surprise_support=15
level=2 epoch=440/500 train_effect=0.619496 eval_effect=0.609839 train_vq=0.045874 active_codes=2 ema_used_codes=2 step_counter=4400 last_check_step=1901 surprise_streak=0 distance_mean=0.2263 distance_p90=0.5143 distance_p95=1.127 distance_max=3.372 surprise_support=15
level=2 epoch=441/500 train_effect=0.604661 eval_effect=0.597937 train_vq=0.043173 active_codes=2 ema_used_codes=2 step_counter=4410 last_check_step=1901 surprise_streak=0 distance_mean=0.2263 distance_p90=0.5143 distance_p95=1.127 distance_max=3.372 surprise_support=15
level=2 epoch=442/500 train_effect=0.615620 eval_effect=0.610054 train_vq=0.041993 active_codes=2 ema_used_codes=2 step_counter=4420 last_check_step=1901 surprise_streak=0 distance_mean=0.2263 distance_p90=0.5143 distance_p95=1.127 distance_max=3.372 surprise_support=15
level=2 epoch=443/500 train_effect=0.604220 eval_effect=0.608507 train_vq=0.045791 active_codes=2 ema_used_codes=2 step_counter=4430 last_check_step=1901 surprise_streak=0 distance_mean=0.2263 distance_p90=0.5143 distance_p95=1.127 distance_max=3.372 surprise_support=15
level=2 epoch=444/500 train_effect=0.609511 eval_effect=0.602670 train_vq=0.043695 active_codes=2 ema_used_codes=2 step_counter=4440 last_check_step=1901 surprise_streak=0 distance_mean=0.2263 distance_p90=0.5143 distance_p95=1.127 distance_max=3.372 surprise_support=15
level=2 epoch=445/500 train_effect=0.616961 eval_effect=0.594034 train_vq=0.043005 active_codes=2 ema_used_codes=2 step_counter=4450 last_check_step=1901 surprise_streak=0 distance_mean=0.2263 distance_p90=0.5143 distance_p95=1.127 distance_max=3.372 surprise_support=15
level=2 epoch=446/500 train_effect=0.612188 eval_effect=0.605223 train_vq=0.043616 active_codes=2 ema_used_codes=2 step_counter=4460 last_check_step=1901 surprise_streak=0 distance_mean=0.2263 distance_p90=0.5143 distance_p95=1.127 distance_max=3.372 surprise_support=15
level=2 epoch=447/500 train_effect=0.609894 eval_effect=0.615864 train_vq=0.042758 active_codes=2 ema_used_codes=2 step_counter=4470 last_check_step=1901 surprise_streak=0 distance_mean=0.2263 distance_p90=0.5143 distance_p95=1.127 distance_max=3.372 surprise_support=15
level=2 epoch=448/500 train_effect=0.609420 eval_effect=0.606856 train_vq=0.042118 active_codes=2 ema_used_codes=2 step_counter=4480 last_check_step=1901 surprise_streak=0 distance_mean=0.2263 distance_p90=0.5143 distance_p95=1.127 distance_max=3.372 surprise_support=15
level=2 epoch=449/500 train_effect=0.612257 eval_effect=0.616890 train_vq=0.049702 active_codes=2 ema_used_codes=2 step_counter=4490 last_check_step=1901 surprise_streak=0 distance_mean=0.2263 distance_p90=0.5143 distance_p95=1.127 distance_max=3.372 surprise_support=15
level=2 epoch=450/500 train_effect=0.609945 eval_effect=0.618409 train_vq=0.038896 active_codes=2 ema_used_codes=2 step_counter=4500 last_check_step=1901 surprise_streak=0 distance_mean=0.2263 distance_p90=0.5143 distance_p95=1.127 distance_max=3.372 surprise_support=15
level=2 epoch=451/500 train_effect=0.614467 eval_effect=0.609412 train_vq=0.040104 active_codes=2 ema_used_codes=2 step_counter=4510 last_check_step=1901 surprise_streak=0 distance_mean=0.2263 distance_p90=0.5143 distance_p95=1.127 distance_max=3.372 surprise_support=15
level=2 epoch=452/500 train_effect=0.596948 eval_effect=0.613799 train_vq=0.047377 active_codes=2 ema_used_codes=2 step_counter=4520 last_check_step=1901 surprise_streak=0 distance_mean=0.2263 distance_p90=0.5143 distance_p95=1.127 distance_max=3.372 surprise_support=15
level=2 epoch=453/500 train_effect=0.610314 eval_effect=0.617245 train_vq=0.044225 active_codes=2 ema_used_codes=2 step_counter=4530 last_check_step=1901 surprise_streak=0 distance_mean=0.2263 distance_p90=0.5143 distance_p95=1.127 distance_max=3.372 surprise_support=15
level=2 epoch=454/500 train_effect=0.618184 eval_effect=0.615829 train_vq=0.039683 active_codes=2 ema_used_codes=2 step_counter=4540 last_check_step=1901 surprise_streak=0 distance_mean=0.2263 distance_p90=0.5143 distance_p95=1.127 distance_max=3.372 surprise_support=15
level=2 epoch=455/500 train_effect=0.610757 eval_effect=0.612064 train_vq=0.044610 active_codes=2 ema_used_codes=2 step_counter=4550 last_check_step=1901 surprise_streak=0 distance_mean=0.2263 distance_p90=0.5143 distance_p95=1.127 distance_max=3.372 surprise_support=15
level=2 epoch=456/500 train_effect=0.620242 eval_effect=0.605315 train_vq=0.042502 active_codes=2 ema_used_codes=2 step_counter=4560 last_check_step=1901 surprise_streak=0 distance_mean=0.2263 distance_p90=0.5143 distance_p95=1.127 distance_max=3.372 surprise_support=15
level=2 epoch=457/500 train_effect=0.608044 eval_effect=0.609111 train_vq=0.045014 active_codes=2 ema_used_codes=2 step_counter=4570 last_check_step=1901 surprise_streak=0 distance_mean=0.2263 distance_p90=0.5143 distance_p95=1.127 distance_max=3.372 surprise_support=15
level=2 epoch=458/500 train_effect=0.607265 eval_effect=0.613271 train_vq=0.042065 active_codes=2 ema_used_codes=2 step_counter=4580 last_check_step=1901 surprise_streak=0 distance_mean=0.2263 distance_p90=0.5143 distance_p95=1.127 distance_max=3.372 surprise_support=15
level=2 epoch=459/500 train_effect=0.604588 eval_effect=0.604492 train_vq=0.043397 active_codes=2 ema_used_codes=2 step_counter=4590 last_check_step=1901 surprise_streak=0 distance_mean=0.2263 distance_p90=0.5143 distance_p95=1.127 distance_max=3.372 surprise_support=15
level=2 epoch=460/500 train_effect=0.606174 eval_effect=0.604229 train_vq=0.048083 active_codes=2 ema_used_codes=2 step_counter=4600 last_check_step=1901 surprise_streak=0 distance_mean=0.2263 distance_p90=0.5143 distance_p95=1.127 distance_max=3.372 surprise_support=15
level=2 epoch=461/500 train_effect=0.620968 eval_effect=0.605454 train_vq=0.040738 active_codes=2 ema_used_codes=2 step_counter=4610 last_check_step=1901 surprise_streak=0 distance_mean=0.2263 distance_p90=0.5143 distance_p95=1.127 distance_max=3.372 surprise_support=15
level=2 epoch=462/500 train_effect=0.612066 eval_effect=0.608812 train_vq=0.041114 active_codes=2 ema_used_codes=2 step_counter=4620 last_check_step=1901 surprise_streak=0 distance_mean=0.2263 distance_p90=0.5143 distance_p95=1.127 distance_max=3.372 surprise_support=15
level=2 epoch=463/500 train_effect=0.620882 eval_effect=0.605983 train_vq=0.042039 active_codes=2 ema_used_codes=2 step_counter=4630 last_check_step=1901 surprise_streak=0 distance_mean=0.2263 distance_p90=0.5143 distance_p95=1.127 distance_max=3.372 surprise_support=15
level=2 epoch=464/500 train_effect=0.606122 eval_effect=0.609515 train_vq=0.040724 active_codes=2 ema_used_codes=2 step_counter=4640 last_check_step=1901 surprise_streak=0 distance_mean=0.2263 distance_p90=0.5143 distance_p95=1.127 distance_max=3.372 surprise_support=15
level=2 epoch=465/500 train_effect=0.613920 eval_effect=0.615845 train_vq=0.037834 active_codes=2 ema_used_codes=2 step_counter=4650 last_check_step=1901 surprise_streak=0 distance_mean=0.2263 distance_p90=0.5143 distance_p95=1.127 distance_max=3.372 surprise_support=15
level=2 epoch=466/500 train_effect=0.612946 eval_effect=0.597666 train_vq=0.042195 active_codes=2 ema_used_codes=2 step_counter=4660 last_check_step=1901 surprise_streak=0 distance_mean=0.2263 distance_p90=0.5143 distance_p95=1.127 distance_max=3.372 surprise_support=15
level=2 epoch=467/500 train_effect=0.600136 eval_effect=0.603771 train_vq=0.041874 active_codes=2 ema_used_codes=2 step_counter=4670 last_check_step=1901 surprise_streak=0 distance_mean=0.2263 distance_p90=0.5143 distance_p95=1.127 distance_max=3.372 surprise_support=15
level=2 epoch=468/500 train_effect=0.607796 eval_effect=0.612082 train_vq=0.041899 active_codes=2 ema_used_codes=2 step_counter=4680 last_check_step=1901 surprise_streak=0 distance_mean=0.2263 distance_p90=0.5143 distance_p95=1.127 distance_max=3.372 surprise_support=15
level=2 epoch=469/500 train_effect=0.612356 eval_effect=0.618056 train_vq=0.044356 active_codes=2 ema_used_codes=2 step_counter=4690 last_check_step=1901 surprise_streak=0 distance_mean=0.2263 distance_p90=0.5143 distance_p95=1.127 distance_max=3.372 surprise_support=15
level=2 epoch=470/500 train_effect=0.617213 eval_effect=0.607763 train_vq=0.042151 active_codes=2 ema_used_codes=2 step_counter=4700 last_check_step=1901 surprise_streak=0 distance_mean=0.2263 distance_p90=0.5143 distance_p95=1.127 distance_max=3.372 surprise_support=15
level=2 epoch=471/500 train_effect=0.614989 eval_effect=0.603841 train_vq=0.041056 active_codes=2 ema_used_codes=2 step_counter=4710 last_check_step=1901 surprise_streak=0 distance_mean=0.2263 distance_p90=0.5143 distance_p95=1.127 distance_max=3.372 surprise_support=15
level=2 epoch=472/500 train_effect=0.620963 eval_effect=0.604246 train_vq=0.040705 active_codes=2 ema_used_codes=2 step_counter=4720 last_check_step=1901 surprise_streak=0 distance_mean=0.2263 distance_p90=0.5143 distance_p95=1.127 distance_max=3.372 surprise_support=15
level=2 epoch=473/500 train_effect=0.616631 eval_effect=0.596599 train_vq=0.042570 active_codes=2 ema_used_codes=2 step_counter=4730 last_check_step=1901 surprise_streak=0 distance_mean=0.2263 distance_p90=0.5143 distance_p95=1.127 distance_max=3.372 surprise_support=15
level=2 epoch=474/500 train_effect=0.620352 eval_effect=0.626880 train_vq=0.040620 active_codes=2 ema_used_codes=2 step_counter=4740 last_check_step=1901 surprise_streak=0 distance_mean=0.2263 distance_p90=0.5143 distance_p95=1.127 distance_max=3.372 surprise_support=15
level=2 epoch=475/500 train_effect=0.612453 eval_effect=0.608177 train_vq=0.039714 active_codes=2 ema_used_codes=2 step_counter=4750 last_check_step=1901 surprise_streak=0 distance_mean=0.2263 distance_p90=0.5143 distance_p95=1.127 distance_max=3.372 surprise_support=15
level=2 epoch=476/500 train_effect=0.607474 eval_effect=0.622651 train_vq=0.043517 active_codes=2 ema_used_codes=2 step_counter=4760 last_check_step=1901 surprise_streak=0 distance_mean=0.2263 distance_p90=0.5143 distance_p95=1.127 distance_max=3.372 surprise_support=15
level=2 epoch=477/500 train_effect=0.616058 eval_effect=0.604805 train_vq=0.044468 active_codes=2 ema_used_codes=2 step_counter=4770 last_check_step=1901 surprise_streak=0 distance_mean=0.2263 distance_p90=0.5143 distance_p95=1.127 distance_max=3.372 surprise_support=15
level=2 epoch=478/500 train_effect=0.605971 eval_effect=0.620839 train_vq=0.037853 active_codes=2 ema_used_codes=2 step_counter=4780 last_check_step=1901 surprise_streak=0 distance_mean=0.2263 distance_p90=0.5143 distance_p95=1.127 distance_max=3.372 surprise_support=15
/home/kubra/DeepSym/models_vq_dynamic.py:368: FutureWarning: You are using `torch.load` with `weights_only=False` (the current default value), which uses the default pickle module implicitly. It is possible to construct malicious pickle data which will execute arbitrary code during unpickling (See https://github.com/pytorch/pytorch/blob/main/SECURITY.md#untrusted-models for more details). In a future release, the default value for `weights_only` will be flipped to `True`. This limits the functions that could be executed during unpickling. Arbitrary objects will no longer be allowed to be loaded via this mode unless they are explicitly allowlisted by the user via `torch.serialization.add_safe_globals`. We recommend you start setting `weights_only=True` for any use case where you don't have full control of the loaded file. Please open an issue on GitHub for any issues related to this experimental feature.
  torch.load(os.path.join(path, f"encoder{level}{ext}.ckpt"), map_location=self.device)
/home/kubra/DeepSym/models_vq_dynamic.py:371: FutureWarning: You are using `torch.load` with `weights_only=False` (the current default value), which uses the default pickle module implicitly. It is possible to construct malicious pickle data which will execute arbitrary code during unpickling (See https://github.com/pytorch/pytorch/blob/main/SECURITY.md#untrusted-models for more details). In a future release, the default value for `weights_only` will be flipped to `True`. This limits the functions that could be executed during unpickling. Arbitrary objects will no longer be allowed to be loaded via this mode unless they are explicitly allowlisted by the user via `torch.serialization.add_safe_globals`. We recommend you start setting `weights_only=True` for any use case where you don't have full control of the loaded file. Please open an issue on GitHub for any issues related to this experimental feature.
  torch.load(os.path.join(path, f"decoder{level}{ext}.ckpt"), map_location=self.device)
/home/kubra/DeepSym/data.py:9: FutureWarning: You are using `torch.load` with `weights_only=False` (the current default value), which uses the default pickle module implicitly. It is possible to construct malicious pickle data which will execute arbitrary code during unpickling (See https://github.com/pytorch/pytorch/blob/main/SECURITY.md#untrusted-models for more details). In a future release, the default value for `weights_only` will be flipped to `True`. This limits the functions that could be executed during unpickling. Arbitrary objects will no longer be allowed to be loaded via this mode unless they are explicitly allowlisted by the user via `torch.serialization.add_safe_globals`. We recommend you start setting `weights_only=True` for any use case where you don't have full control of the loaded file. Please open an issue on GitHub for any issues related to this experimental feature.
  self.observation = torch.load("data/img/obs_prev_z.pt").unsqueeze(1)
/home/kubra/DeepSym/data.py:10: FutureWarning: You are using `torch.load` with `weights_only=False` (the current default value), which uses the default pickle module implicitly. It is possible to construct malicious pickle data which will execute arbitrary code during unpickling (See https://github.com/pytorch/pytorch/blob/main/SECURITY.md#untrusted-models for more details). In a future release, the default value for `weights_only` will be flipped to `True`. This limits the functions that could be executed during unpickling. Arbitrary objects will no longer be allowed to be loaded via this mode unless they are explicitly allowlisted by the user via `torch.serialization.add_safe_globals`. We recommend you start setting `weights_only=True` for any use case where you don't have full control of the loaded file. Please open an issue on GitHub for any issues related to this experimental feature.
  self.action = torch.load("data/img/action.pt")
/home/kubra/DeepSym/data.py:12: FutureWarning: You are using `torch.load` with `weights_only=False` (the current default value), which uses the default pickle module implicitly. It is possible to construct malicious pickle data which will execute arbitrary code during unpickling (See https://github.com/pytorch/pytorch/blob/main/SECURITY.md#untrusted-models for more details). In a future release, the default value for `weights_only` will be flipped to `True`. This limits the functions that could be executed during unpickling. Arbitrary objects will no longer be allowed to be loaded via this mode unless they are explicitly allowlisted by the user via `torch.serialization.add_safe_globals`. We recommend you start setting `weights_only=True` for any use case where you don't have full control of the loaded file. Please open an issue on GitHub for any issues related to this experimental feature.
  self.effect = torch.load("data/img/delta_pix_1.pt")
/home/kubra/DeepSym/data.py:34: FutureWarning: You are using `torch.load` with `weights_only=False` (the current default value), which uses the default pickle module implicitly. It is possible to construct malicious pickle data which will execute arbitrary code during unpickling (See https://github.com/pytorch/pytorch/blob/main/SECURITY.md#untrusted-models for more details). In a future release, the default value for `weights_only` will be flipped to `True`. This limits the functions that could be executed during unpickling. Arbitrary objects will no longer be allowed to be loaded via this mode unless they are explicitly allowlisted by the user via `torch.serialization.add_safe_globals`. We recommend you start setting `weights_only=True` for any use case where you don't have full control of the loaded file. Please open an issue on GitHub for any issues related to this experimental feature.
  self.observation = torch.load("data/img/obs_prev_z.pt")
/home/kubra/DeepSym/data.py:38: FutureWarning: You are using `torch.load` with `weights_only=False` (the current default value), which uses the default pickle module implicitly. It is possible to construct malicious pickle data which will execute arbitrary code during unpickling (See https://github.com/pytorch/pytorch/blob/main/SECURITY.md#untrusted-models for more details). In a future release, the default value for `weights_only` will be flipped to `True`. This limits the functions that could be executed during unpickling. Arbitrary objects will no longer be allowed to be loaded via this mode unless they are explicitly allowlisted by the user via `torch.serialization.add_safe_globals`. We recommend you start setting `weights_only=True` for any use case where you don't have full control of the loaded file. Please open an issue on GitHub for any issues related to this experimental feature.
  self.effect = torch.load("data/img/delta_pix_3.pt")
/home/kubra/DeepSym/poster_eval.py:467: FutureWarning: You are using `torch.load` with `weights_only=False` (the current default value), which uses the default pickle module implicitly. It is possible to construct malicious pickle data which will execute arbitrary code during unpickling (See https://github.com/pytorch/pytorch/blob/main/SECURITY.md#untrusted-models for more details). In a future release, the default value for `weights_only` will be flipped to `True`. This limits the functions that could be executed during unpickling. Arbitrary objects will no longer be allowed to be loaded via this mode unless they are explicitly allowlisted by the user via `torch.serialization.add_safe_globals`. We recommend you start setting `weights_only=True` for any use case where you don't have full control of the loaded file. Please open an issue on GitHub for any issues related to this experimental feature.
  effect_labels = torch.load(labels_path, map_location="cpu").detach().cpu().numpy().astype(int)
{
  "model": "dynamic",
  "seed": 4,
  "level1_weighted_mse": 0.22717807014783223,
  "level2_weighted_mse": 0.5867316482543945,
  "object_used_codes": 4,
  "relation_used_codes": 2,
  "object_affordance_purity": 0.9720833333333333,
  "tuple_effect_purity": 0.79,
  "poster_dir": "/home/kubra/DeepSym/save/poster_5seed/dynamic/seed_4/poster"
}
/home/kubra/DeepSym/data.py:34: FutureWarning: You are using `torch.load` with `weights_only=False` (the current default value), which uses the default pickle module implicitly. It is possible to construct malicious pickle data which will execute arbitrary code during unpickling (See https://github.com/pytorch/pytorch/blob/main/SECURITY.md#untrusted-models for more details). In a future release, the default value for `weights_only` will be flipped to `True`. This limits the functions that could be executed during unpickling. Arbitrary objects will no longer be allowed to be loaded via this mode unless they are explicitly allowlisted by the user via `torch.serialization.add_safe_globals`. We recommend you start setting `weights_only=True` for any use case where you don't have full control of the loaded file. Please open an issue on GitHub for any issues related to this experimental feature.
  self.observation = torch.load("data/img/obs_prev_z.pt")
/home/kubra/DeepSym/data.py:38: FutureWarning: You are using `torch.load` with `weights_only=False` (the current default value), which uses the default pickle module implicitly. It is possible to construct malicious pickle data which will execute arbitrary code during unpickling (See https://github.com/pytorch/pytorch/blob/main/SECURITY.md#untrusted-models for more details). In a future release, the default value for `weights_only` will be flipped to `True`. This limits the functions that could be executed during unpickling. Arbitrary objects will no longer be allowed to be loaded via this mode unless they are explicitly allowlisted by the user via `torch.serialization.add_safe_globals`. We recommend you start setting `weights_only=True` for any use case where you don't have full control of the loaded file. Please open an issue on GitHub for any issues related to this experimental feature.
  self.effect = torch.load("data/img/delta_pix_3.pt")
/home/kubra/DeepSym/blocks.py:50: UserWarning: Deterministic behavior was enabled with either `torch.use_deterministic_algorithms(True)` or `at::Context::setDeterministicAlgorithms(true)`, but this operation is not deterministic because it uses CuBLAS and you have CUDA >= 10.2. To enable deterministic behavior in this case, you must set an environment variable before running your PyTorch application: CUBLAS_WORKSPACE_CONFIG=:4096:8 or CUBLAS_WORKSPACE_CONFIG=:16:8. For more information, go to https://docs.nvidia.com/cuda/cublas/index.html#results-reproducibility (Triggered internally at ../aten/src/ATen/Context.cpp:185.)
  x = torch.nn.functional.linear(x, self.weight, self.bias)
level=2 epoch=479/500 train_effect=0.605069 eval_effect=0.630225 train_vq=0.043054 active_codes=2 ema_used_codes=2 step_counter=4790 last_check_step=1901 surprise_streak=0 distance_mean=0.2263 distance_p90=0.5143 distance_p95=1.127 distance_max=3.372 surprise_support=15
level=2 epoch=480/500 train_effect=0.623559 eval_effect=0.623403 train_vq=0.042493 active_codes=2 ema_used_codes=2 step_counter=4800 last_check_step=1901 surprise_streak=0 distance_mean=0.2263 distance_p90=0.5143 distance_p95=1.127 distance_max=3.372 surprise_support=15
level=2 epoch=481/500 train_effect=0.623814 eval_effect=0.608539 train_vq=0.037258 active_codes=2 ema_used_codes=2 step_counter=4810 last_check_step=1901 surprise_streak=0 distance_mean=0.2263 distance_p90=0.5143 distance_p95=1.127 distance_max=3.372 surprise_support=15
level=2 epoch=482/500 train_effect=0.619852 eval_effect=0.608770 train_vq=0.041841 active_codes=2 ema_used_codes=2 step_counter=4820 last_check_step=1901 surprise_streak=0 distance_mean=0.2263 distance_p90=0.5143 distance_p95=1.127 distance_max=3.372 surprise_support=15
level=2 epoch=483/500 train_effect=0.601988 eval_effect=0.611253 train_vq=0.038179 active_codes=2 ema_used_codes=2 step_counter=4830 last_check_step=1901 surprise_streak=0 distance_mean=0.2263 distance_p90=0.5143 distance_p95=1.127 distance_max=3.372 surprise_support=15
level=2 epoch=484/500 train_effect=0.613105 eval_effect=0.609029 train_vq=0.039450 active_codes=2 ema_used_codes=2 step_counter=4840 last_check_step=1901 surprise_streak=0 distance_mean=0.2263 distance_p90=0.5143 distance_p95=1.127 distance_max=3.372 surprise_support=15
level=2 epoch=485/500 train_effect=0.612720 eval_effect=0.621946 train_vq=0.039981 active_codes=2 ema_used_codes=2 step_counter=4850 last_check_step=1901 surprise_streak=0 distance_mean=0.2263 distance_p90=0.5143 distance_p95=1.127 distance_max=3.372 surprise_support=15
level=2 epoch=486/500 train_effect=0.614002 eval_effect=0.604634 train_vq=0.042612 active_codes=2 ema_used_codes=2 step_counter=4860 last_check_step=1901 surprise_streak=0 distance_mean=0.2263 distance_p90=0.5143 distance_p95=1.127 distance_max=3.372 surprise_support=15
level=2 epoch=487/500 train_effect=0.602052 eval_effect=0.626617 train_vq=0.042803 active_codes=2 ema_used_codes=2 step_counter=4870 last_check_step=1901 surprise_streak=0 distance_mean=0.2263 distance_p90=0.5143 distance_p95=1.127 distance_max=3.372 surprise_support=15
level=2 epoch=488/500 train_effect=0.619244 eval_effect=0.598417 train_vq=0.042907 active_codes=2 ema_used_codes=2 step_counter=4880 last_check_step=1901 surprise_streak=0 distance_mean=0.2263 distance_p90=0.5143 distance_p95=1.127 distance_max=3.372 surprise_support=15
level=2 epoch=489/500 train_effect=0.614126 eval_effect=0.606832 train_vq=0.039092 active_codes=2 ema_used_codes=2 step_counter=4890 last_check_step=1901 surprise_streak=0 distance_mean=0.2263 distance_p90=0.5143 distance_p95=1.127 distance_max=3.372 surprise_support=15
level=2 epoch=490/500 train_effect=0.618797 eval_effect=0.618483 train_vq=0.047086 active_codes=2 ema_used_codes=2 step_counter=4900 last_check_step=1901 surprise_streak=0 distance_mean=0.2263 distance_p90=0.5143 distance_p95=1.127 distance_max=3.372 surprise_support=15
level=2 epoch=491/500 train_effect=0.610274 eval_effect=0.610197 train_vq=0.040362 active_codes=2 ema_used_codes=2 step_counter=4910 last_check_step=1901 surprise_streak=0 distance_mean=0.2263 distance_p90=0.5143 distance_p95=1.127 distance_max=3.372 surprise_support=15
level=2 epoch=492/500 train_effect=0.608338 eval_effect=0.595524 train_vq=0.040984 active_codes=2 ema_used_codes=2 step_counter=4920 last_check_step=1901 surprise_streak=0 distance_mean=0.2263 distance_p90=0.5143 distance_p95=1.127 distance_max=3.372 surprise_support=15
level=2 epoch=493/500 train_effect=0.612183 eval_effect=0.601369 train_vq=0.045432 active_codes=2 ema_used_codes=2 step_counter=4930 last_check_step=1901 surprise_streak=0 distance_mean=0.2263 distance_p90=0.5143 distance_p95=1.127 distance_max=3.372 surprise_support=15
level=2 epoch=494/500 train_effect=0.605530 eval_effect=0.628607 train_vq=0.045749 active_codes=2 ema_used_codes=2 step_counter=4940 last_check_step=1901 surprise_streak=0 distance_mean=0.2263 distance_p90=0.5143 distance_p95=1.127 distance_max=3.372 surprise_support=15
level=2 epoch=495/500 train_effect=0.619386 eval_effect=0.616401 train_vq=0.043195 active_codes=2 ema_used_codes=2 step_counter=4950 last_check_step=1901 surprise_streak=0 distance_mean=0.2263 distance_p90=0.5143 distance_p95=1.127 distance_max=3.372 surprise_support=15
level=2 epoch=496/500 train_effect=0.610807 eval_effect=0.616841 train_vq=0.040936 active_codes=2 ema_used_codes=2 step_counter=4960 last_check_step=1901 surprise_streak=0 distance_mean=0.2263 distance_p90=0.5143 distance_p95=1.127 distance_max=3.372 surprise_support=15
level=2 epoch=497/500 train_effect=0.615831 eval_effect=0.607031 train_vq=0.043081 active_codes=2 ema_used_codes=2 step_counter=4970 last_check_step=1901 surprise_streak=0 distance_mean=0.2263 distance_p90=0.5143 distance_p95=1.127 distance_max=3.372 surprise_support=15
level=2 epoch=498/500 train_effect=0.617946 eval_effect=0.611703 train_vq=0.042872 active_codes=2 ema_used_codes=2 step_counter=4980 last_check_step=1901 surprise_streak=0 distance_mean=0.2263 distance_p90=0.5143 distance_p95=1.127 distance_max=3.372 surprise_support=15
level=2 epoch=499/500 train_effect=0.610103 eval_effect=0.613250 train_vq=0.042627 active_codes=2 ema_used_codes=2 step_counter=4990 last_check_step=1901 surprise_streak=0 distance_mean=0.2263 distance_p90=0.5143 distance_p95=1.127 distance_max=3.372 surprise_support=15
level=2 epoch=500/500 train_effect=0.612100 eval_effect=0.607157 train_vq=0.041736 active_codes=2 ema_used_codes=2 step_counter=5000 last_check_step=1901 surprise_streak=0 distance_mean=0.2263 distance_p90=0.5143 distance_p95=1.127 distance_max=3.372 surprise_support=15
Best level-2 deterministic weighted MSE: 0.58673167

Running poster evaluation:
  /home/kubra/DeepSym/.venv/bin/python /home/kubra/DeepSym/poster_eval.py -opts /home/kubra/DeepSym/save/poster_5seed/dynamic/seed_4/opts.yaml --model dynamic
