model,seed,level,epoch,train_total,train_effect,train_vq,eval_total,eval_effect,eval_vq,active_codes,ema_used_codes,step_counter,last_check_step,surprise_streak,distance_mean,distance_p90,distance_p95,distance_max,surprise_support
dynamic,3,1,1,10.086181627909342,10.073066622416178,0.013115036177138488,9.886073338190714,9.886073338190714,0.0,1.0,1.0,10.0,0.0,0.0,,,,,
dynamic,3,1,2,9.761828231811524,9.750252545674641,0.011575510253508886,9.569160968462626,9.569160968462626,0.0,1.0,1.0,20.0,0.0,0.0,,,,,
dynamic,3,1,3,9.45996831258138,9.438404032389323,0.021564302345116932,9.275350766181946,9.275350766181946,0.0,1.0,1.0,30.0,0.0,0.0,,,,,
dynamic,3,1,4,9.199303131103516,9.167252699534098,0.032050352990627286,9.019122160275778,9.019122160275778,0.0,1.0,1.0,40.0,0.0,0.0,,,,,
dynamic,3,1,5,8.948471171061199,8.910956967671712,0.03751414959629377,8.765444957415262,8.765444957415262,0.0,1.0,1.0,50.0,0.0,0.0,,,,,
dynamic,3,1,6,8.704862365722656,8.658453718821209,0.046408671339352926,8.512606914838155,8.512606914838155,0.0,1.0,1.0,60.0,0.0,0.0,,,,,
dynamic,3,1,7,8.472407881418864,8.409239444732666,0.06316851903994879,8.268734777768453,8.268734777768453,0.0,1.0,1.0,70.0,0.0,0.0,,,,,
dynamic,3,1,8,8.251523450215657,8.169358755747478,0.08216471761465073,8.034990429878235,8.034990429878235,0.0,1.0,1.0,80.0,0.0,0.0,,,,,
dynamic,3,1,9,8.0470325533549,7.94028777440389,0.10674470921357472,7.811148365338643,7.811148365338643,0.0,1.0,1.0,90.0,0.0,0.0,,,,,
dynamic,3,1,10,7.841218293507894,7.7182106590271,0.12300760746002197,7.594181747436523,7.594181747436523,0.0,1.0,1.0,100.0,0.0,0.0,,,,,
dynamic,3,1,11,7.650901597340901,7.502254409790039,0.14864719788233438,7.381349615255991,7.381349615255991,0.0,1.0,1.0,110.0,0.0,0.0,,,,,
dynamic,3,1,12,7.468666388193767,7.2958061917622885,0.17286023100217182,7.175101762612661,7.175101762612661,0.0,1.0,1.0,120.0,0.0,0.0,,,,,
dynamic,3,1,13,7.274870942433675,7.090920607248942,0.18395034670829774,6.9782020950317385,6.9782020950317385,0.0,1.0,1.0,130.0,0.0,0.0,,,,,
dynamic,3,1,14,7.082215207417806,6.898856697082519,0.18335850894451142,6.787945996920268,6.787945996920268,0.0,1.0,1.0,140.0,0.0,0.0,,,,,
dynamic,3,1,15,6.900266901652018,6.714584503173828,0.18568241635958355,6.6174470853805545,6.6174470853805545,0.0,1.0,1.0,150.0,0.0,0.0,,,,,
dynamic,3,1,16,6.723203360239665,6.548227914174398,0.17497540156046548,6.459472764333089,6.459472764333089,0.0,1.0,1.0,160.0,0.0,0.0,,,,,
dynamic,3,1,17,6.513863347371419,6.3915526390075685,0.12231070359547933,6.300891888936361,6.300891888936361,0.0,1.0,1.0,170.0,0.0,0.0,,,,,
dynamic,3,1,18,6.31229466120402,6.235443274180095,0.0768513086438179,6.145337062676748,6.145337062676748,0.0,1.0,1.0,180.0,0.0,0.0,,,,,
dynamic,3,1,19,6.130053240458171,6.081656748453776,0.048396507998307546,5.994660425980886,5.994660425980886,0.0,1.0,1.0,190.0,0.0,0.0,,,,,
dynamic,3,1,20,5.970060907999675,5.933211688995361,0.03684914951523145,5.8513608058293665,5.8513608058293665,0.0,1.0,1.0,200.0,0.0,0.0,,,,,
dynamic,3,1,21,5.827405923207601,5.794360644022624,0.03304529850681623,5.718764825661977,5.718764825661977,0.0,1.0,1.0,210.0,201.0,1.0,0.2730214297771454,0.5125093460083008,1.0652501583099365,3.4907615184783936,14.0
dynamic,3,1,22,5.703220361073812,5.662309220631918,0.040911076267560326,5.5843891104062395,5.5843891104062395,0.0,1.0,1.0,220.0,201.0,1.0,0.2730214297771454,0.5125093460083008,1.0652501583099365,3.4907615184783936,14.0
dynamic,3,1,23,5.593673661549886,5.527652991612753,0.06602059721946717,5.453431764443716,5.453431764443716,0.0,1.0,1.0,230.0,201.0,1.0,0.2730214297771454,0.5125093460083008,1.0652501583099365,3.4907615184783936,14.0
dynamic,3,1,24,5.5074195925394696,5.401076113382976,0.10634339272975922,5.330510682264964,5.330510682264964,0.0,1.0,1.0,240.0,201.0,1.0,0.2730214297771454,0.5125093460083008,1.0652501583099365,3.4907615184783936,14.0
dynamic,3,1,25,5.374026120503744,5.278654727935791,0.09537140776713689,5.210234227975209,5.210234227975209,0.0,1.0,1.0,250.0,201.0,1.0,0.2730214297771454,0.5125093460083008,1.0652501583099365,3.4907615184783936,14.0
dynamic,3,1,26,5.217635866800944,5.159099051157633,0.058536752859751386,5.087649467786153,5.087649467786153,0.0,1.0,1.0,260.0,201.0,1.0,0.2730214297771454,0.5125093460083008,1.0652501583099365,3.4907615184783936,14.0
dynamic,3,1,27,5.069894243876139,5.036399580637614,0.03349466919898987,4.967295622030894,4.967295622030894,0.0,1.0,1.0,270.0,201.0,1.0,0.2730214297771454,0.5125093460083008,1.0652501583099365,3.4907615184783936,14.0
dynamic,3,1,28,4.940047416687012,4.917212041219075,0.02283539466559887,4.849714162349701,4.849714162349701,0.0,1.0,1.0,280.0,201.0,1.0,0.2730214297771454,0.5125093460083008,1.0652501583099365,3.4907615184783936,14.0
dynamic,3,1,29,4.81847482363383,4.802105862299602,0.016368936598300934,4.738636039098104,4.738636039098104,0.0,1.0,1.0,290.0,201.0,1.0,0.2730214297771454,0.5125093460083008,1.0652501583099365,3.4907615184783936,14.0
dynamic,3,1,30,4.7131266593933105,4.695158011118571,0.01796865130464236,4.637323447863261,4.637323447863261,0.0,1.0,1.0,300.0,201.0,1.0,0.2730214297771454,0.5125093460083008,1.0652501583099365,3.4907615184783936,14.0
dynamic,3,1,31,4.62351403872172,4.5935724894205725,0.029941531469424566,4.53513794263204,4.53513794263204,0.0,1.0,1.0,310.0,301.0,0.0,0.18686240911483765,0.4213107228279114,0.8074362874031067,3.0076167583465576,8.0
dynamic,3,1,32,4.547035140991211,4.492665907541911,0.05436924427747727,4.433983725706736,4.433983725706736,0.0,1.0,1.0,320.0,301.0,0.0,0.18686240911483765,0.4213107228279114,0.8074362874031067,3.0076167583465576,8.0
dynamic,3,1,33,4.481924085617066,4.392920888264974,0.08900322536627452,4.331944644451141,4.331944644451141,0.0,1.0,1.0,330.0,301.0,0.0,0.18686240911483765,0.4213107228279114,0.8074362874031067,3.0076167583465576,8.0
dynamic,3,1,34,4.4190059121449785,4.293276545206706,0.1257292664051056,4.239550644556681,4.239550644556681,0.0,1.0,1.0,340.0,301.0,0.0,0.18686240911483765,0.4213107228279114,0.8074362874031067,3.0076167583465576,8.0
dynamic,3,1,35,4.312457857131958,4.202360273996989,0.11009763181209564,4.148886109193166,4.148886109193166,0.0,1.0,1.0,350.0,301.0,0.0,0.18686240911483765,0.4213107228279114,0.8074362874031067,3.0076167583465576,8.0
dynamic,3,1,36,4.1869154485066735,4.1110398356119795,0.07587565213441849,4.059382857481639,4.059382857481639,0.0,1.0,1.0,360.0,301.0,0.0,0.18686240911483765,0.4213107228279114,0.8074362874031067,3.0076167583465576,8.0
dynamic,3,1,37,4.073794841766357,4.0207172266642255,0.053077546457449595,3.9711688343683877,3.9711688343683877,0.0,1.0,1.0,370.0,301.0,0.0,0.18686240911483765,0.4213107228279114,0.8074362874031067,3.0076167583465576,8.0
dynamic,3,1,38,3.9767896715799966,3.9336500485738117,0.043139629662036896,3.8825575812657673,3.8825575812657673,0.0,1.0,1.0,380.0,301.0,0.0,0.18686240911483765,0.4213107228279114,0.8074362874031067,3.0076167583465576,8.0
dynamic,3,1,39,3.883914648691813,3.846606814066569,0.03730784128109614,3.796240561803182,3.796240561803182,0.0,1.0,1.0,390.0,301.0,0.0,0.18686240911483765,0.4213107228279114,0.8074362874031067,3.0076167583465576,8.0
dynamic,3,1,40,3.79631773630778,3.7613954798380536,0.034922283391157785,3.714876984755198,3.714876984755198,0.0,1.0,1.0,400.0,301.0,0.0,0.18686240911483765,0.4213107228279114,0.8074362874031067,3.0076167583465576,8.0
dynamic,3,1,41,3.719236485163371,3.6831880887349446,0.036048425932725274,3.6378285892804465,3.6378285892804465,0.0,1.0,1.0,410.0,401.0,1.0,0.2693917751312256,0.6943842768669128,1.0422749519348145,2.3812572956085205,15.0
dynamic,3,1,42,3.6598843892415363,3.606690721511841,0.053193644384543104,3.563308529853821,3.563308529853821,0.0,1.0,1.0,420.0,401.0,1.0,0.2693917751312256,0.6943842768669128,1.0422749519348145,2.3812572956085205,15.0
dynamic,3,1,43,3.637033748626709,3.53277907371521,0.10425465782483419,3.490788270632426,3.490788270632426,0.0,1.0,1.0,430.0,401.0,1.0,0.2693917751312256,0.6943842768669128,1.0422749519348145,2.3812572956085205,15.0
dynamic,3,1,44,3.600699831644694,3.461740261713664,0.13895959556102752,3.4203181505203246,3.4203181505203246,0.0,1.0,1.0,440.0,401.0,1.0,0.2693917751312256,0.6943842768669128,1.0422749519348145,2.3812572956085205,15.0
dynamic,3,1,45,3.5256321144104006,3.3917838954925537,0.1338482141494751,3.351794216632843,3.351794216632843,0.0,1.0,1.0,450.0,401.0,1.0,0.2693917751312256,0.6943842768669128,1.0422749519348145,2.3812572956085205,15.0
dynamic,3,1,46,3.4450732421875,3.3231699498494467,0.12190329849720001,3.2854400237401324,3.2854400237401324,0.0,1.0,1.0,460.0,401.0,1.0,0.2693917751312256,0.6943842768669128,1.0422749519348145,2.3812572956085205,15.0
dynamic,3,1,47,3.3600665537516274,3.2583322143554687,0.10173429538806279,3.220238425731659,3.220238425731659,0.0,1.0,1.0,470.0,401.0,1.0,0.2693917751312256,0.6943842768669128,1.0422749519348145,2.3812572956085205,15.0
dynamic,3,1,48,3.2765193812052407,3.1928028806050617,0.08371647079785664,3.157559603850047,3.157559603850047,0.0,1.0,1.0,480.0,401.0,1.0,0.2693917751312256,0.6943842768669128,1.0422749519348145,2.3812572956085205,15.0
dynamic,3,1,49,3.202616942723592,3.130846141179403,0.07177080512046814,3.09614430586497,3.09614430586497,0.0,1.0,1.0,490.0,401.0,1.0,0.2693917751312256,0.6943842768669128,1.0422749519348145,2.3812572956085205,15.0
dynamic,3,1,50,3.133633502324422,3.0706672954559324,0.06296619812647501,3.0368937746683757,3.0368937746683757,0.0,1.0,1.0,500.0,401.0,1.0,0.2693917751312256,0.6943842768669128,1.0422749519348145,2.3812572956085205,15.0
dynamic,3,1,51,2.9580229568481444,2.922960729598999,0.03506222526232401,2.8950514006614685,2.8950514006614685,0.0,2.0,2.0,510.0,501.0,0.0,0.5054682493209839,1.3741003274917603,1.7097141742706299,2.7364163398742676,43.0
dynamic,3,1,52,2.8980907185872398,2.8650021330515543,0.03308854614694913,2.8335002573331196,2.8335002573331196,0.0,2.0,2.0,520.0,501.0,0.0,0.5054682493209839,1.3741003274917603,1.7097141742706299,2.7364163398742676,43.0
dynamic,3,1,53,2.839496405919393,2.8058372656504313,0.03365914011994998,2.7617374261220298,2.7617374261220298,0.0,2.0,2.0,530.0,501.0,0.0,0.5054682493209839,1.3741003274917603,1.7097141742706299,2.7364163398742676,43.0
dynamic,3,1,54,2.7771253871917723,2.743109680811564,0.034015689392884574,2.6926993147532143,2.6926993147532143,0.0,2.0,2.0,540.0,501.0,0.0,0.5054682493209839,1.3741003274917603,1.7097141742706299,2.7364163398742676,43.0
dynamic,3,1,55,2.715257110595703,2.6816248257954913,0.03363229001561801,2.6302757183710734,2.6302757183710734,0.0,2.0,2.0,550.0,501.0,0.0,0.5054682493209839,1.3741003274917603,1.7097141742706299,2.7364163398742676,43.0
dynamic,3,1,56,2.6502792898813885,2.617795664469401,0.03248363815248013,2.575251121520996,2.575251121520996,0.0,2.0,2.0,560.0,501.0,0.0,0.5054682493209839,1.3741003274917603,1.7097141742706299,2.7364163398742676,43.0
dynamic,3,1,57,2.5904644393920897,2.5605563831329348,0.0299081143985192,2.5193079908688865,2.5193079908688865,0.0,2.0,2.0,570.0,501.0,0.0,0.5054682493209839,1.3741003274917603,1.7097141742706299,2.7364163398742676,43.0
dynamic,3,1,58,2.528035634358724,2.5007202784220377,0.027315359736482303,2.46228773911794,2.46228773911794,0.0,2.0,2.0,580.0,501.0,0.0,0.5054682493209839,1.3741003274917603,1.7097141742706299,2.7364163398742676,43.0
dynamic,3,1,59,2.47418506304423,2.447216879526774,0.026968177606662116,2.4050073925654094,2.4050073925654094,0.0,2.0,2.0,590.0,501.0,0.0,0.5054682493209839,1.3741003274917603,1.7097141742706299,2.7364163398742676,43.0
dynamic,3,1,60,2.4187393792470298,2.3908660507202146,0.027873359074195227,2.352867964108785,2.352867964108785,0.0,2.0,2.0,600.0,501.0,0.0,0.5054682493209839,1.3741003274917603,1.7097141742706299,2.7364163398742676,43.0
dynamic,3,1,61,2.3718798621495565,2.34181401570638,0.03006589675943057,2.3027329301834105,2.3027329301834105,0.0,2.0,2.0,610.0,601.0,1.0,0.2452039122581482,0.5558010339736938,1.0447471141815186,1.8495739698410034,14.0
dynamic,3,1,62,2.3221308167775474,2.288631591796875,0.0334992257754008,2.2537706812222797,2.2537706812222797,0.0,2.0,2.0,620.0,601.0,1.0,0.2452039122581482,0.5558010339736938,1.0447471141815186,1.8495739698410034,14.0
dynamic,3,1,63,2.2765324052174885,2.244011735916138,0.032520626386006675,2.2154136157035826,2.2154136157035826,0.0,2.0,2.0,630.0,601.0,1.0,0.2452039122581482,0.5558010339736938,1.0447471141815186,1.8495739698410034,14.0
dynamic,3,1,64,2.221486520767212,2.195314776102702,0.026171743671099344,2.165436936219533,2.165436936219533,0.0,2.0,2.0,640.0,601.0,1.0,0.2452039122581482,0.5558010339736938,1.0447471141815186,1.8495739698410034,14.0
dynamic,3,1,65,2.1737325525283815,2.1505681133270262,0.023164418538411457,2.1157724062601724,2.1157724062601724,0.0,2.0,2.0,650.0,601.0,1.0,0.2452039122581482,0.5558010339736938,1.0447471141815186,1.8495739698410034,14.0
dynamic,3,1,66,2.1317116832733154,2.1062186590830483,0.025493024637301763,2.070296280384064,2.070296280384064,0.0,2.0,2.0,660.0,601.0,1.0,0.2452039122581482,0.5558010339736938,1.0447471141815186,1.8495739698410034,14.0
dynamic,3,1,67,2.0947896258036294,2.068527232805888,0.02626237322886785,2.0277510237693788,2.0277510237693788,0.0,2.0,2.0,670.0,601.0,1.0,0.2452039122581482,0.5558010339736938,1.0447471141815186,1.8495739698410034,14.0
dynamic,3,1,68,2.0508109601338704,2.022709608078003,0.028101315026481947,1.987076346874237,1.987076346874237,0.0,2.0,2.0,680.0,601.0,1.0,0.2452039122581482,0.5558010339736938,1.0447471141815186,1.8495739698410034,14.0
dynamic,3,1,69,2.0036903921763103,1.9740495268503826,0.02964085931579272,1.9468025008837382,1.9468025008837382,0.0,2.0,2.0,690.0,601.0,1.0,0.2452039122581482,0.5558010339736938,1.0447471141815186,1.8495739698410034,14.0
dynamic,3,1,70,1.9725674819946288,1.9389599418640138,0.033607548773288726,1.908568683465322,1.908568683465322,0.0,2.0,2.0,700.0,601.0,1.0,0.2452039122581482,0.5558010339736938,1.0447471141815186,1.8495739698410034,14.0
dynamic,3,1,71,1.9348921632766725,1.9009579483668009,0.03393422245979309,1.8706443349520365,1.8706443349520365,0.0,2.0,2.0,710.0,701.0,0.0,0.26514342427253723,0.6025701761245728,0.9154419898986816,2.02799391746521,9.0
dynamic,3,1,72,1.9031674655278523,1.8728241856892904,0.030343299731612206,1.836523118019104,1.836523118019104,0.0,2.0,2.0,720.0,701.0,0.0,0.26514342427253723,0.6025701761245728,0.9154419898986816,2.02799391746521,9.0
dynamic,3,1,73,1.8507724507649739,1.825309165318807,0.025463280181090037,1.8003120454152426,1.8003120454152426,0.0,2.0,2.0,730.0,701.0,0.0,0.26514342427253723,0.6025701761245728,0.9154419898986816,2.02799391746521,9.0
dynamic,3,1,74,1.8197711133956909,1.7941683308283487,0.02560277094443639,1.7639797321955364,1.7639797321955364,0.0,2.0,2.0,740.0,701.0,0.0,0.26514342427253723,0.6025701761245728,0.9154419898986816,2.02799391746521,9.0
dynamic,3,1,75,1.7857141065597535,1.7596074962615966,0.02610661114255587,1.7310236072540284,1.7310236072540284,0.0,2.0,2.0,750.0,701.0,0.0,0.26514342427253723,0.6025701761245728,0.9154419898986816,2.02799391746521,9.0
dynamic,3,1,76,1.7405984751383463,1.7140084822972617,0.026589996938904126,1.6954296120007832,1.6954296120007832,0.0,2.0,2.0,760.0,701.0,0.0,0.26514342427253723,0.6025701761245728,0.9154419898986816,2.02799391746521,9.0
dynamic,3,1,77,1.7276763788859049,1.694472878774007,0.033203491965929664,1.6655208547910054,1.6655208547910054,0.0,2.0,2.0,770.0,701.0,0.0,0.26514342427253723,0.6025701761245728,0.9154419898986816,2.02799391746521,9.0
dynamic,3,1,78,1.7050963528951009,1.669029180208842,0.0360671662290891,1.6343215950330099,1.6343215950330099,0.0,2.0,2.0,780.0,701.0,0.0,0.26514342427253723,0.6025701761245728,0.9154419898986816,2.02799391746521,9.0
dynamic,3,1,79,1.6536252880096436,1.6185454924901326,0.03507980287075043,1.6018721381823222,1.6018721381823222,0.0,2.0,2.0,790.0,701.0,0.0,0.26514342427253723,0.6025701761245728,0.9154419898986816,2.02799391746521,9.0
dynamic,3,1,80,1.623163324991862,1.5899163834253947,0.03324692527453105,1.575615607102712,1.575615607102712,0.0,2.0,2.0,800.0,701.0,0.0,0.26514342427253723,0.6025701761245728,0.9154419898986816,2.02799391746521,9.0
dynamic,3,1,81,1.6084162950515748,1.5769017426172893,0.03151455988486608,1.5862316767374673,1.5862316767374673,0.0,2.0,2.0,810.0,801.0,0.0,0.22204166650772095,0.5506823062896729,0.7676621079444885,1.528214454650879,7.0
dynamic,3,1,82,1.5701416063308715,1.5353520011901856,0.03478959918022156,1.5070123116175334,1.5070123116175334,0.0,2.0,2.0,820.0,801.0,0.0,0.22204166650772095,0.5506823062896729,0.7676621079444885,1.528214454650879,7.0
dynamic,3,1,83,1.5320185041427612,1.5018646574020387,0.030153839886188506,1.5083920860290527,1.5083920860290527,0.0,2.0,2.0,830.0,801.0,0.0,0.22204166650772095,0.5506823062896729,0.7676621079444885,1.528214454650879,7.0
dynamic,3,1,84,1.5044617875417075,1.475853460629781,0.0286083426574866,1.5416107813517252,1.5416107813517252,0.0,2.0,2.0,840.0,801.0,0.0,0.22204166650772095,0.5506823062896729,0.7676621079444885,1.528214454650879,7.0
dynamic,3,1,85,1.485100859006246,1.4559470129013061,0.02915384275217851,1.4414649931589762,1.4414649931589762,0.0,2.0,2.0,850.0,801.0,0.0,0.22204166650772095,0.5506823062896729,0.7676621079444885,1.528214454650879,7.0
dynamic,3,1,86,1.458139362335205,1.4313258361816406,0.026813507502277692,1.4601294986406963,1.4601294986406963,0.0,2.0,2.0,860.0,801.0,0.0,0.22204166650772095,0.5506823062896729,0.7676621079444885,1.528214454650879,7.0
dynamic,3,1,87,1.4463943036397298,1.4165922276178995,0.02980207234621048,1.4960298498471578,1.4960298498471578,0.0,2.0,2.0,870.0,801.0,0.0,0.22204166650772095,0.5506823062896729,0.7676621079444885,1.528214454650879,7.0
dynamic,3,1,88,1.4483459377288819,1.410500349998474,0.037845585445563,1.449480710029602,1.449480710029602,0.0,2.0,2.0,880.0,801.0,0.0,0.22204166650772095,0.5506823062896729,0.7676621079444885,1.528214454650879,7.0
dynamic,3,1,89,1.4147113180160522,1.3704021596908569,0.04430915137132009,1.3466139467557272,1.3466139467557272,0.0,2.0,2.0,890.0,801.0,0.0,0.22204166650772095,0.5506823062896729,0.7676621079444885,1.528214454650879,7.0
dynamic,3,1,90,1.3817496919631957,1.3448638645807902,0.03688583239912987,1.3349525451660156,1.3349525451660156,0.0,2.0,2.0,900.0,801.0,0.0,0.22204166650772095,0.5506823062896729,0.7676621079444885,1.528214454650879,7.0
dynamic,3,1,91,1.356872132619222,1.326064287821452,0.030807855824629467,1.3890062363942464,1.3890062363942464,0.0,2.0,2.0,910.0,901.0,0.0,0.2218991070985794,0.5157455205917358,0.7450733184814453,1.9368222951889038,4.0
dynamic,3,1,92,1.3719130500157675,1.3391713110605876,0.03274175574382146,1.3395101308822632,1.3395101308822632,0.0,2.0,2.0,920.0,901.0,0.0,0.2218991070985794,0.5157455205917358,0.7450733184814453,1.9368222951889038,4.0
dynamic,3,1,93,1.331612884203593,1.301509099006653,0.030103779832522073,1.3020436024665833,1.3020436024665833,0.0,2.0,2.0,930.0,901.0,0.0,0.2218991070985794,0.5157455205917358,0.7450733184814453,1.9368222951889038,4.0
dynamic,3,1,94,1.3088462130228677,1.2796327018737792,0.02921352207660675,1.4149618744850159,1.4149618744850159,0.0,2.0,2.0,940.0,901.0,0.0,0.2218991070985794,0.5157455205917358,0.7450733184814453,1.9368222951889038,4.0
dynamic,3,1,95,1.3149554634094238,1.2786957454681396,0.03625972251097361,1.3497027738889058,1.3497027738889058,0.0,2.0,2.0,950.0,901.0,0.0,0.2218991070985794,0.5157455205917358,0.7450733184814453,1.9368222951889038,4.0
dynamic,3,1,96,1.2830033508936565,1.2355559651056927,0.047447397609551745,1.2533437347412109,1.2533437347412109,0.0,2.0,2.0,960.0,901.0,0.0,0.2218991070985794,0.5157455205917358,0.7450733184814453,1.9368222951889038,4.0
dynamic,3,1,97,1.2719115527470906,1.2230025307337442,0.04890903110305468,1.1952534858385722,1.1952534858385722,0.0,2.0,2.0,970.0,901.0,0.0,0.2218991070985794,0.5157455205917358,0.7450733184814453,1.9368222951889038,4.0
dynamic,3,1,98,1.2275190194447836,1.1876390965779622,0.03987992706398169,1.1845198400815329,1.1845198400815329,0.0,2.0,2.0,980.0,901.0,0.0,0.2218991070985794,0.5157455205917358,0.7450733184814453,1.9368222951889038,4.0
dynamic,3,1,99,1.212587021191915,1.1730693896611533,0.039517624229192735,1.1856665802001953,1.1856665802001953,0.0,2.0,2.0,990.0,901.0,0.0,0.2218991070985794,0.5157455205917358,0.7450733184814453,1.9368222951889038,4.0
dynamic,3,1,100,1.1959687836964925,1.1562237564722697,0.03974503646294276,1.1556429274876912,1.1556429274876912,0.0,2.0,2.0,1000.0,901.0,0.0,0.2218991070985794,0.5157455205917358,0.7450733184814453,1.9368222951889038,4.0
dynamic,3,1,101,1.1891634559631348,1.1496921904881796,0.039471269895633064,1.1552291989326477,1.1552291989326477,0.0,2.0,2.0,1010.0,1001.0,1.0,0.32764559984207153,0.7486183643341064,1.294797658920288,2.468600034713745,17.0
dynamic,3,1,102,1.1634232584635418,1.124544496536255,0.03887874369819959,1.1593846201896667,1.1593846201896667,0.0,2.0,2.0,1020.0,1001.0,1.0,0.32764559984207153,0.7486183643341064,1.294797658920288,2.468600034713745,17.0
dynamic,3,1,103,1.1675402975082398,1.1224546670913695,0.04508564690748851,1.15709476629893,1.15709476629893,0.0,2.0,2.0,1030.0,1001.0,1.0,0.32764559984207153,0.7486183643341064,1.294797658920288,2.468600034713745,17.0
dynamic,3,1,104,1.1609113693237305,1.111466884613037,0.049444488684336346,1.1034256879488626,1.1034256879488626,0.0,2.0,2.0,1040.0,1001.0,1.0,0.32764559984207153,0.7486183643341064,1.294797658920288,2.468600034713745,17.0
dynamic,3,1,105,1.1354723358154297,1.084782927831014,0.0506893922885259,1.072772861321767,1.072772861321767,0.0,2.0,2.0,1050.0,1001.0,1.0,0.32764559984207153,0.7486183643341064,1.294797658920288,2.468600034713745,17.0
dynamic,3,1,106,1.1336794424057006,1.0846917915344239,0.04898766378561656,1.0713978679974874,1.0713978679974874,0.0,2.0,2.0,1060.0,1001.0,1.0,0.32764559984207153,0.7486183643341064,1.294797658920288,2.468600034713745,17.0
dynamic,3,1,107,1.1688891331354776,1.1176086521148683,0.05128050744533539,1.0804106489817302,1.0804106489817302,0.0,2.0,2.0,1070.0,1001.0,1.0,0.32764559984207153,0.7486183643341064,1.294797658920288,2.468600034713745,17.0
dynamic,3,1,108,1.1481211646397909,1.0960482851664226,0.052072881658871965,1.0681335926055908,1.0681335926055908,0.0,2.0,2.0,1080.0,1001.0,1.0,0.32764559984207153,0.7486183643341064,1.294797658920288,2.468600034713745,17.0
dynamic,3,1,109,1.109015777905782,1.0582592757542928,0.0507565184434255,1.0784051752090453,1.0784051752090453,0.0,2.0,2.0,1090.0,1001.0,1.0,0.32764559984207153,0.7486183643341064,1.294797658920288,2.468600034713745,17.0
dynamic,3,1,110,1.1151880407333374,1.0596552181243897,0.05553282702962557,1.080897319316864,1.080897319316864,0.0,2.0,2.0,1100.0,1001.0,1.0,0.32764559984207153,0.7486183643341064,1.294797658920288,2.468600034713745,17.0
dynamic,3,1,111,1.1293662691116333,1.080017205874125,0.049349056084950764,1.0740543174743653,1.0740543174743653,0.0,3.0,3.0,1110.0,1101.0,0.0,0.46576860547065735,1.1846990585327148,1.395331859588623,2.668926239013672,32.0
dynamic,3,1,112,1.1766603978474934,1.0887177205085754,0.08794266104698181,1.0422523125012715,1.0422523125012715,0.0,3.0,3.0,1120.0,1101.0,0.0,0.46576860547065735,1.1846990585327148,1.395331859588623,2.668926239013672,32.0
dynamic,3,1,113,1.167042786280314,1.066481434504191,0.1005613574385643,1.0375432817141215,1.0375432817141215,0.0,3.0,3.0,1130.0,1101.0,0.0,0.46576860547065735,1.1846990585327148,1.395331859588623,2.668926239013672,32.0
dynamic,3,1,114,1.0923181136449178,1.0209982832272848,0.07131981054941813,1.0117198634147644,1.0117198634147644,0.0,3.0,3.0,1140.0,1101.0,0.0,0.46576860547065735,1.1846990585327148,1.395331859588623,2.668926239013672,32.0
dynamic,3,1,115,1.049032333691915,0.9956918382644653,0.053340511322021486,0.9743005585670471,0.9743005585670471,0.0,3.0,3.0,1150.0,1101.0,0.0,0.46576860547065735,1.1846990585327148,1.395331859588623,2.668926239013672,32.0
dynamic,3,1,116,1.0328338368733725,0.987104229927063,0.04572961966196696,0.955993824005127,0.955993824005127,0.0,3.0,3.0,1160.0,1101.0,0.0,0.46576860547065735,1.1846990585327148,1.395331859588623,2.668926239013672,32.0
dynamic,3,1,117,1.0206917683283487,0.9744711987177531,0.04622056970993678,0.9449484626452128,0.9449484626452128,0.0,3.0,3.0,1170.0,1101.0,0.0,0.46576860547065735,1.1846990585327148,1.395331859588623,2.668926239013672,32.0
dynamic,3,1,118,1.0085873436927795,0.960015423297882,0.0485719167192777,0.9442945996920268,0.9442945996920268,0.0,3.0,3.0,1180.0,1101.0,0.0,0.46576860547065735,1.1846990585327148,1.395331859588623,2.668926239013672,32.0
dynamic,3,1,119,1.0026273759206137,0.9514224211374919,0.05120496034622193,0.9385755431652069,0.9385755431652069,0.0,3.0,3.0,1190.0,1101.0,0.0,0.46576860547065735,1.1846990585327148,1.395331859588623,2.668926239013672,32.0
dynamic,3,1,120,1.0011035664876302,0.9513081534703572,0.04979541142781575,0.9233076639970144,0.9233076639970144,0.0,3.0,3.0,1200.0,1101.0,0.0,0.46576860547065735,1.1846990585327148,1.395331859588623,2.668926239013672,32.0
dynamic,3,1,121,0.9851217540105184,0.9334151411056518,0.051706613401571906,0.9116778993606567,0.9116778993606567,0.0,3.0,3.0,1210.0,1201.0,1.0,0.4157474637031555,0.9149520397186279,1.3378159999847412,4.533076763153076,21.0
dynamic,3,1,122,0.9594456179936727,0.9113985387484232,0.048047084808349606,0.9060664888223012,0.9060664888223012,0.0,3.0,3.0,1220.0,1201.0,1.0,0.4157474637031555,0.9149520397186279,1.3378159999847412,4.533076763153076,21.0
dynamic,3,1,123,0.9564623594284057,0.9134014503161112,0.043060917953650156,0.9032313263416291,0.9032313263416291,0.0,3.0,3.0,1230.0,1201.0,1.0,0.4157474637031555,0.9149520397186279,1.3378159999847412,4.533076763153076,21.0
dynamic,3,1,124,0.9499841705958049,0.8973661891619364,0.0526179759701093,0.8902782595157623,0.8902782595157623,0.0,3.0,3.0,1240.0,1201.0,1.0,0.4157474637031555,0.9149520397186279,1.3378159999847412,4.533076763153076,21.0
dynamic,3,1,125,0.9493037700653076,0.8860202685991923,0.0632835078239441,0.8723308885097504,0.8723308885097504,0.0,3.0,3.0,1250.0,1201.0,1.0,0.4157474637031555,0.9149520397186279,1.3378159999847412,4.533076763153076,21.0
dynamic,3,1,126,0.9246543836593628,0.8634050909678141,0.06124930088718732,0.8538119534651438,0.8538119534651438,0.0,3.0,3.0,1260.0,1201.0,1.0,0.4157474637031555,0.9149520397186279,1.3378159999847412,4.533076763153076,21.0
dynamic,3,1,127,0.9002660719553629,0.8564816999435425,0.043784366945425666,0.8454214723904928,0.8454214723904928,0.0,3.0,3.0,1270.0,1201.0,1.0,0.4157474637031555,0.9149520397186279,1.3378159999847412,4.533076763153076,21.0
dynamic,3,1,128,0.9017412869135538,0.8483937875429789,0.05334750538070997,0.8435571285088858,0.8435571285088858,0.0,3.0,3.0,1280.0,1201.0,1.0,0.4157474637031555,0.9149520397186279,1.3378159999847412,4.533076763153076,21.0
dynamic,3,1,129,0.918521699110667,0.84922416528066,0.06929753522078196,0.8325487470626831,0.8325487470626831,0.0,3.0,3.0,1290.0,1201.0,1.0,0.4157474637031555,0.9149520397186279,1.3378159999847412,4.533076763153076,21.0
dynamic,3,1,130,0.8947699856758118,0.8323216875394185,0.06244830215970675,0.8226952989896138,0.8226952989896138,0.0,3.0,3.0,1300.0,1201.0,1.0,0.4157474637031555,0.9149520397186279,1.3378159999847412,4.533076763153076,21.0
dynamic,3,1,131,1.0601658964157104,1.0224472753206888,0.03771862973769506,1.387839243412018,1.387839243412018,0.0,4.0,4.0,1310.0,1301.0,0.0,0.4955200254917145,1.3089665174484253,1.671432614326477,2.888406753540039,40.0
dynamic,3,1,132,0.9632571323712666,0.9261504522959392,0.03710667957862218,0.8907156570752461,0.8907156570752461,0.0,4.0,4.0,1320.0,1301.0,0.0,0.4955200254917145,1.3089665174484253,1.671432614326477,2.888406753540039,40.0
dynamic,3,1,133,0.8990842843055725,0.8677788662910462,0.03130541687210401,0.8217747167746225,0.8217747167746225,0.0,4.0,4.0,1330.0,1301.0,0.0,0.4955200254917145,1.3089665174484253,1.671432614326477,2.888406753540039,40.0
dynamic,3,1,134,0.8911106554667155,0.8616204190254212,0.02949023316303889,0.8394599624474843,0.8394599624474843,0.0,4.0,4.0,1340.0,1301.0,0.0,0.4955200254917145,1.3089665174484253,1.671432614326477,2.888406753540039,40.0
dynamic,3,1,135,0.8723403024673462,0.8455012408892314,0.026839067662755647,0.8047869662443797,0.8047869662443797,0.0,4.0,4.0,1350.0,1301.0,0.0,0.4955200254917145,1.3089665174484253,1.671432614326477,2.888406753540039,40.0
dynamic,3,1,136,0.8618902238210042,0.8369159523646037,0.024974271655082703,0.799298255443573,0.799298255443573,0.0,4.0,4.0,1360.0,1301.0,0.0,0.4955200254917145,1.3089665174484253,1.671432614326477,2.888406753540039,40.0
dynamic,3,1,137,0.8419660226504008,0.818657774925232,0.02330825480322043,0.7944994417826334,0.7944994417826334,0.0,4.0,4.0,1370.0,1301.0,0.0,0.4955200254917145,1.3089665174484253,1.671432614326477,2.888406753540039,40.0
dynamic,3,1,138,0.8453978745142618,0.8221769467989604,0.02322092851003011,0.8068111642201742,0.8068111642201742,0.0,4.0,4.0,1380.0,1301.0,0.0,0.4955200254917145,1.3089665174484253,1.671432614326477,2.888406753540039,40.0
dynamic,3,1,139,0.8463856275876364,0.8239778518676758,0.022407778104146323,0.7959135524431864,0.7959135524431864,0.0,4.0,4.0,1390.0,1301.0,0.0,0.4955200254917145,1.3089665174484253,1.671432614326477,2.888406753540039,40.0
dynamic,3,1,140,0.8298305408159892,0.8077011601130167,0.02212938557068507,0.8023378793398539,0.8023378793398539,0.0,4.0,4.0,1400.0,1301.0,0.0,0.4955200254917145,1.3089665174484253,1.671432614326477,2.888406753540039,40.0
dynamic,3,1,141,0.8273323694864909,0.8041356372833252,0.023196728477875392,0.7958467268943786,0.7958467268943786,0.0,4.0,4.0,1410.0,1301.0,0.0,0.4955200254917145,1.3089665174484253,1.671432614326477,2.888406753540039,40.0
dynamic,3,1,142,0.831855103969574,0.8084965697924296,0.023358538945515952,0.7743174501260122,0.7743174501260122,0.0,4.0,4.0,1420.0,1301.0,0.0,0.4955200254917145,1.3089665174484253,1.671432614326477,2.888406753540039,40.0
dynamic,3,1,143,0.8047399187088012,0.7801087419191997,0.024631178403894106,0.7642232469717661,0.7642232469717661,0.0,4.0,4.0,1430.0,1301.0,0.0,0.4955200254917145,1.3089665174484253,1.671432614326477,2.888406753540039,40.0
dynamic,3,1,144,0.8016302569707234,0.7750361164410909,0.026594152301549913,0.760688399473826,0.760688399473826,0.0,4.0,4.0,1440.0,1301.0,0.0,0.4955200254917145,1.3089665174484253,1.671432614326477,2.888406753540039,40.0
dynamic,3,1,145,0.8186259190241496,0.7937041656176249,0.02492176115512848,0.764036834637324,0.764036834637324,0.0,4.0,4.0,1450.0,1301.0,0.0,0.4955200254917145,1.3089665174484253,1.671432614326477,2.888406753540039,40.0
dynamic,3,1,146,0.8033226108551026,0.7796566088994344,0.02366600794096788,0.7637767151991526,0.7637767151991526,0.0,4.0,4.0,1460.0,1301.0,0.0,0.4955200254917145,1.3089665174484253,1.671432614326477,2.888406753540039,40.0
dynamic,3,1,147,0.8012527982393901,0.7756681116422017,0.025584684511025746,0.7523168345292409,0.7523168345292409,0.0,4.0,4.0,1470.0,1301.0,0.0,0.4955200254917145,1.3089665174484253,1.671432614326477,2.888406753540039,40.0
dynamic,3,1,148,0.7986005584398905,0.772042662302653,0.02655788665016492,0.7441952872276306,0.7441952872276306,0.0,4.0,4.0,1480.0,1301.0,0.0,0.4955200254917145,1.3089665174484253,1.671432614326477,2.888406753540039,40.0
dynamic,3,1,149,0.7839024114608765,0.758774045308431,0.02512836694717407,0.7354263993104299,0.7354263993104299,0.0,4.0,4.0,1490.0,1301.0,0.0,0.4955200254917145,1.3089665174484253,1.671432614326477,2.888406753540039,40.0
dynamic,3,1,150,0.7894322594006856,0.7640676204363505,0.025364638914664586,0.7416907242933909,0.7416907242933909,0.0,4.0,4.0,1500.0,1301.0,0.0,0.4955200254917145,1.3089665174484253,1.671432614326477,2.888406753540039,40.0
dynamic,3,1,151,0.778341240088145,0.7564155991872151,0.021925642291704815,0.7412663495540619,0.7412663495540619,0.0,4.0,4.0,1510.0,1301.0,0.0,0.4955200254917145,1.3089665174484253,1.671432614326477,2.888406753540039,40.0
dynamic,3,1,152,0.783605408668518,0.7595010304450989,0.024104378620783486,0.7395256106058756,0.7395256106058756,0.0,4.0,4.0,1520.0,1301.0,0.0,0.4955200254917145,1.3089665174484253,1.671432614326477,2.888406753540039,40.0
dynamic,3,1,153,0.7652753194173177,0.74106778383255,0.024207533150911332,0.7266958713531494,0.7266958713531494,0.0,4.0,4.0,1530.0,1301.0,0.0,0.4955200254917145,1.3089665174484253,1.671432614326477,2.888406753540039,40.0
dynamic,3,1,154,0.7683311597506205,0.7441576290130615,0.024173526912927627,0.7215269190073014,0.7215269190073014,0.0,4.0,4.0,1540.0,1301.0,0.0,0.4955200254917145,1.3089665174484253,1.671432614326477,2.888406753540039,40.0
dynamic,3,1,155,0.7581732948621114,0.7313317759831747,0.026841521312793097,0.721179661154747,0.721179661154747,0.0,4.0,4.0,1550.0,1301.0,0.0,0.4955200254917145,1.3089665174484253,1.671432614326477,2.888406753540039,40.0
dynamic,3,1,156,0.7517374722162883,0.7253106570243836,0.026426801383495332,0.7155764909585317,0.7155764909585317,0.0,4.0,4.0,1560.0,1301.0,0.0,0.4955200254917145,1.3089665174484253,1.671432614326477,2.888406753540039,40.0
dynamic,3,1,157,0.7416435345013936,0.7170007570584616,0.024642774909734724,0.7190941027800242,0.7190941027800242,0.0,4.0,4.0,1570.0,1301.0,0.0,0.4955200254917145,1.3089665174484253,1.671432614326477,2.888406753540039,40.0
dynamic,3,1,158,0.7464199964205424,0.7208057685693106,0.02561422290901343,0.7101101211706797,0.7101101211706797,0.0,4.0,4.0,1580.0,1301.0,0.0,0.4955200254917145,1.3089665174484253,1.671432614326477,2.888406753540039,40.0
dynamic,3,1,159,0.7415602731704712,0.7164574654897055,0.025102805395921073,0.7020327478647232,0.7020327478647232,0.0,4.0,4.0,1590.0,1301.0,0.0,0.4955200254917145,1.3089665174484253,1.671432614326477,2.888406753540039,40.0
dynamic,3,1,160,0.7257832352320354,0.7001509912808737,0.025632245739301045,0.6981781707207362,0.6981781707207362,0.0,4.0,4.0,1600.0,1301.0,0.0,0.4955200254917145,1.3089665174484253,1.671432614326477,2.888406753540039,40.0
dynamic,3,1,161,0.7130456535021464,0.6863960774739584,0.026649570415417354,0.6869049503405888,0.6869049503405888,0.0,4.0,4.0,1610.0,1301.0,0.0,0.4955200254917145,1.3089665174484253,1.671432614326477,2.888406753540039,40.0
dynamic,3,1,162,0.7117352771759033,0.6853950723012289,0.026340196480353673,0.6801999729871749,0.6801999729871749,0.0,4.0,4.0,1620.0,1301.0,0.0,0.4955200254917145,1.3089665174484253,1.671432614326477,2.888406753540039,40.0
dynamic,3,1,163,0.7133382066090902,0.6887400921185811,0.02459812879562378,0.67770321448644,0.67770321448644,0.0,4.0,4.0,1630.0,1301.0,0.0,0.4955200254917145,1.3089665174484253,1.671432614326477,2.888406753540039,40.0
dynamic,3,1,164,0.7197043776512146,0.6926199698448181,0.027084404826164244,0.6748374354839325,0.6748374354839325,0.0,4.0,4.0,1640.0,1301.0,0.0,0.4955200254917145,1.3089665174484253,1.671432614326477,2.888406753540039,40.0
dynamic,3,1,165,0.6989605156580607,0.6729208485285441,0.026039673934380215,0.6650133293867111,0.6650133293867111,0.0,4.0,4.0,1650.0,1301.0,0.0,0.4955200254917145,1.3089665174484253,1.671432614326477,2.888406753540039,40.0
dynamic,3,1,166,0.6970780809720357,0.6709166391690572,0.02616144801179568,0.6623888221383095,0.6623888221383095,0.0,4.0,4.0,1660.0,1301.0,0.0,0.4955200254917145,1.3089665174484253,1.671432614326477,2.888406753540039,40.0
dynamic,3,1,167,0.6981363773345948,0.6706923977533976,0.027443974340955416,0.6608521473407746,0.6608521473407746,0.0,4.0,4.0,1670.0,1301.0,0.0,0.4955200254917145,1.3089665174484253,1.671432614326477,2.888406753540039,40.0
dynamic,3,1,168,0.685656623840332,0.6591186706225077,0.026537950535615286,0.6577199892203013,0.6577199892203013,0.0,4.0,4.0,1680.0,1301.0,0.0,0.4955200254917145,1.3089665174484253,1.671432614326477,2.888406753540039,40.0
dynamic,3,1,169,0.6906280819574991,0.6639967632293701,0.026631319547692933,0.6504525152842203,0.6504525152842203,0.0,4.0,4.0,1690.0,1301.0,0.0,0.4955200254917145,1.3089665174484253,1.671432614326477,2.888406753540039,40.0
dynamic,3,1,170,0.6906571571032206,0.6621585822105408,0.028498592625061672,0.6520751869678497,0.6520751869678497,0.0,4.0,4.0,1700.0,1301.0,0.0,0.4955200254917145,1.3089665174484253,1.671432614326477,2.888406753540039,40.0
dynamic,3,1,171,0.6809111666679383,0.651924565633138,0.028986617376406988,0.6456012757619222,0.6456012757619222,0.0,4.0,4.0,1710.0,1301.0,0.0,0.4955200254917145,1.3089665174484253,1.671432614326477,2.888406753540039,40.0
dynamic,3,1,172,0.676187162399292,0.645023721853892,0.031163439999024073,0.6414766196409861,0.6414766196409861,0.0,4.0,4.0,1720.0,1301.0,0.0,0.4955200254917145,1.3089665174484253,1.671432614326477,2.888406753540039,40.0
dynamic,3,1,173,0.6687174558639526,0.6391670242945353,0.02955042560895284,0.6366867212454478,0.6366867212454478,0.0,4.0,4.0,1730.0,1301.0,0.0,0.4955200254917145,1.3089665174484253,1.671432614326477,2.888406753540039,40.0
dynamic,3,1,174,0.6800755023956299,0.6504988606770833,0.029576623638470967,0.6279265336195627,0.6279265336195627,0.0,4.0,4.0,1740.0,1301.0,0.0,0.4955200254917145,1.3089665174484253,1.671432614326477,2.888406753540039,40.0
dynamic,3,1,175,0.6716105127334595,0.6388109556833903,0.032799553126096725,0.6266851735115051,0.6266851735115051,0.0,4.0,4.0,1750.0,1301.0,0.0,0.4955200254917145,1.3089665174484253,1.671432614326477,2.888406753540039,40.0
dynamic,3,1,176,0.6692410929997762,0.6357791574796041,0.03346193586786588,0.6246427113811175,0.6246427113811175,0.0,4.0,4.0,1760.0,1301.0,0.0,0.4955200254917145,1.3089665174484253,1.671432614326477,2.888406753540039,40.0
dynamic,3,1,177,0.6465505949656168,0.6146005050341288,0.03195008685191472,0.6242700450619062,0.6242700450619062,0.0,4.0,4.0,1770.0,1301.0,0.0,0.4955200254917145,1.3089665174484253,1.671432614326477,2.888406753540039,40.0
dynamic,3,1,178,0.6482667072614035,0.6173019806543986,0.030964714487393696,0.6176102581620216,0.6176102581620216,0.0,4.0,4.0,1780.0,1301.0,0.0,0.4955200254917145,1.3089665174484253,1.671432614326477,2.888406753540039,40.0
dynamic,3,1,179,0.6494207004706065,0.6186839123566945,0.03073678637544314,0.6020260866483053,0.6020260866483053,0.0,4.0,4.0,1790.0,1301.0,0.0,0.4955200254917145,1.3089665174484253,1.671432614326477,2.888406753540039,40.0
dynamic,3,1,180,0.6670192861557007,0.6325271900494893,0.03449209491411845,0.5923604989051818,0.5923604989051818,0.0,4.0,4.0,1800.0,1301.0,0.0,0.4955200254917145,1.3089665174484253,1.671432614326477,2.888406753540039,40.0
dynamic,3,1,181,0.6317124382654826,0.597441070874532,0.03427136937777201,0.5854986565311749,0.5854986565311749,0.0,4.0,4.0,1810.0,1301.0,0.0,0.4955200254917145,1.3089665174484253,1.671432614326477,2.888406753540039,40.0
dynamic,3,1,182,0.6344608251253764,0.5980922174453736,0.03636859148740768,0.5776229053735733,0.5776229053735733,0.0,4.0,4.0,1820.0,1301.0,0.0,0.4955200254917145,1.3089665174484253,1.671432614326477,2.888406753540039,40.0
dynamic,3,1,183,0.6330428663889567,0.5973587576548258,0.03568410654862722,0.6196054764588674,0.6196054764588674,0.0,4.0,4.0,1830.0,1301.0,0.0,0.4955200254917145,1.3089665174484253,1.671432614326477,2.888406753540039,40.0
dynamic,3,1,184,0.6236651531855265,0.5898651305834453,0.03380002960562706,0.5604206651449204,0.5604206651449204,0.0,4.0,4.0,1840.0,1301.0,0.0,0.4955200254917145,1.3089665174484253,1.671432614326477,2.888406753540039,40.0
dynamic,3,1,185,0.6262329419453939,0.5880719582239787,0.03816098819176356,0.5674996952215831,0.5674996952215831,0.0,4.0,4.0,1850.0,1301.0,0.0,0.4955200254917145,1.3089665174484253,1.671432614326477,2.888406753540039,40.0
dynamic,3,1,186,0.6145847749710083,0.5784705857435862,0.03611418510476748,0.5798448607325554,0.5798448607325554,0.0,4.0,4.0,1860.0,1301.0,0.0,0.4955200254917145,1.3089665174484253,1.671432614326477,2.888406753540039,40.0
dynamic,3,1,187,0.6082736722628276,0.5737186185518901,0.03455506096283595,0.5677864541610081,0.5677864541610081,0.0,4.0,4.0,1870.0,1301.0,0.0,0.4955200254917145,1.3089665174484253,1.671432614326477,2.888406753540039,40.0
dynamic,3,1,188,0.5989355786641439,0.56173593044281,0.03719964519143105,0.5803545672694842,0.5803545672694842,0.0,4.0,4.0,1880.0,1301.0,0.0,0.4955200254917145,1.3089665174484253,1.671432614326477,2.888406753540039,40.0
dynamic,3,1,189,0.5959490784009298,0.5620383596420289,0.033910728096961974,0.542548267741998,0.542548267741998,0.0,4.0,4.0,1890.0,1301.0,0.0,0.4955200254917145,1.3089665174484253,1.671432614326477,2.888406753540039,40.0
dynamic,3,1,190,0.5799732343355815,0.5472836605707805,0.03268956393003464,0.5403370788693428,0.5403370788693428,0.0,4.0,4.0,1900.0,1301.0,0.0,0.4955200254917145,1.3089665174484253,1.671432614326477,2.888406753540039,40.0
dynamic,3,1,191,0.6077103519439697,0.5724964022636414,0.03521395285924276,0.5417021637161573,0.5417021637161573,0.0,4.0,4.0,1910.0,1301.0,0.0,0.4955200254917145,1.3089665174484253,1.671432614326477,2.888406753540039,40.0
dynamic,3,1,192,0.5670850356419881,0.5332403763135274,0.03384465803702672,0.539878206551075,0.539878206551075,0.0,4.0,4.0,1920.0,1301.0,0.0,0.4955200254917145,1.3089665174484253,1.671432614326477,2.888406753540039,40.0
dynamic,3,1,193,0.58891304175059,0.5550277344385783,0.03388531478742758,0.5413958389560382,0.5413958389560382,0.0,4.0,4.0,1930.0,1301.0,0.0,0.4955200254917145,1.3089665174484253,1.671432614326477,2.888406753540039,40.0
dynamic,3,1,194,0.5726191107432047,0.5371225023269653,0.03549661338329315,0.530103087524573,0.530103087524573,0.0,4.0,4.0,1940.0,1301.0,0.0,0.4955200254917145,1.3089665174484253,1.671432614326477,2.888406753540039,40.0
dynamic,3,1,195,0.5544925411542256,0.519146343866984,0.03534619693954786,0.5159774378935496,0.5159774378935496,0.0,4.0,4.0,1950.0,1301.0,0.0,0.4955200254917145,1.3089665174484253,1.671432614326477,2.888406753540039,40.0
dynamic,3,1,196,0.57267702182134,0.5401736783981324,0.03250333701570829,0.5187019216020902,0.5187019216020902,0.0,4.0,4.0,1960.0,1301.0,0.0,0.4955200254917145,1.3089665174484253,1.671432614326477,2.888406753540039,40.0
dynamic,3,1,197,0.5503735955556234,0.5172703162829081,0.033103270332018535,0.5193185201287269,0.5193185201287269,0.0,4.0,4.0,1970.0,1301.0,0.0,0.4955200254917145,1.3089665174484253,1.671432614326477,2.888406753540039,40.0
dynamic,3,1,198,0.5472383411725362,0.5151744341850281,0.03206390840311845,0.5012148795525233,0.5012148795525233,0.0,4.0,4.0,1980.0,1301.0,0.0,0.4955200254917145,1.3089665174484253,1.671432614326477,2.888406753540039,40.0
dynamic,3,1,199,0.5500707451502482,0.519027632077535,0.031043107360601424,0.5019494462013244,0.5019494462013244,0.0,4.0,4.0,1990.0,1301.0,0.0,0.4955200254917145,1.3089665174484253,1.671432614326477,2.888406753540039,40.0
dynamic,3,1,200,0.5565352702140808,0.525705083211263,0.030830187499523164,0.49551170925299326,0.49551170925299326,0.0,4.0,4.0,2000.0,1301.0,0.0,0.4955200254917145,1.3089665174484253,1.671432614326477,2.888406753540039,40.0
dynamic,3,1,201,0.5386914531389873,0.5090626851717631,0.029628772338231406,0.4985156850020091,0.4985156850020091,0.0,4.0,4.0,2010.0,1301.0,0.0,0.4955200254917145,1.3089665174484253,1.671432614326477,2.888406753540039,40.0
dynamic,3,1,202,0.5506155256430308,0.517942283153534,0.03267323901255925,0.49503535976012547,0.49503535976012547,0.0,4.0,4.0,2020.0,1301.0,0.0,0.4955200254917145,1.3089665174484253,1.671432614326477,2.888406753540039,40.0
dynamic,3,1,203,0.5326721795399983,0.5041362353165945,0.028535947650671006,0.47508895268042883,0.47508895268042883,0.0,4.0,4.0,2030.0,1301.0,0.0,0.4955200254917145,1.3089665174484253,1.671432614326477,2.888406753540039,40.0
dynamic,3,1,204,0.5384803462028503,0.5089021857579549,0.029578160246213278,0.4864046876629194,0.4864046876629194,0.0,4.0,4.0,2040.0,1301.0,0.0,0.4955200254917145,1.3089665174484253,1.671432614326477,2.888406753540039,40.0
dynamic,3,1,205,0.5276115481058756,0.49844427903493244,0.029167273342609407,0.47451859891414644,0.47451859891414644,0.0,4.0,4.0,2050.0,1301.0,0.0,0.4955200254917145,1.3089665174484253,1.671432614326477,2.888406753540039,40.0
dynamic,3,1,206,0.5290080046653748,0.5009196774164836,0.028088324616352717,0.48656593640645346,0.48656593640645346,0.0,4.0,4.0,2060.0,1301.0,0.0,0.4955200254917145,1.3089665174484253,1.671432614326477,2.888406753540039,40.0
dynamic,3,1,207,0.5261072436968486,0.49685317993164063,0.02925406237443288,0.47663319985071817,0.47663319985071817,0.0,4.0,4.0,2070.0,1301.0,0.0,0.4955200254917145,1.3089665174484253,1.671432614326477,2.888406753540039,40.0
dynamic,3,1,208,0.5108553429444631,0.48337443590164186,0.027480901777744295,0.4727797601620356,0.4727797601620356,0.0,4.0,4.0,2080.0,1301.0,0.0,0.4955200254917145,1.3089665174484253,1.671432614326477,2.888406753540039,40.0
dynamic,3,1,209,0.5129146361351014,0.4831522568066915,0.0297623793532451,0.47727660049994786,0.47727660049994786,0.0,4.0,4.0,2090.0,1301.0,0.0,0.4955200254917145,1.3089665174484253,1.671432614326477,2.888406753540039,40.0
dynamic,3,1,210,0.5091814398765564,0.48066734353701274,0.028514100164175035,0.4722171271840731,0.4722171271840731,0.0,4.0,4.0,2100.0,1301.0,0.0,0.4955200254917145,1.3089665174484253,1.671432614326477,2.888406753540039,40.0
dynamic,3,1,211,0.5084661368529002,0.480210968653361,0.02825516626238823,0.4771330181757609,0.4771330181757609,0.0,4.0,4.0,2110.0,1301.0,0.0,0.4955200254917145,1.3089665174484253,1.671432614326477,2.888406753540039,40.0
dynamic,3,1,212,0.502609847386678,0.47464423060417177,0.027965614795684813,0.4737898193796476,0.4737898193796476,0.0,4.0,4.0,2120.0,1301.0,0.0,0.4955200254917145,1.3089665174484253,1.671432614326477,2.888406753540039,40.0
dynamic,3,1,213,0.5062787965933482,0.47759128173192344,0.028687515382965406,0.4780238309502602,0.4780238309502602,0.0,4.0,4.0,2130.0,1301.0,0.0,0.4955200254917145,1.3089665174484253,1.671432614326477,2.888406753540039,40.0
dynamic,3,1,214,0.5188796106974284,0.48909833987553913,0.029781264116366703,0.4597963736454646,0.4597963736454646,0.0,4.0,4.0,2140.0,1301.0,0.0,0.4955200254917145,1.3089665174484253,1.671432614326477,2.888406753540039,40.0
dynamic,3,1,215,0.4955623404184977,0.4664025028546651,0.029159833788871766,0.4715420776605606,0.4715420776605606,0.0,4.0,4.0,2150.0,1301.0,0.0,0.4955200254917145,1.3089665174484253,1.671432614326477,2.888406753540039,40.0
dynamic,3,1,216,0.5110486261049907,0.4830260713895162,0.028022557149330773,0.47282564029097557,0.47282564029097557,0.0,4.0,4.0,2160.0,1301.0,0.0,0.4955200254917145,1.3089665174484253,1.671432614326477,2.888406753540039,40.0
dynamic,3,1,217,0.4952861531575521,0.4677788245677948,0.027507329632838567,0.46848693827788035,0.46848693827788035,0.0,4.0,4.0,2170.0,1301.0,0.0,0.4955200254917145,1.3089665174484253,1.671432614326477,2.888406753540039,40.0
dynamic,3,1,218,0.5054639375209808,0.475357000430425,0.030106933961311977,0.48715765928228694,0.48715765928228694,0.0,4.0,4.0,2180.0,1301.0,0.0,0.4955200254917145,1.3089665174484253,1.671432614326477,2.888406753540039,40.0
dynamic,3,1,219,0.4985181109110514,0.4701888779799143,0.028329239711165428,0.4625505630671978,0.4625505630671978,0.0,4.0,4.0,2190.0,1301.0,0.0,0.4955200254917145,1.3089665174484253,1.671432614326477,2.888406753540039,40.0
dynamic,3,1,220,0.49821935733159384,0.46991897424062096,0.028300383190313975,0.4655089084307353,0.4655089084307353,0.0,4.0,4.0,2200.0,1301.0,0.0,0.4955200254917145,1.3089665174484253,1.671432614326477,2.888406753540039,40.0
dynamic,3,1,221,0.49081761042277017,0.4606718671321869,0.030145745500922205,0.4407879828910033,0.4407879828910033,0.0,4.0,4.0,2210.0,1301.0,0.0,0.4955200254917145,1.3089665174484253,1.671432614326477,2.888406753540039,40.0
dynamic,3,1,222,0.4837984299659729,0.45515096068382266,0.02864746781686942,0.45044064238667486,0.45044064238667486,0.0,4.0,4.0,2220.0,1301.0,0.0,0.4955200254917145,1.3089665174484253,1.671432614326477,2.888406753540039,40.0
dynamic,3,1,223,0.5094441533088684,0.4810040497779846,0.028440109491348266,0.45094179635246595,0.45094179635246595,0.0,4.0,4.0,2230.0,1301.0,0.0,0.4955200254917145,1.3089665174484253,1.671432614326477,2.888406753540039,40.0
dynamic,3,1,224,0.47525168895721437,0.4491246771812439,0.026127005616823833,0.4267941888173421,0.4267941888173421,0.0,4.0,4.0,2240.0,1301.0,0.0,0.4955200254917145,1.3089665174484253,1.671432614326477,2.888406753540039,40.0
dynamic,3,1,225,0.4953659876187642,0.4649463987350464,0.03041959101955096,0.4594767435391744,0.4594767435391744,0.0,4.0,4.0,2250.0,1301.0,0.0,0.4955200254917145,1.3089665174484253,1.671432614326477,2.888406753540039,40.0
dynamic,3,1,226,0.48422329982121787,0.4553378136952718,0.02888548217713833,0.4441948509713014,0.4441948509713014,0.0,4.0,4.0,2260.0,1301.0,0.0,0.4955200254917145,1.3089665174484253,1.671432614326477,2.888406753540039,40.0
dynamic,3,1,227,0.45496766169865926,0.4283584876855214,0.026609172572692234,0.42848426019152,0.42848426019152,0.0,4.0,4.0,2270.0,1301.0,0.0,0.4955200254917145,1.3089665174484253,1.671432614326477,2.888406753540039,40.0
dynamic,3,1,228,0.4809333006540934,0.45314391374588014,0.02778938760360082,0.4343691754341126,0.4343691754341126,0.0,4.0,4.0,2280.0,1301.0,0.0,0.4955200254917145,1.3089665174484253,1.671432614326477,2.888406753540039,40.0
dynamic,3,1,229,0.4728844924767812,0.4436788018544515,0.029205697178840636,0.4162228446205457,0.4162228446205457,0.0,4.0,4.0,2290.0,1301.0,0.0,0.4955200254917145,1.3089665174484253,1.671432614326477,2.888406753540039,40.0
dynamic,3,1,230,0.46039973934491474,0.4315956489245097,0.028804091239968934,0.455029973834753,0.455029973834753,0.0,4.0,4.0,2300.0,1301.0,0.0,0.4955200254917145,1.3089665174484253,1.671432614326477,2.888406753540039,40.0
dynamic,3,1,231,0.49171303391456606,0.4611124002933502,0.03060063491264979,0.44066169326504073,0.44066169326504073,0.0,4.0,4.0,2310.0,1301.0,0.0,0.4955200254917145,1.3089665174484253,1.671432614326477,2.888406753540039,40.0
dynamic,3,1,232,0.4718165957927704,0.44343188643455506,0.028384706502159438,0.41954984997709593,0.41954984997709593,0.0,4.0,4.0,2320.0,1301.0,0.0,0.4955200254917145,1.3089665174484253,1.671432614326477,2.888406753540039,40.0
dynamic,3,1,233,0.4702066445350647,0.44111604571342466,0.029090599964062373,0.4293331966300805,0.4293331966300805,0.0,4.0,4.0,2330.0,1301.0,0.0,0.4955200254917145,1.3089665174484253,1.671432614326477,2.888406753540039,40.0
dynamic,3,1,234,0.4735604194800059,0.44364026188850403,0.0299201596279939,0.45107580815752346,0.45107580815752346,0.0,4.0,4.0,2340.0,1301.0,0.0,0.4955200254917145,1.3089665174484253,1.671432614326477,2.888406753540039,40.0
dynamic,3,1,235,0.47209952274958294,0.44246843377749123,0.029631087904175124,0.4102800409992536,0.4102800409992536,0.0,4.0,4.0,2350.0,1301.0,0.0,0.4955200254917145,1.3089665174484253,1.671432614326477,2.888406753540039,40.0
dynamic,3,1,236,0.49679755767186484,0.46727949460347495,0.029518062969048818,0.43407717570662496,0.43407717570662496,0.0,4.0,4.0,2360.0,1301.0,0.0,0.4955200254917145,1.3089665174484253,1.671432614326477,2.888406753540039,40.0
dynamic,3,1,237,0.4512927802403768,0.4220561981201172,0.029236583734552065,0.4028062496085962,0.4028062496085962,0.0,4.0,4.0,2370.0,1301.0,0.0,0.4955200254917145,1.3089665174484253,1.671432614326477,2.888406753540039,40.0
dynamic,3,1,238,0.4573030952612559,0.4289649371306101,0.02833815835416317,0.414049751907587,0.414049751907587,0.0,4.0,4.0,2380.0,1301.0,0.0,0.4955200254917145,1.3089665174484253,1.671432614326477,2.888406753540039,40.0
dynamic,3,1,239,0.4663440040747325,0.43675394177436827,0.029590061952670416,0.44086960688233373,0.44086960688233373,0.0,4.0,4.0,2390.0,1301.0,0.0,0.4955200254917145,1.3089665174484253,1.671432614326477,2.888406753540039,40.0
dynamic,3,1,240,0.48899604002634683,0.45875870148340864,0.030237336605787278,0.3988757727046808,0.3988757727046808,0.0,4.0,4.0,2400.0,1301.0,0.0,0.4955200254917145,1.3089665174484253,1.671432614326477,2.888406753540039,40.0
dynamic,3,1,241,0.45242677847544355,0.4215355555216471,0.03089122861623764,0.409502511570851,0.409502511570851,0.0,4.0,4.0,2410.0,1301.0,0.0,0.4955200254917145,1.3089665174484253,1.671432614326477,2.888406753540039,40.0
dynamic,3,1,242,0.45601463397343955,0.42477420806884764,0.031240425258874892,0.42524498616655665,0.42524498616655665,0.0,4.0,4.0,2420.0,1301.0,0.0,0.4955200254917145,1.3089665174484253,1.671432614326477,2.888406753540039,40.0
dynamic,3,1,243,0.4710822435220083,0.4403193283081055,0.030762918616334598,0.4059639241794745,0.4059639241794745,0.0,4.0,4.0,2430.0,1301.0,0.0,0.4955200254917145,1.3089665174484253,1.671432614326477,2.888406753540039,40.0
dynamic,3,1,244,0.43575212836265564,0.4084746464093526,0.027277481804291407,0.4348133773605029,0.4348133773605029,0.0,4.0,4.0,2440.0,1301.0,0.0,0.4955200254917145,1.3089665174484253,1.671432614326477,2.888406753540039,40.0
dynamic,3,1,245,0.4763840142885844,0.44466182351112366,0.031722189535697304,0.4134675880273183,0.4134675880273183,0.0,4.0,4.0,2450.0,1301.0,0.0,0.4955200254917145,1.3089665174484253,1.671432614326477,2.888406753540039,40.0
dynamic,3,1,246,0.4343628978729248,0.40608405907948814,0.028278838396072387,0.3909305103123188,0.3909305103123188,0.0,4.0,4.0,2460.0,1301.0,0.0,0.4955200254917145,1.3089665174484253,1.671432614326477,2.888406753540039,40.0
dynamic,3,1,247,0.44192132115364074,0.4112649166584015,0.030656400322914123,0.43022997428973514,0.43022997428973514,0.0,4.0,4.0,2470.0,1301.0,0.0,0.4955200254917145,1.3089665174484253,1.671432614326477,2.888406753540039,40.0
dynamic,3,1,248,0.4591763734817505,0.4278572086493174,0.03131916662057241,0.43176580106218654,0.43176580106218654,0.0,4.0,4.0,2480.0,1301.0,0.0,0.4955200254917145,1.3089665174484253,1.671432614326477,2.888406753540039,40.0
dynamic,3,1,249,0.44401763916015624,0.4138437779744466,0.030173861583073933,0.39621242915590604,0.39621242915590604,0.0,4.0,4.0,2490.0,1301.0,0.0,0.4955200254917145,1.3089665174484253,1.671432614326477,2.888406753540039,40.0
dynamic,3,1,250,0.46034162243207294,0.4301071270306905,0.030234501386682194,0.401453125923872,0.401453125923872,0.0,4.0,4.0,2500.0,1301.0,0.0,0.4955200254917145,1.3089665174484253,1.671432614326477,2.888406753540039,40.0
dynamic,3,1,251,0.44160109678904214,0.41128878315289813,0.030312315225601197,0.38895893216133115,0.38895893216133115,0.0,4.0,4.0,2510.0,1301.0,0.0,0.4955200254917145,1.3089665174484253,1.671432614326477,2.888406753540039,40.0
dynamic,3,1,252,0.41981391112009686,0.3901610827445984,0.029652828772862752,0.3941165161629518,0.3941165161629518,0.0,4.0,4.0,2520.0,1301.0,0.0,0.4955200254917145,1.3089665174484253,1.671432614326477,2.888406753540039,40.0
dynamic,3,1,253,0.43718498150507606,0.4064760287602743,0.030708954135576883,0.40159365251660345,0.40159365251660345,0.0,4.0,4.0,2530.0,1301.0,0.0,0.4955200254917145,1.3089665174484253,1.671432614326477,2.888406753540039,40.0
dynamic,3,1,254,0.4490962815284729,0.4170051848888397,0.03209109599391619,0.3775318557024002,0.3775318557024002,0.0,4.0,4.0,2540.0,1301.0,0.0,0.4955200254917145,1.3089665174484253,1.671432614326477,2.888406753540039,40.0
dynamic,3,1,255,0.419465526342392,0.3885670185089111,0.03089850882689158,0.4032176783680916,0.4032176783680916,0.0,4.0,4.0,2550.0,1301.0,0.0,0.4955200254917145,1.3089665174484253,1.671432614326477,2.888406753540039,40.0
dynamic,3,1,256,0.4303725894292196,0.3997171902656555,0.030655400156974794,0.3823678649465243,0.3823678649465243,0.0,4.0,4.0,2560.0,1301.0,0.0,0.4955200254917145,1.3089665174484253,1.671432614326477,2.888406753540039,40.0
dynamic,3,1,257,0.4335965005556742,0.40368847688039144,0.029908025314410527,0.4083377782007058,0.4083377782007058,0.0,4.0,4.0,2570.0,1301.0,0.0,0.4955200254917145,1.3089665174484253,1.671432614326477,2.888406753540039,40.0
dynamic,3,1,258,0.4469311269124349,0.41616783618927,0.030763285358746846,0.3888427329063415,0.3888427329063415,0.0,4.0,4.0,2580.0,1301.0,0.0,0.4955200254917145,1.3089665174484253,1.671432614326477,2.888406753540039,40.0
dynamic,3,1,259,0.42030922571818036,0.39029406070709227,0.030015160739421846,0.38553992569446566,0.38553992569446566,0.0,4.0,4.0,2590.0,1301.0,0.0,0.4955200254917145,1.3089665174484253,1.671432614326477,2.888406753540039,40.0
dynamic,3,1,260,0.4156243491172791,0.38554959336916605,0.03007475510239601,0.38250929494698843,0.38250929494698843,0.0,4.0,4.0,2600.0,1301.0,0.0,0.4955200254917145,1.3089665174484253,1.671432614326477,2.888406753540039,40.0
dynamic,3,1,261,0.4149280679225922,0.38478288014729817,0.030145189861456555,0.3729703967273235,0.3729703967273235,0.0,4.0,4.0,2610.0,1301.0,0.0,0.4955200254917145,1.3089665174484253,1.671432614326477,2.888406753540039,40.0
dynamic,3,1,262,0.41622322718302407,0.38415271719296773,0.03207050919532776,0.37153025741378465,0.37153025741378465,0.0,4.0,4.0,2620.0,1301.0,0.0,0.4955200254917145,1.3089665174484253,1.671432614326477,2.888406753540039,40.0
dynamic,3,1,263,0.4227657612164815,0.3913114901383718,0.0314542684952418,0.37447734956940015,0.37447734956940015,0.0,4.0,4.0,2630.0,1301.0,0.0,0.4955200254917145,1.3089665174484253,1.671432614326477,2.888406753540039,40.0
dynamic,3,1,264,0.42603496432304383,0.3937564114729563,0.032278551111618675,0.36403395563364027,0.36403395563364027,0.0,4.0,4.0,2640.0,1301.0,0.0,0.4955200254917145,1.3089665174484253,1.671432614326477,2.888406753540039,40.0
dynamic,3,1,265,0.4193937357266744,0.388692497809728,0.030701239109039307,0.4013280192514261,0.4013280192514261,0.0,4.0,4.0,2650.0,1301.0,0.0,0.4955200254917145,1.3089665174484253,1.671432614326477,2.888406753540039,40.0
dynamic,3,1,266,0.44329275528589884,0.40950596491495767,0.03378679101665815,0.38306478132804234,0.38306478132804234,0.0,4.0,4.0,2660.0,1301.0,0.0,0.4955200254917145,1.3089665174484253,1.671432614326477,2.888406753540039,40.0
dynamic,3,1,267,0.4017669200897217,0.3707965111732483,0.03097040593624115,0.36045742362737654,0.36045742362737654,0.0,4.0,4.0,2670.0,1301.0,0.0,0.4955200254917145,1.3089665174484253,1.671432614326477,2.888406753540039,40.0
dynamic,3,1,268,0.446372168858846,0.41208371877670286,0.034288448492685954,0.4210773473978043,0.4210773473978043,0.0,4.0,4.0,2680.0,1301.0,0.0,0.4955200254917145,1.3089665174484253,1.671432614326477,2.888406753540039,40.0
dynamic,3,1,269,0.4235994013150533,0.39133904973665873,0.03226035319268703,0.3523086541394393,0.3523086541394393,0.0,4.0,4.0,2690.0,1301.0,0.0,0.4955200254917145,1.3089665174484253,1.671432614326477,2.888406753540039,40.0
dynamic,3,1,270,0.40806780497233075,0.37688077211380006,0.03118703544139862,0.3911038470764955,0.3911038470764955,0.0,4.0,4.0,2700.0,1301.0,0.0,0.4955200254917145,1.3089665174484253,1.671432614326477,2.888406753540039,40.0
dynamic,3,1,271,0.4041051443417867,0.37304086844126383,0.03106427530447642,0.3698822754621506,0.3698822754621506,0.0,4.0,4.0,2710.0,1301.0,0.0,0.4955200254917145,1.3089665174484253,1.671432614326477,2.888406753540039,40.0
dynamic,3,1,272,0.3943640931447347,0.36290818492571514,0.03145591095089913,0.37977509732047715,0.37977509732047715,0.0,4.0,4.0,2720.0,1301.0,0.0,0.4955200254917145,1.3089665174484253,1.671432614326477,2.888406753540039,40.0
dynamic,3,1,273,0.4167323462168376,0.38426916042963666,0.03246318886677424,0.3582631090283394,0.3582631090283394,0.0,4.0,4.0,2730.0,1301.0,0.0,0.4955200254917145,1.3089665174484253,1.671432614326477,2.888406753540039,40.0
dynamic,3,1,274,0.401255339384079,0.3693523557980855,0.03190298502643903,0.3527410780886809,0.3527410780886809,0.0,4.0,4.0,2740.0,1301.0,0.0,0.4955200254917145,1.3089665174484253,1.671432614326477,2.888406753540039,40.0
dynamic,3,1,275,0.4069551841417948,0.37339889923731484,0.03355628758668899,0.3731890823443731,0.3731890823443731,0.0,4.0,4.0,2750.0,1301.0,0.0,0.4955200254917145,1.3089665174484253,1.671432614326477,2.888406753540039,40.0
dynamic,3,1,276,0.3958012278874715,0.36477678497632343,0.031024442066748936,0.3647574080030123,0.3647574080030123,0.0,4.0,4.0,2760.0,1301.0,0.0,0.4955200254917145,1.3089665174484253,1.671432614326477,2.888406753540039,40.0
dynamic,3,1,277,0.3996297907829285,0.36763964454332987,0.03199014683564504,0.35567144840955733,0.35567144840955733,0.0,4.0,4.0,2770.0,1301.0,0.0,0.4955200254917145,1.3089665174484253,1.671432614326477,2.888406753540039,40.0
dynamic,3,1,278,0.4024457438786824,0.36965168635050455,0.0327940522134304,0.3759030002852281,0.3759030002852281,0.0,4.0,4.0,2780.0,1301.0,0.0,0.4955200254917145,1.3089665174484253,1.671432614326477,2.888406753540039,40.0
dynamic,3,1,279,0.41504058361053464,0.38263532559076946,0.03240525864064694,0.3839635211229324,0.3839635211229324,0.0,4.0,4.0,2790.0,1301.0,0.0,0.4955200254917145,1.3089665174484253,1.671432614326477,2.888406753540039,40.0
dynamic,3,1,280,0.40449796040852865,0.37356918970743813,0.030928767720858254,0.3619738125304381,0.3619738125304381,0.0,4.0,4.0,2800.0,1301.0,0.0,0.4955200254917145,1.3089665174484253,1.671432614326477,2.888406753540039,40.0
dynamic,3,1,281,0.3995537980397542,0.36692573070526124,0.03262807453672091,0.3492094617088636,0.3492094617088636,0.0,4.0,4.0,2810.0,1301.0,0.0,0.4955200254917145,1.3089665174484253,1.671432614326477,2.888406753540039,40.0
dynamic,3,1,282,0.38174216787020365,0.35046859860420226,0.03127357030908267,0.35001968810955686,0.35001968810955686,0.0,4.0,4.0,2820.0,1301.0,0.0,0.4955200254917145,1.3089665174484253,1.671432614326477,2.888406753540039,40.0
dynamic,3,1,283,0.40041529734929404,0.36792561491330467,0.032489681790272396,0.36436618278423943,0.36436618278423943,0.0,4.0,4.0,2830.0,1301.0,0.0,0.4955200254917145,1.3089665174484253,1.671432614326477,2.888406753540039,40.0
dynamic,3,1,284,0.41348594387372334,0.3808155564467112,0.03267038804789384,0.3363821982840697,0.3363821982840697,0.0,4.0,4.0,2840.0,1301.0,0.0,0.4955200254917145,1.3089665174484253,1.671432614326477,2.888406753540039,40.0
dynamic,3,1,285,0.36160263816515603,0.3322296647230784,0.029372977539896965,0.3429976505537828,0.3429976505537828,0.0,4.0,4.0,2850.0,1301.0,0.0,0.4955200254917145,1.3089665174484253,1.671432614326477,2.888406753540039,40.0
dynamic,3,1,286,0.40348011016845703,0.3711496456464132,0.03233046780029933,0.37260654588540393,0.37260654588540393,0.0,4.0,4.0,2860.0,1301.0,0.0,0.4955200254917145,1.3089665174484253,1.671432614326477,2.888406753540039,40.0
dynamic,3,1,287,0.3877347469329834,0.3567988137404124,0.030935930212338765,0.32683242196838064,0.32683242196838064,0.0,4.0,4.0,2870.0,1301.0,0.0,0.4955200254917145,1.3089665174484253,1.671432614326477,2.888406753540039,40.0
dynamic,3,1,288,0.36811355431874593,0.3375771756966909,0.030536374449729918,0.36330302541454634,0.36330302541454634,0.0,4.0,4.0,2880.0,1301.0,0.0,0.4955200254917145,1.3089665174484253,1.671432614326477,2.888406753540039,40.0
dynamic,3,1,289,0.42617844104766844,0.39370846350987754,0.032469978034496305,0.34563518633445106,0.34563518633445106,0.0,4.0,4.0,2890.0,1301.0,0.0,0.4955200254917145,1.3089665174484253,1.671432614326477,2.888406753540039,40.0
dynamic,3,1,290,0.35285686095555624,0.32429593642552695,0.028560921599467597,0.35495426659782725,0.35495426659782725,0.0,4.0,4.0,2900.0,1301.0,0.0,0.4955200254917145,1.3089665174484253,1.671432614326477,2.888406753540039,40.0
dynamic,3,1,291,0.41582499504089354,0.3821409571170807,0.033684038023153944,0.3386337306598822,0.3386337306598822,0.0,4.0,4.0,2910.0,1301.0,0.0,0.4955200254917145,1.3089665174484253,1.671432614326477,2.888406753540039,40.0
dynamic,3,1,292,0.3544665501515071,0.324459842244784,0.03000671071310838,0.3145153562227885,0.3145153562227885,0.0,4.0,4.0,2920.0,1301.0,0.0,0.4955200254917145,1.3089665174484253,1.671432614326477,2.888406753540039,40.0
dynamic,3,1,293,0.36940760413805646,0.3380700790882111,0.03133752649029096,0.4203786615033944,0.4203786615033944,0.0,4.0,4.0,2930.0,1301.0,0.0,0.4955200254917145,1.3089665174484253,1.671432614326477,2.888406753540039,40.0
dynamic,3,1,294,0.41863619089126586,0.3829859681924184,0.03565022309621175,0.3310881498952707,0.3310881498952707,0.0,4.0,4.0,2940.0,1301.0,0.0,0.4955200254917145,1.3089665174484253,1.671432614326477,2.888406753540039,40.0
dynamic,3,1,295,0.36846842885017395,0.3376929477850596,0.03077547773718834,0.3252262219786644,0.3252262219786644,0.0,4.0,4.0,2950.0,1301.0,0.0,0.4955200254917145,1.3089665174484253,1.671432614326477,2.888406753540039,40.0
dynamic,3,1,296,0.38060766776402793,0.34809950908025106,0.03250816414753596,0.3811342423657576,0.3811342423657576,0.0,4.0,4.0,2960.0,1301.0,0.0,0.4955200254917145,1.3089665174484253,1.671432614326477,2.888406753540039,40.0
dynamic,3,1,297,0.37453737735748294,0.34268132170041404,0.031856055557727816,0.30608865534265833,0.30608865534265833,0.0,4.0,4.0,2970.0,1301.0,0.0,0.4955200254917145,1.3089665174484253,1.671432614326477,2.888406753540039,40.0
dynamic,3,1,298,0.3795716865857442,0.3470196259021759,0.032552064061164857,0.3462787532309691,0.3462787532309691,0.0,4.0,4.0,2980.0,1301.0,0.0,0.4955200254917145,1.3089665174484253,1.671432614326477,2.888406753540039,40.0
dynamic,3,1,299,0.38948449611663816,0.35520751953125,0.03427697986364365,0.32825153504808746,0.32825153504808746,0.0,4.0,4.0,2990.0,1301.0,0.0,0.4955200254917145,1.3089665174484253,1.671432614326477,2.888406753540039,40.0
dynamic,3,1,300,0.3525994424025218,0.3213285760084788,0.03127086420853933,0.31601819331447284,0.31601819331447284,0.0,4.0,4.0,3000.0,1301.0,0.0,0.4955200254917145,1.3089665174484253,1.671432614326477,2.888406753540039,40.0
dynamic,3,1,301,0.3598592789967855,0.32781157771746317,0.03204770386219025,0.3276014259457588,0.3276014259457588,0.0,4.0,4.0,3010.0,1301.0,0.0,0.4955200254917145,1.3089665174484253,1.671432614326477,2.888406753540039,40.0
dynamic,3,1,302,0.35996523340543113,0.3288094675540924,0.031155765553315482,0.3298655958970388,0.3298655958970388,0.0,4.0,4.0,3020.0,1301.0,0.0,0.4955200254917145,1.3089665174484253,1.671432614326477,2.888406753540039,40.0
dynamic,3,1,303,0.3836304044723511,0.3483993864059448,0.035231016874313355,0.32859617163737614,0.32859617163737614,0.0,4.0,4.0,3030.0,1301.0,0.0,0.4955200254917145,1.3089665174484253,1.671432614326477,2.888406753540039,40.0
dynamic,3,1,304,0.3568730362256368,0.3256979751586914,0.031175062184532483,0.3175430323183537,0.3175430323183537,0.0,4.0,4.0,3040.0,1301.0,0.0,0.4955200254917145,1.3089665174484253,1.671432614326477,2.888406753540039,40.0
dynamic,3,1,305,0.35730189363161724,0.3240886934598287,0.033213202655315396,0.37097394943237305,0.37097394943237305,0.0,4.0,4.0,3050.0,1301.0,0.0,0.4955200254917145,1.3089665174484253,1.671432614326477,2.888406753540039,40.0
dynamic,3,1,306,0.37229048093159994,0.33984163562456765,0.032448846797148385,0.3181660132110119,0.3181660132110119,0.0,4.0,4.0,3060.0,1301.0,0.0,0.4955200254917145,1.3089665174484253,1.671432614326477,2.888406753540039,40.0
dynamic,3,1,307,0.3509330173333486,0.31977792461713156,0.031155097285906475,0.302009228716294,0.302009228716294,0.0,4.0,4.0,3070.0,1301.0,0.0,0.4955200254917145,1.3089665174484253,1.671432614326477,2.888406753540039,40.0
dynamic,3,1,308,0.35742387135823567,0.32318659822146095,0.034237274130185444,0.3100882572432359,0.3100882572432359,0.0,4.0,4.0,3080.0,1301.0,0.0,0.4955200254917145,1.3089665174484253,1.671432614326477,2.888406753540039,40.0
dynamic,3,1,309,0.36286853710810346,0.3303159320354462,0.03255259911219279,0.29813932985067365,0.29813932985067365,0.0,4.0,4.0,3090.0,1301.0,0.0,0.4955200254917145,1.3089665174484253,1.671432614326477,2.888406753540039,40.0
dynamic,3,1,310,0.3244496289889018,0.2936694880326589,0.030780140161514282,0.3177133117119471,0.3177133117119471,0.0,4.0,4.0,3100.0,1301.0,0.0,0.4955200254917145,1.3089665174484253,1.671432614326477,2.888406753540039,40.0
dynamic,3,1,311,0.34459248701731365,0.3135943222045898,0.03099815974632899,0.34482122664650283,0.34482122664650283,0.0,4.0,4.0,3110.0,1301.0,0.0,0.4955200254917145,1.3089665174484253,1.671432614326477,2.888406753540039,40.0
dynamic,3,1,312,0.3796054617563884,0.3445168111721675,0.03508865011235078,0.3147680314381917,0.3147680314381917,0.0,4.0,4.0,3120.0,1301.0,0.0,0.4955200254917145,1.3089665174484253,1.671432614326477,2.888406753540039,40.0
dynamic,3,1,313,0.34386350512504577,0.31246129592259725,0.03140220771233241,0.2884285807112853,0.2884285807112853,0.0,4.0,4.0,3130.0,1301.0,0.0,0.4955200254917145,1.3089665174484253,1.671432614326477,2.888406753540039,40.0
dynamic,3,1,314,0.33197847962379456,0.30013995885849,0.03183851833144824,0.3288012724121412,0.3288012724121412,0.0,4.0,4.0,3140.0,1301.0,0.0,0.4955200254917145,1.3089665174484253,1.671432614326477,2.888406753540039,40.0
dynamic,3,1,315,0.3643972110748291,0.3299552921454112,0.03444192449251811,0.3351426942646503,0.3351426942646503,0.0,4.0,4.0,3150.0,1301.0,0.0,0.4955200254917145,1.3089665174484253,1.671432614326477,2.888406753540039,40.0
dynamic,3,1,316,0.35113858302434287,0.3183662962913513,0.032772284944852195,0.28413077965378764,0.28413077965378764,0.0,4.0,4.0,3160.0,1301.0,0.0,0.4955200254917145,1.3089665174484253,1.671432614326477,2.888406753540039,40.0
dynamic,3,1,317,0.3380937492847443,0.30638434012730914,0.03170940717061361,0.29649364441633225,0.29649364441633225,0.0,4.0,4.0,3170.0,1301.0,0.0,0.4955200254917145,1.3089665174484253,1.671432614326477,2.888406753540039,40.0
dynamic,3,1,318,0.32712186813354494,0.29525312781333923,0.031868742605050404,0.2942542347808679,0.2942542347808679,0.0,4.0,4.0,3180.0,1301.0,0.0,0.4955200254917145,1.3089665174484253,1.671432614326477,2.888406753540039,40.0
dynamic,3,1,319,0.34303909381230674,0.3112481772899628,0.0317909204463164,0.2865893438458443,0.2865893438458443,0.0,4.0,4.0,3190.0,1301.0,0.0,0.4955200254917145,1.3089665174484253,1.671432614326477,2.888406753540039,40.0
dynamic,3,1,320,0.3388886113961538,0.30676296472549436,0.032125643988450366,0.30850287253657976,0.30850287253657976,0.0,4.0,4.0,3200.0,1301.0,0.0,0.4955200254917145,1.3089665174484253,1.671432614326477,2.888406753540039,40.0
dynamic,3,1,321,0.3513744461536408,0.31695489207903543,0.03441956003506978,0.30223067114750546,0.30223067114750546,0.0,4.0,4.0,3210.0,1301.0,0.0,0.4955200254917145,1.3089665174484253,1.671432614326477,2.888406753540039,40.0
dynamic,3,1,322,0.3393044706185659,0.3068982688585917,0.032406202703714374,0.29525370195508005,0.29525370195508005,0.0,4.0,4.0,3220.0,1301.0,0.0,0.4955200254917145,1.3089665174484253,1.671432614326477,2.888406753540039,40.0
dynamic,3,1,323,0.32047106663386027,0.28935549219449364,0.03111557068924109,0.2895163887242476,0.2895163887242476,0.0,4.0,4.0,3230.0,1301.0,0.0,0.4955200254917145,1.3089665174484253,1.671432614326477,2.888406753540039,40.0
dynamic,3,1,324,0.3253621029853821,0.2924109443028768,0.032951159874598186,0.2830708433687687,0.2830708433687687,0.0,4.0,4.0,3240.0,1301.0,0.0,0.4955200254917145,1.3089665174484253,1.671432614326477,2.888406753540039,40.0
dynamic,3,1,325,0.3339140725135803,0.2998926285902659,0.034021440893411636,0.2872923422853152,0.2872923422853152,0.0,4.0,4.0,3250.0,1301.0,0.0,0.4955200254917145,1.3089665174484253,1.671432614326477,2.888406753540039,40.0
dynamic,3,1,326,0.3122380808989207,0.2807558445135752,0.03148223921656609,0.28362928559382755,0.28362928559382755,0.0,4.0,4.0,3260.0,1301.0,0.0,0.4955200254917145,1.3089665174484253,1.671432614326477,2.888406753540039,40.0
dynamic,3,1,327,0.3275539135932922,0.2955328079064687,0.03202110419670741,0.2967302867770195,0.2967302867770195,0.0,4.0,4.0,3270.0,1301.0,0.0,0.4955200254917145,1.3089665174484253,1.671432614326477,2.888406753540039,40.0
dynamic,3,1,328,0.33114617546399433,0.29822986920674643,0.032916302978992465,0.28326883604129155,0.28326883604129155,0.0,4.0,4.0,3280.0,1301.0,0.0,0.4955200254917145,1.3089665174484253,1.671432614326477,2.888406753540039,40.0
dynamic,3,1,329,0.3303239266077677,0.2980120793978373,0.032311848253011706,0.2773333543539047,0.2773333543539047,0.0,4.0,4.0,3290.0,1301.0,0.0,0.4955200254917145,1.3089665174484253,1.671432614326477,2.888406753540039,40.0
dynamic,3,1,330,0.3334867509206136,0.2999212404092153,0.03356550956765811,0.302099470893542,0.302099470893542,0.0,4.0,4.0,3300.0,1301.0,0.0,0.4955200254917145,1.3089665174484253,1.671432614326477,2.888406753540039,40.0
dynamic,3,1,331,0.33075732787450157,0.297316358089447,0.033440967500209806,0.2670803152024746,0.2670803152024746,0.0,4.0,4.0,3310.0,1301.0,0.0,0.4955200254917145,1.3089665174484253,1.671432614326477,2.888406753540039,40.0
dynamic,3,1,332,0.3338517332077026,0.3002924998601278,0.03355923359592756,0.3043367430071036,0.3043367430071036,0.0,4.0,4.0,3320.0,1301.0,0.0,0.4955200254917145,1.3089665174484253,1.671432614326477,2.888406753540039,40.0
dynamic,3,1,333,0.33801966269810996,0.30516051650047304,0.03285914778709412,0.28088214273254075,0.28088214273254075,0.0,4.0,4.0,3330.0,1301.0,0.0,0.4955200254917145,1.3089665174484253,1.671432614326477,2.888406753540039,40.0
dynamic,3,1,334,0.30520130912462873,0.2741163845856984,0.03108492528398832,0.2930667856832345,0.2930667856832345,0.0,4.0,4.0,3340.0,1301.0,0.0,0.4955200254917145,1.3089665174484253,1.671432614326477,2.888406753540039,40.0
dynamic,3,1,335,0.3178674074014028,0.28369427144527437,0.034173139929771425,0.2985535311202208,0.2985535311202208,0.0,4.0,4.0,3350.0,1301.0,0.0,0.4955200254917145,1.3089665174484253,1.671432614326477,2.888406753540039,40.0
dynamic,3,1,336,0.3234013247489929,0.2899643689393997,0.033436954170465466,0.2656552538275719,0.2656552538275719,0.0,4.0,4.0,3360.0,1301.0,0.0,0.4955200254917145,1.3089665174484253,1.671432614326477,2.888406753540039,40.0
dynamic,3,1,337,0.32040913422902423,0.2893435670932134,0.031065566688776015,0.28831199288368226,0.28831199288368226,0.0,4.0,4.0,3370.0,1301.0,0.0,0.4955200254917145,1.3089665174484253,1.671432614326477,2.888406753540039,40.0
dynamic,3,1,338,0.35814215898513796,0.32511089742183685,0.033031261612971624,0.2814673010011514,0.2814673010011514,0.0,4.0,4.0,3380.0,1301.0,0.0,0.4955200254917145,1.3089665174484253,1.671432614326477,2.888406753540039,40.0
dynamic,3,1,339,0.3051011061668396,0.27386264006296795,0.031238469282786053,0.254984653343757,0.254984653343757,0.0,4.0,4.0,3390.0,1301.0,0.0,0.4955200254917145,1.3089665174484253,1.671432614326477,2.888406753540039,40.0
dynamic,3,1,340,0.30231854438781736,0.26972421884536746,0.03259432941675186,0.3176051137348016,0.3176051137348016,0.0,4.0,4.0,3400.0,1301.0,0.0,0.4955200254917145,1.3089665174484253,1.671432614326477,2.888406753540039,40.0
dynamic,3,1,341,0.32278551419576007,0.2881391179561615,0.0346464013059934,0.2699120703339577,0.2699120703339577,0.0,4.0,4.0,3410.0,1301.0,0.0,0.4955200254917145,1.3089665174484253,1.671432614326477,2.888406753540039,40.0
dynamic,3,1,342,0.3047839860121409,0.2731877839565277,0.031596205433209734,0.2449036355316639,0.2449036355316639,0.0,4.0,4.0,3420.0,1301.0,0.0,0.4955200254917145,1.3089665174484253,1.671432614326477,2.888406753540039,40.0
dynamic,3,1,343,0.3174938821792603,0.28545554955800373,0.03203833306829135,0.3909786878526211,0.3909786878526211,0.0,4.0,4.0,3430.0,1301.0,0.0,0.4955200254917145,1.3089665174484253,1.671432614326477,2.888406753540039,40.0
dynamic,3,1,344,0.3441761422157288,0.3079971794287364,0.03617896258831024,0.2544511925180753,0.2544511925180753,0.0,4.0,4.0,3440.0,1301.0,0.0,0.4955200254917145,1.3089665174484253,1.671432614326477,2.888406753540039,40.0
dynamic,3,1,345,0.31593501567840576,0.283920122385025,0.032014897664388024,0.25263451913992563,0.25263451913992563,0.0,4.0,4.0,3450.0,1301.0,0.0,0.4955200254917145,1.3089665174484253,1.671432614326477,2.888406753540039,40.0
dynamic,3,1,346,0.3068939052025477,0.2730950442949931,0.03379885991414388,0.28054450035095213,0.28054450035095213,0.0,4.0,4.0,3460.0,1301.0,0.0,0.4955200254917145,1.3089665174484253,1.671432614326477,2.888406753540039,40.0
dynamic,3,1,347,0.31097539186477663,0.2765445593992869,0.034430832465489704,0.2808851965268453,0.2808851965268453,0.0,4.0,4.0,3470.0,1301.0,0.0,0.4955200254917145,1.3089665174484253,1.671432614326477,2.888406753540039,40.0
dynamic,3,1,348,0.31706586639086404,0.28241534948349,0.03465051501989365,0.27111485674977304,0.27111485674977304,0.0,4.0,4.0,3480.0,1301.0,0.0,0.4955200254917145,1.3089665174484253,1.671432614326477,2.888406753540039,40.0
dynamic,3,1,349,0.3428047430515289,0.3064111312230428,0.036393604775269824,0.24579447790980338,0.24579447790980338,0.0,4.0,4.0,3490.0,1301.0,0.0,0.4955200254917145,1.3089665174484253,1.671432614326477,2.888406753540039,40.0
dynamic,3,1,350,0.30646825631459557,0.27327149311701454,0.03319676091273626,0.3171314242978891,0.3171314242978891,0.0,4.0,4.0,3500.0,1301.0,0.0,0.4955200254917145,1.3089665174484253,1.671432614326477,2.888406753540039,40.0
dynamic,3,1,351,0.3057992951075236,0.2715463185310364,0.034252975980440775,0.247234745323658,0.247234745323658,0.0,4.0,4.0,3510.0,1301.0,0.0,0.4955200254917145,1.3089665174484253,1.671432614326477,2.888406753540039,40.0
dynamic,3,1,352,0.33632264415423074,0.30112700899442035,0.03519563208023707,0.2466659268240134,0.2466659268240134,0.0,4.0,4.0,3520.0,1301.0,0.0,0.4955200254917145,1.3089665174484253,1.671432614326477,2.888406753540039,40.0
dynamic,3,1,353,0.2918508780002594,0.25857999801635745,0.033270882119735085,0.2525775770843029,0.2525775770843029,0.0,4.0,4.0,3530.0,1301.0,0.0,0.4955200254917145,1.3089665174484253,1.671432614326477,2.888406753540039,40.0
dynamic,3,1,354,0.30108747402826946,0.2663785974184672,0.034708878820141155,0.2696090765297413,0.2696090765297413,0.0,4.0,4.0,3540.0,1301.0,0.0,0.4955200254917145,1.3089665174484253,1.671432614326477,2.888406753540039,40.0
dynamic,3,1,355,0.3295811363061269,0.29412850677967073,0.03545262783765793,0.23684923773010572,0.23684923773010572,0.0,4.0,4.0,3550.0,1301.0,0.0,0.4955200254917145,1.3089665174484253,1.671432614326477,2.888406753540039,40.0
dynamic,3,1,356,0.2990375093619029,0.26662188053131103,0.03241563101609548,0.2951564587652683,0.2951564587652683,0.0,4.0,4.0,3560.0,1301.0,0.0,0.4955200254917145,1.3089665174484253,1.671432614326477,2.888406753540039,40.0
dynamic,3,1,357,0.30438808957735697,0.26954797943433123,0.034840110192696255,0.24856710851192473,0.24856710851192473,0.0,4.0,4.0,3570.0,1301.0,0.0,0.4955200254917145,1.3089665174484253,1.671432614326477,2.888406753540039,40.0
dynamic,3,1,358,0.3070873181025187,0.274151162703832,0.03293614993492762,0.23958396539092064,0.23958396539092064,0.0,4.0,4.0,3580.0,1301.0,0.0,0.4955200254917145,1.3089665174484253,1.671432614326477,2.888406753540039,40.0
dynamic,3,1,359,0.28951892455418904,0.2570423467954,0.03247657934824626,0.2547008904318015,0.2547008904318015,0.0,4.0,4.0,3590.0,1301.0,0.0,0.4955200254917145,1.3089665174484253,1.671432614326477,2.888406753540039,40.0
dynamic,3,1,360,0.2839189583063126,0.25150237361590067,0.03241658866405487,0.24027465452750524,0.24027465452750524,0.0,4.0,4.0,3600.0,1301.0,0.0,0.4955200254917145,1.3089665174484253,1.671432614326477,2.888406753540039,40.0
dynamic,3,1,361,0.28356945991516114,0.2497472552458445,0.03382220327854157,0.2413458866874377,0.2413458866874377,0.0,4.0,4.0,3610.0,1301.0,0.0,0.4955200254917145,1.3089665174484253,1.671432614326477,2.888406753540039,40.0
dynamic,3,1,362,0.29900169173876445,0.26592172145843507,0.03307996561129888,0.2309599361817042,0.2309599361817042,0.0,4.0,4.0,3620.0,1301.0,0.0,0.4955200254917145,1.3089665174484253,1.671432614326477,2.888406753540039,40.0
dynamic,3,1,363,0.29188406070073447,0.25761395891507466,0.03427010297775269,0.23500364616513253,0.23500364616513253,0.0,4.0,4.0,3630.0,1301.0,0.0,0.4955200254917145,1.3089665174484253,1.671432614326477,2.888406753540039,40.0
dynamic,3,1,364,0.30034184773763023,0.2659486262003581,0.03439321999748548,0.25285578027367595,0.25285578027367595,0.0,4.0,4.0,3640.0,1301.0,0.0,0.4955200254917145,1.3089665174484253,1.671432614326477,2.888406753540039,40.0
dynamic,3,1,365,0.2924319303035736,0.25749589284261065,0.03493604148427645,0.24802212312817573,0.24802212312817573,0.0,4.0,4.0,3650.0,1301.0,0.0,0.4955200254917145,1.3089665174484253,1.671432614326477,2.888406753540039,40.0
dynamic,3,1,366,0.28069740255673725,0.24738923132419585,0.033308171530564624,0.23314310515920322,0.23314310515920322,0.0,4.0,4.0,3660.0,1301.0,0.0,0.4955200254917145,1.3089665174484253,1.671432614326477,2.888406753540039,40.0
dynamic,3,1,367,0.2957103033860525,0.26058500409126284,0.03512529730796814,0.25088418076435726,0.25088418076435726,0.0,4.0,4.0,3670.0,1301.0,0.0,0.4955200254917145,1.3089665174484253,1.671432614326477,2.888406753540039,40.0
dynamic,3,1,368,0.28436803340911865,0.250378364721934,0.033989670972029366,0.2289011310537656,0.2289011310537656,0.0,4.0,4.0,3680.0,1301.0,0.0,0.4955200254917145,1.3089665174484253,1.671432614326477,2.888406753540039,40.0
dynamic,3,1,369,0.27430614789326985,0.2408703311284383,0.03343581805626551,0.28010813633600873,0.28010813633600873,0.0,4.0,4.0,3690.0,1301.0,0.0,0.4955200254917145,1.3089665174484253,1.671432614326477,2.888406753540039,40.0
dynamic,3,1,370,0.29741479237874346,0.26526385386784873,0.03215094099442164,0.22453041101495425,0.22453041101495425,0.0,4.0,4.0,3700.0,1301.0,0.0,0.4955200254917145,1.3089665174484253,1.671432614326477,2.888406753540039,40.0
dynamic,3,1,371,0.25757246295611064,0.22811325430870055,0.029459209491809208,0.23818805689613023,0.23818805689613023,0.0,4.0,4.0,3710.0,1301.0,0.0,0.4955200254917145,1.3089665174484253,1.671432614326477,2.888406753540039,40.0
dynamic,3,1,372,0.31769095818201704,0.2820919287204742,0.03559903010725975,0.25691282068689664,0.25691282068689664,0.0,4.0,4.0,3720.0,1301.0,0.0,0.4955200254917145,1.3089665174484253,1.671432614326477,2.888406753540039,40.0
dynamic,3,1,373,0.2787901202837626,0.24499467750390372,0.03379544576009114,0.2177470298608144,0.2177470298608144,0.0,4.0,4.0,3730.0,1301.0,0.0,0.4955200254917145,1.3089665174484253,1.671432614326477,2.888406753540039,40.0
dynamic,3,1,374,0.256636913617452,0.2256887392203013,0.03094817648331324,0.24162936155994733,0.24162936155994733,0.0,4.0,4.0,3740.0,1301.0,0.0,0.4955200254917145,1.3089665174484253,1.671432614326477,2.888406753540039,40.0
dynamic,3,1,375,0.28669253865877786,0.25085568785667417,0.03583684931198756,0.2374208308259646,0.2374208308259646,0.0,4.0,4.0,3750.0,1301.0,0.0,0.4955200254917145,1.3089665174484253,1.671432614326477,2.888406753540039,40.0
dynamic,3,1,376,0.2914270609617233,0.25737681925296785,0.03405024304986,0.2287942040959994,0.2287942040959994,0.0,4.0,4.0,3760.0,1301.0,0.0,0.4955200254917145,1.3089665174484253,1.671432614326477,2.888406753540039,40.0
dynamic,3,1,377,0.268187069495519,0.23590076406796773,0.03228630204995473,0.22821696137388547,0.22821696137388547,0.0,4.0,4.0,3770.0,1301.0,0.0,0.4955200254917145,1.3089665174484253,1.671432614326477,2.888406753540039,40.0
dynamic,3,1,378,0.2662464431921641,0.23443693081537884,0.031809511333703994,0.21537567307551703,0.21537567307551703,0.0,4.0,4.0,3780.0,1301.0,0.0,0.4955200254917145,1.3089665174484253,1.671432614326477,2.888406753540039,40.0
dynamic,3,1,379,0.2724458797772725,0.23893499930699666,0.03351088325182597,0.2167159895102183,0.2167159895102183,0.0,4.0,4.0,3790.0,1301.0,0.0,0.4955200254917145,1.3089665174484253,1.671432614326477,2.888406753540039,40.0
dynamic,3,1,380,0.29417478799819946,0.25694007575511935,0.03723470975955327,0.24977262064814568,0.24977262064814568,0.0,4.0,4.0,3800.0,1301.0,0.0,0.4955200254917145,1.3089665174484253,1.671432614326477,2.888406753540039,40.0
dynamic,3,1,381,0.2855343971649806,0.24910047908624014,0.03643391768137614,0.21608922397096952,0.21608922397096952,0.0,4.0,4.0,3810.0,1301.0,0.0,0.4955200254917145,1.3089665174484253,1.671432614326477,2.888406753540039,40.0
dynamic,3,1,382,0.2754783634344737,0.24249884963035584,0.032979512810707094,0.21262536356846493,0.21262536356846493,0.0,4.0,4.0,3820.0,1301.0,0.0,0.4955200254917145,1.3089665174484253,1.671432614326477,2.888406753540039,40.0
dynamic,3,1,383,0.26838846286137896,0.2354005620876948,0.03298790062467257,0.22748687197764714,0.22748687197764714,0.0,4.0,4.0,3830.0,1301.0,0.0,0.4955200254917145,1.3089665174484253,1.671432614326477,2.888406753540039,40.0
dynamic,3,1,384,0.2739654568831126,0.23991247375806174,0.034052982181310656,0.22802130843202273,0.22802130843202273,0.0,4.0,4.0,3840.0,1301.0,0.0,0.4955200254917145,1.3089665174484253,1.671432614326477,2.888406753540039,40.0
dynamic,3,1,385,0.2615601871411006,0.2304530656337738,0.031107122724254924,0.20513980741302174,0.20513980741302174,0.0,4.0,4.0,3850.0,1301.0,0.0,0.4955200254917145,1.3089665174484253,1.671432614326477,2.888406753540039,40.0
dynamic,3,1,386,0.2442237889766693,0.212468816836675,0.03175497015317281,0.21630209386348725,0.21630209386348725,0.0,4.0,4.0,3860.0,1301.0,0.0,0.4955200254917145,1.3089665174484253,1.671432614326477,2.888406753540039,40.0
dynamic,3,1,387,0.2860934321085612,0.2489285683631897,0.0371648641427358,0.23545699511965115,0.23545699511965115,0.0,4.0,4.0,3870.0,1301.0,0.0,0.4955200254917145,1.3089665174484253,1.671432614326477,2.888406753540039,40.0
dynamic,3,1,388,0.2554633921384811,0.22094636023044587,0.03451702944934368,0.22791782562931379,0.22791782562931379,0.0,4.0,4.0,3880.0,1301.0,0.0,0.4955200254917145,1.3089665174484253,1.671432614326477,2.888406753540039,40.0
dynamic,3,1,389,0.2591294354200363,0.22522516727447509,0.03390426876644293,0.20450835759441058,0.20450835759441058,0.0,4.0,4.0,3890.0,1301.0,0.0,0.4955200254917145,1.3089665174484253,1.671432614326477,2.888406753540039,40.0
dynamic,3,1,390,0.2714417370160421,0.23869553367296856,0.032746206323305764,0.20667926649252574,0.20667926649252574,0.0,4.0,4.0,3900.0,1301.0,0.0,0.4955200254917145,1.3089665174484253,1.671432614326477,2.888406753540039,40.0
dynamic,3,1,391,0.27598890046278635,0.24016596078872682,0.03582294245560964,0.22533458923300106,0.22533458923300106,0.0,4.0,4.0,3910.0,1301.0,0.0,0.4955200254917145,1.3089665174484253,1.671432614326477,2.888406753540039,40.0
dynamic,3,1,392,0.2501607008775075,0.21665685455004374,0.033503848761320114,0.22284167245030403,0.22284167245030403,0.0,4.0,4.0,3920.0,1301.0,0.0,0.4955200254917145,1.3089665174484253,1.671432614326477,2.888406753540039,40.0
dynamic,3,1,393,0.2497106138865153,0.21588724871476492,0.03382336596647898,0.20523586064577104,0.20523586064577104,0.0,4.0,4.0,3930.0,1301.0,0.0,0.4955200254917145,1.3089665174484253,1.671432614326477,2.888406753540039,40.0
dynamic,3,1,394,0.25805242160956066,0.22417191406091055,0.03388050799568494,0.21953707973162334,0.21953707973162334,0.0,4.0,4.0,3940.0,1301.0,0.0,0.4955200254917145,1.3089665174484253,1.671432614326477,2.888406753540039,40.0
dynamic,3,1,395,0.2572600467999776,0.22149537404378256,0.03576467643181483,0.2328665631512801,0.2328665631512801,0.0,4.0,4.0,3950.0,1301.0,0.0,0.4955200254917145,1.3089665174484253,1.671432614326477,2.888406753540039,40.0
dynamic,3,1,396,0.2600280249118805,0.2265555743376414,0.03347244828939438,0.21855973064899445,0.21855973064899445,0.0,4.0,4.0,3960.0,1301.0,0.0,0.4955200254917145,1.3089665174484253,1.671432614326477,2.888406753540039,40.0
dynamic,3,1,397,0.25440842707951866,0.22161563595136008,0.03279278814792633,0.19668911769986153,0.19668911769986153,0.0,4.0,4.0,3970.0,1301.0,0.0,0.4955200254917145,1.3089665174484253,1.671432614326477,2.888406753540039,40.0
dynamic,3,1,398,0.2351474670569102,0.20273046831289926,0.03241699824730555,0.23967935239275295,0.23967935239275295,0.0,4.0,4.0,3980.0,1301.0,0.0,0.4955200254917145,1.3089665174484253,1.671432614326477,2.888406753540039,40.0
dynamic,3,1,399,0.27037094632784525,0.23297734260559083,0.03739360084136327,0.2464326127866904,0.2464326127866904,0.0,4.0,4.0,3990.0,1301.0,0.0,0.4955200254917145,1.3089665174484253,1.671432614326477,2.888406753540039,40.0
dynamic,3,1,400,0.24976849635442097,0.21629837175210317,0.03347012251615524,0.2124912630021572,0.2124912630021572,0.0,4.0,4.0,4000.0,1301.0,0.0,0.4955200254917145,1.3089665174484253,1.671432614326477,2.888406753540039,40.0
dynamic,3,1,401,0.2459127434094747,0.21549544095993042,0.03041730056206385,0.21147582307457924,0.21147582307457924,0.0,4.0,4.0,4010.0,1301.0,0.0,0.4955200254917145,1.3089665174484253,1.671432614326477,2.888406753540039,40.0
dynamic,3,1,402,0.2367155440648397,0.20566315174102784,0.031052391479412713,0.2131842014193535,0.2131842014193535,0.0,4.0,4.0,4020.0,1301.0,0.0,0.4955200254917145,1.3089665174484253,1.671432614326477,2.888406753540039,40.0
dynamic,3,1,403,0.2679874841372172,0.23389413019021352,0.03409335573514303,0.20958450277646382,0.20958450277646382,0.0,4.0,4.0,4030.0,1301.0,0.0,0.4955200254917145,1.3089665174484253,1.671432614326477,2.888406753540039,40.0
dynamic,3,1,404,0.2518780811627706,0.21833340644836427,0.03354467615485191,0.2179197411239147,0.2179197411239147,0.0,4.0,4.0,4040.0,1301.0,0.0,0.4955200254917145,1.3089665174484253,1.671432614326477,2.888406753540039,40.0
dynamic,3,1,405,0.24393503606319428,0.2112974907954534,0.032637540896733604,0.19287050878008208,0.19287050878008208,0.0,4.0,4.0,4050.0,1301.0,0.0,0.4955200254917145,1.3089665174484253,1.671432614326477,2.888406753540039,40.0
dynamic,3,1,406,0.24823062717914582,0.21672975162665048,0.03150087381402651,0.19119670768578848,0.19119670768578848,0.0,4.0,4.0,4060.0,1301.0,0.0,0.4955200254917145,1.3089665174484253,1.671432614326477,2.888406753540039,40.0
dynamic,3,1,407,0.23161766886711121,0.2005925780534744,0.031025090838472047,0.2045366632938385,0.2045366632938385,0.0,4.0,4.0,4070.0,1301.0,0.0,0.4955200254917145,1.3089665174484253,1.671432614326477,2.888406753540039,40.0
dynamic,3,1,408,0.23918210387229918,0.20599047700564066,0.03319162343939146,0.2145575477182865,0.2145575477182865,0.0,4.0,4.0,4080.0,1301.0,0.0,0.4955200254917145,1.3089665174484253,1.671432614326477,2.888406753540039,40.0
dynamic,3,1,409,0.25926700512568157,0.22732906977335612,0.031937931974728904,0.1915352810919285,0.1915352810919285,0.0,4.0,4.0,4090.0,1301.0,0.0,0.4955200254917145,1.3089665174484253,1.671432614326477,2.888406753540039,40.0
dynamic,3,1,410,0.23671572665373483,0.20516031761964162,0.031555409282445906,0.2356781535347303,0.2356781535347303,0.0,4.0,4.0,4100.0,1301.0,0.0,0.4955200254917145,1.3089665174484253,1.671432614326477,2.888406753540039,40.0
dynamic,3,1,411,0.2668874975045522,0.2278698052962621,0.039017693400383,0.20167255853613217,0.20167255853613217,0.0,4.0,4.0,4110.0,1301.0,0.0,0.4955200254917145,1.3089665174484253,1.671432614326477,2.888406753540039,40.0
dynamic,3,1,412,0.24731051802635193,0.21471327702204387,0.03259724045793216,0.18583421568075817,0.18583421568075817,0.0,4.0,4.0,4120.0,1301.0,0.0,0.4955200254917145,1.3089665174484253,1.671432614326477,2.888406753540039,40.0
dynamic,3,1,413,0.2514257168769836,0.21870630065600077,0.032719420020778975,0.2046121686200301,0.2046121686200301,0.0,4.0,4.0,4130.0,1301.0,0.0,0.4955200254917145,1.3089665174484253,1.671432614326477,2.888406753540039,40.0
dynamic,3,1,414,0.243715691169103,0.21095046579837798,0.0327652245759964,0.19725140437483787,0.19725140437483787,0.0,4.0,4.0,4140.0,1301.0,0.0,0.4955200254917145,1.3089665174484253,1.671432614326477,2.888406753540039,40.0
dynamic,3,1,415,0.23254586656888326,0.19824305176734924,0.034302816291650134,0.19263887787858644,0.19263887787858644,0.0,4.0,4.0,4150.0,1301.0,0.0,0.4955200254917145,1.3089665174484253,1.671432614326477,2.888406753540039,40.0
dynamic,3,1,416,0.23121850788593293,0.19951979736487072,0.031698712954918544,0.190168204108874,0.190168204108874,0.0,4.0,4.0,4160.0,1301.0,0.0,0.4955200254917145,1.3089665174484253,1.671432614326477,2.888406753540039,40.0
dynamic,3,1,417,0.24187048276265463,0.20886954605579378,0.03300093809763591,0.18759157245357833,0.18759157245357833,0.0,4.0,4.0,4170.0,1301.0,0.0,0.4955200254917145,1.3089665174484253,1.671432614326477,2.888406753540039,40.0
dynamic,3,1,418,0.2667228579521179,0.2337499264876048,0.03297293091813723,0.19365248049298922,0.19365248049298922,0.0,4.0,4.0,4180.0,1301.0,0.0,0.4955200254917145,1.3089665174484253,1.671432614326477,2.888406753540039,40.0
dynamic,3,1,419,0.22982321163018546,0.194056831796964,0.0357663806527853,0.1937874958415826,0.1937874958415826,0.0,4.0,4.0,4190.0,1301.0,0.0,0.4955200254917145,1.3089665174484253,1.671432614326477,2.888406753540039,40.0
dynamic,3,1,420,0.24500817318757376,0.210886848171552,0.0341213284432888,0.201606332808733,0.201606332808733,0.0,4.0,4.0,4200.0,1301.0,0.0,0.4955200254917145,1.3089665174484253,1.671432614326477,2.888406753540039,40.0
dynamic,3,1,421,0.24435207943121592,0.2115560281276703,0.032796053737401965,0.1931572027504444,0.1931572027504444,0.0,4.0,4.0,4210.0,1301.0,0.0,0.4955200254917145,1.3089665174484253,1.671432614326477,2.888406753540039,40.0
dynamic,3,1,422,0.2359444695711136,0.20508045514424642,0.030864014029502868,0.1834984118739764,0.1834984118739764,0.0,4.0,4.0,4220.0,1301.0,0.0,0.4955200254917145,1.3089665174484253,1.671432614326477,2.888406753540039,40.0
dynamic,3,1,423,0.235997820297877,0.2032541928688685,0.03274362673362096,0.18648966630299887,0.18648966630299887,0.0,4.0,4.0,4230.0,1301.0,0.0,0.4955200254917145,1.3089665174484253,1.671432614326477,2.888406753540039,40.0
dynamic,3,1,424,0.23124836047490438,0.1951478338241577,0.0361005233724912,0.19567577615380288,0.19567577615380288,0.0,4.0,4.0,4240.0,1301.0,0.0,0.4955200254917145,1.3089665174484253,1.671432614326477,2.888406753540039,40.0
dynamic,3,1,425,0.2309852925936381,0.1973751844962438,0.03361010909080506,0.19557358706990877,0.19557358706990877,0.0,4.0,4.0,4250.0,1301.0,0.0,0.4955200254917145,1.3089665174484253,1.671432614326477,2.888406753540039,40.0
dynamic,3,1,426,0.24320745984713235,0.21071875850359598,0.03248870184024175,0.18243427688876787,0.18243427688876787,0.0,4.0,4.0,4260.0,1301.0,0.0,0.4955200254917145,1.3089665174484253,1.671432614326477,2.888406753540039,40.0
dynamic,3,1,427,0.2246545978387197,0.19297367771466573,0.031680919950207075,0.1897074621419112,0.1897074621419112,0.0,4.0,4.0,4270.0,1301.0,0.0,0.4955200254917145,1.3089665174484253,1.671432614326477,2.888406753540039,40.0
dynamic,3,1,428,0.24306337674458822,0.2083600789308548,0.03470329686999321,0.1867880254983902,0.1867880254983902,0.0,4.0,4.0,4280.0,1301.0,0.0,0.4955200254917145,1.3089665174484253,1.671432614326477,2.888406753540039,40.0
dynamic,3,1,429,0.24015820384025574,0.2067470681667328,0.0334111388027668,0.18615690226356188,0.18615690226356188,0.0,4.0,4.0,4290.0,1301.0,0.0,0.4955200254917145,1.3089665174484253,1.671432614326477,2.888406753540039,40.0
dynamic,3,1,430,0.22491064608097078,0.19403863012790679,0.030872015381852785,0.18322030315796534,0.18322030315796534,0.0,4.0,4.0,4300.0,1301.0,0.0,0.4955200254917145,1.3089665174484253,1.671432614326477,2.888406753540039,40.0
dynamic,3,1,431,0.219922753572464,0.18976320107777914,0.030159555077552795,0.1734334354599317,0.1734334354599317,0.0,4.0,4.0,4310.0,1301.0,0.0,0.4955200254917145,1.3089665174484253,1.671432614326477,2.888406753540039,40.0
dynamic,3,1,432,0.214921954870224,0.18128036002318065,0.03364159310857455,0.1829145579536756,0.1829145579536756,0.0,4.0,4.0,4320.0,1301.0,0.0,0.4955200254917145,1.3089665174484253,1.671432614326477,2.888406753540039,40.0
dynamic,3,1,433,0.21593366762002308,0.18349289953708647,0.03244076788425446,0.20652252122759818,0.20652252122759818,0.0,4.0,4.0,4330.0,1301.0,0.0,0.4955200254917145,1.3089665174484253,1.671432614326477,2.888406753540039,40.0
dynamic,3,1,434,0.2300320808092753,0.19586677312850953,0.03416530708471934,0.20138009001811347,0.20138009001811347,0.0,4.0,4.0,4340.0,1301.0,0.0,0.4955200254917145,1.3089665174484253,1.671432614326477,2.888406753540039,40.0
dynamic,3,1,435,0.22411682148774464,0.19277538001537323,0.031341442118088404,0.1697447630763054,0.1697447630763054,0.0,4.0,4.0,4350.0,1301.0,0.0,0.4955200254917145,1.3089665174484253,1.671432614326477,2.888406753540039,40.0
dynamic,3,1,436,0.22377749701340993,0.19177912414073944,0.03199836815396945,0.18317064161101976,0.18317064161101976,0.0,4.0,4.0,4360.0,1301.0,0.0,0.4955200254917145,1.3089665174484253,1.671432614326477,2.888406753540039,40.0
dynamic,3,1,437,0.25200719515482584,0.21460616568724314,0.037401031504074735,0.19141241585214933,0.19141241585214933,0.0,4.0,4.0,4370.0,1301.0,0.0,0.4955200254917145,1.3089665174484253,1.671432614326477,2.888406753540039,40.0
dynamic,3,1,438,0.22510078032811484,0.1923153414328893,0.03278543924291929,0.16901301418741543,0.16901301418741543,0.0,4.0,4.0,4380.0,1301.0,0.0,0.4955200254917145,1.3089665174484253,1.671432614326477,2.888406753540039,40.0
dynamic,3,1,439,0.2247930548588435,0.1933693653345108,0.03142369210720062,0.17017811626195908,0.17017811626195908,0.0,4.0,4.0,4390.0,1301.0,0.0,0.4955200254917145,1.3089665174484253,1.671432614326477,2.888406753540039,40.0
dynamic,3,1,440,0.22204509456952412,0.18998731136322022,0.03205778663357099,0.1657419136663278,0.1657419136663278,0.0,4.0,4.0,4400.0,1301.0,0.0,0.4955200254917145,1.3089665174484253,1.671432614326477,2.888406753540039,40.0
dynamic,3,1,441,0.21370292166868846,0.17985146989425024,0.033851451526085534,0.1683225391805172,0.1683225391805172,0.0,4.0,4.0,4410.0,1301.0,0.0,0.4955200254917145,1.3089665174484253,1.671432614326477,2.888406753540039,40.0
dynamic,3,1,442,0.22733416001001994,0.19517008185386658,0.03216407805681229,0.17598624378442765,0.17598624378442765,0.0,4.0,4.0,4420.0,1301.0,0.0,0.4955200254917145,1.3089665174484253,1.671432614326477,2.888406753540039,40.0
dynamic,3,1,443,0.21461883703867593,0.18164639711380004,0.03297243947784106,0.1809252073864142,0.1809252073864142,0.0,4.0,4.0,4430.0,1301.0,0.0,0.4955200254917145,1.3089665174484253,1.671432614326477,2.888406753540039,40.0
dynamic,3,1,444,0.23401539385318756,0.20213456193606058,0.03188083216547966,0.16826329117019972,0.16826329117019972,0.0,4.0,4.0,4440.0,1301.0,0.0,0.4955200254917145,1.3089665174484253,1.671432614326477,2.888406753540039,40.0
dynamic,3,1,445,0.22756815552711487,0.19153711358706157,0.03603104124466578,0.20238705178101857,0.20238705178101857,0.0,4.0,4.0,4450.0,1301.0,0.0,0.4955200254917145,1.3089665174484253,1.671432614326477,2.888406753540039,40.0
dynamic,3,1,446,0.24264556765556336,0.20460696240266163,0.03803860247135162,0.18007171834508579,0.18007171834508579,0.0,4.0,4.0,4460.0,1301.0,0.0,0.4955200254917145,1.3089665174484253,1.671432614326477,2.888406753540039,40.0
dynamic,3,1,447,0.22471476554870606,0.19069968144098917,0.03401508341232935,0.16711536611119907,0.16711536611119907,0.0,4.0,4.0,4470.0,1301.0,0.0,0.4955200254917145,1.3089665174484253,1.671432614326477,2.888406753540039,40.0
dynamic,3,1,448,0.2120853418111801,0.1816912696758906,0.030394072482983273,0.16738610282540323,0.16738610282540323,0.0,4.0,4.0,4480.0,1301.0,0.0,0.4955200254917145,1.3089665174484253,1.671432614326477,2.888406753540039,40.0
dynamic,3,1,449,0.21467383285363514,0.18291657527287802,0.03175725663701693,0.17052996024489403,0.17052996024489403,0.0,4.0,4.0,4490.0,1301.0,0.0,0.4955200254917145,1.3089665174484253,1.671432614326477,2.888406753540039,40.0
dynamic,3,1,450,0.2142920551697413,0.18142596105734507,0.03286609811087449,0.16629371255636216,0.16629371255636216,0.0,4.0,4.0,4500.0,1301.0,0.0,0.4955200254917145,1.3089665174484253,1.671432614326477,2.888406753540039,40.0
dynamic,3,1,451,0.22124475876490274,0.18962198038895925,0.031622779270013175,0.17506359895070395,0.17506359895070395,0.0,4.0,4.0,4510.0,1301.0,0.0,0.4955200254917145,1.3089665174484253,1.671432614326477,2.888406753540039,40.0
dynamic,3,1,452,0.22433837731679282,0.19241859197616576,0.03191978454589844,0.16774007484316825,0.16774007484316825,0.0,4.0,4.0,4520.0,1301.0,0.0,0.4955200254917145,1.3089665174484253,1.671432614326477,2.888406753540039,40.0
dynamic,3,1,453,0.2070298473040263,0.17626368820667268,0.0307661605377992,0.19583640192945798,0.19583640192945798,0.0,4.0,4.0,4530.0,1301.0,0.0,0.4955200254917145,1.3089665174484253,1.671432614326477,2.888406753540039,40.0
dynamic,3,1,454,0.23690663456916808,0.2006426191329956,0.03626401568452517,0.17994884505867959,0.17994884505867959,0.0,4.0,4.0,4540.0,1301.0,0.0,0.4955200254917145,1.3089665174484253,1.671432614326477,2.888406753540039,40.0
dynamic,3,1,455,0.22056088328361512,0.18719776829083762,0.03336311837037404,0.16421741048494976,0.16421741048494976,0.0,4.0,4.0,4550.0,1301.0,0.0,0.4955200254917145,1.3089665174484253,1.671432614326477,2.888406753540039,40.0
dynamic,3,1,456,0.21130086700121561,0.1785077045361201,0.03279316335916519,0.17921773289640744,0.17921773289640744,0.0,4.0,4.0,4560.0,1301.0,0.0,0.4955200254917145,1.3089665174484253,1.671432614326477,2.888406753540039,40.0
dynamic,3,1,457,0.22373112837473552,0.19208897372086842,0.03164215569694837,0.16413469200332959,0.16413469200332959,0.0,4.0,4.0,4570.0,1301.0,0.0,0.4955200254917145,1.3089665174484253,1.671432614326477,2.888406753540039,40.0
dynamic,3,1,458,0.2084449827671051,0.17445278108119966,0.03399220049381256,0.17224634905656178,0.17224634905656178,0.0,4.0,4.0,4580.0,1301.0,0.0,0.4955200254917145,1.3089665174484253,1.671432614326477,2.888406753540039,40.0
dynamic,3,1,459,0.21466140429178873,0.18165514926115672,0.033006254384915036,0.1717917637526989,0.1717917637526989,0.0,4.0,4.0,4590.0,1301.0,0.0,0.4955200254917145,1.3089665174484253,1.671432614326477,2.888406753540039,40.0
dynamic,3,1,460,0.21024046301841737,0.17775253931681315,0.03248792096972466,0.16304783324400585,0.16304783324400585,0.0,4.0,4.0,4600.0,1301.0,0.0,0.4955200254917145,1.3089665174484253,1.671432614326477,2.888406753540039,40.0
dynamic,3,1,461,0.19696229696273804,0.16686854700247447,0.03009374921520551,0.16099727799495062,0.16099727799495062,0.0,4.0,4.0,4610.0,1301.0,0.0,0.4955200254917145,1.3089665174484253,1.671432614326477,2.888406753540039,40.0
dynamic,3,1,462,0.21668397029240927,0.18216933230559032,0.034514638036489485,0.18692325080434483,0.18692325080434483,0.0,4.0,4.0,4620.0,1301.0,0.0,0.4955200254917145,1.3089665174484253,1.671432614326477,2.888406753540039,40.0
dynamic,3,1,463,0.2206733908255895,0.18451419234275818,0.036159195154905316,0.1745372019211451,0.1745372019211451,0.0,4.0,4.0,4630.0,1301.0,0.0,0.4955200254917145,1.3089665174484253,1.671432614326477,2.888406753540039,40.0
dynamic,3,1,464,0.21618132869402568,0.1829730486869812,0.033208276927471164,0.16335154290000597,0.16335154290000597,0.0,4.0,4.0,4640.0,1301.0,0.0,0.4955200254917145,1.3089665174484253,1.671432614326477,2.888406753540039,40.0
dynamic,3,1,465,0.21415784319241843,0.18299646655718485,0.031161376039187113,0.1624126766125361,0.1624126766125361,0.0,4.0,4.0,4650.0,1301.0,0.0,0.4955200254917145,1.3089665174484253,1.671432614326477,2.888406753540039,40.0
dynamic,3,1,466,0.20209028323491415,0.17106967588265737,0.03102060779929161,0.15483264083663623,0.15483264083663623,0.0,4.0,4.0,4660.0,1301.0,0.0,0.4955200254917145,1.3089665174484253,1.671432614326477,2.888406753540039,40.0
dynamic,3,1,467,0.19517636974652608,0.16163444995880127,0.033541917006174725,0.16925031778713068,0.16925031778713068,0.0,4.0,4.0,4670.0,1301.0,0.0,0.4955200254917145,1.3089665174484253,1.671432614326477,2.888406753540039,40.0
dynamic,3,1,468,0.2178356468677521,0.18340651214122772,0.03442913398146629,0.186337954501311,0.186337954501311,0.0,4.0,4.0,4680.0,1301.0,0.0,0.4955200254917145,1.3089665174484253,1.671432614326477,2.888406753540039,40.0
dynamic,3,1,469,0.2193730745712916,0.18533070226510365,0.03404237568378449,0.1579202717045943,0.1579202717045943,0.0,4.0,4.0,4690.0,1301.0,0.0,0.4955200254917145,1.3089665174484253,1.671432614326477,2.888406753540039,40.0
dynamic,3,1,470,0.1923906852801641,0.1619811193148295,0.03040956601500511,0.15508227651317916,0.15508227651317916,0.0,4.0,4.0,4700.0,1301.0,0.0,0.4955200254917145,1.3089665174484253,1.671432614326477,2.888406753540039,40.0
dynamic,3,1,471,0.22180545210838318,0.1874334450562795,0.03437200407187144,0.1997500186661879,0.1997500186661879,0.0,4.0,4.0,4710.0,1301.0,0.0,0.4955200254917145,1.3089665174484253,1.671432614326477,2.888406753540039,40.0
dynamic,3,1,472,0.21910900096098582,0.18523379305998483,0.03387520631154378,0.15342509997387727,0.15342509997387727,0.0,4.0,4.0,4720.0,1301.0,0.0,0.4955200254917145,1.3089665174484253,1.671432614326477,2.888406753540039,40.0
dynamic,3,1,473,0.19911247372627258,0.16892584909995398,0.030186626513799032,0.18537548944354057,0.18537548944354057,0.0,4.0,4.0,4730.0,1301.0,0.0,0.4955200254917145,1.3089665174484253,1.671432614326477,2.888406753540039,40.0
dynamic,3,1,474,0.22927470207214357,0.19737682004769644,0.03189788127938906,0.1580910783012708,0.1580910783012708,0.0,4.0,4.0,4740.0,1301.0,0.0,0.4955200254917145,1.3089665174484253,1.671432614326477,2.888406753540039,40.0
dynamic,3,1,475,0.19731117367744447,0.16604345043500265,0.03126772185166677,0.1604928544163704,0.1604928544163704,0.0,4.0,4.0,4750.0,1301.0,0.0,0.4955200254917145,1.3089665174484253,1.671432614326477,2.888406753540039,40.0
dynamic,3,1,476,0.21709750096003214,0.18354060312112172,0.03355689729253451,0.17181621844569842,0.17181621844569842,0.0,4.0,4.0,4760.0,1301.0,0.0,0.4955200254917145,1.3089665174484253,1.671432614326477,2.888406753540039,40.0
dynamic,3,1,477,0.20090315997600555,0.1686244817574819,0.03227868462602297,0.15739390291273594,0.15739390291273594,0.0,4.0,4.0,4770.0,1301.0,0.0,0.4955200254917145,1.3089665174484253,1.671432614326477,2.888406753540039,40.0
dynamic,3,1,478,0.2074028488000234,0.17561581214269004,0.031787036160628,0.1572014246881008,0.1572014246881008,0.0,4.0,4.0,4780.0,1301.0,0.0,0.4955200254917145,1.3089665174484253,1.671432614326477,2.888406753540039,40.0
dynamic,3,1,479,0.1973589547475179,0.1674779031674067,0.029881051182746886,0.15615134452780088,0.15615134452780088,0.0,4.0,4.0,4790.0,1301.0,0.0,0.4955200254917145,1.3089665174484253,1.671432614326477,2.888406753540039,40.0
dynamic,3,1,480,0.2110390897591909,0.17661737362543742,0.03442171722650528,0.18867906021575134,0.18867906021575134,0.0,4.0,4.0,4800.0,1301.0,0.0,0.4955200254917145,1.3089665174484253,1.671432614326477,2.888406753540039,40.0
dynamic,3,1,481,0.203819593389829,0.17145906488100687,0.03236053151388963,0.15799216598272323,0.15799216598272323,0.0,4.0,4.0,4810.0,1301.0,0.0,0.4955200254917145,1.3089665174484253,1.671432614326477,2.888406753540039,40.0
dynamic,3,1,482,0.2093488613764445,0.17876456995805104,0.030584291617075602,0.17133252387245496,0.17133252387245496,0.0,4.0,4.0,4820.0,1301.0,0.0,0.4955200254917145,1.3089665174484253,1.671432614326477,2.888406753540039,40.0
dynamic,3,1,483,0.2076502960920334,0.1734248787164688,0.0342254164069891,0.1634242317577203,0.1634242317577203,0.0,4.0,4.0,4830.0,1301.0,0.0,0.4955200254917145,1.3089665174484253,1.671432614326477,2.888406753540039,40.0
dynamic,3,1,484,0.2011260696252187,0.16972920964161556,0.03139686000843843,0.14837511154512564,0.14837511154512564,0.0,4.0,4.0,4840.0,1301.0,0.0,0.4955200254917145,1.3089665174484253,1.671432614326477,2.888406753540039,40.0
dynamic,3,1,485,0.1900707936286926,0.1604305507739385,0.02964024171233177,0.17819604930778343,0.17819604930778343,0.0,4.0,4.0,4850.0,1301.0,0.0,0.4955200254917145,1.3089665174484253,1.671432614326477,2.888406753540039,40.0
dynamic,3,1,486,0.20818760653336843,0.17578856249650318,0.032399047215779624,0.15689317661027113,0.15689317661027113,0.0,4.0,4.0,4860.0,1301.0,0.0,0.4955200254917145,1.3089665174484253,1.671432614326477,2.888406753540039,40.0
dynamic,3,1,487,0.20075111707051596,0.16918460090955098,0.03156651481986046,0.14666761696338654,0.14666761696338654,0.0,4.0,4.0,4870.0,1301.0,0.0,0.4955200254917145,1.3089665174484253,1.671432614326477,2.888406753540039,40.0
dynamic,3,1,488,0.1803176720937093,0.14948207130034766,0.030835598905881247,0.1718781596670548,0.1718781596670548,0.0,4.0,4.0,4880.0,1301.0,0.0,0.4955200254917145,1.3089665174484253,1.671432614326477,2.888406753540039,40.0
dynamic,3,1,489,0.19887966414292654,0.16502773364384968,0.033851927320162456,0.15797514729201795,0.15797514729201795,0.0,4.0,4.0,4890.0,1301.0,0.0,0.4955200254917145,1.3089665174484253,1.671432614326477,2.888406753540039,40.0
dynamic,3,1,490,0.21193589568138121,0.17845724741617838,0.03347864548365275,0.16416827301184336,0.16416827301184336,0.0,4.0,4.0,4900.0,1301.0,0.0,0.4955200254917145,1.3089665174484253,1.671432614326477,2.888406753540039,40.0
dynamic,3,1,491,0.1921942239999771,0.16188518206278482,0.030309039155642193,0.14361636539300282,0.14361636539300282,0.0,4.0,4.0,4910.0,1301.0,0.0,0.4955200254917145,1.3089665174484253,1.671432614326477,2.888406753540039,40.0
dynamic,3,1,492,0.1840425984064738,0.15339262882868449,0.030649966796239218,0.1531193322936694,0.1531193322936694,0.0,4.0,4.0,4920.0,1301.0,0.0,0.4955200254917145,1.3089665174484253,1.671432614326477,2.888406753540039,40.0
dynamic,3,1,493,0.187601571281751,0.1573376097281774,0.030263961950937907,0.15129848271608354,0.15129848271608354,0.0,4.0,4.0,4930.0,1301.0,0.0,0.4955200254917145,1.3089665174484253,1.671432614326477,2.888406753540039,40.0
dynamic,3,1,494,0.1857039612531662,0.15551345487435658,0.03019050771991412,0.14825705704589684,0.14825705704589684,0.0,4.0,4.0,4940.0,1301.0,0.0,0.4955200254917145,1.3089665174484253,1.671432614326477,2.888406753540039,40.0
dynamic,3,1,495,0.18414130866527556,0.1547009080648422,0.029440399209658304,0.1479478771239519,0.1479478771239519,0.0,4.0,4.0,4950.0,1301.0,0.0,0.4955200254917145,1.3089665174484253,1.671432614326477,2.888406753540039,40.0
dynamic,3,1,496,0.18299066146214804,0.15238840460777284,0.030602255364259083,0.14883306329449017,0.14883306329449017,0.0,4.0,4.0,4960.0,1301.0,0.0,0.4955200254917145,1.3089665174484253,1.671432614326477,2.888406753540039,40.0
dynamic,3,1,497,0.19263274510701497,0.16181265364090602,0.030820090398192404,0.17029950904349486,0.17029950904349486,0.0,4.0,4.0,4970.0,1301.0,0.0,0.4955200254917145,1.3089665174484253,1.671432614326477,2.888406753540039,40.0
dynamic,3,1,498,0.20478939334551494,0.17011356711387635,0.03467582494020462,0.16593791618943216,0.16593791618943216,0.0,4.0,4.0,4980.0,1301.0,0.0,0.4955200254917145,1.3089665174484253,1.671432614326477,2.888406753540039,40.0
dynamic,3,1,499,0.19491429924964904,0.16224162697792052,0.032672674705584846,0.14149204355974992,0.14149204355974992,0.0,4.0,4.0,4990.0,1301.0,0.0,0.4955200254917145,1.3089665174484253,1.671432614326477,2.888406753540039,40.0
dynamic,3,1,500,0.17930920084317525,0.14970596273740133,0.029603237013022105,0.15418608407179515,0.15418608407179515,0.0,4.0,4.0,5000.0,1301.0,0.0,0.4955200254917145,1.3089665174484253,1.671432614326477,2.888406753540039,40.0
