model,seed,level,epoch,train_total,train_effect,train_vq,eval_total,eval_effect,eval_vq
original,4,1,1,7.7006700897216795,7.7006700897216795,0.0,4.703380533854166,4.703380533854166,0.0
original,4,1,2,6.696826941172282,6.696826941172282,0.0,4.538317317962647,4.538317317962647,0.0
original,4,1,3,6.275258865356445,6.275258865356445,0.0,3.8251618480682374,3.8251618480682374,0.0
original,4,1,4,5.719455127716064,5.719455127716064,0.0,4.222841685612996,4.222841685612996,0.0
original,4,1,5,5.347621644337972,5.347621644337972,0.0,4.620500914255778,4.620500914255778,0.0
original,4,1,6,4.929818986256917,4.929818986256917,0.0,4.676432596842448,4.676432596842448,0.0
original,4,1,7,4.746120732625325,4.746120732625325,0.0,4.663353942235311,4.663353942235311,0.0
original,4,1,8,4.575290273030599,4.575290273030599,0.0,4.353277676900228,4.353277676900228,0.0
original,4,1,9,4.204183549880981,4.204183549880981,0.0,3.944776725769043,3.944776725769043,0.0
original,4,1,10,4.028371391296386,4.028371391296386,0.0,3.874201622009277,3.874201622009277,0.0
original,4,1,11,3.7664781856536864,3.7664781856536864,0.0,3.647509520848592,3.647509520848592,0.0
original,4,1,12,3.625618101755778,3.625618101755778,0.0,3.3555575688680013,3.3555575688680013,0.0
original,4,1,13,3.561254285176595,3.561254285176595,0.0,3.2248037306467694,3.2248037306467694,0.0
original,4,1,14,3.236045516331991,3.236045516331991,0.0,2.9421766249338788,2.9421766249338788,0.0
original,4,1,15,3.014239238103231,3.014239238103231,0.0,2.9756938552856447,2.9756938552856447,0.0
original,4,1,16,2.9326834646860758,2.9326834646860758,0.0,2.9033910846710205,2.9033910846710205,0.0
original,4,1,17,2.7529461987813315,2.7529461987813315,0.0,2.4323911380767824,2.4323911380767824,0.0
original,4,1,18,2.577838338216146,2.577838338216146,0.0,2.5309941577911377,2.5309941577911377,0.0
original,4,1,19,2.4142790603637696,2.4142790603637696,0.0,2.1959072081247966,2.1959072081247966,0.0
original,4,1,20,2.3855992952982583,2.3855992952982583,0.0,2.3457756996154786,2.3457756996154786,0.0
original,4,1,21,2.3247192096710205,2.3247192096710205,0.0,2.0975398953755695,2.0975398953755695,0.0
original,4,1,22,2.172215461730957,2.172215461730957,0.0,2.1328483231862387,2.1328483231862387,0.0
original,4,1,23,2.1487525590260823,2.1487525590260823,0.0,1.9489326477050781,1.9489326477050781,0.0
original,4,1,24,2.065833101272583,2.065833101272583,0.0,1.990272027651469,1.990272027651469,0.0
original,4,1,25,1.952710886001587,1.952710886001587,0.0,1.872233470280965,1.872233470280965,0.0
original,4,1,26,1.9267382526397705,1.9267382526397705,0.0,1.8698998928070067,1.8698998928070067,0.0
original,4,1,27,1.8134669621785482,1.8134669621785482,0.0,1.7414612356821697,1.7414612356821697,0.0
original,4,1,28,1.8517316722869872,1.8517316722869872,0.0,1.6932285896937052,1.6932285896937052,0.0
original,4,1,29,1.683415347735087,1.683415347735087,0.0,1.6388448651631673,1.6388448651631673,0.0
original,4,1,30,1.6885597117741902,1.6885597117741902,0.0,1.5899126863479613,1.5899126863479613,0.0
original,4,1,31,1.6918442805608114,1.6918442805608114,0.0,1.5502013794581095,1.5502013794581095,0.0
original,4,1,32,1.5810594797134399,1.5810594797134399,0.0,1.4921257019042968,1.4921257019042968,0.0
original,4,1,33,1.5344350878397623,1.5344350878397623,0.0,1.4801937500635782,1.4801937500635782,0.0
original,4,1,34,1.4721838124593098,1.4721838124593098,0.0,1.4233678340911866,1.4233678340911866,0.0
original,4,1,35,1.441136342684428,1.441136342684428,0.0,1.3765874099731445,1.3765874099731445,0.0
original,4,1,36,1.4610046180089316,1.4610046180089316,0.0,1.3617104037602743,1.3617104037602743,0.0
original,4,1,37,1.335410540898641,1.335410540898641,0.0,1.296954968770345,1.296954968770345,0.0
original,4,1,38,1.3413161849975586,1.3413161849975586,0.0,1.2917085075378418,1.2917085075378418,0.0
original,4,1,39,1.2763434505462647,1.2763434505462647,0.0,1.257655701637268,1.257655701637268,0.0
original,4,1,40,1.2790974505742392,1.2790974505742392,0.0,1.2343234093983968,1.2343234093983968,0.0
original,4,1,41,1.254047547976176,1.254047547976176,0.0,1.2495003445943196,1.2495003445943196,0.0
original,4,1,42,1.2087344566980998,1.2087344566980998,0.0,1.2241970332463583,1.2241970332463583,0.0
original,4,1,43,1.239223132133484,1.239223132133484,0.0,1.235869329770406,1.235869329770406,0.0
original,4,1,44,1.2539072736104329,1.2539072736104329,0.0,1.2069517151514688,1.2069517151514688,0.0
original,4,1,45,1.1690932655334472,1.1690932655334472,0.0,1.1534540510177613,1.1534540510177613,0.0
original,4,1,46,1.1776631832122804,1.1776631832122804,0.0,1.1288617245356243,1.1288617245356243,0.0
original,4,1,47,1.1055843544006347,1.1055843544006347,0.0,1.1154510561625164,1.1154510561625164,0.0
original,4,1,48,1.1102508274714151,1.1102508274714151,0.0,1.102803970972697,1.102803970972697,0.0
original,4,1,49,1.13126606464386,1.13126606464386,0.0,1.098688842455546,1.098688842455546,0.0
original,4,1,50,1.107957696914673,1.107957696914673,0.0,1.0955738639831543,1.0955738639831543,0.0
original,4,1,51,1.0572476514180502,1.0572476514180502,0.0,1.0696724319458009,1.0696724319458009,0.0
original,4,1,52,1.0745183483759562,1.0745183483759562,0.0,1.0578950436909993,1.0578950436909993,0.0
original,4,1,53,1.0537344360351562,1.0537344360351562,0.0,1.0378213866551718,1.0378213866551718,0.0
original,4,1,54,1.060694440205892,1.060694440205892,0.0,1.0355829016367595,1.0355829016367595,0.0
original,4,1,55,1.073221378326416,1.073221378326416,0.0,1.0413002506891886,1.0413002506891886,0.0
original,4,1,56,1.0115561111768088,1.0115561111768088,0.0,1.011223899523417,1.011223899523417,0.0
original,4,1,57,1.020397146542867,1.020397146542867,0.0,1.0072510480880736,1.0072510480880736,0.0
original,4,1,58,1.0374137862523396,1.0374137862523396,0.0,1.0030886872609457,1.0030886872609457,0.0
original,4,1,59,1.0017766618728638,1.0017766618728638,0.0,0.9955140924453736,0.9955140924453736,0.0
original,4,1,60,0.9731536316871643,0.9731536316871643,0.0,0.9856572087605794,0.9856572087605794,0.0
original,4,1,61,1.0231559244791666,1.0231559244791666,0.0,0.9801057847340902,0.9801057847340902,0.0
original,4,1,62,0.9697881778081258,0.9697881778081258,0.0,0.9677554003397624,0.9677554003397624,0.0
original,4,1,63,0.9548337459564209,0.9548337459564209,0.0,0.9592556444803874,0.9592556444803874,0.0
original,4,1,64,0.9592090479532878,0.9592090479532878,0.0,0.9691167640686035,0.9691167640686035,0.0
original,4,1,65,0.9572127946217854,0.9572127946217854,0.0,0.9616195106506348,0.9616195106506348,0.0
original,4,1,66,0.9480082352956136,0.9480082352956136,0.0,0.9547228908538818,0.9547228908538818,0.0
original,4,1,67,0.9375151801109314,0.9375151801109314,0.0,0.9519676192601522,0.9519676192601522,0.0
original,4,1,68,0.96809889793396,0.96809889793396,0.0,0.9409563191731771,0.9409563191731771,0.0
original,4,1,69,0.9330741834640502,0.9330741834640502,0.0,0.9367964299519856,0.9367964299519856,0.0
original,4,1,70,0.9376740002632141,0.9376740002632141,0.0,0.9259271510442098,0.9259271510442098,0.0
original,4,1,71,0.9214404733975728,0.9214404733975728,0.0,0.9114517474174499,0.9114517474174499,0.0
original,4,1,72,0.8982052262624105,0.8982052262624105,0.0,0.9145975859959921,0.9145975859959921,0.0
original,4,1,73,0.9304747422536214,0.9304747422536214,0.0,0.9100099190076192,0.9100099190076192,0.0
original,4,1,74,0.9110574150085449,0.9110574150085449,0.0,0.9135127274195353,0.9135127274195353,0.0
original,4,1,75,0.8841763440767924,0.8841763440767924,0.0,0.9048981738090515,0.9048981738090515,0.0
original,4,1,76,0.8892473570505778,0.8892473570505778,0.0,0.8926878770192465,0.8926878770192465,0.0
original,4,1,77,0.8905015055338542,0.8905015055338542,0.0,0.8957547148068746,0.8957547148068746,0.0
original,4,1,78,0.8837870113054911,0.8837870113054911,0.0,0.8851677783330282,0.8851677783330282,0.0
original,4,1,79,0.8960604246457418,0.8960604246457418,0.0,0.8851147270202637,0.8851147270202637,0.0
original,4,1,80,0.8744857803980509,0.8744857803980509,0.0,0.8737859241167705,0.8737859241167705,0.0
original,4,1,81,0.8578331287701925,0.8578331287701925,0.0,0.86285382827123,0.86285382827123,0.0
original,4,1,82,0.8665702398618063,0.8665702398618063,0.0,0.8711622420946757,0.8711622420946757,0.0
original,4,1,83,0.8655625255902608,0.8655625255902608,0.0,0.8685348256429036,0.8685348256429036,0.0
original,4,1,84,0.8545119460423788,0.8545119460423788,0.0,0.8556503160794576,0.8556503160794576,0.0
original,4,1,85,0.8594174337387085,0.8594174337387085,0.0,0.8627770249048868,0.8627770249048868,0.0
original,4,1,86,0.8526886828740438,0.8526886828740438,0.0,0.8497472476959228,0.8497472476959228,0.0
original,4,1,87,0.8421658253669739,0.8421658253669739,0.0,0.84589297691981,0.84589297691981,0.0
original,4,1,88,0.8381367905934651,0.8381367905934651,0.0,0.8350571123758952,0.8350571123758952,0.0
original,4,1,89,0.8340359004338582,0.8340359004338582,0.0,0.8382112463315328,0.8382112463315328,0.0
original,4,1,90,0.8387235633532206,0.8387235633532206,0.0,0.8411970361073812,0.8411970361073812,0.0
original,4,1,91,0.835676839351654,0.835676839351654,0.0,0.8283379459381104,0.8283379459381104,0.0
original,4,1,92,0.8340161267916362,0.8340161267916362,0.0,0.8332712467511495,0.8332712467511495,0.0
original,4,1,93,0.839034149646759,0.839034149646759,0.0,0.8359063943227132,0.8359063943227132,0.0
original,4,1,94,0.8351529932022095,0.8351529932022095,0.0,0.8221295777956644,0.8221295777956644,0.0
original,4,1,95,0.8108270788192748,0.8108270788192748,0.0,0.8226406407356263,0.8226406407356263,0.0
original,4,1,96,0.8240808939933777,0.8240808939933777,0.0,0.811634693145752,0.811634693145752,0.0
original,4,1,97,0.8068485546112061,0.8068485546112061,0.0,0.809265848795573,0.809265848795573,0.0
original,4,1,98,0.8126048103968302,0.8126048103968302,0.0,0.8013773973782857,0.8013773973782857,0.0
original,4,1,99,0.8061116631825765,0.8061116631825765,0.0,0.8066861693064372,0.8066861693064372,0.0
original,4,1,100,0.809939353466034,0.809939353466034,0.0,0.8039971550305685,0.8039971550305685,0.0
original,4,1,101,0.8101078311602274,0.8101078311602274,0.0,0.7972116152445475,0.7972116152445475,0.0
original,4,1,102,0.7988535213470459,0.7988535213470459,0.0,0.7964213387171427,0.7964213387171427,0.0
original,4,1,103,0.7931843996047974,0.7931843996047974,0.0,0.7917835458119711,0.7917835458119711,0.0
original,4,1,104,0.7919710040092468,0.7919710040092468,0.0,0.7913804586728413,0.7913804586728413,0.0
original,4,1,105,0.7966930866241455,0.7966930866241455,0.0,0.7902090915044149,0.7902090915044149,0.0
original,4,1,106,0.7898228168487549,0.7898228168487549,0.0,0.7854272949695588,0.7854272949695588,0.0
original,4,1,107,0.7840281414985657,0.7840281414985657,0.0,0.7865958925088247,0.7865958925088247,0.0
original,4,1,108,0.7913536127408346,0.7913536127408346,0.0,0.7833102635542551,0.7833102635542551,0.0
original,4,1,109,0.7856551289558411,0.7856551289558411,0.0,0.7911960371335347,0.7911960371335347,0.0
original,4,1,110,0.7864982469876607,0.7864982469876607,0.0,0.7814831169446309,0.7814831169446309,0.0
original,4,1,111,0.7842782354354858,0.7842782354354858,0.0,0.7853321655591329,0.7853321655591329,0.0
original,4,1,112,0.7802551253636678,0.7802551253636678,0.0,0.7824436171849569,0.7824436171849569,0.0
original,4,1,113,0.7753895123799642,0.7753895123799642,0.0,0.7804911871751149,0.7804911871751149,0.0
original,4,1,114,0.7772814655303955,0.7772814655303955,0.0,0.7779616638024648,0.7779616638024648,0.0
original,4,1,115,0.779141952196757,0.779141952196757,0.0,0.7753045701980591,0.7753045701980591,0.0
original,4,1,116,0.773592069943746,0.773592069943746,0.0,0.773904050985972,0.773904050985972,0.0
original,4,1,117,0.771803617477417,0.771803617477417,0.0,0.7733485003312429,0.7733485003312429,0.0
original,4,1,118,0.7680936439832051,0.7680936439832051,0.0,0.7795637877782186,0.7795637877782186,0.0
original,4,1,119,0.771157001654307,0.771157001654307,0.0,0.769722855091095,0.769722855091095,0.0
original,4,1,120,0.763905250231425,0.763905250231425,0.0,0.7666379833221435,0.7666379833221435,0.0
original,4,1,121,0.759268897374471,0.759268897374471,0.0,0.7684012607733408,0.7684012607733408,0.0
original,4,1,122,0.7682162419954935,0.7682162419954935,0.0,0.767724609375,0.767724609375,0.0
original,4,1,123,0.7704103350639343,0.7704103350639343,0.0,0.7800433508555095,0.7800433508555095,0.0
original,4,1,124,0.7726888640721639,0.7726888640721639,0.0,0.7663722507158915,0.7663722507158915,0.0
original,4,1,125,0.760748344262441,0.760748344262441,0.0,0.7551513147354126,0.7551513147354126,0.0
original,4,1,126,0.7631426548957825,0.7631426548957825,0.0,0.7627046398321787,0.7627046398321787,0.0
original,4,1,127,0.7790992069244385,0.7790992069244385,0.0,0.75883220632871,0.75883220632871,0.0
original,4,1,128,0.7678725616137186,0.7678725616137186,0.0,0.749818559885025,0.749818559885025,0.0
original,4,1,129,0.7575949064890544,0.7575949064890544,0.0,0.7621707646052043,0.7621707646052043,0.0
original,4,1,130,0.7604628388086955,0.7604628388086955,0.0,0.7554789292812347,0.7554789292812347,0.0
original,4,1,131,0.7547363964716594,0.7547363964716594,0.0,0.7612711878617605,0.7612711878617605,0.0
original,4,1,132,0.7596203462282817,0.7596203462282817,0.0,0.7566410406430563,0.7566410406430563,0.0
original,4,1,133,0.7659581812222799,0.7659581812222799,0.0,0.7568556213378906,0.7568556213378906,0.0
original,4,1,134,0.7705860296885173,0.7705860296885173,0.0,0.7580583286285401,0.7580583286285401,0.0
original,4,1,135,0.7604864009221395,0.7604864009221395,0.0,0.7650400865077972,0.7650400865077972,0.0
original,4,1,136,0.7622451329231262,0.7622451329231262,0.0,0.7591411638259887,0.7591411638259887,0.0
original,4,1,137,0.7558298985163371,0.7558298985163371,0.0,0.7703941162427267,0.7703941162427267,0.0
original,4,1,138,0.7713399346669515,0.7713399346669515,0.0,0.7551438168684641,0.7551438168684641,0.0
original,4,1,139,0.7710717860857645,0.7710717860857645,0.0,0.7470189273357392,0.7470189273357392,0.0
original,4,1,140,0.7593894481658936,0.7593894481658936,0.0,0.7483947026729584,0.7483947026729584,0.0
original,4,1,141,0.7492884850502014,0.7492884850502014,0.0,0.7497209139664968,0.7497209139664968,0.0
original,4,1,142,0.7685750253995259,0.7685750253995259,0.0,0.7416271412372589,0.7416271412372589,0.0
original,4,1,143,0.7578093496958415,0.7578093496958415,0.0,0.7375296048323313,0.7375296048323313,0.0
original,4,1,144,0.7550430258115133,0.7550430258115133,0.0,0.7379933043320974,0.7379933043320974,0.0
original,4,1,145,0.7477678759892782,0.7477678759892782,0.0,0.7272855079174042,0.7272855079174042,0.0
original,4,1,146,0.7386330501238505,0.7386330501238505,0.0,0.7193173885345459,0.7193173885345459,0.0
original,4,1,147,0.7429058798154196,0.7429058798154196,0.0,0.7622666235764821,0.7622666235764821,0.0
original,4,1,148,0.7608847769101461,0.7608847769101461,0.0,0.7279934171835581,0.7279934171835581,0.0
original,4,1,149,0.758922103246053,0.758922103246053,0.0,0.7235104751586914,0.7235104751586914,0.0
original,4,1,150,0.7527998248736064,0.7527998248736064,0.0,0.7235695660114289,0.7235695660114289,0.0
original,4,1,151,0.7656866017977396,0.7656866017977396,0.0,0.757612886428833,0.757612886428833,0.0
original,4,1,152,0.7352521069844564,0.7352521069844564,0.0,0.7153565474351247,0.7153565474351247,0.0
original,4,1,153,0.7402865242958069,0.7402865242958069,0.0,0.7298108371098836,0.7298108371098836,0.0
original,4,1,154,0.7350943279266358,0.7350943279266358,0.0,0.7413822555541992,0.7413822555541992,0.0
original,4,1,155,0.7406036218007406,0.7406036218007406,0.0,0.7231654834747314,0.7231654834747314,0.0
original,4,1,156,0.7565613110860189,0.7565613110860189,0.0,0.7033389703432719,0.7033389703432719,0.0
original,4,1,157,0.7358908073107402,0.7358908073107402,0.0,0.7071374849478403,0.7071374849478403,0.0
original,4,1,158,0.7337574370702108,0.7337574370702108,0.0,0.7202543807029724,0.7202543807029724,0.0
original,4,1,159,0.718761088848114,0.718761088848114,0.0,0.6955155913035075,0.6955155913035075,0.0
original,4,1,160,0.7268562340736389,0.7268562340736389,0.0,0.7239324037233988,0.7239324037233988,0.0
original,4,1,161,0.7350384640693665,0.7350384640693665,0.0,0.700455443461736,0.700455443461736,0.0
original,4,1,162,0.7093992487589518,0.7093992487589518,0.0,0.7029862844944,0.7029862844944,0.0
original,4,1,163,0.7466682434082031,0.7466682434082031,0.0,0.722865629196167,0.722865629196167,0.0
original,4,1,164,0.7320337406794231,0.7320337406794231,0.0,0.7213642692565918,0.7213642692565918,0.0
original,4,1,165,0.7236035911242167,0.7236035911242167,0.0,0.7048752442995707,0.7048752442995707,0.0
original,4,1,166,0.7378862635294596,0.7378862635294596,0.0,0.7006227831045787,0.7006227831045787,0.0
original,4,1,167,0.7362874269485473,0.7362874269485473,0.0,0.6884345986445745,0.6884345986445745,0.0
original,4,1,168,0.7466219178835551,0.7466219178835551,0.0,0.7033333865801493,0.7033333865801493,0.0
original,4,1,169,0.7175937477747599,0.7175937477747599,0.0,0.7024473377068837,0.7024473377068837,0.0
original,4,1,170,0.7061176339785258,0.7061176339785258,0.0,0.6965845886866252,0.6965845886866252,0.0
original,4,1,171,0.723813825448354,0.723813825448354,0.0,0.6936901370684306,0.6936901370684306,0.0
original,4,1,172,0.7349958324432373,0.7349958324432373,0.0,0.7005569823582967,0.7005569823582967,0.0
original,4,1,173,0.7336774643262227,0.7336774643262227,0.0,0.6957960460583369,0.6957960460583369,0.0
original,4,1,174,0.7368128712972005,0.7368128712972005,0.0,0.6841468816995621,0.6841468816995621,0.0
original,4,1,175,0.7136188205083211,0.7136188205083211,0.0,0.6801298952102661,0.6801298952102661,0.0
original,4,1,176,0.7391433183352153,0.7391433183352153,0.0,0.7180273429552714,0.7180273429552714,0.0
original,4,1,177,0.7422775554656983,0.7422775554656983,0.0,0.7048936289548874,0.7048936289548874,0.0
original,4,1,178,0.7345995887120564,0.7345995887120564,0.0,0.7063020020723343,0.7063020020723343,0.0
original,4,1,179,0.7209216276804606,0.7209216276804606,0.0,0.6824556821584702,0.6824556821584702,0.0
original,4,1,180,0.7345631329218546,0.7345631329218546,0.0,0.716685388882955,0.716685388882955,0.0
original,4,1,181,0.7578098432223002,0.7578098432223002,0.0,0.6944739003976186,0.6944739003976186,0.0
original,4,1,182,0.7085411230723063,0.7085411230723063,0.0,0.6820283341407776,0.6820283341407776,0.0
original,4,1,183,0.6906744654973348,0.6906744654973348,0.0,0.6642957957585652,0.6642957957585652,0.0
original,4,1,184,0.7012453643480937,0.7012453643480937,0.0,0.6783135382334391,0.6783135382334391,0.0
original,4,1,185,0.7048531985282898,0.7048531985282898,0.0,0.6764602472384771,0.6764602472384771,0.0
original,4,1,186,0.7096472581227621,0.7096472581227621,0.0,0.6870778044064839,0.6870778044064839,0.0
original,4,1,187,0.6890337443351746,0.6890337443351746,0.0,0.6989462049802144,0.6989462049802144,0.0
original,4,1,188,0.7037842790285747,0.7037842790285747,0.0,0.6830841475725173,0.6830841475725173,0.0
original,4,1,189,0.6999847912788391,0.6999847912788391,0.0,0.6617889906962713,0.6617889906962713,0.0
original,4,1,190,0.7085418430964152,0.7085418430964152,0.0,0.658103253642718,0.658103253642718,0.0
original,4,1,191,0.7288054394721984,0.7288054394721984,0.0,0.6634931655724844,0.6634931655724844,0.0
original,4,1,192,0.689086844921112,0.689086844921112,0.0,0.6355542896191279,0.6355542896191279,0.0
original,4,1,193,0.6606046239535014,0.6606046239535014,0.0,0.6431212772925695,0.6431212772925695,0.0
original,4,1,194,0.7080390564600627,0.7080390564600627,0.0,0.7148070667187373,0.7148070667187373,0.0
original,4,1,195,0.6628131572405497,0.6628131572405497,0.0,0.6673603723446528,0.6673603723446528,0.0
original,4,1,196,0.6974276113510132,0.6974276113510132,0.0,0.6720868490139643,0.6720868490139643,0.0
original,4,1,197,0.6987566335995992,0.6987566335995992,0.0,0.6317703751722972,0.6317703751722972,0.0
original,4,1,198,0.6706361476580301,0.6706361476580301,0.0,0.6219724069039027,0.6219724069039027,0.0
original,4,1,199,0.664559424718221,0.664559424718221,0.0,0.6343564532200495,0.6343564532200495,0.0
original,4,1,200,0.672281896273295,0.672281896273295,0.0,0.6394432572523753,0.6394432572523753,0.0
original,4,1,201,0.6999633447329203,0.6999633447329203,0.0,0.6452568115790686,0.6452568115790686,0.0
original,4,1,202,0.658782130877177,0.658782130877177,0.0,0.6274423654874166,0.6274423654874166,0.0
original,4,1,203,0.6427579506238301,0.6427579506238301,0.0,0.6493159822622935,0.6493159822622935,0.0
original,4,1,204,0.7000200891494751,0.7000200891494751,0.0,0.6410365488131841,0.6410365488131841,0.0
original,4,1,205,0.6628824742635091,0.6628824742635091,0.0,0.6255250507593155,0.6255250507593155,0.0
original,4,1,206,0.7094000840187072,0.7094000840187072,0.0,0.6328415230909983,0.6328415230909983,0.0
original,4,1,207,0.6697359371185303,0.6697359371185303,0.0,0.6317635218302409,0.6317635218302409,0.0
original,4,1,208,0.746458355585734,0.746458355585734,0.0,0.6614295043547949,0.6614295043547949,0.0
original,4,1,209,0.6745107491811116,0.6745107491811116,0.0,0.6492746122678121,0.6492746122678121,0.0
original,4,1,210,0.6716926264762878,0.6716926264762878,0.0,0.6607433338960012,0.6607433338960012,0.0
original,4,1,211,0.7603393840789795,0.7603393840789795,0.0,0.6940518522262573,0.6940518522262573,0.0
original,4,1,212,0.6939000296592712,0.6939000296592712,0.0,0.6888143841425578,0.6888143841425578,0.0
original,4,1,213,0.7340107957522074,0.7340107957522074,0.0,0.7107899483044943,0.7107899483044943,0.0
original,4,1,214,0.7588662815093994,0.7588662815093994,0.0,0.7307407593727112,0.7307407593727112,0.0
original,4,1,215,0.7667342050870259,0.7667342050870259,0.0,0.7242217512925466,0.7242217512925466,0.0
original,4,1,216,0.7570902434984843,0.7570902434984843,0.0,0.701715033253034,0.701715033253034,0.0
original,4,1,217,0.7678743529319764,0.7678743529319764,0.0,0.7051251260439555,0.7051251260439555,0.0
original,4,1,218,0.7354930289586386,0.7354930289586386,0.0,0.7154984802007676,0.7154984802007676,0.0
original,4,1,219,0.7400456269582113,0.7400456269582113,0.0,0.7649415113528569,0.7649415113528569,0.0
original,4,1,220,0.7620479488372802,0.7620479488372802,0.0,0.733909026781718,0.733909026781718,0.0
original,4,1,221,0.7175038329760234,0.7175038329760234,0.0,0.7544868858655294,0.7544868858655294,0.0
original,4,1,222,0.7574226768811544,0.7574226768811544,0.0,0.7692550053199132,0.7692550053199132,0.0
original,4,1,223,0.779222199122111,0.779222199122111,0.0,0.7414828950166702,0.7414828950166702,0.0
original,4,1,224,0.7989312616984049,0.7989312616984049,0.0,0.773769109249115,0.773769109249115,0.0
original,4,1,225,0.7886267566680908,0.7886267566680908,0.0,0.7632277256250382,0.7632277256250382,0.0
original,4,1,226,0.806697289943695,0.806697289943695,0.0,0.7803555691242218,0.7803555691242218,0.0
original,4,1,227,0.8067160940170288,0.8067160940170288,0.0,0.7729550464948018,0.7729550464948018,0.0
original,4,1,228,0.7917474699020386,0.7917474699020386,0.0,0.7847908095518747,0.7847908095518747,0.0
original,4,1,229,0.7989695159594218,0.7989695159594218,0.0,0.771214620868365,0.771214620868365,0.0
original,4,1,230,0.7726694830258687,0.7726694830258687,0.0,0.7769489963849385,0.7769489963849385,0.0
original,4,1,231,0.8004320216178894,0.8004320216178894,0.0,0.8062125454346339,0.8062125454346339,0.0
original,4,1,232,0.7590293502807617,0.7590293502807617,0.0,0.8234179423252741,0.8234179423252741,0.0
original,4,1,233,0.8039368144671122,0.8039368144671122,0.0,0.8361035404602687,0.8361035404602687,0.0
original,4,1,234,0.8018834161758422,0.8018834161758422,0.0,0.798471690217654,0.798471690217654,0.0
original,4,1,235,0.8162339464823405,0.8162339464823405,0.0,0.7878179132938385,0.7878179132938385,0.0
original,4,1,236,0.7845288999875386,0.7845288999875386,0.0,0.7759301209449768,0.7759301209449768,0.0
original,4,1,237,0.7753464396794637,0.7753464396794637,0.0,0.8028524041175842,0.8028524041175842,0.0
original,4,1,238,0.7721759422620138,0.7721759422620138,0.0,0.7950515657663345,0.7950515657663345,0.0
original,4,1,239,0.7900062656402588,0.7900062656402588,0.0,0.7925002805391947,0.7925002805391947,0.0
original,4,1,240,0.7667908263206482,0.7667908263206482,0.0,0.792703561981519,0.792703561981519,0.0
original,4,1,241,0.7660212167104086,0.7660212167104086,0.0,0.7537280698617299,0.7537280698617299,0.0
original,4,1,242,0.7851485737164815,0.7851485737164815,0.0,0.7339474435647328,0.7339474435647328,0.0
original,4,1,243,0.7683339301745097,0.7683339301745097,0.0,0.7586834994951884,0.7586834994951884,0.0
original,4,1,244,0.756282696723938,0.756282696723938,0.0,0.771945349574089,0.771945349574089,0.0
original,4,1,245,0.7494907450675964,0.7494907450675964,0.0,0.777103865146637,0.777103865146637,0.0
original,4,1,246,0.7472841890652975,0.7472841890652975,0.0,0.7320306946833929,0.7320306946833929,0.0
original,4,1,247,0.7373156682650248,0.7373156682650248,0.0,0.7060865286986033,0.7060865286986033,0.0
original,4,1,248,0.7334684618314107,0.7334684618314107,0.0,0.6829064011573791,0.6829064011573791,0.0
original,4,1,249,0.7328679903348287,0.7328679903348287,0.0,0.7081967188914617,0.7081967188914617,0.0
original,4,1,250,0.7239134605725607,0.7239134605725607,0.0,0.7237391181786855,0.7237391181786855,0.0
original,4,1,251,0.7142595378557841,0.7142595378557841,0.0,0.6728403170903524,0.6728403170903524,0.0
original,4,1,252,0.725721743106842,0.725721743106842,0.0,0.6868616024653117,0.6868616024653117,0.0
original,4,1,253,0.7004215248425801,0.7004215248425801,0.0,0.6822298645973206,0.6822298645973206,0.0
original,4,1,254,0.7213572319348653,0.7213572319348653,0.0,0.7004382447401682,0.7004382447401682,0.0
original,4,1,255,0.7065768750508626,0.7065768750508626,0.0,0.6879829460382462,0.6879829460382462,0.0
original,4,1,256,0.6946060721079509,0.6946060721079509,0.0,0.6759099086125692,0.6759099086125692,0.0
original,4,1,257,0.7010295184453329,0.7010295184453329,0.0,0.6754699953397115,0.6754699953397115,0.0
original,4,1,258,0.6866919366518657,0.6866919366518657,0.0,0.6530060372749964,0.6530060372749964,0.0
original,4,1,259,0.7024794793128968,0.7024794793128968,0.0,0.700619331796964,0.700619331796964,0.0
original,4,1,260,0.6848333112398783,0.6848333112398783,0.0,0.6403723804155985,0.6403723804155985,0.0
original,4,1,261,0.6756064979235331,0.6756064979235331,0.0,0.6462541727224985,0.6462541727224985,0.0
original,4,1,262,0.6685082864761352,0.6685082864761352,0.0,0.6332317167520523,0.6332317167520523,0.0
original,4,1,263,0.6903004296620687,0.6903004296620687,0.0,0.6364846342802047,0.6364846342802047,0.0
original,4,1,264,0.657942271232605,0.657942271232605,0.0,0.6209951033194859,0.6209951033194859,0.0
original,4,1,265,0.688576492468516,0.688576492468516,0.0,0.6472308586041132,0.6472308586041132,0.0
original,4,1,266,0.6569349892934163,0.6569349892934163,0.0,0.6329877529541651,0.6329877529541651,0.0
original,4,1,267,0.6514066433906556,0.6514066433906556,0.0,0.6566249330838522,0.6566249330838522,0.0
original,4,1,268,0.6452753988901774,0.6452753988901774,0.0,0.6184284353256225,0.6184284353256225,0.0
original,4,1,269,0.6481249984105428,0.6481249984105428,0.0,0.6381015678246816,0.6381015678246816,0.0
original,4,1,270,0.661131321589152,0.661131321589152,0.0,0.6746687491734823,0.6746687491734823,0.0
original,4,1,271,0.647817923227946,0.647817923227946,0.0,0.6082057297229767,0.6082057297229767,0.0
original,4,1,272,0.6464115349451701,0.6464115349451701,0.0,0.6120639169216155,0.6120639169216155,0.0
original,4,1,273,0.6397311536471049,0.6397311536471049,0.0,0.6532579829295476,0.6532579829295476,0.0
original,4,1,274,0.6536555131276448,0.6536555131276448,0.0,0.6160219345490138,0.6160219345490138,0.0
original,4,1,275,0.6379504267374675,0.6379504267374675,0.0,0.6197980056206386,0.6197980056206386,0.0
original,4,1,276,0.6329057105382283,0.6329057105382283,0.0,0.5839363410075505,0.5839363410075505,0.0
original,4,1,277,0.6349283679326375,0.6349283679326375,0.0,0.5955081703265508,0.5955081703265508,0.0
original,4,1,278,0.62956711769104,0.62956711769104,0.0,0.5922444148858388,0.5922444148858388,0.0
original,4,1,279,0.6495895719528199,0.6495895719528199,0.0,0.6217275281747182,0.6217275281747182,0.0
original,4,1,280,0.6543217372894287,0.6543217372894287,0.0,0.63427851776282,0.63427851776282,0.0
original,4,1,281,0.6336922939618429,0.6336922939618429,0.0,0.6517985568443934,0.6517985568443934,0.0
original,4,1,282,0.6286940248807271,0.6286940248807271,0.0,0.6150444187720616,0.6150444187720616,0.0
original,4,1,283,0.6388113983472188,0.6388113983472188,0.0,0.6045059788227082,0.6045059788227082,0.0
original,4,1,284,0.646982266108195,0.646982266108195,0.0,0.6722416440645854,0.6722416440645854,0.0
original,4,1,285,0.6329739967981974,0.6329739967981974,0.0,0.6481084642807643,0.6481084642807643,0.0
original,4,1,286,0.6233782911300659,0.6233782911300659,0.0,0.6219986257950465,0.6219986257950465,0.0
original,4,1,287,0.6352672282854716,0.6352672282854716,0.0,0.6087410553296407,0.6087410553296407,0.0
original,4,1,288,0.6283713944753011,0.6283713944753011,0.0,0.5953286465009053,0.5953286465009053,0.0
original,4,1,289,0.6183772071202596,0.6183772071202596,0.0,0.5894388469060262,0.5894388469060262,0.0
original,4,1,290,0.6206752777099609,0.6206752777099609,0.0,0.5870268434286118,0.5870268434286118,0.0
original,4,1,291,0.6360762206713358,0.6360762206713358,0.0,0.6058485756317774,0.6058485756317774,0.0
original,4,1,292,0.6340756527582805,0.6340756527582805,0.0,0.6157675222555796,0.6157675222555796,0.0
original,4,1,293,0.6237572439511617,0.6237572439511617,0.0,0.6215142412980398,0.6215142412980398,0.0
original,4,1,294,0.617507692972819,0.617507692972819,0.0,0.5896812951564789,0.5896812951564789,0.0
original,4,1,295,0.6255222702026367,0.6255222702026367,0.0,0.6021781475345294,0.6021781475345294,0.0
original,4,1,296,0.6085092147191365,0.6085092147191365,0.0,0.5692698646585147,0.5692698646585147,0.0
original,4,1,297,0.6192792884508769,0.6192792884508769,0.0,0.5831127606829007,0.5831127606829007,0.0
original,4,1,298,0.6266367761294047,0.6266367761294047,0.0,0.5995503019293149,0.5995503019293149,0.0
original,4,1,299,0.6223211963971456,0.6223211963971456,0.0,0.6139996007084847,0.6139996007084847,0.0
original,4,1,300,0.608779772122701,0.608779772122701,0.0,0.6546600552399954,0.6546600552399954,0.0
original,4,1,301,0.6093554719289144,0.6093554719289144,0.0,0.5805983185768128,0.5805983185768128,0.0
original,4,1,302,0.5899944051106771,0.5899944051106771,0.0,0.5802251283327738,0.5802251283327738,0.0
original,4,1,303,0.6059348646799724,0.6059348646799724,0.0,0.613672769566377,0.613672769566377,0.0
original,4,1,304,0.6119140847524007,0.6119140847524007,0.0,0.5681049011150996,0.5681049011150996,0.0
original,4,1,305,0.6008753339449565,0.6008753339449565,0.0,0.5885527094205221,0.5885527094205221,0.0
original,4,1,306,0.6109368054072062,0.6109368054072062,0.0,0.6103956018884976,0.6103956018884976,0.0
original,4,1,307,0.6036444918314616,0.6036444918314616,0.0,0.5727834850549698,0.5727834850549698,0.0
original,4,1,308,0.5978965028127035,0.5978965028127035,0.0,0.5724779538313548,0.5724779538313548,0.0
original,4,1,309,0.5990754449367524,0.5990754449367524,0.0,0.5777492330471674,0.5777492330471674,0.0
original,4,1,310,0.5992104919751485,0.5992104919751485,0.0,0.5792754765351613,0.5792754765351613,0.0
original,4,1,311,0.6205358163515726,0.6205358163515726,0.0,0.5794701440135638,0.5794701440135638,0.0
original,4,1,312,0.5867452573776245,0.5867452573776245,0.0,0.5488491478562355,0.5488491478562355,0.0
original,4,1,313,0.5821366397539774,0.5821366397539774,0.0,0.5528191055854161,0.5528191055854161,0.0
original,4,1,314,0.5894636861483256,0.5894636861483256,0.0,0.6105129064122836,0.6105129064122836,0.0
original,4,1,315,0.6152446516354879,0.6152446516354879,0.0,0.5640411952137947,0.5640411952137947,0.0
original,4,1,316,0.5840087191263834,0.5840087191263834,0.0,0.547697765827179,0.547697765827179,0.0
original,4,1,317,0.5700040165583292,0.5700040165583292,0.0,0.5532855646808942,0.5532855646808942,0.0
original,4,1,318,0.598710850874583,0.598710850874583,0.0,0.5634180005391439,0.5634180005391439,0.0
original,4,1,319,0.5701711869239807,0.5701711869239807,0.0,0.5512192183732987,0.5512192183732987,0.0
original,4,1,320,0.5674746338526407,0.5674746338526407,0.0,0.5381784307956695,0.5381784307956695,0.0
original,4,1,321,0.5540551789601644,0.5540551789601644,0.0,0.5422055591146151,0.5422055591146151,0.0
original,4,1,322,0.574470980167389,0.574470980167389,0.0,0.5504908769329389,0.5504908769329389,0.0
original,4,1,323,0.5816449515024821,0.5816449515024821,0.0,0.5496020464102427,0.5496020464102427,0.0
original,4,1,324,0.5644841130574544,0.5644841130574544,0.0,0.548273579676946,0.548273579676946,0.0
original,4,1,325,0.565677350362142,0.565677350362142,0.0,0.5335923073689143,0.5335923073689143,0.0
original,4,1,326,0.5562077029546102,0.5562077029546102,0.0,0.5205430845419566,0.5205430845419566,0.0
original,4,1,327,0.5652167256673177,0.5652167256673177,0.0,0.5464391519625982,0.5464391519625982,0.0
original,4,1,328,0.5700154423713684,0.5700154423713684,0.0,0.5559323981404305,0.5559323981404305,0.0
original,4,1,329,0.5534752591451009,0.5534752591451009,0.0,0.5219103184342384,0.5219103184342384,0.0
original,4,1,330,0.5496947860717774,0.5496947860717774,0.0,0.5507397297024726,0.5507397297024726,0.0
original,4,1,331,0.5658238442738851,0.5658238442738851,0.0,0.5422234871983528,0.5422234871983528,0.0
original,4,1,332,0.5399898838996887,0.5399898838996887,0.0,0.5124933403730393,0.5124933403730393,0.0
original,4,1,333,0.568919042746226,0.568919042746226,0.0,0.5583391658465068,0.5583391658465068,0.0
original,4,1,334,0.5632338388760885,0.5632338388760885,0.0,0.5418534045418103,0.5418534045418103,0.0
original,4,1,335,0.5396499538421631,0.5396499538421631,0.0,0.5238758250077565,0.5238758250077565,0.0
original,4,1,336,0.5395206952095032,0.5395206952095032,0.0,0.5092630479733149,0.5092630479733149,0.0
original,4,1,337,0.5359920350710551,0.5359920350710551,0.0,0.5175559437274933,0.5175559437274933,0.0
original,4,1,338,0.5418016930421193,0.5418016930421193,0.0,0.5206929012139638,0.5206929012139638,0.0
original,4,1,339,0.5184392706553141,0.5184392706553141,0.0,0.5153465195496877,0.5153465195496877,0.0
original,4,1,340,0.5407708072662354,0.5407708072662354,0.0,0.5021988638242085,0.5021988638242085,0.0
original,4,1,341,0.5348084131876628,0.5348084131876628,0.0,0.5196950644254684,0.5196950644254684,0.0
original,4,1,342,0.5308053811391195,0.5308053811391195,0.0,0.4996394472320875,0.4996394472320875,0.0
original,4,1,343,0.535925677617391,0.535925677617391,0.0,0.5323533404866855,0.5323533404866855,0.0
original,4,1,344,0.5250064317385356,0.5250064317385356,0.0,0.5025903926293055,0.5025903926293055,0.0
original,4,1,345,0.5175160376230875,0.5175160376230875,0.0,0.4907489365339279,0.4907489365339279,0.0
original,4,1,346,0.5071506094932556,0.5071506094932556,0.0,0.5174919634064039,0.5174919634064039,0.0
original,4,1,347,0.4997094551722209,0.4997094551722209,0.0,0.5086281011501949,0.5086281011501949,0.0
original,4,1,348,0.5113915642102559,0.5113915642102559,0.0,0.4734904976685842,0.4734904976685842,0.0
original,4,1,349,0.5049390741189321,0.5049390741189321,0.0,0.4894701779882113,0.4894701779882113,0.0
original,4,1,350,0.520764520963033,0.520764520963033,0.0,0.5333173739910125,0.5333173739910125,0.0
original,4,1,351,0.4955550074577332,0.4955550074577332,0.0,0.48802663962046305,0.48802663962046305,0.0
original,4,1,352,0.5159364541371664,0.5159364541371664,0.0,0.501930416226387,0.501930416226387,0.0
original,4,1,353,0.5085615134239196,0.5085615134239196,0.0,0.4900830713907878,0.4900830713907878,0.0
original,4,1,354,0.49560299396514895,0.49560299396514895,0.0,0.4634475922584534,0.4634475922584534,0.0
original,4,1,355,0.501263526280721,0.501263526280721,0.0,0.4962066775560379,0.4962066775560379,0.0
original,4,1,356,0.5038591957092285,0.5038591957092285,0.0,0.5094769064585368,0.5094769064585368,0.0
original,4,1,357,0.4731901264190674,0.4731901264190674,0.0,0.46015193293492,0.46015193293492,0.0
original,4,1,358,0.4951412049929301,0.4951412049929301,0.0,0.4913207069039345,0.4913207069039345,0.0
original,4,1,359,0.49636799573898316,0.49636799573898316,0.0,0.4756986979643504,0.4756986979643504,0.0
original,4,1,360,0.48839439074198404,0.48839439074198404,0.0,0.46878018498420715,0.46878018498420715,0.0
original,4,1,361,0.4879331664244334,0.4879331664244334,0.0,0.47613063514232634,0.47613063514232634,0.0
original,4,1,362,0.47670140703519187,0.47670140703519187,0.0,0.4925667257110278,0.4925667257110278,0.0
original,4,1,363,0.48219753861427306,0.48219753861427306,0.0,0.4778637949625651,0.4778637949625651,0.0
original,4,1,364,0.49154446919759115,0.49154446919759115,0.0,0.46907757967710495,0.46907757967710495,0.0
original,4,1,365,0.48128323515256244,0.48128323515256244,0.0,0.46065703183412554,0.46065703183412554,0.0
original,4,1,366,0.46870419224103294,0.46870419224103294,0.0,0.4770927915970484,0.4770927915970484,0.0
original,4,1,367,0.4929915761947632,0.4929915761947632,0.0,0.4742999906341235,0.4742999906341235,0.0
original,4,1,368,0.475620307524999,0.475620307524999,0.0,0.4561817264556885,0.4561817264556885,0.0
original,4,1,369,0.46266560872395834,0.46266560872395834,0.0,0.4585507373015086,0.4585507373015086,0.0
original,4,1,370,0.46171937306722005,0.46171937306722005,0.0,0.4634088542064031,0.4634088542064031,0.0
original,4,1,371,0.4571981986363729,0.4571981986363729,0.0,0.4606725323200226,0.4606725323200226,0.0
original,4,1,372,0.4646292746067047,0.4646292746067047,0.0,0.45805302808682125,0.45805302808682125,0.0
original,4,1,373,0.48961979111035664,0.48961979111035664,0.0,0.45803127805391947,0.45803127805391947,0.0
original,4,1,374,0.45763270258903505,0.45763270258903505,0.0,0.4463044917583466,0.4463044917583466,0.0
original,4,1,375,0.47001588662465416,0.47001588662465416,0.0,0.4429472902417183,0.4429472902417183,0.0
original,4,1,376,0.47196489413579307,0.47196489413579307,0.0,0.4595923513174057,0.4595923513174057,0.0
original,4,1,377,0.4531303850809733,0.4531303850809733,0.0,0.43949603776137036,0.43949603776137036,0.0
original,4,1,378,0.45219680269559226,0.45219680269559226,0.0,0.4386470385392507,0.4386470385392507,0.0
original,4,1,379,0.4510415017604828,0.4510415017604828,0.0,0.43832920491695404,0.43832920491695404,0.0
original,4,1,380,0.4485160426298777,0.4485160426298777,0.0,0.4267358934879303,0.4267358934879303,0.0
original,4,1,381,0.4808272902170817,0.4808272902170817,0.0,0.48297259757916133,0.48297259757916133,0.0
original,4,1,382,0.4425597341855367,0.4425597341855367,0.0,0.43708793699741366,0.43708793699741366,0.0
original,4,1,383,0.47824111064275104,0.47824111064275104,0.0,0.4812026039759318,0.4812026039759318,0.0
original,4,1,384,0.45066776235898337,0.45066776235898337,0.0,0.4343565140167872,0.4343565140167872,0.0
original,4,1,385,0.4453626052538554,0.4453626052538554,0.0,0.43476650953292845,0.43476650953292845,0.0
original,4,1,386,0.44468724807103477,0.44468724807103477,0.0,0.4436328255136808,0.4436328255136808,0.0
original,4,1,387,0.4567326561609904,0.4567326561609904,0.0,0.4448835642139117,0.4448835642139117,0.0
original,4,1,388,0.4633938841025035,0.4633938841025035,0.0,0.43465047240257265,0.43465047240257265,0.0
original,4,1,389,0.44176507552464805,0.44176507552464805,0.0,0.42865931351979575,0.42865931351979575,0.0
original,4,1,390,0.44917256792386373,0.44917256792386373,0.0,0.4504668441414833,0.4504668441414833,0.0
original,4,1,391,0.45531193335851033,0.45531193335851033,0.0,0.43878769656022387,0.43878769656022387,0.0
original,4,1,392,0.45407467961311343,0.45407467961311343,0.0,0.4338247495889664,0.4338247495889664,0.0
original,4,1,393,0.4617020956675212,0.4617020956675212,0.0,0.4431995685895284,0.4431995685895284,0.0
original,4,1,394,0.46042100350062054,0.46042100350062054,0.0,0.4215841597318649,0.4215841597318649,0.0
original,4,1,395,0.4553444929917653,0.4553444929917653,0.0,0.4302425070603689,0.4302425070603689,0.0
original,4,1,396,0.44782549937566124,0.44782549937566124,0.0,0.42659557461738584,0.42659557461738584,0.0
original,4,1,397,0.4693084955215454,0.4693084955215454,0.0,0.4544822289546331,0.4544822289546331,0.0
original,4,1,398,0.45582584659258524,0.45582584659258524,0.0,0.43233985056479773,0.43233985056479773,0.0
original,4,1,399,0.4372734721501668,0.4372734721501668,0.0,0.42329992989699045,0.42329992989699045,0.0
original,4,1,400,0.46488969047864276,0.46488969047864276,0.0,0.4263872807224592,0.4263872807224592,0.0
original,4,1,401,0.4676428461074829,0.4676428461074829,0.0,0.4339034754037857,0.4339034754037857,0.0
original,4,1,402,0.4426029125849406,0.4426029125849406,0.0,0.4327072275678317,0.4327072275678317,0.0
original,4,1,403,0.4553817776838938,0.4553817776838938,0.0,0.4317877726753553,0.4317877726753553,0.0
original,4,1,404,0.4667295968532562,0.4667295968532562,0.0,0.43818099667628607,0.43818099667628607,0.0
original,4,1,405,0.4461447377999624,0.4461447377999624,0.0,0.41843528985977174,0.41843528985977174,0.0
original,4,1,406,0.4576592501004537,0.4576592501004537,0.0,0.423327804505825,0.423327804505825,0.0
original,4,1,407,0.45597198804219563,0.45597198804219563,0.0,0.41519496033589043,0.41519496033589043,0.0
original,4,1,408,0.4738098422686259,0.4738098422686259,0.0,0.43822344223658244,0.43822344223658244,0.0
original,4,1,409,0.48386772950490314,0.48386772950490314,0.0,0.45013657361269,0.45013657361269,0.0
original,4,1,410,0.4661348017056783,0.4661348017056783,0.0,0.4284485246737798,0.4284485246737798,0.0
original,4,1,411,0.45689023574193316,0.45689023574193316,0.0,0.44249634553988776,0.44249634553988776,0.0
original,4,1,412,0.4424980453650157,0.4424980453650157,0.0,0.4550632926821709,0.4550632926821709,0.0
original,4,1,413,0.4872182782491048,0.4872182782491048,0.0,0.45680463751157124,0.45680463751157124,0.0
original,4,1,414,0.4602427049477895,0.4602427049477895,0.0,0.4239503233631452,0.4239503233631452,0.0
original,4,1,415,0.46220865289370217,0.46220865289370217,0.0,0.43756092151006065,0.43756092151006065,0.0
original,4,1,416,0.4624499062697093,0.4624499062697093,0.0,0.49174677312374115,0.49174677312374115,0.0
original,4,1,417,0.4738831357161204,0.4738831357161204,0.0,0.4429950964450836,0.4429950964450836,0.0
original,4,1,418,0.4566697645187378,0.4566697645187378,0.0,0.43257900605599087,0.43257900605599087,0.0
original,4,1,419,0.4527422078450521,0.4527422078450521,0.0,0.4332601667443911,0.4332601667443911,0.0
original,4,1,420,0.4740588899453481,0.4740588899453481,0.0,0.4309853560725848,0.4309853560725848,0.0
original,4,1,421,0.46333874384562174,0.46333874384562174,0.0,0.434480230708917,0.434480230708917,0.0
original,4,1,422,0.46207563161849974,0.46207563161849974,0.0,0.42787204424540204,0.42787204424540204,0.0
original,4,1,423,0.4437588961919149,0.4437588961919149,0.0,0.43500502238670985,0.43500502238670985,0.0
original,4,1,424,0.4443147873878479,0.4443147873878479,0.0,0.42579633106788,0.42579633106788,0.0
original,4,1,425,0.4654313453038533,0.4654313453038533,0.0,0.44509561856587726,0.44509561856587726,0.0
original,4,1,426,0.4592465118567149,0.4592465118567149,0.0,0.455421346227328,0.455421346227328,0.0
original,4,1,427,0.4657067855199178,0.4657067855199178,0.0,0.4082962868611018,0.4082962868611018,0.0
original,4,1,428,0.45228917876879376,0.45228917876879376,0.0,0.4255747010310491,0.4255747010310491,0.0
original,4,1,429,0.44757062633832295,0.44757062633832295,0.0,0.43840273668368657,0.43840273668368657,0.0
original,4,1,430,0.4580027135213216,0.4580027135213216,0.0,0.4282383112112681,0.4282383112112681,0.0
original,4,1,431,0.4537473968664805,0.4537473968664805,0.0,0.40402139008045196,0.40402139008045196,0.0
original,4,1,432,0.4631756341457367,0.4631756341457367,0.0,0.445401005645593,0.445401005645593,0.0
original,4,1,433,0.42441957155863447,0.42441957155863447,0.0,0.4049039875467618,0.4049039875467618,0.0
original,4,1,434,0.4526993461449941,0.4526993461449941,0.0,0.42570926576852797,0.42570926576852797,0.0
original,4,1,435,0.44822638034820556,0.44822638034820556,0.0,0.48892649918794634,0.48892649918794634,0.0
original,4,1,436,0.446832404534022,0.446832404534022,0.0,0.4140057247877121,0.4140057247877121,0.0
original,4,1,437,0.44082515319188437,0.44082515319188437,0.0,0.41167876799901326,0.41167876799901326,0.0
original,4,1,438,0.4607168757915497,0.4607168757915497,0.0,0.42812700688838956,0.42812700688838956,0.0
original,4,1,439,0.43444662491480507,0.43444662491480507,0.0,0.4368032046159108,0.4368032046159108,0.0
original,4,1,440,0.46933894634246826,0.46933894634246826,0.0,0.4422534572084745,0.4422534572084745,0.0
original,4,1,441,0.4405785409609477,0.4405785409609477,0.0,0.4225084619720777,0.4225084619720777,0.0
original,4,1,442,0.44210548241933184,0.44210548241933184,0.0,0.4217661559581757,0.4217661559581757,0.0
original,4,1,443,0.45320010582605996,0.45320010582605996,0.0,0.4817688104510307,0.4817688104510307,0.0
original,4,1,444,0.414934374888738,0.414934374888738,0.0,0.4089615908265114,0.4089615908265114,0.0
original,4,1,445,0.45121134678522745,0.45121134678522745,0.0,0.4093014268080393,0.4093014268080393,0.0
original,4,1,446,0.43971603870391845,0.43971603870391845,0.0,0.4005823950966199,0.4005823950966199,0.0
original,4,1,447,0.40994330803553264,0.40994330803553264,0.0,0.4145581375559171,0.4145581375559171,0.0
original,4,1,448,0.44737716992696125,0.44737716992696125,0.0,0.4200117563207944,0.4200117563207944,0.0
original,4,1,449,0.4438017169634501,0.4438017169634501,0.0,0.435988340874513,0.435988340874513,0.0
original,4,1,450,0.4300671370824178,0.4300671370824178,0.0,0.4672460494438807,0.4672460494438807,0.0
original,4,1,451,0.42076144337654114,0.42076144337654114,0.0,0.405514424542586,0.405514424542586,0.0
original,4,1,452,0.42424204587936404,0.42424204587936404,0.0,0.45997843364874524,0.45997843364874524,0.0
original,4,1,453,0.42693773984909056,0.42693773984909056,0.0,0.3934574987490972,0.3934574987490972,0.0
original,4,1,454,0.4091881608963013,0.4091881608963013,0.0,0.392256365219752,0.392256365219752,0.0
original,4,1,455,0.41079038778940835,0.41079038778940835,0.0,0.3865608117977778,0.3865608117977778,0.0
original,4,1,456,0.42816138664881387,0.42816138664881387,0.0,0.3806309958299001,0.3806309958299001,0.0
original,4,1,457,0.4271792348225911,0.4271792348225911,0.0,0.38200001905361813,0.38200001905361813,0.0
original,4,1,458,0.4437534729639689,0.4437534729639689,0.0,0.4292474594712257,0.4292474594712257,0.0
original,4,1,459,0.40902748783429466,0.40902748783429466,0.0,0.3909189334511757,0.3909189334511757,0.0
original,4,1,460,0.42820398847262064,0.42820398847262064,0.0,0.4047111564874649,0.4047111564874649,0.0
original,4,1,461,0.44355338176091513,0.44355338176091513,0.0,0.3815504520138105,0.3815504520138105,0.0
original,4,1,462,0.42506255547205607,0.42506255547205607,0.0,0.4037745013833046,0.4037745013833046,0.0
original,4,1,463,0.4301627000172933,0.4301627000172933,0.0,0.3855183387796084,0.3855183387796084,0.0
original,4,1,464,0.417641917069753,0.417641917069753,0.0,0.3847832019130389,0.3847832019130389,0.0
original,4,1,465,0.4054990351200104,0.4054990351200104,0.0,0.38106927355130515,0.38106927355130515,0.0
original,4,1,466,0.38309874176979064,0.38309874176979064,0.0,0.3516388589143753,0.3516388589143753,0.0
original,4,1,467,0.3951472028096517,0.3951472028096517,0.0,0.35983591347932814,0.35983591347932814,0.0
original,4,1,468,0.3875988415877024,0.3875988415877024,0.0,0.37112021883328755,0.37112021883328755,0.0
original,4,1,469,0.3733693011601766,0.3733693011601766,0.0,0.3685561713576317,0.3685561713576317,0.0
original,4,1,470,0.4342964323361715,0.4342964323361715,0.0,0.37265298664569857,0.37265298664569857,0.0
original,4,1,471,0.42777247150739034,0.42777247150739034,0.0,0.36610061486562095,0.36610061486562095,0.0
original,4,1,472,0.3937491790453593,0.3937491790453593,0.0,0.36635579546292624,0.36635579546292624,0.0
original,4,1,473,0.3832490305105845,0.3832490305105845,0.0,0.3595543423295021,0.3595543423295021,0.0
original,4,1,474,0.37615921497344973,0.37615921497344973,0.0,0.35289186795552574,0.35289186795552574,0.0
original,4,1,475,0.3708699071407318,0.3708699071407318,0.0,0.34106332858403526,0.34106332858403526,0.0
original,4,1,476,0.38120267987251283,0.38120267987251283,0.0,0.3569996330142021,0.3569996330142021,0.0
original,4,1,477,0.3808729636669159,0.3808729636669159,0.0,0.3880619019269943,0.3880619019269943,0.0
original,4,1,478,0.3989469798405965,0.3989469798405965,0.0,0.38520182053248087,0.38520182053248087,0.0
original,4,1,479,0.39062695026397704,0.39062695026397704,0.0,0.3554061406850815,0.3554061406850815,0.0
original,4,1,480,0.41690990527470906,0.41690990527470906,0.0,0.3782852240403493,0.3782852240403493,0.0
original,4,1,481,0.37517674525578815,0.37517674525578815,0.0,0.3669054745634397,0.3669054745634397,0.0
original,4,1,482,0.3983579969406128,0.3983579969406128,0.0,0.4058820776144664,0.4058820776144664,0.0
original,4,1,483,0.3969543409347534,0.3969543409347534,0.0,0.37215137759844463,0.37215137759844463,0.0
original,4,1,484,0.4152630309263865,0.4152630309263865,0.0,0.35876308689514796,0.35876308689514796,0.0
original,4,1,485,0.36518296917279564,0.36518296917279564,0.0,0.3507926476001739,0.3507926476001739,0.0
original,4,1,486,0.4074746906757355,0.4074746906757355,0.0,0.3390991659959157,0.3390991659959157,0.0
original,4,1,487,0.38344509800275167,0.38344509800275167,0.0,0.3366464408238729,0.3366464408238729,0.0
original,4,1,488,0.3688325003782908,0.3688325003782908,0.0,0.32630644033352535,0.32630644033352535,0.0
original,4,1,489,0.3790012510617574,0.3790012510617574,0.0,0.31950677116711934,0.31950677116711934,0.0
original,4,1,490,0.3643883172671,0.3643883172671,0.0,0.32794681668281556,0.32794681668281556,0.0
original,4,1,491,0.3608537650108337,0.3608537650108337,0.0,0.33360131780306496,0.33360131780306496,0.0
original,4,1,492,0.38040722409884137,0.38040722409884137,0.0,0.34529315114021303,0.34529315114021303,0.0
original,4,1,493,0.3456241770585378,0.3456241770585378,0.0,0.32450182845195136,0.32450182845195136,0.0
original,4,1,494,0.3655750608444214,0.3655750608444214,0.0,0.3330706924200058,0.3330706924200058,0.0
original,4,1,495,0.3669113560517629,0.3669113560517629,0.0,0.3684737566113472,0.3684737566113472,0.0
original,4,1,496,0.3558463660875956,0.3558463660875956,0.0,0.35784784108400347,0.35784784108400347,0.0
original,4,1,497,0.36586042126019797,0.36586042126019797,0.0,0.3442122123638789,0.3442122123638789,0.0
original,4,1,498,0.40633710702260334,0.40633710702260334,0.0,0.3367435352007548,0.3367435352007548,0.0
original,4,1,499,0.39581602811813354,0.39581602811813354,0.0,0.3861297771334648,0.3861297771334648,0.0
original,4,1,500,0.377493398586909,0.377493398586909,0.0,0.3407263078292211,0.3407263078292211,0.0
original,4,2,1,2.789683592605591,2.789683592605591,0.0,2.61807837638855,2.61807837638855,0.0
original,4,2,2,2.6073933368682862,2.6073933368682862,0.0,2.4244267623901368,2.4244267623901368,0.0
original,4,2,3,2.41650578994751,2.41650578994751,0.0,2.261552991485596,2.261552991485596,0.0
original,4,2,4,2.2858216808319094,2.2858216808319094,0.0,2.1490157966613768,2.1490157966613768,0.0
original,4,2,5,2.157748878097534,2.157748878097534,0.0,2.033436470794678,2.033436470794678,0.0
original,4,2,6,1.9849418586730958,1.9849418586730958,0.0,1.8749458637237548,1.8749458637237548,0.0
original,4,2,7,1.8638644065856933,1.8638644065856933,0.0,1.9078742462158202,1.9078742462158202,0.0
original,4,2,8,1.7814691257476807,1.7814691257476807,0.0,1.8038999948501586,1.8038999948501586,0.0
original,4,2,9,1.6792305070877076,1.6792305070877076,0.0,1.7551028551101684,1.7551028551101684,0.0
original,4,2,10,1.618422731399536,1.618422731399536,0.0,1.508917484855652,1.508917484855652,0.0
original,4,2,11,1.5230293697357178,1.5230293697357178,0.0,1.466776032447815,1.466776032447815,0.0
original,4,2,12,1.443651326560974,1.443651326560974,0.0,1.4290181591033935,1.4290181591033935,0.0
original,4,2,13,1.3830621015548705,1.3830621015548705,0.0,1.4082484851837158,1.4082484851837158,0.0
original,4,2,14,1.3224015588760376,1.3224015588760376,0.0,1.2949575286865234,1.2949575286865234,0.0
original,4,2,15,1.267550727081299,1.267550727081299,0.0,1.271755055809021,1.271755055809021,0.0
original,4,2,16,1.247102049255371,1.247102049255371,0.0,1.189305517578125,1.189305517578125,0.0
original,4,2,17,1.205009326171875,1.205009326171875,0.0,1.2552868394851684,1.2552868394851684,0.0
original,4,2,18,1.1634935968399047,1.1634935968399047,0.0,1.1299797838211059,1.1299797838211059,0.0
original,4,2,19,1.1258287446975708,1.1258287446975708,0.0,1.1588711597442627,1.1588711597442627,0.0
original,4,2,20,1.1157531599044799,1.1157531599044799,0.0,1.0829496158599854,1.0829496158599854,0.0
original,4,2,21,1.0766430549621582,1.0766430549621582,0.0,1.0816692119598388,1.0816692119598388,0.0
original,4,2,22,1.0534374589920044,1.0534374589920044,0.0,1.02681325340271,1.02681325340271,0.0
original,4,2,23,1.025998051548004,1.025998051548004,0.0,1.0097835132598878,1.0097835132598878,0.0
original,4,2,24,1.0243500608444214,1.0243500608444214,0.0,0.9979172460556031,0.9979172460556031,0.0
original,4,2,25,0.9891465534210205,0.9891465534210205,0.0,0.9820896926879883,0.9820896926879883,0.0
original,4,2,26,0.996160175895691,0.996160175895691,0.0,0.9540240413665771,0.9540240413665771,0.0
original,4,2,27,0.9598777323722839,0.9598777323722839,0.0,0.9408028209686279,0.9408028209686279,0.0
original,4,2,28,0.9431479904174804,0.9431479904174804,0.0,0.9296415216445922,0.9296415216445922,0.0
original,4,2,29,0.9372245369911194,0.9372245369911194,0.0,0.908781743812561,0.908781743812561,0.0
original,4,2,30,0.9316335858345032,0.9316335858345032,0.0,0.9739087341308593,0.9739087341308593,0.0
original,4,2,31,0.940697895526886,0.940697895526886,0.0,0.9100130582809448,0.9100130582809448,0.0
original,4,2,32,0.9117371274948121,0.9117371274948121,0.0,0.882529193687439,0.882529193687439,0.0
original,4,2,33,0.9042858854293824,0.9042858854293824,0.0,0.873257342338562,0.873257342338562,0.0
original,4,2,34,0.9050150379180908,0.9050150379180908,0.0,0.8643139465332031,0.8643139465332031,0.0
original,4,2,35,0.8929086103439331,0.8929086103439331,0.0,0.9321519601821899,0.9321519601821899,0.0
original,4,2,36,0.8999243712425232,0.8999243712425232,0.0,0.8426240699768066,0.8426240699768066,0.0
original,4,2,37,0.8713201553344726,0.8713201553344726,0.0,0.8443409107208252,0.8443409107208252,0.0
original,4,2,38,0.8735953533172608,0.8735953533172608,0.0,0.8496556777954102,0.8496556777954102,0.0
original,4,2,39,0.8697620816230774,0.8697620816230774,0.0,0.82997206325531,0.82997206325531,0.0
original,4,2,40,0.8682029099464417,0.8682029099464417,0.0,0.8334820365905762,0.8334820365905762,0.0
original,4,2,41,0.8817384670257569,0.8817384670257569,0.0,0.8328542026519775,0.8328542026519775,0.0
original,4,2,42,0.8498748390197753,0.8498748390197753,0.0,0.8189881664276123,0.8189881664276123,0.0
original,4,2,43,0.8612599437713623,0.8612599437713623,0.0,0.872303600692749,0.872303600692749,0.0
original,4,2,44,0.8573139360427856,0.8573139360427856,0.0,0.8041175281524658,0.8041175281524658,0.0
original,4,2,45,0.8290511355400085,0.8290511355400085,0.0,0.8686118577957154,0.8686118577957154,0.0
original,4,2,46,0.8429215181350708,0.8429215181350708,0.0,0.8475693153381347,0.8475693153381347,0.0
original,4,2,47,0.8312101934432984,0.8312101934432984,0.0,0.8149349588394165,0.8149349588394165,0.0
original,4,2,48,0.8488853447914123,0.8488853447914123,0.0,0.8412019884109497,0.8412019884109497,0.0
original,4,2,49,0.8215547175407409,0.8215547175407409,0.0,0.8161562788009643,0.8161562788009643,0.0
original,4,2,50,0.809680091381073,0.809680091381073,0.0,0.8414717603683471,0.8414717603683471,0.0
original,4,2,51,0.8325581160545349,0.8325581160545349,0.0,0.8368440937042236,0.8368440937042236,0.0
original,4,2,52,0.8065039651870728,0.8065039651870728,0.0,0.8004481031417847,0.8004481031417847,0.0
original,4,2,53,0.804715013885498,0.804715013885498,0.0,0.8151589826583863,0.8151589826583863,0.0
original,4,2,54,0.8115248668670654,0.8115248668670654,0.0,0.8042725450515747,0.8042725450515747,0.0
original,4,2,55,0.8237576975822448,0.8237576975822448,0.0,0.791491337966919,0.791491337966919,0.0
original,4,2,56,0.8069622258186341,0.8069622258186341,0.0,0.7855999912261963,0.7855999912261963,0.0
original,4,2,57,0.8224904739379882,0.8224904739379882,0.0,0.8036874771118164,0.8036874771118164,0.0
original,4,2,58,0.8317464399337768,0.8317464399337768,0.0,0.8575363258361817,0.8575363258361817,0.0
original,4,2,59,0.8219908544540405,0.8219908544540405,0.0,0.8140414058685302,0.8140414058685302,0.0
original,4,2,60,0.8160337089538574,0.8160337089538574,0.0,0.7875895635604858,0.7875895635604858,0.0
original,4,2,61,0.8212190057754517,0.8212190057754517,0.0,0.8124929550170898,0.8124929550170898,0.0
original,4,2,62,0.7953650628089904,0.7953650628089904,0.0,0.7531721199035645,0.7531721199035645,0.0
original,4,2,63,0.7741286401748657,0.7741286401748657,0.0,0.7740686109542847,0.7740686109542847,0.0
original,4,2,64,0.7848801091194153,0.7848801091194153,0.0,0.7845960912704468,0.7845960912704468,0.0
original,4,2,65,0.7965333618164062,0.7965333618164062,0.0,0.771568661403656,0.771568661403656,0.0
original,4,2,66,0.7879119420051575,0.7879119420051575,0.0,0.8073989568710327,0.8073989568710327,0.0
original,4,2,67,0.8064869247436524,0.8064869247436524,0.0,0.8115097790718079,0.8115097790718079,0.0
original,4,2,68,0.8037789025306702,0.8037789025306702,0.0,0.7524615962982177,0.7524615962982177,0.0
original,4,2,69,0.7955618165016174,0.7955618165016174,0.0,0.7850471263885498,0.7850471263885498,0.0
original,4,2,70,0.7912467698097229,0.7912467698097229,0.0,0.7578333338737487,0.7578333338737487,0.0
original,4,2,71,0.7908469228744507,0.7908469228744507,0.0,0.7560997227668762,0.7560997227668762,0.0
original,4,2,72,0.798882100391388,0.798882100391388,0.0,0.7710885807991028,0.7710885807991028,0.0
original,4,2,73,0.7725265276908875,0.7725265276908875,0.0,0.7824024568557739,0.7824024568557739,0.0
original,4,2,74,0.8146974606513977,0.8146974606513977,0.0,0.7562963478088379,0.7562963478088379,0.0
original,4,2,75,0.7892898948669433,0.7892898948669433,0.0,0.7551654957771301,0.7551654957771301,0.0
original,4,2,76,0.7898032529830933,0.7898032529830933,0.0,0.7857259162902832,0.7857259162902832,0.0
original,4,2,77,0.7818899518013,0.7818899518013,0.0,0.7443208132743836,0.7443208132743836,0.0
original,4,2,78,0.7702650233268737,0.7702650233268737,0.0,0.7344781944274902,0.7344781944274902,0.0
original,4,2,79,0.7592806042671204,0.7592806042671204,0.0,0.7701798916816711,0.7701798916816711,0.0
original,4,2,80,0.7651364846229554,0.7651364846229554,0.0,0.7366513317108154,0.7366513317108154,0.0
original,4,2,81,0.773591540813446,0.773591540813446,0.0,0.7714666850090027,0.7714666850090027,0.0
original,4,2,82,0.765632799911499,0.765632799911499,0.0,0.7457056837081909,0.7457056837081909,0.0
original,4,2,83,0.7874930830001831,0.7874930830001831,0.0,0.7475376142501831,0.7475376142501831,0.0
original,4,2,84,0.7812711515426636,0.7812711515426636,0.0,0.7251913712501525,0.7251913712501525,0.0
original,4,2,85,0.7688884893417358,0.7688884893417358,0.0,0.7342181232452393,0.7342181232452393,0.0
original,4,2,86,0.7773226841926575,0.7773226841926575,0.0,0.7688049295425415,0.7688049295425415,0.0
original,4,2,87,0.7627390493392945,0.7627390493392945,0.0,0.7466566175460816,0.7466566175460816,0.0
original,4,2,88,0.7628261417388916,0.7628261417388916,0.0,0.7412971925735473,0.7412971925735473,0.0
original,4,2,89,0.7746598763465882,0.7746598763465882,0.0,0.7287001131057739,0.7287001131057739,0.0
original,4,2,90,0.7675070353507996,0.7675070353507996,0.0,0.7633947442054748,0.7633947442054748,0.0
original,4,2,91,0.7765213158607482,0.7765213158607482,0.0,0.7518897611618042,0.7518897611618042,0.0
original,4,2,92,0.7583101231575012,0.7583101231575012,0.0,0.7464850695610047,0.7464850695610047,0.0
original,4,2,93,0.7582444744110107,0.7582444744110107,0.0,0.7386855851173401,0.7386855851173401,0.0
original,4,2,94,0.766502527332306,0.766502527332306,0.0,0.7352763900756836,0.7352763900756836,0.0
original,4,2,95,0.7381330774307251,0.7381330774307251,0.0,0.7331812753677368,0.7331812753677368,0.0
original,4,2,96,0.7547952390670777,0.7547952390670777,0.0,0.7282563403129577,0.7282563403129577,0.0
original,4,2,97,0.7570374011993408,0.7570374011993408,0.0,0.735785415649414,0.735785415649414,0.0
original,4,2,98,0.7513099357604981,0.7513099357604981,0.0,0.7225317109107972,0.7225317109107972,0.0
original,4,2,99,0.7415876445770264,0.7415876445770264,0.0,0.7232144415855408,0.7232144415855408,0.0
original,4,2,100,0.7585662068367004,0.7585662068367004,0.0,0.7627023045539856,0.7627023045539856,0.0
original,4,2,101,0.743836057472229,0.743836057472229,0.0,0.7543033075332641,0.7543033075332641,0.0
original,4,2,102,0.7419762102127075,0.7419762102127075,0.0,0.7218241730690003,0.7218241730690003,0.0
original,4,2,103,0.7547743341445923,0.7547743341445923,0.0,0.7206632809638978,0.7206632809638978,0.0
original,4,2,104,0.7361453862190247,0.7361453862190247,0.0,0.7228246531486511,0.7228246531486511,0.0
original,4,2,105,0.7429767660140991,0.7429767660140991,0.0,0.709716042804718,0.709716042804718,0.0
original,4,2,106,0.7288467747688293,0.7288467747688293,0.0,0.7357864567756652,0.7357864567756652,0.0
original,4,2,107,0.7310220405578614,0.7310220405578614,0.0,0.7140114204406738,0.7140114204406738,0.0
original,4,2,108,0.714890780544281,0.714890780544281,0.0,0.7149242923736572,0.7149242923736572,0.0
original,4,2,109,0.7521428586006165,0.7521428586006165,0.0,0.7397587087631226,0.7397587087631226,0.0
original,4,2,110,0.7442227560997009,0.7442227560997009,0.0,0.7440760976791382,0.7440760976791382,0.0
original,4,2,111,0.7450617572784424,0.7450617572784424,0.0,0.7375413075447083,0.7375413075447083,0.0
original,4,2,112,0.7255822303771973,0.7255822303771973,0.0,0.7280177262306213,0.7280177262306213,0.0
original,4,2,113,0.7653541768074036,0.7653541768074036,0.0,0.7477331143379211,0.7477331143379211,0.0
original,4,2,114,0.7458862849235535,0.7458862849235535,0.0,0.7204477184295655,0.7204477184295655,0.0
original,4,2,115,0.7184773413658142,0.7184773413658142,0.0,0.7198273864746094,0.7198273864746094,0.0
original,4,2,116,0.7364126209259033,0.7364126209259033,0.0,0.7190208352088928,0.7190208352088928,0.0
original,4,2,117,0.7346431862831115,0.7346431862831115,0.0,0.750486159324646,0.750486159324646,0.0
original,4,2,118,0.7540597472190856,0.7540597472190856,0.0,0.7508233882904053,0.7508233882904053,0.0
original,4,2,119,0.7326453000068665,0.7326453000068665,0.0,0.7368233810424805,0.7368233810424805,0.0
original,4,2,120,0.7507184247970581,0.7507184247970581,0.0,0.7528198618888855,0.7528198618888855,0.0
original,4,2,121,0.7482817427635193,0.7482817427635193,0.0,0.7313851771354676,0.7313851771354676,0.0
original,4,2,122,0.7204379587173462,0.7204379587173462,0.0,0.7610088723182679,0.7610088723182679,0.0
original,4,2,123,0.7393326901435852,0.7393326901435852,0.0,0.7330738348007202,0.7330738348007202,0.0
original,4,2,124,0.7291141683578491,0.7291141683578491,0.0,0.7326340766906738,0.7326340766906738,0.0
original,4,2,125,0.7416561339378357,0.7416561339378357,0.0,0.7224537578582764,0.7224537578582764,0.0
original,4,2,126,0.7193553354263306,0.7193553354263306,0.0,0.7274551956176758,0.7274551956176758,0.0
original,4,2,127,0.7311344039916993,0.7311344039916993,0.0,0.7250296143531799,0.7250296143531799,0.0
original,4,2,128,0.7249046684265137,0.7249046684265137,0.0,0.7289990947723388,0.7289990947723388,0.0
original,4,2,129,0.7336468877792358,0.7336468877792358,0.0,0.746890719795227,0.746890719795227,0.0
original,4,2,130,0.7264256423950195,0.7264256423950195,0.0,0.7257353882789612,0.7257353882789612,0.0
original,4,2,131,0.7359148868560791,0.7359148868560791,0.0,0.717169384765625,0.717169384765625,0.0
original,4,2,132,0.7216813616752624,0.7216813616752624,0.0,0.7306459987640381,0.7306459987640381,0.0
original,4,2,133,0.7200781271934509,0.7200781271934509,0.0,0.7166469992637634,0.7166469992637634,0.0
original,4,2,134,0.714862208366394,0.714862208366394,0.0,0.7013045362472534,0.7013045362472534,0.0
original,4,2,135,0.7372316987037658,0.7372316987037658,0.0,0.713436751461029,0.713436751461029,0.0
original,4,2,136,0.7248468431472779,0.7248468431472779,0.0,0.71469336643219,0.71469336643219,0.0
original,4,2,137,0.7082753090858459,0.7082753090858459,0.0,0.7098448947906494,0.7098448947906494,0.0
original,4,2,138,0.7310563993453979,0.7310563993453979,0.0,0.7070766880035401,0.7070766880035401,0.0
original,4,2,139,0.7273796364784241,0.7273796364784241,0.0,0.6970723811149597,0.6970723811149597,0.0
original,4,2,140,0.7207890459060668,0.7207890459060668,0.0,0.724731808757782,0.724731808757782,0.0
original,4,2,141,0.7381182021141052,0.7381182021141052,0.0,0.709140368938446,0.709140368938446,0.0
original,4,2,142,0.7150945425033569,0.7150945425033569,0.0,0.70443415184021,0.70443415184021,0.0
original,4,2,143,0.7309348222732543,0.7309348222732543,0.0,0.7129594552993774,0.7129594552993774,0.0
original,4,2,144,0.7263369814872742,0.7263369814872742,0.0,0.7094261961936951,0.7094261961936951,0.0
original,4,2,145,0.7313552121162414,0.7313552121162414,0.0,0.7023817496299744,0.7023817496299744,0.0
original,4,2,146,0.7136398950576782,0.7136398950576782,0.0,0.728516582775116,0.728516582775116,0.0
original,4,2,147,0.725549095249176,0.725549095249176,0.0,0.7327512948036193,0.7327512948036193,0.0
original,4,2,148,0.7345382058143616,0.7345382058143616,0.0,0.7093473330497742,0.7093473330497742,0.0
original,4,2,149,0.7400574850082398,0.7400574850082398,0.0,0.7088567288398743,0.7088567288398743,0.0
original,4,2,150,0.7457728969573975,0.7457728969573975,0.0,0.7032948175430298,0.7032948175430298,0.0
original,4,2,151,0.7157112743377686,0.7157112743377686,0.0,0.7127858415603637,0.7127858415603637,0.0
original,4,2,152,0.7254391381263733,0.7254391381263733,0.0,0.703366568183899,0.703366568183899,0.0
original,4,2,153,0.6903173459053039,0.6903173459053039,0.0,0.7001739497184754,0.7001739497184754,0.0
original,4,2,154,0.7141924715995789,0.7141924715995789,0.0,0.7061295530319214,0.7061295530319214,0.0
original,4,2,155,0.7260463703155517,0.7260463703155517,0.0,0.7082330339431763,0.7082330339431763,0.0
original,4,2,156,0.717370793914795,0.717370793914795,0.0,0.703169728755951,0.703169728755951,0.0
original,4,2,157,0.702822421169281,0.702822421169281,0.0,0.7027970129966736,0.7027970129966736,0.0
original,4,2,158,0.7003772487640381,0.7003772487640381,0.0,0.7040908210754394,0.7040908210754394,0.0
original,4,2,159,0.7271568101882935,0.7271568101882935,0.0,0.7073546947479248,0.7073546947479248,0.0
original,4,2,160,0.7183757691383362,0.7183757691383362,0.0,0.7178136082649231,0.7178136082649231,0.0
original,4,2,161,0.7196026889801025,0.7196026889801025,0.0,0.7171290910720826,0.7171290910720826,0.0
original,4,2,162,0.7150910494804382,0.7150910494804382,0.0,0.7101110747337341,0.7101110747337341,0.0
original,4,2,163,0.7126335698127747,0.7126335698127747,0.0,0.7026364542007446,0.7026364542007446,0.0
original,4,2,164,0.7195148215293884,0.7195148215293884,0.0,0.7038694105148315,0.7038694105148315,0.0
original,4,2,165,0.704203267288208,0.704203267288208,0.0,0.7016400871276856,0.7016400871276856,0.0
original,4,2,166,0.7178604825019836,0.7178604825019836,0.0,0.6962159778594971,0.6962159778594971,0.0
original,4,2,167,0.7103126190185547,0.7103126190185547,0.0,0.6992551872253417,0.6992551872253417,0.0
original,4,2,168,0.7210662495613098,0.7210662495613098,0.0,0.7204864553451538,0.7204864553451538,0.0
original,4,2,169,0.7622355347633362,0.7622355347633362,0.0,0.7050095013618469,0.7050095013618469,0.0
original,4,2,170,0.7060487729072571,0.7060487729072571,0.0,0.6978355131149292,0.6978355131149292,0.0
original,4,2,171,0.7279359090805053,0.7279359090805053,0.0,0.7129252362251282,0.7129252362251282,0.0
original,4,2,172,0.7281775676727295,0.7281775676727295,0.0,0.7093621178627014,0.7093621178627014,0.0
original,4,2,173,0.7200534579277038,0.7200534579277038,0.0,0.6978708142280579,0.6978708142280579,0.0
original,4,2,174,0.7077417423248291,0.7077417423248291,0.0,0.6976300217628479,0.6976300217628479,0.0
original,4,2,175,0.7299352018356323,0.7299352018356323,0.0,0.7122582934379578,0.7122582934379578,0.0
original,4,2,176,0.7233607518196106,0.7233607518196106,0.0,0.6985729579925537,0.6985729579925537,0.0
original,4,2,177,0.7178685276031495,0.7178685276031495,0.0,0.7006451796531677,0.7006451796531677,0.0
original,4,2,178,0.7271432579994201,0.7271432579994201,0.0,0.6950457834243774,0.6950457834243774,0.0
original,4,2,179,0.7050256300926209,0.7050256300926209,0.0,0.7119415694236756,0.7119415694236756,0.0
original,4,2,180,0.7032240283966065,0.7032240283966065,0.0,0.7077802826881409,0.7077802826881409,0.0
original,4,2,181,0.7383185609817505,0.7383185609817505,0.0,0.7058242561340332,0.7058242561340332,0.0
original,4,2,182,0.7236552855491638,0.7236552855491638,0.0,0.6997501395225525,0.6997501395225525,0.0
original,4,2,183,0.7064165713310242,0.7064165713310242,0.0,0.7023472036361694,0.7023472036361694,0.0
original,4,2,184,0.6992537906646729,0.6992537906646729,0.0,0.7098818639755249,0.7098818639755249,0.0
original,4,2,185,0.7142645771980286,0.7142645771980286,0.0,0.6939774909973144,0.6939774909973144,0.0
original,4,2,186,0.7142339373588562,0.7142339373588562,0.0,0.6973432205200195,0.6973432205200195,0.0
original,4,2,187,0.7237159057617187,0.7237159057617187,0.0,0.7165150042533874,0.7165150042533874,0.0
original,4,2,188,0.7201197431564331,0.7201197431564331,0.0,0.7107696667671204,0.7107696667671204,0.0
original,4,2,189,0.7281755512237549,0.7281755512237549,0.0,0.7085932227134705,0.7085932227134705,0.0
original,4,2,190,0.7188329735755921,0.7188329735755921,0.0,0.7002509620666504,0.7002509620666504,0.0
original,4,2,191,0.6989450098037719,0.6989450098037719,0.0,0.7018058856964111,0.7018058856964111,0.0
original,4,2,192,0.7256404737472534,0.7256404737472534,0.0,0.6980955289840698,0.6980955289840698,0.0
original,4,2,193,0.7099859214782714,0.7099859214782714,0.0,0.7070494170188903,0.7070494170188903,0.0
original,4,2,194,0.6890395757675171,0.6890395757675171,0.0,0.7052370703697205,0.7052370703697205,0.0
original,4,2,195,0.726508074760437,0.726508074760437,0.0,0.7158389219284058,0.7158389219284058,0.0
original,4,2,196,0.7021962831497193,0.7021962831497193,0.0,0.6951601244926453,0.6951601244926453,0.0
original,4,2,197,0.6932092214584351,0.6932092214584351,0.0,0.7032672875404358,0.7032672875404358,0.0
original,4,2,198,0.7172339360237121,0.7172339360237121,0.0,0.6996653172492981,0.6996653172492981,0.0
original,4,2,199,0.713595825099945,0.713595825099945,0.0,0.712626420879364,0.712626420879364,0.0
original,4,2,200,0.7252227643966674,0.7252227643966674,0.0,0.7236127283096313,0.7236127283096313,0.0
original,4,2,201,0.7086838105201722,0.7086838105201722,0.0,0.7021093066215515,0.7021093066215515,0.0
original,4,2,202,0.7199927114486694,0.7199927114486694,0.0,0.7117695033073426,0.7117695033073426,0.0
original,4,2,203,0.716024994468689,0.716024994468689,0.0,0.7014052518844605,0.7014052518844605,0.0
original,4,2,204,0.6979449138641357,0.6979449138641357,0.0,0.7076345837593079,0.7076345837593079,0.0
original,4,2,205,0.7073904981613159,0.7073904981613159,0.0,0.7066145833969116,0.7066145833969116,0.0
original,4,2,206,0.7334878542900085,0.7334878542900085,0.0,0.688889115524292,0.688889115524292,0.0
original,4,2,207,0.7128148293495178,0.7128148293495178,0.0,0.6963550427436829,0.6963550427436829,0.0
original,4,2,208,0.7040436825752259,0.7040436825752259,0.0,0.7152565900802612,0.7152565900802612,0.0
original,4,2,209,0.717786991596222,0.717786991596222,0.0,0.7240184058189392,0.7240184058189392,0.0
original,4,2,210,0.7005298836708069,0.7005298836708069,0.0,0.6991750454902649,0.6991750454902649,0.0
original,4,2,211,0.7153806247711182,0.7153806247711182,0.0,0.6991981291770935,0.6991981291770935,0.0
original,4,2,212,0.695651909160614,0.695651909160614,0.0,0.6824116207122802,0.6824116207122802,0.0
original,4,2,213,0.7045771046638489,0.7045771046638489,0.0,0.7099825770378113,0.7099825770378113,0.0
original,4,2,214,0.7338202929496765,0.7338202929496765,0.0,0.6927734280586243,0.6927734280586243,0.0
original,4,2,215,0.7064277636528015,0.7064277636528015,0.0,0.7061998135566712,0.7061998135566712,0.0
original,4,2,216,0.7158547699928284,0.7158547699928284,0.0,0.7129625211715698,0.7129625211715698,0.0
original,4,2,217,0.7301539101600647,0.7301539101600647,0.0,0.6939296577453613,0.6939296577453613,0.0
original,4,2,218,0.705778368473053,0.705778368473053,0.0,0.6967378953933716,0.6967378953933716,0.0
original,4,2,219,0.7299920833587646,0.7299920833587646,0.0,0.7044958770751953,0.7044958770751953,0.0
original,4,2,220,0.730665001487732,0.730665001487732,0.0,0.702817564201355,0.702817564201355,0.0
original,4,2,221,0.7132629396438599,0.7132629396438599,0.0,0.6855973980903626,0.6855973980903626,0.0
original,4,2,222,0.707598238658905,0.707598238658905,0.0,0.6864024524688721,0.6864024524688721,0.0
original,4,2,223,0.7288011547088623,0.7288011547088623,0.0,0.7025192742347717,0.7025192742347717,0.0
original,4,2,224,0.7237851404190063,0.7237851404190063,0.0,0.7023542234420777,0.7023542234420777,0.0
original,4,2,225,0.7126351569175721,0.7126351569175721,0.0,0.7128330933570862,0.7128330933570862,0.0
original,4,2,226,0.7063492777824402,0.7063492777824402,0.0,0.7211215399742127,0.7211215399742127,0.0
original,4,2,227,0.730769012928009,0.730769012928009,0.0,0.716238505268097,0.716238505268097,0.0
original,4,2,228,0.7196068273544312,0.7196068273544312,0.0,0.6838779260635376,0.6838779260635376,0.0
original,4,2,229,0.6936580648422241,0.6936580648422241,0.0,0.6873850772857666,0.6873850772857666,0.0
original,4,2,230,0.7184092163085938,0.7184092163085938,0.0,0.7141198921203613,0.7141198921203613,0.0
original,4,2,231,0.7252256834030152,0.7252256834030152,0.0,0.6841599293708801,0.6841599293708801,0.0
original,4,2,232,0.7305131837844848,0.7305131837844848,0.0,0.7037264110565186,0.7037264110565186,0.0
original,4,2,233,0.6934353135108948,0.6934353135108948,0.0,0.6898776691436768,0.6898776691436768,0.0
original,4,2,234,0.7136710535049439,0.7136710535049439,0.0,0.7158378100395203,0.7158378100395203,0.0
original,4,2,235,0.7044374193191528,0.7044374193191528,0.0,0.695177693939209,0.695177693939209,0.0
original,4,2,236,0.7168715451240539,0.7168715451240539,0.0,0.7038051672935486,0.7038051672935486,0.0
original,4,2,237,0.719517791557312,0.719517791557312,0.0,0.6912380129814147,0.6912380129814147,0.0
original,4,2,238,0.7178500221252442,0.7178500221252442,0.0,0.7105715578079224,0.7105715578079224,0.0
original,4,2,239,0.7123866075515747,0.7123866075515747,0.0,0.7063048796653748,0.7063048796653748,0.0
original,4,2,240,0.7089606914520263,0.7089606914520263,0.0,0.7074267048835754,0.7074267048835754,0.0
original,4,2,241,0.7174006833076477,0.7174006833076477,0.0,0.6941771317481995,0.6941771317481995,0.0
original,4,2,242,0.7168947750091553,0.7168947750091553,0.0,0.6946647368431091,0.6946647368431091,0.0
original,4,2,243,0.7162961819648742,0.7162961819648742,0.0,0.7008194877624512,0.7008194877624512,0.0
original,4,2,244,0.7016573804855347,0.7016573804855347,0.0,0.690366467666626,0.690366467666626,0.0
original,4,2,245,0.731548577785492,0.731548577785492,0.0,0.7104593263626099,0.7104593263626099,0.0
original,4,2,246,0.7030513449668885,0.7030513449668885,0.0,0.6822154984474182,0.6822154984474182,0.0
original,4,2,247,0.7135815790176392,0.7135815790176392,0.0,0.708403395652771,0.708403395652771,0.0
original,4,2,248,0.7051524837493897,0.7051524837493897,0.0,0.6894085951805115,0.6894085951805115,0.0
original,4,2,249,0.68131643409729,0.68131643409729,0.0,0.6998947093009948,0.6998947093009948,0.0
original,4,2,250,0.7324559554100036,0.7324559554100036,0.0,0.7136445572853088,0.7136445572853088,0.0
original,4,2,251,0.7009381234169006,0.7009381234169006,0.0,0.7040783870697022,0.7040783870697022,0.0
original,4,2,252,0.7205514418601989,0.7205514418601989,0.0,0.6956892615318299,0.6956892615318299,0.0
original,4,2,253,0.7038116208076477,0.7038116208076477,0.0,0.6862151245117187,0.6862151245117187,0.0
original,4,2,254,0.7213048647880554,0.7213048647880554,0.0,0.7124857851028442,0.7124857851028442,0.0
original,4,2,255,0.7104895823478699,0.7104895823478699,0.0,0.6848291619300843,0.6848291619300843,0.0
original,4,2,256,0.7141069082260132,0.7141069082260132,0.0,0.7096439679145813,0.7096439679145813,0.0
original,4,2,257,0.7055289272308349,0.7055289272308349,0.0,0.7106191163063049,0.7106191163063049,0.0
original,4,2,258,0.6999441951751709,0.6999441951751709,0.0,0.6861428923606873,0.6861428923606873,0.0
original,4,2,259,0.6895431640625,0.6895431640625,0.0,0.7099146089553833,0.7099146089553833,0.0
original,4,2,260,0.7221184784889221,0.7221184784889221,0.0,0.6916368686676025,0.6916368686676025,0.0
original,4,2,261,0.7216140789985657,0.7216140789985657,0.0,0.6996695639610291,0.6996695639610291,0.0
original,4,2,262,0.7291165047645569,0.7291165047645569,0.0,0.7175869327545166,0.7175869327545166,0.0
original,4,2,263,0.7130101375579834,0.7130101375579834,0.0,0.6974469098091125,0.6974469098091125,0.0
original,4,2,264,0.7174625431060792,0.7174625431060792,0.0,0.694626547908783,0.694626547908783,0.0
original,4,2,265,0.7246510159492493,0.7246510159492493,0.0,0.6778118938446045,0.6778118938446045,0.0
original,4,2,266,0.7219243154525757,0.7219243154525757,0.0,0.7024765501976014,0.7024765501976014,0.0
original,4,2,267,0.726720032787323,0.726720032787323,0.0,0.6978926746368408,0.6978926746368408,0.0
original,4,2,268,0.7270789039611817,0.7270789039611817,0.0,0.7050744753837586,0.7050744753837586,0.0
original,4,2,269,0.7126964437484741,0.7126964437484741,0.0,0.6954756441116333,0.6954756441116333,0.0
original,4,2,270,0.6933974920272827,0.6933974920272827,0.0,0.6925366555213929,0.6925366555213929,0.0
original,4,2,271,0.7046353796005249,0.7046353796005249,0.0,0.7037489767074585,0.7037489767074585,0.0
original,4,2,272,0.7325087125778198,0.7325087125778198,0.0,0.7028852644920349,0.7028852644920349,0.0
original,4,2,273,0.718570349407196,0.718570349407196,0.0,0.688596566104889,0.688596566104889,0.0
original,4,2,274,0.687576314163208,0.687576314163208,0.0,0.6955792581558228,0.6955792581558228,0.0
original,4,2,275,0.7195344160079956,0.7195344160079956,0.0,0.7046260358810424,0.7046260358810424,0.0
original,4,2,276,0.7296024140357971,0.7296024140357971,0.0,0.6824740485191345,0.6824740485191345,0.0
original,4,2,277,0.6951654001235962,0.6951654001235962,0.0,0.6993877659797668,0.6993877659797668,0.0
original,4,2,278,0.7025710947990418,0.7025710947990418,0.0,0.7010441700935364,0.7010441700935364,0.0
original,4,2,279,0.6972763737678528,0.6972763737678528,0.0,0.6987243175506592,0.6987243175506592,0.0
original,4,2,280,0.7198582004547119,0.7198582004547119,0.0,0.6905515947341919,0.6905515947341919,0.0
original,4,2,281,0.7057032910346985,0.7057032910346985,0.0,0.6883372194290162,0.6883372194290162,0.0
original,4,2,282,0.7198023265838623,0.7198023265838623,0.0,0.7045037715911865,0.7045037715911865,0.0
original,4,2,283,0.7215213584899902,0.7215213584899902,0.0,0.6930277432441712,0.6930277432441712,0.0
original,4,2,284,0.7145270986557006,0.7145270986557006,0.0,0.6862003962516785,0.6862003962516785,0.0
original,4,2,285,0.7029663146018982,0.7029663146018982,0.0,0.7003791445732117,0.7003791445732117,0.0
original,4,2,286,0.7089446292877197,0.7089446292877197,0.0,0.6836605171203614,0.6836605171203614,0.0
original,4,2,287,0.7018490114212036,0.7018490114212036,0.0,0.7082419097900391,0.7082419097900391,0.0
original,4,2,288,0.6994459698677064,0.6994459698677064,0.0,0.6794365385055542,0.6794365385055542,0.0
original,4,2,289,0.6941928127288818,0.6941928127288818,0.0,0.6837810759544373,0.6837810759544373,0.0
original,4,2,290,0.7329063356399537,0.7329063356399537,0.0,0.694657380104065,0.694657380104065,0.0
original,4,2,291,0.7135485630989075,0.7135485630989075,0.0,0.7032354844093323,0.7032354844093323,0.0
original,4,2,292,0.7205290444374084,0.7205290444374084,0.0,0.7002285467147827,0.7002285467147827,0.0
original,4,2,293,0.7216795893669128,0.7216795893669128,0.0,0.6993855918884277,0.6993855918884277,0.0
original,4,2,294,0.715045365524292,0.715045365524292,0.0,0.6989523425102234,0.6989523425102234,0.0
original,4,2,295,0.7366559833526611,0.7366559833526611,0.0,0.7112977725028992,0.7112977725028992,0.0
original,4,2,296,0.7122092641830444,0.7122092641830444,0.0,0.6914694648742675,0.6914694648742675,0.0
original,4,2,297,0.7179724550247193,0.7179724550247193,0.0,0.7048739673614502,0.7048739673614502,0.0
original,4,2,298,0.7189694515228271,0.7189694515228271,0.0,0.7038175915718079,0.7038175915718079,0.0
original,4,2,299,0.7162419732093811,0.7162419732093811,0.0,0.7165491149902343,0.7165491149902343,0.0
original,4,2,300,0.716080571937561,0.716080571937561,0.0,0.6909725988388061,0.6909725988388061,0.0
original,4,2,301,0.7076784116744995,0.7076784116744995,0.0,0.691417679977417,0.691417679977417,0.0
original,4,2,302,0.7443142036437989,0.7443142036437989,0.0,0.6880861847877503,0.6880861847877503,0.0
original,4,2,303,0.703899921989441,0.703899921989441,0.0,0.7042296522140503,0.7042296522140503,0.0
original,4,2,304,0.7083462020874024,0.7083462020874024,0.0,0.7088502284049988,0.7088502284049988,0.0
original,4,2,305,0.7035275736808777,0.7035275736808777,0.0,0.6906671622276306,0.6906671622276306,0.0
original,4,2,306,0.7067915163993835,0.7067915163993835,0.0,0.6955147205352783,0.6955147205352783,0.0
original,4,2,307,0.739209771823883,0.739209771823883,0.0,0.6912540015220642,0.6912540015220642,0.0
original,4,2,308,0.7284221055030823,0.7284221055030823,0.0,0.7083018892288208,0.7083018892288208,0.0
original,4,2,309,0.6818680530548096,0.6818680530548096,0.0,0.678923583316803,0.678923583316803,0.0
original,4,2,310,0.6888418983459472,0.6888418983459472,0.0,0.6902767280578613,0.6902767280578613,0.0
original,4,2,311,0.705745614528656,0.705745614528656,0.0,0.7122276721954346,0.7122276721954346,0.0
original,4,2,312,0.7202962491989136,0.7202962491989136,0.0,0.6992794130325317,0.6992794130325317,0.0
original,4,2,313,0.703625076007843,0.703625076007843,0.0,0.7045369497299194,0.7045369497299194,0.0
original,4,2,314,0.7244276646614075,0.7244276646614075,0.0,0.7186295024871826,0.7186295024871826,0.0
original,4,2,315,0.7242027112960815,0.7242027112960815,0.0,0.7021272391319275,0.7021272391319275,0.0
original,4,2,316,0.72454138174057,0.72454138174057,0.0,0.7091428811073304,0.7091428811073304,0.0
original,4,2,317,0.7069476947784424,0.7069476947784424,0.0,0.6851417723655701,0.6851417723655701,0.0
original,4,2,318,0.710075411605835,0.710075411605835,0.0,0.6989295594215393,0.6989295594215393,0.0
original,4,2,319,0.7177498104095459,0.7177498104095459,0.0,0.7209541748046875,0.7209541748046875,0.0
original,4,2,320,0.7117610473632813,0.7117610473632813,0.0,0.6779766569137573,0.6779766569137573,0.0
original,4,2,321,0.6951641852378845,0.6951641852378845,0.0,0.7139302529335022,0.7139302529335022,0.0
original,4,2,322,0.6921683945655823,0.6921683945655823,0.0,0.6831676879882812,0.6831676879882812,0.0
original,4,2,323,0.7177624774932861,0.7177624774932861,0.0,0.7126956182479859,0.7126956182479859,0.0
original,4,2,324,0.7259852680206299,0.7259852680206299,0.0,0.68645182762146,0.68645182762146,0.0
original,4,2,325,0.7080553765296936,0.7080553765296936,0.0,0.7098184408187866,0.7098184408187866,0.0
original,4,2,326,0.7006818890571594,0.7006818890571594,0.0,0.6904841075897217,0.6904841075897217,0.0
original,4,2,327,0.700340173625946,0.700340173625946,0.0,0.6843937103271485,0.6843937103271485,0.0
original,4,2,328,0.7121188473701477,0.7121188473701477,0.0,0.6904574496269226,0.6904574496269226,0.0
original,4,2,329,0.7181727853775024,0.7181727853775024,0.0,0.6985833891868591,0.6985833891868591,0.0
original,4,2,330,0.7034440179824829,0.7034440179824829,0.0,0.7232564719200134,0.7232564719200134,0.0
original,4,2,331,0.711773340511322,0.711773340511322,0.0,0.7082780933380127,0.7082780933380127,0.0
original,4,2,332,0.7113359558105469,0.7113359558105469,0.0,0.7053107424736023,0.7053107424736023,0.0
original,4,2,333,0.7208210977554321,0.7208210977554321,0.0,0.6920126366615296,0.6920126366615296,0.0
original,4,2,334,0.7305593052864074,0.7305593052864074,0.0,0.7010180188179016,0.7010180188179016,0.0
original,4,2,335,0.7056928731918335,0.7056928731918335,0.0,0.6894535435676574,0.6894535435676574,0.0
original,4,2,336,0.7337885499000549,0.7337885499000549,0.0,0.7135534743309021,0.7135534743309021,0.0
original,4,2,337,0.7141507354736328,0.7141507354736328,0.0,0.6948965784072876,0.6948965784072876,0.0
original,4,2,338,0.7267246960639954,0.7267246960639954,0.0,0.6923243977546691,0.6923243977546691,0.0
original,4,2,339,0.7238432161331176,0.7238432161331176,0.0,0.6768944857597351,0.6768944857597351,0.0
original,4,2,340,0.7069349494934082,0.7069349494934082,0.0,0.6978174983978271,0.6978174983978271,0.0
original,4,2,341,0.7028134052276611,0.7028134052276611,0.0,0.6869115398406982,0.6869115398406982,0.0
original,4,2,342,0.7127399578094482,0.7127399578094482,0.0,0.696070508480072,0.696070508480072,0.0
original,4,2,343,0.6953615997314453,0.6953615997314453,0.0,0.6877190183639527,0.6877190183639527,0.0
original,4,2,344,0.7204320496559143,0.7204320496559143,0.0,0.6881579518318176,0.6881579518318176,0.0
original,4,2,345,0.7016045386314392,0.7016045386314392,0.0,0.7032448616981506,0.7032448616981506,0.0
original,4,2,346,0.7209537605285644,0.7209537605285644,0.0,0.7071973486900329,0.7071973486900329,0.0
original,4,2,347,0.7157123533248901,0.7157123533248901,0.0,0.69686142578125,0.69686142578125,0.0
original,4,2,348,0.7212504697799682,0.7212504697799682,0.0,0.68730287733078,0.68730287733078,0.0
original,4,2,349,0.7099971345901489,0.7099971345901489,0.0,0.7006488955497742,0.7006488955497742,0.0
original,4,2,350,0.7064700190544129,0.7064700190544129,0.0,0.6929420666694641,0.6929420666694641,0.0
original,4,2,351,0.7137242151260376,0.7137242151260376,0.0,0.7119343340873718,0.7119343340873718,0.0
original,4,2,352,0.708209003162384,0.708209003162384,0.0,0.6973606976509095,0.6973606976509095,0.0
original,4,2,353,0.7022951622009277,0.7022951622009277,0.0,0.7033064323425293,0.7033064323425293,0.0
original,4,2,354,0.7028579555511475,0.7028579555511475,0.0,0.7108123512268066,0.7108123512268066,0.0
original,4,2,355,0.6903354085922241,0.6903354085922241,0.0,0.6839115271568298,0.6839115271568298,0.0
original,4,2,356,0.7050219131469726,0.7050219131469726,0.0,0.6983579061508178,0.6983579061508178,0.0
original,4,2,357,0.7015396285057068,0.7015396285057068,0.0,0.7060278073310852,0.7060278073310852,0.0
original,4,2,358,0.7129904294967652,0.7129904294967652,0.0,0.6908468046188354,0.6908468046188354,0.0
original,4,2,359,0.7278212077140808,0.7278212077140808,0.0,0.6996627433776855,0.6996627433776855,0.0
original,4,2,360,0.7084601064682007,0.7084601064682007,0.0,0.7034873822212219,0.7034873822212219,0.0
original,4,2,361,0.7295552485466004,0.7295552485466004,0.0,0.6911474060058593,0.6911474060058593,0.0
original,4,2,362,0.7080018964767456,0.7080018964767456,0.0,0.7072167338371277,0.7072167338371277,0.0
original,4,2,363,0.7325688897132874,0.7325688897132874,0.0,0.6868473900794982,0.6868473900794982,0.0
original,4,2,364,0.6955879518508911,0.6955879518508911,0.0,0.7027823504447936,0.7027823504447936,0.0
original,4,2,365,0.6854902648925781,0.6854902648925781,0.0,0.7022347436904908,0.7022347436904908,0.0
original,4,2,366,0.7412626382827758,0.7412626382827758,0.0,0.7032040600776672,0.7032040600776672,0.0
original,4,2,367,0.7037778297424316,0.7037778297424316,0.0,0.7037625218391419,0.7037625218391419,0.0
original,4,2,368,0.6992946053504944,0.6992946053504944,0.0,0.7263997306823731,0.7263997306823731,0.0
original,4,2,369,0.7220948278427124,0.7220948278427124,0.0,0.6921350612640381,0.6921350612640381,0.0
original,4,2,370,0.7340249821662903,0.7340249821662903,0.0,0.7100118744850159,0.7100118744850159,0.0
original,4,2,371,0.700252186870575,0.700252186870575,0.0,0.694462707233429,0.694462707233429,0.0
original,4,2,372,0.6874449089050293,0.6874449089050293,0.0,0.7151840452194214,0.7151840452194214,0.0
original,4,2,373,0.6908773812294007,0.6908773812294007,0.0,0.7124712281227111,0.7124712281227111,0.0
original,4,2,374,0.6989627256393433,0.6989627256393433,0.0,0.7108402720451354,0.7108402720451354,0.0
original,4,2,375,0.7049478887557984,0.7049478887557984,0.0,0.6944368316650391,0.6944368316650391,0.0
original,4,2,376,0.710079496383667,0.710079496383667,0.0,0.7059763725280762,0.7059763725280762,0.0
original,4,2,377,0.6893497664451599,0.6893497664451599,0.0,0.7158486538887024,0.7158486538887024,0.0
original,4,2,378,0.7042682472229004,0.7042682472229004,0.0,0.7051288311958313,0.7051288311958313,0.0
original,4,2,379,0.7069530982971192,0.7069530982971192,0.0,0.6959211627960205,0.6959211627960205,0.0
original,4,2,380,0.7199809985160828,0.7199809985160828,0.0,0.6896664613723755,0.6896664613723755,0.0
original,4,2,381,0.7119095764160156,0.7119095764160156,0.0,0.6938555967330933,0.6938555967330933,0.0
original,4,2,382,0.7046686208724976,0.7046686208724976,0.0,0.6905948544502258,0.6905948544502258,0.0
original,4,2,383,0.691764696598053,0.691764696598053,0.0,0.7029262885093689,0.7029262885093689,0.0
original,4,2,384,0.6959119998931885,0.6959119998931885,0.0,0.7190578535079956,0.7190578535079956,0.0
original,4,2,385,0.6948776515007019,0.6948776515007019,0.0,0.7157119946479797,0.7157119946479797,0.0
original,4,2,386,0.7174002419471741,0.7174002419471741,0.0,0.6929629715919494,0.6929629715919494,0.0
original,4,2,387,0.6910149432182312,0.6910149432182312,0.0,0.6995083099365235,0.6995083099365235,0.0
original,4,2,388,0.7103084031105041,0.7103084031105041,0.0,0.6915639781951904,0.6915639781951904,0.0
original,4,2,389,0.7180649441719055,0.7180649441719055,0.0,0.6918783744812012,0.6918783744812012,0.0
original,4,2,390,0.6757721252441407,0.6757721252441407,0.0,0.6797949116706848,0.6797949116706848,0.0
original,4,2,391,0.6869138408660889,0.6869138408660889,0.0,0.7004964810371399,0.7004964810371399,0.0
original,4,2,392,0.716959248828888,0.716959248828888,0.0,0.6905672854423522,0.6905672854423522,0.0
original,4,2,393,0.7212997921943665,0.7212997921943665,0.0,0.6857240775108338,0.6857240775108338,0.0
original,4,2,394,0.7097373148918152,0.7097373148918152,0.0,0.7110087114334106,0.7110087114334106,0.0
original,4,2,395,0.6982486395835876,0.6982486395835876,0.0,0.6942963245391846,0.6942963245391846,0.0
original,4,2,396,0.7120820943832398,0.7120820943832398,0.0,0.6864475218772889,0.6864475218772889,0.0
original,4,2,397,0.7015087644577026,0.7015087644577026,0.0,0.6922360025405884,0.6922360025405884,0.0
original,4,2,398,0.7111658020019531,0.7111658020019531,0.0,0.6990676587104797,0.6990676587104797,0.0
original,4,2,399,0.7032311143875122,0.7032311143875122,0.0,0.6981802268981934,0.6981802268981934,0.0
original,4,2,400,0.7289163477897644,0.7289163477897644,0.0,0.7105722246170044,0.7105722246170044,0.0
original,4,2,401,0.7210205090522767,0.7210205090522767,0.0,0.7382074595451354,0.7382074595451354,0.0
original,4,2,402,0.688841024684906,0.688841024684906,0.0,0.7049666749954223,0.7049666749954223,0.0
original,4,2,403,0.6990246360778809,0.6990246360778809,0.0,0.6991852026939392,0.6991852026939392,0.0
original,4,2,404,0.7192710485458375,0.7192710485458375,0.0,0.6893105704307556,0.6893105704307556,0.0
original,4,2,405,0.6923674512863159,0.6923674512863159,0.0,0.6996741868972778,0.6996741868972778,0.0
original,4,2,406,0.716076375579834,0.716076375579834,0.0,0.7049617506027221,0.7049617506027221,0.0
original,4,2,407,0.693757072353363,0.693757072353363,0.0,0.7179145354270935,0.7179145354270935,0.0
original,4,2,408,0.6703859210968017,0.6703859210968017,0.0,0.6827053376197815,0.6827053376197815,0.0
original,4,2,409,0.6847772685050965,0.6847772685050965,0.0,0.6927752708435059,0.6927752708435059,0.0
original,4,2,410,0.7142964263916015,0.7142964263916015,0.0,0.6835541275024414,0.6835541275024414,0.0
original,4,2,411,0.706760549068451,0.706760549068451,0.0,0.7028680056571961,0.7028680056571961,0.0
original,4,2,412,0.7150183979988098,0.7150183979988098,0.0,0.7105383373260498,0.7105383373260498,0.0
original,4,2,413,0.700621522808075,0.700621522808075,0.0,0.7021477572441102,0.7021477572441102,0.0
original,4,2,414,0.716817581653595,0.716817581653595,0.0,0.6998166876792907,0.6998166876792907,0.0
original,4,2,415,0.7299860746383667,0.7299860746383667,0.0,0.7054652477264405,0.7054652477264405,0.0
original,4,2,416,0.7042302567481995,0.7042302567481995,0.0,0.6980264694213867,0.6980264694213867,0.0
original,4,2,417,0.7144178114891052,0.7144178114891052,0.0,0.7050762784957886,0.7050762784957886,0.0
original,4,2,418,0.7083993940353394,0.7083993940353394,0.0,0.6936595244407654,0.6936595244407654,0.0
original,4,2,419,0.683469008731842,0.683469008731842,0.0,0.695607293510437,0.695607293510437,0.0
original,4,2,420,0.7127747582435608,0.7127747582435608,0.0,0.7045813336372375,0.7045813336372375,0.0
original,4,2,421,0.7174012622833252,0.7174012622833252,0.0,0.6942583567619324,0.6942583567619324,0.0
original,4,2,422,0.6986976229667664,0.6986976229667664,0.0,0.7024044502258301,0.7024044502258301,0.0
original,4,2,423,0.707383159828186,0.707383159828186,0.0,0.6951424126625061,0.6951424126625061,0.0
original,4,2,424,0.7068484066963195,0.7068484066963195,0.0,0.699327700996399,0.699327700996399,0.0
original,4,2,425,0.70672814950943,0.70672814950943,0.0,0.7173691125869751,0.7173691125869751,0.0
original,4,2,426,0.7182422922134399,0.7182422922134399,0.0,0.6971944508552551,0.6971944508552551,0.0
original,4,2,427,0.703239059638977,0.703239059638977,0.0,0.6959251468658447,0.6959251468658447,0.0
original,4,2,428,0.6924882824897766,0.6924882824897766,0.0,0.6875981637001037,0.6875981637001037,0.0
original,4,2,429,0.7377836048126221,0.7377836048126221,0.0,0.716583994102478,0.716583994102478,0.0
original,4,2,430,0.7019038381576538,0.7019038381576538,0.0,0.6978272129058838,0.6978272129058838,0.0
original,4,2,431,0.721079489994049,0.721079489994049,0.0,0.6959062931060791,0.6959062931060791,0.0
original,4,2,432,0.7272527180671692,0.7272527180671692,0.0,0.7099291267395019,0.7099291267395019,0.0
original,4,2,433,0.7026137155532837,0.7026137155532837,0.0,0.7275267458915711,0.7275267458915711,0.0
original,4,2,434,0.6873174538612365,0.6873174538612365,0.0,0.7053071982383728,0.7053071982383728,0.0
original,4,2,435,0.6798556792259216,0.6798556792259216,0.0,0.7071543417930602,0.7071543417930602,0.0
original,4,2,436,0.7081239902496338,0.7081239902496338,0.0,0.6969888404846192,0.6969888404846192,0.0
original,4,2,437,0.6981915519714356,0.6981915519714356,0.0,0.6914273691177368,0.6914273691177368,0.0
original,4,2,438,0.7182130539894104,0.7182130539894104,0.0,0.6853789083480835,0.6853789083480835,0.0
original,4,2,439,0.7033892775535584,0.7033892775535584,0.0,0.6841686336517334,0.6841686336517334,0.0
original,4,2,440,0.7161581978797913,0.7161581978797913,0.0,0.7040734857559204,0.7040734857559204,0.0
original,4,2,441,0.6601203605651855,0.6601203605651855,0.0,0.6925576198577881,0.6925576198577881,0.0
original,4,2,442,0.7059437046051026,0.7059437046051026,0.0,0.7085295137405395,0.7085295137405395,0.0
original,4,2,443,0.7064718851089478,0.7064718851089478,0.0,0.7253788928985596,0.7253788928985596,0.0
original,4,2,444,0.6863146469116211,0.6863146469116211,0.0,0.6982903167724609,0.6982903167724609,0.0
original,4,2,445,0.7044953064918518,0.7044953064918518,0.0,0.6954578214645386,0.6954578214645386,0.0
original,4,2,446,0.7342187395095825,0.7342187395095825,0.0,0.6904593473434448,0.6904593473434448,0.0
original,4,2,447,0.6966289182662964,0.6966289182662964,0.0,0.6891147184371949,0.6891147184371949,0.0
original,4,2,448,0.6942843707084656,0.6942843707084656,0.0,0.7019752395629882,0.7019752395629882,0.0
original,4,2,449,0.6905099056243896,0.6905099056243896,0.0,0.6952092398643493,0.6952092398643493,0.0
original,4,2,450,0.7008414112091065,0.7008414112091065,0.0,0.7042161730766296,0.7042161730766296,0.0
original,4,2,451,0.694455320072174,0.694455320072174,0.0,0.6868516310691833,0.6868516310691833,0.0
original,4,2,452,0.6925358647346497,0.6925358647346497,0.0,0.6947679799079896,0.6947679799079896,0.0
original,4,2,453,0.6992524085998535,0.6992524085998535,0.0,0.6897208278656006,0.6897208278656006,0.0
original,4,2,454,0.7029303163528442,0.7029303163528442,0.0,0.6914846657752991,0.6914846657752991,0.0
original,4,2,455,0.7075890687942505,0.7075890687942505,0.0,0.6751289057731629,0.6751289057731629,0.0
original,4,2,456,0.7111033666610718,0.7111033666610718,0.0,0.7129240045547486,0.7129240045547486,0.0
original,4,2,457,0.6960917362213135,0.6960917362213135,0.0,0.6943456583976746,0.6943456583976746,0.0
original,4,2,458,0.7187662580490112,0.7187662580490112,0.0,0.7083387870788574,0.7083387870788574,0.0
original,4,2,459,0.701597272014618,0.701597272014618,0.0,0.6857847913742066,0.6857847913742066,0.0
original,4,2,460,0.6861479006767273,0.6861479006767273,0.0,0.6945416458129883,0.6945416458129883,0.0
original,4,2,461,0.6864040055274964,0.6864040055274964,0.0,0.6912324614524842,0.6912324614524842,0.0
original,4,2,462,0.6893514083862304,0.6893514083862304,0.0,0.6822026342391968,0.6822026342391968,0.0
original,4,2,463,0.7182182971000671,0.7182182971000671,0.0,0.7199219423294068,0.7199219423294068,0.0
original,4,2,464,0.6985063920021057,0.6985063920021057,0.0,0.7080976618766784,0.7080976618766784,0.0
original,4,2,465,0.6977948391914368,0.6977948391914368,0.0,0.7047632746696472,0.7047632746696472,0.0
original,4,2,466,0.6902720755577088,0.6902720755577088,0.0,0.6828130746841431,0.6828130746841431,0.0
original,4,2,467,0.7011984486579895,0.7011984486579895,0.0,0.6941815243721008,0.6941815243721008,0.0
original,4,2,468,0.7300691530227661,0.7300691530227661,0.0,0.702768705368042,0.702768705368042,0.0
original,4,2,469,0.6788836954116821,0.6788836954116821,0.0,0.6926989077568054,0.6926989077568054,0.0
original,4,2,470,0.6845886233329773,0.6845886233329773,0.0,0.693867033481598,0.693867033481598,0.0
original,4,2,471,0.706740368270874,0.706740368270874,0.0,0.7014949678421021,0.7014949678421021,0.0
original,4,2,472,0.7127019164085389,0.7127019164085389,0.0,0.6957953686714172,0.6957953686714172,0.0
original,4,2,473,0.6794178914070129,0.6794178914070129,0.0,0.6842697120666504,0.6842697120666504,0.0
original,4,2,474,0.69345681142807,0.69345681142807,0.0,0.7057904069900512,0.7057904069900512,0.0
original,4,2,475,0.6955664479255677,0.6955664479255677,0.0,0.6843193551063538,0.6843193551063538,0.0
original,4,2,476,0.69395034532547,0.69395034532547,0.0,0.6853630741119385,0.6853630741119385,0.0
original,4,2,477,0.6904242959022522,0.6904242959022522,0.0,0.6949959360122681,0.6949959360122681,0.0
original,4,2,478,0.6931102980613708,0.6931102980613708,0.0,0.7065062746047973,0.7065062746047973,0.0
original,4,2,479,0.6718425113677978,0.6718425113677978,0.0,0.6869935271263122,0.6869935271263122,0.0
original,4,2,480,0.72229799451828,0.72229799451828,0.0,0.7178731440544128,0.7178731440544128,0.0
original,4,2,481,0.7393013133049011,0.7393013133049011,0.0,0.7122847001075745,0.7122847001075745,0.0
original,4,2,482,0.7273442550659179,0.7273442550659179,0.0,0.6959783599853515,0.6959783599853515,0.0
original,4,2,483,0.7048178303718566,0.7048178303718566,0.0,0.674420122051239,0.674420122051239,0.0
original,4,2,484,0.6712110501289368,0.6712110501289368,0.0,0.6855652407646179,0.6855652407646179,0.0
original,4,2,485,0.7065868209838867,0.7065868209838867,0.0,0.6794964520454406,0.6794964520454406,0.0
original,4,2,486,0.703404147529602,0.703404147529602,0.0,0.7046876287460327,0.7046876287460327,0.0
original,4,2,487,0.6851602255821228,0.6851602255821228,0.0,0.6751479711532593,0.6751479711532593,0.0
original,4,2,488,0.7114391959190368,0.7114391959190368,0.0,0.7026348311424255,0.7026348311424255,0.0
original,4,2,489,0.7169924075126648,0.7169924075126648,0.0,0.7089661465644836,0.7089661465644836,0.0
original,4,2,490,0.7119420914649963,0.7119420914649963,0.0,0.6944564494132995,0.6944564494132995,0.0
original,4,2,491,0.693062782382965,0.693062782382965,0.0,0.6864368741035461,0.6864368741035461,0.0
original,4,2,492,0.6843957497596741,0.6843957497596741,0.0,0.690701969718933,0.690701969718933,0.0
original,4,2,493,0.7204493651390076,0.7204493651390076,0.0,0.6931575740814209,0.6931575740814209,0.0
original,4,2,494,0.7029097671508789,0.7029097671508789,0.0,0.6919214897155762,0.6919214897155762,0.0
original,4,2,495,0.700104801273346,0.700104801273346,0.0,0.6879910634040832,0.6879910634040832,0.0
original,4,2,496,0.7063777508735657,0.7063777508735657,0.0,0.686536646938324,0.686536646938324,0.0
original,4,2,497,0.6962185947418212,0.6962185947418212,0.0,0.6820855478286744,0.6820855478286744,0.0
original,4,2,498,0.7229294637680054,0.7229294637680054,0.0,0.7190115886688232,0.7190115886688232,0.0
original,4,2,499,0.6991256664276123,0.6991256664276123,0.0,0.6924221954345703,0.6924221954345703,0.0
original,4,2,500,0.729030998134613,0.729030998134613,0.0,0.6950859492301941,0.6950859492301941,0.0
