model,seed,level,epoch,train_total,train_effect,train_vq,eval_total,eval_effect,eval_vq,active_codes,ema_used_codes,step_counter,last_check_step,surprise_streak,distance_mean,distance_p90,distance_p95,distance_max,surprise_support
dynamic,2,1,1,6.661753355662028,6.633568433125814,0.028184877236684162,6.504311369260152,6.504311369260152,0.0,1.0,1.0,10.0,0.0,0.0,,,,,
dynamic,2,1,2,6.452111301422119,6.415792407989502,0.036318891694148384,6.288825920422872,6.288825920422872,0.0,1.0,1.0,20.0,0.0,0.0,,,,,
dynamic,2,1,3,6.239674809773763,6.205779240926106,0.03389560947815577,6.093067849477132,6.093067849477132,0.0,1.0,1.0,30.0,0.0,0.0,,,,,
dynamic,2,1,4,6.036015923817953,6.013932374318441,0.022083564152320226,5.9043638118108115,5.9043638118108115,0.0,1.0,1.0,40.0,0.0,0.0,,,,,
dynamic,2,1,5,5.843680013020833,5.827191301981608,0.016488689382870993,5.721385636329651,5.721385636329651,0.0,1.0,1.0,50.0,0.0,0.0,,,,,
dynamic,2,1,6,5.669392655690511,5.648485641479493,0.020907010038693746,5.544800599416097,5.544800599416097,0.0,1.0,1.0,60.0,0.0,0.0,,,,,
dynamic,2,1,7,5.507141590118408,5.4734446271260575,0.033696945707003274,5.379314171473185,5.379314171473185,0.0,1.0,1.0,70.0,0.0,0.0,,,,,
dynamic,2,1,8,5.354700438181559,5.310325082143148,0.044375353703896205,5.216596630414327,5.216596630414327,0.0,1.0,1.0,80.0,0.0,0.0,,,,,
dynamic,2,1,9,5.20400936126709,5.150935134887695,0.053074220418930056,5.059281818072001,5.059281818072001,0.0,1.0,1.0,90.0,0.0,0.0,,,,,
dynamic,2,1,10,5.05697047551473,4.998289152781169,0.05868134339650472,4.910461797714233,4.910461797714233,0.0,1.0,1.0,100.0,0.0,0.0,,,,,
dynamic,2,1,11,4.924996204376221,4.850322615305583,0.07467356204986572,4.770314672787984,4.770314672787984,0.0,1.0,1.0,110.0,0.0,0.0,,,,,
dynamic,2,1,12,4.801662591298421,4.710950539906819,0.09071201652288437,4.633078047434489,4.633078047434489,0.0,1.0,1.0,120.0,0.0,0.0,,,,,
dynamic,2,1,13,4.669794979095459,4.579680913289388,0.09011409451564154,4.5024508269627885,4.5024508269627885,0.0,1.0,1.0,130.0,0.0,0.0,,,,,
dynamic,2,1,14,4.522418874104818,4.4510049120585125,0.07141392012437185,4.378371739387513,4.378371739387513,0.0,1.0,1.0,140.0,0.0,0.0,,,,,
dynamic,2,1,15,4.391601651509603,4.327391656239827,0.06421009302139283,4.256294294993083,4.256294294993083,0.0,1.0,1.0,150.0,0.0,0.0,,,,,
dynamic,2,1,16,4.274615675608317,4.208514200846354,0.06610150068998337,4.139561066627502,4.139561066627502,0.0,1.0,1.0,160.0,0.0,0.0,,,,,
dynamic,2,1,17,4.170547246932983,4.092278226216634,0.07826900025208791,4.028518629074097,4.028518629074097,0.0,1.0,1.0,170.0,0.0,0.0,,,,,
dynamic,2,1,18,4.078894367218018,3.983315022786458,0.09557934284210205,3.9217225551605224,3.9217225551605224,0.0,1.0,1.0,180.0,0.0,0.0,,,,,
dynamic,2,1,19,3.9787792205810546,3.8783137543996173,0.10046544174353282,3.8195594263076784,3.8195594263076784,0.0,1.0,1.0,190.0,0.0,0.0,,,,,
dynamic,2,1,20,3.8699233373006185,3.778581765492757,0.09134155730406443,3.7193752908706665,3.7193752908706665,0.0,1.0,1.0,200.0,0.0,0.0,,,,,
dynamic,2,1,21,3.7601671187082926,3.678745476404826,0.08142167150974274,3.6237320041656496,3.6237320041656496,0.0,1.0,1.0,210.0,201.0,1.0,0.7051615715026855,1.5988998413085938,2.400515079498291,7.076391220092773,54.0
dynamic,2,1,22,3.6577012666066486,3.585677356719971,0.07202394137779872,3.5314865843454997,3.5314865843454997,0.0,1.0,1.0,220.0,201.0,1.0,0.7051615715026855,1.5988998413085938,2.400515079498291,7.076391220092773,54.0
dynamic,2,1,23,3.5727385075887046,3.495447025299072,0.07729150275389353,3.4436282364527386,3.4436282364527386,0.0,1.0,1.0,230.0,201.0,1.0,0.7051615715026855,1.5988998413085938,2.400515079498291,7.076391220092773,54.0
dynamic,2,1,24,3.5029497210184735,3.4092040697733563,0.09374562859535217,3.3610869963963825,3.3610869963963825,0.0,1.0,1.0,240.0,201.0,1.0,0.7051615715026855,1.5988998413085938,2.400515079498291,7.076391220092773,54.0
dynamic,2,1,25,3.4628194204966225,3.3271240552266437,0.13569536368052165,3.2791846132278444,3.2791846132278444,0.0,1.0,1.0,250.0,201.0,1.0,0.7051615715026855,1.5988998413085938,2.400515079498291,7.076391220092773,54.0
dynamic,2,1,26,3.475776087443034,3.245264876683553,0.23051120320955912,3.1986211284001667,3.1986211284001667,0.0,1.0,1.0,260.0,201.0,1.0,0.7051615715026855,1.5988998413085938,2.400515079498291,7.076391220092773,54.0
dynamic,2,1,27,3.471722863515218,3.165739549001058,0.3059833510716756,3.123046127955119,3.123046127955119,0.0,1.0,1.0,270.0,201.0,1.0,0.7051615715026855,1.5988998413085938,2.400515079498291,7.076391220092773,54.0
dynamic,2,1,28,3.336660919189453,3.093167848587036,0.24349307974179585,3.0530974165598552,3.0530974165598552,0.0,1.0,1.0,280.0,201.0,1.0,0.7051615715026855,1.5988998413085938,2.400515079498291,7.076391220092773,54.0
dynamic,2,1,29,3.1562239869435627,3.0245468362172443,0.1316771827141444,2.9856214141845703,2.9856214141845703,0.0,1.0,1.0,290.0,201.0,1.0,0.7051615715026855,1.5988998413085938,2.400515079498291,7.076391220092773,54.0
dynamic,2,1,30,3.0387293529510497,2.957913738886515,0.0808156117796898,2.9197220198313394,2.9197220198313394,0.0,1.0,1.0,300.0,201.0,1.0,0.7051615715026855,1.5988998413085938,2.400515079498291,7.076391220092773,54.0
dynamic,2,1,31,3.0720108699798585,3.0306079737345377,0.04140287548303604,2.886869939168294,2.886869939168294,0.0,2.0,2.0,310.0,301.0,0.0,0.5165002346038818,1.1071569919586182,1.6070876121520996,4.766434669494629,34.0
dynamic,2,1,32,3.0266566944122313,2.8812543773651123,0.14540233492851257,2.804724677403768,2.804724677403768,0.0,2.0,2.0,320.0,301.0,0.0,0.5165002346038818,1.1071569919586182,1.6070876121520996,4.766434669494629,34.0
dynamic,2,1,33,3.0201390584309897,2.797509241104126,0.22262981911500296,2.730485439300537,2.730485439300537,0.0,2.0,2.0,330.0,301.0,0.0,0.5165002346038818,1.1071569919586182,1.6070876121520996,4.766434669494629,34.0
dynamic,2,1,34,2.8736015955607095,2.6778937149047852,0.19570788701375325,2.6945399188995363,2.6945399188995363,0.0,2.0,2.0,340.0,301.0,0.0,0.5165002346038818,1.1071569919586182,1.6070876121520996,4.766434669494629,34.0
dynamic,2,1,35,2.765146764119466,2.649847895304362,0.11529884417851766,2.633662675221761,2.633662675221761,0.0,2.0,2.0,350.0,301.0,0.0,0.5165002346038818,1.1071569919586182,1.6070876121520996,4.766434669494629,34.0
dynamic,2,1,36,2.6456536356608074,2.5675543912251793,0.07809927046298981,2.5018028513590496,2.5018028513590496,0.0,2.0,2.0,360.0,301.0,0.0,0.5165002346038818,1.1071569919586182,1.6070876121520996,4.766434669494629,34.0
dynamic,2,1,37,2.5657180182139077,2.48453719774882,0.08118086278438569,2.4611273606618247,2.4611273606618247,0.0,2.0,2.0,370.0,301.0,0.0,0.5165002346038818,1.1071569919586182,1.6070876121520996,4.766434669494629,34.0
dynamic,2,1,38,2.4980626010894778,2.3816737524668374,0.11638887286186218,2.33612455368042,2.33612455368042,0.0,2.0,2.0,380.0,301.0,0.0,0.5165002346038818,1.1071569919586182,1.6070876121520996,4.766434669494629,34.0
dynamic,2,1,39,2.4708048566182454,2.270099678039551,0.20070517738660176,2.240252415339152,2.240252415339152,0.0,2.0,2.0,390.0,301.0,0.0,0.5165002346038818,1.1071569919586182,1.6070876121520996,4.766434669494629,34.0
dynamic,2,1,40,2.520639174779256,2.170714422861735,0.3499247459570567,2.1861524136861163,2.1861524136861163,0.0,2.0,2.0,400.0,301.0,0.0,0.5165002346038818,1.1071569919586182,1.6070876121520996,4.766434669494629,34.0
dynamic,2,1,41,2.486043170293172,2.0922008117039996,0.39384238004684446,2.058190005620321,2.058190005620321,0.0,2.0,2.0,410.0,401.0,1.0,3.1234850883483887,9.60063362121582,17.27857780456543,52.44549560546875,83.0
dynamic,2,1,42,2.428694184621175,2.059742798805237,0.3689514422416687,1.952342414855957,1.952342414855957,0.0,2.0,2.0,420.0,401.0,1.0,3.1234850883483887,9.60063362121582,17.27857780456543,52.44549560546875,83.0
dynamic,2,1,43,2.323894602457682,1.9731053924560547,0.350789163907369,1.843135019938151,1.843135019938151,0.0,2.0,2.0,430.0,401.0,1.0,3.1234850883483887,9.60063362121582,17.27857780456543,52.44549560546875,83.0
dynamic,2,1,44,2.2202754624684653,1.9385531822840372,0.28172227581342063,1.765197270711263,1.765197270711263,0.0,2.0,2.0,440.0,401.0,1.0,3.1234850883483887,9.60063362121582,17.27857780456543,52.44549560546875,83.0
dynamic,2,1,45,2.104718802769979,1.9190496063232423,0.1856691598892212,1.7235857645670574,1.7235857645670574,0.0,2.0,2.0,450.0,401.0,1.0,3.1234850883483887,9.60063362121582,17.27857780456543,52.44549560546875,83.0
dynamic,2,1,46,2.0371547158559165,1.8833367999394734,0.1538179349899292,1.6656683508555095,1.6656683508555095,0.0,2.0,2.0,460.0,401.0,1.0,3.1234850883483887,9.60063362121582,17.27857780456543,52.44549560546875,83.0
dynamic,2,1,47,2.021288970311483,1.8842092227935792,0.13707976758480073,1.6929611428578695,1.6929611428578695,0.0,2.0,2.0,470.0,401.0,1.0,3.1234850883483887,9.60063362121582,17.27857780456543,52.44549560546875,83.0
dynamic,2,1,48,2.0462846326828004,1.9022625494003296,0.14402210990587871,1.7983657455444335,1.7983657455444335,0.0,2.0,2.0,480.0,401.0,1.0,3.1234850883483887,9.60063362121582,17.27857780456543,52.44549560546875,83.0
dynamic,2,1,49,1.7872345447540283,1.585902468363444,0.20133207519849142,1.6129499848683675,1.6129499848683675,0.0,2.0,2.0,490.0,401.0,1.0,3.1234850883483887,9.60063362121582,17.27857780456543,52.44549560546875,83.0
dynamic,2,1,50,1.6886529938379924,1.53982790629069,0.1488250908255577,1.5304101435343425,1.5304101435343425,0.0,2.0,2.0,500.0,401.0,1.0,3.1234850883483887,9.60063362121582,17.27857780456543,52.44549560546875,83.0
dynamic,2,1,51,1.7384630711873372,1.686767651240031,0.05169541622201602,1.623658889134725,1.623658889134725,0.0,3.0,3.0,510.0,501.0,0.0,0.7000672221183777,1.5944970846176147,2.688875675201416,7.2200093269348145,53.0
dynamic,2,1,52,1.9849044926961263,1.9420917224884033,0.042812746812899906,1.7658905919392904,1.7658905919392904,0.0,3.0,3.0,520.0,501.0,0.0,0.7000672221183777,1.5944970846176147,2.688875675201416,7.2200093269348145,53.0
dynamic,2,1,53,1.9345362504323325,1.8905804920196534,0.0439557250837485,1.8071909300486246,1.8071909300486246,0.0,3.0,3.0,530.0,501.0,0.0,0.7000672221183777,1.5944970846176147,2.688875675201416,7.2200093269348145,53.0
dynamic,2,1,54,1.9012514305114747,1.8428929297129313,0.058358496129512785,1.7929423014322916,1.7929423014322916,0.0,3.0,3.0,540.0,501.0,0.0,0.7000672221183777,1.5944970846176147,2.688875675201416,7.2200093269348145,53.0
dynamic,2,1,55,1.957804381052653,1.8768327871958415,0.08097158044576645,1.7352462387084961,1.7352462387084961,0.0,3.0,3.0,550.0,501.0,0.0,0.7000672221183777,1.5944970846176147,2.688875675201416,7.2200093269348145,53.0
dynamic,2,1,56,1.7545673910776773,1.6604859447479248,0.09408144176006317,1.6907544167836508,1.6907544167836508,0.0,3.0,3.0,560.0,501.0,0.0,0.7000672221183777,1.5944970846176147,2.688875675201416,7.2200093269348145,53.0
dynamic,2,1,57,1.7198704703648886,1.6246172682444255,0.09525321781635285,1.6036961714426676,1.6036961714426676,0.0,3.0,3.0,570.0,501.0,0.0,0.7000672221183777,1.5944970846176147,2.688875675201416,7.2200093269348145,53.0
dynamic,2,1,58,1.7430800294876099,1.6586391433080037,0.08444089531898498,1.5880515225728353,1.5880515225728353,0.0,3.0,3.0,580.0,501.0,0.0,0.7000672221183777,1.5944970846176147,2.688875675201416,7.2200093269348145,53.0
dynamic,2,1,59,1.6372917413711547,1.5608506759007772,0.07644105841716131,1.511766398747762,1.511766398747762,0.0,3.0,3.0,590.0,501.0,0.0,0.7000672221183777,1.5944970846176147,2.688875675201416,7.2200093269348145,53.0
dynamic,2,1,60,1.5163883940378824,1.4549767684936523,0.061411618789037066,1.4428928979237874,1.4428928979237874,0.0,3.0,3.0,600.0,501.0,0.0,0.7000672221183777,1.5944970846176147,2.688875675201416,7.2200093269348145,53.0
dynamic,2,1,61,1.4618645699818928,1.4102944580713908,0.051570113946994144,1.4660244623819987,1.4660244623819987,0.0,3.0,3.0,610.0,601.0,1.0,0.41135409474372864,0.971500039100647,1.1351842880249023,2.544051170349121,25.0
dynamic,2,1,62,1.429551142056783,1.380736123720805,0.04881503442923228,1.3636649290720622,1.3636649290720622,0.0,3.0,3.0,620.0,601.0,1.0,0.41135409474372864,0.971500039100647,1.1351842880249023,2.544051170349121,25.0
dynamic,2,1,63,1.3279249922434488,1.2825901015599568,0.04533488651116689,1.2561589463551839,1.2561589463551839,0.0,3.0,3.0,630.0,601.0,1.0,0.41135409474372864,0.971500039100647,1.1351842880249023,2.544051170349121,25.0
dynamic,2,1,64,1.297932383219401,1.2561130221684773,0.041819363683462146,1.2522502485911051,1.2522502485911051,0.0,3.0,3.0,640.0,601.0,1.0,0.41135409474372864,0.971500039100647,1.1351842880249023,2.544051170349121,25.0
dynamic,2,1,65,1.2639497407277425,1.2256437810262044,0.03830598652362824,1.2522853056589762,1.2522853056589762,0.0,3.0,3.0,650.0,601.0,1.0,0.41135409474372864,0.971500039100647,1.1351842880249023,2.544051170349121,25.0
dynamic,2,1,66,1.255709613164266,1.2175579277674358,0.03815168708562851,1.2604782358805338,1.2604782358805338,0.0,3.0,3.0,660.0,601.0,1.0,0.41135409474372864,0.971500039100647,1.1351842880249023,2.544051170349121,25.0
dynamic,2,1,67,1.2521657244364421,1.2119810994466145,0.04018461629748345,1.2260890038808188,1.2260890038808188,0.0,3.0,3.0,670.0,601.0,1.0,0.41135409474372864,0.971500039100647,1.1351842880249023,2.544051170349121,25.0
dynamic,2,1,68,1.241139677365621,1.1922486384709676,0.04889103541771571,1.1691944535573324,1.1691944535573324,0.0,3.0,3.0,680.0,601.0,1.0,0.41135409474372864,0.971500039100647,1.1351842880249023,2.544051170349121,25.0
dynamic,2,1,69,1.2276471614837647,1.1764580663045248,0.051189100841681164,1.1363486735026043,1.1363486735026043,0.0,3.0,3.0,690.0,601.0,1.0,0.41135409474372864,0.971500039100647,1.1351842880249023,2.544051170349121,25.0
dynamic,2,1,70,1.228838103612264,1.1805599975585936,0.048278106997410454,1.113683253924052,1.113683253924052,0.0,3.0,3.0,700.0,601.0,1.0,0.41135409474372864,0.971500039100647,1.1351842880249023,2.544051170349121,25.0
dynamic,2,1,71,1.2566300964355468,1.2242281977335612,0.03240191402534644,1.1088411760330201,1.1088411760330201,0.0,4.0,4.0,710.0,701.0,0.0,0.4162858724594116,0.7864833474159241,1.2877284288406372,6.5881500244140625,17.0
dynamic,2,1,72,1.1745637623469034,1.1406730270385743,0.03389074151714643,1.134001029332479,1.134001029332479,0.0,4.0,4.0,720.0,701.0,0.0,0.4162858724594116,0.7864833474159241,1.2877284288406372,6.5881500244140625,17.0
dynamic,2,1,73,1.174445422490438,1.133920241991679,0.04052518169085185,1.1463416639963786,1.1463416639963786,0.0,4.0,4.0,730.0,701.0,0.0,0.4162858724594116,0.7864833474159241,1.2877284288406372,6.5881500244140625,17.0
dynamic,2,1,74,1.1432626914978028,1.1022396341959635,0.04102304369211197,1.0801987632115682,1.0801987632115682,0.0,4.0,4.0,740.0,701.0,0.0,0.4162858724594116,0.7864833474159241,1.2877284288406372,6.5881500244140625,17.0
dynamic,2,1,75,1.1002700980504354,1.0647196578979492,0.035550441965460776,1.0373708868026734,1.0373708868026734,0.0,4.0,4.0,750.0,701.0,0.0,0.4162858724594116,0.7864833474159241,1.2877284288406372,6.5881500244140625,17.0
dynamic,2,1,76,1.0691836937268575,1.0350813452402752,0.03410232832034429,1.0496620655059814,1.0496620655059814,0.0,4.0,4.0,760.0,701.0,0.0,0.4162858724594116,0.7864833474159241,1.2877284288406372,6.5881500244140625,17.0
dynamic,2,1,77,1.066931832631429,1.0299983644485473,0.03693345993757248,1.0146748304367066,1.0146748304367066,0.0,4.0,4.0,770.0,701.0,0.0,0.4162858724594116,0.7864833474159241,1.2877284288406372,6.5881500244140625,17.0
dynamic,2,1,78,1.0373634926478068,0.9988244613011678,0.03853901907801628,0.9798507197697958,0.9798507197697958,0.0,4.0,4.0,780.0,701.0,0.0,0.4162858724594116,0.7864833474159241,1.2877284288406372,6.5881500244140625,17.0
dynamic,2,1,79,1.011589461962382,0.9696093591054281,0.04198010037342707,0.9522877852121989,0.9522877852121989,0.0,4.0,4.0,790.0,701.0,0.0,0.4162858724594116,0.7864833474159241,1.2877284288406372,6.5881500244140625,17.0
dynamic,2,1,80,1.0061861713727316,0.952378822962443,0.05380736321210861,0.9429857794443767,0.9429857794443767,0.0,4.0,4.0,800.0,701.0,0.0,0.4162858724594116,0.7864833474159241,1.2877284288406372,6.5881500244140625,17.0
dynamic,2,1,81,0.9850504938761393,0.9243202288945516,0.060730269253253935,0.9098819025357564,0.9098819025357564,0.0,4.0,4.0,810.0,801.0,1.0,0.49087366461753845,1.5321125984191895,2.2861273288726807,9.952469825744629,30.0
dynamic,2,1,82,0.9574307894706726,0.900294992129008,0.05713579793771108,0.8994804485638936,0.8994804485638936,0.0,4.0,4.0,820.0,801.0,1.0,0.49087366461753845,1.5321125984191895,2.2861273288726807,9.952469825744629,30.0
dynamic,2,1,83,0.925316018263499,0.8798496850331624,0.04546633372704188,0.8759788147608439,0.8759788147608439,0.0,4.0,4.0,830.0,801.0,1.0,0.49087366461753845,1.5321125984191895,2.2861273288726807,9.952469825744629,30.0
dynamic,2,1,84,0.8992527190844218,0.8644392951329549,0.034813417394955956,0.8594635033607483,0.8594635033607483,0.0,4.0,4.0,840.0,801.0,1.0,0.49087366461753845,1.5321125984191895,2.2861273288726807,9.952469825744629,30.0
dynamic,2,1,85,0.8836961142222086,0.8543326656023661,0.02936345507701238,0.8469937268892924,0.8469937268892924,0.0,4.0,4.0,850.0,801.0,1.0,0.49087366461753845,1.5321125984191895,2.2861273288726807,9.952469825744629,30.0
dynamic,2,1,86,0.8742790500322978,0.8467712648709615,0.027507785161336264,0.831426629225413,0.831426629225413,0.0,4.0,4.0,860.0,801.0,1.0,0.49087366461753845,1.5321125984191895,2.2861273288726807,9.952469825744629,30.0
dynamic,2,1,87,0.859742299715678,0.8331398765246073,0.026602427065372466,0.8204057415326437,0.8204057415326437,0.0,4.0,4.0,870.0,801.0,1.0,0.49087366461753845,1.5321125984191895,2.2861273288726807,9.952469825744629,30.0
dynamic,2,1,88,0.8381605235735575,0.8122821100552877,0.025878416498502095,0.8036465930938721,0.8036465930938721,0.0,4.0,4.0,880.0,801.0,1.0,0.49087366461753845,1.5321125984191895,2.2861273288726807,9.952469825744629,30.0
dynamic,2,1,89,0.8291787616411845,0.8048063532511394,0.024372402528921762,0.7933146631717682,0.7933146631717682,0.0,4.0,4.0,890.0,801.0,1.0,0.49087366461753845,1.5321125984191895,2.2861273288726807,9.952469825744629,30.0
dynamic,2,1,90,0.8223279666900635,0.8007443976402283,0.02158356209595998,0.7845450667540232,0.7845450667540232,0.0,4.0,4.0,900.0,801.0,1.0,0.49087366461753845,1.5321125984191895,2.2861273288726807,9.952469825744629,30.0
dynamic,2,1,91,0.805074942111969,0.7841385197639466,0.020936420559883116,0.7750182676315308,0.7750182676315308,0.0,4.0,4.0,910.0,901.0,0.0,0.1709933876991272,0.3759193420410156,0.5824666023254395,1.7934932708740234,4.0
dynamic,2,1,92,0.8019420210520426,0.7783747720718384,0.02356725181142489,0.7604059795538585,0.7604059795538585,0.0,4.0,4.0,920.0,901.0,0.0,0.1709933876991272,0.3759193420410156,0.5824666023254395,1.7934932708740234,4.0
dynamic,2,1,93,0.7835108391443888,0.7551357396443685,0.028375094681978227,0.7528162117799123,0.7528162117799123,0.0,4.0,4.0,930.0,901.0,0.0,0.1709933876991272,0.3759193420410156,0.5824666023254395,1.7934932708740234,4.0
dynamic,2,1,94,0.7784050591786702,0.7517729433377583,0.026632118870814642,0.7453618494669596,0.7453618494669596,0.0,4.0,4.0,940.0,901.0,0.0,0.1709933876991272,0.3759193420410156,0.5824666023254395,1.7934932708740234,4.0
dynamic,2,1,95,0.7509010529518128,0.7284121060371399,0.022488948653141657,0.7294865298271179,0.7294865298271179,0.0,4.0,4.0,950.0,901.0,0.0,0.1709933876991272,0.3759193420410156,0.5824666023254395,1.7934932708740234,4.0
dynamic,2,1,96,0.7369557007153829,0.7177176380157471,0.019238062873482703,0.7203614477316539,0.7203614477316539,0.0,4.0,4.0,960.0,901.0,0.0,0.1709933876991272,0.3759193420410156,0.5824666023254395,1.7934932708740234,4.0
dynamic,2,1,97,0.740436118443807,0.7240512561798096,0.01638486913094918,0.710539892911911,0.710539892911911,0.0,4.0,4.0,970.0,901.0,0.0,0.1709933876991272,0.3759193420410156,0.5824666023254395,1.7934932708740234,4.0
dynamic,2,1,98,0.7241696405410767,0.7095809737841289,0.01458866935223341,0.7092193440596263,0.7092193440596263,0.0,4.0,4.0,980.0,901.0,0.0,0.1709933876991272,0.3759193420410156,0.5824666023254395,1.7934932708740234,4.0
dynamic,2,1,99,0.715874293645223,0.7022541832923889,0.01362011137108008,0.7017313019434611,0.7017313019434611,0.0,4.0,4.0,990.0,901.0,0.0,0.1709933876991272,0.3759193420410156,0.5824666023254395,1.7934932708740234,4.0
dynamic,2,1,100,0.7340241972605387,0.7177332846323649,0.016290922711292902,0.6880132897694906,0.6880132897694906,0.0,4.0,4.0,1000.0,901.0,0.0,0.1709933876991272,0.3759193420410156,0.5824666023254395,1.7934932708740234,4.0
dynamic,2,1,101,0.7108919493357341,0.6933043058713277,0.017587652852137883,0.6801308369636536,0.6801308369636536,0.0,4.0,4.0,1010.0,1001.0,0.0,0.1429227888584137,0.3248478174209595,0.5142582654953003,2.7183141708374023,4.0
dynamic,2,1,102,0.6992639350891113,0.6841418894131979,0.015122051152090232,0.6740599763393402,0.6740599763393402,0.0,4.0,4.0,1020.0,1001.0,0.0,0.1429227888584137,0.3248478174209595,0.5142582654953003,2.7183141708374023,4.0
dynamic,2,1,103,0.6885447033246358,0.6726654855410258,0.015879230598608653,0.669985675017039,0.669985675017039,0.0,4.0,4.0,1030.0,1001.0,0.0,0.1429227888584137,0.3248478174209595,0.5142582654953003,2.7183141708374023,4.0
dynamic,2,1,104,0.6809763662020365,0.6655463171005249,0.0154300477852424,0.6624077534675599,0.6624077534675599,0.0,4.0,4.0,1040.0,1001.0,0.0,0.1429227888584137,0.3248478174209595,0.5142582654953003,2.7183141708374023,4.0
dynamic,2,1,105,0.6804549336433411,0.6658316230773926,0.014623319233457248,0.6589682354529699,0.6589682354529699,0.0,4.0,4.0,1050.0,1001.0,0.0,0.1429227888584137,0.3248478174209595,0.5142582654953003,2.7183141708374023,4.0
dynamic,2,1,106,0.6764089926083883,0.6619643648465474,0.014444626892606418,0.6517563903331757,0.6517563903331757,0.0,4.0,4.0,1060.0,1001.0,0.0,0.1429227888584137,0.3248478174209595,0.5142582654953003,2.7183141708374023,4.0
dynamic,2,1,107,0.6688557974497478,0.6550476574897766,0.013808145473400752,0.6450453027089437,0.6450453027089437,0.0,4.0,4.0,1070.0,1001.0,0.0,0.1429227888584137,0.3248478174209595,0.5142582654953003,2.7183141708374023,4.0
dynamic,2,1,108,0.6659189716974894,0.6509772713979085,0.014941696586708228,0.6422548921902974,0.6422548921902974,0.0,4.0,4.0,1080.0,1001.0,0.0,0.1429227888584137,0.3248478174209595,0.5142582654953003,2.7183141708374023,4.0
dynamic,2,1,109,0.6551272797584534,0.639841939608256,0.015285343254605928,0.6347643291950226,0.6347643291950226,0.0,4.0,4.0,1090.0,1001.0,0.0,0.1429227888584137,0.3248478174209595,0.5142582654953003,2.7183141708374023,4.0
dynamic,2,1,110,0.6625046396255493,0.647058486143748,0.015446150712668895,0.6305773969491323,0.6305773969491323,0.0,4.0,4.0,1100.0,1001.0,0.0,0.1429227888584137,0.3248478174209595,0.5142582654953003,2.7183141708374023,4.0
dynamic,2,1,111,0.6442512345314025,0.6292849000295003,0.014966331149140994,0.6256390959024429,0.6256390959024429,0.0,4.0,4.0,1110.0,1101.0,0.0,0.1264699101448059,0.2934536933898926,0.43199169635772705,1.3370561599731445,5.0
dynamic,2,1,112,0.6444217856725057,0.6277261567115784,0.0166956277936697,0.6204453565677007,0.6204453565677007,0.0,4.0,4.0,1120.0,1101.0,0.0,0.1264699101448059,0.2934536933898926,0.43199169635772705,1.3370561599731445,5.0
dynamic,2,1,113,0.6332522169748942,0.6153782717386882,0.017873946726322174,0.6101552641391754,0.6101552641391754,0.0,4.0,4.0,1130.0,1101.0,0.0,0.1264699101448059,0.2934536933898926,0.43199169635772705,1.3370561599731445,5.0
dynamic,2,1,114,0.6283080196380615,0.6077106706301372,0.020597345034281414,0.6104486658175786,0.6104486658175786,0.0,4.0,4.0,1140.0,1101.0,0.0,0.1264699101448059,0.2934536933898926,0.43199169635772705,1.3370561599731445,5.0
dynamic,2,1,115,0.6280361533164978,0.6083046857515971,0.019731459667285282,0.6029327138264974,0.6029327138264974,0.0,4.0,4.0,1150.0,1101.0,0.0,0.1264699101448059,0.2934536933898926,0.43199169635772705,1.3370561599731445,5.0
dynamic,2,1,116,0.6270897157986959,0.6074476869901021,0.01964203397432963,0.5962107137838999,0.5962107137838999,0.0,4.0,4.0,1160.0,1101.0,0.0,0.1264699101448059,0.2934536933898926,0.43199169635772705,1.3370561599731445,5.0
dynamic,2,1,117,0.6213703989982605,0.6013631772994995,0.020007225473721822,0.6010803435246149,0.6010803435246149,0.0,4.0,4.0,1170.0,1101.0,0.0,0.1264699101448059,0.2934536933898926,0.43199169635772705,1.3370561599731445,5.0
dynamic,2,1,118,0.6197199670473734,0.5995906027158101,0.020129372080167133,0.5894497362772624,0.5894497362772624,0.0,4.0,4.0,1180.0,1101.0,0.0,0.1264699101448059,0.2934536933898926,0.43199169635772705,1.3370561599731445,5.0
dynamic,2,1,119,0.6215842739741008,0.599923222064972,0.021661058863004047,0.6021562657753626,0.6021562657753626,0.0,4.0,4.0,1190.0,1101.0,0.0,0.1264699101448059,0.2934536933898926,0.43199169635772705,1.3370561599731445,5.0
dynamic,2,1,120,0.6143786056836447,0.5921877543131511,0.022190843348701795,0.5931311281522115,0.5931311281522115,0.0,4.0,4.0,1200.0,1101.0,0.0,0.1264699101448059,0.2934536933898926,0.43199169635772705,1.3370561599731445,5.0
dynamic,2,1,121,0.6029185819625854,0.5812734095255534,0.021645168115695317,0.5723409342765808,0.5723409342765808,0.0,4.0,4.0,1210.0,1201.0,0.0,0.17775613069534302,0.40769636631011963,0.5877289772033691,2.667196273803711,3.0
dynamic,2,1,122,0.6151570789019267,0.5924769576390584,0.022680110757549603,0.5719469088315964,0.5719469088315964,0.0,4.0,4.0,1220.0,1201.0,0.0,0.17775613069534302,0.40769636631011963,0.5877289772033691,2.667196273803711,3.0
dynamic,2,1,123,0.6080545934041341,0.5844110965728759,0.023643495192130406,0.5797752829392752,0.5797752829392752,0.0,4.0,4.0,1230.0,1201.0,0.0,0.17775613069534302,0.40769636631011963,0.5877289772033691,2.667196273803711,3.0
dynamic,2,1,124,0.5944860410690308,0.5711503140131633,0.023335728893677393,0.5669673933585485,0.5669673933585485,0.0,4.0,4.0,1240.0,1201.0,0.0,0.17775613069534302,0.40769636631011963,0.5877289772033691,2.667196273803711,3.0
dynamic,2,1,125,0.6146298336982727,0.5905907305081686,0.024039099862178167,0.5673721446593603,0.5673721446593603,0.0,4.0,4.0,1250.0,1201.0,0.0,0.17775613069534302,0.40769636631011963,0.5877289772033691,2.667196273803711,3.0
dynamic,2,1,126,0.5836234279473622,0.5604306868712108,0.023192734370628992,0.575504137078921,0.575504137078921,0.0,4.0,4.0,1260.0,1201.0,0.0,0.17775613069534302,0.40769636631011963,0.5877289772033691,2.667196273803711,3.0
dynamic,2,1,127,0.5873980609575907,0.5652391775449117,0.022158880680799485,0.5595669351021448,0.5595669351021448,0.0,4.0,4.0,1270.0,1201.0,0.0,0.17775613069534302,0.40769636631011963,0.5877289772033691,2.667196273803711,3.0
dynamic,2,1,128,0.5817483003934224,0.5590829841295878,0.022665320932865142,0.5559108285109202,0.5559108285109202,0.0,4.0,4.0,1280.0,1201.0,0.0,0.17775613069534302,0.40769636631011963,0.5877289772033691,2.667196273803711,3.0
dynamic,2,1,129,0.5791157452265422,0.5557685208320617,0.023347228417793908,0.5498994984229406,0.5498994984229406,0.0,4.0,4.0,1290.0,1201.0,0.0,0.17775613069534302,0.40769636631011963,0.5877289772033691,2.667196273803711,3.0
dynamic,2,1,130,0.5788231205940246,0.5548365688323975,0.023986548980077106,0.5470316370328268,0.5470316370328268,0.0,4.0,4.0,1300.0,1201.0,0.0,0.17775613069534302,0.40769636631011963,0.5877289772033691,2.667196273803711,3.0
dynamic,2,1,131,0.5737405403455098,0.5491481932004293,0.024592354744672775,0.5442890890439351,0.5442890890439351,0.0,4.0,4.0,1310.0,1301.0,0.0,0.1894470751285553,0.4477725028991699,0.6562904119491577,1.5058650970458984,5.0
dynamic,2,1,132,0.5739379461606343,0.5493156750996907,0.024622268825769424,0.5401112786928812,0.5401112786928812,0.0,4.0,4.0,1320.0,1301.0,0.0,0.1894470751285553,0.4477725028991699,0.6562904119491577,1.5058650970458984,5.0
dynamic,2,1,133,0.5688816277186076,0.5451964942614237,0.023685129607717195,0.5344650940100352,0.5344650940100352,0.0,4.0,4.0,1330.0,1301.0,0.0,0.1894470751285553,0.4477725028991699,0.6562904119491577,1.5058650970458984,5.0
dynamic,2,1,134,0.5673060186704,0.5432372033596039,0.02406880979736646,0.5387704575061798,0.5387704575061798,0.0,4.0,4.0,1340.0,1301.0,0.0,0.1894470751285553,0.4477725028991699,0.6562904119491577,1.5058650970458984,5.0
dynamic,2,1,135,0.5655880832672119,0.5426029642422994,0.022985124637683232,0.5308228895068169,0.5308228895068169,0.0,4.0,4.0,1350.0,1301.0,0.0,0.1894470751285553,0.4477725028991699,0.6562904119491577,1.5058650970458984,5.0
dynamic,2,1,136,0.5556134311358134,0.5320971814791361,0.023516252065698306,0.5273262744148572,0.5273262744148572,0.0,4.0,4.0,1360.0,1301.0,0.0,0.1894470751285553,0.4477725028991699,0.6562904119491577,1.5058650970458984,5.0
dynamic,2,1,137,0.5561649958292644,0.5319288555781047,0.02423614983757337,0.5264560250441234,0.5264560250441234,0.0,4.0,4.0,1370.0,1301.0,0.0,0.1894470751285553,0.4477725028991699,0.6562904119491577,1.5058650970458984,5.0
dynamic,2,1,138,0.5587436771392822,0.5346531128883362,0.024090561320384344,0.5292666755119959,0.5292666755119959,0.0,4.0,4.0,1380.0,1301.0,0.0,0.1894470751285553,0.4477725028991699,0.6562904119491577,1.5058650970458984,5.0
dynamic,2,1,139,0.555606111685435,0.5311129864056905,0.0244931211322546,0.5181341069936752,0.5181341069936752,0.0,4.0,4.0,1390.0,1301.0,0.0,0.1894470751285553,0.4477725028991699,0.6562904119491577,1.5058650970458984,5.0
dynamic,2,1,140,0.549498291015625,0.5252715039253235,0.02422678937514623,0.5151590451598167,0.5151590451598167,0.0,4.0,4.0,1400.0,1301.0,0.0,0.1894470751285553,0.4477725028991699,0.6562904119491577,1.5058650970458984,5.0
dynamic,2,1,141,0.5465968505541483,0.5224876912434896,0.02410916770497958,0.5086044183373452,0.5086044183373452,0.0,4.0,4.0,1410.0,1401.0,0.0,0.18624347448349,0.40612471103668213,0.5886902809143066,1.878629207611084,4.0
dynamic,2,1,142,0.5488298773765564,0.5243159675598145,0.024513917962710064,0.5114228563507398,0.5114228563507398,0.0,4.0,4.0,1420.0,1401.0,0.0,0.18624347448349,0.40612471103668213,0.5886902809143066,1.878629207611084,4.0
dynamic,2,1,143,0.5440434487660726,0.5198153082529704,0.02422814334432284,0.5101598077019056,0.5101598077019056,0.0,4.0,4.0,1430.0,1401.0,0.0,0.18624347448349,0.40612471103668213,0.5886902809143066,1.878629207611084,4.0
dynamic,2,1,144,0.5337782414754232,0.5092158802350362,0.02456236037115256,0.49965824594100317,0.49965824594100317,0.0,4.0,4.0,1440.0,1401.0,0.0,0.18624347448349,0.40612471103668213,0.5886902809143066,1.878629207611084,4.0
dynamic,2,1,145,0.5362466327349344,0.5114930844306946,0.02475354999303818,0.49894009659687677,0.49894009659687677,0.0,4.0,4.0,1450.0,1401.0,0.0,0.18624347448349,0.40612471103668213,0.5886902809143066,1.878629207611084,4.0
dynamic,2,1,146,0.5339338048299154,0.508158049583435,0.025775751595695815,0.49366366942723594,0.49366366942723594,0.0,4.0,4.0,1460.0,1401.0,0.0,0.18624347448349,0.40612471103668213,0.5886902809143066,1.878629207611084,4.0
dynamic,2,1,147,0.5303853301207224,0.5050799063841502,0.025305420209964118,0.4949124349157015,0.4949124349157015,0.0,4.0,4.0,1470.0,1401.0,0.0,0.18624347448349,0.40612471103668213,0.5886902809143066,1.878629207611084,4.0
dynamic,2,1,148,0.5203990507125854,0.49484746893246967,0.02555157830317815,0.49091953406731287,0.49091953406731287,0.0,4.0,4.0,1480.0,1401.0,0.0,0.18624347448349,0.40612471103668213,0.5886902809143066,1.878629207611084,4.0
dynamic,2,1,149,0.5183177173137665,0.49402974526087445,0.02428797187904517,0.48741572429736457,0.48741572429736457,0.0,4.0,4.0,1490.0,1401.0,0.0,0.18624347448349,0.40612471103668213,0.5886902809143066,1.878629207611084,4.0
dynamic,2,1,150,0.5159975973765055,0.4927512546380361,0.023246339857578277,0.5047529895106951,0.5047529895106951,0.0,4.0,4.0,1500.0,1401.0,0.0,0.18624347448349,0.40612471103668213,0.5886902809143066,1.878629207611084,4.0
dynamic,2,1,151,0.5103198222319285,0.48748810489972433,0.02283171646296978,0.48073444614807764,0.48073444614807764,0.0,4.0,4.0,1510.0,1501.0,0.0,0.18010395765304565,0.42038631439208984,0.6114403009414673,1.9853553771972656,5.0
dynamic,2,1,152,0.5070404465993246,0.4842995516459147,0.022740898157159486,0.4798166693250338,0.4798166693250338,0.0,4.0,4.0,1520.0,1501.0,0.0,0.18010395765304565,0.42038631439208984,0.6114403009414673,1.9853553771972656,5.0
dynamic,2,1,153,0.5024711839358011,0.48070770382881167,0.021763479138414064,0.4805038991570473,0.4805038991570473,0.0,4.0,4.0,1530.0,1501.0,0.0,0.18010395765304565,0.42038631439208984,0.6114403009414673,1.9853553771972656,5.0
dynamic,2,1,154,0.5015977847576142,0.47982858141263324,0.021769205033779146,0.46971546510855355,0.46971546510855355,0.0,4.0,4.0,1540.0,1501.0,0.0,0.18010395765304565,0.42038631439208984,0.6114403009414673,1.9853553771972656,5.0
dynamic,2,1,155,0.5015757238864899,0.481337407430013,0.020238315189878144,0.4702147057652473,0.4702147057652473,0.0,4.0,4.0,1550.0,1501.0,0.0,0.18010395765304565,0.42038631439208984,0.6114403009414673,1.9853553771972656,5.0
dynamic,2,1,156,0.4991084432601929,0.4783083689212799,0.02080007493495941,0.4775662863254547,0.4775662863254547,0.0,4.0,4.0,1560.0,1501.0,0.0,0.18010395765304565,0.42038631439208984,0.6114403009414673,1.9853553771972656,5.0
dynamic,2,1,157,0.49373828728993735,0.4737027144432068,0.020035572747389475,0.45837364862362545,0.45837364862362545,0.0,4.0,4.0,1570.0,1501.0,0.0,0.18010395765304565,0.42038631439208984,0.6114403009414673,1.9853553771972656,5.0
dynamic,2,1,158,0.4868741691112518,0.466569565931956,0.02030460978547732,0.46512640386819837,0.46512640386819837,0.0,4.0,4.0,1580.0,1501.0,0.0,0.18010395765304565,0.42038631439208984,0.6114403009414673,1.9853553771972656,5.0
dynamic,2,1,159,0.4811721197764079,0.46149036566416424,0.01968175157904625,0.4593068996071816,0.4593068996071816,0.0,4.0,4.0,1590.0,1501.0,0.0,0.18010395765304565,0.42038631439208984,0.6114403009414673,1.9853553771972656,5.0
dynamic,2,1,160,0.4760894258817037,0.45735716780026753,0.018732258131106693,0.4534030632177989,0.4534030632177989,0.0,4.0,4.0,1600.0,1501.0,0.0,0.18010395765304565,0.42038631439208984,0.6114403009414673,1.9853553771972656,5.0
dynamic,2,1,161,0.47594176133473715,0.4576981528600057,0.018243608474731447,0.4591909677783648,0.4591909677783648,0.0,4.0,4.0,1610.0,1601.0,0.0,0.14967280626296997,0.3526574969291687,0.48597121238708496,0.9462151527404785,0.0
dynamic,2,1,162,0.47642866770426434,0.4565065824985504,0.019922084907690683,0.458219362894694,0.458219362894694,0.0,4.0,4.0,1620.0,1601.0,0.0,0.14967280626296997,0.3526574969291687,0.48597121238708496,0.9462151527404785,0.0
dynamic,2,1,163,0.4753196732203166,0.45644466400146483,0.01887500544389089,0.43807971507310867,0.43807971507310867,0.0,4.0,4.0,1630.0,1601.0,0.0,0.14967280626296997,0.3526574969291687,0.48597121238708496,0.9462151527404785,0.0
dynamic,2,1,164,0.4724119790395101,0.4538293608029683,0.018582616051038107,0.44190030088027316,0.44190030088027316,0.0,4.0,4.0,1640.0,1601.0,0.0,0.14967280626296997,0.3526574969291687,0.48597121238708496,0.9462151527404785,0.0
dynamic,2,1,165,0.46942540486653644,0.45063923875490824,0.01878616859515508,0.4357953088482221,0.4357953088482221,0.0,4.0,4.0,1650.0,1601.0,0.0,0.14967280626296997,0.3526574969291687,0.48597121238708496,0.9462151527404785,0.0
dynamic,2,1,166,0.4572591249148051,0.43647261102994284,0.02078651135166486,0.4276478935281436,0.4276478935281436,0.0,4.0,4.0,1660.0,1601.0,0.0,0.14967280626296997,0.3526574969291687,0.48597121238708496,0.9462151527404785,0.0
dynamic,2,1,167,0.46545400778452556,0.4457349610328674,0.019719049334526062,0.43593193699916205,0.43593193699916205,0.0,4.0,4.0,1670.0,1601.0,0.0,0.14967280626296997,0.3526574969291687,0.48597121238708496,0.9462151527404785,0.0
dynamic,2,1,168,0.45771365602811176,0.43777377327283223,0.019939878632624943,0.43399375875790913,0.43399375875790913,0.0,4.0,4.0,1680.0,1601.0,0.0,0.14967280626296997,0.3526574969291687,0.48597121238708496,0.9462151527404785,0.0
dynamic,2,1,169,0.4466851409276327,0.42809415658315025,0.018590983574589093,0.4238747051358223,0.4238747051358223,0.0,4.0,4.0,1690.0,1601.0,0.0,0.14967280626296997,0.3526574969291687,0.48597121238708496,0.9462151527404785,0.0
dynamic,2,1,170,0.4510557945569356,0.43243387699127195,0.018621916224559148,0.4253375606735547,0.4253375606735547,0.0,4.0,4.0,1700.0,1601.0,0.0,0.14967280626296997,0.3526574969291687,0.48597121238708496,0.9462151527404785,0.0
dynamic,2,1,171,0.44560629804929097,0.4271416719754537,0.018464625825484592,0.4212489451964696,0.4212489451964696,0.0,4.0,4.0,1710.0,1701.0,0.0,0.15049833059310913,0.3274354338645935,0.3928747773170471,1.2318487167358398,1.0
dynamic,2,1,172,0.4434990620613098,0.4254135262966156,0.018085537006457646,0.4148100357254346,0.4148100357254346,0.0,4.0,4.0,1720.0,1701.0,0.0,0.15049833059310913,0.3274354338645935,0.3928747773170471,1.2318487167358398,1.0
dynamic,2,1,173,0.44045989473660785,0.4220479698975881,0.01841192215681076,0.4117305295666059,0.4117305295666059,0.0,4.0,4.0,1730.0,1701.0,0.0,0.15049833059310913,0.3274354338645935,0.3928747773170471,1.2318487167358398,1.0
dynamic,2,1,174,0.4425631308555603,0.42388272047042846,0.018680404871702194,0.40906842877467475,0.40906842877467475,0.0,4.0,4.0,1740.0,1701.0,0.0,0.15049833059310913,0.3274354338645935,0.3928747773170471,1.2318487167358398,1.0
dynamic,2,1,175,0.43815391262372333,0.4186868397394816,0.019467075020074845,0.41516293639938034,0.41516293639938034,0.0,4.0,4.0,1750.0,1701.0,0.0,0.15049833059310913,0.3274354338645935,0.3928747773170471,1.2318487167358398,1.0
dynamic,2,1,176,0.43210862795511884,0.4140157771110535,0.018092846497893333,0.40781657939155896,0.40781657939155896,0.0,4.0,4.0,1760.0,1701.0,0.0,0.15049833059310913,0.3274354338645935,0.3928747773170471,1.2318487167358398,1.0
dynamic,2,1,177,0.4323808495203654,0.4141181147098541,0.018262733817100526,0.4069308976829052,0.4069308976829052,0.0,4.0,4.0,1770.0,1701.0,0.0,0.15049833059310913,0.3274354338645935,0.3928747773170471,1.2318487167358398,1.0
dynamic,2,1,178,0.43248700857162475,0.41305417855580645,0.01943283163011074,0.4014880412817001,0.4014880412817001,0.0,4.0,4.0,1780.0,1701.0,0.0,0.15049833059310913,0.3274354338645935,0.3928747773170471,1.2318487167358398,1.0
dynamic,2,1,179,0.4293411076068878,0.4103201691309611,0.01902094140648842,0.40177551945050555,0.40177551945050555,0.0,4.0,4.0,1790.0,1701.0,0.0,0.15049833059310913,0.3274354338645935,0.3928747773170471,1.2318487167358398,1.0
dynamic,2,1,180,0.4306234645843506,0.4111388071378072,0.01948466184238593,0.39518292501568797,0.39518292501568797,0.0,4.0,4.0,1800.0,1701.0,0.0,0.15049833059310913,0.3274354338645935,0.3928747773170471,1.2318487167358398,1.0
dynamic,2,1,181,0.42416935523351035,0.40554877638816833,0.0186205759147803,0.39498774215579036,0.39498774215579036,0.0,4.0,4.0,1810.0,1801.0,0.0,0.15635131299495697,0.3355616331100464,0.5255683660507202,1.4076943397521973,3.0
dynamic,2,1,182,0.42018597801526386,0.401264097293218,0.018921878188848495,0.39335615957776704,0.39335615957776704,0.0,4.0,4.0,1820.0,1801.0,0.0,0.15635131299495697,0.3355616331100464,0.5255683660507202,1.4076943397521973,3.0
dynamic,2,1,183,0.4204851233959198,0.4007031484444936,0.019781974976261458,0.39328246414661405,0.39328246414661405,0.0,4.0,4.0,1830.0,1801.0,0.0,0.15635131299495697,0.3355616331100464,0.5255683660507202,1.4076943397521973,3.0
dynamic,2,1,184,0.41258683919906614,0.3932355280717214,0.01935130752623081,0.3849857279161612,0.3849857279161612,0.0,4.0,4.0,1840.0,1801.0,0.0,0.15635131299495697,0.3355616331100464,0.5255683660507202,1.4076943397521973,3.0
dynamic,2,1,185,0.4143739891052246,0.39423815806706747,0.020135829498370488,0.3908042102555434,0.3908042102555434,0.0,4.0,4.0,1850.0,1801.0,0.0,0.15635131299495697,0.3355616331100464,0.5255683660507202,1.4076943397521973,3.0
dynamic,2,1,186,0.42487405459086103,0.4045026087760925,0.02037144750356674,0.3862591737012068,0.3862591737012068,0.0,4.0,4.0,1860.0,1801.0,0.0,0.15635131299495697,0.3355616331100464,0.5255683660507202,1.4076943397521973,3.0
dynamic,2,1,187,0.41311977863311766,0.3937047052383423,0.019415071830153466,0.3820900819202264,0.3820900819202264,0.0,4.0,4.0,1870.0,1801.0,0.0,0.15635131299495697,0.3355616331100464,0.5255683660507202,1.4076943397521973,3.0
dynamic,2,1,188,0.41066744526227317,0.39177817583084107,0.0188892712444067,0.3760091916223367,0.3760091916223367,0.0,4.0,4.0,1880.0,1801.0,0.0,0.15635131299495697,0.3355616331100464,0.5255683660507202,1.4076943397521973,3.0
dynamic,2,1,189,0.40603076299031576,0.38662451386451724,0.019406250640749932,0.37994643186529475,0.37994643186529475,0.0,4.0,4.0,1890.0,1801.0,0.0,0.15635131299495697,0.3355616331100464,0.5255683660507202,1.4076943397521973,3.0
dynamic,2,1,190,0.40680209040641785,0.38503028710683185,0.021771798854072887,0.3800866231818994,0.3800866231818994,0.0,4.0,4.0,1900.0,1801.0,0.0,0.15635131299495697,0.3355616331100464,0.5255683660507202,1.4076943397521973,3.0
dynamic,2,1,191,0.4034936698277791,0.383309033314387,0.02018463730812073,0.3805443913737933,0.3805443913737933,0.0,4.0,4.0,1910.0,1901.0,0.0,0.1708289086818695,0.3847541809082031,0.49998295307159424,1.2419848442077637,1.0
dynamic,2,1,192,0.3961957653363546,0.3767011829217275,0.019494580229123433,0.37869841143488886,0.37869841143488886,0.0,4.0,4.0,1920.0,1901.0,0.0,0.1708289086818695,0.3847541809082031,0.49998295307159424,1.2419848442077637,1.0
dynamic,2,1,193,0.399761829773585,0.37797326683998106,0.021788564572731654,0.369387060602506,0.369387060602506,0.0,4.0,4.0,1930.0,1901.0,0.0,0.1708289086818695,0.3847541809082031,0.49998295307159424,1.2419848442077637,1.0
dynamic,2,1,194,0.39406578699747724,0.37294471621513364,0.021121068646510442,0.37315364003181456,0.37315364003181456,0.0,4.0,4.0,1940.0,1901.0,0.0,0.1708289086818695,0.3847541809082031,0.49998295307159424,1.2419848442077637,1.0
dynamic,2,1,195,0.39147950331370035,0.3701285485426585,0.02135095568994681,0.3667011109987895,0.3667011109987895,0.0,4.0,4.0,1950.0,1901.0,0.0,0.1708289086818695,0.3847541809082031,0.49998295307159424,1.2419848442077637,1.0
dynamic,2,1,196,0.40042165080706277,0.37811678409576416,0.022304868325591087,0.37004935801029204,0.37004935801029204,0.0,4.0,4.0,1960.0,1901.0,0.0,0.1708289086818695,0.3847541809082031,0.49998295307159424,1.2419848442077637,1.0
dynamic,2,1,197,0.39239006241162616,0.37215676267941794,0.02023330107331276,0.3695746853450934,0.3695746853450934,0.0,4.0,4.0,1970.0,1901.0,0.0,0.1708289086818695,0.3847541809082031,0.49998295307159424,1.2419848442077637,1.0
dynamic,2,1,198,0.3844902809460958,0.36398585279782614,0.020504424373308818,0.35637310455242793,0.35637310455242793,0.0,4.0,4.0,1980.0,1901.0,0.0,0.1708289086818695,0.3847541809082031,0.49998295307159424,1.2419848442077637,1.0
dynamic,2,1,199,0.39270819584528605,0.3695654499530792,0.02314274273812771,0.3532108719646931,0.3532108719646931,0.0,4.0,4.0,1990.0,1901.0,0.0,0.1708289086818695,0.3847541809082031,0.49998295307159424,1.2419848442077637,1.0
dynamic,2,1,200,0.38234021226565046,0.3594164788722992,0.022923736969629925,0.35122151439388594,0.35122151439388594,0.0,4.0,4.0,2000.0,1901.0,0.0,0.1708289086818695,0.3847541809082031,0.49998295307159424,1.2419848442077637,1.0
dynamic,2,1,201,0.3864528946081797,0.3626831213633219,0.023769771158695222,0.3492570135494073,0.3492570135494073,0.0,4.0,4.0,2010.0,2001.0,0.0,0.18270458281040192,0.4012012481689453,0.5170121192932129,1.3525571823120117,2.0
dynamic,2,1,202,0.3794166958332062,0.35774259249369306,0.02167410435775916,0.3475678189098835,0.3475678189098835,0.0,4.0,4.0,2020.0,2001.0,0.0,0.18270458281040192,0.4012012481689453,0.5170121192932129,1.3525571823120117,2.0
dynamic,2,1,203,0.37772780656814575,0.35508432229359943,0.022643480698267618,0.35202465871969857,0.35202465871969857,0.0,4.0,4.0,2030.0,2001.0,0.0,0.18270458281040192,0.4012012481689453,0.5170121192932129,1.3525571823120117,2.0
dynamic,2,1,204,0.38070317228635153,0.35819687525431315,0.022506294300158818,0.3533619966606299,0.3533619966606299,0.0,4.0,4.0,2040.0,2001.0,0.0,0.18270458281040192,0.4012012481689453,0.5170121192932129,1.3525571823120117,2.0
dynamic,2,1,205,0.3681309576829275,0.34733097354571024,0.020799986769755682,0.33806717857718466,0.33806717857718466,0.0,4.0,4.0,2050.0,2001.0,0.0,0.18270458281040192,0.4012012481689453,0.5170121192932129,1.3525571823120117,2.0
dynamic,2,1,206,0.3656689377625783,0.34352803190549214,0.022140910079081852,0.3396024531622728,0.3396024531622728,0.0,4.0,4.0,2060.0,2001.0,0.0,0.18270458281040192,0.4012012481689453,0.5170121192932129,1.3525571823120117,2.0
dynamic,2,1,207,0.36527974049250284,0.34279568831125895,0.02248404939969381,0.3404721098144849,0.3404721098144849,0.0,4.0,4.0,2070.0,2001.0,0.0,0.18270458281040192,0.4012012481689453,0.5170121192932129,1.3525571823120117,2.0
dynamic,2,1,208,0.3611678592363993,0.33886648456255597,0.022301377207040788,0.33157154187560084,0.33157154187560084,0.0,4.0,4.0,2080.0,2001.0,0.0,0.18270458281040192,0.4012012481689453,0.5170121192932129,1.3525571823120117,2.0
dynamic,2,1,209,0.3634871260325114,0.34012631376584374,0.02336081365744273,0.33673308437069255,0.33673308437069255,0.0,4.0,4.0,2090.0,2001.0,0.0,0.18270458281040192,0.4012012481689453,0.5170121192932129,1.3525571823120117,2.0
dynamic,2,1,210,0.3632122572263082,0.33917769908905027,0.0240345565478007,0.3257281536857287,0.3257281536857287,0.0,4.0,4.0,2100.0,2001.0,0.0,0.18270458281040192,0.4012012481689453,0.5170121192932129,1.3525571823120117,2.0
dynamic,2,1,211,0.35481200019518533,0.332807613213857,0.022004387279351553,0.3276105789840221,0.3276105789840221,0.0,4.0,4.0,2110.0,2101.0,0.0,0.17649957537651062,0.36773431301116943,0.47503727674484253,1.7202556133270264,3.0
dynamic,2,1,212,0.35531930446624754,0.33188336034615834,0.02343594732383887,0.32858948667844134,0.32858948667844134,0.0,4.0,4.0,2120.0,2101.0,0.0,0.17649957537651062,0.36773431301116943,0.47503727674484253,1.7202556133270264,3.0
dynamic,2,1,213,0.3560145461559296,0.33334291259447735,0.022671634207169215,0.3222810265421867,0.3222810265421867,0.0,4.0,4.0,2130.0,2101.0,0.0,0.17649957537651062,0.36773431301116943,0.47503727674484253,1.7202556133270264,3.0
dynamic,2,1,214,0.35518359502156577,0.3322942066192627,0.022889389817913372,0.32141185889641444,0.32141185889641444,0.0,4.0,4.0,2140.0,2101.0,0.0,0.17649957537651062,0.36773431301116943,0.47503727674484253,1.7202556133270264,3.0
dynamic,2,1,215,0.34611382881800334,0.3244607400894165,0.021653089125951132,0.31914598897099494,0.31914598897099494,0.0,4.0,4.0,2150.0,2101.0,0.0,0.17649957537651062,0.36773431301116943,0.47503727674484253,1.7202556133270264,3.0
dynamic,2,1,216,0.34603528141975404,0.32447569131851195,0.021559585928916932,0.3165577179690202,0.3165577179690202,0.0,4.0,4.0,2160.0,2101.0,0.0,0.17649957537651062,0.36773431301116943,0.47503727674484253,1.7202556133270264,3.0
dynamic,2,1,217,0.343615870475769,0.32186293760935464,0.021752933462460836,0.3172318496803443,0.3172318496803443,0.0,4.0,4.0,2170.0,2101.0,0.0,0.17649957537651062,0.36773431301116943,0.47503727674484253,1.7202556133270264,3.0
dynamic,2,1,218,0.3439838910102844,0.32069917798042297,0.023284714420636496,0.31240282838543254,0.31240282838543254,0.0,4.0,4.0,2180.0,2101.0,0.0,0.17649957537651062,0.36773431301116943,0.47503727674484253,1.7202556133270264,3.0
dynamic,2,1,219,0.34085782726605734,0.31868338902791343,0.022174441119035083,0.3125757504006227,0.3125757504006227,0.0,4.0,4.0,2190.0,2101.0,0.0,0.17649957537651062,0.36773431301116943,0.47503727674484253,1.7202556133270264,3.0
dynamic,2,1,220,0.3431083369255066,0.31941625038782756,0.02369209016362826,0.3115086373935143,0.3115086373935143,0.0,4.0,4.0,2200.0,2101.0,0.0,0.17649957537651062,0.36773431301116943,0.47503727674484253,1.7202556133270264,3.0
dynamic,2,1,221,0.33806463877360027,0.3146193277835846,0.02344531200826168,0.3073596420387427,0.3073596420387427,0.0,4.0,4.0,2210.0,2201.0,0.0,0.18266092240810394,0.4364149570465088,0.5231385231018066,1.1132488250732422,1.0
dynamic,2,1,222,0.3351581676801046,0.3124138049284617,0.022744358380635578,0.3112723905344804,0.3112723905344804,0.0,4.0,4.0,2220.0,2201.0,0.0,0.18266092240810394,0.4364149570465088,0.5231385231018066,1.1132488250732422,1.0
dynamic,2,1,223,0.33662933826446534,0.31279353578885394,0.023835807864864667,0.3058100132147471,0.3058100132147471,0.0,4.0,4.0,2230.0,2201.0,0.0,0.18266092240810394,0.4364149570465088,0.5231385231018066,1.1132488250732422,1.0
dynamic,2,1,224,0.33183869361877444,0.3084950133164724,0.02334367886185646,0.30268316241602106,0.30268316241602106,0.0,4.0,4.0,2240.0,2201.0,0.0,0.18266092240810394,0.4364149570465088,0.5231385231018066,1.1132488250732422,1.0
dynamic,2,1,225,0.32636947711308795,0.30313840508461,0.02323107125858466,0.3005541115254164,0.3005541115254164,0.0,4.0,4.0,2250.0,2201.0,0.0,0.18266092240810394,0.4364149570465088,0.5231385231018066,1.1132488250732422,1.0
dynamic,2,1,226,0.3297362132867177,0.30602478464444477,0.023711427102486294,0.29903787473837534,0.29903787473837534,0.0,4.0,4.0,2260.0,2201.0,0.0,0.18266092240810394,0.4364149570465088,0.5231385231018066,1.1132488250732422,1.0
dynamic,2,1,227,0.32883693973223366,0.30514987031618757,0.023687070632974306,0.298415675436457,0.298415675436457,0.0,4.0,4.0,2270.0,2201.0,0.0,0.18266092240810394,0.4364149570465088,0.5231385231018066,1.1132488250732422,1.0
dynamic,2,1,228,0.3227878797054291,0.2992286296685537,0.023559250980615617,0.2977908380081256,0.2977908380081256,0.0,4.0,4.0,2280.0,2201.0,0.0,0.18266092240810394,0.4364149570465088,0.5231385231018066,1.1132488250732422,1.0
dynamic,2,1,229,0.3291310973962148,0.30347680727640786,0.025654287387927372,0.2943505720545848,0.2943505720545848,0.0,4.0,4.0,2290.0,2201.0,0.0,0.18266092240810394,0.4364149570465088,0.5231385231018066,1.1132488250732422,1.0
dynamic,2,1,230,0.3214676570892334,0.29750823895136513,0.023959420969088874,0.2910635647922754,0.2910635647922754,0.0,4.0,4.0,2300.0,2201.0,0.0,0.18266092240810394,0.4364149570465088,0.5231385231018066,1.1132488250732422,1.0
dynamic,2,1,231,0.3284707526365916,0.3031372233231862,0.025333530455827712,0.29066731271644436,0.29066731271644436,0.0,4.0,4.0,2310.0,2301.0,0.0,0.21234674751758575,0.5156497359275818,0.6935901641845703,1.9592819213867188,2.0
dynamic,2,1,232,0.3169601758321126,0.2931372265021006,0.02382294610142708,0.286227328106761,0.286227328106761,0.0,4.0,4.0,2320.0,2301.0,0.0,0.21234674751758575,0.5156497359275818,0.6935901641845703,1.9592819213867188,2.0
dynamic,2,1,233,0.3148584747314453,0.2897421952088674,0.025116278131802876,0.2909752565373977,0.2909752565373977,0.0,4.0,4.0,2330.0,2301.0,0.0,0.21234674751758575,0.5156497359275818,0.6935901641845703,1.9592819213867188,2.0
dynamic,2,1,234,0.3113947097460429,0.2860607159137726,0.02533398988346259,0.2837377848227819,0.2837377848227819,0.0,4.0,4.0,2340.0,2301.0,0.0,0.21234674751758575,0.5156497359275818,0.6935901641845703,1.9592819213867188,2.0
dynamic,2,1,235,0.3158144295215607,0.29032044370969134,0.025493987450997034,0.2824622247368097,0.2824622247368097,0.0,4.0,4.0,2350.0,2301.0,0.0,0.21234674751758575,0.5156497359275818,0.6935901641845703,1.9592819213867188,2.0
dynamic,2,1,236,0.3081310129165649,0.283114736477534,0.02501627301176389,0.2802348678310712,0.2802348678310712,0.0,4.0,4.0,2360.0,2301.0,0.0,0.21234674751758575,0.5156497359275818,0.6935901641845703,1.9592819213867188,2.0
dynamic,2,1,237,0.3083018434047699,0.2827316172917684,0.025570223356286684,0.2765069265415271,0.2765069265415271,0.0,4.0,4.0,2370.0,2301.0,0.0,0.21234674751758575,0.5156497359275818,0.6935901641845703,1.9592819213867188,2.0
dynamic,2,1,238,0.31332611044247943,0.2859965419769287,0.02732956990599632,0.2752281834681829,0.2752281834681829,0.0,4.0,4.0,2380.0,2301.0,0.0,0.21234674751758575,0.5156497359275818,0.6935901641845703,1.9592819213867188,2.0
dynamic,2,1,239,0.3084666713078817,0.28357227603594465,0.024894398500521976,0.27241876237094403,0.27241876237094403,0.0,4.0,4.0,2390.0,2301.0,0.0,0.21234674751758575,0.5156497359275818,0.6935901641845703,1.9592819213867188,2.0
dynamic,2,1,240,0.297519748210907,0.27433637460072835,0.023183371275663375,0.27859811097383497,0.27859811097383497,0.0,4.0,4.0,2400.0,2301.0,0.0,0.21234674751758575,0.5156497359275818,0.6935901641845703,1.9592819213867188,2.0
dynamic,2,1,241,0.3063564125696818,0.2794303997357686,0.02692601387699445,0.2742380527903636,0.2742380527903636,0.0,4.0,4.0,2410.0,2401.0,0.0,0.2108493596315384,0.48862147331237793,0.6838632822036743,1.6463427543640137,6.0
dynamic,2,1,242,0.3040605497360229,0.2786490126450856,0.02541153907775879,0.26403037754197917,0.26403037754197917,0.0,4.0,4.0,2420.0,2401.0,0.0,0.2108493596315384,0.48862147331237793,0.6838632822036743,1.6463427543640137,6.0
dynamic,2,1,243,0.30918776710828144,0.28282578905423483,0.026361974428097408,0.2695894228170315,0.2695894228170315,0.0,4.0,4.0,2430.0,2401.0,0.0,0.2108493596315384,0.48862147331237793,0.6838632822036743,1.6463427543640137,6.0
dynamic,2,1,244,0.2938735290368398,0.2714521805445353,0.022421350727478664,0.2701259268820286,0.2701259268820286,0.0,4.0,4.0,2440.0,2401.0,0.0,0.2108493596315384,0.48862147331237793,0.6838632822036743,1.6463427543640137,6.0
dynamic,2,1,245,0.29456640998522443,0.2703588322798411,0.02420757571856181,0.2768448737512032,0.2768448737512032,0.0,4.0,4.0,2450.0,2401.0,0.0,0.2108493596315384,0.48862147331237793,0.6838632822036743,1.6463427543640137,6.0
dynamic,2,1,246,0.30176923751831053,0.2758828610181808,0.025886377294858296,0.26097317606210707,0.26097317606210707,0.0,4.0,4.0,2460.0,2401.0,0.0,0.2108493596315384,0.48862147331237793,0.6838632822036743,1.6463427543640137,6.0
dynamic,2,1,247,0.2888183216253916,0.2645833176374435,0.024235004434982936,0.2611452884723743,0.2611452884723743,0.0,4.0,4.0,2470.0,2401.0,0.0,0.2108493596315384,0.48862147331237793,0.6838632822036743,1.6463427543640137,6.0
dynamic,2,1,248,0.2964251677195231,0.2698478889465332,0.026577281206846236,0.2554835420846939,0.2554835420846939,0.0,4.0,4.0,2480.0,2401.0,0.0,0.2108493596315384,0.48862147331237793,0.6838632822036743,1.6463427543640137,6.0
dynamic,2,1,249,0.2869022540251414,0.2627854073047638,0.024116850346326827,0.2570501631249984,0.2570501631249984,0.0,4.0,4.0,2490.0,2401.0,0.0,0.2108493596315384,0.48862147331237793,0.6838632822036743,1.6463427543640137,6.0
dynamic,2,1,250,0.2874838264783223,0.2619017767906189,0.025582055350144704,0.24887419963876406,0.24887419963876406,0.0,4.0,4.0,2500.0,2401.0,0.0,0.2108493596315384,0.48862147331237793,0.6838632822036743,1.6463427543640137,6.0
dynamic,2,1,251,0.28195700963338216,0.2589766408999761,0.022980366796255113,0.2497817117969195,0.2497817117969195,0.0,4.0,4.0,2510.0,2501.0,0.0,0.18396514654159546,0.4178999662399292,0.5912930965423584,1.8263769149780273,3.0
dynamic,2,1,252,0.2854903344313304,0.2600262192885081,0.025464110001921655,0.26139606041212876,0.26139606041212876,0.0,4.0,4.0,2520.0,2501.0,0.0,0.18396514654159546,0.4178999662399292,0.5912930965423584,1.8263769149780273,3.0
dynamic,2,1,253,0.28480615258216857,0.25824406266212463,0.0265620872626702,0.2454698050270478,0.2454698050270478,0.0,4.0,4.0,2530.0,2501.0,0.0,0.18396514654159546,0.4178999662399292,0.5912930965423584,1.8263769149780273,3.0
dynamic,2,1,254,0.27497572739919024,0.2501515996456146,0.024824128995339076,0.25574053175747397,0.25574053175747397,0.0,4.0,4.0,2540.0,2501.0,0.0,0.18396514654159546,0.4178999662399292,0.5912930965423584,1.8263769149780273,3.0
dynamic,2,1,255,0.28453129808108013,0.25564478039741517,0.02888651912411054,0.24417397866646448,0.24417397866646448,0.0,4.0,4.0,2550.0,2501.0,0.0,0.18396514654159546,0.4178999662399292,0.5912930965423584,1.8263769149780273,3.0
dynamic,2,1,256,0.27649137020111086,0.25023548762003583,0.026255878458420437,0.24229832043250402,0.24229832043250402,0.0,4.0,4.0,2560.0,2501.0,0.0,0.18396514654159546,0.4178999662399292,0.5912930965423584,1.8263769149780273,3.0
dynamic,2,1,257,0.2778582219282786,0.24998720626036325,0.027871019194523495,0.24058087209860485,0.24058087209860485,0.0,4.0,4.0,2570.0,2501.0,0.0,0.18396514654159546,0.4178999662399292,0.5912930965423584,1.8263769149780273,3.0
dynamic,2,1,258,0.2741009791692098,0.2456018312772115,0.02849914809068044,0.24513214459021887,0.24513214459021887,0.0,4.0,4.0,2580.0,2501.0,0.0,0.18396514654159546,0.4178999662399292,0.5912930965423584,1.8263769149780273,3.0
dynamic,2,1,259,0.2777298148473104,0.24844508330027262,0.029284727921088535,0.2387722082187732,0.2387722082187732,0.0,4.0,4.0,2590.0,2501.0,0.0,0.18396514654159546,0.4178999662399292,0.5912930965423584,1.8263769149780273,3.0
dynamic,2,1,260,0.2802693700790405,0.24879933694998424,0.03147003511587779,0.24062895397345224,0.24062895397345224,0.0,4.0,4.0,2600.0,2501.0,0.0,0.18396514654159546,0.4178999662399292,0.5912930965423584,1.8263769149780273,3.0
dynamic,2,1,261,0.2694490158557892,0.23988564054171244,0.029563377797603606,0.23811444548269112,0.23811444548269112,0.0,4.0,4.0,2610.0,2601.0,0.0,0.25240129232406616,0.6413660049438477,0.8205152750015259,2.2302398681640625,9.0
dynamic,2,1,262,0.27405120571454367,0.24213470975557963,0.0319164976477623,0.23564094699919225,0.23564094699919225,0.0,4.0,4.0,2620.0,2601.0,0.0,0.25240129232406616,0.6413660049438477,0.8205152750015259,2.2302398681640625,9.0
dynamic,2,1,263,0.27245888372262317,0.24171888768672944,0.03073999526600043,0.23687803633511068,0.23687803633511068,0.0,4.0,4.0,2630.0,2601.0,0.0,0.25240129232406616,0.6413660049438477,0.8205152750015259,2.2302398681640625,9.0
dynamic,2,1,264,0.27226189772288006,0.2412622054417928,0.030999693373839062,0.23363681222001711,0.23363681222001711,0.0,4.0,4.0,2640.0,2601.0,0.0,0.25240129232406616,0.6413660049438477,0.8205152750015259,2.2302398681640625,9.0
dynamic,2,1,265,0.2812217132250468,0.24664159456888834,0.034580119252204895,0.25103694401681426,0.25103694401681426,0.0,4.0,4.0,2650.0,2601.0,0.0,0.25240129232406616,0.6413660049438477,0.8205152750015259,2.2302398681640625,9.0
dynamic,2,1,266,0.2724345842997233,0.2402330110470454,0.03220157484213511,0.23236471481621265,0.23236471481621265,0.0,4.0,4.0,2660.0,2601.0,0.0,0.25240129232406616,0.6413660049438477,0.8205152750015259,2.2302398681640625,9.0
dynamic,2,1,267,0.2695873594284058,0.23463801582654317,0.034949342608451846,0.2273351367811362,0.2273351367811362,0.0,4.0,4.0,2670.0,2601.0,0.0,0.25240129232406616,0.6413660049438477,0.8205152750015259,2.2302398681640625,9.0
dynamic,2,1,268,0.2728995394706726,0.23733352661132812,0.035566014995177586,0.2438247161358595,0.2438247161358595,0.0,4.0,4.0,2680.0,2601.0,0.0,0.25240129232406616,0.6413660049438477,0.8205152750015259,2.2302398681640625,9.0
dynamic,2,1,269,0.26886518875757853,0.23468749086062113,0.034177697549263635,0.2694493217021227,0.2694493217021227,0.0,4.0,4.0,2690.0,2601.0,0.0,0.25240129232406616,0.6413660049438477,0.8205152750015259,2.2302398681640625,9.0
dynamic,2,1,270,0.27454485416412355,0.23705000758171083,0.03749484529097875,0.23590153969824315,0.23590153969824315,0.0,4.0,4.0,2700.0,2601.0,0.0,0.25240129232406616,0.6413660049438477,0.8205152750015259,2.2302398681640625,9.0
dynamic,2,1,271,0.27697203556696576,0.2392021801074346,0.037769854565461475,0.22704690635204317,0.22704690635204317,0.0,4.0,4.0,2710.0,2701.0,1.0,0.35718363523483276,0.9013047218322754,1.4059016704559326,2.693157196044922,23.0
dynamic,2,1,272,0.2714920787016551,0.23319441437721253,0.038297666311264036,0.24294689352313678,0.24294689352313678,0.0,4.0,4.0,2720.0,2701.0,1.0,0.35718363523483276,0.9013047218322754,1.4059016704559326,2.693157196044922,23.0
dynamic,2,1,273,0.2712211585044861,0.23100194295247395,0.04021920869747798,0.2586649460097154,0.2586649460097154,0.0,4.0,4.0,2730.0,2701.0,1.0,0.35718363523483276,0.9013047218322754,1.4059016704559326,2.693157196044922,23.0
dynamic,2,1,274,0.26625815431276956,0.22827581604321798,0.03798233573635419,0.25902234988907974,0.25902234988907974,0.0,4.0,4.0,2740.0,2701.0,1.0,0.35718363523483276,0.9013047218322754,1.4059016704559326,2.693157196044922,23.0
dynamic,2,1,275,0.2738992061217626,0.23376745839913687,0.040131744543711344,0.2472331597407659,0.2472331597407659,0.0,4.0,4.0,2750.0,2701.0,1.0,0.35718363523483276,0.9013047218322754,1.4059016704559326,2.693157196044922,23.0
dynamic,2,1,276,0.271285942196846,0.2320030196507772,0.03928292269508044,0.2321273884922266,0.2321273884922266,0.0,4.0,4.0,2760.0,2701.0,1.0,0.35718363523483276,0.9013047218322754,1.4059016704559326,2.693157196044922,23.0
dynamic,2,1,277,0.2839860681692759,0.2426243931055069,0.041361676156520845,0.2205529128263394,0.2205529128263394,0.0,4.0,4.0,2770.0,2701.0,1.0,0.35718363523483276,0.9013047218322754,1.4059016704559326,2.693157196044922,23.0
dynamic,2,1,278,0.2748990837732951,0.23225495954354605,0.04264412442843119,0.23132559458414714,0.23132559458414714,0.0,4.0,4.0,2780.0,2701.0,1.0,0.35718363523483276,0.9013047218322754,1.4059016704559326,2.693157196044922,23.0
dynamic,2,1,279,0.26461938659350076,0.2261973915497462,0.03842199221253395,0.21847150882085165,0.21847150882085165,0.0,4.0,4.0,2790.0,2701.0,1.0,0.35718363523483276,0.9013047218322754,1.4059016704559326,2.693157196044922,23.0
dynamic,2,1,280,0.2852553900082906,0.24059578657150268,0.04465960472822189,0.217685825775067,0.217685825775067,0.0,4.0,4.0,2800.0,2701.0,1.0,0.35718363523483276,0.9013047218322754,1.4059016704559326,2.693157196044922,23.0
dynamic,2,1,281,0.3100876136620839,0.2712476241588593,0.03883998999993006,0.2443548446893692,0.2443548446893692,0.0,5.0,5.0,2810.0,2801.0,0.0,0.3456500172615051,0.8324304819107056,1.111061930656433,2.6965551376342773,19.0
dynamic,2,1,282,0.31524177034695944,0.267084751923879,0.04815701891978582,0.2363516740500927,0.2363516740500927,0.0,5.0,5.0,2820.0,2801.0,0.0,0.3456500172615051,0.8324304819107056,1.111061930656433,2.6965551376342773,19.0
dynamic,2,1,283,0.27183767358462013,0.22626036167144775,0.04557731032371521,0.31303036575516063,0.31303036575516063,0.0,5.0,5.0,2830.0,2801.0,0.0,0.3456500172615051,0.8324304819107056,1.111061930656433,2.6965551376342773,19.0
dynamic,2,1,284,0.29419257283210754,0.25519125660260517,0.03900132065018018,0.2424094807356596,0.2424094807356596,0.0,5.0,5.0,2840.0,2801.0,0.0,0.3456500172615051,0.8324304819107056,1.111061930656433,2.6965551376342773,19.0
dynamic,2,1,285,0.2804386075337728,0.24421504418055218,0.03622356216112772,0.26159758381545545,0.26159758381545545,0.0,5.0,5.0,2850.0,2801.0,0.0,0.3456500172615051,0.8324304819107056,1.111061930656433,2.6965551376342773,19.0
dynamic,2,1,286,0.28225560903549196,0.24287955145041148,0.039376060515642165,0.2359172306706508,0.2359172306706508,0.0,5.0,5.0,2860.0,2801.0,0.0,0.3456500172615051,0.8324304819107056,1.111061930656433,2.6965551376342773,19.0
dynamic,2,1,287,0.27968644539515175,0.24089664002259573,0.038789807856082915,0.23747713188330333,0.23747713188330333,0.0,5.0,5.0,2870.0,2801.0,0.0,0.3456500172615051,0.8324304819107056,1.111061930656433,2.6965551376342773,19.0
dynamic,2,1,288,0.2745936918258667,0.23773164252440135,0.03686204681793848,0.22457465747992197,0.22457465747992197,0.0,5.0,5.0,2880.0,2801.0,0.0,0.3456500172615051,0.8324304819107056,1.111061930656433,2.6965551376342773,19.0
dynamic,2,1,289,0.2622148144245148,0.22753649214903512,0.034678326050440474,0.25213461721936864,0.25213461721936864,0.0,5.0,5.0,2890.0,2801.0,0.0,0.3456500172615051,0.8324304819107056,1.111061930656433,2.6965551376342773,19.0
dynamic,2,1,290,0.26988711635271706,0.23698237240314485,0.0329047433535258,0.21444336518645288,0.21444336518645288,0.0,5.0,5.0,2900.0,2801.0,0.0,0.3456500172615051,0.8324304819107056,1.111061930656433,2.6965551376342773,19.0
dynamic,2,1,291,0.2577827596664429,0.22606230755647025,0.031720453798770906,0.24045598782598973,0.24045598782598973,0.0,5.0,5.0,2910.0,2901.0,0.0,0.24992084503173828,0.6212332248687744,0.7318989634513855,1.459214210510254,3.0
dynamic,2,1,292,0.2597402864694595,0.22792410890261333,0.03181617870926857,0.21683804288506509,0.21683804288506509,0.0,5.0,5.0,2920.0,2901.0,0.0,0.24992084503173828,0.6212332248687744,0.7318989634513855,1.459214210510254,3.0
dynamic,2,1,293,0.2491517847776413,0.2224513465166092,0.0267004365225633,0.22894936343034109,0.22894936343034109,0.0,5.0,5.0,2930.0,2901.0,0.0,0.24992084503173828,0.6212332248687744,0.7318989634513855,1.459214210510254,3.0
dynamic,2,1,294,0.2502999170621236,0.2242242407798767,0.026075676679611207,0.21568881844480833,0.21568881844480833,0.0,5.0,5.0,2940.0,2901.0,0.0,0.24992084503173828,0.6212332248687744,0.7318989634513855,1.459214210510254,3.0
dynamic,2,1,295,0.24085855841636658,0.2160388602813085,0.02481970300277074,0.22629773574570813,0.22629773574570813,0.0,5.0,5.0,2950.0,2901.0,0.0,0.24992084503173828,0.6212332248687744,0.7318989634513855,1.459214210510254,3.0
dynamic,2,1,296,0.2443672788143158,0.22029677907625833,0.024070497751235962,0.21049046176175276,0.21049046176175276,0.0,5.0,5.0,2960.0,2901.0,0.0,0.24992084503173828,0.6212332248687744,0.7318989634513855,1.459214210510254,3.0
dynamic,2,1,297,0.24484913647174836,0.22028767585754394,0.024561460067828497,0.21238797483344873,0.21238797483344873,0.0,5.0,5.0,2970.0,2901.0,0.0,0.24992084503173828,0.6212332248687744,0.7318989634513855,1.459214210510254,3.0
dynamic,2,1,298,0.24042022506395977,0.2149644907315572,0.025455733289321263,0.21798654446999233,0.21798654446999233,0.0,5.0,5.0,2980.0,2901.0,0.0,0.24992084503173828,0.6212332248687744,0.7318989634513855,1.459214210510254,3.0
dynamic,2,1,299,0.22949537773927053,0.20508159359296163,0.02441378268102805,0.21296863682568073,0.21296863682568073,0.0,5.0,5.0,2990.0,2901.0,0.0,0.24992084503173828,0.6212332248687744,0.7318989634513855,1.459214210510254,3.0
dynamic,2,1,300,0.24340519189834595,0.21770973443984987,0.025695456465085347,0.2050702338665724,0.2050702338665724,0.0,5.0,5.0,3000.0,2901.0,0.0,0.24992084503173828,0.6212332248687744,0.7318989634513855,1.459214210510254,3.0
dynamic,2,1,301,0.23238977233568828,0.20695557415485383,0.02543419972062111,0.21224021673202514,0.21224021673202514,0.0,5.0,5.0,3010.0,3001.0,0.0,0.21643111109733582,0.5810189247131348,0.6768006086349487,2.0001492500305176,7.0
dynamic,2,1,302,0.23471062103907267,0.20822226285934448,0.026488359794020654,0.202687630529205,0.202687630529205,0.0,5.0,5.0,3020.0,3001.0,0.0,0.21643111109733582,0.5810189247131348,0.6768006086349487,2.0001492500305176,7.0
dynamic,2,1,303,0.24067592938741048,0.2108181877930959,0.029857742587725323,0.20456761178870997,0.20456761178870997,0.0,5.0,5.0,3030.0,3001.0,0.0,0.21643111109733582,0.5810189247131348,0.6768006086349487,2.0001492500305176,7.0
dynamic,2,1,304,0.23790720542271931,0.20810568432013193,0.029801520307858785,0.19758276723325252,0.19758276723325252,0.0,5.0,5.0,3040.0,3001.0,0.0,0.21643111109733582,0.5810189247131348,0.6768006086349487,2.0001492500305176,7.0
dynamic,2,1,305,0.22810581962267557,0.19908341904481253,0.029022401273250578,0.19691402154664198,0.19691402154664198,0.0,5.0,5.0,3050.0,3001.0,0.0,0.21643111109733582,0.5810189247131348,0.6768006086349487,2.0001492500305176,7.0
dynamic,2,1,306,0.22481922328472137,0.19524984856446584,0.029569374173879625,0.19528099512060484,0.19528099512060484,0.0,5.0,5.0,3060.0,3001.0,0.0,0.21643111109733582,0.5810189247131348,0.6768006086349487,2.0001492500305176,7.0
dynamic,2,1,307,0.23027621964613595,0.20139074186484018,0.028885478004813194,0.19872173748910427,0.19872173748910427,0.0,5.0,5.0,3070.0,3001.0,0.0,0.21643111109733582,0.5810189247131348,0.6768006086349487,2.0001492500305176,7.0
dynamic,2,1,308,0.2237048383553823,0.192293598651886,0.031411239206790925,0.19468994463483494,0.19468994463483494,0.0,5.0,5.0,3080.0,3001.0,0.0,0.21643111109733582,0.5810189247131348,0.6768006086349487,2.0001492500305176,7.0
dynamic,2,1,309,0.22176661213239035,0.18924378395080566,0.032522828181584675,0.1875424170245727,0.1875424170245727,0.0,5.0,5.0,3090.0,3001.0,0.0,0.21643111109733582,0.5810189247131348,0.6768006086349487,2.0001492500305176,7.0
dynamic,2,1,310,0.22279450515906016,0.18919993996620177,0.0335945633550485,0.19350918685396512,0.19350918685396512,0.0,5.0,5.0,3100.0,3001.0,0.0,0.21643111109733582,0.5810189247131348,0.6768006086349487,2.0001492500305176,7.0
dynamic,2,1,311,0.2277606399854024,0.19408297022183738,0.03367766643563906,0.18746094949543476,0.18746094949543476,0.0,5.0,5.0,3110.0,3101.0,0.0,0.2516400218009949,0.5895366668701172,0.7721408009529114,3.0414628982543945,9.0
dynamic,2,1,312,0.22577746331691742,0.19214097996552784,0.03363648394743601,0.1917198917766412,0.1917198917766412,0.0,5.0,5.0,3120.0,3101.0,0.0,0.2516400218009949,0.5895366668701172,0.7721408009529114,3.0414628982543945,9.0
dynamic,2,1,313,0.22252438882986705,0.18920715510845185,0.033317233969767886,0.18910158495108287,0.18910158495108287,0.0,5.0,5.0,3130.0,3101.0,0.0,0.2516400218009949,0.5895366668701172,0.7721408009529114,3.0414628982543945,9.0
dynamic,2,1,314,0.22720215360323587,0.1920867967605591,0.035115355253219606,0.1896018747985363,0.1896018747985363,0.0,5.0,5.0,3140.0,3101.0,0.0,0.2516400218009949,0.5895366668701172,0.7721408009529114,3.0414628982543945,9.0
dynamic,2,1,315,0.22253974298636117,0.18611525257428488,0.036424490660429,0.18409869310756524,0.18409869310756524,0.0,5.0,5.0,3150.0,3101.0,0.0,0.2516400218009949,0.5895366668701172,0.7721408009529114,3.0414628982543945,9.0
dynamic,2,1,316,0.2335495654741923,0.195110977490743,0.038438588082790374,0.1890606328099966,0.1890606328099966,0.0,5.0,5.0,3160.0,3101.0,0.0,0.2516400218009949,0.5895366668701172,0.7721408009529114,3.0414628982543945,9.0
dynamic,2,1,317,0.21653391162554422,0.17912843624750774,0.03740547825892766,0.18476235873997213,0.18476235873997213,0.0,5.0,5.0,3170.0,3101.0,0.0,0.2516400218009949,0.5895366668701172,0.7721408009529114,3.0414628982543945,9.0
dynamic,2,1,318,0.2291054129600525,0.19015989621480306,0.03894551565249761,0.19072799277802308,0.19072799277802308,0.0,5.0,5.0,3180.0,3101.0,0.0,0.2516400218009949,0.5895366668701172,0.7721408009529114,3.0414628982543945,9.0
dynamic,2,1,319,0.22084345936775207,0.1817285054922104,0.03911495372653007,0.18234662272036076,0.18234662272036076,0.0,5.0,5.0,3190.0,3101.0,0.0,0.2516400218009949,0.5895366668701172,0.7721408009529114,3.0414628982543945,9.0
dynamic,2,1,320,0.221276233792305,0.1831684293349584,0.038107804854710894,0.18616376526653766,0.18616376526653766,0.0,5.0,5.0,3200.0,3101.0,0.0,0.2516400218009949,0.5895366668701172,0.7721408009529114,3.0414628982543945,9.0
dynamic,2,1,321,0.22097097257773082,0.18209764997164407,0.03887332220872243,0.17560272636512916,0.17560272636512916,0.0,5.0,5.0,3210.0,3201.0,1.0,0.3346495032310486,1.0017563104629517,1.3364261388778687,3.1912527084350586,26.0
dynamic,2,1,322,0.21583067695299785,0.1782696537176768,0.03756102209289869,0.1757510241617759,0.1757510241617759,0.0,5.0,5.0,3220.0,3201.0,1.0,0.3346495032310486,1.0017563104629517,1.3364261388778687,3.1912527084350586,26.0
dynamic,2,1,323,0.21686080793539683,0.17974529723326366,0.03711550975839297,0.17598537231485048,0.17598537231485048,0.0,5.0,5.0,3230.0,3201.0,1.0,0.3346495032310486,1.0017563104629517,1.3364261388778687,3.1912527084350586,26.0
dynamic,2,1,324,0.21309700926144917,0.17487119952837626,0.03822580933570862,0.17991820121804872,0.17991820121804872,0.0,5.0,5.0,3240.0,3201.0,1.0,0.3346495032310486,1.0017563104629517,1.3364261388778687,3.1912527084350586,26.0
dynamic,2,1,325,0.21612829585870108,0.17750212212403615,0.03862617149949074,0.17202939316630364,0.17202939316630364,0.0,5.0,5.0,3250.0,3201.0,1.0,0.3346495032310486,1.0017563104629517,1.3364261388778687,3.1912527084350586,26.0
dynamic,2,1,326,0.2140097431341807,0.17401002049446107,0.039999723881483075,0.17631072238087653,0.17631072238087653,0.0,5.0,5.0,3260.0,3201.0,1.0,0.3346495032310486,1.0017563104629517,1.3364261388778687,3.1912527084350586,26.0
dynamic,2,1,327,0.21595297614733378,0.17597859541575114,0.03997437705596288,0.17548573434352874,0.17548573434352874,0.0,5.0,5.0,3270.0,3201.0,1.0,0.3346495032310486,1.0017563104629517,1.3364261388778687,3.1912527084350586,26.0
dynamic,2,1,328,0.21865733365217846,0.17707166691621146,0.0415856659412384,0.17692146115005017,0.17692146115005017,0.0,5.0,5.0,3280.0,3201.0,1.0,0.3346495032310486,1.0017563104629517,1.3364261388778687,3.1912527084350586,26.0
dynamic,2,1,329,0.21508493264516196,0.17366450687249502,0.04142042656739553,0.17031773693859578,0.17031773693859578,0.0,5.0,5.0,3290.0,3201.0,1.0,0.3346495032310486,1.0017563104629517,1.3364261388778687,3.1912527084350586,26.0
dynamic,2,1,330,0.2121996267636617,0.1714861935377121,0.04071343243122101,0.16709668984015782,0.16709668984015782,0.0,5.0,5.0,3300.0,3201.0,1.0,0.3346495032310486,1.0017563104629517,1.3364261388778687,3.1912527084350586,26.0
dynamic,2,1,331,0.2201533321539561,0.18834637681643168,0.03180695876479149,0.1841215683023135,0.1841215683023135,0.0,6.0,6.0,3310.0,3301.0,0.0,0.28601813316345215,0.7297744750976562,1.1000869274139404,3.909945487976074,16.0
dynamic,2,1,332,0.21266815106074016,0.18513370076815286,0.02753444865345955,0.18136816069483758,0.18136816069483758,0.0,6.0,6.0,3320.0,3301.0,0.0,0.28601813316345215,0.7297744750976562,1.1000869274139404,3.909945487976074,16.0
dynamic,2,1,333,0.2083116982380549,0.18082941671212513,0.02748228038350741,0.18084885058303674,0.18084885058303674,0.0,6.0,6.0,3330.0,3301.0,0.0,0.28601813316345215,0.7297744750976562,1.1000869274139404,3.909945487976074,16.0
dynamic,2,1,334,0.2110334265232086,0.1840070370833079,0.027026389688253404,0.17759249453743298,0.17759249453743298,0.0,6.0,6.0,3340.0,3301.0,0.0,0.28601813316345215,0.7297744750976562,1.1000869274139404,3.909945487976074,16.0
dynamic,2,1,335,0.20565855065981548,0.17871682087580362,0.026941729684670766,0.17770234003663063,0.17770234003663063,0.0,6.0,6.0,3350.0,3301.0,0.0,0.28601813316345215,0.7297744750976562,1.1000869274139404,3.909945487976074,16.0
dynamic,2,1,336,0.20177417000134787,0.17404132346312204,0.027732846240202585,0.17448135994374753,0.17448135994374753,0.0,6.0,6.0,3360.0,3301.0,0.0,0.28601813316345215,0.7297744750976562,1.1000869274139404,3.909945487976074,16.0
dynamic,2,1,337,0.19464128712813059,0.1684344917535782,0.026206795300046604,0.17720692147811254,0.17720692147811254,0.0,6.0,6.0,3370.0,3301.0,0.0,0.28601813316345215,0.7297744750976562,1.1000869274139404,3.909945487976074,16.0
dynamic,2,1,338,0.20401745001475016,0.17836516996224722,0.02565228263537089,0.17363983874519667,0.17363983874519667,0.0,6.0,6.0,3380.0,3301.0,0.0,0.28601813316345215,0.7297744750976562,1.1000869274139404,3.909945487976074,16.0
dynamic,2,1,339,0.1940740038951238,0.17046834727128346,0.02360565687219302,0.18237883741656938,0.18237883741656938,0.0,6.0,6.0,3390.0,3301.0,0.0,0.28601813316345215,0.7297744750976562,1.1000869274139404,3.909945487976074,16.0
dynamic,2,1,340,0.19080891688664756,0.1654400328795115,0.025368884404500327,0.1678215080499649,0.1678215080499649,0.0,6.0,6.0,3400.0,3301.0,0.0,0.28601813316345215,0.7297744750976562,1.1000869274139404,3.909945487976074,16.0
dynamic,2,1,341,0.19079343974590302,0.1665808977683385,0.024212543964385987,0.16500556846459707,0.16500556846459707,0.0,6.0,6.0,3410.0,3301.0,0.0,0.28601813316345215,0.7297744750976562,1.1000869274139404,3.909945487976074,16.0
dynamic,2,1,342,0.18242500265439351,0.15965428173542023,0.022770723154147465,0.16149485404292743,0.16149485404292743,0.0,6.0,6.0,3420.0,3301.0,0.0,0.28601813316345215,0.7297744750976562,1.1000869274139404,3.909945487976074,16.0
dynamic,2,1,343,0.18471227705478668,0.16260086139043173,0.022111416285236676,0.17788669067124527,0.17788669067124527,0.0,6.0,6.0,3430.0,3301.0,0.0,0.28601813316345215,0.7297744750976562,1.1000869274139404,3.909945487976074,16.0
dynamic,2,1,344,0.18962214370568595,0.16601316014925638,0.023608983779946965,0.16394032386442026,0.16394032386442026,0.0,6.0,6.0,3440.0,3301.0,0.0,0.28601813316345215,0.7297744750976562,1.1000869274139404,3.909945487976074,16.0
dynamic,2,1,345,0.18666687468687693,0.16475468854109446,0.02191218654314677,0.1614248462021351,0.1614248462021351,0.0,6.0,6.0,3450.0,3301.0,0.0,0.28601813316345215,0.7297744750976562,1.1000869274139404,3.909945487976074,16.0
dynamic,2,1,346,0.1781330871582031,0.1564652313788732,0.021667855208118758,0.16419904087980589,0.16419904087980589,0.0,6.0,6.0,3460.0,3301.0,0.0,0.28601813316345215,0.7297744750976562,1.1000869274139404,3.909945487976074,16.0
dynamic,2,1,347,0.17550156970818837,0.15469578286012015,0.020805787270267804,0.1636895828942458,0.1636895828942458,0.0,6.0,6.0,3470.0,3301.0,0.0,0.28601813316345215,0.7297744750976562,1.1000869274139404,3.909945487976074,16.0
dynamic,2,1,348,0.18631233433882396,0.16279281059900919,0.023519523963332175,0.16284378312528133,0.16284378312528133,0.0,6.0,6.0,3480.0,3301.0,0.0,0.28601813316345215,0.7297744750976562,1.1000869274139404,3.909945487976074,16.0
dynamic,2,1,349,0.17752649108568827,0.15574885189533233,0.021777636309464773,0.153317094668746,0.153317094668746,0.0,6.0,6.0,3490.0,3301.0,0.0,0.28601813316345215,0.7297744750976562,1.1000869274139404,3.909945487976074,16.0
dynamic,2,1,350,0.17288841863473256,0.15037295003732046,0.02251546842356523,0.16768282209833463,0.16768282209833463,0.0,6.0,6.0,3500.0,3301.0,0.0,0.28601813316345215,0.7297744750976562,1.1000869274139404,3.909945487976074,16.0
dynamic,2,1,351,0.17622357606887817,0.15352575600147247,0.022697821110486984,0.1488111012428999,0.1488111012428999,0.0,6.0,6.0,3510.0,3301.0,0.0,0.28601813316345215,0.7297744750976562,1.1000869274139404,3.909945487976074,16.0
dynamic,2,1,352,0.17155981659889222,0.14968144992987314,0.021878367513418196,0.16532792535920937,0.16532792535920937,0.0,6.0,6.0,3520.0,3301.0,0.0,0.28601813316345215,0.7297744750976562,1.1000869274139404,3.909945487976074,16.0
dynamic,2,1,353,0.17121240158875783,0.1490097059806188,0.02220269444088141,0.16425976236661274,0.16425976236661274,0.0,6.0,6.0,3530.0,3301.0,0.0,0.28601813316345215,0.7297744750976562,1.1000869274139404,3.909945487976074,16.0
dynamic,2,1,354,0.17913027981917062,0.15724312762419382,0.021887151549259822,0.1518429386615753,0.1518429386615753,0.0,6.0,6.0,3540.0,3301.0,0.0,0.28601813316345215,0.7297744750976562,1.1000869274139404,3.909945487976074,16.0
dynamic,2,1,355,0.17001963317394256,0.14817299624284108,0.021846639066934584,0.14329936511814595,0.14329936511814595,0.0,6.0,6.0,3550.0,3301.0,0.0,0.28601813316345215,0.7297744750976562,1.1000869274139404,3.909945487976074,16.0
dynamic,2,1,356,0.16751793523629507,0.1469373035430908,0.02058062975605329,0.14343258701264858,0.14343258701264858,0.0,6.0,6.0,3560.0,3301.0,0.0,0.28601813316345215,0.7297744750976562,1.1000869274139404,3.909945487976074,16.0
dynamic,2,1,357,0.17064147690931955,0.14966036319732667,0.02098111274341742,0.14597584289809068,0.14597584289809068,0.0,6.0,6.0,3570.0,3301.0,0.0,0.28601813316345215,0.7297744750976562,1.1000869274139404,3.909945487976074,16.0
dynamic,2,1,358,0.1689062786102295,0.14711690803368888,0.021789370079835255,0.1546313442538182,0.1546313442538182,0.0,6.0,6.0,3580.0,3301.0,0.0,0.28601813316345215,0.7297744750976562,1.1000869274139404,3.909945487976074,16.0
dynamic,2,1,359,0.16610161443551383,0.14306396543979644,0.023037647604942323,0.14307351800302665,0.14307351800302665,0.0,6.0,6.0,3590.0,3301.0,0.0,0.28601813316345215,0.7297744750976562,1.1000869274139404,3.909945487976074,16.0
dynamic,2,1,360,0.157994850675265,0.13693669319152832,0.021058158278465272,0.14057485530773797,0.14057485530773797,0.0,6.0,6.0,3600.0,3301.0,0.0,0.28601813316345215,0.7297744750976562,1.1000869274139404,3.909945487976074,16.0
dynamic,2,1,361,0.15640568852424622,0.13616820593674978,0.020237480824192366,0.14039698426922162,0.14039698426922162,0.0,6.0,6.0,3610.0,3301.0,0.0,0.28601813316345215,0.7297744750976562,1.1000869274139404,3.909945487976074,16.0
dynamic,2,1,362,0.16437604665756225,0.14306761960188547,0.02130842946469784,0.14915615210930505,0.14915615210930505,0.0,6.0,6.0,3620.0,3301.0,0.0,0.28601813316345215,0.7297744750976562,1.1000869274139404,3.909945487976074,16.0
dynamic,2,1,363,0.17671448866526285,0.1531745747725169,0.023539911409219107,0.15005473469694455,0.15005473469694455,0.0,6.0,6.0,3630.0,3301.0,0.0,0.28601813316345215,0.7297744750976562,1.1000869274139404,3.909945487976074,16.0
dynamic,2,1,364,0.16824223081270853,0.1452630709608396,0.022979161739349364,0.14621521269281706,0.14621521269281706,0.0,6.0,6.0,3640.0,3301.0,0.0,0.28601813316345215,0.7297744750976562,1.1000869274139404,3.909945487976074,16.0
dynamic,2,1,365,0.15589607179164885,0.13638499389092126,0.019511078571279844,0.1441396777331829,0.1441396777331829,0.0,6.0,6.0,3650.0,3301.0,0.0,0.28601813316345215,0.7297744750976562,1.1000869274139404,3.909945487976074,16.0
dynamic,2,1,366,0.16232426047325135,0.1408383083343506,0.021485953430334728,0.13592046409845351,0.13592046409845351,0.0,6.0,6.0,3660.0,3301.0,0.0,0.28601813316345215,0.7297744750976562,1.1000869274139404,3.909945487976074,16.0
dynamic,2,1,367,0.16036656359831492,0.13863711873690288,0.021729443669319153,0.13496737241744994,0.13496737241744994,0.0,6.0,6.0,3670.0,3301.0,0.0,0.28601813316345215,0.7297744750976562,1.1000869274139404,3.909945487976074,16.0
dynamic,2,1,368,0.15960026303927102,0.13710340797901155,0.02249685178200404,0.1403515704224507,0.1403515704224507,0.0,6.0,6.0,3680.0,3301.0,0.0,0.28601813316345215,0.7297744750976562,1.1000869274139404,3.909945487976074,16.0
dynamic,2,1,369,0.15389880180358886,0.13293468534946443,0.0209641170501709,0.1317438583324353,0.1317438583324353,0.0,6.0,6.0,3690.0,3301.0,0.0,0.28601813316345215,0.7297744750976562,1.1000869274139404,3.909945487976074,16.0
dynamic,2,1,370,0.16189228236675263,0.13978042046229044,0.02211186130841573,0.13980338215827942,0.13980338215827942,0.0,6.0,6.0,3700.0,3301.0,0.0,0.28601813316345215,0.7297744750976562,1.1000869274139404,3.909945487976074,16.0
dynamic,2,1,371,0.16526702483495076,0.1414305971066157,0.023836426635583243,0.136158104489247,0.136158104489247,0.0,6.0,6.0,3710.0,3301.0,0.0,0.28601813316345215,0.7297744750976562,1.1000869274139404,3.909945487976074,16.0
dynamic,2,1,372,0.15842785875002544,0.13555012216170628,0.022877737109859783,0.13236431449651717,0.13236431449651717,0.0,6.0,6.0,3720.0,3301.0,0.0,0.28601813316345215,0.7297744750976562,1.1000869274139404,3.909945487976074,16.0
dynamic,2,1,373,0.15892199734846751,0.136350799202919,0.022571197797854742,0.13410290077328682,0.13410290077328682,0.0,6.0,6.0,3730.0,3301.0,0.0,0.28601813316345215,0.7297744750976562,1.1000869274139404,3.909945487976074,16.0
dynamic,2,1,374,0.15638475279013317,0.1335438229640325,0.022840929826100666,0.1273462483038505,0.1273462483038505,0.0,6.0,6.0,3740.0,3301.0,0.0,0.28601813316345215,0.7297744750976562,1.1000869274139404,3.909945487976074,16.0
dynamic,2,1,375,0.15363324403762818,0.13071513136227925,0.022918110912044844,0.14572307715813318,0.14572307715813318,0.0,6.0,6.0,3750.0,3301.0,0.0,0.28601813316345215,0.7297744750976562,1.1000869274139404,3.909945487976074,16.0
dynamic,2,1,376,0.1647388490041097,0.1412452964981397,0.023493554492791495,0.12881906785070896,0.12881906785070896,0.0,6.0,6.0,3760.0,3301.0,0.0,0.28601813316345215,0.7297744750976562,1.1000869274139404,3.909945487976074,16.0
dynamic,2,1,377,0.15716306010882058,0.13388232121864954,0.023280740082263947,0.12729484694699447,0.12729484694699447,0.0,6.0,6.0,3770.0,3301.0,0.0,0.28601813316345215,0.7297744750976562,1.1000869274139404,3.909945487976074,16.0
dynamic,2,1,378,0.15236510038375856,0.12924028784036637,0.02312481259306272,0.12922213981548944,0.12922213981548944,0.0,6.0,6.0,3780.0,3301.0,0.0,0.28601813316345215,0.7297744750976562,1.1000869274139404,3.909945487976074,16.0
dynamic,2,1,379,0.15576589306195576,0.13281828860441844,0.02294760547578335,0.13830165065824984,0.13830165065824984,0.0,6.0,6.0,3790.0,3301.0,0.0,0.28601813316345215,0.7297744750976562,1.1000869274139404,3.909945487976074,16.0
dynamic,2,1,380,0.1494672973950704,0.12658609608809154,0.022881201356649398,0.1308171094705661,0.1308171094705661,0.0,6.0,6.0,3800.0,3301.0,0.0,0.28601813316345215,0.7297744750976562,1.1000869274139404,3.909945487976074,16.0
dynamic,2,1,381,0.15226203799247742,0.13007178028424582,0.022190258478124936,0.12349896676838398,0.12349896676838398,0.0,6.0,6.0,3810.0,3301.0,0.0,0.28601813316345215,0.7297744750976562,1.1000869274139404,3.909945487976074,16.0
dynamic,2,1,382,0.14998295704523723,0.12926791995763778,0.020715038726727166,0.1289535233626763,0.1289535233626763,0.0,6.0,6.0,3820.0,3301.0,0.0,0.28601813316345215,0.7297744750976562,1.1000869274139404,3.909945487976074,16.0
dynamic,2,1,383,0.14608338256676992,0.12488579799731572,0.021197583799560864,0.12614043578505515,0.12614043578505515,0.0,6.0,6.0,3830.0,3301.0,0.0,0.28601813316345215,0.7297744750976562,1.1000869274139404,3.909945487976074,16.0
dynamic,2,1,384,0.1560516959428787,0.13274747808774312,0.0233042178551356,0.1261344582090775,0.1261344582090775,0.0,6.0,6.0,3840.0,3301.0,0.0,0.28601813316345215,0.7297744750976562,1.1000869274139404,3.909945487976074,16.0
dynamic,2,1,385,0.14407462974389393,0.12247390786806743,0.021600722298026086,0.1219121224929889,0.1219121224929889,0.0,6.0,6.0,3850.0,3301.0,0.0,0.28601813316345215,0.7297744750976562,1.1000869274139404,3.909945487976074,16.0
dynamic,2,1,386,0.14832429518302281,0.1280264128247897,0.02029788335164388,0.12592320330440998,0.12592320330440998,0.0,6.0,6.0,3860.0,3301.0,0.0,0.28601813316345215,0.7297744750976562,1.1000869274139404,3.909945487976074,16.0
dynamic,2,1,387,0.14275100608666738,0.12153234581152599,0.02121865950524807,0.13782529609898725,0.13782529609898725,0.0,6.0,6.0,3870.0,3301.0,0.0,0.28601813316345215,0.7297744750976562,1.1000869274139404,3.909945487976074,16.0
dynamic,2,1,388,0.16253884494304657,0.1398123155037562,0.022726528868079184,0.1259374682108561,0.1259374682108561,0.0,6.0,6.0,3880.0,3301.0,0.0,0.28601813316345215,0.7297744750976562,1.1000869274139404,3.909945487976074,16.0
dynamic,2,1,389,0.15255040725072225,0.12915622274080912,0.023394184907277425,0.12286659779647986,0.12286659779647986,0.0,6.0,6.0,3890.0,3301.0,0.0,0.28601813316345215,0.7297744750976562,1.1000869274139404,3.909945487976074,16.0
dynamic,2,1,390,0.14576676487922668,0.12400423189004263,0.021762531797091166,0.12171781400839488,0.12171781400839488,0.0,6.0,6.0,3900.0,3301.0,0.0,0.28601813316345215,0.7297744750976562,1.1000869274139404,3.909945487976074,16.0
dynamic,2,1,391,0.14929287393887838,0.12789078970750173,0.021402082244555157,0.12360930681228638,0.12360930681228638,0.0,6.0,6.0,3910.0,3301.0,0.0,0.28601813316345215,0.7297744750976562,1.1000869274139404,3.909945487976074,16.0
dynamic,2,1,392,0.15610007921854654,0.13448307911554971,0.02161700211465359,0.1378199815005064,0.1378199815005064,0.0,6.0,6.0,3920.0,3301.0,0.0,0.28601813316345215,0.7297744750976562,1.1000869274139404,3.909945487976074,16.0
dynamic,2,1,393,0.14909401178359985,0.12651386499404907,0.022580146218339602,0.12245408716301123,0.12245408716301123,0.0,6.0,6.0,3930.0,3301.0,0.0,0.28601813316345215,0.7297744750976562,1.1000869274139404,3.909945487976074,16.0
dynamic,2,1,394,0.143252698580424,0.12182113488515219,0.02143156367043654,0.11790190659463405,0.11790190659463405,0.0,6.0,6.0,3940.0,3301.0,0.0,0.28601813316345215,0.7297744750976562,1.1000869274139404,3.909945487976074,16.0
dynamic,2,1,395,0.1387693876028061,0.11847223222255707,0.020297155380249024,0.12845296308398246,0.12845296308398246,0.0,6.0,6.0,3950.0,3301.0,0.0,0.28601813316345215,0.7297744750976562,1.1000869274139404,3.909945487976074,16.0
dynamic,2,1,396,0.14496914664904276,0.12386638263861338,0.02110276294251283,0.13176329672336579,0.13176329672336579,0.0,6.0,6.0,3960.0,3301.0,0.0,0.28601813316345215,0.7297744750976562,1.1000869274139404,3.909945487976074,16.0
dynamic,2,1,397,0.14760192493597665,0.1253718708952268,0.022230052600304286,0.12164520432551702,0.12164520432551702,0.0,6.0,6.0,3970.0,3301.0,0.0,0.28601813316345215,0.7297744750976562,1.1000869274139404,3.909945487976074,16.0
dynamic,2,1,398,0.16177990257740021,0.13736958801746368,0.024410313020149867,0.12403364871939024,0.12403364871939024,0.0,6.0,6.0,3980.0,3301.0,0.0,0.28601813316345215,0.7297744750976562,1.1000869274139404,3.909945487976074,16.0
dynamic,2,1,399,0.14877264936765036,0.1262276033560435,0.02254504551490148,0.11872552538911502,0.11872552538911502,0.0,6.0,6.0,3990.0,3301.0,0.0,0.28601813316345215,0.7297744750976562,1.1000869274139404,3.909945487976074,16.0
dynamic,2,1,400,0.14697349389394124,0.12568403800328573,0.02128945529460907,0.12848468278845152,0.12848468278845152,0.0,6.0,6.0,4000.0,3301.0,0.0,0.28601813316345215,0.7297744750976562,1.1000869274139404,3.909945487976074,16.0
dynamic,2,1,401,0.150795556306839,0.12768454174200694,0.023111016551653544,0.14038431733846665,0.14038431733846665,0.0,6.0,6.0,4010.0,3301.0,0.0,0.28601813316345215,0.7297744750976562,1.1000869274139404,3.909945487976074,16.0
dynamic,2,1,402,0.15040266265471777,0.12525109440088272,0.025151568974057834,0.12228725182513396,0.12228725182513396,0.0,6.0,6.0,4020.0,3301.0,0.0,0.28601813316345215,0.7297744750976562,1.1000869274139404,3.909945487976074,16.0
dynamic,2,1,403,0.14544909179210663,0.12358537018299103,0.02186372342209021,0.12119199772675832,0.12119199772675832,0.0,6.0,6.0,4030.0,3301.0,0.0,0.28601813316345215,0.7297744750976562,1.1000869274139404,3.909945487976074,16.0
dynamic,2,1,404,0.14436145047346752,0.12178601344426473,0.022575435290733973,0.13401441752910614,0.13401441752910614,0.0,6.0,6.0,4040.0,3301.0,0.0,0.28601813316345215,0.7297744750976562,1.1000869274139404,3.909945487976074,16.0
dynamic,2,1,405,0.1479362912972768,0.1256880295276642,0.02224826395511627,0.12710168942809105,0.12710168942809105,0.0,6.0,6.0,4050.0,3301.0,0.0,0.28601813316345215,0.7297744750976562,1.1000869274139404,3.909945487976074,16.0
dynamic,2,1,406,0.15188620249430337,0.1280116500457128,0.023874552796284358,0.12140211994449297,0.12140211994449297,0.0,6.0,6.0,4060.0,3301.0,0.0,0.28601813316345215,0.7297744750976562,1.1000869274139404,3.909945487976074,16.0
dynamic,2,1,407,0.1414179426431656,0.11835613052050273,0.0230618142336607,0.12038092315196991,0.12038092315196991,0.0,6.0,6.0,4070.0,3301.0,0.0,0.28601813316345215,0.7297744750976562,1.1000869274139404,3.909945487976074,16.0
dynamic,2,1,408,0.139906325340271,0.11867279758056005,0.021233526766300203,0.1167426635324955,0.1167426635324955,0.0,6.0,6.0,4080.0,3301.0,0.0,0.28601813316345215,0.7297744750976562,1.1000869274139404,3.909945487976074,16.0
dynamic,2,1,409,0.1457479323943456,0.12339264591534932,0.0223552851130565,0.13223518311977386,0.13223518311977386,0.0,6.0,6.0,4090.0,3301.0,0.0,0.28601813316345215,0.7297744750976562,1.1000869274139404,3.909945487976074,16.0
dynamic,2,1,410,0.14723493536313376,0.12446405599514643,0.02277087889611721,0.11454080934325854,0.11454080934325854,0.0,6.0,6.0,4100.0,3301.0,0.0,0.28601813316345215,0.7297744750976562,1.1000869274139404,3.909945487976074,16.0
dynamic,2,1,411,0.13790570795536042,0.11474801977475484,0.023157686591148377,0.1162390517940124,0.1162390517940124,0.0,6.0,6.0,4110.0,3301.0,0.0,0.28601813316345215,0.7297744750976562,1.1000869274139404,3.909945487976074,16.0
dynamic,2,1,412,0.14147283057371776,0.1191689250866572,0.022303907598058382,0.11953646659851075,0.11953646659851075,0.0,6.0,6.0,4120.0,3301.0,0.0,0.28601813316345215,0.7297744750976562,1.1000869274139404,3.909945487976074,16.0
dynamic,2,1,413,0.13228088915348052,0.1116531232992808,0.020627762799461682,0.12681667822102705,0.12681667822102705,0.0,6.0,6.0,4130.0,3301.0,0.0,0.28601813316345215,0.7297744750976562,1.1000869274139404,3.909945487976074,16.0
dynamic,2,1,414,0.14306571582953134,0.12018285622199376,0.022882862041393916,0.11853515200316905,0.11853515200316905,0.0,6.0,6.0,4140.0,3301.0,0.0,0.28601813316345215,0.7297744750976562,1.1000869274139404,3.909945487976074,16.0
dynamic,2,1,415,0.14879505574703217,0.12408095518747965,0.024714101801315943,0.11933958768844605,0.11933958768844605,0.0,6.0,6.0,4150.0,3301.0,0.0,0.28601813316345215,0.7297744750976562,1.1000869274139404,3.909945487976074,16.0
dynamic,2,1,416,0.1472857787211736,0.12282609423001607,0.024459684416651726,0.11508101629714171,0.11508101629714171,0.0,6.0,6.0,4160.0,3301.0,0.0,0.28601813316345215,0.7297744750976562,1.1000869274139404,3.909945487976074,16.0
dynamic,2,1,417,0.13284905741612116,0.11247498869895935,0.020374070430795352,0.11654446569581826,0.11654446569581826,0.0,6.0,6.0,4170.0,3301.0,0.0,0.28601813316345215,0.7297744750976562,1.1000869274139404,3.909945487976074,16.0
dynamic,2,1,418,0.13887458503246308,0.11726692269245784,0.021607662985722222,0.11768083408474922,0.11768083408474922,0.0,6.0,6.0,4180.0,3301.0,0.0,0.28601813316345215,0.7297744750976562,1.1000869274139404,3.909945487976074,16.0
dynamic,2,1,419,0.14383017659187317,0.12241218755642573,0.021417988886435826,0.11451403071482977,0.11451403071482977,0.0,6.0,6.0,4190.0,3301.0,0.0,0.28601813316345215,0.7297744750976562,1.1000869274139404,3.909945487976074,16.0
dynamic,2,1,420,0.1478662492831548,0.12275091151396433,0.025115337496002515,0.11619249482949574,0.11619249482949574,0.0,6.0,6.0,4200.0,3301.0,0.0,0.28601813316345215,0.7297744750976562,1.1000869274139404,3.909945487976074,16.0
dynamic,2,1,421,0.13547027826309205,0.1123837302128474,0.023086547181010247,0.10911474592983722,0.10911474592983722,0.0,6.0,6.0,4210.0,3301.0,0.0,0.28601813316345215,0.7297744750976562,1.1000869274139404,3.909945487976074,16.0
dynamic,2,1,422,0.13833439230918884,0.11609619249900183,0.022238200803597768,0.11204429790377617,0.11204429790377617,0.0,6.0,6.0,4220.0,3301.0,0.0,0.28601813316345215,0.7297744750976562,1.1000869274139404,3.909945487976074,16.0
dynamic,2,1,423,0.13628011246522267,0.11326557705799739,0.02301453416546186,0.12663612959285578,0.12663612959285578,0.0,6.0,6.0,4230.0,3301.0,0.0,0.28601813316345215,0.7297744750976562,1.1000869274139404,3.909945487976074,16.0
dynamic,2,1,424,0.1400730327765147,0.11625268449385961,0.023820347835620245,0.11338893798490365,0.11338893798490365,0.0,6.0,6.0,4240.0,3301.0,0.0,0.28601813316345215,0.7297744750976562,1.1000869274139404,3.909945487976074,16.0
dynamic,2,1,425,0.1381316481033961,0.11484065353870392,0.023290994216998418,0.11332134855290255,0.11332134855290255,0.0,6.0,6.0,4250.0,3301.0,0.0,0.28601813316345215,0.7297744750976562,1.1000869274139404,3.909945487976074,16.0
dynamic,2,1,426,0.13002213795979817,0.10838609536488851,0.021636043886343638,0.11317609526216983,0.11317609526216983,0.0,6.0,6.0,4260.0,3301.0,0.0,0.28601813316345215,0.7297744750976562,1.1000869274139404,3.909945487976074,16.0
dynamic,2,1,427,0.13894328892230987,0.11653036018212637,0.022412927349408467,0.11032213824490707,0.11032213824490707,0.0,6.0,6.0,4270.0,3301.0,0.0,0.28601813316345215,0.7297744750976562,1.1000869274139404,3.909945487976074,16.0
dynamic,2,1,428,0.13525862177213033,0.11393607129653295,0.021322550376256307,0.11421495536963144,0.11421495536963144,0.0,6.0,6.0,4280.0,3301.0,0.0,0.28601813316345215,0.7297744750976562,1.1000869274139404,3.909945487976074,16.0
dynamic,2,1,429,0.13119395732879638,0.10985580146312714,0.0213381560643514,0.111695861145854,0.111695861145854,0.0,6.0,6.0,4290.0,3301.0,0.0,0.28601813316345215,0.7297744750976562,1.1000869274139404,3.909945487976074,16.0
dynamic,2,1,430,0.13834882577260335,0.11604123771190643,0.022307589650154114,0.12073131456971169,0.12073131456971169,0.0,6.0,6.0,4300.0,3301.0,0.0,0.28601813316345215,0.7297744750976562,1.1000869274139404,3.909945487976074,16.0
dynamic,2,1,431,0.1260344539086024,0.10469198753436407,0.02134246570368608,0.11060820527374744,0.11060820527374744,0.0,6.0,6.0,4310.0,3301.0,0.0,0.28601813316345215,0.7297744750976562,1.1000869274139404,3.909945487976074,16.0
dynamic,2,1,432,0.13345493217309315,0.11102694948514302,0.022427982290585836,0.11022347239156564,0.11022347239156564,0.0,6.0,6.0,4320.0,3301.0,0.0,0.28601813316345215,0.7297744750976562,1.1000869274139404,3.909945487976074,16.0
dynamic,2,1,433,0.12616330206394197,0.10435274670521419,0.021810555905103682,0.11423462323844433,0.11423462323844433,0.0,6.0,6.0,4330.0,3301.0,0.0,0.28601813316345215,0.7297744750976562,1.1000869274139404,3.909945487976074,16.0
dynamic,2,1,434,0.13541431625684103,0.11181003163258235,0.023604285220305124,0.11060125010708968,0.11060125010708968,0.0,6.0,6.0,4340.0,3301.0,0.0,0.28601813316345215,0.7297744750976562,1.1000869274139404,3.909945487976074,16.0
dynamic,2,1,435,0.1310449089606603,0.1088188256820043,0.022226083278656005,0.1099174298842748,0.1099174298842748,0.0,6.0,6.0,4350.0,3301.0,0.0,0.28601813316345215,0.7297744750976562,1.1000869274139404,3.909945487976074,16.0
dynamic,2,1,436,0.13515339155991873,0.11256244897842407,0.02259094163775444,0.11137828148901463,0.11137828148901463,0.0,6.0,6.0,4360.0,3301.0,0.0,0.28601813316345215,0.7297744750976562,1.1000869274139404,3.909945487976074,16.0
dynamic,2,1,437,0.14104032913843792,0.11837839404741923,0.022661934743324917,0.10486913194259008,0.10486913194259008,0.0,6.0,6.0,4370.0,3301.0,0.0,0.28601813316345215,0.7297744750976562,1.1000869274139404,3.909945487976074,16.0
dynamic,2,1,438,0.13281655728816985,0.10962861359119415,0.02318794491390387,0.10956944641967614,0.10956944641967614,0.0,6.0,6.0,4380.0,3301.0,0.0,0.28601813316345215,0.7297744750976562,1.1000869274139404,3.909945487976074,16.0
dynamic,2,1,439,0.135896933277448,0.11431723733743032,0.02157969812552134,0.10609502938886484,0.10609502938886484,0.0,6.0,6.0,4390.0,3301.0,0.0,0.28601813316345215,0.7297744750976562,1.1000869274139404,3.909945487976074,16.0
dynamic,2,1,440,0.12718684355417886,0.10609775483608246,0.02108908678094546,0.12264508048693339,0.12264508048693339,0.0,6.0,6.0,4400.0,3301.0,0.0,0.28601813316345215,0.7297744750976562,1.1000869274139404,3.909945487976074,16.0
dynamic,2,1,441,0.14265763918558758,0.1190813735127449,0.023576265002290406,0.10850804602106412,0.10850804602106412,0.0,6.0,6.0,4410.0,3301.0,0.0,0.28601813316345215,0.7297744750976562,1.1000869274139404,3.909945487976074,16.0
dynamic,2,1,442,0.12804600675900776,0.10558113833268483,0.022464868426322938,0.10162145249545575,0.10162145249545575,0.0,6.0,6.0,4420.0,3301.0,0.0,0.28601813316345215,0.7297744750976562,1.1000869274139404,3.909945487976074,16.0
dynamic,2,1,443,0.12058905472358068,0.09908382614453634,0.02150522865355015,0.10831732374926407,0.10831732374926407,0.0,6.0,6.0,4430.0,3301.0,0.0,0.28601813316345215,0.7297744750976562,1.1000869274139404,3.909945487976074,16.0
dynamic,2,1,444,0.12755307286977768,0.10536589940388998,0.022187173863252006,0.11024225473403931,0.11024225473403931,0.0,6.0,6.0,4440.0,3301.0,0.0,0.28601813316345215,0.7297744750976562,1.1000869274139404,3.909945487976074,16.0
dynamic,2,1,445,0.1265124805768331,0.10434354424476623,0.022168938145041464,0.10893492080271244,0.10893492080271244,0.0,6.0,6.0,4450.0,3301.0,0.0,0.28601813316345215,0.7297744750976562,1.1000869274139404,3.909945487976074,16.0
dynamic,2,1,446,0.13530182460943857,0.11189269294341406,0.02340913345416387,0.10767573329309622,0.10767573329309622,0.0,6.0,6.0,4460.0,3301.0,0.0,0.28601813316345215,0.7297744750976562,1.1000869274139404,3.909945487976074,16.0
dynamic,2,1,447,0.13019747217496236,0.10782853911320368,0.0223689337571462,0.10363720451792081,0.10363720451792081,0.0,6.0,6.0,4470.0,3301.0,0.0,0.28601813316345215,0.7297744750976562,1.1000869274139404,3.909945487976074,16.0
dynamic,2,1,448,0.12955940981705982,0.10799775958061218,0.0215616471072038,0.11188610168794791,0.11188610168794791,0.0,6.0,6.0,4480.0,3301.0,0.0,0.28601813316345215,0.7297744750976562,1.1000869274139404,3.909945487976074,16.0
dynamic,2,1,449,0.12909169773260754,0.10571924358606338,0.023372453078627585,0.10137592541674773,0.10137592541674773,0.0,6.0,6.0,4490.0,3301.0,0.0,0.28601813316345215,0.7297744750976562,1.1000869274139404,3.909945487976074,16.0
dynamic,2,1,450,0.1363233815630277,0.11218874802192053,0.024134634733200072,0.10948386070628961,0.10948386070628961,0.0,6.0,6.0,4500.0,3301.0,0.0,0.28601813316345215,0.7297744750976562,1.1000869274139404,3.909945487976074,16.0
dynamic,2,1,451,0.1297603432337443,0.10641438980897268,0.02334595263004303,0.10329013839364051,0.10329013839364051,0.0,6.0,6.0,4510.0,3301.0,0.0,0.28601813316345215,0.7297744750976562,1.1000869274139404,3.909945487976074,16.0
dynamic,2,1,452,0.12161194900671642,0.10063233733177185,0.02097961152593295,0.09878181765476862,0.09878181765476862,0.0,6.0,6.0,4520.0,3301.0,0.0,0.28601813316345215,0.7297744750976562,1.1000869274139404,3.909945487976074,16.0
dynamic,2,1,453,0.12291345636049907,0.10004643599192302,0.02286702019472917,0.10958276748657227,0.10958276748657227,0.0,6.0,6.0,4530.0,3301.0,0.0,0.28601813316345215,0.7297744750976562,1.1000869274139404,3.909945487976074,16.0
dynamic,2,1,454,0.12325697590907415,0.10157900800307591,0.021677966515223187,0.09977558722098669,0.09977558722098669,0.0,6.0,6.0,4540.0,3301.0,0.0,0.28601813316345215,0.7297744750976562,1.1000869274139404,3.909945487976074,16.0
dynamic,2,1,455,0.13128094136714935,0.10887927234172821,0.02240166927377383,0.10452066836257776,0.10452066836257776,0.0,6.0,6.0,4550.0,3301.0,0.0,0.28601813316345215,0.7297744750976562,1.1000869274139404,3.909945487976074,16.0
dynamic,2,1,456,0.12677078564961752,0.10485510726769766,0.021915679400165877,0.09718806259334087,0.09718806259334087,0.0,6.0,6.0,4560.0,3301.0,0.0,0.28601813316345215,0.7297744750976562,1.1000869274139404,3.909945487976074,16.0
dynamic,2,1,457,0.12743239760398864,0.10433016260464986,0.023102235893408457,0.10217914191385111,0.10217914191385111,0.0,6.0,6.0,4570.0,3301.0,0.0,0.28601813316345215,0.7297744750976562,1.1000869274139404,3.909945487976074,16.0
dynamic,2,1,458,0.12007315963506698,0.09950903167327245,0.02056412955125173,0.1001153514534235,0.1001153514534235,0.0,6.0,6.0,4580.0,3301.0,0.0,0.28601813316345215,0.7297744750976562,1.1000869274139404,3.909945487976074,16.0
dynamic,2,1,459,0.13277545770009358,0.10971219559510549,0.023063262005647022,0.10689391928414503,0.10689391928414503,0.0,6.0,6.0,4590.0,3301.0,0.0,0.28601813316345215,0.7297744750976562,1.1000869274139404,3.909945487976074,16.0
dynamic,2,1,460,0.12527966380119324,0.10234589010477066,0.02293377364675204,0.09566918417811393,0.09566918417811393,0.0,6.0,6.0,4600.0,3301.0,0.0,0.28601813316345215,0.7297744750976562,1.1000869274139404,3.909945487976074,16.0
dynamic,2,1,461,0.1339699391523997,0.1104123854637146,0.023557553788026174,0.11130692494412263,0.11130692494412263,0.0,6.0,6.0,4610.0,3301.0,0.0,0.28601813316345215,0.7297744750976562,1.1000869274139404,3.909945487976074,16.0
dynamic,2,1,462,0.12385982702175777,0.10158086041609446,0.022278966133793196,0.0954619288444519,0.0954619288444519,0.0,6.0,6.0,4620.0,3301.0,0.0,0.28601813316345215,0.7297744750976562,1.1000869274139404,3.909945487976074,16.0
dynamic,2,1,463,0.12166503032048544,0.09985178609689077,0.02181324501832326,0.10474593549966812,0.10474593549966812,0.0,6.0,6.0,4630.0,3301.0,0.0,0.28601813316345215,0.7297744750976562,1.1000869274139404,3.909945487976074,16.0
dynamic,2,1,464,0.12822748422622682,0.10614965716997782,0.022077825963497163,0.10401840301851431,0.10401840301851431,0.0,6.0,6.0,4640.0,3301.0,0.0,0.28601813316345215,0.7297744750976562,1.1000869274139404,3.909945487976074,16.0
dynamic,2,1,465,0.12429468552271525,0.10167155216137568,0.022623133460680643,0.09441943272948265,0.09441943272948265,0.0,6.0,6.0,4650.0,3301.0,0.0,0.28601813316345215,0.7297744750976562,1.1000869274139404,3.909945487976074,16.0
dynamic,2,1,466,0.12237009167671203,0.10116099814573924,0.021209092140197755,0.10840824216604233,0.10840824216604233,0.0,6.0,6.0,4660.0,3301.0,0.0,0.28601813316345215,0.7297744750976562,1.1000869274139404,3.909945487976074,16.0
dynamic,2,1,467,0.12417323112487794,0.10210348655780156,0.02206974429388841,0.10028348637123903,0.10028348637123903,0.0,6.0,6.0,4670.0,3301.0,0.0,0.28601813316345215,0.7297744750976562,1.1000869274139404,3.909945487976074,16.0
dynamic,2,1,468,0.12388769378264745,0.10241526812314987,0.02147242585817973,0.09886068498094877,0.09886068498094877,0.0,6.0,6.0,4680.0,3301.0,0.0,0.28601813316345215,0.7297744750976562,1.1000869274139404,3.909945487976074,16.0
dynamic,2,1,469,0.12647683123747508,0.10346313491463661,0.02301369771361351,0.10513393210868041,0.10513393210868041,0.0,6.0,6.0,4690.0,3301.0,0.0,0.28601813316345215,0.7297744750976562,1.1000869274139404,3.909945487976074,16.0
dynamic,2,1,470,0.12032384971777597,0.09841442088286081,0.02190942826370398,0.09975395739078521,0.09975395739078521,0.0,6.0,6.0,4700.0,3301.0,0.0,0.28601813316345215,0.7297744750976562,1.1000869274139404,3.909945487976074,16.0
dynamic,2,1,471,0.1277287471294403,0.10539660980304082,0.022332138419151305,0.09744977340102196,0.09744977340102196,0.0,6.0,6.0,4710.0,3301.0,0.0,0.28601813316345215,0.7297744750976562,1.1000869274139404,3.909945487976074,16.0
dynamic,2,1,472,0.12181678454081217,0.09908135364452998,0.022735432038704553,0.09379067090650399,0.09379067090650399,0.0,6.0,6.0,4720.0,3301.0,0.0,0.28601813316345215,0.7297744750976562,1.1000869274139404,3.909945487976074,16.0
dynamic,2,1,473,0.1228443298737208,0.1000931704044342,0.022751160115003586,0.09208319055537383,0.09208319055537383,0.0,6.0,6.0,4730.0,3301.0,0.0,0.28601813316345215,0.7297744750976562,1.1000869274139404,3.909945487976074,16.0
dynamic,2,1,474,0.12048742910226186,0.09845761517683665,0.022029813726743064,0.1020731603850921,0.1020731603850921,0.0,6.0,6.0,4740.0,3301.0,0.0,0.28601813316345215,0.7297744750976562,1.1000869274139404,3.909945487976074,16.0
dynamic,2,1,475,0.12268046458562215,0.0998476928472519,0.022832772384087246,0.09713454999029636,0.09713454999029636,0.0,6.0,6.0,4750.0,3301.0,0.0,0.28601813316345215,0.7297744750976562,1.1000869274139404,3.909945487976074,16.0
dynamic,2,1,476,0.11903898735841115,0.09764001836379368,0.021398970037698747,0.09946998750170072,0.09946998750170072,0.0,6.0,6.0,4760.0,3301.0,0.0,0.28601813316345215,0.7297744750976562,1.1000869274139404,3.909945487976074,16.0
dynamic,2,1,477,0.1187406575679779,0.09579890817403794,0.022941750437021256,0.09195152342319489,0.09195152342319489,0.0,6.0,6.0,4770.0,3301.0,0.0,0.28601813316345215,0.7297744750976562,1.1000869274139404,3.909945487976074,16.0
dynamic,2,1,478,0.12165183266003926,0.09889323770999908,0.022758594353993734,0.09294565993050734,0.09294565993050734,0.0,6.0,6.0,4780.0,3301.0,0.0,0.28601813316345215,0.7297744750976562,1.1000869274139404,3.909945487976074,16.0
dynamic,2,1,479,0.12557483206192652,0.101816825568676,0.023758005301157632,0.10121772167583307,0.10121772167583307,0.0,6.0,6.0,4790.0,3301.0,0.0,0.28601813316345215,0.7297744750976562,1.1000869274139404,3.909945487976074,16.0
dynamic,2,1,480,0.12499387343724569,0.10124114036560058,0.023752734313408533,0.09623371466994285,0.09623371466994285,0.0,6.0,6.0,4800.0,3301.0,0.0,0.28601813316345215,0.7297744750976562,1.1000869274139404,3.909945487976074,16.0
dynamic,2,1,481,0.12823195974032084,0.10449006587266922,0.02374189262588819,0.09842085175216198,0.09842085175216198,0.0,6.0,6.0,4810.0,3301.0,0.0,0.28601813316345215,0.7297744750976562,1.1000869274139404,3.909945487976074,16.0
dynamic,2,1,482,0.12725709478060404,0.10403512477874756,0.02322197124361992,0.09091306673983733,0.09091306673983733,0.0,6.0,6.0,4820.0,3301.0,0.0,0.28601813316345215,0.7297744750976562,1.1000869274139404,3.909945487976074,16.0
dynamic,2,1,483,0.1189655206600825,0.09654989292224249,0.022415627961357435,0.09523854449391365,0.09523854449391365,0.0,6.0,6.0,4830.0,3301.0,0.0,0.28601813316345215,0.7297744750976562,1.1000869274139404,3.909945487976074,16.0
dynamic,2,1,484,0.1210318261384964,0.09806928475697835,0.022962540239095688,0.09787350088357925,0.09787350088357925,0.0,6.0,6.0,4840.0,3301.0,0.0,0.28601813316345215,0.7297744750976562,1.1000869274139404,3.909945487976074,16.0
dynamic,2,1,485,0.11936612457036971,0.09657730609178543,0.022788819273312888,0.09665503278374672,0.09665503278374672,0.0,6.0,6.0,4850.0,3301.0,0.0,0.28601813316345215,0.7297744750976562,1.1000869274139404,3.909945487976074,16.0
dynamic,2,1,486,0.11981591324011485,0.09521513412396113,0.02460077792406082,0.09043209786216418,0.09043209786216418,0.0,6.0,6.0,4860.0,3301.0,0.0,0.28601813316345215,0.7297744750976562,1.1000869274139404,3.909945487976074,16.0
dynamic,2,1,487,0.11526377439498901,0.09301440596580506,0.022249368155996006,0.09106291438142458,0.09106291438142458,0.0,6.0,6.0,4870.0,3301.0,0.0,0.28601813316345215,0.7297744750976562,1.1000869274139404,3.909945487976074,16.0
dynamic,2,1,488,0.12242293099562328,0.09964080025752385,0.02278213155766328,0.09533011928200721,0.09533011928200721,0.0,6.0,6.0,4880.0,3301.0,0.0,0.28601813316345215,0.7297744750976562,1.1000869274139404,3.909945487976074,16.0
dynamic,2,1,489,0.11659685810407003,0.09354127009709676,0.023055588056643803,0.08698300987482072,0.08698300987482072,0.0,6.0,6.0,4890.0,3301.0,0.0,0.28601813316345215,0.7297744750976562,1.1000869274139404,3.909945487976074,16.0
dynamic,2,1,490,0.11701797872781754,0.0937812864780426,0.023236692373951276,0.11948525334397951,0.11948525334397951,0.0,6.0,6.0,4900.0,3301.0,0.0,0.28601813316345215,0.7297744750976562,1.1000869274139404,3.909945487976074,16.0
dynamic,2,1,491,0.12380149155855179,0.10030873090028763,0.023492761254310608,0.08874852058788141,0.08874852058788141,0.0,6.0,6.0,4910.0,3301.0,0.0,0.28601813316345215,0.7297744750976562,1.1000869274139404,3.909945487976074,16.0
dynamic,2,1,492,0.11716967900594076,0.09467276175816854,0.02249691555897395,0.09036433080832164,0.09036433080832164,0.0,6.0,6.0,4920.0,3301.0,0.0,0.28601813316345215,0.7297744750976562,1.1000869274139404,3.909945487976074,16.0
dynamic,2,1,493,0.11367359717686971,0.09215247482061387,0.021521121487021445,0.09452396887044112,0.09452396887044112,0.0,6.0,6.0,4930.0,3301.0,0.0,0.28601813316345215,0.7297744750976562,1.1000869274139404,3.909945487976074,16.0
dynamic,2,1,494,0.11677778045336405,0.09348243296146393,0.023295346150795617,0.0915647611518701,0.0915647611518701,0.0,6.0,6.0,4940.0,3301.0,0.0,0.28601813316345215,0.7297744750976562,1.1000869274139404,3.909945487976074,16.0
dynamic,2,1,495,0.1159811215599378,0.0932457259297371,0.022735395431518556,0.10197390466928483,0.10197390466928483,0.0,6.0,6.0,4950.0,3301.0,0.0,0.28601813316345215,0.7297744750976562,1.1000869274139404,3.909945487976074,16.0
dynamic,2,1,496,0.1162637397646904,0.09299588114023209,0.023267860015233358,0.09055131800472736,0.09055131800472736,0.0,6.0,6.0,4960.0,3301.0,0.0,0.28601813316345215,0.7297744750976562,1.1000869274139404,3.909945487976074,16.0
dynamic,2,1,497,0.11846594790617625,0.09634297748406728,0.022122969677050908,0.08955743988355001,0.08955743988355001,0.0,6.0,6.0,4970.0,3301.0,0.0,0.28601813316345215,0.7297744750976562,1.1000869274139404,3.909945487976074,16.0
dynamic,2,1,498,0.12049841403961181,0.0978659454981486,0.022632466753323872,0.08973546164731185,0.08973546164731185,0.0,6.0,6.0,4980.0,3301.0,0.0,0.28601813316345215,0.7297744750976562,1.1000869274139404,3.909945487976074,16.0
dynamic,2,1,499,0.12454750994841257,0.10045042395591736,0.02409708619117737,0.09129661984741688,0.09129661984741688,0.0,6.0,6.0,4990.0,3301.0,0.0,0.28601813316345215,0.7297744750976562,1.1000869274139404,3.909945487976074,16.0
dynamic,2,1,500,0.12326719750960669,0.09895593355099361,0.02431126534938812,0.09354339885214964,0.09354339885214964,0.0,6.0,6.0,5000.0,3301.0,0.0,0.28601813316345215,0.7297744750976562,1.1000869274139404,3.909945487976074,16.0
