model,seed,level,epoch,train_total,train_effect,train_vq,eval_total,eval_effect,eval_vq,active_codes,ema_used_codes
vq,2,1,1,5.13473508199056,5.120290883382162,0.014444159790873528,4.970013192494711,4.970013192494711,0.0,4.0,4.0
vq,2,1,2,4.89961275100708,4.875277315775554,0.024335386355717976,4.744739720026652,4.744739720026652,0.0,4.0,4.0
vq,2,1,3,4.654426345825195,4.625291334788004,0.029134932061036428,4.559865209261576,4.559865209261576,0.0,4.0,4.0
vq,2,1,4,4.477807299296061,4.421520983378093,0.05628638903299967,4.335960388183594,4.335960388183594,0.0,4.0,4.0
vq,2,1,5,4.345121374130249,4.266920283635457,0.07820112566153209,4.178310785293579,4.178310785293579,0.0,4.0,4.0
vq,2,1,6,4.203031460444133,4.1296448834737145,0.07338657304644584,4.015834318796793,4.015834318796793,0.0,4.0,4.0
vq,2,1,7,4.026606032053629,3.963820610046387,0.06278542280197144,3.8609565448760987,3.8609565448760987,0.0,4.0,4.0
vq,2,1,8,3.844307368596395,3.783523438771566,0.06078392893075943,3.7361563460032143,3.7361563460032143,0.0,4.0,4.0
vq,2,1,9,3.7519704564412435,3.6950531355539957,0.05691729788978894,3.627791895866394,3.627791895866394,0.0,4.0,4.0
vq,2,1,10,3.644766019185384,3.5939553769429526,0.05081065773963928,3.5281146351496377,3.5281146351496377,0.0,4.0,4.0
vq,2,1,11,3.549483858744303,3.4952880922953287,0.05419577678044637,3.444777808189392,3.444777808189392,0.0,4.0,4.0
vq,2,1,12,3.4635297934214275,3.40576979637146,0.05776000996430715,3.344872342745463,3.344872342745463,0.0,4.0,4.0
vq,2,1,13,3.336518971125285,3.2954187234242758,0.04110025763511658,3.2600213050842286,3.2600213050842286,0.0,4.0,4.0
vq,2,1,14,3.250800069173177,3.221150458653768,0.02964965706070264,3.1882906595865887,3.1882906595865887,0.0,4.0,4.0
vq,2,1,15,3.1792239411671956,3.150742492675781,0.028481445908546447,3.099902440706889,3.099902440706889,0.0,4.0,4.0
vq,2,1,16,3.097893969217936,3.066883211135864,0.03101072202126185,3.018116898536682,3.018116898536682,0.0,4.0,4.0
vq,2,1,17,3.0088179302215576,2.9776968288421632,0.03112110565106074,2.8777900012334188,2.8777900012334188,0.0,4.0,4.0
vq,2,1,18,2.9210830211639403,2.8857144482930503,0.03536857003966967,2.7773599179585773,2.7773599179585773,0.0,4.0,4.0
vq,2,1,19,2.826306743621826,2.7847204049428305,0.041586354573567706,2.6930075534184774,2.6930075534184774,0.0,4.0,4.0
vq,2,1,20,2.7614826202392577,2.7126119709014893,0.04887061725060145,2.629012506802877,2.629012506802877,0.0,4.0,4.0
vq,2,1,21,2.6815833950042727,2.633352657953898,0.0482307305932045,2.5916750049591064,2.5916750049591064,0.0,4.0,4.0
vq,2,1,22,2.614098529815674,2.5718504015604653,0.0422481461862723,2.55473875840505,2.55473875840505,0.0,4.0,4.0
vq,2,1,23,2.553771899541219,2.5119359175364178,0.04183597574631373,2.5747382084528607,2.5747382084528607,0.0,4.0,4.0
vq,2,1,24,2.52595512231191,2.4612201420466104,0.06473494589328765,2.568993315696716,2.568993315696716,0.0,4.0,4.0
vq,2,1,25,2.5121052932739256,2.410475600560506,0.10162969867388408,2.4326875575383506,2.4326875575383506,0.0,4.0,4.0
vq,2,1,26,2.425520976384481,2.293331117630005,0.1321898732582728,2.30991707166036,2.30991707166036,0.0,4.0,4.0
vq,2,1,27,2.386119753519694,2.1853814919789634,0.2007382575670878,2.1196547492345172,2.1196547492345172,0.0,4.0,4.0
vq,2,1,28,2.3128848044077555,2.0175555833180745,0.29532923380533854,1.9285880819956462,1.9285880819956462,0.0,4.0,4.0
vq,2,1,29,2.2220280361175537,1.9073946030934652,0.31463347673416137,1.7704174661636352,1.7704174661636352,0.0,4.0,4.0
vq,2,1,30,2.0544101778666177,1.8077010409037273,0.2467091389497121,1.686485644976298,1.686485644976298,0.0,4.0,4.0
vq,2,1,31,1.9078661791483562,1.7402253246307373,0.1676408310731252,1.6137975311279298,1.6137975311279298,0.0,4.0,4.0
vq,2,1,32,1.7793976291020712,1.6767932891845703,0.10260433803002039,1.576810909907023,1.576810909907023,0.0,4.0,4.0
vq,2,1,33,1.706412115097046,1.6363530731201172,0.07005903442700703,1.5654964685440063,1.5654964685440063,0.0,4.0,4.0
vq,2,1,34,1.6594886128107706,1.594711306889852,0.06477730438113212,1.6078181918462118,1.6078181918462118,0.0,4.0,4.0
vq,2,1,35,1.6042769241333008,1.5410304117202758,0.0632465143998464,1.4760447231928508,1.4760447231928508,0.0,4.0,4.0
vq,2,1,36,1.5010788440704346,1.449709431330363,0.051369394759337106,1.361953444480896,1.361953444480896,0.0,4.0,4.0
vq,2,1,37,1.4397589842478433,1.3883874607086182,0.05137150973081589,1.3218575874964396,1.3218575874964396,0.0,4.0,4.0
vq,2,1,38,1.3916288932164511,1.3435846487681071,0.048044250905513765,1.2795685927073162,1.2795685927073162,0.0,4.0,4.0
vq,2,1,39,1.3484400510787964,1.3009268792470297,0.04751316438118617,1.2255601763725281,1.2255601763725281,0.0,4.0,4.0
vq,2,1,40,1.3226279306411743,1.2650997988382975,0.057528158525625865,1.180350917975108,1.180350917975108,0.0,4.0,4.0
vq,2,1,41,1.250286017258962,1.1974947476387023,0.0527912811934948,1.1437259030342102,1.1437259030342102,0.0,4.0,4.0
vq,2,1,42,1.2115178140004477,1.1668219629923502,0.04469581698377927,1.1257920503616332,1.1257920503616332,0.0,4.0,4.0
vq,2,1,43,1.1841094525655111,1.1481350437800089,0.03597440163294474,1.0771390199661255,1.0771390199661255,0.0,4.0,4.0
vq,2,1,44,1.107674810886383,1.0718270421028138,0.03584775567054749,1.0402869669596355,1.0402869669596355,0.0,4.0,4.0
vq,2,1,45,1.0874157079060873,1.048194771607717,0.039220923582712806,1.0055687197049459,1.0055687197049459,0.0,4.0,4.0
vq,2,1,46,1.0725745805104574,1.0353449392318725,0.03722964351375898,0.9877350886662801,0.9877350886662801,0.0,4.0,4.0
vq,2,1,47,1.055908948580424,1.0226069784164429,0.033301975627740225,0.9608841824531555,0.9608841824531555,0.0,4.0,4.0
vq,2,1,48,1.006442739168803,0.9744966610272725,0.0319460911800464,0.9296105678876241,0.9296105678876241,0.0,4.0,4.0
vq,2,1,49,0.9878937037785848,0.9500744533538819,0.03781924491127332,0.8958089598019918,0.8958089598019918,0.0,4.0,4.0
vq,2,1,50,0.9584317461649576,0.9203314336140951,0.03810031622648239,0.8879221081733704,0.8879221081733704,0.0,4.0,4.0
vq,2,1,51,0.9422799730300904,0.9099396657943726,0.0323403092722098,0.869773006439209,0.869773006439209,0.0,4.0,4.0
vq,2,1,52,0.9176143201192221,0.8865722513198853,0.031042077193657557,0.8345638942718506,0.8345638942718506,0.0,4.0,4.0
vq,2,1,53,0.887169848283132,0.8563955553372701,0.0307742956529061,0.8169590290387472,0.8169590290387472,0.0,4.0,4.0
vq,2,1,54,0.8749922339121501,0.8399506632486979,0.03504156331221263,0.7961288460095723,0.7961288460095723,0.0,4.0,4.0
vq,2,1,55,0.8607680527369181,0.8274946482976278,0.03327340324719747,0.779816837310791,0.779816837310791,0.0,4.0,4.0
vq,2,1,56,0.8400710932413737,0.8065447251001994,0.0335263771067063,0.7645889242490133,0.7645889242490133,0.0,4.0,4.0
vq,2,1,57,0.8211371080080668,0.7863842177391053,0.034752899557352064,0.7448855519294739,0.7448855519294739,0.0,4.0,4.0
vq,2,1,58,0.8020646444956462,0.7669184446334839,0.035146194199721016,0.7389001266161601,0.7389001266161601,0.0,4.0,4.0
vq,2,1,59,0.7868819729487101,0.7555037291844686,0.03137824756403764,0.7293767515818278,0.7293767515818278,0.0,4.0,4.0
vq,2,1,60,0.776486275990804,0.7456302587191264,0.030856015384197234,0.720146013100942,0.720146013100942,0.0,4.0,4.0
vq,2,1,61,0.753743523756663,0.7204555447896321,0.03328797255953153,0.6964614486694336,0.6964614486694336,0.0,4.0,4.0
vq,2,1,62,0.7544662133852641,0.7203318707148234,0.034134341776371,0.6842150195439657,0.6842150195439657,0.0,4.0,4.0
vq,2,1,63,0.7289005899429322,0.6946679345766703,0.03423266142606735,0.6706270464261372,0.6706270464261372,0.0,4.0,4.0
vq,2,1,64,0.7242406384150187,0.6899141883850097,0.0343264472981294,0.668423772652944,0.668423772652944,0.0,4.0,4.0
vq,2,1,65,0.717123544216156,0.6853436009089152,0.03177994221448898,0.6528577172756195,0.6528577172756195,0.0,4.0,4.0
vq,2,1,66,0.709953118165334,0.676142984231313,0.03381013189752897,0.6410810037453969,0.6410810037453969,0.0,4.0,4.0
vq,2,1,67,0.7016731492678324,0.6659441796938578,0.035728961527347565,0.6317098772525788,0.6317098772525788,0.0,4.0,4.0
vq,2,1,68,0.6861436335245769,0.6504193147023519,0.03572432239850362,0.6295365420977275,0.6295365420977275,0.0,4.0,4.0
vq,2,1,69,0.6858527358373007,0.6530794898668925,0.03277324299017588,0.6185054365793864,0.6185054365793864,0.0,4.0,4.0
vq,2,1,70,0.6827794893582662,0.6501061948140462,0.03267329176266988,0.6127904125054677,0.6127904125054677,0.0,4.0,4.0
vq,2,1,71,0.6777248279253641,0.6456312235196432,0.0320936045050621,0.6063512190183004,0.6063512190183004,0.0,4.0,4.0
vq,2,1,72,0.665355220635732,0.6324895985921224,0.032865618666013084,0.5999395263195038,0.5999395263195038,0.0,4.0,4.0
vq,2,1,73,0.6519229745864868,0.6203919831911723,0.031530998001495995,0.5998157584667205,0.5998157584667205,0.0,4.0,4.0
vq,2,1,74,0.6473083821932475,0.6172205440203349,0.03008784366150697,0.5896276950836181,0.5896276950836181,0.0,4.0,4.0
vq,2,1,75,0.6347616402308146,0.6027973254521688,0.031964313983917234,0.5877102490266164,0.5877102490266164,0.0,4.0,4.0
vq,2,1,76,0.6316441965103149,0.6014462812741598,0.0301979195078214,0.5785938799381256,0.5785938799381256,0.0,4.0,4.0
vq,2,1,77,0.6277284693717956,0.5970853034655254,0.03064316635330518,0.5761784621079763,0.5761784621079763,0.0,4.0,4.0
vq,2,1,78,0.6128203980127971,0.5813728443781535,0.03144755144913991,0.5708023238182068,0.5708023238182068,0.0,4.0,4.0
vq,2,1,79,0.6111519074440003,0.5810637386639913,0.030088172182440757,0.5642502915859222,0.5642502915859222,0.0,4.0,4.0
vq,2,1,80,0.6157885162035625,0.5843864878018697,0.03140202591816584,0.5600138552983602,0.5600138552983602,0.0,4.0,4.0
vq,2,1,81,0.6104602535565694,0.578187902768453,0.03227235252658526,0.5531988644599914,0.5531988644599914,0.0,4.0,4.0
vq,2,1,82,0.6051404658953349,0.5729315686225891,0.03220890621344248,0.5491611313819885,0.5491611313819885,0.0,4.0,4.0
vq,2,1,83,0.60145627895991,0.5683092113335927,0.03314706976215045,0.5463200068473816,0.5463200068473816,0.0,4.0,4.0
vq,2,1,84,0.6026458263397216,0.5686407192548116,0.03400510410467784,0.542795178492864,0.542795178492864,0.0,4.0,4.0
vq,2,1,85,0.5899568168322246,0.5581926433245341,0.031764170130093895,0.5378254489103953,0.5378254489103953,0.0,4.0,4.0
vq,2,1,86,0.5835683298110962,0.5531296602884929,0.030438666741053264,0.5385636003812154,0.5385636003812154,0.0,4.0,4.0
vq,2,1,87,0.5748007909456889,0.543483095963796,0.03131769746541977,0.5296224558353424,0.5296224558353424,0.0,4.0,4.0
vq,2,1,88,0.5774742714564005,0.5462658214569092,0.031208454767862957,0.5261443054676056,0.5261443054676056,0.0,4.0,4.0
vq,2,1,89,0.5605213995774587,0.5299250694115957,0.030596338858207065,0.5219449293613434,0.5219449293613434,0.0,4.0,4.0
vq,2,1,90,0.5708184790611267,0.538409481048584,0.03240899930397669,0.5176672017574311,0.5176672017574311,0.0,4.0,4.0
vq,2,1,91,0.5635359493891398,0.5322600626945495,0.03127588838338852,0.5155720790227254,0.5155720790227254,0.0,4.0,4.0
vq,2,1,92,0.5569045797983805,0.5254183189074199,0.0314862718184789,0.5093845387299856,0.5093845387299856,0.0,4.0,4.0
vq,2,1,93,0.5525246739387513,0.5226422846317291,0.029882395416498186,0.5075045351187388,0.5075045351187388,0.0,4.0,4.0
vq,2,1,94,0.5526879306634267,0.5215387360254924,0.031149181226889294,0.5036430394649506,0.5036430394649506,0.0,4.0,4.0
vq,2,1,95,0.5460831260681153,0.5136037413279215,0.03247939109802246,0.49833729604880017,0.49833729604880017,0.0,4.0,4.0
vq,2,1,96,0.5412307214736939,0.5094284733136495,0.03180225436886152,0.49851707597573597,0.49851707597573597,0.0,4.0,4.0
vq,2,1,97,0.5420904938379923,0.511420214176178,0.030670273726185162,0.4953752549489339,0.4953752549489339,0.0,4.0,4.0
vq,2,1,98,0.5400757678349812,0.508871465921402,0.031204299777746202,0.49570226947466534,0.49570226947466534,0.0,4.0,4.0
vq,2,1,99,0.5274716242154439,0.49560916662216187,0.03186245371898015,0.4893102953831355,0.4893102953831355,0.0,4.0,4.0
vq,2,1,100,0.5243971133232117,0.4926026976108551,0.03179442038138707,0.49017940560976664,0.49017940560976664,0.0,4.0,4.0
vq,2,1,101,0.5267558002471924,0.49411529461542764,0.032640514224767686,0.48486148615678154,0.48486148615678154,0.0,4.0,4.0
vq,2,1,102,0.5212872342268626,0.4898449488480886,0.03144228480756283,0.477574377655983,0.477574377655983,0.0,4.0,4.0
vq,2,1,103,0.5135984794298808,0.4809612719217936,0.032637200206518176,0.4797966663042704,0.4797966663042704,0.0,4.0,4.0
vq,2,1,104,0.5232493440310161,0.4894620398680369,0.033787308037281034,0.4792953731616338,0.4792953731616338,0.0,4.0,4.0
vq,2,1,105,0.5099441814422607,0.47730420470237733,0.03263997902472814,0.47075446804364524,0.47075446804364524,0.0,4.0,4.0
vq,2,1,106,0.5097996274630229,0.47787418484687805,0.031925442516803744,0.4686967118581136,0.4686967118581136,0.0,4.0,4.0
vq,2,1,107,0.5061426186561584,0.47418174147605896,0.031960877974828085,0.4678475109736125,0.4678475109736125,0.0,4.0,4.0
vq,2,1,108,0.5069052894910177,0.4735193510850271,0.03338593820730845,0.46401592910289763,0.46401592910289763,0.0,4.0,4.0
vq,2,1,109,0.5203934439023336,0.4844888393084208,0.03590460961063703,0.4645442267258962,0.4645442267258962,0.0,4.0,4.0
vq,2,1,110,0.4954397404193878,0.46350078463554384,0.03193896057705085,0.45925297141075133,0.45925297141075133,0.0,4.0,4.0
vq,2,1,111,0.5052773666381836,0.4724412194887797,0.03283615157008171,0.45714585423469545,0.45714585423469545,0.0,4.0,4.0
vq,2,1,112,0.5007340280214946,0.46841494520505267,0.032319077253341676,0.45470170974731444,0.45470170974731444,0.0,4.0,4.0
vq,2,1,113,0.4860886740684509,0.45402022123336794,0.03206845665971438,0.45234183271725975,0.45234183271725975,0.0,4.0,4.0
vq,2,1,114,0.49362672567367555,0.45895454168319705,0.03467218741774559,0.452752455274264,0.452752455274264,0.0,4.0,4.0
vq,2,1,115,0.49661924759546916,0.4612682104110718,0.03535104100902875,0.4521650236845016,0.4521650236845016,0.0,4.0,4.0
vq,2,1,116,0.49453607082366946,0.45609350124994913,0.03844256674249967,0.4462734820445379,0.4462734820445379,0.0,4.0,4.0
vq,2,1,117,0.48820176084836325,0.4494932953516642,0.038708464205265046,0.43815050880114237,0.43815050880114237,0.0,4.0,4.0
vq,2,1,118,0.48241427501042683,0.4456346913178762,0.03677958274881045,0.43788970589637755,0.43788970589637755,0.0,4.0,4.0
vq,2,1,119,0.4891477537155151,0.45045100768407187,0.03869675010442734,0.4361949688196182,0.4361949688196182,0.0,4.0,4.0
vq,2,1,120,0.4814635769526164,0.4422091464201609,0.039254430731137595,0.4358554428815842,0.4358554428815842,0.0,4.0,4.0
vq,2,1,121,0.4780573018391927,0.43948917746543886,0.03856811990340551,0.4306089089314143,0.4306089089314143,0.0,4.0,4.0
vq,2,1,122,0.47187254707018533,0.43523022611935935,0.0366423233350118,0.4256287999947866,0.4256287999947866,0.0,4.0,4.0
vq,2,1,123,0.485655353864034,0.44493332227071125,0.040722034424543384,0.4269184782107671,0.4269184782107671,0.0,4.0,4.0
vq,2,1,124,0.4724859396616618,0.43421844244003294,0.038267494042714435,0.42235908408959705,0.42235908408959705,0.0,4.0,4.0
vq,2,1,125,0.47156534632047015,0.432973401149114,0.03859194720784823,0.41847287774086,0.41847287774086,0.0,4.0,4.0
vq,2,1,126,0.46378553787867227,0.4261714271704356,0.03761410931746165,0.41849189658959707,0.41849189658959707,0.0,4.0,4.0
vq,2,1,127,0.4635526398817698,0.4266411566734314,0.036911476502815885,0.4210004687309265,0.4210004687309265,0.0,4.0,4.0
vq,2,1,128,0.46816066980361937,0.4304449840386709,0.037715685963630674,0.41299605002005896,0.41299605002005896,0.0,4.0,4.0
vq,2,1,129,0.4611263819535573,0.4243082821369171,0.03681810369094213,0.4133860545357068,0.4133860545357068,0.0,4.0,4.0
vq,2,1,130,0.4619474458694458,0.4242689462502797,0.03767850403984388,0.4047070915500323,0.4047070915500323,0.0,4.0,4.0
vq,2,1,131,0.45450426141421,0.41541506846745807,0.03908919339378675,0.41585373560587563,0.41585373560587563,0.0,4.0,4.0
vq,2,1,132,0.46205665906270343,0.4226179679234823,0.039438689053058626,0.4105935024221738,0.4105935024221738,0.0,4.0,4.0
vq,2,1,133,0.465932997862498,0.42551989475886026,0.04041309759020805,0.40041885445515313,0.40041885445515313,0.0,4.0,4.0
vq,2,1,134,0.45128713846206664,0.41206449071566265,0.03922265117367109,0.4066278012593587,0.4066278012593587,0.0,4.0,4.0
vq,2,1,135,0.4583445048332214,0.41948014179865517,0.03886436114708582,0.39867068101962405,0.39867068101962405,0.0,4.0,4.0
vq,2,1,136,0.45894920905431114,0.418742325703303,0.04020688677827517,0.4098944198091825,0.4098944198091825,0.0,4.0,4.0
vq,2,1,137,0.44803067088127135,0.4082629656791687,0.03976770013570786,0.39331630726655326,0.39331630726655326,0.0,4.0,4.0
vq,2,1,138,0.4435805614789327,0.4038804312547048,0.03970013007521629,0.39056868155797325,0.39056868155797325,0.0,4.0,4.0
vq,2,1,139,0.4462042450904846,0.40431082487106323,0.04189342573285103,0.4003366564710935,0.4003366564710935,0.0,4.0,4.0
vq,2,1,140,0.44513084650039675,0.40522818207740785,0.03990266044934591,0.3837699520587921,0.3837699520587921,0.0,4.0,4.0
vq,2,1,141,0.4387018581231435,0.40124083995819093,0.03746101871132851,0.39155114084482195,0.39155114084482195,0.0,4.0,4.0
vq,2,1,142,0.4332172008355459,0.3949499340852102,0.038267272214094795,0.3808354618151983,0.3808354618151983,0.0,4.0,4.0
vq,2,1,143,0.4420446300506592,0.40356984972953797,0.0384747835000356,0.3899993975957235,0.3899993975957235,0.0,4.0,4.0
vq,2,1,144,0.43008491237958274,0.3928903639316559,0.03719454333186149,0.37450521022081373,0.37450521022081373,0.0,4.0,4.0
vq,2,1,145,0.43362032969792685,0.3931661097208659,0.0404542209704717,0.3819376583894094,0.3819376583894094,0.0,4.0,4.0
vq,2,1,146,0.4274060082435608,0.3892229147752126,0.03818309078613917,0.38081874897082646,0.38081874897082646,0.0,4.0,4.0
vq,2,1,147,0.42532721360524495,0.38763988693555196,0.037687326769034066,0.37393505285183587,0.37393505285183587,0.0,4.0,4.0
vq,2,1,148,0.4225430345535278,0.3852638077735901,0.03727922558784485,0.3778890577952067,0.3778890577952067,0.0,4.0,4.0
vq,2,1,149,0.42489381591478986,0.3872096602121989,0.03768415759007136,0.36758042613665265,0.36758042613665265,0.0,4.0,4.0
vq,2,1,150,0.4345293418566386,0.3960915434360504,0.038437804778416955,0.3650734634200732,0.3650734634200732,0.0,4.0,4.0
vq,2,1,151,0.42014978369077044,0.38322412212689716,0.03692565962672233,0.3758371105790138,0.3758371105790138,0.0,4.0,4.0
vq,2,1,152,0.4110720125834147,0.37387360334396363,0.03719840849439303,0.36245598703622817,0.36245598703622817,0.0,4.0,4.0
vq,2,1,153,0.42282084743181864,0.3845483418305715,0.03827250430981318,0.3641266644994418,0.3641266644994418,0.0,4.0,4.0
vq,2,1,154,0.4095711012681325,0.37314939936002095,0.03642169793446859,0.3573342917362849,0.3573342917362849,0.0,4.0,4.0
vq,2,1,155,0.41166247566541037,0.37504329800605773,0.03661918272574743,0.3586385856072108,0.3586385856072108,0.0,4.0,4.0
vq,2,1,156,0.41324655572573343,0.37413357933362323,0.03911297296484311,0.3619419498244921,0.3619419498244921,0.0,4.0,4.0
vq,2,1,157,0.4082223614056905,0.37145499149958294,0.036767369508743285,0.3536239297191302,0.3536239297191302,0.0,4.0,4.0
vq,2,1,158,0.4101488800843557,0.3712573536237081,0.03889152924219767,0.3641681845982869,0.3641681845982869,0.0,4.0,4.0
vq,2,1,159,0.40944462617238364,0.3700988781452179,0.039345746537049614,0.34827867498000464,0.34827867498000464,0.0,4.0,4.0
vq,2,1,160,0.402333767414093,0.36338490843772886,0.03894885425766309,0.3520400589704514,0.3520400589704514,0.0,4.0,4.0
vq,2,1,161,0.3937847884496053,0.3581134637196859,0.03567132537563642,0.35019159227609636,0.35019159227609636,0.0,4.0,4.0
vq,2,1,162,0.40238028327624004,0.3639867953459422,0.03839348927140236,0.34295906911293667,0.34295906911293667,0.0,4.0,4.0
vq,2,1,163,0.38901400566101074,0.352031299273173,0.03698271214962005,0.34974854002396266,0.34974854002396266,0.0,4.0,4.0
vq,2,1,164,0.3890288070837657,0.3528583224614461,0.03617048333088557,0.34371442019939424,0.34371442019939424,0.0,4.0,4.0
vq,2,1,165,0.4030884563922882,0.3637980492909749,0.03929040715098381,0.34128247847159704,0.34128247847159704,0.0,4.0,4.0
vq,2,1,166,0.41294739484786985,0.3686716902256012,0.04427570765217145,0.3544037143389384,0.3544037143389384,0.0,4.0,4.0
vq,2,1,167,0.39390117247899376,0.35441436688105266,0.039486807882785795,0.33496757298707963,0.33496757298707963,0.0,4.0,4.0
vq,2,1,168,0.40362637599309287,0.3624657181898753,0.041160659790039064,0.3560486400127411,0.3560486400127411,0.0,4.0,4.0
vq,2,1,169,0.3916358717282613,0.3533482305208842,0.03828764259815216,0.3351082225640615,0.3351082225640615,0.0,4.0,4.0
vq,2,1,170,0.3887592303752899,0.3516121252377828,0.037147101561228434,0.3319457549850146,0.3319457549850146,0.0,4.0,4.0
vq,2,1,171,0.3888538567225138,0.350084445476532,0.03876941174268723,0.33001401091615357,0.33001401091615357,0.0,4.0,4.0
vq,2,1,172,0.3837457279364268,0.3456893988450368,0.03805633023381233,0.33431744188070295,0.33431744188070295,0.0,4.0,4.0
vq,2,1,173,0.38211626529693604,0.3448011879126231,0.03731508016586304,0.32678695405522984,0.32678695405522984,0.0,4.0,4.0
vq,2,1,174,0.37779069344202676,0.34033892035484314,0.037451767524083454,0.3267524947722753,0.3267524947722753,0.0,4.0,4.0
vq,2,1,175,0.3750550134976705,0.33668386379877724,0.03837115317583084,0.33335392430424693,0.33335392430424693,0.0,4.0,4.0
vq,2,1,176,0.380080384016037,0.3415537257989248,0.03852665786941846,0.3246815404792627,0.3246815404792627,0.0,4.0,4.0
vq,2,1,177,0.373365816672643,0.3365330266952515,0.03683279161651929,0.33128514076272647,0.33128514076272647,0.0,4.0,4.0
vq,2,1,178,0.3762942926088969,0.33692111293474836,0.039373178730408354,0.3224989592532317,0.3224989592532317,0.0,4.0,4.0
vq,2,1,179,0.3678169051806132,0.33083303928375246,0.03698386152585347,0.3288196261227131,0.3288196261227131,0.0,4.0,4.0
vq,2,1,180,0.379616425037384,0.3379959225654602,0.041620500187079114,0.3162543013195197,0.3162543013195197,0.0,4.0,4.0
vq,2,1,181,0.3633080784479777,0.32637649178504946,0.036931582937637965,0.3169892687598864,0.3169892687598864,0.0,4.0,4.0
vq,2,1,182,0.3631638248761495,0.32448833545049033,0.038675487687190375,0.31588743632038435,0.31588743632038435,0.0,4.0,4.0
vq,2,1,183,0.3686724428335826,0.3290726657708486,0.0395997779071331,0.3137440264225006,0.3137440264225006,0.0,4.0,4.0
vq,2,1,184,0.35647368351618447,0.31860902269681296,0.037864665985107425,0.32187720388174057,0.32187720388174057,0.0,4.0,4.0
vq,2,1,185,0.36403194069862366,0.32476648211479187,0.039265452275673546,0.3093585176765919,0.3093585176765919,0.0,4.0,4.0
vq,2,1,186,0.3634470764795939,0.323411226272583,0.04003584861755371,0.3120038935045401,0.3120038935045401,0.0,4.0,4.0
vq,2,1,187,0.3519845457871755,0.31462659875551857,0.03735794946551323,0.3214428718884786,0.3214428718884786,0.0,4.0,4.0
vq,2,1,188,0.3558937633037567,0.3187064707279205,0.03718729148308436,0.3116729081173738,0.3116729081173738,0.0,4.0,4.0
vq,2,1,189,0.36174246191978454,0.3236584162712097,0.0380840461452802,0.3110555537045002,0.3110555537045002,0.0,4.0,4.0
vq,2,1,190,0.3493765330314636,0.31130006710688274,0.03807646373907725,0.30849065353473026,0.30849065353473026,0.0,4.0,4.0
vq,2,1,191,0.36147894461949664,0.32250885605812074,0.038970088263352715,0.30457441235582033,0.30457441235582033,0.0,4.0,4.0
vq,2,1,192,0.35234917759895323,0.3140312558412552,0.03831792364517848,0.3293436054388682,0.3293436054388682,0.0,4.0,4.0
vq,2,1,193,0.3569252602259318,0.3156155554453532,0.041309708108504616,0.30199088657895723,0.30199088657895723,0.0,4.0,4.0
vq,2,1,194,0.35578859090805054,0.31388316909472147,0.04190542042255402,0.2978451417386532,0.2978451417386532,0.0,4.0,4.0
vq,2,1,195,0.3568679889043172,0.3162011464436849,0.04066683953007062,0.3017158595720927,0.3017158595720927,0.0,4.0,4.0
vq,2,1,196,0.3567897681395213,0.3144313979148865,0.04235836833715439,0.31745111977060636,0.31745111977060636,0.0,4.0,4.0
vq,2,1,197,0.35234796126683554,0.3127287817001343,0.03961918175220489,0.304051867077748,0.304051867077748,0.0,4.0,4.0
vq,2,1,198,0.3451906669139862,0.3065483697255452,0.038642300268014275,0.2921219792962074,0.2921219792962074,0.0,4.0,4.0
vq,2,1,199,0.3668215350310008,0.3226111328601837,0.04421039889256159,0.30508409733573594,0.30508409733573594,0.0,4.0,4.0
vq,2,1,200,0.3593779389063517,0.31701220194498697,0.04236573626597722,0.2917334665854772,0.2917334665854772,0.0,4.0,4.0
vq,2,1,201,0.3437399252255758,0.30309880057970684,0.0406411200761795,0.2953271807730198,0.2953271807730198,0.0,4.0,4.0
vq,2,1,202,0.33860456069310507,0.29874431014060976,0.039860248665014905,0.2928650917112827,0.2928650917112827,0.0,4.0,4.0
vq,2,1,203,0.34686468680699667,0.30686233202616375,0.04000235398610433,0.29068083663781485,0.29068083663781485,0.0,4.0,4.0
vq,2,1,204,0.34856901129086815,0.30618417223294575,0.042384837319453555,0.30485169261693956,0.30485169261693956,0.0,4.0,4.0
vq,2,1,205,0.3482213044166565,0.3077292589346568,0.04049204597870509,0.2880776048700015,0.2880776048700015,0.0,4.0,4.0
vq,2,1,206,0.3461048189798991,0.30593337575594587,0.040171445856491725,0.2875586870312691,0.2875586870312691,0.0,4.0,4.0
vq,2,1,207,0.32625598192214966,0.2898524721463521,0.036403509229421614,0.29065307050943373,0.29065307050943373,0.0,4.0,4.0
vq,2,1,208,0.3478150788942973,0.3064100929101308,0.04140499432881673,0.28160382717847826,0.28160382717847826,0.0,4.0,4.0
vq,2,1,209,0.33889443675676983,0.29659245133399964,0.04230198745926221,0.2897074281672637,0.2897074281672637,0.0,4.0,4.0
vq,2,1,210,0.34747115850448607,0.30173161029815676,0.04573954865336418,0.27959375475843745,0.27959375475843745,0.0,4.0,4.0
vq,2,1,211,0.3281899547576904,0.28761512915293375,0.04057482336958249,0.3020313480993112,0.3020313480993112,0.0,4.0,4.0
vq,2,1,212,0.3356806576251984,0.29581736703713735,0.03986328701178233,0.2831146864096324,0.2831146864096324,0.0,4.0,4.0
vq,2,1,213,0.34188077290852864,0.29945931712786356,0.04242145359516144,0.28658342858155567,0.28658342858155567,0.0,4.0,4.0
vq,2,1,214,0.3277570907274882,0.2898205836613973,0.03793650686740875,0.2796292470395565,0.2796292470395565,0.0,4.0,4.0
vq,2,1,215,0.3305238445599874,0.2941859543323517,0.036337894052267075,0.2781156052152316,0.2781156052152316,0.0,4.0,4.0
vq,2,1,216,0.32300552129745486,0.2847357688347499,0.0382697523633639,0.27446616927782697,0.27446616927782697,0.0,4.0,4.0
vq,2,1,217,0.33011445522308347,0.2908513865868251,0.039263066252072654,0.2730677463610967,0.2730677463610967,0.0,4.0,4.0
vq,2,1,218,0.31975815296173093,0.28203175783157347,0.03772639219959577,0.2725369630753994,0.2725369630753994,0.0,4.0,4.0
vq,2,1,219,0.31869136492411293,0.2824272032578786,0.036264164249102275,0.272167416960001,0.272167416960001,0.0,4.0,4.0
vq,2,1,220,0.3221694906552633,0.28474445223808287,0.03742504060268402,0.2735044391949972,0.2735044391949972,0.0,4.0,4.0
vq,2,1,221,0.32580655177434287,0.28550618489583335,0.04030037005742391,0.272088919232289,0.272088919232289,0.0,4.0,4.0
vq,2,1,222,0.3205150270462036,0.2819138391812642,0.03860118846098582,0.2860594768325488,0.2860594768325488,0.0,4.0,4.0
vq,2,1,223,0.3188634220759074,0.2800393799940745,0.03882404347260793,0.26959028030435245,0.26959028030435245,0.0,4.0,4.0
vq,2,1,224,0.31621688524881997,0.27878713607788086,0.037429751604795454,0.28087961052854854,0.28087961052854854,0.0,4.0,4.0
vq,2,1,225,0.3158628153800964,0.2771048716704051,0.03875794529914856,0.2680887775123119,0.2680887775123119,0.0,4.0,4.0
vq,2,1,226,0.3147793781757355,0.27806416193644207,0.03671521534522375,0.26667883719007174,0.26667883719007174,0.0,4.0,4.0
vq,2,1,227,0.3211646258831024,0.2815151659647624,0.03964945763349533,0.27594706043601036,0.27594706043601036,0.0,4.0,4.0
vq,2,1,228,0.32514118870099384,0.2858048180739085,0.039336369037628174,0.261504364212354,0.261504364212354,0.0,4.0,4.0
vq,2,1,229,0.30882732629776,0.2694603504737218,0.03936697632074356,0.2689834200839202,0.2689834200839202,0.0,4.0,4.0
vq,2,1,230,0.3105103699366252,0.271528545220693,0.03898183077573776,0.26369788666566213,0.26369788666566213,0.0,4.0,4.0
vq,2,1,231,0.3228815921147664,0.2809527985254924,0.04192878926793734,0.2660987428824107,0.2660987428824107,0.0,4.0,4.0
vq,2,1,232,0.31153297980626427,0.27467355569203694,0.036859425256649654,0.26481381033857665,0.26481381033857665,0.0,4.0,4.0
vq,2,1,233,0.3120744554201762,0.2726433459917704,0.03943111260732015,0.26559515212972956,0.26559515212972956,0.0,4.0,4.0
vq,2,1,234,0.3088571325937907,0.27041935761769614,0.038437778850396474,0.25840705384810764,0.25840705384810764,0.0,4.0,4.0
vq,2,1,235,0.3119580566883087,0.2725276756286621,0.03943037956953049,0.2577286789317926,0.2577286789317926,0.0,4.0,4.0
vq,2,1,236,0.30597007791201275,0.2668918259938558,0.03907825142145157,0.266431199858586,0.266431199858586,0.0,4.0,4.0
vq,2,1,237,0.3135045595963796,0.2737763706843058,0.039728185385465624,0.26265499691168465,0.26265499691168465,0.0,4.0,4.0
vq,2,1,238,0.3056916193167369,0.2670150887966156,0.038676534394423166,0.2857408673564593,0.2857408673564593,0.0,4.0,4.0
vq,2,1,239,0.30655036608378095,0.26762378970781964,0.0389265763759613,0.26440439562002815,0.26440439562002815,0.0,4.0,4.0
vq,2,1,240,0.2986625123023987,0.26092344919840493,0.03773905858397484,0.3016428572436174,0.3016428572436174,0.0,4.0,4.0
vq,2,1,241,0.32276439905166626,0.2812505054473877,0.04151389082272847,0.26965255131324134,0.26965255131324134,0.0,4.0,4.0
vq,2,1,242,0.30407962640126546,0.26424391706784567,0.0398357093334198,0.28185564373930294,0.28185564373930294,0.0,4.0,4.0
vq,2,1,243,0.3202440071105957,0.2793529462814331,0.040891058643658953,0.24950553295512995,0.24950553295512995,0.0,4.0,4.0
vq,2,1,244,0.302027999162674,0.2604440228144328,0.04158397341767947,0.25467982987562815,0.25467982987562815,0.0,4.0,4.0
vq,2,1,245,0.3007542848587036,0.2589975061019262,0.04175678064425786,0.24788465186953546,0.24788465186953546,0.0,4.0,4.0
vq,2,1,246,0.29871665239334105,0.25798818389574685,0.04072846740484238,0.25056897588074206,0.25056897588074206,0.0,4.0,4.0
vq,2,1,247,0.2966532955567042,0.2591204325358073,0.037532867789268495,0.25867431417107584,0.25867431417107584,0.0,4.0,4.0
vq,2,1,248,0.2998794174194336,0.2624774686495463,0.037401947031418484,0.2667235723386208,0.2667235723386208,0.0,4.0,4.0
vq,2,1,249,0.2920605794588725,0.25361746112505595,0.03844312081734339,0.28977070838212965,0.28977070838212965,0.0,4.0,4.0
vq,2,1,250,0.30636208573977153,0.2657982365290324,0.0405638520916303,0.2488048663487037,0.2488048663487037,0.0,4.0,4.0
vq,2,1,251,0.28409374992052716,0.24815781037012735,0.03593594272931417,0.26205928658445676,0.26205928658445676,0.0,4.0,4.0
vq,2,1,252,0.29578426043192546,0.2563622705141703,0.03942198812961578,0.2447590405245622,0.2447590405245622,0.0,4.0,4.0
vq,2,1,253,0.30535942236582436,0.261677250067393,0.04368216902017594,0.2634594248483578,0.2634594248483578,0.0,4.0,4.0
vq,2,1,254,0.3014920190970103,0.2592199695110321,0.04227205405632655,0.2423453515022993,0.2423453515022993,0.0,4.0,4.0
vq,2,1,255,0.2915586686134338,0.25270361463228863,0.038855049063762026,0.24099764915804067,0.24099764915804067,0.0,4.0,4.0
vq,2,1,256,0.30258108814557394,0.25864900946617125,0.04393207117915154,0.2414699890712897,0.2414699890712897,0.0,4.0,4.0
vq,2,1,257,0.28589579939842225,0.24689945340156555,0.03899634639422099,0.26686751124759517,0.26686751124759517,0.0,4.0,4.0
vq,2,1,258,0.30133922497431437,0.25705921789010366,0.044280005345741905,0.24624970160424708,0.24624970160424708,0.0,4.0,4.0
vq,2,1,259,0.29486639142036436,0.2541288979848226,0.040737497260173165,0.2409541324277719,0.2409541324277719,0.0,4.0,4.0
vq,2,1,260,0.29302032152811686,0.25251459578673047,0.04050572554270426,0.26463101165990033,0.26463101165990033,0.0,4.0,4.0
vq,2,1,261,0.29627077182133993,0.2563294502099355,0.03994131982326508,0.24174177430570126,0.24174177430570126,0.0,4.0,4.0
vq,2,1,262,0.2991000763575236,0.25651839713255564,0.04258168121178945,0.23720821167031925,0.23720821167031925,0.0,4.0,4.0
vq,2,1,263,0.2901542313893636,0.2485465770959854,0.04160765474041303,0.2628304148465395,0.2628304148465395,0.0,4.0,4.0
vq,2,1,264,0.2911487877368927,0.2510716732343038,0.04007711375753085,0.24405670953293643,0.24405670953293643,0.0,4.0,4.0
vq,2,1,265,0.2831732217470805,0.2411554745833079,0.04201774741212527,0.24336679150660834,0.24336679150660834,0.0,4.0,4.0
vq,2,1,266,0.2914454102516174,0.24996761322021485,0.041477798620859783,0.23746242250005403,0.23746242250005403,0.0,4.0,4.0
vq,2,1,267,0.2894392247994741,0.24398309568564097,0.04545613060394923,0.2443817297865947,0.2443817297865947,0.0,4.0,4.0
vq,2,1,268,0.29133663535118104,0.24948397715886433,0.04185265789429347,0.23291225356360276,0.23291225356360276,0.0,4.0,4.0
vq,2,1,269,0.2829395806789398,0.2427173380057017,0.04022223835190137,0.24111888316770394,0.24111888316770394,0.0,4.0,4.0
vq,2,1,270,0.30447962085405983,0.2598648754755656,0.044614747762680054,0.23287645302712917,0.23287645302712917,0.0,4.0,4.0
vq,2,1,271,0.27616657376289366,0.23521824300289154,0.04094833304484685,0.2665830981234709,0.2665830981234709,0.0,4.0,4.0
vq,2,1,272,0.2966659192244212,0.2523717163006465,0.04429420237739881,0.23198869124054908,0.23198869124054908,0.0,4.0,4.0
vq,2,1,273,0.28318256735801695,0.2436809996763865,0.03950157324473063,0.23131366518636545,0.23131366518636545,0.0,4.0,4.0
vq,2,1,274,0.2845405840873718,0.24476519703865052,0.03977538406848907,0.23206228454907735,0.23206228454907735,0.0,4.0,4.0
vq,2,1,275,0.2858313524723053,0.2431530507405599,0.042678302526474,0.2318765453249216,0.2318765453249216,0.0,4.0,4.0
vq,2,1,276,0.2876080671946208,0.24571019808451336,0.04189787154396375,0.2774163186053435,0.2774163186053435,0.0,4.0,4.0
vq,2,1,277,0.2805199311176936,0.23906949202219646,0.041450440287590026,0.2286844259252151,0.2286844259252151,0.0,4.0,4.0
vq,2,1,278,0.2749230456352234,0.2354360818862915,0.039486961960792544,0.2283821286757787,0.2283821286757787,0.0,4.0,4.0
vq,2,1,279,0.27605635205904644,0.23597325046857198,0.040083098312218984,0.2293632076183955,0.2293632076183955,0.0,4.0,4.0
vq,2,1,280,0.27591553926467893,0.2347758372624715,0.04113970339298248,0.2323247461269299,0.2323247461269299,0.0,4.0,4.0
vq,2,1,281,0.28146127541859944,0.24145057519276936,0.040010703603426616,0.22861699725190798,0.22861699725190798,0.0,4.0,4.0
vq,2,1,282,0.26599315722783407,0.2301730889081955,0.03582006648182869,0.22563462287187577,0.22563462287187577,0.0,4.0,4.0
vq,2,1,283,0.2736789178848267,0.2312423477570216,0.04243657549222311,0.2352549031128486,0.2352549031128486,0.0,4.0,4.0
vq,2,1,284,0.28355106790860496,0.24016040007273357,0.04339067051808039,0.2434403372059266,0.2434403372059266,0.0,4.0,4.0
vq,2,1,285,0.27597758293151853,0.2346353288491567,0.041342251946528755,0.22507394542296727,0.22507394542296727,0.0,4.0,4.0
vq,2,1,286,0.2772571978966395,0.23258385519186656,0.044673340171575544,0.22649086917440098,0.22649086917440098,0.0,4.0,4.0
vq,2,1,287,0.28205421606699627,0.23986686527729034,0.04218735024333,0.22467183214922745,0.22467183214922745,0.0,4.0,4.0
vq,2,1,288,0.2751423410574595,0.23142933587233225,0.04371300384402275,0.21967017052074272,0.21967017052074272,0.0,4.0,4.0
vq,2,1,289,0.27203213373819984,0.22968511164188385,0.042347019016742704,0.2584043058504661,0.2584043058504661,0.0,4.0,4.0
vq,2,1,290,0.27976319829622903,0.23736431181430817,0.04239888752500216,0.2277224816630284,0.2277224816630284,0.0,4.0,4.0
vq,2,1,291,0.26655043681462603,0.22606857279936474,0.040481859842936195,0.23527105895181497,0.23527105895181497,0.0,4.0,4.0
vq,2,1,292,0.2908063475290934,0.24233724772930146,0.04846909989913305,0.22099640366931755,0.22099640366931755,0.0,4.0,4.0
vq,2,1,293,0.27074400941530863,0.22466559966405233,0.046078403294086454,0.24264247819781304,0.24264247819781304,0.0,4.0,4.0
vq,2,1,294,0.2886585871378581,0.2426976184050242,0.045960975885391234,0.22085717894136905,0.22085717894136905,0.0,4.0,4.0
vq,2,1,295,0.26720460017522174,0.22567427297433218,0.04153032730023066,0.2178668320675691,0.2178668320675691,0.0,4.0,4.0
vq,2,1,296,0.2716494739055634,0.22897060573101044,0.04267886906862259,0.21827660920719305,0.21827660920719305,0.0,4.0,4.0
vq,2,1,297,0.27864476919174197,0.232161595026652,0.04648317406574885,0.23381249787906805,0.23381249787906805,0.0,4.0,4.0
vq,2,1,298,0.2862859419981639,0.23681943794091542,0.04946650445461273,0.25634955751399197,0.25634955751399197,0.0,4.0,4.0
vq,2,1,299,0.27768505970637003,0.23319500744342803,0.04449004997809728,0.218708560988307,0.218708560988307,0.0,4.0,4.0
vq,2,1,300,0.2670749859015147,0.22600911339124044,0.04106586933135986,0.21911621143420537,0.21911621143420537,0.0,4.0,4.0
vq,2,1,301,0.27188207864761355,0.22806906898816426,0.04381301015615463,0.21536557495594025,0.21536557495594025,0.0,4.0,4.0
vq,2,1,302,0.2834018111228943,0.23399098873138427,0.049410821298758185,0.25153686066468556,0.25153686066468556,0.0,4.0,4.0
vq,2,1,303,0.28277243494987486,0.23413290143013,0.04863953322172165,0.21829050990442436,0.21829050990442436,0.0,4.0,4.0
vq,2,1,304,0.27665616154670714,0.22974589347839355,0.046910271694262824,0.2201765833546718,0.2201765833546718,0.0,4.0,4.0
vq,2,1,305,0.26336351871490477,0.2210334136088689,0.04233010197679202,0.23686871794362863,0.23686871794362863,0.0,4.0,4.0
vq,2,1,306,0.2859623344739278,0.23917330900828043,0.04678902606169383,0.21255843358735244,0.21255843358735244,0.0,4.0,4.0
vq,2,1,307,0.27047115127245586,0.2220520748694738,0.04841907824079195,0.2160642416526874,0.2160642416526874,0.0,4.0,4.0
vq,2,1,308,0.2851113986968994,0.23706374526023866,0.04804765075445175,0.21672021441161632,0.21672021441161632,0.0,4.0,4.0
vq,2,1,309,0.2806813955307007,0.23087465286254882,0.04980674336353938,0.22533407079676787,0.22533407079676787,0.0,4.0,4.0
vq,2,1,310,0.29088325659434,0.24284746487935385,0.04803579072157542,0.24867578841745852,0.24867578841745852,0.0,4.0,4.0
vq,2,1,311,0.27175382534662884,0.22753101110458374,0.04422281285127004,0.20995575577020645,0.20995575577020645,0.0,4.0,4.0
vq,2,1,312,0.2612568239370982,0.21676335573196412,0.04449346621831258,0.2262277110417684,0.2262277110417684,0.0,4.0,4.0
vq,2,1,313,0.26906238675117494,0.22484520932038626,0.04421718170245489,0.21780016618470352,0.21780016618470352,0.0,4.0,4.0
vq,2,1,314,0.27062670469284056,0.22583242138226828,0.0447942852973938,0.21301853597164155,0.21301853597164155,0.0,4.0,4.0
vq,2,1,315,0.2589106865723928,0.21436667203903198,0.0445440145333608,0.2089013942827781,0.2089013942827781,0.0,4.0,4.0
vq,2,1,316,0.26812688787778216,0.2234902274608612,0.04463666727145513,0.23636894524097443,0.23636894524097443,0.0,4.0,4.0
vq,2,1,317,0.2659339519341787,0.22271701077620187,0.04321693981687228,0.21107743891576927,0.21107743891576927,0.0,4.0,4.0
vq,2,1,318,0.2668274986743927,0.22275775492191316,0.044069737444321314,0.252435826237003,0.252435826237003,0.0,4.0,4.0
vq,2,1,319,0.26947070558865865,0.22677736977736154,0.04269333650668462,0.21045855837563673,0.21045855837563673,0.0,4.0,4.0
vq,2,1,320,0.26529826243718463,0.2199826220671336,0.045315642952919004,0.2440191288292408,0.2440191288292408,0.0,4.0,4.0
vq,2,1,321,0.2747122005621592,0.22850657204786937,0.046205630352099736,0.21633191891014575,0.21633191891014575,0.0,4.0,4.0
vq,2,1,322,0.26782616376876833,0.22004530131816863,0.047780859470367434,0.20911582658688227,0.20911582658688227,0.0,4.0,4.0
vq,2,1,323,0.25898465712865193,0.21358589470386505,0.04539876366655032,0.2775824155161778,0.2775824155161778,0.0,4.0,4.0
vq,2,1,324,0.27732299963633217,0.23035914540290833,0.0469638558725516,0.21391102875272433,0.21391102875272433,0.0,4.0,4.0
vq,2,1,325,0.265963568687439,0.2176464581489563,0.048317109992106755,0.20577162141601243,0.20577162141601243,0.0,4.0,4.0
vq,2,1,326,0.2734986833731333,0.22538562099138895,0.048113060295581815,0.23765546567738055,0.23765546567738055,0.0,4.0,4.0
vq,2,1,327,0.28019033471743265,0.23141379634539286,0.04877653519312541,0.32918631985783575,0.32918631985783575,0.0,4.0,4.0
vq,2,1,328,0.2912060272693634,0.23544506589571634,0.05576096266508102,0.2612019743025303,0.2612019743025303,0.0,4.0,4.0
vq,2,1,329,0.2652086009581884,0.21770448009173074,0.047504119922717414,0.21163239486515523,0.21163239486515523,0.0,4.0,4.0
vq,2,1,330,0.2651430471738179,0.21632121940453847,0.04882182876269023,0.20251808285713196,0.20251808285713196,0.0,4.0,4.0
vq,2,1,331,0.2753404772281647,0.2263776202996572,0.04896285494168599,0.21587301202118397,0.21587301202118397,0.0,4.0,4.0
vq,2,1,332,0.2651969790458679,0.21841938972473143,0.046777593791484835,0.20301287973920504,0.20301287973920504,0.0,4.0,4.0
vq,2,1,333,0.2680403629938761,0.2225141493479411,0.04552621235450109,0.20941697446008523,0.20941697446008523,0.0,4.0,4.0
vq,2,1,334,0.2574794089794159,0.21352912425994874,0.04395028755068779,0.23814667927722136,0.23814667927722136,0.0,4.0,4.0
vq,2,1,335,0.2725293831030528,0.22304606715838116,0.049483314355214435,0.23534644283354283,0.23534644283354283,0.0,4.0,4.0
vq,2,1,336,0.26500615835189817,0.21992051442464192,0.0450856406490008,0.21030591095487278,0.21030591095487278,0.0,4.0,4.0
vq,2,1,337,0.2566107594966888,0.21320324222246806,0.0434075129032135,0.20345743030309676,0.20345743030309676,0.0,4.0,4.0
vq,2,1,338,0.2582393487294515,0.21500122626622517,0.04323812226454417,0.20303973411520324,0.20303973411520324,0.0,4.0,4.0
vq,2,1,339,0.256134770711263,0.20960118412971496,0.04653358583649,0.21081995037694773,0.21081995037694773,0.0,4.0,4.0
vq,2,1,340,0.26839190125465395,0.221544598142306,0.04684729983409246,0.21543190941214563,0.21543190941214563,0.0,4.0,4.0
vq,2,1,341,0.2540133265654246,0.2099769111474355,0.04403641621271769,0.19947568587958814,0.19947568587958814,0.0,4.0,4.0
vq,2,1,342,0.2587377198537191,0.21602062861124674,0.04271709034840266,0.24653273957471053,0.24653273957471053,0.0,4.0,4.0
vq,2,1,343,0.2589807450771332,0.21647026101748149,0.04251048495372137,0.19963875013093155,0.19963875013093155,0.0,4.0,4.0
vq,2,1,344,0.25046642184257506,0.20810327013333638,0.04236315409342448,0.22715285715957484,0.22715285715957484,0.0,4.0,4.0
vq,2,1,345,0.27219149192174275,0.22814059873421988,0.04405088985959689,0.20067554593086243,0.20067554593086243,0.0,4.0,4.0
vq,2,1,346,0.24823022961616517,0.20395436267058054,0.044275870621204375,0.19944375447928905,0.19944375447928905,0.0,4.0,4.0
vq,2,1,347,0.2487646540006002,0.2050963900486628,0.0436682610710462,0.2517099282890558,0.2517099282890558,0.0,4.0,4.0
vq,2,1,348,0.2626481088002523,0.22005799293518066,0.04259011973937352,0.20678781745334465,0.20678781745334465,0.0,4.0,4.0
vq,2,1,349,0.2555035126209259,0.2078067406018575,0.047696772267421084,0.21057200230658055,0.21057200230658055,0.0,4.0,4.0
vq,2,1,350,0.2756056853135427,0.22618284006913503,0.049422846833864845,0.2369324333469073,0.2369324333469073,0.0,4.0,4.0
vq,2,1,351,0.2638034252325694,0.21631066024303436,0.047492769261201224,0.2658648717900117,0.2658648717900117,0.0,4.0,4.0
vq,2,1,352,0.2561123732725779,0.20778880635897318,0.04832356780767441,0.2558061442275842,0.2558061442275842,0.0,4.0,4.0
vq,2,1,353,0.26794859449068703,0.2184206473827362,0.0495279419918855,0.1952676942696174,0.1952676942696174,0.0,4.0,4.0
vq,2,1,354,0.24355668147404988,0.19684547980626424,0.04671120256185532,0.21149601211150487,0.21149601211150487,0.0,4.0,4.0
vq,2,1,355,0.26913633465766906,0.22260230322678884,0.046534025967121126,0.2009711246440808,0.2009711246440808,0.0,4.0,4.0
vq,2,1,356,0.2547224688529968,0.20675885796546936,0.04796360691388448,0.1969404028604428,0.1969404028604428,0.0,4.0,4.0
vq,2,1,357,0.2725820545355479,0.2164112110932668,0.056170838673909505,0.25737358545263606,0.25737358545263606,0.0,4.0,4.0
vq,2,1,358,0.2645927588144938,0.2166671097278595,0.04792564739783605,0.19569298170506955,0.19569298170506955,0.0,4.0,4.0
vq,2,1,359,0.2560162154833476,0.21088302592436473,0.04513319263855616,0.19713493257761003,0.19713493257761003,0.0,4.0,4.0
vq,2,1,360,0.2548349080483119,0.2072944269577662,0.04754048188527425,0.20751723686854046,0.20751723686854046,0.0,4.0,4.0
vq,2,1,361,0.2647761062781016,0.21666150331497191,0.048114599088827766,0.2205108925451835,0.2205108925451835,0.0,4.0,4.0
vq,2,1,362,0.2544037675857544,0.2051832377910614,0.049220530092716215,0.19258307623366513,0.19258307623366513,0.0,4.0,4.0
vq,2,1,363,0.262192068696022,0.21052217622598013,0.05166989286740621,0.24799745584527652,0.24799745584527652,0.0,4.0,4.0
vq,2,1,364,0.2710473809639613,0.22453176617622375,0.04651561597983042,0.19302504462500414,0.19302504462500414,0.0,4.0,4.0
vq,2,1,365,0.24722185909748076,0.20239054262638093,0.04483131647109986,0.21446179347733657,0.21446179347733657,0.0,4.0,4.0
vq,2,1,366,0.26533182223637897,0.21752869486808776,0.047803120712439216,0.241585704361399,0.241585704361399,0.0,4.0,4.0
vq,2,1,367,0.2547256044546763,0.20585777918497722,0.04886782517035802,0.19214197350045045,0.19214197350045045,0.0,4.0,4.0
vq,2,1,368,0.25767509698867797,0.20627028346061707,0.05140481561422348,0.2459394833445549,0.2459394833445549,0.0,4.0,4.0
vq,2,1,369,0.2679621660709381,0.2205935384829839,0.04736862649520238,0.19275531806051732,0.19275531806051732,0.0,4.0,4.0
vq,2,1,370,0.23677773316701253,0.19346286555131276,0.04331486483414968,0.19818701927860577,0.19818701927860577,0.0,4.0,4.0
vq,2,1,371,0.26863054871559144,0.22083160559336346,0.04779894476135572,0.23112763948738574,0.23112763948738574,0.0,4.0,4.0
vq,2,1,372,0.2550646336873372,0.20438097576300304,0.050683653801679614,0.19679038353264333,0.19679038353264333,0.0,4.0,4.0
vq,2,1,373,0.25320263266563414,0.20303474366664886,0.05016789128383001,0.25159662457803883,0.25159662457803883,0.0,4.0,4.0
vq,2,1,374,0.2682944909731547,0.21908794343471527,0.04920654743909836,0.1958284430205822,0.1958284430205822,0.0,4.0,4.0
vq,2,1,375,0.25659902453422545,0.2059977400302887,0.050601284901301065,0.2408815531184276,0.2408815531184276,0.0,4.0,4.0
vq,2,1,376,0.2639921800295512,0.2144150580962499,0.04957712421814601,0.1896969596048196,0.1896969596048196,0.0,4.0,4.0
vq,2,1,377,0.24575551033020018,0.2003981105486552,0.0453574005762736,0.19182837600509325,0.19182837600509325,0.0,4.0,4.0
vq,2,1,378,0.2610919682184855,0.21194042543570202,0.04915154442191124,0.22456929713487625,0.22456929713487625,0.0,4.0,4.0
vq,2,1,379,0.2615522273381551,0.21273915449778238,0.04881306976079941,0.19094594505925974,0.19094594505925974,0.0,4.0,4.0
vq,2,1,380,0.2514602025349935,0.20589494148890178,0.045565260549386345,0.1882651592294375,0.1882651592294375,0.0,4.0,4.0
vq,2,1,381,0.24341264088948567,0.1977467401822408,0.045665899912516274,0.21581095079580942,0.21581095079580942,0.0,4.0,4.0
vq,2,1,382,0.2590663186709086,0.21186892787615458,0.04719739158948263,0.1900006417185068,0.1900006417185068,0.0,4.0,4.0
vq,2,1,383,0.2593217750390371,0.20415257354577382,0.055169202983379365,0.20921477717657885,0.20921477717657885,0.0,4.0,4.0
vq,2,1,384,0.267416486342748,0.21670931855837505,0.05070716351270676,0.2006890484939019,0.2006890484939019,0.0,4.0,4.0
vq,2,1,385,0.24485937039057415,0.2013510376214981,0.04350833336512248,0.18625085830688476,0.18625085830688476,0.0,4.0,4.0
vq,2,1,386,0.2519848851362864,0.20772224068641662,0.044262648423512775,0.23973593341807525,0.23973593341807525,0.0,4.0,4.0
vq,2,1,387,0.2652688964207967,0.21247705042362214,0.05279184937477112,0.20662530151506264,0.20662530151506264,0.0,4.0,4.0
vq,2,1,388,0.26192050993442534,0.20194636007150013,0.0599741534392039,0.2326896870136261,0.2326896870136261,0.0,4.0,4.0
vq,2,1,389,0.2696329526106517,0.21591099858283996,0.05372195839881897,0.23321871129175029,0.23321871129175029,0.0,4.0,4.0
vq,2,1,390,0.25256720701853436,0.20575651387373606,0.046810693393150964,0.18575377874076365,0.18575377874076365,0.0,4.0,4.0
vq,2,1,391,0.24564744194348653,0.19869655509789785,0.046950890670220055,0.21516620479524134,0.21516620479524134,0.0,4.0,4.0
vq,2,1,392,0.2637612827618917,0.2157862408955892,0.047975041071573896,0.1895406780640284,0.1895406780640284,0.0,4.0,4.0
vq,2,1,393,0.24744752605756123,0.19721843679745993,0.05022909084955851,0.20783899324635666,0.20783899324635666,0.0,4.0,4.0
vq,2,1,394,0.2687056390444438,0.21492307980855305,0.05378256266315778,0.18904590922097364,0.18904590922097364,0.0,4.0,4.0
vq,2,1,395,0.24460827310880026,0.19429705182711282,0.05031122177839279,0.18600504741072654,0.18600504741072654,0.0,4.0,4.0
vq,2,1,396,0.25377601106961567,0.20686936577161152,0.04690664678812027,0.20817906446754933,0.20817906446754933,0.0,4.0,4.0
vq,2,1,397,0.2467244291305542,0.20148895939191183,0.04523546874523163,0.19026741608977318,0.19026741608977318,0.0,4.0,4.0
vq,2,1,398,0.2516453345616659,0.20027794798215232,0.051367382655541104,0.2355330418050289,0.2355330418050289,0.0,4.0,4.0
vq,2,1,399,0.2675344669818878,0.21735652069250744,0.050177947928508125,0.184989097515742,0.184989097515742,0.0,4.0,4.0
vq,2,1,400,0.25178872982660927,0.2021049056450526,0.04968382368485133,0.19219387754797934,0.19219387754797934,0.0,4.0,4.0
vq,2,1,401,0.24971466024716696,0.20227428038915,0.04744037797053655,0.23340982841948668,0.23340982841948668,0.0,4.0,4.0
vq,2,1,402,0.2631567629178365,0.20935935139656067,0.053797412812709805,0.2247646856556336,0.2247646856556336,0.0,4.0,4.0
vq,2,1,403,0.2481996997197469,0.1923180615901947,0.055881637732187905,0.2495916319390138,0.2495916319390138,0.0,4.0,4.0
vq,2,1,404,0.26493199785550436,0.21134089469909667,0.0535911026597023,0.1881950039168199,0.1881950039168199,0.0,4.0,4.0
vq,2,1,405,0.23982578297456106,0.19213152448336282,0.04769425650437673,0.18693455149730046,0.18693455149730046,0.0,4.0,4.0
vq,2,1,406,0.263800687789917,0.21092879633108774,0.052871890266736346,0.2275846906999747,0.2275846906999747,0.0,4.0,4.0
vq,2,1,407,0.2728895668188731,0.2174805384874344,0.055409030814965565,0.1815840431799491,0.1815840431799491,0.0,4.0,4.0
vq,2,1,408,0.2545068683226903,0.19942262093226115,0.055084248036146165,0.23117092356085778,0.23117092356085778,0.0,4.0,4.0
vq,2,1,409,0.2698313899834951,0.2190228134393692,0.05080857480565707,0.19613876116772494,0.19613876116772494,0.0,4.0,4.0
vq,2,1,410,0.24763642152150472,0.20163732389609018,0.04599909429748853,0.193806822275122,0.193806822275122,0.0,4.0,4.0
vq,2,1,411,0.263478080034256,0.21127343694368997,0.05220464030901591,0.23438273765146733,0.23438273765146733,0.0,4.0,4.0
vq,2,1,412,0.2653192718823751,0.20683907926082612,0.058480187356472015,0.20199470820526283,0.20199470820526283,0.0,4.0,4.0
vq,2,1,413,0.2592609949906667,0.19519898414611817,0.06406200697024664,0.2103084594011307,0.2103084594011307,0.0,4.0,4.0
vq,2,1,414,0.27589340051015215,0.21672126471996309,0.059172138075033825,0.19333423559864363,0.19333423559864363,0.0,4.0,4.0
vq,2,1,415,0.2611359747250875,0.2017058801651001,0.059430089890956876,0.19021918964882692,0.19021918964882692,0.0,4.0,4.0
vq,2,1,416,0.2789172577857971,0.21883196552594503,0.06008528918027878,0.21475881752868495,0.21475881752868495,0.0,4.0,4.0
vq,2,1,417,0.2557745246092478,0.1990286910533905,0.05674583261211713,0.1799441896378994,0.1799441896378994,0.0,4.0,4.0
vq,2,1,418,0.26599675019582114,0.2086793863773346,0.057317359447479246,0.23647936955094337,0.23647936955094337,0.0,4.0,4.0
vq,2,1,419,0.263493025302887,0.20672574500242868,0.0567672798037529,0.18030169452230135,0.18030169452230135,0.0,4.0,4.0
vq,2,1,420,0.2601341410477956,0.1973646734158198,0.06276946966846784,0.23370668935279051,0.23370668935279051,0.0,4.0,4.0
vq,2,1,421,0.2800091727574666,0.22123018383979798,0.05877898891766866,0.18468990887204806,0.18468990887204806,0.0,4.0,4.0
vq,2,1,422,0.2600685809055964,0.20380573511123656,0.05626283903916677,0.18258140477041404,0.18258140477041404,0.0,4.0,4.0
vq,2,1,423,0.2573199733098348,0.2063781730333964,0.05094180146853129,0.2530133694161971,0.2530133694161971,0.0,4.0,4.0
vq,2,1,424,0.2653330628077189,0.2085672676563263,0.05676579892635345,0.17944685069223246,0.17944685069223246,0.0,4.0,4.0
vq,2,1,425,0.2588820234934489,0.1963753217458725,0.06250669797261556,0.18771671007076898,0.18771671007076898,0.0,4.0,4.0
vq,2,1,426,0.26204529563585915,0.20281551003456116,0.05922978152831396,0.23232378520071506,0.23232378520071506,0.0,4.0,4.0
vq,2,1,427,0.26589332381884256,0.21333893934885662,0.05255438377459844,0.17969843782484532,0.17969843782484532,0.0,4.0,4.0
vq,2,1,428,0.23973734060923257,0.19104881048202516,0.04868853062391281,0.17953088867167633,0.17953088867167633,0.0,4.0,4.0
vq,2,1,429,0.2520416486263275,0.2025620170434316,0.04947962959607442,0.22072108363111814,0.22072108363111814,0.0,4.0,4.0
vq,2,1,430,0.2603404426574707,0.20935246706008911,0.05098797678947449,0.17867750741541386,0.17867750741541386,0.0,4.0,4.0
vq,2,1,431,0.24866313815116883,0.19607807139555614,0.05258506422241529,0.23827273120482761,0.23827273120482761,0.0,4.0,4.0
vq,2,1,432,0.2561352421840032,0.20614174723625184,0.04999349519610405,0.2071931223074595,0.2071931223074595,0.0,4.0,4.0
vq,2,1,433,0.24153632442156472,0.19520135819911957,0.046334967116514844,0.1848776862025261,0.1848776862025261,0.0,4.0,4.0
vq,2,1,434,0.2406690526008606,0.19656997780005137,0.04409907584389051,0.19051757000386715,0.19051757000386715,0.0,4.0,4.0
vq,2,1,435,0.24938062290350596,0.2004136965672175,0.04896692792574565,0.1861230504512787,0.1861230504512787,0.0,4.0,4.0
vq,2,1,436,0.2547803016503652,0.20368769884109497,0.051092605690161386,0.2043818130840858,0.2043818130840858,0.0,4.0,4.0
vq,2,1,437,0.25049826403458914,0.20301592409610747,0.04748233993848165,0.17593979549904665,0.17593979549904665,0.0,4.0,4.0
vq,2,1,438,0.23366865078608196,0.18813938081264495,0.045529273599386216,0.17635615182419617,0.17635615182419617,0.0,4.0,4.0
vq,2,1,439,0.24501312812169393,0.19996240814526875,0.04505072116851807,0.21075565874576568,0.21075565874576568,0.0,4.0,4.0
vq,2,1,440,0.2514366102218628,0.20430763045946757,0.04712898259361585,0.1871420400092999,0.1871420400092999,0.0,4.0,4.0
vq,2,1,441,0.24993192394574484,0.20278862377007803,0.04714330161611239,0.20184113832811515,0.20184113832811515,0.0,4.0,4.0
vq,2,1,442,0.2450486538807551,0.19861139436562855,0.046437259117762246,0.17667419684429964,0.17667419684429964,0.0,4.0,4.0
vq,2,1,443,0.25083950797716775,0.20051722725232443,0.05032228112220764,0.2217764400690794,0.2217764400690794,0.0,4.0,4.0
vq,2,1,444,0.25765788316726684,0.20426117698351542,0.05339670598506927,0.22699705975751083,0.22699705975751083,0.0,4.0,4.0
vq,2,1,445,0.2572794314225515,0.20914118548234303,0.048138245443503064,0.1785299921532472,0.1785299921532472,0.0,4.0,4.0
vq,2,1,446,0.22957657714684804,0.1871982079744339,0.04237836812933286,0.17821684290965398,0.17821684290965398,0.0,4.0,4.0
vq,2,1,447,0.25132890820503234,0.202520423134168,0.048808485368887586,0.23729839933415253,0.23729839933415253,0.0,4.0,4.0
vq,2,1,448,0.25890118996302286,0.20925725122292838,0.04964394301176071,0.18378022916615008,0.18378022916615008,0.0,4.0,4.0
vq,2,1,449,0.2631386733055115,0.2006983615954717,0.06244031409422557,0.17970558755099775,0.17970558755099775,0.0,4.0,4.0
vq,2,1,450,0.27220861077308656,0.2055626231431961,0.06664598604043324,0.20648673703273138,0.20648673703273138,0.0,4.0,4.0
vq,2,1,451,0.25562411109606425,0.1949401440223058,0.06068397030234337,0.17594210882981617,0.17594210882981617,0.0,4.0,4.0
vq,2,1,452,0.2514438368876775,0.1920084754625956,0.05943536182244619,0.20986335761845112,0.20986335761845112,0.0,4.0,4.0
vq,2,1,453,0.267402636607488,0.2044041891892751,0.06299844354391099,0.18453509104748567,0.18453509104748567,0.0,4.0,4.0
vq,2,1,454,0.2673948768774668,0.19712204535802205,0.07027282918492953,0.19251748718321324,0.19251748718321324,0.0,4.0,4.0
vq,2,1,455,0.27165274461110434,0.20527797917524973,0.06637476285298666,0.22752682705720265,0.22752682705720265,0.0,4.0,4.0
vq,2,1,456,0.2701802961031596,0.2069534158706665,0.06322687904040018,0.1763422096769015,0.1763422096769015,0.0,4.0,4.0
vq,2,1,457,0.2723489920298258,0.2048217717806498,0.06752721846103668,0.1980755422761043,0.1980755422761043,0.0,4.0,4.0
vq,2,1,458,0.2654725432395935,0.20102577189604443,0.06444676915804545,0.2355095648020506,0.2355095648020506,0.0,4.0,4.0
vq,2,1,459,0.2576247596740723,0.1990243677298228,0.05860039005676905,0.17535848510762056,0.17535848510762056,0.0,4.0,4.0
vq,2,1,460,0.25783535321553547,0.2009355894724528,0.05689976771672567,0.18158376683791477,0.18158376683791477,0.0,4.0,4.0
vq,2,1,461,0.26682714025179544,0.20640786608060202,0.06041927585999171,0.22151206923027833,0.22151206923027833,0.0,4.0,4.0
vq,2,1,462,0.27425018707911175,0.2081878993908564,0.06606228907903035,0.18590966063241163,0.18590966063241163,0.0,4.0,4.0
vq,2,1,463,0.26053072055180865,0.20311990400155386,0.057410817742347714,0.21215987590452035,0.21215987590452035,0.0,4.0,4.0
vq,2,1,464,0.24797805309295654,0.1980164647102356,0.049961588978767395,0.19041177021960418,0.19041177021960418,0.0,4.0,4.0
vq,2,1,465,0.25032800674438477,0.20298045456409455,0.047347553968429566,0.2155009519557158,0.2155009519557158,0.0,4.0,4.0
vq,2,1,466,0.24443498889605203,0.1980330059925715,0.046401983151833213,0.1906193825850884,0.1906193825850884,0.0,4.0,4.0
vq,2,1,467,0.25109384616216024,0.20138010362784067,0.0497137451171875,0.17409709577759108,0.17409709577759108,0.0,4.0,4.0
vq,2,1,468,0.2507132895787557,0.19831714034080505,0.052396148492892584,0.24404310382902622,0.24404310382902622,0.0,4.0,4.0
vq,2,1,469,0.2694855185349782,0.22163470447063446,0.04785081297159195,0.17445905737578868,0.17445905737578868,0.0,4.0,4.0
vq,2,1,470,0.24260370989640553,0.193739262620608,0.04886444528897604,0.17226576879620553,0.17226576879620553,0.0,4.0,4.0
vq,2,1,471,0.24745142857233685,0.1967439595858256,0.050707467794418336,0.243141739393274,0.243141739393274,0.0,4.0,4.0
vq,2,1,472,0.2533761723836263,0.2070755785703659,0.04630059227347374,0.19051436645289263,0.19051436645289263,0.0,4.0,4.0
vq,2,1,473,0.23609810670216877,0.1935555825630824,0.0425425235927105,0.173809898669521,0.173809898669521,0.0,4.0,4.0
vq,2,1,474,0.24862279693285624,0.19868738532066346,0.04993541305263837,0.18083194988469284,0.18083194988469284,0.0,4.0,4.0
vq,2,1,475,0.2487814764181773,0.2010967489083608,0.04768472661574682,0.20985581323504449,0.20985581323504449,0.0,4.0,4.0
vq,2,1,476,0.2500907027721405,0.20184212068716684,0.04824858849247297,0.18009214262167614,0.18009214262167614,0.0,4.0,4.0
vq,2,1,477,0.23834015448888143,0.19265238444010416,0.04568776875734329,0.17221664239962894,0.17221664239962894,0.0,4.0,4.0
vq,2,1,478,0.24831630130608875,0.19798759996891022,0.05032869696617127,0.1852303379525741,0.1852303379525741,0.0,4.0,4.0
vq,2,1,479,0.24573782642682393,0.19493155439694723,0.05080626964569092,0.19382299487789473,0.19382299487789473,0.0,4.0,4.0
vq,2,1,480,0.24420366883277894,0.19550580481688182,0.048697863668203355,0.17261210801700752,0.17261210801700752,0.0,4.0,4.0
vq,2,1,481,0.25270260175069176,0.19969288448492686,0.05300971835851669,0.1959063986192147,0.1959063986192147,0.0,4.0,4.0
vq,2,1,482,0.24345910489559175,0.19539928376674653,0.0480598239103953,0.19263895466923714,0.19263895466923714,0.0,4.0,4.0
vq,2,1,483,0.24732244968414308,0.19888260960578918,0.048439839084943134,0.17272353656589984,0.17272353656589984,0.0,4.0,4.0
vq,2,1,484,0.25291542569796244,0.1960425655047099,0.05687286307414373,0.2232356348137061,0.2232356348137061,0.0,4.0,4.0
vq,2,1,485,0.27344395558039347,0.21734896500905354,0.05609498977661133,0.21616316514710585,0.21616316514710585,0.0,4.0,4.0
vq,2,1,486,0.2410595186551412,0.19139666378498077,0.04966285193959872,0.17231467179954052,0.17231467179954052,0.0,4.0,4.0
vq,2,1,487,0.25100372632344564,0.19876613318920136,0.05223759224017461,0.23723683635393777,0.23723683635393777,0.0,4.0,4.0
vq,2,1,488,0.25872154712677004,0.208441135485967,0.05028040697177251,0.18409972784419854,0.18409972784419854,0.0,4.0,4.0
vq,2,1,489,0.24545360247294107,0.19518123050530753,0.050272372663021085,0.1753402618567149,0.1753402618567149,0.0,4.0,4.0
vq,2,1,490,0.26071851412455244,0.1965414007504781,0.06417711546023687,0.22184625568489233,0.22184625568489233,0.0,4.0,4.0
vq,2,1,491,0.2670445720354716,0.21133916636308034,0.05570540890097618,0.19148367429773014,0.19148367429773014,0.0,4.0,4.0
vq,2,1,492,0.2395555281639099,0.1902121905485789,0.04934333801269531,0.17496135639647642,0.17496135639647642,0.0,4.0,4.0
vq,2,1,493,0.2484327777226766,0.19598883112271626,0.052443944215774536,0.2321109036852916,0.2321109036852916,0.0,4.0,4.0
vq,2,1,494,0.2650921126206716,0.21197220007578532,0.05311991105477015,0.1832500941803058,0.1832500941803058,0.0,4.0,4.0
vq,2,1,495,0.23945301214853923,0.189422314564387,0.0500306968887647,0.18043100588023664,0.18043100588023664,0.0,4.0,4.0
vq,2,1,496,0.24451974948247274,0.19262689093748728,0.05189285933971405,0.22758470612267653,0.22758470612267653,0.0,4.0,4.0
vq,2,1,497,0.24720501621564228,0.1954147889216741,0.051790227393309275,0.17480953961610793,0.17480953961610793,0.0,4.0,4.0
vq,2,1,498,0.25625701983769733,0.19302611231803893,0.06323090682427089,0.21823083182175954,0.21823083182175954,0.0,4.0,4.0
vq,2,1,499,0.27043336073557533,0.21274987856547037,0.05768347998460134,0.230341651091973,0.230341651091973,0.0,4.0,4.0
vq,2,1,500,0.24865089277426403,0.2007721451918284,0.047878746936718626,0.1689767613261938,0.1689767613261938,0.0,4.0,4.0
vq,2,2,1,3.659698653411865,3.647171824645996,0.012526809754967689,3.321515977478027,3.321515977478027,0.0,2.0,2.0
vq,2,2,2,3.1160397563934326,3.0877435009002685,0.02829624589085579,2.8231971675872805,2.8231971675872805,0.0,2.0,2.0
vq,2,2,3,2.684410704803467,2.6405674026489256,0.04384332035183906,2.438889673233032,2.438889673233032,0.0,2.0,2.0
vq,2,2,4,2.3442507232666014,2.302013167953491,0.04223753582835198,2.1367442489624024,2.1367442489624024,0.0,2.0,2.0
vq,2,2,5,2.0548466972351074,2.022687348937988,0.03215935071706772,1.8949195949554443,1.8949195949554443,0.0,2.0,2.0
vq,2,2,6,1.833800990486145,1.8098956918716431,0.023905306527018548,1.7070415157318115,1.7070415157318115,0.0,2.0,2.0
vq,2,2,7,1.6611843841552734,1.6354920057296753,0.025692382776737212,1.5586771011352538,1.5586771011352538,0.0,2.0,2.0
vq,2,2,8,1.5253337686538697,1.4975312398910523,0.027802544364333152,1.432532467842102,1.432532467842102,0.0,2.0,2.0
vq,2,2,9,1.4195748609542846,1.3909645074844361,0.028610367476940155,1.33554521484375,1.33554521484375,0.0,2.0,2.0
vq,2,2,10,1.322879236984253,1.3000458276748657,0.022833394086360932,1.2531010467529298,1.2531010467529298,0.0,2.0,2.0
vq,2,2,11,1.2457889312744141,1.2257820964813233,0.02000682415366173,1.1855008115768433,1.1855008115768433,0.0,2.0,2.0
vq,2,2,12,1.186710460281372,1.1680986917495728,0.018611768436431884,1.136076438522339,1.136076438522339,0.0,2.0,2.0
vq,2,2,13,1.1325906593322754,1.1133697759628296,0.019220897096395493,1.0840089500427246,1.0840089500427246,0.0,2.0,2.0
vq,2,2,14,1.0826899131774903,1.068586018180847,0.01410390557050705,1.0443265102386474,1.0443265102386474,0.0,2.0,2.0
vq,2,2,15,1.0448220225334168,1.0311362820625305,0.01368573428094387,1.0118496240615844,1.0118496240615844,0.0,2.0,2.0
vq,2,2,16,1.009821407699585,0.9991088258743286,0.010712602724134922,0.9813984298706054,0.9813984298706054,0.0,2.0,2.0
vq,2,2,17,0.9842976325035095,0.9714851916313172,0.012812430572509765,0.9576778629302979,0.9576778629302979,0.0,2.0,2.0
vq,2,2,18,0.9608743900299073,0.9497934384346008,0.011080934743583203,0.931716907119751,0.931716907119751,0.0,2.0,2.0
vq,2,2,19,0.9368202050209046,0.9262759428024292,0.0105442600145936,0.9190247652053833,0.9190247652053833,0.0,2.0,2.0
vq,2,2,20,0.9204680836677551,0.9087291689872742,0.011738919554650784,0.898490485572815,0.898490485572815,0.0,2.0,2.0
vq,2,2,21,0.8979317516326905,0.8876169450759888,0.010314798651635647,0.881703698348999,0.881703698348999,0.0,2.0,2.0
vq,2,2,22,0.8847274797439575,0.8741651245117188,0.010562358283996582,0.8733012355804444,0.8733012355804444,0.0,2.0,2.0
vq,2,2,23,0.8746665542602539,0.8627841742515564,0.011882378435134887,0.8677405044555664,0.8677405044555664,0.0,2.0,2.0
vq,2,2,24,0.8649165756225586,0.8528604016304017,0.012056176048517227,0.8444797332763672,0.8444797332763672,0.0,2.0,2.0
vq,2,2,25,0.8529563883781434,0.8402432079315185,0.012713186499476432,0.8332436340332031,0.8332436340332031,0.0,2.0,2.0
vq,2,2,26,0.8435926574707031,0.8307285733222961,0.012864087989926339,0.827647149848938,0.827647149848938,0.0,2.0,2.0
vq,2,2,27,0.8399941687583923,0.8285991786003113,0.0113949962079525,0.8176675300598144,0.8176675300598144,0.0,2.0,2.0
vq,2,2,28,0.8280486943244935,0.8143762056350708,0.013672492569684983,0.8079097978591919,0.8079097978591919,0.0,2.0,2.0
vq,2,2,29,0.8190509765625,0.8062935437202453,0.012757436865568161,0.8103982416152954,0.8103982416152954,0.0,2.0,2.0
vq,2,2,30,0.8163311688423157,0.8021518840789795,0.014179283772408962,0.7972580711364746,0.7972580711364746,0.0,2.0,2.0
vq,2,2,31,0.8109931390762329,0.7991812819480896,0.011811852025985718,0.7878666341781616,0.7878666341781616,0.0,2.0,2.0
vq,2,2,32,0.8077111029624939,0.7921108562469482,0.015600254687666893,0.7889024158477783,0.7889024158477783,0.0,2.0,2.0
vq,2,2,33,0.7962818706512451,0.7836536256790161,0.012628245683014393,0.7776989011764527,0.7776989011764527,0.0,2.0,2.0
vq,2,2,34,0.7998957273483276,0.785847147655487,0.014048579841852189,0.7695794219970703,0.7695794219970703,0.0,2.0,2.0
vq,2,2,35,0.7935991247177124,0.775757715511322,0.017841416072845458,0.7791656459808349,0.7791656459808349,0.0,2.0,2.0
vq,2,2,36,0.7875146059036255,0.7731811151504516,0.014333485218882561,0.7676508852005005,0.7676508852005005,0.0,2.0,2.0
vq,2,2,37,0.7869362174987793,0.7701519274711609,0.01678429069817066,0.766538660812378,0.766538660812378,0.0,2.0,2.0
vq,2,2,38,0.7827597277641296,0.763814870929718,0.018944855973124505,0.7620027961730957,0.7620027961730957,0.0,2.0,2.0
vq,2,2,39,0.7784780337333679,0.7602896567344666,0.01818837575018406,0.751521230506897,0.751521230506897,0.0,2.0,2.0
vq,2,2,40,0.7748660313606263,0.7568841277122498,0.017981905511021613,0.7478910007476807,0.7478910007476807,0.0,2.0,2.0
vq,2,2,41,0.7743295797348022,0.753821656036377,0.020507922434806824,0.749454557800293,0.749454557800293,0.0,2.0,2.0
vq,2,2,42,0.7665757500648499,0.7471255218505859,0.019450228798389434,0.7382147846221924,0.7382147846221924,0.0,2.0,2.0
vq,2,2,43,0.7725505161285401,0.7502078547477722,0.02234266159236431,0.7356854824066162,0.7356854824066162,0.0,2.0,2.0
vq,2,2,44,0.7609853748321533,0.7413302055358887,0.019655174040794372,0.728707133102417,0.728707133102417,0.0,2.0,2.0
vq,2,2,45,0.7612303119659424,0.7385287682533264,0.022701545351743697,0.7248858514785766,0.7248858514785766,0.0,2.0,2.0
vq,2,2,46,0.7579655706405639,0.7347033168792725,0.02326223879158497,0.7228247756958008,0.7228247756958008,0.0,2.0,2.0
vq,2,2,47,0.7612366976737976,0.7345232433319092,0.026713457810878753,0.7361851625442505,0.7361851625442505,0.0,2.0,2.0
vq,2,2,48,0.7590223216056824,0.7326261560440064,0.026396171271800994,0.7376569068908692,0.7376569068908692,0.0,2.0,2.0
vq,2,2,49,0.7494374876022338,0.7282491084098816,0.021188386675715445,0.7141948998451233,0.7141948998451233,0.0,2.0,2.0
vq,2,2,50,0.7527917461395264,0.7258788242340087,0.026912911424040793,0.716128018951416,0.716128018951416,0.0,2.0,2.0
vq,2,2,51,0.7495380537986756,0.7207668400764465,0.028771213686466218,0.7158584134101867,0.7158584134101867,0.0,2.0,2.0
vq,2,2,52,0.7484313740730285,0.7185442156791687,0.029887152594327927,0.725131356716156,0.725131356716156,0.0,2.0,2.0
vq,2,2,53,0.7448022076606751,0.7153952001571655,0.029407007145881653,0.7099044354438782,0.7099044354438782,0.0,2.0,2.0
vq,2,2,54,0.7419715168952942,0.7098877317428589,0.032083784210681913,0.7165637389183045,0.7165637389183045,0.0,2.0,2.0
vq,2,2,55,0.7457585640907287,0.7119527500152588,0.03380580823123455,0.6966762464523315,0.6966762464523315,0.0,2.0,2.0
vq,2,2,56,0.742026675605774,0.7124850137710571,0.029541665112972258,0.6931749488830566,0.6931749488830566,0.0,2.0,2.0
vq,2,2,57,0.7433023601531983,0.7106915917396546,0.03261077016592026,0.6911279589653015,0.6911279589653015,0.0,2.0,2.0
vq,2,2,58,0.7366396954536438,0.7019157564163208,0.034723937803506855,0.6909194208145142,0.6909194208145142,0.0,2.0,2.0
vq,2,2,59,0.7423302241325378,0.7044984809875489,0.03783174730539322,0.6915466174125672,0.6915466174125672,0.0,2.0,2.0
vq,2,2,60,0.7321442839622497,0.6998200393676758,0.03232423936426639,0.6891465542793274,0.6891465542793274,0.0,2.0,2.0
vq,2,2,61,0.7295830682754516,0.6950368750572204,0.034546195620298384,0.6879499020576477,0.6879499020576477,0.0,2.0,2.0
vq,2,2,62,0.7336221989631653,0.6945592943191529,0.039062914699316026,0.685265981388092,0.685265981388092,0.0,2.0,2.0
vq,2,2,63,0.734005355834961,0.6995506765365601,0.0344546895891428,0.6925068561553955,0.6925068561553955,0.0,2.0,2.0
vq,2,2,64,0.7354060426712036,0.6955847229003906,0.03982133250534534,0.6942716790199279,0.6942716790199279,0.0,2.0,2.0
vq,2,2,65,0.730770433807373,0.6901661999702453,0.04060423235893249,0.6789087139129638,0.6789087139129638,0.0,2.0,2.0
vq,2,2,66,0.7221605057716369,0.6894783304214478,0.03268217766284943,0.6807695157051087,0.6807695157051087,0.0,2.0,2.0
vq,2,2,67,0.7281183867454529,0.690693672657013,0.03742471770048141,0.6790297645568848,0.6790297645568848,0.0,2.0,2.0
vq,2,2,68,0.7312119341850281,0.6863317440986634,0.044880194014310835,0.6847365874290466,0.6847365874290466,0.0,2.0,2.0
vq,2,2,69,0.7301953642845154,0.6848894094467163,0.04530595405101776,0.674135338306427,0.674135338306427,0.0,2.0,2.0
vq,2,2,70,0.7290389707565308,0.6888962635993957,0.040142697328329084,0.6766279364585877,0.6766279364585877,0.0,2.0,2.0
vq,2,2,71,0.7293332661628723,0.68365665102005,0.04567661422491073,0.6871246697425842,0.6871246697425842,0.0,2.0,2.0
vq,2,2,72,0.731894786453247,0.6831399277687072,0.04875486835837364,0.6872638746261597,0.6872638746261597,0.0,2.0,2.0
vq,2,2,73,0.7181865060806274,0.680478706073761,0.037707809108495714,0.6775186217308045,0.6775186217308045,0.0,2.0,2.0
vq,2,2,74,0.7347648376464844,0.68281455078125,0.05195028756260872,0.6965769541740418,0.6965769541740418,0.0,2.0,2.0
vq,2,2,75,0.7225214476585389,0.674524381351471,0.04799707624912262,0.6612245813369751,0.6612245813369751,0.0,2.0,2.0
vq,2,2,76,0.7240111254692078,0.679426247882843,0.04458487985134125,0.6697178104400635,0.6697178104400635,0.0,2.0,2.0
vq,2,2,77,0.7232774188041687,0.6760955567359924,0.047181866800785066,0.6650219753265381,0.6650219753265381,0.0,2.0,2.0
vq,2,2,78,0.7279085313796997,0.6778098545074462,0.05009867519140244,0.6603902199745179,0.6603902199745179,0.0,2.0,2.0
vq,2,2,79,0.7098947771072388,0.66519392786026,0.04470085909962654,0.6664361032485961,0.6664361032485961,0.0,2.0,2.0
vq,2,2,80,0.7157364245414733,0.67142956199646,0.04430685810446739,0.6636553279876709,0.6636553279876709,0.0,2.0,2.0
vq,2,2,81,0.7309297770500183,0.6736033482551574,0.05732642594575882,0.6665344531059265,0.6665344531059265,0.0,2.0,2.0
vq,2,2,82,0.7229908539772034,0.6702864927291871,0.052704359048604967,0.6656638924598693,0.6656638924598693,0.0,2.0,2.0
vq,2,2,83,0.7265611033439636,0.6699696161270141,0.05659147682785988,0.654077792930603,0.654077792930603,0.0,2.0,2.0
vq,2,2,84,0.7228056276321411,0.6743772005081177,0.048428430557250976,0.6544711367607117,0.6544711367607117,0.0,2.0,2.0
vq,2,2,85,0.7233334816932678,0.6672160361289978,0.05611744608283043,0.6519599769592285,0.6519599769592285,0.0,2.0,2.0
vq,2,2,86,0.7136742212295533,0.6662540819168091,0.04742013426423073,0.6593678689956665,0.6593678689956665,0.0,2.0,2.0
vq,2,2,87,0.7154603805541992,0.6618374011993409,0.05362298622131348,0.6565671134948731,0.6565671134948731,0.0,2.0,2.0
vq,2,2,88,0.7165569759368896,0.6628362763404846,0.05372069977521896,0.6497744410514832,0.6497744410514832,0.0,2.0,2.0
vq,2,2,89,0.7168575060844421,0.6611669322967529,0.05569056932330132,0.6472579161643982,0.6472579161643982,0.0,2.0,2.0
vq,2,2,90,0.7195356232643128,0.6636386825561523,0.05589693442583084,0.643891840839386,0.643891840839386,0.0,2.0,2.0
vq,2,2,91,0.7091572018623352,0.6524761967658996,0.05668099969029427,0.6433125122070312,0.6433125122070312,0.0,2.0,2.0
vq,2,2,92,0.7219140312194824,0.6654857000350952,0.05642832887172699,0.6499606856346131,0.6499606856346131,0.0,2.0,2.0
vq,2,2,93,0.711343104171753,0.6593861736297607,0.05195693188905716,0.6437449647903443,0.6437449647903443,0.0,2.0,2.0
vq,2,2,94,0.7133589217185974,0.6552690888404846,0.05808982886075974,0.6442380598068237,0.6442380598068237,0.0,2.0,2.0
vq,2,2,95,0.7049042866706848,0.6557910349845886,0.049113256710767744,0.6646836256980896,0.6646836256980896,0.0,2.0,2.0
vq,2,2,96,0.7162350609779358,0.6580913846969605,0.05814367980360985,0.6670724006652832,0.6670724006652832,0.0,2.0,2.0
vq,2,2,97,0.7205744260787964,0.665348037815094,0.055226389878988265,0.6427528025627136,0.6427528025627136,0.0,2.0,2.0
vq,2,2,98,0.7036179504394531,0.6509331869125367,0.052684767162799837,0.6459085039138794,0.6459085039138794,0.0,2.0,2.0
vq,2,2,99,0.711591745185852,0.6490221652030945,0.06256957475543022,0.6404864643096924,0.6404864643096924,0.0,2.0,2.0
vq,2,2,100,0.7081672698020935,0.6497417206764221,0.05842554766535759,0.6401132953643799,0.6401132953643799,0.0,2.0,2.0
vq,2,2,101,0.7076463976860047,0.6491777606010437,0.05846863270998001,0.6348423580169678,0.6348423580169678,0.0,2.0,2.0
vq,2,2,102,0.7017782836914063,0.6429735382080078,0.058804746180772784,0.6396652021408081,0.6396652021408081,0.0,2.0,2.0
vq,2,2,103,0.7027195986747742,0.6436067465782166,0.059112841236591336,0.6414264874458313,0.6414264874458313,0.0,2.0,2.0
vq,2,2,104,0.7061766751289368,0.6430371896743774,0.06313948413133622,0.6304803163528442,0.6304803163528442,0.0,2.0,2.0
vq,2,2,105,0.7040019324302673,0.6423850722312927,0.06161685822606087,0.633861933517456,0.633861933517456,0.0,2.0,2.0
vq,2,2,106,0.6944718160629273,0.6404841003417969,0.053987712734937666,0.6313530633926392,0.6313530633926392,0.0,2.0,2.0
vq,2,2,107,0.7037366781234741,0.6467176109313965,0.057019065910577774,0.6346764050483703,0.6346764050483703,0.0,2.0,2.0
vq,2,2,108,0.7033640121459961,0.6452261017799378,0.058137913370132445,0.6314674894332886,0.6314674894332886,0.0,2.0,2.0
vq,2,2,109,0.7050273047447204,0.6363481081962585,0.06867920110225678,0.6301282217979431,0.6301282217979431,0.0,2.0,2.0
vq,2,2,110,0.6931870559692382,0.6369300047874451,0.05625705088973045,0.6291491399765015,0.6291491399765015,0.0,2.0,2.0
vq,2,2,111,0.7017520077705384,0.6384329267501831,0.0633190845668316,0.6465393527984619,0.6465393527984619,0.0,2.0,2.0
vq,2,2,112,0.6934334489822388,0.6355519128799438,0.05788154126405716,0.6304186382293702,0.6304186382293702,0.0,2.0,2.0
vq,2,2,113,0.7041029935836792,0.6410000845909118,0.06310290685892105,0.6267890634536744,0.6267890634536744,0.0,2.0,2.0
vq,2,2,114,0.6940019464492798,0.6357245681762695,0.05827737519741058,0.620411942768097,0.620411942768097,0.0,2.0,2.0
vq,2,2,115,0.6962684779167175,0.6344984683990479,0.06177000855207443,0.6224335375785828,0.6224335375785828,0.0,2.0,2.0
vq,2,2,116,0.6991842311859131,0.6342011814117432,0.06498305661678314,0.6189481459617615,0.6189481459617615,0.0,2.0,2.0
vq,2,2,117,0.6909226278305054,0.6342518382072448,0.05667078881263733,0.6190383069038391,0.6190383069038391,0.0,2.0,2.0
vq,2,2,118,0.6983158504486084,0.6313837414741517,0.06693210601210595,0.6282553455352783,0.6282553455352783,0.0,2.0,2.0
vq,2,2,119,0.6960173915863037,0.6336302247047424,0.06238716284036636,0.6183808023452759,0.6183808023452759,0.0,2.0,2.0
vq,2,2,120,0.6978341837882995,0.6372798372268677,0.060554342073202136,0.6139844479560852,0.6139844479560852,0.0,2.0,2.0
vq,2,2,121,0.6947016632080079,0.6347822053909302,0.0599194593667984,0.628135286617279,0.628135286617279,0.0,2.0,2.0
vq,2,2,122,0.7034947153091431,0.6452353637695313,0.05825934559106827,0.6243222634315491,0.6243222634315491,0.0,2.0,2.0
vq,2,2,123,0.6942006837844849,0.6313994264602661,0.062801251578331,0.6376527424812317,0.6376527424812317,0.0,2.0,2.0
vq,2,2,124,0.6860046203613281,0.619923565864563,0.06608105624914169,0.6139679740905761,0.6139679740905761,0.0,2.0,2.0
vq,2,2,125,0.6940322708129882,0.6284174775123597,0.06561478567123413,0.6277023909568786,0.6277023909568786,0.0,2.0,2.0
vq,2,2,126,0.6915678707122803,0.6311233414649964,0.0604445268034935,0.6113377731323242,0.6113377731323242,0.0,2.0,2.0
vq,2,2,127,0.6982534055709839,0.6338196679115295,0.06443373220562935,0.6142324090957642,0.6142324090957642,0.0,2.0,2.0
vq,2,2,128,0.6839067312240601,0.630086084651947,0.05382064527273178,0.6116101703643799,0.6116101703643799,0.0,2.0,2.0
vq,2,2,129,0.7002813402175904,0.6304101674079895,0.06987117565870285,0.6236533289909363,0.6236533289909363,0.0,2.0,2.0
vq,2,2,130,0.6955367815971375,0.6393784384727478,0.05615833262205124,0.6176881434440613,0.6176881434440613,0.0,2.0,2.0
vq,2,2,131,0.6787406028747559,0.6160166389465332,0.06272396040558816,0.6176383438110351,0.6176383438110351,0.0,2.0,2.0
vq,2,2,132,0.704943249988556,0.639001401424408,0.06594185630679131,0.6150565362930298,0.6150565362930298,0.0,2.0,2.0
vq,2,2,133,0.6911321750640869,0.627909969997406,0.06322219891548157,0.609892955493927,0.609892955493927,0.0,2.0,2.0
vq,2,2,134,0.6860903539657592,0.6289035981178284,0.05718676639199257,0.6062168333053589,0.6062168333053589,0.0,2.0,2.0
vq,2,2,135,0.6866366034507752,0.6247987643241882,0.061837828624248505,0.6096758751869201,0.6096758751869201,0.0,2.0,2.0
vq,2,2,136,0.6794590884208679,0.6189715467453003,0.06048753846883774,0.6057557950019836,0.6057557950019836,0.0,2.0,2.0
vq,2,2,137,0.6872375549316406,0.6208732116699218,0.06636434422731399,0.6089224659919739,0.6089224659919739,0.0,2.0,2.0
vq,2,2,138,0.6772251955032349,0.6191074383735656,0.05811775768995285,0.6077297086715698,0.6077297086715698,0.0,2.0,2.0
vq,2,2,139,0.6801978379249572,0.6181740930557251,0.06202374219894409,0.6044753875732422,0.6044753875732422,0.0,2.0,2.0
vq,2,2,140,0.6883291790008544,0.6257791312217712,0.06255004344582557,0.6145495990753174,0.6145495990753174,0.0,2.0,2.0
vq,2,2,141,0.6728974760055542,0.6186762756347656,0.05422120454311371,0.6057288407325745,0.6057288407325745,0.0,2.0,2.0
vq,2,2,142,0.6833326683998108,0.6198621760368347,0.06347049103975295,0.6039897369384766,0.6039897369384766,0.0,2.0,2.0
vq,2,2,143,0.6822648670196533,0.6234137509346008,0.0588511181473732,0.6037393384933472,0.6037393384933472,0.0,2.0,2.0
vq,2,2,144,0.6831664656639099,0.615795006942749,0.06737146085500717,0.6096010697364808,0.6096010697364808,0.0,2.0,2.0
vq,2,2,145,0.6913494660377503,0.623604932975769,0.06774453139901161,0.6052286749839783,0.6052286749839783,0.0,2.0,2.0
vq,2,2,146,0.678938479232788,0.6180427562713623,0.060895722556114196,0.6088054984092712,0.6088054984092712,0.0,2.0,2.0
vq,2,2,147,0.6781723177909851,0.6153804677963257,0.06279185008406639,0.6055478374481201,0.6055478374481201,0.0,2.0,2.0
vq,2,2,148,0.6815003917694091,0.6167636141777039,0.06473677260875702,0.6002229864120483,0.6002229864120483,0.0,2.0,2.0
vq,2,2,149,0.672468350982666,0.6139777340888977,0.05849061768054962,0.6055493305206299,0.6055493305206299,0.0,2.0,2.0
vq,2,2,150,0.679830146408081,0.6105830684661865,0.06924708638191224,0.5963019539833069,0.5963019539833069,0.0,2.0,2.0
vq,2,2,151,0.683611096572876,0.6198009675979614,0.06381013568639755,0.6018260469436646,0.6018260469436646,0.0,2.0,2.0
vq,2,2,152,0.6753169094085694,0.6081572193145752,0.06715969182252884,0.6022145577430725,0.6022145577430725,0.0,2.0,2.0
vq,2,2,153,0.6719718762397766,0.6181410119056702,0.05383087313175201,0.6049406087875366,0.6049406087875366,0.0,2.0,2.0
vq,2,2,154,0.67462068567276,0.6054370386123658,0.06918364804983139,0.6006008487701416,0.6006008487701416,0.0,2.0,2.0
vq,2,2,155,0.674428682422638,0.6141702564239502,0.06025842272043228,0.5985593817710877,0.5985593817710877,0.0,2.0,2.0
vq,2,2,156,0.6793116834640502,0.6169641056060791,0.06234757976531982,0.592675777053833,0.592675777053833,0.0,2.0,2.0
vq,2,2,157,0.6680384124755859,0.6116506282806397,0.05638777984380722,0.595689033317566,0.595689033317566,0.0,2.0,2.0
vq,2,2,158,0.6736273565292359,0.6088542806625367,0.06477307261228561,0.5912518981933593,0.5912518981933593,0.0,2.0,2.0
vq,2,2,159,0.671533676815033,0.6075926738739014,0.06394099147319794,0.5962715627670289,0.5962715627670289,0.0,2.0,2.0
vq,2,2,160,0.6690569425582886,0.6066424788475037,0.0624144539475441,0.5946903442382813,0.5946903442382813,0.0,2.0,2.0
vq,2,2,161,0.6719707833290101,0.6111381652832031,0.06083261369466782,0.5964488126754761,0.5964488126754761,0.0,2.0,2.0
vq,2,2,162,0.6824596981048584,0.6189773000717164,0.06348239645957947,0.5955152362823486,0.5955152362823486,0.0,2.0,2.0
vq,2,2,163,0.6843501473426818,0.6188659819602966,0.0654841665506363,0.5932602254867554,0.5932602254867554,0.0,2.0,2.0
vq,2,2,164,0.6699963598251343,0.6090473443031311,0.06094901460409165,0.5906030691146851,0.5906030691146851,0.0,2.0,2.0
vq,2,2,165,0.6693390214920044,0.6090403589248657,0.06029866065979004,0.5879871963500977,0.5879871963500977,0.0,2.0,2.0
vq,2,2,166,0.6790372042655944,0.6106064999580383,0.06843069858551025,0.6024125882148743,0.6024125882148743,0.0,2.0,2.0
vq,2,2,167,0.673584954547882,0.6107780789375306,0.06280687711238861,0.5965160043716431,0.5965160043716431,0.0,2.0,2.0
vq,2,2,168,0.6730206424713134,0.6043434386253357,0.06867720559835434,0.5834317047119141,0.5834317047119141,0.0,2.0,2.0
vq,2,2,169,0.6587148446083069,0.6005907356262207,0.05812410023212433,0.5897722845077514,0.5897722845077514,0.0,2.0,2.0
vq,2,2,170,0.672622744178772,0.606954192352295,0.06566855223178863,0.5866914873123169,0.5866914873123169,0.0,2.0,2.0
vq,2,2,171,0.6685369440078736,0.6061534261703492,0.06238352560400963,0.5873445666313172,0.5873445666313172,0.0,2.0,2.0
vq,2,2,172,0.6697226029396057,0.6067555484771728,0.06296705558300018,0.5885969581604004,0.5885969581604004,0.0,2.0,2.0
vq,2,2,173,0.667968499660492,0.6039149927139282,0.06405350750684738,0.5887323219299316,0.5887323219299316,0.0,2.0,2.0
vq,2,2,174,0.668156042766571,0.6062805365562439,0.06187550356388092,0.5850455353736878,0.5850455353736878,0.0,2.0,2.0
vq,2,2,175,0.6736870209693908,0.6105549905776978,0.0631320245563984,0.5912348104476929,0.5912348104476929,0.0,2.0,2.0
vq,2,2,176,0.6705517730712891,0.609594162273407,0.060957610750198364,0.5897023275375366,0.5897023275375366,0.0,2.0,2.0
vq,2,2,177,0.6634329236030578,0.6003593109130859,0.06307360788583756,0.5913138686180115,0.5913138686180115,0.0,2.0,2.0
vq,2,2,178,0.6725212476730347,0.606651159286499,0.06587009199857712,0.5908301084518432,0.5908301084518432,0.0,2.0,2.0
vq,2,2,179,0.6552870155334473,0.5981335062980652,0.057153508001565934,0.5860602401733398,0.5860602401733398,0.0,2.0,2.0
vq,2,2,180,0.6661830937385559,0.6034914907455444,0.06269159697890282,0.5868025038719177,0.5868025038719177,0.0,2.0,2.0
vq,2,2,181,0.6550107879638671,0.5909133763313293,0.06409740974903107,0.5905761227607728,0.5905761227607728,0.0,2.0,2.0
vq,2,2,182,0.6632442678451538,0.6068133480072021,0.05643092176914215,0.6059348031044006,0.6059348031044006,0.0,2.0,2.0
vq,2,2,183,0.6745065739631653,0.6034090835571289,0.07109748758077622,0.5939498326301574,0.5939498326301574,0.0,2.0,2.0
vq,2,2,184,0.6527950789451599,0.5989649287223816,0.05383015159368515,0.591817818069458,0.591817818069458,0.0,2.0,2.0
vq,2,2,185,0.664814984035492,0.5996020551681519,0.06521292902231217,0.58601498670578,0.58601498670578,0.0,2.0,2.0
vq,2,2,186,0.6576341449737548,0.5997429298400879,0.05789121928215027,0.5856492441177368,0.5856492441177368,0.0,2.0,2.0
vq,2,2,187,0.6631830100059509,0.6004014580726623,0.06278155406713486,0.5784288157463073,0.5784288157463073,0.0,2.0,2.0
vq,2,2,188,0.6654749677658081,0.5997152757167816,0.0657596928358078,0.5830717242240906,0.5830717242240906,0.0,2.0,2.0
vq,2,2,189,0.6521365570068359,0.5944752639770507,0.057661284255981445,0.5853146203041076,0.5853146203041076,0.0,2.0,2.0
vq,2,2,190,0.6555749045372009,0.5939602255821228,0.06161468333005905,0.5810008394241333,0.5810008394241333,0.0,2.0,2.0
vq,2,2,191,0.6583832060813903,0.590554106092453,0.0678291060268879,0.5833301504135132,0.5833301504135132,0.0,2.0,2.0
vq,2,2,192,0.6639958128929139,0.6015438785552979,0.06245192911028862,0.5854064299583435,0.5854064299583435,0.0,2.0,2.0
vq,2,2,193,0.648670615196228,0.5932770482063293,0.055393567460775374,0.5848859871864319,0.5848859871864319,0.0,2.0,2.0
vq,2,2,194,0.6599789894104003,0.5950024755477905,0.06497650542259216,0.5840112444877624,0.5840112444877624,0.0,2.0,2.0
vq,2,2,195,0.6612566822052002,0.5971892294883728,0.06406745561361313,0.583162523841858,0.583162523841858,0.0,2.0,2.0
vq,2,2,196,0.6501685958862304,0.5961198402404785,0.05404875243902207,0.5761613883018494,0.5761613883018494,0.0,2.0,2.0
vq,2,2,197,0.6591318836212158,0.5961244034767151,0.06300748339891434,0.576367752456665,0.576367752456665,0.0,2.0,2.0
vq,2,2,198,0.6619899247169495,0.5969723010063172,0.06501762353181839,0.5812956456184387,0.5812956456184387,0.0,2.0,2.0
vq,2,2,199,0.6516897686004639,0.5923153406143189,0.05937442430853844,0.578537721824646,0.578537721824646,0.0,2.0,2.0
vq,2,2,200,0.6678002044677734,0.6020543933868409,0.06574581965208054,0.5755565594673157,0.5755565594673157,0.0,2.0,2.0
vq,2,2,201,0.6493595363616943,0.5876855360984802,0.0616740084528923,0.5751105525970459,0.5751105525970459,0.0,2.0,2.0
vq,2,2,202,0.6566289963722229,0.5933329380989075,0.06329605710506439,0.5806964075088501,0.5806964075088501,0.0,2.0,2.0
vq,2,2,203,0.65545338306427,0.5948776384353638,0.060575741463899616,0.5762187126159668,0.5762187126159668,0.0,2.0,2.0
vq,2,2,204,0.6545729866981507,0.5957134283065796,0.05885955836772919,0.5883118560791015,0.5883118560791015,0.0,2.0,2.0
vq,2,2,205,0.6614737587928772,0.6039661494255066,0.05750761028528213,0.5788623950958252,0.5788623950958252,0.0,2.0,2.0
vq,2,2,206,0.664131258392334,0.599707801246643,0.06442344946861267,0.586987558555603,0.586987558555603,0.0,2.0,2.0
vq,2,2,207,0.6428858426094055,0.5857870638847351,0.05709876786470413,0.5771515775680542,0.5771515775680542,0.0,2.0,2.0
vq,2,2,208,0.6483237907409668,0.5866733420372009,0.06165044713020325,0.5851830444335937,0.5851830444335937,0.0,2.0,2.0
vq,2,2,209,0.6616282225608826,0.5969529229164123,0.0646753055691719,0.593900635433197,0.593900635433197,0.0,2.0,2.0
vq,2,2,210,0.6499903973579406,0.5928825537681579,0.05710784365534782,0.5900875267982483,0.5900875267982483,0.0,2.0,2.0
vq,2,2,211,0.6569750303268432,0.5976044707298279,0.059370561730861665,0.5716512073516846,0.5716512073516846,0.0,2.0,2.0
vq,2,2,212,0.6538228771209716,0.5900032497406006,0.06381962870359421,0.5766941373825073,0.5766941373825073,0.0,2.0,2.0
vq,2,2,213,0.6489819512367249,0.5848946328163147,0.06408731105923653,0.5849904497146606,0.5849904497146606,0.0,2.0,2.0
vq,2,2,214,0.6521932466506958,0.5909293588638306,0.061263886308670044,0.5820115347862244,0.5820115347862244,0.0,2.0,2.0
vq,2,2,215,0.6508194093704224,0.5911389430046081,0.05968046777844429,0.573459142112732,0.573459142112732,0.0,2.0,2.0
vq,2,2,216,0.6525213460922241,0.5882089744567871,0.0643123685836792,0.575844981765747,0.575844981765747,0.0,2.0,2.0
vq,2,2,217,0.6558632432937622,0.5921514496803284,0.06371179177165032,0.5700122980117798,0.5700122980117798,0.0,2.0,2.0
vq,2,2,218,0.6424748798370361,0.5821420929908753,0.060332781887054446,0.5751717628479004,0.5751717628479004,0.0,2.0,2.0
vq,2,2,219,0.6484998888015747,0.5868095760345459,0.061690321654081344,0.5869993294715882,0.5869993294715882,0.0,2.0,2.0
vq,2,2,220,0.6480382152557373,0.5883257102966308,0.059712507629394534,0.5699604501724244,0.5699604501724244,0.0,2.0,2.0
vq,2,2,221,0.6567413509368897,0.5940653455734253,0.06267600929141044,0.5744883702278137,0.5744883702278137,0.0,2.0,2.0
vq,2,2,222,0.6447801377296448,0.5886743441581727,0.056105791664123536,0.5682034946441651,0.5682034946441651,0.0,2.0,2.0
vq,2,2,223,0.6545163910865783,0.5908574001312256,0.0636589882850647,0.568889831829071,0.568889831829071,0.0,2.0,2.0
vq,2,2,224,0.6468391419410705,0.5908545440673828,0.05598459632396698,0.5707733461380005,0.5707733461380005,0.0,2.0,2.0
vq,2,2,225,0.6508031451225281,0.5879121781349183,0.06289097311496734,0.5727858202934265,0.5727858202934265,0.0,2.0,2.0
vq,2,2,226,0.6406670691490174,0.5814427876472473,0.059224275869131086,0.5719494106292725,0.5719494106292725,0.0,2.0,2.0
vq,2,2,227,0.6382244836807252,0.5760414300918579,0.06218306736946106,0.5728694561004639,0.5728694561004639,0.0,2.0,2.0
vq,2,2,228,0.6510497115135193,0.5862457461357117,0.06480396981835365,0.5674647199630737,0.5674647199630737,0.0,2.0,2.0
vq,2,2,229,0.6461598512649536,0.5870912977218627,0.059068543219566345,0.5661508810997009,0.5661508810997009,0.0,2.0,2.0
vq,2,2,230,0.64981262550354,0.5845901646614075,0.06522246257066727,0.5731117943763733,0.5731117943763733,0.0,2.0,2.0
vq,2,2,231,0.6530669104576111,0.5935234532356263,0.05954345248937607,0.5709361015319824,0.5709361015319824,0.0,2.0,2.0
vq,2,2,232,0.6499370783805847,0.5880918488502502,0.06184524290561676,0.5713923002243042,0.5713923002243042,0.0,2.0,2.0
vq,2,2,233,0.6428958550453187,0.580869571018219,0.062026287776231766,0.5676263812065124,0.5676263812065124,0.0,2.0,2.0
vq,2,2,234,0.6464601266860962,0.5863630655288696,0.060097056555747985,0.5675810374259949,0.5675810374259949,0.0,2.0,2.0
vq,2,2,235,0.6447775792121887,0.5783117617607116,0.06646581399440765,0.570616256904602,0.570616256904602,0.0,2.0,2.0
vq,2,2,236,0.6315393570899963,0.5738925987720489,0.057646767407655716,0.5766020067214965,0.5766020067214965,0.0,2.0,2.0
vq,2,2,237,0.6537852146148682,0.5881107831954956,0.06567443985939025,0.5681698417663574,0.5681698417663574,0.0,2.0,2.0
vq,2,2,238,0.6413412924766541,0.5823208090782166,0.05902048903107643,0.5747953842163086,0.5747953842163086,0.0,2.0,2.0
vq,2,2,239,0.6477886136054992,0.5811492383003235,0.06663936612606049,0.5707008646965027,0.5707008646965027,0.0,2.0,2.0
vq,2,2,240,0.6466483048439026,0.5875528053283692,0.05909550429582596,0.5689295756340027,0.5689295756340027,0.0,2.0,2.0
vq,2,2,241,0.6358412468910217,0.5756110946655273,0.06023015902638435,0.5663310112953186,0.5663310112953186,0.0,2.0,2.0
vq,2,2,242,0.6418017563819886,0.5765395681381226,0.06526218765974044,0.566722377872467,0.566722377872467,0.0,2.0,2.0
vq,2,2,243,0.6469256325721741,0.5870810012817382,0.05984463099837303,0.5641076958656311,0.5641076958656311,0.0,2.0,2.0
vq,2,2,244,0.6411281488418579,0.578632930278778,0.0624952250957489,0.5655871645927429,0.5655871645927429,0.0,2.0,2.0
vq,2,2,245,0.6428421042442322,0.5814494744300842,0.06139262907505035,0.5670417330741883,0.5670417330741883,0.0,2.0,2.0
vq,2,2,246,0.642373229598999,0.5825021019935608,0.059871128231287,0.5780821285247802,0.5780821285247802,0.0,2.0,2.0
vq,2,2,247,0.6421896024703979,0.5833934578895569,0.05879614983201027,0.5639666984558106,0.5639666984558106,0.0,2.0,2.0
vq,2,2,248,0.6397295563697815,0.5776077052116394,0.062121842539310454,0.5710548439025879,0.5710548439025879,0.0,2.0,2.0
vq,2,2,249,0.6451846364974976,0.5804452384948731,0.06473940278291702,0.5640596203804016,0.5640596203804016,0.0,2.0,2.0
vq,2,2,250,0.6486637069702148,0.5809558200836181,0.06770787584781647,0.5646725017547607,0.5646725017547607,0.0,2.0,2.0
vq,2,2,251,0.6430093475341797,0.5812005130767822,0.061808828938007356,0.5640061341285706,0.5640061341285706,0.0,2.0,2.0
vq,2,2,252,0.637106432056427,0.5738333550453186,0.06327307571172715,0.5597398875236511,0.5597398875236511,0.0,2.0,2.0
vq,2,2,253,0.6345352743148803,0.5764732986450195,0.05806197948455811,0.5651142335891723,0.5651142335891723,0.0,2.0,2.0
vq,2,2,254,0.6439068958282471,0.5810032661437988,0.0629036304473877,0.5630818367958069,0.5630818367958069,0.0,2.0,2.0
vq,2,2,255,0.6415662159919738,0.5768543380737304,0.06471188117265701,0.558250629234314,0.558250629234314,0.0,2.0,2.0
vq,2,2,256,0.647076507472992,0.5855810556411744,0.06149545342326164,0.5645690695762634,0.5645690695762634,0.0,2.0,2.0
vq,2,2,257,0.6387037371635437,0.5831712308883668,0.055532515406608585,0.5639616847038269,0.5639616847038269,0.0,2.0,2.0
vq,2,2,258,0.6425433735847473,0.580943307685852,0.0616000568985939,0.5669357634544373,0.5669357634544373,0.0,2.0,2.0
vq,2,2,259,0.6439943517684936,0.5849140644073486,0.05908029400110245,0.562809983253479,0.562809983253479,0.0,2.0,2.0
vq,2,2,260,0.6417865416526795,0.579974471282959,0.06181206700205803,0.5670239539146423,0.5670239539146423,0.0,2.0,2.0
vq,2,2,261,0.6396015556335449,0.5783525231361389,0.061249023228883745,0.5622134481430053,0.5622134481430053,0.0,2.0,2.0
vq,2,2,262,0.6332521560668946,0.5695835355758667,0.06366862885951996,0.5581022583007812,0.5581022583007812,0.0,2.0,2.0
vq,2,2,263,0.6360114865303039,0.578325314617157,0.057686169981956484,0.5589677245140076,0.5589677245140076,0.0,2.0,2.0
vq,2,2,264,0.6494950709342957,0.5843627149581909,0.06513236160874367,0.5624765734672547,0.5624765734672547,0.0,2.0,2.0
vq,2,2,265,0.6349539924621582,0.5708467126846314,0.06410727690458298,0.5612381721496582,0.5612381721496582,0.0,2.0,2.0
vq,2,2,266,0.6277713617324829,0.5692266774177551,0.058544685888290406,0.5608109671592713,0.5608109671592713,0.0,2.0,2.0
vq,2,2,267,0.6449926676750183,0.5780313967704773,0.06696127783656121,0.5751540577888489,0.5751540577888489,0.0,2.0,2.0
vq,2,2,268,0.6420937013626099,0.5800858001708984,0.06200789607763291,0.5677460017204284,0.5677460017204284,0.0,2.0,2.0
vq,2,2,269,0.6393090014457703,0.5796328800201416,0.05967612932324409,0.5705739563941955,0.5705739563941955,0.0,2.0,2.0
vq,2,2,270,0.6394027255058289,0.5820609203338623,0.05734180097579956,0.5651442365646362,0.5651442365646362,0.0,2.0,2.0
vq,2,2,271,0.6343812139511108,0.5717924770355225,0.06258873424530029,0.5680674456596374,0.5680674456596374,0.0,2.0,2.0
vq,2,2,272,0.6268418947219848,0.5707839316368103,0.05605796270370483,0.5643130443572998,0.5643130443572998,0.0,2.0,2.0
vq,2,2,273,0.6453395461082458,0.5809877416610718,0.06435179802775383,0.5660128185272216,0.5660128185272216,0.0,2.0,2.0
vq,2,2,274,0.6326059241294861,0.5768566863059997,0.05574923042058945,0.5631567890167236,0.5631567890167236,0.0,2.0,2.0
vq,2,2,275,0.6330315348625183,0.5773137157440186,0.055717818915843965,0.5573119864463806,0.5573119864463806,0.0,2.0,2.0
vq,2,2,276,0.6440389795303345,0.5780876752853393,0.06595130007266999,0.5591804710388184,0.5591804710388184,0.0,2.0,2.0
vq,2,2,277,0.6273256177902222,0.5738525146484375,0.05347310096621513,0.558464465713501,0.558464465713501,0.0,2.0,2.0
vq,2,2,278,0.6298707375526428,0.5708219915390015,0.05904874706864357,0.5590698501586914,0.5590698501586914,0.0,2.0,2.0
vq,2,2,279,0.6328813952445984,0.56915579662323,0.06372560106515884,0.5627177275657654,0.5627177275657654,0.0,2.0,2.0
vq,2,2,280,0.6303339231491089,0.5708373547554016,0.05949656872749329,0.5679600415229797,0.5679600415229797,0.0,2.0,2.0
vq,2,2,281,0.6346388604164124,0.5777045912742614,0.05693426281213761,0.5609857789039612,0.5609857789039612,0.0,2.0,2.0
vq,2,2,282,0.6355057463645936,0.5774158658027649,0.05808988091945648,0.5538518898010254,0.5538518898010254,0.0,2.0,2.0
vq,2,2,283,0.6312670597076416,0.572884159564972,0.058382897990942,0.5586980540275573,0.5586980540275573,0.0,2.0,2.0
vq,2,2,284,0.6331817624092102,0.5733487568855286,0.05983301086425781,0.5691191744804383,0.5691191744804383,0.0,2.0,2.0
vq,2,2,285,0.6301055479049683,0.5724773902893067,0.05762816318273544,0.5625187878608704,0.5625187878608704,0.0,2.0,2.0
vq,2,2,286,0.6367394130706787,0.5742515058517456,0.062487907016277315,0.5643240517616271,0.5643240517616271,0.0,2.0,2.0
vq,2,2,287,0.6322814153671265,0.5772172698020935,0.05506414785385132,0.5583592930793763,0.5583592930793763,0.0,2.0,2.0
vq,2,2,288,0.6281004145622253,0.5683127633094788,0.059787651860713956,0.55597309923172,0.55597309923172,0.0,2.0,2.0
vq,2,2,289,0.6313927366256714,0.5704960997581482,0.06089664034843445,0.5518177871704102,0.5518177871704102,0.0,2.0,2.0
vq,2,2,290,0.6261311670303344,0.5675137837409974,0.05861738537549972,0.5590969850540161,0.5590969850540161,0.0,2.0,2.0
vq,2,2,291,0.6297006129264832,0.5678400970458984,0.061860506409406664,0.5554352078437805,0.5554352078437805,0.0,2.0,2.0
vq,2,2,292,0.6281058646202088,0.5708086427688599,0.05729721680283546,0.5606902049064636,0.5606902049064636,0.0,2.0,2.0
vq,2,2,293,0.6309951711654663,0.5707525143146515,0.06024265875816345,0.5548923710823059,0.5548923710823059,0.0,2.0,2.0
vq,2,2,294,0.6317416623115539,0.5749159257888794,0.056825740361213684,0.5675489856719971,0.5675489856719971,0.0,2.0,2.0
vq,2,2,295,0.6238754477500915,0.5678748200416565,0.056000623691082003,0.5555367510795594,0.5555367510795594,0.0,2.0,2.0
vq,2,2,296,0.6279883116722107,0.5722453811645508,0.05574293353557587,0.5561377097129822,0.5561377097129822,0.0,2.0,2.0
vq,2,2,297,0.6208411786079406,0.5661097399711609,0.05473143901824951,0.5553305799484253,0.5553305799484253,0.0,2.0,2.0
vq,2,2,298,0.6380375665664673,0.571310936832428,0.0667266272187233,0.559169153881073,0.559169153881073,0.0,2.0,2.0
vq,2,2,299,0.6316421180725098,0.5750844428062439,0.05655767503976822,0.5733844297409058,0.5733844297409058,0.0,2.0,2.0
vq,2,2,300,0.6262494572639465,0.5656360668182373,0.06061338624954224,0.5550193683624267,0.5550193683624267,0.0,2.0,2.0
vq,2,2,301,0.6336881483078003,0.5723170439720153,0.061371099197864536,0.5548804167747498,0.5548804167747498,0.0,2.0,2.0
vq,2,2,302,0.6186756282806396,0.5657543255805969,0.052921297806501386,0.5572373669624329,0.5572373669624329,0.0,2.0,2.0
vq,2,2,303,0.6299316743850708,0.5680016983032227,0.06192997121214867,0.5594409070968628,0.5594409070968628,0.0,2.0,2.0
vq,2,2,304,0.623634154701233,0.5698269947052002,0.053807154273986815,0.5534311619758606,0.5534311619758606,0.0,2.0,2.0
vq,2,2,305,0.6241338832855224,0.5650260798454285,0.0591078007042408,0.5585340805053711,0.5585340805053711,0.0,2.0,2.0
vq,2,2,306,0.6323891230583191,0.5714897957801819,0.06089932730197906,0.5568633810997009,0.5568633810997009,0.0,2.0,2.0
vq,2,2,307,0.6122328181266785,0.5572984773635864,0.054934344017505646,0.5554611456871033,0.5554611456871033,0.0,2.0,2.0
vq,2,2,308,0.6349564776420593,0.5717938342094422,0.06316264258027077,0.5573973860740662,0.5573973860740662,0.0,2.0,2.0
vq,2,2,309,0.6381087619781494,0.579870887184143,0.058237877666950225,0.5519300109863281,0.5519300109863281,0.0,2.0,2.0
vq,2,2,310,0.618987516784668,0.5629507675170898,0.05603675449490547,0.5561517080307007,0.5561517080307007,0.0,2.0,2.0
vq,2,2,311,0.6372117360115052,0.580502634525299,0.05670909594297409,0.5614081511497497,0.5614081511497497,0.0,2.0,2.0
vq,2,2,312,0.6351508131027221,0.5753368277549744,0.05981398491859436,0.5594658529281616,0.5594658529281616,0.0,2.0,2.0
vq,2,2,313,0.6203204351425171,0.5634698214530944,0.05685060924887657,0.5576258014678955,0.5576258014678955,0.0,2.0,2.0
vq,2,2,314,0.6338881496429444,0.5766196946144104,0.0572684531211853,0.5532708521842956,0.5532708521842956,0.0,2.0,2.0
vq,2,2,315,0.6275313625335693,0.5686862340927124,0.0588451230764389,0.5505532676696777,0.5505532676696777,0.0,2.0,2.0
vq,2,2,316,0.620864379119873,0.5629080984592437,0.05795628384947777,0.5517164463043213,0.5517164463043213,0.0,2.0,2.0
vq,2,2,317,0.6177253529548645,0.5586447553634644,0.059080603629350664,0.5569466817855835,0.5569466817855835,0.0,2.0,2.0
vq,2,2,318,0.627223511505127,0.568426751613617,0.05879675897359848,0.5622994587898255,0.5622994587898255,0.0,2.0,2.0
vq,2,2,319,0.6349234269142151,0.5718504455566407,0.06307298068404198,0.5564147994041443,0.5564147994041443,0.0,2.0,2.0
vq,2,2,320,0.6208289429664612,0.5629678475379943,0.057861086809635164,0.5540311120033264,0.5540311120033264,0.0,2.0,2.0
vq,2,2,321,0.6253012337684631,0.5613971795082092,0.06390405479669571,0.5620427051544189,0.5620427051544189,0.0,2.0,2.0
vq,2,2,322,0.6224703284263611,0.5704288455009461,0.052041482454538344,0.5538557493209839,0.5538557493209839,0.0,2.0,2.0
vq,2,2,323,0.6343369432449341,0.5755223198890687,0.05881462584733963,0.5495959155082702,0.5495959155082702,0.0,2.0,2.0
vq,2,2,324,0.6264776041030884,0.5682134529113769,0.058264145445823666,0.5553523646354676,0.5553523646354676,0.0,2.0,2.0
vq,2,2,325,0.6265367774009705,0.5655473587989807,0.06098941000699997,0.5533384694099426,0.5533384694099426,0.0,2.0,2.0
vq,2,2,326,0.6222485340118408,0.5654786858081817,0.05676985078454018,0.5529177332878112,0.5529177332878112,0.0,2.0,2.0
vq,2,2,327,0.6190706881523133,0.5604211354255676,0.05864955216646194,0.5575563174247742,0.5575563174247742,0.0,2.0,2.0
vq,2,2,328,0.6217152429580688,0.5661095481872559,0.05560569104552269,0.5546976815223694,0.5546976815223694,0.0,2.0,2.0
vq,2,2,329,0.628331272315979,0.5681428503036499,0.06018842165470123,0.5535740236282348,0.5535740236282348,0.0,2.0,2.0
vq,2,2,330,0.634995324420929,0.5764171314239502,0.0585781924366951,0.553085719203949,0.553085719203949,0.0,2.0,2.0
vq,2,2,331,0.6235649477005005,0.5625651412010193,0.06099979828596115,0.5525134445190429,0.5525134445190429,0.0,2.0,2.0
vq,2,2,332,0.6281169476509094,0.569866871547699,0.058250071322917936,0.5570494483947754,0.5570494483947754,0.0,2.0,2.0
vq,2,2,333,0.6191815061569214,0.5623451743125916,0.05683633500933647,0.5521966861724854,0.5521966861724854,0.0,2.0,2.0
vq,2,2,334,0.6292556116104125,0.5698288016319275,0.05942680690288544,0.5549717091560363,0.5549717091560363,0.0,2.0,2.0
vq,2,2,335,0.6267828032493591,0.5672687779426575,0.05951402389407158,0.5518923540115357,0.5518923540115357,0.0,2.0,2.0
vq,2,2,336,0.615917702960968,0.5598079345703125,0.05610977463126183,0.5545493129730225,0.5545493129730225,0.0,2.0,2.0
vq,2,2,337,0.625708382320404,0.5661578225135804,0.059550552648305895,0.5550270805358887,0.5550270805358887,0.0,2.0,2.0
vq,2,2,338,0.624001919746399,0.5639085403442383,0.06009338517189026,0.5591750489234925,0.5591750489234925,0.0,2.0,2.0
vq,2,2,339,0.6120049987792969,0.5521472192764282,0.05985778450965881,0.5557430528640747,0.5557430528640747,0.0,2.0,2.0
vq,2,2,340,0.6203901691436767,0.5614443656921386,0.058945797592401504,0.5471980225563049,0.5471980225563049,0.0,2.0,2.0
vq,2,2,341,0.618363930606842,0.5583396957397461,0.060024236011505125,0.5548351978302002,0.5548351978302002,0.0,2.0,2.0
vq,2,2,342,0.6305694396972656,0.574018828010559,0.05655061792731285,0.5528444962501526,0.5528444962501526,0.0,2.0,2.0
vq,2,2,343,0.6257405996322631,0.5598142641067505,0.06592633709907532,0.5574883842468261,0.5574883842468261,0.0,2.0,2.0
vq,2,2,344,0.6237724002838134,0.5666714088916779,0.057100994288921354,0.5516860091209411,0.5516860091209411,0.0,2.0,2.0
vq,2,2,345,0.623530419921875,0.565563439655304,0.05796698639392853,0.5529972616195679,0.5529972616195679,0.0,2.0,2.0
vq,2,2,346,0.6142842639923096,0.5580529193878174,0.0562313362121582,0.5518695115089417,0.5518695115089417,0.0,2.0,2.0
vq,2,2,347,0.6179988160133362,0.5628113718986512,0.05518744012117386,0.5432522553443909,0.5432522553443909,0.0,2.0,2.0
vq,2,2,348,0.6246991535186768,0.564948470211029,0.05975068927407265,0.5493348804473877,0.5493348804473877,0.0,2.0,2.0
vq,2,2,349,0.6270767909049988,0.5665882377147674,0.06048854923844337,0.5486761108398438,0.5486761108398438,0.0,2.0,2.0
vq,2,2,350,0.6245237734794616,0.5641150720596313,0.060408693253993985,0.5558353964805604,0.5558353964805604,0.0,2.0,2.0
vq,2,2,351,0.6156587753295898,0.5592923099517823,0.056366450273990634,0.5444196654319763,0.5444196654319763,0.0,2.0,2.0
vq,2,2,352,0.631720926952362,0.5684621862411499,0.06325873501300812,0.5562611136436463,0.5562611136436463,0.0,2.0,2.0
vq,2,2,353,0.6128193551063538,0.5564576910018921,0.05636166304945946,0.5606764576911927,0.5606764576911927,0.0,2.0,2.0
vq,2,2,354,0.6224208495140076,0.5621833790779114,0.060237472569942475,0.5471262689590454,0.5471262689590454,0.0,2.0,2.0
vq,2,2,355,0.613100393486023,0.5557231307029724,0.05737725973129273,0.5730219192504883,0.5730219192504883,0.0,2.0,2.0
vq,2,2,356,0.6148748961448669,0.5572509056091308,0.05762399641275406,0.5576527552604675,0.5576527552604675,0.0,2.0,2.0
vq,2,2,357,0.6208142984390259,0.563458899307251,0.05735539836883545,0.5555085146903992,0.5555085146903992,0.0,2.0,2.0
vq,2,2,358,0.6213499315261841,0.5611787548065186,0.060171175372600555,0.5512690253257752,0.5512690253257752,0.0,2.0,2.0
vq,2,2,359,0.6142752082824707,0.5604349111557007,0.05384029982089996,0.5580391409873963,0.5580391409873963,0.0,2.0,2.0
vq,2,2,360,0.629994972038269,0.5670247815132141,0.06297019768357277,0.5521293552398682,0.5521293552398682,0.0,2.0,2.0
vq,2,2,361,0.6249788387298584,0.5671687285423279,0.05781011272072792,0.5578585838317871,0.5578585838317871,0.0,2.0,2.0
vq,2,2,362,0.6132976802825928,0.5607364844322205,0.05256119273304939,0.5539591221809387,0.5539591221809387,0.0,2.0,2.0
vq,2,2,363,0.6238475032806396,0.5634250347614288,0.06042246035337448,0.5505477124214172,0.5505477124214172,0.0,2.0,2.0
vq,2,2,364,0.6118687714576722,0.5539673306465149,0.05790144765377045,0.5470115207672119,0.5470115207672119,0.0,2.0,2.0
vq,2,2,365,0.6196857124328613,0.5622751720428467,0.05741053713560104,0.5491603308677674,0.5491603308677674,0.0,2.0,2.0
vq,2,2,366,0.6203752906799317,0.5603246505737305,0.06005064183473587,0.5616586074829102,0.5616586074829102,0.0,2.0,2.0
vq,2,2,367,0.6139562560081482,0.5613304242134094,0.052625828069448474,0.5589137992858887,0.5589137992858887,0.0,2.0,2.0
vq,2,2,368,0.6224118918418884,0.564125773715973,0.0582861234664917,0.5517576745986938,0.5517576745986938,0.0,2.0,2.0
vq,2,2,369,0.624757178401947,0.5648511926651001,0.059905988317728046,0.552767622089386,0.552767622089386,0.0,2.0,2.0
vq,2,2,370,0.6151080642700195,0.5597180944442749,0.055389965784549716,0.5517222380638123,0.5517222380638123,0.0,2.0,2.0
vq,2,2,371,0.6156809597969055,0.5586992817878723,0.05698167572021484,0.5500987914085388,0.5500987914085388,0.0,2.0,2.0
vq,2,2,372,0.6235439248085022,0.5652295641422271,0.05831436084508896,0.5488230846405029,0.5488230846405029,0.0,2.0,2.0
vq,2,2,373,0.6069325264930725,0.5498791612625122,0.05705336305499077,0.5460847626686096,0.5460847626686096,0.0,2.0,2.0
vq,2,2,374,0.6214262610435486,0.5594468187332153,0.061979445588588714,0.5461974792480468,0.5461974792480468,0.0,2.0,2.0
vq,2,2,375,0.6163576719284057,0.5571100749969482,0.05924759327173233,0.547336923789978,0.547336923789978,0.0,2.0,2.0
vq,2,2,376,0.6194217880249023,0.5615931141853332,0.05782867451310158,0.5616037811279296,0.5616037811279296,0.0,2.0,2.0
vq,2,2,377,0.6200788042068481,0.5573466285705566,0.06273217431306839,0.5681428351402282,0.5681428351402282,0.0,2.0,2.0
vq,2,2,378,0.627093598651886,0.5705186862945557,0.05657491352558136,0.5705377634048462,0.5705377634048462,0.0,2.0,2.0
vq,2,2,379,0.6205364566802979,0.560798419380188,0.059738038152456284,0.5565032459259033,0.5565032459259033,0.0,2.0,2.0
vq,2,2,380,0.6277927845954895,0.5684817246437073,0.059311052972078324,0.5619362072944641,0.5619362072944641,0.0,2.0,2.0
vq,2,2,381,0.6171799582481384,0.561751644039154,0.0554283193051815,0.5520704611778259,0.5520704611778259,0.0,2.0,2.0
vq,2,2,382,0.6089487484931946,0.5520359619140625,0.05691279106736183,0.5487582076072692,0.5487582076072692,0.0,2.0,2.0
vq,2,2,383,0.6228239031791687,0.5642664450645447,0.058557457554340366,0.5540064882278443,0.5540064882278443,0.0,2.0,2.0
vq,2,2,384,0.6191537384033203,0.5598657426834106,0.05928799206018448,0.5726723429679871,0.5726723429679871,0.0,2.0,2.0
vq,2,2,385,0.6191318132400513,0.5633376389503479,0.05579417240619659,0.5483980302810669,0.5483980302810669,0.0,2.0,2.0
vq,2,2,386,0.618750839138031,0.5581379874229431,0.060612858468294145,0.5452177771568298,0.5452177771568298,0.0,2.0,2.0
vq,2,2,387,0.6206838319778443,0.5621177152633667,0.05856611442565918,0.5501738229751587,0.5501738229751587,0.0,2.0,2.0
vq,2,2,388,0.6126671018600464,0.5534114811897278,0.05925561757087708,0.5502238563537598,0.5502238563537598,0.0,2.0,2.0
vq,2,2,389,0.6175977465629577,0.5612339955329895,0.05636374680995941,0.5538248689651489,0.5538248689651489,0.0,2.0,2.0
vq,2,2,390,0.6159076747894288,0.5560991389274598,0.05980853626728058,0.5431953759193421,0.5431953759193421,0.0,2.0,2.0
vq,2,2,391,0.6103036715507507,0.5499875336647033,0.06031613770723343,0.5470669727325439,0.5470669727325439,0.0,2.0,2.0
vq,2,2,392,0.621019800567627,0.5604094013214111,0.06061039217710495,0.5474729491233825,0.5474729491233825,0.0,2.0,2.0
vq,2,2,393,0.6173952629089355,0.5605304324150086,0.05686483906507492,0.5637398205757141,0.5637398205757141,0.0,2.0,2.0
vq,2,2,394,0.6126925906181335,0.5555923269271851,0.05710026692152023,0.5467449724197387,0.5467449724197387,0.0,2.0,2.0
vq,2,2,395,0.6234917655944824,0.5589051466941833,0.06458661847114563,0.5480025073051452,0.5480025073051452,0.0,2.0,2.0
vq,2,2,396,0.616298743057251,0.5581068776130677,0.05819186930656433,0.5519564311027527,0.5519564311027527,0.0,2.0,2.0
vq,2,2,397,0.6117934461593628,0.5535370416641235,0.058256398367881775,0.5503675346374511,0.5503675346374511,0.0,2.0,2.0
vq,2,2,398,0.6251587127685547,0.5624528038024902,0.06270590438842774,0.5484844470977783,0.5484844470977783,0.0,2.0,2.0
vq,2,2,399,0.6165153730392456,0.555907919216156,0.06060744897723198,0.5531318888664246,0.5531318888664246,0.0,2.0,2.0
vq,2,2,400,0.616509913444519,0.5598498821258545,0.05666003461480141,0.5429765996932984,0.5429765996932984,0.0,2.0,2.0
vq,2,2,401,0.6132310194015503,0.5558387576103211,0.05739225386977196,0.5378368078231811,0.5378368078231811,0.0,2.0,2.0
vq,2,2,402,0.6110976222038269,0.5526041394233704,0.05849347800016403,0.54753481092453,0.54753481092453,0.0,2.0,2.0
vq,2,2,403,0.6042925125122071,0.5509042335987091,0.053388283288478854,0.5447611059188843,0.5447611059188843,0.0,2.0,2.0
vq,2,2,404,0.6208803686141968,0.5572556654930114,0.0636247150838375,0.5630044679641724,0.5630044679641724,0.0,2.0,2.0
vq,2,2,405,0.6109077244758606,0.5542210971355438,0.0566866242647171,0.5465203392982483,0.5465203392982483,0.0,2.0,2.0
vq,2,2,406,0.6174414869308472,0.5559284064292908,0.06151307841539383,0.5491965417861938,0.5491965417861938,0.0,2.0,2.0
vq,2,2,407,0.6017700731277466,0.5472952321052551,0.05447483312487602,0.5537145244598388,0.5537145244598388,0.0,2.0,2.0
vq,2,2,408,0.62312375831604,0.5624324056625366,0.06069134145379067,0.540941166973114,0.540941166973114,0.0,2.0,2.0
vq,2,2,409,0.6148988348007202,0.5591434494018555,0.05575539022088051,0.5622887026786805,0.5622887026786805,0.0,2.0,2.0
vq,2,2,410,0.6171006133079528,0.5571147810935975,0.0599858415722847,0.5414978053092957,0.5414978053092957,0.0,2.0,2.0
vq,2,2,411,0.6181822375297547,0.5611640986442565,0.057018132174015045,0.5557184215545654,0.5557184215545654,0.0,2.0,2.0
vq,2,2,412,0.607299002456665,0.5498529247283935,0.057446077013015746,0.5435343245029449,0.5435343245029449,0.0,2.0,2.0
vq,2,2,413,0.6303221261024475,0.5686267824649811,0.06169535645246506,0.540312695980072,0.540312695980072,0.0,2.0,2.0
vq,2,2,414,0.6208616596221924,0.5620621075630188,0.05879955286979675,0.5372647742271424,0.5372647742271424,0.0,2.0,2.0
vq,2,2,415,0.606450918006897,0.550289180278778,0.056161745446920396,0.555802001285553,0.555802001285553,0.0,2.0,2.0
vq,2,2,416,0.6218229556083679,0.555724116897583,0.06609884856343269,0.5422584131240845,0.5422584131240845,0.0,2.0,2.0
vq,2,2,417,0.6174390027046204,0.556789095878601,0.060649906265735624,0.5614957275390625,0.5614957275390625,0.0,2.0,2.0
vq,2,2,418,0.6168911716461182,0.5585322947502136,0.05835888226032257,0.5497832388877869,0.5497832388877869,0.0,2.0,2.0
vq,2,2,419,0.6136079778671265,0.5504460724830628,0.06316190370321274,0.5450835481643677,0.5450835481643677,0.0,2.0,2.0
vq,2,2,420,0.6212601715087891,0.5620459215164184,0.05921425405144692,0.5499504975318908,0.5499504975318908,0.0,2.0,2.0
vq,2,2,421,0.6168014084815979,0.5580095253944397,0.058791890603303906,0.5485204788208008,0.5485204788208008,0.0,2.0,2.0
vq,2,2,422,0.6120093620300293,0.5538447849273682,0.05816457349061966,0.548069829750061,0.548069829750061,0.0,2.0,2.0
vq,2,2,423,0.6097645430564881,0.5520072988510132,0.05775723375082016,0.5409175827026367,0.5409175827026367,0.0,2.0,2.0
vq,2,2,424,0.6119352230072022,0.5562506608963013,0.05568456302881241,0.5442401363372803,0.5442401363372803,0.0,2.0,2.0
vq,2,2,425,0.6094648426055909,0.550713410282135,0.05875143131613731,0.541986328792572,0.541986328792572,0.0,2.0,2.0
vq,2,2,426,0.6171894515991211,0.5560560771942139,0.061133370995521547,0.5563761304855347,0.5563761304855347,0.0,2.0,2.0
vq,2,2,427,0.6115345414161683,0.5579216813087463,0.05361286371946335,0.549335408115387,0.549335408115387,0.0,2.0,2.0
vq,2,2,428,0.6283732351303101,0.5642704524993897,0.06410277619361877,0.5447337782859802,0.5447337782859802,0.0,2.0,2.0
vq,2,2,429,0.6054281432151795,0.5525565841674804,0.052871563243865966,0.5561683803558349,0.5561683803558349,0.0,2.0,2.0
vq,2,2,430,0.6214269069671631,0.5608068778514862,0.060620034885406494,0.5467105924606324,0.5467105924606324,0.0,2.0,2.0
vq,2,2,431,0.6139637649536133,0.5513127824783325,0.06265097607970238,0.5566535696983338,0.5566535696983338,0.0,2.0,2.0
vq,2,2,432,0.6042953400611878,0.550210502910614,0.05408484774231911,0.5427574283599853,0.5427574283599853,0.0,2.0,2.0
vq,2,2,433,0.6217627032279969,0.5606914836883545,0.06107122250199318,0.5416562906265259,0.5416562906265259,0.0,2.0,2.0
vq,2,2,434,0.6073116959571838,0.5516655466079712,0.055646149867773054,0.5404357682228088,0.5404357682228088,0.0,2.0,2.0
vq,2,2,435,0.6128979742050171,0.5529624446868896,0.05993552576899529,0.5505389384269714,0.5505389384269714,0.0,2.0,2.0
vq,2,2,436,0.6156274408340454,0.5573126809597015,0.05831475985050202,0.5515777958869934,0.5515777958869934,0.0,2.0,2.0
vq,2,2,437,0.6047502880096436,0.5476696080207825,0.05708067274093628,0.5553923911094666,0.5553923911094666,0.0,2.0,2.0
vq,2,2,438,0.617557101726532,0.5625223650932312,0.05503473035097122,0.537788191986084,0.537788191986084,0.0,2.0,2.0
vq,2,2,439,0.6114878560066224,0.5553145199775695,0.0561733415722847,0.5475621054649353,0.5475621054649353,0.0,2.0,2.0
vq,2,2,440,0.6200655584335327,0.560937647819519,0.059127910476922986,0.541390466594696,0.541390466594696,0.0,2.0,2.0
vq,2,2,441,0.6079047778129577,0.5515219265937805,0.05638285438418388,0.5524758508682251,0.5524758508682251,0.0,2.0,2.0
vq,2,2,442,0.6118889791488648,0.5581844652175904,0.0537045218527317,0.5418105666160583,0.5418105666160583,0.0,2.0,2.0
vq,2,2,443,0.6104446418762207,0.5520975212097168,0.05834712163209915,0.5441308826446534,0.5441308826446534,0.0,2.0,2.0
vq,2,2,444,0.6055884751319885,0.5515998180389404,0.0539886481821537,0.5494046549797058,0.5494046549797058,0.0,2.0,2.0
vq,2,2,445,0.6081187982559204,0.5520646030426025,0.05605418852567673,0.5407317523002625,0.5407317523002625,0.0,2.0,2.0
vq,2,2,446,0.6113106033325195,0.5525546928405761,0.05875590535402298,0.5569752988815307,0.5569752988815307,0.0,2.0,2.0
vq,2,2,447,0.6089864139556884,0.5504314955711365,0.058554916995763776,0.5526641132354736,0.5526641132354736,0.0,2.0,2.0
vq,2,2,448,0.6149003409385682,0.5521872562408447,0.06271308070421219,0.543558399963379,0.543558399963379,0.0,2.0,2.0
vq,2,2,449,0.6123500057220459,0.5550403382301331,0.057309668636322024,0.5410018032073974,0.5410018032073974,0.0,2.0,2.0
vq,2,2,450,0.6214745632171631,0.5639774797439575,0.05749707680940628,0.5386863114356994,0.5386863114356994,0.0,2.0,2.0
vq,2,2,451,0.6067527992248535,0.5476483020782471,0.059104506236314774,0.5410022964477539,0.5410022964477539,0.0,2.0,2.0
vq,2,2,452,0.6127523004531861,0.5545905255317688,0.05816177198290825,0.5447219359397888,0.5447219359397888,0.0,2.0,2.0
vq,2,2,453,0.5970533555984497,0.5409503061294556,0.056103050547838214,0.5502557600975037,0.5502557600975037,0.0,2.0,2.0
vq,2,2,454,0.6203838307380676,0.5590349420070648,0.061348877757787704,0.5481100060462951,0.5481100060462951,0.0,2.0,2.0
vq,2,2,455,0.6186594915390015,0.555836246585846,0.06282324201464654,0.55824238986969,0.55824238986969,0.0,2.0,2.0
vq,2,2,456,0.6145710004806518,0.56400006980896,0.050570924007892606,0.5402614791870117,0.5402614791870117,0.0,2.0,2.0
vq,2,2,457,0.6007610021591187,0.5448738276481628,0.05588717987537384,0.5426246320724487,0.5426246320724487,0.0,2.0,2.0
vq,2,2,458,0.6168121577262878,0.5575997350692748,0.05921243035197258,0.5393253483772278,0.5393253483772278,0.0,2.0,2.0
vq,2,2,459,0.6067469899177551,0.5493963013648987,0.057350683796405795,0.5359051019668579,0.5359051019668579,0.0,2.0,2.0
vq,2,2,460,0.6030789731025695,0.5471657301902771,0.055913251441717146,0.5378452562332153,0.5378452562332153,0.0,2.0,2.0
vq,2,2,461,0.6133419147491455,0.5548557608604431,0.058486155146360394,0.5419927196502685,0.5419927196502685,0.0,2.0,2.0
vq,2,2,462,0.6084792959213257,0.5540082991600037,0.05447100203633309,0.5438065258026124,0.5438065258026124,0.0,2.0,2.0
vq,2,2,463,0.6172570665359497,0.5614935422897339,0.05576352561712265,0.5423489892959594,0.5423489892959594,0.0,2.0,2.0
vq,2,2,464,0.6140165503501892,0.5554073426246643,0.058609203732013705,0.5430826344490052,0.5430826344490052,0.0,2.0,2.0
vq,2,2,465,0.6162500335693359,0.5591677627563476,0.05708227213621139,0.5422693943023682,0.5422693943023682,0.0,2.0,2.0
vq,2,2,466,0.6083067763328552,0.5513784747123718,0.05692830317020416,0.5448456327438355,0.5448456327438355,0.0,2.0,2.0
vq,2,2,467,0.6129888530731201,0.5586634344100952,0.054325409483909605,0.5438515709877014,0.5438515709877014,0.0,2.0,2.0
vq,2,2,468,0.6080440553665161,0.5511965679168701,0.05684748832583427,0.5428346043586731,0.5428346043586731,0.0,2.0,2.0
vq,2,2,469,0.6102258477210999,0.5533749793052674,0.05685086895227432,0.5399920444488525,0.5399920444488525,0.0,2.0,2.0
vq,2,2,470,0.6097371612548829,0.5489137712478638,0.06082338549494743,0.543844852733612,0.543844852733612,0.0,2.0,2.0
vq,2,2,471,0.6152664052963257,0.5544741418838501,0.06079227180480957,0.5361282206535339,0.5361282206535339,0.0,2.0,2.0
vq,2,2,472,0.6098913801193238,0.5541993228912353,0.055692062973976136,0.5414780523300171,0.5414780523300171,0.0,2.0,2.0
vq,2,2,473,0.6245070961952209,0.560500987625122,0.06400610637068749,0.5526971460342407,0.5526971460342407,0.0,2.0,2.0
vq,2,2,474,0.6160122922897339,0.5538085621833801,0.062203724944591525,0.539155167388916,0.539155167388916,0.0,2.0,2.0
vq,2,2,475,0.6178594054222107,0.5557239963531494,0.06213539930582047,0.5469338676452636,0.5469338676452636,0.0,2.0,2.0
vq,2,2,476,0.627729358959198,0.5657262904167175,0.06200307305455208,0.5430860232353211,0.5430860232353211,0.0,2.0,2.0
vq,2,2,477,0.6025084719657898,0.5493515525817871,0.05315691334605217,0.5411118244171143,0.5411118244171143,0.0,2.0,2.0
vq,2,2,478,0.6115217178344726,0.5503669741630555,0.061154738306999204,0.5441233193397522,0.5441233193397522,0.0,2.0,2.0
vq,2,2,479,0.620052704524994,0.5567282918930053,0.06332440755963326,0.5448343586921692,0.5448343586921692,0.0,2.0,2.0
vq,2,2,480,0.6060522569656372,0.5500940579414367,0.05595820023417473,0.5463801832199097,0.5463801832199097,0.0,2.0,2.0
vq,2,2,481,0.6171279168128967,0.5569967489719391,0.060131172329187396,0.5384603688240052,0.5384603688240052,0.0,2.0,2.0
vq,2,2,482,0.6104870042800903,0.5552186256408691,0.055268384563922884,0.5402670188903809,0.5402670188903809,0.0,2.0,2.0
vq,2,2,483,0.6041761921882629,0.544147401380539,0.06002879154682159,0.5406385478973389,0.5406385478973389,0.0,2.0,2.0
vq,2,2,484,0.6092843378067017,0.5517768456459046,0.057507492476701734,0.5409111729621887,0.5409111729621887,0.0,2.0,2.0
vq,2,2,485,0.6136342798233032,0.5569726751327515,0.05666160047054291,0.5380919981002807,0.5380919981002807,0.0,2.0,2.0
vq,2,2,486,0.6272686595916748,0.5634607456207276,0.06380791262388229,0.5419697453498841,0.5419697453498841,0.0,2.0,2.0
vq,2,2,487,0.6001745530128479,0.5469084254264831,0.05326612300872803,0.5430296797752381,0.5430296797752381,0.0,2.0,2.0
vq,2,2,488,0.6166937829971314,0.5551067635536194,0.06158702132701874,0.5350480603218079,0.5350480603218079,0.0,2.0,2.0
vq,2,2,489,0.612934490776062,0.5495763401985169,0.06335814292430877,0.5376897532463074,0.5376897532463074,0.0,2.0,2.0
vq,2,2,490,0.6105026458740235,0.5518621624946595,0.05864048409461975,0.537466466331482,0.537466466331482,0.0,2.0,2.0
vq,2,2,491,0.6037734337806702,0.5445382243156434,0.05923520396947861,0.543921057510376,0.543921057510376,0.0,2.0,2.0
vq,2,2,492,0.6131792324066162,0.5540977677345276,0.05908146007061005,0.5385765461921692,0.5385765461921692,0.0,2.0,2.0
vq,2,2,493,0.6134083368301392,0.5532595796585082,0.060148752748966215,0.5414268590927124,0.5414268590927124,0.0,2.0,2.0
vq,2,2,494,0.6054969405174255,0.5481418107032776,0.05735512606501579,0.5399990949630737,0.5399990949630737,0.0,2.0,2.0
vq,2,2,495,0.6096120800018311,0.5520970217704773,0.05751506072282791,0.5484730045318603,0.5484730045318603,0.0,2.0,2.0
vq,2,2,496,0.6044674112319947,0.5465893790245057,0.0578780398607254,0.5424817295074463,0.5424817295074463,0.0,2.0,2.0
vq,2,2,497,0.6092639064788818,0.5532527383804321,0.05601116663813591,0.5409476026535034,0.5409476026535034,0.0,2.0,2.0
vq,2,2,498,0.6094110492706298,0.5478070377349854,0.06160401921272278,0.533131664276123,0.533131664276123,0.0,2.0,2.0
vq,2,2,499,0.6078030203819275,0.5521942185401917,0.05560879973173141,0.5307140520095825,0.5307140520095825,0.0,2.0,2.0
vq,2,2,500,0.6161742402076721,0.5582482610702515,0.05792598438858986,0.5369365223884582,0.5369365223884582,0.0,2.0,2.0
