model,seed,level,epoch,train_total,train_effect,train_vq,eval_total,eval_effect,eval_vq,active_codes,ema_used_codes,step_counter,last_check_step,surprise_streak,distance_mean,distance_p90,distance_p95,distance_max,surprise_support
dynamic,2,1,1,5.186264610290527,5.153309834798177,0.032954719364643094,5.050823133786519,5.050823133786519,0.0,1.0,1.0,10.0,0.0,0.0,,,,,
dynamic,2,1,2,5.032326062520345,4.976318715413411,0.05600736757119497,4.871422201792399,4.871422201792399,0.0,1.0,1.0,20.0,0.0,0.0,,,,,
dynamic,2,1,3,4.8804016812642415,4.798388373057048,0.08201327214638392,4.698004849751791,4.698004849751791,0.0,1.0,1.0,30.0,0.0,0.0,,,,,
dynamic,2,1,4,4.732727788289388,4.628151823679606,0.1045759583512942,4.537880608240763,4.537880608240763,0.0,1.0,1.0,40.0,0.0,0.0,,,,,
dynamic,2,1,5,4.581456915537516,4.47484255472819,0.10661443084478378,4.38905910174052,4.38905910174052,0.0,1.0,1.0,50.0,0.0,0.0,,,,,
dynamic,2,1,6,4.4227268028259275,4.32974142074585,0.09298539956410726,4.245082213083903,4.245082213083903,0.0,1.0,1.0,60.0,0.0,0.0,,,,,
dynamic,2,1,7,4.2809555689493815,4.1887049357096355,0.09225062251091004,4.115445815722148,4.115445815722148,0.0,1.0,1.0,70.0,0.0,0.0,,,,,
dynamic,2,1,8,4.159602762858073,4.063500798543294,0.09610197325547536,3.9944682470957438,3.9944682470957438,0.0,1.0,1.0,80.0,0.0,0.0,,,,,
dynamic,2,1,9,4.058140137990316,3.9455958048502606,0.11254437724749247,3.8773487361272174,3.8773487361272174,0.0,1.0,1.0,90.0,0.0,0.0,,,,,
dynamic,2,1,10,3.9714711062113444,3.8322222518920896,0.13924882888793946,3.766964693069458,3.766964693069458,0.0,1.0,1.0,100.0,0.0,0.0,,,,,
dynamic,2,1,11,3.8931656551361082,3.7227809874216717,0.17038467526435852,3.6652990611394247,3.6652990611394247,0.0,1.0,1.0,110.0,0.0,0.0,,,,,
dynamic,2,1,12,3.8149690437316894,3.6222339407602946,0.1927350378036499,3.565957819620768,3.565957819620768,0.0,1.0,1.0,120.0,0.0,0.0,,,,,
dynamic,2,1,13,3.730178648630778,3.5263699754079183,0.20380868832270305,3.468696854909261,3.468696854909261,0.0,1.0,1.0,130.0,0.0,0.0,,,,,
dynamic,2,1,14,3.6172571722666422,3.4304568258921306,0.18680037677288056,3.3763271935780845,3.3763271935780845,0.0,1.0,1.0,140.0,0.0,0.0,,,,,
dynamic,2,1,15,3.487485138575236,3.339085855484009,0.14839928070704142,3.287259411811829,3.287259411811829,0.0,1.0,1.0,150.0,0.0,0.0,,,,,
dynamic,2,1,16,3.403139082590739,3.251978333791097,0.15116073409716288,3.2004642629623414,3.2004642629623414,0.0,1.0,1.0,160.0,0.0,0.0,,,,,
dynamic,2,1,17,3.3409680048624675,3.16477684656779,0.17619114418824514,3.11721971988678,3.11721971988678,0.0,1.0,1.0,170.0,0.0,0.0,,,,,
dynamic,2,1,18,3.2863695653279623,3.0832313760121663,0.20313819448153178,3.036978775660197,3.036978775660197,0.0,1.0,1.0,180.0,0.0,0.0,,,,,
dynamic,2,1,19,3.2320507748921714,3.0047510719299315,0.22729968746503193,2.961773393948873,2.961773393948873,0.0,1.0,1.0,190.0,0.0,0.0,,,,,
dynamic,2,1,20,3.1194336732228596,2.9318634478251138,0.187570241689682,2.888431213696798,2.888431213696798,0.0,1.0,1.0,200.0,0.0,0.0,,,,,
dynamic,2,1,21,3.0164459641774495,2.858503443400065,0.1579425311088562,2.818388965924581,2.818388965924581,0.0,1.0,1.0,210.0,201.0,1.0,1.3338093757629395,4.615778923034668,6.174473762512207,10.303565979003906,82.0
dynamic,2,1,22,2.95800835609436,2.7905069033304852,0.16750144759813945,2.7509499740600587,2.7509499740600587,0.0,1.0,1.0,220.0,201.0,1.0,1.3338093757629395,4.615778923034668,6.174473762512207,10.303565979003906,82.0
dynamic,2,1,23,2.9101637585957847,2.7242956574757895,0.18586809476216634,2.685794383684794,2.685794383684794,0.0,1.0,1.0,230.0,201.0,1.0,1.3338093757629395,4.615778923034668,6.174473762512207,10.303565979003906,82.0
dynamic,2,1,24,2.8706699784596763,2.659331523577372,0.21133848905563354,2.6233849859237672,2.6233849859237672,0.0,1.0,1.0,240.0,201.0,1.0,1.3338093757629395,4.615778923034668,6.174473762512207,10.303565979003906,82.0
dynamic,2,1,25,2.842911812464396,2.5981678009033202,0.2447440207004547,2.5633266178766885,2.5633266178766885,0.0,1.0,1.0,250.0,201.0,1.0,1.3338093757629395,4.615778923034668,6.174473762512207,10.303565979003906,82.0
dynamic,2,1,26,2.8307255268096925,2.5391182390848797,0.2916073075930278,2.5060791206359863,2.5060791206359863,0.0,1.0,1.0,260.0,201.0,1.0,1.3338093757629395,4.615778923034668,6.174473762512207,10.303565979003906,82.0
dynamic,2,1,27,2.8016152381896973,2.4820752239227293,0.3195400146643321,2.451192798614502,2.451192798614502,0.0,1.0,1.0,270.0,201.0,1.0,1.3338093757629395,4.615778923034668,6.174473762512207,10.303565979003906,82.0
dynamic,2,1,28,2.775981820424398,2.429447135925293,0.3465346976121267,2.4005700174967446,2.4005700174967446,0.0,1.0,1.0,280.0,201.0,1.0,1.3338093757629395,4.615778923034668,6.174473762512207,10.303565979003906,82.0
dynamic,2,1,29,2.7329128710428874,2.3792766030629475,0.35363627473513287,2.350340929031372,2.350340929031372,0.0,1.0,1.0,290.0,201.0,1.0,1.3338093757629395,4.615778923034668,6.174473762512207,10.303565979003906,82.0
dynamic,2,1,30,2.6970870685577393,2.3296225611368815,0.36746453483899433,2.301653019587199,2.301653019587199,0.0,1.0,1.0,300.0,201.0,1.0,1.3338093757629395,4.615778923034668,6.174473762512207,10.303565979003906,82.0
dynamic,2,1,31,2.4482017803192138,2.2039298248291015,0.24427199065685273,2.1595640341440836,2.1595640341440836,0.0,2.0,2.0,310.0,301.0,0.0,2.8604698181152344,7.722013473510742,13.370904922485352,43.249637603759766,115.0
dynamic,2,1,32,2.3211499881744384,2.138341813087463,0.18280818422635398,2.1158025074005127,2.1158025074005127,0.0,2.0,2.0,320.0,301.0,0.0,2.8604698181152344,7.722013473510742,13.370904922485352,43.249637603759766,115.0
dynamic,2,1,33,2.190286808013916,2.08381786664327,0.10646893421808878,2.073949089050293,2.073949089050293,0.0,2.0,2.0,330.0,301.0,0.0,2.8604698181152344,7.722013473510742,13.370904922485352,43.249637603759766,115.0
dynamic,2,1,34,2.105908063252767,2.034675331115723,0.0712327673037847,2.0104463545481366,2.0104463545481366,0.0,2.0,2.0,340.0,301.0,0.0,2.8604698181152344,7.722013473510742,13.370904922485352,43.249637603759766,115.0
dynamic,2,1,35,2.0345283444722493,1.9725745884577432,0.06195372740427653,1.9470248492558797,1.9470248492558797,0.0,2.0,2.0,350.0,301.0,0.0,2.8604698181152344,7.722013473510742,13.370904922485352,43.249637603759766,115.0
dynamic,2,1,36,1.980727367401123,1.9158390553792317,0.06488827248414357,1.908855889638265,1.908855889638265,0.0,2.0,2.0,360.0,301.0,0.0,2.8604698181152344,7.722013473510742,13.370904922485352,43.249637603759766,115.0
dynamic,2,1,37,1.9487635644276937,1.8548200178146361,0.09394355773925782,1.8239397446314494,1.8239397446314494,0.0,2.0,2.0,370.0,301.0,0.0,2.8604698181152344,7.722013473510742,13.370904922485352,43.249637603759766,115.0
dynamic,2,1,38,1.9157274627685548,1.7872533766428629,0.12847407937049865,1.7488929367065429,1.7488929367065429,0.0,2.0,2.0,380.0,301.0,0.0,2.8604698181152344,7.722013473510742,13.370904922485352,43.249637603759766,115.0
dynamic,2,1,39,1.8840149561564128,1.7073241758346558,0.17669079780578614,1.6646770970026652,1.6646770970026652,0.0,2.0,2.0,390.0,301.0,0.0,2.8604698181152344,7.722013473510742,13.370904922485352,43.249637603759766,115.0
dynamic,2,1,40,1.820546760559082,1.642163912455241,0.17838285207748414,1.5997591416041057,1.5997591416041057,0.0,2.0,2.0,400.0,301.0,0.0,2.8604698181152344,7.722013473510742,13.370904922485352,43.249637603759766,115.0
dynamic,2,1,41,1.7161651277542114,1.6055665763219198,0.11059853255748749,1.5473972940444947,1.5473972940444947,0.0,2.0,2.0,410.0,401.0,1.0,1.068453073501587,3.0612244606018066,4.466095447540283,12.160370826721191,69.0
dynamic,2,1,42,1.604114637374878,1.5451385752360025,0.05897605071465174,1.4886015844345093,1.4886015844345093,0.0,2.0,2.0,420.0,401.0,1.0,1.068453073501587,3.0612244606018066,4.466095447540283,12.160370826721191,69.0
dynamic,2,1,43,1.5032657114664714,1.4665591796239217,0.03670654277006785,1.439951426188151,1.439951426188151,0.0,2.0,2.0,430.0,401.0,1.0,1.068453073501587,3.0612244606018066,4.466095447540283,12.160370826721191,69.0
dynamic,2,1,44,1.4498650296529134,1.4186993630727132,0.031165662656227746,1.4097444423039753,1.4097444423039753,0.0,2.0,2.0,440.0,401.0,1.0,1.068453073501587,3.0612244606018066,4.466095447540283,12.160370826721191,69.0
dynamic,2,1,45,1.4311143493652343,1.3990729427337647,0.0320413912832737,1.364765944480896,1.364765944480896,0.0,2.0,2.0,450.0,401.0,1.0,1.068453073501587,3.0612244606018066,4.466095447540283,12.160370826721191,69.0
dynamic,2,1,46,1.3753193744023642,1.3465950759251912,0.02872429966926575,1.3103235292434692,1.3103235292434692,0.0,2.0,2.0,460.0,401.0,1.0,1.068453073501587,3.0612244606018066,4.466095447540283,12.160370826721191,69.0
dynamic,2,1,47,1.3181240844726563,1.2879165983200074,0.030207483023405077,1.2669216791788738,1.2669216791788738,0.0,2.0,2.0,470.0,401.0,1.0,1.068453073501587,3.0612244606018066,4.466095447540283,12.160370826721191,69.0
dynamic,2,1,48,1.2899067942301432,1.2553851588567098,0.03452164731919766,1.2314492321014405,1.2314492321014405,0.0,2.0,2.0,480.0,401.0,1.0,1.068453073501587,3.0612244606018066,4.466095447540283,12.160370826721191,69.0
dynamic,2,1,49,1.2668746169408163,1.2253459246953329,0.04152868991096814,1.202249428431193,1.202249428431193,0.0,2.0,2.0,490.0,401.0,1.0,1.068453073501587,3.0612244606018066,4.466095447540283,12.160370826721191,69.0
dynamic,2,1,50,1.2360725355148316,1.1928409767150878,0.043231553335984545,1.1832415310541788,1.1832415310541788,0.0,2.0,2.0,500.0,401.0,1.0,1.068453073501587,3.0612244606018066,4.466095447540283,12.160370826721191,69.0
dynamic,2,1,51,1.2131284729639689,1.1835740518569946,0.029554427762826282,1.1680605840682983,1.1680605840682983,0.0,3.0,3.0,510.0,501.0,0.0,0.3733852803707123,0.8935978412628174,1.3942135572433472,3.359874725341797,20.0
dynamic,2,1,52,1.172541610399882,1.1452280950546265,0.027313516040643058,1.120012226899465,1.120012226899465,0.0,3.0,3.0,520.0,501.0,0.0,0.3733852803707123,0.8935978412628174,1.3942135572433472,3.359874725341797,20.0
dynamic,2,1,53,1.1381156206130982,1.1134930658340454,0.024622563645243643,1.0934971674283345,1.0934971674283345,0.0,3.0,3.0,530.0,501.0,0.0,0.3733852803707123,0.8935978412628174,1.3942135572433472,3.359874725341797,20.0
dynamic,2,1,54,1.1114595317840577,1.0836545213063558,0.02780500610669454,1.073360804716746,1.073360804716746,0.0,3.0,3.0,540.0,501.0,0.0,0.3733852803707123,0.8935978412628174,1.3942135572433472,3.359874725341797,20.0
dynamic,2,1,55,1.0977961619695027,1.0719015582402547,0.025894609491030375,1.0580575609207152,1.0580575609207152,0.0,3.0,3.0,550.0,501.0,0.0,0.3733852803707123,0.8935978412628174,1.3942135572433472,3.359874725341797,20.0
dynamic,2,1,56,1.0594134124120076,1.0324691565831503,0.026944245398044585,1.0299915726979574,1.0299915726979574,0.0,3.0,3.0,560.0,501.0,0.0,0.3733852803707123,0.8935978412628174,1.3942135572433472,3.359874725341797,20.0
dynamic,2,1,57,1.0419525369008382,1.0132064159711203,0.02874612291653951,0.9940273149808247,0.9940273149808247,0.0,3.0,3.0,570.0,501.0,0.0,0.3733852803707123,0.8935978412628174,1.3942135572433472,3.359874725341797,20.0
dynamic,2,1,58,1.010921405951182,0.9837388412157695,0.02718256225188573,0.9712438861529032,0.9712438861529032,0.0,3.0,3.0,580.0,501.0,0.0,0.3733852803707123,0.8935978412628174,1.3942135572433472,3.359874725341797,20.0
dynamic,2,1,59,0.9874842357635498,0.9619133178393046,0.02557093103726705,0.9478120334943135,0.9478120334943135,0.0,3.0,3.0,590.0,501.0,0.0,0.3733852803707123,0.8935978412628174,1.3942135572433472,3.359874725341797,20.0
dynamic,2,1,60,0.9691442060470581,0.9434505637486775,0.025693647389610608,0.9251471590995789,0.9251471590995789,0.0,3.0,3.0,600.0,501.0,0.0,0.3733852803707123,0.8935978412628174,1.3942135572433472,3.359874725341797,20.0
dynamic,2,1,61,0.9443293960889181,0.9172375583648682,0.027091839959224064,0.9027239910761515,0.9027239910761515,0.0,3.0,3.0,610.0,601.0,0.0,0.19127678871154785,0.3647674322128296,0.7309900522232056,3.739954948425293,10.0
dynamic,2,1,62,0.937961061000824,0.9057057325045268,0.03225532988707225,0.8931154942512513,0.8931154942512513,0.0,3.0,3.0,620.0,601.0,0.0,0.19127678871154785,0.3647674322128296,0.7309900522232056,3.739954948425293,10.0
dynamic,2,1,63,0.908383866151174,0.8756672596931457,0.03271660655736923,0.8728878966967265,0.8728878966967265,0.0,3.0,3.0,630.0,601.0,0.0,0.19127678871154785,0.3647674322128296,0.7309900522232056,3.739954948425293,10.0
dynamic,2,1,64,0.8908067544301351,0.8608322405815124,0.029974511216084163,0.8684076229731242,0.8684076229731242,0.0,3.0,3.0,640.0,601.0,0.0,0.19127678871154785,0.3647674322128296,0.7309900522232056,3.739954948425293,10.0
dynamic,2,1,65,0.8773534695307413,0.8531813327471415,0.024172141949335733,0.8523652116457622,0.8523652116457622,0.0,3.0,3.0,650.0,601.0,0.0,0.19127678871154785,0.3647674322128296,0.7309900522232056,3.739954948425293,10.0
dynamic,2,1,66,0.8805032197634379,0.8590805983543396,0.021422627866268158,0.8351444331804911,0.8351444331804911,0.0,3.0,3.0,660.0,601.0,0.0,0.19127678871154785,0.3647674322128296,0.7309900522232056,3.739954948425293,10.0
dynamic,2,1,67,0.8519720260302226,0.8291212741533915,0.02285075550278028,0.8085257013638815,0.8085257013638815,0.0,3.0,3.0,670.0,601.0,0.0,0.19127678871154785,0.3647674322128296,0.7309900522232056,3.739954948425293,10.0
dynamic,2,1,68,0.8495586093266805,0.8224651233355205,0.02709347938497861,0.8001319138209025,0.8001319138209025,0.0,3.0,3.0,680.0,601.0,0.0,0.19127678871154785,0.3647674322128296,0.7309900522232056,3.739954948425293,10.0
dynamic,2,1,69,0.8430741397539775,0.8162799604733785,0.0267941781381766,0.7930824367205301,0.7930824367205301,0.0,3.0,3.0,690.0,601.0,0.0,0.19127678871154785,0.3647674322128296,0.7309900522232056,3.739954948425293,10.0
dynamic,2,1,70,0.8274201639493306,0.8028091621398926,0.024610989093780518,0.7897244517008464,0.7897244517008464,0.0,3.0,3.0,700.0,601.0,0.0,0.19127678871154785,0.3647674322128296,0.7309900522232056,3.739954948425293,10.0
dynamic,2,1,71,0.8314363169670105,0.8048444374402364,0.02659187600016594,0.7794260430335999,0.7794260430335999,0.0,3.0,3.0,710.0,701.0,0.0,0.20674178004264832,0.4888976812362671,0.9806199073791504,2.4397687911987305,12.0
dynamic,2,1,72,0.8064386725425721,0.7767485801378886,0.029690082023541134,0.7597659448782603,0.7597659448782603,0.0,3.0,3.0,720.0,701.0,0.0,0.20674178004264832,0.4888976812362671,0.9806199073791504,2.4397687911987305,12.0
dynamic,2,1,73,0.8012388594945272,0.7719864352544149,0.029252428313096365,0.7531671158472697,0.7531671158472697,0.0,3.0,3.0,730.0,701.0,0.0,0.20674178004264832,0.4888976812362671,0.9806199073791504,2.4397687911987305,12.0
dynamic,2,1,74,0.7770670445760092,0.750954666932424,0.026112381368875504,0.7488997515042622,0.7488997515042622,0.0,3.0,3.0,740.0,701.0,0.0,0.20674178004264832,0.4888976812362671,0.9806199073791504,2.4397687911987305,12.0
dynamic,2,1,75,0.7786180567741394,0.7488990767796835,0.029718990375598272,0.7361990690231324,0.7361990690231324,0.0,3.0,3.0,750.0,701.0,0.0,0.20674178004264832,0.4888976812362671,0.9806199073791504,2.4397687911987305,12.0
dynamic,2,1,76,0.7834699511528015,0.7553305021921793,0.028139457007249197,0.7290389625231425,0.7290389625231425,0.0,3.0,3.0,760.0,701.0,0.0,0.20674178004264832,0.4888976812362671,0.9806199073791504,2.4397687911987305,12.0
dynamic,2,1,77,0.7712962754567464,0.7429536811510722,0.028342589437961578,0.7232075556119283,0.7232075556119283,0.0,3.0,3.0,770.0,701.0,0.0,0.20674178004264832,0.4888976812362671,0.9806199073791504,2.4397687911987305,12.0
dynamic,2,1,78,0.752055287361145,0.72020183801651,0.03185344042877356,0.7157057253519694,0.7157057253519694,0.0,3.0,3.0,780.0,701.0,0.0,0.20674178004264832,0.4888976812362671,0.9806199073791504,2.4397687911987305,12.0
dynamic,2,1,79,0.7516397102673849,0.7195086693763733,0.032131046205759045,0.7103682510058085,0.7103682510058085,0.0,3.0,3.0,790.0,701.0,0.0,0.20674178004264832,0.4888976812362671,0.9806199073791504,2.4397687911987305,12.0
dynamic,2,1,80,0.7516251142819722,0.7195819075902303,0.032043213471770284,0.7057082573572795,0.7057082573572795,0.0,3.0,3.0,800.0,701.0,0.0,0.20674178004264832,0.4888976812362671,0.9806199073791504,2.4397687911987305,12.0
dynamic,2,1,81,0.7404558523495992,0.7089336768786112,0.03152217298746109,0.7140450024604797,0.7140450024604797,0.0,3.0,3.0,810.0,801.0,1.0,0.262446790933609,0.6284416317939758,1.4046748876571655,3.9929771423339844,17.0
dynamic,2,1,82,0.7433175460497539,0.7080558013916015,0.03526175126433372,0.7099488989512126,0.7099488989512126,0.0,3.0,3.0,820.0,801.0,1.0,0.262446790933609,0.6284416317939758,1.4046748876571655,3.9929771423339844,17.0
dynamic,2,1,83,0.7473627042770385,0.7118775447209676,0.03548514758547147,0.6874373968442281,0.6874373968442281,0.0,3.0,3.0,830.0,801.0,1.0,0.262446790933609,0.6284416317939758,1.4046748876571655,3.9929771423339844,17.0
dynamic,2,1,84,0.726477742989858,0.6911220097541809,0.03535573959350586,0.6890199891726176,0.6890199891726176,0.0,3.0,3.0,840.0,801.0,1.0,0.262446790933609,0.6284416317939758,1.4046748876571655,3.9929771423339844,17.0
dynamic,2,1,85,0.734052278995514,0.6985473561286927,0.035504926294088364,0.6791479881604513,0.6791479881604513,0.0,3.0,3.0,850.0,801.0,1.0,0.262446790933609,0.6284416317939758,1.4046748876571655,3.9929771423339844,17.0
dynamic,2,1,86,0.7228055127461751,0.6872471245129903,0.03555838753779729,0.6815224480628967,0.6815224480628967,0.0,3.0,3.0,860.0,801.0,1.0,0.262446790933609,0.6284416317939758,1.4046748876571655,3.9929771423339844,17.0
dynamic,2,1,87,0.7199869108200073,0.6811082156499227,0.03887868424256643,0.6813304428259531,0.6813304428259531,0.0,3.0,3.0,870.0,801.0,1.0,0.262446790933609,0.6284416317939758,1.4046748876571655,3.9929771423339844,17.0
dynamic,2,1,88,0.716322790781657,0.6768610922495524,0.039461699773867924,0.6683447766304016,0.6683447766304016,0.0,3.0,3.0,880.0,801.0,1.0,0.262446790933609,0.6284416317939758,1.4046748876571655,3.9929771423339844,17.0
dynamic,2,1,89,0.7253365230560302,0.6858794450759887,0.03945708394050598,0.6725660049915314,0.6725660049915314,0.0,3.0,3.0,890.0,801.0,1.0,0.262446790933609,0.6284416317939758,1.4046748876571655,3.9929771423339844,17.0
dynamic,2,1,90,0.7181122708320617,0.6775726286570231,0.040539645006259284,0.6616754114627839,0.6616754114627839,0.0,3.0,3.0,900.0,801.0,1.0,0.262446790933609,0.6284416317939758,1.4046748876571655,3.9929771423339844,17.0
dynamic,2,1,91,0.7126141722997029,0.6808520007133484,0.03176216304302216,0.6462890883286794,0.6462890883286794,0.0,4.0,4.0,910.0,901.0,0.0,0.3236132860183716,0.801171064376831,1.1137278079986572,2.5634613037109375,18.0
dynamic,2,1,92,0.6940231323242188,0.6582655056317648,0.0357576318581899,0.6331811567147573,0.6331811567147573,0.0,4.0,4.0,920.0,901.0,0.0,0.3236132860183716,0.801171064376831,1.1137278079986572,2.5634613037109375,18.0
dynamic,2,1,93,0.6863153600692748,0.6577167065938314,0.02859866661330064,0.634423342148463,0.634423342148463,0.0,4.0,4.0,930.0,901.0,0.0,0.3236132860183716,0.801171064376831,1.1137278079986572,2.5634613037109375,18.0
dynamic,2,1,94,0.686798612276713,0.6599650812149048,0.02683353453874588,0.6253639642397563,0.6253639642397563,0.0,4.0,4.0,940.0,901.0,0.0,0.3236132860183716,0.801171064376831,1.1137278079986572,2.5634613037109375,18.0
dynamic,2,1,95,0.6635713116327921,0.6382134858767191,0.02535782160858313,0.660603851477305,0.660603851477305,0.0,4.0,4.0,950.0,901.0,0.0,0.3236132860183716,0.801171064376831,1.1137278079986572,2.5634613037109375,18.0
dynamic,2,1,96,0.6841187556584676,0.6575562302271525,0.026562513162692387,0.6193647861480713,0.6193647861480713,0.0,4.0,4.0,960.0,901.0,0.0,0.3236132860183716,0.801171064376831,1.1137278079986572,2.5634613037109375,18.0
dynamic,2,1,97,0.6649939823150635,0.6396031928062439,0.025390797704458238,0.6076162683963776,0.6076162683963776,0.0,4.0,4.0,970.0,901.0,0.0,0.3236132860183716,0.801171064376831,1.1137278079986572,2.5634613037109375,18.0
dynamic,2,1,98,0.6522836089134216,0.6272451098759969,0.02503850112358729,0.6067273759841919,0.6067273759841919,0.0,4.0,4.0,980.0,901.0,0.0,0.3236132860183716,0.801171064376831,1.1137278079986572,2.5634613037109375,18.0
dynamic,2,1,99,0.6513202587763468,0.6266010292371114,0.024719220995903016,0.5950923911730448,0.5950923911730448,0.0,4.0,4.0,990.0,901.0,0.0,0.3236132860183716,0.801171064376831,1.1137278079986572,2.5634613037109375,18.0
dynamic,2,1,100,0.6511954991022746,0.6275782696406047,0.02361722712715467,0.5867292622725169,0.5867292622725169,0.0,4.0,4.0,1000.0,901.0,0.0,0.3236132860183716,0.801171064376831,1.1137278079986572,2.5634613037109375,18.0
dynamic,2,1,101,0.6519655664761861,0.6287990609804789,0.02316650261481603,0.5883644294738769,0.5883644294738769,0.0,4.0,4.0,1010.0,901.0,0.0,0.3236132860183716,0.801171064376831,1.1137278079986572,2.5634613037109375,18.0
dynamic,2,1,102,0.6152194484074911,0.5905712548891703,0.024648193915685016,0.5853454728921255,0.5853454728921255,0.0,4.0,4.0,1020.0,901.0,0.0,0.3236132860183716,0.801171064376831,1.1137278079986572,2.5634613037109375,18.0
dynamic,2,1,103,0.6226520824432373,0.6000850629806519,0.022567023659745854,0.5822881791989009,0.5822881791989009,0.0,4.0,4.0,1030.0,901.0,0.0,0.3236132860183716,0.801171064376831,1.1137278079986572,2.5634613037109375,18.0
dynamic,2,1,104,0.6255225602785747,0.6018417620658875,0.0236807897935311,0.5831908041238785,0.5831908041238785,0.0,4.0,4.0,1040.0,901.0,0.0,0.3236132860183716,0.801171064376831,1.1137278079986572,2.5634613037109375,18.0
dynamic,2,1,105,0.6068487926324209,0.582502864599228,0.02434591978788376,0.5713411535819372,0.5713411535819372,0.0,4.0,4.0,1050.0,901.0,0.0,0.3236132860183716,0.801171064376831,1.1137278079986572,2.5634613037109375,18.0
dynamic,2,1,106,0.6003947488466899,0.5781312545140584,0.022263492991526922,0.5741546209653219,0.5741546209653219,0.0,4.0,4.0,1060.0,901.0,0.0,0.3236132860183716,0.801171064376831,1.1137278079986572,2.5634613037109375,18.0
dynamic,2,1,107,0.5937727212905883,0.5699316040674846,0.023841119110584258,0.5617011642456055,0.5617011642456055,0.0,4.0,4.0,1070.0,901.0,0.0,0.3236132860183716,0.801171064376831,1.1137278079986572,2.5634613037109375,18.0
dynamic,2,1,108,0.5996924241383871,0.5760994342962901,0.02359299066166083,0.5572744832436244,0.5572744832436244,0.0,4.0,4.0,1080.0,901.0,0.0,0.3236132860183716,0.801171064376831,1.1137278079986572,2.5634613037109375,18.0
dynamic,2,1,109,0.6028432011604309,0.5786129562060038,0.024230236237247786,0.5707075142860413,0.5707075142860413,0.0,4.0,4.0,1090.0,901.0,0.0,0.3236132860183716,0.801171064376831,1.1137278079986572,2.5634613037109375,18.0
dynamic,2,1,110,0.579974619547526,0.557660216887792,0.022314406658212344,0.5490578484535217,0.5490578484535217,0.0,4.0,4.0,1100.0,901.0,0.0,0.3236132860183716,0.801171064376831,1.1137278079986572,2.5634613037109375,18.0
dynamic,2,1,111,0.593635360399882,0.5708799306551615,0.02275544062256813,0.55937388976415,0.55937388976415,0.0,4.0,4.0,1110.0,901.0,0.0,0.3236132860183716,0.801171064376831,1.1137278079986572,2.5634613037109375,18.0
dynamic,2,1,112,0.584240223566691,0.5590538191795349,0.02518640284736951,0.5374034788211187,0.5374034788211187,0.0,4.0,4.0,1120.0,901.0,0.0,0.3236132860183716,0.801171064376831,1.1137278079986572,2.5634613037109375,18.0
dynamic,2,1,113,0.564851237932841,0.5424092324574789,0.022442000408967336,0.5388924525181452,0.5388924525181452,0.0,4.0,4.0,1130.0,901.0,0.0,0.3236132860183716,0.801171064376831,1.1137278079986572,2.5634613037109375,18.0
dynamic,2,1,114,0.5815549230575562,0.5596494857470194,0.02190543790658315,0.5375787272055944,0.5375787272055944,0.0,4.0,4.0,1140.0,901.0,0.0,0.3236132860183716,0.801171064376831,1.1137278079986572,2.5634613037109375,18.0
dynamic,2,1,115,0.5718030166625977,0.5483013733228048,0.023501655360062917,0.5354290729761124,0.5354290729761124,0.0,4.0,4.0,1150.0,901.0,0.0,0.3236132860183716,0.801171064376831,1.1137278079986572,2.5634613037109375,18.0
dynamic,2,1,116,0.5636699287096659,0.5392756382624309,0.02439428895711899,0.5263451137145361,0.5263451137145361,0.0,4.0,4.0,1160.0,901.0,0.0,0.3236132860183716,0.801171064376831,1.1137278079986572,2.5634613037109375,18.0
dynamic,2,1,117,0.5784473538398742,0.5556529104709625,0.022794437830646833,0.5273304841915767,0.5273304841915767,0.0,4.0,4.0,1170.0,901.0,0.0,0.3236132860183716,0.801171064376831,1.1137278079986572,2.5634613037109375,18.0
dynamic,2,1,118,0.5728635934988657,0.5499363895257314,0.022927207176884016,0.527734219233195,0.527734219233195,0.0,4.0,4.0,1180.0,901.0,0.0,0.3236132860183716,0.801171064376831,1.1137278079986572,2.5634613037109375,18.0
dynamic,2,1,119,0.5509666975339254,0.527865956624349,0.02310074254870415,0.5265935571988424,0.5265935571988424,0.0,4.0,4.0,1190.0,901.0,0.0,0.3236132860183716,0.801171064376831,1.1137278079986572,2.5634613037109375,18.0
dynamic,2,1,120,0.5566712856292725,0.534470776716868,0.022200504541397093,0.5324681760867437,0.5324681760867437,0.0,4.0,4.0,1200.0,901.0,0.0,0.3236132860183716,0.801171064376831,1.1137278079986572,2.5634613037109375,18.0
dynamic,2,1,121,0.5522925078868866,0.5295590992768605,0.022733412037293118,0.5254231268167495,0.5254231268167495,0.0,4.0,4.0,1210.0,901.0,0.0,0.3236132860183716,0.801171064376831,1.1137278079986572,2.5634613037109375,18.0
dynamic,2,1,122,0.5505620908737182,0.527445158958435,0.02311693325638771,0.5169872949520747,0.5169872949520747,0.0,4.0,4.0,1220.0,901.0,0.0,0.3236132860183716,0.801171064376831,1.1137278079986572,2.5634613037109375,18.0
dynamic,2,1,123,0.5473051810264588,0.5228401148319244,0.02446507439017296,0.5180584255854289,0.5180584255854289,0.0,4.0,4.0,1230.0,901.0,0.0,0.3236132860183716,0.801171064376831,1.1137278079986572,2.5634613037109375,18.0
dynamic,2,1,124,0.5497573296229045,0.5242887194951376,0.02546861325701078,0.5179263065258662,0.5179263065258662,0.0,4.0,4.0,1240.0,901.0,0.0,0.3236132860183716,0.801171064376831,1.1137278079986572,2.5634613037109375,18.0
dynamic,2,1,125,0.542187598546346,0.5175906348228455,0.0245969661573569,0.5119553154706955,0.5119553154706955,0.0,4.0,4.0,1250.0,901.0,0.0,0.3236132860183716,0.801171064376831,1.1137278079986572,2.5634613037109375,18.0
dynamic,2,1,126,0.5350622268517812,0.5117277081807454,0.02333451693256696,0.5114680033922195,0.5114680033922195,0.0,4.0,4.0,1260.0,901.0,0.0,0.3236132860183716,0.801171064376831,1.1137278079986572,2.5634613037109375,18.0
dynamic,2,1,127,0.5312100752194723,0.5088521639506022,0.022357909232378004,0.5057753545045852,0.5057753545045852,0.0,4.0,4.0,1270.0,901.0,0.0,0.3236132860183716,0.801171064376831,1.1137278079986572,2.5634613037109375,18.0
dynamic,2,1,128,0.5408308021227519,0.5166120425860087,0.024218746821085612,0.5015866357088089,0.5015866357088089,0.0,4.0,4.0,1280.0,901.0,0.0,0.3236132860183716,0.801171064376831,1.1137278079986572,2.5634613037109375,18.0
dynamic,2,1,129,0.5397186191876729,0.5154775905609131,0.024241023163000742,0.49817344566186267,0.49817344566186267,0.0,4.0,4.0,1290.0,901.0,0.0,0.3236132860183716,0.801171064376831,1.1137278079986572,2.5634613037109375,18.0
dynamic,2,1,130,0.5342546161015829,0.5099643381436666,0.024290295069416365,0.4945454382896423,0.4945454382896423,0.0,4.0,4.0,1300.0,901.0,0.0,0.3236132860183716,0.801171064376831,1.1137278079986572,2.5634613037109375,18.0
dynamic,2,1,131,0.5339134013652802,0.5083236022790273,0.02558979295194149,0.4940135743220647,0.4940135743220647,0.0,4.0,4.0,1310.0,901.0,0.0,0.3236132860183716,0.801171064376831,1.1137278079986572,2.5634613037109375,18.0
dynamic,2,1,132,0.5322288266817728,0.5068765449523925,0.02535228004058202,0.4918426561355591,0.4918426561355591,0.0,4.0,4.0,1320.0,901.0,0.0,0.3236132860183716,0.801171064376831,1.1137278079986572,2.5634613037109375,18.0
dynamic,2,1,133,0.5314514271418254,0.5048679121335348,0.02658351679642995,0.49077596644560495,0.49077596644560495,0.0,4.0,4.0,1330.0,901.0,0.0,0.3236132860183716,0.801171064376831,1.1137278079986572,2.5634613037109375,18.0
dynamic,2,1,134,0.519957922299703,0.49326849619547525,0.026689428885777793,0.4888748089472453,0.4888748089472453,0.0,4.0,4.0,1340.0,901.0,0.0,0.3236132860183716,0.801171064376831,1.1137278079986572,2.5634613037109375,18.0
dynamic,2,1,135,0.5426050408681233,0.5174011079470316,0.025203940073649088,0.4852020436525345,0.4852020436525345,0.0,4.0,4.0,1350.0,901.0,0.0,0.3236132860183716,0.801171064376831,1.1137278079986572,2.5634613037109375,18.0
dynamic,2,1,136,0.5276883387565613,0.5011743386586507,0.02651399905482928,0.48481424848238625,0.48481424848238625,0.0,4.0,4.0,1360.0,901.0,0.0,0.3236132860183716,0.801171064376831,1.1137278079986572,2.5634613037109375,18.0
dynamic,2,1,137,0.5295386703809103,0.5039423362414042,0.025596337318420412,0.4802268775304159,0.4802268775304159,0.0,4.0,4.0,1370.0,901.0,0.0,0.3236132860183716,0.801171064376831,1.1137278079986572,2.5634613037109375,18.0
dynamic,2,1,138,0.5233549777666727,0.496496829589208,0.026858155479033786,0.48022394359111786,0.48022394359111786,0.0,4.0,4.0,1380.0,901.0,0.0,0.3236132860183716,0.801171064376831,1.1137278079986572,2.5634613037109375,18.0
dynamic,2,1,139,0.5167636060714722,0.4884825670719147,0.028281043693423272,0.4807368310292562,0.4807368310292562,0.0,4.0,4.0,1390.0,901.0,0.0,0.3236132860183716,0.801171064376831,1.1137278079986572,2.5634613037109375,18.0
dynamic,2,1,140,0.5167258564631144,0.4869981841246287,0.029727671841780344,0.47229645907878876,0.47229645907878876,0.0,4.0,4.0,1400.0,901.0,0.0,0.3236132860183716,0.801171064376831,1.1137278079986572,2.5634613037109375,18.0
dynamic,2,1,141,0.5092238815625508,0.47980642278989155,0.02941745698451996,0.47871281127134957,0.47871281127134957,0.0,4.0,4.0,1410.0,901.0,0.0,0.3236132860183716,0.801171064376831,1.1137278079986572,2.5634613037109375,18.0
dynamic,2,1,142,0.5179393728574117,0.48700543244679767,0.030933947364489237,0.4723142360647519,0.4723142360647519,0.0,4.0,4.0,1420.0,901.0,0.0,0.3236132860183716,0.801171064376831,1.1137278079986572,2.5634613037109375,18.0
dynamic,2,1,143,0.5070275990168254,0.47827636361122133,0.028751233071088792,0.47250019083420436,0.47250019083420436,0.0,4.0,4.0,1430.0,901.0,0.0,0.3236132860183716,0.801171064376831,1.1137278079986572,2.5634613037109375,18.0
dynamic,2,1,144,0.509260606765747,0.4814502247174581,0.027810382892688116,0.46551813622315724,0.46551813622315724,0.0,4.0,4.0,1440.0,901.0,0.0,0.3236132860183716,0.801171064376831,1.1137278079986572,2.5634613037109375,18.0
dynamic,2,1,145,0.5129452379544576,0.48419543425242106,0.028749809389313062,0.4595143299301465,0.4595143299301465,0.0,4.0,4.0,1450.0,901.0,0.0,0.3236132860183716,0.801171064376831,1.1137278079986572,2.5634613037109375,18.0
dynamic,2,1,146,0.5005604283014933,0.4728463037808736,0.027714124172925948,0.4691228104631106,0.4691228104631106,0.0,4.0,4.0,1460.0,901.0,0.0,0.3236132860183716,0.801171064376831,1.1137278079986572,2.5634613037109375,18.0
dynamic,2,1,147,0.5004815240701039,0.47186559398969014,0.028615920494000118,0.4602797821164131,0.4602797821164131,0.0,4.0,4.0,1470.0,901.0,0.0,0.3236132860183716,0.801171064376831,1.1137278079986572,2.5634613037109375,18.0
dynamic,2,1,148,0.497758731842041,0.46842005729675296,0.029338673800230027,0.4602495703101158,0.4602495703101158,0.0,4.0,4.0,1480.0,901.0,0.0,0.3236132860183716,0.801171064376831,1.1137278079986572,2.5634613037109375,18.0
dynamic,2,1,149,0.509378875096639,0.4786577037970225,0.0307211701075236,0.45796838581562044,0.45796838581562044,0.0,4.0,4.0,1490.0,901.0,0.0,0.3236132860183716,0.801171064376831,1.1137278079986572,2.5634613037109375,18.0
dynamic,2,1,150,0.4989926036198934,0.46786800980567933,0.031124597415328026,0.45214925438165665,0.45214925438165665,0.0,4.0,4.0,1500.0,901.0,0.0,0.3236132860183716,0.801171064376831,1.1137278079986572,2.5634613037109375,18.0
dynamic,2,1,151,0.48927302678426104,0.4591299013296763,0.030143117556969325,0.4530984730521838,0.4530984730521838,0.0,4.0,4.0,1510.0,901.0,0.0,0.3236132860183716,0.801171064376831,1.1137278079986572,2.5634613037109375,18.0
dynamic,2,1,152,0.4912988392512004,0.4599576226870219,0.0313412136832873,0.45298533827066423,0.45298533827066423,0.0,4.0,4.0,1520.0,901.0,0.0,0.3236132860183716,0.801171064376831,1.1137278079986572,2.5634613037109375,18.0
dynamic,2,1,153,0.4909151490529378,0.4608334759871165,0.03008166715502739,0.45290942629178366,0.45290942629178366,0.0,4.0,4.0,1530.0,901.0,0.0,0.3236132860183716,0.801171064376831,1.1137278079986572,2.5634613037109375,18.0
dynamic,2,1,154,0.4885606781641642,0.45971096833546954,0.028849709232648214,0.4455118152499199,0.4455118152499199,0.0,4.0,4.0,1540.0,901.0,0.0,0.3236132860183716,0.801171064376831,1.1137278079986572,2.5634613037109375,18.0
dynamic,2,1,155,0.49121482054392496,0.46238181670506795,0.028832996090253193,0.44024127840995786,0.44024127840995786,0.0,4.0,4.0,1550.0,901.0,0.0,0.3236132860183716,0.801171064376831,1.1137278079986572,2.5634613037109375,18.0
dynamic,2,1,156,0.49113221883773805,0.45947571674982707,0.03165650347868602,0.4473862601319949,0.4473862601319949,0.0,4.0,4.0,1560.0,901.0,0.0,0.3236132860183716,0.801171064376831,1.1137278079986572,2.5634613037109375,18.0
dynamic,2,1,157,0.4879589255650838,0.45696744004885353,0.03099148695667585,0.433523344596227,0.433523344596227,0.0,4.0,4.0,1570.0,901.0,0.0,0.3236132860183716,0.801171064376831,1.1137278079986572,2.5634613037109375,18.0
dynamic,2,1,158,0.47929400761922203,0.44708665092786154,0.03220735470453898,0.435866196056207,0.435866196056207,0.0,4.0,4.0,1580.0,901.0,0.0,0.3236132860183716,0.801171064376831,1.1137278079986572,2.5634613037109375,18.0
dynamic,2,1,159,0.491364909807841,0.4585213589668274,0.032843563159306845,0.4308444029092789,0.4308444029092789,0.0,4.0,4.0,1590.0,901.0,0.0,0.3236132860183716,0.801171064376831,1.1137278079986572,2.5634613037109375,18.0
dynamic,2,1,160,0.478294514020284,0.4457444202899933,0.032550092587868375,0.43438484023014706,0.43438484023014706,0.0,4.0,4.0,1600.0,901.0,0.0,0.3236132860183716,0.801171064376831,1.1137278079986572,2.5634613037109375,18.0
dynamic,2,1,161,0.4628565470377604,0.4320080041885376,0.030848541955153148,0.4293816017111142,0.4293816017111142,0.0,4.0,4.0,1610.0,901.0,0.0,0.3236132860183716,0.801171064376831,1.1137278079986572,2.5634613037109375,18.0
dynamic,2,1,162,0.46831018884976705,0.4352112917105357,0.03309890031814575,0.4304956782857577,0.4304956782857577,0.0,4.0,4.0,1620.0,901.0,0.0,0.3236132860183716,0.801171064376831,1.1137278079986572,2.5634613037109375,18.0
dynamic,2,1,163,0.4703580594062805,0.43703274528185526,0.03332531665762266,0.42261277814706166,0.42261277814706166,0.0,4.0,4.0,1630.0,901.0,0.0,0.3236132860183716,0.801171064376831,1.1137278079986572,2.5634613037109375,18.0
dynamic,2,1,164,0.4637543217341105,0.4307971103986104,0.03295721113681793,0.42327626874049507,0.42327626874049507,0.0,4.0,4.0,1640.0,901.0,0.0,0.3236132860183716,0.801171064376831,1.1137278079986572,2.5634613037109375,18.0
dynamic,2,1,165,0.46813764651616413,0.43370912194252015,0.03442852606376012,0.4180105895797412,0.4180105895797412,0.0,4.0,4.0,1650.0,901.0,0.0,0.3236132860183716,0.801171064376831,1.1137278079986572,2.5634613037109375,18.0
dynamic,2,1,166,0.4882823264598846,0.45071760535240174,0.03756471996506055,0.4183989980816841,0.4183989980816841,0.0,4.0,4.0,1660.0,901.0,0.0,0.3236132860183716,0.801171064376831,1.1137278079986572,2.5634613037109375,18.0
dynamic,2,1,167,0.4717082277933757,0.4365010571479797,0.03520716850956281,0.41724413881699246,0.41724413881699246,0.0,4.0,4.0,1670.0,901.0,0.0,0.3236132860183716,0.801171064376831,1.1137278079986572,2.5634613037109375,18.0
dynamic,2,1,168,0.47499497572580973,0.43872073411941526,0.03627424240112305,0.40449898958206176,0.40449898958206176,0.0,4.0,4.0,1680.0,901.0,0.0,0.3236132860183716,0.801171064376831,1.1137278079986572,2.5634613037109375,18.0
dynamic,2,1,169,0.45271892070770264,0.4185212484995524,0.034197674791018165,0.4304067653417587,0.4304067653417587,0.0,4.0,4.0,1690.0,901.0,0.0,0.3236132860183716,0.801171064376831,1.1137278079986572,2.5634613037109375,18.0
dynamic,2,1,170,0.46236870765686033,0.426744517882665,0.035624185055494306,0.40202068636814753,0.40202068636814753,0.0,4.0,4.0,1700.0,901.0,0.0,0.3236132860183716,0.801171064376831,1.1137278079986572,2.5634613037109375,18.0
dynamic,2,1,171,0.45439004302024844,0.419060093164444,0.03532994786898295,0.4015728255112966,0.4015728255112966,0.0,4.0,4.0,1710.0,901.0,0.0,0.3236132860183716,0.801171064376831,1.1137278079986572,2.5634613037109375,18.0
dynamic,2,1,172,0.458567803700765,0.42296291987101237,0.03560488075017929,0.40215342392524084,0.40215342392524084,0.0,4.0,4.0,1720.0,901.0,0.0,0.3236132860183716,0.801171064376831,1.1137278079986572,2.5634613037109375,18.0
dynamic,2,1,173,0.4573162190119425,0.4219834852218628,0.03533273726701736,0.41194622953732807,0.41194622953732807,0.0,4.0,4.0,1730.0,901.0,0.0,0.3236132860183716,0.801171064376831,1.1137278079986572,2.5634613037109375,18.0
dynamic,2,1,174,0.4534696896870931,0.41867483377456666,0.034794852038224536,0.39913301487763725,0.39913301487763725,0.0,4.0,4.0,1740.0,901.0,0.0,0.3236132860183716,0.801171064376831,1.1137278079986572,2.5634613037109375,18.0
dynamic,2,1,175,0.4391743842760722,0.40447036067644754,0.03470402161280314,0.3972279864549637,0.3972279864549637,0.0,4.0,4.0,1750.0,901.0,0.0,0.3236132860183716,0.801171064376831,1.1137278079986572,2.5634613037109375,18.0
dynamic,2,1,176,0.4514618770281474,0.41775486906369524,0.03370700140794118,0.40557669391234713,0.40557669391234713,0.0,4.0,4.0,1760.0,901.0,0.0,0.3236132860183716,0.801171064376831,1.1137278079986572,2.5634613037109375,18.0
dynamic,2,1,177,0.43812583446502684,0.40604743242263797,0.03207840661207835,0.40151080598433814,0.40151080598433814,0.0,4.0,4.0,1770.0,901.0,0.0,0.3236132860183716,0.801171064376831,1.1137278079986572,2.5634613037109375,18.0
dynamic,2,1,178,0.4446300649642944,0.4107694943745931,0.03386057163278262,0.40316920657952626,0.40316920657952626,0.0,4.0,4.0,1780.0,901.0,0.0,0.3236132860183716,0.801171064376831,1.1137278079986572,2.5634613037109375,18.0
dynamic,2,1,179,0.44007697304089866,0.4069452218214671,0.033131755391756695,0.4001952770352364,0.4001952770352364,0.0,4.0,4.0,1790.0,901.0,0.0,0.3236132860183716,0.801171064376831,1.1137278079986572,2.5634613037109375,18.0
dynamic,2,1,180,0.4531493139266968,0.41711547136306765,0.036033838838338855,0.38741884102423985,0.38741884102423985,0.0,4.0,4.0,1800.0,901.0,0.0,0.3236132860183716,0.801171064376831,1.1137278079986572,2.5634613037109375,18.0
dynamic,2,1,181,0.43232754230499265,0.3990982123215993,0.033229331622521084,0.3886052792270978,0.3886052792270978,0.0,4.0,4.0,1810.0,901.0,0.0,0.3236132860183716,0.801171064376831,1.1137278079986572,2.5634613037109375,18.0
dynamic,2,1,182,0.4332827476660411,0.4000014746189117,0.033281277120113376,0.40021499067544936,0.40021499067544936,0.0,4.0,4.0,1820.0,901.0,0.0,0.3236132860183716,0.801171064376831,1.1137278079986572,2.5634613037109375,18.0
dynamic,2,1,183,0.4393500280380249,0.40562379320462544,0.033726236820220946,0.3861518398920695,0.3861518398920695,0.0,4.0,4.0,1830.0,901.0,0.0,0.3236132860183716,0.801171064376831,1.1137278079986572,2.5634613037109375,18.0
dynamic,2,1,184,0.4230809390544891,0.3916387474536896,0.03144218886892001,0.38692600081364315,0.38692600081364315,0.0,4.0,4.0,1840.0,901.0,0.0,0.3236132860183716,0.801171064376831,1.1137278079986572,2.5634613037109375,18.0
dynamic,2,1,185,0.43201151172320046,0.39888341347376505,0.03312809601426125,0.38058831324179965,0.38058831324179965,0.0,4.0,4.0,1850.0,901.0,0.0,0.3236132860183716,0.801171064376831,1.1137278079986572,2.5634613037109375,18.0
dynamic,2,1,186,0.43349318742752074,0.4003461988766988,0.033146991382042565,0.3777721536159515,0.3777721536159515,0.0,4.0,4.0,1860.0,901.0,0.0,0.3236132860183716,0.801171064376831,1.1137278079986572,2.5634613037109375,18.0
dynamic,2,1,187,0.4175659143924713,0.38461563309033714,0.03295028209686279,0.38810301691293714,0.38810301691293714,0.0,4.0,4.0,1870.0,901.0,0.0,0.3236132860183716,0.801171064376831,1.1137278079986572,2.5634613037109375,18.0
dynamic,2,1,188,0.42219035267829896,0.3882761025428772,0.03391425222158432,0.37290416737397514,0.37290416737397514,0.0,4.0,4.0,1880.0,901.0,0.0,0.3236132860183716,0.801171064376831,1.1137278079986572,2.5634613037109375,18.0
dynamic,2,1,189,0.416508530775706,0.3832819072405497,0.03322662770748139,0.3738781933983167,0.3738781933983167,0.0,4.0,4.0,1890.0,901.0,0.0,0.3236132860183716,0.801171064376831,1.1137278079986572,2.5634613037109375,18.0
dynamic,2,1,190,0.41335361361503603,0.38003092288970947,0.03332268926004569,0.373078144689401,0.373078144689401,0.0,4.0,4.0,1900.0,901.0,0.0,0.3236132860183716,0.801171064376831,1.1137278079986572,2.5634613037109375,18.0
dynamic,2,1,191,0.4159218943119049,0.38217770218849184,0.033744198381900785,0.3671818940838178,0.3671818940838178,0.0,4.0,4.0,1910.0,901.0,0.0,0.3236132860183716,0.801171064376831,1.1137278079986572,2.5634613037109375,18.0
dynamic,2,1,192,0.4113879672686259,0.37913930813471475,0.03224866062402725,0.3696339237689972,0.3696339237689972,0.0,4.0,4.0,1920.0,901.0,0.0,0.3236132860183716,0.801171064376831,1.1137278079986572,2.5634613037109375,18.0
dynamic,2,1,193,0.4110343647003174,0.3759678836663564,0.0350664813319842,0.3738191662232081,0.3738191662232081,0.0,4.0,4.0,1930.0,901.0,0.0,0.3236132860183716,0.801171064376831,1.1137278079986572,2.5634613037109375,18.0
dynamic,2,1,194,0.4117533616224925,0.37653637846310933,0.03521697799364726,0.3579979642232259,0.3579979642232259,0.0,4.0,4.0,1940.0,901.0,0.0,0.3236132860183716,0.801171064376831,1.1137278079986572,2.5634613037109375,18.0
dynamic,2,1,195,0.4101588273048401,0.3759150024255117,0.03424382259448369,0.3630229246616363,0.3630229246616363,0.0,4.0,4.0,1950.0,901.0,0.0,0.3236132860183716,0.801171064376831,1.1137278079986572,2.5634613037109375,18.0
dynamic,2,1,196,0.4090150626500448,0.37376373648643496,0.035251325219869616,0.362445270717144,0.362445270717144,0.0,4.0,4.0,1960.0,901.0,0.0,0.3236132860183716,0.801171064376831,1.1137278079986572,2.5634613037109375,18.0
dynamic,2,1,197,0.4053773840268453,0.3723171095053355,0.03306027452150981,0.35783792078495025,0.35783792078495025,0.0,4.0,4.0,1970.0,901.0,0.0,0.3236132860183716,0.801171064376831,1.1137278079986572,2.5634613037109375,18.0
dynamic,2,1,198,0.40790282408396406,0.3746711115042369,0.03323171223203341,0.3499597041805585,0.3499597041805585,0.0,4.0,4.0,1980.0,901.0,0.0,0.3236132860183716,0.801171064376831,1.1137278079986572,2.5634613037109375,18.0
dynamic,2,1,199,0.41815440098444623,0.38357213338216145,0.03458226641019185,0.3656586433450381,0.3656586433450381,0.0,4.0,4.0,1990.0,901.0,0.0,0.3236132860183716,0.801171064376831,1.1137278079986572,2.5634613037109375,18.0
dynamic,2,1,200,0.41342120885849,0.37698232809702553,0.03643888339400291,0.3461290710171064,0.3461290710171064,0.0,4.0,4.0,2000.0,901.0,0.0,0.3236132860183716,0.801171064376831,1.1137278079986572,2.5634613037109375,18.0
dynamic,2,1,201,0.3954504958788554,0.3612006938457489,0.03424980233112971,0.3558863365650177,0.3558863365650177,0.0,4.0,4.0,2010.0,901.0,0.0,0.3236132860183716,0.801171064376831,1.1137278079986572,2.5634613037109375,18.0
dynamic,2,1,202,0.39946906646092734,0.36387067635854087,0.03559838871161143,0.3423308602968852,0.3423308602968852,0.0,4.0,4.0,2020.0,901.0,0.0,0.3236132860183716,0.801171064376831,1.1137278079986572,2.5634613037109375,18.0
dynamic,2,1,203,0.38250164270401,0.34770238200823467,0.03479925980170568,0.34613132908940314,0.34613132908940314,0.0,4.0,4.0,2030.0,901.0,0.0,0.3236132860183716,0.801171064376831,1.1137278079986572,2.5634613037109375,18.0
dynamic,2,1,204,0.3927483550707499,0.35529720266660053,0.03745114823182424,0.33892591347297035,0.33892591347297035,0.0,4.0,4.0,2040.0,901.0,0.0,0.3236132860183716,0.801171064376831,1.1137278079986572,2.5634613037109375,18.0
dynamic,2,1,205,0.3891789257526398,0.3544550931453705,0.03472383548816045,0.33556698749462766,0.33556698749462766,0.0,4.0,4.0,2050.0,901.0,0.0,0.3236132860183716,0.801171064376831,1.1137278079986572,2.5634613037109375,18.0
dynamic,2,1,206,0.3888960516452789,0.3523587346076965,0.03653731813033422,0.346421723117431,0.346421723117431,0.0,4.0,4.0,2060.0,901.0,0.0,0.3236132860183716,0.801171064376831,1.1137278079986572,2.5634613037109375,18.0
dynamic,2,1,207,0.37959399580955505,0.34348326206207275,0.03611073498924573,0.33123316874106723,0.33123316874106723,0.0,4.0,4.0,2070.0,901.0,0.0,0.3236132860183716,0.801171064376831,1.1137278079986572,2.5634613037109375,18.0
dynamic,2,1,208,0.39250630299250283,0.35483676711718243,0.03766953120628993,0.34450361867745716,0.34450361867745716,0.0,4.0,4.0,2080.0,901.0,0.0,0.3236132860183716,0.801171064376831,1.1137278079986572,2.5634613037109375,18.0
dynamic,2,1,209,0.3800132707754771,0.3437743977705638,0.036238878468672436,0.3353387315074603,0.3353387315074603,0.0,4.0,4.0,2090.0,901.0,0.0,0.3236132860183716,0.801171064376831,1.1137278079986572,2.5634613037109375,18.0
dynamic,2,1,210,0.3945849661032359,0.3566345218817393,0.03795044178764025,0.326628595640262,0.326628595640262,0.0,4.0,4.0,2100.0,901.0,0.0,0.3236132860183716,0.801171064376831,1.1137278079986572,2.5634613037109375,18.0
dynamic,2,1,211,0.3760000185171763,0.34086670796076457,0.03513330827156703,0.3333745593329271,0.3333745593329271,0.0,4.0,4.0,2110.0,901.0,0.0,0.3236132860183716,0.801171064376831,1.1137278079986572,2.5634613037109375,18.0
dynamic,2,1,212,0.37568533897399903,0.3389410595099131,0.036744284431139626,0.3427106806635857,0.3427106806635857,0.0,4.0,4.0,2120.0,901.0,0.0,0.3236132860183716,0.801171064376831,1.1137278079986572,2.5634613037109375,18.0
dynamic,2,1,213,0.3831970477104187,0.34436069130897523,0.03883635307351748,0.32765280331174534,0.32765280331174534,0.0,4.0,4.0,2130.0,901.0,0.0,0.3236132860183716,0.801171064376831,1.1137278079986572,2.5634613037109375,18.0
dynamic,2,1,214,0.37042243440945943,0.33327941576639813,0.03714301546414693,0.32337512756387393,0.32337512756387393,0.0,4.0,4.0,2140.0,901.0,0.0,0.3236132860183716,0.801171064376831,1.1137278079986572,2.5634613037109375,18.0
dynamic,2,1,215,0.3741324516137441,0.33811304767926537,0.036019405523935955,0.33505318661530814,0.33505318661530814,0.0,4.0,4.0,2150.0,901.0,0.0,0.3236132860183716,0.801171064376831,1.1137278079986572,2.5634613037109375,18.0
dynamic,2,1,216,0.3718790193398794,0.3337767338752747,0.038102280795574185,0.3233533314367135,0.3233533314367135,0.0,4.0,4.0,2160.0,901.0,0.0,0.3236132860183716,0.801171064376831,1.1137278079986572,2.5634613037109375,18.0
dynamic,2,1,217,0.3672076471646627,0.3313126281897227,0.03589501971999804,0.31492308850089706,0.31492308850089706,0.0,4.0,4.0,2170.0,901.0,0.0,0.3236132860183716,0.801171064376831,1.1137278079986572,2.5634613037109375,18.0
dynamic,2,1,218,0.36280447204907734,0.32537155826886494,0.03743291581670443,0.3326465393106143,0.3326465393106143,0.0,4.0,4.0,2180.0,901.0,0.0,0.3236132860183716,0.801171064376831,1.1137278079986572,2.5634613037109375,18.0
dynamic,2,1,219,0.37455857237180074,0.33684697151184084,0.03771160438656807,0.31106417511900264,0.31106417511900264,0.0,4.0,4.0,2190.0,901.0,0.0,0.3236132860183716,0.801171064376831,1.1137278079986572,2.5634613037109375,18.0
dynamic,2,1,220,0.3578416625658671,0.3225461928049723,0.035295469164848325,0.3081017728646596,0.3081017728646596,0.0,4.0,4.0,2200.0,901.0,0.0,0.3236132860183716,0.801171064376831,1.1137278079986572,2.5634613037109375,18.0
dynamic,2,1,221,0.363167686065038,0.3267633668581645,0.03640431741873423,0.3104957971473535,0.3104957971473535,0.0,4.0,4.0,2210.0,901.0,0.0,0.3236132860183716,0.801171064376831,1.1137278079986572,2.5634613037109375,18.0
dynamic,2,1,222,0.3522046709060669,0.3161484682559967,0.036056207716465,0.3361692179739475,0.3361692179739475,0.0,4.0,4.0,2220.0,901.0,0.0,0.3236132860183716,0.801171064376831,1.1137278079986572,2.5634613037109375,18.0
dynamic,2,1,223,0.370419944524765,0.3307288559277852,0.039691091875235236,0.3086496116220951,0.3086496116220951,0.0,4.0,4.0,2230.0,901.0,0.0,0.3236132860183716,0.801171064376831,1.1137278079986572,2.5634613037109375,18.0
dynamic,2,1,224,0.3494602370262146,0.31570913275082907,0.03375110472242038,0.31155522162715593,0.31155522162715593,0.0,4.0,4.0,2240.0,901.0,0.0,0.3236132860183716,0.801171064376831,1.1137278079986572,2.5634613037109375,18.0
dynamic,2,1,225,0.34079469005266827,0.307009303967158,0.033785381764173505,0.3021385430296262,0.3021385430296262,0.0,4.0,4.0,2250.0,901.0,0.0,0.3236132860183716,0.801171064376831,1.1137278079986572,2.5634613037109375,18.0
dynamic,2,1,226,0.3465327151616414,0.31177108724912006,0.034761629750331244,0.3069084567328294,0.3069084567328294,0.0,4.0,4.0,2260.0,901.0,0.0,0.3236132860183716,0.801171064376831,1.1137278079986572,2.5634613037109375,18.0
dynamic,2,1,227,0.35585023005803423,0.31941043575604755,0.036439797083536785,0.29596276476979255,0.29596276476979255,0.0,4.0,4.0,2270.0,901.0,0.0,0.3236132860183716,0.801171064376831,1.1137278079986572,2.5634613037109375,18.0
dynamic,2,1,228,0.3488177847862244,0.3132625734806061,0.035555211752653124,0.30304283792773884,0.30304283792773884,0.0,4.0,4.0,2280.0,901.0,0.0,0.3236132860183716,0.801171064376831,1.1137278079986572,2.5634613037109375,18.0
dynamic,2,1,229,0.337605588833491,0.3041820601622264,0.03342352559169134,0.2943251991271973,0.2943251991271973,0.0,4.0,4.0,2290.0,901.0,0.0,0.3236132860183716,0.801171064376831,1.1137278079986572,2.5634613037109375,18.0
dynamic,2,1,230,0.3324031043052673,0.300150861342748,0.032252242068449656,0.3063928925494353,0.3063928925494353,0.0,4.0,4.0,2300.0,901.0,0.0,0.3236132860183716,0.801171064376831,1.1137278079986572,2.5634613037109375,18.0
dynamic,2,1,231,0.35459137399991353,0.31690415501594543,0.03768722126881281,0.29623826215664545,0.29623826215664545,0.0,4.0,4.0,2310.0,901.0,0.0,0.3236132860183716,0.801171064376831,1.1137278079986572,2.5634613037109375,18.0
dynamic,2,1,232,0.340419636964798,0.3065082716941834,0.03391137331724167,0.2973449464639028,0.2973449464639028,0.0,4.0,4.0,2320.0,901.0,0.0,0.3236132860183716,0.801171064376831,1.1137278079986572,2.5634613037109375,18.0
dynamic,2,1,233,0.34543994108835857,0.3079159124692281,0.03752403005957603,0.2926446641484896,0.2926446641484896,0.0,4.0,4.0,2330.0,901.0,0.0,0.3236132860183716,0.801171064376831,1.1137278079986572,2.5634613037109375,18.0
dynamic,2,1,234,0.33336678743362425,0.30156195640563965,0.03180483261744181,0.31105480089783666,0.31105480089783666,0.0,4.0,4.0,2340.0,901.0,0.0,0.3236132860183716,0.801171064376831,1.1137278079986572,2.5634613037109375,18.0
dynamic,2,1,235,0.35713356177012123,0.3191123449802399,0.03802121758460999,0.2967973128457864,0.2967973128457864,0.0,4.0,4.0,2350.0,901.0,0.0,0.3236132860183716,0.801171064376831,1.1137278079986572,2.5634613037109375,18.0
dynamic,2,1,236,0.3216738466421763,0.28783570329348246,0.03383813848098119,0.2995384341975053,0.2995384341975053,0.0,4.0,4.0,2360.0,901.0,0.0,0.3236132860183716,0.801171064376831,1.1137278079986572,2.5634613037109375,18.0
dynamic,2,1,237,0.34905182401339213,0.31059603611628217,0.03845579197009404,0.28544761806726454,0.28544761806726454,0.0,4.0,4.0,2370.0,901.0,0.0,0.3236132860183716,0.801171064376831,1.1137278079986572,2.5634613037109375,18.0
dynamic,2,1,238,0.3323496162891388,0.29710080424944557,0.03524880712231,0.30874577720959984,0.30874577720959984,0.0,4.0,4.0,2380.0,901.0,0.0,0.3236132860183716,0.801171064376831,1.1137278079986572,2.5634613037109375,18.0
dynamic,2,1,239,0.3429342452685038,0.30601478775342306,0.0369194587568442,0.2856397681434949,0.2856397681434949,0.0,4.0,4.0,2390.0,901.0,0.0,0.3236132860183716,0.801171064376831,1.1137278079986572,2.5634613037109375,18.0
dynamic,2,1,240,0.3214202030499776,0.28877185503641767,0.03264834562937419,0.29271496295928956,0.29271496295928956,0.0,4.0,4.0,2400.0,901.0,0.0,0.3236132860183716,0.801171064376831,1.1137278079986572,2.5634613037109375,18.0
dynamic,2,1,241,0.3464390444755554,0.3079647437731425,0.03847430229187012,0.2814168354868889,0.2814168354868889,0.0,4.0,4.0,2410.0,901.0,0.0,0.3236132860183716,0.801171064376831,1.1137278079986572,2.5634613037109375,18.0
dynamic,2,1,242,0.3251661296685537,0.2892501970132192,0.03591593494017919,0.2772907659908136,0.2772907659908136,0.0,4.0,4.0,2420.0,901.0,0.0,0.3236132860183716,0.801171064376831,1.1137278079986572,2.5634613037109375,18.0
dynamic,2,1,243,0.3298983689149221,0.2937524123986562,0.036145958900451663,0.2891744839648406,0.2891744839648406,0.0,4.0,4.0,2430.0,901.0,0.0,0.3236132860183716,0.801171064376831,1.1137278079986572,2.5634613037109375,18.0
dynamic,2,1,244,0.3247176146507263,0.28925613125165306,0.03546148086587588,0.2750116506715616,0.2750116506715616,0.0,4.0,4.0,2440.0,901.0,0.0,0.3236132860183716,0.801171064376831,1.1137278079986572,2.5634613037109375,18.0
dynamic,2,1,245,0.31253005266189576,0.27887311895688377,0.033656931817531585,0.27919740065932275,0.27919740065932275,0.0,4.0,4.0,2450.0,901.0,0.0,0.3236132860183716,0.801171064376831,1.1137278079986572,2.5634613037109375,18.0
dynamic,2,1,246,0.32578764120737713,0.28828546663125354,0.03750217447678248,0.2907588161528111,0.2907588161528111,0.0,4.0,4.0,2460.0,901.0,0.0,0.3236132860183716,0.801171064376831,1.1137278079986572,2.5634613037109375,18.0
dynamic,2,1,247,0.3159802919626236,0.2807316430409749,0.035248648275931674,0.2733750203748544,0.2733750203748544,0.0,4.0,4.0,2470.0,901.0,0.0,0.3236132860183716,0.801171064376831,1.1137278079986572,2.5634613037109375,18.0
dynamic,2,1,248,0.32388468702634177,0.28887717207272845,0.035007513910532,0.270450326949358,0.270450326949358,0.0,4.0,4.0,2480.0,901.0,0.0,0.3236132860183716,0.801171064376831,1.1137278079986572,2.5634613037109375,18.0
dynamic,2,1,249,0.3061354168256124,0.27532231926918027,0.030813097208738326,0.2720624772707621,0.2720624772707621,0.0,4.0,4.0,2490.0,901.0,0.0,0.3236132860183716,0.801171064376831,1.1137278079986572,2.5634613037109375,18.0
dynamic,2,1,250,0.31807500958442686,0.283795801003774,0.03427920709053675,0.28727326199412345,0.28727326199412345,0.0,4.0,4.0,2500.0,901.0,0.0,0.3236132860183716,0.801171064376831,1.1137278079986572,2.5634613037109375,18.0
dynamic,2,1,251,0.3107054881254832,0.2766589566071828,0.034046533952156705,0.26685271059473353,0.26685271059473353,0.0,4.0,4.0,2510.0,901.0,0.0,0.3236132860183716,0.801171064376831,1.1137278079986572,2.5634613037109375,18.0
dynamic,2,1,252,0.30628543535868324,0.2728952674070994,0.03339016889532407,0.2695061655342579,0.2695061655342579,0.0,4.0,4.0,2520.0,901.0,0.0,0.3236132860183716,0.801171064376831,1.1137278079986572,2.5634613037109375,18.0
dynamic,2,1,253,0.31336885690689087,0.2796773099899292,0.03369154577453931,0.2722873654961586,0.2722873654961586,0.0,4.0,4.0,2530.0,901.0,0.0,0.3236132860183716,0.801171064376831,1.1137278079986572,2.5634613037109375,18.0
dynamic,2,1,254,0.3159162990252177,0.2801470732688904,0.03576922416687012,0.26229279468456906,0.26229279468456906,0.0,4.0,4.0,2540.0,901.0,0.0,0.3236132860183716,0.801171064376831,1.1137278079986572,2.5634613037109375,18.0
dynamic,2,1,255,0.2994157580534617,0.2673587131500244,0.03205704256892204,0.2610482796529929,0.2610482796529929,0.0,4.0,4.0,2550.0,901.0,0.0,0.3236132860183716,0.801171064376831,1.1137278079986572,2.5634613037109375,18.0
dynamic,2,1,256,0.3109979542096456,0.27296527902285256,0.03803267647822698,0.28036150788267455,0.28036150788267455,0.0,4.0,4.0,2560.0,901.0,0.0,0.3236132860183716,0.801171064376831,1.1137278079986572,2.5634613037109375,18.0
dynamic,2,1,257,0.3142870926856995,0.2767689065138499,0.03751818696657817,0.26989441429575284,0.26989441429575284,0.0,4.0,4.0,2570.0,901.0,0.0,0.3236132860183716,0.801171064376831,1.1137278079986572,2.5634613037109375,18.0
dynamic,2,1,258,0.3142230494817098,0.2768091823657354,0.037413870841264726,0.26743910734852155,0.26743910734852155,0.0,4.0,4.0,2580.0,901.0,0.0,0.3236132860183716,0.801171064376831,1.1137278079986572,2.5634613037109375,18.0
dynamic,2,1,259,0.3059607374668121,0.2699860386053721,0.03597470074892044,0.25984554449717207,0.25984554449717207,0.0,4.0,4.0,2590.0,901.0,0.0,0.3236132860183716,0.801171064376831,1.1137278079986572,2.5634613037109375,18.0
dynamic,2,1,260,0.307079797188441,0.2709325917561849,0.03614720821380615,0.2652583080033461,0.2652583080033461,0.0,4.0,4.0,2600.0,901.0,0.0,0.3236132860183716,0.801171064376831,1.1137278079986572,2.5634613037109375,18.0
dynamic,2,1,261,0.314423641761144,0.27817294279734295,0.03625070095062256,0.2658252161741257,0.2658252161741257,0.0,4.0,4.0,2610.0,901.0,0.0,0.3236132860183716,0.801171064376831,1.1137278079986572,2.5634613037109375,18.0
dynamic,2,1,262,0.3179527803262075,0.27986661076545716,0.03808617358406385,0.2530966960390409,0.2530966960390409,0.0,4.0,4.0,2620.0,901.0,0.0,0.3236132860183716,0.801171064376831,1.1137278079986572,2.5634613037109375,18.0
dynamic,2,1,263,0.2960154592990875,0.26026059488455455,0.035754863222440085,0.2593645137051741,0.2593645137051741,0.0,4.0,4.0,2630.0,901.0,0.0,0.3236132860183716,0.801171064376831,1.1137278079986572,2.5634613037109375,18.0
dynamic,2,1,264,0.3019721515973409,0.2660502938429515,0.03592185790340106,0.25324160342415175,0.25324160342415175,0.0,4.0,4.0,2640.0,901.0,0.0,0.3236132860183716,0.801171064376831,1.1137278079986572,2.5634613037109375,18.0
dynamic,2,1,265,0.295846004486084,0.2609165108203888,0.0349294963479042,0.2509818781912327,0.2509818781912327,0.0,4.0,4.0,2650.0,901.0,0.0,0.3236132860183716,0.801171064376831,1.1137278079986572,2.5634613037109375,18.0
dynamic,2,1,266,0.2999073664347331,0.2637109013398488,0.03619646449883779,0.26390041420857113,0.26390041420857113,0.0,4.0,4.0,2660.0,901.0,0.0,0.3236132860183716,0.801171064376831,1.1137278079986572,2.5634613037109375,18.0
dynamic,2,1,267,0.31203590949376425,0.27402240931987765,0.038013505041599276,0.2511913029104471,0.2511913029104471,0.0,4.0,4.0,2670.0,901.0,0.0,0.3236132860183716,0.801171064376831,1.1137278079986572,2.5634613037109375,18.0
dynamic,2,1,268,0.2907526425520579,0.25643560707569124,0.034317035575707755,0.2476045444359382,0.2476045444359382,0.0,4.0,4.0,2680.0,901.0,0.0,0.3236132860183716,0.801171064376831,1.1137278079986572,2.5634613037109375,18.0
dynamic,2,1,269,0.30091742912928265,0.2643260125319163,0.03659141957759857,0.25055022853116193,0.25055022853116193,0.0,4.0,4.0,2690.0,901.0,0.0,0.3236132860183716,0.801171064376831,1.1137278079986572,2.5634613037109375,18.0
dynamic,2,1,270,0.3165847233931224,0.27573028206825256,0.04085444276531537,0.24692672895888487,0.24692672895888487,0.0,4.0,4.0,2700.0,901.0,0.0,0.3236132860183716,0.801171064376831,1.1137278079986572,2.5634613037109375,18.0
dynamic,2,1,271,0.2820853877067566,0.24825860222180685,0.033826790650685626,0.2570640011628469,0.2570640011628469,0.0,4.0,4.0,2710.0,901.0,0.0,0.3236132860183716,0.801171064376831,1.1137278079986572,2.5634613037109375,18.0
dynamic,2,1,272,0.30161438981691996,0.2632363712787628,0.03837801511089007,0.24311445576449237,0.24311445576449237,0.0,4.0,4.0,2720.0,901.0,0.0,0.3236132860183716,0.801171064376831,1.1137278079986572,2.5634613037109375,18.0
dynamic,2,1,273,0.28943029840787254,0.25412835041681925,0.035301952411731084,0.27090648462375005,0.27090648462375005,0.0,4.0,4.0,2730.0,901.0,0.0,0.3236132860183716,0.801171064376831,1.1137278079986572,2.5634613037109375,18.0
dynamic,2,1,274,0.30931772152582804,0.2681868068377177,0.0411309140920639,0.24426371298730373,0.24426371298730373,0.0,4.0,4.0,2740.0,901.0,0.0,0.3236132860183716,0.801171064376831,1.1137278079986572,2.5634613037109375,18.0
dynamic,2,1,275,0.298013166586558,0.25722034931182863,0.040792818466822305,0.24550390844543776,0.24550390844543776,0.0,4.0,4.0,2750.0,901.0,0.0,0.3236132860183716,0.801171064376831,1.1137278079986572,2.5634613037109375,18.0
dynamic,2,1,276,0.29987783590952555,0.26001022140185037,0.03986761877934138,0.24222572175165016,0.24222572175165016,0.0,4.0,4.0,2760.0,901.0,0.0,0.3236132860183716,0.801171064376831,1.1137278079986572,2.5634613037109375,18.0
dynamic,2,1,277,0.28232076168060305,0.24673883974552155,0.03558191984891892,0.23847465691467126,0.23847465691467126,0.0,4.0,4.0,2770.0,901.0,0.0,0.3236132860183716,0.801171064376831,1.1137278079986572,2.5634613037109375,18.0
dynamic,2,1,278,0.28956870953241987,0.252153124610583,0.03741558715701103,0.23947744148472944,0.23947744148472944,0.0,4.0,4.0,2780.0,901.0,0.0,0.3236132860183716,0.801171064376831,1.1137278079986572,2.5634613037109375,18.0
dynamic,2,1,279,0.28985156695048014,0.25259270270665485,0.03725886190931002,0.27613562643527984,0.27613562643527984,0.0,4.0,4.0,2790.0,901.0,0.0,0.3236132860183716,0.801171064376831,1.1137278079986572,2.5634613037109375,18.0
dynamic,2,1,280,0.3054184937477112,0.26518717964490257,0.04023131584127744,0.23807908897598584,0.23807908897598584,0.0,4.0,4.0,2800.0,901.0,0.0,0.3236132860183716,0.801171064376831,1.1137278079986572,2.5634613037109375,18.0
dynamic,2,1,281,0.2928572607040405,0.2545772296190262,0.03828003431359927,0.23815833854178586,0.23815833854178586,0.0,4.0,4.0,2810.0,901.0,0.0,0.3236132860183716,0.801171064376831,1.1137278079986572,2.5634613037109375,18.0
dynamic,2,1,282,0.27173380891482035,0.23822425365447997,0.03350955431660017,0.2368883641064167,0.2368883641064167,0.0,4.0,4.0,2820.0,901.0,0.0,0.3236132860183716,0.801171064376831,1.1137278079986572,2.5634613037109375,18.0
dynamic,2,1,283,0.2757286667823792,0.24015774408976237,0.035570924580097196,0.26190538244942824,0.26190538244942824,0.0,4.0,4.0,2830.0,901.0,0.0,0.3236132860183716,0.801171064376831,1.1137278079986572,2.5634613037109375,18.0
dynamic,2,1,284,0.2937574815750122,0.25416233619054157,0.03959515199065208,0.23890063628554345,0.23890063628554345,0.0,4.0,4.0,2840.0,901.0,0.0,0.3236132860183716,0.801171064376831,1.1137278079986572,2.5634613037109375,18.0
dynamic,2,1,285,0.2905877661705017,0.25055244127909343,0.04003532290458679,0.23247405330340068,0.23247405330340068,0.0,4.0,4.0,2850.0,901.0,0.0,0.3236132860183716,0.801171064376831,1.1137278079986572,2.5634613037109375,18.0
dynamic,2,1,286,0.2811197996139526,0.24311695714791615,0.03800284594297409,0.2800841930260261,0.2800841930260261,0.0,4.0,4.0,2860.0,901.0,0.0,0.3236132860183716,0.801171064376831,1.1137278079986572,2.5634613037109375,18.0
dynamic,2,1,287,0.29578925371170045,0.2565531319379806,0.03923612390955289,0.227872060512503,0.227872060512503,0.0,4.0,4.0,2870.0,901.0,0.0,0.3236132860183716,0.801171064376831,1.1137278079986572,2.5634613037109375,18.0
dynamic,2,1,288,0.2721576217810313,0.23782751739025115,0.03433010190725327,0.2419016763319572,0.2419016763319572,0.0,4.0,4.0,2880.0,901.0,0.0,0.3236132860183716,0.801171064376831,1.1137278079986572,2.5634613037109375,18.0
dynamic,2,1,289,0.26266515731811524,0.22881597022215525,0.033849190771579746,0.27934699416160585,0.27934699416160585,0.0,4.0,4.0,2890.0,901.0,0.0,0.3236132860183716,0.801171064376831,1.1137278079986572,2.5634613037109375,18.0
dynamic,2,1,290,0.2969863247871399,0.25786181608835856,0.03912450994054476,0.22601412303745747,0.22601412303745747,0.0,4.0,4.0,2900.0,901.0,0.0,0.3236132860183716,0.801171064376831,1.1137278079986572,2.5634613037109375,18.0
dynamic,2,1,291,0.274526481628418,0.23896309614181518,0.0355633865793546,0.23863417898615202,0.23863417898615202,0.0,4.0,4.0,2910.0,901.0,0.0,0.3236132860183716,0.801171064376831,1.1137278079986572,2.5634613037109375,18.0
dynamic,2,1,292,0.2896965865294139,0.24751714368661246,0.042179443488518396,0.22430486924946308,0.22430486924946308,0.0,4.0,4.0,2920.0,901.0,0.0,0.3236132860183716,0.801171064376831,1.1137278079986572,2.5634613037109375,18.0
dynamic,2,1,293,0.2592855413754781,0.22794992208480835,0.03133561839660009,0.22488693644603094,0.22488693644603094,0.0,4.0,4.0,2930.0,901.0,0.0,0.3236132860183716,0.801171064376831,1.1137278079986572,2.5634613037109375,18.0
dynamic,2,1,294,0.2829793977737427,0.24543275594711303,0.037546643018722535,0.23056002259254454,0.23056002259254454,0.0,4.0,4.0,2940.0,901.0,0.0,0.3236132860183716,0.801171064376831,1.1137278079986572,2.5634613037109375,18.0
dynamic,2,1,295,0.273687243660291,0.2367787629365921,0.03690848136941592,0.2220531013607979,0.2220531013607979,0.0,4.0,4.0,2950.0,901.0,0.0,0.3236132860183716,0.801171064376831,1.1137278079986572,2.5634613037109375,18.0
dynamic,2,1,296,0.271410271525383,0.2343594342470169,0.0370508348941803,0.2391134649515152,0.2391134649515152,0.0,4.0,4.0,2960.0,901.0,0.0,0.3236132860183716,0.801171064376831,1.1137278079986572,2.5634613037109375,18.0
dynamic,2,1,297,0.26544938604036966,0.2305640951792399,0.034885290960470834,0.26021071163316567,0.26021071163316567,0.0,4.0,4.0,2970.0,901.0,0.0,0.3236132860183716,0.801171064376831,1.1137278079986572,2.5634613037109375,18.0
dynamic,2,1,298,0.2947753596305847,0.25375746071338656,0.041017902940511705,0.23339957950015863,0.23339957950015863,0.0,4.0,4.0,2980.0,901.0,0.0,0.3236132860183716,0.801171064376831,1.1137278079986572,2.5634613037109375,18.0
dynamic,2,1,299,0.27599921147028605,0.2367711293697357,0.039228085875511166,0.2270912279188633,0.2270912279188633,0.0,4.0,4.0,2990.0,901.0,0.0,0.3236132860183716,0.801171064376831,1.1137278079986572,2.5634613037109375,18.0
dynamic,2,1,300,0.26550790111223854,0.22860152999560038,0.03690637285510699,0.21648635648190975,0.21648635648190975,0.0,4.0,4.0,3000.0,901.0,0.0,0.3236132860183716,0.801171064376831,1.1137278079986572,2.5634613037109375,18.0
dynamic,2,1,301,0.2662155250708262,0.22914083123207094,0.03707469552755356,0.22086811944842338,0.22086811944842338,0.0,4.0,4.0,3010.0,901.0,0.0,0.3236132860183716,0.801171064376831,1.1137278079986572,2.5634613037109375,18.0
dynamic,2,1,302,0.27846260905265807,0.23737340966860454,0.04108920206626256,0.22126495383679867,0.22126495383679867,0.0,4.0,4.0,3020.0,901.0,0.0,0.3236132860183716,0.801171064376831,1.1137278079986572,2.5634613037109375,18.0
dynamic,2,1,303,0.2780105968316396,0.2368135607242584,0.041197032034397126,0.21545194116731484,0.21545194116731484,0.0,4.0,4.0,3030.0,901.0,0.0,0.3236132860183716,0.801171064376831,1.1137278079986572,2.5634613037109375,18.0
dynamic,2,1,304,0.2695500675837199,0.23054967184861502,0.039000395586093264,0.21146095626056194,0.21146095626056194,0.0,4.0,4.0,3040.0,901.0,0.0,0.3236132860183716,0.801171064376831,1.1137278079986572,2.5634613037109375,18.0
dynamic,2,1,305,0.26469380060831704,0.22785707771778108,0.036836725076039634,0.2523342967778444,0.2523342967778444,0.0,4.0,4.0,3050.0,901.0,0.0,0.3236132860183716,0.801171064376831,1.1137278079986572,2.5634613037109375,18.0
dynamic,2,1,306,0.2740746235847473,0.23433794776598613,0.03973667671283086,0.21539354585111142,0.21539354585111142,0.0,4.0,4.0,3060.0,901.0,0.0,0.3236132860183716,0.801171064376831,1.1137278079986572,2.5634613037109375,18.0
dynamic,2,1,307,0.2645396101474762,0.22572456498940785,0.03881504322091738,0.25183649830520155,0.25183649830520155,0.0,4.0,4.0,3070.0,901.0,0.0,0.3236132860183716,0.801171064376831,1.1137278079986572,2.5634613037109375,18.0
dynamic,2,1,308,0.2709710494677226,0.2318633230527242,0.03910772696137428,0.23528831916550796,0.23528831916550796,0.0,4.0,4.0,3080.0,901.0,0.0,0.3236132860183716,0.801171064376831,1.1137278079986572,2.5634613037109375,18.0
dynamic,2,1,309,0.2632599254449209,0.22520535588264465,0.038054570257663727,0.26278266571462155,0.26278266571462155,0.0,4.0,4.0,3090.0,901.0,0.0,0.3236132860183716,0.801171064376831,1.1137278079986572,2.5634613037109375,18.0
dynamic,2,1,310,0.29324994881947836,0.2492533870538076,0.0439965661863486,0.21793980742494265,0.21793980742494265,0.0,4.0,4.0,3100.0,901.0,0.0,0.3236132860183716,0.801171064376831,1.1137278079986572,2.5634613037109375,18.0
dynamic,2,1,311,0.26004268010457354,0.2222762405872345,0.03776643355687459,0.21495966357489427,0.21495966357489427,0.0,4.0,4.0,3110.0,901.0,0.0,0.3236132860183716,0.801171064376831,1.1137278079986572,2.5634613037109375,18.0
dynamic,2,1,312,0.26461718599001566,0.22732059637705485,0.037296590904394786,0.20729829204579195,0.20729829204579195,0.0,4.0,4.0,3120.0,901.0,0.0,0.3236132860183716,0.801171064376831,1.1137278079986572,2.5634613037109375,18.0
dynamic,2,1,313,0.25234657963116963,0.21597701211770376,0.03636956835786501,0.2407197761287292,0.2407197761287292,0.0,4.0,4.0,3130.0,901.0,0.0,0.3236132860183716,0.801171064376831,1.1137278079986572,2.5634613037109375,18.0
dynamic,2,1,314,0.2788763483365377,0.23682960351308188,0.04204674392938614,0.20693286980191866,0.20693286980191866,0.0,4.0,4.0,3140.0,901.0,0.0,0.3236132860183716,0.801171064376831,1.1137278079986572,2.5634613037109375,18.0
dynamic,2,1,315,0.24972040394941966,0.21206317206223807,0.03765723124146461,0.20565327542523543,0.20565327542523543,0.0,4.0,4.0,3150.0,901.0,0.0,0.3236132860183716,0.801171064376831,1.1137278079986572,2.5634613037109375,18.0
dynamic,2,1,316,0.2548536396026611,0.2170168916384379,0.03783674523234368,0.21332818587621052,0.21332818587621052,0.0,4.0,4.0,3160.0,901.0,0.0,0.3236132860183716,0.801171064376831,1.1137278079986572,2.5634613037109375,18.0
dynamic,2,1,317,0.2554665430386861,0.21838075498739878,0.03708578964074453,0.20716248147189617,0.20716248147189617,0.0,4.0,4.0,3170.0,901.0,0.0,0.3236132860183716,0.801171064376831,1.1137278079986572,2.5634613037109375,18.0
dynamic,2,1,318,0.26403696815172834,0.2247060066461563,0.0393309623003006,0.21351633926232655,0.21351633926232655,0.0,4.0,4.0,3180.0,901.0,0.0,0.3236132860183716,0.801171064376831,1.1137278079986572,2.5634613037109375,18.0
dynamic,2,1,319,0.250377609928449,0.21457629680633544,0.03580131217837334,0.21745980076491833,0.21745980076491833,0.0,4.0,4.0,3190.0,901.0,0.0,0.3236132860183716,0.801171064376831,1.1137278079986572,2.5634613037109375,18.0
dynamic,2,1,320,0.24065704822540282,0.20562416096528371,0.03503288721044858,0.24742517329752445,0.24742517329752445,0.0,4.0,4.0,3200.0,901.0,0.0,0.3236132860183716,0.801171064376831,1.1137278079986572,2.5634613037109375,18.0
dynamic,2,1,321,0.26889619449774427,0.22646632651487986,0.04242986917495727,0.20437611274421216,0.20437611274421216,0.0,4.0,4.0,3210.0,901.0,0.0,0.3236132860183716,0.801171064376831,1.1137278079986572,2.5634613037109375,18.0
dynamic,2,1,322,0.26282939831415814,0.22059995770454408,0.04222944065928459,0.2037881641338269,0.2037881641338269,0.0,4.0,4.0,3220.0,901.0,0.0,0.3236132860183716,0.801171064376831,1.1137278079986572,2.5634613037109375,18.0
dynamic,2,1,323,0.2454653565088908,0.2084815728664398,0.03698378304640452,0.19865955082078776,0.19865955082078776,0.0,4.0,4.0,3230.0,901.0,0.0,0.3236132860183716,0.801171064376831,1.1137278079986572,2.5634613037109375,18.0
dynamic,2,1,324,0.24015087882677713,0.20548197706540425,0.03466890146334966,0.22856562274197736,0.22856562274197736,0.0,4.0,4.0,3240.0,901.0,0.0,0.3236132860183716,0.801171064376831,1.1137278079986572,2.5634613037109375,18.0
dynamic,2,1,325,0.27195729851722716,0.23226225356260935,0.039695040037234626,0.20957508203883965,0.20957508203883965,0.0,4.0,4.0,3250.0,901.0,0.0,0.3236132860183716,0.801171064376831,1.1137278079986572,2.5634613037109375,18.0
dynamic,2,1,326,0.2538455212116241,0.21531968156496684,0.0385258420308431,0.21261052233477434,0.21261052233477434,0.0,4.0,4.0,3260.0,901.0,0.0,0.3236132860183716,0.801171064376831,1.1137278079986572,2.5634613037109375,18.0
dynamic,2,1,327,0.27145848512649534,0.22904679377873738,0.0424116916457812,0.197516869554917,0.197516869554917,0.0,4.0,4.0,3270.0,901.0,0.0,0.3236132860183716,0.801171064376831,1.1137278079986572,2.5634613037109375,18.0
dynamic,2,1,328,0.26392438769340515,0.21880044768253962,0.045123938272396726,0.20874676339328288,0.20874676339328288,0.0,4.0,4.0,3280.0,901.0,0.0,0.3236132860183716,0.801171064376831,1.1137278079986572,2.5634613037109375,18.0
dynamic,2,1,329,0.2580269485712051,0.21594003677368165,0.04208691403269768,0.19552129782736302,0.19552129782736302,0.0,4.0,4.0,3290.0,901.0,0.0,0.3236132860183716,0.801171064376831,1.1137278079986572,2.5634613037109375,18.0
dynamic,2,1,330,0.23993363777796428,0.20274233678976694,0.037191303173700965,0.2022462226698796,0.2022462226698796,0.0,4.0,4.0,3300.0,901.0,0.0,0.3236132860183716,0.801171064376831,1.1137278079986572,2.5634613037109375,18.0
dynamic,2,1,331,0.25462217450141905,0.21743962208429973,0.03718255480130513,0.21742800913751126,0.21742800913751126,0.0,4.0,4.0,3310.0,901.0,0.0,0.3236132860183716,0.801171064376831,1.1137278079986572,2.5634613037109375,18.0
dynamic,2,1,332,0.24315592209498088,0.20651664853096008,0.036639273663361865,0.193710212012132,0.193710212012132,0.0,4.0,4.0,3320.0,901.0,0.0,0.3236132860183716,0.801171064376831,1.1137278079986572,2.5634613037109375,18.0
dynamic,2,1,333,0.2588666594028473,0.21895012497901917,0.03991653839747111,0.2205584608266751,0.2205584608266751,0.0,4.0,4.0,3330.0,901.0,0.0,0.3236132860183716,0.801171064376831,1.1137278079986572,2.5634613037109375,18.0
dynamic,2,1,334,0.2430011741320292,0.20833223720391592,0.03466894100109736,0.1943366048236688,0.1943366048236688,0.0,4.0,4.0,3340.0,901.0,0.0,0.3236132860183716,0.801171064376831,1.1137278079986572,2.5634613037109375,18.0
dynamic,2,1,335,0.24494145154953004,0.20898285349210102,0.03595859706401825,0.20178989080091317,0.20178989080091317,0.0,4.0,4.0,3350.0,901.0,0.0,0.3236132860183716,0.801171064376831,1.1137278079986572,2.5634613037109375,18.0
dynamic,2,1,336,0.23472947597503663,0.19718690117200216,0.03754257544875145,0.19844030934075516,0.19844030934075516,0.0,4.0,4.0,3360.0,901.0,0.0,0.3236132860183716,0.801171064376831,1.1137278079986572,2.5634613037109375,18.0
dynamic,2,1,337,0.24300671180089314,0.20489765346050262,0.038109055012464525,0.24961492627859116,0.24961492627859116,0.0,4.0,4.0,3370.0,901.0,0.0,0.3236132860183716,0.801171064376831,1.1137278079986572,2.5634613037109375,18.0
dynamic,2,1,338,0.26171717325846355,0.22016796886920928,0.041549210548400876,0.1895246843000253,0.1895246843000253,0.0,4.0,4.0,3380.0,901.0,0.0,0.3236132860183716,0.801171064376831,1.1137278079986572,2.5634613037109375,18.0
dynamic,2,1,339,0.22734056770801545,0.19292032798131306,0.03442024166385333,0.18885719932615758,0.18885719932615758,0.0,4.0,4.0,3390.0,901.0,0.0,0.3236132860183716,0.801171064376831,1.1137278079986572,2.5634613037109375,18.0
dynamic,2,1,340,0.23509888887405395,0.20167893886566163,0.033419950207074486,0.21027289954324563,0.21027289954324563,0.0,4.0,4.0,3400.0,901.0,0.0,0.3236132860183716,0.801171064376831,1.1137278079986572,2.5634613037109375,18.0
dynamic,2,1,341,0.24361940542856853,0.20305155674616496,0.04056784510612488,0.19576071980098883,0.19576071980098883,0.0,4.0,4.0,3410.0,901.0,0.0,0.3236132860183716,0.801171064376831,1.1137278079986572,2.5634613037109375,18.0
dynamic,2,1,342,0.2523998824755351,0.2062980071703593,0.04610187441110611,0.19131472013890743,0.19131472013890743,0.0,4.0,4.0,3420.0,901.0,0.0,0.3236132860183716,0.801171064376831,1.1137278079986572,2.5634613037109375,18.0
dynamic,2,1,343,0.2375820207595825,0.19804707527160645,0.03953494558731715,0.18806659596661726,0.18806659596661726,0.0,4.0,4.0,3430.0,901.0,0.0,0.3236132860183716,0.801171064376831,1.1137278079986572,2.5634613037109375,18.0
dynamic,2,1,344,0.22505300045013427,0.19192205250263214,0.03313094809651375,0.18628619248668352,0.18628619248668352,0.0,4.0,4.0,3440.0,901.0,0.0,0.3236132860183716,0.801171064376831,1.1137278079986572,2.5634613037109375,18.0
dynamic,2,1,345,0.2287952729066213,0.19424047470092773,0.034554797162612276,0.19890541252990565,0.19890541252990565,0.0,4.0,4.0,3450.0,901.0,0.0,0.3236132860183716,0.801171064376831,1.1137278079986572,2.5634613037109375,18.0
dynamic,2,1,346,0.24447759707768757,0.2037395077943802,0.040738093107938765,0.18769551441073418,0.18769551441073418,0.0,4.0,4.0,3460.0,901.0,0.0,0.3236132860183716,0.801171064376831,1.1137278079986572,2.5634613037109375,18.0
dynamic,2,1,347,0.23383144418398538,0.19277024885018668,0.04106119602918625,0.20938164042929808,0.20938164042929808,0.0,4.0,4.0,3470.0,901.0,0.0,0.3236132860183716,0.801171064376831,1.1137278079986572,2.5634613037109375,18.0
dynamic,2,1,348,0.25443976879119873,0.21288773496945698,0.04155203511317571,0.18392502096792063,0.18392502096792063,0.0,4.0,4.0,3480.0,901.0,0.0,0.3236132860183716,0.801171064376831,1.1137278079986572,2.5634613037109375,18.0
dynamic,2,1,349,0.22404489835103353,0.19016866703828175,0.033876232504844665,0.1834478632112344,0.1834478632112344,0.0,4.0,4.0,3490.0,901.0,0.0,0.3236132860183716,0.801171064376831,1.1137278079986572,2.5634613037109375,18.0
dynamic,2,1,350,0.24065711855888366,0.20340931057929992,0.03724780549605688,0.1830468846609195,0.1830468846609195,0.0,4.0,4.0,3500.0,901.0,0.0,0.3236132860183716,0.801171064376831,1.1137278079986572,2.5634613037109375,18.0
dynamic,2,1,351,0.23033317168553671,0.1934826523065567,0.036850521663824715,0.18387863017618655,0.18387863017618655,0.0,4.0,4.0,3510.0,901.0,0.0,0.3236132860183716,0.801171064376831,1.1137278079986572,2.5634613037109375,18.0
dynamic,2,1,352,0.23230741580327352,0.19235879957675933,0.039948613941669465,0.23573036250968774,0.23573036250968774,0.0,4.0,4.0,3520.0,901.0,0.0,0.3236132860183716,0.801171064376831,1.1137278079986572,2.5634613037109375,18.0
dynamic,2,1,353,0.2627964413166046,0.21492334882418315,0.04787309214472771,0.1827182447661956,0.1827182447661956,0.0,4.0,4.0,3530.0,901.0,0.0,0.3236132860183716,0.801171064376831,1.1137278079986572,2.5634613037109375,18.0
dynamic,2,1,354,0.23736753622690837,0.19573799669742584,0.041629538834095,0.1810099536180496,0.1810099536180496,0.0,4.0,4.0,3540.0,901.0,0.0,0.3236132860183716,0.801171064376831,1.1137278079986572,2.5634613037109375,18.0
dynamic,2,1,355,0.23088733712832132,0.19350829323132832,0.03737904772162438,0.18046837784349917,0.18046837784349917,0.0,4.0,4.0,3550.0,901.0,0.0,0.3236132860183716,0.801171064376831,1.1137278079986572,2.5634613037109375,18.0
dynamic,2,1,356,0.2355627461274465,0.19854348957538603,0.037019255657990774,0.20633809400101502,0.20633809400101502,0.0,4.0,4.0,3560.0,901.0,0.0,0.3236132860183716,0.801171064376831,1.1137278079986572,2.5634613037109375,18.0
dynamic,2,1,357,0.26981568257013955,0.22275338371594747,0.0470622968673706,0.18485380786160627,0.18485380786160627,0.0,4.0,4.0,3570.0,901.0,0.0,0.3236132860183716,0.801171064376831,1.1137278079986572,2.5634613037109375,18.0
dynamic,2,1,358,0.22927871882915496,0.18780563076337178,0.04147308751940727,0.19472007590035598,0.19472007590035598,0.0,4.0,4.0,3580.0,901.0,0.0,0.3236132860183716,0.801171064376831,1.1137278079986572,2.5634613037109375,18.0
dynamic,2,1,359,0.26537585894266763,0.21956104874610902,0.045814811786015826,0.22708637982606888,0.22708637982606888,0.0,4.0,4.0,3590.0,901.0,0.0,0.3236132860183716,0.801171064376831,1.1137278079986572,2.5634613037109375,18.0
dynamic,2,1,360,0.24027867476145426,0.20112873921791713,0.03914993365605672,0.184813809171319,0.184813809171319,0.0,4.0,4.0,3600.0,901.0,0.0,0.3236132860183716,0.801171064376831,1.1137278079986572,2.5634613037109375,18.0
dynamic,2,1,361,0.22609298129876454,0.18962788800398508,0.03646509274840355,0.18149769981702168,0.18149769981702168,0.0,4.0,4.0,3610.0,901.0,0.0,0.3236132860183716,0.801171064376831,1.1137278079986572,2.5634613037109375,18.0
dynamic,2,1,362,0.23005886952082316,0.19203009247779845,0.038028774112463,0.20711777245004973,0.20711777245004973,0.0,4.0,4.0,3620.0,901.0,0.0,0.3236132860183716,0.801171064376831,1.1137278079986572,2.5634613037109375,18.0
dynamic,2,1,363,0.25370337227980294,0.21275508483250935,0.040948289185762404,0.17708048239350319,0.17708048239350319,0.0,4.0,4.0,3630.0,901.0,0.0,0.3236132860183716,0.801171064376831,1.1137278079986572,2.5634613037109375,18.0
dynamic,2,1,364,0.22868887106577554,0.19018388271331788,0.03850498755772908,0.17672934350868066,0.17672934350868066,0.0,4.0,4.0,3640.0,901.0,0.0,0.3236132860183716,0.801171064376831,1.1137278079986572,2.5634613037109375,18.0
dynamic,2,1,365,0.2181690239906311,0.18350239753723144,0.03466662565867106,0.17697142916421096,0.17697142916421096,0.0,4.0,4.0,3650.0,901.0,0.0,0.3236132860183716,0.801171064376831,1.1137278079986572,2.5634613037109375,18.0
dynamic,2,1,366,0.2306947475671768,0.19306005676587423,0.037634690006574,0.21287526873250803,0.21287526873250803,0.0,4.0,4.0,3660.0,901.0,0.0,0.3236132860183716,0.801171064376831,1.1137278079986572,2.5634613037109375,18.0
dynamic,2,1,367,0.24061903913815816,0.19756060977776846,0.0430584280192852,0.1770833919942379,0.1770833919942379,0.0,4.0,4.0,3670.0,901.0,0.0,0.3236132860183716,0.801171064376831,1.1137278079986572,2.5634613037109375,18.0
dynamic,2,1,368,0.2333779623111089,0.19180418988068898,0.041573776652415594,0.19068395517766476,0.19068395517766476,0.0,4.0,4.0,3680.0,901.0,0.0,0.3236132860183716,0.801171064376831,1.1137278079986572,2.5634613037109375,18.0
dynamic,2,1,369,0.23587186515331268,0.1969340165456136,0.038937850197156273,0.1818913804491361,0.1818913804491361,0.0,4.0,4.0,3690.0,901.0,0.0,0.3236132860183716,0.801171064376831,1.1137278079986572,2.5634613037109375,18.0
dynamic,2,1,370,0.21847524404525756,0.1805994302034378,0.03787581374247869,0.19205537435909112,0.19205537435909112,0.0,4.0,4.0,3700.0,901.0,0.0,0.3236132860183716,0.801171064376831,1.1137278079986572,2.5634613037109375,18.0
dynamic,2,1,371,0.2511399495601654,0.20510064919789633,0.04603930021325747,0.1859960581858953,0.1859960581858953,0.0,4.0,4.0,3710.0,901.0,0.0,0.3236132860183716,0.801171064376831,1.1137278079986572,2.5634613037109375,18.0
dynamic,2,1,372,0.2347209135691325,0.1909238862991333,0.043797027766704556,0.17589351519942284,0.17589351519942284,0.0,4.0,4.0,3720.0,901.0,0.0,0.3236132860183716,0.801171064376831,1.1137278079986572,2.5634613037109375,18.0
dynamic,2,1,373,0.22690554896990459,0.1868020890156428,0.04010345861315727,0.1742711995045344,0.1742711995045344,0.0,4.0,4.0,3730.0,901.0,0.0,0.3236132860183716,0.801171064376831,1.1137278079986572,2.5634613037109375,18.0
dynamic,2,1,374,0.22431359966595968,0.18605402290821074,0.03825957799951236,0.19313250102102755,0.19313250102102755,0.0,4.0,4.0,3740.0,901.0,0.0,0.3236132860183716,0.801171064376831,1.1137278079986572,2.5634613037109375,18.0
dynamic,2,1,375,0.2338722538948059,0.1928612099091212,0.04101104666789373,0.1777286225060622,0.1777286225060622,0.0,4.0,4.0,3750.0,901.0,0.0,0.3236132860183716,0.801171064376831,1.1137278079986572,2.5634613037109375,18.0
dynamic,2,1,376,0.23446834405263264,0.1904214143753052,0.04404692848523458,0.17440894400080045,0.17440894400080045,0.0,4.0,4.0,3760.0,901.0,0.0,0.3236132860183716,0.801171064376831,1.1137278079986572,2.5634613037109375,18.0
dynamic,2,1,377,0.2263754133383433,0.18557805816332498,0.04079735596974691,0.1738992804537217,0.1738992804537217,0.0,4.0,4.0,3770.0,901.0,0.0,0.3236132860183716,0.801171064376831,1.1137278079986572,2.5634613037109375,18.0
dynamic,2,1,378,0.23089280545711519,0.18994493822256725,0.040947866290807725,0.19626712635159493,0.19626712635159493,0.0,4.0,4.0,3780.0,901.0,0.0,0.3236132860183716,0.801171064376831,1.1137278079986572,2.5634613037109375,18.0
dynamic,2,1,379,0.24874440908432008,0.208291028936704,0.04045337975025177,0.170756079852581,0.170756079852581,0.0,4.0,4.0,3790.0,901.0,0.0,0.3236132860183716,0.801171064376831,1.1137278079986572,2.5634613037109375,18.0
dynamic,2,1,380,0.21765218218167623,0.18162459830443065,0.036027585764726006,0.1691884529342254,0.1691884529342254,0.0,4.0,4.0,3800.0,901.0,0.0,0.3236132860183716,0.801171064376831,1.1137278079986572,2.5634613037109375,18.0
dynamic,2,1,381,0.23095234235127768,0.19304127335548402,0.03791106700897217,0.21382714735964933,0.21382714735964933,0.0,4.0,4.0,3810.0,901.0,0.0,0.3236132860183716,0.801171064376831,1.1137278079986572,2.5634613037109375,18.0
dynamic,2,1,382,0.2362529389063517,0.197219251592954,0.039033686965703966,0.1736999513457219,0.1736999513457219,0.0,4.0,4.0,3820.0,901.0,0.0,0.3236132860183716,0.801171064376831,1.1137278079986572,2.5634613037109375,18.0
dynamic,2,1,383,0.24758633335431418,0.2017636054754257,0.04582272738218308,0.19775562959412735,0.19775562959412735,0.0,4.0,4.0,3830.0,901.0,0.0,0.3236132860183716,0.801171064376831,1.1137278079986572,2.5634613037109375,18.0
dynamic,2,1,384,0.24187071084976197,0.1969480413198471,0.044922668834527335,0.2151069617519776,0.2151069617519776,0.0,4.0,4.0,3840.0,901.0,0.0,0.3236132860183716,0.801171064376831,1.1137278079986572,2.5634613037109375,18.0
dynamic,2,1,385,0.21755190948645273,0.1752288160721461,0.04232309619585673,0.20484879528482755,0.20484879528482755,0.0,4.0,4.0,3850.0,901.0,0.0,0.3236132860183716,0.801171064376831,1.1137278079986572,2.5634613037109375,18.0
dynamic,2,1,386,0.25294295032819114,0.20718055884043377,0.045762394269307456,0.17838537168999513,0.17838537168999513,0.0,4.0,4.0,3860.0,901.0,0.0,0.3236132860183716,0.801171064376831,1.1137278079986572,2.5634613037109375,18.0
dynamic,2,1,387,0.24669742345809936,0.19656600634257,0.050131416519482934,0.17584136267503103,0.17584136267503103,0.0,4.0,4.0,3870.0,901.0,0.0,0.3236132860183716,0.801171064376831,1.1137278079986572,2.5634613037109375,18.0
dynamic,2,1,388,0.24714766184488932,0.19776761651039124,0.04938004717230797,0.17567995980381965,0.17567995980381965,0.0,4.0,4.0,3880.0,901.0,0.0,0.3236132860183716,0.801171064376831,1.1137278079986572,2.5634613037109375,18.0
dynamic,2,1,389,0.22999598344167074,0.18295270522435506,0.04704327791929245,0.16909584927062193,0.16909584927062193,0.0,4.0,4.0,3890.0,901.0,0.0,0.3236132860183716,0.801171064376831,1.1137278079986572,2.5634613037109375,18.0
dynamic,2,1,390,0.23741957227389018,0.19226910412311554,0.04515046829978625,0.19160282495121161,0.19160282495121161,0.0,4.0,4.0,3900.0,901.0,0.0,0.3236132860183716,0.801171064376831,1.1137278079986572,2.5634613037109375,18.0
dynamic,2,1,391,0.25158484836419426,0.20502017577489218,0.046564672191937766,0.17442733118931453,0.17442733118931453,0.0,4.0,4.0,3910.0,901.0,0.0,0.3236132860183716,0.801171064376831,1.1137278079986572,2.5634613037109375,18.0
dynamic,2,1,392,0.24269795258839924,0.1967338353395462,0.04596411794424057,0.1658193740993738,0.1658193740993738,0.0,4.0,4.0,3920.0,901.0,0.0,0.3236132860183716,0.801171064376831,1.1137278079986572,2.5634613037109375,18.0
dynamic,2,1,393,0.23320945580800376,0.18903019150098166,0.044179260929425555,0.24937564472357432,0.24937564472357432,0.0,4.0,4.0,3930.0,901.0,0.0,0.3236132860183716,0.801171064376831,1.1137278079986572,2.5634613037109375,18.0
dynamic,2,1,394,0.25416738390922544,0.20195500095685323,0.05221238041917483,0.353412934790055,0.353412934790055,0.0,4.0,4.0,3940.0,901.0,0.0,0.3236132860183716,0.801171064376831,1.1137278079986572,2.5634613037109375,18.0
dynamic,2,1,395,0.23160477419694264,0.17887424071629843,0.0527305361131827,0.22823747525612514,0.22823747525612514,0.0,4.0,4.0,3950.0,901.0,0.0,0.3236132860183716,0.801171064376831,1.1137278079986572,2.5634613037109375,18.0
dynamic,2,1,396,0.25770254035790763,0.21016025582949321,0.047542287160952885,0.16719464605053266,0.16719464605053266,0.0,4.0,4.0,3960.0,901.0,0.0,0.3236132860183716,0.801171064376831,1.1137278079986572,2.5634613037109375,18.0
dynamic,2,1,397,0.22059702316919963,0.17906580050786336,0.041531219979127246,0.16379700082043808,0.16379700082043808,0.0,4.0,4.0,3970.0,901.0,0.0,0.3236132860183716,0.801171064376831,1.1137278079986572,2.5634613037109375,18.0
dynamic,2,1,398,0.24324302395184835,0.19950948854287465,0.04373353540897369,0.221013236840566,0.221013236840566,0.0,4.0,4.0,3980.0,901.0,0.0,0.3236132860183716,0.801171064376831,1.1137278079986572,2.5634613037109375,18.0
dynamic,2,1,399,0.23395024220148722,0.18860698183377583,0.04534326275189718,0.18330839688579242,0.18330839688579242,0.0,4.0,4.0,3990.0,901.0,0.0,0.3236132860183716,0.801171064376831,1.1137278079986572,2.5634613037109375,18.0
dynamic,2,1,400,0.22780917008717855,0.18125816365083058,0.04655101031064987,0.2218603420505921,0.2218603420505921,0.0,4.0,4.0,4000.0,901.0,0.0,0.3236132860183716,0.801171064376831,1.1137278079986572,2.5634613037109375,18.0
dynamic,2,1,401,0.24032508750756582,0.19509269376595814,0.04523239096005758,0.16435093410313129,0.16435093410313129,0.0,4.0,4.0,4010.0,901.0,0.0,0.3236132860183716,0.801171064376831,1.1137278079986572,2.5634613037109375,18.0
dynamic,2,1,402,0.2207311624288559,0.17784552435080211,0.042885642846425376,0.16410748881598314,0.16410748881598314,0.0,4.0,4.0,4020.0,901.0,0.0,0.3236132860183716,0.801171064376831,1.1137278079986572,2.5634613037109375,18.0
dynamic,2,1,403,0.22027179956436158,0.18114619692166647,0.03912560145060221,0.23483462740977606,0.23483462740977606,0.0,4.0,4.0,4030.0,901.0,0.0,0.3236132860183716,0.801171064376831,1.1137278079986572,2.5634613037109375,18.0
dynamic,2,1,404,0.23738555391629537,0.1957744566599528,0.0416110992928346,0.16395189389586448,0.16395189389586448,0.0,4.0,4.0,4040.0,901.0,0.0,0.3236132860183716,0.801171064376831,1.1137278079986572,2.5634613037109375,18.0
dynamic,2,1,405,0.21064488391081493,0.17411652823289236,0.03652835528055827,0.16325019558270773,0.16325019558270773,0.0,4.0,4.0,4050.0,901.0,0.0,0.3236132860183716,0.801171064376831,1.1137278079986572,2.5634613037109375,18.0
dynamic,2,1,406,0.22881594816843667,0.1891845828294754,0.03963136831919352,0.16295974197487037,0.16295974197487037,0.0,4.0,4.0,4060.0,901.0,0.0,0.3236132860183716,0.801171064376831,1.1137278079986572,2.5634613037109375,18.0
dynamic,2,1,407,0.21925058166186015,0.1794894454876582,0.039761139005422594,0.17202687633534272,0.17202687633534272,0.0,4.0,4.0,4070.0,901.0,0.0,0.3236132860183716,0.801171064376831,1.1137278079986572,2.5634613037109375,18.0
dynamic,2,1,408,0.23738533079624177,0.19331329802672068,0.04407203182578087,0.18366789552072685,0.18366789552072685,0.0,4.0,4.0,4080.0,901.0,0.0,0.3236132860183716,0.801171064376831,1.1137278079986572,2.5634613037109375,18.0
dynamic,2,1,409,0.23204673250516256,0.19101820896069208,0.041028520911931994,0.1634167276074489,0.1634167276074489,0.0,4.0,4.0,4090.0,901.0,0.0,0.3236132860183716,0.801171064376831,1.1137278079986572,2.5634613037109375,18.0
dynamic,2,1,410,0.20479401389757793,0.16989763577779135,0.0348963792125384,0.16405293464660645,0.16405293464660645,0.0,4.0,4.0,4100.0,901.0,0.0,0.3236132860183716,0.801171064376831,1.1137278079986572,2.5634613037109375,18.0
dynamic,2,1,411,0.24036104003588357,0.19659231662750243,0.04376872499783834,0.1807721310357253,0.1807721310357253,0.0,4.0,4.0,4110.0,901.0,0.0,0.3236132860183716,0.801171064376831,1.1137278079986572,2.5634613037109375,18.0
dynamic,2,1,412,0.2333210043112437,0.1814280237754186,0.0518929801384608,0.17354540882011255,0.17354540882011255,0.0,4.0,4.0,4120.0,901.0,0.0,0.3236132860183716,0.801171064376831,1.1137278079986572,2.5634613037109375,18.0
dynamic,2,1,413,0.23093483626842498,0.17652187506357828,0.05441295946637789,0.183619017675519,0.183619017675519,0.0,4.0,4.0,4130.0,901.0,0.0,0.3236132860183716,0.801171064376831,1.1137278079986572,2.5634613037109375,18.0
dynamic,2,1,414,0.23030504882335662,0.17849904914697012,0.051805994361639025,0.16048245059947172,0.16048245059947172,0.0,4.0,4.0,4140.0,901.0,0.0,0.3236132860183716,0.801171064376831,1.1137278079986572,2.5634613037109375,18.0
dynamic,2,1,415,0.22370787421862284,0.17779952843983968,0.045908344437678654,0.21678652768333753,0.21678652768333753,0.0,4.0,4.0,4150.0,901.0,0.0,0.3236132860183716,0.801171064376831,1.1137278079986572,2.5634613037109375,18.0
dynamic,2,1,416,0.25911327759424846,0.2100041882197062,0.04910909160971642,0.19819382049143314,0.19819382049143314,0.0,4.0,4.0,4160.0,901.0,0.0,0.3236132860183716,0.801171064376831,1.1137278079986572,2.5634613037109375,18.0
dynamic,2,1,417,0.21022475043932598,0.16744236012299857,0.04278239140907923,0.1600131245950858,0.1600131245950858,0.0,4.0,4.0,4170.0,901.0,0.0,0.3236132860183716,0.801171064376831,1.1137278079986572,2.5634613037109375,18.0
dynamic,2,1,418,0.2414672307173411,0.19574500739574432,0.04572222237785657,0.2409289799630642,0.2409289799630642,0.0,4.0,4.0,4180.0,901.0,0.0,0.3236132860183716,0.801171064376831,1.1137278079986572,2.5634613037109375,18.0
dynamic,2,1,419,0.2527729437748591,0.20561716854572296,0.04715577602386475,0.16036340040465197,0.16036340040465197,0.0,4.0,4.0,4190.0,901.0,0.0,0.3236132860183716,0.801171064376831,1.1137278079986572,2.5634613037109375,18.0
dynamic,2,1,420,0.22708003203074137,0.1800315378109614,0.04704849481582642,0.18417675013343493,0.18417675013343493,0.0,4.0,4.0,4200.0,901.0,0.0,0.3236132860183716,0.801171064376831,1.1137278079986572,2.5634613037109375,18.0
dynamic,2,1,421,0.2477298104763031,0.19811806797981263,0.04961174254616101,0.1620597389837106,0.1620597389837106,0.0,4.0,4.0,4210.0,901.0,0.0,0.3236132860183716,0.801171064376831,1.1137278079986572,2.5634613037109375,18.0
dynamic,2,1,422,0.2395779275894165,0.18858496725559235,0.05099296142657598,0.15689226818581423,0.15689226818581423,0.0,4.0,4.0,4220.0,901.0,0.0,0.3236132860183716,0.801171064376831,1.1137278079986572,2.5634613037109375,18.0
dynamic,2,1,423,0.24944995601971945,0.20209444185098013,0.04735551377137502,0.24713473665217559,0.24713473665217559,0.0,4.0,4.0,4230.0,901.0,0.0,0.3236132860183716,0.801171064376831,1.1137278079986572,2.5634613037109375,18.0
dynamic,2,1,424,0.24557546297709146,0.1938618713617325,0.05171359360218048,0.1642944713185231,0.1642944713185231,0.0,4.0,4.0,4240.0,901.0,0.0,0.3236132860183716,0.801171064376831,1.1137278079986572,2.5634613037109375,18.0
dynamic,2,1,425,0.23564883470535278,0.18322108070055643,0.052427753309408825,0.1972860572983821,0.1972860572983821,0.0,4.0,4.0,4250.0,901.0,0.0,0.3236132860183716,0.801171064376831,1.1137278079986572,2.5634613037109375,18.0
dynamic,2,1,426,0.23521491169929504,0.18520046333471935,0.05001444786787033,0.16263121301929157,0.16263121301929157,0.0,4.0,4.0,4260.0,901.0,0.0,0.3236132860183716,0.801171064376831,1.1137278079986572,2.5634613037109375,18.0
dynamic,2,1,427,0.23452829877535503,0.18259732226530712,0.051930977205435436,0.1666917878886064,0.1666917878886064,0.0,4.0,4.0,4270.0,901.0,0.0,0.3236132860183716,0.801171064376831,1.1137278079986572,2.5634613037109375,18.0
dynamic,2,1,428,0.2347178033987681,0.18424421012401582,0.05047359397013982,0.17522222965955733,0.17522222965955733,0.0,4.0,4.0,4280.0,901.0,0.0,0.3236132860183716,0.801171064376831,1.1137278079986572,2.5634613037109375,18.0
dynamic,2,1,429,0.2213327697912852,0.1724213268359502,0.04891144375006358,0.15709388804932437,0.15709388804932437,0.0,4.0,4.0,4290.0,901.0,0.0,0.3236132860183716,0.801171064376831,1.1137278079986572,2.5634613037109375,18.0
dynamic,2,1,430,0.2469759504000346,0.19879982988039652,0.04817612032095591,0.19390710577368736,0.19390710577368736,0.0,4.0,4.0,4300.0,901.0,0.0,0.3236132860183716,0.801171064376831,1.1137278079986572,2.5634613037109375,18.0
dynamic,2,1,431,0.2134850855668386,0.17028377374013265,0.04320131152868271,0.16271714051564534,0.16271714051564534,0.0,4.0,4.0,4310.0,901.0,0.0,0.3236132860183716,0.801171064376831,1.1137278079986572,2.5634613037109375,18.0
dynamic,2,1,432,0.21422901670138042,0.17301979859670003,0.04120921601851781,0.23525388499101002,0.23525388499101002,0.0,4.0,4.0,4320.0,901.0,0.0,0.3236132860183716,0.801171064376831,1.1137278079986572,2.5634613037109375,18.0
dynamic,2,1,433,0.24290204842885335,0.1962879317998886,0.04661411608258883,0.17616635906199615,0.17616635906199615,0.0,4.0,4.0,4330.0,901.0,0.0,0.3236132860183716,0.801171064376831,1.1137278079986572,2.5634613037109375,18.0
dynamic,2,1,434,0.21815497318903604,0.17679661711057026,0.041358353793621065,0.15615591866274675,0.15615591866274675,0.0,4.0,4.0,4340.0,901.0,0.0,0.3236132860183716,0.801171064376831,1.1137278079986572,2.5634613037109375,18.0
dynamic,2,1,435,0.2098750106493632,0.16977810541788738,0.04009690334399541,0.1577391982326905,0.1577391982326905,0.0,4.0,4.0,4350.0,901.0,0.0,0.3236132860183716,0.801171064376831,1.1137278079986572,2.5634613037109375,18.0
dynamic,2,1,436,0.21320886055628457,0.17175284246603648,0.04145601992805799,0.18874132096767426,0.18874132096767426,0.0,4.0,4.0,4360.0,901.0,0.0,0.3236132860183716,0.801171064376831,1.1137278079986572,2.5634613037109375,18.0
dynamic,2,1,437,0.22337087670962016,0.18330672721068064,0.04006415019432703,0.15701284550130368,0.15701284550130368,0.0,4.0,4.0,4370.0,901.0,0.0,0.3236132860183716,0.801171064376831,1.1137278079986572,2.5634613037109375,18.0
dynamic,2,1,438,0.19981942395369212,0.16211662828922271,0.03770279765129089,0.15423332837720713,0.15423332837720713,0.0,4.0,4.0,4380.0,901.0,0.0,0.3236132860183716,0.801171064376831,1.1137278079986572,2.5634613037109375,18.0
dynamic,2,1,439,0.22661391139030457,0.18826391239960988,0.03834999645749728,0.20413612621525923,0.20413612621525923,0.0,4.0,4.0,4390.0,901.0,0.0,0.3236132860183716,0.801171064376831,1.1137278079986572,2.5634613037109375,18.0
dynamic,2,1,440,0.21633986473083497,0.17494944790999095,0.041390417466561,0.15467237529655298,0.15467237529655298,0.0,4.0,4.0,4400.0,901.0,0.0,0.3236132860183716,0.801171064376831,1.1137278079986572,2.5634613037109375,18.0
dynamic,2,1,441,0.22441166202227275,0.18413497547308605,0.04027668903271357,0.16469794938961665,0.16469794938961665,0.0,4.0,4.0,4410.0,901.0,0.0,0.3236132860183716,0.801171064376831,1.1137278079986572,2.5634613037109375,18.0
dynamic,2,1,442,0.22915305614471435,0.18897952695687611,0.04017353107531865,0.15473009938995044,0.15473009938995044,0.0,4.0,4.0,4420.0,901.0,0.0,0.3236132860183716,0.801171064376831,1.1137278079986572,2.5634613037109375,18.0
dynamic,2,1,443,0.20326999306678772,0.166112200319767,0.03715779423713684,0.15505325679977736,0.15505325679977736,0.0,4.0,4.0,4430.0,901.0,0.0,0.3236132860183716,0.801171064376831,1.1137278079986572,2.5634613037109375,18.0
dynamic,2,1,444,0.21849406401316324,0.1794764463106791,0.03901761988798777,0.2311783847461144,0.2311783847461144,0.0,4.0,4.0,4440.0,901.0,0.0,0.3236132860183716,0.801171064376831,1.1137278079986572,2.5634613037109375,18.0
dynamic,2,1,445,0.26393290638923644,0.21480440616607666,0.04912849913040797,0.15707016619543235,0.15707016619543235,0.0,4.0,4.0,4450.0,901.0,0.0,0.3236132860183716,0.801171064376831,1.1137278079986572,2.5634613037109375,18.0
dynamic,2,1,446,0.19934841752052307,0.16027055263519288,0.03907786339521408,0.15170820139348506,0.15170820139348506,0.0,4.0,4.0,4460.0,901.0,0.0,0.3236132860183716,0.801171064376831,1.1137278079986572,2.5634613037109375,18.0
dynamic,2,1,447,0.22006825268268584,0.17607093791166942,0.043997313032547634,0.2402526434759299,0.2402526434759299,0.0,4.0,4.0,4470.0,901.0,0.0,0.3236132860183716,0.801171064376831,1.1137278079986572,2.5634613037109375,18.0
dynamic,2,1,448,0.21525694290796915,0.17309910883506138,0.04215783397356669,0.15266545328001183,0.15266545328001183,0.0,4.0,4.0,4480.0,901.0,0.0,0.3236132860183716,0.801171064376831,1.1137278079986572,2.5634613037109375,18.0
dynamic,2,1,449,0.20721130311489105,0.16228568474451702,0.04492561702926954,0.15083292325337727,0.15083292325337727,0.0,4.0,4.0,4490.0,901.0,0.0,0.3236132860183716,0.801171064376831,1.1137278079986572,2.5634613037109375,18.0
dynamic,2,1,450,0.23364570538202922,0.18595096707344055,0.047694739600022636,0.1662074692795674,0.1662074692795674,0.0,4.0,4.0,4500.0,901.0,0.0,0.3236132860183716,0.801171064376831,1.1137278079986572,2.5634613037109375,18.0
dynamic,2,1,451,0.2119112398227056,0.1697887839873632,0.042122456083695095,0.15217856782178085,0.15217856782178085,0.0,4.0,4.0,4510.0,901.0,0.0,0.3236132860183716,0.801171064376831,1.1137278079986572,2.5634613037109375,18.0
dynamic,2,1,452,0.19948552389939625,0.1593488589922587,0.040136664907137555,0.21888031480213008,0.21888031480213008,0.0,4.0,4.0,4520.0,901.0,0.0,0.3236132860183716,0.801171064376831,1.1137278079986572,2.5634613037109375,18.0
dynamic,2,1,453,0.24899142066637675,0.20017420172691344,0.04881722375750542,0.15714524837831656,0.15714524837831656,0.0,4.0,4.0,4530.0,901.0,0.0,0.3236132860183716,0.801171064376831,1.1137278079986572,2.5634613037109375,18.0
dynamic,2,1,454,0.21735076308250428,0.1720019547144572,0.045348808864752455,0.15465430227418742,0.15465430227418742,0.0,4.0,4.0,4540.0,901.0,0.0,0.3236132860183716,0.801171064376831,1.1137278079986572,2.5634613037109375,18.0
dynamic,2,1,455,0.2211775275071462,0.17410264690717062,0.04707488308350245,0.22421913750469685,0.22421913750469685,0.0,4.0,4.0,4550.0,901.0,0.0,0.3236132860183716,0.801171064376831,1.1137278079986572,2.5634613037109375,18.0
dynamic,2,1,456,0.23857487599054972,0.18764831840991975,0.05092655936876933,0.15473570331931114,0.15473570331931114,0.0,4.0,4.0,4560.0,901.0,0.0,0.3236132860183716,0.801171064376831,1.1137278079986572,2.5634613037109375,18.0
dynamic,2,1,457,0.2251454472541809,0.17640707770983377,0.04873836934566498,0.15295346160729725,0.15295346160729725,0.0,4.0,4.0,4570.0,901.0,0.0,0.3236132860183716,0.801171064376831,1.1137278079986572,2.5634613037109375,18.0
dynamic,2,1,458,0.21052596489588418,0.167455934882164,0.043070031503836315,0.22830224392314752,0.22830224392314752,0.0,4.0,4.0,4580.0,901.0,0.0,0.3236132860183716,0.801171064376831,1.1137278079986572,2.5634613037109375,18.0
dynamic,2,1,459,0.25820006608963014,0.2091535605986913,0.04904650176564852,0.15561572549243768,0.15561572549243768,0.0,4.0,4.0,4590.0,901.0,0.0,0.3236132860183716,0.801171064376831,1.1137278079986572,2.5634613037109375,18.0
dynamic,2,1,460,0.2212745040655136,0.17485609432061514,0.04641840919852257,0.15209541164338589,0.15209541164338589,0.0,4.0,4.0,4600.0,901.0,0.0,0.3236132860183716,0.801171064376831,1.1137278079986572,2.5634613037109375,18.0
dynamic,2,1,461,0.2283991742134094,0.18259520530700685,0.04580396910508474,0.2318721159050862,0.2318721159050862,0.0,4.0,4.0,4610.0,901.0,0.0,0.3236132860183716,0.801171064376831,1.1137278079986572,2.5634613037109375,18.0
dynamic,2,1,462,0.24145806113878887,0.19127283493677774,0.050185228486855825,0.1562481031815211,0.1562481031815211,0.0,4.0,4.0,4620.0,901.0,0.0,0.3236132860183716,0.801171064376831,1.1137278079986572,2.5634613037109375,18.0
dynamic,2,1,463,0.21121376633644104,0.16295445134242376,0.0482593131562074,0.1669722395390272,0.1669722395390272,0.0,4.0,4.0,4630.0,901.0,0.0,0.3236132860183716,0.801171064376831,1.1137278079986572,2.5634613037109375,18.0
dynamic,2,1,464,0.22758644660313923,0.18105074048042297,0.0465357073644797,0.1738834170252085,0.1738834170252085,0.0,4.0,4.0,4640.0,901.0,0.0,0.3236132860183716,0.801171064376831,1.1137278079986572,2.5634613037109375,18.0
dynamic,2,1,465,0.2041146659851074,0.16317162215709685,0.040943046311537425,0.1497925356775522,0.1497925356775522,0.0,4.0,4.0,4650.0,901.0,0.0,0.3236132860183716,0.801171064376831,1.1137278079986572,2.5634613037109375,18.0
dynamic,2,1,466,0.19501636505126954,0.1575652454296748,0.03745112051566442,0.2093582530816396,0.2093582530816396,0.0,4.0,4.0,4660.0,901.0,0.0,0.3236132860183716,0.801171064376831,1.1137278079986572,2.5634613037109375,18.0
dynamic,2,1,467,0.22093488693237304,0.17795180479685466,0.042983081638813016,0.15287465833127498,0.15287465833127498,0.0,4.0,4.0,4670.0,901.0,0.0,0.3236132860183716,0.801171064376831,1.1137278079986572,2.5634613037109375,18.0
dynamic,2,1,468,0.20386388619740803,0.16482074479262035,0.03904313991467158,0.16351814379294713,0.16351814379294713,0.0,4.0,4.0,4680.0,901.0,0.0,0.3236132860183716,0.801171064376831,1.1137278079986572,2.5634613037109375,18.0
dynamic,2,1,469,0.19533453424771627,0.15749485035737357,0.03783968299627304,0.2024928142875433,0.2024928142875433,0.0,4.0,4.0,4690.0,901.0,0.0,0.3236132860183716,0.801171064376831,1.1137278079986572,2.5634613037109375,18.0
dynamic,2,1,470,0.2370453707377116,0.19210802733898164,0.04493734339872996,0.16037985098858673,0.16037985098858673,0.0,4.0,4.0,4700.0,901.0,0.0,0.3236132860183716,0.801171064376831,1.1137278079986572,2.5634613037109375,18.0
dynamic,2,1,471,0.2042478132247925,0.1650872669617335,0.03916054705778758,0.1484579867621263,0.1484579867621263,0.0,4.0,4.0,4710.0,901.0,0.0,0.3236132860183716,0.801171064376831,1.1137278079986572,2.5634613037109375,18.0
dynamic,2,1,472,0.19866354505221048,0.16116028666496277,0.03750325918197632,0.1629927118619283,0.1629927118619283,0.0,4.0,4.0,4720.0,901.0,0.0,0.3236132860183716,0.801171064376831,1.1137278079986572,2.5634613037109375,18.0
dynamic,2,1,473,0.19984041770299277,0.16233513335386912,0.03750528578956922,0.14855722067256769,0.14855722067256769,0.0,4.0,4.0,4730.0,901.0,0.0,0.3236132860183716,0.801171064376831,1.1137278079986572,2.5634613037109375,18.0
dynamic,2,1,474,0.20695567230383555,0.164616184035937,0.04233948667844137,0.15097717913488548,0.15097717913488548,0.0,4.0,4.0,4740.0,901.0,0.0,0.3236132860183716,0.801171064376831,1.1137278079986572,2.5634613037109375,18.0
dynamic,2,1,475,0.21393643260002138,0.1714033567905426,0.04253307486573855,0.1702710770567258,0.1702710770567258,0.0,4.0,4.0,4750.0,901.0,0.0,0.3236132860183716,0.801171064376831,1.1137278079986572,2.5634613037109375,18.0
dynamic,2,1,476,0.21465959668159484,0.17089402079582214,0.04376557692885399,0.14760664420823255,0.14760664420823255,0.0,4.0,4.0,4760.0,901.0,0.0,0.3236132860183716,0.801171064376831,1.1137278079986572,2.5634613037109375,18.0
dynamic,2,1,477,0.19418704748153687,0.15467833538850148,0.03950871507326762,0.14757197253406049,0.14757197253406049,0.0,4.0,4.0,4770.0,901.0,0.0,0.3236132860183716,0.801171064376831,1.1137278079986572,2.5634613037109375,18.0
dynamic,2,1,478,0.21981245199839275,0.17605745414892832,0.04375499412417412,0.20437265286842982,0.20437265286842982,0.0,4.0,4.0,4780.0,901.0,0.0,0.3236132860183716,0.801171064376831,1.1137278079986572,2.5634613037109375,18.0
dynamic,2,1,479,0.22133186638355254,0.1768304161230723,0.04450145105520884,0.1488329319904248,0.1488329319904248,0.0,4.0,4.0,4790.0,901.0,0.0,0.3236132860183716,0.801171064376831,1.1137278079986572,2.5634613037109375,18.0
dynamic,2,1,480,0.20907793482144674,0.16765373170375825,0.041424204806486765,0.1543059125294288,0.1543059125294288,0.0,4.0,4.0,4800.0,901.0,0.0,0.3236132860183716,0.801171064376831,1.1137278079986572,2.5634613037109375,18.0
dynamic,2,1,481,0.21736047943433126,0.1716817945241928,0.045678685555855435,0.1656472754230102,0.1656472754230102,0.0,4.0,4.0,4810.0,901.0,0.0,0.3236132860183716,0.801171064376831,1.1137278079986572,2.5634613037109375,18.0
dynamic,2,1,482,0.2100640026728312,0.1647922662893931,0.04527173727750778,0.150361780077219,0.150361780077219,0.0,4.0,4.0,4820.0,901.0,0.0,0.3236132860183716,0.801171064376831,1.1137278079986572,2.5634613037109375,18.0
dynamic,2,1,483,0.1982557652393977,0.15627722024917604,0.04197854697704315,0.15019079578419525,0.15019079578419525,0.0,4.0,4.0,4830.0,901.0,0.0,0.3236132860183716,0.801171064376831,1.1137278079986572,2.5634613037109375,18.0
dynamic,2,1,484,0.2072684121131897,0.16618845065434773,0.04107996106147766,0.15585988101859888,0.15585988101859888,0.0,4.0,4.0,4840.0,901.0,0.0,0.3236132860183716,0.801171064376831,1.1137278079986572,2.5634613037109375,18.0
dynamic,2,1,485,0.23118047952651977,0.18727872093518574,0.043901757846275966,0.15121142528951168,0.15121142528951168,0.0,4.0,4.0,4850.0,901.0,0.0,0.3236132860183716,0.801171064376831,1.1137278079986572,2.5634613037109375,18.0
dynamic,2,1,486,0.2026367775599162,0.1609453746676445,0.04169140249490738,0.14821776275833448,0.14821776275833448,0.0,4.0,4.0,4860.0,901.0,0.0,0.3236132860183716,0.801171064376831,1.1137278079986572,2.5634613037109375,18.0
dynamic,2,1,487,0.2272706272204717,0.18164867838223775,0.04562194829185804,0.17999175528685252,0.17999175528685252,0.0,4.0,4.0,4870.0,901.0,0.0,0.3236132860183716,0.801171064376831,1.1137278079986572,2.5634613037109375,18.0
dynamic,2,1,488,0.20280541062355043,0.16095415870348612,0.04185125177105268,0.14957022507985432,0.14957022507985432,0.0,4.0,4.0,4880.0,901.0,0.0,0.3236132860183716,0.801171064376831,1.1137278079986572,2.5634613037109375,18.0
dynamic,2,1,489,0.2000261296828588,0.1613204695781072,0.038705660104751585,0.14617381033798058,0.14617381033798058,0.0,4.0,4.0,4890.0,901.0,0.0,0.3236132860183716,0.801171064376831,1.1137278079986572,2.5634613037109375,18.0
dynamic,2,1,490,0.21419578075408935,0.17279312252998352,0.0414026552438736,0.21428104189534983,0.21428104189534983,0.0,4.0,4.0,4900.0,901.0,0.0,0.3236132860183716,0.801171064376831,1.1137278079986572,2.5634613037109375,18.0
dynamic,2,1,491,0.23328399538993835,0.1900971970955531,0.043186801721652346,0.145828271061182,0.145828271061182,0.0,4.0,4.0,4910.0,901.0,0.0,0.3236132860183716,0.801171064376831,1.1137278079986572,2.5634613037109375,18.0
dynamic,2,1,492,0.2031523847579956,0.16705021381378174,0.03610217233498891,0.14610735972722372,0.14610735972722372,0.0,4.0,4.0,4920.0,901.0,0.0,0.3236132860183716,0.801171064376831,1.1137278079986572,2.5634613037109375,18.0
dynamic,2,1,493,0.21632659316062927,0.17799593488375345,0.038330657879511516,0.1787708497295777,0.1787708497295777,0.0,4.0,4.0,4930.0,901.0,0.0,0.3236132860183716,0.801171064376831,1.1137278079986572,2.5634613037109375,18.0
dynamic,2,1,494,0.2116066598892212,0.16889132976531981,0.04271532664696376,0.16987883997460207,0.16987883997460207,0.0,4.0,4.0,4940.0,901.0,0.0,0.3236132860183716,0.801171064376831,1.1137278079986572,2.5634613037109375,18.0
dynamic,2,1,495,0.18974348644415537,0.15067173490921656,0.039071750342845914,0.18070163304607073,0.18070163304607073,0.0,4.0,4.0,4950.0,901.0,0.0,0.3236132860183716,0.801171064376831,1.1137278079986572,2.5634613037109375,18.0
dynamic,2,1,496,0.21743341406186423,0.17621026694774627,0.04122314617037773,0.1542112700889508,0.1542112700889508,0.0,4.0,4.0,4960.0,901.0,0.0,0.3236132860183716,0.801171064376831,1.1137278079986572,2.5634613037109375,18.0
dynamic,2,1,497,0.18582544028759002,0.1506000151236852,0.03522542377312978,0.1502342183391253,0.1502342183391253,0.0,4.0,4.0,4970.0,901.0,0.0,0.3236132860183716,0.801171064376831,1.1137278079986572,2.5634613037109375,18.0
dynamic,2,1,498,0.18640257239341737,0.1496051949262619,0.03679737538099289,0.17923161712785562,0.17923161712785562,0.0,4.0,4.0,4980.0,901.0,0.0,0.3236132860183716,0.801171064376831,1.1137278079986572,2.5634613037109375,18.0
dynamic,2,1,499,0.2352711933851242,0.19052191197872162,0.0447492786248525,0.15580825122694175,0.15580825122694175,0.0,4.0,4.0,4990.0,901.0,0.0,0.3236132860183716,0.801171064376831,1.1137278079986572,2.5634613037109375,18.0
dynamic,2,1,500,0.19617063283920289,0.1564958417415619,0.039674789508183796,0.14800021377702555,0.14800021377702555,0.0,4.0,4.0,5000.0,901.0,0.0,0.3236132860183716,0.801171064376831,1.1137278079986572,2.5634613037109375,18.0
dynamic,2,2,1,3.406188843536377,3.3885714637756346,0.017617387315630912,3.1197047721862794,3.1197047721862794,0.0,1.0,1.0,10.0,0.0,0.0,,,,,
dynamic,2,2,2,2.9712949657440184,2.942593346405029,0.028701619774103165,2.7183039642333986,2.7183039642333986,0.0,1.0,1.0,20.0,0.0,0.0,,,,,
dynamic,2,2,3,2.6183787925720217,2.582347193145752,0.03603154588937759,2.391574426269531,2.391574426269531,0.0,1.0,1.0,30.0,0.0,0.0,,,,,
dynamic,2,2,4,2.3187366043090822,2.2729059776306153,0.04583063533306122,2.1239222305297853,2.1239222305297853,0.0,1.0,1.0,40.0,0.0,0.0,,,,,
dynamic,2,2,5,2.0795106687545775,2.0258656745910644,0.053645007556676866,1.9094841945648193,1.9094841945648193,0.0,1.0,1.0,50.0,0.0,0.0,,,,,
dynamic,2,2,6,1.8789987342834473,1.8325241760253905,0.04647455441951752,1.7361371284484863,1.7361371284484863,0.0,1.0,1.0,60.0,0.0,0.0,,,,,
dynamic,2,2,7,1.7292545948028564,1.677734990119934,0.05151960248351097,1.5969617431640626,1.5969617431640626,0.0,1.0,1.0,70.0,0.0,0.0,,,,,
dynamic,2,2,8,1.5938770139694214,1.5534182556152343,0.04045876717567444,1.4854213285446167,1.4854213285446167,0.0,1.0,1.0,80.0,0.0,0.0,,,,,
dynamic,2,2,9,1.495608483505249,1.4464412288665771,0.049167255067825315,1.39437435836792,1.39437435836792,0.0,1.0,1.0,90.0,0.0,0.0,,,,,
dynamic,2,2,10,1.4008072170257568,1.3643841115951538,0.03642311582565308,1.318985936164856,1.318985936164856,0.0,1.0,1.0,100.0,0.0,0.0,,,,,
dynamic,2,2,11,1.3274116123199462,1.2923748559951782,0.03503675073385239,1.256196782875061,1.256196782875061,0.0,1.0,1.0,110.0,0.0,0.0,,,,,
dynamic,2,2,12,1.2695667892456055,1.2349530981063843,0.03461369439959526,1.2035990697860717,1.2035990697860717,0.0,1.0,1.0,120.0,0.0,0.0,,,,,
dynamic,2,2,13,1.2244027055740356,1.1862450130462647,0.03815769634246826,1.15884285697937,1.15884285697937,0.0,1.0,1.0,130.0,0.0,0.0,,,,,
dynamic,2,2,14,1.1779365468978882,1.1441349100112914,0.0338016525387764,1.1206050294876098,1.1206050294876098,0.0,1.0,1.0,140.0,0.0,0.0,,,,,
dynamic,2,2,15,1.1464587186813355,1.108141669845581,0.03831706520020962,1.0868481922149658,1.0868481922149658,0.0,1.0,1.0,150.0,0.0,0.0,,,,,
dynamic,2,2,16,1.1073149761199952,1.076633491706848,0.030681468337774277,1.0575857133865356,1.0575857133865356,0.0,1.0,1.0,160.0,0.0,0.0,,,,,
dynamic,2,2,17,1.080104405593872,1.0490887901306152,0.03101559201180935,1.0323809839248657,1.0323809839248657,0.0,1.0,1.0,170.0,0.0,0.0,,,,,
dynamic,2,2,18,1.0544910137176513,1.0248716506958009,0.029619371995329855,1.009933072090149,1.009933072090149,0.0,1.0,1.0,180.0,0.0,0.0,,,,,
dynamic,2,2,19,1.0306124778747559,1.0055029970169067,0.025109479367733,0.9902944646835327,0.9902944646835327,0.0,1.0,1.0,190.0,0.0,0.0,,,,,
dynamic,2,2,20,1.0172018963813783,0.9886188278198242,0.028583060628175734,0.972994843673706,0.972994843673706,0.0,1.0,1.0,200.0,0.0,0.0,,,,,
dynamic,2,2,21,0.9946482439041138,0.9705083618164062,0.02413988644480705,0.9572592613220214,0.9572592613220214,0.0,1.0,1.0,210.0,201.0,0.0,0.09975136816501617,0.2464599460363388,0.3331674337387085,1.7361270189285278,2.0
dynamic,2,2,22,0.9782412223815918,0.9522674289703369,0.025973781099915504,0.9432275009155273,0.9432275009155273,0.0,1.0,1.0,220.0,201.0,0.0,0.09975136816501617,0.2464599460363388,0.3331674337387085,1.7361270189285278,2.0
dynamic,2,2,23,0.9671429145812989,0.9423691396713256,0.024773783513903618,0.930703888130188,0.930703888130188,0.0,1.0,1.0,230.0,201.0,0.0,0.09975136816501617,0.2464599460363388,0.3331674337387085,1.7361270189285278,2.0
dynamic,2,2,24,0.953195468711853,0.930871663761139,0.02232381250858307,0.9194678358078003,0.9194678358078003,0.0,1.0,1.0,240.0,201.0,0.0,0.09975136816501617,0.2464599460363388,0.3331674337387085,1.7361270189285278,2.0
dynamic,2,2,25,0.9451526810646057,0.9221659029006958,0.02298678168952465,0.9094357059478759,0.9094357059478759,0.0,1.0,1.0,250.0,201.0,0.0,0.09975136816501617,0.2464599460363388,0.3331674337387085,1.7361270189285278,2.0
dynamic,2,2,26,0.9369740148544311,0.9085555376052856,0.028418486687541007,0.9001802671432495,0.9001802671432495,0.0,1.0,1.0,260.0,201.0,0.0,0.09975136816501617,0.2464599460363388,0.3331674337387085,1.7361270189285278,2.0
dynamic,2,2,27,0.9266855651855469,0.9013613696098328,0.025324183344841003,0.8918797914505004,0.8918797914505004,0.0,1.0,1.0,270.0,201.0,0.0,0.09975136816501617,0.2464599460363388,0.3331674337387085,1.7361270189285278,2.0
dynamic,2,2,28,0.9225745220184326,0.8978847989082337,0.024689717096090316,0.8843807186126709,0.8843807186126709,0.0,1.0,1.0,280.0,201.0,0.0,0.09975136816501617,0.2464599460363388,0.3331674337387085,1.7361270189285278,2.0
dynamic,2,2,29,0.9064429033279419,0.8858610053062439,0.020581888416409493,0.8775601776123046,0.8775601776123046,0.0,1.0,1.0,290.0,201.0,0.0,0.09975136816501617,0.2464599460363388,0.3331674337387085,1.7361270189285278,2.0
dynamic,2,2,30,0.9024095191001892,0.8821298320770263,0.02027969468832016,0.871292087173462,0.871292087173462,0.0,1.0,1.0,300.0,201.0,0.0,0.09975136816501617,0.2464599460363388,0.3331674337387085,1.7361270189285278,2.0
dynamic,2,2,31,0.9047872948646546,0.8793509484291077,0.02543635111451149,0.865514242362976,0.865514242362976,0.0,1.0,1.0,310.0,301.0,0.0,0.08898760378360748,0.2133161574602127,0.34122082591056824,2.1833879947662354,2.0
dynamic,2,2,32,0.8871605175971985,0.8658802606582642,0.021280251464247703,0.8601126314163208,0.8601126314163208,0.0,1.0,1.0,320.0,301.0,0.0,0.08898760378360748,0.2133161574602127,0.34122082591056824,2.1833879947662354,2.0
dynamic,2,2,33,0.8849325240135193,0.8647214390754699,0.020211081719398498,0.8551746133804321,0.8551746133804321,0.0,1.0,1.0,330.0,301.0,0.0,0.08898760378360748,0.2133161574602127,0.34122082591056824,2.1833879947662354,2.0
dynamic,2,2,34,0.8845045370101928,0.8592813986778259,0.025223139747977255,0.8504252979278565,0.8504252979278565,0.0,1.0,1.0,340.0,301.0,0.0,0.08898760378360748,0.2133161574602127,0.34122082591056824,2.1833879947662354,2.0
dynamic,2,2,35,0.8744473733901977,0.85469553232193,0.019751845389604568,0.8462780693054199,0.8462780693054199,0.0,1.0,1.0,350.0,301.0,0.0,0.08898760378360748,0.2133161574602127,0.34122082591056824,2.1833879947662354,2.0
dynamic,2,2,36,0.8712741047859192,0.8499327713012695,0.021341326317191125,0.8421808946609497,0.8421808946609497,0.0,1.0,1.0,360.0,301.0,0.0,0.08898760378360748,0.2133161574602127,0.34122082591056824,2.1833879947662354,2.0
dynamic,2,2,37,0.8699653100013733,0.8492342241287232,0.02073109492957592,0.8384402002334594,0.8384402002334594,0.0,1.0,1.0,370.0,301.0,0.0,0.08898760378360748,0.2133161574602127,0.34122082591056824,2.1833879947662354,2.0
dynamic,2,2,38,0.8612764937400817,0.8424354606628418,0.01884103348851204,0.8348979625701904,0.8348979625701904,0.0,1.0,1.0,380.0,301.0,0.0,0.08898760378360748,0.2133161574602127,0.34122082591056824,2.1833879947662354,2.0
dynamic,2,2,39,0.8602329389572143,0.8415992052078247,0.018633726623654364,0.8316178037643432,0.8316178037643432,0.0,1.0,1.0,390.0,301.0,0.0,0.08898760378360748,0.2133161574602127,0.34122082591056824,2.1833879947662354,2.0
dynamic,2,2,40,0.8550209047317505,0.834536671257019,0.02048422749340534,0.8285150436401367,0.8285150436401367,0.0,1.0,1.0,400.0,301.0,0.0,0.08898760378360748,0.2133161574602127,0.34122082591056824,2.1833879947662354,2.0
dynamic,2,2,41,0.8544499504089356,0.833248923778534,0.02120103321671486,0.825545852279663,0.825545852279663,0.0,1.0,1.0,410.0,401.0,0.0,0.07457181811332703,0.1903936117887497,0.30271539092063904,0.8488727807998657,0.0
dynamic,2,2,42,0.8529158446311951,0.83127323513031,0.021642614671587942,0.8225443105697632,0.8225443105697632,0.0,1.0,1.0,420.0,401.0,0.0,0.07457181811332703,0.1903936117887497,0.30271539092063904,0.8488727807998657,0.0
dynamic,2,2,43,0.8548493138313293,0.8307277739524841,0.024121544554829597,0.8197668134689331,0.8197668134689331,0.0,1.0,1.0,430.0,401.0,0.0,0.07457181811332703,0.1903936117887497,0.30271539092063904,0.8488727807998657,0.0
dynamic,2,2,44,0.8427234344482422,0.8241926103591919,0.018530825217068194,0.8171020408630371,0.8171020408630371,0.0,1.0,1.0,440.0,401.0,0.0,0.07457181811332703,0.1903936117887497,0.30271539092063904,0.8488727807998657,0.0
dynamic,2,2,45,0.8419044082641601,0.8206236093521119,0.02128079347908497,0.814487727355957,0.814487727355957,0.0,1.0,1.0,450.0,401.0,0.0,0.07457181811332703,0.1903936117887497,0.30271539092063904,0.8488727807998657,0.0
dynamic,2,2,46,0.8396251398086548,0.8202027992248535,0.019422339966893198,0.8121368047714234,0.8121368047714234,0.0,1.0,1.0,460.0,401.0,0.0,0.07457181811332703,0.1903936117887497,0.30271539092063904,0.8488727807998657,0.0
dynamic,2,2,47,0.8422799954414367,0.817751058769226,0.024528940039873125,0.8097089580535889,0.8097089580535889,0.0,1.0,1.0,470.0,401.0,0.0,0.07457181811332703,0.1903936117887497,0.30271539092063904,0.8488727807998657,0.0
dynamic,2,2,48,0.8392469470977784,0.813830870437622,0.02541608171761036,0.8074133083343505,0.8074133083343505,0.0,1.0,1.0,480.0,401.0,0.0,0.07457181811332703,0.1903936117887497,0.30271539092063904,0.8488727807998657,0.0
dynamic,2,2,49,0.8369454902648926,0.815146023273468,0.021799467024207115,0.8051977722167969,0.8051977722167969,0.0,1.0,1.0,490.0,401.0,0.0,0.07457181811332703,0.1903936117887497,0.30271539092063904,0.8488727807998657,0.0
dynamic,2,2,50,0.8387933705329895,0.8117337873458862,0.027059578970074653,0.8031043392181396,0.8031043392181396,0.0,1.0,1.0,500.0,401.0,0.0,0.07457181811332703,0.1903936117887497,0.30271539092063904,0.8488727807998657,0.0
dynamic,2,2,51,0.8320072110176087,0.8085272709846496,0.023479932314157487,0.8010731029510498,0.8010731029510498,0.0,1.0,1.0,510.0,501.0,0.0,0.07047392427921295,0.193511962890625,0.24259833991527557,0.6977004408836365,0.0
dynamic,2,2,52,0.8305906746864319,0.805637274646759,0.02495339600145817,0.799233494758606,0.799233494758606,0.0,1.0,1.0,520.0,501.0,0.0,0.07047392427921295,0.193511962890625,0.24259833991527557,0.6977004408836365,0.0
dynamic,2,2,53,0.825442793560028,0.8038469079017639,0.02159588789343834,0.7973584297180176,0.7973584297180176,0.0,1.0,1.0,530.0,501.0,0.0,0.07047392427921295,0.193511962890625,0.24259833991527557,0.6977004408836365,0.0
dynamic,2,2,54,0.8300644073486328,0.8051511145591735,0.024913286459445953,0.7954512100219726,0.7954512100219726,0.0,1.0,1.0,540.0,501.0,0.0,0.07047392427921295,0.193511962890625,0.24259833991527557,0.6977004408836365,0.0
dynamic,2,2,55,0.8304889409065247,0.8064751371383667,0.02401379811167717,0.7936684328079223,0.7936684328079223,0.0,1.0,1.0,550.0,501.0,0.0,0.07047392427921295,0.193511962890625,0.24259833991527557,0.6977004408836365,0.0
dynamic,2,2,56,0.827136416053772,0.8007123600006103,0.026424064445495606,0.7919943588256836,0.7919943588256836,0.0,1.0,1.0,560.0,501.0,0.0,0.07047392427921295,0.193511962890625,0.24259833991527557,0.6977004408836365,0.0
dynamic,2,2,57,0.8183760565757752,0.7946627956390381,0.023713259443640708,0.7903158634185791,0.7903158634185791,0.0,1.0,1.0,570.0,501.0,0.0,0.07047392427921295,0.193511962890625,0.24259833991527557,0.6977004408836365,0.0
dynamic,2,2,58,0.8206185054779053,0.7946861488342285,0.02593236103951931,0.7885936672210694,0.7885936672210694,0.0,1.0,1.0,580.0,501.0,0.0,0.07047392427921295,0.193511962890625,0.24259833991527557,0.6977004408836365,0.0
dynamic,2,2,59,0.8202958015441895,0.793746487045288,0.026549320513010025,0.7870967710494995,0.7870967710494995,0.0,1.0,1.0,590.0,501.0,0.0,0.07047392427921295,0.193511962890625,0.24259833991527557,0.6977004408836365,0.0
dynamic,2,2,60,0.8286925306320191,0.7977223406791687,0.030970182120800018,0.7855279390335083,0.7855279390335083,0.0,1.0,1.0,600.0,501.0,0.0,0.07047392427921295,0.193511962890625,0.24259833991527557,0.6977004408836365,0.0
dynamic,2,2,61,0.8101025119781494,0.7884122517585754,0.021690268915891646,0.7839977924346924,0.7839977924346924,0.0,1.0,1.0,610.0,601.0,0.0,0.09988482296466827,0.2678874433040619,0.35131657123565674,1.291441559791565,1.0
dynamic,2,2,62,0.8219257643699646,0.7902925281524659,0.03163324421942234,0.7827689010620117,0.7827689010620117,0.0,1.0,1.0,620.0,601.0,0.0,0.09988482296466827,0.2678874433040619,0.35131657123565674,1.291441559791565,1.0
dynamic,2,2,63,0.8152749904632568,0.7880520657539367,0.027222924429178237,0.7813353223800659,0.7813353223800659,0.0,1.0,1.0,630.0,601.0,0.0,0.09988482296466827,0.2678874433040619,0.35131657123565674,1.291441559791565,1.0
dynamic,2,2,64,0.8126972346305847,0.7884859920501709,0.024211240112781526,0.7799730363845825,0.7799730363845825,0.0,1.0,1.0,640.0,601.0,0.0,0.09988482296466827,0.2678874433040619,0.35131657123565674,1.291441559791565,1.0
dynamic,2,2,65,0.8230055404663086,0.7875912438392639,0.03541429405808449,0.7788968612670898,0.7788968612670898,0.0,1.0,1.0,650.0,601.0,0.0,0.09988482296466827,0.2678874433040619,0.35131657123565674,1.291441559791565,1.0
dynamic,2,2,66,0.809628091430664,0.7890895412445068,0.02053855736851692,0.7774683149337769,0.7774683149337769,0.0,1.0,1.0,660.0,601.0,0.0,0.09988482296466827,0.2678874433040619,0.35131657123565674,1.291441559791565,1.0
dynamic,2,2,67,0.8066010626792908,0.7806246256828309,0.025976439553499223,0.7764315856933593,0.7764315856933593,0.0,1.0,1.0,670.0,601.0,0.0,0.09988482296466827,0.2678874433040619,0.35131657123565674,1.291441559791565,1.0
dynamic,2,2,68,0.8152581420898437,0.786329914855957,0.028928229522705077,0.7751193115234375,0.7751193115234375,0.0,1.0,1.0,680.0,601.0,0.0,0.09988482296466827,0.2678874433040619,0.35131657123565674,1.291441559791565,1.0
dynamic,2,2,69,0.806897802734375,0.7802461776733398,0.026651632690429687,0.7737884605407714,0.7737884605407714,0.0,1.0,1.0,690.0,601.0,0.0,0.09988482296466827,0.2678874433040619,0.35131657123565674,1.291441559791565,1.0
dynamic,2,2,70,0.8092658348083496,0.7796198596954346,0.029645979154109953,0.772778463935852,0.772778463935852,0.0,1.0,1.0,700.0,601.0,0.0,0.09988482296466827,0.2678874433040619,0.35131657123565674,1.291441559791565,1.0
dynamic,2,2,71,0.8137511638641357,0.7819475482940674,0.03180361509025097,0.7716398918151856,0.7716398918151856,0.0,1.0,1.0,710.0,701.0,0.0,0.12312351167201996,0.2753288447856903,0.43572965264320374,1.3635092973709106,3.0
dynamic,2,2,72,0.8030280323028565,0.777638748550415,0.025389284300804137,0.7704941431045532,0.7704941431045532,0.0,1.0,1.0,720.0,701.0,0.0,0.12312351167201996,0.2753288447856903,0.43572965264320374,1.3635092973709106,3.0
dynamic,2,2,73,0.8105901424407959,0.778901686668396,0.031688451531529424,0.7694238729476929,0.7694238729476929,0.0,1.0,1.0,730.0,701.0,0.0,0.12312351167201996,0.2753288447856903,0.43572965264320374,1.3635092973709106,3.0
dynamic,2,2,74,0.8015295066833497,0.7725537404060364,0.028975768849253656,0.7684236520767211,0.7684236520767211,0.0,1.0,1.0,740.0,701.0,0.0,0.12312351167201996,0.2753288447856903,0.43572965264320374,1.3635092973709106,3.0
dynamic,2,2,75,0.7983655132293701,0.7730976451873779,0.025267862340807915,0.7676410562515259,0.7676410562515259,0.0,1.0,1.0,750.0,701.0,0.0,0.12312351167201996,0.2753288447856903,0.43572965264320374,1.3635092973709106,3.0
dynamic,2,2,76,0.8023315375328064,0.7714108873367309,0.030920652550458907,0.7665439289093018,0.7665439289093018,0.0,1.0,1.0,760.0,701.0,0.0,0.12312351167201996,0.2753288447856903,0.43572965264320374,1.3635092973709106,3.0
dynamic,2,2,77,0.7998834850311279,0.7732782323837281,0.026605247858166696,0.7657098781585694,0.7657098781585694,0.0,1.0,1.0,770.0,701.0,0.0,0.12312351167201996,0.2753288447856903,0.43572965264320374,1.3635092973709106,3.0
dynamic,2,2,78,0.7982737516403198,0.7688496218681335,0.029424124670028688,0.7648037065505982,0.7648037065505982,0.0,1.0,1.0,780.0,701.0,0.0,0.12312351167201996,0.2753288447856903,0.43572965264320374,1.3635092973709106,3.0
dynamic,2,2,79,0.8008247848510742,0.7719438738822937,0.028880912944674493,0.7639899879455566,0.7639899879455566,0.0,1.0,1.0,790.0,701.0,0.0,0.12312351167201996,0.2753288447856903,0.43572965264320374,1.3635092973709106,3.0
dynamic,2,2,80,0.8045539346694947,0.7725950706481933,0.03195886964201927,0.7630471071243287,0.7630471071243287,0.0,1.0,1.0,800.0,701.0,0.0,0.12312351167201996,0.2753288447856903,0.43572965264320374,1.3635092973709106,3.0
dynamic,2,2,81,0.8044616920471191,0.7722133516311646,0.03224833847284317,0.7624002750396729,0.7624002750396729,0.0,1.0,1.0,810.0,801.0,0.0,0.10277031362056732,0.28917795419692993,0.4051167964935303,1.1097222566604614,2.0
dynamic,2,2,82,0.8102054094314575,0.7792112891197205,0.030994133180379867,0.7615000162124633,0.7615000162124633,0.0,1.0,1.0,820.0,801.0,0.0,0.10277031362056732,0.28917795419692993,0.4051167964935303,1.1097222566604614,2.0
dynamic,2,2,83,0.802445379447937,0.7708164116859436,0.03162897033393383,0.7606997005462647,0.7606997005462647,0.0,1.0,1.0,830.0,801.0,0.0,0.10277031362056732,0.28917795419692993,0.4051167964935303,1.1097222566604614,2.0
dynamic,2,2,84,0.8047690710067749,0.769736100101471,0.03503297405838966,0.7602924095153809,0.7602924095153809,0.0,1.0,1.0,840.0,801.0,0.0,0.10277031362056732,0.28917795419692993,0.4051167964935303,1.1097222566604614,2.0
dynamic,2,2,85,0.8059473853111268,0.7702148640632629,0.035732518509030343,0.7592972911834717,0.7592972911834717,0.0,1.0,1.0,850.0,801.0,0.0,0.10277031362056732,0.28917795419692993,0.4051167964935303,1.1097222566604614,2.0
dynamic,2,2,86,0.7935872041702271,0.7626977504730225,0.030889455336332323,0.758513356590271,0.758513356590271,0.0,1.0,1.0,860.0,801.0,0.0,0.10277031362056732,0.28917795419692993,0.4051167964935303,1.1097222566604614,2.0
dynamic,2,2,87,0.7983648666381836,0.7615725750923157,0.03679229187965393,0.7577515176773071,0.7577515176773071,0.0,1.0,1.0,870.0,801.0,0.0,0.10277031362056732,0.28917795419692993,0.4051167964935303,1.1097222566604614,2.0
dynamic,2,2,88,0.8035221375465393,0.76841325674057,0.03510886772274971,0.757168726348877,0.757168726348877,0.0,1.0,1.0,880.0,801.0,0.0,0.10277031362056732,0.28917795419692993,0.4051167964935303,1.1097222566604614,2.0
dynamic,2,2,89,0.8011642743110656,0.760362800502777,0.04080147560238838,0.7563879014968872,0.7563879014968872,0.0,1.0,1.0,890.0,801.0,0.0,0.10277031362056732,0.28917795419692993,0.4051167964935303,1.1097222566604614,2.0
dynamic,2,2,90,0.7976576105117797,0.7603247560501099,0.03733284568786621,0.7557899244308471,0.7557899244308471,0.0,1.0,1.0,900.0,801.0,0.0,0.10277031362056732,0.28917795419692993,0.4051167964935303,1.1097222566604614,2.0
dynamic,2,2,91,0.8025532577514648,0.7665661577224732,0.03598710119724274,0.7550608570098877,0.7550608570098877,0.0,1.0,1.0,910.0,901.0,0.0,0.15732620656490326,0.4200602173805237,0.6675773859024048,3.0278329849243164,7.0
dynamic,2,2,92,0.8033732332229614,0.7610853037834168,0.042287932920455934,0.7544626213073731,0.7544626213073731,0.0,1.0,1.0,920.0,901.0,0.0,0.15732620656490326,0.4200602173805237,0.6675773859024048,3.0278329849243164,7.0
dynamic,2,2,93,0.8043123995780945,0.7622434112548828,0.04206898928880692,0.7537295108795166,0.7537295108795166,0.0,1.0,1.0,930.0,901.0,0.0,0.15732620656490326,0.4200602173805237,0.6675773859024048,3.0278329849243164,7.0
dynamic,2,2,94,0.8043105609893799,0.7635908960342407,0.0407196646630764,0.7531501216888428,0.7531501216888428,0.0,1.0,1.0,940.0,901.0,0.0,0.15732620656490326,0.4200602173805237,0.6675773859024048,3.0278329849243164,7.0
dynamic,2,2,95,0.8022006138801575,0.761037839794159,0.041162767547369,0.7524462488174438,0.7524462488174438,0.0,1.0,1.0,950.0,901.0,0.0,0.15732620656490326,0.4200602173805237,0.6675773859024048,3.0278329849243164,7.0
dynamic,2,2,96,0.8070512583732605,0.7618276064872742,0.04522364194393158,0.7519052537918091,0.7519052537918091,0.0,1.0,1.0,960.0,901.0,0.0,0.15732620656490326,0.4200602173805237,0.6675773859024048,3.0278329849243164,7.0
dynamic,2,2,97,0.8061917881011963,0.7680827660560607,0.03810902037620544,0.7516516529083251,0.7516516529083251,0.0,1.0,1.0,970.0,901.0,0.0,0.15732620656490326,0.4200602173805237,0.6675773859024048,3.0278329849243164,7.0
dynamic,2,2,98,0.8058626387596131,0.7620219347000122,0.043840701884031295,0.7512964286804199,0.7512964286804199,0.0,1.0,1.0,980.0,901.0,0.0,0.15732620656490326,0.4200602173805237,0.6675773859024048,3.0278329849243164,7.0
dynamic,2,2,99,0.8001279846191406,0.7579328355789184,0.042195140331983565,0.7503340169906616,0.7503340169906616,0.0,1.0,1.0,990.0,901.0,0.0,0.15732620656490326,0.4200602173805237,0.6675773859024048,3.0278329849243164,7.0
dynamic,2,2,100,0.807231336402893,0.7576188112258911,0.04961253007054329,0.7496512434005738,0.7496512434005738,0.0,1.0,1.0,1000.0,901.0,0.0,0.15732620656490326,0.4200602173805237,0.6675773859024048,3.0278329849243164,7.0
dynamic,2,2,101,0.8014771606445312,0.7536331513404846,0.047844003134965896,0.7491226518630981,0.7491226518630981,0.0,1.0,1.0,1010.0,1001.0,0.0,0.175958052277565,0.37833172082901,0.7286050319671631,2.0998153686523438,8.0
dynamic,2,2,102,0.8018766098976136,0.7569122509002686,0.04496435922384262,0.7485629257202149,0.7485629257202149,0.0,1.0,1.0,1020.0,1001.0,0.0,0.175958052277565,0.37833172082901,0.7286050319671631,2.0998153686523438,8.0
dynamic,2,2,103,0.8097269192695618,0.7628033981323242,0.046923527598381046,0.7480885162353516,0.7480885162353516,0.0,1.0,1.0,1030.0,1001.0,0.0,0.175958052277565,0.37833172082901,0.7286050319671631,2.0998153686523438,8.0
dynamic,2,2,104,0.8002707951545716,0.7566963648796081,0.04357442848086357,0.7476497743606567,0.7476497743606567,0.0,1.0,1.0,1040.0,1001.0,0.0,0.175958052277565,0.37833172082901,0.7286050319671631,2.0998153686523438,8.0
dynamic,2,2,105,0.803950668334961,0.7541496803283692,0.04980099433660507,0.7472137870788574,0.7472137870788574,0.0,1.0,1.0,1050.0,1001.0,0.0,0.175958052277565,0.37833172082901,0.7286050319671631,2.0998153686523438,8.0
dynamic,2,2,106,0.8117377159118653,0.756188349533081,0.0555493736743927,0.7467741060256958,0.7467741060256958,0.0,1.0,1.0,1060.0,1001.0,0.0,0.175958052277565,0.37833172082901,0.7286050319671631,2.0998153686523438,8.0
dynamic,2,2,107,0.8031015390396118,0.7569553922653198,0.046146151709556577,0.7463081907272339,0.7463081907272339,0.0,1.0,1.0,1070.0,1001.0,0.0,0.175958052277565,0.37833172082901,0.7286050319671631,2.0998153686523438,8.0
dynamic,2,2,108,0.8110746774673462,0.7582498418807984,0.052824841153621675,0.7460453453063964,0.7460453453063964,0.0,1.0,1.0,1080.0,1001.0,0.0,0.175958052277565,0.37833172082901,0.7286050319671631,2.0998153686523438,8.0
dynamic,2,2,109,0.8109245267868042,0.7581443957328796,0.052780137676000594,0.7455540206909179,0.7455540206909179,0.0,1.0,1.0,1090.0,1001.0,0.0,0.175958052277565,0.37833172082901,0.7286050319671631,2.0998153686523438,8.0
dynamic,2,2,110,0.8108748188972473,0.7601190391540528,0.05075577947497368,0.7451768001556397,0.7451768001556397,0.0,1.0,1.0,1100.0,1001.0,0.0,0.175958052277565,0.37833172082901,0.7286050319671631,2.0998153686523438,8.0
dynamic,2,2,111,0.8078739600181579,0.7519845517158509,0.055889407742023466,0.7447736927032471,0.7447736927032471,0.0,1.0,1.0,1110.0,1101.0,0.0,0.20317894220352173,0.5118694305419922,0.9470969438552856,2.326159715652466,12.0
dynamic,2,2,112,0.8074283955574035,0.7544264222145081,0.053001970112323764,0.744406844329834,0.744406844329834,0.0,1.0,1.0,1120.0,1101.0,0.0,0.20317894220352173,0.5118694305419922,0.9470969438552856,2.326159715652466,12.0
dynamic,2,2,113,0.8017943389892578,0.7515541325569153,0.05024021294116974,0.7439910104751587,0.7439910104751587,0.0,1.0,1.0,1130.0,1101.0,0.0,0.20317894220352173,0.5118694305419922,0.9470969438552856,2.326159715652466,12.0
dynamic,2,2,114,0.8061254675865174,0.7496126660346984,0.05651279324889183,0.7436278131484986,0.7436278131484986,0.0,1.0,1.0,1140.0,1101.0,0.0,0.20317894220352173,0.5118694305419922,0.9470969438552856,2.326159715652466,12.0
dynamic,2,2,115,0.8056211057662964,0.7564952867507935,0.04912581576108933,0.7432328050613404,0.7432328050613404,0.0,1.0,1.0,1150.0,1101.0,0.0,0.20317894220352173,0.5118694305419922,0.9470969438552856,2.326159715652466,12.0
dynamic,2,2,116,0.8044926330566406,0.7457319953918456,0.05876063957214356,0.7429108953475952,0.7429108953475952,0.0,1.0,1.0,1160.0,1101.0,0.0,0.20317894220352173,0.5118694305419922,0.9470969438552856,2.326159715652466,12.0
dynamic,2,2,117,0.7969280633926391,0.7477530758857727,0.04917497401833534,0.742647145652771,0.742647145652771,0.0,1.0,1.0,1170.0,1101.0,0.0,0.20317894220352173,0.5118694305419922,0.9470969438552856,2.326159715652466,12.0
dynamic,2,2,118,0.7992873980522156,0.746126058959961,0.05316133826375008,0.7422393486022949,0.7422393486022949,0.0,1.0,1.0,1180.0,1101.0,0.0,0.20317894220352173,0.5118694305419922,0.9470969438552856,2.326159715652466,12.0
dynamic,2,2,119,0.801336125087738,0.7472039761543274,0.05413214045166969,0.7419546533584594,0.7419546533584594,0.0,1.0,1.0,1190.0,1101.0,0.0,0.20317894220352173,0.5118694305419922,0.9470969438552856,2.326159715652466,12.0
dynamic,2,2,120,0.8013047826766968,0.7478909823417663,0.05341380004286766,0.7416084508895874,0.7416084508895874,0.0,1.0,1.0,1200.0,1101.0,0.0,0.20317894220352173,0.5118694305419922,0.9470969438552856,2.326159715652466,12.0
dynamic,2,2,121,0.8009384443283081,0.7435313710212708,0.05740707649588585,0.7411726114273072,0.7411726114273072,0.0,1.0,1.0,1210.0,1201.0,1.0,0.24671897292137146,0.5904238224029541,1.0889215469360352,3.5092172622680664,16.0
dynamic,2,2,122,0.8132187660217285,0.754256539440155,0.0589622189283371,0.7408434604644776,0.7408434604644776,0.0,1.0,1.0,1220.0,1201.0,1.0,0.24671897292137146,0.5904238224029541,1.0889215469360352,3.5092172622680664,16.0
dynamic,2,2,123,0.8050925384521485,0.7520511707305908,0.05304137445092201,0.74054716796875,0.74054716796875,0.0,1.0,1.0,1230.0,1201.0,1.0,0.24671897292137146,0.5904238224029541,1.0889215469360352,3.5092172622680664,16.0
dynamic,2,2,124,0.8034705732345581,0.7434379229545593,0.06003264998793602,0.7402418569564819,0.7402418569564819,0.0,1.0,1.0,1240.0,1201.0,1.0,0.24671897292137146,0.5904238224029541,1.0889215469360352,3.5092172622680664,16.0
dynamic,2,2,125,0.8068511904716492,0.7459174324989318,0.06093375884890556,0.7399053905487061,0.7399053905487061,0.0,1.0,1.0,1250.0,1201.0,1.0,0.24671897292137146,0.5904238224029541,1.0889215469360352,3.5092172622680664,16.0
dynamic,2,2,126,0.8129396204948425,0.7507290615081788,0.06221056219339371,0.7397167850494385,0.7397167850494385,0.0,1.0,1.0,1260.0,1201.0,1.0,0.24671897292137146,0.5904238224029541,1.0889215469360352,3.5092172622680664,16.0
dynamic,2,2,127,0.8101378519058228,0.7474273328781128,0.06271051745414734,0.7394127000808716,0.7394127000808716,0.0,1.0,1.0,1270.0,1201.0,1.0,0.24671897292137146,0.5904238224029541,1.0889215469360352,3.5092172622680664,16.0
dynamic,2,2,128,0.80405335521698,0.7495184156417847,0.05453494188785553,0.7391584714889526,0.7391584714889526,0.0,1.0,1.0,1280.0,1201.0,1.0,0.24671897292137146,0.5904238224029541,1.0889215469360352,3.5092172622680664,16.0
dynamic,2,2,129,0.8081126936912537,0.7461793838500976,0.06193331197500229,0.7388552267074585,0.7388552267074585,0.0,1.0,1.0,1290.0,1201.0,1.0,0.24671897292137146,0.5904238224029541,1.0889215469360352,3.5092172622680664,16.0
dynamic,2,2,130,0.8115034205436706,0.7522125849723816,0.059290834629535674,0.7386219419479371,0.7386219419479371,0.0,1.0,1.0,1300.0,1201.0,1.0,0.24671897292137146,0.5904238224029541,1.0889215469360352,3.5092172622680664,16.0
dynamic,2,2,131,0.7598766973495483,0.7270663214683533,0.03281038312017918,0.7057955039978028,0.7057955039978028,0.0,2.0,2.0,1310.0,1301.0,0.0,0.2779449224472046,0.7719104290008545,1.2848467826843262,5.19438362121582,20.0
dynamic,2,2,132,0.753216441822052,0.7237897750854492,0.029426677173376083,0.7062254796028137,0.7062254796028137,0.0,2.0,2.0,1320.0,1301.0,0.0,0.2779449224472046,0.7719104290008545,1.2848467826843262,5.19438362121582,20.0
dynamic,2,2,133,0.7460577109336853,0.7186081724166871,0.027449533769488336,0.7003909853935242,0.7003909853935242,0.0,2.0,2.0,1330.0,1301.0,0.0,0.2779449224472046,0.7719104290008545,1.2848467826843262,5.19438362121582,20.0
dynamic,2,2,134,0.7408313121795654,0.7149760937690735,0.025855218267440794,0.6943922115325928,0.6943922115325928,0.0,2.0,2.0,1340.0,1301.0,0.0,0.2779449224472046,0.7719104290008545,1.2848467826843262,5.19438362121582,20.0
dynamic,2,2,135,0.7362243006706238,0.7086753252029419,0.02754897271692753,0.6922366276741028,0.6922366276741028,0.0,2.0,2.0,1350.0,1301.0,0.0,0.2779449224472046,0.7719104290008545,1.2848467826843262,5.19438362121582,20.0
dynamic,2,2,136,0.7430662405967713,0.7062102467536926,0.036856001335382464,0.6866801784515381,0.6866801784515381,0.0,2.0,2.0,1360.0,1301.0,0.0,0.2779449224472046,0.7719104290008545,1.2848467826843262,5.19438362121582,20.0
dynamic,2,2,137,0.7388799686431885,0.704623779296875,0.034256186497211454,0.6884368101119995,0.6884368101119995,0.0,2.0,2.0,1370.0,1301.0,0.0,0.2779449224472046,0.7719104290008545,1.2848467826843262,5.19438362121582,20.0
dynamic,2,2,138,0.7317665796279907,0.6960568063735962,0.035709771245718,0.6825662612915039,0.6825662612915039,0.0,2.0,2.0,1380.0,1301.0,0.0,0.2779449224472046,0.7719104290008545,1.2848467826843262,5.19438362121582,20.0
dynamic,2,2,139,0.7259878390312194,0.6908785881996155,0.035109243470430374,0.6753614140510559,0.6753614140510559,0.0,2.0,2.0,1390.0,1301.0,0.0,0.2779449224472046,0.7719104290008545,1.2848467826843262,5.19438362121582,20.0
dynamic,2,2,140,0.7373340410232544,0.6979150628089905,0.03941898447275162,0.677345606136322,0.677345606136322,0.0,2.0,2.0,1400.0,1301.0,0.0,0.2779449224472046,0.7719104290008545,1.2848467826843262,5.19438362121582,20.0
dynamic,2,2,141,0.7177892731666565,0.6824495171546936,0.03533975697755814,0.669613429737091,0.669613429737091,0.0,2.0,2.0,1410.0,1301.0,0.0,0.2779449224472046,0.7719104290008545,1.2848467826843262,5.19438362121582,20.0
dynamic,2,2,142,0.7272130731582641,0.6878753770828248,0.0393376873254776,0.6724775573730469,0.6724775573730469,0.0,2.0,2.0,1420.0,1301.0,0.0,0.2779449224472046,0.7719104290008545,1.2848467826843262,5.19438362121582,20.0
dynamic,2,2,143,0.7176430645942689,0.6787664411544799,0.038876627558469774,0.66620827293396,0.66620827293396,0.0,2.0,2.0,1430.0,1301.0,0.0,0.2779449224472046,0.7719104290008545,1.2848467826843262,5.19438362121582,20.0
dynamic,2,2,144,0.7210526145935059,0.675318668460846,0.04573394916057587,0.676105292892456,0.676105292892456,0.0,2.0,2.0,1440.0,1301.0,0.0,0.2779449224472046,0.7719104290008545,1.2848467826843262,5.19438362121582,20.0
dynamic,2,2,145,0.7329381244659424,0.686651904296875,0.04628622441291809,0.6655230793952942,0.6655230793952942,0.0,2.0,2.0,1450.0,1301.0,0.0,0.2779449224472046,0.7719104290008545,1.2848467826843262,5.19438362121582,20.0
dynamic,2,2,146,0.706706601524353,0.6633788122177124,0.04332779377102852,0.6584845818519592,0.6584845818519592,0.0,2.0,2.0,1460.0,1301.0,0.0,0.2779449224472046,0.7719104290008545,1.2848467826843262,5.19438362121582,20.0
dynamic,2,2,147,0.7273662818908692,0.6821950752258301,0.04517121510505676,0.6691865738868713,0.6691865738868713,0.0,2.0,2.0,1470.0,1301.0,0.0,0.2779449224472046,0.7719104290008545,1.2848467826843262,5.19438362121582,20.0
dynamic,2,2,148,0.7130733577728271,0.667689495754242,0.04538385201096535,0.655963883304596,0.655963883304596,0.0,2.0,2.0,1480.0,1301.0,0.0,0.2779449224472046,0.7719104290008545,1.2848467826843262,5.19438362121582,20.0
dynamic,2,2,149,0.7152500298500061,0.6691925199508667,0.046057515645027164,0.6566667714118958,0.6566667714118958,0.0,2.0,2.0,1490.0,1301.0,0.0,0.2779449224472046,0.7719104290008545,1.2848467826843262,5.19438362121582,20.0
dynamic,2,2,150,0.7175964568138122,0.6677927763938903,0.04980368607640266,0.6481797949790955,0.6481797949790955,0.0,2.0,2.0,1500.0,1301.0,0.0,0.2779449224472046,0.7719104290008545,1.2848467826843262,5.19438362121582,20.0
dynamic,2,2,151,0.7116627873420716,0.667200675868988,0.04446211540102959,0.6462791209220886,0.6462791209220886,0.0,2.0,2.0,1510.0,1301.0,0.0,0.2779449224472046,0.7719104290008545,1.2848467826843262,5.19438362121582,20.0
dynamic,2,2,152,0.7200135339736938,0.6679870025634765,0.05202653269171715,0.6410929311752319,0.6410929311752319,0.0,2.0,2.0,1520.0,1301.0,0.0,0.2779449224472046,0.7719104290008545,1.2848467826843262,5.19438362121582,20.0
dynamic,2,2,153,0.7113821590423584,0.6679970227241516,0.043385133600234986,0.6579124855995179,0.6579124855995179,0.0,2.0,2.0,1530.0,1301.0,0.0,0.2779449224472046,0.7719104290008545,1.2848467826843262,5.19438362121582,20.0
dynamic,2,2,154,0.7057642797470093,0.650669069480896,0.055095222139358524,0.6421771774291992,0.6421771774291992,0.0,2.0,2.0,1540.0,1301.0,0.0,0.2779449224472046,0.7719104290008545,1.2848467826843262,5.19438362121582,20.0
dynamic,2,2,155,0.7067435658454895,0.659030153465271,0.0477134178340435,0.6441499395370484,0.6441499395370484,0.0,2.0,2.0,1550.0,1301.0,0.0,0.2779449224472046,0.7719104290008545,1.2848467826843262,5.19438362121582,20.0
dynamic,2,2,156,0.7021139533996582,0.6566623631477356,0.045451592451334,0.6388561659812927,0.6388561659812927,0.0,2.0,2.0,1560.0,1301.0,0.0,0.2779449224472046,0.7719104290008545,1.2848467826843262,5.19438362121582,20.0
dynamic,2,2,157,0.695599604511261,0.6506521787643432,0.04494743185043335,0.6463264964103699,0.6463264964103699,0.0,2.0,2.0,1570.0,1301.0,0.0,0.2779449224472046,0.7719104290008545,1.2848467826843262,5.19438362121582,20.0
dynamic,2,2,158,0.6973960312843323,0.6472004169464112,0.050195606952905654,0.6429966584205628,0.6429966584205628,0.0,2.0,2.0,1580.0,1301.0,0.0,0.2779449224472046,0.7719104290008545,1.2848467826843262,5.19438362121582,20.0
dynamic,2,2,159,0.7020877526283265,0.6550599446296692,0.04702780559659004,0.6461084966659546,0.6461084966659546,0.0,2.0,2.0,1590.0,1301.0,0.0,0.2779449224472046,0.7719104290008545,1.2848467826843262,5.19438362121582,20.0
dynamic,2,2,160,0.7020175427436829,0.6501001932144165,0.05191735069751739,0.6425569179534912,0.6425569179534912,0.0,2.0,2.0,1600.0,1301.0,0.0,0.2779449224472046,0.7719104290008545,1.2848467826843262,5.19438362121582,20.0
dynamic,2,2,161,0.6886353340148926,0.6445371868133545,0.04409815444946289,0.6367290804862976,0.6367290804862976,0.0,2.0,2.0,1610.0,1301.0,0.0,0.2779449224472046,0.7719104290008545,1.2848467826843262,5.19438362121582,20.0
dynamic,2,2,162,0.7035802822113038,0.6563821828842163,0.04719809535741806,0.633902818775177,0.633902818775177,0.0,2.0,2.0,1620.0,1301.0,0.0,0.2779449224472046,0.7719104290008545,1.2848467826843262,5.19438362121582,20.0
dynamic,2,2,163,0.7145860569953918,0.6595158601760864,0.05507020177841186,0.6381066570281982,0.6381066570281982,0.0,2.0,2.0,1630.0,1301.0,0.0,0.2779449224472046,0.7719104290008545,1.2848467826843262,5.19438362121582,20.0
dynamic,2,2,164,0.695751704120636,0.6462110014915466,0.04954069670438766,0.6314282718658447,0.6314282718658447,0.0,2.0,2.0,1640.0,1301.0,0.0,0.2779449224472046,0.7719104290008545,1.2848467826843262,5.19438362121582,20.0
dynamic,2,2,165,0.6886955434799195,0.6454705618858337,0.04322497919201851,0.6421674034118653,0.6421674034118653,0.0,2.0,2.0,1650.0,1301.0,0.0,0.2779449224472046,0.7719104290008545,1.2848467826843262,5.19438362121582,20.0
dynamic,2,2,166,0.7050558868408203,0.6450923566818237,0.059963531506061554,0.6369724232673645,0.6369724232673645,0.0,2.0,2.0,1660.0,1301.0,0.0,0.2779449224472046,0.7719104290008545,1.2848467826843262,5.19438362121582,20.0
dynamic,2,2,167,0.6989737268447876,0.6486263829231262,0.05034733996987343,0.6285700909614563,0.6285700909614563,0.0,2.0,2.0,1670.0,1301.0,0.0,0.2779449224472046,0.7719104290008545,1.2848467826843262,5.19438362121582,20.0
dynamic,2,2,168,0.7032909788131714,0.6448523569107055,0.05843862917423248,0.6332484416007995,0.6332484416007995,0.0,2.0,2.0,1680.0,1301.0,0.0,0.2779449224472046,0.7719104290008545,1.2848467826843262,5.19438362121582,20.0
dynamic,2,2,169,0.6932386169433594,0.6434095983505249,0.04982901383638382,0.6223833407402038,0.6223833407402038,0.0,2.0,2.0,1690.0,1301.0,0.0,0.2779449224472046,0.7719104290008545,1.2848467826843262,5.19438362121582,20.0
dynamic,2,2,170,0.6857660852432251,0.6373489378929138,0.04841715262532234,0.6269435215950012,0.6269435215950012,0.0,2.0,2.0,1700.0,1301.0,0.0,0.2779449224472046,0.7719104290008545,1.2848467826843262,5.19438362121582,20.0
dynamic,2,2,171,0.6976668633460998,0.6410774675369263,0.05658939484357834,0.6177877694129944,0.6177877694129944,0.0,2.0,2.0,1710.0,1301.0,0.0,0.2779449224472046,0.7719104290008545,1.2848467826843262,5.19438362121582,20.0
dynamic,2,2,172,0.6829825201034546,0.6311052965164184,0.051877223092317584,0.619362052822113,0.619362052822113,0.0,2.0,2.0,1720.0,1301.0,0.0,0.2779449224472046,0.7719104290008545,1.2848467826843262,5.19438362121582,20.0
dynamic,2,2,173,0.6845447993278504,0.6311158483505249,0.05342895036935806,0.6141594359397888,0.6141594359397888,0.0,2.0,2.0,1730.0,1301.0,0.0,0.2779449224472046,0.7719104290008545,1.2848467826843262,5.19438362121582,20.0
dynamic,2,2,174,0.687217821598053,0.6319205954551697,0.05529722766876221,0.627825517654419,0.627825517654419,0.0,2.0,2.0,1740.0,1301.0,0.0,0.2779449224472046,0.7719104290008545,1.2848467826843262,5.19438362121582,20.0
dynamic,2,2,175,0.695739230632782,0.6389004069328308,0.05683881891965866,0.6166333659172059,0.6166333659172059,0.0,2.0,2.0,1750.0,1301.0,0.0,0.2779449224472046,0.7719104290008545,1.2848467826843262,5.19438362121582,20.0
dynamic,2,2,176,0.6851494364738464,0.6362635486602783,0.04888588215708733,0.621789372253418,0.621789372253418,0.0,2.0,2.0,1760.0,1301.0,0.0,0.2779449224472046,0.7719104290008545,1.2848467826843262,5.19438362121582,20.0
dynamic,2,2,177,0.696660317516327,0.6376338046073914,0.059026518273353576,0.6263390731811523,0.6263390731811523,0.0,2.0,2.0,1770.0,1301.0,0.0,0.2779449224472046,0.7719104290008545,1.2848467826843262,5.19438362121582,20.0
dynamic,2,2,178,0.6922454776763916,0.6398075366020203,0.052437946301698686,0.6249949411392212,0.6249949411392212,0.0,2.0,2.0,1780.0,1301.0,0.0,0.2779449224472046,0.7719104290008545,1.2848467826843262,5.19438362121582,20.0
dynamic,2,2,179,0.6903020862579345,0.6348801567077637,0.0554219313442707,0.6228032000541687,0.6228032000541687,0.0,2.0,2.0,1790.0,1301.0,0.0,0.2779449224472046,0.7719104290008545,1.2848467826843262,5.19438362121582,20.0
dynamic,2,2,180,0.6836651317596436,0.629014994430542,0.05465013099908829,0.6164960309028625,0.6164960309028625,0.0,2.0,2.0,1800.0,1301.0,0.0,0.2779449224472046,0.7719104290008545,1.2848467826843262,5.19438362121582,20.0
dynamic,2,2,181,0.6820951063156128,0.6259148381233215,0.056180275642871855,0.6229331232070923,0.6229331232070923,0.0,2.0,2.0,1810.0,1301.0,0.0,0.2779449224472046,0.7719104290008545,1.2848467826843262,5.19438362121582,20.0
dynamic,2,2,182,0.6784858352661133,0.6262847341537475,0.05220109630823135,0.6137564747810363,0.6137564747810363,0.0,2.0,2.0,1820.0,1301.0,0.0,0.2779449224472046,0.7719104290008545,1.2848467826843262,5.19438362121582,20.0
dynamic,2,2,183,0.6878376260757446,0.6243171630859375,0.06352045632600785,0.6340049765586853,0.6340049765586853,0.0,2.0,2.0,1830.0,1301.0,0.0,0.2779449224472046,0.7719104290008545,1.2848467826843262,5.19438362121582,20.0
dynamic,2,2,184,0.676225594329834,0.6241480844497681,0.052077512013912204,0.6087046080589295,0.6087046080589295,0.0,2.0,2.0,1840.0,1301.0,0.0,0.2779449224472046,0.7719104290008545,1.2848467826843262,5.19438362121582,20.0
dynamic,2,2,185,0.6806428908348083,0.6266450784683227,0.0539978121638298,0.617474262046814,0.617474262046814,0.0,2.0,2.0,1850.0,1301.0,0.0,0.2779449224472046,0.7719104290008545,1.2848467826843262,5.19438362121582,20.0
dynamic,2,2,186,0.6826402125358582,0.6225227896690368,0.060117415529489515,0.6073569354057312,0.6073569354057312,0.0,2.0,2.0,1860.0,1301.0,0.0,0.2779449224472046,0.7719104290008545,1.2848467826843262,5.19438362121582,20.0
dynamic,2,2,187,0.6862873396873475,0.6313269716262817,0.05496037248373031,0.6086352684020996,0.6086352684020996,0.0,2.0,2.0,1870.0,1301.0,0.0,0.2779449224472046,0.7719104290008545,1.2848467826843262,5.19438362121582,20.0
dynamic,2,2,188,0.6774571452140808,0.618898272228241,0.05855887339115143,0.6038789727210998,0.6038789727210998,0.0,2.0,2.0,1880.0,1301.0,0.0,0.2779449224472046,0.7719104290008545,1.2848467826843262,5.19438362121582,20.0
dynamic,2,2,189,0.687183146572113,0.6304480002403259,0.05673514067530632,0.6149250091552735,0.6149250091552735,0.0,2.0,2.0,1890.0,1301.0,0.0,0.2779449224472046,0.7719104290008545,1.2848467826843262,5.19438362121582,20.0
dynamic,2,2,190,0.6721597520828247,0.6187876902580262,0.05337205376625061,0.6145443749427796,0.6145443749427796,0.0,2.0,2.0,1900.0,1301.0,0.0,0.2779449224472046,0.7719104290008545,1.2848467826843262,5.19438362121582,20.0
dynamic,2,2,191,0.6831584124565124,0.6186087980747222,0.06454961833357811,0.6109535099983215,0.6109535099983215,0.0,2.0,2.0,1910.0,1301.0,0.0,0.2779449224472046,0.7719104290008545,1.2848467826843262,5.19438362121582,20.0
dynamic,2,2,192,0.6754513668060302,0.6194478114128112,0.05600354987382889,0.5997777843475341,0.5997777843475341,0.0,2.0,2.0,1920.0,1301.0,0.0,0.2779449224472046,0.7719104290008545,1.2848467826843262,5.19438362121582,20.0
dynamic,2,2,193,0.6755182143211365,0.6198817343711853,0.055636477929353716,0.6078184978485107,0.6078184978485107,0.0,2.0,2.0,1930.0,1301.0,0.0,0.2779449224472046,0.7719104290008545,1.2848467826843262,5.19438362121582,20.0
dynamic,2,2,194,0.6761428819656372,0.6147325631141662,0.06141031557321548,0.6003709137916565,0.6003709137916565,0.0,2.0,2.0,1940.0,1301.0,0.0,0.2779449224472046,0.7719104290008545,1.2848467826843262,5.19438362121582,20.0
dynamic,2,2,195,0.6778652011871338,0.6211118888854981,0.05675331030488014,0.607664880657196,0.607664880657196,0.0,2.0,2.0,1950.0,1301.0,0.0,0.2779449224472046,0.7719104290008545,1.2848467826843262,5.19438362121582,20.0
dynamic,2,2,196,0.6708737538337708,0.6199181489944458,0.05095560290813446,0.5983137746810913,0.5983137746810913,0.0,2.0,2.0,1960.0,1301.0,0.0,0.2779449224472046,0.7719104290008545,1.2848467826843262,5.19438362121582,20.0
dynamic,2,2,197,0.665577068901062,0.6108443170547485,0.05473275034427643,0.5950307695388793,0.5950307695388793,0.0,2.0,2.0,1970.0,1301.0,0.0,0.2779449224472046,0.7719104290008545,1.2848467826843262,5.19438362121582,20.0
dynamic,2,2,198,0.6690006863594056,0.6123793768882752,0.05662130969762802,0.598459728050232,0.598459728050232,0.0,2.0,2.0,1980.0,1301.0,0.0,0.2779449224472046,0.7719104290008545,1.2848467826843262,5.19438362121582,20.0
dynamic,2,2,199,0.6711127317428589,0.6101030486106872,0.061009682369232175,0.6076282683372498,0.6076282683372498,0.0,2.0,2.0,1990.0,1301.0,0.0,0.2779449224472046,0.7719104290008545,1.2848467826843262,5.19438362121582,20.0
dynamic,2,2,200,0.6774494196891785,0.6170873650550842,0.06036206300258636,0.6111660424232483,0.6111660424232483,0.0,2.0,2.0,2000.0,1301.0,0.0,0.2779449224472046,0.7719104290008545,1.2848467826843262,5.19438362121582,20.0
dynamic,2,2,201,0.6650319149017334,0.6096957151412964,0.05533619693517685,0.5984073768615723,0.5984073768615723,0.0,2.0,2.0,2010.0,1301.0,0.0,0.2779449224472046,0.7719104290008545,1.2848467826843262,5.19438362121582,20.0
dynamic,2,2,202,0.6717862253189086,0.6156042572021484,0.0561819696187973,0.5935644509315491,0.5935644509315491,0.0,2.0,2.0,2020.0,1301.0,0.0,0.2779449224472046,0.7719104290008545,1.2848467826843262,5.19438362121582,20.0
dynamic,2,2,203,0.6715994934082031,0.6101351071357727,0.06146439434885979,0.5930728629112244,0.5930728629112244,0.0,2.0,2.0,2030.0,1301.0,0.0,0.2779449224472046,0.7719104290008545,1.2848467826843262,5.19438362121582,20.0
dynamic,2,2,204,0.6638459666252137,0.6109255053520203,0.05292046432495117,0.5930866159439087,0.5930866159439087,0.0,2.0,2.0,2040.0,1301.0,0.0,0.2779449224472046,0.7719104290008545,1.2848467826843262,5.19438362121582,20.0
dynamic,2,2,205,0.6728166672706604,0.6129873606681824,0.05982930469512939,0.5908990318298339,0.5908990318298339,0.0,2.0,2.0,2050.0,1301.0,0.0,0.2779449224472046,0.7719104290008545,1.2848467826843262,5.19438362121582,20.0
dynamic,2,2,206,0.6626161309242249,0.6091752431869507,0.05344088178873062,0.6060605030059815,0.6060605030059815,0.0,2.0,2.0,2060.0,1301.0,0.0,0.2779449224472046,0.7719104290008545,1.2848467826843262,5.19438362121582,20.0
dynamic,2,2,207,0.6631991586685181,0.6079166836738586,0.05528246873617172,0.5896036373138428,0.5896036373138428,0.0,2.0,2.0,2070.0,1301.0,0.0,0.2779449224472046,0.7719104290008545,1.2848467826843262,5.19438362121582,20.0
dynamic,2,2,208,0.6673600246429443,0.6058842915534973,0.06147573443651199,0.607668544960022,0.607668544960022,0.0,2.0,2.0,2080.0,1301.0,0.0,0.2779449224472046,0.7719104290008545,1.2848467826843262,5.19438362121582,20.0
dynamic,2,2,209,0.6697259747505188,0.6105770444869996,0.05914892483353615,0.6154151621818542,0.6154151621818542,0.0,2.0,2.0,2090.0,1301.0,0.0,0.2779449224472046,0.7719104290008545,1.2848467826843262,5.19438362121582,20.0
dynamic,2,2,210,0.6609395204544067,0.6088972472190857,0.05204227222800255,0.5953733990669251,0.5953733990669251,0.0,2.0,2.0,2100.0,1301.0,0.0,0.2779449224472046,0.7719104290008545,1.2848467826843262,5.19438362121582,20.0
dynamic,2,2,211,0.6669322944641113,0.6089746767044067,0.0579576168179512,0.6007829504966736,0.6007829504966736,0.0,2.0,2.0,2110.0,1301.0,0.0,0.2779449224472046,0.7719104290008545,1.2848467826843262,5.19438362121582,20.0
dynamic,2,2,212,0.6619025602340698,0.6048535336494446,0.057049021130800244,0.5857969758987427,0.5857969758987427,0.0,2.0,2.0,2120.0,1301.0,0.0,0.2779449224472046,0.7719104290008545,1.2848467826843262,5.19438362121582,20.0
dynamic,2,2,213,0.6644952283859253,0.6007306874275208,0.06376455103158951,0.6066295809745789,0.6066295809745789,0.0,2.0,2.0,2130.0,1301.0,0.0,0.2779449224472046,0.7719104290008545,1.2848467826843262,5.19438362121582,20.0
dynamic,2,2,214,0.6598123936653137,0.6041793889045716,0.055633007276058195,0.5871543567657471,0.5871543567657471,0.0,2.0,2.0,2140.0,1301.0,0.0,0.2779449224472046,0.7719104290008545,1.2848467826843262,5.19438362121582,20.0
dynamic,2,2,215,0.6651661093711853,0.5999070710182189,0.06525904378294944,0.5915482979774475,0.5915482979774475,0.0,2.0,2.0,2150.0,1301.0,0.0,0.2779449224472046,0.7719104290008545,1.2848467826843262,5.19438362121582,20.0
dynamic,2,2,216,0.6565174718856811,0.6037806735038758,0.052736803948879245,0.5849751190185547,0.5849751190185547,0.0,2.0,2.0,2160.0,1301.0,0.0,0.2779449224472046,0.7719104290008545,1.2848467826843262,5.19438362121582,20.0
dynamic,2,2,217,0.6732518328666687,0.6155246025085449,0.05772722207903862,0.5958210201263427,0.5958210201263427,0.0,2.0,2.0,2170.0,1301.0,0.0,0.2779449224472046,0.7719104290008545,1.2848467826843262,5.19438362121582,20.0
dynamic,2,2,218,0.6585264862060547,0.6001819365501404,0.05834454007148743,0.5799839748382568,0.5799839748382568,0.0,2.0,2.0,2180.0,1301.0,0.0,0.2779449224472046,0.7719104290008545,1.2848467826843262,5.19438362121582,20.0
dynamic,2,2,219,0.6588297722816467,0.6010688561439514,0.057760917216539386,0.5901436000823974,0.5901436000823974,0.0,2.0,2.0,2190.0,1301.0,0.0,0.2779449224472046,0.7719104290008545,1.2848467826843262,5.19438362121582,20.0
dynamic,2,2,220,0.6568448317527771,0.6003354452133178,0.056509389835596086,0.5863712713241577,0.5863712713241577,0.0,2.0,2.0,2200.0,1301.0,0.0,0.2779449224472046,0.7719104290008545,1.2848467826843262,5.19438362121582,20.0
dynamic,2,2,221,0.6702439212799072,0.6093549199104309,0.0608889967918396,0.5910959750175476,0.5910959750175476,0.0,2.0,2.0,2210.0,1301.0,0.0,0.2779449224472046,0.7719104290008545,1.2848467826843262,5.19438362121582,20.0
dynamic,2,2,222,0.6474129350662231,0.5931921216964722,0.054220805966854094,0.5834698531150818,0.5834698531150818,0.0,2.0,2.0,2220.0,1301.0,0.0,0.2779449224472046,0.7719104290008545,1.2848467826843262,5.19438362121582,20.0
dynamic,2,2,223,0.6548680604934692,0.5987498472213745,0.056118208289146425,0.5875807384490966,0.5875807384490966,0.0,2.0,2.0,2230.0,1301.0,0.0,0.2779449224472046,0.7719104290008545,1.2848467826843262,5.19438362121582,20.0
dynamic,2,2,224,0.6567195504188538,0.6002637212753296,0.056455836367607114,0.588681684589386,0.588681684589386,0.0,2.0,2.0,2240.0,1301.0,0.0,0.2779449224472046,0.7719104290008545,1.2848467826843262,5.19438362121582,20.0
dynamic,2,2,225,0.6531833324432373,0.5976610239982605,0.055522310507297515,0.5935779614448548,0.5935779614448548,0.0,2.0,2.0,2250.0,1301.0,0.0,0.2779449224472046,0.7719104290008545,1.2848467826843262,5.19438362121582,20.0
dynamic,2,2,226,0.6506678045272827,0.5939984904289246,0.056669318610429766,0.5816098023414612,0.5816098023414612,0.0,2.0,2.0,2260.0,1301.0,0.0,0.2779449224472046,0.7719104290008545,1.2848467826843262,5.19438362121582,20.0
dynamic,2,2,227,0.6633210935592652,0.6012692213058471,0.062051882350444794,0.5785943452835083,0.5785943452835083,0.0,2.0,2.0,2270.0,1301.0,0.0,0.2779449224472046,0.7719104290008545,1.2848467826843262,5.19438362121582,20.0
dynamic,2,2,228,0.6578421248435974,0.600650856590271,0.05719127408862114,0.5838364266395569,0.5838364266395569,0.0,2.0,2.0,2280.0,1301.0,0.0,0.2779449224472046,0.7719104290008545,1.2848467826843262,5.19438362121582,20.0
dynamic,2,2,229,0.6682968370437622,0.6058466969490052,0.06245013318061829,0.58545331325531,0.58545331325531,0.0,2.0,2.0,2290.0,1301.0,0.0,0.2779449224472046,0.7719104290008545,1.2848467826843262,5.19438362121582,20.0
dynamic,2,2,230,0.655113952255249,0.5977009784698486,0.05741297549009323,0.5782633648872375,0.5782633648872375,0.0,2.0,2.0,2300.0,1301.0,0.0,0.2779449224472046,0.7719104290008545,1.2848467826843262,5.19438362121582,20.0
dynamic,2,2,231,0.6490969079971314,0.5981418381690979,0.05095506742596626,0.5840480424880982,0.5840480424880982,0.0,2.0,2.0,2310.0,1301.0,0.0,0.2779449224472046,0.7719104290008545,1.2848467826843262,5.19438362121582,20.0
dynamic,2,2,232,0.6608839672088623,0.5975631984710693,0.06332077293395996,0.5891963899612427,0.5891963899612427,0.0,2.0,2.0,2320.0,1301.0,0.0,0.2779449224472046,0.7719104290008545,1.2848467826843262,5.19438362121582,20.0
dynamic,2,2,233,0.6516750133514404,0.5931392702102661,0.05853574504852295,0.5846479302406311,0.5846479302406311,0.0,2.0,2.0,2330.0,1301.0,0.0,0.2779449224472046,0.7719104290008545,1.2848467826843262,5.19438362121582,20.0
dynamic,2,2,234,0.6495882918357849,0.5927589678764343,0.05682931749820709,0.5729544816017151,0.5729544816017151,0.0,2.0,2.0,2340.0,1301.0,0.0,0.2779449224472046,0.7719104290008545,1.2848467826843262,5.19438362121582,20.0
dynamic,2,2,235,0.6507991107940674,0.5859516805648803,0.06484741779565811,0.585727902507782,0.585727902507782,0.0,2.0,2.0,2350.0,1301.0,0.0,0.2779449224472046,0.7719104290008545,1.2848467826843262,5.19438362121582,20.0
dynamic,2,2,236,0.6518027005195618,0.601125598526001,0.05067710634469986,0.5830737451553345,0.5830737451553345,0.0,2.0,2.0,2360.0,1301.0,0.0,0.2779449224472046,0.7719104290008545,1.2848467826843262,5.19438362121582,20.0
dynamic,2,2,237,0.6657776003837585,0.6030069929122924,0.06277060588002205,0.5775619717597962,0.5775619717597962,0.0,2.0,2.0,2370.0,1301.0,0.0,0.2779449224472046,0.7719104290008545,1.2848467826843262,5.19438362121582,20.0
dynamic,2,2,238,0.6458727763175964,0.5882496870994568,0.05762308869957924,0.5800134137153625,0.5800134137153625,0.0,2.0,2.0,2380.0,1301.0,0.0,0.2779449224472046,0.7719104290008545,1.2848467826843262,5.19438362121582,20.0
dynamic,2,2,239,0.6573166046142578,0.5935317190170288,0.06378488422632217,0.5769801788330078,0.5769801788330078,0.0,2.0,2.0,2390.0,1301.0,0.0,0.2779449224472046,0.7719104290008545,1.2848467826843262,5.19438362121582,20.0
dynamic,2,2,240,0.6525076991081238,0.5996432389259339,0.05286446325778961,0.5762441145896912,0.5762441145896912,0.0,2.0,2.0,2400.0,1301.0,0.0,0.2779449224472046,0.7719104290008545,1.2848467826843262,5.19438362121582,20.0
dynamic,2,2,241,0.6555488288879394,0.5918586054801941,0.06369022255539894,0.5770972309112549,0.5770972309112549,0.0,2.0,2.0,2410.0,1301.0,0.0,0.2779449224472046,0.7719104290008545,1.2848467826843262,5.19438362121582,20.0
dynamic,2,2,242,0.6524881976127624,0.5968626236915588,0.055625574123859406,0.5691357036590576,0.5691357036590576,0.0,2.0,2.0,2420.0,1301.0,0.0,0.2779449224472046,0.7719104290008545,1.2848467826843262,5.19438362121582,20.0
dynamic,2,2,243,0.6590632286071777,0.6017868130683899,0.05727641834616661,0.5774029453277588,0.5774029453277588,0.0,2.0,2.0,2430.0,1301.0,0.0,0.2779449224472046,0.7719104290008545,1.2848467826843262,5.19438362121582,20.0
dynamic,2,2,244,0.6405844589233398,0.5824691794395447,0.05811527180671692,0.5696154897689819,0.5696154897689819,0.0,2.0,2.0,2440.0,1301.0,0.0,0.2779449224472046,0.7719104290008545,1.2848467826843262,5.19438362121582,20.0
dynamic,2,2,245,0.646993516254425,0.594531645488739,0.05246187572479248,0.5729291790008545,0.5729291790008545,0.0,2.0,2.0,2450.0,1301.0,0.0,0.2779449224472046,0.7719104290008545,1.2848467826843262,5.19438362121582,20.0
dynamic,2,2,246,0.6365913372039795,0.5783682055473328,0.05822312113046646,0.5771853446006775,0.5771853446006775,0.0,2.0,2.0,2460.0,1301.0,0.0,0.2779449224472046,0.7719104290008545,1.2848467826843262,5.19438362121582,20.0
dynamic,2,2,247,0.653096787071228,0.5951261589050293,0.057970631688833235,0.5731794432640076,0.5731794432640076,0.0,2.0,2.0,2470.0,1301.0,0.0,0.2779449224472046,0.7719104290008545,1.2848467826843262,5.19438362121582,20.0
dynamic,2,2,248,0.6390112203598023,0.5853491809844971,0.05366204256415367,0.568780322265625,0.568780322265625,0.0,2.0,2.0,2480.0,1301.0,0.0,0.2779449224472046,0.7719104290008545,1.2848467826843262,5.19438362121582,20.0
dynamic,2,2,249,0.6546783774375916,0.5890692496299743,0.06560912542939186,0.5804276200294495,0.5804276200294495,0.0,2.0,2.0,2490.0,1301.0,0.0,0.2779449224472046,0.7719104290008545,1.2848467826843262,5.19438362121582,20.0
dynamic,2,2,250,0.6468845805168152,0.5879301490783692,0.058954422640800475,0.5842893942832946,0.5842893942832946,0.0,2.0,2.0,2500.0,1301.0,0.0,0.2779449224472046,0.7719104290008545,1.2848467826843262,5.19438362121582,20.0
dynamic,2,2,251,0.658179263305664,0.595100490951538,0.06307877197265625,0.5671207520484924,0.5671207520484924,0.0,2.0,2.0,2510.0,1301.0,0.0,0.2779449224472046,0.7719104290008545,1.2848467826843262,5.19438362121582,20.0
dynamic,2,2,252,0.6460653693199158,0.5862991539955139,0.059766217589378355,0.574479347896576,0.574479347896576,0.0,2.0,2.0,2520.0,1301.0,0.0,0.2779449224472046,0.7719104290008545,1.2848467826843262,5.19438362121582,20.0
dynamic,2,2,253,0.6419923272132874,0.5821263624668122,0.05986596705913544,0.5712456358909607,0.5712456358909607,0.0,2.0,2.0,2530.0,1301.0,0.0,0.2779449224472046,0.7719104290008545,1.2848467826843262,5.19438362121582,20.0
dynamic,2,2,254,0.6436695244789123,0.5879932861328125,0.05567624590992928,0.5678693189620971,0.5678693189620971,0.0,2.0,2.0,2540.0,1301.0,0.0,0.2779449224472046,0.7719104290008545,1.2848467826843262,5.19438362121582,20.0
dynamic,2,2,255,0.6482614248275756,0.5872689118385315,0.06099250912666321,0.5738559482574462,0.5738559482574462,0.0,2.0,2.0,2550.0,1301.0,0.0,0.2779449224472046,0.7719104290008545,1.2848467826843262,5.19438362121582,20.0
dynamic,2,2,256,0.649931196975708,0.5903394861221314,0.05959170762300491,0.5948532575607299,0.5948532575607299,0.0,2.0,2.0,2560.0,1301.0,0.0,0.2779449224472046,0.7719104290008545,1.2848467826843262,5.19438362121582,20.0
dynamic,2,2,257,0.6497019933700562,0.5941278971672058,0.055574099862575534,0.5830004315376281,0.5830004315376281,0.0,2.0,2.0,2570.0,1301.0,0.0,0.2779449224472046,0.7719104290008545,1.2848467826843262,5.19438362121582,20.0
dynamic,2,2,258,0.6566435423851014,0.5902757152557373,0.06636783341169357,0.5745785813331604,0.5745785813331604,0.0,2.0,2.0,2580.0,1301.0,0.0,0.2779449224472046,0.7719104290008545,1.2848467826843262,5.19438362121582,20.0
dynamic,2,2,259,0.641570247745514,0.5874013845443725,0.0541688504755497,0.5714346543312073,0.5714346543312073,0.0,2.0,2.0,2590.0,1301.0,0.0,0.2779449224472046,0.7719104290008545,1.2848467826843262,5.19438362121582,20.0
dynamic,2,2,260,0.6592947798728943,0.6006616870880127,0.058633093410730364,0.5733054198265076,0.5733054198265076,0.0,2.0,2.0,2600.0,1301.0,0.0,0.2779449224472046,0.7719104290008545,1.2848467826843262,5.19438362121582,20.0
dynamic,2,2,261,0.6445943900108337,0.5874851069450379,0.05710928057432175,0.5705344679832458,0.5705344679832458,0.0,2.0,2.0,2610.0,1301.0,0.0,0.2779449224472046,0.7719104290008545,1.2848467826843262,5.19438362121582,20.0
dynamic,2,2,262,0.651812843132019,0.5869815144538879,0.06483132805228234,0.5668978881835938,0.5668978881835938,0.0,2.0,2.0,2620.0,1301.0,0.0,0.2779449224472046,0.7719104290008545,1.2848467826843262,5.19438362121582,20.0
dynamic,2,2,263,0.6281717901229859,0.5746081813812256,0.05356361850500107,0.5616087018013001,0.5616087018013001,0.0,2.0,2.0,2630.0,1301.0,0.0,0.2779449224472046,0.7719104290008545,1.2848467826843262,5.19438362121582,20.0
dynamic,2,2,264,0.656357921218872,0.5941091362953186,0.06224878151416779,0.578680642414093,0.578680642414093,0.0,2.0,2.0,2640.0,1301.0,0.0,0.2779449224472046,0.7719104290008545,1.2848467826843262,5.19438362121582,20.0
dynamic,2,2,265,0.6408903393745422,0.5816872001647949,0.05920313830971718,0.5764606793403626,0.5764606793403626,0.0,2.0,2.0,2650.0,1301.0,0.0,0.2779449224472046,0.7719104290008545,1.2848467826843262,5.19438362121582,20.0
dynamic,2,2,266,0.6319672452926636,0.5804182612419129,0.05154899287223816,0.560449633693695,0.560449633693695,0.0,2.0,2.0,2660.0,1301.0,0.0,0.2779449224472046,0.7719104290008545,1.2848467826843262,5.19438362121582,20.0
dynamic,2,2,267,0.6504183267593384,0.5864837989807129,0.06393451364040374,0.6418003966331481,0.6418003966331481,0.0,2.0,2.0,2670.0,1301.0,0.0,0.2779449224472046,0.7719104290008545,1.2848467826843262,5.19438362121582,20.0
dynamic,2,2,268,0.6458558388710022,0.5917505537986756,0.05410528507232666,0.5668470398902893,0.5668470398902893,0.0,2.0,2.0,2680.0,1301.0,0.0,0.2779449224472046,0.7719104290008545,1.2848467826843262,5.19438362121582,20.0
dynamic,2,2,269,0.6412108787536621,0.5837696628570557,0.05744121044278145,0.5784753761291503,0.5784753761291503,0.0,2.0,2.0,2690.0,1301.0,0.0,0.2779449224472046,0.7719104290008545,1.2848467826843262,5.19438362121582,20.0
dynamic,2,2,270,0.6451330978393555,0.5849619563102723,0.06017114857435227,0.5681438338279724,0.5681438338279724,0.0,2.0,2.0,2700.0,1301.0,0.0,0.2779449224472046,0.7719104290008545,1.2848467826843262,5.19438362121582,20.0
dynamic,2,2,271,0.6382570426940918,0.581941803264618,0.05631524118185043,0.5611775404930115,0.5611775404930115,0.0,2.0,2.0,2710.0,1301.0,0.0,0.2779449224472046,0.7719104290008545,1.2848467826843262,5.19438362121582,20.0
dynamic,2,2,272,0.6329258108139038,0.5773148691177368,0.05561094207763672,0.5864295698165893,0.5864295698165893,0.0,2.0,2.0,2720.0,1301.0,0.0,0.2779449224472046,0.7719104290008545,1.2848467826843262,5.19438362121582,20.0
dynamic,2,2,273,0.6490971855163574,0.5926692193984985,0.05642797468900681,0.5678787117958068,0.5678787117958068,0.0,2.0,2.0,2730.0,1301.0,0.0,0.2779449224472046,0.7719104290008545,1.2848467826843262,5.19438362121582,20.0
dynamic,2,2,274,0.6376074841499328,0.5816419199943542,0.055965560430288316,0.5671418942451477,0.5671418942451477,0.0,2.0,2.0,2740.0,1301.0,0.0,0.2779449224472046,0.7719104290008545,1.2848467826843262,5.19438362121582,20.0
dynamic,2,2,275,0.6399721838951111,0.5887927096366883,0.05117947412133217,0.5597078744888305,0.5597078744888305,0.0,2.0,2.0,2750.0,1301.0,0.0,0.2779449224472046,0.7719104290008545,1.2848467826843262,5.19438362121582,20.0
dynamic,2,2,276,0.6395889979362488,0.5800545061111451,0.059534493035078045,0.559033993434906,0.559033993434906,0.0,2.0,2.0,2760.0,1301.0,0.0,0.2779449224472046,0.7719104290008545,1.2848467826843262,5.19438362121582,20.0
dynamic,2,2,277,0.6324816395759583,0.5830608448505402,0.04942078958749771,0.5783636147499085,0.5783636147499085,0.0,2.0,2.0,2770.0,1301.0,0.0,0.2779449224472046,0.7719104290008545,1.2848467826843262,5.19438362121582,20.0
dynamic,2,2,278,0.6383185214996338,0.5808212557792664,0.0574972626209259,0.5669812323570251,0.5669812323570251,0.0,2.0,2.0,2780.0,1301.0,0.0,0.2779449224472046,0.7719104290008545,1.2848467826843262,5.19438362121582,20.0
dynamic,2,2,279,0.6387196736335754,0.5823302526473999,0.05638941690325737,0.5688546333312988,0.5688546333312988,0.0,2.0,2.0,2790.0,1301.0,0.0,0.2779449224472046,0.7719104290008545,1.2848467826843262,5.19438362121582,20.0
dynamic,2,2,280,0.6475728393554687,0.5887917596817016,0.05878108175992966,0.5742187871932983,0.5742187871932983,0.0,2.0,2.0,2800.0,1301.0,0.0,0.2779449224472046,0.7719104290008545,1.2848467826843262,5.19438362121582,20.0
dynamic,2,2,281,0.636987742137909,0.584447019290924,0.05254072378873825,0.5689833079338074,0.5689833079338074,0.0,2.0,2.0,2810.0,1301.0,0.0,0.2779449224472046,0.7719104290008545,1.2848467826843262,5.19438362121582,20.0
dynamic,2,2,282,0.6231327308654785,0.5688609330177307,0.054271800583600996,0.5586807232856751,0.5586807232856751,0.0,2.0,2.0,2820.0,1301.0,0.0,0.2779449224472046,0.7719104290008545,1.2848467826843262,5.19438362121582,20.0
dynamic,2,2,283,0.6266202271461487,0.5729998831748963,0.053620341658592224,0.5568192781448364,0.5568192781448364,0.0,2.0,2.0,2830.0,1301.0,0.0,0.2779449224472046,0.7719104290008545,1.2848467826843262,5.19438362121582,20.0
dynamic,2,2,284,0.6328701575279236,0.5750237071990967,0.057846450686454776,0.5642958191871643,0.5642958191871643,0.0,2.0,2.0,2840.0,1301.0,0.0,0.2779449224472046,0.7719104290008545,1.2848467826843262,5.19438362121582,20.0
dynamic,2,2,285,0.6428876004219055,0.5865494797706604,0.05633811944127083,0.5677029838562012,0.5677029838562012,0.0,2.0,2.0,2850.0,1301.0,0.0,0.2779449224472046,0.7719104290008545,1.2848467826843262,5.19438362121582,20.0
dynamic,2,2,286,0.6451176595687866,0.5840618334770202,0.06105583320260048,0.5718329662322998,0.5718329662322998,0.0,2.0,2.0,2860.0,1301.0,0.0,0.2779449224472046,0.7719104290008545,1.2848467826843262,5.19438362121582,20.0
dynamic,2,2,287,0.6330972399711609,0.5820224328994751,0.05107480166554451,0.5667654713630677,0.5667654713630677,0.0,2.0,2.0,2870.0,1301.0,0.0,0.2779449224472046,0.7719104290008545,1.2848467826843262,5.19438362121582,20.0
dynamic,2,2,288,0.6240734643936158,0.5733521250724792,0.05072134585380554,0.5535346185684205,0.5535346185684205,0.0,2.0,2.0,2880.0,1301.0,0.0,0.2779449224472046,0.7719104290008545,1.2848467826843262,5.19438362121582,20.0
dynamic,2,2,289,0.6354761754989624,0.578591361618042,0.056884824132919315,0.5522435376167297,0.5522435376167297,0.0,2.0,2.0,2890.0,1301.0,0.0,0.2779449224472046,0.7719104290008545,1.2848467826843262,5.19438362121582,20.0
dynamic,2,2,290,0.6385519643783569,0.5791658580780029,0.05938610271215439,0.565679787158966,0.565679787158966,0.0,2.0,2.0,2900.0,1301.0,0.0,0.2779449224472046,0.7719104290008545,1.2848467826843262,5.19438362121582,20.0
dynamic,2,2,291,0.6417722220420837,0.5796355606079101,0.06213666565418243,0.5682939225196838,0.5682939225196838,0.0,2.0,2.0,2910.0,1301.0,0.0,0.2779449224472046,0.7719104290008545,1.2848467826843262,5.19438362121582,20.0
dynamic,2,2,292,0.6395651064872742,0.5859269124031067,0.0536381854891777,0.5569536938667298,0.5569536938667298,0.0,2.0,2.0,2920.0,1301.0,0.0,0.2779449224472046,0.7719104290008545,1.2848467826843262,5.19438362121582,20.0
dynamic,2,2,293,0.6405287951469422,0.5817411347389221,0.058787647211551664,0.5645688381195069,0.5645688381195069,0.0,2.0,2.0,2930.0,1301.0,0.0,0.2779449224472046,0.7719104290008545,1.2848467826843262,5.19438362121582,20.0
dynamic,2,2,294,0.6325643103599549,0.5776340540885925,0.054930255126953126,0.5685535343170166,0.5685535343170166,0.0,2.0,2.0,2940.0,1301.0,0.0,0.2779449224472046,0.7719104290008545,1.2848467826843262,5.19438362121582,20.0
dynamic,2,2,295,0.6327457232475281,0.5791749053001404,0.05357082351446152,0.5716016788482666,0.5716016788482666,0.0,2.0,2.0,2950.0,1301.0,0.0,0.2779449224472046,0.7719104290008545,1.2848467826843262,5.19438362121582,20.0
dynamic,2,2,296,0.6273774115562439,0.5699098027229309,0.05746761989593506,0.5623928586959839,0.5623928586959839,0.0,2.0,2.0,2960.0,1301.0,0.0,0.2779449224472046,0.7719104290008545,1.2848467826843262,5.19438362121582,20.0
dynamic,2,2,297,0.6333120015144348,0.5826549285888671,0.050657076132297515,0.5548957788467407,0.5548957788467407,0.0,2.0,2.0,2970.0,1301.0,0.0,0.2779449224472046,0.7719104290008545,1.2848467826843262,5.19438362121582,20.0
dynamic,2,2,298,0.6538863985061646,0.5879062154769897,0.0659801715195179,0.5616588148117065,0.5616588148117065,0.0,2.0,2.0,2980.0,1301.0,0.0,0.2779449224472046,0.7719104290008545,1.2848467826843262,5.19438362121582,20.0
dynamic,2,2,299,0.6285331902503968,0.5782874745368958,0.05024571340084076,0.5602788961410522,0.5602788961410522,0.0,2.0,2.0,2990.0,1301.0,0.0,0.2779449224472046,0.7719104290008545,1.2848467826843262,5.19438362121582,20.0
dynamic,2,2,300,0.6245348999023438,0.5634835418701172,0.06105135219693184,0.5589067894935608,0.5589067894935608,0.0,2.0,2.0,3000.0,1301.0,0.0,0.2779449224472046,0.7719104290008545,1.2848467826843262,5.19438362121582,20.0
dynamic,2,2,301,0.6360621613502503,0.5788887160301208,0.057173456609249114,0.5612289806365967,0.5612289806365967,0.0,2.0,2.0,3010.0,1301.0,0.0,0.2779449224472046,0.7719104290008545,1.2848467826843262,5.19438362121582,20.0
dynamic,2,2,302,0.6214438261985779,0.5700668471336364,0.051376982498168945,0.5563357657432556,0.5563357657432556,0.0,2.0,2.0,3020.0,1301.0,0.0,0.2779449224472046,0.7719104290008545,1.2848467826843262,5.19438362121582,20.0
dynamic,2,2,303,0.6324770877838135,0.5724152600288391,0.06006182804703712,0.5683169760704041,0.5683169760704041,0.0,2.0,2.0,3030.0,1301.0,0.0,0.2779449224472046,0.7719104290008545,1.2848467826843262,5.19438362121582,20.0
dynamic,2,2,304,0.6261104768753052,0.5755007429122925,0.05060974558591843,0.5549834086418152,0.5549834086418152,0.0,2.0,2.0,3040.0,1301.0,0.0,0.2779449224472046,0.7719104290008545,1.2848467826843262,5.19438362121582,20.0
dynamic,2,2,305,0.6199244210243225,0.562742147064209,0.057182266914844515,0.5497667442321778,0.5497667442321778,0.0,2.0,2.0,3050.0,1301.0,0.0,0.2779449224472046,0.7719104290008545,1.2848467826843262,5.19438362121582,20.0
dynamic,2,2,306,0.632180606174469,0.5753174960613251,0.05686309920549393,0.5645667327880859,0.5645667327880859,0.0,2.0,2.0,3060.0,1301.0,0.0,0.2779449224472046,0.7719104290008545,1.2848467826843262,5.19438362121582,20.0
dynamic,2,2,307,0.6315236351966858,0.5743902903556823,0.05713333932161331,0.5571472856521607,0.5571472856521607,0.0,2.0,2.0,3070.0,1301.0,0.0,0.2779449224472046,0.7719104290008545,1.2848467826843262,5.19438362121582,20.0
dynamic,2,2,308,0.6291490470886231,0.5715241885662079,0.05762486157417297,0.5639731360435486,0.5639731360435486,0.0,2.0,2.0,3080.0,1301.0,0.0,0.2779449224472046,0.7719104290008545,1.2848467826843262,5.19438362121582,20.0
dynamic,2,2,309,0.6473506277084351,0.5899054826736451,0.057445141196250916,0.5609441732406616,0.5609441732406616,0.0,2.0,2.0,3090.0,1301.0,0.0,0.2779449224472046,0.7719104290008545,1.2848467826843262,5.19438362121582,20.0
dynamic,2,2,310,0.6379993493080139,0.5798783327102661,0.05812102467417717,0.5589888575553894,0.5589888575553894,0.0,2.0,2.0,3100.0,1301.0,0.0,0.2779449224472046,0.7719104290008545,1.2848467826843262,5.19438362121582,20.0
dynamic,2,2,311,0.625245991230011,0.5713155056953431,0.0539304889023304,0.551142042350769,0.551142042350769,0.0,2.0,2.0,3110.0,1301.0,0.0,0.2779449224472046,0.7719104290008545,1.2848467826843262,5.19438362121582,20.0
dynamic,2,2,312,0.6439282886505127,0.5841808400154114,0.05974744502305984,0.5541774406433105,0.5541774406433105,0.0,2.0,2.0,3120.0,1301.0,0.0,0.2779449224472046,0.7719104290008545,1.2848467826843262,5.19438362121582,20.0
dynamic,2,2,313,0.6242808979034424,0.5662240356445313,0.05805686993598938,0.5582205853462219,0.5582205853462219,0.0,2.0,2.0,3130.0,1301.0,0.0,0.2779449224472046,0.7719104290008545,1.2848467826843262,5.19438362121582,20.0
dynamic,2,2,314,0.6353842824935914,0.5776102323532104,0.05777404533624649,0.5552979418754578,0.5552979418754578,0.0,2.0,2.0,3140.0,1301.0,0.0,0.2779449224472046,0.7719104290008545,1.2848467826843262,5.19438362121582,20.0
dynamic,2,2,315,0.6259434782028198,0.5705731754302978,0.055370304882526394,0.5544387964248657,0.5544387964248657,0.0,2.0,2.0,3150.0,1301.0,0.0,0.2779449224472046,0.7719104290008545,1.2848467826843262,5.19438362121582,20.0
dynamic,2,2,316,0.6272453086853027,0.5762866772651672,0.05095861591696739,0.5677393500328064,0.5677393500328064,0.0,2.0,2.0,3160.0,1301.0,0.0,0.2779449224472046,0.7719104290008545,1.2848467826843262,5.19438362121582,20.0
dynamic,2,2,317,0.62846233959198,0.572045323562622,0.056417016929388046,0.5542801299095154,0.5542801299095154,0.0,2.0,2.0,3170.0,1301.0,0.0,0.2779449224472046,0.7719104290008545,1.2848467826843262,5.19438362121582,20.0
dynamic,2,2,318,0.6337568907737732,0.5779832123756409,0.05577368769049645,0.5560647297859191,0.5560647297859191,0.0,2.0,2.0,3180.0,1301.0,0.0,0.2779449224472046,0.7719104290008545,1.2848467826843262,5.19438362121582,20.0
dynamic,2,2,319,0.6314298009872437,0.5720803280830383,0.05934948134422302,0.5643443625450134,0.5643443625450134,0.0,2.0,2.0,3190.0,1301.0,0.0,0.2779449224472046,0.7719104290008545,1.2848467826843262,5.19438362121582,20.0
dynamic,2,2,320,0.6283918401718139,0.5735308076858521,0.0548610391497612,0.5539255640029908,0.5539255640029908,0.0,2.0,2.0,3200.0,1301.0,0.0,0.2779449224472046,0.7719104290008545,1.2848467826843262,5.19438362121582,20.0
dynamic,2,2,321,0.6324624772071838,0.5708518684864045,0.06161060402989388,0.5648847547531128,0.5648847547531128,0.0,2.0,2.0,3210.0,1301.0,0.0,0.2779449224472046,0.7719104290008545,1.2848467826843262,5.19438362121582,20.0
dynamic,2,2,322,0.6320605657577515,0.5786608252525329,0.0533997419655323,0.5576897272109985,0.5576897272109985,0.0,2.0,2.0,3220.0,1301.0,0.0,0.2779449224472046,0.7719104290008545,1.2848467826843262,5.19438362121582,20.0
dynamic,2,2,323,0.6236964801788331,0.5706340452194214,0.05306243267059326,0.5540133758544922,0.5540133758544922,0.0,2.0,2.0,3230.0,1301.0,0.0,0.2779449224472046,0.7719104290008545,1.2848467826843262,5.19438362121582,20.0
dynamic,2,2,324,0.6345765043258667,0.580258429813385,0.054318077337741855,0.5627432896614075,0.5627432896614075,0.0,2.0,2.0,3240.0,1301.0,0.0,0.2779449224472046,0.7719104290008545,1.2848467826843262,5.19438362121582,20.0
dynamic,2,2,325,0.6210749545097352,0.5670879897117614,0.053986965584754944,0.560263095664978,0.560263095664978,0.0,2.0,2.0,3250.0,1301.0,0.0,0.2779449224472046,0.7719104290008545,1.2848467826843262,5.19438362121582,20.0
dynamic,2,2,326,0.6260240328788758,0.5692376999855041,0.05678632847070694,0.5565744456291198,0.5565744456291198,0.0,2.0,2.0,3260.0,1301.0,0.0,0.2779449224472046,0.7719104290008545,1.2848467826843262,5.19438362121582,20.0
dynamic,2,2,327,0.631448382472992,0.5713443266391754,0.06010405507087708,0.5608564645767212,0.5608564645767212,0.0,2.0,2.0,3270.0,1301.0,0.0,0.2779449224472046,0.7719104290008545,1.2848467826843262,5.19438362121582,20.0
dynamic,2,2,328,0.631238861465454,0.5764481989860535,0.05479065729379654,0.5592384696006775,0.5592384696006775,0.0,2.0,2.0,3280.0,1301.0,0.0,0.2779449224472046,0.7719104290008545,1.2848467826843262,5.19438362121582,20.0
dynamic,2,2,329,0.6294081563949585,0.5728139427185058,0.056594226491451266,0.5534134580612182,0.5534134580612182,0.0,2.0,2.0,3290.0,1301.0,0.0,0.2779449224472046,0.7719104290008545,1.2848467826843262,5.19438362121582,20.0
dynamic,2,2,330,0.6362216794967651,0.5812812559127808,0.05494042313694954,0.5479140250205994,0.5479140250205994,0.0,2.0,2.0,3300.0,1301.0,0.0,0.2779449224472046,0.7719104290008545,1.2848467826843262,5.19438362121582,20.0
dynamic,2,2,331,0.6241190371513367,0.5711245956420898,0.052994445258378986,0.5493519559860229,0.5493519559860229,0.0,2.0,2.0,3310.0,1301.0,0.0,0.2779449224472046,0.7719104290008545,1.2848467826843262,5.19438362121582,20.0
dynamic,2,2,332,0.6380647124290466,0.5813963131904603,0.056668385887146,0.5609750121116638,0.5609750121116638,0.0,2.0,2.0,3320.0,1301.0,0.0,0.2779449224472046,0.7719104290008545,1.2848467826843262,5.19438362121582,20.0
dynamic,2,2,333,0.6292126935958863,0.5753369172096252,0.053875773984193805,0.5568107067108155,0.5568107067108155,0.0,2.0,2.0,3330.0,1301.0,0.0,0.2779449224472046,0.7719104290008545,1.2848467826843262,5.19438362121582,20.0
dynamic,2,2,334,0.6287431277275085,0.5769501092910767,0.05179302086234093,0.5646882535934449,0.5646882535934449,0.0,2.0,2.0,3340.0,1301.0,0.0,0.2779449224472046,0.7719104290008545,1.2848467826843262,5.19438362121582,20.0
dynamic,2,2,335,0.6304051339149475,0.5715929595947266,0.05881218188405037,0.5676237709999085,0.5676237709999085,0.0,2.0,2.0,3350.0,1301.0,0.0,0.2779449224472046,0.7719104290008545,1.2848467826843262,5.19438362121582,20.0
dynamic,2,2,336,0.6286210312843322,0.5731308220863343,0.05549020417332649,0.561039799785614,0.561039799785614,0.0,2.0,2.0,3360.0,1301.0,0.0,0.2779449224472046,0.7719104290008545,1.2848467826843262,5.19438362121582,20.0
dynamic,2,2,337,0.6233172570228577,0.5705379873275757,0.05277926769852638,0.5567230550765991,0.5567230550765991,0.0,2.0,2.0,3370.0,1301.0,0.0,0.2779449224472046,0.7719104290008545,1.2848467826843262,5.19438362121582,20.0
dynamic,2,2,338,0.6362801982879639,0.5756374339103699,0.06064276343584061,0.5551764577865601,0.5551764577865601,0.0,2.0,2.0,3380.0,1301.0,0.0,0.2779449224472046,0.7719104290008545,1.2848467826843262,5.19438362121582,20.0
dynamic,2,2,339,0.6209397727966308,0.5661819366455079,0.05475783922672272,0.56871373462677,0.56871373462677,0.0,2.0,2.0,3390.0,1301.0,0.0,0.2779449224472046,0.7719104290008545,1.2848467826843262,5.19438362121582,20.0
dynamic,2,2,340,0.6138065120697022,0.5602415429115295,0.05356497447490692,0.5518500450134277,0.5518500450134277,0.0,2.0,2.0,3400.0,1301.0,0.0,0.2779449224472046,0.7719104290008545,1.2848467826843262,5.19438362121582,20.0
dynamic,2,2,341,0.6308361138343811,0.5729851545333863,0.05785096365213394,0.5509705231666565,0.5509705231666565,0.0,2.0,2.0,3410.0,1301.0,0.0,0.2779449224472046,0.7719104290008545,1.2848467826843262,5.19438362121582,20.0
dynamic,2,2,342,0.6269658284187317,0.5738451780319214,0.05312064493298531,0.5538628657341004,0.5538628657341004,0.0,2.0,2.0,3420.0,1301.0,0.0,0.2779449224472046,0.7719104290008545,1.2848467826843262,5.19438362121582,20.0
dynamic,2,2,343,0.6249756964683533,0.5669921775817871,0.05798352537155151,0.5574160662651062,0.5574160662651062,0.0,2.0,2.0,3430.0,1301.0,0.0,0.2779449224472046,0.7719104290008545,1.2848467826843262,5.19438362121582,20.0
dynamic,2,2,344,0.6261515622138977,0.5667111610889435,0.05944039793610573,0.5568626502990722,0.5568626502990722,0.0,2.0,2.0,3440.0,1301.0,0.0,0.2779449224472046,0.7719104290008545,1.2848467826843262,5.19438362121582,20.0
dynamic,2,2,345,0.6263681771278381,0.5695452343940735,0.056822937661409376,0.5470702006340027,0.5470702006340027,0.0,2.0,2.0,3450.0,1301.0,0.0,0.2779449224472046,0.7719104290008545,1.2848467826843262,5.19438362121582,20.0
dynamic,2,2,346,0.6323871408462525,0.575446170425415,0.05694096828699112,0.5575526915550232,0.5575526915550232,0.0,2.0,2.0,3460.0,1301.0,0.0,0.2779449224472046,0.7719104290008545,1.2848467826843262,5.19438362121582,20.0
dynamic,2,2,347,0.6259867131233215,0.5699189074516297,0.05606780232787132,0.5518583992958069,0.5518583992958069,0.0,2.0,2.0,3470.0,1301.0,0.0,0.2779449224472046,0.7719104290008545,1.2848467826843262,5.19438362121582,20.0
dynamic,2,2,348,0.6315343143463135,0.5726619485378266,0.05887235835790634,0.5477197533607483,0.5477197533607483,0.0,2.0,2.0,3480.0,1301.0,0.0,0.2779449224472046,0.7719104290008545,1.2848467826843262,5.19438362121582,20.0
dynamic,2,2,349,0.6207096988677978,0.5651461686611176,0.05556353058815002,0.5486347946166992,0.5486347946166992,0.0,2.0,2.0,3490.0,1301.0,0.0,0.2779449224472046,0.7719104290008545,1.2848467826843262,5.19438362121582,20.0
dynamic,2,2,350,0.6244568893432617,0.5672280994415283,0.057228791671991346,0.5526664565086364,0.5526664565086364,0.0,2.0,2.0,3500.0,1301.0,0.0,0.2779449224472046,0.7719104290008545,1.2848467826843262,5.19438362121582,20.0
dynamic,2,2,351,0.6204746905326843,0.5670268706321716,0.05344782737493515,0.5522054776191712,0.5522054776191712,0.0,2.0,2.0,3510.0,1301.0,0.0,0.2779449224472046,0.7719104290008545,1.2848467826843262,5.19438362121582,20.0
dynamic,2,2,352,0.638913796710968,0.5785935030937195,0.060320294559001925,0.5551817164421081,0.5551817164421081,0.0,2.0,2.0,3520.0,1301.0,0.0,0.2779449224472046,0.7719104290008545,1.2848467826843262,5.19438362121582,20.0
dynamic,2,2,353,0.6228546414375306,0.5687050411224365,0.05414959899187088,0.5602373080253601,0.5602373080253601,0.0,2.0,2.0,3530.0,1301.0,0.0,0.2779449224472046,0.7719104290008545,1.2848467826843262,5.19438362121582,20.0
dynamic,2,2,354,0.623876738357544,0.5686765575408935,0.055200183486938476,0.5513990577697754,0.5513990577697754,0.0,2.0,2.0,3540.0,1301.0,0.0,0.2779449224472046,0.7719104290008545,1.2848467826843262,5.19438362121582,20.0
dynamic,2,2,355,0.6210956863403321,0.567584051322937,0.053511634612083435,0.559007381439209,0.559007381439209,0.0,2.0,2.0,3550.0,1301.0,0.0,0.2779449224472046,0.7719104290008545,1.2848467826843262,5.19438362121582,20.0
dynamic,2,2,356,0.6128079946517945,0.5575776438713074,0.05523035641312599,0.5509206658363343,0.5509206658363343,0.0,2.0,2.0,3560.0,1301.0,0.0,0.2779449224472046,0.7719104290008545,1.2848467826843262,5.19438362121582,20.0
dynamic,2,2,357,0.6332875971794129,0.5752486439704895,0.058038965570926665,0.5582321970939637,0.5582321970939637,0.0,2.0,2.0,3570.0,1301.0,0.0,0.2779449224472046,0.7719104290008545,1.2848467826843262,5.19438362121582,20.0
dynamic,2,2,358,0.6282332218170166,0.5708637437343598,0.0573694864988327,0.5491568734169007,0.5491568734169007,0.0,2.0,2.0,3580.0,1301.0,0.0,0.2779449224472046,0.7719104290008545,1.2848467826843262,5.19438362121582,20.0
dynamic,2,2,359,0.6190882745742798,0.5694725078582764,0.04961576943397522,0.5515545048713684,0.5515545048713684,0.0,2.0,2.0,3590.0,1301.0,0.0,0.2779449224472046,0.7719104290008545,1.2848467826843262,5.19438362121582,20.0
dynamic,2,2,360,0.6299230127334595,0.5689135427474976,0.061009479367733,0.5506685545921326,0.5506685545921326,0.0,2.0,2.0,3600.0,1301.0,0.0,0.2779449224472046,0.7719104290008545,1.2848467826843262,5.19438362121582,20.0
dynamic,2,2,361,0.6243442952156066,0.5731390507698059,0.05120523764491081,0.5574994023323059,0.5574994023323059,0.0,2.0,2.0,3610.0,1301.0,0.0,0.2779449224472046,0.7719104290008545,1.2848467826843262,5.19438362121582,20.0
dynamic,2,2,362,0.617219370174408,0.559724441242218,0.05749493014216423,0.5514362709999084,0.5514362709999084,0.0,2.0,2.0,3620.0,1301.0,0.0,0.2779449224472046,0.7719104290008545,1.2848467826843262,5.19438362121582,20.0
dynamic,2,2,363,0.6236834040641784,0.5663541364192962,0.05732927469015121,0.5620704989433288,0.5620704989433288,0.0,2.0,2.0,3630.0,1301.0,0.0,0.2779449224472046,0.7719104290008545,1.2848467826843262,5.19438362121582,20.0
dynamic,2,2,364,0.617063596534729,0.5643901460647583,0.0526734519302845,0.5535627716064453,0.5535627716064453,0.0,2.0,2.0,3640.0,1301.0,0.0,0.2779449224472046,0.7719104290008545,1.2848467826843262,5.19438362121582,20.0
dynamic,2,2,365,0.6277662428855896,0.5649463690757751,0.06281987497806549,0.5468645318031311,0.5468645318031311,0.0,2.0,2.0,3650.0,1301.0,0.0,0.2779449224472046,0.7719104290008545,1.2848467826843262,5.19438362121582,20.0
dynamic,2,2,366,0.6136241302490234,0.5609968463897705,0.05262728531956673,0.5716719938278199,0.5716719938278199,0.0,2.0,2.0,3660.0,1301.0,0.0,0.2779449224472046,0.7719104290008545,1.2848467826843262,5.19438362121582,20.0
dynamic,2,2,367,0.6297118967056274,0.5726761471748352,0.057035743045806886,0.5531724576950073,0.5531724576950073,0.0,2.0,2.0,3670.0,1301.0,0.0,0.2779449224472046,0.7719104290008545,1.2848467826843262,5.19438362121582,20.0
dynamic,2,2,368,0.6273043387413025,0.5725659595489502,0.05473838338851929,0.5574860073089599,0.5574860073089599,0.0,2.0,2.0,3680.0,1301.0,0.0,0.2779449224472046,0.7719104290008545,1.2848467826843262,5.19438362121582,20.0
dynamic,2,2,369,0.6294749244689941,0.5693612217903137,0.06011371371746063,0.5476622564315796,0.5476622564315796,0.0,2.0,2.0,3690.0,1301.0,0.0,0.2779449224472046,0.7719104290008545,1.2848467826843262,5.19438362121582,20.0
dynamic,2,2,370,0.6157007655143738,0.5591906122207642,0.05651015892624855,0.5461093440055848,0.5461093440055848,0.0,2.0,2.0,3700.0,1301.0,0.0,0.2779449224472046,0.7719104290008545,1.2848467826843262,5.19438362121582,20.0
dynamic,2,2,371,0.636852663230896,0.5801622327804565,0.056690430694818494,0.545354103755951,0.545354103755951,0.0,2.0,2.0,3710.0,1301.0,0.0,0.2779449224472046,0.7719104290008545,1.2848467826843262,5.19438362121582,20.0
dynamic,2,2,372,0.6240734535217285,0.5707984129905701,0.05327503191232681,0.5471610780715942,0.5471610780715942,0.0,2.0,2.0,3720.0,1301.0,0.0,0.2779449224472046,0.7719104290008545,1.2848467826843262,5.19438362121582,20.0
dynamic,2,2,373,0.6222680364608765,0.5689954933166503,0.05327253966331482,0.5443120478630066,0.5443120478630066,0.0,2.0,2.0,3730.0,1301.0,0.0,0.2779449224472046,0.7719104290008545,1.2848467826843262,5.19438362121582,20.0
dynamic,2,2,374,0.6256701220512391,0.5656816813468933,0.05998844314813614,0.5449945919036865,0.5449945919036865,0.0,2.0,2.0,3740.0,1301.0,0.0,0.2779449224472046,0.7719104290008545,1.2848467826843262,5.19438362121582,20.0
dynamic,2,2,375,0.630347403049469,0.5749865653038025,0.055360845017433165,0.5511057936668396,0.5511057936668396,0.0,2.0,2.0,3750.0,1301.0,0.0,0.2779449224472046,0.7719104290008545,1.2848467826843262,5.19438362121582,20.0
dynamic,2,2,376,0.6240696209907531,0.566724085521698,0.05734553567171097,0.5709693482398986,0.5709693482398986,0.0,2.0,2.0,3760.0,1301.0,0.0,0.2779449224472046,0.7719104290008545,1.2848467826843262,5.19438362121582,20.0
dynamic,2,2,377,0.6157046816825866,0.5564924199104309,0.05921225578188896,0.5484107167243958,0.5484107167243958,0.0,2.0,2.0,3770.0,1301.0,0.0,0.2779449224472046,0.7719104290008545,1.2848467826843262,5.19438362121582,20.0
dynamic,2,2,378,0.6298020153999329,0.5759819627761841,0.05382004919052124,0.5500962482452393,0.5500962482452393,0.0,2.0,2.0,3780.0,1301.0,0.0,0.2779449224472046,0.7719104290008545,1.2848467826843262,5.19438362121582,20.0
dynamic,2,2,379,0.6276293587684632,0.5696042397499085,0.05802511863708496,0.5577038681983948,0.5577038681983948,0.0,2.0,2.0,3790.0,1301.0,0.0,0.2779449224472046,0.7719104290008545,1.2848467826843262,5.19438362121582,20.0
dynamic,2,2,380,0.6225209971427917,0.5671510323524475,0.055369960975646976,0.5623740014076233,0.5623740014076233,0.0,2.0,2.0,3800.0,1301.0,0.0,0.2779449224472046,0.7719104290008545,1.2848467826843262,5.19438362121582,20.0
dynamic,2,2,381,0.615828041267395,0.5606658995628357,0.05516213409900665,0.5514623434066772,0.5514623434066772,0.0,2.0,2.0,3810.0,1301.0,0.0,0.2779449224472046,0.7719104290008545,1.2848467826843262,5.19438362121582,20.0
dynamic,2,2,382,0.6271232443809509,0.5695157258033753,0.057607514941692355,0.5495483531951905,0.5495483531951905,0.0,2.0,2.0,3820.0,1301.0,0.0,0.2779449224472046,0.7719104290008545,1.2848467826843262,5.19438362121582,20.0
dynamic,2,2,383,0.6236288596153259,0.5680012030601501,0.05562766151428223,0.559847760105133,0.559847760105133,0.0,2.0,2.0,3830.0,1301.0,0.0,0.2779449224472046,0.7719104290008545,1.2848467826843262,5.19438362121582,20.0
dynamic,2,2,384,0.6202064460754394,0.5660406578063965,0.0541657874584198,0.5701265063285827,0.5701265063285827,0.0,2.0,2.0,3840.0,1301.0,0.0,0.2779449224472046,0.7719104290008545,1.2848467826843262,5.19438362121582,20.0
dynamic,2,2,385,0.6297467197418213,0.5706747548103333,0.059071969282627104,0.5652106835365296,0.5652106835365296,0.0,2.0,2.0,3850.0,1301.0,0.0,0.2779449224472046,0.7719104290008545,1.2848467826843262,5.19438362121582,20.0
dynamic,2,2,386,0.6210668184280396,0.5663167918205261,0.05475001974105835,0.5548383528709412,0.5548383528709412,0.0,2.0,2.0,3860.0,1301.0,0.0,0.2779449224472046,0.7719104290008545,1.2848467826843262,5.19438362121582,20.0
dynamic,2,2,387,0.6149139325141907,0.5606575697898865,0.05425636196136475,0.5524964768409729,0.5524964768409729,0.0,2.0,2.0,3870.0,1301.0,0.0,0.2779449224472046,0.7719104290008545,1.2848467826843262,5.19438362121582,20.0
dynamic,2,2,388,0.6351141317367553,0.576132518863678,0.058981614196300505,0.5554121401786805,0.5554121401786805,0.0,2.0,2.0,3880.0,1301.0,0.0,0.2779449224472046,0.7719104290008545,1.2848467826843262,5.19438362121582,20.0
dynamic,2,2,389,0.6288915711402893,0.5701261837005616,0.05876539084911347,0.5526837701797486,0.5526837701797486,0.0,2.0,2.0,3890.0,1301.0,0.0,0.2779449224472046,0.7719104290008545,1.2848467826843262,5.19438362121582,20.0
dynamic,2,2,390,0.6204847763061524,0.566813024520874,0.05367174812555313,0.5497869339942932,0.5497869339942932,0.0,2.0,2.0,3900.0,1301.0,0.0,0.2779449224472046,0.7719104290008545,1.2848467826843262,5.19438362121582,20.0
dynamic,2,2,391,0.6152844552993775,0.5569930449485779,0.058291404157876966,0.5516797613143921,0.5516797613143921,0.0,2.0,2.0,3910.0,1301.0,0.0,0.2779449224472046,0.7719104290008545,1.2848467826843262,5.19438362121582,20.0
dynamic,2,2,392,0.6359924016952515,0.57682391872406,0.05916848440766335,0.5519217103004456,0.5519217103004456,0.0,2.0,2.0,3920.0,1301.0,0.0,0.2779449224472046,0.7719104290008545,1.2848467826843262,5.19438362121582,20.0
dynamic,2,2,393,0.621135740852356,0.5660416470527649,0.05509409139752388,0.565316173362732,0.565316173362732,0.0,2.0,2.0,3930.0,1301.0,0.0,0.2779449224472046,0.7719104290008545,1.2848467826843262,5.19438362121582,20.0
dynamic,2,2,394,0.625063647556305,0.56775268201828,0.05731096075773239,0.5531896174430847,0.5531896174430847,0.0,2.0,2.0,3940.0,1301.0,0.0,0.2779449224472046,0.7719104290008545,1.2848467826843262,5.19438362121582,20.0
dynamic,2,2,395,0.6252885866165161,0.5658580907821655,0.05943048899173736,0.5539452024459839,0.5539452024459839,0.0,2.0,2.0,3950.0,1301.0,0.0,0.2779449224472046,0.7719104290008545,1.2848467826843262,5.19438362121582,20.0
dynamic,2,2,396,0.6290673089027404,0.5729286641120911,0.056138640570640566,0.5522519966125489,0.5522519966125489,0.0,2.0,2.0,3960.0,1301.0,0.0,0.2779449224472046,0.7719104290008545,1.2848467826843262,5.19438362121582,20.0
dynamic,2,2,397,0.6149117992401123,0.5630528371810913,0.051858950793743135,0.5644447761535645,0.5644447761535645,0.0,2.0,2.0,3970.0,1301.0,0.0,0.2779449224472046,0.7719104290008545,1.2848467826843262,5.19438362121582,20.0
dynamic,2,2,398,0.6322081944465637,0.5767119743347168,0.05549621338248253,0.5527449189186097,0.5527449189186097,0.0,2.0,2.0,3980.0,1301.0,0.0,0.2779449224472046,0.7719104290008545,1.2848467826843262,5.19438362121582,20.0
dynamic,2,2,399,0.6203477724075317,0.5654575110435486,0.054890255910158156,0.5530480878829956,0.5530480878829956,0.0,2.0,2.0,3990.0,1301.0,0.0,0.2779449224472046,0.7719104290008545,1.2848467826843262,5.19438362121582,20.0
dynamic,2,2,400,0.6203394553184509,0.5668414372444153,0.05349802356958389,0.5472993053436279,0.5472993053436279,0.0,2.0,2.0,4000.0,1301.0,0.0,0.2779449224472046,0.7719104290008545,1.2848467826843262,5.19438362121582,20.0
dynamic,2,2,401,0.6168114783287049,0.5601159998893738,0.05669547998905182,0.5460856168746948,0.5460856168746948,0.0,2.0,2.0,4010.0,1301.0,0.0,0.2779449224472046,0.7719104290008545,1.2848467826843262,5.19438362121582,20.0
dynamic,2,2,402,0.6134837251663208,0.5568910029411316,0.05659272404313088,0.557214802455902,0.557214802455902,0.0,2.0,2.0,4020.0,1301.0,0.0,0.2779449224472046,0.7719104290008545,1.2848467826843262,5.19438362121582,20.0
dynamic,2,2,403,0.6036182753562928,0.5527900560379029,0.050828213393688204,0.552044808101654,0.552044808101654,0.0,2.0,2.0,4030.0,1301.0,0.0,0.2779449224472046,0.7719104290008545,1.2848467826843262,5.19438362121582,20.0
dynamic,2,2,404,0.6254467297554016,0.5678980174064636,0.057548707526922226,0.5580119257926941,0.5580119257926941,0.0,2.0,2.0,4040.0,1301.0,0.0,0.2779449224472046,0.7719104290008545,1.2848467826843262,5.19438362121582,20.0
dynamic,2,2,405,0.6185614482879639,0.5635079542636872,0.05505349994897842,0.5538218550682068,0.5538218550682068,0.0,2.0,2.0,4050.0,1301.0,0.0,0.2779449224472046,0.7719104290008545,1.2848467826843262,5.19438362121582,20.0
dynamic,2,2,406,0.6262979684829711,0.5679616504669189,0.05833631900548935,0.5668567648887635,0.5668567648887635,0.0,2.0,2.0,4060.0,1301.0,0.0,0.2779449224472046,0.7719104290008545,1.2848467826843262,5.19438362121582,20.0
dynamic,2,2,407,0.6105633712768554,0.5587780804634094,0.0517852903842926,0.5544424868583679,0.5544424868583679,0.0,2.0,2.0,4070.0,1301.0,0.0,0.2779449224472046,0.7719104290008545,1.2848467826843262,5.19438362121582,20.0
dynamic,2,2,408,0.6248496717453003,0.567761016702652,0.05708865777850151,0.5538750845909118,0.5538750845909118,0.0,2.0,2.0,4080.0,1301.0,0.0,0.2779449224472046,0.7719104290008545,1.2848467826843262,5.19438362121582,20.0
dynamic,2,2,409,0.6224989060401916,0.5694924039840699,0.053006497949361804,0.5455054944038391,0.5455054944038391,0.0,2.0,2.0,4090.0,1301.0,0.0,0.2779449224472046,0.7719104290008545,1.2848467826843262,5.19438362121582,20.0
dynamic,2,2,410,0.6153507333755494,0.5581912985801697,0.05715944128036499,0.5441499691963195,0.5441499691963195,0.0,2.0,2.0,4100.0,1301.0,0.0,0.2779449224472046,0.7719104290008545,1.2848467826843262,5.19438362121582,20.0
dynamic,2,2,411,0.6234529623031616,0.5660309885025024,0.057421976000070575,0.5502345049858093,0.5502345049858093,0.0,2.0,2.0,4110.0,1301.0,0.0,0.2779449224472046,0.7719104290008545,1.2848467826843262,5.19438362121582,20.0
dynamic,2,2,412,0.611061630821228,0.551492961025238,0.0595686653316021,0.5564140306472778,0.5564140306472778,0.0,2.0,2.0,4120.0,1301.0,0.0,0.2779449224472046,0.7719104290008545,1.2848467826843262,5.19438362121582,20.0
dynamic,2,2,413,0.6130373398780823,0.5566397509098053,0.05639757840037346,0.559028534412384,0.559028534412384,0.0,2.0,2.0,4130.0,1301.0,0.0,0.2779449224472046,0.7719104290008545,1.2848467826843262,5.19438362121582,20.0
dynamic,2,2,414,0.6263534049987793,0.5712411257743836,0.055112295764684675,0.5546066497802734,0.5546066497802734,0.0,2.0,2.0,4140.0,1301.0,0.0,0.2779449224472046,0.7719104290008545,1.2848467826843262,5.19438362121582,20.0
dynamic,2,2,415,0.6127980277061462,0.5588600461006165,0.053937982952594755,0.5542030841827392,0.5542030841827392,0.0,2.0,2.0,4150.0,1301.0,0.0,0.2779449224472046,0.7719104290008545,1.2848467826843262,5.19438362121582,20.0
dynamic,2,2,416,0.6223418823242187,0.5639704936027526,0.058371398055553435,0.5452884888648987,0.5452884888648987,0.0,2.0,2.0,4160.0,1301.0,0.0,0.2779449224472046,0.7719104290008545,1.2848467826843262,5.19438362121582,20.0
dynamic,2,2,417,0.6112949198722839,0.5566163354873658,0.05467858330607414,0.565395185661316,0.565395185661316,0.0,2.0,2.0,4170.0,1301.0,0.0,0.2779449224472046,0.7719104290008545,1.2848467826843262,5.19438362121582,20.0
dynamic,2,2,418,0.6168454761505127,0.5594139106750489,0.05743157723546028,0.5489572255134583,0.5489572255134583,0.0,2.0,2.0,4180.0,1301.0,0.0,0.2779449224472046,0.7719104290008545,1.2848467826843262,5.19438362121582,20.0
dynamic,2,2,419,0.6162070776939392,0.5578959601402282,0.05831111241579056,0.5452284150123596,0.5452284150123596,0.0,2.0,2.0,4190.0,1301.0,0.0,0.2779449224472046,0.7719104290008545,1.2848467826843262,5.19438362121582,20.0
dynamic,2,2,420,0.6278749727249145,0.5706506213188172,0.0572243520796299,0.5690275001525879,0.5690275001525879,0.0,2.0,2.0,4200.0,1301.0,0.0,0.2779449224472046,0.7719104290008545,1.2848467826843262,5.19438362121582,20.0
dynamic,2,2,421,0.6190744924545288,0.5659656549453735,0.05310883638858795,0.5523715454101562,0.5523715454101562,0.0,2.0,2.0,4210.0,1301.0,0.0,0.2779449224472046,0.7719104290008545,1.2848467826843262,5.19438362121582,20.0
dynamic,2,2,422,0.6296318529129028,0.5668214723587036,0.06281037849187851,0.5524282200813293,0.5524282200813293,0.0,2.0,2.0,4220.0,1301.0,0.0,0.2779449224472046,0.7719104290008545,1.2848467826843262,5.19438362121582,20.0
dynamic,2,2,423,0.6180428303718567,0.5643541635513306,0.05368866641521454,0.5520026966094971,0.5520026966094971,0.0,2.0,2.0,4230.0,1301.0,0.0,0.2779449224472046,0.7719104290008545,1.2848467826843262,5.19438362121582,20.0
dynamic,2,2,424,0.6294856835365296,0.5738414086341858,0.05564426904320717,0.5509620228767395,0.5509620228767395,0.0,2.0,2.0,4240.0,1301.0,0.0,0.2779449224472046,0.7719104290008545,1.2848467826843262,5.19438362121582,20.0
dynamic,2,2,425,0.6154550808906555,0.5588908857345581,0.05656419412493706,0.5512177453994751,0.5512177453994751,0.0,2.0,2.0,4250.0,1301.0,0.0,0.2779449224472046,0.7719104290008545,1.2848467826843262,5.19438362121582,20.0
dynamic,2,2,426,0.6064946544647217,0.5529553383827209,0.05353930804729461,0.5583356492042542,0.5583356492042542,0.0,2.0,2.0,4260.0,1301.0,0.0,0.2779449224472046,0.7719104290008545,1.2848467826843262,5.19438362121582,20.0
dynamic,2,2,427,0.6170193442344666,0.558231543636322,0.05878780250549316,0.5832183020591736,0.5832183020591736,0.0,2.0,2.0,4270.0,1301.0,0.0,0.2779449224472046,0.7719104290008545,1.2848467826843262,5.19438362121582,20.0
dynamic,2,2,428,0.6261492029190063,0.5666594856262207,0.0594897173166275,0.5541065601348877,0.5541065601348877,0.0,2.0,2.0,4280.0,1301.0,0.0,0.2779449224472046,0.7719104290008545,1.2848467826843262,5.19438362121582,20.0
dynamic,2,2,429,0.6144795991897583,0.5582354093551636,0.05624419113397598,0.548537997341156,0.548537997341156,0.0,2.0,2.0,4290.0,1301.0,0.0,0.2779449224472046,0.7719104290008545,1.2848467826843262,5.19438362121582,20.0
dynamic,2,2,430,0.621484232711792,0.5669817638874054,0.054502466917037966,0.5515604870796204,0.5515604870796204,0.0,2.0,2.0,4300.0,1301.0,0.0,0.2779449224472046,0.7719104290008545,1.2848467826843262,5.19438362121582,20.0
dynamic,2,2,431,0.6170410481452941,0.5605309580802917,0.05651009255647659,0.5461222683906555,0.5461222683906555,0.0,2.0,2.0,4310.0,1301.0,0.0,0.2779449224472046,0.7719104290008545,1.2848467826843262,5.19438362121582,20.0
dynamic,2,2,432,0.6248085401535034,0.5683035016059875,0.05650503042340278,0.5511190877914429,0.5511190877914429,0.0,2.0,2.0,4320.0,1301.0,0.0,0.2779449224472046,0.7719104290008545,1.2848467826843262,5.19438362121582,20.0
dynamic,2,2,433,0.627888934135437,0.5725444979667663,0.05534443881511688,0.5518110050201416,0.5518110050201416,0.0,2.0,2.0,4330.0,1301.0,0.0,0.2779449224472046,0.7719104290008545,1.2848467826843262,5.19438362121582,20.0
dynamic,2,2,434,0.6345764965057373,0.5750519558906555,0.05952453352212906,0.5476227488517761,0.5476227488517761,0.0,2.0,2.0,4340.0,1301.0,0.0,0.2779449224472046,0.7719104290008545,1.2848467826843262,5.19438362121582,20.0
dynamic,2,2,435,0.6157758153915406,0.5598437205314636,0.055932093381881716,0.5574579060554504,0.5574579060554504,0.0,2.0,2.0,4350.0,1301.0,0.0,0.2779449224472046,0.7719104290008545,1.2848467826843262,5.19438362121582,20.0
dynamic,2,2,436,0.6228460423469544,0.5646264796733856,0.05821956065297127,0.5581451741218567,0.5581451741218567,0.0,2.0,2.0,4360.0,1301.0,0.0,0.2779449224472046,0.7719104290008545,1.2848467826843262,5.19438362121582,20.0
dynamic,2,2,437,0.6165243384361268,0.5602648683547974,0.05625947304368019,0.5622129113197326,0.5622129113197326,0.0,2.0,2.0,4370.0,1301.0,0.0,0.2779449224472046,0.7719104290008545,1.2848467826843262,5.19438362121582,20.0
dynamic,2,2,438,0.614961652469635,0.5589323341369629,0.05602931364178657,0.5454974445343017,0.5454974445343017,0.0,2.0,2.0,4380.0,1301.0,0.0,0.2779449224472046,0.7719104290008545,1.2848467826843262,5.19438362121582,20.0
dynamic,2,2,439,0.6146995146751404,0.5582471380233764,0.056452380019426346,0.5550788153648376,0.5550788153648376,0.0,2.0,2.0,4390.0,1301.0,0.0,0.2779449224472046,0.7719104290008545,1.2848467826843262,5.19438362121582,20.0
dynamic,2,2,440,0.6171946578979493,0.5601054002285004,0.05708924694061279,0.5604214604377746,0.5604214604377746,0.0,2.0,2.0,4400.0,1301.0,0.0,0.2779449224472046,0.7719104290008545,1.2848467826843262,5.19438362121582,20.0
dynamic,2,2,441,0.6142218159675599,0.5588993335723877,0.05532247694134712,0.564872479057312,0.564872479057312,0.0,2.0,2.0,4410.0,1301.0,0.0,0.2779449224472046,0.7719104290008545,1.2848467826843262,5.19438362121582,20.0
dynamic,2,2,442,0.6192685396194458,0.5601769656181336,0.05909157546162605,0.5548795422554016,0.5548795422554016,0.0,2.0,2.0,4420.0,1301.0,0.0,0.2779449224472046,0.7719104290008545,1.2848467826843262,5.19438362121582,20.0
dynamic,2,2,443,0.6186351676940918,0.5600730582237243,0.05856211032271385,0.551158957862854,0.551158957862854,0.0,2.0,2.0,4430.0,1301.0,0.0,0.2779449224472046,0.7719104290008545,1.2848467826843262,5.19438362121582,20.0
dynamic,2,2,444,0.6119549843788147,0.5586233292579651,0.053331657230854035,0.5574003412246704,0.5574003412246704,0.0,2.0,2.0,4440.0,1301.0,0.0,0.2779449224472046,0.7719104290008545,1.2848467826843262,5.19438362121582,20.0
dynamic,2,2,445,0.6199893453598022,0.5614149013519287,0.05857444187402725,0.5587218679428101,0.5587218679428101,0.0,2.0,2.0,4450.0,1301.0,0.0,0.2779449224472046,0.7719104290008545,1.2848467826843262,5.19438362121582,20.0
dynamic,2,2,446,0.6207282378196717,0.563452712059021,0.0572755325615406,0.5663018023490906,0.5663018023490906,0.0,2.0,2.0,4460.0,1301.0,0.0,0.2779449224472046,0.7719104290008545,1.2848467826843262,5.19438362121582,20.0
dynamic,2,2,447,0.6088436643600463,0.5533732653617859,0.055470393520593644,0.5633038299560547,0.5633038299560547,0.0,2.0,2.0,4470.0,1301.0,0.0,0.2779449224472046,0.7719104290008545,1.2848467826843262,5.19438362121582,20.0
dynamic,2,2,448,0.6332495580673217,0.574417963218689,0.058831606113910674,0.5485421123504639,0.5485421123504639,0.0,2.0,2.0,4480.0,1301.0,0.0,0.2779449224472046,0.7719104290008545,1.2848467826843262,5.19438362121582,20.0
dynamic,2,2,449,0.6185003288269043,0.5646126770019532,0.05388765487670898,0.559228837108612,0.559228837108612,0.0,2.0,2.0,4490.0,1301.0,0.0,0.2779449224472046,0.7719104290008545,1.2848467826843262,5.19438362121582,20.0
dynamic,2,2,450,0.6279526439666748,0.5719661134719849,0.05598653064966202,0.5656563879013061,0.5656563879013061,0.0,2.0,2.0,4500.0,1301.0,0.0,0.2779449224472046,0.7719104290008545,1.2848467826843262,5.19438362121582,20.0
dynamic,2,2,451,0.6207779167175292,0.5612594020843505,0.05951850891113281,0.5486430048942565,0.5486430048942565,0.0,2.0,2.0,4510.0,1301.0,0.0,0.2779449224472046,0.7719104290008545,1.2848467826843262,5.19438362121582,20.0
dynamic,2,2,452,0.624891823387146,0.5677548626899719,0.05713696648478508,0.5566773588180542,0.5566773588180542,0.0,2.0,2.0,4520.0,1301.0,0.0,0.2779449224472046,0.7719104290008545,1.2848467826843262,5.19438362121582,20.0
dynamic,2,2,453,0.6161284784317017,0.558376167678833,0.05775231761932373,0.5489206907272339,0.5489206907272339,0.0,2.0,2.0,4530.0,1301.0,0.0,0.2779449224472046,0.7719104290008545,1.2848467826843262,5.19438362121582,20.0
dynamic,2,2,454,0.6159202508926391,0.5607397678375244,0.05518048341274261,0.5527213850021362,0.5527213850021362,0.0,2.0,2.0,4540.0,1301.0,0.0,0.2779449224472046,0.7719104290008545,1.2848467826843262,5.19438362121582,20.0
dynamic,2,2,455,0.6242052080154419,0.560916567993164,0.06328863508701324,0.557606845664978,0.557606845664978,0.0,2.0,2.0,4550.0,1301.0,0.0,0.2779449224472046,0.7719104290008545,1.2848467826843262,5.19438362121582,20.0
dynamic,2,2,456,0.6241670453071594,0.57103723154068,0.05312981212735176,0.5481506140708924,0.5481506140708924,0.0,2.0,2.0,4560.0,1301.0,0.0,0.2779449224472046,0.7719104290008545,1.2848467826843262,5.19438362121582,20.0
dynamic,2,2,457,0.6177029257774354,0.5649675148010254,0.05273541070818901,0.5522905331611633,0.5522905331611633,0.0,2.0,2.0,4570.0,1301.0,0.0,0.2779449224472046,0.7719104290008545,1.2848467826843262,5.19438362121582,20.0
dynamic,2,2,458,0.6378330405235291,0.5762633893013,0.06156964150667191,0.5677330358505249,0.5677330358505249,0.0,2.0,2.0,4580.0,1301.0,0.0,0.2779449224472046,0.7719104290008545,1.2848467826843262,5.19438362121582,20.0
dynamic,2,2,459,0.610100217628479,0.5528644534111022,0.05723576771616936,0.5545339308738708,0.5545339308738708,0.0,2.0,2.0,4590.0,1301.0,0.0,0.2779449224472046,0.7719104290008545,1.2848467826843262,5.19438362121582,20.0
dynamic,2,2,460,0.6170912477493287,0.5588337697029114,0.05825747977495194,0.5521620991706848,0.5521620991706848,0.0,2.0,2.0,4600.0,1301.0,0.0,0.2779449224472046,0.7719104290008545,1.2848467826843262,5.19438362121582,20.0
dynamic,2,2,461,0.6152980930328369,0.5588064890861512,0.05649160834550858,0.5500793365478516,0.5500793365478516,0.0,2.0,2.0,4610.0,1301.0,0.0,0.2779449224472046,0.7719104290008545,1.2848467826843262,5.19438362121582,20.0
dynamic,2,2,462,0.6160325291633606,0.5584224479675293,0.05761007989645004,0.5549681225776673,0.5549681225776673,0.0,2.0,2.0,4620.0,1301.0,0.0,0.2779449224472046,0.7719104290008545,1.2848467826843262,5.19438362121582,20.0
dynamic,2,2,463,0.6210040061950683,0.564917314529419,0.05608668609857559,0.5482741176605225,0.5482741176605225,0.0,2.0,2.0,4630.0,1301.0,0.0,0.2779449224472046,0.7719104290008545,1.2848467826843262,5.19438362121582,20.0
dynamic,2,2,464,0.6213503251075745,0.5634818320274353,0.057868491709232334,0.5480188846588134,0.5480188846588134,0.0,2.0,2.0,4640.0,1301.0,0.0,0.2779449224472046,0.7719104290008545,1.2848467826843262,5.19438362121582,20.0
dynamic,2,2,465,0.6213879828453064,0.5634837897300721,0.05790418460965156,0.5479153529167176,0.5479153529167176,0.0,2.0,2.0,4650.0,1301.0,0.0,0.2779449224472046,0.7719104290008545,1.2848467826843262,5.19438362121582,20.0
dynamic,2,2,466,0.626324810886383,0.5663233073234558,0.060001498758792876,0.5652132529258728,0.5652132529258728,0.0,2.0,2.0,4660.0,1301.0,0.0,0.2779449224472046,0.7719104290008545,1.2848467826843262,5.19438362121582,20.0
dynamic,2,2,467,0.6253032420158386,0.5693583302497863,0.055944915759563445,0.5454662803649902,0.5454662803649902,0.0,2.0,2.0,4670.0,1301.0,0.0,0.2779449224472046,0.7719104290008545,1.2848467826843262,5.19438362121582,20.0
dynamic,2,2,468,0.6261626093864441,0.5687251963615417,0.057437414395809176,0.5627558279037476,0.5627558279037476,0.0,2.0,2.0,4680.0,1301.0,0.0,0.2779449224472046,0.7719104290008545,1.2848467826843262,5.19438362121582,20.0
dynamic,2,2,469,0.6231645314216614,0.5661428910255432,0.057021642976999284,0.5568030805587768,0.5568030805587768,0.0,2.0,2.0,4690.0,1301.0,0.0,0.2779449224472046,0.7719104290008545,1.2848467826843262,5.19438362121582,20.0
dynamic,2,2,470,0.6148134964942932,0.5573454131126404,0.057468100303411485,0.5562357439041138,0.5562357439041138,0.0,2.0,2.0,4700.0,1301.0,0.0,0.2779449224472046,0.7719104290008545,1.2848467826843262,5.19438362121582,20.0
dynamic,2,2,471,0.6112734601974488,0.5549719281196595,0.05630153342485428,0.5465092202186584,0.5465092202186584,0.0,2.0,2.0,4710.0,1301.0,0.0,0.2779449224472046,0.7719104290008545,1.2848467826843262,5.19438362121582,20.0
dynamic,2,2,472,0.6169085709571839,0.5618720947265625,0.05503646918535233,0.5455963474273682,0.5455963474273682,0.0,2.0,2.0,4720.0,1301.0,0.0,0.2779449224472046,0.7719104290008545,1.2848467826843262,5.19438362121582,20.0
dynamic,2,2,473,0.6324718459129334,0.5698271602630616,0.06264468248486518,0.5552458289146424,0.5552458289146424,0.0,2.0,2.0,4730.0,1301.0,0.0,0.2779449224472046,0.7719104290008545,1.2848467826843262,5.19438362121582,20.0
dynamic,2,2,474,0.6190383247375488,0.5643868602752685,0.05465147505402565,0.5674808317184449,0.5674808317184449,0.0,2.0,2.0,4740.0,1301.0,0.0,0.2779449224472046,0.7719104290008545,1.2848467826843262,5.19438362121582,20.0
dynamic,2,2,475,0.627305917930603,0.5676452239990234,0.05966069718599319,0.5527275820732117,0.5527275820732117,0.0,2.0,2.0,4750.0,1301.0,0.0,0.2779449224472046,0.7719104290008545,1.2848467826843262,5.19438362121582,20.0
dynamic,2,2,476,0.6224197268486023,0.565682377243042,0.056737356877326964,0.5495525424003601,0.5495525424003601,0.0,2.0,2.0,4760.0,1301.0,0.0,0.2779449224472046,0.7719104290008545,1.2848467826843262,5.19438362121582,20.0
dynamic,2,2,477,0.6153884601593017,0.562687640953064,0.05270081979036331,0.5497631577491761,0.5497631577491761,0.0,2.0,2.0,4770.0,1301.0,0.0,0.2779449224472046,0.7719104290008545,1.2848467826843262,5.19438362121582,20.0
dynamic,2,2,478,0.6132357897758484,0.5571092415809631,0.056126552617549896,0.5570827261924743,0.5570827261924743,0.0,2.0,2.0,4780.0,1301.0,0.0,0.2779449224472046,0.7719104290008545,1.2848467826843262,5.19438362121582,20.0
dynamic,2,2,479,0.6194055490493774,0.5614141257286072,0.05799142432808876,0.5509184356689453,0.5509184356689453,0.0,2.0,2.0,4790.0,1301.0,0.0,0.2779449224472046,0.7719104290008545,1.2848467826843262,5.19438362121582,20.0
dynamic,2,2,480,0.6331840270042419,0.5706532690048218,0.06253076381087304,0.5462096398353576,0.5462096398353576,0.0,2.0,2.0,4800.0,1301.0,0.0,0.2779449224472046,0.7719104290008545,1.2848467826843262,5.19438362121582,20.0
dynamic,2,2,481,0.6150753802299499,0.5598818894386292,0.055193478405475616,0.5542978057861329,0.5542978057861329,0.0,2.0,2.0,4810.0,1301.0,0.0,0.2779449224472046,0.7719104290008545,1.2848467826843262,5.19438362121582,20.0
dynamic,2,2,482,0.6234053619384765,0.5673591217041015,0.0560462436914444,0.5537272339820862,0.5537272339820862,0.0,2.0,2.0,4820.0,1301.0,0.0,0.2779449224472046,0.7719104290008545,1.2848467826843262,5.19438362121582,20.0
dynamic,2,2,483,0.6093990342140198,0.5513010014533997,0.05809803354740143,0.5604296783447266,0.5604296783447266,0.0,2.0,2.0,4830.0,1301.0,0.0,0.2779449224472046,0.7719104290008545,1.2848467826843262,5.19438362121582,20.0
dynamic,2,2,484,0.6149449236869812,0.5571449167251586,0.05780000406503678,0.5550396516799927,0.5550396516799927,0.0,2.0,2.0,4840.0,1301.0,0.0,0.2779449224472046,0.7719104290008545,1.2848467826843262,5.19438362121582,20.0
dynamic,2,2,485,0.6228655794143677,0.5615185982704163,0.0613469895362854,0.5546004894256592,0.5546004894256592,0.0,2.0,2.0,4850.0,1301.0,0.0,0.2779449224472046,0.7719104290008545,1.2848467826843262,5.19438362121582,20.0
dynamic,2,2,486,0.6172360103607177,0.5596365789413452,0.05759942919611931,0.5456314761161805,0.5456314761161805,0.0,2.0,2.0,4860.0,1301.0,0.0,0.2779449224472046,0.7719104290008545,1.2848467826843262,5.19438362121582,20.0
dynamic,2,2,487,0.6182102545738221,0.5633834669113159,0.05482678981423378,0.5479521160125732,0.5479521160125732,0.0,2.0,2.0,4870.0,1301.0,0.0,0.2779449224472046,0.7719104290008545,1.2848467826843262,5.19438362121582,20.0
dynamic,2,2,488,0.6140852025985718,0.5582084919929504,0.05587670559883118,0.543884899520874,0.543884899520874,0.0,2.0,2.0,4880.0,1301.0,0.0,0.2779449224472046,0.7719104290008545,1.2848467826843262,5.19438362121582,20.0
dynamic,2,2,489,0.607984346485138,0.5503056064605713,0.05767873614430428,0.5474358538627625,0.5474358538627625,0.0,2.0,2.0,4890.0,1301.0,0.0,0.2779449224472046,0.7719104290008545,1.2848467826843262,5.19438362121582,20.0
dynamic,2,2,490,0.6098216342926025,0.5528592960357666,0.05696233688592911,0.5463582288742066,0.5463582288742066,0.0,2.0,2.0,4900.0,1301.0,0.0,0.2779449224472046,0.7719104290008545,1.2848467826843262,5.19438362121582,20.0
dynamic,2,2,491,0.6137867928504944,0.5539607395172119,0.05982605559825897,0.5436572057724,0.5436572057724,0.0,2.0,2.0,4910.0,1301.0,0.0,0.2779449224472046,0.7719104290008545,1.2848467826843262,5.19438362121582,20.0
dynamic,2,2,492,0.6144940887451172,0.5562332983970643,0.05826079055070877,0.5623437965393067,0.5623437965393067,0.0,2.0,2.0,4920.0,1301.0,0.0,0.2779449224472046,0.7719104290008545,1.2848467826843262,5.19438362121582,20.0
dynamic,2,2,493,0.6178252885818482,0.5580989415168762,0.059726347219944,0.5546957103729248,0.5546957103729248,0.0,2.0,2.0,4930.0,1301.0,0.0,0.2779449224472046,0.7719104290008545,1.2848467826843262,5.19438362121582,20.0
dynamic,2,2,494,0.6299934062957764,0.568148493862152,0.06184490523338318,0.5497753942489624,0.5497753942489624,0.0,2.0,2.0,4940.0,1301.0,0.0,0.2779449224472046,0.7719104290008545,1.2848467826843262,5.19438362121582,20.0
dynamic,2,2,495,0.6135543187141419,0.55827104139328,0.05528327409029007,0.5636325733184815,0.5636325733184815,0.0,2.0,2.0,4950.0,1301.0,0.0,0.2779449224472046,0.7719104290008545,1.2848467826843262,5.19438362121582,20.0
dynamic,2,2,496,0.6155902418136596,0.5579470474243164,0.057643180632591245,0.5532791119575501,0.5532791119575501,0.0,2.0,2.0,4960.0,1301.0,0.0,0.2779449224472046,0.7719104290008545,1.2848467826843262,5.19438362121582,20.0
dynamic,2,2,497,0.6181803423881531,0.5613222929954529,0.0568580589056015,0.5503620778083801,0.5503620778083801,0.0,2.0,2.0,4970.0,1301.0,0.0,0.2779449224472046,0.7719104290008545,1.2848467826843262,5.19438362121582,20.0
dynamic,2,2,498,0.6084743011474609,0.5520961307525635,0.05637817299962044,0.5433508975982666,0.5433508975982666,0.0,2.0,2.0,4980.0,1301.0,0.0,0.2779449224472046,0.7719104290008545,1.2848467826843262,5.19438362121582,20.0
dynamic,2,2,499,0.6234154494285583,0.565040554523468,0.05837489804625511,0.5591471665382385,0.5591471665382385,0.0,2.0,2.0,4990.0,1301.0,0.0,0.2779449224472046,0.7719104290008545,1.2848467826843262,5.19438362121582,20.0
dynamic,2,2,500,0.6101136965751648,0.5567809822559356,0.0533327087521553,0.5438440301895141,0.5438440301895141,0.0,2.0,2.0,5000.0,1301.0,0.0,0.2779449224472046,0.7719104290008545,1.2848467826843262,5.19438362121582,20.0
