Copied shared label.pt from save/stable1/label.pt
Copied shared effect_names.npy from save/stable1/effect_names.npy
batch_norm: true
cnn: true
epoch1: 500
batch_size1: 256
learning_rate1: 1.0e-05
code1_dim: 2
filters1:
- 1
- 32
- 64
- 128
- 256
epoch2: 500
batch_size2: 256
learning_rate2: 5.0e-05
code2_dim: 1
filters2:
- 2
- 32
- 64
- 128
- 256
hidden_dim: 128
depth: 2
size: 42
device: cuda
load: null
save: /home/kubra/DeepSym/save/poster_5seed/dynamic/seed_2
source_opts: /home/kubra/DeepSym/opts.yaml
source_save: save/stable1
poster_model: dynamic
seed: 2
time: Sun Jul 19 11:34:56 2026
effect_weights1:
- 1.0
- 1.0
- 10.0
effect_weights2:
- 1.0
- 1.0
- 5.0
- 1.0
- 1.0
- 1.0
vq_commitment_cost: 0.25
vq_decay: 0.99
vq_epsilon: 1.0e-05
vq_num_embeddings1: 4
vq_num_embeddings2: 2
dynamic_initial_embeddings: 1
dynamic_warmup_steps: 200
dynamic_growth_interval: 100
dynamic_min_support: 8
dynamic_min_support_fraction: 0.05
dynamic_required_checks: 2
surprise_threshold_1: 1.0
surprise_threshold_2: 1.0


=== dynamic | seed=2 | level=1 | epochs=500 ===
========== ENCODER ==========
Sequential(
  (0): ConvBlock(
    (block): Sequential(
      (0): Conv2d(1, 32, kernel_size=(3, 3), stride=(1, 1), padding=(1, 1))
      (1): BatchNorm2d(32, eps=1e-05, momentum=0.1, affine=True, track_running_stats=True)
      (2): ReLU()
    )
  )
  (1): ConvBlock(
    (block): Sequential(
      (0): Conv2d(32, 32, kernel_size=(3, 3), stride=(2, 2), padding=(1, 1))
      (1): BatchNorm2d(32, eps=1e-05, momentum=0.1, affine=True, track_running_stats=True)
      (2): ReLU()
    )
  )
  (2): ConvBlock(
    (block): Sequential(
      (0): Conv2d(32, 64, kernel_size=(3, 3), stride=(1, 1), padding=(1, 1))
      (1): BatchNorm2d(64, eps=1e-05, momentum=0.1, affine=True, track_running_stats=True)
      (2): ReLU()
    )
  )
  (3): ConvBlock(
    (block): Sequential(
      (0): Conv2d(64, 64, kernel_size=(3, 3), stride=(2, 2), padding=(1, 1))
      (1): BatchNorm2d(64, eps=1e-05, momentum=0.1, affine=True, track_running_stats=True)
      (2): ReLU()
    )
  )
  (4): ConvBlock(
    (block): Sequential(
      (0): Conv2d(64, 128, kernel_size=(3, 3), stride=(1, 1), padding=(1, 1))
      (1): BatchNorm2d(128, eps=1e-05, momentum=0.1, affine=True, track_running_stats=True)
      (2): ReLU()
    )
  )
  (5): ConvBlock(
    (block): Sequential(
      (0): Conv2d(128, 128, kernel_size=(3, 3), stride=(2, 2), padding=(1, 1))
      (1): BatchNorm2d(128, eps=1e-05, momentum=0.1, affine=True, track_running_stats=True)
      (2): ReLU()
    )
  )
  (6): ConvBlock(
    (block): Sequential(
      (0): Conv2d(128, 256, kernel_size=(3, 3), stride=(1, 1), padding=(1, 1))
      (1): BatchNorm2d(256, eps=1e-05, momentum=0.1, affine=True, track_running_stats=True)
      (2): ReLU()
    )
  )
  (7): ConvBlock(
    (block): Sequential(
      (0): Conv2d(256, 256, kernel_size=(3, 3), stride=(2, 2), padding=(1, 1))
      (1): BatchNorm2d(256, eps=1e-05, momentum=0.1, affine=True, track_running_stats=True)
      (2): ReLU()
    )
  )
  (8): Avg(dims=[2, 3])
  (9): MLP(
    (layers): Sequential(
      (0): Linear(in_features=256, out_features=2)
    )
  )
  (10): DynamicEMAVQLayer(
    (embedding): Embedding(4, 2)
  )
)
parameter count: 1174122
=============================
========== DECODER ==========
MLP(
  (layers): Sequential(
    (0): Linear(in_features=5, out_features=128)
    (1): ReLU()
    (2): Linear(in_features=128, out_features=128)
    (3): ReLU()
    (4): Linear(in_features=128, out_features=3)
  )
)
parameter count: 17667
=============================
level=1 epoch=1/500 train_effect=5.153310 eval_effect=5.050823 train_vq=0.032955 active_codes=1 ema_used_codes=1 step_counter=10 last_check_step=0 surprise_streak=0
level=1 epoch=2/500 train_effect=4.976319 eval_effect=4.871422 train_vq=0.056007 active_codes=1 ema_used_codes=1 step_counter=20 last_check_step=0 surprise_streak=0
level=1 epoch=3/500 train_effect=4.798388 eval_effect=4.698005 train_vq=0.082013 active_codes=1 ema_used_codes=1 step_counter=30 last_check_step=0 surprise_streak=0
level=1 epoch=4/500 train_effect=4.628152 eval_effect=4.537881 train_vq=0.104576 active_codes=1 ema_used_codes=1 step_counter=40 last_check_step=0 surprise_streak=0
level=1 epoch=5/500 train_effect=4.474843 eval_effect=4.389059 train_vq=0.106614 active_codes=1 ema_used_codes=1 step_counter=50 last_check_step=0 surprise_streak=0
level=1 epoch=6/500 train_effect=4.329741 eval_effect=4.245082 train_vq=0.092985 active_codes=1 ema_used_codes=1 step_counter=60 last_check_step=0 surprise_streak=0
level=1 epoch=7/500 train_effect=4.188705 eval_effect=4.115446 train_vq=0.092251 active_codes=1 ema_used_codes=1 step_counter=70 last_check_step=0 surprise_streak=0
level=1 epoch=8/500 train_effect=4.063501 eval_effect=3.994468 train_vq=0.096102 active_codes=1 ema_used_codes=1 step_counter=80 last_check_step=0 surprise_streak=0
level=1 epoch=9/500 train_effect=3.945596 eval_effect=3.877349 train_vq=0.112544 active_codes=1 ema_used_codes=1 step_counter=90 last_check_step=0 surprise_streak=0
level=1 epoch=10/500 train_effect=3.832222 eval_effect=3.766965 train_vq=0.139249 active_codes=1 ema_used_codes=1 step_counter=100 last_check_step=0 surprise_streak=0
level=1 epoch=11/500 train_effect=3.722781 eval_effect=3.665299 train_vq=0.170385 active_codes=1 ema_used_codes=1 step_counter=110 last_check_step=0 surprise_streak=0
level=1 epoch=12/500 train_effect=3.622234 eval_effect=3.565958 train_vq=0.192735 active_codes=1 ema_used_codes=1 step_counter=120 last_check_step=0 surprise_streak=0
level=1 epoch=13/500 train_effect=3.526370 eval_effect=3.468697 train_vq=0.203809 active_codes=1 ema_used_codes=1 step_counter=130 last_check_step=0 surprise_streak=0
level=1 epoch=14/500 train_effect=3.430457 eval_effect=3.376327 train_vq=0.186800 active_codes=1 ema_used_codes=1 step_counter=140 last_check_step=0 surprise_streak=0
level=1 epoch=15/500 train_effect=3.339086 eval_effect=3.287259 train_vq=0.148399 active_codes=1 ema_used_codes=1 step_counter=150 last_check_step=0 surprise_streak=0
level=1 epoch=16/500 train_effect=3.251978 eval_effect=3.200464 train_vq=0.151161 active_codes=1 ema_used_codes=1 step_counter=160 last_check_step=0 surprise_streak=0
level=1 epoch=17/500 train_effect=3.164777 eval_effect=3.117220 train_vq=0.176191 active_codes=1 ema_used_codes=1 step_counter=170 last_check_step=0 surprise_streak=0
level=1 epoch=18/500 train_effect=3.083231 eval_effect=3.036979 train_vq=0.203138 active_codes=1 ema_used_codes=1 step_counter=180 last_check_step=0 surprise_streak=0
level=1 epoch=19/500 train_effect=3.004751 eval_effect=2.961773 train_vq=0.227300 active_codes=1 ema_used_codes=1 step_counter=190 last_check_step=0 surprise_streak=0
level=1 epoch=20/500 train_effect=2.931863 eval_effect=2.888431 train_vq=0.187570 active_codes=1 ema_used_codes=1 step_counter=200 last_check_step=0 surprise_streak=0
level=1 epoch=21/500 train_effect=2.858503 eval_effect=2.818389 train_vq=0.157943 active_codes=1 ema_used_codes=1 step_counter=210 last_check_step=201 surprise_streak=1 distance_mean=1.334 distance_p90=4.616 distance_p95=6.174 distance_max=10.3 surprise_support=82
level=1 epoch=22/500 train_effect=2.790507 eval_effect=2.750950 train_vq=0.167501 active_codes=1 ema_used_codes=1 step_counter=220 last_check_step=201 surprise_streak=1 distance_mean=1.334 distance_p90=4.616 distance_p95=6.174 distance_max=10.3 surprise_support=82
level=1 epoch=23/500 train_effect=2.724296 eval_effect=2.685794 train_vq=0.185868 active_codes=1 ema_used_codes=1 step_counter=230 last_check_step=201 surprise_streak=1 distance_mean=1.334 distance_p90=4.616 distance_p95=6.174 distance_max=10.3 surprise_support=82
level=1 epoch=24/500 train_effect=2.659332 eval_effect=2.623385 train_vq=0.211338 active_codes=1 ema_used_codes=1 step_counter=240 last_check_step=201 surprise_streak=1 distance_mean=1.334 distance_p90=4.616 distance_p95=6.174 distance_max=10.3 surprise_support=82
level=1 epoch=25/500 train_effect=2.598168 eval_effect=2.563327 train_vq=0.244744 active_codes=1 ema_used_codes=1 step_counter=250 last_check_step=201 surprise_streak=1 distance_mean=1.334 distance_p90=4.616 distance_p95=6.174 distance_max=10.3 surprise_support=82
level=1 epoch=26/500 train_effect=2.539118 eval_effect=2.506079 train_vq=0.291607 active_codes=1 ema_used_codes=1 step_counter=260 last_check_step=201 surprise_streak=1 distance_mean=1.334 distance_p90=4.616 distance_p95=6.174 distance_max=10.3 surprise_support=82
level=1 epoch=27/500 train_effect=2.482075 eval_effect=2.451193 train_vq=0.319540 active_codes=1 ema_used_codes=1 step_counter=270 last_check_step=201 surprise_streak=1 distance_mean=1.334 distance_p90=4.616 distance_p95=6.174 distance_max=10.3 surprise_support=82
level=1 epoch=28/500 train_effect=2.429447 eval_effect=2.400570 train_vq=0.346535 active_codes=1 ema_used_codes=1 step_counter=280 last_check_step=201 surprise_streak=1 distance_mean=1.334 distance_p90=4.616 distance_p95=6.174 distance_max=10.3 surprise_support=82
level=1 epoch=29/500 train_effect=2.379277 eval_effect=2.350341 train_vq=0.353636 active_codes=1 ema_used_codes=1 step_counter=290 last_check_step=201 surprise_streak=1 distance_mean=1.334 distance_p90=4.616 distance_p95=6.174 distance_max=10.3 surprise_support=82
level=1 epoch=30/500 train_effect=2.329623 eval_effect=2.301653 train_vq=0.367465 active_codes=1 ema_used_codes=1 step_counter=300 last_check_step=201 surprise_streak=1 distance_mean=1.334 distance_p90=4.616 distance_p95=6.174 distance_max=10.3 surprise_support=82
[Dynamic VQ] step=301 K=1->2 support=115/256 threshold=1.0000
level=1 epoch=31/500 train_effect=2.203930 eval_effect=2.159564 train_vq=0.244272 active_codes=2 ema_used_codes=2 step_counter=310 last_check_step=301 surprise_streak=0 distance_mean=2.86 distance_p90=7.722 distance_p95=13.37 distance_max=43.25 surprise_support=115
level=1 epoch=32/500 train_effect=2.138342 eval_effect=2.115803 train_vq=0.182808 active_codes=2 ema_used_codes=2 step_counter=320 last_check_step=301 surprise_streak=0 distance_mean=2.86 distance_p90=7.722 distance_p95=13.37 distance_max=43.25 surprise_support=115
level=1 epoch=33/500 train_effect=2.083818 eval_effect=2.073949 train_vq=0.106469 active_codes=2 ema_used_codes=2 step_counter=330 last_check_step=301 surprise_streak=0 distance_mean=2.86 distance_p90=7.722 distance_p95=13.37 distance_max=43.25 surprise_support=115
level=1 epoch=34/500 train_effect=2.034675 eval_effect=2.010446 train_vq=0.071233 active_codes=2 ema_used_codes=2 step_counter=340 last_check_step=301 surprise_streak=0 distance_mean=2.86 distance_p90=7.722 distance_p95=13.37 distance_max=43.25 surprise_support=115
level=1 epoch=35/500 train_effect=1.972575 eval_effect=1.947025 train_vq=0.061954 active_codes=2 ema_used_codes=2 step_counter=350 last_check_step=301 surprise_streak=0 distance_mean=2.86 distance_p90=7.722 distance_p95=13.37 distance_max=43.25 surprise_support=115
level=1 epoch=36/500 train_effect=1.915839 eval_effect=1.908856 train_vq=0.064888 active_codes=2 ema_used_codes=2 step_counter=360 last_check_step=301 surprise_streak=0 distance_mean=2.86 distance_p90=7.722 distance_p95=13.37 distance_max=43.25 surprise_support=115
level=1 epoch=37/500 train_effect=1.854820 eval_effect=1.823940 train_vq=0.093944 active_codes=2 ema_used_codes=2 step_counter=370 last_check_step=301 surprise_streak=0 distance_mean=2.86 distance_p90=7.722 distance_p95=13.37 distance_max=43.25 surprise_support=115
level=1 epoch=38/500 train_effect=1.787253 eval_effect=1.748893 train_vq=0.128474 active_codes=2 ema_used_codes=2 step_counter=380 last_check_step=301 surprise_streak=0 distance_mean=2.86 distance_p90=7.722 distance_p95=13.37 distance_max=43.25 surprise_support=115
level=1 epoch=39/500 train_effect=1.707324 eval_effect=1.664677 train_vq=0.176691 active_codes=2 ema_used_codes=2 step_counter=390 last_check_step=301 surprise_streak=0 distance_mean=2.86 distance_p90=7.722 distance_p95=13.37 distance_max=43.25 surprise_support=115
level=1 epoch=40/500 train_effect=1.642164 eval_effect=1.599759 train_vq=0.178383 active_codes=2 ema_used_codes=2 step_counter=400 last_check_step=301 surprise_streak=0 distance_mean=2.86 distance_p90=7.722 distance_p95=13.37 distance_max=43.25 surprise_support=115
level=1 epoch=41/500 train_effect=1.605567 eval_effect=1.547397 train_vq=0.110599 active_codes=2 ema_used_codes=2 step_counter=410 last_check_step=401 surprise_streak=1 distance_mean=1.068 distance_p90=3.061 distance_p95=4.466 distance_max=12.16 surprise_support=69
level=1 epoch=42/500 train_effect=1.545139 eval_effect=1.488602 train_vq=0.058976 active_codes=2 ema_used_codes=2 step_counter=420 last_check_step=401 surprise_streak=1 distance_mean=1.068 distance_p90=3.061 distance_p95=4.466 distance_max=12.16 surprise_support=69
level=1 epoch=43/500 train_effect=1.466559 eval_effect=1.439951 train_vq=0.036707 active_codes=2 ema_used_codes=2 step_counter=430 last_check_step=401 surprise_streak=1 distance_mean=1.068 distance_p90=3.061 distance_p95=4.466 distance_max=12.16 surprise_support=69
level=1 epoch=44/500 train_effect=1.418699 eval_effect=1.409744 train_vq=0.031166 active_codes=2 ema_used_codes=2 step_counter=440 last_check_step=401 surprise_streak=1 distance_mean=1.068 distance_p90=3.061 distance_p95=4.466 distance_max=12.16 surprise_support=69
level=1 epoch=45/500 train_effect=1.399073 eval_effect=1.364766 train_vq=0.032041 active_codes=2 ema_used_codes=2 step_counter=450 last_check_step=401 surprise_streak=1 distance_mean=1.068 distance_p90=3.061 distance_p95=4.466 distance_max=12.16 surprise_support=69
level=1 epoch=46/500 train_effect=1.346595 eval_effect=1.310324 train_vq=0.028724 active_codes=2 ema_used_codes=2 step_counter=460 last_check_step=401 surprise_streak=1 distance_mean=1.068 distance_p90=3.061 distance_p95=4.466 distance_max=12.16 surprise_support=69
level=1 epoch=47/500 train_effect=1.287917 eval_effect=1.266922 train_vq=0.030207 active_codes=2 ema_used_codes=2 step_counter=470 last_check_step=401 surprise_streak=1 distance_mean=1.068 distance_p90=3.061 distance_p95=4.466 distance_max=12.16 surprise_support=69
level=1 epoch=48/500 train_effect=1.255385 eval_effect=1.231449 train_vq=0.034522 active_codes=2 ema_used_codes=2 step_counter=480 last_check_step=401 surprise_streak=1 distance_mean=1.068 distance_p90=3.061 distance_p95=4.466 distance_max=12.16 surprise_support=69
level=1 epoch=49/500 train_effect=1.225346 eval_effect=1.202249 train_vq=0.041529 active_codes=2 ema_used_codes=2 step_counter=490 last_check_step=401 surprise_streak=1 distance_mean=1.068 distance_p90=3.061 distance_p95=4.466 distance_max=12.16 surprise_support=69
level=1 epoch=50/500 train_effect=1.192841 eval_effect=1.183242 train_vq=0.043232 active_codes=2 ema_used_codes=2 step_counter=500 last_check_step=401 surprise_streak=1 distance_mean=1.068 distance_p90=3.061 distance_p95=4.466 distance_max=12.16 surprise_support=69
[Dynamic VQ] step=501 K=2->3 support=20/256 threshold=1.0000
level=1 epoch=51/500 train_effect=1.183574 eval_effect=1.168061 train_vq=0.029554 active_codes=3 ema_used_codes=3 step_counter=510 last_check_step=501 surprise_streak=0 distance_mean=0.3734 distance_p90=0.8936 distance_p95=1.394 distance_max=3.36 surprise_support=20
level=1 epoch=52/500 train_effect=1.145228 eval_effect=1.120012 train_vq=0.027314 active_codes=3 ema_used_codes=3 step_counter=520 last_check_step=501 surprise_streak=0 distance_mean=0.3734 distance_p90=0.8936 distance_p95=1.394 distance_max=3.36 surprise_support=20
level=1 epoch=53/500 train_effect=1.113493 eval_effect=1.093497 train_vq=0.024623 active_codes=3 ema_used_codes=3 step_counter=530 last_check_step=501 surprise_streak=0 distance_mean=0.3734 distance_p90=0.8936 distance_p95=1.394 distance_max=3.36 surprise_support=20
level=1 epoch=54/500 train_effect=1.083655 eval_effect=1.073361 train_vq=0.027805 active_codes=3 ema_used_codes=3 step_counter=540 last_check_step=501 surprise_streak=0 distance_mean=0.3734 distance_p90=0.8936 distance_p95=1.394 distance_max=3.36 surprise_support=20
level=1 epoch=55/500 train_effect=1.071902 eval_effect=1.058058 train_vq=0.025895 active_codes=3 ema_used_codes=3 step_counter=550 last_check_step=501 surprise_streak=0 distance_mean=0.3734 distance_p90=0.8936 distance_p95=1.394 distance_max=3.36 surprise_support=20
level=1 epoch=56/500 train_effect=1.032469 eval_effect=1.029992 train_vq=0.026944 active_codes=3 ema_used_codes=3 step_counter=560 last_check_step=501 surprise_streak=0 distance_mean=0.3734 distance_p90=0.8936 distance_p95=1.394 distance_max=3.36 surprise_support=20
level=1 epoch=57/500 train_effect=1.013206 eval_effect=0.994027 train_vq=0.028746 active_codes=3 ema_used_codes=3 step_counter=570 last_check_step=501 surprise_streak=0 distance_mean=0.3734 distance_p90=0.8936 distance_p95=1.394 distance_max=3.36 surprise_support=20
level=1 epoch=58/500 train_effect=0.983739 eval_effect=0.971244 train_vq=0.027183 active_codes=3 ema_used_codes=3 step_counter=580 last_check_step=501 surprise_streak=0 distance_mean=0.3734 distance_p90=0.8936 distance_p95=1.394 distance_max=3.36 surprise_support=20
level=1 epoch=59/500 train_effect=0.961913 eval_effect=0.947812 train_vq=0.025571 active_codes=3 ema_used_codes=3 step_counter=590 last_check_step=501 surprise_streak=0 distance_mean=0.3734 distance_p90=0.8936 distance_p95=1.394 distance_max=3.36 surprise_support=20
level=1 epoch=60/500 train_effect=0.943451 eval_effect=0.925147 train_vq=0.025694 active_codes=3 ema_used_codes=3 step_counter=600 last_check_step=501 surprise_streak=0 distance_mean=0.3734 distance_p90=0.8936 distance_p95=1.394 distance_max=3.36 surprise_support=20
level=1 epoch=61/500 train_effect=0.917238 eval_effect=0.902724 train_vq=0.027092 active_codes=3 ema_used_codes=3 step_counter=610 last_check_step=601 surprise_streak=0 distance_mean=0.1913 distance_p90=0.3648 distance_p95=0.731 distance_max=3.74 surprise_support=10
level=1 epoch=62/500 train_effect=0.905706 eval_effect=0.893115 train_vq=0.032255 active_codes=3 ema_used_codes=3 step_counter=620 last_check_step=601 surprise_streak=0 distance_mean=0.1913 distance_p90=0.3648 distance_p95=0.731 distance_max=3.74 surprise_support=10
level=1 epoch=63/500 train_effect=0.875667 eval_effect=0.872888 train_vq=0.032717 active_codes=3 ema_used_codes=3 step_counter=630 last_check_step=601 surprise_streak=0 distance_mean=0.1913 distance_p90=0.3648 distance_p95=0.731 distance_max=3.74 surprise_support=10
level=1 epoch=64/500 train_effect=0.860832 eval_effect=0.868408 train_vq=0.029975 active_codes=3 ema_used_codes=3 step_counter=640 last_check_step=601 surprise_streak=0 distance_mean=0.1913 distance_p90=0.3648 distance_p95=0.731 distance_max=3.74 surprise_support=10
level=1 epoch=65/500 train_effect=0.853181 eval_effect=0.852365 train_vq=0.024172 active_codes=3 ema_used_codes=3 step_counter=650 last_check_step=601 surprise_streak=0 distance_mean=0.1913 distance_p90=0.3648 distance_p95=0.731 distance_max=3.74 surprise_support=10
level=1 epoch=66/500 train_effect=0.859081 eval_effect=0.835144 train_vq=0.021423 active_codes=3 ema_used_codes=3 step_counter=660 last_check_step=601 surprise_streak=0 distance_mean=0.1913 distance_p90=0.3648 distance_p95=0.731 distance_max=3.74 surprise_support=10
level=1 epoch=67/500 train_effect=0.829121 eval_effect=0.808526 train_vq=0.022851 active_codes=3 ema_used_codes=3 step_counter=670 last_check_step=601 surprise_streak=0 distance_mean=0.1913 distance_p90=0.3648 distance_p95=0.731 distance_max=3.74 surprise_support=10
level=1 epoch=68/500 train_effect=0.822465 eval_effect=0.800132 train_vq=0.027093 active_codes=3 ema_used_codes=3 step_counter=680 last_check_step=601 surprise_streak=0 distance_mean=0.1913 distance_p90=0.3648 distance_p95=0.731 distance_max=3.74 surprise_support=10
level=1 epoch=69/500 train_effect=0.816280 eval_effect=0.793082 train_vq=0.026794 active_codes=3 ema_used_codes=3 step_counter=690 last_check_step=601 surprise_streak=0 distance_mean=0.1913 distance_p90=0.3648 distance_p95=0.731 distance_max=3.74 surprise_support=10
level=1 epoch=70/500 train_effect=0.802809 eval_effect=0.789724 train_vq=0.024611 active_codes=3 ema_used_codes=3 step_counter=700 last_check_step=601 surprise_streak=0 distance_mean=0.1913 distance_p90=0.3648 distance_p95=0.731 distance_max=3.74 surprise_support=10
level=1 epoch=71/500 train_effect=0.804844 eval_effect=0.779426 train_vq=0.026592 active_codes=3 ema_used_codes=3 step_counter=710 last_check_step=701 surprise_streak=0 distance_mean=0.2067 distance_p90=0.4889 distance_p95=0.9806 distance_max=2.44 surprise_support=12
level=1 epoch=72/500 train_effect=0.776749 eval_effect=0.759766 train_vq=0.029690 active_codes=3 ema_used_codes=3 step_counter=720 last_check_step=701 surprise_streak=0 distance_mean=0.2067 distance_p90=0.4889 distance_p95=0.9806 distance_max=2.44 surprise_support=12
level=1 epoch=73/500 train_effect=0.771986 eval_effect=0.753167 train_vq=0.029252 active_codes=3 ema_used_codes=3 step_counter=730 last_check_step=701 surprise_streak=0 distance_mean=0.2067 distance_p90=0.4889 distance_p95=0.9806 distance_max=2.44 surprise_support=12
level=1 epoch=74/500 train_effect=0.750955 eval_effect=0.748900 train_vq=0.026112 active_codes=3 ema_used_codes=3 step_counter=740 last_check_step=701 surprise_streak=0 distance_mean=0.2067 distance_p90=0.4889 distance_p95=0.9806 distance_max=2.44 surprise_support=12
level=1 epoch=75/500 train_effect=0.748899 eval_effect=0.736199 train_vq=0.029719 active_codes=3 ema_used_codes=3 step_counter=750 last_check_step=701 surprise_streak=0 distance_mean=0.2067 distance_p90=0.4889 distance_p95=0.9806 distance_max=2.44 surprise_support=12
level=1 epoch=76/500 train_effect=0.755331 eval_effect=0.729039 train_vq=0.028139 active_codes=3 ema_used_codes=3 step_counter=760 last_check_step=701 surprise_streak=0 distance_mean=0.2067 distance_p90=0.4889 distance_p95=0.9806 distance_max=2.44 surprise_support=12
level=1 epoch=77/500 train_effect=0.742954 eval_effect=0.723208 train_vq=0.028343 active_codes=3 ema_used_codes=3 step_counter=770 last_check_step=701 surprise_streak=0 distance_mean=0.2067 distance_p90=0.4889 distance_p95=0.9806 distance_max=2.44 surprise_support=12
level=1 epoch=78/500 train_effect=0.720202 eval_effect=0.715706 train_vq=0.031853 active_codes=3 ema_used_codes=3 step_counter=780 last_check_step=701 surprise_streak=0 distance_mean=0.2067 distance_p90=0.4889 distance_p95=0.9806 distance_max=2.44 surprise_support=12
level=1 epoch=79/500 train_effect=0.719509 eval_effect=0.710368 train_vq=0.032131 active_codes=3 ema_used_codes=3 step_counter=790 last_check_step=701 surprise_streak=0 distance_mean=0.2067 distance_p90=0.4889 distance_p95=0.9806 distance_max=2.44 surprise_support=12
level=1 epoch=80/500 train_effect=0.719582 eval_effect=0.705708 train_vq=0.032043 active_codes=3 ema_used_codes=3 step_counter=800 last_check_step=701 surprise_streak=0 distance_mean=0.2067 distance_p90=0.4889 distance_p95=0.9806 distance_max=2.44 surprise_support=12
level=1 epoch=81/500 train_effect=0.708934 eval_effect=0.714045 train_vq=0.031522 active_codes=3 ema_used_codes=3 step_counter=810 last_check_step=801 surprise_streak=1 distance_mean=0.2624 distance_p90=0.6284 distance_p95=1.405 distance_max=3.993 surprise_support=17
level=1 epoch=82/500 train_effect=0.708056 eval_effect=0.709949 train_vq=0.035262 active_codes=3 ema_used_codes=3 step_counter=820 last_check_step=801 surprise_streak=1 distance_mean=0.2624 distance_p90=0.6284 distance_p95=1.405 distance_max=3.993 surprise_support=17
level=1 epoch=83/500 train_effect=0.711878 eval_effect=0.687437 train_vq=0.035485 active_codes=3 ema_used_codes=3 step_counter=830 last_check_step=801 surprise_streak=1 distance_mean=0.2624 distance_p90=0.6284 distance_p95=1.405 distance_max=3.993 surprise_support=17
level=1 epoch=84/500 train_effect=0.691122 eval_effect=0.689020 train_vq=0.035356 active_codes=3 ema_used_codes=3 step_counter=840 last_check_step=801 surprise_streak=1 distance_mean=0.2624 distance_p90=0.6284 distance_p95=1.405 distance_max=3.993 surprise_support=17
level=1 epoch=85/500 train_effect=0.698547 eval_effect=0.679148 train_vq=0.035505 active_codes=3 ema_used_codes=3 step_counter=850 last_check_step=801 surprise_streak=1 distance_mean=0.2624 distance_p90=0.6284 distance_p95=1.405 distance_max=3.993 surprise_support=17
level=1 epoch=86/500 train_effect=0.687247 eval_effect=0.681522 train_vq=0.035558 active_codes=3 ema_used_codes=3 step_counter=860 last_check_step=801 surprise_streak=1 distance_mean=0.2624 distance_p90=0.6284 distance_p95=1.405 distance_max=3.993 surprise_support=17
level=1 epoch=87/500 train_effect=0.681108 eval_effect=0.681330 train_vq=0.038879 active_codes=3 ema_used_codes=3 step_counter=870 last_check_step=801 surprise_streak=1 distance_mean=0.2624 distance_p90=0.6284 distance_p95=1.405 distance_max=3.993 surprise_support=17
level=1 epoch=88/500 train_effect=0.676861 eval_effect=0.668345 train_vq=0.039462 active_codes=3 ema_used_codes=3 step_counter=880 last_check_step=801 surprise_streak=1 distance_mean=0.2624 distance_p90=0.6284 distance_p95=1.405 distance_max=3.993 surprise_support=17
level=1 epoch=89/500 train_effect=0.685879 eval_effect=0.672566 train_vq=0.039457 active_codes=3 ema_used_codes=3 step_counter=890 last_check_step=801 surprise_streak=1 distance_mean=0.2624 distance_p90=0.6284 distance_p95=1.405 distance_max=3.993 surprise_support=17
level=1 epoch=90/500 train_effect=0.677573 eval_effect=0.661675 train_vq=0.040540 active_codes=3 ema_used_codes=3 step_counter=900 last_check_step=801 surprise_streak=1 distance_mean=0.2624 distance_p90=0.6284 distance_p95=1.405 distance_max=3.993 surprise_support=17
[Dynamic VQ] step=901 K=3->4 support=18/256 threshold=1.0000
level=1 epoch=91/500 train_effect=0.680852 eval_effect=0.646289 train_vq=0.031762 active_codes=4 ema_used_codes=4 step_counter=910 last_check_step=901 surprise_streak=0 distance_mean=0.3236 distance_p90=0.8012 distance_p95=1.114 distance_max=2.563 surprise_support=18
level=1 epoch=92/500 train_effect=0.658266 eval_effect=0.633181 train_vq=0.035758 active_codes=4 ema_used_codes=4 step_counter=920 last_check_step=901 surprise_streak=0 distance_mean=0.3236 distance_p90=0.8012 distance_p95=1.114 distance_max=2.563 surprise_support=18
level=1 epoch=93/500 train_effect=0.657717 eval_effect=0.634423 train_vq=0.028599 active_codes=4 ema_used_codes=4 step_counter=930 last_check_step=901 surprise_streak=0 distance_mean=0.3236 distance_p90=0.8012 distance_p95=1.114 distance_max=2.563 surprise_support=18
level=1 epoch=94/500 train_effect=0.659965 eval_effect=0.625364 train_vq=0.026834 active_codes=4 ema_used_codes=4 step_counter=940 last_check_step=901 surprise_streak=0 distance_mean=0.3236 distance_p90=0.8012 distance_p95=1.114 distance_max=2.563 surprise_support=18
level=1 epoch=95/500 train_effect=0.638213 eval_effect=0.660604 train_vq=0.025358 active_codes=4 ema_used_codes=4 step_counter=950 last_check_step=901 surprise_streak=0 distance_mean=0.3236 distance_p90=0.8012 distance_p95=1.114 distance_max=2.563 surprise_support=18
level=1 epoch=96/500 train_effect=0.657556 eval_effect=0.619365 train_vq=0.026563 active_codes=4 ema_used_codes=4 step_counter=960 last_check_step=901 surprise_streak=0 distance_mean=0.3236 distance_p90=0.8012 distance_p95=1.114 distance_max=2.563 surprise_support=18
level=1 epoch=97/500 train_effect=0.639603 eval_effect=0.607616 train_vq=0.025391 active_codes=4 ema_used_codes=4 step_counter=970 last_check_step=901 surprise_streak=0 distance_mean=0.3236 distance_p90=0.8012 distance_p95=1.114 distance_max=2.563 surprise_support=18
level=1 epoch=98/500 train_effect=0.627245 eval_effect=0.606727 train_vq=0.025039 active_codes=4 ema_used_codes=4 step_counter=980 last_check_step=901 surprise_streak=0 distance_mean=0.3236 distance_p90=0.8012 distance_p95=1.114 distance_max=2.563 surprise_support=18
level=1 epoch=99/500 train_effect=0.626601 eval_effect=0.595092 train_vq=0.024719 active_codes=4 ema_used_codes=4 step_counter=990 last_check_step=901 surprise_streak=0 distance_mean=0.3236 distance_p90=0.8012 distance_p95=1.114 distance_max=2.563 surprise_support=18
level=1 epoch=100/500 train_effect=0.627578 eval_effect=0.586729 train_vq=0.023617 active_codes=4 ema_used_codes=4 step_counter=1000 last_check_step=901 surprise_streak=0 distance_mean=0.3236 distance_p90=0.8012 distance_p95=1.114 distance_max=2.563 surprise_support=18
level=1 epoch=101/500 train_effect=0.628799 eval_effect=0.588364 train_vq=0.023167 active_codes=4 ema_used_codes=4 step_counter=1010 last_check_step=901 surprise_streak=0 distance_mean=0.3236 distance_p90=0.8012 distance_p95=1.114 distance_max=2.563 surprise_support=18
level=1 epoch=102/500 train_effect=0.590571 eval_effect=0.585345 train_vq=0.024648 active_codes=4 ema_used_codes=4 step_counter=1020 last_check_step=901 surprise_streak=0 distance_mean=0.3236 distance_p90=0.8012 distance_p95=1.114 distance_max=2.563 surprise_support=18
level=1 epoch=103/500 train_effect=0.600085 eval_effect=0.582288 train_vq=0.022567 active_codes=4 ema_used_codes=4 step_counter=1030 last_check_step=901 surprise_streak=0 distance_mean=0.3236 distance_p90=0.8012 distance_p95=1.114 distance_max=2.563 surprise_support=18
level=1 epoch=104/500 train_effect=0.601842 eval_effect=0.583191 train_vq=0.023681 active_codes=4 ema_used_codes=4 step_counter=1040 last_check_step=901 surprise_streak=0 distance_mean=0.3236 distance_p90=0.8012 distance_p95=1.114 distance_max=2.563 surprise_support=18
level=1 epoch=105/500 train_effect=0.582503 eval_effect=0.571341 train_vq=0.024346 active_codes=4 ema_used_codes=4 step_counter=1050 last_check_step=901 surprise_streak=0 distance_mean=0.3236 distance_p90=0.8012 distance_p95=1.114 distance_max=2.563 surprise_support=18
level=1 epoch=106/500 train_effect=0.578131 eval_effect=0.574155 train_vq=0.022263 active_codes=4 ema_used_codes=4 step_counter=1060 last_check_step=901 surprise_streak=0 distance_mean=0.3236 distance_p90=0.8012 distance_p95=1.114 distance_max=2.563 surprise_support=18
level=1 epoch=107/500 train_effect=0.569932 eval_effect=0.561701 train_vq=0.023841 active_codes=4 ema_used_codes=4 step_counter=1070 last_check_step=901 surprise_streak=0 distance_mean=0.3236 distance_p90=0.8012 distance_p95=1.114 distance_max=2.563 surprise_support=18
level=1 epoch=108/500 train_effect=0.576099 eval_effect=0.557274 train_vq=0.023593 active_codes=4 ema_used_codes=4 step_counter=1080 last_check_step=901 surprise_streak=0 distance_mean=0.3236 distance_p90=0.8012 distance_p95=1.114 distance_max=2.563 surprise_support=18
level=1 epoch=109/500 train_effect=0.578613 eval_effect=0.570708 train_vq=0.024230 active_codes=4 ema_used_codes=4 step_counter=1090 last_check_step=901 surprise_streak=0 distance_mean=0.3236 distance_p90=0.8012 distance_p95=1.114 distance_max=2.563 surprise_support=18
level=1 epoch=110/500 train_effect=0.557660 eval_effect=0.549058 train_vq=0.022314 active_codes=4 ema_used_codes=4 step_counter=1100 last_check_step=901 surprise_streak=0 distance_mean=0.3236 distance_p90=0.8012 distance_p95=1.114 distance_max=2.563 surprise_support=18
level=1 epoch=111/500 train_effect=0.570880 eval_effect=0.559374 train_vq=0.022755 active_codes=4 ema_used_codes=4 step_counter=1110 last_check_step=901 surprise_streak=0 distance_mean=0.3236 distance_p90=0.8012 distance_p95=1.114 distance_max=2.563 surprise_support=18
level=1 epoch=112/500 train_effect=0.559054 eval_effect=0.537403 train_vq=0.025186 active_codes=4 ema_used_codes=4 step_counter=1120 last_check_step=901 surprise_streak=0 distance_mean=0.3236 distance_p90=0.8012 distance_p95=1.114 distance_max=2.563 surprise_support=18
level=1 epoch=113/500 train_effect=0.542409 eval_effect=0.538892 train_vq=0.022442 active_codes=4 ema_used_codes=4 step_counter=1130 last_check_step=901 surprise_streak=0 distance_mean=0.3236 distance_p90=0.8012 distance_p95=1.114 distance_max=2.563 surprise_support=18
level=1 epoch=114/500 train_effect=0.559649 eval_effect=0.537579 train_vq=0.021905 active_codes=4 ema_used_codes=4 step_counter=1140 last_check_step=901 surprise_streak=0 distance_mean=0.3236 distance_p90=0.8012 distance_p95=1.114 distance_max=2.563 surprise_support=18
level=1 epoch=115/500 train_effect=0.548301 eval_effect=0.535429 train_vq=0.023502 active_codes=4 ema_used_codes=4 step_counter=1150 last_check_step=901 surprise_streak=0 distance_mean=0.3236 distance_p90=0.8012 distance_p95=1.114 distance_max=2.563 surprise_support=18
level=1 epoch=116/500 train_effect=0.539276 eval_effect=0.526345 train_vq=0.024394 active_codes=4 ema_used_codes=4 step_counter=1160 last_check_step=901 surprise_streak=0 distance_mean=0.3236 distance_p90=0.8012 distance_p95=1.114 distance_max=2.563 surprise_support=18
level=1 epoch=117/500 train_effect=0.555653 eval_effect=0.527330 train_vq=0.022794 active_codes=4 ema_used_codes=4 step_counter=1170 last_check_step=901 surprise_streak=0 distance_mean=0.3236 distance_p90=0.8012 distance_p95=1.114 distance_max=2.563 surprise_support=18
level=1 epoch=118/500 train_effect=0.549936 eval_effect=0.527734 train_vq=0.022927 active_codes=4 ema_used_codes=4 step_counter=1180 last_check_step=901 surprise_streak=0 distance_mean=0.3236 distance_p90=0.8012 distance_p95=1.114 distance_max=2.563 surprise_support=18
level=1 epoch=119/500 train_effect=0.527866 eval_effect=0.526594 train_vq=0.023101 active_codes=4 ema_used_codes=4 step_counter=1190 last_check_step=901 surprise_streak=0 distance_mean=0.3236 distance_p90=0.8012 distance_p95=1.114 distance_max=2.563 surprise_support=18
level=1 epoch=120/500 train_effect=0.534471 eval_effect=0.532468 train_vq=0.022201 active_codes=4 ema_used_codes=4 step_counter=1200 last_check_step=901 surprise_streak=0 distance_mean=0.3236 distance_p90=0.8012 distance_p95=1.114 distance_max=2.563 surprise_support=18
level=1 epoch=121/500 train_effect=0.529559 eval_effect=0.525423 train_vq=0.022733 active_codes=4 ema_used_codes=4 step_counter=1210 last_check_step=901 surprise_streak=0 distance_mean=0.3236 distance_p90=0.8012 distance_p95=1.114 distance_max=2.563 surprise_support=18
level=1 epoch=122/500 train_effect=0.527445 eval_effect=0.516987 train_vq=0.023117 active_codes=4 ema_used_codes=4 step_counter=1220 last_check_step=901 surprise_streak=0 distance_mean=0.3236 distance_p90=0.8012 distance_p95=1.114 distance_max=2.563 surprise_support=18
level=1 epoch=123/500 train_effect=0.522840 eval_effect=0.518058 train_vq=0.024465 active_codes=4 ema_used_codes=4 step_counter=1230 last_check_step=901 surprise_streak=0 distance_mean=0.3236 distance_p90=0.8012 distance_p95=1.114 distance_max=2.563 surprise_support=18
level=1 epoch=124/500 train_effect=0.524289 eval_effect=0.517926 train_vq=0.025469 active_codes=4 ema_used_codes=4 step_counter=1240 last_check_step=901 surprise_streak=0 distance_mean=0.3236 distance_p90=0.8012 distance_p95=1.114 distance_max=2.563 surprise_support=18
level=1 epoch=125/500 train_effect=0.517591 eval_effect=0.511955 train_vq=0.024597 active_codes=4 ema_used_codes=4 step_counter=1250 last_check_step=901 surprise_streak=0 distance_mean=0.3236 distance_p90=0.8012 distance_p95=1.114 distance_max=2.563 surprise_support=18
level=1 epoch=126/500 train_effect=0.511728 eval_effect=0.511468 train_vq=0.023335 active_codes=4 ema_used_codes=4 step_counter=1260 last_check_step=901 surprise_streak=0 distance_mean=0.3236 distance_p90=0.8012 distance_p95=1.114 distance_max=2.563 surprise_support=18
level=1 epoch=127/500 train_effect=0.508852 eval_effect=0.505775 train_vq=0.022358 active_codes=4 ema_used_codes=4 step_counter=1270 last_check_step=901 surprise_streak=0 distance_mean=0.3236 distance_p90=0.8012 distance_p95=1.114 distance_max=2.563 surprise_support=18
level=1 epoch=128/500 train_effect=0.516612 eval_effect=0.501587 train_vq=0.024219 active_codes=4 ema_used_codes=4 step_counter=1280 last_check_step=901 surprise_streak=0 distance_mean=0.3236 distance_p90=0.8012 distance_p95=1.114 distance_max=2.563 surprise_support=18
level=1 epoch=129/500 train_effect=0.515478 eval_effect=0.498173 train_vq=0.024241 active_codes=4 ema_used_codes=4 step_counter=1290 last_check_step=901 surprise_streak=0 distance_mean=0.3236 distance_p90=0.8012 distance_p95=1.114 distance_max=2.563 surprise_support=18
level=1 epoch=130/500 train_effect=0.509964 eval_effect=0.494545 train_vq=0.024290 active_codes=4 ema_used_codes=4 step_counter=1300 last_check_step=901 surprise_streak=0 distance_mean=0.3236 distance_p90=0.8012 distance_p95=1.114 distance_max=2.563 surprise_support=18
level=1 epoch=131/500 train_effect=0.508324 eval_effect=0.494014 train_vq=0.025590 active_codes=4 ema_used_codes=4 step_counter=1310 last_check_step=901 surprise_streak=0 distance_mean=0.3236 distance_p90=0.8012 distance_p95=1.114 distance_max=2.563 surprise_support=18
level=1 epoch=132/500 train_effect=0.506877 eval_effect=0.491843 train_vq=0.025352 active_codes=4 ema_used_codes=4 step_counter=1320 last_check_step=901 surprise_streak=0 distance_mean=0.3236 distance_p90=0.8012 distance_p95=1.114 distance_max=2.563 surprise_support=18
level=1 epoch=133/500 train_effect=0.504868 eval_effect=0.490776 train_vq=0.026584 active_codes=4 ema_used_codes=4 step_counter=1330 last_check_step=901 surprise_streak=0 distance_mean=0.3236 distance_p90=0.8012 distance_p95=1.114 distance_max=2.563 surprise_support=18
level=1 epoch=134/500 train_effect=0.493268 eval_effect=0.488875 train_vq=0.026689 active_codes=4 ema_used_codes=4 step_counter=1340 last_check_step=901 surprise_streak=0 distance_mean=0.3236 distance_p90=0.8012 distance_p95=1.114 distance_max=2.563 surprise_support=18
level=1 epoch=135/500 train_effect=0.517401 eval_effect=0.485202 train_vq=0.025204 active_codes=4 ema_used_codes=4 step_counter=1350 last_check_step=901 surprise_streak=0 distance_mean=0.3236 distance_p90=0.8012 distance_p95=1.114 distance_max=2.563 surprise_support=18
level=1 epoch=136/500 train_effect=0.501174 eval_effect=0.484814 train_vq=0.026514 active_codes=4 ema_used_codes=4 step_counter=1360 last_check_step=901 surprise_streak=0 distance_mean=0.3236 distance_p90=0.8012 distance_p95=1.114 distance_max=2.563 surprise_support=18
level=1 epoch=137/500 train_effect=0.503942 eval_effect=0.480227 train_vq=0.025596 active_codes=4 ema_used_codes=4 step_counter=1370 last_check_step=901 surprise_streak=0 distance_mean=0.3236 distance_p90=0.8012 distance_p95=1.114 distance_max=2.563 surprise_support=18
level=1 epoch=138/500 train_effect=0.496497 eval_effect=0.480224 train_vq=0.026858 active_codes=4 ema_used_codes=4 step_counter=1380 last_check_step=901 surprise_streak=0 distance_mean=0.3236 distance_p90=0.8012 distance_p95=1.114 distance_max=2.563 surprise_support=18
level=1 epoch=139/500 train_effect=0.488483 eval_effect=0.480737 train_vq=0.028281 active_codes=4 ema_used_codes=4 step_counter=1390 last_check_step=901 surprise_streak=0 distance_mean=0.3236 distance_p90=0.8012 distance_p95=1.114 distance_max=2.563 surprise_support=18
level=1 epoch=140/500 train_effect=0.486998 eval_effect=0.472296 train_vq=0.029728 active_codes=4 ema_used_codes=4 step_counter=1400 last_check_step=901 surprise_streak=0 distance_mean=0.3236 distance_p90=0.8012 distance_p95=1.114 distance_max=2.563 surprise_support=18
level=1 epoch=141/500 train_effect=0.479806 eval_effect=0.478713 train_vq=0.029417 active_codes=4 ema_used_codes=4 step_counter=1410 last_check_step=901 surprise_streak=0 distance_mean=0.3236 distance_p90=0.8012 distance_p95=1.114 distance_max=2.563 surprise_support=18
level=1 epoch=142/500 train_effect=0.487005 eval_effect=0.472314 train_vq=0.030934 active_codes=4 ema_used_codes=4 step_counter=1420 last_check_step=901 surprise_streak=0 distance_mean=0.3236 distance_p90=0.8012 distance_p95=1.114 distance_max=2.563 surprise_support=18
level=1 epoch=143/500 train_effect=0.478276 eval_effect=0.472500 train_vq=0.028751 active_codes=4 ema_used_codes=4 step_counter=1430 last_check_step=901 surprise_streak=0 distance_mean=0.3236 distance_p90=0.8012 distance_p95=1.114 distance_max=2.563 surprise_support=18
level=1 epoch=144/500 train_effect=0.481450 eval_effect=0.465518 train_vq=0.027810 active_codes=4 ema_used_codes=4 step_counter=1440 last_check_step=901 surprise_streak=0 distance_mean=0.3236 distance_p90=0.8012 distance_p95=1.114 distance_max=2.563 surprise_support=18
level=1 epoch=145/500 train_effect=0.484195 eval_effect=0.459514 train_vq=0.028750 active_codes=4 ema_used_codes=4 step_counter=1450 last_check_step=901 surprise_streak=0 distance_mean=0.3236 distance_p90=0.8012 distance_p95=1.114 distance_max=2.563 surprise_support=18
level=1 epoch=146/500 train_effect=0.472846 eval_effect=0.469123 train_vq=0.027714 active_codes=4 ema_used_codes=4 step_counter=1460 last_check_step=901 surprise_streak=0 distance_mean=0.3236 distance_p90=0.8012 distance_p95=1.114 distance_max=2.563 surprise_support=18
level=1 epoch=147/500 train_effect=0.471866 eval_effect=0.460280 train_vq=0.028616 active_codes=4 ema_used_codes=4 step_counter=1470 last_check_step=901 surprise_streak=0 distance_mean=0.3236 distance_p90=0.8012 distance_p95=1.114 distance_max=2.563 surprise_support=18
level=1 epoch=148/500 train_effect=0.468420 eval_effect=0.460250 train_vq=0.029339 active_codes=4 ema_used_codes=4 step_counter=1480 last_check_step=901 surprise_streak=0 distance_mean=0.3236 distance_p90=0.8012 distance_p95=1.114 distance_max=2.563 surprise_support=18
level=1 epoch=149/500 train_effect=0.478658 eval_effect=0.457968 train_vq=0.030721 active_codes=4 ema_used_codes=4 step_counter=1490 last_check_step=901 surprise_streak=0 distance_mean=0.3236 distance_p90=0.8012 distance_p95=1.114 distance_max=2.563 surprise_support=18
level=1 epoch=150/500 train_effect=0.467868 eval_effect=0.452149 train_vq=0.031125 active_codes=4 ema_used_codes=4 step_counter=1500 last_check_step=901 surprise_streak=0 distance_mean=0.3236 distance_p90=0.8012 distance_p95=1.114 distance_max=2.563 surprise_support=18
level=1 epoch=151/500 train_effect=0.459130 eval_effect=0.453098 train_vq=0.030143 active_codes=4 ema_used_codes=4 step_counter=1510 last_check_step=901 surprise_streak=0 distance_mean=0.3236 distance_p90=0.8012 distance_p95=1.114 distance_max=2.563 surprise_support=18
level=1 epoch=152/500 train_effect=0.459958 eval_effect=0.452985 train_vq=0.031341 active_codes=4 ema_used_codes=4 step_counter=1520 last_check_step=901 surprise_streak=0 distance_mean=0.3236 distance_p90=0.8012 distance_p95=1.114 distance_max=2.563 surprise_support=18
level=1 epoch=153/500 train_effect=0.460833 eval_effect=0.452909 train_vq=0.030082 active_codes=4 ema_used_codes=4 step_counter=1530 last_check_step=901 surprise_streak=0 distance_mean=0.3236 distance_p90=0.8012 distance_p95=1.114 distance_max=2.563 surprise_support=18
level=1 epoch=154/500 train_effect=0.459711 eval_effect=0.445512 train_vq=0.028850 active_codes=4 ema_used_codes=4 step_counter=1540 last_check_step=901 surprise_streak=0 distance_mean=0.3236 distance_p90=0.8012 distance_p95=1.114 distance_max=2.563 surprise_support=18
level=1 epoch=155/500 train_effect=0.462382 eval_effect=0.440241 train_vq=0.028833 active_codes=4 ema_used_codes=4 step_counter=1550 last_check_step=901 surprise_streak=0 distance_mean=0.3236 distance_p90=0.8012 distance_p95=1.114 distance_max=2.563 surprise_support=18
level=1 epoch=156/500 train_effect=0.459476 eval_effect=0.447386 train_vq=0.031657 active_codes=4 ema_used_codes=4 step_counter=1560 last_check_step=901 surprise_streak=0 distance_mean=0.3236 distance_p90=0.8012 distance_p95=1.114 distance_max=2.563 surprise_support=18
level=1 epoch=157/500 train_effect=0.456967 eval_effect=0.433523 train_vq=0.030991 active_codes=4 ema_used_codes=4 step_counter=1570 last_check_step=901 surprise_streak=0 distance_mean=0.3236 distance_p90=0.8012 distance_p95=1.114 distance_max=2.563 surprise_support=18
level=1 epoch=158/500 train_effect=0.447087 eval_effect=0.435866 train_vq=0.032207 active_codes=4 ema_used_codes=4 step_counter=1580 last_check_step=901 surprise_streak=0 distance_mean=0.3236 distance_p90=0.8012 distance_p95=1.114 distance_max=2.563 surprise_support=18
level=1 epoch=159/500 train_effect=0.458521 eval_effect=0.430844 train_vq=0.032844 active_codes=4 ema_used_codes=4 step_counter=1590 last_check_step=901 surprise_streak=0 distance_mean=0.3236 distance_p90=0.8012 distance_p95=1.114 distance_max=2.563 surprise_support=18
level=1 epoch=160/500 train_effect=0.445744 eval_effect=0.434385 train_vq=0.032550 active_codes=4 ema_used_codes=4 step_counter=1600 last_check_step=901 surprise_streak=0 distance_mean=0.3236 distance_p90=0.8012 distance_p95=1.114 distance_max=2.563 surprise_support=18
level=1 epoch=161/500 train_effect=0.432008 eval_effect=0.429382 train_vq=0.030849 active_codes=4 ema_used_codes=4 step_counter=1610 last_check_step=901 surprise_streak=0 distance_mean=0.3236 distance_p90=0.8012 distance_p95=1.114 distance_max=2.563 surprise_support=18
level=1 epoch=162/500 train_effect=0.435211 eval_effect=0.430496 train_vq=0.033099 active_codes=4 ema_used_codes=4 step_counter=1620 last_check_step=901 surprise_streak=0 distance_mean=0.3236 distance_p90=0.8012 distance_p95=1.114 distance_max=2.563 surprise_support=18
level=1 epoch=163/500 train_effect=0.437033 eval_effect=0.422613 train_vq=0.033325 active_codes=4 ema_used_codes=4 step_counter=1630 last_check_step=901 surprise_streak=0 distance_mean=0.3236 distance_p90=0.8012 distance_p95=1.114 distance_max=2.563 surprise_support=18
level=1 epoch=164/500 train_effect=0.430797 eval_effect=0.423276 train_vq=0.032957 active_codes=4 ema_used_codes=4 step_counter=1640 last_check_step=901 surprise_streak=0 distance_mean=0.3236 distance_p90=0.8012 distance_p95=1.114 distance_max=2.563 surprise_support=18
level=1 epoch=165/500 train_effect=0.433709 eval_effect=0.418011 train_vq=0.034429 active_codes=4 ema_used_codes=4 step_counter=1650 last_check_step=901 surprise_streak=0 distance_mean=0.3236 distance_p90=0.8012 distance_p95=1.114 distance_max=2.563 surprise_support=18
level=1 epoch=166/500 train_effect=0.450718 eval_effect=0.418399 train_vq=0.037565 active_codes=4 ema_used_codes=4 step_counter=1660 last_check_step=901 surprise_streak=0 distance_mean=0.3236 distance_p90=0.8012 distance_p95=1.114 distance_max=2.563 surprise_support=18
level=1 epoch=167/500 train_effect=0.436501 eval_effect=0.417244 train_vq=0.035207 active_codes=4 ema_used_codes=4 step_counter=1670 last_check_step=901 surprise_streak=0 distance_mean=0.3236 distance_p90=0.8012 distance_p95=1.114 distance_max=2.563 surprise_support=18
level=1 epoch=168/500 train_effect=0.438721 eval_effect=0.404499 train_vq=0.036274 active_codes=4 ema_used_codes=4 step_counter=1680 last_check_step=901 surprise_streak=0 distance_mean=0.3236 distance_p90=0.8012 distance_p95=1.114 distance_max=2.563 surprise_support=18
level=1 epoch=169/500 train_effect=0.418521 eval_effect=0.430407 train_vq=0.034198 active_codes=4 ema_used_codes=4 step_counter=1690 last_check_step=901 surprise_streak=0 distance_mean=0.3236 distance_p90=0.8012 distance_p95=1.114 distance_max=2.563 surprise_support=18
level=1 epoch=170/500 train_effect=0.426745 eval_effect=0.402021 train_vq=0.035624 active_codes=4 ema_used_codes=4 step_counter=1700 last_check_step=901 surprise_streak=0 distance_mean=0.3236 distance_p90=0.8012 distance_p95=1.114 distance_max=2.563 surprise_support=18
level=1 epoch=171/500 train_effect=0.419060 eval_effect=0.401573 train_vq=0.035330 active_codes=4 ema_used_codes=4 step_counter=1710 last_check_step=901 surprise_streak=0 distance_mean=0.3236 distance_p90=0.8012 distance_p95=1.114 distance_max=2.563 surprise_support=18
level=1 epoch=172/500 train_effect=0.422963 eval_effect=0.402153 train_vq=0.035605 active_codes=4 ema_used_codes=4 step_counter=1720 last_check_step=901 surprise_streak=0 distance_mean=0.3236 distance_p90=0.8012 distance_p95=1.114 distance_max=2.563 surprise_support=18
level=1 epoch=173/500 train_effect=0.421983 eval_effect=0.411946 train_vq=0.035333 active_codes=4 ema_used_codes=4 step_counter=1730 last_check_step=901 surprise_streak=0 distance_mean=0.3236 distance_p90=0.8012 distance_p95=1.114 distance_max=2.563 surprise_support=18
level=1 epoch=174/500 train_effect=0.418675 eval_effect=0.399133 train_vq=0.034795 active_codes=4 ema_used_codes=4 step_counter=1740 last_check_step=901 surprise_streak=0 distance_mean=0.3236 distance_p90=0.8012 distance_p95=1.114 distance_max=2.563 surprise_support=18
level=1 epoch=175/500 train_effect=0.404470 eval_effect=0.397228 train_vq=0.034704 active_codes=4 ema_used_codes=4 step_counter=1750 last_check_step=901 surprise_streak=0 distance_mean=0.3236 distance_p90=0.8012 distance_p95=1.114 distance_max=2.563 surprise_support=18
level=1 epoch=176/500 train_effect=0.417755 eval_effect=0.405577 train_vq=0.033707 active_codes=4 ema_used_codes=4 step_counter=1760 last_check_step=901 surprise_streak=0 distance_mean=0.3236 distance_p90=0.8012 distance_p95=1.114 distance_max=2.563 surprise_support=18
level=1 epoch=177/500 train_effect=0.406047 eval_effect=0.401511 train_vq=0.032078 active_codes=4 ema_used_codes=4 step_counter=1770 last_check_step=901 surprise_streak=0 distance_mean=0.3236 distance_p90=0.8012 distance_p95=1.114 distance_max=2.563 surprise_support=18
level=1 epoch=178/500 train_effect=0.410769 eval_effect=0.403169 train_vq=0.033861 active_codes=4 ema_used_codes=4 step_counter=1780 last_check_step=901 surprise_streak=0 distance_mean=0.3236 distance_p90=0.8012 distance_p95=1.114 distance_max=2.563 surprise_support=18
level=1 epoch=179/500 train_effect=0.406945 eval_effect=0.400195 train_vq=0.033132 active_codes=4 ema_used_codes=4 step_counter=1790 last_check_step=901 surprise_streak=0 distance_mean=0.3236 distance_p90=0.8012 distance_p95=1.114 distance_max=2.563 surprise_support=18
level=1 epoch=180/500 train_effect=0.417115 eval_effect=0.387419 train_vq=0.036034 active_codes=4 ema_used_codes=4 step_counter=1800 last_check_step=901 surprise_streak=0 distance_mean=0.3236 distance_p90=0.8012 distance_p95=1.114 distance_max=2.563 surprise_support=18
level=1 epoch=181/500 train_effect=0.399098 eval_effect=0.388605 train_vq=0.033229 active_codes=4 ema_used_codes=4 step_counter=1810 last_check_step=901 surprise_streak=0 distance_mean=0.3236 distance_p90=0.8012 distance_p95=1.114 distance_max=2.563 surprise_support=18
level=1 epoch=182/500 train_effect=0.400001 eval_effect=0.400215 train_vq=0.033281 active_codes=4 ema_used_codes=4 step_counter=1820 last_check_step=901 surprise_streak=0 distance_mean=0.3236 distance_p90=0.8012 distance_p95=1.114 distance_max=2.563 surprise_support=18
level=1 epoch=183/500 train_effect=0.405624 eval_effect=0.386152 train_vq=0.033726 active_codes=4 ema_used_codes=4 step_counter=1830 last_check_step=901 surprise_streak=0 distance_mean=0.3236 distance_p90=0.8012 distance_p95=1.114 distance_max=2.563 surprise_support=18
level=1 epoch=184/500 train_effect=0.391639 eval_effect=0.386926 train_vq=0.031442 active_codes=4 ema_used_codes=4 step_counter=1840 last_check_step=901 surprise_streak=0 distance_mean=0.3236 distance_p90=0.8012 distance_p95=1.114 distance_max=2.563 surprise_support=18
level=1 epoch=185/500 train_effect=0.398883 eval_effect=0.380588 train_vq=0.033128 active_codes=4 ema_used_codes=4 step_counter=1850 last_check_step=901 surprise_streak=0 distance_mean=0.3236 distance_p90=0.8012 distance_p95=1.114 distance_max=2.563 surprise_support=18
level=1 epoch=186/500 train_effect=0.400346 eval_effect=0.377772 train_vq=0.033147 active_codes=4 ema_used_codes=4 step_counter=1860 last_check_step=901 surprise_streak=0 distance_mean=0.3236 distance_p90=0.8012 distance_p95=1.114 distance_max=2.563 surprise_support=18
level=1 epoch=187/500 train_effect=0.384616 eval_effect=0.388103 train_vq=0.032950 active_codes=4 ema_used_codes=4 step_counter=1870 last_check_step=901 surprise_streak=0 distance_mean=0.3236 distance_p90=0.8012 distance_p95=1.114 distance_max=2.563 surprise_support=18
level=1 epoch=188/500 train_effect=0.388276 eval_effect=0.372904 train_vq=0.033914 active_codes=4 ema_used_codes=4 step_counter=1880 last_check_step=901 surprise_streak=0 distance_mean=0.3236 distance_p90=0.8012 distance_p95=1.114 distance_max=2.563 surprise_support=18
level=1 epoch=189/500 train_effect=0.383282 eval_effect=0.373878 train_vq=0.033227 active_codes=4 ema_used_codes=4 step_counter=1890 last_check_step=901 surprise_streak=0 distance_mean=0.3236 distance_p90=0.8012 distance_p95=1.114 distance_max=2.563 surprise_support=18
level=1 epoch=190/500 train_effect=0.380031 eval_effect=0.373078 train_vq=0.033323 active_codes=4 ema_used_codes=4 step_counter=1900 last_check_step=901 surprise_streak=0 distance_mean=0.3236 distance_p90=0.8012 distance_p95=1.114 distance_max=2.563 surprise_support=18
level=1 epoch=191/500 train_effect=0.382178 eval_effect=0.367182 train_vq=0.033744 active_codes=4 ema_used_codes=4 step_counter=1910 last_check_step=901 surprise_streak=0 distance_mean=0.3236 distance_p90=0.8012 distance_p95=1.114 distance_max=2.563 surprise_support=18
level=1 epoch=192/500 train_effect=0.379139 eval_effect=0.369634 train_vq=0.032249 active_codes=4 ema_used_codes=4 step_counter=1920 last_check_step=901 surprise_streak=0 distance_mean=0.3236 distance_p90=0.8012 distance_p95=1.114 distance_max=2.563 surprise_support=18
level=1 epoch=193/500 train_effect=0.375968 eval_effect=0.373819 train_vq=0.035066 active_codes=4 ema_used_codes=4 step_counter=1930 last_check_step=901 surprise_streak=0 distance_mean=0.3236 distance_p90=0.8012 distance_p95=1.114 distance_max=2.563 surprise_support=18
level=1 epoch=194/500 train_effect=0.376536 eval_effect=0.357998 train_vq=0.035217 active_codes=4 ema_used_codes=4 step_counter=1940 last_check_step=901 surprise_streak=0 distance_mean=0.3236 distance_p90=0.8012 distance_p95=1.114 distance_max=2.563 surprise_support=18
level=1 epoch=195/500 train_effect=0.375915 eval_effect=0.363023 train_vq=0.034244 active_codes=4 ema_used_codes=4 step_counter=1950 last_check_step=901 surprise_streak=0 distance_mean=0.3236 distance_p90=0.8012 distance_p95=1.114 distance_max=2.563 surprise_support=18
level=1 epoch=196/500 train_effect=0.373764 eval_effect=0.362445 train_vq=0.035251 active_codes=4 ema_used_codes=4 step_counter=1960 last_check_step=901 surprise_streak=0 distance_mean=0.3236 distance_p90=0.8012 distance_p95=1.114 distance_max=2.563 surprise_support=18
level=1 epoch=197/500 train_effect=0.372317 eval_effect=0.357838 train_vq=0.033060 active_codes=4 ema_used_codes=4 step_counter=1970 last_check_step=901 surprise_streak=0 distance_mean=0.3236 distance_p90=0.8012 distance_p95=1.114 distance_max=2.563 surprise_support=18
level=1 epoch=198/500 train_effect=0.374671 eval_effect=0.349960 train_vq=0.033232 active_codes=4 ema_used_codes=4 step_counter=1980 last_check_step=901 surprise_streak=0 distance_mean=0.3236 distance_p90=0.8012 distance_p95=1.114 distance_max=2.563 surprise_support=18
level=1 epoch=199/500 train_effect=0.383572 eval_effect=0.365659 train_vq=0.034582 active_codes=4 ema_used_codes=4 step_counter=1990 last_check_step=901 surprise_streak=0 distance_mean=0.3236 distance_p90=0.8012 distance_p95=1.114 distance_max=2.563 surprise_support=18
level=1 epoch=200/500 train_effect=0.376982 eval_effect=0.346129 train_vq=0.036439 active_codes=4 ema_used_codes=4 step_counter=2000 last_check_step=901 surprise_streak=0 distance_mean=0.3236 distance_p90=0.8012 distance_p95=1.114 distance_max=2.563 surprise_support=18
level=1 epoch=201/500 train_effect=0.361201 eval_effect=0.355886 train_vq=0.034250 active_codes=4 ema_used_codes=4 step_counter=2010 last_check_step=901 surprise_streak=0 distance_mean=0.3236 distance_p90=0.8012 distance_p95=1.114 distance_max=2.563 surprise_support=18
level=1 epoch=202/500 train_effect=0.363871 eval_effect=0.342331 train_vq=0.035598 active_codes=4 ema_used_codes=4 step_counter=2020 last_check_step=901 surprise_streak=0 distance_mean=0.3236 distance_p90=0.8012 distance_p95=1.114 distance_max=2.563 surprise_support=18
level=1 epoch=203/500 train_effect=0.347702 eval_effect=0.346131 train_vq=0.034799 active_codes=4 ema_used_codes=4 step_counter=2030 last_check_step=901 surprise_streak=0 distance_mean=0.3236 distance_p90=0.8012 distance_p95=1.114 distance_max=2.563 surprise_support=18
level=1 epoch=204/500 train_effect=0.355297 eval_effect=0.338926 train_vq=0.037451 active_codes=4 ema_used_codes=4 step_counter=2040 last_check_step=901 surprise_streak=0 distance_mean=0.3236 distance_p90=0.8012 distance_p95=1.114 distance_max=2.563 surprise_support=18
level=1 epoch=205/500 train_effect=0.354455 eval_effect=0.335567 train_vq=0.034724 active_codes=4 ema_used_codes=4 step_counter=2050 last_check_step=901 surprise_streak=0 distance_mean=0.3236 distance_p90=0.8012 distance_p95=1.114 distance_max=2.563 surprise_support=18
level=1 epoch=206/500 train_effect=0.352359 eval_effect=0.346422 train_vq=0.036537 active_codes=4 ema_used_codes=4 step_counter=2060 last_check_step=901 surprise_streak=0 distance_mean=0.3236 distance_p90=0.8012 distance_p95=1.114 distance_max=2.563 surprise_support=18
level=1 epoch=207/500 train_effect=0.343483 eval_effect=0.331233 train_vq=0.036111 active_codes=4 ema_used_codes=4 step_counter=2070 last_check_step=901 surprise_streak=0 distance_mean=0.3236 distance_p90=0.8012 distance_p95=1.114 distance_max=2.563 surprise_support=18
level=1 epoch=208/500 train_effect=0.354837 eval_effect=0.344504 train_vq=0.037670 active_codes=4 ema_used_codes=4 step_counter=2080 last_check_step=901 surprise_streak=0 distance_mean=0.3236 distance_p90=0.8012 distance_p95=1.114 distance_max=2.563 surprise_support=18
level=1 epoch=209/500 train_effect=0.343774 eval_effect=0.335339 train_vq=0.036239 active_codes=4 ema_used_codes=4 step_counter=2090 last_check_step=901 surprise_streak=0 distance_mean=0.3236 distance_p90=0.8012 distance_p95=1.114 distance_max=2.563 surprise_support=18
level=1 epoch=210/500 train_effect=0.356635 eval_effect=0.326629 train_vq=0.037950 active_codes=4 ema_used_codes=4 step_counter=2100 last_check_step=901 surprise_streak=0 distance_mean=0.3236 distance_p90=0.8012 distance_p95=1.114 distance_max=2.563 surprise_support=18
level=1 epoch=211/500 train_effect=0.340867 eval_effect=0.333375 train_vq=0.035133 active_codes=4 ema_used_codes=4 step_counter=2110 last_check_step=901 surprise_streak=0 distance_mean=0.3236 distance_p90=0.8012 distance_p95=1.114 distance_max=2.563 surprise_support=18
level=1 epoch=212/500 train_effect=0.338941 eval_effect=0.342711 train_vq=0.036744 active_codes=4 ema_used_codes=4 step_counter=2120 last_check_step=901 surprise_streak=0 distance_mean=0.3236 distance_p90=0.8012 distance_p95=1.114 distance_max=2.563 surprise_support=18
level=1 epoch=213/500 train_effect=0.344361 eval_effect=0.327653 train_vq=0.038836 active_codes=4 ema_used_codes=4 step_counter=2130 last_check_step=901 surprise_streak=0 distance_mean=0.3236 distance_p90=0.8012 distance_p95=1.114 distance_max=2.563 surprise_support=18
level=1 epoch=214/500 train_effect=0.333279 eval_effect=0.323375 train_vq=0.037143 active_codes=4 ema_used_codes=4 step_counter=2140 last_check_step=901 surprise_streak=0 distance_mean=0.3236 distance_p90=0.8012 distance_p95=1.114 distance_max=2.563 surprise_support=18
level=1 epoch=215/500 train_effect=0.338113 eval_effect=0.335053 train_vq=0.036019 active_codes=4 ema_used_codes=4 step_counter=2150 last_check_step=901 surprise_streak=0 distance_mean=0.3236 distance_p90=0.8012 distance_p95=1.114 distance_max=2.563 surprise_support=18
level=1 epoch=216/500 train_effect=0.333777 eval_effect=0.323353 train_vq=0.038102 active_codes=4 ema_used_codes=4 step_counter=2160 last_check_step=901 surprise_streak=0 distance_mean=0.3236 distance_p90=0.8012 distance_p95=1.114 distance_max=2.563 surprise_support=18
level=1 epoch=217/500 train_effect=0.331313 eval_effect=0.314923 train_vq=0.035895 active_codes=4 ema_used_codes=4 step_counter=2170 last_check_step=901 surprise_streak=0 distance_mean=0.3236 distance_p90=0.8012 distance_p95=1.114 distance_max=2.563 surprise_support=18
level=1 epoch=218/500 train_effect=0.325372 eval_effect=0.332647 train_vq=0.037433 active_codes=4 ema_used_codes=4 step_counter=2180 last_check_step=901 surprise_streak=0 distance_mean=0.3236 distance_p90=0.8012 distance_p95=1.114 distance_max=2.563 surprise_support=18
level=1 epoch=219/500 train_effect=0.336847 eval_effect=0.311064 train_vq=0.037712 active_codes=4 ema_used_codes=4 step_counter=2190 last_check_step=901 surprise_streak=0 distance_mean=0.3236 distance_p90=0.8012 distance_p95=1.114 distance_max=2.563 surprise_support=18
level=1 epoch=220/500 train_effect=0.322546 eval_effect=0.308102 train_vq=0.035295 active_codes=4 ema_used_codes=4 step_counter=2200 last_check_step=901 surprise_streak=0 distance_mean=0.3236 distance_p90=0.8012 distance_p95=1.114 distance_max=2.563 surprise_support=18
level=1 epoch=221/500 train_effect=0.326763 eval_effect=0.310496 train_vq=0.036404 active_codes=4 ema_used_codes=4 step_counter=2210 last_check_step=901 surprise_streak=0 distance_mean=0.3236 distance_p90=0.8012 distance_p95=1.114 distance_max=2.563 surprise_support=18
level=1 epoch=222/500 train_effect=0.316148 eval_effect=0.336169 train_vq=0.036056 active_codes=4 ema_used_codes=4 step_counter=2220 last_check_step=901 surprise_streak=0 distance_mean=0.3236 distance_p90=0.8012 distance_p95=1.114 distance_max=2.563 surprise_support=18
level=1 epoch=223/500 train_effect=0.330729 eval_effect=0.308650 train_vq=0.039691 active_codes=4 ema_used_codes=4 step_counter=2230 last_check_step=901 surprise_streak=0 distance_mean=0.3236 distance_p90=0.8012 distance_p95=1.114 distance_max=2.563 surprise_support=18
level=1 epoch=224/500 train_effect=0.315709 eval_effect=0.311555 train_vq=0.033751 active_codes=4 ema_used_codes=4 step_counter=2240 last_check_step=901 surprise_streak=0 distance_mean=0.3236 distance_p90=0.8012 distance_p95=1.114 distance_max=2.563 surprise_support=18
level=1 epoch=225/500 train_effect=0.307009 eval_effect=0.302139 train_vq=0.033785 active_codes=4 ema_used_codes=4 step_counter=2250 last_check_step=901 surprise_streak=0 distance_mean=0.3236 distance_p90=0.8012 distance_p95=1.114 distance_max=2.563 surprise_support=18
level=1 epoch=226/500 train_effect=0.311771 eval_effect=0.306908 train_vq=0.034762 active_codes=4 ema_used_codes=4 step_counter=2260 last_check_step=901 surprise_streak=0 distance_mean=0.3236 distance_p90=0.8012 distance_p95=1.114 distance_max=2.563 surprise_support=18
level=1 epoch=227/500 train_effect=0.319410 eval_effect=0.295963 train_vq=0.036440 active_codes=4 ema_used_codes=4 step_counter=2270 last_check_step=901 surprise_streak=0 distance_mean=0.3236 distance_p90=0.8012 distance_p95=1.114 distance_max=2.563 surprise_support=18
level=1 epoch=228/500 train_effect=0.313263 eval_effect=0.303043 train_vq=0.035555 active_codes=4 ema_used_codes=4 step_counter=2280 last_check_step=901 surprise_streak=0 distance_mean=0.3236 distance_p90=0.8012 distance_p95=1.114 distance_max=2.563 surprise_support=18
level=1 epoch=229/500 train_effect=0.304182 eval_effect=0.294325 train_vq=0.033424 active_codes=4 ema_used_codes=4 step_counter=2290 last_check_step=901 surprise_streak=0 distance_mean=0.3236 distance_p90=0.8012 distance_p95=1.114 distance_max=2.563 surprise_support=18
level=1 epoch=230/500 train_effect=0.300151 eval_effect=0.306393 train_vq=0.032252 active_codes=4 ema_used_codes=4 step_counter=2300 last_check_step=901 surprise_streak=0 distance_mean=0.3236 distance_p90=0.8012 distance_p95=1.114 distance_max=2.563 surprise_support=18
level=1 epoch=231/500 train_effect=0.316904 eval_effect=0.296238 train_vq=0.037687 active_codes=4 ema_used_codes=4 step_counter=2310 last_check_step=901 surprise_streak=0 distance_mean=0.3236 distance_p90=0.8012 distance_p95=1.114 distance_max=2.563 surprise_support=18
level=1 epoch=232/500 train_effect=0.306508 eval_effect=0.297345 train_vq=0.033911 active_codes=4 ema_used_codes=4 step_counter=2320 last_check_step=901 surprise_streak=0 distance_mean=0.3236 distance_p90=0.8012 distance_p95=1.114 distance_max=2.563 surprise_support=18
level=1 epoch=233/500 train_effect=0.307916 eval_effect=0.292645 train_vq=0.037524 active_codes=4 ema_used_codes=4 step_counter=2330 last_check_step=901 surprise_streak=0 distance_mean=0.3236 distance_p90=0.8012 distance_p95=1.114 distance_max=2.563 surprise_support=18
level=1 epoch=234/500 train_effect=0.301562 eval_effect=0.311055 train_vq=0.031805 active_codes=4 ema_used_codes=4 step_counter=2340 last_check_step=901 surprise_streak=0 distance_mean=0.3236 distance_p90=0.8012 distance_p95=1.114 distance_max=2.563 surprise_support=18
level=1 epoch=235/500 train_effect=0.319112 eval_effect=0.296797 train_vq=0.038021 active_codes=4 ema_used_codes=4 step_counter=2350 last_check_step=901 surprise_streak=0 distance_mean=0.3236 distance_p90=0.8012 distance_p95=1.114 distance_max=2.563 surprise_support=18
level=1 epoch=236/500 train_effect=0.287836 eval_effect=0.299538 train_vq=0.033838 active_codes=4 ema_used_codes=4 step_counter=2360 last_check_step=901 surprise_streak=0 distance_mean=0.3236 distance_p90=0.8012 distance_p95=1.114 distance_max=2.563 surprise_support=18
level=1 epoch=237/500 train_effect=0.310596 eval_effect=0.285448 train_vq=0.038456 active_codes=4 ema_used_codes=4 step_counter=2370 last_check_step=901 surprise_streak=0 distance_mean=0.3236 distance_p90=0.8012 distance_p95=1.114 distance_max=2.563 surprise_support=18
level=1 epoch=238/500 train_effect=0.297101 eval_effect=0.308746 train_vq=0.035249 active_codes=4 ema_used_codes=4 step_counter=2380 last_check_step=901 surprise_streak=0 distance_mean=0.3236 distance_p90=0.8012 distance_p95=1.114 distance_max=2.563 surprise_support=18
level=1 epoch=239/500 train_effect=0.306015 eval_effect=0.285640 train_vq=0.036919 active_codes=4 ema_used_codes=4 step_counter=2390 last_check_step=901 surprise_streak=0 distance_mean=0.3236 distance_p90=0.8012 distance_p95=1.114 distance_max=2.563 surprise_support=18
level=1 epoch=240/500 train_effect=0.288772 eval_effect=0.292715 train_vq=0.032648 active_codes=4 ema_used_codes=4 step_counter=2400 last_check_step=901 surprise_streak=0 distance_mean=0.3236 distance_p90=0.8012 distance_p95=1.114 distance_max=2.563 surprise_support=18
level=1 epoch=241/500 train_effect=0.307965 eval_effect=0.281417 train_vq=0.038474 active_codes=4 ema_used_codes=4 step_counter=2410 last_check_step=901 surprise_streak=0 distance_mean=0.3236 distance_p90=0.8012 distance_p95=1.114 distance_max=2.563 surprise_support=18
level=1 epoch=242/500 train_effect=0.289250 eval_effect=0.277291 train_vq=0.035916 active_codes=4 ema_used_codes=4 step_counter=2420 last_check_step=901 surprise_streak=0 distance_mean=0.3236 distance_p90=0.8012 distance_p95=1.114 distance_max=2.563 surprise_support=18
level=1 epoch=243/500 train_effect=0.293752 eval_effect=0.289174 train_vq=0.036146 active_codes=4 ema_used_codes=4 step_counter=2430 last_check_step=901 surprise_streak=0 distance_mean=0.3236 distance_p90=0.8012 distance_p95=1.114 distance_max=2.563 surprise_support=18
level=1 epoch=244/500 train_effect=0.289256 eval_effect=0.275012 train_vq=0.035461 active_codes=4 ema_used_codes=4 step_counter=2440 last_check_step=901 surprise_streak=0 distance_mean=0.3236 distance_p90=0.8012 distance_p95=1.114 distance_max=2.563 surprise_support=18
level=1 epoch=245/500 train_effect=0.278873 eval_effect=0.279197 train_vq=0.033657 active_codes=4 ema_used_codes=4 step_counter=2450 last_check_step=901 surprise_streak=0 distance_mean=0.3236 distance_p90=0.8012 distance_p95=1.114 distance_max=2.563 surprise_support=18
level=1 epoch=246/500 train_effect=0.288285 eval_effect=0.290759 train_vq=0.037502 active_codes=4 ema_used_codes=4 step_counter=2460 last_check_step=901 surprise_streak=0 distance_mean=0.3236 distance_p90=0.8012 distance_p95=1.114 distance_max=2.563 surprise_support=18
level=1 epoch=247/500 train_effect=0.280732 eval_effect=0.273375 train_vq=0.035249 active_codes=4 ema_used_codes=4 step_counter=2470 last_check_step=901 surprise_streak=0 distance_mean=0.3236 distance_p90=0.8012 distance_p95=1.114 distance_max=2.563 surprise_support=18
level=1 epoch=248/500 train_effect=0.288877 eval_effect=0.270450 train_vq=0.035008 active_codes=4 ema_used_codes=4 step_counter=2480 last_check_step=901 surprise_streak=0 distance_mean=0.3236 distance_p90=0.8012 distance_p95=1.114 distance_max=2.563 surprise_support=18
level=1 epoch=249/500 train_effect=0.275322 eval_effect=0.272062 train_vq=0.030813 active_codes=4 ema_used_codes=4 step_counter=2490 last_check_step=901 surprise_streak=0 distance_mean=0.3236 distance_p90=0.8012 distance_p95=1.114 distance_max=2.563 surprise_support=18
level=1 epoch=250/500 train_effect=0.283796 eval_effect=0.287273 train_vq=0.034279 active_codes=4 ema_used_codes=4 step_counter=2500 last_check_step=901 surprise_streak=0 distance_mean=0.3236 distance_p90=0.8012 distance_p95=1.114 distance_max=2.563 surprise_support=18
level=1 epoch=251/500 train_effect=0.276659 eval_effect=0.266853 train_vq=0.034047 active_codes=4 ema_used_codes=4 step_counter=2510 last_check_step=901 surprise_streak=0 distance_mean=0.3236 distance_p90=0.8012 distance_p95=1.114 distance_max=2.563 surprise_support=18
level=1 epoch=252/500 train_effect=0.272895 eval_effect=0.269506 train_vq=0.033390 active_codes=4 ema_used_codes=4 step_counter=2520 last_check_step=901 surprise_streak=0 distance_mean=0.3236 distance_p90=0.8012 distance_p95=1.114 distance_max=2.563 surprise_support=18
level=1 epoch=253/500 train_effect=0.279677 eval_effect=0.272287 train_vq=0.033692 active_codes=4 ema_used_codes=4 step_counter=2530 last_check_step=901 surprise_streak=0 distance_mean=0.3236 distance_p90=0.8012 distance_p95=1.114 distance_max=2.563 surprise_support=18
level=1 epoch=254/500 train_effect=0.280147 eval_effect=0.262293 train_vq=0.035769 active_codes=4 ema_used_codes=4 step_counter=2540 last_check_step=901 surprise_streak=0 distance_mean=0.3236 distance_p90=0.8012 distance_p95=1.114 distance_max=2.563 surprise_support=18
level=1 epoch=255/500 train_effect=0.267359 eval_effect=0.261048 train_vq=0.032057 active_codes=4 ema_used_codes=4 step_counter=2550 last_check_step=901 surprise_streak=0 distance_mean=0.3236 distance_p90=0.8012 distance_p95=1.114 distance_max=2.563 surprise_support=18
level=1 epoch=256/500 train_effect=0.272965 eval_effect=0.280362 train_vq=0.038033 active_codes=4 ema_used_codes=4 step_counter=2560 last_check_step=901 surprise_streak=0 distance_mean=0.3236 distance_p90=0.8012 distance_p95=1.114 distance_max=2.563 surprise_support=18
level=1 epoch=257/500 train_effect=0.276769 eval_effect=0.269894 train_vq=0.037518 active_codes=4 ema_used_codes=4 step_counter=2570 last_check_step=901 surprise_streak=0 distance_mean=0.3236 distance_p90=0.8012 distance_p95=1.114 distance_max=2.563 surprise_support=18
level=1 epoch=258/500 train_effect=0.276809 eval_effect=0.267439 train_vq=0.037414 active_codes=4 ema_used_codes=4 step_counter=2580 last_check_step=901 surprise_streak=0 distance_mean=0.3236 distance_p90=0.8012 distance_p95=1.114 distance_max=2.563 surprise_support=18
level=1 epoch=259/500 train_effect=0.269986 eval_effect=0.259846 train_vq=0.035975 active_codes=4 ema_used_codes=4 step_counter=2590 last_check_step=901 surprise_streak=0 distance_mean=0.3236 distance_p90=0.8012 distance_p95=1.114 distance_max=2.563 surprise_support=18
level=1 epoch=260/500 train_effect=0.270933 eval_effect=0.265258 train_vq=0.036147 active_codes=4 ema_used_codes=4 step_counter=2600 last_check_step=901 surprise_streak=0 distance_mean=0.3236 distance_p90=0.8012 distance_p95=1.114 distance_max=2.563 surprise_support=18
level=1 epoch=261/500 train_effect=0.278173 eval_effect=0.265825 train_vq=0.036251 active_codes=4 ema_used_codes=4 step_counter=2610 last_check_step=901 surprise_streak=0 distance_mean=0.3236 distance_p90=0.8012 distance_p95=1.114 distance_max=2.563 surprise_support=18
level=1 epoch=262/500 train_effect=0.279867 eval_effect=0.253097 train_vq=0.038086 active_codes=4 ema_used_codes=4 step_counter=2620 last_check_step=901 surprise_streak=0 distance_mean=0.3236 distance_p90=0.8012 distance_p95=1.114 distance_max=2.563 surprise_support=18
level=1 epoch=263/500 train_effect=0.260261 eval_effect=0.259365 train_vq=0.035755 active_codes=4 ema_used_codes=4 step_counter=2630 last_check_step=901 surprise_streak=0 distance_mean=0.3236 distance_p90=0.8012 distance_p95=1.114 distance_max=2.563 surprise_support=18
level=1 epoch=264/500 train_effect=0.266050 eval_effect=0.253242 train_vq=0.035922 active_codes=4 ema_used_codes=4 step_counter=2640 last_check_step=901 surprise_streak=0 distance_mean=0.3236 distance_p90=0.8012 distance_p95=1.114 distance_max=2.563 surprise_support=18
level=1 epoch=265/500 train_effect=0.260917 eval_effect=0.250982 train_vq=0.034929 active_codes=4 ema_used_codes=4 step_counter=2650 last_check_step=901 surprise_streak=0 distance_mean=0.3236 distance_p90=0.8012 distance_p95=1.114 distance_max=2.563 surprise_support=18
level=1 epoch=266/500 train_effect=0.263711 eval_effect=0.263900 train_vq=0.036196 active_codes=4 ema_used_codes=4 step_counter=2660 last_check_step=901 surprise_streak=0 distance_mean=0.3236 distance_p90=0.8012 distance_p95=1.114 distance_max=2.563 surprise_support=18
level=1 epoch=267/500 train_effect=0.274022 eval_effect=0.251191 train_vq=0.038014 active_codes=4 ema_used_codes=4 step_counter=2670 last_check_step=901 surprise_streak=0 distance_mean=0.3236 distance_p90=0.8012 distance_p95=1.114 distance_max=2.563 surprise_support=18
level=1 epoch=268/500 train_effect=0.256436 eval_effect=0.247605 train_vq=0.034317 active_codes=4 ema_used_codes=4 step_counter=2680 last_check_step=901 surprise_streak=0 distance_mean=0.3236 distance_p90=0.8012 distance_p95=1.114 distance_max=2.563 surprise_support=18
level=1 epoch=269/500 train_effect=0.264326 eval_effect=0.250550 train_vq=0.036591 active_codes=4 ema_used_codes=4 step_counter=2690 last_check_step=901 surprise_streak=0 distance_mean=0.3236 distance_p90=0.8012 distance_p95=1.114 distance_max=2.563 surprise_support=18
level=1 epoch=270/500 train_effect=0.275730 eval_effect=0.246927 train_vq=0.040854 active_codes=4 ema_used_codes=4 step_counter=2700 last_check_step=901 surprise_streak=0 distance_mean=0.3236 distance_p90=0.8012 distance_p95=1.114 distance_max=2.563 surprise_support=18
level=1 epoch=271/500 train_effect=0.248259 eval_effect=0.257064 train_vq=0.033827 active_codes=4 ema_used_codes=4 step_counter=2710 last_check_step=901 surprise_streak=0 distance_mean=0.3236 distance_p90=0.8012 distance_p95=1.114 distance_max=2.563 surprise_support=18
level=1 epoch=272/500 train_effect=0.263236 eval_effect=0.243114 train_vq=0.038378 active_codes=4 ema_used_codes=4 step_counter=2720 last_check_step=901 surprise_streak=0 distance_mean=0.3236 distance_p90=0.8012 distance_p95=1.114 distance_max=2.563 surprise_support=18
level=1 epoch=273/500 train_effect=0.254128 eval_effect=0.270906 train_vq=0.035302 active_codes=4 ema_used_codes=4 step_counter=2730 last_check_step=901 surprise_streak=0 distance_mean=0.3236 distance_p90=0.8012 distance_p95=1.114 distance_max=2.563 surprise_support=18
level=1 epoch=274/500 train_effect=0.268187 eval_effect=0.244264 train_vq=0.041131 active_codes=4 ema_used_codes=4 step_counter=2740 last_check_step=901 surprise_streak=0 distance_mean=0.3236 distance_p90=0.8012 distance_p95=1.114 distance_max=2.563 surprise_support=18
level=1 epoch=275/500 train_effect=0.257220 eval_effect=0.245504 train_vq=0.040793 active_codes=4 ema_used_codes=4 step_counter=2750 last_check_step=901 surprise_streak=0 distance_mean=0.3236 distance_p90=0.8012 distance_p95=1.114 distance_max=2.563 surprise_support=18
level=1 epoch=276/500 train_effect=0.260010 eval_effect=0.242226 train_vq=0.039868 active_codes=4 ema_used_codes=4 step_counter=2760 last_check_step=901 surprise_streak=0 distance_mean=0.3236 distance_p90=0.8012 distance_p95=1.114 distance_max=2.563 surprise_support=18
level=1 epoch=277/500 train_effect=0.246739 eval_effect=0.238475 train_vq=0.035582 active_codes=4 ema_used_codes=4 step_counter=2770 last_check_step=901 surprise_streak=0 distance_mean=0.3236 distance_p90=0.8012 distance_p95=1.114 distance_max=2.563 surprise_support=18
level=1 epoch=278/500 train_effect=0.252153 eval_effect=0.239477 train_vq=0.037416 active_codes=4 ema_used_codes=4 step_counter=2780 last_check_step=901 surprise_streak=0 distance_mean=0.3236 distance_p90=0.8012 distance_p95=1.114 distance_max=2.563 surprise_support=18
level=1 epoch=279/500 train_effect=0.252593 eval_effect=0.276136 train_vq=0.037259 active_codes=4 ema_used_codes=4 step_counter=2790 last_check_step=901 surprise_streak=0 distance_mean=0.3236 distance_p90=0.8012 distance_p95=1.114 distance_max=2.563 surprise_support=18
level=1 epoch=280/500 train_effect=0.265187 eval_effect=0.238079 train_vq=0.040231 active_codes=4 ema_used_codes=4 step_counter=2800 last_check_step=901 surprise_streak=0 distance_mean=0.3236 distance_p90=0.8012 distance_p95=1.114 distance_max=2.563 surprise_support=18
level=1 epoch=281/500 train_effect=0.254577 eval_effect=0.238158 train_vq=0.038280 active_codes=4 ema_used_codes=4 step_counter=2810 last_check_step=901 surprise_streak=0 distance_mean=0.3236 distance_p90=0.8012 distance_p95=1.114 distance_max=2.563 surprise_support=18
level=1 epoch=282/500 train_effect=0.238224 eval_effect=0.236888 train_vq=0.033510 active_codes=4 ema_used_codes=4 step_counter=2820 last_check_step=901 surprise_streak=0 distance_mean=0.3236 distance_p90=0.8012 distance_p95=1.114 distance_max=2.563 surprise_support=18
level=1 epoch=283/500 train_effect=0.240158 eval_effect=0.261905 train_vq=0.035571 active_codes=4 ema_used_codes=4 step_counter=2830 last_check_step=901 surprise_streak=0 distance_mean=0.3236 distance_p90=0.8012 distance_p95=1.114 distance_max=2.563 surprise_support=18
level=1 epoch=284/500 train_effect=0.254162 eval_effect=0.238901 train_vq=0.039595 active_codes=4 ema_used_codes=4 step_counter=2840 last_check_step=901 surprise_streak=0 distance_mean=0.3236 distance_p90=0.8012 distance_p95=1.114 distance_max=2.563 surprise_support=18
level=1 epoch=285/500 train_effect=0.250552 eval_effect=0.232474 train_vq=0.040035 active_codes=4 ema_used_codes=4 step_counter=2850 last_check_step=901 surprise_streak=0 distance_mean=0.3236 distance_p90=0.8012 distance_p95=1.114 distance_max=2.563 surprise_support=18
level=1 epoch=286/500 train_effect=0.243117 eval_effect=0.280084 train_vq=0.038003 active_codes=4 ema_used_codes=4 step_counter=2860 last_check_step=901 surprise_streak=0 distance_mean=0.3236 distance_p90=0.8012 distance_p95=1.114 distance_max=2.563 surprise_support=18
level=1 epoch=287/500 train_effect=0.256553 eval_effect=0.227872 train_vq=0.039236 active_codes=4 ema_used_codes=4 step_counter=2870 last_check_step=901 surprise_streak=0 distance_mean=0.3236 distance_p90=0.8012 distance_p95=1.114 distance_max=2.563 surprise_support=18
level=1 epoch=288/500 train_effect=0.237828 eval_effect=0.241902 train_vq=0.034330 active_codes=4 ema_used_codes=4 step_counter=2880 last_check_step=901 surprise_streak=0 distance_mean=0.3236 distance_p90=0.8012 distance_p95=1.114 distance_max=2.563 surprise_support=18
level=1 epoch=289/500 train_effect=0.228816 eval_effect=0.279347 train_vq=0.033849 active_codes=4 ema_used_codes=4 step_counter=2890 last_check_step=901 surprise_streak=0 distance_mean=0.3236 distance_p90=0.8012 distance_p95=1.114 distance_max=2.563 surprise_support=18
level=1 epoch=290/500 train_effect=0.257862 eval_effect=0.226014 train_vq=0.039125 active_codes=4 ema_used_codes=4 step_counter=2900 last_check_step=901 surprise_streak=0 distance_mean=0.3236 distance_p90=0.8012 distance_p95=1.114 distance_max=2.563 surprise_support=18
level=1 epoch=291/500 train_effect=0.238963 eval_effect=0.238634 train_vq=0.035563 active_codes=4 ema_used_codes=4 step_counter=2910 last_check_step=901 surprise_streak=0 distance_mean=0.3236 distance_p90=0.8012 distance_p95=1.114 distance_max=2.563 surprise_support=18
level=1 epoch=292/500 train_effect=0.247517 eval_effect=0.224305 train_vq=0.042179 active_codes=4 ema_used_codes=4 step_counter=2920 last_check_step=901 surprise_streak=0 distance_mean=0.3236 distance_p90=0.8012 distance_p95=1.114 distance_max=2.563 surprise_support=18
level=1 epoch=293/500 train_effect=0.227950 eval_effect=0.224887 train_vq=0.031336 active_codes=4 ema_used_codes=4 step_counter=2930 last_check_step=901 surprise_streak=0 distance_mean=0.3236 distance_p90=0.8012 distance_p95=1.114 distance_max=2.563 surprise_support=18
level=1 epoch=294/500 train_effect=0.245433 eval_effect=0.230560 train_vq=0.037547 active_codes=4 ema_used_codes=4 step_counter=2940 last_check_step=901 surprise_streak=0 distance_mean=0.3236 distance_p90=0.8012 distance_p95=1.114 distance_max=2.563 surprise_support=18
level=1 epoch=295/500 train_effect=0.236779 eval_effect=0.222053 train_vq=0.036908 active_codes=4 ema_used_codes=4 step_counter=2950 last_check_step=901 surprise_streak=0 distance_mean=0.3236 distance_p90=0.8012 distance_p95=1.114 distance_max=2.563 surprise_support=18
level=1 epoch=296/500 train_effect=0.234359 eval_effect=0.239113 train_vq=0.037051 active_codes=4 ema_used_codes=4 step_counter=2960 last_check_step=901 surprise_streak=0 distance_mean=0.3236 distance_p90=0.8012 distance_p95=1.114 distance_max=2.563 surprise_support=18
level=1 epoch=297/500 train_effect=0.230564 eval_effect=0.260211 train_vq=0.034885 active_codes=4 ema_used_codes=4 step_counter=2970 last_check_step=901 surprise_streak=0 distance_mean=0.3236 distance_p90=0.8012 distance_p95=1.114 distance_max=2.563 surprise_support=18
level=1 epoch=298/500 train_effect=0.253757 eval_effect=0.233400 train_vq=0.041018 active_codes=4 ema_used_codes=4 step_counter=2980 last_check_step=901 surprise_streak=0 distance_mean=0.3236 distance_p90=0.8012 distance_p95=1.114 distance_max=2.563 surprise_support=18
level=1 epoch=299/500 train_effect=0.236771 eval_effect=0.227091 train_vq=0.039228 active_codes=4 ema_used_codes=4 step_counter=2990 last_check_step=901 surprise_streak=0 distance_mean=0.3236 distance_p90=0.8012 distance_p95=1.114 distance_max=2.563 surprise_support=18
level=1 epoch=300/500 train_effect=0.228602 eval_effect=0.216486 train_vq=0.036906 active_codes=4 ema_used_codes=4 step_counter=3000 last_check_step=901 surprise_streak=0 distance_mean=0.3236 distance_p90=0.8012 distance_p95=1.114 distance_max=2.563 surprise_support=18
level=1 epoch=301/500 train_effect=0.229141 eval_effect=0.220868 train_vq=0.037075 active_codes=4 ema_used_codes=4 step_counter=3010 last_check_step=901 surprise_streak=0 distance_mean=0.3236 distance_p90=0.8012 distance_p95=1.114 distance_max=2.563 surprise_support=18
level=1 epoch=302/500 train_effect=0.237373 eval_effect=0.221265 train_vq=0.041089 active_codes=4 ema_used_codes=4 step_counter=3020 last_check_step=901 surprise_streak=0 distance_mean=0.3236 distance_p90=0.8012 distance_p95=1.114 distance_max=2.563 surprise_support=18
level=1 epoch=303/500 train_effect=0.236814 eval_effect=0.215452 train_vq=0.041197 active_codes=4 ema_used_codes=4 step_counter=3030 last_check_step=901 surprise_streak=0 distance_mean=0.3236 distance_p90=0.8012 distance_p95=1.114 distance_max=2.563 surprise_support=18
level=1 epoch=304/500 train_effect=0.230550 eval_effect=0.211461 train_vq=0.039000 active_codes=4 ema_used_codes=4 step_counter=3040 last_check_step=901 surprise_streak=0 distance_mean=0.3236 distance_p90=0.8012 distance_p95=1.114 distance_max=2.563 surprise_support=18
level=1 epoch=305/500 train_effect=0.227857 eval_effect=0.252334 train_vq=0.036837 active_codes=4 ema_used_codes=4 step_counter=3050 last_check_step=901 surprise_streak=0 distance_mean=0.3236 distance_p90=0.8012 distance_p95=1.114 distance_max=2.563 surprise_support=18
level=1 epoch=306/500 train_effect=0.234338 eval_effect=0.215394 train_vq=0.039737 active_codes=4 ema_used_codes=4 step_counter=3060 last_check_step=901 surprise_streak=0 distance_mean=0.3236 distance_p90=0.8012 distance_p95=1.114 distance_max=2.563 surprise_support=18
level=1 epoch=307/500 train_effect=0.225725 eval_effect=0.251836 train_vq=0.038815 active_codes=4 ema_used_codes=4 step_counter=3070 last_check_step=901 surprise_streak=0 distance_mean=0.3236 distance_p90=0.8012 distance_p95=1.114 distance_max=2.563 surprise_support=18
level=1 epoch=308/500 train_effect=0.231863 eval_effect=0.235288 train_vq=0.039108 active_codes=4 ema_used_codes=4 step_counter=3080 last_check_step=901 surprise_streak=0 distance_mean=0.3236 distance_p90=0.8012 distance_p95=1.114 distance_max=2.563 surprise_support=18
level=1 epoch=309/500 train_effect=0.225205 eval_effect=0.262783 train_vq=0.038055 active_codes=4 ema_used_codes=4 step_counter=3090 last_check_step=901 surprise_streak=0 distance_mean=0.3236 distance_p90=0.8012 distance_p95=1.114 distance_max=2.563 surprise_support=18
level=1 epoch=310/500 train_effect=0.249253 eval_effect=0.217940 train_vq=0.043997 active_codes=4 ema_used_codes=4 step_counter=3100 last_check_step=901 surprise_streak=0 distance_mean=0.3236 distance_p90=0.8012 distance_p95=1.114 distance_max=2.563 surprise_support=18
level=1 epoch=311/500 train_effect=0.222276 eval_effect=0.214960 train_vq=0.037766 active_codes=4 ema_used_codes=4 step_counter=3110 last_check_step=901 surprise_streak=0 distance_mean=0.3236 distance_p90=0.8012 distance_p95=1.114 distance_max=2.563 surprise_support=18
level=1 epoch=312/500 train_effect=0.227321 eval_effect=0.207298 train_vq=0.037297 active_codes=4 ema_used_codes=4 step_counter=3120 last_check_step=901 surprise_streak=0 distance_mean=0.3236 distance_p90=0.8012 distance_p95=1.114 distance_max=2.563 surprise_support=18
level=1 epoch=313/500 train_effect=0.215977 eval_effect=0.240720 train_vq=0.036370 active_codes=4 ema_used_codes=4 step_counter=3130 last_check_step=901 surprise_streak=0 distance_mean=0.3236 distance_p90=0.8012 distance_p95=1.114 distance_max=2.563 surprise_support=18
level=1 epoch=314/500 train_effect=0.236830 eval_effect=0.206933 train_vq=0.042047 active_codes=4 ema_used_codes=4 step_counter=3140 last_check_step=901 surprise_streak=0 distance_mean=0.3236 distance_p90=0.8012 distance_p95=1.114 distance_max=2.563 surprise_support=18
level=1 epoch=315/500 train_effect=0.212063 eval_effect=0.205653 train_vq=0.037657 active_codes=4 ema_used_codes=4 step_counter=3150 last_check_step=901 surprise_streak=0 distance_mean=0.3236 distance_p90=0.8012 distance_p95=1.114 distance_max=2.563 surprise_support=18
level=1 epoch=316/500 train_effect=0.217017 eval_effect=0.213328 train_vq=0.037837 active_codes=4 ema_used_codes=4 step_counter=3160 last_check_step=901 surprise_streak=0 distance_mean=0.3236 distance_p90=0.8012 distance_p95=1.114 distance_max=2.563 surprise_support=18
level=1 epoch=317/500 train_effect=0.218381 eval_effect=0.207162 train_vq=0.037086 active_codes=4 ema_used_codes=4 step_counter=3170 last_check_step=901 surprise_streak=0 distance_mean=0.3236 distance_p90=0.8012 distance_p95=1.114 distance_max=2.563 surprise_support=18
level=1 epoch=318/500 train_effect=0.224706 eval_effect=0.213516 train_vq=0.039331 active_codes=4 ema_used_codes=4 step_counter=3180 last_check_step=901 surprise_streak=0 distance_mean=0.3236 distance_p90=0.8012 distance_p95=1.114 distance_max=2.563 surprise_support=18
level=1 epoch=319/500 train_effect=0.214576 eval_effect=0.217460 train_vq=0.035801 active_codes=4 ema_used_codes=4 step_counter=3190 last_check_step=901 surprise_streak=0 distance_mean=0.3236 distance_p90=0.8012 distance_p95=1.114 distance_max=2.563 surprise_support=18
level=1 epoch=320/500 train_effect=0.205624 eval_effect=0.247425 train_vq=0.035033 active_codes=4 ema_used_codes=4 step_counter=3200 last_check_step=901 surprise_streak=0 distance_mean=0.3236 distance_p90=0.8012 distance_p95=1.114 distance_max=2.563 surprise_support=18
level=1 epoch=321/500 train_effect=0.226466 eval_effect=0.204376 train_vq=0.042430 active_codes=4 ema_used_codes=4 step_counter=3210 last_check_step=901 surprise_streak=0 distance_mean=0.3236 distance_p90=0.8012 distance_p95=1.114 distance_max=2.563 surprise_support=18
level=1 epoch=322/500 train_effect=0.220600 eval_effect=0.203788 train_vq=0.042229 active_codes=4 ema_used_codes=4 step_counter=3220 last_check_step=901 surprise_streak=0 distance_mean=0.3236 distance_p90=0.8012 distance_p95=1.114 distance_max=2.563 surprise_support=18
level=1 epoch=323/500 train_effect=0.208482 eval_effect=0.198660 train_vq=0.036984 active_codes=4 ema_used_codes=4 step_counter=3230 last_check_step=901 surprise_streak=0 distance_mean=0.3236 distance_p90=0.8012 distance_p95=1.114 distance_max=2.563 surprise_support=18
level=1 epoch=324/500 train_effect=0.205482 eval_effect=0.228566 train_vq=0.034669 active_codes=4 ema_used_codes=4 step_counter=3240 last_check_step=901 surprise_streak=0 distance_mean=0.3236 distance_p90=0.8012 distance_p95=1.114 distance_max=2.563 surprise_support=18
level=1 epoch=325/500 train_effect=0.232262 eval_effect=0.209575 train_vq=0.039695 active_codes=4 ema_used_codes=4 step_counter=3250 last_check_step=901 surprise_streak=0 distance_mean=0.3236 distance_p90=0.8012 distance_p95=1.114 distance_max=2.563 surprise_support=18
level=1 epoch=326/500 train_effect=0.215320 eval_effect=0.212611 train_vq=0.038526 active_codes=4 ema_used_codes=4 step_counter=3260 last_check_step=901 surprise_streak=0 distance_mean=0.3236 distance_p90=0.8012 distance_p95=1.114 distance_max=2.563 surprise_support=18
level=1 epoch=327/500 train_effect=0.229047 eval_effect=0.197517 train_vq=0.042412 active_codes=4 ema_used_codes=4 step_counter=3270 last_check_step=901 surprise_streak=0 distance_mean=0.3236 distance_p90=0.8012 distance_p95=1.114 distance_max=2.563 surprise_support=18
level=1 epoch=328/500 train_effect=0.218800 eval_effect=0.208747 train_vq=0.045124 active_codes=4 ema_used_codes=4 step_counter=3280 last_check_step=901 surprise_streak=0 distance_mean=0.3236 distance_p90=0.8012 distance_p95=1.114 distance_max=2.563 surprise_support=18
level=1 epoch=329/500 train_effect=0.215940 eval_effect=0.195521 train_vq=0.042087 active_codes=4 ema_used_codes=4 step_counter=3290 last_check_step=901 surprise_streak=0 distance_mean=0.3236 distance_p90=0.8012 distance_p95=1.114 distance_max=2.563 surprise_support=18
level=1 epoch=330/500 train_effect=0.202742 eval_effect=0.202246 train_vq=0.037191 active_codes=4 ema_used_codes=4 step_counter=3300 last_check_step=901 surprise_streak=0 distance_mean=0.3236 distance_p90=0.8012 distance_p95=1.114 distance_max=2.563 surprise_support=18
level=1 epoch=331/500 train_effect=0.217440 eval_effect=0.217428 train_vq=0.037183 active_codes=4 ema_used_codes=4 step_counter=3310 last_check_step=901 surprise_streak=0 distance_mean=0.3236 distance_p90=0.8012 distance_p95=1.114 distance_max=2.563 surprise_support=18
level=1 epoch=332/500 train_effect=0.206517 eval_effect=0.193710 train_vq=0.036639 active_codes=4 ema_used_codes=4 step_counter=3320 last_check_step=901 surprise_streak=0 distance_mean=0.3236 distance_p90=0.8012 distance_p95=1.114 distance_max=2.563 surprise_support=18
level=1 epoch=333/500 train_effect=0.218950 eval_effect=0.220558 train_vq=0.039917 active_codes=4 ema_used_codes=4 step_counter=3330 last_check_step=901 surprise_streak=0 distance_mean=0.3236 distance_p90=0.8012 distance_p95=1.114 distance_max=2.563 surprise_support=18
level=1 epoch=334/500 train_effect=0.208332 eval_effect=0.194337 train_vq=0.034669 active_codes=4 ema_used_codes=4 step_counter=3340 last_check_step=901 surprise_streak=0 distance_mean=0.3236 distance_p90=0.8012 distance_p95=1.114 distance_max=2.563 surprise_support=18
level=1 epoch=335/500 train_effect=0.208983 eval_effect=0.201790 train_vq=0.035959 active_codes=4 ema_used_codes=4 step_counter=3350 last_check_step=901 surprise_streak=0 distance_mean=0.3236 distance_p90=0.8012 distance_p95=1.114 distance_max=2.563 surprise_support=18
level=1 epoch=336/500 train_effect=0.197187 eval_effect=0.198440 train_vq=0.037543 active_codes=4 ema_used_codes=4 step_counter=3360 last_check_step=901 surprise_streak=0 distance_mean=0.3236 distance_p90=0.8012 distance_p95=1.114 distance_max=2.563 surprise_support=18
level=1 epoch=337/500 train_effect=0.204898 eval_effect=0.249615 train_vq=0.038109 active_codes=4 ema_used_codes=4 step_counter=3370 last_check_step=901 surprise_streak=0 distance_mean=0.3236 distance_p90=0.8012 distance_p95=1.114 distance_max=2.563 surprise_support=18
level=1 epoch=338/500 train_effect=0.220168 eval_effect=0.189525 train_vq=0.041549 active_codes=4 ema_used_codes=4 step_counter=3380 last_check_step=901 surprise_streak=0 distance_mean=0.3236 distance_p90=0.8012 distance_p95=1.114 distance_max=2.563 surprise_support=18
level=1 epoch=339/500 train_effect=0.192920 eval_effect=0.188857 train_vq=0.034420 active_codes=4 ema_used_codes=4 step_counter=3390 last_check_step=901 surprise_streak=0 distance_mean=0.3236 distance_p90=0.8012 distance_p95=1.114 distance_max=2.563 surprise_support=18
level=1 epoch=340/500 train_effect=0.201679 eval_effect=0.210273 train_vq=0.033420 active_codes=4 ema_used_codes=4 step_counter=3400 last_check_step=901 surprise_streak=0 distance_mean=0.3236 distance_p90=0.8012 distance_p95=1.114 distance_max=2.563 surprise_support=18
level=1 epoch=341/500 train_effect=0.203052 eval_effect=0.195761 train_vq=0.040568 active_codes=4 ema_used_codes=4 step_counter=3410 last_check_step=901 surprise_streak=0 distance_mean=0.3236 distance_p90=0.8012 distance_p95=1.114 distance_max=2.563 surprise_support=18
level=1 epoch=342/500 train_effect=0.206298 eval_effect=0.191315 train_vq=0.046102 active_codes=4 ema_used_codes=4 step_counter=3420 last_check_step=901 surprise_streak=0 distance_mean=0.3236 distance_p90=0.8012 distance_p95=1.114 distance_max=2.563 surprise_support=18
level=1 epoch=343/500 train_effect=0.198047 eval_effect=0.188067 train_vq=0.039535 active_codes=4 ema_used_codes=4 step_counter=3430 last_check_step=901 surprise_streak=0 distance_mean=0.3236 distance_p90=0.8012 distance_p95=1.114 distance_max=2.563 surprise_support=18
level=1 epoch=344/500 train_effect=0.191922 eval_effect=0.186286 train_vq=0.033131 active_codes=4 ema_used_codes=4 step_counter=3440 last_check_step=901 surprise_streak=0 distance_mean=0.3236 distance_p90=0.8012 distance_p95=1.114 distance_max=2.563 surprise_support=18
level=1 epoch=345/500 train_effect=0.194240 eval_effect=0.198905 train_vq=0.034555 active_codes=4 ema_used_codes=4 step_counter=3450 last_check_step=901 surprise_streak=0 distance_mean=0.3236 distance_p90=0.8012 distance_p95=1.114 distance_max=2.563 surprise_support=18
level=1 epoch=346/500 train_effect=0.203740 eval_effect=0.187696 train_vq=0.040738 active_codes=4 ema_used_codes=4 step_counter=3460 last_check_step=901 surprise_streak=0 distance_mean=0.3236 distance_p90=0.8012 distance_p95=1.114 distance_max=2.563 surprise_support=18
level=1 epoch=347/500 train_effect=0.192770 eval_effect=0.209382 train_vq=0.041061 active_codes=4 ema_used_codes=4 step_counter=3470 last_check_step=901 surprise_streak=0 distance_mean=0.3236 distance_p90=0.8012 distance_p95=1.114 distance_max=2.563 surprise_support=18
level=1 epoch=348/500 train_effect=0.212888 eval_effect=0.183925 train_vq=0.041552 active_codes=4 ema_used_codes=4 step_counter=3480 last_check_step=901 surprise_streak=0 distance_mean=0.3236 distance_p90=0.8012 distance_p95=1.114 distance_max=2.563 surprise_support=18
level=1 epoch=349/500 train_effect=0.190169 eval_effect=0.183448 train_vq=0.033876 active_codes=4 ema_used_codes=4 step_counter=3490 last_check_step=901 surprise_streak=0 distance_mean=0.3236 distance_p90=0.8012 distance_p95=1.114 distance_max=2.563 surprise_support=18
level=1 epoch=350/500 train_effect=0.203409 eval_effect=0.183047 train_vq=0.037248 active_codes=4 ema_used_codes=4 step_counter=3500 last_check_step=901 surprise_streak=0 distance_mean=0.3236 distance_p90=0.8012 distance_p95=1.114 distance_max=2.563 surprise_support=18
level=1 epoch=351/500 train_effect=0.193483 eval_effect=0.183879 train_vq=0.036851 active_codes=4 ema_used_codes=4 step_counter=3510 last_check_step=901 surprise_streak=0 distance_mean=0.3236 distance_p90=0.8012 distance_p95=1.114 distance_max=2.563 surprise_support=18
level=1 epoch=352/500 train_effect=0.192359 eval_effect=0.235730 train_vq=0.039949 active_codes=4 ema_used_codes=4 step_counter=3520 last_check_step=901 surprise_streak=0 distance_mean=0.3236 distance_p90=0.8012 distance_p95=1.114 distance_max=2.563 surprise_support=18
level=1 epoch=353/500 train_effect=0.214923 eval_effect=0.182718 train_vq=0.047873 active_codes=4 ema_used_codes=4 step_counter=3530 last_check_step=901 surprise_streak=0 distance_mean=0.3236 distance_p90=0.8012 distance_p95=1.114 distance_max=2.563 surprise_support=18
level=1 epoch=354/500 train_effect=0.195738 eval_effect=0.181010 train_vq=0.041630 active_codes=4 ema_used_codes=4 step_counter=3540 last_check_step=901 surprise_streak=0 distance_mean=0.3236 distance_p90=0.8012 distance_p95=1.114 distance_max=2.563 surprise_support=18
level=1 epoch=355/500 train_effect=0.193508 eval_effect=0.180468 train_vq=0.037379 active_codes=4 ema_used_codes=4 step_counter=3550 last_check_step=901 surprise_streak=0 distance_mean=0.3236 distance_p90=0.8012 distance_p95=1.114 distance_max=2.563 surprise_support=18
level=1 epoch=356/500 train_effect=0.198543 eval_effect=0.206338 train_vq=0.037019 active_codes=4 ema_used_codes=4 step_counter=3560 last_check_step=901 surprise_streak=0 distance_mean=0.3236 distance_p90=0.8012 distance_p95=1.114 distance_max=2.563 surprise_support=18
level=1 epoch=357/500 train_effect=0.222753 eval_effect=0.184854 train_vq=0.047062 active_codes=4 ema_used_codes=4 step_counter=3570 last_check_step=901 surprise_streak=0 distance_mean=0.3236 distance_p90=0.8012 distance_p95=1.114 distance_max=2.563 surprise_support=18
level=1 epoch=358/500 train_effect=0.187806 eval_effect=0.194720 train_vq=0.041473 active_codes=4 ema_used_codes=4 step_counter=3580 last_check_step=901 surprise_streak=0 distance_mean=0.3236 distance_p90=0.8012 distance_p95=1.114 distance_max=2.563 surprise_support=18
level=1 epoch=359/500 train_effect=0.219561 eval_effect=0.227086 train_vq=0.045815 active_codes=4 ema_used_codes=4 step_counter=3590 last_check_step=901 surprise_streak=0 distance_mean=0.3236 distance_p90=0.8012 distance_p95=1.114 distance_max=2.563 surprise_support=18
level=1 epoch=360/500 train_effect=0.201129 eval_effect=0.184814 train_vq=0.039150 active_codes=4 ema_used_codes=4 step_counter=3600 last_check_step=901 surprise_streak=0 distance_mean=0.3236 distance_p90=0.8012 distance_p95=1.114 distance_max=2.563 surprise_support=18
level=1 epoch=361/500 train_effect=0.189628 eval_effect=0.181498 train_vq=0.036465 active_codes=4 ema_used_codes=4 step_counter=3610 last_check_step=901 surprise_streak=0 distance_mean=0.3236 distance_p90=0.8012 distance_p95=1.114 distance_max=2.563 surprise_support=18
level=1 epoch=362/500 train_effect=0.192030 eval_effect=0.207118 train_vq=0.038029 active_codes=4 ema_used_codes=4 step_counter=3620 last_check_step=901 surprise_streak=0 distance_mean=0.3236 distance_p90=0.8012 distance_p95=1.114 distance_max=2.563 surprise_support=18
level=1 epoch=363/500 train_effect=0.212755 eval_effect=0.177080 train_vq=0.040948 active_codes=4 ema_used_codes=4 step_counter=3630 last_check_step=901 surprise_streak=0 distance_mean=0.3236 distance_p90=0.8012 distance_p95=1.114 distance_max=2.563 surprise_support=18
level=1 epoch=364/500 train_effect=0.190184 eval_effect=0.176729 train_vq=0.038505 active_codes=4 ema_used_codes=4 step_counter=3640 last_check_step=901 surprise_streak=0 distance_mean=0.3236 distance_p90=0.8012 distance_p95=1.114 distance_max=2.563 surprise_support=18
level=1 epoch=365/500 train_effect=0.183502 eval_effect=0.176971 train_vq=0.034667 active_codes=4 ema_used_codes=4 step_counter=3650 last_check_step=901 surprise_streak=0 distance_mean=0.3236 distance_p90=0.8012 distance_p95=1.114 distance_max=2.563 surprise_support=18
level=1 epoch=366/500 train_effect=0.193060 eval_effect=0.212875 train_vq=0.037635 active_codes=4 ema_used_codes=4 step_counter=3660 last_check_step=901 surprise_streak=0 distance_mean=0.3236 distance_p90=0.8012 distance_p95=1.114 distance_max=2.563 surprise_support=18
level=1 epoch=367/500 train_effect=0.197561 eval_effect=0.177083 train_vq=0.043058 active_codes=4 ema_used_codes=4 step_counter=3670 last_check_step=901 surprise_streak=0 distance_mean=0.3236 distance_p90=0.8012 distance_p95=1.114 distance_max=2.563 surprise_support=18
level=1 epoch=368/500 train_effect=0.191804 eval_effect=0.190684 train_vq=0.041574 active_codes=4 ema_used_codes=4 step_counter=3680 last_check_step=901 surprise_streak=0 distance_mean=0.3236 distance_p90=0.8012 distance_p95=1.114 distance_max=2.563 surprise_support=18
level=1 epoch=369/500 train_effect=0.196934 eval_effect=0.181891 train_vq=0.038938 active_codes=4 ema_used_codes=4 step_counter=3690 last_check_step=901 surprise_streak=0 distance_mean=0.3236 distance_p90=0.8012 distance_p95=1.114 distance_max=2.563 surprise_support=18
level=1 epoch=370/500 train_effect=0.180599 eval_effect=0.192055 train_vq=0.037876 active_codes=4 ema_used_codes=4 step_counter=3700 last_check_step=901 surprise_streak=0 distance_mean=0.3236 distance_p90=0.8012 distance_p95=1.114 distance_max=2.563 surprise_support=18
level=1 epoch=371/500 train_effect=0.205101 eval_effect=0.185996 train_vq=0.046039 active_codes=4 ema_used_codes=4 step_counter=3710 last_check_step=901 surprise_streak=0 distance_mean=0.3236 distance_p90=0.8012 distance_p95=1.114 distance_max=2.563 surprise_support=18
level=1 epoch=372/500 train_effect=0.190924 eval_effect=0.175894 train_vq=0.043797 active_codes=4 ema_used_codes=4 step_counter=3720 last_check_step=901 surprise_streak=0 distance_mean=0.3236 distance_p90=0.8012 distance_p95=1.114 distance_max=2.563 surprise_support=18
level=1 epoch=373/500 train_effect=0.186802 eval_effect=0.174271 train_vq=0.040103 active_codes=4 ema_used_codes=4 step_counter=3730 last_check_step=901 surprise_streak=0 distance_mean=0.3236 distance_p90=0.8012 distance_p95=1.114 distance_max=2.563 surprise_support=18
level=1 epoch=374/500 train_effect=0.186054 eval_effect=0.193133 train_vq=0.038260 active_codes=4 ema_used_codes=4 step_counter=3740 last_check_step=901 surprise_streak=0 distance_mean=0.3236 distance_p90=0.8012 distance_p95=1.114 distance_max=2.563 surprise_support=18
level=1 epoch=375/500 train_effect=0.192861 eval_effect=0.177729 train_vq=0.041011 active_codes=4 ema_used_codes=4 step_counter=3750 last_check_step=901 surprise_streak=0 distance_mean=0.3236 distance_p90=0.8012 distance_p95=1.114 distance_max=2.563 surprise_support=18
level=1 epoch=376/500 train_effect=0.190421 eval_effect=0.174409 train_vq=0.044047 active_codes=4 ema_used_codes=4 step_counter=3760 last_check_step=901 surprise_streak=0 distance_mean=0.3236 distance_p90=0.8012 distance_p95=1.114 distance_max=2.563 surprise_support=18
level=1 epoch=377/500 train_effect=0.185578 eval_effect=0.173899 train_vq=0.040797 active_codes=4 ema_used_codes=4 step_counter=3770 last_check_step=901 surprise_streak=0 distance_mean=0.3236 distance_p90=0.8012 distance_p95=1.114 distance_max=2.563 surprise_support=18
level=1 epoch=378/500 train_effect=0.189945 eval_effect=0.196267 train_vq=0.040948 active_codes=4 ema_used_codes=4 step_counter=3780 last_check_step=901 surprise_streak=0 distance_mean=0.3236 distance_p90=0.8012 distance_p95=1.114 distance_max=2.563 surprise_support=18
level=1 epoch=379/500 train_effect=0.208291 eval_effect=0.170756 train_vq=0.040453 active_codes=4 ema_used_codes=4 step_counter=3790 last_check_step=901 surprise_streak=0 distance_mean=0.3236 distance_p90=0.8012 distance_p95=1.114 distance_max=2.563 surprise_support=18
level=1 epoch=380/500 train_effect=0.181625 eval_effect=0.169188 train_vq=0.036028 active_codes=4 ema_used_codes=4 step_counter=3800 last_check_step=901 surprise_streak=0 distance_mean=0.3236 distance_p90=0.8012 distance_p95=1.114 distance_max=2.563 surprise_support=18
level=1 epoch=381/500 train_effect=0.193041 eval_effect=0.213827 train_vq=0.037911 active_codes=4 ema_used_codes=4 step_counter=3810 last_check_step=901 surprise_streak=0 distance_mean=0.3236 distance_p90=0.8012 distance_p95=1.114 distance_max=2.563 surprise_support=18
level=1 epoch=382/500 train_effect=0.197219 eval_effect=0.173700 train_vq=0.039034 active_codes=4 ema_used_codes=4 step_counter=3820 last_check_step=901 surprise_streak=0 distance_mean=0.3236 distance_p90=0.8012 distance_p95=1.114 distance_max=2.563 surprise_support=18
level=1 epoch=383/500 train_effect=0.201764 eval_effect=0.197756 train_vq=0.045823 active_codes=4 ema_used_codes=4 step_counter=3830 last_check_step=901 surprise_streak=0 distance_mean=0.3236 distance_p90=0.8012 distance_p95=1.114 distance_max=2.563 surprise_support=18
level=1 epoch=384/500 train_effect=0.196948 eval_effect=0.215107 train_vq=0.044923 active_codes=4 ema_used_codes=4 step_counter=3840 last_check_step=901 surprise_streak=0 distance_mean=0.3236 distance_p90=0.8012 distance_p95=1.114 distance_max=2.563 surprise_support=18
level=1 epoch=385/500 train_effect=0.175229 eval_effect=0.204849 train_vq=0.042323 active_codes=4 ema_used_codes=4 step_counter=3850 last_check_step=901 surprise_streak=0 distance_mean=0.3236 distance_p90=0.8012 distance_p95=1.114 distance_max=2.563 surprise_support=18
level=1 epoch=386/500 train_effect=0.207181 eval_effect=0.178385 train_vq=0.045762 active_codes=4 ema_used_codes=4 step_counter=3860 last_check_step=901 surprise_streak=0 distance_mean=0.3236 distance_p90=0.8012 distance_p95=1.114 distance_max=2.563 surprise_support=18
level=1 epoch=387/500 train_effect=0.196566 eval_effect=0.175841 train_vq=0.050131 active_codes=4 ema_used_codes=4 step_counter=3870 last_check_step=901 surprise_streak=0 distance_mean=0.3236 distance_p90=0.8012 distance_p95=1.114 distance_max=2.563 surprise_support=18
level=1 epoch=388/500 train_effect=0.197768 eval_effect=0.175680 train_vq=0.049380 active_codes=4 ema_used_codes=4 step_counter=3880 last_check_step=901 surprise_streak=0 distance_mean=0.3236 distance_p90=0.8012 distance_p95=1.114 distance_max=2.563 surprise_support=18
level=1 epoch=389/500 train_effect=0.182953 eval_effect=0.169096 train_vq=0.047043 active_codes=4 ema_used_codes=4 step_counter=3890 last_check_step=901 surprise_streak=0 distance_mean=0.3236 distance_p90=0.8012 distance_p95=1.114 distance_max=2.563 surprise_support=18
level=1 epoch=390/500 train_effect=0.192269 eval_effect=0.191603 train_vq=0.045150 active_codes=4 ema_used_codes=4 step_counter=3900 last_check_step=901 surprise_streak=0 distance_mean=0.3236 distance_p90=0.8012 distance_p95=1.114 distance_max=2.563 surprise_support=18
level=1 epoch=391/500 train_effect=0.205020 eval_effect=0.174427 train_vq=0.046565 active_codes=4 ema_used_codes=4 step_counter=3910 last_check_step=901 surprise_streak=0 distance_mean=0.3236 distance_p90=0.8012 distance_p95=1.114 distance_max=2.563 surprise_support=18
level=1 epoch=392/500 train_effect=0.196734 eval_effect=0.165819 train_vq=0.045964 active_codes=4 ema_used_codes=4 step_counter=3920 last_check_step=901 surprise_streak=0 distance_mean=0.3236 distance_p90=0.8012 distance_p95=1.114 distance_max=2.563 surprise_support=18
level=1 epoch=393/500 train_effect=0.189030 eval_effect=0.249376 train_vq=0.044179 active_codes=4 ema_used_codes=4 step_counter=3930 last_check_step=901 surprise_streak=0 distance_mean=0.3236 distance_p90=0.8012 distance_p95=1.114 distance_max=2.563 surprise_support=18
level=1 epoch=394/500 train_effect=0.201955 eval_effect=0.353413 train_vq=0.052212 active_codes=4 ema_used_codes=4 step_counter=3940 last_check_step=901 surprise_streak=0 distance_mean=0.3236 distance_p90=0.8012 distance_p95=1.114 distance_max=2.563 surprise_support=18
level=1 epoch=395/500 train_effect=0.178874 eval_effect=0.228237 train_vq=0.052731 active_codes=4 ema_used_codes=4 step_counter=3950 last_check_step=901 surprise_streak=0 distance_mean=0.3236 distance_p90=0.8012 distance_p95=1.114 distance_max=2.563 surprise_support=18
level=1 epoch=396/500 train_effect=0.210160 eval_effect=0.167195 train_vq=0.047542 active_codes=4 ema_used_codes=4 step_counter=3960 last_check_step=901 surprise_streak=0 distance_mean=0.3236 distance_p90=0.8012 distance_p95=1.114 distance_max=2.563 surprise_support=18
level=1 epoch=397/500 train_effect=0.179066 eval_effect=0.163797 train_vq=0.041531 active_codes=4 ema_used_codes=4 step_counter=3970 last_check_step=901 surprise_streak=0 distance_mean=0.3236 distance_p90=0.8012 distance_p95=1.114 distance_max=2.563 surprise_support=18
level=1 epoch=398/500 train_effect=0.199509 eval_effect=0.221013 train_vq=0.043734 active_codes=4 ema_used_codes=4 step_counter=3980 last_check_step=901 surprise_streak=0 distance_mean=0.3236 distance_p90=0.8012 distance_p95=1.114 distance_max=2.563 surprise_support=18
level=1 epoch=399/500 train_effect=0.188607 eval_effect=0.183308 train_vq=0.045343 active_codes=4 ema_used_codes=4 step_counter=3990 last_check_step=901 surprise_streak=0 distance_mean=0.3236 distance_p90=0.8012 distance_p95=1.114 distance_max=2.563 surprise_support=18
level=1 epoch=400/500 train_effect=0.181258 eval_effect=0.221860 train_vq=0.046551 active_codes=4 ema_used_codes=4 step_counter=4000 last_check_step=901 surprise_streak=0 distance_mean=0.3236 distance_p90=0.8012 distance_p95=1.114 distance_max=2.563 surprise_support=18
level=1 epoch=401/500 train_effect=0.195093 eval_effect=0.164351 train_vq=0.045232 active_codes=4 ema_used_codes=4 step_counter=4010 last_check_step=901 surprise_streak=0 distance_mean=0.3236 distance_p90=0.8012 distance_p95=1.114 distance_max=2.563 surprise_support=18
level=1 epoch=402/500 train_effect=0.177846 eval_effect=0.164107 train_vq=0.042886 active_codes=4 ema_used_codes=4 step_counter=4020 last_check_step=901 surprise_streak=0 distance_mean=0.3236 distance_p90=0.8012 distance_p95=1.114 distance_max=2.563 surprise_support=18
level=1 epoch=403/500 train_effect=0.181146 eval_effect=0.234835 train_vq=0.039126 active_codes=4 ema_used_codes=4 step_counter=4030 last_check_step=901 surprise_streak=0 distance_mean=0.3236 distance_p90=0.8012 distance_p95=1.114 distance_max=2.563 surprise_support=18
level=1 epoch=404/500 train_effect=0.195774 eval_effect=0.163952 train_vq=0.041611 active_codes=4 ema_used_codes=4 step_counter=4040 last_check_step=901 surprise_streak=0 distance_mean=0.3236 distance_p90=0.8012 distance_p95=1.114 distance_max=2.563 surprise_support=18
level=1 epoch=405/500 train_effect=0.174117 eval_effect=0.163250 train_vq=0.036528 active_codes=4 ema_used_codes=4 step_counter=4050 last_check_step=901 surprise_streak=0 distance_mean=0.3236 distance_p90=0.8012 distance_p95=1.114 distance_max=2.563 surprise_support=18
level=1 epoch=406/500 train_effect=0.189185 eval_effect=0.162960 train_vq=0.039631 active_codes=4 ema_used_codes=4 step_counter=4060 last_check_step=901 surprise_streak=0 distance_mean=0.3236 distance_p90=0.8012 distance_p95=1.114 distance_max=2.563 surprise_support=18
level=1 epoch=407/500 train_effect=0.179489 eval_effect=0.172027 train_vq=0.039761 active_codes=4 ema_used_codes=4 step_counter=4070 last_check_step=901 surprise_streak=0 distance_mean=0.3236 distance_p90=0.8012 distance_p95=1.114 distance_max=2.563 surprise_support=18
level=1 epoch=408/500 train_effect=0.193313 eval_effect=0.183668 train_vq=0.044072 active_codes=4 ema_used_codes=4 step_counter=4080 last_check_step=901 surprise_streak=0 distance_mean=0.3236 distance_p90=0.8012 distance_p95=1.114 distance_max=2.563 surprise_support=18
level=1 epoch=409/500 train_effect=0.191018 eval_effect=0.163417 train_vq=0.041029 active_codes=4 ema_used_codes=4 step_counter=4090 last_check_step=901 surprise_streak=0 distance_mean=0.3236 distance_p90=0.8012 distance_p95=1.114 distance_max=2.563 surprise_support=18
level=1 epoch=410/500 train_effect=0.169898 eval_effect=0.164053 train_vq=0.034896 active_codes=4 ema_used_codes=4 step_counter=4100 last_check_step=901 surprise_streak=0 distance_mean=0.3236 distance_p90=0.8012 distance_p95=1.114 distance_max=2.563 surprise_support=18
level=1 epoch=411/500 train_effect=0.196592 eval_effect=0.180772 train_vq=0.043769 active_codes=4 ema_used_codes=4 step_counter=4110 last_check_step=901 surprise_streak=0 distance_mean=0.3236 distance_p90=0.8012 distance_p95=1.114 distance_max=2.563 surprise_support=18
level=1 epoch=412/500 train_effect=0.181428 eval_effect=0.173545 train_vq=0.051893 active_codes=4 ema_used_codes=4 step_counter=4120 last_check_step=901 surprise_streak=0 distance_mean=0.3236 distance_p90=0.8012 distance_p95=1.114 distance_max=2.563 surprise_support=18
level=1 epoch=413/500 train_effect=0.176522 eval_effect=0.183619 train_vq=0.054413 active_codes=4 ema_used_codes=4 step_counter=4130 last_check_step=901 surprise_streak=0 distance_mean=0.3236 distance_p90=0.8012 distance_p95=1.114 distance_max=2.563 surprise_support=18
level=1 epoch=414/500 train_effect=0.178499 eval_effect=0.160482 train_vq=0.051806 active_codes=4 ema_used_codes=4 step_counter=4140 last_check_step=901 surprise_streak=0 distance_mean=0.3236 distance_p90=0.8012 distance_p95=1.114 distance_max=2.563 surprise_support=18
level=1 epoch=415/500 train_effect=0.177800 eval_effect=0.216787 train_vq=0.045908 active_codes=4 ema_used_codes=4 step_counter=4150 last_check_step=901 surprise_streak=0 distance_mean=0.3236 distance_p90=0.8012 distance_p95=1.114 distance_max=2.563 surprise_support=18
level=1 epoch=416/500 train_effect=0.210004 eval_effect=0.198194 train_vq=0.049109 active_codes=4 ema_used_codes=4 step_counter=4160 last_check_step=901 surprise_streak=0 distance_mean=0.3236 distance_p90=0.8012 distance_p95=1.114 distance_max=2.563 surprise_support=18
level=1 epoch=417/500 train_effect=0.167442 eval_effect=0.160013 train_vq=0.042782 active_codes=4 ema_used_codes=4 step_counter=4170 last_check_step=901 surprise_streak=0 distance_mean=0.3236 distance_p90=0.8012 distance_p95=1.114 distance_max=2.563 surprise_support=18
level=1 epoch=418/500 train_effect=0.195745 eval_effect=0.240929 train_vq=0.045722 active_codes=4 ema_used_codes=4 step_counter=4180 last_check_step=901 surprise_streak=0 distance_mean=0.3236 distance_p90=0.8012 distance_p95=1.114 distance_max=2.563 surprise_support=18
level=1 epoch=419/500 train_effect=0.205617 eval_effect=0.160363 train_vq=0.047156 active_codes=4 ema_used_codes=4 step_counter=4190 last_check_step=901 surprise_streak=0 distance_mean=0.3236 distance_p90=0.8012 distance_p95=1.114 distance_max=2.563 surprise_support=18
level=1 epoch=420/500 train_effect=0.180032 eval_effect=0.184177 train_vq=0.047048 active_codes=4 ema_used_codes=4 step_counter=4200 last_check_step=901 surprise_streak=0 distance_mean=0.3236 distance_p90=0.8012 distance_p95=1.114 distance_max=2.563 surprise_support=18
level=1 epoch=421/500 train_effect=0.198118 eval_effect=0.162060 train_vq=0.049612 active_codes=4 ema_used_codes=4 step_counter=4210 last_check_step=901 surprise_streak=0 distance_mean=0.3236 distance_p90=0.8012 distance_p95=1.114 distance_max=2.563 surprise_support=18
level=1 epoch=422/500 train_effect=0.188585 eval_effect=0.156892 train_vq=0.050993 active_codes=4 ema_used_codes=4 step_counter=4220 last_check_step=901 surprise_streak=0 distance_mean=0.3236 distance_p90=0.8012 distance_p95=1.114 distance_max=2.563 surprise_support=18
level=1 epoch=423/500 train_effect=0.202094 eval_effect=0.247135 train_vq=0.047356 active_codes=4 ema_used_codes=4 step_counter=4230 last_check_step=901 surprise_streak=0 distance_mean=0.3236 distance_p90=0.8012 distance_p95=1.114 distance_max=2.563 surprise_support=18
level=1 epoch=424/500 train_effect=0.193862 eval_effect=0.164294 train_vq=0.051714 active_codes=4 ema_used_codes=4 step_counter=4240 last_check_step=901 surprise_streak=0 distance_mean=0.3236 distance_p90=0.8012 distance_p95=1.114 distance_max=2.563 surprise_support=18
level=1 epoch=425/500 train_effect=0.183221 eval_effect=0.197286 train_vq=0.052428 active_codes=4 ema_used_codes=4 step_counter=4250 last_check_step=901 surprise_streak=0 distance_mean=0.3236 distance_p90=0.8012 distance_p95=1.114 distance_max=2.563 surprise_support=18
level=1 epoch=426/500 train_effect=0.185200 eval_effect=0.162631 train_vq=0.050014 active_codes=4 ema_used_codes=4 step_counter=4260 last_check_step=901 surprise_streak=0 distance_mean=0.3236 distance_p90=0.8012 distance_p95=1.114 distance_max=2.563 surprise_support=18
level=1 epoch=427/500 train_effect=0.182597 eval_effect=0.166692 train_vq=0.051931 active_codes=4 ema_used_codes=4 step_counter=4270 last_check_step=901 surprise_streak=0 distance_mean=0.3236 distance_p90=0.8012 distance_p95=1.114 distance_max=2.563 surprise_support=18
level=1 epoch=428/500 train_effect=0.184244 eval_effect=0.175222 train_vq=0.050474 active_codes=4 ema_used_codes=4 step_counter=4280 last_check_step=901 surprise_streak=0 distance_mean=0.3236 distance_p90=0.8012 distance_p95=1.114 distance_max=2.563 surprise_support=18
level=1 epoch=429/500 train_effect=0.172421 eval_effect=0.157094 train_vq=0.048911 active_codes=4 ema_used_codes=4 step_counter=4290 last_check_step=901 surprise_streak=0 distance_mean=0.3236 distance_p90=0.8012 distance_p95=1.114 distance_max=2.563 surprise_support=18
level=1 epoch=430/500 train_effect=0.198800 eval_effect=0.193907 train_vq=0.048176 active_codes=4 ema_used_codes=4 step_counter=4300 last_check_step=901 surprise_streak=0 distance_mean=0.3236 distance_p90=0.8012 distance_p95=1.114 distance_max=2.563 surprise_support=18
level=1 epoch=431/500 train_effect=0.170284 eval_effect=0.162717 train_vq=0.043201 active_codes=4 ema_used_codes=4 step_counter=4310 last_check_step=901 surprise_streak=0 distance_mean=0.3236 distance_p90=0.8012 distance_p95=1.114 distance_max=2.563 surprise_support=18
level=1 epoch=432/500 train_effect=0.173020 eval_effect=0.235254 train_vq=0.041209 active_codes=4 ema_used_codes=4 step_counter=4320 last_check_step=901 surprise_streak=0 distance_mean=0.3236 distance_p90=0.8012 distance_p95=1.114 distance_max=2.563 surprise_support=18
level=1 epoch=433/500 train_effect=0.196288 eval_effect=0.176166 train_vq=0.046614 active_codes=4 ema_used_codes=4 step_counter=4330 last_check_step=901 surprise_streak=0 distance_mean=0.3236 distance_p90=0.8012 distance_p95=1.114 distance_max=2.563 surprise_support=18
level=1 epoch=434/500 train_effect=0.176797 eval_effect=0.156156 train_vq=0.041358 active_codes=4 ema_used_codes=4 step_counter=4340 last_check_step=901 surprise_streak=0 distance_mean=0.3236 distance_p90=0.8012 distance_p95=1.114 distance_max=2.563 surprise_support=18
level=1 epoch=435/500 train_effect=0.169778 eval_effect=0.157739 train_vq=0.040097 active_codes=4 ema_used_codes=4 step_counter=4350 last_check_step=901 surprise_streak=0 distance_mean=0.3236 distance_p90=0.8012 distance_p95=1.114 distance_max=2.563 surprise_support=18
level=1 epoch=436/500 train_effect=0.171753 eval_effect=0.188741 train_vq=0.041456 active_codes=4 ema_used_codes=4 step_counter=4360 last_check_step=901 surprise_streak=0 distance_mean=0.3236 distance_p90=0.8012 distance_p95=1.114 distance_max=2.563 surprise_support=18
level=1 epoch=437/500 train_effect=0.183307 eval_effect=0.157013 train_vq=0.040064 active_codes=4 ema_used_codes=4 step_counter=4370 last_check_step=901 surprise_streak=0 distance_mean=0.3236 distance_p90=0.8012 distance_p95=1.114 distance_max=2.563 surprise_support=18
level=1 epoch=438/500 train_effect=0.162117 eval_effect=0.154233 train_vq=0.037703 active_codes=4 ema_used_codes=4 step_counter=4380 last_check_step=901 surprise_streak=0 distance_mean=0.3236 distance_p90=0.8012 distance_p95=1.114 distance_max=2.563 surprise_support=18
level=1 epoch=439/500 train_effect=0.188264 eval_effect=0.204136 train_vq=0.038350 active_codes=4 ema_used_codes=4 step_counter=4390 last_check_step=901 surprise_streak=0 distance_mean=0.3236 distance_p90=0.8012 distance_p95=1.114 distance_max=2.563 surprise_support=18
level=1 epoch=440/500 train_effect=0.174949 eval_effect=0.154672 train_vq=0.041390 active_codes=4 ema_used_codes=4 step_counter=4400 last_check_step=901 surprise_streak=0 distance_mean=0.3236 distance_p90=0.8012 distance_p95=1.114 distance_max=2.563 surprise_support=18
level=1 epoch=441/500 train_effect=0.184135 eval_effect=0.164698 train_vq=0.040277 active_codes=4 ema_used_codes=4 step_counter=4410 last_check_step=901 surprise_streak=0 distance_mean=0.3236 distance_p90=0.8012 distance_p95=1.114 distance_max=2.563 surprise_support=18
level=1 epoch=442/500 train_effect=0.188980 eval_effect=0.154730 train_vq=0.040174 active_codes=4 ema_used_codes=4 step_counter=4420 last_check_step=901 surprise_streak=0 distance_mean=0.3236 distance_p90=0.8012 distance_p95=1.114 distance_max=2.563 surprise_support=18
level=1 epoch=443/500 train_effect=0.166112 eval_effect=0.155053 train_vq=0.037158 active_codes=4 ema_used_codes=4 step_counter=4430 last_check_step=901 surprise_streak=0 distance_mean=0.3236 distance_p90=0.8012 distance_p95=1.114 distance_max=2.563 surprise_support=18
level=1 epoch=444/500 train_effect=0.179476 eval_effect=0.231178 train_vq=0.039018 active_codes=4 ema_used_codes=4 step_counter=4440 last_check_step=901 surprise_streak=0 distance_mean=0.3236 distance_p90=0.8012 distance_p95=1.114 distance_max=2.563 surprise_support=18
level=1 epoch=445/500 train_effect=0.214804 eval_effect=0.157070 train_vq=0.049128 active_codes=4 ema_used_codes=4 step_counter=4450 last_check_step=901 surprise_streak=0 distance_mean=0.3236 distance_p90=0.8012 distance_p95=1.114 distance_max=2.563 surprise_support=18
level=1 epoch=446/500 train_effect=0.160271 eval_effect=0.151708 train_vq=0.039078 active_codes=4 ema_used_codes=4 step_counter=4460 last_check_step=901 surprise_streak=0 distance_mean=0.3236 distance_p90=0.8012 distance_p95=1.114 distance_max=2.563 surprise_support=18
level=1 epoch=447/500 train_effect=0.176071 eval_effect=0.240253 train_vq=0.043997 active_codes=4 ema_used_codes=4 step_counter=4470 last_check_step=901 surprise_streak=0 distance_mean=0.3236 distance_p90=0.8012 distance_p95=1.114 distance_max=2.563 surprise_support=18
level=1 epoch=448/500 train_effect=0.173099 eval_effect=0.152665 train_vq=0.042158 active_codes=4 ema_used_codes=4 step_counter=4480 last_check_step=901 surprise_streak=0 distance_mean=0.3236 distance_p90=0.8012 distance_p95=1.114 distance_max=2.563 surprise_support=18
level=1 epoch=449/500 train_effect=0.162286 eval_effect=0.150833 train_vq=0.044926 active_codes=4 ema_used_codes=4 step_counter=4490 last_check_step=901 surprise_streak=0 distance_mean=0.3236 distance_p90=0.8012 distance_p95=1.114 distance_max=2.563 surprise_support=18
level=1 epoch=450/500 train_effect=0.185951 eval_effect=0.166207 train_vq=0.047695 active_codes=4 ema_used_codes=4 step_counter=4500 last_check_step=901 surprise_streak=0 distance_mean=0.3236 distance_p90=0.8012 distance_p95=1.114 distance_max=2.563 surprise_support=18
level=1 epoch=451/500 train_effect=0.169789 eval_effect=0.152179 train_vq=0.042122 active_codes=4 ema_used_codes=4 step_counter=4510 last_check_step=901 surprise_streak=0 distance_mean=0.3236 distance_p90=0.8012 distance_p95=1.114 distance_max=2.563 surprise_support=18
level=1 epoch=452/500 train_effect=0.159349 eval_effect=0.218880 train_vq=0.040137 active_codes=4 ema_used_codes=4 step_counter=4520 last_check_step=901 surprise_streak=0 distance_mean=0.3236 distance_p90=0.8012 distance_p95=1.114 distance_max=2.563 surprise_support=18
level=1 epoch=453/500 train_effect=0.200174 eval_effect=0.157145 train_vq=0.048817 active_codes=4 ema_used_codes=4 step_counter=4530 last_check_step=901 surprise_streak=0 distance_mean=0.3236 distance_p90=0.8012 distance_p95=1.114 distance_max=2.563 surprise_support=18
level=1 epoch=454/500 train_effect=0.172002 eval_effect=0.154654 train_vq=0.045349 active_codes=4 ema_used_codes=4 step_counter=4540 last_check_step=901 surprise_streak=0 distance_mean=0.3236 distance_p90=0.8012 distance_p95=1.114 distance_max=2.563 surprise_support=18
level=1 epoch=455/500 train_effect=0.174103 eval_effect=0.224219 train_vq=0.047075 active_codes=4 ema_used_codes=4 step_counter=4550 last_check_step=901 surprise_streak=0 distance_mean=0.3236 distance_p90=0.8012 distance_p95=1.114 distance_max=2.563 surprise_support=18
level=1 epoch=456/500 train_effect=0.187648 eval_effect=0.154736 train_vq=0.050927 active_codes=4 ema_used_codes=4 step_counter=4560 last_check_step=901 surprise_streak=0 distance_mean=0.3236 distance_p90=0.8012 distance_p95=1.114 distance_max=2.563 surprise_support=18
level=1 epoch=457/500 train_effect=0.176407 eval_effect=0.152953 train_vq=0.048738 active_codes=4 ema_used_codes=4 step_counter=4570 last_check_step=901 surprise_streak=0 distance_mean=0.3236 distance_p90=0.8012 distance_p95=1.114 distance_max=2.563 surprise_support=18
level=1 epoch=458/500 train_effect=0.167456 eval_effect=0.228302 train_vq=0.043070 active_codes=4 ema_used_codes=4 step_counter=4580 last_check_step=901 surprise_streak=0 distance_mean=0.3236 distance_p90=0.8012 distance_p95=1.114 distance_max=2.563 surprise_support=18
level=1 epoch=459/500 train_effect=0.209154 eval_effect=0.155616 train_vq=0.049047 active_codes=4 ema_used_codes=4 step_counter=4590 last_check_step=901 surprise_streak=0 distance_mean=0.3236 distance_p90=0.8012 distance_p95=1.114 distance_max=2.563 surprise_support=18
level=1 epoch=460/500 train_effect=0.174856 eval_effect=0.152095 train_vq=0.046418 active_codes=4 ema_used_codes=4 step_counter=4600 last_check_step=901 surprise_streak=0 distance_mean=0.3236 distance_p90=0.8012 distance_p95=1.114 distance_max=2.563 surprise_support=18
level=1 epoch=461/500 train_effect=0.182595 eval_effect=0.231872 train_vq=0.045804 active_codes=4 ema_used_codes=4 step_counter=4610 last_check_step=901 surprise_streak=0 distance_mean=0.3236 distance_p90=0.8012 distance_p95=1.114 distance_max=2.563 surprise_support=18
level=1 epoch=462/500 train_effect=0.191273 eval_effect=0.156248 train_vq=0.050185 active_codes=4 ema_used_codes=4 step_counter=4620 last_check_step=901 surprise_streak=0 distance_mean=0.3236 distance_p90=0.8012 distance_p95=1.114 distance_max=2.563 surprise_support=18
level=1 epoch=463/500 train_effect=0.162954 eval_effect=0.166972 train_vq=0.048259 active_codes=4 ema_used_codes=4 step_counter=4630 last_check_step=901 surprise_streak=0 distance_mean=0.3236 distance_p90=0.8012 distance_p95=1.114 distance_max=2.563 surprise_support=18
level=1 epoch=464/500 train_effect=0.181051 eval_effect=0.173883 train_vq=0.046536 active_codes=4 ema_used_codes=4 step_counter=4640 last_check_step=901 surprise_streak=0 distance_mean=0.3236 distance_p90=0.8012 distance_p95=1.114 distance_max=2.563 surprise_support=18
level=1 epoch=465/500 train_effect=0.163172 eval_effect=0.149793 train_vq=0.040943 active_codes=4 ema_used_codes=4 step_counter=4650 last_check_step=901 surprise_streak=0 distance_mean=0.3236 distance_p90=0.8012 distance_p95=1.114 distance_max=2.563 surprise_support=18
level=1 epoch=466/500 train_effect=0.157565 eval_effect=0.209358 train_vq=0.037451 active_codes=4 ema_used_codes=4 step_counter=4660 last_check_step=901 surprise_streak=0 distance_mean=0.3236 distance_p90=0.8012 distance_p95=1.114 distance_max=2.563 surprise_support=18
level=1 epoch=467/500 train_effect=0.177952 eval_effect=0.152875 train_vq=0.042983 active_codes=4 ema_used_codes=4 step_counter=4670 last_check_step=901 surprise_streak=0 distance_mean=0.3236 distance_p90=0.8012 distance_p95=1.114 distance_max=2.563 surprise_support=18
level=1 epoch=468/500 train_effect=0.164821 eval_effect=0.163518 train_vq=0.039043 active_codes=4 ema_used_codes=4 step_counter=4680 last_check_step=901 surprise_streak=0 distance_mean=0.3236 distance_p90=0.8012 distance_p95=1.114 distance_max=2.563 surprise_support=18
level=1 epoch=469/500 train_effect=0.157495 eval_effect=0.202493 train_vq=0.037840 active_codes=4 ema_used_codes=4 step_counter=4690 last_check_step=901 surprise_streak=0 distance_mean=0.3236 distance_p90=0.8012 distance_p95=1.114 distance_max=2.563 surprise_support=18
level=1 epoch=470/500 train_effect=0.192108 eval_effect=0.160380 train_vq=0.044937 active_codes=4 ema_used_codes=4 step_counter=4700 last_check_step=901 surprise_streak=0 distance_mean=0.3236 distance_p90=0.8012 distance_p95=1.114 distance_max=2.563 surprise_support=18
level=1 epoch=471/500 train_effect=0.165087 eval_effect=0.148458 train_vq=0.039161 active_codes=4 ema_used_codes=4 step_counter=4710 last_check_step=901 surprise_streak=0 distance_mean=0.3236 distance_p90=0.8012 distance_p95=1.114 distance_max=2.563 surprise_support=18
level=1 epoch=472/500 train_effect=0.161160 eval_effect=0.162993 train_vq=0.037503 active_codes=4 ema_used_codes=4 step_counter=4720 last_check_step=901 surprise_streak=0 distance_mean=0.3236 distance_p90=0.8012 distance_p95=1.114 distance_max=2.563 surprise_support=18
level=1 epoch=473/500 train_effect=0.162335 eval_effect=0.148557 train_vq=0.037505 active_codes=4 ema_used_codes=4 step_counter=4730 last_check_step=901 surprise_streak=0 distance_mean=0.3236 distance_p90=0.8012 distance_p95=1.114 distance_max=2.563 surprise_support=18
level=1 epoch=474/500 train_effect=0.164616 eval_effect=0.150977 train_vq=0.042339 active_codes=4 ema_used_codes=4 step_counter=4740 last_check_step=901 surprise_streak=0 distance_mean=0.3236 distance_p90=0.8012 distance_p95=1.114 distance_max=2.563 surprise_support=18
/home/kubra/DeepSym/data.py:9: FutureWarning: You are using `torch.load` with `weights_only=False` (the current default value), which uses the default pickle module implicitly. It is possible to construct malicious pickle data which will execute arbitrary code during unpickling (See https://github.com/pytorch/pytorch/blob/main/SECURITY.md#untrusted-models for more details). In a future release, the default value for `weights_only` will be flipped to `True`. This limits the functions that could be executed during unpickling. Arbitrary objects will no longer be allowed to be loaded via this mode unless they are explicitly allowlisted by the user via `torch.serialization.add_safe_globals`. We recommend you start setting `weights_only=True` for any use case where you don't have full control of the loaded file. Please open an issue on GitHub for any issues related to this experimental feature.
  self.observation = torch.load("data/img/obs_prev_z.pt").unsqueeze(1)
/home/kubra/DeepSym/data.py:10: FutureWarning: You are using `torch.load` with `weights_only=False` (the current default value), which uses the default pickle module implicitly. It is possible to construct malicious pickle data which will execute arbitrary code during unpickling (See https://github.com/pytorch/pytorch/blob/main/SECURITY.md#untrusted-models for more details). In a future release, the default value for `weights_only` will be flipped to `True`. This limits the functions that could be executed during unpickling. Arbitrary objects will no longer be allowed to be loaded via this mode unless they are explicitly allowlisted by the user via `torch.serialization.add_safe_globals`. We recommend you start setting `weights_only=True` for any use case where you don't have full control of the loaded file. Please open an issue on GitHub for any issues related to this experimental feature.
  self.action = torch.load("data/img/action.pt")
/home/kubra/DeepSym/data.py:12: FutureWarning: You are using `torch.load` with `weights_only=False` (the current default value), which uses the default pickle module implicitly. It is possible to construct malicious pickle data which will execute arbitrary code during unpickling (See https://github.com/pytorch/pytorch/blob/main/SECURITY.md#untrusted-models for more details). In a future release, the default value for `weights_only` will be flipped to `True`. This limits the functions that could be executed during unpickling. Arbitrary objects will no longer be allowed to be loaded via this mode unless they are explicitly allowlisted by the user via `torch.serialization.add_safe_globals`. We recommend you start setting `weights_only=True` for any use case where you don't have full control of the loaded file. Please open an issue on GitHub for any issues related to this experimental feature.
  self.effect = torch.load("data/img/delta_pix_1.pt")
/home/kubra/DeepSym/models_vq_dynamic.py:109: UserWarning: Deterministic behavior was enabled with either `torch.use_deterministic_algorithms(True)` or `at::Context::setDeterministicAlgorithms(true)`, but this operation is not deterministic because it uses CuBLAS and you have CUDA >= 10.2. To enable deterministic behavior in this case, you must set an environment variable before running your PyTorch application: CUBLAS_WORKSPACE_CONFIG=:4096:8 or CUBLAS_WORKSPACE_CONFIG=:16:8. For more information, go to https://docs.nvidia.com/cuda/cublas/index.html#results-reproducibility (Triggered internally at ../aten/src/ATen/Context.cpp:185.)
  - 2.0 * flat_inputs @ weights.t()
/home/kubra/DeepSym/models_vq_dynamic.py:189: UserWarning: Deterministic behavior was enabled with either `torch.use_deterministic_algorithms(True)` or `at::Context::setDeterministicAlgorithms(true)`, but this operation is not deterministic because it uses CuBLAS and you have CUDA >= 10.2. To enable deterministic behavior in this case, you must set an environment variable before running your PyTorch application: CUBLAS_WORKSPACE_CONFIG=:4096:8 or CUBLAS_WORKSPACE_CONFIG=:16:8. For more information, go to https://docs.nvidia.com/cuda/cublas/index.html#results-reproducibility (Triggered internally at ../aten/src/ATen/Context.cpp:185.)
  quantized = (encodings @ self.embedding.weight[:active]).view_as(inputs)
/home/kubra/DeepSym/models_vq_dynamic.py:194: UserWarning: Deterministic behavior was enabled with either `torch.use_deterministic_algorithms(True)` or `at::Context::setDeterministicAlgorithms(true)`, but this operation is not deterministic because it uses CuBLAS and you have CUDA >= 10.2. To enable deterministic behavior in this case, you must set an environment variable before running your PyTorch application: CUBLAS_WORKSPACE_CONFIG=:4096:8 or CUBLAS_WORKSPACE_CONFIG=:16:8. For more information, go to https://docs.nvidia.com/cuda/cublas/index.html#results-reproducibility (Triggered internally at ../aten/src/ATen/Context.cpp:185.)
  sums = encodings.t() @ flat_inputs
/home/kubra/DeepSym/.venv/lib/python3.8/site-packages/torch/autograd/graph.py:769: UserWarning: Deterministic behavior was enabled with either `torch.use_deterministic_algorithms(True)` or `at::Context::setDeterministicAlgorithms(true)`, but this operation is not deterministic because it uses CuBLAS and you have CUDA >= 10.2. To enable deterministic behavior in this case, you must set an environment variable before running your PyTorch application: CUBLAS_WORKSPACE_CONFIG=:4096:8 or CUBLAS_WORKSPACE_CONFIG=:16:8. For more information, go to https://docs.nvidia.com/cuda/cublas/index.html#results-reproducibility (Triggered internally at ../aten/src/ATen/Context.cpp:185.)
  return Variable._execution_engine.run_backward(  # Calls into the C++ engine to run the backward pass
/home/kubra/DeepSym/models_vq_dynamic.py:368: FutureWarning: You are using `torch.load` with `weights_only=False` (the current default value), which uses the default pickle module implicitly. It is possible to construct malicious pickle data which will execute arbitrary code during unpickling (See https://github.com/pytorch/pytorch/blob/main/SECURITY.md#untrusted-models for more details). In a future release, the default value for `weights_only` will be flipped to `True`. This limits the functions that could be executed during unpickling. Arbitrary objects will no longer be allowed to be loaded via this mode unless they are explicitly allowlisted by the user via `torch.serialization.add_safe_globals`. We recommend you start setting `weights_only=True` for any use case where you don't have full control of the loaded file. Please open an issue on GitHub for any issues related to this experimental feature.
  torch.load(os.path.join(path, f"encoder{level}{ext}.ckpt"), map_location=self.device)
/home/kubra/DeepSym/models_vq_dynamic.py:371: FutureWarning: You are using `torch.load` with `weights_only=False` (the current default value), which uses the default pickle module implicitly. It is possible to construct malicious pickle data which will execute arbitrary code during unpickling (See https://github.com/pytorch/pytorch/blob/main/SECURITY.md#untrusted-models for more details). In a future release, the default value for `weights_only` will be flipped to `True`. This limits the functions that could be executed during unpickling. Arbitrary objects will no longer be allowed to be loaded via this mode unless they are explicitly allowlisted by the user via `torch.serialization.add_safe_globals`. We recommend you start setting `weights_only=True` for any use case where you don't have full control of the loaded file. Please open an issue on GitHub for any issues related to this experimental feature.
  torch.load(os.path.join(path, f"decoder{level}{ext}.ckpt"), map_location=self.device)
level=1 epoch=475/500 train_effect=0.171403 eval_effect=0.170271 train_vq=0.042533 active_codes=4 ema_used_codes=4 step_counter=4750 last_check_step=901 surprise_streak=0 distance_mean=0.3236 distance_p90=0.8012 distance_p95=1.114 distance_max=2.563 surprise_support=18
level=1 epoch=476/500 train_effect=0.170894 eval_effect=0.147607 train_vq=0.043766 active_codes=4 ema_used_codes=4 step_counter=4760 last_check_step=901 surprise_streak=0 distance_mean=0.3236 distance_p90=0.8012 distance_p95=1.114 distance_max=2.563 surprise_support=18
level=1 epoch=477/500 train_effect=0.154678 eval_effect=0.147572 train_vq=0.039509 active_codes=4 ema_used_codes=4 step_counter=4770 last_check_step=901 surprise_streak=0 distance_mean=0.3236 distance_p90=0.8012 distance_p95=1.114 distance_max=2.563 surprise_support=18
level=1 epoch=478/500 train_effect=0.176057 eval_effect=0.204373 train_vq=0.043755 active_codes=4 ema_used_codes=4 step_counter=4780 last_check_step=901 surprise_streak=0 distance_mean=0.3236 distance_p90=0.8012 distance_p95=1.114 distance_max=2.563 surprise_support=18
level=1 epoch=479/500 train_effect=0.176830 eval_effect=0.148833 train_vq=0.044501 active_codes=4 ema_used_codes=4 step_counter=4790 last_check_step=901 surprise_streak=0 distance_mean=0.3236 distance_p90=0.8012 distance_p95=1.114 distance_max=2.563 surprise_support=18
level=1 epoch=480/500 train_effect=0.167654 eval_effect=0.154306 train_vq=0.041424 active_codes=4 ema_used_codes=4 step_counter=4800 last_check_step=901 surprise_streak=0 distance_mean=0.3236 distance_p90=0.8012 distance_p95=1.114 distance_max=2.563 surprise_support=18
level=1 epoch=481/500 train_effect=0.171682 eval_effect=0.165647 train_vq=0.045679 active_codes=4 ema_used_codes=4 step_counter=4810 last_check_step=901 surprise_streak=0 distance_mean=0.3236 distance_p90=0.8012 distance_p95=1.114 distance_max=2.563 surprise_support=18
level=1 epoch=482/500 train_effect=0.164792 eval_effect=0.150362 train_vq=0.045272 active_codes=4 ema_used_codes=4 step_counter=4820 last_check_step=901 surprise_streak=0 distance_mean=0.3236 distance_p90=0.8012 distance_p95=1.114 distance_max=2.563 surprise_support=18
level=1 epoch=483/500 train_effect=0.156277 eval_effect=0.150191 train_vq=0.041979 active_codes=4 ema_used_codes=4 step_counter=4830 last_check_step=901 surprise_streak=0 distance_mean=0.3236 distance_p90=0.8012 distance_p95=1.114 distance_max=2.563 surprise_support=18
level=1 epoch=484/500 train_effect=0.166188 eval_effect=0.155860 train_vq=0.041080 active_codes=4 ema_used_codes=4 step_counter=4840 last_check_step=901 surprise_streak=0 distance_mean=0.3236 distance_p90=0.8012 distance_p95=1.114 distance_max=2.563 surprise_support=18
level=1 epoch=485/500 train_effect=0.187279 eval_effect=0.151211 train_vq=0.043902 active_codes=4 ema_used_codes=4 step_counter=4850 last_check_step=901 surprise_streak=0 distance_mean=0.3236 distance_p90=0.8012 distance_p95=1.114 distance_max=2.563 surprise_support=18
level=1 epoch=486/500 train_effect=0.160945 eval_effect=0.148218 train_vq=0.041691 active_codes=4 ema_used_codes=4 step_counter=4860 last_check_step=901 surprise_streak=0 distance_mean=0.3236 distance_p90=0.8012 distance_p95=1.114 distance_max=2.563 surprise_support=18
level=1 epoch=487/500 train_effect=0.181649 eval_effect=0.179992 train_vq=0.045622 active_codes=4 ema_used_codes=4 step_counter=4870 last_check_step=901 surprise_streak=0 distance_mean=0.3236 distance_p90=0.8012 distance_p95=1.114 distance_max=2.563 surprise_support=18
level=1 epoch=488/500 train_effect=0.160954 eval_effect=0.149570 train_vq=0.041851 active_codes=4 ema_used_codes=4 step_counter=4880 last_check_step=901 surprise_streak=0 distance_mean=0.3236 distance_p90=0.8012 distance_p95=1.114 distance_max=2.563 surprise_support=18
level=1 epoch=489/500 train_effect=0.161320 eval_effect=0.146174 train_vq=0.038706 active_codes=4 ema_used_codes=4 step_counter=4890 last_check_step=901 surprise_streak=0 distance_mean=0.3236 distance_p90=0.8012 distance_p95=1.114 distance_max=2.563 surprise_support=18
level=1 epoch=490/500 train_effect=0.172793 eval_effect=0.214281 train_vq=0.041403 active_codes=4 ema_used_codes=4 step_counter=4900 last_check_step=901 surprise_streak=0 distance_mean=0.3236 distance_p90=0.8012 distance_p95=1.114 distance_max=2.563 surprise_support=18
level=1 epoch=491/500 train_effect=0.190097 eval_effect=0.145828 train_vq=0.043187 active_codes=4 ema_used_codes=4 step_counter=4910 last_check_step=901 surprise_streak=0 distance_mean=0.3236 distance_p90=0.8012 distance_p95=1.114 distance_max=2.563 surprise_support=18
level=1 epoch=492/500 train_effect=0.167050 eval_effect=0.146107 train_vq=0.036102 active_codes=4 ema_used_codes=4 step_counter=4920 last_check_step=901 surprise_streak=0 distance_mean=0.3236 distance_p90=0.8012 distance_p95=1.114 distance_max=2.563 surprise_support=18
level=1 epoch=493/500 train_effect=0.177996 eval_effect=0.178771 train_vq=0.038331 active_codes=4 ema_used_codes=4 step_counter=4930 last_check_step=901 surprise_streak=0 distance_mean=0.3236 distance_p90=0.8012 distance_p95=1.114 distance_max=2.563 surprise_support=18
level=1 epoch=494/500 train_effect=0.168891 eval_effect=0.169879 train_vq=0.042715 active_codes=4 ema_used_codes=4 step_counter=4940 last_check_step=901 surprise_streak=0 distance_mean=0.3236 distance_p90=0.8012 distance_p95=1.114 distance_max=2.563 surprise_support=18
level=1 epoch=495/500 train_effect=0.150672 eval_effect=0.180702 train_vq=0.039072 active_codes=4 ema_used_codes=4 step_counter=4950 last_check_step=901 surprise_streak=0 distance_mean=0.3236 distance_p90=0.8012 distance_p95=1.114 distance_max=2.563 surprise_support=18
level=1 epoch=496/500 train_effect=0.176210 eval_effect=0.154211 train_vq=0.041223 active_codes=4 ema_used_codes=4 step_counter=4960 last_check_step=901 surprise_streak=0 distance_mean=0.3236 distance_p90=0.8012 distance_p95=1.114 distance_max=2.563 surprise_support=18
level=1 epoch=497/500 train_effect=0.150600 eval_effect=0.150234 train_vq=0.035225 active_codes=4 ema_used_codes=4 step_counter=4970 last_check_step=901 surprise_streak=0 distance_mean=0.3236 distance_p90=0.8012 distance_p95=1.114 distance_max=2.563 surprise_support=18
level=1 epoch=498/500 train_effect=0.149605 eval_effect=0.179232 train_vq=0.036797 active_codes=4 ema_used_codes=4 step_counter=4980 last_check_step=901 surprise_streak=0 distance_mean=0.3236 distance_p90=0.8012 distance_p95=1.114 distance_max=2.563 surprise_support=18
level=1 epoch=499/500 train_effect=0.190522 eval_effect=0.155808 train_vq=0.044749 active_codes=4 ema_used_codes=4 step_counter=4990 last_check_step=901 surprise_streak=0 distance_mean=0.3236 distance_p90=0.8012 distance_p95=1.114 distance_max=2.563 surprise_support=18
level=1 epoch=500/500 train_effect=0.156496 eval_effect=0.148000 train_vq=0.039675 active_codes=4 ema_used_codes=4 step_counter=5000 last_check_step=901 surprise_streak=0 distance_mean=0.3236 distance_p90=0.8012 distance_p95=1.114 distance_max=2.563 surprise_support=18
Best level-1 deterministic weighted MSE: 0.14582827

=== dynamic | seed=2 | level=2 | epochs=500 ===
========== ENCODER ==========
Sequential(
  (0): ConvBlock(
    (block): Sequential(
      (0): Conv2d(2, 32, kernel_size=(3, 3), stride=(1, 1), padding=(1, 1))
      (1): BatchNorm2d(32, eps=1e-05, momentum=0.1, affine=True, track_running_stats=True)
      (2): ReLU()
    )
  )
  (1): ConvBlock(
    (block): Sequential(
      (0): Conv2d(32, 32, kernel_size=(3, 3), stride=(2, 2), padding=(1, 1))
      (1): BatchNorm2d(32, eps=1e-05, momentum=0.1, affine=True, track_running_stats=True)
      (2): ReLU()
    )
  )
  (2): ConvBlock(
    (block): Sequential(
      (0): Conv2d(32, 64, kernel_size=(3, 3), stride=(1, 1), padding=(1, 1))
      (1): BatchNorm2d(64, eps=1e-05, momentum=0.1, affine=True, track_running_stats=True)
      (2): ReLU()
    )
  )
  (3): ConvBlock(
    (block): Sequential(
      (0): Conv2d(64, 64, kernel_size=(3, 3), stride=(2, 2), padding=(1, 1))
      (1): BatchNorm2d(64, eps=1e-05, momentum=0.1, affine=True, track_running_stats=True)
      (2): ReLU()
    )
  )
  (4): ConvBlock(
    (block): Sequential(
      (0): Conv2d(64, 128, kernel_size=(3, 3), stride=(1, 1), padding=(1, 1))
      (1): BatchNorm2d(128, eps=1e-05, momentum=0.1, affine=True, track_running_stats=True)
      (2): ReLU()
    )
  )
  (5): ConvBlock(
    (block): Sequential(
      (0): Conv2d(128, 128, kernel_size=(3, 3), stride=(2, 2), padding=(1, 1))
      (1): BatchNorm2d(128, eps=1e-05, momentum=0.1, affine=True, track_running_stats=True)
      (2): ReLU()
    )
  )
  (6): ConvBlock(
    (block): Sequential(
      (0): Conv2d(128, 256, kernel_size=(3, 3), stride=(1, 1), padding=(1, 1))
      (1): BatchNorm2d(256, eps=1e-05, momentum=0.1, affine=True, track_running_stats=True)
      (2): ReLU()
    )
  )
  (7): ConvBlock(
    (block): Sequential(
      (0): Conv2d(256, 256, kernel_size=(3, 3), stride=(2, 2), padding=(1, 1))
      (1): BatchNorm2d(256, eps=1e-05, momentum=0.1, affine=True, track_running_stats=True)
      (2): ReLU()
    )
  )
  (8): Avg(dims=[2, 3])
  (9): MLP(
    (layers): Sequential(
      (0): Linear(in_features=256, out_features=1)
    )
  )
  (10): DynamicEMAVQLayer(
    (embedding): Embedding(2, 1)
  )
)
parameter count: 1174147
=============================
========== DECODER ==========
MLP(
  (layers): Sequential(
    (0): Linear(in_features=5, out_features=128)
    (1): ReLU()
    (2): Linear(in_features=128, out_features=128)
    (3): ReLU()
    (4): Linear(in_features=128, out_features=6)
  )
)
parameter count: 18054
=============================
level=2 epoch=1/500 train_effect=3.388571 eval_effect=3.119705 train_vq=0.017617 active_codes=1 ema_used_codes=1 step_counter=10 last_check_step=0 surprise_streak=0
level=2 epoch=2/500 train_effect=2.942593 eval_effect=2.718304 train_vq=0.028702 active_codes=1 ema_used_codes=1 step_counter=20 last_check_step=0 surprise_streak=0
level=2 epoch=3/500 train_effect=2.582347 eval_effect=2.391574 train_vq=0.036032 active_codes=1 ema_used_codes=1 step_counter=30 last_check_step=0 surprise_streak=0
level=2 epoch=4/500 train_effect=2.272906 eval_effect=2.123922 train_vq=0.045831 active_codes=1 ema_used_codes=1 step_counter=40 last_check_step=0 surprise_streak=0
level=2 epoch=5/500 train_effect=2.025866 eval_effect=1.909484 train_vq=0.053645 active_codes=1 ema_used_codes=1 step_counter=50 last_check_step=0 surprise_streak=0
level=2 epoch=6/500 train_effect=1.832524 eval_effect=1.736137 train_vq=0.046475 active_codes=1 ema_used_codes=1 step_counter=60 last_check_step=0 surprise_streak=0
level=2 epoch=7/500 train_effect=1.677735 eval_effect=1.596962 train_vq=0.051520 active_codes=1 ema_used_codes=1 step_counter=70 last_check_step=0 surprise_streak=0
level=2 epoch=8/500 train_effect=1.553418 eval_effect=1.485421 train_vq=0.040459 active_codes=1 ema_used_codes=1 step_counter=80 last_check_step=0 surprise_streak=0
level=2 epoch=9/500 train_effect=1.446441 eval_effect=1.394374 train_vq=0.049167 active_codes=1 ema_used_codes=1 step_counter=90 last_check_step=0 surprise_streak=0
level=2 epoch=10/500 train_effect=1.364384 eval_effect=1.318986 train_vq=0.036423 active_codes=1 ema_used_codes=1 step_counter=100 last_check_step=0 surprise_streak=0
level=2 epoch=11/500 train_effect=1.292375 eval_effect=1.256197 train_vq=0.035037 active_codes=1 ema_used_codes=1 step_counter=110 last_check_step=0 surprise_streak=0
level=2 epoch=12/500 train_effect=1.234953 eval_effect=1.203599 train_vq=0.034614 active_codes=1 ema_used_codes=1 step_counter=120 last_check_step=0 surprise_streak=0
level=2 epoch=13/500 train_effect=1.186245 eval_effect=1.158843 train_vq=0.038158 active_codes=1 ema_used_codes=1 step_counter=130 last_check_step=0 surprise_streak=0
level=2 epoch=14/500 train_effect=1.144135 eval_effect=1.120605 train_vq=0.033802 active_codes=1 ema_used_codes=1 step_counter=140 last_check_step=0 surprise_streak=0
level=2 epoch=15/500 train_effect=1.108142 eval_effect=1.086848 train_vq=0.038317 active_codes=1 ema_used_codes=1 step_counter=150 last_check_step=0 surprise_streak=0
level=2 epoch=16/500 train_effect=1.076633 eval_effect=1.057586 train_vq=0.030681 active_codes=1 ema_used_codes=1 step_counter=160 last_check_step=0 surprise_streak=0
level=2 epoch=17/500 train_effect=1.049089 eval_effect=1.032381 train_vq=0.031016 active_codes=1 ema_used_codes=1 step_counter=170 last_check_step=0 surprise_streak=0
level=2 epoch=18/500 train_effect=1.024872 eval_effect=1.009933 train_vq=0.029619 active_codes=1 ema_used_codes=1 step_counter=180 last_check_step=0 surprise_streak=0
level=2 epoch=19/500 train_effect=1.005503 eval_effect=0.990294 train_vq=0.025109 active_codes=1 ema_used_codes=1 step_counter=190 last_check_step=0 surprise_streak=0
level=2 epoch=20/500 train_effect=0.988619 eval_effect=0.972995 train_vq=0.028583 active_codes=1 ema_used_codes=1 step_counter=200 last_check_step=0 surprise_streak=0
level=2 epoch=21/500 train_effect=0.970508 eval_effect=0.957259 train_vq=0.024140 active_codes=1 ema_used_codes=1 step_counter=210 last_check_step=201 surprise_streak=0 distance_mean=0.09975 distance_p90=0.2465 distance_p95=0.3332 distance_max=1.736 surprise_support=2
level=2 epoch=22/500 train_effect=0.952267 eval_effect=0.943228 train_vq=0.025974 active_codes=1 ema_used_codes=1 step_counter=220 last_check_step=201 surprise_streak=0 distance_mean=0.09975 distance_p90=0.2465 distance_p95=0.3332 distance_max=1.736 surprise_support=2
level=2 epoch=23/500 train_effect=0.942369 eval_effect=0.930704 train_vq=0.024774 active_codes=1 ema_used_codes=1 step_counter=230 last_check_step=201 surprise_streak=0 distance_mean=0.09975 distance_p90=0.2465 distance_p95=0.3332 distance_max=1.736 surprise_support=2
level=2 epoch=24/500 train_effect=0.930872 eval_effect=0.919468 train_vq=0.022324 active_codes=1 ema_used_codes=1 step_counter=240 last_check_step=201 surprise_streak=0 distance_mean=0.09975 distance_p90=0.2465 distance_p95=0.3332 distance_max=1.736 surprise_support=2
level=2 epoch=25/500 train_effect=0.922166 eval_effect=0.909436 train_vq=0.022987 active_codes=1 ema_used_codes=1 step_counter=250 last_check_step=201 surprise_streak=0 distance_mean=0.09975 distance_p90=0.2465 distance_p95=0.3332 distance_max=1.736 surprise_support=2
level=2 epoch=26/500 train_effect=0.908556 eval_effect=0.900180 train_vq=0.028418 active_codes=1 ema_used_codes=1 step_counter=260 last_check_step=201 surprise_streak=0 distance_mean=0.09975 distance_p90=0.2465 distance_p95=0.3332 distance_max=1.736 surprise_support=2
level=2 epoch=27/500 train_effect=0.901361 eval_effect=0.891880 train_vq=0.025324 active_codes=1 ema_used_codes=1 step_counter=270 last_check_step=201 surprise_streak=0 distance_mean=0.09975 distance_p90=0.2465 distance_p95=0.3332 distance_max=1.736 surprise_support=2
level=2 epoch=28/500 train_effect=0.897885 eval_effect=0.884381 train_vq=0.024690 active_codes=1 ema_used_codes=1 step_counter=280 last_check_step=201 surprise_streak=0 distance_mean=0.09975 distance_p90=0.2465 distance_p95=0.3332 distance_max=1.736 surprise_support=2
level=2 epoch=29/500 train_effect=0.885861 eval_effect=0.877560 train_vq=0.020582 active_codes=1 ema_used_codes=1 step_counter=290 last_check_step=201 surprise_streak=0 distance_mean=0.09975 distance_p90=0.2465 distance_p95=0.3332 distance_max=1.736 surprise_support=2
level=2 epoch=30/500 train_effect=0.882130 eval_effect=0.871292 train_vq=0.020280 active_codes=1 ema_used_codes=1 step_counter=300 last_check_step=201 surprise_streak=0 distance_mean=0.09975 distance_p90=0.2465 distance_p95=0.3332 distance_max=1.736 surprise_support=2
level=2 epoch=31/500 train_effect=0.879351 eval_effect=0.865514 train_vq=0.025436 active_codes=1 ema_used_codes=1 step_counter=310 last_check_step=301 surprise_streak=0 distance_mean=0.08899 distance_p90=0.2133 distance_p95=0.3412 distance_max=2.183 surprise_support=2
level=2 epoch=32/500 train_effect=0.865880 eval_effect=0.860113 train_vq=0.021280 active_codes=1 ema_used_codes=1 step_counter=320 last_check_step=301 surprise_streak=0 distance_mean=0.08899 distance_p90=0.2133 distance_p95=0.3412 distance_max=2.183 surprise_support=2
level=2 epoch=33/500 train_effect=0.864721 eval_effect=0.855175 train_vq=0.020211 active_codes=1 ema_used_codes=1 step_counter=330 last_check_step=301 surprise_streak=0 distance_mean=0.08899 distance_p90=0.2133 distance_p95=0.3412 distance_max=2.183 surprise_support=2
level=2 epoch=34/500 train_effect=0.859281 eval_effect=0.850425 train_vq=0.025223 active_codes=1 ema_used_codes=1 step_counter=340 last_check_step=301 surprise_streak=0 distance_mean=0.08899 distance_p90=0.2133 distance_p95=0.3412 distance_max=2.183 surprise_support=2
level=2 epoch=35/500 train_effect=0.854696 eval_effect=0.846278 train_vq=0.019752 active_codes=1 ema_used_codes=1 step_counter=350 last_check_step=301 surprise_streak=0 distance_mean=0.08899 distance_p90=0.2133 distance_p95=0.3412 distance_max=2.183 surprise_support=2
level=2 epoch=36/500 train_effect=0.849933 eval_effect=0.842181 train_vq=0.021341 active_codes=1 ema_used_codes=1 step_counter=360 last_check_step=301 surprise_streak=0 distance_mean=0.08899 distance_p90=0.2133 distance_p95=0.3412 distance_max=2.183 surprise_support=2
level=2 epoch=37/500 train_effect=0.849234 eval_effect=0.838440 train_vq=0.020731 active_codes=1 ema_used_codes=1 step_counter=370 last_check_step=301 surprise_streak=0 distance_mean=0.08899 distance_p90=0.2133 distance_p95=0.3412 distance_max=2.183 surprise_support=2
level=2 epoch=38/500 train_effect=0.842435 eval_effect=0.834898 train_vq=0.018841 active_codes=1 ema_used_codes=1 step_counter=380 last_check_step=301 surprise_streak=0 distance_mean=0.08899 distance_p90=0.2133 distance_p95=0.3412 distance_max=2.183 surprise_support=2
level=2 epoch=39/500 train_effect=0.841599 eval_effect=0.831618 train_vq=0.018634 active_codes=1 ema_used_codes=1 step_counter=390 last_check_step=301 surprise_streak=0 distance_mean=0.08899 distance_p90=0.2133 distance_p95=0.3412 distance_max=2.183 surprise_support=2
level=2 epoch=40/500 train_effect=0.834537 eval_effect=0.828515 train_vq=0.020484 active_codes=1 ema_used_codes=1 step_counter=400 last_check_step=301 surprise_streak=0 distance_mean=0.08899 distance_p90=0.2133 distance_p95=0.3412 distance_max=2.183 surprise_support=2
level=2 epoch=41/500 train_effect=0.833249 eval_effect=0.825546 train_vq=0.021201 active_codes=1 ema_used_codes=1 step_counter=410 last_check_step=401 surprise_streak=0 distance_mean=0.07457 distance_p90=0.1904 distance_p95=0.3027 distance_max=0.8489 surprise_support=0
level=2 epoch=42/500 train_effect=0.831273 eval_effect=0.822544 train_vq=0.021643 active_codes=1 ema_used_codes=1 step_counter=420 last_check_step=401 surprise_streak=0 distance_mean=0.07457 distance_p90=0.1904 distance_p95=0.3027 distance_max=0.8489 surprise_support=0
level=2 epoch=43/500 train_effect=0.830728 eval_effect=0.819767 train_vq=0.024122 active_codes=1 ema_used_codes=1 step_counter=430 last_check_step=401 surprise_streak=0 distance_mean=0.07457 distance_p90=0.1904 distance_p95=0.3027 distance_max=0.8489 surprise_support=0
level=2 epoch=44/500 train_effect=0.824193 eval_effect=0.817102 train_vq=0.018531 active_codes=1 ema_used_codes=1 step_counter=440 last_check_step=401 surprise_streak=0 distance_mean=0.07457 distance_p90=0.1904 distance_p95=0.3027 distance_max=0.8489 surprise_support=0
level=2 epoch=45/500 train_effect=0.820624 eval_effect=0.814488 train_vq=0.021281 active_codes=1 ema_used_codes=1 step_counter=450 last_check_step=401 surprise_streak=0 distance_mean=0.07457 distance_p90=0.1904 distance_p95=0.3027 distance_max=0.8489 surprise_support=0
level=2 epoch=46/500 train_effect=0.820203 eval_effect=0.812137 train_vq=0.019422 active_codes=1 ema_used_codes=1 step_counter=460 last_check_step=401 surprise_streak=0 distance_mean=0.07457 distance_p90=0.1904 distance_p95=0.3027 distance_max=0.8489 surprise_support=0
level=2 epoch=47/500 train_effect=0.817751 eval_effect=0.809709 train_vq=0.024529 active_codes=1 ema_used_codes=1 step_counter=470 last_check_step=401 surprise_streak=0 distance_mean=0.07457 distance_p90=0.1904 distance_p95=0.3027 distance_max=0.8489 surprise_support=0
level=2 epoch=48/500 train_effect=0.813831 eval_effect=0.807413 train_vq=0.025416 active_codes=1 ema_used_codes=1 step_counter=480 last_check_step=401 surprise_streak=0 distance_mean=0.07457 distance_p90=0.1904 distance_p95=0.3027 distance_max=0.8489 surprise_support=0
level=2 epoch=49/500 train_effect=0.815146 eval_effect=0.805198 train_vq=0.021799 active_codes=1 ema_used_codes=1 step_counter=490 last_check_step=401 surprise_streak=0 distance_mean=0.07457 distance_p90=0.1904 distance_p95=0.3027 distance_max=0.8489 surprise_support=0
level=2 epoch=50/500 train_effect=0.811734 eval_effect=0.803104 train_vq=0.027060 active_codes=1 ema_used_codes=1 step_counter=500 last_check_step=401 surprise_streak=0 distance_mean=0.07457 distance_p90=0.1904 distance_p95=0.3027 distance_max=0.8489 surprise_support=0
level=2 epoch=51/500 train_effect=0.808527 eval_effect=0.801073 train_vq=0.023480 active_codes=1 ema_used_codes=1 step_counter=510 last_check_step=501 surprise_streak=0 distance_mean=0.07047 distance_p90=0.1935 distance_p95=0.2426 distance_max=0.6977 surprise_support=0
level=2 epoch=52/500 train_effect=0.805637 eval_effect=0.799233 train_vq=0.024953 active_codes=1 ema_used_codes=1 step_counter=520 last_check_step=501 surprise_streak=0 distance_mean=0.07047 distance_p90=0.1935 distance_p95=0.2426 distance_max=0.6977 surprise_support=0
level=2 epoch=53/500 train_effect=0.803847 eval_effect=0.797358 train_vq=0.021596 active_codes=1 ema_used_codes=1 step_counter=530 last_check_step=501 surprise_streak=0 distance_mean=0.07047 distance_p90=0.1935 distance_p95=0.2426 distance_max=0.6977 surprise_support=0
level=2 epoch=54/500 train_effect=0.805151 eval_effect=0.795451 train_vq=0.024913 active_codes=1 ema_used_codes=1 step_counter=540 last_check_step=501 surprise_streak=0 distance_mean=0.07047 distance_p90=0.1935 distance_p95=0.2426 distance_max=0.6977 surprise_support=0
level=2 epoch=55/500 train_effect=0.806475 eval_effect=0.793668 train_vq=0.024014 active_codes=1 ema_used_codes=1 step_counter=550 last_check_step=501 surprise_streak=0 distance_mean=0.07047 distance_p90=0.1935 distance_p95=0.2426 distance_max=0.6977 surprise_support=0
level=2 epoch=56/500 train_effect=0.800712 eval_effect=0.791994 train_vq=0.026424 active_codes=1 ema_used_codes=1 step_counter=560 last_check_step=501 surprise_streak=0 distance_mean=0.07047 distance_p90=0.1935 distance_p95=0.2426 distance_max=0.6977 surprise_support=0
level=2 epoch=57/500 train_effect=0.794663 eval_effect=0.790316 train_vq=0.023713 active_codes=1 ema_used_codes=1 step_counter=570 last_check_step=501 surprise_streak=0 distance_mean=0.07047 distance_p90=0.1935 distance_p95=0.2426 distance_max=0.6977 surprise_support=0
level=2 epoch=58/500 train_effect=0.794686 eval_effect=0.788594 train_vq=0.025932 active_codes=1 ema_used_codes=1 step_counter=580 last_check_step=501 surprise_streak=0 distance_mean=0.07047 distance_p90=0.1935 distance_p95=0.2426 distance_max=0.6977 surprise_support=0
level=2 epoch=59/500 train_effect=0.793746 eval_effect=0.787097 train_vq=0.026549 active_codes=1 ema_used_codes=1 step_counter=590 last_check_step=501 surprise_streak=0 distance_mean=0.07047 distance_p90=0.1935 distance_p95=0.2426 distance_max=0.6977 surprise_support=0
level=2 epoch=60/500 train_effect=0.797722 eval_effect=0.785528 train_vq=0.030970 active_codes=1 ema_used_codes=1 step_counter=600 last_check_step=501 surprise_streak=0 distance_mean=0.07047 distance_p90=0.1935 distance_p95=0.2426 distance_max=0.6977 surprise_support=0
level=2 epoch=61/500 train_effect=0.788412 eval_effect=0.783998 train_vq=0.021690 active_codes=1 ema_used_codes=1 step_counter=610 last_check_step=601 surprise_streak=0 distance_mean=0.09988 distance_p90=0.2679 distance_p95=0.3513 distance_max=1.291 surprise_support=1
level=2 epoch=62/500 train_effect=0.790293 eval_effect=0.782769 train_vq=0.031633 active_codes=1 ema_used_codes=1 step_counter=620 last_check_step=601 surprise_streak=0 distance_mean=0.09988 distance_p90=0.2679 distance_p95=0.3513 distance_max=1.291 surprise_support=1
level=2 epoch=63/500 train_effect=0.788052 eval_effect=0.781335 train_vq=0.027223 active_codes=1 ema_used_codes=1 step_counter=630 last_check_step=601 surprise_streak=0 distance_mean=0.09988 distance_p90=0.2679 distance_p95=0.3513 distance_max=1.291 surprise_support=1
level=2 epoch=64/500 train_effect=0.788486 eval_effect=0.779973 train_vq=0.024211 active_codes=1 ema_used_codes=1 step_counter=640 last_check_step=601 surprise_streak=0 distance_mean=0.09988 distance_p90=0.2679 distance_p95=0.3513 distance_max=1.291 surprise_support=1
level=2 epoch=65/500 train_effect=0.787591 eval_effect=0.778897 train_vq=0.035414 active_codes=1 ema_used_codes=1 step_counter=650 last_check_step=601 surprise_streak=0 distance_mean=0.09988 distance_p90=0.2679 distance_p95=0.3513 distance_max=1.291 surprise_support=1
level=2 epoch=66/500 train_effect=0.789090 eval_effect=0.777468 train_vq=0.020539 active_codes=1 ema_used_codes=1 step_counter=660 last_check_step=601 surprise_streak=0 distance_mean=0.09988 distance_p90=0.2679 distance_p95=0.3513 distance_max=1.291 surprise_support=1
level=2 epoch=67/500 train_effect=0.780625 eval_effect=0.776432 train_vq=0.025976 active_codes=1 ema_used_codes=1 step_counter=670 last_check_step=601 surprise_streak=0 distance_mean=0.09988 distance_p90=0.2679 distance_p95=0.3513 distance_max=1.291 surprise_support=1
level=2 epoch=68/500 train_effect=0.786330 eval_effect=0.775119 train_vq=0.028928 active_codes=1 ema_used_codes=1 step_counter=680 last_check_step=601 surprise_streak=0 distance_mean=0.09988 distance_p90=0.2679 distance_p95=0.3513 distance_max=1.291 surprise_support=1
level=2 epoch=69/500 train_effect=0.780246 eval_effect=0.773788 train_vq=0.026652 active_codes=1 ema_used_codes=1 step_counter=690 last_check_step=601 surprise_streak=0 distance_mean=0.09988 distance_p90=0.2679 distance_p95=0.3513 distance_max=1.291 surprise_support=1
level=2 epoch=70/500 train_effect=0.779620 eval_effect=0.772778 train_vq=0.029646 active_codes=1 ema_used_codes=1 step_counter=700 last_check_step=601 surprise_streak=0 distance_mean=0.09988 distance_p90=0.2679 distance_p95=0.3513 distance_max=1.291 surprise_support=1
level=2 epoch=71/500 train_effect=0.781948 eval_effect=0.771640 train_vq=0.031804 active_codes=1 ema_used_codes=1 step_counter=710 last_check_step=701 surprise_streak=0 distance_mean=0.1231 distance_p90=0.2753 distance_p95=0.4357 distance_max=1.364 surprise_support=3
level=2 epoch=72/500 train_effect=0.777639 eval_effect=0.770494 train_vq=0.025389 active_codes=1 ema_used_codes=1 step_counter=720 last_check_step=701 surprise_streak=0 distance_mean=0.1231 distance_p90=0.2753 distance_p95=0.4357 distance_max=1.364 surprise_support=3
level=2 epoch=73/500 train_effect=0.778902 eval_effect=0.769424 train_vq=0.031688 active_codes=1 ema_used_codes=1 step_counter=730 last_check_step=701 surprise_streak=0 distance_mean=0.1231 distance_p90=0.2753 distance_p95=0.4357 distance_max=1.364 surprise_support=3
level=2 epoch=74/500 train_effect=0.772554 eval_effect=0.768424 train_vq=0.028976 active_codes=1 ema_used_codes=1 step_counter=740 last_check_step=701 surprise_streak=0 distance_mean=0.1231 distance_p90=0.2753 distance_p95=0.4357 distance_max=1.364 surprise_support=3
level=2 epoch=75/500 train_effect=0.773098 eval_effect=0.767641 train_vq=0.025268 active_codes=1 ema_used_codes=1 step_counter=750 last_check_step=701 surprise_streak=0 distance_mean=0.1231 distance_p90=0.2753 distance_p95=0.4357 distance_max=1.364 surprise_support=3
level=2 epoch=76/500 train_effect=0.771411 eval_effect=0.766544 train_vq=0.030921 active_codes=1 ema_used_codes=1 step_counter=760 last_check_step=701 surprise_streak=0 distance_mean=0.1231 distance_p90=0.2753 distance_p95=0.4357 distance_max=1.364 surprise_support=3
level=2 epoch=77/500 train_effect=0.773278 eval_effect=0.765710 train_vq=0.026605 active_codes=1 ema_used_codes=1 step_counter=770 last_check_step=701 surprise_streak=0 distance_mean=0.1231 distance_p90=0.2753 distance_p95=0.4357 distance_max=1.364 surprise_support=3
level=2 epoch=78/500 train_effect=0.768850 eval_effect=0.764804 train_vq=0.029424 active_codes=1 ema_used_codes=1 step_counter=780 last_check_step=701 surprise_streak=0 distance_mean=0.1231 distance_p90=0.2753 distance_p95=0.4357 distance_max=1.364 surprise_support=3
level=2 epoch=79/500 train_effect=0.771944 eval_effect=0.763990 train_vq=0.028881 active_codes=1 ema_used_codes=1 step_counter=790 last_check_step=701 surprise_streak=0 distance_mean=0.1231 distance_p90=0.2753 distance_p95=0.4357 distance_max=1.364 surprise_support=3
level=2 epoch=80/500 train_effect=0.772595 eval_effect=0.763047 train_vq=0.031959 active_codes=1 ema_used_codes=1 step_counter=800 last_check_step=701 surprise_streak=0 distance_mean=0.1231 distance_p90=0.2753 distance_p95=0.4357 distance_max=1.364 surprise_support=3
level=2 epoch=81/500 train_effect=0.772213 eval_effect=0.762400 train_vq=0.032248 active_codes=1 ema_used_codes=1 step_counter=810 last_check_step=801 surprise_streak=0 distance_mean=0.1028 distance_p90=0.2892 distance_p95=0.4051 distance_max=1.11 surprise_support=2
level=2 epoch=82/500 train_effect=0.779211 eval_effect=0.761500 train_vq=0.030994 active_codes=1 ema_used_codes=1 step_counter=820 last_check_step=801 surprise_streak=0 distance_mean=0.1028 distance_p90=0.2892 distance_p95=0.4051 distance_max=1.11 surprise_support=2
level=2 epoch=83/500 train_effect=0.770816 eval_effect=0.760700 train_vq=0.031629 active_codes=1 ema_used_codes=1 step_counter=830 last_check_step=801 surprise_streak=0 distance_mean=0.1028 distance_p90=0.2892 distance_p95=0.4051 distance_max=1.11 surprise_support=2
level=2 epoch=84/500 train_effect=0.769736 eval_effect=0.760292 train_vq=0.035033 active_codes=1 ema_used_codes=1 step_counter=840 last_check_step=801 surprise_streak=0 distance_mean=0.1028 distance_p90=0.2892 distance_p95=0.4051 distance_max=1.11 surprise_support=2
level=2 epoch=85/500 train_effect=0.770215 eval_effect=0.759297 train_vq=0.035733 active_codes=1 ema_used_codes=1 step_counter=850 last_check_step=801 surprise_streak=0 distance_mean=0.1028 distance_p90=0.2892 distance_p95=0.4051 distance_max=1.11 surprise_support=2
level=2 epoch=86/500 train_effect=0.762698 eval_effect=0.758513 train_vq=0.030889 active_codes=1 ema_used_codes=1 step_counter=860 last_check_step=801 surprise_streak=0 distance_mean=0.1028 distance_p90=0.2892 distance_p95=0.4051 distance_max=1.11 surprise_support=2
level=2 epoch=87/500 train_effect=0.761573 eval_effect=0.757752 train_vq=0.036792 active_codes=1 ema_used_codes=1 step_counter=870 last_check_step=801 surprise_streak=0 distance_mean=0.1028 distance_p90=0.2892 distance_p95=0.4051 distance_max=1.11 surprise_support=2
level=2 epoch=88/500 train_effect=0.768413 eval_effect=0.757169 train_vq=0.035109 active_codes=1 ema_used_codes=1 step_counter=880 last_check_step=801 surprise_streak=0 distance_mean=0.1028 distance_p90=0.2892 distance_p95=0.4051 distance_max=1.11 surprise_support=2
level=2 epoch=89/500 train_effect=0.760363 eval_effect=0.756388 train_vq=0.040801 active_codes=1 ema_used_codes=1 step_counter=890 last_check_step=801 surprise_streak=0 distance_mean=0.1028 distance_p90=0.2892 distance_p95=0.4051 distance_max=1.11 surprise_support=2
level=2 epoch=90/500 train_effect=0.760325 eval_effect=0.755790 train_vq=0.037333 active_codes=1 ema_used_codes=1 step_counter=900 last_check_step=801 surprise_streak=0 distance_mean=0.1028 distance_p90=0.2892 distance_p95=0.4051 distance_max=1.11 surprise_support=2
level=2 epoch=91/500 train_effect=0.766566 eval_effect=0.755061 train_vq=0.035987 active_codes=1 ema_used_codes=1 step_counter=910 last_check_step=901 surprise_streak=0 distance_mean=0.1573 distance_p90=0.4201 distance_p95=0.6676 distance_max=3.028 surprise_support=7
level=2 epoch=92/500 train_effect=0.761085 eval_effect=0.754463 train_vq=0.042288 active_codes=1 ema_used_codes=1 step_counter=920 last_check_step=901 surprise_streak=0 distance_mean=0.1573 distance_p90=0.4201 distance_p95=0.6676 distance_max=3.028 surprise_support=7
level=2 epoch=93/500 train_effect=0.762243 eval_effect=0.753730 train_vq=0.042069 active_codes=1 ema_used_codes=1 step_counter=930 last_check_step=901 surprise_streak=0 distance_mean=0.1573 distance_p90=0.4201 distance_p95=0.6676 distance_max=3.028 surprise_support=7
level=2 epoch=94/500 train_effect=0.763591 eval_effect=0.753150 train_vq=0.040720 active_codes=1 ema_used_codes=1 step_counter=940 last_check_step=901 surprise_streak=0 distance_mean=0.1573 distance_p90=0.4201 distance_p95=0.6676 distance_max=3.028 surprise_support=7
level=2 epoch=95/500 train_effect=0.761038 eval_effect=0.752446 train_vq=0.041163 active_codes=1 ema_used_codes=1 step_counter=950 last_check_step=901 surprise_streak=0 distance_mean=0.1573 distance_p90=0.4201 distance_p95=0.6676 distance_max=3.028 surprise_support=7
level=2 epoch=96/500 train_effect=0.761828 eval_effect=0.751905 train_vq=0.045224 active_codes=1 ema_used_codes=1 step_counter=960 last_check_step=901 surprise_streak=0 distance_mean=0.1573 distance_p90=0.4201 distance_p95=0.6676 distance_max=3.028 surprise_support=7
level=2 epoch=97/500 train_effect=0.768083 eval_effect=0.751652 train_vq=0.038109 active_codes=1 ema_used_codes=1 step_counter=970 last_check_step=901 surprise_streak=0 distance_mean=0.1573 distance_p90=0.4201 distance_p95=0.6676 distance_max=3.028 surprise_support=7
level=2 epoch=98/500 train_effect=0.762022 eval_effect=0.751296 train_vq=0.043841 active_codes=1 ema_used_codes=1 step_counter=980 last_check_step=901 surprise_streak=0 distance_mean=0.1573 distance_p90=0.4201 distance_p95=0.6676 distance_max=3.028 surprise_support=7
level=2 epoch=99/500 train_effect=0.757933 eval_effect=0.750334 train_vq=0.042195 active_codes=1 ema_used_codes=1 step_counter=990 last_check_step=901 surprise_streak=0 distance_mean=0.1573 distance_p90=0.4201 distance_p95=0.6676 distance_max=3.028 surprise_support=7
level=2 epoch=100/500 train_effect=0.757619 eval_effect=0.749651 train_vq=0.049613 active_codes=1 ema_used_codes=1 step_counter=1000 last_check_step=901 surprise_streak=0 distance_mean=0.1573 distance_p90=0.4201 distance_p95=0.6676 distance_max=3.028 surprise_support=7
level=2 epoch=101/500 train_effect=0.753633 eval_effect=0.749123 train_vq=0.047844 active_codes=1 ema_used_codes=1 step_counter=1010 last_check_step=1001 surprise_streak=0 distance_mean=0.176 distance_p90=0.3783 distance_p95=0.7286 distance_max=2.1 surprise_support=8
level=2 epoch=102/500 train_effect=0.756912 eval_effect=0.748563 train_vq=0.044964 active_codes=1 ema_used_codes=1 step_counter=1020 last_check_step=1001 surprise_streak=0 distance_mean=0.176 distance_p90=0.3783 distance_p95=0.7286 distance_max=2.1 surprise_support=8
level=2 epoch=103/500 train_effect=0.762803 eval_effect=0.748089 train_vq=0.046924 active_codes=1 ema_used_codes=1 step_counter=1030 last_check_step=1001 surprise_streak=0 distance_mean=0.176 distance_p90=0.3783 distance_p95=0.7286 distance_max=2.1 surprise_support=8
level=2 epoch=104/500 train_effect=0.756696 eval_effect=0.747650 train_vq=0.043574 active_codes=1 ema_used_codes=1 step_counter=1040 last_check_step=1001 surprise_streak=0 distance_mean=0.176 distance_p90=0.3783 distance_p95=0.7286 distance_max=2.1 surprise_support=8
level=2 epoch=105/500 train_effect=0.754150 eval_effect=0.747214 train_vq=0.049801 active_codes=1 ema_used_codes=1 step_counter=1050 last_check_step=1001 surprise_streak=0 distance_mean=0.176 distance_p90=0.3783 distance_p95=0.7286 distance_max=2.1 surprise_support=8
level=2 epoch=106/500 train_effect=0.756188 eval_effect=0.746774 train_vq=0.055549 active_codes=1 ema_used_codes=1 step_counter=1060 last_check_step=1001 surprise_streak=0 distance_mean=0.176 distance_p90=0.3783 distance_p95=0.7286 distance_max=2.1 surprise_support=8
level=2 epoch=107/500 train_effect=0.756955 eval_effect=0.746308 train_vq=0.046146 active_codes=1 ema_used_codes=1 step_counter=1070 last_check_step=1001 surprise_streak=0 distance_mean=0.176 distance_p90=0.3783 distance_p95=0.7286 distance_max=2.1 surprise_support=8
level=2 epoch=108/500 train_effect=0.758250 eval_effect=0.746045 train_vq=0.052825 active_codes=1 ema_used_codes=1 step_counter=1080 last_check_step=1001 surprise_streak=0 distance_mean=0.176 distance_p90=0.3783 distance_p95=0.7286 distance_max=2.1 surprise_support=8
level=2 epoch=109/500 train_effect=0.758144 eval_effect=0.745554 train_vq=0.052780 active_codes=1 ema_used_codes=1 step_counter=1090 last_check_step=1001 surprise_streak=0 distance_mean=0.176 distance_p90=0.3783 distance_p95=0.7286 distance_max=2.1 surprise_support=8
level=2 epoch=110/500 train_effect=0.760119 eval_effect=0.745177 train_vq=0.050756 active_codes=1 ema_used_codes=1 step_counter=1100 last_check_step=1001 surprise_streak=0 distance_mean=0.176 distance_p90=0.3783 distance_p95=0.7286 distance_max=2.1 surprise_support=8
level=2 epoch=111/500 train_effect=0.751985 eval_effect=0.744774 train_vq=0.055889 active_codes=1 ema_used_codes=1 step_counter=1110 last_check_step=1101 surprise_streak=0 distance_mean=0.2032 distance_p90=0.5119 distance_p95=0.9471 distance_max=2.326 surprise_support=12
level=2 epoch=112/500 train_effect=0.754426 eval_effect=0.744407 train_vq=0.053002 active_codes=1 ema_used_codes=1 step_counter=1120 last_check_step=1101 surprise_streak=0 distance_mean=0.2032 distance_p90=0.5119 distance_p95=0.9471 distance_max=2.326 surprise_support=12
level=2 epoch=113/500 train_effect=0.751554 eval_effect=0.743991 train_vq=0.050240 active_codes=1 ema_used_codes=1 step_counter=1130 last_check_step=1101 surprise_streak=0 distance_mean=0.2032 distance_p90=0.5119 distance_p95=0.9471 distance_max=2.326 surprise_support=12
level=2 epoch=114/500 train_effect=0.749613 eval_effect=0.743628 train_vq=0.056513 active_codes=1 ema_used_codes=1 step_counter=1140 last_check_step=1101 surprise_streak=0 distance_mean=0.2032 distance_p90=0.5119 distance_p95=0.9471 distance_max=2.326 surprise_support=12
level=2 epoch=115/500 train_effect=0.756495 eval_effect=0.743233 train_vq=0.049126 active_codes=1 ema_used_codes=1 step_counter=1150 last_check_step=1101 surprise_streak=0 distance_mean=0.2032 distance_p90=0.5119 distance_p95=0.9471 distance_max=2.326 surprise_support=12
level=2 epoch=116/500 train_effect=0.745732 eval_effect=0.742911 train_vq=0.058761 active_codes=1 ema_used_codes=1 step_counter=1160 last_check_step=1101 surprise_streak=0 distance_mean=0.2032 distance_p90=0.5119 distance_p95=0.9471 distance_max=2.326 surprise_support=12
level=2 epoch=117/500 train_effect=0.747753 eval_effect=0.742647 train_vq=0.049175 active_codes=1 ema_used_codes=1 step_counter=1170 last_check_step=1101 surprise_streak=0 distance_mean=0.2032 distance_p90=0.5119 distance_p95=0.9471 distance_max=2.326 surprise_support=12
level=2 epoch=118/500 train_effect=0.746126 eval_effect=0.742239 train_vq=0.053161 active_codes=1 ema_used_codes=1 step_counter=1180 last_check_step=1101 surprise_streak=0 distance_mean=0.2032 distance_p90=0.5119 distance_p95=0.9471 distance_max=2.326 surprise_support=12
level=2 epoch=119/500 train_effect=0.747204 eval_effect=0.741955 train_vq=0.054132 active_codes=1 ema_used_codes=1 step_counter=1190 last_check_step=1101 surprise_streak=0 distance_mean=0.2032 distance_p90=0.5119 distance_p95=0.9471 distance_max=2.326 surprise_support=12
level=2 epoch=120/500 train_effect=0.747891 eval_effect=0.741608 train_vq=0.053414 active_codes=1 ema_used_codes=1 step_counter=1200 last_check_step=1101 surprise_streak=0 distance_mean=0.2032 distance_p90=0.5119 distance_p95=0.9471 distance_max=2.326 surprise_support=12
level=2 epoch=121/500 train_effect=0.743531 eval_effect=0.741173 train_vq=0.057407 active_codes=1 ema_used_codes=1 step_counter=1210 last_check_step=1201 surprise_streak=1 distance_mean=0.2467 distance_p90=0.5904 distance_p95=1.089 distance_max=3.509 surprise_support=16
level=2 epoch=122/500 train_effect=0.754257 eval_effect=0.740843 train_vq=0.058962 active_codes=1 ema_used_codes=1 step_counter=1220 last_check_step=1201 surprise_streak=1 distance_mean=0.2467 distance_p90=0.5904 distance_p95=1.089 distance_max=3.509 surprise_support=16
level=2 epoch=123/500 train_effect=0.752051 eval_effect=0.740547 train_vq=0.053041 active_codes=1 ema_used_codes=1 step_counter=1230 last_check_step=1201 surprise_streak=1 distance_mean=0.2467 distance_p90=0.5904 distance_p95=1.089 distance_max=3.509 surprise_support=16
level=2 epoch=124/500 train_effect=0.743438 eval_effect=0.740242 train_vq=0.060033 active_codes=1 ema_used_codes=1 step_counter=1240 last_check_step=1201 surprise_streak=1 distance_mean=0.2467 distance_p90=0.5904 distance_p95=1.089 distance_max=3.509 surprise_support=16
level=2 epoch=125/500 train_effect=0.745917 eval_effect=0.739905 train_vq=0.060934 active_codes=1 ema_used_codes=1 step_counter=1250 last_check_step=1201 surprise_streak=1 distance_mean=0.2467 distance_p90=0.5904 distance_p95=1.089 distance_max=3.509 surprise_support=16
level=2 epoch=126/500 train_effect=0.750729 eval_effect=0.739717 train_vq=0.062211 active_codes=1 ema_used_codes=1 step_counter=1260 last_check_step=1201 surprise_streak=1 distance_mean=0.2467 distance_p90=0.5904 distance_p95=1.089 distance_max=3.509 surprise_support=16
level=2 epoch=127/500 train_effect=0.747427 eval_effect=0.739413 train_vq=0.062711 active_codes=1 ema_used_codes=1 step_counter=1270 last_check_step=1201 surprise_streak=1 distance_mean=0.2467 distance_p90=0.5904 distance_p95=1.089 distance_max=3.509 surprise_support=16
level=2 epoch=128/500 train_effect=0.749518 eval_effect=0.739158 train_vq=0.054535 active_codes=1 ema_used_codes=1 step_counter=1280 last_check_step=1201 surprise_streak=1 distance_mean=0.2467 distance_p90=0.5904 distance_p95=1.089 distance_max=3.509 surprise_support=16
level=2 epoch=129/500 train_effect=0.746179 eval_effect=0.738855 train_vq=0.061933 active_codes=1 ema_used_codes=1 step_counter=1290 last_check_step=1201 surprise_streak=1 distance_mean=0.2467 distance_p90=0.5904 distance_p95=1.089 distance_max=3.509 surprise_support=16
level=2 epoch=130/500 train_effect=0.752213 eval_effect=0.738622 train_vq=0.059291 active_codes=1 ema_used_codes=1 step_counter=1300 last_check_step=1201 surprise_streak=1 distance_mean=0.2467 distance_p90=0.5904 distance_p95=1.089 distance_max=3.509 surprise_support=16
[Dynamic VQ] step=1301 K=1->2 support=20/256 threshold=1.0000
level=2 epoch=131/500 train_effect=0.727066 eval_effect=0.705796 train_vq=0.032810 active_codes=2 ema_used_codes=2 step_counter=1310 last_check_step=1301 surprise_streak=0 distance_mean=0.2779 distance_p90=0.7719 distance_p95=1.285 distance_max=5.194 surprise_support=20
level=2 epoch=132/500 train_effect=0.723790 eval_effect=0.706225 train_vq=0.029427 active_codes=2 ema_used_codes=2 step_counter=1320 last_check_step=1301 surprise_streak=0 distance_mean=0.2779 distance_p90=0.7719 distance_p95=1.285 distance_max=5.194 surprise_support=20
level=2 epoch=133/500 train_effect=0.718608 eval_effect=0.700391 train_vq=0.027450 active_codes=2 ema_used_codes=2 step_counter=1330 last_check_step=1301 surprise_streak=0 distance_mean=0.2779 distance_p90=0.7719 distance_p95=1.285 distance_max=5.194 surprise_support=20
level=2 epoch=134/500 train_effect=0.714976 eval_effect=0.694392 train_vq=0.025855 active_codes=2 ema_used_codes=2 step_counter=1340 last_check_step=1301 surprise_streak=0 distance_mean=0.2779 distance_p90=0.7719 distance_p95=1.285 distance_max=5.194 surprise_support=20
level=2 epoch=135/500 train_effect=0.708675 eval_effect=0.692237 train_vq=0.027549 active_codes=2 ema_used_codes=2 step_counter=1350 last_check_step=1301 surprise_streak=0 distance_mean=0.2779 distance_p90=0.7719 distance_p95=1.285 distance_max=5.194 surprise_support=20
level=2 epoch=136/500 train_effect=0.706210 eval_effect=0.686680 train_vq=0.036856 active_codes=2 ema_used_codes=2 step_counter=1360 last_check_step=1301 surprise_streak=0 distance_mean=0.2779 distance_p90=0.7719 distance_p95=1.285 distance_max=5.194 surprise_support=20
level=2 epoch=137/500 train_effect=0.704624 eval_effect=0.688437 train_vq=0.034256 active_codes=2 ema_used_codes=2 step_counter=1370 last_check_step=1301 surprise_streak=0 distance_mean=0.2779 distance_p90=0.7719 distance_p95=1.285 distance_max=5.194 surprise_support=20
level=2 epoch=138/500 train_effect=0.696057 eval_effect=0.682566 train_vq=0.035710 active_codes=2 ema_used_codes=2 step_counter=1380 last_check_step=1301 surprise_streak=0 distance_mean=0.2779 distance_p90=0.7719 distance_p95=1.285 distance_max=5.194 surprise_support=20
level=2 epoch=139/500 train_effect=0.690879 eval_effect=0.675361 train_vq=0.035109 active_codes=2 ema_used_codes=2 step_counter=1390 last_check_step=1301 surprise_streak=0 distance_mean=0.2779 distance_p90=0.7719 distance_p95=1.285 distance_max=5.194 surprise_support=20
level=2 epoch=140/500 train_effect=0.697915 eval_effect=0.677346 train_vq=0.039419 active_codes=2 ema_used_codes=2 step_counter=1400 last_check_step=1301 surprise_streak=0 distance_mean=0.2779 distance_p90=0.7719 distance_p95=1.285 distance_max=5.194 surprise_support=20
level=2 epoch=141/500 train_effect=0.682450 eval_effect=0.669613 train_vq=0.035340 active_codes=2 ema_used_codes=2 step_counter=1410 last_check_step=1301 surprise_streak=0 distance_mean=0.2779 distance_p90=0.7719 distance_p95=1.285 distance_max=5.194 surprise_support=20
level=2 epoch=142/500 train_effect=0.687875 eval_effect=0.672478 train_vq=0.039338 active_codes=2 ema_used_codes=2 step_counter=1420 last_check_step=1301 surprise_streak=0 distance_mean=0.2779 distance_p90=0.7719 distance_p95=1.285 distance_max=5.194 surprise_support=20
level=2 epoch=143/500 train_effect=0.678766 eval_effect=0.666208 train_vq=0.038877 active_codes=2 ema_used_codes=2 step_counter=1430 last_check_step=1301 surprise_streak=0 distance_mean=0.2779 distance_p90=0.7719 distance_p95=1.285 distance_max=5.194 surprise_support=20
level=2 epoch=144/500 train_effect=0.675319 eval_effect=0.676105 train_vq=0.045734 active_codes=2 ema_used_codes=2 step_counter=1440 last_check_step=1301 surprise_streak=0 distance_mean=0.2779 distance_p90=0.7719 distance_p95=1.285 distance_max=5.194 surprise_support=20
level=2 epoch=145/500 train_effect=0.686652 eval_effect=0.665523 train_vq=0.046286 active_codes=2 ema_used_codes=2 step_counter=1450 last_check_step=1301 surprise_streak=0 distance_mean=0.2779 distance_p90=0.7719 distance_p95=1.285 distance_max=5.194 surprise_support=20
level=2 epoch=146/500 train_effect=0.663379 eval_effect=0.658485 train_vq=0.043328 active_codes=2 ema_used_codes=2 step_counter=1460 last_check_step=1301 surprise_streak=0 distance_mean=0.2779 distance_p90=0.7719 distance_p95=1.285 distance_max=5.194 surprise_support=20
level=2 epoch=147/500 train_effect=0.682195 eval_effect=0.669187 train_vq=0.045171 active_codes=2 ema_used_codes=2 step_counter=1470 last_check_step=1301 surprise_streak=0 distance_mean=0.2779 distance_p90=0.7719 distance_p95=1.285 distance_max=5.194 surprise_support=20
level=2 epoch=148/500 train_effect=0.667689 eval_effect=0.655964 train_vq=0.045384 active_codes=2 ema_used_codes=2 step_counter=1480 last_check_step=1301 surprise_streak=0 distance_mean=0.2779 distance_p90=0.7719 distance_p95=1.285 distance_max=5.194 surprise_support=20
level=2 epoch=149/500 train_effect=0.669193 eval_effect=0.656667 train_vq=0.046058 active_codes=2 ema_used_codes=2 step_counter=1490 last_check_step=1301 surprise_streak=0 distance_mean=0.2779 distance_p90=0.7719 distance_p95=1.285 distance_max=5.194 surprise_support=20
level=2 epoch=150/500 train_effect=0.667793 eval_effect=0.648180 train_vq=0.049804 active_codes=2 ema_used_codes=2 step_counter=1500 last_check_step=1301 surprise_streak=0 distance_mean=0.2779 distance_p90=0.7719 distance_p95=1.285 distance_max=5.194 surprise_support=20
level=2 epoch=151/500 train_effect=0.667201 eval_effect=0.646279 train_vq=0.044462 active_codes=2 ema_used_codes=2 step_counter=1510 last_check_step=1301 surprise_streak=0 distance_mean=0.2779 distance_p90=0.7719 distance_p95=1.285 distance_max=5.194 surprise_support=20
level=2 epoch=152/500 train_effect=0.667987 eval_effect=0.641093 train_vq=0.052027 active_codes=2 ema_used_codes=2 step_counter=1520 last_check_step=1301 surprise_streak=0 distance_mean=0.2779 distance_p90=0.7719 distance_p95=1.285 distance_max=5.194 surprise_support=20
level=2 epoch=153/500 train_effect=0.667997 eval_effect=0.657912 train_vq=0.043385 active_codes=2 ema_used_codes=2 step_counter=1530 last_check_step=1301 surprise_streak=0 distance_mean=0.2779 distance_p90=0.7719 distance_p95=1.285 distance_max=5.194 surprise_support=20
level=2 epoch=154/500 train_effect=0.650669 eval_effect=0.642177 train_vq=0.055095 active_codes=2 ema_used_codes=2 step_counter=1540 last_check_step=1301 surprise_streak=0 distance_mean=0.2779 distance_p90=0.7719 distance_p95=1.285 distance_max=5.194 surprise_support=20
level=2 epoch=155/500 train_effect=0.659030 eval_effect=0.644150 train_vq=0.047713 active_codes=2 ema_used_codes=2 step_counter=1550 last_check_step=1301 surprise_streak=0 distance_mean=0.2779 distance_p90=0.7719 distance_p95=1.285 distance_max=5.194 surprise_support=20
level=2 epoch=156/500 train_effect=0.656662 eval_effect=0.638856 train_vq=0.045452 active_codes=2 ema_used_codes=2 step_counter=1560 last_check_step=1301 surprise_streak=0 distance_mean=0.2779 distance_p90=0.7719 distance_p95=1.285 distance_max=5.194 surprise_support=20
level=2 epoch=157/500 train_effect=0.650652 eval_effect=0.646326 train_vq=0.044947 active_codes=2 ema_used_codes=2 step_counter=1570 last_check_step=1301 surprise_streak=0 distance_mean=0.2779 distance_p90=0.7719 distance_p95=1.285 distance_max=5.194 surprise_support=20
level=2 epoch=158/500 train_effect=0.647200 eval_effect=0.642997 train_vq=0.050196 active_codes=2 ema_used_codes=2 step_counter=1580 last_check_step=1301 surprise_streak=0 distance_mean=0.2779 distance_p90=0.7719 distance_p95=1.285 distance_max=5.194 surprise_support=20
level=2 epoch=159/500 train_effect=0.655060 eval_effect=0.646108 train_vq=0.047028 active_codes=2 ema_used_codes=2 step_counter=1590 last_check_step=1301 surprise_streak=0 distance_mean=0.2779 distance_p90=0.7719 distance_p95=1.285 distance_max=5.194 surprise_support=20
level=2 epoch=160/500 train_effect=0.650100 eval_effect=0.642557 train_vq=0.051917 active_codes=2 ema_used_codes=2 step_counter=1600 last_check_step=1301 surprise_streak=0 distance_mean=0.2779 distance_p90=0.7719 distance_p95=1.285 distance_max=5.194 surprise_support=20
level=2 epoch=161/500 train_effect=0.644537 eval_effect=0.636729 train_vq=0.044098 active_codes=2 ema_used_codes=2 step_counter=1610 last_check_step=1301 surprise_streak=0 distance_mean=0.2779 distance_p90=0.7719 distance_p95=1.285 distance_max=5.194 surprise_support=20
level=2 epoch=162/500 train_effect=0.656382 eval_effect=0.633903 train_vq=0.047198 active_codes=2 ema_used_codes=2 step_counter=1620 last_check_step=1301 surprise_streak=0 distance_mean=0.2779 distance_p90=0.7719 distance_p95=1.285 distance_max=5.194 surprise_support=20
level=2 epoch=163/500 train_effect=0.659516 eval_effect=0.638107 train_vq=0.055070 active_codes=2 ema_used_codes=2 step_counter=1630 last_check_step=1301 surprise_streak=0 distance_mean=0.2779 distance_p90=0.7719 distance_p95=1.285 distance_max=5.194 surprise_support=20
level=2 epoch=164/500 train_effect=0.646211 eval_effect=0.631428 train_vq=0.049541 active_codes=2 ema_used_codes=2 step_counter=1640 last_check_step=1301 surprise_streak=0 distance_mean=0.2779 distance_p90=0.7719 distance_p95=1.285 distance_max=5.194 surprise_support=20
level=2 epoch=165/500 train_effect=0.645471 eval_effect=0.642167 train_vq=0.043225 active_codes=2 ema_used_codes=2 step_counter=1650 last_check_step=1301 surprise_streak=0 distance_mean=0.2779 distance_p90=0.7719 distance_p95=1.285 distance_max=5.194 surprise_support=20
level=2 epoch=166/500 train_effect=0.645092 eval_effect=0.636972 train_vq=0.059964 active_codes=2 ema_used_codes=2 step_counter=1660 last_check_step=1301 surprise_streak=0 distance_mean=0.2779 distance_p90=0.7719 distance_p95=1.285 distance_max=5.194 surprise_support=20
level=2 epoch=167/500 train_effect=0.648626 eval_effect=0.628570 train_vq=0.050347 active_codes=2 ema_used_codes=2 step_counter=1670 last_check_step=1301 surprise_streak=0 distance_mean=0.2779 distance_p90=0.7719 distance_p95=1.285 distance_max=5.194 surprise_support=20
level=2 epoch=168/500 train_effect=0.644852 eval_effect=0.633248 train_vq=0.058439 active_codes=2 ema_used_codes=2 step_counter=1680 last_check_step=1301 surprise_streak=0 distance_mean=0.2779 distance_p90=0.7719 distance_p95=1.285 distance_max=5.194 surprise_support=20
level=2 epoch=169/500 train_effect=0.643410 eval_effect=0.622383 train_vq=0.049829 active_codes=2 ema_used_codes=2 step_counter=1690 last_check_step=1301 surprise_streak=0 distance_mean=0.2779 distance_p90=0.7719 distance_p95=1.285 distance_max=5.194 surprise_support=20
level=2 epoch=170/500 train_effect=0.637349 eval_effect=0.626944 train_vq=0.048417 active_codes=2 ema_used_codes=2 step_counter=1700 last_check_step=1301 surprise_streak=0 distance_mean=0.2779 distance_p90=0.7719 distance_p95=1.285 distance_max=5.194 surprise_support=20
level=2 epoch=171/500 train_effect=0.641077 eval_effect=0.617788 train_vq=0.056589 active_codes=2 ema_used_codes=2 step_counter=1710 last_check_step=1301 surprise_streak=0 distance_mean=0.2779 distance_p90=0.7719 distance_p95=1.285 distance_max=5.194 surprise_support=20
level=2 epoch=172/500 train_effect=0.631105 eval_effect=0.619362 train_vq=0.051877 active_codes=2 ema_used_codes=2 step_counter=1720 last_check_step=1301 surprise_streak=0 distance_mean=0.2779 distance_p90=0.7719 distance_p95=1.285 distance_max=5.194 surprise_support=20
level=2 epoch=173/500 train_effect=0.631116 eval_effect=0.614159 train_vq=0.053429 active_codes=2 ema_used_codes=2 step_counter=1730 last_check_step=1301 surprise_streak=0 distance_mean=0.2779 distance_p90=0.7719 distance_p95=1.285 distance_max=5.194 surprise_support=20
level=2 epoch=174/500 train_effect=0.631921 eval_effect=0.627826 train_vq=0.055297 active_codes=2 ema_used_codes=2 step_counter=1740 last_check_step=1301 surprise_streak=0 distance_mean=0.2779 distance_p90=0.7719 distance_p95=1.285 distance_max=5.194 surprise_support=20
level=2 epoch=175/500 train_effect=0.638900 eval_effect=0.616633 train_vq=0.056839 active_codes=2 ema_used_codes=2 step_counter=1750 last_check_step=1301 surprise_streak=0 distance_mean=0.2779 distance_p90=0.7719 distance_p95=1.285 distance_max=5.194 surprise_support=20
level=2 epoch=176/500 train_effect=0.636264 eval_effect=0.621789 train_vq=0.048886 active_codes=2 ema_used_codes=2 step_counter=1760 last_check_step=1301 surprise_streak=0 distance_mean=0.2779 distance_p90=0.7719 distance_p95=1.285 distance_max=5.194 surprise_support=20
level=2 epoch=177/500 train_effect=0.637634 eval_effect=0.626339 train_vq=0.059027 active_codes=2 ema_used_codes=2 step_counter=1770 last_check_step=1301 surprise_streak=0 distance_mean=0.2779 distance_p90=0.7719 distance_p95=1.285 distance_max=5.194 surprise_support=20
level=2 epoch=178/500 train_effect=0.639808 eval_effect=0.624995 train_vq=0.052438 active_codes=2 ema_used_codes=2 step_counter=1780 last_check_step=1301 surprise_streak=0 distance_mean=0.2779 distance_p90=0.7719 distance_p95=1.285 distance_max=5.194 surprise_support=20
level=2 epoch=179/500 train_effect=0.634880 eval_effect=0.622803 train_vq=0.055422 active_codes=2 ema_used_codes=2 step_counter=1790 last_check_step=1301 surprise_streak=0 distance_mean=0.2779 distance_p90=0.7719 distance_p95=1.285 distance_max=5.194 surprise_support=20
level=2 epoch=180/500 train_effect=0.629015 eval_effect=0.616496 train_vq=0.054650 active_codes=2 ema_used_codes=2 step_counter=1800 last_check_step=1301 surprise_streak=0 distance_mean=0.2779 distance_p90=0.7719 distance_p95=1.285 distance_max=5.194 surprise_support=20
level=2 epoch=181/500 train_effect=0.625915 eval_effect=0.622933 train_vq=0.056180 active_codes=2 ema_used_codes=2 step_counter=1810 last_check_step=1301 surprise_streak=0 distance_mean=0.2779 distance_p90=0.7719 distance_p95=1.285 distance_max=5.194 surprise_support=20
level=2 epoch=182/500 train_effect=0.626285 eval_effect=0.613756 train_vq=0.052201 active_codes=2 ema_used_codes=2 step_counter=1820 last_check_step=1301 surprise_streak=0 distance_mean=0.2779 distance_p90=0.7719 distance_p95=1.285 distance_max=5.194 surprise_support=20
level=2 epoch=183/500 train_effect=0.624317 eval_effect=0.634005 train_vq=0.063520 active_codes=2 ema_used_codes=2 step_counter=1830 last_check_step=1301 surprise_streak=0 distance_mean=0.2779 distance_p90=0.7719 distance_p95=1.285 distance_max=5.194 surprise_support=20
level=2 epoch=184/500 train_effect=0.624148 eval_effect=0.608705 train_vq=0.052078 active_codes=2 ema_used_codes=2 step_counter=1840 last_check_step=1301 surprise_streak=0 distance_mean=0.2779 distance_p90=0.7719 distance_p95=1.285 distance_max=5.194 surprise_support=20
level=2 epoch=185/500 train_effect=0.626645 eval_effect=0.617474 train_vq=0.053998 active_codes=2 ema_used_codes=2 step_counter=1850 last_check_step=1301 surprise_streak=0 distance_mean=0.2779 distance_p90=0.7719 distance_p95=1.285 distance_max=5.194 surprise_support=20
level=2 epoch=186/500 train_effect=0.622523 eval_effect=0.607357 train_vq=0.060117 active_codes=2 ema_used_codes=2 step_counter=1860 last_check_step=1301 surprise_streak=0 distance_mean=0.2779 distance_p90=0.7719 distance_p95=1.285 distance_max=5.194 surprise_support=20
level=2 epoch=187/500 train_effect=0.631327 eval_effect=0.608635 train_vq=0.054960 active_codes=2 ema_used_codes=2 step_counter=1870 last_check_step=1301 surprise_streak=0 distance_mean=0.2779 distance_p90=0.7719 distance_p95=1.285 distance_max=5.194 surprise_support=20
level=2 epoch=188/500 train_effect=0.618898 eval_effect=0.603879 train_vq=0.058559 active_codes=2 ema_used_codes=2 step_counter=1880 last_check_step=1301 surprise_streak=0 distance_mean=0.2779 distance_p90=0.7719 distance_p95=1.285 distance_max=5.194 surprise_support=20
level=2 epoch=189/500 train_effect=0.630448 eval_effect=0.614925 train_vq=0.056735 active_codes=2 ema_used_codes=2 step_counter=1890 last_check_step=1301 surprise_streak=0 distance_mean=0.2779 distance_p90=0.7719 distance_p95=1.285 distance_max=5.194 surprise_support=20
level=2 epoch=190/500 train_effect=0.618788 eval_effect=0.614544 train_vq=0.053372 active_codes=2 ema_used_codes=2 step_counter=1900 last_check_step=1301 surprise_streak=0 distance_mean=0.2779 distance_p90=0.7719 distance_p95=1.285 distance_max=5.194 surprise_support=20
level=2 epoch=191/500 train_effect=0.618609 eval_effect=0.610954 train_vq=0.064550 active_codes=2 ema_used_codes=2 step_counter=1910 last_check_step=1301 surprise_streak=0 distance_mean=0.2779 distance_p90=0.7719 distance_p95=1.285 distance_max=5.194 surprise_support=20
level=2 epoch=192/500 train_effect=0.619448 eval_effect=0.599778 train_vq=0.056004 active_codes=2 ema_used_codes=2 step_counter=1920 last_check_step=1301 surprise_streak=0 distance_mean=0.2779 distance_p90=0.7719 distance_p95=1.285 distance_max=5.194 surprise_support=20
level=2 epoch=193/500 train_effect=0.619882 eval_effect=0.607818 train_vq=0.055636 active_codes=2 ema_used_codes=2 step_counter=1930 last_check_step=1301 surprise_streak=0 distance_mean=0.2779 distance_p90=0.7719 distance_p95=1.285 distance_max=5.194 surprise_support=20
level=2 epoch=194/500 train_effect=0.614733 eval_effect=0.600371 train_vq=0.061410 active_codes=2 ema_used_codes=2 step_counter=1940 last_check_step=1301 surprise_streak=0 distance_mean=0.2779 distance_p90=0.7719 distance_p95=1.285 distance_max=5.194 surprise_support=20
level=2 epoch=195/500 train_effect=0.621112 eval_effect=0.607665 train_vq=0.056753 active_codes=2 ema_used_codes=2 step_counter=1950 last_check_step=1301 surprise_streak=0 distance_mean=0.2779 distance_p90=0.7719 distance_p95=1.285 distance_max=5.194 surprise_support=20
level=2 epoch=196/500 train_effect=0.619918 eval_effect=0.598314 train_vq=0.050956 active_codes=2 ema_used_codes=2 step_counter=1960 last_check_step=1301 surprise_streak=0 distance_mean=0.2779 distance_p90=0.7719 distance_p95=1.285 distance_max=5.194 surprise_support=20
level=2 epoch=197/500 train_effect=0.610844 eval_effect=0.595031 train_vq=0.054733 active_codes=2 ema_used_codes=2 step_counter=1970 last_check_step=1301 surprise_streak=0 distance_mean=0.2779 distance_p90=0.7719 distance_p95=1.285 distance_max=5.194 surprise_support=20
level=2 epoch=198/500 train_effect=0.612379 eval_effect=0.598460 train_vq=0.056621 active_codes=2 ema_used_codes=2 step_counter=1980 last_check_step=1301 surprise_streak=0 distance_mean=0.2779 distance_p90=0.7719 distance_p95=1.285 distance_max=5.194 surprise_support=20
level=2 epoch=199/500 train_effect=0.610103 eval_effect=0.607628 train_vq=0.061010 active_codes=2 ema_used_codes=2 step_counter=1990 last_check_step=1301 surprise_streak=0 distance_mean=0.2779 distance_p90=0.7719 distance_p95=1.285 distance_max=5.194 surprise_support=20
level=2 epoch=200/500 train_effect=0.617087 eval_effect=0.611166 train_vq=0.060362 active_codes=2 ema_used_codes=2 step_counter=2000 last_check_step=1301 surprise_streak=0 distance_mean=0.2779 distance_p90=0.7719 distance_p95=1.285 distance_max=5.194 surprise_support=20
level=2 epoch=201/500 train_effect=0.609696 eval_effect=0.598407 train_vq=0.055336 active_codes=2 ema_used_codes=2 step_counter=2010 last_check_step=1301 surprise_streak=0 distance_mean=0.2779 distance_p90=0.7719 distance_p95=1.285 distance_max=5.194 surprise_support=20
level=2 epoch=202/500 train_effect=0.615604 eval_effect=0.593564 train_vq=0.056182 active_codes=2 ema_used_codes=2 step_counter=2020 last_check_step=1301 surprise_streak=0 distance_mean=0.2779 distance_p90=0.7719 distance_p95=1.285 distance_max=5.194 surprise_support=20
level=2 epoch=203/500 train_effect=0.610135 eval_effect=0.593073 train_vq=0.061464 active_codes=2 ema_used_codes=2 step_counter=2030 last_check_step=1301 surprise_streak=0 distance_mean=0.2779 distance_p90=0.7719 distance_p95=1.285 distance_max=5.194 surprise_support=20
level=2 epoch=204/500 train_effect=0.610926 eval_effect=0.593087 train_vq=0.052920 active_codes=2 ema_used_codes=2 step_counter=2040 last_check_step=1301 surprise_streak=0 distance_mean=0.2779 distance_p90=0.7719 distance_p95=1.285 distance_max=5.194 surprise_support=20
level=2 epoch=205/500 train_effect=0.612987 eval_effect=0.590899 train_vq=0.059829 active_codes=2 ema_used_codes=2 step_counter=2050 last_check_step=1301 surprise_streak=0 distance_mean=0.2779 distance_p90=0.7719 distance_p95=1.285 distance_max=5.194 surprise_support=20
level=2 epoch=206/500 train_effect=0.609175 eval_effect=0.606061 train_vq=0.053441 active_codes=2 ema_used_codes=2 step_counter=2060 last_check_step=1301 surprise_streak=0 distance_mean=0.2779 distance_p90=0.7719 distance_p95=1.285 distance_max=5.194 surprise_support=20
level=2 epoch=207/500 train_effect=0.607917 eval_effect=0.589604 train_vq=0.055282 active_codes=2 ema_used_codes=2 step_counter=2070 last_check_step=1301 surprise_streak=0 distance_mean=0.2779 distance_p90=0.7719 distance_p95=1.285 distance_max=5.194 surprise_support=20
level=2 epoch=208/500 train_effect=0.605884 eval_effect=0.607669 train_vq=0.061476 active_codes=2 ema_used_codes=2 step_counter=2080 last_check_step=1301 surprise_streak=0 distance_mean=0.2779 distance_p90=0.7719 distance_p95=1.285 distance_max=5.194 surprise_support=20
level=2 epoch=209/500 train_effect=0.610577 eval_effect=0.615415 train_vq=0.059149 active_codes=2 ema_used_codes=2 step_counter=2090 last_check_step=1301 surprise_streak=0 distance_mean=0.2779 distance_p90=0.7719 distance_p95=1.285 distance_max=5.194 surprise_support=20
level=2 epoch=210/500 train_effect=0.608897 eval_effect=0.595373 train_vq=0.052042 active_codes=2 ema_used_codes=2 step_counter=2100 last_check_step=1301 surprise_streak=0 distance_mean=0.2779 distance_p90=0.7719 distance_p95=1.285 distance_max=5.194 surprise_support=20
level=2 epoch=211/500 train_effect=0.608975 eval_effect=0.600783 train_vq=0.057958 active_codes=2 ema_used_codes=2 step_counter=2110 last_check_step=1301 surprise_streak=0 distance_mean=0.2779 distance_p90=0.7719 distance_p95=1.285 distance_max=5.194 surprise_support=20
level=2 epoch=212/500 train_effect=0.604854 eval_effect=0.585797 train_vq=0.057049 active_codes=2 ema_used_codes=2 step_counter=2120 last_check_step=1301 surprise_streak=0 distance_mean=0.2779 distance_p90=0.7719 distance_p95=1.285 distance_max=5.194 surprise_support=20
level=2 epoch=213/500 train_effect=0.600731 eval_effect=0.606630 train_vq=0.063765 active_codes=2 ema_used_codes=2 step_counter=2130 last_check_step=1301 surprise_streak=0 distance_mean=0.2779 distance_p90=0.7719 distance_p95=1.285 distance_max=5.194 surprise_support=20
level=2 epoch=214/500 train_effect=0.604179 eval_effect=0.587154 train_vq=0.055633 active_codes=2 ema_used_codes=2 step_counter=2140 last_check_step=1301 surprise_streak=0 distance_mean=0.2779 distance_p90=0.7719 distance_p95=1.285 distance_max=5.194 surprise_support=20
level=2 epoch=215/500 train_effect=0.599907 eval_effect=0.591548 train_vq=0.065259 active_codes=2 ema_used_codes=2 step_counter=2150 last_check_step=1301 surprise_streak=0 distance_mean=0.2779 distance_p90=0.7719 distance_p95=1.285 distance_max=5.194 surprise_support=20
level=2 epoch=216/500 train_effect=0.603781 eval_effect=0.584975 train_vq=0.052737 active_codes=2 ema_used_codes=2 step_counter=2160 last_check_step=1301 surprise_streak=0 distance_mean=0.2779 distance_p90=0.7719 distance_p95=1.285 distance_max=5.194 surprise_support=20
level=2 epoch=217/500 train_effect=0.615525 eval_effect=0.595821 train_vq=0.057727 active_codes=2 ema_used_codes=2 step_counter=2170 last_check_step=1301 surprise_streak=0 distance_mean=0.2779 distance_p90=0.7719 distance_p95=1.285 distance_max=5.194 surprise_support=20
level=2 epoch=218/500 train_effect=0.600182 eval_effect=0.579984 train_vq=0.058345 active_codes=2 ema_used_codes=2 step_counter=2180 last_check_step=1301 surprise_streak=0 distance_mean=0.2779 distance_p90=0.7719 distance_p95=1.285 distance_max=5.194 surprise_support=20
level=2 epoch=219/500 train_effect=0.601069 eval_effect=0.590144 train_vq=0.057761 active_codes=2 ema_used_codes=2 step_counter=2190 last_check_step=1301 surprise_streak=0 distance_mean=0.2779 distance_p90=0.7719 distance_p95=1.285 distance_max=5.194 surprise_support=20
level=2 epoch=220/500 train_effect=0.600335 eval_effect=0.586371 train_vq=0.056509 active_codes=2 ema_used_codes=2 step_counter=2200 last_check_step=1301 surprise_streak=0 distance_mean=0.2779 distance_p90=0.7719 distance_p95=1.285 distance_max=5.194 surprise_support=20
level=2 epoch=221/500 train_effect=0.609355 eval_effect=0.591096 train_vq=0.060889 active_codes=2 ema_used_codes=2 step_counter=2210 last_check_step=1301 surprise_streak=0 distance_mean=0.2779 distance_p90=0.7719 distance_p95=1.285 distance_max=5.194 surprise_support=20
level=2 epoch=222/500 train_effect=0.593192 eval_effect=0.583470 train_vq=0.054221 active_codes=2 ema_used_codes=2 step_counter=2220 last_check_step=1301 surprise_streak=0 distance_mean=0.2779 distance_p90=0.7719 distance_p95=1.285 distance_max=5.194 surprise_support=20
level=2 epoch=223/500 train_effect=0.598750 eval_effect=0.587581 train_vq=0.056118 active_codes=2 ema_used_codes=2 step_counter=2230 last_check_step=1301 surprise_streak=0 distance_mean=0.2779 distance_p90=0.7719 distance_p95=1.285 distance_max=5.194 surprise_support=20
level=2 epoch=224/500 train_effect=0.600264 eval_effect=0.588682 train_vq=0.056456 active_codes=2 ema_used_codes=2 step_counter=2240 last_check_step=1301 surprise_streak=0 distance_mean=0.2779 distance_p90=0.7719 distance_p95=1.285 distance_max=5.194 surprise_support=20
level=2 epoch=225/500 train_effect=0.597661 eval_effect=0.593578 train_vq=0.055522 active_codes=2 ema_used_codes=2 step_counter=2250 last_check_step=1301 surprise_streak=0 distance_mean=0.2779 distance_p90=0.7719 distance_p95=1.285 distance_max=5.194 surprise_support=20
level=2 epoch=226/500 train_effect=0.593998 eval_effect=0.581610 train_vq=0.056669 active_codes=2 ema_used_codes=2 step_counter=2260 last_check_step=1301 surprise_streak=0 distance_mean=0.2779 distance_p90=0.7719 distance_p95=1.285 distance_max=5.194 surprise_support=20
level=2 epoch=227/500 train_effect=0.601269 eval_effect=0.578594 train_vq=0.062052 active_codes=2 ema_used_codes=2 step_counter=2270 last_check_step=1301 surprise_streak=0 distance_mean=0.2779 distance_p90=0.7719 distance_p95=1.285 distance_max=5.194 surprise_support=20
level=2 epoch=228/500 train_effect=0.600651 eval_effect=0.583836 train_vq=0.057191 active_codes=2 ema_used_codes=2 step_counter=2280 last_check_step=1301 surprise_streak=0 distance_mean=0.2779 distance_p90=0.7719 distance_p95=1.285 distance_max=5.194 surprise_support=20
level=2 epoch=229/500 train_effect=0.605847 eval_effect=0.585453 train_vq=0.062450 active_codes=2 ema_used_codes=2 step_counter=2290 last_check_step=1301 surprise_streak=0 distance_mean=0.2779 distance_p90=0.7719 distance_p95=1.285 distance_max=5.194 surprise_support=20
level=2 epoch=230/500 train_effect=0.597701 eval_effect=0.578263 train_vq=0.057413 active_codes=2 ema_used_codes=2 step_counter=2300 last_check_step=1301 surprise_streak=0 distance_mean=0.2779 distance_p90=0.7719 distance_p95=1.285 distance_max=5.194 surprise_support=20
level=2 epoch=231/500 train_effect=0.598142 eval_effect=0.584048 train_vq=0.050955 active_codes=2 ema_used_codes=2 step_counter=2310 last_check_step=1301 surprise_streak=0 distance_mean=0.2779 distance_p90=0.7719 distance_p95=1.285 distance_max=5.194 surprise_support=20
level=2 epoch=232/500 train_effect=0.597563 eval_effect=0.589196 train_vq=0.063321 active_codes=2 ema_used_codes=2 step_counter=2320 last_check_step=1301 surprise_streak=0 distance_mean=0.2779 distance_p90=0.7719 distance_p95=1.285 distance_max=5.194 surprise_support=20
level=2 epoch=233/500 train_effect=0.593139 eval_effect=0.584648 train_vq=0.058536 active_codes=2 ema_used_codes=2 step_counter=2330 last_check_step=1301 surprise_streak=0 distance_mean=0.2779 distance_p90=0.7719 distance_p95=1.285 distance_max=5.194 surprise_support=20
level=2 epoch=234/500 train_effect=0.592759 eval_effect=0.572954 train_vq=0.056829 active_codes=2 ema_used_codes=2 step_counter=2340 last_check_step=1301 surprise_streak=0 distance_mean=0.2779 distance_p90=0.7719 distance_p95=1.285 distance_max=5.194 surprise_support=20
level=2 epoch=235/500 train_effect=0.585952 eval_effect=0.585728 train_vq=0.064847 active_codes=2 ema_used_codes=2 step_counter=2350 last_check_step=1301 surprise_streak=0 distance_mean=0.2779 distance_p90=0.7719 distance_p95=1.285 distance_max=5.194 surprise_support=20
level=2 epoch=236/500 train_effect=0.601126 eval_effect=0.583074 train_vq=0.050677 active_codes=2 ema_used_codes=2 step_counter=2360 last_check_step=1301 surprise_streak=0 distance_mean=0.2779 distance_p90=0.7719 distance_p95=1.285 distance_max=5.194 surprise_support=20
level=2 epoch=237/500 train_effect=0.603007 eval_effect=0.577562 train_vq=0.062771 active_codes=2 ema_used_codes=2 step_counter=2370 last_check_step=1301 surprise_streak=0 distance_mean=0.2779 distance_p90=0.7719 distance_p95=1.285 distance_max=5.194 surprise_support=20
level=2 epoch=238/500 train_effect=0.588250 eval_effect=0.580013 train_vq=0.057623 active_codes=2 ema_used_codes=2 step_counter=2380 last_check_step=1301 surprise_streak=0 distance_mean=0.2779 distance_p90=0.7719 distance_p95=1.285 distance_max=5.194 surprise_support=20
level=2 epoch=239/500 train_effect=0.593532 eval_effect=0.576980 train_vq=0.063785 active_codes=2 ema_used_codes=2 step_counter=2390 last_check_step=1301 surprise_streak=0 distance_mean=0.2779 distance_p90=0.7719 distance_p95=1.285 distance_max=5.194 surprise_support=20
level=2 epoch=240/500 train_effect=0.599643 eval_effect=0.576244 train_vq=0.052864 active_codes=2 ema_used_codes=2 step_counter=2400 last_check_step=1301 surprise_streak=0 distance_mean=0.2779 distance_p90=0.7719 distance_p95=1.285 distance_max=5.194 surprise_support=20
level=2 epoch=241/500 train_effect=0.591859 eval_effect=0.577097 train_vq=0.063690 active_codes=2 ema_used_codes=2 step_counter=2410 last_check_step=1301 surprise_streak=0 distance_mean=0.2779 distance_p90=0.7719 distance_p95=1.285 distance_max=5.194 surprise_support=20
level=2 epoch=242/500 train_effect=0.596863 eval_effect=0.569136 train_vq=0.055626 active_codes=2 ema_used_codes=2 step_counter=2420 last_check_step=1301 surprise_streak=0 distance_mean=0.2779 distance_p90=0.7719 distance_p95=1.285 distance_max=5.194 surprise_support=20
level=2 epoch=243/500 train_effect=0.601787 eval_effect=0.577403 train_vq=0.057276 active_codes=2 ema_used_codes=2 step_counter=2430 last_check_step=1301 surprise_streak=0 distance_mean=0.2779 distance_p90=0.7719 distance_p95=1.285 distance_max=5.194 surprise_support=20
level=2 epoch=244/500 train_effect=0.582469 eval_effect=0.569615 train_vq=0.058115 active_codes=2 ema_used_codes=2 step_counter=2440 last_check_step=1301 surprise_streak=0 distance_mean=0.2779 distance_p90=0.7719 distance_p95=1.285 distance_max=5.194 surprise_support=20
level=2 epoch=245/500 train_effect=0.594532 eval_effect=0.572929 train_vq=0.052462 active_codes=2 ema_used_codes=2 step_counter=2450 last_check_step=1301 surprise_streak=0 distance_mean=0.2779 distance_p90=0.7719 distance_p95=1.285 distance_max=5.194 surprise_support=20
level=2 epoch=246/500 train_effect=0.578368 eval_effect=0.577185 train_vq=0.058223 active_codes=2 ema_used_codes=2 step_counter=2460 last_check_step=1301 surprise_streak=0 distance_mean=0.2779 distance_p90=0.7719 distance_p95=1.285 distance_max=5.194 surprise_support=20
level=2 epoch=247/500 train_effect=0.595126 eval_effect=0.573179 train_vq=0.057971 active_codes=2 ema_used_codes=2 step_counter=2470 last_check_step=1301 surprise_streak=0 distance_mean=0.2779 distance_p90=0.7719 distance_p95=1.285 distance_max=5.194 surprise_support=20
level=2 epoch=248/500 train_effect=0.585349 eval_effect=0.568780 train_vq=0.053662 active_codes=2 ema_used_codes=2 step_counter=2480 last_check_step=1301 surprise_streak=0 distance_mean=0.2779 distance_p90=0.7719 distance_p95=1.285 distance_max=5.194 surprise_support=20
level=2 epoch=249/500 train_effect=0.589069 eval_effect=0.580428 train_vq=0.065609 active_codes=2 ema_used_codes=2 step_counter=2490 last_check_step=1301 surprise_streak=0 distance_mean=0.2779 distance_p90=0.7719 distance_p95=1.285 distance_max=5.194 surprise_support=20
level=2 epoch=250/500 train_effect=0.587930 eval_effect=0.584289 train_vq=0.058954 active_codes=2 ema_used_codes=2 step_counter=2500 last_check_step=1301 surprise_streak=0 distance_mean=0.2779 distance_p90=0.7719 distance_p95=1.285 distance_max=5.194 surprise_support=20
level=2 epoch=251/500 train_effect=0.595100 eval_effect=0.567121 train_vq=0.063079 active_codes=2 ema_used_codes=2 step_counter=2510 last_check_step=1301 surprise_streak=0 distance_mean=0.2779 distance_p90=0.7719 distance_p95=1.285 distance_max=5.194 surprise_support=20
level=2 epoch=252/500 train_effect=0.586299 eval_effect=0.574479 train_vq=0.059766 active_codes=2 ema_used_codes=2 step_counter=2520 last_check_step=1301 surprise_streak=0 distance_mean=0.2779 distance_p90=0.7719 distance_p95=1.285 distance_max=5.194 surprise_support=20
level=2 epoch=253/500 train_effect=0.582126 eval_effect=0.571246 train_vq=0.059866 active_codes=2 ema_used_codes=2 step_counter=2530 last_check_step=1301 surprise_streak=0 distance_mean=0.2779 distance_p90=0.7719 distance_p95=1.285 distance_max=5.194 surprise_support=20
level=2 epoch=254/500 train_effect=0.587993 eval_effect=0.567869 train_vq=0.055676 active_codes=2 ema_used_codes=2 step_counter=2540 last_check_step=1301 surprise_streak=0 distance_mean=0.2779 distance_p90=0.7719 distance_p95=1.285 distance_max=5.194 surprise_support=20
level=2 epoch=255/500 train_effect=0.587269 eval_effect=0.573856 train_vq=0.060993 active_codes=2 ema_used_codes=2 step_counter=2550 last_check_step=1301 surprise_streak=0 distance_mean=0.2779 distance_p90=0.7719 distance_p95=1.285 distance_max=5.194 surprise_support=20
level=2 epoch=256/500 train_effect=0.590339 eval_effect=0.594853 train_vq=0.059592 active_codes=2 ema_used_codes=2 step_counter=2560 last_check_step=1301 surprise_streak=0 distance_mean=0.2779 distance_p90=0.7719 distance_p95=1.285 distance_max=5.194 surprise_support=20
level=2 epoch=257/500 train_effect=0.594128 eval_effect=0.583000 train_vq=0.055574 active_codes=2 ema_used_codes=2 step_counter=2570 last_check_step=1301 surprise_streak=0 distance_mean=0.2779 distance_p90=0.7719 distance_p95=1.285 distance_max=5.194 surprise_support=20
level=2 epoch=258/500 train_effect=0.590276 eval_effect=0.574579 train_vq=0.066368 active_codes=2 ema_used_codes=2 step_counter=2580 last_check_step=1301 surprise_streak=0 distance_mean=0.2779 distance_p90=0.7719 distance_p95=1.285 distance_max=5.194 surprise_support=20
level=2 epoch=259/500 train_effect=0.587401 eval_effect=0.571435 train_vq=0.054169 active_codes=2 ema_used_codes=2 step_counter=2590 last_check_step=1301 surprise_streak=0 distance_mean=0.2779 distance_p90=0.7719 distance_p95=1.285 distance_max=5.194 surprise_support=20
level=2 epoch=260/500 train_effect=0.600662 eval_effect=0.573305 train_vq=0.058633 active_codes=2 ema_used_codes=2 step_counter=2600 last_check_step=1301 surprise_streak=0 distance_mean=0.2779 distance_p90=0.7719 distance_p95=1.285 distance_max=5.194 surprise_support=20
level=2 epoch=261/500 train_effect=0.587485 eval_effect=0.570534 train_vq=0.057109 active_codes=2 ema_used_codes=2 step_counter=2610 last_check_step=1301 surprise_streak=0 distance_mean=0.2779 distance_p90=0.7719 distance_p95=1.285 distance_max=5.194 surprise_support=20
level=2 epoch=262/500 train_effect=0.586982 eval_effect=0.566898 train_vq=0.064831 active_codes=2 ema_used_codes=2 step_counter=2620 last_check_step=1301 surprise_streak=0 distance_mean=0.2779 distance_p90=0.7719 distance_p95=1.285 distance_max=5.194 surprise_support=20
level=2 epoch=263/500 train_effect=0.574608 eval_effect=0.561609 train_vq=0.053564 active_codes=2 ema_used_codes=2 step_counter=2630 last_check_step=1301 surprise_streak=0 distance_mean=0.2779 distance_p90=0.7719 distance_p95=1.285 distance_max=5.194 surprise_support=20
level=2 epoch=264/500 train_effect=0.594109 eval_effect=0.578681 train_vq=0.062249 active_codes=2 ema_used_codes=2 step_counter=2640 last_check_step=1301 surprise_streak=0 distance_mean=0.2779 distance_p90=0.7719 distance_p95=1.285 distance_max=5.194 surprise_support=20
level=2 epoch=265/500 train_effect=0.581687 eval_effect=0.576461 train_vq=0.059203 active_codes=2 ema_used_codes=2 step_counter=2650 last_check_step=1301 surprise_streak=0 distance_mean=0.2779 distance_p90=0.7719 distance_p95=1.285 distance_max=5.194 surprise_support=20
level=2 epoch=266/500 train_effect=0.580418 eval_effect=0.560450 train_vq=0.051549 active_codes=2 ema_used_codes=2 step_counter=2660 last_check_step=1301 surprise_streak=0 distance_mean=0.2779 distance_p90=0.7719 distance_p95=1.285 distance_max=5.194 surprise_support=20
level=2 epoch=267/500 train_effect=0.586484 eval_effect=0.641800 train_vq=0.063935 active_codes=2 ema_used_codes=2 step_counter=2670 last_check_step=1301 surprise_streak=0 distance_mean=0.2779 distance_p90=0.7719 distance_p95=1.285 distance_max=5.194 surprise_support=20
level=2 epoch=268/500 train_effect=0.591751 eval_effect=0.566847 train_vq=0.054105 active_codes=2 ema_used_codes=2 step_counter=2680 last_check_step=1301 surprise_streak=0 distance_mean=0.2779 distance_p90=0.7719 distance_p95=1.285 distance_max=5.194 surprise_support=20
level=2 epoch=269/500 train_effect=0.583770 eval_effect=0.578475 train_vq=0.057441 active_codes=2 ema_used_codes=2 step_counter=2690 last_check_step=1301 surprise_streak=0 distance_mean=0.2779 distance_p90=0.7719 distance_p95=1.285 distance_max=5.194 surprise_support=20
level=2 epoch=270/500 train_effect=0.584962 eval_effect=0.568144 train_vq=0.060171 active_codes=2 ema_used_codes=2 step_counter=2700 last_check_step=1301 surprise_streak=0 distance_mean=0.2779 distance_p90=0.7719 distance_p95=1.285 distance_max=5.194 surprise_support=20
level=2 epoch=271/500 train_effect=0.581942 eval_effect=0.561178 train_vq=0.056315 active_codes=2 ema_used_codes=2 step_counter=2710 last_check_step=1301 surprise_streak=0 distance_mean=0.2779 distance_p90=0.7719 distance_p95=1.285 distance_max=5.194 surprise_support=20
level=2 epoch=272/500 train_effect=0.577315 eval_effect=0.586430 train_vq=0.055611 active_codes=2 ema_used_codes=2 step_counter=2720 last_check_step=1301 surprise_streak=0 distance_mean=0.2779 distance_p90=0.7719 distance_p95=1.285 distance_max=5.194 surprise_support=20
level=2 epoch=273/500 train_effect=0.592669 eval_effect=0.567879 train_vq=0.056428 active_codes=2 ema_used_codes=2 step_counter=2730 last_check_step=1301 surprise_streak=0 distance_mean=0.2779 distance_p90=0.7719 distance_p95=1.285 distance_max=5.194 surprise_support=20
level=2 epoch=274/500 train_effect=0.581642 eval_effect=0.567142 train_vq=0.055966 active_codes=2 ema_used_codes=2 step_counter=2740 last_check_step=1301 surprise_streak=0 distance_mean=0.2779 distance_p90=0.7719 distance_p95=1.285 distance_max=5.194 surprise_support=20
level=2 epoch=275/500 train_effect=0.588793 eval_effect=0.559708 train_vq=0.051179 active_codes=2 ema_used_codes=2 step_counter=2750 last_check_step=1301 surprise_streak=0 distance_mean=0.2779 distance_p90=0.7719 distance_p95=1.285 distance_max=5.194 surprise_support=20
level=2 epoch=276/500 train_effect=0.580055 eval_effect=0.559034 train_vq=0.059534 active_codes=2 ema_used_codes=2 step_counter=2760 last_check_step=1301 surprise_streak=0 distance_mean=0.2779 distance_p90=0.7719 distance_p95=1.285 distance_max=5.194 surprise_support=20
level=2 epoch=277/500 train_effect=0.583061 eval_effect=0.578364 train_vq=0.049421 active_codes=2 ema_used_codes=2 step_counter=2770 last_check_step=1301 surprise_streak=0 distance_mean=0.2779 distance_p90=0.7719 distance_p95=1.285 distance_max=5.194 surprise_support=20
level=2 epoch=278/500 train_effect=0.580821 eval_effect=0.566981 train_vq=0.057497 active_codes=2 ema_used_codes=2 step_counter=2780 last_check_step=1301 surprise_streak=0 distance_mean=0.2779 distance_p90=0.7719 distance_p95=1.285 distance_max=5.194 surprise_support=20
level=2 epoch=279/500 train_effect=0.582330 eval_effect=0.568855 train_vq=0.056389 active_codes=2 ema_used_codes=2 step_counter=2790 last_check_step=1301 surprise_streak=0 distance_mean=0.2779 distance_p90=0.7719 distance_p95=1.285 distance_max=5.194 surprise_support=20
level=2 epoch=280/500 train_effect=0.588792 eval_effect=0.574219 train_vq=0.058781 active_codes=2 ema_used_codes=2 step_counter=2800 last_check_step=1301 surprise_streak=0 distance_mean=0.2779 distance_p90=0.7719 distance_p95=1.285 distance_max=5.194 surprise_support=20
level=2 epoch=281/500 train_effect=0.584447 eval_effect=0.568983 train_vq=0.052541 active_codes=2 ema_used_codes=2 step_counter=2810 last_check_step=1301 surprise_streak=0 distance_mean=0.2779 distance_p90=0.7719 distance_p95=1.285 distance_max=5.194 surprise_support=20
level=2 epoch=282/500 train_effect=0.568861 eval_effect=0.558681 train_vq=0.054272 active_codes=2 ema_used_codes=2 step_counter=2820 last_check_step=1301 surprise_streak=0 distance_mean=0.2779 distance_p90=0.7719 distance_p95=1.285 distance_max=5.194 surprise_support=20
level=2 epoch=283/500 train_effect=0.573000 eval_effect=0.556819 train_vq=0.053620 active_codes=2 ema_used_codes=2 step_counter=2830 last_check_step=1301 surprise_streak=0 distance_mean=0.2779 distance_p90=0.7719 distance_p95=1.285 distance_max=5.194 surprise_support=20
level=2 epoch=284/500 train_effect=0.575024 eval_effect=0.564296 train_vq=0.057846 active_codes=2 ema_used_codes=2 step_counter=2840 last_check_step=1301 surprise_streak=0 distance_mean=0.2779 distance_p90=0.7719 distance_p95=1.285 distance_max=5.194 surprise_support=20
level=2 epoch=285/500 train_effect=0.586549 eval_effect=0.567703 train_vq=0.056338 active_codes=2 ema_used_codes=2 step_counter=2850 last_check_step=1301 surprise_streak=0 distance_mean=0.2779 distance_p90=0.7719 distance_p95=1.285 distance_max=5.194 surprise_support=20
level=2 epoch=286/500 train_effect=0.584062 eval_effect=0.571833 train_vq=0.061056 active_codes=2 ema_used_codes=2 step_counter=2860 last_check_step=1301 surprise_streak=0 distance_mean=0.2779 distance_p90=0.7719 distance_p95=1.285 distance_max=5.194 surprise_support=20
level=2 epoch=287/500 train_effect=0.582022 eval_effect=0.566765 train_vq=0.051075 active_codes=2 ema_used_codes=2 step_counter=2870 last_check_step=1301 surprise_streak=0 distance_mean=0.2779 distance_p90=0.7719 distance_p95=1.285 distance_max=5.194 surprise_support=20
level=2 epoch=288/500 train_effect=0.573352 eval_effect=0.553535 train_vq=0.050721 active_codes=2 ema_used_codes=2 step_counter=2880 last_check_step=1301 surprise_streak=0 distance_mean=0.2779 distance_p90=0.7719 distance_p95=1.285 distance_max=5.194 surprise_support=20
level=2 epoch=289/500 train_effect=0.578591 eval_effect=0.552244 train_vq=0.056885 active_codes=2 ema_used_codes=2 step_counter=2890 last_check_step=1301 surprise_streak=0 distance_mean=0.2779 distance_p90=0.7719 distance_p95=1.285 distance_max=5.194 surprise_support=20
level=2 epoch=290/500 train_effect=0.579166 eval_effect=0.565680 train_vq=0.059386 active_codes=2 ema_used_codes=2 step_counter=2900 last_check_step=1301 surprise_streak=0 distance_mean=0.2779 distance_p90=0.7719 distance_p95=1.285 distance_max=5.194 surprise_support=20
level=2 epoch=291/500 train_effect=0.579636 eval_effect=0.568294 train_vq=0.062137 active_codes=2 ema_used_codes=2 step_counter=2910 last_check_step=1301 surprise_streak=0 distance_mean=0.2779 distance_p90=0.7719 distance_p95=1.285 distance_max=5.194 surprise_support=20
level=2 epoch=292/500 train_effect=0.585927 eval_effect=0.556954 train_vq=0.053638 active_codes=2 ema_used_codes=2 step_counter=2920 last_check_step=1301 surprise_streak=0 distance_mean=0.2779 distance_p90=0.7719 distance_p95=1.285 distance_max=5.194 surprise_support=20
level=2 epoch=293/500 train_effect=0.581741 eval_effect=0.564569 train_vq=0.058788 active_codes=2 ema_used_codes=2 step_counter=2930 last_check_step=1301 surprise_streak=0 distance_mean=0.2779 distance_p90=0.7719 distance_p95=1.285 distance_max=5.194 surprise_support=20
level=2 epoch=294/500 train_effect=0.577634 eval_effect=0.568554 train_vq=0.054930 active_codes=2 ema_used_codes=2 step_counter=2940 last_check_step=1301 surprise_streak=0 distance_mean=0.2779 distance_p90=0.7719 distance_p95=1.285 distance_max=5.194 surprise_support=20
level=2 epoch=295/500 train_effect=0.579175 eval_effect=0.571602 train_vq=0.053571 active_codes=2 ema_used_codes=2 step_counter=2950 last_check_step=1301 surprise_streak=0 distance_mean=0.2779 distance_p90=0.7719 distance_p95=1.285 distance_max=5.194 surprise_support=20
level=2 epoch=296/500 train_effect=0.569910 eval_effect=0.562393 train_vq=0.057468 active_codes=2 ema_used_codes=2 step_counter=2960 last_check_step=1301 surprise_streak=0 distance_mean=0.2779 distance_p90=0.7719 distance_p95=1.285 distance_max=5.194 surprise_support=20
level=2 epoch=297/500 train_effect=0.582655 eval_effect=0.554896 train_vq=0.050657 active_codes=2 ema_used_codes=2 step_counter=2970 last_check_step=1301 surprise_streak=0 distance_mean=0.2779 distance_p90=0.7719 distance_p95=1.285 distance_max=5.194 surprise_support=20
level=2 epoch=298/500 train_effect=0.587906 eval_effect=0.561659 train_vq=0.065980 active_codes=2 ema_used_codes=2 step_counter=2980 last_check_step=1301 surprise_streak=0 distance_mean=0.2779 distance_p90=0.7719 distance_p95=1.285 distance_max=5.194 surprise_support=20
level=2 epoch=299/500 train_effect=0.578287 eval_effect=0.560279 train_vq=0.050246 active_codes=2 ema_used_codes=2 step_counter=2990 last_check_step=1301 surprise_streak=0 distance_mean=0.2779 distance_p90=0.7719 distance_p95=1.285 distance_max=5.194 surprise_support=20
level=2 epoch=300/500 train_effect=0.563484 eval_effect=0.558907 train_vq=0.061051 active_codes=2 ema_used_codes=2 step_counter=3000 last_check_step=1301 surprise_streak=0 distance_mean=0.2779 distance_p90=0.7719 distance_p95=1.285 distance_max=5.194 surprise_support=20
level=2 epoch=301/500 train_effect=0.578889 eval_effect=0.561229 train_vq=0.057173 active_codes=2 ema_used_codes=2 step_counter=3010 last_check_step=1301 surprise_streak=0 distance_mean=0.2779 distance_p90=0.7719 distance_p95=1.285 distance_max=5.194 surprise_support=20
level=2 epoch=302/500 train_effect=0.570067 eval_effect=0.556336 train_vq=0.051377 active_codes=2 ema_used_codes=2 step_counter=3020 last_check_step=1301 surprise_streak=0 distance_mean=0.2779 distance_p90=0.7719 distance_p95=1.285 distance_max=5.194 surprise_support=20
level=2 epoch=303/500 train_effect=0.572415 eval_effect=0.568317 train_vq=0.060062 active_codes=2 ema_used_codes=2 step_counter=3030 last_check_step=1301 surprise_streak=0 distance_mean=0.2779 distance_p90=0.7719 distance_p95=1.285 distance_max=5.194 surprise_support=20
level=2 epoch=304/500 train_effect=0.575501 eval_effect=0.554983 train_vq=0.050610 active_codes=2 ema_used_codes=2 step_counter=3040 last_check_step=1301 surprise_streak=0 distance_mean=0.2779 distance_p90=0.7719 distance_p95=1.285 distance_max=5.194 surprise_support=20
level=2 epoch=305/500 train_effect=0.562742 eval_effect=0.549767 train_vq=0.057182 active_codes=2 ema_used_codes=2 step_counter=3050 last_check_step=1301 surprise_streak=0 distance_mean=0.2779 distance_p90=0.7719 distance_p95=1.285 distance_max=5.194 surprise_support=20
level=2 epoch=306/500 train_effect=0.575317 eval_effect=0.564567 train_vq=0.056863 active_codes=2 ema_used_codes=2 step_counter=3060 last_check_step=1301 surprise_streak=0 distance_mean=0.2779 distance_p90=0.7719 distance_p95=1.285 distance_max=5.194 surprise_support=20
level=2 epoch=307/500 train_effect=0.574390 eval_effect=0.557147 train_vq=0.057133 active_codes=2 ema_used_codes=2 step_counter=3070 last_check_step=1301 surprise_streak=0 distance_mean=0.2779 distance_p90=0.7719 distance_p95=1.285 distance_max=5.194 surprise_support=20
level=2 epoch=308/500 train_effect=0.571524 eval_effect=0.563973 train_vq=0.057625 active_codes=2 ema_used_codes=2 step_counter=3080 last_check_step=1301 surprise_streak=0 distance_mean=0.2779 distance_p90=0.7719 distance_p95=1.285 distance_max=5.194 surprise_support=20
level=2 epoch=309/500 train_effect=0.589905 eval_effect=0.560944 train_vq=0.057445 active_codes=2 ema_used_codes=2 step_counter=3090 last_check_step=1301 surprise_streak=0 distance_mean=0.2779 distance_p90=0.7719 distance_p95=1.285 distance_max=5.194 surprise_support=20
level=2 epoch=310/500 train_effect=0.579878 eval_effect=0.558989 train_vq=0.058121 active_codes=2 ema_used_codes=2 step_counter=3100 last_check_step=1301 surprise_streak=0 distance_mean=0.2779 distance_p90=0.7719 distance_p95=1.285 distance_max=5.194 surprise_support=20
level=2 epoch=311/500 train_effect=0.571316 eval_effect=0.551142 train_vq=0.053930 active_codes=2 ema_used_codes=2 step_counter=3110 last_check_step=1301 surprise_streak=0 distance_mean=0.2779 distance_p90=0.7719 distance_p95=1.285 distance_max=5.194 surprise_support=20
level=2 epoch=312/500 train_effect=0.584181 eval_effect=0.554177 train_vq=0.059747 active_codes=2 ema_used_codes=2 step_counter=3120 last_check_step=1301 surprise_streak=0 distance_mean=0.2779 distance_p90=0.7719 distance_p95=1.285 distance_max=5.194 surprise_support=20
level=2 epoch=313/500 train_effect=0.566224 eval_effect=0.558221 train_vq=0.058057 active_codes=2 ema_used_codes=2 step_counter=3130 last_check_step=1301 surprise_streak=0 distance_mean=0.2779 distance_p90=0.7719 distance_p95=1.285 distance_max=5.194 surprise_support=20
level=2 epoch=314/500 train_effect=0.577610 eval_effect=0.555298 train_vq=0.057774 active_codes=2 ema_used_codes=2 step_counter=3140 last_check_step=1301 surprise_streak=0 distance_mean=0.2779 distance_p90=0.7719 distance_p95=1.285 distance_max=5.194 surprise_support=20
level=2 epoch=315/500 train_effect=0.570573 eval_effect=0.554439 train_vq=0.055370 active_codes=2 ema_used_codes=2 step_counter=3150 last_check_step=1301 surprise_streak=0 distance_mean=0.2779 distance_p90=0.7719 distance_p95=1.285 distance_max=5.194 surprise_support=20
level=2 epoch=316/500 train_effect=0.576287 eval_effect=0.567739 train_vq=0.050959 active_codes=2 ema_used_codes=2 step_counter=3160 last_check_step=1301 surprise_streak=0 distance_mean=0.2779 distance_p90=0.7719 distance_p95=1.285 distance_max=5.194 surprise_support=20
level=2 epoch=317/500 train_effect=0.572045 eval_effect=0.554280 train_vq=0.056417 active_codes=2 ema_used_codes=2 step_counter=3170 last_check_step=1301 surprise_streak=0 distance_mean=0.2779 distance_p90=0.7719 distance_p95=1.285 distance_max=5.194 surprise_support=20
level=2 epoch=318/500 train_effect=0.577983 eval_effect=0.556065 train_vq=0.055774 active_codes=2 ema_used_codes=2 step_counter=3180 last_check_step=1301 surprise_streak=0 distance_mean=0.2779 distance_p90=0.7719 distance_p95=1.285 distance_max=5.194 surprise_support=20
level=2 epoch=319/500 train_effect=0.572080 eval_effect=0.564344 train_vq=0.059349 active_codes=2 ema_used_codes=2 step_counter=3190 last_check_step=1301 surprise_streak=0 distance_mean=0.2779 distance_p90=0.7719 distance_p95=1.285 distance_max=5.194 surprise_support=20
level=2 epoch=320/500 train_effect=0.573531 eval_effect=0.553926 train_vq=0.054861 active_codes=2 ema_used_codes=2 step_counter=3200 last_check_step=1301 surprise_streak=0 distance_mean=0.2779 distance_p90=0.7719 distance_p95=1.285 distance_max=5.194 surprise_support=20
level=2 epoch=321/500 train_effect=0.570852 eval_effect=0.564885 train_vq=0.061611 active_codes=2 ema_used_codes=2 step_counter=3210 last_check_step=1301 surprise_streak=0 distance_mean=0.2779 distance_p90=0.7719 distance_p95=1.285 distance_max=5.194 surprise_support=20
level=2 epoch=322/500 train_effect=0.578661 eval_effect=0.557690 train_vq=0.053400 active_codes=2 ema_used_codes=2 step_counter=3220 last_check_step=1301 surprise_streak=0 distance_mean=0.2779 distance_p90=0.7719 distance_p95=1.285 distance_max=5.194 surprise_support=20
level=2 epoch=323/500 train_effect=0.570634 eval_effect=0.554013 train_vq=0.053062 active_codes=2 ema_used_codes=2 step_counter=3230 last_check_step=1301 surprise_streak=0 distance_mean=0.2779 distance_p90=0.7719 distance_p95=1.285 distance_max=5.194 surprise_support=20
level=2 epoch=324/500 train_effect=0.580258 eval_effect=0.562743 train_vq=0.054318 active_codes=2 ema_used_codes=2 step_counter=3240 last_check_step=1301 surprise_streak=0 distance_mean=0.2779 distance_p90=0.7719 distance_p95=1.285 distance_max=5.194 surprise_support=20
level=2 epoch=325/500 train_effect=0.567088 eval_effect=0.560263 train_vq=0.053987 active_codes=2 ema_used_codes=2 step_counter=3250 last_check_step=1301 surprise_streak=0 distance_mean=0.2779 distance_p90=0.7719 distance_p95=1.285 distance_max=5.194 surprise_support=20
level=2 epoch=326/500 train_effect=0.569238 eval_effect=0.556574 train_vq=0.056786 active_codes=2 ema_used_codes=2 step_counter=3260 last_check_step=1301 surprise_streak=0 distance_mean=0.2779 distance_p90=0.7719 distance_p95=1.285 distance_max=5.194 surprise_support=20
level=2 epoch=327/500 train_effect=0.571344 eval_effect=0.560856 train_vq=0.060104 active_codes=2 ema_used_codes=2 step_counter=3270 last_check_step=1301 surprise_streak=0 distance_mean=0.2779 distance_p90=0.7719 distance_p95=1.285 distance_max=5.194 surprise_support=20
level=2 epoch=328/500 train_effect=0.576448 eval_effect=0.559238 train_vq=0.054791 active_codes=2 ema_used_codes=2 step_counter=3280 last_check_step=1301 surprise_streak=0 distance_mean=0.2779 distance_p90=0.7719 distance_p95=1.285 distance_max=5.194 surprise_support=20
level=2 epoch=329/500 train_effect=0.572814 eval_effect=0.553413 train_vq=0.056594 active_codes=2 ema_used_codes=2 step_counter=3290 last_check_step=1301 surprise_streak=0 distance_mean=0.2779 distance_p90=0.7719 distance_p95=1.285 distance_max=5.194 surprise_support=20
level=2 epoch=330/500 train_effect=0.581281 eval_effect=0.547914 train_vq=0.054940 active_codes=2 ema_used_codes=2 step_counter=3300 last_check_step=1301 surprise_streak=0 distance_mean=0.2779 distance_p90=0.7719 distance_p95=1.285 distance_max=5.194 surprise_support=20
level=2 epoch=331/500 train_effect=0.571125 eval_effect=0.549352 train_vq=0.052994 active_codes=2 ema_used_codes=2 step_counter=3310 last_check_step=1301 surprise_streak=0 distance_mean=0.2779 distance_p90=0.7719 distance_p95=1.285 distance_max=5.194 surprise_support=20
level=2 epoch=332/500 train_effect=0.581396 eval_effect=0.560975 train_vq=0.056668 active_codes=2 ema_used_codes=2 step_counter=3320 last_check_step=1301 surprise_streak=0 distance_mean=0.2779 distance_p90=0.7719 distance_p95=1.285 distance_max=5.194 surprise_support=20
level=2 epoch=333/500 train_effect=0.575337 eval_effect=0.556811 train_vq=0.053876 active_codes=2 ema_used_codes=2 step_counter=3330 last_check_step=1301 surprise_streak=0 distance_mean=0.2779 distance_p90=0.7719 distance_p95=1.285 distance_max=5.194 surprise_support=20
level=2 epoch=334/500 train_effect=0.576950 eval_effect=0.564688 train_vq=0.051793 active_codes=2 ema_used_codes=2 step_counter=3340 last_check_step=1301 surprise_streak=0 distance_mean=0.2779 distance_p90=0.7719 distance_p95=1.285 distance_max=5.194 surprise_support=20
level=2 epoch=335/500 train_effect=0.571593 eval_effect=0.567624 train_vq=0.058812 active_codes=2 ema_used_codes=2 step_counter=3350 last_check_step=1301 surprise_streak=0 distance_mean=0.2779 distance_p90=0.7719 distance_p95=1.285 distance_max=5.194 surprise_support=20
level=2 epoch=336/500 train_effect=0.573131 eval_effect=0.561040 train_vq=0.055490 active_codes=2 ema_used_codes=2 step_counter=3360 last_check_step=1301 surprise_streak=0 distance_mean=0.2779 distance_p90=0.7719 distance_p95=1.285 distance_max=5.194 surprise_support=20
level=2 epoch=337/500 train_effect=0.570538 eval_effect=0.556723 train_vq=0.052779 active_codes=2 ema_used_codes=2 step_counter=3370 last_check_step=1301 surprise_streak=0 distance_mean=0.2779 distance_p90=0.7719 distance_p95=1.285 distance_max=5.194 surprise_support=20
level=2 epoch=338/500 train_effect=0.575637 eval_effect=0.555176 train_vq=0.060643 active_codes=2 ema_used_codes=2 step_counter=3380 last_check_step=1301 surprise_streak=0 distance_mean=0.2779 distance_p90=0.7719 distance_p95=1.285 distance_max=5.194 surprise_support=20
level=2 epoch=339/500 train_effect=0.566182 eval_effect=0.568714 train_vq=0.054758 active_codes=2 ema_used_codes=2 step_counter=3390 last_check_step=1301 surprise_streak=0 distance_mean=0.2779 distance_p90=0.7719 distance_p95=1.285 distance_max=5.194 surprise_support=20
level=2 epoch=340/500 train_effect=0.560242 eval_effect=0.551850 train_vq=0.053565 active_codes=2 ema_used_codes=2 step_counter=3400 last_check_step=1301 surprise_streak=0 distance_mean=0.2779 distance_p90=0.7719 distance_p95=1.285 distance_max=5.194 surprise_support=20
level=2 epoch=341/500 train_effect=0.572985 eval_effect=0.550971 train_vq=0.057851 active_codes=2 ema_used_codes=2 step_counter=3410 last_check_step=1301 surprise_streak=0 distance_mean=0.2779 distance_p90=0.7719 distance_p95=1.285 distance_max=5.194 surprise_support=20
level=2 epoch=342/500 train_effect=0.573845 eval_effect=0.553863 train_vq=0.053121 active_codes=2 ema_used_codes=2 step_counter=3420 last_check_step=1301 surprise_streak=0 distance_mean=0.2779 distance_p90=0.7719 distance_p95=1.285 distance_max=5.194 surprise_support=20
level=2 epoch=343/500 train_effect=0.566992 eval_effect=0.557416 train_vq=0.057984 active_codes=2 ema_used_codes=2 step_counter=3430 last_check_step=1301 surprise_streak=0 distance_mean=0.2779 distance_p90=0.7719 distance_p95=1.285 distance_max=5.194 surprise_support=20
level=2 epoch=344/500 train_effect=0.566711 eval_effect=0.556863 train_vq=0.059440 active_codes=2 ema_used_codes=2 step_counter=3440 last_check_step=1301 surprise_streak=0 distance_mean=0.2779 distance_p90=0.7719 distance_p95=1.285 distance_max=5.194 surprise_support=20
level=2 epoch=345/500 train_effect=0.569545 eval_effect=0.547070 train_vq=0.056823 active_codes=2 ema_used_codes=2 step_counter=3450 last_check_step=1301 surprise_streak=0 distance_mean=0.2779 distance_p90=0.7719 distance_p95=1.285 distance_max=5.194 surprise_support=20
level=2 epoch=346/500 train_effect=0.575446 eval_effect=0.557553 train_vq=0.056941 active_codes=2 ema_used_codes=2 step_counter=3460 last_check_step=1301 surprise_streak=0 distance_mean=0.2779 distance_p90=0.7719 distance_p95=1.285 distance_max=5.194 surprise_support=20
level=2 epoch=347/500 train_effect=0.569919 eval_effect=0.551858 train_vq=0.056068 active_codes=2 ema_used_codes=2 step_counter=3470 last_check_step=1301 surprise_streak=0 distance_mean=0.2779 distance_p90=0.7719 distance_p95=1.285 distance_max=5.194 surprise_support=20
level=2 epoch=348/500 train_effect=0.572662 eval_effect=0.547720 train_vq=0.058872 active_codes=2 ema_used_codes=2 step_counter=3480 last_check_step=1301 surprise_streak=0 distance_mean=0.2779 distance_p90=0.7719 distance_p95=1.285 distance_max=5.194 surprise_support=20
level=2 epoch=349/500 train_effect=0.565146 eval_effect=0.548635 train_vq=0.055564 active_codes=2 ema_used_codes=2 step_counter=3490 last_check_step=1301 surprise_streak=0 distance_mean=0.2779 distance_p90=0.7719 distance_p95=1.285 distance_max=5.194 surprise_support=20
level=2 epoch=350/500 train_effect=0.567228 eval_effect=0.552666 train_vq=0.057229 active_codes=2 ema_used_codes=2 step_counter=3500 last_check_step=1301 surprise_streak=0 distance_mean=0.2779 distance_p90=0.7719 distance_p95=1.285 distance_max=5.194 surprise_support=20
level=2 epoch=351/500 train_effect=0.567027 eval_effect=0.552205 train_vq=0.053448 active_codes=2 ema_used_codes=2 step_counter=3510 last_check_step=1301 surprise_streak=0 distance_mean=0.2779 distance_p90=0.7719 distance_p95=1.285 distance_max=5.194 surprise_support=20
level=2 epoch=352/500 train_effect=0.578594 eval_effect=0.555182 train_vq=0.060320 active_codes=2 ema_used_codes=2 step_counter=3520 last_check_step=1301 surprise_streak=0 distance_mean=0.2779 distance_p90=0.7719 distance_p95=1.285 distance_max=5.194 surprise_support=20
level=2 epoch=353/500 train_effect=0.568705 eval_effect=0.560237 train_vq=0.054150 active_codes=2 ema_used_codes=2 step_counter=3530 last_check_step=1301 surprise_streak=0 distance_mean=0.2779 distance_p90=0.7719 distance_p95=1.285 distance_max=5.194 surprise_support=20
level=2 epoch=354/500 train_effect=0.568677 eval_effect=0.551399 train_vq=0.055200 active_codes=2 ema_used_codes=2 step_counter=3540 last_check_step=1301 surprise_streak=0 distance_mean=0.2779 distance_p90=0.7719 distance_p95=1.285 distance_max=5.194 surprise_support=20
level=2 epoch=355/500 train_effect=0.567584 eval_effect=0.559007 train_vq=0.053512 active_codes=2 ema_used_codes=2 step_counter=3550 last_check_step=1301 surprise_streak=0 distance_mean=0.2779 distance_p90=0.7719 distance_p95=1.285 distance_max=5.194 surprise_support=20
level=2 epoch=356/500 train_effect=0.557578 eval_effect=0.550921 train_vq=0.055230 active_codes=2 ema_used_codes=2 step_counter=3560 last_check_step=1301 surprise_streak=0 distance_mean=0.2779 distance_p90=0.7719 distance_p95=1.285 distance_max=5.194 surprise_support=20
level=2 epoch=357/500 train_effect=0.575249 eval_effect=0.558232 train_vq=0.058039 active_codes=2 ema_used_codes=2 step_counter=3570 last_check_step=1301 surprise_streak=0 distance_mean=0.2779 distance_p90=0.7719 distance_p95=1.285 distance_max=5.194 surprise_support=20
level=2 epoch=358/500 train_effect=0.570864 eval_effect=0.549157 train_vq=0.057369 active_codes=2 ema_used_codes=2 step_counter=3580 last_check_step=1301 surprise_streak=0 distance_mean=0.2779 distance_p90=0.7719 distance_p95=1.285 distance_max=5.194 surprise_support=20
level=2 epoch=359/500 train_effect=0.569473 eval_effect=0.551555 train_vq=0.049616 active_codes=2 ema_used_codes=2 step_counter=3590 last_check_step=1301 surprise_streak=0 distance_mean=0.2779 distance_p90=0.7719 distance_p95=1.285 distance_max=5.194 surprise_support=20
level=2 epoch=360/500 train_effect=0.568914 eval_effect=0.550669 train_vq=0.061009 active_codes=2 ema_used_codes=2 step_counter=3600 last_check_step=1301 surprise_streak=0 distance_mean=0.2779 distance_p90=0.7719 distance_p95=1.285 distance_max=5.194 surprise_support=20
level=2 epoch=361/500 train_effect=0.573139 eval_effect=0.557499 train_vq=0.051205 active_codes=2 ema_used_codes=2 step_counter=3610 last_check_step=1301 surprise_streak=0 distance_mean=0.2779 distance_p90=0.7719 distance_p95=1.285 distance_max=5.194 surprise_support=20
level=2 epoch=362/500 train_effect=0.559724 eval_effect=0.551436 train_vq=0.057495 active_codes=2 ema_used_codes=2 step_counter=3620 last_check_step=1301 surprise_streak=0 distance_mean=0.2779 distance_p90=0.7719 distance_p95=1.285 distance_max=5.194 surprise_support=20
level=2 epoch=363/500 train_effect=0.566354 eval_effect=0.562070 train_vq=0.057329 active_codes=2 ema_used_codes=2 step_counter=3630 last_check_step=1301 surprise_streak=0 distance_mean=0.2779 distance_p90=0.7719 distance_p95=1.285 distance_max=5.194 surprise_support=20
level=2 epoch=364/500 train_effect=0.564390 eval_effect=0.553563 train_vq=0.052673 active_codes=2 ema_used_codes=2 step_counter=3640 last_check_step=1301 surprise_streak=0 distance_mean=0.2779 distance_p90=0.7719 distance_p95=1.285 distance_max=5.194 surprise_support=20
level=2 epoch=365/500 train_effect=0.564946 eval_effect=0.546865 train_vq=0.062820 active_codes=2 ema_used_codes=2 step_counter=3650 last_check_step=1301 surprise_streak=0 distance_mean=0.2779 distance_p90=0.7719 distance_p95=1.285 distance_max=5.194 surprise_support=20
level=2 epoch=366/500 train_effect=0.560997 eval_effect=0.571672 train_vq=0.052627 active_codes=2 ema_used_codes=2 step_counter=3660 last_check_step=1301 surprise_streak=0 distance_mean=0.2779 distance_p90=0.7719 distance_p95=1.285 distance_max=5.194 surprise_support=20
level=2 epoch=367/500 train_effect=0.572676 eval_effect=0.553172 train_vq=0.057036 active_codes=2 ema_used_codes=2 step_counter=3670 last_check_step=1301 surprise_streak=0 distance_mean=0.2779 distance_p90=0.7719 distance_p95=1.285 distance_max=5.194 surprise_support=20
level=2 epoch=368/500 train_effect=0.572566 eval_effect=0.557486 train_vq=0.054738 active_codes=2 ema_used_codes=2 step_counter=3680 last_check_step=1301 surprise_streak=0 distance_mean=0.2779 distance_p90=0.7719 distance_p95=1.285 distance_max=5.194 surprise_support=20
level=2 epoch=369/500 train_effect=0.569361 eval_effect=0.547662 train_vq=0.060114 active_codes=2 ema_used_codes=2 step_counter=3690 last_check_step=1301 surprise_streak=0 distance_mean=0.2779 distance_p90=0.7719 distance_p95=1.285 distance_max=5.194 surprise_support=20
level=2 epoch=370/500 train_effect=0.559191 eval_effect=0.546109 train_vq=0.056510 active_codes=2 ema_used_codes=2 step_counter=3700 last_check_step=1301 surprise_streak=0 distance_mean=0.2779 distance_p90=0.7719 distance_p95=1.285 distance_max=5.194 surprise_support=20
level=2 epoch=371/500 train_effect=0.580162 eval_effect=0.545354 train_vq=0.056690 active_codes=2 ema_used_codes=2 step_counter=3710 last_check_step=1301 surprise_streak=0 distance_mean=0.2779 distance_p90=0.7719 distance_p95=1.285 distance_max=5.194 surprise_support=20
level=2 epoch=372/500 train_effect=0.570798 eval_effect=0.547161 train_vq=0.053275 active_codes=2 ema_used_codes=2 step_counter=3720 last_check_step=1301 surprise_streak=0 distance_mean=0.2779 distance_p90=0.7719 distance_p95=1.285 distance_max=5.194 surprise_support=20
level=2 epoch=373/500 train_effect=0.568995 eval_effect=0.544312 train_vq=0.053273 active_codes=2 ema_used_codes=2 step_counter=3730 last_check_step=1301 surprise_streak=0 distance_mean=0.2779 distance_p90=0.7719 distance_p95=1.285 distance_max=5.194 surprise_support=20
level=2 epoch=374/500 train_effect=0.565682 eval_effect=0.544995 train_vq=0.059988 active_codes=2 ema_used_codes=2 step_counter=3740 last_check_step=1301 surprise_streak=0 distance_mean=0.2779 distance_p90=0.7719 distance_p95=1.285 distance_max=5.194 surprise_support=20
level=2 epoch=375/500 train_effect=0.574987 eval_effect=0.551106 train_vq=0.055361 active_codes=2 ema_used_codes=2 step_counter=3750 last_check_step=1301 surprise_streak=0 distance_mean=0.2779 distance_p90=0.7719 distance_p95=1.285 distance_max=5.194 surprise_support=20
level=2 epoch=376/500 train_effect=0.566724 eval_effect=0.570969 train_vq=0.057346 active_codes=2 ema_used_codes=2 step_counter=3760 last_check_step=1301 surprise_streak=0 distance_mean=0.2779 distance_p90=0.7719 distance_p95=1.285 distance_max=5.194 surprise_support=20
level=2 epoch=377/500 train_effect=0.556492 eval_effect=0.548411 train_vq=0.059212 active_codes=2 ema_used_codes=2 step_counter=3770 last_check_step=1301 surprise_streak=0 distance_mean=0.2779 distance_p90=0.7719 distance_p95=1.285 distance_max=5.194 surprise_support=20
level=2 epoch=378/500 train_effect=0.575982 eval_effect=0.550096 train_vq=0.053820 active_codes=2 ema_used_codes=2 step_counter=3780 last_check_step=1301 surprise_streak=0 distance_mean=0.2779 distance_p90=0.7719 distance_p95=1.285 distance_max=5.194 surprise_support=20
level=2 epoch=379/500 train_effect=0.569604 eval_effect=0.557704 train_vq=0.058025 active_codes=2 ema_used_codes=2 step_counter=3790 last_check_step=1301 surprise_streak=0 distance_mean=0.2779 distance_p90=0.7719 distance_p95=1.285 distance_max=5.194 surprise_support=20
level=2 epoch=380/500 train_effect=0.567151 eval_effect=0.562374 train_vq=0.055370 active_codes=2 ema_used_codes=2 step_counter=3800 last_check_step=1301 surprise_streak=0 distance_mean=0.2779 distance_p90=0.7719 distance_p95=1.285 distance_max=5.194 surprise_support=20
level=2 epoch=381/500 train_effect=0.560666 eval_effect=0.551462 train_vq=0.055162 active_codes=2 ema_used_codes=2 step_counter=3810 last_check_step=1301 surprise_streak=0 distance_mean=0.2779 distance_p90=0.7719 distance_p95=1.285 distance_max=5.194 surprise_support=20
level=2 epoch=382/500 train_effect=0.569516 eval_effect=0.549548 train_vq=0.057608 active_codes=2 ema_used_codes=2 step_counter=3820 last_check_step=1301 surprise_streak=0 distance_mean=0.2779 distance_p90=0.7719 distance_p95=1.285 distance_max=5.194 surprise_support=20
level=2 epoch=383/500 train_effect=0.568001 eval_effect=0.559848 train_vq=0.055628 active_codes=2 ema_used_codes=2 step_counter=3830 last_check_step=1301 surprise_streak=0 distance_mean=0.2779 distance_p90=0.7719 distance_p95=1.285 distance_max=5.194 surprise_support=20
level=2 epoch=384/500 train_effect=0.566041 eval_effect=0.570127 train_vq=0.054166 active_codes=2 ema_used_codes=2 step_counter=3840 last_check_step=1301 surprise_streak=0 distance_mean=0.2779 distance_p90=0.7719 distance_p95=1.285 distance_max=5.194 surprise_support=20
level=2 epoch=385/500 train_effect=0.570675 eval_effect=0.565211 train_vq=0.059072 active_codes=2 ema_used_codes=2 step_counter=3850 last_check_step=1301 surprise_streak=0 distance_mean=0.2779 distance_p90=0.7719 distance_p95=1.285 distance_max=5.194 surprise_support=20
level=2 epoch=386/500 train_effect=0.566317 eval_effect=0.554838 train_vq=0.054750 active_codes=2 ema_used_codes=2 step_counter=3860 last_check_step=1301 surprise_streak=0 distance_mean=0.2779 distance_p90=0.7719 distance_p95=1.285 distance_max=5.194 surprise_support=20
level=2 epoch=387/500 train_effect=0.560658 eval_effect=0.552496 train_vq=0.054256 active_codes=2 ema_used_codes=2 step_counter=3870 last_check_step=1301 surprise_streak=0 distance_mean=0.2779 distance_p90=0.7719 distance_p95=1.285 distance_max=5.194 surprise_support=20
level=2 epoch=388/500 train_effect=0.576133 eval_effect=0.555412 train_vq=0.058982 active_codes=2 ema_used_codes=2 step_counter=3880 last_check_step=1301 surprise_streak=0 distance_mean=0.2779 distance_p90=0.7719 distance_p95=1.285 distance_max=5.194 surprise_support=20
level=2 epoch=389/500 train_effect=0.570126 eval_effect=0.552684 train_vq=0.058765 active_codes=2 ema_used_codes=2 step_counter=3890 last_check_step=1301 surprise_streak=0 distance_mean=0.2779 distance_p90=0.7719 distance_p95=1.285 distance_max=5.194 surprise_support=20
level=2 epoch=390/500 train_effect=0.566813 eval_effect=0.549787 train_vq=0.053672 active_codes=2 ema_used_codes=2 step_counter=3900 last_check_step=1301 surprise_streak=0 distance_mean=0.2779 distance_p90=0.7719 distance_p95=1.285 distance_max=5.194 surprise_support=20
level=2 epoch=391/500 train_effect=0.556993 eval_effect=0.551680 train_vq=0.058291 active_codes=2 ema_used_codes=2 step_counter=3910 last_check_step=1301 surprise_streak=0 distance_mean=0.2779 distance_p90=0.7719 distance_p95=1.285 distance_max=5.194 surprise_support=20
level=2 epoch=392/500 train_effect=0.576824 eval_effect=0.551922 train_vq=0.059168 active_codes=2 ema_used_codes=2 step_counter=3920 last_check_step=1301 surprise_streak=0 distance_mean=0.2779 distance_p90=0.7719 distance_p95=1.285 distance_max=5.194 surprise_support=20
level=2 epoch=393/500 train_effect=0.566042 eval_effect=0.565316 train_vq=0.055094 active_codes=2 ema_used_codes=2 step_counter=3930 last_check_step=1301 surprise_streak=0 distance_mean=0.2779 distance_p90=0.7719 distance_p95=1.285 distance_max=5.194 surprise_support=20
level=2 epoch=394/500 train_effect=0.567753 eval_effect=0.553190 train_vq=0.057311 active_codes=2 ema_used_codes=2 step_counter=3940 last_check_step=1301 surprise_streak=0 distance_mean=0.2779 distance_p90=0.7719 distance_p95=1.285 distance_max=5.194 surprise_support=20
level=2 epoch=395/500 train_effect=0.565858 eval_effect=0.553945 train_vq=0.059430 active_codes=2 ema_used_codes=2 step_counter=3950 last_check_step=1301 surprise_streak=0 distance_mean=0.2779 distance_p90=0.7719 distance_p95=1.285 distance_max=5.194 surprise_support=20
level=2 epoch=396/500 train_effect=0.572929 eval_effect=0.552252 train_vq=0.056139 active_codes=2 ema_used_codes=2 step_counter=3960 last_check_step=1301 surprise_streak=0 distance_mean=0.2779 distance_p90=0.7719 distance_p95=1.285 distance_max=5.194 surprise_support=20
level=2 epoch=397/500 train_effect=0.563053 eval_effect=0.564445 train_vq=0.051859 active_codes=2 ema_used_codes=2 step_counter=3970 last_check_step=1301 surprise_streak=0 distance_mean=0.2779 distance_p90=0.7719 distance_p95=1.285 distance_max=5.194 surprise_support=20
level=2 epoch=398/500 train_effect=0.576712 eval_effect=0.552745 train_vq=0.055496 active_codes=2 ema_used_codes=2 step_counter=3980 last_check_step=1301 surprise_streak=0 distance_mean=0.2779 distance_p90=0.7719 distance_p95=1.285 distance_max=5.194 surprise_support=20
level=2 epoch=399/500 train_effect=0.565458 eval_effect=0.553048 train_vq=0.054890 active_codes=2 ema_used_codes=2 step_counter=3990 last_check_step=1301 surprise_streak=0 distance_mean=0.2779 distance_p90=0.7719 distance_p95=1.285 distance_max=5.194 surprise_support=20
level=2 epoch=400/500 train_effect=0.566841 eval_effect=0.547299 train_vq=0.053498 active_codes=2 ema_used_codes=2 step_counter=4000 last_check_step=1301 surprise_streak=0 distance_mean=0.2779 distance_p90=0.7719 distance_p95=1.285 distance_max=5.194 surprise_support=20
level=2 epoch=401/500 train_effect=0.560116 eval_effect=0.546086 train_vq=0.056695 active_codes=2 ema_used_codes=2 step_counter=4010 last_check_step=1301 surprise_streak=0 distance_mean=0.2779 distance_p90=0.7719 distance_p95=1.285 distance_max=5.194 surprise_support=20
level=2 epoch=402/500 train_effect=0.556891 eval_effect=0.557215 train_vq=0.056593 active_codes=2 ema_used_codes=2 step_counter=4020 last_check_step=1301 surprise_streak=0 distance_mean=0.2779 distance_p90=0.7719 distance_p95=1.285 distance_max=5.194 surprise_support=20
level=2 epoch=403/500 train_effect=0.552790 eval_effect=0.552045 train_vq=0.050828 active_codes=2 ema_used_codes=2 step_counter=4030 last_check_step=1301 surprise_streak=0 distance_mean=0.2779 distance_p90=0.7719 distance_p95=1.285 distance_max=5.194 surprise_support=20
level=2 epoch=404/500 train_effect=0.567898 eval_effect=0.558012 train_vq=0.057549 active_codes=2 ema_used_codes=2 step_counter=4040 last_check_step=1301 surprise_streak=0 distance_mean=0.2779 distance_p90=0.7719 distance_p95=1.285 distance_max=5.194 surprise_support=20
level=2 epoch=405/500 train_effect=0.563508 eval_effect=0.553822 train_vq=0.055053 active_codes=2 ema_used_codes=2 step_counter=4050 last_check_step=1301 surprise_streak=0 distance_mean=0.2779 distance_p90=0.7719 distance_p95=1.285 distance_max=5.194 surprise_support=20
level=2 epoch=406/500 train_effect=0.567962 eval_effect=0.566857 train_vq=0.058336 active_codes=2 ema_used_codes=2 step_counter=4060 last_check_step=1301 surprise_streak=0 distance_mean=0.2779 distance_p90=0.7719 distance_p95=1.285 distance_max=5.194 surprise_support=20
level=2 epoch=407/500 train_effect=0.558778 eval_effect=0.554442 train_vq=0.051785 active_codes=2 ema_used_codes=2 step_counter=4070 last_check_step=1301 surprise_streak=0 distance_mean=0.2779 distance_p90=0.7719 distance_p95=1.285 distance_max=5.194 surprise_support=20
level=2 epoch=408/500 train_effect=0.567761 eval_effect=0.553875 train_vq=0.057089 active_codes=2 ema_used_codes=2 step_counter=4080 last_check_step=1301 surprise_streak=0 distance_mean=0.2779 distance_p90=0.7719 distance_p95=1.285 distance_max=5.194 surprise_support=20
level=2 epoch=409/500 train_effect=0.569492 eval_effect=0.545505 train_vq=0.053006 active_codes=2 ema_used_codes=2 step_counter=4090 last_check_step=1301 surprise_streak=0 distance_mean=0.2779 distance_p90=0.7719 distance_p95=1.285 distance_max=5.194 surprise_support=20
level=2 epoch=410/500 train_effect=0.558191 eval_effect=0.544150 train_vq=0.057159 active_codes=2 ema_used_codes=2 step_counter=4100 last_check_step=1301 surprise_streak=0 distance_mean=0.2779 distance_p90=0.7719 distance_p95=1.285 distance_max=5.194 surprise_support=20
level=2 epoch=411/500 train_effect=0.566031 eval_effect=0.550235 train_vq=0.057422 active_codes=2 ema_used_codes=2 step_counter=4110 last_check_step=1301 surprise_streak=0 distance_mean=0.2779 distance_p90=0.7719 distance_p95=1.285 distance_max=5.194 surprise_support=20
level=2 epoch=412/500 train_effect=0.551493 eval_effect=0.556414 train_vq=0.059569 active_codes=2 ema_used_codes=2 step_counter=4120 last_check_step=1301 surprise_streak=0 distance_mean=0.2779 distance_p90=0.7719 distance_p95=1.285 distance_max=5.194 surprise_support=20
level=2 epoch=413/500 train_effect=0.556640 eval_effect=0.559029 train_vq=0.056398 active_codes=2 ema_used_codes=2 step_counter=4130 last_check_step=1301 surprise_streak=0 distance_mean=0.2779 distance_p90=0.7719 distance_p95=1.285 distance_max=5.194 surprise_support=20
level=2 epoch=414/500 train_effect=0.571241 eval_effect=0.554607 train_vq=0.055112 active_codes=2 ema_used_codes=2 step_counter=4140 last_check_step=1301 surprise_streak=0 distance_mean=0.2779 distance_p90=0.7719 distance_p95=1.285 distance_max=5.194 surprise_support=20
level=2 epoch=415/500 train_effect=0.558860 eval_effect=0.554203 train_vq=0.053938 active_codes=2 ema_used_codes=2 step_counter=4150 last_check_step=1301 surprise_streak=0 distance_mean=0.2779 distance_p90=0.7719 distance_p95=1.285 distance_max=5.194 surprise_support=20
level=2 epoch=416/500 train_effect=0.563970 eval_effect=0.545288 train_vq=0.058371 active_codes=2 ema_used_codes=2 step_counter=4160 last_check_step=1301 surprise_streak=0 distance_mean=0.2779 distance_p90=0.7719 distance_p95=1.285 distance_max=5.194 surprise_support=20
level=2 epoch=417/500 train_effect=0.556616 eval_effect=0.565395 train_vq=0.054679 active_codes=2 ema_used_codes=2 step_counter=4170 last_check_step=1301 surprise_streak=0 distance_mean=0.2779 distance_p90=0.7719 distance_p95=1.285 distance_max=5.194 surprise_support=20
level=2 epoch=418/500 train_effect=0.559414 eval_effect=0.548957 train_vq=0.057432 active_codes=2 ema_used_codes=2 step_counter=4180 last_check_step=1301 surprise_streak=0 distance_mean=0.2779 distance_p90=0.7719 distance_p95=1.285 distance_max=5.194 surprise_support=20
level=2 epoch=419/500 train_effect=0.557896 eval_effect=0.545228 train_vq=0.058311 active_codes=2 ema_used_codes=2 step_counter=4190 last_check_step=1301 surprise_streak=0 distance_mean=0.2779 distance_p90=0.7719 distance_p95=1.285 distance_max=5.194 surprise_support=20
level=2 epoch=420/500 train_effect=0.570651 eval_effect=0.569028 train_vq=0.057224 active_codes=2 ema_used_codes=2 step_counter=4200 last_check_step=1301 surprise_streak=0 distance_mean=0.2779 distance_p90=0.7719 distance_p95=1.285 distance_max=5.194 surprise_support=20
level=2 epoch=421/500 train_effect=0.565966 eval_effect=0.552372 train_vq=0.053109 active_codes=2 ema_used_codes=2 step_counter=4210 last_check_step=1301 surprise_streak=0 distance_mean=0.2779 distance_p90=0.7719 distance_p95=1.285 distance_max=5.194 surprise_support=20
level=2 epoch=422/500 train_effect=0.566821 eval_effect=0.552428 train_vq=0.062810 active_codes=2 ema_used_codes=2 step_counter=4220 last_check_step=1301 surprise_streak=0 distance_mean=0.2779 distance_p90=0.7719 distance_p95=1.285 distance_max=5.194 surprise_support=20
level=2 epoch=423/500 train_effect=0.564354 eval_effect=0.552003 train_vq=0.053689 active_codes=2 ema_used_codes=2 step_counter=4230 last_check_step=1301 surprise_streak=0 distance_mean=0.2779 distance_p90=0.7719 distance_p95=1.285 distance_max=5.194 surprise_support=20
level=2 epoch=424/500 train_effect=0.573841 eval_effect=0.550962 train_vq=0.055644 active_codes=2 ema_used_codes=2 step_counter=4240 last_check_step=1301 surprise_streak=0 distance_mean=0.2779 distance_p90=0.7719 distance_p95=1.285 distance_max=5.194 surprise_support=20
level=2 epoch=425/500 train_effect=0.558891 eval_effect=0.551218 train_vq=0.056564 active_codes=2 ema_used_codes=2 step_counter=4250 last_check_step=1301 surprise_streak=0 distance_mean=0.2779 distance_p90=0.7719 distance_p95=1.285 distance_max=5.194 surprise_support=20
level=2 epoch=426/500 train_effect=0.552955 eval_effect=0.558336 train_vq=0.053539 active_codes=2 ema_used_codes=2 step_counter=4260 last_check_step=1301 surprise_streak=0 distance_mean=0.2779 distance_p90=0.7719 distance_p95=1.285 distance_max=5.194 surprise_support=20
level=2 epoch=427/500 train_effect=0.558232 eval_effect=0.583218 train_vq=0.058788 active_codes=2 ema_used_codes=2 step_counter=4270 last_check_step=1301 surprise_streak=0 distance_mean=0.2779 distance_p90=0.7719 distance_p95=1.285 distance_max=5.194 surprise_support=20
level=2 epoch=428/500 train_effect=0.566659 eval_effect=0.554107 train_vq=0.059490 active_codes=2 ema_used_codes=2 step_counter=4280 last_check_step=1301 surprise_streak=0 distance_mean=0.2779 distance_p90=0.7719 distance_p95=1.285 distance_max=5.194 surprise_support=20
level=2 epoch=429/500 train_effect=0.558235 eval_effect=0.548538 train_vq=0.056244 active_codes=2 ema_used_codes=2 step_counter=4290 last_check_step=1301 surprise_streak=0 distance_mean=0.2779 distance_p90=0.7719 distance_p95=1.285 distance_max=5.194 surprise_support=20
level=2 epoch=430/500 train_effect=0.566982 eval_effect=0.551560 train_vq=0.054502 active_codes=2 ema_used_codes=2 step_counter=4300 last_check_step=1301 surprise_streak=0 distance_mean=0.2779 distance_p90=0.7719 distance_p95=1.285 distance_max=5.194 surprise_support=20
level=2 epoch=431/500 train_effect=0.560531 eval_effect=0.546122 train_vq=0.056510 active_codes=2 ema_used_codes=2 step_counter=4310 last_check_step=1301 surprise_streak=0 distance_mean=0.2779 distance_p90=0.7719 distance_p95=1.285 distance_max=5.194 surprise_support=20
level=2 epoch=432/500 train_effect=0.568304 eval_effect=0.551119 train_vq=0.056505 active_codes=2 ema_used_codes=2 step_counter=4320 last_check_step=1301 surprise_streak=0 distance_mean=0.2779 distance_p90=0.7719 distance_p95=1.285 distance_max=5.194 surprise_support=20
level=2 epoch=433/500 train_effect=0.572544 eval_effect=0.551811 train_vq=0.055344 active_codes=2 ema_used_codes=2 step_counter=4330 last_check_step=1301 surprise_streak=0 distance_mean=0.2779 distance_p90=0.7719 distance_p95=1.285 distance_max=5.194 surprise_support=20
level=2 epoch=434/500 train_effect=0.575052 eval_effect=0.547623 train_vq=0.059525 active_codes=2 ema_used_codes=2 step_counter=4340 last_check_step=1301 surprise_streak=0 distance_mean=0.2779 distance_p90=0.7719 distance_p95=1.285 distance_max=5.194 surprise_support=20
level=2 epoch=435/500 train_effect=0.559844 eval_effect=0.557458 train_vq=0.055932 active_codes=2 ema_used_codes=2 step_counter=4350 last_check_step=1301 surprise_streak=0 distance_mean=0.2779 distance_p90=0.7719 distance_p95=1.285 distance_max=5.194 surprise_support=20
level=2 epoch=436/500 train_effect=0.564626 eval_effect=0.558145 train_vq=0.058220 active_codes=2 ema_used_codes=2 step_counter=4360 last_check_step=1301 surprise_streak=0 distance_mean=0.2779 distance_p90=0.7719 distance_p95=1.285 distance_max=5.194 surprise_support=20
level=2 epoch=437/500 train_effect=0.560265 eval_effect=0.562213 train_vq=0.056259 active_codes=2 ema_used_codes=2 step_counter=4370 last_check_step=1301 surprise_streak=0 distance_mean=0.2779 distance_p90=0.7719 distance_p95=1.285 distance_max=5.194 surprise_support=20
level=2 epoch=438/500 train_effect=0.558932 eval_effect=0.545497 train_vq=0.056029 active_codes=2 ema_used_codes=2 step_counter=4380 last_check_step=1301 surprise_streak=0 distance_mean=0.2779 distance_p90=0.7719 distance_p95=1.285 distance_max=5.194 surprise_support=20
level=2 epoch=439/500 train_effect=0.558247 eval_effect=0.555079 train_vq=0.056452 active_codes=2 ema_used_codes=2 step_counter=4390 last_check_step=1301 surprise_streak=0 distance_mean=0.2779 distance_p90=0.7719 distance_p95=1.285 distance_max=5.194 surprise_support=20
level=2 epoch=440/500 train_effect=0.560105 eval_effect=0.560421 train_vq=0.057089 active_codes=2 ema_used_codes=2 step_counter=4400 last_check_step=1301 surprise_streak=0 distance_mean=0.2779 distance_p90=0.7719 distance_p95=1.285 distance_max=5.194 surprise_support=20
level=2 epoch=441/500 train_effect=0.558899 eval_effect=0.564872 train_vq=0.055322 active_codes=2 ema_used_codes=2 step_counter=4410 last_check_step=1301 surprise_streak=0 distance_mean=0.2779 distance_p90=0.7719 distance_p95=1.285 distance_max=5.194 surprise_support=20
level=2 epoch=442/500 train_effect=0.560177 eval_effect=0.554880 train_vq=0.059092 active_codes=2 ema_used_codes=2 step_counter=4420 last_check_step=1301 surprise_streak=0 distance_mean=0.2779 distance_p90=0.7719 distance_p95=1.285 distance_max=5.194 surprise_support=20
level=2 epoch=443/500 train_effect=0.560073 eval_effect=0.551159 train_vq=0.058562 active_codes=2 ema_used_codes=2 step_counter=4430 last_check_step=1301 surprise_streak=0 distance_mean=0.2779 distance_p90=0.7719 distance_p95=1.285 distance_max=5.194 surprise_support=20
level=2 epoch=444/500 train_effect=0.558623 eval_effect=0.557400 train_vq=0.053332 active_codes=2 ema_used_codes=2 step_counter=4440 last_check_step=1301 surprise_streak=0 distance_mean=0.2779 distance_p90=0.7719 distance_p95=1.285 distance_max=5.194 surprise_support=20
level=2 epoch=445/500 train_effect=0.561415 eval_effect=0.558722 train_vq=0.058574 active_codes=2 ema_used_codes=2 step_counter=4450 last_check_step=1301 surprise_streak=0 distance_mean=0.2779 distance_p90=0.7719 distance_p95=1.285 distance_max=5.194 surprise_support=20
level=2 epoch=446/500 train_effect=0.563453 eval_effect=0.566302 train_vq=0.057276 active_codes=2 ema_used_codes=2 step_counter=4460 last_check_step=1301 surprise_streak=0 distance_mean=0.2779 distance_p90=0.7719 distance_p95=1.285 distance_max=5.194 surprise_support=20
level=2 epoch=447/500 train_effect=0.553373 eval_effect=0.563304 train_vq=0.055470 active_codes=2 ema_used_codes=2 step_counter=4470 last_check_step=1301 surprise_streak=0 distance_mean=0.2779 distance_p90=0.7719 distance_p95=1.285 distance_max=5.194 surprise_support=20
level=2 epoch=448/500 train_effect=0.574418 eval_effect=0.548542 train_vq=0.058832 active_codes=2 ema_used_codes=2 step_counter=4480 last_check_step=1301 surprise_streak=0 distance_mean=0.2779 distance_p90=0.7719 distance_p95=1.285 distance_max=5.194 surprise_support=20
level=2 epoch=449/500 train_effect=0.564613 eval_effect=0.559229 train_vq=0.053888 active_codes=2 ema_used_codes=2 step_counter=4490 last_check_step=1301 surprise_streak=0 distance_mean=0.2779 distance_p90=0.7719 distance_p95=1.285 distance_max=5.194 surprise_support=20
level=2 epoch=450/500 train_effect=0.571966 eval_effect=0.565656 train_vq=0.055987 active_codes=2 ema_used_codes=2 step_counter=4500 last_check_step=1301 surprise_streak=0 distance_mean=0.2779 distance_p90=0.7719 distance_p95=1.285 distance_max=5.194 surprise_support=20
level=2 epoch=451/500 train_effect=0.561259 eval_effect=0.548643 train_vq=0.059519 active_codes=2 ema_used_codes=2 step_counter=4510 last_check_step=1301 surprise_streak=0 distance_mean=0.2779 distance_p90=0.7719 distance_p95=1.285 distance_max=5.194 surprise_support=20
level=2 epoch=452/500 train_effect=0.567755 eval_effect=0.556677 train_vq=0.057137 active_codes=2 ema_used_codes=2 step_counter=4520 last_check_step=1301 surprise_streak=0 distance_mean=0.2779 distance_p90=0.7719 distance_p95=1.285 distance_max=5.194 surprise_support=20
level=2 epoch=453/500 train_effect=0.558376 eval_effect=0.548921 train_vq=0.057752 active_codes=2 ema_used_codes=2 step_counter=4530 last_check_step=1301 surprise_streak=0 distance_mean=0.2779 distance_p90=0.7719 distance_p95=1.285 distance_max=5.194 surprise_support=20
level=2 epoch=454/500 train_effect=0.560740 eval_effect=0.552721 train_vq=0.055180 active_codes=2 ema_used_codes=2 step_counter=4540 last_check_step=1301 surprise_streak=0 distance_mean=0.2779 distance_p90=0.7719 distance_p95=1.285 distance_max=5.194 surprise_support=20
level=2 epoch=455/500 train_effect=0.560917 eval_effect=0.557607 train_vq=0.063289 active_codes=2 ema_used_codes=2 step_counter=4550 last_check_step=1301 surprise_streak=0 distance_mean=0.2779 distance_p90=0.7719 distance_p95=1.285 distance_max=5.194 surprise_support=20
level=2 epoch=456/500 train_effect=0.571037 eval_effect=0.548151 train_vq=0.053130 active_codes=2 ema_used_codes=2 step_counter=4560 last_check_step=1301 surprise_streak=0 distance_mean=0.2779 distance_p90=0.7719 distance_p95=1.285 distance_max=5.194 surprise_support=20
level=2 epoch=457/500 train_effect=0.564968 eval_effect=0.552291 train_vq=0.052735 active_codes=2 ema_used_codes=2 step_counter=4570 last_check_step=1301 surprise_streak=0 distance_mean=0.2779 distance_p90=0.7719 distance_p95=1.285 distance_max=5.194 surprise_support=20
level=2 epoch=458/500 train_effect=0.576263 eval_effect=0.567733 train_vq=0.061570 active_codes=2 ema_used_codes=2 step_counter=4580 last_check_step=1301 surprise_streak=0 distance_mean=0.2779 distance_p90=0.7719 distance_p95=1.285 distance_max=5.194 surprise_support=20
level=2 epoch=459/500 train_effect=0.552864 eval_effect=0.554534 train_vq=0.057236 active_codes=2 ema_used_codes=2 step_counter=4590 last_check_step=1301 surprise_streak=0 distance_mean=0.2779 distance_p90=0.7719 distance_p95=1.285 distance_max=5.194 surprise_support=20
level=2 epoch=460/500 train_effect=0.558834 eval_effect=0.552162 train_vq=0.058257 active_codes=2 ema_used_codes=2 step_counter=4600 last_check_step=1301 surprise_streak=0 distance_mean=0.2779 distance_p90=0.7719 distance_p95=1.285 distance_max=5.194 surprise_support=20
level=2 epoch=461/500 train_effect=0.558806 eval_effect=0.550079 train_vq=0.056492 active_codes=2 ema_used_codes=2 step_counter=4610 last_check_step=1301 surprise_streak=0 distance_mean=0.2779 distance_p90=0.7719 distance_p95=1.285 distance_max=5.194 surprise_support=20
level=2 epoch=462/500 train_effect=0.558422 eval_effect=0.554968 train_vq=0.057610 active_codes=2 ema_used_codes=2 step_counter=4620 last_check_step=1301 surprise_streak=0 distance_mean=0.2779 distance_p90=0.7719 distance_p95=1.285 distance_max=5.194 surprise_support=20
level=2 epoch=463/500 train_effect=0.564917 eval_effect=0.548274 train_vq=0.056087 active_codes=2 ema_used_codes=2 step_counter=4630 last_check_step=1301 surprise_streak=0 distance_mean=0.2779 distance_p90=0.7719 distance_p95=1.285 distance_max=5.194 surprise_support=20
level=2 epoch=464/500 train_effect=0.563482 eval_effect=0.548019 train_vq=0.057868 active_codes=2 ema_used_codes=2 step_counter=4640 last_check_step=1301 surprise_streak=0 distance_mean=0.2779 distance_p90=0.7719 distance_p95=1.285 distance_max=5.194 surprise_support=20
level=2 epoch=465/500 train_effect=0.563484 eval_effect=0.547915 train_vq=0.057904 active_codes=2 ema_used_codes=2 step_counter=4650 last_check_step=1301 surprise_streak=0 distance_mean=0.2779 distance_p90=0.7719 distance_p95=1.285 distance_max=5.194 surprise_support=20
level=2 epoch=466/500 train_effect=0.566323 eval_effect=0.565213 train_vq=0.060001 active_codes=2 ema_used_codes=2 step_counter=4660 last_check_step=1301 surprise_streak=0 distance_mean=0.2779 distance_p90=0.7719 distance_p95=1.285 distance_max=5.194 surprise_support=20
level=2 epoch=467/500 train_effect=0.569358 eval_effect=0.545466 train_vq=0.055945 active_codes=2 ema_used_codes=2 step_counter=4670 last_check_step=1301 surprise_streak=0 distance_mean=0.2779 distance_p90=0.7719 distance_p95=1.285 distance_max=5.194 surprise_support=20
level=2 epoch=468/500 train_effect=0.568725 eval_effect=0.562756 train_vq=0.057437 active_codes=2 ema_used_codes=2 step_counter=4680 last_check_step=1301 surprise_streak=0 distance_mean=0.2779 distance_p90=0.7719 distance_p95=1.285 distance_max=5.194 surprise_support=20
level=2 epoch=469/500 train_effect=0.566143 eval_effect=0.556803 train_vq=0.057022 active_codes=2 ema_used_codes=2 step_counter=4690 last_check_step=1301 surprise_streak=0 distance_mean=0.2779 distance_p90=0.7719 distance_p95=1.285 distance_max=5.194 surprise_support=20
level=2 epoch=470/500 train_effect=0.557345 eval_effect=0.556236 train_vq=0.057468 active_codes=2 ema_used_codes=2 step_counter=4700 last_check_step=1301 surprise_streak=0 distance_mean=0.2779 distance_p90=0.7719 distance_p95=1.285 distance_max=5.194 surprise_support=20
level=2 epoch=471/500 train_effect=0.554972 eval_effect=0.546509 train_vq=0.056302 active_codes=2 ema_used_codes=2 step_counter=4710 last_check_step=1301 surprise_streak=0 distance_mean=0.2779 distance_p90=0.7719 distance_p95=1.285 distance_max=5.194 surprise_support=20
level=2 epoch=472/500 train_effect=0.561872 eval_effect=0.545596 train_vq=0.055036 active_codes=2 ema_used_codes=2 step_counter=4720 last_check_step=1301 surprise_streak=0 distance_mean=0.2779 distance_p90=0.7719 distance_p95=1.285 distance_max=5.194 surprise_support=20
level=2 epoch=473/500 train_effect=0.569827 eval_effect=0.555246 train_vq=0.062645 active_codes=2 ema_used_codes=2 step_counter=4730 last_check_step=1301 surprise_streak=0 distance_mean=0.2779 distance_p90=0.7719 distance_p95=1.285 distance_max=5.194 surprise_support=20
level=2 epoch=474/500 train_effect=0.564387 eval_effect=0.567481 train_vq=0.054651 active_codes=2 ema_used_codes=2 step_counter=4740 last_check_step=1301 surprise_streak=0 distance_mean=0.2779 distance_p90=0.7719 distance_p95=1.285 distance_max=5.194 surprise_support=20
level=2 epoch=475/500 train_effect=0.567645 eval_effect=0.552728 train_vq=0.059661 active_codes=2 ema_used_codes=2 step_counter=4750 last_check_step=1301 surprise_streak=0 distance_mean=0.2779 distance_p90=0.7719 distance_p95=1.285 distance_max=5.194 surprise_support=20
level=2 epoch=476/500 train_effect=0.565682 eval_effect=0.549553 train_vq=0.056737 active_codes=2 ema_used_codes=2 step_counter=4760 last_check_step=1301 surprise_streak=0 distance_mean=0.2779 distance_p90=0.7719 distance_p95=1.285 distance_max=5.194 surprise_support=20
level=2 epoch=477/500 train_effect=0.562688 eval_effect=0.549763 train_vq=0.052701 active_codes=2 ema_used_codes=2 step_counter=4770 last_check_step=1301 surprise_streak=0 distance_mean=0.2779 distance_p90=0.7719 distance_p95=1.285 distance_max=5.194 surprise_support=20
/home/kubra/DeepSym/models_vq_dynamic.py:368: FutureWarning: You are using `torch.load` with `weights_only=False` (the current default value), which uses the default pickle module implicitly. It is possible to construct malicious pickle data which will execute arbitrary code during unpickling (See https://github.com/pytorch/pytorch/blob/main/SECURITY.md#untrusted-models for more details). In a future release, the default value for `weights_only` will be flipped to `True`. This limits the functions that could be executed during unpickling. Arbitrary objects will no longer be allowed to be loaded via this mode unless they are explicitly allowlisted by the user via `torch.serialization.add_safe_globals`. We recommend you start setting `weights_only=True` for any use case where you don't have full control of the loaded file. Please open an issue on GitHub for any issues related to this experimental feature.
  torch.load(os.path.join(path, f"encoder{level}{ext}.ckpt"), map_location=self.device)
/home/kubra/DeepSym/models_vq_dynamic.py:371: FutureWarning: You are using `torch.load` with `weights_only=False` (the current default value), which uses the default pickle module implicitly. It is possible to construct malicious pickle data which will execute arbitrary code during unpickling (See https://github.com/pytorch/pytorch/blob/main/SECURITY.md#untrusted-models for more details). In a future release, the default value for `weights_only` will be flipped to `True`. This limits the functions that could be executed during unpickling. Arbitrary objects will no longer be allowed to be loaded via this mode unless they are explicitly allowlisted by the user via `torch.serialization.add_safe_globals`. We recommend you start setting `weights_only=True` for any use case where you don't have full control of the loaded file. Please open an issue on GitHub for any issues related to this experimental feature.
  torch.load(os.path.join(path, f"decoder{level}{ext}.ckpt"), map_location=self.device)
/home/kubra/DeepSym/data.py:9: FutureWarning: You are using `torch.load` with `weights_only=False` (the current default value), which uses the default pickle module implicitly. It is possible to construct malicious pickle data which will execute arbitrary code during unpickling (See https://github.com/pytorch/pytorch/blob/main/SECURITY.md#untrusted-models for more details). In a future release, the default value for `weights_only` will be flipped to `True`. This limits the functions that could be executed during unpickling. Arbitrary objects will no longer be allowed to be loaded via this mode unless they are explicitly allowlisted by the user via `torch.serialization.add_safe_globals`. We recommend you start setting `weights_only=True` for any use case where you don't have full control of the loaded file. Please open an issue on GitHub for any issues related to this experimental feature.
  self.observation = torch.load("data/img/obs_prev_z.pt").unsqueeze(1)
/home/kubra/DeepSym/data.py:10: FutureWarning: You are using `torch.load` with `weights_only=False` (the current default value), which uses the default pickle module implicitly. It is possible to construct malicious pickle data which will execute arbitrary code during unpickling (See https://github.com/pytorch/pytorch/blob/main/SECURITY.md#untrusted-models for more details). In a future release, the default value for `weights_only` will be flipped to `True`. This limits the functions that could be executed during unpickling. Arbitrary objects will no longer be allowed to be loaded via this mode unless they are explicitly allowlisted by the user via `torch.serialization.add_safe_globals`. We recommend you start setting `weights_only=True` for any use case where you don't have full control of the loaded file. Please open an issue on GitHub for any issues related to this experimental feature.
  self.action = torch.load("data/img/action.pt")
/home/kubra/DeepSym/data.py:12: FutureWarning: You are using `torch.load` with `weights_only=False` (the current default value), which uses the default pickle module implicitly. It is possible to construct malicious pickle data which will execute arbitrary code during unpickling (See https://github.com/pytorch/pytorch/blob/main/SECURITY.md#untrusted-models for more details). In a future release, the default value for `weights_only` will be flipped to `True`. This limits the functions that could be executed during unpickling. Arbitrary objects will no longer be allowed to be loaded via this mode unless they are explicitly allowlisted by the user via `torch.serialization.add_safe_globals`. We recommend you start setting `weights_only=True` for any use case where you don't have full control of the loaded file. Please open an issue on GitHub for any issues related to this experimental feature.
  self.effect = torch.load("data/img/delta_pix_1.pt")
/home/kubra/DeepSym/data.py:34: FutureWarning: You are using `torch.load` with `weights_only=False` (the current default value), which uses the default pickle module implicitly. It is possible to construct malicious pickle data which will execute arbitrary code during unpickling (See https://github.com/pytorch/pytorch/blob/main/SECURITY.md#untrusted-models for more details). In a future release, the default value for `weights_only` will be flipped to `True`. This limits the functions that could be executed during unpickling. Arbitrary objects will no longer be allowed to be loaded via this mode unless they are explicitly allowlisted by the user via `torch.serialization.add_safe_globals`. We recommend you start setting `weights_only=True` for any use case where you don't have full control of the loaded file. Please open an issue on GitHub for any issues related to this experimental feature.
  self.observation = torch.load("data/img/obs_prev_z.pt")
/home/kubra/DeepSym/data.py:38: FutureWarning: You are using `torch.load` with `weights_only=False` (the current default value), which uses the default pickle module implicitly. It is possible to construct malicious pickle data which will execute arbitrary code during unpickling (See https://github.com/pytorch/pytorch/blob/main/SECURITY.md#untrusted-models for more details). In a future release, the default value for `weights_only` will be flipped to `True`. This limits the functions that could be executed during unpickling. Arbitrary objects will no longer be allowed to be loaded via this mode unless they are explicitly allowlisted by the user via `torch.serialization.add_safe_globals`. We recommend you start setting `weights_only=True` for any use case where you don't have full control of the loaded file. Please open an issue on GitHub for any issues related to this experimental feature.
  self.effect = torch.load("data/img/delta_pix_3.pt")
/home/kubra/DeepSym/poster_eval.py:467: FutureWarning: You are using `torch.load` with `weights_only=False` (the current default value), which uses the default pickle module implicitly. It is possible to construct malicious pickle data which will execute arbitrary code during unpickling (See https://github.com/pytorch/pytorch/blob/main/SECURITY.md#untrusted-models for more details). In a future release, the default value for `weights_only` will be flipped to `True`. This limits the functions that could be executed during unpickling. Arbitrary objects will no longer be allowed to be loaded via this mode unless they are explicitly allowlisted by the user via `torch.serialization.add_safe_globals`. We recommend you start setting `weights_only=True` for any use case where you don't have full control of the loaded file. Please open an issue on GitHub for any issues related to this experimental feature.
  effect_labels = torch.load(labels_path, map_location="cpu").detach().cpu().numpy().astype(int)
{
  "model": "dynamic",
  "seed": 2,
  "level1_weighted_mse": 0.1451768132299185,
  "level2_weighted_mse": 0.5432783679008484,
  "object_used_codes": 4,
  "relation_used_codes": 2,
  "object_affordance_purity": 0.97875,
  "tuple_effect_purity": 0.796,
  "poster_dir": "/home/kubra/DeepSym/save/poster_5seed/dynamic/seed_2/poster"
}
/home/kubra/DeepSym/data.py:34: FutureWarning: You are using `torch.load` with `weights_only=False` (the current default value), which uses the default pickle module implicitly. It is possible to construct malicious pickle data which will execute arbitrary code during unpickling (See https://github.com/pytorch/pytorch/blob/main/SECURITY.md#untrusted-models for more details). In a future release, the default value for `weights_only` will be flipped to `True`. This limits the functions that could be executed during unpickling. Arbitrary objects will no longer be allowed to be loaded via this mode unless they are explicitly allowlisted by the user via `torch.serialization.add_safe_globals`. We recommend you start setting `weights_only=True` for any use case where you don't have full control of the loaded file. Please open an issue on GitHub for any issues related to this experimental feature.
  self.observation = torch.load("data/img/obs_prev_z.pt")
/home/kubra/DeepSym/data.py:38: FutureWarning: You are using `torch.load` with `weights_only=False` (the current default value), which uses the default pickle module implicitly. It is possible to construct malicious pickle data which will execute arbitrary code during unpickling (See https://github.com/pytorch/pytorch/blob/main/SECURITY.md#untrusted-models for more details). In a future release, the default value for `weights_only` will be flipped to `True`. This limits the functions that could be executed during unpickling. Arbitrary objects will no longer be allowed to be loaded via this mode unless they are explicitly allowlisted by the user via `torch.serialization.add_safe_globals`. We recommend you start setting `weights_only=True` for any use case where you don't have full control of the loaded file. Please open an issue on GitHub for any issues related to this experimental feature.
  self.effect = torch.load("data/img/delta_pix_3.pt")
/home/kubra/DeepSym/blocks.py:50: UserWarning: Deterministic behavior was enabled with either `torch.use_deterministic_algorithms(True)` or `at::Context::setDeterministicAlgorithms(true)`, but this operation is not deterministic because it uses CuBLAS and you have CUDA >= 10.2. To enable deterministic behavior in this case, you must set an environment variable before running your PyTorch application: CUBLAS_WORKSPACE_CONFIG=:4096:8 or CUBLAS_WORKSPACE_CONFIG=:16:8. For more information, go to https://docs.nvidia.com/cuda/cublas/index.html#results-reproducibility (Triggered internally at ../aten/src/ATen/Context.cpp:185.)
  x = torch.nn.functional.linear(x, self.weight, self.bias)
level=2 epoch=478/500 train_effect=0.557109 eval_effect=0.557083 train_vq=0.056127 active_codes=2 ema_used_codes=2 step_counter=4780 last_check_step=1301 surprise_streak=0 distance_mean=0.2779 distance_p90=0.7719 distance_p95=1.285 distance_max=5.194 surprise_support=20
level=2 epoch=479/500 train_effect=0.561414 eval_effect=0.550918 train_vq=0.057991 active_codes=2 ema_used_codes=2 step_counter=4790 last_check_step=1301 surprise_streak=0 distance_mean=0.2779 distance_p90=0.7719 distance_p95=1.285 distance_max=5.194 surprise_support=20
level=2 epoch=480/500 train_effect=0.570653 eval_effect=0.546210 train_vq=0.062531 active_codes=2 ema_used_codes=2 step_counter=4800 last_check_step=1301 surprise_streak=0 distance_mean=0.2779 distance_p90=0.7719 distance_p95=1.285 distance_max=5.194 surprise_support=20
level=2 epoch=481/500 train_effect=0.559882 eval_effect=0.554298 train_vq=0.055193 active_codes=2 ema_used_codes=2 step_counter=4810 last_check_step=1301 surprise_streak=0 distance_mean=0.2779 distance_p90=0.7719 distance_p95=1.285 distance_max=5.194 surprise_support=20
level=2 epoch=482/500 train_effect=0.567359 eval_effect=0.553727 train_vq=0.056046 active_codes=2 ema_used_codes=2 step_counter=4820 last_check_step=1301 surprise_streak=0 distance_mean=0.2779 distance_p90=0.7719 distance_p95=1.285 distance_max=5.194 surprise_support=20
level=2 epoch=483/500 train_effect=0.551301 eval_effect=0.560430 train_vq=0.058098 active_codes=2 ema_used_codes=2 step_counter=4830 last_check_step=1301 surprise_streak=0 distance_mean=0.2779 distance_p90=0.7719 distance_p95=1.285 distance_max=5.194 surprise_support=20
level=2 epoch=484/500 train_effect=0.557145 eval_effect=0.555040 train_vq=0.057800 active_codes=2 ema_used_codes=2 step_counter=4840 last_check_step=1301 surprise_streak=0 distance_mean=0.2779 distance_p90=0.7719 distance_p95=1.285 distance_max=5.194 surprise_support=20
level=2 epoch=485/500 train_effect=0.561519 eval_effect=0.554600 train_vq=0.061347 active_codes=2 ema_used_codes=2 step_counter=4850 last_check_step=1301 surprise_streak=0 distance_mean=0.2779 distance_p90=0.7719 distance_p95=1.285 distance_max=5.194 surprise_support=20
level=2 epoch=486/500 train_effect=0.559637 eval_effect=0.545631 train_vq=0.057599 active_codes=2 ema_used_codes=2 step_counter=4860 last_check_step=1301 surprise_streak=0 distance_mean=0.2779 distance_p90=0.7719 distance_p95=1.285 distance_max=5.194 surprise_support=20
level=2 epoch=487/500 train_effect=0.563383 eval_effect=0.547952 train_vq=0.054827 active_codes=2 ema_used_codes=2 step_counter=4870 last_check_step=1301 surprise_streak=0 distance_mean=0.2779 distance_p90=0.7719 distance_p95=1.285 distance_max=5.194 surprise_support=20
level=2 epoch=488/500 train_effect=0.558208 eval_effect=0.543885 train_vq=0.055877 active_codes=2 ema_used_codes=2 step_counter=4880 last_check_step=1301 surprise_streak=0 distance_mean=0.2779 distance_p90=0.7719 distance_p95=1.285 distance_max=5.194 surprise_support=20
level=2 epoch=489/500 train_effect=0.550306 eval_effect=0.547436 train_vq=0.057679 active_codes=2 ema_used_codes=2 step_counter=4890 last_check_step=1301 surprise_streak=0 distance_mean=0.2779 distance_p90=0.7719 distance_p95=1.285 distance_max=5.194 surprise_support=20
level=2 epoch=490/500 train_effect=0.552859 eval_effect=0.546358 train_vq=0.056962 active_codes=2 ema_used_codes=2 step_counter=4900 last_check_step=1301 surprise_streak=0 distance_mean=0.2779 distance_p90=0.7719 distance_p95=1.285 distance_max=5.194 surprise_support=20
level=2 epoch=491/500 train_effect=0.553961 eval_effect=0.543657 train_vq=0.059826 active_codes=2 ema_used_codes=2 step_counter=4910 last_check_step=1301 surprise_streak=0 distance_mean=0.2779 distance_p90=0.7719 distance_p95=1.285 distance_max=5.194 surprise_support=20
level=2 epoch=492/500 train_effect=0.556233 eval_effect=0.562344 train_vq=0.058261 active_codes=2 ema_used_codes=2 step_counter=4920 last_check_step=1301 surprise_streak=0 distance_mean=0.2779 distance_p90=0.7719 distance_p95=1.285 distance_max=5.194 surprise_support=20
level=2 epoch=493/500 train_effect=0.558099 eval_effect=0.554696 train_vq=0.059726 active_codes=2 ema_used_codes=2 step_counter=4930 last_check_step=1301 surprise_streak=0 distance_mean=0.2779 distance_p90=0.7719 distance_p95=1.285 distance_max=5.194 surprise_support=20
level=2 epoch=494/500 train_effect=0.568148 eval_effect=0.549775 train_vq=0.061845 active_codes=2 ema_used_codes=2 step_counter=4940 last_check_step=1301 surprise_streak=0 distance_mean=0.2779 distance_p90=0.7719 distance_p95=1.285 distance_max=5.194 surprise_support=20
level=2 epoch=495/500 train_effect=0.558271 eval_effect=0.563633 train_vq=0.055283 active_codes=2 ema_used_codes=2 step_counter=4950 last_check_step=1301 surprise_streak=0 distance_mean=0.2779 distance_p90=0.7719 distance_p95=1.285 distance_max=5.194 surprise_support=20
level=2 epoch=496/500 train_effect=0.557947 eval_effect=0.553279 train_vq=0.057643 active_codes=2 ema_used_codes=2 step_counter=4960 last_check_step=1301 surprise_streak=0 distance_mean=0.2779 distance_p90=0.7719 distance_p95=1.285 distance_max=5.194 surprise_support=20
level=2 epoch=497/500 train_effect=0.561322 eval_effect=0.550362 train_vq=0.056858 active_codes=2 ema_used_codes=2 step_counter=4970 last_check_step=1301 surprise_streak=0 distance_mean=0.2779 distance_p90=0.7719 distance_p95=1.285 distance_max=5.194 surprise_support=20
level=2 epoch=498/500 train_effect=0.552096 eval_effect=0.543351 train_vq=0.056378 active_codes=2 ema_used_codes=2 step_counter=4980 last_check_step=1301 surprise_streak=0 distance_mean=0.2779 distance_p90=0.7719 distance_p95=1.285 distance_max=5.194 surprise_support=20
level=2 epoch=499/500 train_effect=0.565041 eval_effect=0.559147 train_vq=0.058375 active_codes=2 ema_used_codes=2 step_counter=4990 last_check_step=1301 surprise_streak=0 distance_mean=0.2779 distance_p90=0.7719 distance_p95=1.285 distance_max=5.194 surprise_support=20
level=2 epoch=500/500 train_effect=0.556781 eval_effect=0.543844 train_vq=0.053333 active_codes=2 ema_used_codes=2 step_counter=5000 last_check_step=1301 surprise_streak=0 distance_mean=0.2779 distance_p90=0.7719 distance_p95=1.285 distance_max=5.194 surprise_support=20
Best level-2 deterministic weighted MSE: 0.54335090

Running poster evaluation:
  /home/kubra/DeepSym/.venv/bin/python /home/kubra/DeepSym/poster_eval.py -opts /home/kubra/DeepSym/save/poster_5seed/dynamic/seed_2/opts.yaml --model dynamic
