model,seed,level,epoch,train_total,train_effect,train_vq,eval_total,eval_effect,eval_vq
original,1,1,1,7.13838758468628,7.13838758468628,0.0,6.234366276264191,6.234366276264191,0.0
original,1,1,2,6.523209209442139,6.523209209442139,0.0,6.098193970521291,6.098193970521291,0.0
original,1,1,3,5.935081984202067,5.935081984202067,0.0,5.609080516497294,5.609080516497294,0.0
original,1,1,4,5.481817798614502,5.481817798614502,0.0,4.93354744275411,4.93354744275411,0.0
original,1,1,5,5.162287801106771,5.162287801106771,0.0,4.71985030968984,4.71985030968984,0.0
original,1,1,6,4.812676811218262,4.812676811218262,0.0,4.579143120447795,4.579143120447795,0.0
original,1,1,7,4.625646378199259,4.625646378199259,0.0,4.410378238360087,4.410378238360087,0.0
original,1,1,8,4.392265440622966,4.392265440622966,0.0,4.1611565415064495,4.1611565415064495,0.0
original,1,1,9,4.363394317626953,4.363394317626953,0.0,4.018507200876872,4.018507200876872,0.0
original,1,1,10,4.248772656122844,4.248772656122844,0.0,3.991971912384033,3.991971912384033,0.0
original,1,1,11,3.873196840286255,3.873196840286255,0.0,3.6584788529078165,3.6584788529078165,0.0
original,1,1,12,3.8601613648732505,3.8601613648732505,0.0,3.7821865049997965,3.7821865049997965,0.0
original,1,1,13,3.622727632522583,3.622727632522583,0.0,3.407942846616109,3.407942846616109,0.0
original,1,1,14,3.64263809521993,3.64263809521993,0.0,3.384628472328186,3.384628472328186,0.0
original,1,1,15,3.4256192207336427,3.4256192207336427,0.0,3.273639229138692,3.273639229138692,0.0
original,1,1,16,3.3811745325724285,3.3811745325724285,0.0,3.3536358960469563,3.3536358960469563,0.0
original,1,1,17,3.174026829401652,3.174026829401652,0.0,3.1448203722635903,3.1448203722635903,0.0
original,1,1,18,3.1994135348002115,3.1994135348002115,0.0,3.212863295873006,3.212863295873006,0.0
original,1,1,19,3.028256540298462,3.028256540298462,0.0,2.998784203529358,2.998784203529358,0.0
original,1,1,20,2.965253798166911,2.965253798166911,0.0,2.933383534749349,2.933383534749349,0.0
original,1,1,21,2.9399067465464275,2.9399067465464275,0.0,2.7663137499491373,2.7663137499491373,0.0
original,1,1,22,2.868712892532349,2.868712892532349,0.0,2.798303877512614,2.798303877512614,0.0
original,1,1,23,2.6481508922576906,2.6481508922576906,0.0,2.829966592788696,2.829966592788696,0.0
original,1,1,24,2.6774725977579754,2.6774725977579754,0.0,2.6448868560791015,2.6448868560791015,0.0
original,1,1,25,2.617010618845622,2.617010618845622,0.0,2.6553025960922243,2.6553025960922243,0.0
original,1,1,26,2.4817068576812744,2.4817068576812744,0.0,2.4646427122751873,2.4646427122751873,0.0
original,1,1,27,2.4739692910512288,2.4739692910512288,0.0,2.3432997544606526,2.3432997544606526,0.0
original,1,1,28,2.478762737909953,2.478762737909953,0.0,2.698874586423238,2.698874586423238,0.0
original,1,1,29,2.3950696341196696,2.3950696341196696,0.0,2.218403902053833,2.218403902053833,0.0
original,1,1,30,2.298431628545125,2.298431628545125,0.0,2.400449268023173,2.400449268023173,0.0
original,1,1,31,2.198937040964762,2.198937040964762,0.0,2.1623689619700115,2.1623689619700115,0.0
original,1,1,32,2.2918642393747963,2.2918642393747963,0.0,2.2520715173085533,2.2520715173085533,0.0
original,1,1,33,2.0958717823028565,2.0958717823028565,0.0,2.003347496986389,2.003347496986389,0.0
original,1,1,34,2.0458966000874836,2.0458966000874836,0.0,1.9809703222910564,1.9809703222910564,0.0
original,1,1,35,2.0838727935155235,2.0838727935155235,0.0,2.1424731747309367,2.1424731747309367,0.0
original,1,1,36,1.9125494066874187,1.9125494066874187,0.0,1.9523817777633667,1.9523817777633667,0.0
original,1,1,37,1.8907218345006307,1.8907218345006307,0.0,1.8756171035766602,1.8756171035766602,0.0
original,1,1,38,1.9499135557810465,1.9499135557810465,0.0,1.963252027829488,1.963252027829488,0.0
original,1,1,39,1.8941671212514242,1.8941671212514242,0.0,1.864921129544576,1.864921129544576,0.0
original,1,1,40,1.770310452779134,1.770310452779134,0.0,1.7601245737075806,1.7601245737075806,0.0
original,1,1,41,1.8171321264902751,1.8171321264902751,0.0,1.7754273573557535,1.7754273573557535,0.0
original,1,1,42,1.793791462580363,1.793791462580363,0.0,1.7085397370656332,1.7085397370656332,0.0
original,1,1,43,1.7810055001576741,1.7810055001576741,0.0,1.6661069361368814,1.6661069361368814,0.0
original,1,1,44,1.7206897481282553,1.7206897481282553,0.0,1.6609278790156046,1.6609278790156046,0.0
original,1,1,45,1.6840724245707195,1.6840724245707195,0.0,1.5684659814834594,1.5684659814834594,0.0
original,1,1,46,1.578178866704305,1.578178866704305,0.0,1.5365622456868488,1.5365622456868488,0.0
original,1,1,47,1.5337967443466187,1.5337967443466187,0.0,1.4955294036865234,1.4955294036865234,0.0
original,1,1,48,1.5494797229766846,1.5494797229766846,0.0,1.470353790918986,1.470353790918986,0.0
original,1,1,49,1.5137767601013183,1.5137767601013183,0.0,1.4317475016911825,1.4317475016911825,0.0
original,1,1,50,1.4534875281651816,1.4534875281651816,0.0,1.423101970354716,1.423101970354716,0.0
original,1,1,51,1.4383445294698078,1.4383445294698078,0.0,1.3665748961766562,1.3665748961766562,0.0
original,1,1,52,1.4604922596613565,1.4604922596613565,0.0,1.3801433436075847,1.3801433436075847,0.0
original,1,1,53,1.3727825848261515,1.3727825848261515,0.0,1.369852377573649,1.369852377573649,0.0
original,1,1,54,1.4898163986206054,1.4898163986206054,0.0,1.4873300282160442,1.4873300282160442,0.0
original,1,1,55,1.2908617067337036,1.2908617067337036,0.0,1.2571312761306763,1.2571312761306763,0.0
original,1,1,56,1.3041627629597983,1.3041627629597983,0.0,1.2696798213322957,1.2696798213322957,0.0
original,1,1,57,1.287034494082133,1.287034494082133,0.0,1.272791531085968,1.272791531085968,0.0
original,1,1,58,1.2415788284937541,1.2415788284937541,0.0,1.1916863346099853,1.1916863346099853,0.0
original,1,1,59,1.3553316116333007,1.3553316116333007,0.0,1.2369623231887816,1.2369623231887816,0.0
original,1,1,60,1.207452603975932,1.207452603975932,0.0,1.1903111823399861,1.1903111823399861,0.0
original,1,1,61,1.1658931716283163,1.1658931716283163,0.0,1.1194474522272746,1.1194474522272746,0.0
original,1,1,62,1.315888106028239,1.315888106028239,0.0,1.1671387402216593,1.1671387402216593,0.0
original,1,1,63,1.151714506149292,1.151714506149292,0.0,1.178121112982432,1.178121112982432,0.0
original,1,1,64,1.225428139368693,1.225428139368693,0.0,1.2122884639104208,1.2122884639104208,0.0
original,1,1,65,1.2201681582132975,1.2201681582132975,0.0,1.2029827952384948,1.2029827952384948,0.0
original,1,1,66,1.1608585580190023,1.1608585580190023,0.0,1.1479287060101826,1.1479287060101826,0.0
original,1,1,67,1.1230251598358154,1.1230251598358154,0.0,1.1789997911453247,1.1789997911453247,0.0
original,1,1,68,1.1848713127772013,1.1848713127772013,0.0,1.1735897835095723,1.1735897835095723,0.0
original,1,1,69,1.1299214792251586,1.1299214792251586,0.0,1.1783464646339417,1.1783464646339417,0.0
original,1,1,70,1.1520135227839152,1.1520135227839152,0.0,1.1835594526926676,1.1835594526926676,0.0
original,1,1,71,1.145677261352539,1.145677261352539,0.0,1.106357311407725,1.106357311407725,0.0
original,1,1,72,1.1909727319081624,1.1909727319081624,0.0,1.191749488512675,1.191749488512675,0.0
original,1,1,73,1.1440903488794962,1.1440903488794962,0.0,1.2014992753664653,1.2014992753664653,0.0
original,1,1,74,1.0799461126327514,1.0799461126327514,0.0,1.109419236977895,1.109419236977895,0.0
original,1,1,75,1.0630893643697104,1.0630893643697104,0.0,1.0880833792686462,1.0880833792686462,0.0
original,1,1,76,1.1367810773849487,1.1367810773849487,0.0,1.209963079293569,1.209963079293569,0.0
original,1,1,77,1.109782910346985,1.109782910346985,0.0,1.1533429582913717,1.1533429582913717,0.0
original,1,1,78,1.0714517831802368,1.0714517831802368,0.0,1.1145240902900695,1.1145240902900695,0.0
original,1,1,79,1.0697705936431885,1.0697705936431885,0.0,1.1354286432266236,1.1354286432266236,0.0
original,1,1,80,1.0053440340360005,1.0053440340360005,0.0,1.084836914539337,1.084836914539337,0.0
original,1,1,81,1.003594428698222,1.003594428698222,0.0,1.098715214729309,1.098715214729309,0.0
original,1,1,82,1.0436619170506796,1.0436619170506796,0.0,1.0352368593215941,1.0352368593215941,0.0
original,1,1,83,1.0599362007776896,1.0599362007776896,0.0,1.0256005581219991,1.0256005581219991,0.0
original,1,1,84,1.0105298813184103,1.0105298813184103,0.0,0.9953094696998597,0.9953094696998597,0.0
original,1,1,85,0.9908422295252483,0.9908422295252483,0.0,1.0024793203671774,1.0024793203671774,0.0
original,1,1,86,0.9614730278650919,0.9614730278650919,0.0,0.9909863615036011,0.9909863615036011,0.0
original,1,1,87,1.0139985704421997,1.0139985704421997,0.0,1.0606625247001649,1.0606625247001649,0.0
original,1,1,88,0.9380218887329101,0.9380218887329101,0.0,1.0122989869117738,1.0122989869117738,0.0
original,1,1,89,0.9560194746653239,0.9560194746653239,0.0,0.9684451794624329,0.9684451794624329,0.0
original,1,1,90,0.9463414223988851,0.9463414223988851,0.0,0.9446593165397644,0.9446593165397644,0.0
original,1,1,91,0.9593370819091797,0.9593370819091797,0.0,0.9289283911387126,0.9289283911387126,0.0
original,1,1,92,0.9783256999651591,0.9783256999651591,0.0,0.9693998416264852,0.9693998416264852,0.0
original,1,1,93,0.939411211013794,0.939411211013794,0.0,1.013866716225942,1.013866716225942,0.0
original,1,1,94,0.9998388409614563,0.9998388409614563,0.0,0.9826000944773357,0.9826000944773357,0.0
original,1,1,95,0.9315800237655639,0.9315800237655639,0.0,0.9292024286588033,0.9292024286588033,0.0
original,1,1,96,0.9120888336499532,0.9120888336499532,0.0,0.9192173298199972,0.9192173298199972,0.0
original,1,1,97,0.9226053810119629,0.9226053810119629,0.0,0.8966448680559794,0.8966448680559794,0.0
original,1,1,98,0.9239775721232096,0.9239775721232096,0.0,0.9361166326204936,0.9361166326204936,0.0
original,1,1,99,0.898951822121938,0.898951822121938,0.0,0.9339104342460632,0.9339104342460632,0.0
original,1,1,100,0.913394992351532,0.913394992351532,0.0,0.9542408871650696,0.9542408871650696,0.0
original,1,1,101,0.9100666475296021,0.9100666475296021,0.0,0.9500886901219686,0.9500886901219686,0.0
original,1,1,102,0.920364793141683,0.920364793141683,0.0,0.9221243945757548,0.9221243945757548,0.0
original,1,1,103,0.9249255498250325,0.9249255498250325,0.0,0.9132498224576314,0.9132498224576314,0.0
original,1,1,104,0.9020737218856811,0.9020737218856811,0.0,0.9072679042816162,0.9072679042816162,0.0
original,1,1,105,0.8946772185961406,0.8946772185961406,0.0,0.9062752334276835,0.9062752334276835,0.0
original,1,1,106,0.914960211912791,0.914960211912791,0.0,0.8803637854258219,0.8803637854258219,0.0
original,1,1,107,0.8601254836718242,0.8601254836718242,0.0,0.8635250616073609,0.8635250616073609,0.0
original,1,1,108,0.8845914761225383,0.8845914761225383,0.0,0.9066138966878255,0.9066138966878255,0.0
original,1,1,109,0.887248174349467,0.887248174349467,0.0,0.8983361935615539,0.8983361935615539,0.0
original,1,1,110,0.8454832824071249,0.8454832824071249,0.0,0.8587916358311971,0.8587916358311971,0.0
original,1,1,111,0.8552554941177368,0.8552554941177368,0.0,0.8294372391700745,0.8294372391700745,0.0
original,1,1,112,0.8921684980392456,0.8921684980392456,0.0,0.8262328171730041,0.8262328171730041,0.0
original,1,1,113,0.8753677638371785,0.8753677638371785,0.0,0.8498586384455363,0.8498586384455363,0.0
original,1,1,114,0.8503596687316894,0.8503596687316894,0.0,0.8287698483467102,0.8287698483467102,0.0
original,1,1,115,0.8515090616544088,0.8515090616544088,0.0,0.8303325231870016,0.8303325231870016,0.0
original,1,1,116,0.8596529618899027,0.8596529618899027,0.0,0.8569963077704111,0.8569963077704111,0.0
original,1,1,117,0.8570125246047974,0.8570125246047974,0.0,0.872168261607488,0.872168261607488,0.0
original,1,1,118,0.858140594959259,0.858140594959259,0.0,0.8606000037988027,0.8606000037988027,0.0
original,1,1,119,0.8144348867734273,0.8144348867734273,0.0,0.8402872137228647,0.8402872137228647,0.0
original,1,1,120,0.8381490961710611,0.8381490961710611,0.0,0.8245657022794087,0.8245657022794087,0.0
original,1,1,121,0.8350260496139527,0.8350260496139527,0.0,0.8217619947592417,0.8217619947592417,0.0
original,1,1,122,0.8803238256772359,0.8803238256772359,0.0,0.8327844580014546,0.8327844580014546,0.0
original,1,1,123,0.853881622950236,0.853881622950236,0.0,0.8422896945476532,0.8422896945476532,0.0
original,1,1,124,0.8670252211888632,0.8670252211888632,0.0,0.8434624254703522,0.8434624254703522,0.0
original,1,1,125,0.8244178859392802,0.8244178859392802,0.0,0.8261625190575917,0.8261625190575917,0.0
original,1,1,126,0.8258860572179159,0.8258860572179159,0.0,0.8082192214330037,0.8082192214330037,0.0
original,1,1,127,0.830826256275177,0.830826256275177,0.0,0.8088862796624502,0.8088862796624502,0.0
original,1,1,128,0.8598857212066651,0.8598857212066651,0.0,0.8260929636160532,0.8260929636160532,0.0
original,1,1,129,0.7904338184992472,0.7904338184992472,0.0,0.8112806948026021,0.8112806948026021,0.0
original,1,1,130,0.8213314096132914,0.8213314096132914,0.0,0.8135165425141653,0.8135165425141653,0.0
original,1,1,131,0.82031627257665,0.82031627257665,0.0,0.8394240446885427,0.8394240446885427,0.0
original,1,1,132,0.8348221516609192,0.8348221516609192,0.0,0.8225216607252757,0.8225216607252757,0.0
original,1,1,133,0.8248350667953491,0.8248350667953491,0.0,0.8367751216888428,0.8367751216888428,0.0
original,1,1,134,0.8319900600115459,0.8319900600115459,0.0,0.8406924454371134,0.8406924454371134,0.0
original,1,1,135,0.8333626039822897,0.8333626039822897,0.0,0.8191501708825429,0.8191501708825429,0.0
original,1,1,136,0.8511240776379904,0.8511240776379904,0.0,0.8096129214763641,0.8096129214763641,0.0
original,1,1,137,0.8280921316146851,0.8280921316146851,0.0,0.8010657691955566,0.8010657691955566,0.0
original,1,1,138,0.8289245255788167,0.8289245255788167,0.0,0.7926164917151133,0.7926164917151133,0.0
original,1,1,139,0.8291034785906474,0.8291034785906474,0.0,0.7864721743265788,0.7864721743265788,0.0
original,1,1,140,0.813791253566742,0.813791253566742,0.0,0.7908039462566375,0.7908039462566375,0.0
original,1,1,141,0.8115035518010457,0.8115035518010457,0.0,0.7970919926961263,0.7970919926961263,0.0
original,1,1,142,0.7846892754236857,0.7846892754236857,0.0,0.8014749526977539,0.8014749526977539,0.0
original,1,1,143,0.8078057789802551,0.8078057789802551,0.0,0.8032401549816132,0.8032401549816132,0.0
original,1,1,144,0.8264665643374125,0.8264665643374125,0.0,0.7867018028100332,0.7867018028100332,0.0
original,1,1,145,0.8093354725837707,0.8093354725837707,0.0,0.7903104742368062,0.7903104742368062,0.0
original,1,1,146,0.7906632177035013,0.7906632177035013,0.0,0.7706438950697581,0.7706438950697581,0.0
original,1,1,147,0.8283167926470438,0.8283167926470438,0.0,0.8039971822500229,0.8039971822500229,0.0
original,1,1,148,0.7891712538401285,0.7891712538401285,0.0,0.7891358302036922,0.7891358302036922,0.0
original,1,1,149,0.7703251719474793,0.7703251719474793,0.0,0.8048927952845891,0.8048927952845891,0.0
original,1,1,150,0.761186265150706,0.761186265150706,0.0,0.7945481582482656,0.7945481582482656,0.0
original,1,1,151,0.7902334054311116,0.7902334054311116,0.0,0.7642603985468547,0.7642603985468547,0.0
original,1,1,152,0.7655396072069803,0.7655396072069803,0.0,0.7513073986768722,0.7513073986768722,0.0
original,1,1,153,0.771187018553416,0.771187018553416,0.0,0.7658235754569371,0.7658235754569371,0.0
original,1,1,154,0.7587737011909484,0.7587737011909484,0.0,0.7546021463473638,0.7546021463473638,0.0
original,1,1,155,0.747826858361562,0.747826858361562,0.0,0.7772817291816075,0.7772817291816075,0.0
original,1,1,156,0.7903687580426534,0.7903687580426534,0.0,0.7984646586577098,0.7984646586577098,0.0
original,1,1,157,0.7871919441223144,0.7871919441223144,0.0,0.783248270948728,0.783248270948728,0.0
original,1,1,158,0.7532871580123901,0.7532871580123901,0.0,0.7756368825833003,0.7756368825833003,0.0
original,1,1,159,0.7954555797576904,0.7954555797576904,0.0,0.8108776177962621,0.8108776177962621,0.0
original,1,1,160,0.7682927759488424,0.7682927759488424,0.0,0.7860221701860428,0.7860221701860428,0.0
original,1,1,161,0.7553800972302754,0.7553800972302754,0.0,0.7684563199679056,0.7684563199679056,0.0
original,1,1,162,0.8002607711156209,0.8002607711156209,0.0,0.7612855905294418,0.7612855905294418,0.0
original,1,1,163,0.7737681182225545,0.7737681182225545,0.0,0.7666542998949687,0.7666542998949687,0.0
original,1,1,164,0.7511776153246562,0.7511776153246562,0.0,0.7477382373809814,0.7477382373809814,0.0
original,1,1,165,0.7471728618939718,0.7471728618939718,0.0,0.7378816074132919,0.7378816074132919,0.0
original,1,1,166,0.762476400534312,0.762476400534312,0.0,0.7325253303845723,0.7325253303845723,0.0
original,1,1,167,0.7829514050483704,0.7829514050483704,0.0,0.7512155469258627,0.7512155469258627,0.0
original,1,1,168,0.7588310448328653,0.7588310448328653,0.0,0.734116881887118,0.734116881887118,0.0
original,1,1,169,0.7693057942390442,0.7693057942390442,0.0,0.7327608980735143,0.7327608980735143,0.0
original,1,1,170,0.73474764585495,0.73474764585495,0.0,0.726249504685402,0.726249504685402,0.0
original,1,1,171,0.7460954825083415,0.7460954825083415,0.0,0.7454693502187729,0.7454693502187729,0.0
original,1,1,172,0.7356092278162638,0.7356092278162638,0.0,0.7184987847010295,0.7184987847010295,0.0
original,1,1,173,0.7260513567924499,0.7260513567924499,0.0,0.7171705240011215,0.7171705240011215,0.0
original,1,1,174,0.7461820403734843,0.7461820403734843,0.0,0.7286393831173579,0.7286393831173579,0.0
original,1,1,175,0.7490738312403361,0.7490738312403361,0.0,0.7484549448887508,0.7484549448887508,0.0
original,1,1,176,0.7729009294509888,0.7729009294509888,0.0,0.7242705353101094,0.7242705353101094,0.0
original,1,1,177,0.7347239899635315,0.7347239899635315,0.0,0.7169912374019622,0.7169912374019622,0.0
original,1,1,178,0.7511711374918619,0.7511711374918619,0.0,0.7417825502157211,0.7417825502157211,0.0
original,1,1,179,0.7204106577237447,0.7204106577237447,0.0,0.7238035704692205,0.7238035704692205,0.0
original,1,1,180,0.7280203938484192,0.7280203938484192,0.0,0.7298823243379593,0.7298823243379593,0.0
original,1,1,181,0.7177776137987772,0.7177776137987772,0.0,0.714188228448232,0.714188228448232,0.0
original,1,1,182,0.7362085254987081,0.7362085254987081,0.0,0.7125428887208303,0.7125428887208303,0.0
original,1,1,183,0.740195574760437,0.740195574760437,0.0,0.7362910072008769,0.7362910072008769,0.0
original,1,1,184,0.7217766904830932,0.7217766904830932,0.0,0.7203238372008006,0.7203238372008006,0.0
original,1,1,185,0.7391641354560852,0.7391641354560852,0.0,0.7130887393156687,0.7130887393156687,0.0
original,1,1,186,0.7180766320228577,0.7180766320228577,0.0,0.712263401945432,0.712263401945432,0.0
original,1,1,187,0.7601053047180176,0.7601053047180176,0.0,0.7084354735414187,0.7084354735414187,0.0
original,1,1,188,0.744571901957194,0.744571901957194,0.0,0.7301333825786909,0.7301333825786909,0.0
original,1,1,189,0.7092668636639913,0.7092668636639913,0.0,0.7164367627104123,0.7164367627104123,0.0
original,1,1,190,0.7135084295272827,0.7135084295272827,0.0,0.7180241762598356,0.7180241762598356,0.0
original,1,1,191,0.6998554714520773,0.6998554714520773,0.0,0.702590238849322,0.702590238849322,0.0
original,1,1,192,0.7240839743614197,0.7240839743614197,0.0,0.7092800475160281,0.7092800475160281,0.0
original,1,1,193,0.7146184015274047,0.7146184015274047,0.0,0.7126668778061866,0.7126668778061866,0.0
original,1,1,194,0.7126005101203918,0.7126005101203918,0.0,0.7116653856635093,0.7116653856635093,0.0
original,1,1,195,0.7543625624974569,0.7543625624974569,0.0,0.708675294915835,0.708675294915835,0.0
original,1,1,196,0.7227566011746724,0.7227566011746724,0.0,0.7093827320138614,0.7093827320138614,0.0
original,1,1,197,0.7318985621134441,0.7318985621134441,0.0,0.7139735375841458,0.7139735375841458,0.0
original,1,1,198,0.7246480107307434,0.7246480107307434,0.0,0.7093369414409002,0.7093369414409002,0.0
original,1,1,199,0.7427374275525411,0.7427374275525411,0.0,0.7079957839846611,0.7079957839846611,0.0
original,1,1,200,0.7313386789957682,0.7313386789957682,0.0,0.7039619132876396,0.7039619132876396,0.0
original,1,1,201,0.7191968401273091,0.7191968401273091,0.0,0.7103436047832171,0.7103436047832171,0.0
original,1,1,202,0.7455877510706583,0.7455877510706583,0.0,0.708035727639993,0.708035727639993,0.0
original,1,1,203,0.7147237833340963,0.7147237833340963,0.0,0.7090504550933838,0.7090504550933838,0.0
original,1,1,204,0.7215440090497335,0.7215440090497335,0.0,0.7081566312909127,0.7081566312909127,0.0
original,1,1,205,0.7185658621788025,0.7185658621788025,0.0,0.719592610001564,0.719592610001564,0.0
original,1,1,206,0.7175553067525228,0.7175553067525228,0.0,0.7104738626877467,0.7104738626877467,0.0
original,1,1,207,0.7025932693481445,0.7025932693481445,0.0,0.7057692152261734,0.7057692152261734,0.0
original,1,1,208,0.729584268728892,0.729584268728892,0.0,0.7060453402996063,0.7060453402996063,0.0
original,1,1,209,0.7326934321721394,0.7326934321721394,0.0,0.7043817590673764,0.7043817590673764,0.0
original,1,1,210,0.7142720047632853,0.7142720047632853,0.0,0.7042708761493365,0.7042708761493365,0.0
original,1,1,211,0.7227689139048259,0.7227689139048259,0.0,0.7054697735110919,0.7054697735110919,0.0
original,1,1,212,0.7175449013710022,0.7175449013710022,0.0,0.7017043897509575,0.7017043897509575,0.0
original,1,1,213,0.7280883010228475,0.7280883010228475,0.0,0.7041025752822558,0.7041025752822558,0.0
original,1,1,214,0.7197645425796508,0.7197645425796508,0.0,0.7050176682074865,0.7050176682074865,0.0
original,1,1,215,0.7296876454353333,0.7296876454353333,0.0,0.7065621955196063,0.7065621955196063,0.0
original,1,1,216,0.7269054079055786,0.7269054079055786,0.0,0.7085285997390747,0.7085285997390747,0.0
original,1,1,217,0.7255768760045369,0.7255768760045369,0.0,0.7050633385777474,0.7050633385777474,0.0
original,1,1,218,0.7596697235107421,0.7596697235107421,0.0,0.705360332330068,0.705360332330068,0.0
original,1,1,219,0.7166407545407613,0.7166407545407613,0.0,0.705861108203729,0.705861108203729,0.0
original,1,1,220,0.7412555321057638,0.7412555321057638,0.0,0.701402048865954,0.701402048865954,0.0
original,1,1,221,0.7530458728472392,0.7530458728472392,0.0,0.7013899464408556,0.7013899464408556,0.0
original,1,1,222,0.7563788239161173,0.7563788239161173,0.0,0.7058472922444343,0.7058472922444343,0.0
original,1,1,223,0.7551577806472778,0.7551577806472778,0.0,0.7002094066143036,0.7002094066143036,0.0
original,1,1,224,0.7760742791493733,0.7760742791493733,0.0,0.7026215119163195,0.7026215119163195,0.0
original,1,1,225,0.7424070898691814,0.7424070898691814,0.0,0.700028854906559,0.700028854906559,0.0
original,1,1,226,0.7547554389635722,0.7547554389635722,0.0,0.710945583085219,0.710945583085219,0.0
original,1,1,227,0.7278192965189616,0.7278192965189616,0.0,0.7082931630810102,0.7082931630810102,0.0
original,1,1,228,0.7566524545351664,0.7566524545351664,0.0,0.7011680451035499,0.7011680451035499,0.0
original,1,1,229,0.7642342933019002,0.7642342933019002,0.0,0.7207362971703212,0.7207362971703212,0.0
original,1,1,230,0.7790382011731466,0.7790382011731466,0.0,0.7257123880585035,0.7257123880585035,0.0
original,1,1,231,0.7539300974210104,0.7539300974210104,0.0,0.7232066654165585,0.7232066654165585,0.0
original,1,1,232,0.7552571431795756,0.7552571431795756,0.0,0.7325898539026579,0.7325898539026579,0.0
original,1,1,233,0.7801999600728353,0.7801999600728353,0.0,0.7335982419053714,0.7335982419053714,0.0
original,1,1,234,0.7492279132207235,0.7492279132207235,0.0,0.7292565789818763,0.7292565789818763,0.0
original,1,1,235,0.7790131362279257,0.7790131362279257,0.0,0.7298299818237622,0.7298299818237622,0.0
original,1,1,236,0.797655238310496,0.797655238310496,0.0,0.7438021805882454,0.7438021805882454,0.0
original,1,1,237,0.7539673701922098,0.7539673701922098,0.0,0.7389958809812863,0.7389958809812863,0.0
original,1,1,238,0.7887049722671509,0.7887049722671509,0.0,0.7391110337773958,0.7391110337773958,0.0
original,1,1,239,0.7701811456680298,0.7701811456680298,0.0,0.7376939502358436,0.7376939502358436,0.0
original,1,1,240,0.7683764338493347,0.7683764338493347,0.0,0.7193631508946419,0.7193631508946419,0.0
original,1,1,241,0.766813558737437,0.766813558737437,0.0,0.7173183643817902,0.7173183643817902,0.0
original,1,1,242,0.7636194753646851,0.7636194753646851,0.0,0.714837963183721,0.714837963183721,0.0
original,1,1,243,0.7536341595649719,0.7536341595649719,0.0,0.7228186164299647,0.7228186164299647,0.0
original,1,1,244,0.7924410406748453,0.7924410406748453,0.0,0.7203722304105759,0.7203722304105759,0.0
original,1,1,245,0.7823594172795614,0.7823594172795614,0.0,0.7338534362117449,0.7338534362117449,0.0
original,1,1,246,0.7901626833279928,0.7901626833279928,0.0,0.7416315460205078,0.7416315460205078,0.0
original,1,1,247,0.8534182365735372,0.8534182365735372,0.0,0.7491871595382691,0.7491871595382691,0.0
original,1,1,248,0.8575030541419983,0.8575030541419983,0.0,0.7809928744037946,0.7809928744037946,0.0
original,1,1,249,0.8740352455774943,0.8740352455774943,0.0,0.8300780436396599,0.8300780436396599,0.0
original,1,1,250,0.8781557750701904,0.8781557750701904,0.0,0.8119704249501228,0.8119704249501228,0.0
original,1,1,251,0.8875875163078308,0.8875875163078308,0.0,0.8389566349983215,0.8389566349983215,0.0
original,1,1,252,0.8845610427856445,0.8845610427856445,0.0,0.8182548927267392,0.8182548927267392,0.0
original,1,1,253,0.8638860853513082,0.8638860853513082,0.0,0.8273277114828428,0.8273277114828428,0.0
original,1,1,254,0.8411629486083985,0.8411629486083985,0.0,0.8041745414336522,0.8041745414336522,0.0
original,1,1,255,0.8086734064420065,0.8086734064420065,0.0,0.7916794649759928,0.7916794649759928,0.0
original,1,1,256,0.7862176616986593,0.7862176616986593,0.0,0.7727352838714917,0.7727352838714917,0.0
original,1,1,257,0.7693030993143718,0.7693030993143718,0.0,0.7639329130450885,0.7639329130450885,0.0
original,1,1,258,0.7777263696988423,0.7777263696988423,0.0,0.7569525582591693,0.7569525582591693,0.0
original,1,1,259,0.7663192454973856,0.7663192454973856,0.0,0.7545623075962067,0.7545623075962067,0.0
original,1,1,260,0.7540389132499695,0.7540389132499695,0.0,0.7635349383950234,0.7635349383950234,0.0
original,1,1,261,0.768398311138153,0.768398311138153,0.0,0.7610441409548123,0.7610441409548123,0.0
original,1,1,262,0.7643828105926513,0.7643828105926513,0.0,0.7604010591904322,0.7604010591904322,0.0
original,1,1,263,0.7798296729723613,0.7798296729723613,0.0,0.7765135976672173,0.7765135976672173,0.0
original,1,1,264,0.7917110315958659,0.7917110315958659,0.0,0.7912975298364957,0.7912975298364957,0.0
original,1,1,265,0.7799923984209697,0.7799923984209697,0.0,0.7818293977777163,0.7818293977777163,0.0
original,1,1,266,0.795748975276947,0.795748975276947,0.0,0.7875762687126795,0.7875762687126795,0.0
original,1,1,267,0.8138773798942566,0.8138773798942566,0.0,0.7984449723362923,0.7984449723362923,0.0
original,1,1,268,0.8151012595494588,0.8151012595494588,0.0,0.8017363551259041,0.8017363551259041,0.0
original,1,1,269,0.8107747340202331,0.8107747340202331,0.0,0.8059235711892446,0.8059235711892446,0.0
original,1,1,270,0.8076785588264466,0.8076785588264466,0.0,0.8012259582678477,0.8012259582678477,0.0
original,1,1,271,0.7904821395874023,0.7904821395874023,0.0,0.8037274812658628,0.8037274812658628,0.0
original,1,1,272,0.79199258406957,0.79199258406957,0.0,0.7936571199695269,0.7936571199695269,0.0
original,1,1,273,0.7693813896179199,0.7693813896179199,0.0,0.7873118656873703,0.7873118656873703,0.0
original,1,1,274,0.7717754459381103,0.7717754459381103,0.0,0.774093060195446,0.774093060195446,0.0
original,1,1,275,0.7669709277153015,0.7669709277153015,0.0,0.7720476546883583,0.7720476546883583,0.0
original,1,1,276,0.7659001890818278,0.7659001890818278,0.0,0.7634671182433764,0.7634671182433764,0.0
original,1,1,277,0.7614470060666402,0.7614470060666402,0.0,0.7604514993230502,0.7604514993230502,0.0
original,1,1,278,0.750118305683136,0.750118305683136,0.0,0.7665039711197217,0.7665039711197217,0.0
original,1,1,279,0.7463017757733663,0.7463017757733663,0.0,0.789330768485864,0.789330768485864,0.0
original,1,1,280,0.7555835549036661,0.7555835549036661,0.0,0.7639083003997803,0.7639083003997803,0.0
original,1,1,281,0.7491891463597615,0.7491891463597615,0.0,0.7685672372579575,0.7685672372579575,0.0
original,1,1,282,0.7555767250061035,0.7555767250061035,0.0,0.7428180885314941,0.7428180885314941,0.0
original,1,1,283,0.7456764038403829,0.7456764038403829,0.0,0.7365717315673828,0.7365717315673828,0.0
original,1,1,284,0.7303506422042847,0.7303506422042847,0.0,0.7355011936028798,0.7355011936028798,0.0
original,1,1,285,0.7406477967898051,0.7406477967898051,0.0,0.7321121646960577,0.7321121646960577,0.0
original,1,1,286,0.7297107195854187,0.7297107195854187,0.0,0.7306574778755506,0.7306574778755506,0.0
original,1,1,287,0.7298465172449747,0.7298465172449747,0.0,0.7318201451500257,0.7318201451500257,0.0
original,1,1,288,0.7348647451400757,0.7348647451400757,0.0,0.741828136742115,0.741828136742115,0.0
original,1,1,289,0.7293253938357035,0.7293253938357035,0.0,0.7462597839037577,0.7462597839037577,0.0
original,1,1,290,0.734075710773468,0.734075710773468,0.0,0.7348609295487404,0.7348609295487404,0.0
original,1,1,291,0.7397173651059469,0.7397173651059469,0.0,0.7319777854283651,0.7319777854283651,0.0
original,1,1,292,0.7274051094055176,0.7274051094055176,0.0,0.7329351727167766,0.7329351727167766,0.0
original,1,1,293,0.7342903542518616,0.7342903542518616,0.0,0.7303826420505841,0.7303826420505841,0.0
original,1,1,294,0.7265120085080464,0.7265120085080464,0.0,0.731724683046341,0.731724683046341,0.0
original,1,1,295,0.7349968520800273,0.7349968520800273,0.0,0.7268836521108946,0.7268836521108946,0.0
original,1,1,296,0.7318786954879761,0.7318786954879761,0.0,0.7264171527822813,0.7264171527822813,0.0
original,1,1,297,0.7352938707669576,0.7352938707669576,0.0,0.7285618879397711,0.7285618879397711,0.0
original,1,1,298,0.7357325530052186,0.7357325530052186,0.0,0.7267474399010341,0.7267474399010341,0.0
original,1,1,299,0.742053480943044,0.742053480943044,0.0,0.7313068324327469,0.7313068324327469,0.0
original,1,1,300,0.7417418313026428,0.7417418313026428,0.0,0.7373178509871164,0.7373178509871164,0.0
original,1,1,301,0.7325150990486144,0.7325150990486144,0.0,0.7260874518752098,0.7260874518752098,0.0
original,1,1,302,0.7373731088638306,0.7373731088638306,0.0,0.7303175629178683,0.7303175629178683,0.0
original,1,1,303,0.7347527114550273,0.7347527114550273,0.0,0.7377976409594218,0.7377976409594218,0.0
original,1,1,304,0.7278229061762492,0.7278229061762492,0.0,0.733773333132267,0.733773333132267,0.0
original,1,1,305,0.7312070178985596,0.7312070178985596,0.0,0.7317282844583194,0.7317282844583194,0.0
original,1,1,306,0.7375199842453003,0.7375199842453003,0.0,0.7289932517210642,0.7289932517210642,0.0
original,1,1,307,0.7314921458562215,0.7314921458562215,0.0,0.7295640581846237,0.7295640581846237,0.0
original,1,1,308,0.7257593568166097,0.7257593568166097,0.0,0.7230999749898911,0.7230999749898911,0.0
original,1,1,309,0.7267713952064514,0.7267713952064514,0.0,0.7265553759535154,0.7265553759535154,0.0
original,1,1,310,0.7249780027071635,0.7249780027071635,0.0,0.7230287550886472,0.7230287550886472,0.0
original,1,1,311,0.7211683217684428,0.7211683217684428,0.0,0.7184808947642645,0.7184808947642645,0.0
original,1,1,312,0.7137164918581644,0.7137164918581644,0.0,0.7198721896608671,0.7198721896608671,0.0
original,1,1,313,0.722726567586263,0.722726567586263,0.0,0.7211380236347517,0.7211380236347517,0.0
original,1,1,314,0.7251610064506531,0.7251610064506531,0.0,0.7232426872849465,0.7232426872849465,0.0
original,1,1,315,0.7187131277720133,0.7187131277720133,0.0,0.7148997964461644,0.7148997964461644,0.0
original,1,1,316,0.70469748655955,0.70469748655955,0.0,0.718844296236833,0.718844296236833,0.0
original,1,1,317,0.7064833887418112,0.7064833887418112,0.0,0.7176861569285393,0.7176861569285393,0.0
original,1,1,318,0.7091522725423177,0.7091522725423177,0.0,0.7131087626020114,0.7131087626020114,0.0
original,1,1,319,0.7019585879643758,0.7019585879643758,0.0,0.7114881731073062,0.7114881731073062,0.0
original,1,1,320,0.7101003257433574,0.7101003257433574,0.0,0.7072580554087957,0.7072580554087957,0.0
original,1,1,321,0.6972423974672953,0.6972423974672953,0.0,0.7104669426878293,0.7104669426878293,0.0
original,1,1,322,0.7006769196192424,0.7006769196192424,0.0,0.7003631989161173,0.7003631989161173,0.0
original,1,1,323,0.6947222447395325,0.6947222447395325,0.0,0.6942485603690147,0.6942485603690147,0.0
original,1,1,324,0.690337438583374,0.690337438583374,0.0,0.7065628775954247,0.7065628775954247,0.0
original,1,1,325,0.688282573223114,0.688282573223114,0.0,0.6875556508700053,0.6875556508700053,0.0
original,1,1,326,0.6769653153419495,0.6769653153419495,0.0,0.6860232535004616,0.6860232535004616,0.0
original,1,1,327,0.6910267678896586,0.6910267678896586,0.0,0.697129847407341,0.697129847407341,0.0
original,1,1,328,0.6888594953219096,0.6888594953219096,0.0,0.681058173875014,0.681058173875014,0.0
original,1,1,329,0.6857137807210286,0.6857137807210286,0.0,0.6717768949270249,0.6717768949270249,0.0
original,1,1,330,0.682205220858256,0.682205220858256,0.0,0.6847203756372134,0.6847203756372134,0.0
original,1,1,331,0.6825612489382425,0.6825612489382425,0.0,0.6798869433999062,0.6798869433999062,0.0
original,1,1,332,0.6726192021369934,0.6726192021369934,0.0,0.6696336676677068,0.6696336676677068,0.0
original,1,1,333,0.6684676496187846,0.6684676496187846,0.0,0.657095022201538,0.657095022201538,0.0
original,1,1,334,0.668654781182607,0.668654781182607,0.0,0.6594366673628489,0.6594366673628489,0.0
original,1,1,335,0.6744902070363362,0.6744902070363362,0.0,0.6636120970547199,0.6636120970547199,0.0
original,1,1,336,0.6575892011324564,0.6575892011324564,0.0,0.649725591391325,0.649725591391325,0.0
original,1,1,337,0.6578036721547444,0.6578036721547444,0.0,0.6587030863265196,0.6587030863265196,0.0
original,1,1,338,0.6703165555000306,0.6703165555000306,0.0,0.6608487564822038,0.6608487564822038,0.0
original,1,1,339,0.6593129094441732,0.6593129094441732,0.0,0.651511243234078,0.651511243234078,0.0
original,1,1,340,0.6490877342224121,0.6490877342224121,0.0,0.6418613672753175,0.6418613672753175,0.0
original,1,1,341,0.650593462785085,0.650593462785085,0.0,0.6464333589871725,0.6464333589871725,0.0
original,1,1,342,0.6568203568458557,0.6568203568458557,0.0,0.6515474086006482,0.6515474086006482,0.0
original,1,1,343,0.6538877526919047,0.6538877526919047,0.0,0.6481966736912728,0.6481966736912728,0.0
original,1,1,344,0.6466226490338643,0.6466226490338643,0.0,0.6419589183231195,0.6419589183231195,0.0
original,1,1,345,0.6471823859214783,0.6471823859214783,0.0,0.6305518221358458,0.6305518221358458,0.0
original,1,1,346,0.6394396471977234,0.6394396471977234,0.0,0.6332625944415728,0.6332625944415728,0.0
original,1,1,347,0.6494186274210612,0.6494186274210612,0.0,0.6364619402090709,0.6364619402090709,0.0
original,1,1,348,0.6401912077267965,0.6401912077267965,0.0,0.6189244138697784,0.6189244138697784,0.0
original,1,1,349,0.6342638500531514,0.6342638500531514,0.0,0.6197181641062101,0.6197181641062101,0.0
original,1,1,350,0.6274055409431457,0.6274055409431457,0.0,0.6155717881023883,0.6155717881023883,0.0
original,1,1,351,0.6328229757150015,0.6328229757150015,0.0,0.6486446139216423,0.6486446139216423,0.0
original,1,1,352,0.6436564119656881,0.6436564119656881,0.0,0.6247781592110793,0.6247781592110793,0.0
original,1,1,353,0.6219696307182312,0.6219696307182312,0.0,0.60815670500199,0.60815670500199,0.0
original,1,1,354,0.6175648959477743,0.6175648959477743,0.0,0.6188950976729393,0.6188950976729393,0.0
original,1,1,355,0.6220415806770325,0.6220415806770325,0.0,0.6035349660118421,0.6035349660118421,0.0
original,1,1,356,0.6109711909294129,0.6109711909294129,0.0,0.6008731722831726,0.6008731722831726,0.0
original,1,1,357,0.6118386387825012,0.6118386387825012,0.0,0.5967490074038505,0.5967490074038505,0.0
original,1,1,358,0.6200792535146078,0.6200792535146078,0.0,0.6041545909643173,0.6041545909643173,0.0
original,1,1,359,0.6104234417279562,0.6104234417279562,0.0,0.5990249964594841,0.5990249964594841,0.0
original,1,1,360,0.6087641835212707,0.6087641835212707,0.0,0.601317215959231,0.601317215959231,0.0
original,1,1,361,0.6125661150614421,0.6125661150614421,0.0,0.5961872889101505,0.5961872889101505,0.0
original,1,1,362,0.6167245769500732,0.6167245769500732,0.0,0.5903566461801529,0.5903566461801529,0.0
original,1,1,363,0.609255743821462,0.609255743821462,0.0,0.5891862035791079,0.5891862035791079,0.0
original,1,1,364,0.6244659884770711,0.6244659884770711,0.0,0.5898614429930846,0.5898614429930846,0.0
original,1,1,365,0.595283526579539,0.595283526579539,0.0,0.5994112991789977,0.5994112991789977,0.0
original,1,1,366,0.5972729031244913,0.5972729031244913,0.0,0.6045642431080341,0.6045642431080341,0.0
original,1,1,367,0.5995571565628052,0.5995571565628052,0.0,0.5881933670242627,0.5881933670242627,0.0
original,1,1,368,0.587618211110433,0.587618211110433,0.0,0.5807239883144697,0.5807239883144697,0.0
original,1,1,369,0.5895149834950765,0.5895149834950765,0.0,0.580040037582318,0.580040037582318,0.0
original,1,1,370,0.5841183916727701,0.5841183916727701,0.0,0.5819634081423283,0.5819634081423283,0.0
original,1,1,371,0.5842514626185099,0.5842514626185099,0.0,0.5800438211858272,0.5800438211858272,0.0
original,1,1,372,0.5887846310933431,0.5887846310933431,0.0,0.5745745190481345,0.5745745190481345,0.0
original,1,1,373,0.5995537559191386,0.5995537559191386,0.0,0.5624432378510634,0.5624432378510634,0.0
original,1,1,374,0.5807623465855917,0.5807623465855917,0.0,0.5887315331896146,0.5887315331896146,0.0
original,1,1,375,0.576108390490214,0.576108390490214,0.0,0.5906457443535328,0.5906457443535328,0.0
original,1,1,376,0.584925673007965,0.584925673007965,0.0,0.5728178598980109,0.5728178598980109,0.0
original,1,1,377,0.5783049289385478,0.5783049289385478,0.0,0.5660744406779608,0.5660744406779608,0.0
original,1,1,378,0.5695872076352437,0.5695872076352437,0.0,0.564876862068971,0.564876862068971,0.0
original,1,1,379,0.5759911942481994,0.5759911942481994,0.0,0.5636346649626891,0.5636346649626891,0.0
original,1,1,380,0.5747387413183848,0.5747387413183848,0.0,0.5728099691867828,0.5728099691867828,0.0
original,1,1,381,0.5861179494857788,0.5861179494857788,0.0,0.5574866126477719,0.5574866126477719,0.0
original,1,1,382,0.5643641527493795,0.5643641527493795,0.0,0.5582924918333689,0.5582924918333689,0.0
original,1,1,383,0.5641577112674713,0.5641577112674713,0.0,0.5619779247045517,0.5619779247045517,0.0
original,1,1,384,0.5660175776481629,0.5660175776481629,0.0,0.5604867788652579,0.5604867788652579,0.0
original,1,1,385,0.5658025813102722,0.5658025813102722,0.0,0.5483209600051244,0.5483209600051244,0.0
original,1,1,386,0.5749398016929627,0.5749398016929627,0.0,0.5509501891334851,0.5509501891334851,0.0
original,1,1,387,0.5581791083017985,0.5581791083017985,0.0,0.5554645310839017,0.5554645310839017,0.0
original,1,1,388,0.556035091082255,0.556035091082255,0.0,0.56586258182923,0.56586258182923,0.0
original,1,1,389,0.5861832165718078,0.5861832165718078,0.0,0.556920738418897,0.556920738418897,0.0
original,1,1,390,0.5694520334402721,0.5694520334402721,0.0,0.5441597113509973,0.5441597113509973,0.0
original,1,1,391,0.5690244094530741,0.5690244094530741,0.0,0.5467374524970849,0.5467374524970849,0.0
original,1,1,392,0.5618569246927897,0.5618569246927897,0.0,0.5408636661867301,0.5408636661867301,0.0
original,1,1,393,0.56366406361262,0.56366406361262,0.0,0.5387299617131551,0.5387299617131551,0.0
original,1,1,394,0.5592086851596832,0.5592086851596832,0.0,0.5411230817437171,0.5411230817437171,0.0
original,1,1,395,0.5588416155179342,0.5588416155179342,0.0,0.5432838110129038,0.5432838110129038,0.0
original,1,1,396,0.547654021581014,0.547654021581014,0.0,0.5408429629107316,0.5408429629107316,0.0
original,1,1,397,0.5467565178871154,0.5467565178871154,0.0,0.5387537261346976,0.5387537261346976,0.0
original,1,1,398,0.5490004126230875,0.5490004126230875,0.0,0.5422967699170113,0.5422967699170113,0.0
original,1,1,399,0.5524472260475158,0.5524472260475158,0.0,0.5318952675660451,0.5318952675660451,0.0
original,1,1,400,0.5447866662343344,0.5447866662343344,0.0,0.533001537869374,0.533001537869374,0.0
original,1,1,401,0.5410470032691955,0.5410470032691955,0.0,0.5568209786216418,0.5568209786216418,0.0
original,1,1,402,0.5378437956174215,0.5378437956174215,0.0,0.5414449156820774,0.5414449156820774,0.0
original,1,1,403,0.562937920888265,0.562937920888265,0.0,0.534388664762179,0.534388664762179,0.0
original,1,1,404,0.5678859384854634,0.5678859384854634,0.0,0.5296664968132972,0.5296664968132972,0.0
original,1,1,405,0.5460196129480998,0.5460196129480998,0.0,0.5249118052919706,0.5249118052919706,0.0
original,1,1,406,0.53416002313296,0.53416002313296,0.0,0.5344053935507933,0.5344053935507933,0.0
original,1,1,407,0.5463476053873698,0.5463476053873698,0.0,0.5332782219847043,0.5332782219847043,0.0
original,1,1,408,0.5443509908517202,0.5443509908517202,0.0,0.5308153115709623,0.5308153115709623,0.0
original,1,1,409,0.5352580634752909,0.5352580634752909,0.0,0.5213859154780706,0.5213859154780706,0.0
original,1,1,410,0.5288061396280924,0.5288061396280924,0.0,0.5250414973994096,0.5250414973994096,0.0
original,1,1,411,0.5344721476236979,0.5344721476236979,0.0,0.5236198061704636,0.5236198061704636,0.0
original,1,1,412,0.5531304526329041,0.5531304526329041,0.0,0.5174063606560231,0.5174063606560231,0.0
original,1,1,413,0.5520326848824819,0.5520326848824819,0.0,0.5222621830304464,0.5222621830304464,0.0
original,1,1,414,0.5260065611203512,0.5260065611203512,0.0,0.5346939693391323,0.5346939693391323,0.0
original,1,1,415,0.5313680199782054,0.5313680199782054,0.0,0.5182673738896847,0.5182673738896847,0.0
original,1,1,416,0.5246545179684957,0.5246545179684957,0.0,0.5273293028275172,0.5273293028275172,0.0
original,1,1,417,0.5350608611106873,0.5350608611106873,0.0,0.5238576332231363,0.5238576332231363,0.0
original,1,1,418,0.5262440792719523,0.5262440792719523,0.0,0.5129541263480981,0.5129541263480981,0.0
original,1,1,419,0.5148624269167582,0.5148624269167582,0.0,0.5219017069041729,0.5219017069041729,0.0
original,1,1,420,0.5379752536614736,0.5379752536614736,0.0,0.5135029805699984,0.5135029805699984,0.0
original,1,1,421,0.5274235725402832,0.5274235725402832,0.0,0.5144000066816807,0.5144000066816807,0.0
original,1,1,422,0.5423272323608398,0.5423272323608398,0.0,0.5134954303503036,0.5134954303503036,0.0
original,1,1,423,0.5067410922050476,0.5067410922050476,0.0,0.5121868645399809,0.5121868645399809,0.0
original,1,1,424,0.5301648640632629,0.5301648640632629,0.0,0.5135904231915871,0.5135904231915871,0.0
original,1,1,425,0.5240370992819469,0.5240370992819469,0.0,0.5127601320793231,0.5127601320793231,0.0
original,1,1,426,0.5284529113769532,0.5284529113769532,0.0,0.5172837072114149,0.5172837072114149,0.0
original,1,1,427,0.5240037687619528,0.5240037687619528,0.0,0.5067134158809979,0.5067134158809979,0.0
original,1,1,428,0.5246519843737284,0.5246519843737284,0.0,0.5128979047884544,0.5128979047884544,0.0
original,1,1,429,0.5413061606884003,0.5413061606884003,0.0,0.516366373722752,0.516366373722752,0.0
original,1,1,430,0.5152101349830628,0.5152101349830628,0.0,0.5050087536126375,0.5050087536126375,0.0
original,1,1,431,0.5149397957324982,0.5149397957324982,0.0,0.5036303586512804,0.5036303586512804,0.0
original,1,1,432,0.5217387906710307,0.5217387906710307,0.0,0.5076552771528562,0.5076552771528562,0.0
original,1,1,433,0.5171808131535848,0.5171808131535848,0.0,0.5024065445115169,0.5024065445115169,0.0
original,1,1,434,0.5196097524960835,0.5196097524960835,0.0,0.5086495391279459,0.5086495391279459,0.0
original,1,1,435,0.5165535076459249,0.5165535076459249,0.0,0.5109885032723347,0.5109885032723347,0.0
original,1,1,436,0.5146783351898193,0.5146783351898193,0.0,0.5062173202385505,0.5062173202385505,0.0
original,1,1,437,0.5291197943687439,0.5291197943687439,0.0,0.5027497190485398,0.5027497190485398,0.0
original,1,1,438,0.5191441138585409,0.5191441138585409,0.0,0.4974490305533012,0.4974490305533012,0.0
original,1,1,439,0.5164986562728882,0.5164986562728882,0.0,0.5029190508772929,0.5029190508772929,0.0
original,1,1,440,0.5072642604509989,0.5072642604509989,0.0,0.5004060517996549,0.5004060517996549,0.0
original,1,1,441,0.5214160565535227,0.5214160565535227,0.0,0.49257116941114265,0.49257116941114265,0.0
original,1,1,442,0.5032594994703928,0.5032594994703928,0.0,0.4994734794149796,0.4994734794149796,0.0
original,1,1,443,0.5312486918767293,0.5312486918767293,0.0,0.49579738222062586,0.49579738222062586,0.0
original,1,1,444,0.5149295814832051,0.5149295814832051,0.0,0.4953515784194072,0.4953515784194072,0.0
original,1,1,445,0.5245943025747934,0.5245943025747934,0.0,0.49670245865980783,0.49670245865980783,0.0
original,1,1,446,0.5014972507953643,0.5014972507953643,0.0,0.5000460286438465,0.5000460286438465,0.0
original,1,1,447,0.504603312810262,0.504603312810262,0.0,0.49556293241679666,0.49556293241679666,0.0
original,1,1,448,0.5025829633076986,0.5025829633076986,0.0,0.48926151983439925,0.48926151983439925,0.0
original,1,1,449,0.5168345975875854,0.5168345975875854,0.0,0.49614275875190894,0.49614275875190894,0.0
original,1,1,450,0.5056038339932759,0.5056038339932759,0.0,0.5035293080161015,0.5035293080161015,0.0
original,1,1,451,0.49795754472414655,0.49795754472414655,0.0,0.4974957224478324,0.4974957224478324,0.0
original,1,1,452,0.5018772300084432,0.5018772300084432,0.0,0.4946390282859405,0.4946390282859405,0.0
original,1,1,453,0.49532619476318357,0.49532619476318357,0.0,0.4899204438428084,0.4899204438428084,0.0
original,1,1,454,0.5120827921231588,0.5120827921231588,0.0,0.4861709892998139,0.4861709892998139,0.0
original,1,1,455,0.5078225286801656,0.5078225286801656,0.0,0.496243931427598,0.496243931427598,0.0
original,1,1,456,0.5046338518460591,0.5046338518460591,0.0,0.5013550006598234,0.5013550006598234,0.0
original,1,1,457,0.5008396597703298,0.5008396597703298,0.0,0.5019055786232154,0.5019055786232154,0.0
original,1,1,458,0.5014240368207296,0.5014240368207296,0.0,0.49643718714515367,0.49643718714515367,0.0
original,1,1,459,0.5096517352263132,0.5096517352263132,0.0,0.4893282041201989,0.4893282041201989,0.0
original,1,1,460,0.5098791901270548,0.5098791901270548,0.0,0.48778778458635014,0.48778778458635014,0.0
original,1,1,461,0.4983766547838847,0.4983766547838847,0.0,0.49034224197268483,0.49034224197268483,0.0
original,1,1,462,0.5031827116012573,0.5031827116012573,0.0,0.4968592348943154,0.4968592348943154,0.0
original,1,1,463,0.5009885009129842,0.5009885009129842,0.0,0.4925608916332324,0.4925608916332324,0.0
original,1,1,464,0.5045326868693034,0.5045326868693034,0.0,0.48674782035251457,0.48674782035251457,0.0
original,1,1,465,0.4984719204902649,0.4984719204902649,0.0,0.490976070985198,0.490976070985198,0.0
original,1,1,466,0.49441317955652875,0.49441317955652875,0.0,0.4830314205090205,0.4830314205090205,0.0
original,1,1,467,0.5025197736422221,0.5025197736422221,0.0,0.49102082240084804,0.49102082240084804,0.0
original,1,1,468,0.4959815812110901,0.4959815812110901,0.0,0.49060403314729534,0.49060403314729534,0.0
original,1,1,469,0.49213934421539307,0.49213934421539307,0.0,0.5001737091938655,0.5001737091938655,0.0
original,1,1,470,0.5172099006175995,0.5172099006175995,0.0,0.48948421455919744,0.48948421455919744,0.0
original,1,1,471,0.49189140399297077,0.49189140399297077,0.0,0.485014312316974,0.485014312316974,0.0
original,1,1,472,0.4965160274505615,0.4965160274505615,0.0,0.5067174851149321,0.5067174851149321,0.0
original,1,1,473,0.5082560531298319,0.5082560531298319,0.0,0.505480595678091,0.505480595678091,0.0
original,1,1,474,0.48786992152531944,0.48786992152531944,0.0,0.4787604258209467,0.4787604258209467,0.0
original,1,1,475,0.5213308262825013,0.5213308262825013,0.0,0.4890970962246259,0.4890970962246259,0.0
original,1,1,476,0.48772409598032634,0.48772409598032634,0.0,0.48504745043814185,0.48504745043814185,0.0
original,1,1,477,0.48981056610743207,0.48981056610743207,0.0,0.4946895813693603,0.4946895813693603,0.0
original,1,1,478,0.4881324064731598,0.4881324064731598,0.0,0.48383772616585097,0.48383772616585097,0.0
original,1,1,479,0.48958524902661643,0.48958524902661643,0.0,0.48404128588736056,0.48404128588736056,0.0
original,1,1,480,0.4996794847647349,0.4996794847647349,0.0,0.4825670776764552,0.4825670776764552,0.0
original,1,1,481,0.4800952847798665,0.4800952847798665,0.0,0.4824368955691655,0.4824368955691655,0.0
original,1,1,482,0.4782522976398468,0.4782522976398468,0.0,0.48145777011911073,0.48145777011911073,0.0
original,1,1,483,0.4961541700363159,0.4961541700363159,0.0,0.4851935465633869,0.4851935465633869,0.0
original,1,1,484,0.4833447444438934,0.4833447444438934,0.0,0.48340680067737896,0.48340680067737896,0.0
original,1,1,485,0.49322108229001366,0.49322108229001366,0.0,0.4793276568502188,0.4793276568502188,0.0
original,1,1,486,0.4915436863899231,0.4915436863899231,0.0,0.4895998019725084,0.4895998019725084,0.0
original,1,1,487,0.4948568499088287,0.4948568499088287,0.0,0.4901116564621528,0.4901116564621528,0.0
original,1,1,488,0.49630141496658325,0.49630141496658325,0.0,0.48339248046278954,0.48339248046278954,0.0
original,1,1,489,0.5071546188990275,0.5071546188990275,0.0,0.4776592396448056,0.4776592396448056,0.0
original,1,1,490,0.4922924975554148,0.4922924975554148,0.0,0.4768165032317241,0.4768165032317241,0.0
original,1,1,491,0.49105621298154195,0.49105621298154195,0.0,0.48064366159339744,0.48064366159339744,0.0
original,1,1,492,0.49627869367599486,0.49627869367599486,0.0,0.47981519617140295,0.47981519617140295,0.0
original,1,1,493,0.4993213895956675,0.4993213895956675,0.0,0.4816561947266261,0.4816561947266261,0.0
original,1,1,494,0.4916811120510101,0.4916811120510101,0.0,0.4819666800399621,0.4819666800399621,0.0
original,1,1,495,0.5060093112786611,0.5060093112786611,0.0,0.4890939219047626,0.4890939219047626,0.0
original,1,1,496,0.4808754567305247,0.4808754567305247,0.0,0.4788214439898729,0.4788214439898729,0.0
original,1,1,497,0.48624176263809205,0.48624176263809205,0.0,0.492480764289697,0.492480764289697,0.0
original,1,1,498,0.47366870323816934,0.47366870323816934,0.0,0.49241920553147794,0.49241920553147794,0.0
original,1,1,499,0.49449799180030823,0.49449799180030823,0.0,0.4901321441680193,0.4901321441680193,0.0
original,1,1,500,0.4833326256275177,0.4833326256275177,0.0,0.483390304595232,0.483390304595232,0.0
original,1,2,1,2.4180828510284424,2.4180828510284424,0.0,2.742100379180908,2.742100379180908,0.0
original,1,2,2,2.0440947551727295,2.0440947551727295,0.0,1.9113088878631592,1.9113088878631592,0.0
original,1,2,3,1.8859753814697267,1.8859753814697267,0.0,1.7908896354675292,1.7908896354675292,0.0
original,1,2,4,1.7620699745178223,1.7620699745178223,0.0,1.6791313459396362,1.6791313459396362,0.0
original,1,2,5,1.6591930141448974,1.6591930141448974,0.0,1.598841872024536,1.598841872024536,0.0
original,1,2,6,1.596385632133484,1.596385632133484,0.0,1.526344460105896,1.526344460105896,0.0
original,1,2,7,1.5256452041625976,1.5256452041625976,0.0,1.4684757173538208,1.4684757173538208,0.0
original,1,2,8,1.4780932807922362,1.4780932807922362,0.0,1.421732032775879,1.421732032775879,0.0
original,1,2,9,1.431417783355713,1.431417783355713,0.0,1.3879434202194214,1.3879434202194214,0.0
original,1,2,10,1.3951263286590576,1.3951263286590576,0.0,1.341169408416748,1.341169408416748,0.0
original,1,2,11,1.3705814275741577,1.3705814275741577,0.0,1.317526220703125,1.317526220703125,0.0
original,1,2,12,1.3331507522583008,1.3331507522583008,0.0,1.2871877346038818,1.2871877346038818,0.0
original,1,2,13,1.3100295297622682,1.3100295297622682,0.0,1.2634125066757202,1.2634125066757202,0.0
original,1,2,14,1.3009821018218994,1.3009821018218994,0.0,1.2607056243896484,1.2607056243896484,0.0
original,1,2,15,1.2898156917572021,1.2898156917572021,0.0,1.2528537786483764,1.2528537786483764,0.0
original,1,2,16,1.2583112518310546,1.2583112518310546,0.0,1.2149440713882447,1.2149440713882447,0.0
original,1,2,17,1.2605376068115235,1.2605376068115235,0.0,1.2106871341705323,1.2106871341705323,0.0
original,1,2,18,1.2609952102661133,1.2609952102661133,0.0,1.214285492515564,1.214285492515564,0.0
original,1,2,19,1.2490644941329956,1.2490644941329956,0.0,1.195155486869812,1.195155486869812,0.0
original,1,2,20,1.253151166343689,1.253151166343689,0.0,1.1956896911621093,1.1956896911621093,0.0
original,1,2,21,1.2415798131942748,1.2415798131942748,0.0,1.195800751876831,1.195800751876831,0.0
original,1,2,22,1.2263322254180908,1.2263322254180908,0.0,1.1776927457809447,1.1776927457809447,0.0
original,1,2,23,1.2034188480377197,1.2034188480377197,0.0,1.1810663539886475,1.1810663539886475,0.0
original,1,2,24,1.1846821346282959,1.1846821346282959,0.0,1.1550126064300537,1.1550126064300537,0.0
original,1,2,25,1.163987811279297,1.163987811279297,0.0,1.1378620552062988,1.1378620552062988,0.0
original,1,2,26,1.1427579578399658,1.1427579578399658,0.0,1.1226547582626343,1.1226547582626343,0.0
original,1,2,27,1.1440202960968018,1.1440202960968018,0.0,1.1173821012496947,1.1173821012496947,0.0
original,1,2,28,1.126781093788147,1.126781093788147,0.0,1.096160791015625,1.096160791015625,0.0
original,1,2,29,1.123486970806122,1.123486970806122,0.0,1.094891372871399,1.094891372871399,0.0
original,1,2,30,1.1251211776733399,1.1251211776733399,0.0,1.1131339916229248,1.1131339916229248,0.0
original,1,2,31,1.1235447660446167,1.1235447660446167,0.0,1.1147303517341614,1.1147303517341614,0.0
original,1,2,32,1.1154860805511475,1.1154860805511475,0.0,1.09760796585083,1.09760796585083,0.0
original,1,2,33,1.1070111433029175,1.1070111433029175,0.0,1.101840927219391,1.101840927219391,0.0
original,1,2,34,1.104656159210205,1.104656159210205,0.0,1.0914839862823487,1.0914839862823487,0.0
original,1,2,35,1.102449930381775,1.102449930381775,0.0,1.1092638743400574,1.1092638743400574,0.0
original,1,2,36,1.096302838897705,1.096302838897705,0.0,1.0814853788375856,1.0814853788375856,0.0
original,1,2,37,1.0900540046691896,1.0900540046691896,0.0,1.0741405089378357,1.0741405089378357,0.0
original,1,2,38,1.096737782096863,1.096737782096863,0.0,1.0736993943214417,1.0736993943214417,0.0
original,1,2,39,1.074961936187744,1.074961936187744,0.0,1.0733951403617858,1.0733951403617858,0.0
original,1,2,40,1.1022269594192504,1.1022269594192504,0.0,1.0674483039855958,1.0674483039855958,0.0
original,1,2,41,1.0996076694488526,1.0996076694488526,0.0,1.0591337847709656,1.0591337847709656,0.0
original,1,2,42,1.0750872426986695,1.0750872426986695,0.0,1.0536496224403382,1.0536496224403382,0.0
original,1,2,43,1.083162914276123,1.083162914276123,0.0,1.0337240116119384,1.0337240116119384,0.0
original,1,2,44,1.0628215127944947,1.0628215127944947,0.0,1.0477824645996094,1.0477824645996094,0.0
original,1,2,45,1.0656724039077758,1.0656724039077758,0.0,1.061817158794403,1.061817158794403,0.0
original,1,2,46,1.0605725439071656,1.0605725439071656,0.0,1.0176805577278136,1.0176805577278136,0.0
original,1,2,47,1.0510956731796264,1.0510956731796264,0.0,1.0257924883842469,1.0257924883842469,0.0
original,1,2,48,1.0536461700439452,1.0536461700439452,0.0,1.0260314301490783,1.0260314301490783,0.0
original,1,2,49,1.0792845239639282,1.0792845239639282,0.0,0.9870479330062866,0.9870479330062866,0.0
original,1,2,50,1.033934235572815,1.033934235572815,0.0,0.9992661884307862,0.9992661884307862,0.0
original,1,2,51,1.0468666013717651,1.0468666013717651,0.0,1.0196743664741517,1.0196743664741517,0.0
original,1,2,52,1.0457567634582519,1.0457567634582519,0.0,1.0107320662498473,1.0107320662498473,0.0
original,1,2,53,1.0449152109146118,1.0449152109146118,0.0,0.9935315658569336,0.9935315658569336,0.0
original,1,2,54,1.038820432472229,1.038820432472229,0.0,1.0079604262351989,1.0079604262351989,0.0
original,1,2,55,1.039616928100586,1.039616928100586,0.0,0.9850044749259949,0.9850044749259949,0.0
original,1,2,56,1.0239361757278442,1.0239361757278442,0.0,1.0090289754867554,1.0090289754867554,0.0
original,1,2,57,1.0329169704437255,1.0329169704437255,0.0,1.019883055305481,1.019883055305481,0.0
original,1,2,58,1.0297318148612975,1.0297318148612975,0.0,0.9805147884368897,0.9805147884368897,0.0
original,1,2,59,1.033159609222412,1.033159609222412,0.0,1.0208400688171386,1.0208400688171386,0.0
original,1,2,60,1.04872837600708,1.04872837600708,0.0,1.0072505759239196,1.0072505759239196,0.0
original,1,2,61,1.0671140909194947,1.0671140909194947,0.0,1.0020280403137207,1.0020280403137207,0.0
original,1,2,62,1.0545651002883911,1.0545651002883911,0.0,0.9569249620437622,0.9569249620437622,0.0
original,1,2,63,1.0549465314865112,1.0549465314865112,0.0,1.0160260711669922,1.0160260711669922,0.0
original,1,2,64,1.0240108533859253,1.0240108533859253,0.0,0.9631511751174927,0.9631511751174927,0.0
original,1,2,65,1.0365422988891602,1.0365422988891602,0.0,0.9859433065414429,0.9859433065414429,0.0
original,1,2,66,1.0370296649932862,1.0370296649932862,0.0,1.0266792417526245,1.0266792417526245,0.0
original,1,2,67,1.0393967664718629,1.0393967664718629,0.0,0.9514828566551209,0.9514828566551209,0.0
original,1,2,68,1.0573199443817138,1.0573199443817138,0.0,1.019706187725067,1.019706187725067,0.0
original,1,2,69,1.0492213079452515,1.0492213079452515,0.0,1.0040979416847229,1.0040979416847229,0.0
original,1,2,70,1.0581415676116943,1.0581415676116943,0.0,1.0015017159461974,1.0015017159461974,0.0
original,1,2,71,1.0220912540435791,1.0220912540435791,0.0,1.0199462942123414,1.0199462942123414,0.0
original,1,2,72,1.0325534461975097,1.0325534461975097,0.0,0.9802126177787781,0.9802126177787781,0.0
original,1,2,73,1.0407753622055054,1.0407753622055054,0.0,0.9861765423774719,0.9861765423774719,0.0
original,1,2,74,1.0399662288665772,1.0399662288665772,0.0,0.9824357827186585,0.9824357827186585,0.0
original,1,2,75,1.0345582551002503,1.0345582551002503,0.0,1.0085905579566956,1.0085905579566956,0.0
original,1,2,76,1.0336610599517821,1.0336610599517821,0.0,1.014787884426117,1.014787884426117,0.0
original,1,2,77,1.0279457397460938,1.0279457397460938,0.0,1.0274071794509887,1.0274071794509887,0.0
original,1,2,78,1.0175378496170044,1.0175378496170044,0.0,1.011649783039093,1.011649783039093,0.0
original,1,2,79,1.0249142812728882,1.0249142812728882,0.0,1.004867990398407,1.004867990398407,0.0
original,1,2,80,1.037411498260498,1.037411498260498,0.0,1.0104373134613036,1.0104373134613036,0.0
original,1,2,81,1.0354856719970704,1.0354856719970704,0.0,0.9981332217216492,0.9981332217216492,0.0
original,1,2,82,1.0455164253234863,1.0455164253234863,0.0,1.0112576462745666,1.0112576462745666,0.0
original,1,2,83,1.0562896671295166,1.0562896671295166,0.0,0.9783152577400207,0.9783152577400207,0.0
original,1,2,84,1.0326440143585205,1.0326440143585205,0.0,0.9969393789291382,0.9969393789291382,0.0
original,1,2,85,1.0152390424728392,1.0152390424728392,0.0,0.9788766297340393,0.9788766297340393,0.0
original,1,2,86,1.035154029083252,1.035154029083252,0.0,0.9985859704017639,0.9985859704017639,0.0
original,1,2,87,1.0504465456008911,1.0504465456008911,0.0,1.0301412278175355,1.0301412278175355,0.0
original,1,2,88,1.0259820592880249,1.0259820592880249,0.0,0.9980399746894837,0.9980399746894837,0.0
original,1,2,89,1.0153679412841796,1.0153679412841796,0.0,1.035756243610382,1.035756243610382,0.0
original,1,2,90,1.0241440286636352,1.0241440286636352,0.0,0.9667568194389343,0.9667568194389343,0.0
original,1,2,91,1.0331838277816772,1.0331838277816772,0.0,0.9952345007896424,0.9952345007896424,0.0
original,1,2,92,1.0391218635559083,1.0391218635559083,0.0,0.9952254158973693,0.9952254158973693,0.0
original,1,2,93,1.0187967538833618,1.0187967538833618,0.0,1.0059964393615723,1.0059964393615723,0.0
original,1,2,94,1.0372330938339234,1.0372330938339234,0.0,0.9784374038696289,0.9784374038696289,0.0
original,1,2,95,1.033282050704956,1.033282050704956,0.0,1.0180699701309204,1.0180699701309204,0.0
original,1,2,96,1.0711981481552124,1.0711981481552124,0.0,0.994131065940857,0.994131065940857,0.0
original,1,2,97,1.0300391057014466,1.0300391057014466,0.0,0.9696533383369446,0.9696533383369446,0.0
original,1,2,98,1.0285466663360596,1.0285466663360596,0.0,1.0010678612709045,1.0010678612709045,0.0
original,1,2,99,1.023575486755371,1.023575486755371,0.0,1.012319337272644,1.012319337272644,0.0
original,1,2,100,1.0455005334854126,1.0455005334854126,0.0,0.9656537419319153,0.9656537419319153,0.0
original,1,2,101,1.0118196853637695,1.0118196853637695,0.0,1.004864068889618,1.004864068889618,0.0
original,1,2,102,1.0348028860092162,1.0348028860092162,0.0,0.9979056826591491,0.9979056826591491,0.0
original,1,2,103,1.012586989212036,1.012586989212036,0.0,0.9959979315757751,0.9959979315757751,0.0
original,1,2,104,1.0155229969024657,1.0155229969024657,0.0,0.9951759995460511,0.9951759995460511,0.0
original,1,2,105,1.0276612314224243,1.0276612314224243,0.0,0.9718622387886048,0.9718622387886048,0.0
original,1,2,106,1.0362781118392945,1.0362781118392945,0.0,1.0110672874450684,1.0110672874450684,0.0
original,1,2,107,1.0191565727233887,1.0191565727233887,0.0,0.9949249485015869,0.9949249485015869,0.0
original,1,2,108,1.0187078620910643,1.0187078620910643,0.0,1.0051097867012024,1.0051097867012024,0.0
original,1,2,109,1.014164846801758,1.014164846801758,0.0,1.008331326007843,1.008331326007843,0.0
original,1,2,110,1.0254455274581908,1.0254455274581908,0.0,0.9916578475952148,0.9916578475952148,0.0
original,1,2,111,1.0300959573745727,1.0300959573745727,0.0,0.9851629521369935,0.9851629521369935,0.0
original,1,2,112,1.0433535701751708,1.0433535701751708,0.0,0.955829250240326,0.955829250240326,0.0
original,1,2,113,0.9999486067771911,0.9999486067771911,0.0,0.9972213721275329,0.9972213721275329,0.0
original,1,2,114,1.022996622276306,1.022996622276306,0.0,1.0172589318275451,1.0172589318275451,0.0
original,1,2,115,1.027943563079834,1.027943563079834,0.0,1.0007327289581298,1.0007327289581298,0.0
original,1,2,116,1.0346275428771972,1.0346275428771972,0.0,1.0092705518722533,1.0092705518722533,0.0
original,1,2,117,1.000572110748291,1.000572110748291,0.0,0.9847912919044495,0.9847912919044495,0.0
original,1,2,118,1.0269904281616211,1.0269904281616211,0.0,1.023435480594635,1.023435480594635,0.0
original,1,2,119,1.028380509185791,1.028380509185791,0.0,1.0062219479560852,1.0062219479560852,0.0
original,1,2,120,1.0375799980163574,1.0375799980163574,0.0,0.9848838610649109,0.9848838610649109,0.0
original,1,2,121,1.0402354553222657,1.0402354553222657,0.0,1.0057227454185487,1.0057227454185487,0.0
original,1,2,122,1.0094541007995605,1.0094541007995605,0.0,0.9700857898712159,0.9700857898712159,0.0
original,1,2,123,1.0145081016540527,1.0145081016540527,0.0,0.9965918992996216,0.9965918992996216,0.0
original,1,2,124,1.0532157214164735,1.0532157214164735,0.0,1.022335477733612,1.022335477733612,0.0
original,1,2,125,1.0318939009666444,1.0318939009666444,0.0,1.000115942287445,1.000115942287445,0.0
original,1,2,126,1.0491469049453734,1.0491469049453734,0.0,0.9720865988731384,0.9720865988731384,0.0
original,1,2,127,1.0148933820724488,1.0148933820724488,0.0,1.0120387475013732,1.0120387475013732,0.0
original,1,2,128,1.0306356954574585,1.0306356954574585,0.0,1.0350194847106933,1.0350194847106933,0.0
original,1,2,129,1.028727550125122,1.028727550125122,0.0,1.0116375838279723,1.0116375838279723,0.0
original,1,2,130,1.0452608865737916,1.0452608865737916,0.0,0.9899727094650268,0.9899727094650268,0.0
original,1,2,131,1.0134829473495484,1.0134829473495484,0.0,0.9763354019165039,0.9763354019165039,0.0
original,1,2,132,1.008613093185425,1.008613093185425,0.0,1.0130772549629212,1.0130772549629212,0.0
original,1,2,133,1.0294456743240357,1.0294456743240357,0.0,1.0196360686302186,1.0196360686302186,0.0
original,1,2,134,1.0351419645309448,1.0351419645309448,0.0,1.0151198453903199,1.0151198453903199,0.0
original,1,2,135,1.0292580528259276,1.0292580528259276,0.0,1.0038100728988648,1.0038100728988648,0.0
original,1,2,136,1.0213491029739379,1.0213491029739379,0.0,0.9425311910629273,0.9425311910629273,0.0
original,1,2,137,1.0193152854919434,1.0193152854919434,0.0,1.0158780089378356,1.0158780089378356,0.0
original,1,2,138,1.0378812381744384,1.0378812381744384,0.0,1.0105806955337524,1.0105806955337524,0.0
original,1,2,139,1.0289634256362914,1.0289634256362914,0.0,0.9986742079734803,0.9986742079734803,0.0
original,1,2,140,1.0436800948143006,1.0436800948143006,0.0,0.9597271018028259,0.9597271018028259,0.0
original,1,2,141,1.0032911005973817,1.0032911005973817,0.0,1.0048749168395996,1.0048749168395996,0.0
original,1,2,142,1.0254002876281738,1.0254002876281738,0.0,0.936686109161377,0.936686109161377,0.0
original,1,2,143,1.0106558547973632,1.0106558547973632,0.0,1.0119844792366028,1.0119844792366028,0.0
original,1,2,144,1.0285988056182862,1.0285988056182862,0.0,1.011378496837616,1.011378496837616,0.0
original,1,2,145,1.0274528392791749,1.0274528392791749,0.0,0.9822064623832703,0.9822064623832703,0.0
original,1,2,146,1.0271011266708374,1.0271011266708374,0.0,0.9838111076354981,0.9838111076354981,0.0
original,1,2,147,1.0170452123641969,1.0170452123641969,0.0,0.983886517238617,0.983886517238617,0.0
original,1,2,148,1.0097358666419982,1.0097358666419982,0.0,1.0123384251594543,1.0123384251594543,0.0
original,1,2,149,1.024169142150879,1.024169142150879,0.0,0.9957994680404663,0.9957994680404663,0.0
original,1,2,150,1.0370391139030457,1.0370391139030457,0.0,0.9998864651679993,0.9998864651679993,0.0
original,1,2,151,1.0309809703826904,1.0309809703826904,0.0,0.958953427696228,0.958953427696228,0.0
original,1,2,152,1.0098126779556273,1.0098126779556273,0.0,1.0107856194496154,1.0107856194496154,0.0
original,1,2,153,1.0125807052612306,1.0125807052612306,0.0,1.0088341502189637,1.0088341502189637,0.0
original,1,2,154,1.0379678952217102,1.0379678952217102,0.0,0.9789806957244873,0.9789806957244873,0.0
original,1,2,155,1.0292026735305786,1.0292026735305786,0.0,0.9933441899299622,0.9933441899299622,0.0
original,1,2,156,1.0246552867889405,1.0246552867889405,0.0,1.0018287844657898,1.0018287844657898,0.0
original,1,2,157,1.0203438520431518,1.0203438520431518,0.0,0.9481630604743958,0.9481630604743958,0.0
original,1,2,158,1.0214827112197875,1.0214827112197875,0.0,1.0158931005477905,1.0158931005477905,0.0
original,1,2,159,1.0111001891136169,1.0111001891136169,0.0,1.0168567354202271,1.0168567354202271,0.0
original,1,2,160,1.0259345781326294,1.0259345781326294,0.0,0.9403022599220275,0.9403022599220275,0.0
original,1,2,161,0.9888226664543152,0.9888226664543152,0.0,1.0120959500312805,1.0120959500312805,0.0
original,1,2,162,1.0327401918411254,1.0327401918411254,0.0,0.9989945556640625,0.9989945556640625,0.0
original,1,2,163,1.0174391668319702,1.0174391668319702,0.0,0.9649458722114563,0.9649458722114563,0.0
original,1,2,164,1.010001738548279,1.010001738548279,0.0,0.9771713388442993,0.9771713388442993,0.0
original,1,2,165,1.0269797224044799,1.0269797224044799,0.0,1.011925087070465,1.011925087070465,0.0
original,1,2,166,1.0187286375045776,1.0187286375045776,0.0,1.0132361840248107,1.0132361840248107,0.0
original,1,2,167,0.9964528334617615,0.9964528334617615,0.0,0.9746493597984314,0.9746493597984314,0.0
original,1,2,168,1.0002602274894714,1.0002602274894714,0.0,0.9179165587425232,0.9179165587425232,0.0
original,1,2,169,0.9938577548980713,0.9938577548980713,0.0,0.9941757040023804,0.9941757040023804,0.0
original,1,2,170,1.0230364154815674,1.0230364154815674,0.0,0.9726543118476868,0.9726543118476868,0.0
original,1,2,171,0.9921428510665894,0.9921428510665894,0.0,0.9658567167282105,0.9658567167282105,0.0
original,1,2,172,1.0031740087509156,1.0031740087509156,0.0,0.9849581048965454,0.9849581048965454,0.0
original,1,2,173,1.0041051092147828,1.0041051092147828,0.0,0.9742193006515503,0.9742193006515503,0.0
original,1,2,174,1.0080882099151611,1.0080882099151611,0.0,1.0156849908828736,1.0156849908828736,0.0
original,1,2,175,1.0127609394073487,1.0127609394073487,0.0,0.9920699440002442,0.9920699440002442,0.0
original,1,2,176,1.0161685693740845,1.0161685693740845,0.0,1.0120046316146851,1.0120046316146851,0.0
original,1,2,177,0.9906234013557434,0.9906234013557434,0.0,0.9580133321762085,0.9580133321762085,0.0
original,1,2,178,1.000953136253357,1.000953136253357,0.0,0.9904705064773559,0.9904705064773559,0.0
original,1,2,179,1.0214659799575805,1.0214659799575805,0.0,1.010340280342102,1.010340280342102,0.0
original,1,2,180,1.0191097640037536,1.0191097640037536,0.0,0.9895485725402832,0.9895485725402832,0.0
original,1,2,181,0.999082884311676,0.999082884311676,0.0,0.9845384338378906,0.9845384338378906,0.0
original,1,2,182,0.9940519143104554,0.9940519143104554,0.0,0.9817928799629212,0.9817928799629212,0.0
original,1,2,183,0.9943236637115479,0.9943236637115479,0.0,0.9976867686271668,0.9976867686271668,0.0
original,1,2,184,0.9993917869567871,0.9993917869567871,0.0,0.9863954535484314,0.9863954535484314,0.0
original,1,2,185,1.0006975883483886,1.0006975883483886,0.0,1.0007415685653687,1.0007415685653687,0.0
original,1,2,186,0.9837380229949951,0.9837380229949951,0.0,1.0208888074874878,1.0208888074874878,0.0
original,1,2,187,1.0370709932327271,1.0370709932327271,0.0,0.9927765182495117,0.9927765182495117,0.0
original,1,2,188,0.9990263338088989,0.9990263338088989,0.0,0.9782594590187073,0.9782594590187073,0.0
original,1,2,189,1.0089363857269287,1.0089363857269287,0.0,0.971553214263916,0.971553214263916,0.0
original,1,2,190,0.9983698288917542,0.9983698288917542,0.0,0.9934048176765442,0.9934048176765442,0.0
original,1,2,191,1.010935456943512,1.010935456943512,0.0,0.9466276585578919,0.9466276585578919,0.0
original,1,2,192,0.9761325988769531,0.9761325988769531,0.0,0.9987465188026429,0.9987465188026429,0.0
original,1,2,193,1.0123468311309813,1.0123468311309813,0.0,0.936111952495575,0.936111952495575,0.0
original,1,2,194,1.0145811166763306,1.0145811166763306,0.0,0.9998459174156189,0.9998459174156189,0.0
original,1,2,195,1.004966018295288,1.004966018295288,0.0,0.906079427433014,0.906079427433014,0.0
original,1,2,196,0.9957858183860778,0.9957858183860778,0.0,1.0212898692131043,1.0212898692131043,0.0
original,1,2,197,0.99956531457901,0.99956531457901,0.0,1.0044916966438293,1.0044916966438293,0.0
original,1,2,198,0.9707490379333497,0.9707490379333497,0.0,0.993355619430542,0.993355619430542,0.0
original,1,2,199,1.0061369955062867,1.0061369955062867,0.0,0.9930013029098511,0.9930013029098511,0.0
original,1,2,200,1.0115423292160035,1.0115423292160035,0.0,1.009781441783905,1.009781441783905,0.0
original,1,2,201,0.9993596265792847,0.9993596265792847,0.0,0.9549124529838562,0.9549124529838562,0.0
original,1,2,202,0.9817481910705567,0.9817481910705567,0.0,0.9994026320457459,0.9994026320457459,0.0
original,1,2,203,1.0040135304450988,1.0040135304450988,0.0,0.9035910374641418,0.9035910374641418,0.0
original,1,2,204,0.990733585357666,0.990733585357666,0.0,1.002489758491516,1.002489758491516,0.0
original,1,2,205,1.0066706709861755,1.0066706709861755,0.0,0.9590877206802368,0.9590877206802368,0.0
original,1,2,206,1.0149872850418091,1.0149872850418091,0.0,1.0085548134803772,1.0085548134803772,0.0
original,1,2,207,1.0000717321395873,1.0000717321395873,0.0,0.9589861761093139,0.9589861761093139,0.0
original,1,2,208,0.9893623551368713,0.9893623551368713,0.0,0.9139367259979249,0.9139367259979249,0.0
original,1,2,209,0.9827736616134644,0.9827736616134644,0.0,0.9802116604804992,0.9802116604804992,0.0
original,1,2,210,1.0225167819976806,1.0225167819976806,0.0,1.01381549243927,1.01381549243927,0.0
original,1,2,211,1.0134974689483642,1.0134974689483642,0.0,0.9729988249778747,0.9729988249778747,0.0
original,1,2,212,0.9766221068382264,0.9766221068382264,0.0,0.9752473855018615,0.9752473855018615,0.0
original,1,2,213,0.9891288951873779,0.9891288951873779,0.0,0.9979313792228699,0.9979313792228699,0.0
original,1,2,214,1.0008422533988952,1.0008422533988952,0.0,0.9316674790382385,0.9316674790382385,0.0
original,1,2,215,0.9914742076873779,0.9914742076873779,0.0,0.936389682483673,0.936389682483673,0.0
original,1,2,216,1.0007948411941527,1.0007948411941527,0.0,0.9959191370010376,0.9959191370010376,0.0
original,1,2,217,0.9735044025421142,0.9735044025421142,0.0,1.0040114645004272,1.0040114645004272,0.0
original,1,2,218,0.9943355428695678,0.9943355428695678,0.0,0.9266506132125855,0.9266506132125855,0.0
original,1,2,219,0.9963425452232361,0.9963425452232361,0.0,0.9649752831459045,0.9649752831459045,0.0
original,1,2,220,0.9945357612609863,0.9945357612609863,0.0,0.9898701781272888,0.9898701781272888,0.0
original,1,2,221,0.9909503223419189,0.9909503223419189,0.0,0.8678571326255798,0.8678571326255798,0.0
original,1,2,222,0.9875650213241577,0.9875650213241577,0.0,1.0088686310768127,1.0088686310768127,0.0
original,1,2,223,1.0204779463768006,1.0204779463768006,0.0,0.9964250888824463,0.9964250888824463,0.0
original,1,2,224,1.0141471923828125,1.0141471923828125,0.0,0.9268814539909362,0.9268814539909362,0.0
original,1,2,225,0.9838242286682128,0.9838242286682128,0.0,0.9187826789855957,0.9187826789855957,0.0
original,1,2,226,0.9792403141975403,0.9792403141975403,0.0,0.8749560938835144,0.8749560938835144,0.0
original,1,2,227,0.9654058870315552,0.9654058870315552,0.0,0.975674267578125,0.975674267578125,0.0
original,1,2,228,1.0016744800567627,1.0016744800567627,0.0,1.0002034819602967,1.0002034819602967,0.0
original,1,2,229,0.9829863012313843,0.9829863012313843,0.0,0.9735316304206848,0.9735316304206848,0.0
original,1,2,230,0.9807830673217773,0.9807830673217773,0.0,0.9214090294837952,0.9214090294837952,0.0
original,1,2,231,0.9844768847465515,0.9844768847465515,0.0,0.9242065208435059,0.9242065208435059,0.0
original,1,2,232,1.0042876431465149,1.0042876431465149,0.0,1.0134572759628295,1.0134572759628295,0.0
original,1,2,233,0.9876184600830078,0.9876184600830078,0.0,0.9006824655532837,0.9006824655532837,0.0
original,1,2,234,0.9722073574066162,0.9722073574066162,0.0,0.9788184627532959,0.9788184627532959,0.0
original,1,2,235,0.9934216142654418,0.9934216142654418,0.0,0.894166337108612,0.894166337108612,0.0
original,1,2,236,0.9586964974403381,0.9586964974403381,0.0,0.9824205713272095,0.9824205713272095,0.0
original,1,2,237,1.0009753412246705,1.0009753412246705,0.0,0.9387783967971802,0.9387783967971802,0.0
original,1,2,238,0.9552040287017822,0.9552040287017822,0.0,0.899685710811615,0.899685710811615,0.0
original,1,2,239,0.9690864567756653,0.9690864567756653,0.0,0.8968363048553467,0.8968363048553467,0.0
original,1,2,240,0.9777093851089478,0.9777093851089478,0.0,0.9219329796791077,0.9219329796791077,0.0
original,1,2,241,0.9911601438522338,0.9911601438522338,0.0,0.9276156572341919,0.9276156572341919,0.0
original,1,2,242,0.9649266882896423,0.9649266882896423,0.0,0.921806983089447,0.921806983089447,0.0
original,1,2,243,0.9598588383674621,0.9598588383674621,0.0,0.8595661911010742,0.8595661911010742,0.0
original,1,2,244,0.9533569503784179,0.9533569503784179,0.0,0.9322066823959351,0.9322066823959351,0.0
original,1,2,245,0.9706124941825867,0.9706124941825867,0.0,0.8531995210647583,0.8531995210647583,0.0
original,1,2,246,0.9954031063079833,0.9954031063079833,0.0,0.8611521552085877,0.8611521552085877,0.0
original,1,2,247,0.9590339299201965,0.9590339299201965,0.0,0.9273313460350037,0.9273313460350037,0.0
original,1,2,248,0.9586438858032227,0.9586438858032227,0.0,0.9116387071609497,0.9116387071609497,0.0
original,1,2,249,0.9319622920989991,0.9319622920989991,0.0,0.8509934526443481,0.8509934526443481,0.0
original,1,2,250,0.9583013515472412,0.9583013515472412,0.0,0.8625116673469544,0.8625116673469544,0.0
original,1,2,251,0.9571237524986267,0.9571237524986267,0.0,1.0295585169792176,1.0295585169792176,0.0
original,1,2,252,1.0056735847473144,1.0056735847473144,0.0,0.8714862731933594,0.8714862731933594,0.0
original,1,2,253,0.9578599677085876,0.9578599677085876,0.0,0.8530985970497131,0.8530985970497131,0.0
original,1,2,254,1.005756243133545,1.005756243133545,0.0,0.9743021834373474,0.9743021834373474,0.0
original,1,2,255,0.9387899980545044,0.9387899980545044,0.0,0.8502360530853271,0.8502360530853271,0.0
original,1,2,256,0.9521798204421997,0.9521798204421997,0.0,0.9426328873634339,0.9426328873634339,0.0
original,1,2,257,0.9889090301513672,0.9889090301513672,0.0,0.9989675354003906,0.9989675354003906,0.0
original,1,2,258,0.9828723111152649,0.9828723111152649,0.0,0.8904603610038757,0.8904603610038757,0.0
original,1,2,259,0.9764101531028747,0.9764101531028747,0.0,0.8775590654373169,0.8775590654373169,0.0
original,1,2,260,0.9422670599937439,0.9422670599937439,0.0,0.8501533689498901,0.8501533689498901,0.0
original,1,2,261,0.943038812828064,0.943038812828064,0.0,0.9096333925247192,0.9096333925247192,0.0
original,1,2,262,0.9649533350944519,0.9649533350944519,0.0,0.9245206287384033,0.9245206287384033,0.0
original,1,2,263,0.9667862914085388,0.9667862914085388,0.0,0.8515267376899719,0.8515267376899719,0.0
original,1,2,264,0.9420879323005676,0.9420879323005676,0.0,0.8970758026123047,0.8970758026123047,0.0
original,1,2,265,0.9281833235740662,0.9281833235740662,0.0,0.8254055595397949,0.8254055595397949,0.0
original,1,2,266,0.987034670639038,0.987034670639038,0.0,0.9147335132598877,0.9147335132598877,0.0
original,1,2,267,0.961982945728302,0.961982945728302,0.0,0.9127703229904175,0.9127703229904175,0.0
original,1,2,268,0.9254945735931397,0.9254945735931397,0.0,0.8614625451087952,0.8614625451087952,0.0
original,1,2,269,0.9958701330184937,0.9958701330184937,0.0,0.862363605594635,0.862363605594635,0.0
original,1,2,270,0.928380507850647,0.928380507850647,0.0,0.899694504070282,0.899694504070282,0.0
original,1,2,271,0.945948434638977,0.945948434638977,0.0,0.8375221475601197,0.8375221475601197,0.0
original,1,2,272,0.9281675565719605,0.9281675565719605,0.0,0.9659659072875977,0.9659659072875977,0.0
original,1,2,273,0.9744426603317261,0.9744426603317261,0.0,0.8726812216758728,0.8726812216758728,0.0
original,1,2,274,0.9433662496566773,0.9433662496566773,0.0,0.8672575626373291,0.8672575626373291,0.0
original,1,2,275,0.9392059719085694,0.9392059719085694,0.0,0.8427935297012329,0.8427935297012329,0.0
original,1,2,276,0.9484940864562988,0.9484940864562988,0.0,0.9714596665382386,0.9714596665382386,0.0
original,1,2,277,0.9375512884140015,0.9375512884140015,0.0,0.8318179961204529,0.8318179961204529,0.0
original,1,2,278,0.936903040599823,0.936903040599823,0.0,0.8387162245750427,0.8387162245750427,0.0
original,1,2,279,0.9340389007568359,0.9340389007568359,0.0,0.8282778483390808,0.8282778483390808,0.0
original,1,2,280,0.966749101448059,0.966749101448059,0.0,0.9191036345481872,0.9191036345481872,0.0
original,1,2,281,0.9979400703430176,0.9979400703430176,0.0,0.8472475106239319,0.8472475106239319,0.0
original,1,2,282,0.9105928108215332,0.9105928108215332,0.0,0.8480315642356873,0.8480315642356873,0.0
original,1,2,283,0.9891684192657471,0.9891684192657471,0.0,0.9162974816322327,0.9162974816322327,0.0
original,1,2,284,0.9440483445167541,0.9440483445167541,0.0,0.9585799633979797,0.9585799633979797,0.0
original,1,2,285,0.9476724780082703,0.9476724780082703,0.0,0.8730601568222046,0.8730601568222046,0.0
original,1,2,286,0.9714721299171448,0.9714721299171448,0.0,0.8635145236968994,0.8635145236968994,0.0
original,1,2,287,0.9258632975578308,0.9258632975578308,0.0,0.8281382614135743,0.8281382614135743,0.0
original,1,2,288,0.9556071636199951,0.9556071636199951,0.0,0.8632616379737854,0.8632616379737854,0.0
original,1,2,289,0.930808205986023,0.930808205986023,0.0,0.8395802939414978,0.8395802939414978,0.0
original,1,2,290,0.9272163572311402,0.9272163572311402,0.0,0.8511705215454102,0.8511705215454102,0.0
original,1,2,291,0.9148543692588806,0.9148543692588806,0.0,0.9189326054573059,0.9189326054573059,0.0
original,1,2,292,0.9758099601745606,0.9758099601745606,0.0,0.857505184173584,0.857505184173584,0.0
original,1,2,293,0.9394077252388,0.9394077252388,0.0,0.8977546897888183,0.8977546897888183,0.0
original,1,2,294,0.9293590105056763,0.9293590105056763,0.0,0.8379080889701843,0.8379080889701843,0.0
original,1,2,295,0.9288022621154786,0.9288022621154786,0.0,0.9996588015556336,0.9996588015556336,0.0
original,1,2,296,0.9711911586761475,0.9711911586761475,0.0,0.9037923663139343,0.9037923663139343,0.0
original,1,2,297,0.9408671130180359,0.9408671130180359,0.0,0.838979159450531,0.838979159450531,0.0
original,1,2,298,0.9186710910797119,0.9186710910797119,0.0,0.810716733455658,0.810716733455658,0.0
original,1,2,299,0.953695913028717,0.953695913028717,0.0,0.829975576877594,0.829975576877594,0.0
original,1,2,300,0.9401139183044434,0.9401139183044434,0.0,0.8268832839965821,0.8268832839965821,0.0
original,1,2,301,0.9183856288909912,0.9183856288909912,0.0,0.826351658821106,0.826351658821106,0.0
original,1,2,302,0.9137704610824585,0.9137704610824585,0.0,0.8906269265174865,0.8906269265174865,0.0
original,1,2,303,0.9004679479598999,0.9004679479598999,0.0,0.8198543276786804,0.8198543276786804,0.0
original,1,2,304,0.9194159737586975,0.9194159737586975,0.0,0.8919172389984131,0.8919172389984131,0.0
original,1,2,305,0.9161013886451721,0.9161013886451721,0.0,0.8640772422790527,0.8640772422790527,0.0
original,1,2,306,0.9262112184524536,0.9262112184524536,0.0,0.8186854940414429,0.8186854940414429,0.0
original,1,2,307,0.9241560525894165,0.9241560525894165,0.0,0.856909871673584,0.856909871673584,0.0
original,1,2,308,0.9079277325630188,0.9079277325630188,0.0,0.8167579679489135,0.8167579679489135,0.0
original,1,2,309,0.9241397344589234,0.9241397344589234,0.0,0.8204730934143066,0.8204730934143066,0.0
original,1,2,310,0.892554801273346,0.892554801273346,0.0,0.8370446849822998,0.8370446849822998,0.0
original,1,2,311,0.8871974134445191,0.8871974134445191,0.0,0.8251714314460754,0.8251714314460754,0.0
original,1,2,312,0.9095171542167664,0.9095171542167664,0.0,0.9614971789360046,0.9614971789360046,0.0
original,1,2,313,0.931643842124939,0.931643842124939,0.0,0.8331472434043884,0.8331472434043884,0.0
original,1,2,314,0.9121010637283326,0.9121010637283326,0.0,0.8249446229934693,0.8249446229934693,0.0
original,1,2,315,0.896875249671936,0.896875249671936,0.0,0.8479768787384033,0.8479768787384033,0.0
original,1,2,316,0.8960714476585389,0.8960714476585389,0.0,0.798609538936615,0.798609538936615,0.0
original,1,2,317,0.9068206258773803,0.9068206258773803,0.0,0.8113684388160706,0.8113684388160706,0.0
original,1,2,318,0.8994809901237488,0.8994809901237488,0.0,0.8315304645538331,0.8315304645538331,0.0
original,1,2,319,0.898809901046753,0.898809901046753,0.0,0.8134681623458863,0.8134681623458863,0.0
original,1,2,320,0.894973362827301,0.894973362827301,0.0,0.8205371055603027,0.8205371055603027,0.0
original,1,2,321,0.9172402652740479,0.9172402652740479,0.0,0.8237149279594421,0.8237149279594421,0.0
original,1,2,322,0.9162072344779968,0.9162072344779968,0.0,0.8346088423728942,0.8346088423728942,0.0
original,1,2,323,0.9211460835456848,0.9211460835456848,0.0,0.8162379549980163,0.8162379549980163,0.0
original,1,2,324,0.8948058067321777,0.8948058067321777,0.0,0.8404089385986329,0.8404089385986329,0.0
original,1,2,325,0.9141122929573059,0.9141122929573059,0.0,0.833799446773529,0.833799446773529,0.0
original,1,2,326,0.9002273391723633,0.9002273391723633,0.0,0.895045878982544,0.895045878982544,0.0
original,1,2,327,0.914110737323761,0.914110737323761,0.0,0.8141592355728149,0.8141592355728149,0.0
original,1,2,328,0.9175327195167542,0.9175327195167542,0.0,0.8207738083839416,0.8207738083839416,0.0
original,1,2,329,0.9410124601364136,0.9410124601364136,0.0,0.8230252811431885,0.8230252811431885,0.0
original,1,2,330,0.9152729224205017,0.9152729224205017,0.0,0.8146470770835876,0.8146470770835876,0.0
original,1,2,331,0.91482905960083,0.91482905960083,0.0,0.8191199061393738,0.8191199061393738,0.0
original,1,2,332,0.9235115015983582,0.9235115015983582,0.0,0.8496579442977905,0.8496579442977905,0.0
original,1,2,333,0.8814409298896789,0.8814409298896789,0.0,0.8323151642799378,0.8323151642799378,0.0
original,1,2,334,0.903226291847229,0.903226291847229,0.0,0.8215856760025024,0.8215856760025024,0.0
original,1,2,335,0.9287091209411621,0.9287091209411621,0.0,0.9167533265113831,0.9167533265113831,0.0
original,1,2,336,0.9171125653266907,0.9171125653266907,0.0,0.8272256572723389,0.8272256572723389,0.0
original,1,2,337,0.8937405821800232,0.8937405821800232,0.0,0.8233912434577942,0.8233912434577942,0.0
original,1,2,338,0.9215070516586303,0.9215070516586303,0.0,0.8336050999641419,0.8336050999641419,0.0
original,1,2,339,0.9154315223693847,0.9154315223693847,0.0,0.8549213255882263,0.8549213255882263,0.0
original,1,2,340,0.8902730197906494,0.8902730197906494,0.0,0.8094655502319336,0.8094655502319336,0.0
original,1,2,341,0.8977363961219788,0.8977363961219788,0.0,0.8374854825973511,0.8374854825973511,0.0
original,1,2,342,0.9504635390281677,0.9504635390281677,0.0,0.821146970462799,0.821146970462799,0.0
original,1,2,343,0.946117385673523,0.946117385673523,0.0,0.8580902542114258,0.8580902542114258,0.0
original,1,2,344,0.8989203998565674,0.8989203998565674,0.0,0.7961782094955444,0.7961782094955444,0.0
original,1,2,345,0.9063563568115235,0.9063563568115235,0.0,0.8281586302757263,0.8281586302757263,0.0
original,1,2,346,0.8969175773620606,0.8969175773620606,0.0,0.8126507249832153,0.8126507249832153,0.0
original,1,2,347,0.8764043828010559,0.8764043828010559,0.0,0.831208136177063,0.831208136177063,0.0
original,1,2,348,0.8774193756103515,0.8774193756103515,0.0,0.8912967198371887,0.8912967198371887,0.0
original,1,2,349,0.900846510887146,0.900846510887146,0.0,0.855626937675476,0.855626937675476,0.0
original,1,2,350,0.9135250632286072,0.9135250632286072,0.0,0.8292971879959107,0.8292971879959107,0.0
original,1,2,351,0.895064254283905,0.895064254283905,0.0,0.8144211079597473,0.8144211079597473,0.0
original,1,2,352,0.8792817067146301,0.8792817067146301,0.0,0.8426145153999328,0.8426145153999328,0.0
original,1,2,353,0.885952862071991,0.885952862071991,0.0,0.8244195659637451,0.8244195659637451,0.0
original,1,2,354,0.9114055955886841,0.9114055955886841,0.0,0.8089893544197082,0.8089893544197082,0.0
original,1,2,355,0.9078394500732422,0.9078394500732422,0.0,0.8215258376121521,0.8215258376121521,0.0
original,1,2,356,0.9140795179367065,0.9140795179367065,0.0,0.8064902223587036,0.8064902223587036,0.0
original,1,2,357,0.8978654230117797,0.8978654230117797,0.0,0.8238821467399597,0.8238821467399597,0.0
original,1,2,358,0.9431084555625916,0.9431084555625916,0.0,0.8285397986412049,0.8285397986412049,0.0
original,1,2,359,0.9094767746925354,0.9094767746925354,0.0,0.8251971836090088,0.8251971836090088,0.0
original,1,2,360,0.8991767017364501,0.8991767017364501,0.0,0.8025824411392212,0.8025824411392212,0.0
original,1,2,361,0.8808069705963135,0.8808069705963135,0.0,0.7994637880325317,0.7994637880325317,0.0
original,1,2,362,0.8970328645706177,0.8970328645706177,0.0,0.831357400226593,0.831357400226593,0.0
original,1,2,363,0.9129793401718139,0.9129793401718139,0.0,0.8020247722625733,0.8020247722625733,0.0
original,1,2,364,0.9078446604728698,0.9078446604728698,0.0,0.8369223890304566,0.8369223890304566,0.0
original,1,2,365,0.8838971873283387,0.8838971873283387,0.0,0.8182813222885131,0.8182813222885131,0.0
original,1,2,366,0.8642738923072815,0.8642738923072815,0.0,0.8024586718559266,0.8024586718559266,0.0
original,1,2,367,0.8985335347175598,0.8985335347175598,0.0,0.8193528800964356,0.8193528800964356,0.0
original,1,2,368,0.8970503370285035,0.8970503370285035,0.0,0.8166141229629517,0.8166141229629517,0.0
original,1,2,369,0.8689293952941894,0.8689293952941894,0.0,0.8126803779602051,0.8126803779602051,0.0
original,1,2,370,0.9111135099411011,0.9111135099411011,0.0,0.8113713968276978,0.8113713968276978,0.0
original,1,2,371,0.8771050625801087,0.8771050625801087,0.0,0.7993567520141601,0.7993567520141601,0.0
original,1,2,372,0.8931315635681152,0.8931315635681152,0.0,0.8276594898223877,0.8276594898223877,0.0
original,1,2,373,0.8810897089958191,0.8810897089958191,0.0,0.7923109536170959,0.7923109536170959,0.0
original,1,2,374,0.8636234174728393,0.8636234174728393,0.0,0.8057505530357361,0.8057505530357361,0.0
original,1,2,375,0.8670899566650391,0.8670899566650391,0.0,0.8157545866012573,0.8157545866012573,0.0
original,1,2,376,0.8965976209640503,0.8965976209640503,0.0,0.7909376868247986,0.7909376868247986,0.0
original,1,2,377,0.8870492848396301,0.8870492848396301,0.0,0.8215488147735596,0.8215488147735596,0.0
original,1,2,378,0.9026223270416259,0.9026223270416259,0.0,0.8081177224159241,0.8081177224159241,0.0
original,1,2,379,0.887805265712738,0.887805265712738,0.0,0.8214737867355346,0.8214737867355346,0.0
original,1,2,380,0.8656735810279846,0.8656735810279846,0.0,0.8183658858299255,0.8183658858299255,0.0
original,1,2,381,0.8803854354858398,0.8803854354858398,0.0,0.8297044941902161,0.8297044941902161,0.0
original,1,2,382,0.8983093639373779,0.8983093639373779,0.0,0.8079982106208802,0.8079982106208802,0.0
original,1,2,383,0.9285590538024903,0.9285590538024903,0.0,0.8057226860046387,0.8057226860046387,0.0
original,1,2,384,0.9110584678649902,0.9110584678649902,0.0,0.8164575571060181,0.8164575571060181,0.0
original,1,2,385,0.8899117238998413,0.8899117238998413,0.0,0.8100766396522522,0.8100766396522522,0.0
original,1,2,386,0.9192965888023377,0.9192965888023377,0.0,0.8379371130943298,0.8379371130943298,0.0
original,1,2,387,0.8980232943534852,0.8980232943534852,0.0,0.9545657105445862,0.9545657105445862,0.0
original,1,2,388,0.9050609427452088,0.9050609427452088,0.0,0.8369433709144593,0.8369433709144593,0.0
original,1,2,389,0.8876144053459167,0.8876144053459167,0.0,0.9237150750160217,0.9237150750160217,0.0
original,1,2,390,0.9037519964218139,0.9037519964218139,0.0,0.7983340063095092,0.7983340063095092,0.0
original,1,2,391,0.8718121523857116,0.8718121523857116,0.0,0.8252193011283875,0.8252193011283875,0.0
original,1,2,392,0.8722273042678833,0.8722273042678833,0.0,0.8387042830467224,0.8387042830467224,0.0
original,1,2,393,0.8814480730056763,0.8814480730056763,0.0,0.8095274655342102,0.8095274655342102,0.0
original,1,2,394,0.8788846418380737,0.8788846418380737,0.0,0.8012652983665466,0.8012652983665466,0.0
original,1,2,395,0.8593463928222657,0.8593463928222657,0.0,0.8238227150917053,0.8238227150917053,0.0
original,1,2,396,0.8631296213150025,0.8631296213150025,0.0,0.8334773471832275,0.8334773471832275,0.0
original,1,2,397,0.8605528894424439,0.8605528894424439,0.0,0.8315223876953125,0.8315223876953125,0.0
original,1,2,398,0.8966050614356995,0.8966050614356995,0.0,0.8206999177932739,0.8206999177932739,0.0
original,1,2,399,0.8770840718269348,0.8770840718269348,0.0,0.8287198395729065,0.8287198395729065,0.0
original,1,2,400,0.8890173221588135,0.8890173221588135,0.0,0.8143777818679809,0.8143777818679809,0.0
original,1,2,401,0.889563620185852,0.889563620185852,0.0,0.8191514141082764,0.8191514141082764,0.0
original,1,2,402,0.8895140815734863,0.8895140815734863,0.0,0.9071080785751343,0.9071080785751343,0.0
original,1,2,403,0.8771032143592834,0.8771032143592834,0.0,0.8044802606582642,0.8044802606582642,0.0
original,1,2,404,0.8901944975852967,0.8901944975852967,0.0,0.8035821741104126,0.8035821741104126,0.0
original,1,2,405,0.8475566089630127,0.8475566089630127,0.0,0.7929868983268737,0.7929868983268737,0.0
original,1,2,406,0.8876351547241211,0.8876351547241211,0.0,0.8316865020751953,0.8316865020751953,0.0
original,1,2,407,0.867814045715332,0.867814045715332,0.0,0.8040178433418274,0.8040178433418274,0.0
original,1,2,408,0.8980907883644104,0.8980907883644104,0.0,0.8131346698760986,0.8131346698760986,0.0
original,1,2,409,0.860818319606781,0.860818319606781,0.0,0.7973635358810425,0.7973635358810425,0.0
original,1,2,410,0.8847985691070557,0.8847985691070557,0.0,0.8185442160606384,0.8185442160606384,0.0
original,1,2,411,0.8665953290939331,0.8665953290939331,0.0,0.8017666290283203,0.8017666290283203,0.0
original,1,2,412,0.8892508043289185,0.8892508043289185,0.0,0.8396142338752747,0.8396142338752747,0.0
original,1,2,413,0.8706866807937622,0.8706866807937622,0.0,0.8107606554031372,0.8107606554031372,0.0
original,1,2,414,0.8816378526687622,0.8816378526687622,0.0,0.7889772000312805,0.7889772000312805,0.0
original,1,2,415,0.8742928266525268,0.8742928266525268,0.0,0.785086178302765,0.785086178302765,0.0
original,1,2,416,0.8891505164146424,0.8891505164146424,0.0,0.8339743449211121,0.8339743449211121,0.0
original,1,2,417,0.8657427828788757,0.8657427828788757,0.0,0.8054161149024963,0.8054161149024963,0.0
original,1,2,418,0.8816254056930543,0.8816254056930543,0.0,0.7892905619621277,0.7892905619621277,0.0
original,1,2,419,0.8694426914215088,0.8694426914215088,0.0,0.7874416382789612,0.7874416382789612,0.0
original,1,2,420,0.8644767092704773,0.8644767092704773,0.0,0.7930115736961365,0.7930115736961365,0.0
original,1,2,421,0.8686267853736878,0.8686267853736878,0.0,0.7989306608200073,0.7989306608200073,0.0
original,1,2,422,0.8502532184600831,0.8502532184600831,0.0,0.8036520406723022,0.8036520406723022,0.0
original,1,2,423,0.8475197830200195,0.8475197830200195,0.0,0.810336003780365,0.810336003780365,0.0
original,1,2,424,0.8783986320495606,0.8783986320495606,0.0,0.8007986618041992,0.8007986618041992,0.0
original,1,2,425,0.8604439866065979,0.8604439866065979,0.0,0.7955445635795593,0.7955445635795593,0.0
original,1,2,426,0.8575078887939453,0.8575078887939453,0.0,0.812609792137146,0.812609792137146,0.0
original,1,2,427,0.8610276699066162,0.8610276699066162,0.0,0.8138106423377991,0.8138106423377991,0.0
original,1,2,428,0.8638818328857422,0.8638818328857422,0.0,0.8138023424148559,0.8138023424148559,0.0
original,1,2,429,0.8578280116081238,0.8578280116081238,0.0,0.8112292617797852,0.8112292617797852,0.0
original,1,2,430,0.8618195013999939,0.8618195013999939,0.0,0.8022867094993591,0.8022867094993591,0.0
original,1,2,431,0.8442889788627624,0.8442889788627624,0.0,0.7975619594573975,0.7975619594573975,0.0
original,1,2,432,0.856511054611206,0.856511054611206,0.0,0.800071258354187,0.800071258354187,0.0
original,1,2,433,0.8635080981254578,0.8635080981254578,0.0,0.8425300043106079,0.8425300043106079,0.0
original,1,2,434,0.8836764950752258,0.8836764950752258,0.0,0.8287267960548401,0.8287267960548401,0.0
original,1,2,435,0.8795378623008728,0.8795378623008728,0.0,0.7971505187988281,0.7971505187988281,0.0
original,1,2,436,0.8806431186676026,0.8806431186676026,0.0,0.821112160396576,0.821112160396576,0.0
original,1,2,437,0.8718469376564026,0.8718469376564026,0.0,0.8413665691375732,0.8413665691375732,0.0
original,1,2,438,0.8748003567695618,0.8748003567695618,0.0,0.8023866981506348,0.8023866981506348,0.0
original,1,2,439,0.8593262529373169,0.8593262529373169,0.0,0.799254143333435,0.799254143333435,0.0
original,1,2,440,0.8728420481681823,0.8728420481681823,0.0,0.8123722027778626,0.8123722027778626,0.0
original,1,2,441,0.852535697555542,0.852535697555542,0.0,0.8126695828437805,0.8126695828437805,0.0
original,1,2,442,0.8648788783073426,0.8648788783073426,0.0,0.7967287093162536,0.7967287093162536,0.0
original,1,2,443,0.870850846004486,0.870850846004486,0.0,0.8273215796470642,0.8273215796470642,0.0
original,1,2,444,0.8640630717277527,0.8640630717277527,0.0,0.8065079293251037,0.8065079293251037,0.0
original,1,2,445,0.8570626412391663,0.8570626412391663,0.0,0.8214377112388611,0.8214377112388611,0.0
original,1,2,446,0.8628797141075134,0.8628797141075134,0.0,0.8282119676589966,0.8282119676589966,0.0
original,1,2,447,0.8608961508750915,0.8608961508750915,0.0,0.804395481967926,0.804395481967926,0.0
original,1,2,448,0.8576714497566224,0.8576714497566224,0.0,0.8215088044166565,0.8215088044166565,0.0
original,1,2,449,0.8686012258529663,0.8686012258529663,0.0,0.815971155834198,0.815971155834198,0.0
original,1,2,450,0.8573936531066895,0.8573936531066895,0.0,0.7835140271186829,0.7835140271186829,0.0
original,1,2,451,0.846890678691864,0.846890678691864,0.0,0.7954639635086059,0.7954639635086059,0.0
original,1,2,452,0.8528555614471436,0.8528555614471436,0.0,0.7989388656616211,0.7989388656616211,0.0
original,1,2,453,0.8757579681396485,0.8757579681396485,0.0,0.8003278726577758,0.8003278726577758,0.0
original,1,2,454,0.8531458765029907,0.8531458765029907,0.0,0.8442781703948975,0.8442781703948975,0.0
original,1,2,455,0.8950274322509766,0.8950274322509766,0.0,0.801240863609314,0.801240863609314,0.0
original,1,2,456,0.8783584592819214,0.8783584592819214,0.0,0.7920676516532899,0.7920676516532899,0.0
original,1,2,457,0.8506091469764709,0.8506091469764709,0.0,0.8148162887573243,0.8148162887573243,0.0
original,1,2,458,0.8526180367469788,0.8526180367469788,0.0,0.7816480667114257,0.7816480667114257,0.0
original,1,2,459,0.8484120280265808,0.8484120280265808,0.0,0.8062224642753602,0.8062224642753602,0.0
original,1,2,460,0.8601420062065125,0.8601420062065125,0.0,0.7854564112663269,0.7854564112663269,0.0
original,1,2,461,0.8509247554779052,0.8509247554779052,0.0,0.8024150918006897,0.8024150918006897,0.0
original,1,2,462,0.8437637838363647,0.8437637838363647,0.0,0.7913890592575074,0.7913890592575074,0.0
original,1,2,463,0.8614475897789001,0.8614475897789001,0.0,0.7885078442573548,0.7885078442573548,0.0
original,1,2,464,0.8523929217338562,0.8523929217338562,0.0,0.8030413585662842,0.8030413585662842,0.0
original,1,2,465,0.8456993592262269,0.8456993592262269,0.0,0.8148739960670471,0.8148739960670471,0.0
original,1,2,466,0.845157518863678,0.845157518863678,0.0,0.7945233715057373,0.7945233715057373,0.0
original,1,2,467,0.8555087568283081,0.8555087568283081,0.0,0.8079272811889648,0.8079272811889648,0.0
original,1,2,468,0.8536748319625854,0.8536748319625854,0.0,0.8157506844520569,0.8157506844520569,0.0
original,1,2,469,0.8432775205612183,0.8432775205612183,0.0,0.8042083206176758,0.8042083206176758,0.0
original,1,2,470,0.8433918622016907,0.8433918622016907,0.0,0.8362191679000854,0.8362191679000854,0.0
original,1,2,471,0.8484380016326905,0.8484380016326905,0.0,0.8023390310287476,0.8023390310287476,0.0
original,1,2,472,0.8458696081161499,0.8458696081161499,0.0,0.8045418386459351,0.8045418386459351,0.0
original,1,2,473,0.8396616486549378,0.8396616486549378,0.0,0.8123950733184815,0.8123950733184815,0.0
original,1,2,474,0.8483907272338868,0.8483907272338868,0.0,0.7908925882339477,0.7908925882339477,0.0
original,1,2,475,0.8214667285919189,0.8214667285919189,0.0,0.8400064257621765,0.8400064257621765,0.0
original,1,2,476,0.8542717468261719,0.8542717468261719,0.0,0.8178675239562988,0.8178675239562988,0.0
original,1,2,477,0.8634688664436341,0.8634688664436341,0.0,0.7959579562187195,0.7959579562187195,0.0
original,1,2,478,0.8697583096504211,0.8697583096504211,0.0,0.793348676776886,0.793348676776886,0.0
original,1,2,479,0.8344812827110291,0.8344812827110291,0.0,0.7802302187919616,0.7802302187919616,0.0
original,1,2,480,0.8438307149887085,0.8438307149887085,0.0,0.7760787029266357,0.7760787029266357,0.0
original,1,2,481,0.8485813848495484,0.8485813848495484,0.0,0.7754667503356933,0.7754667503356933,0.0
original,1,2,482,0.8408985946655273,0.8408985946655273,0.0,0.7997811813354492,0.7997811813354492,0.0
original,1,2,483,0.8475501529693603,0.8475501529693603,0.0,0.802929885673523,0.802929885673523,0.0
original,1,2,484,0.86432253408432,0.86432253408432,0.0,0.8004268037796021,0.8004268037796021,0.0
original,1,2,485,0.837854702091217,0.837854702091217,0.0,0.8003277352333069,0.8003277352333069,0.0
original,1,2,486,0.83493004322052,0.83493004322052,0.0,0.7951003604888917,0.7951003604888917,0.0
original,1,2,487,0.8482231478691101,0.8482231478691101,0.0,0.7919923008918762,0.7919923008918762,0.0
original,1,2,488,0.8478594954490661,0.8478594954490661,0.0,0.7994425591468811,0.7994425591468811,0.0
original,1,2,489,0.8351279267311096,0.8351279267311096,0.0,0.7816061435699463,0.7816061435699463,0.0
original,1,2,490,0.8487875855445862,0.8487875855445862,0.0,0.7830225804328919,0.7830225804328919,0.0
original,1,2,491,0.8528081378936767,0.8528081378936767,0.0,0.7661124183654785,0.7661124183654785,0.0
original,1,2,492,0.8174288518905639,0.8174288518905639,0.0,0.7849207364082337,0.7849207364082337,0.0
original,1,2,493,0.7985703763008117,0.7985703763008117,0.0,0.7700757762908935,0.7700757762908935,0.0
original,1,2,494,0.8089564926147461,0.8089564926147461,0.0,0.7753972165107728,0.7753972165107728,0.0
original,1,2,495,0.8190417599678039,0.8190417599678039,0.0,0.7576041693687439,0.7576041693687439,0.0
original,1,2,496,0.8336983451843262,0.8336983451843262,0.0,0.7721410388946534,0.7721410388946534,0.0
original,1,2,497,0.8514844273567199,0.8514844273567199,0.0,0.7644904603004455,0.7644904603004455,0.0
original,1,2,498,0.8192201228141784,0.8192201228141784,0.0,0.7575704040527343,0.7575704040527343,0.0
original,1,2,499,0.8257015035629273,0.8257015035629273,0.0,0.7594119436264039,0.7594119436264039,0.0
original,1,2,500,0.812011267566681,0.812011267566681,0.0,0.7597970620155334,0.7597970620155334,0.0
