model,seed,level,epoch,train_total,train_effect,train_vq,eval_total,eval_effect,eval_vq,active_codes,ema_used_codes,occupancy_min,occupancy_max,occupancy_perplexity,step_counter,last_check_step,last_maintenance_step,last_structure_step,surprise_streak,growth_count,prune_count,merge_count,distance_mean,distance_p90,distance_p95,distance_max,surprise_support
dynamic_prune,3,1,1,4.495498415629069,4.483428789774577,0.012069703874488672,4.378529787063599,4.378529787063599,0.0,1.0,1.0,1.0,1.0,1.0,10.0,0.0,0.0,0.0,0.0,0.0,0.0,0.0,,,,,
dynamic_prune,3,1,2,4.317761039733886,4.304386056264241,0.013374928186337154,4.204540615081787,4.204540615081787,0.0,1.0,1.0,1.0,1.0,1.0,20.0,0.0,0.0,0.0,0.0,0.0,0.0,0.0,,,,,
dynamic_prune,3,1,3,4.16725656191508,4.135305868784586,0.03195068846146266,4.043915111223857,4.043915111223857,0.0,1.0,1.0,1.0,1.0,1.0,30.0,0.0,0.0,0.0,0.0,0.0,0.0,0.0,,,,,
dynamic_prune,3,1,4,4.042923189798991,3.982054796218872,0.06086830685536067,3.8979251352945963,3.8979251352945963,0.0,1.0,1.0,1.0,1.0,1.0,40.0,0.0,0.0,0.0,0.0,0.0,0.0,0.0,,,,,
dynamic_prune,3,1,5,3.932563371658325,3.838150281906128,0.09441309034824372,3.759583322207133,3.759583322207133,0.0,1.0,1.0,1.0,1.0,1.0,50.0,0.0,0.0,0.0,0.0,0.0,0.0,0.0,,,,,
dynamic_prune,3,1,6,3.8529784965515135,3.7036188220977784,0.14935969909032185,3.6275390434265136,3.6275390434265136,0.0,1.0,1.0,1.0,1.0,1.0,60.0,0.0,0.0,0.0,0.0,0.0,0.0,0.0,,,,,
dynamic_prune,3,1,7,3.8034866746266682,3.5753394412994384,0.2281472357114156,3.504912308057149,3.504912308057149,0.0,1.0,1.0,1.0,1.0,1.0,70.0,0.0,0.0,0.0,0.0,0.0,0.0,0.0,,,,,
dynamic_prune,3,1,8,3.7962344042460123,3.4557130622863768,0.3405213419596354,3.388918900489807,3.388918900489807,0.0,1.0,1.0,1.0,1.0,1.0,80.0,0.0,0.0,0.0,0.0,0.0,0.0,0.0,,,,,
dynamic_prune,3,1,9,3.8433246485392254,3.342273893356323,0.5010507361094156,3.278258213996887,3.278258213996887,0.0,1.0,1.0,1.0,1.0,1.0,90.0,0.0,0.0,0.0,0.0,0.0,0.0,0.0,,,,,
dynamic_prune,3,1,10,3.9076785469055175,3.2326771513621013,0.6750014003117879,3.1709071429570517,3.1709071429570517,0.0,1.0,1.0,1.0,1.0,1.0,100.0,0.0,0.0,0.0,0.0,0.0,0.0,0.0,,,,,
dynamic_prune,3,1,11,4.026701507568359,3.126173235575358,0.9005282958348592,3.068019259770711,3.068019259770711,0.0,1.0,1.0,1.0,1.0,1.0,110.0,0.0,0.0,0.0,0.0,0.0,0.0,0.0,,,,,
dynamic_prune,3,1,12,4.078429600397746,3.0277830823262533,1.0506465562184653,2.9721658515930174,2.9721658515930174,0.0,1.0,1.0,1.0,1.0,1.0,120.0,0.0,0.0,0.0,0.0,0.0,0.0,0.0,,,,,
dynamic_prune,3,1,13,3.9987527084350587,2.93345118522644,1.0653015343348184,2.885317498842875,2.885317498842875,0.0,1.0,1.0,1.0,1.0,1.0,130.0,0.0,0.0,0.0,0.0,0.0,0.0,0.0,,,,,
dynamic_prune,3,1,14,3.770285259882609,2.8504674371083576,0.9198178100585938,2.8003182967503863,2.8003182967503863,0.0,1.0,1.0,1.0,1.0,1.0,140.0,0.0,0.0,0.0,0.0,0.0,0.0,0.0,,,,,
dynamic_prune,3,1,15,3.525056349436442,2.767263984680176,0.7577923917770386,2.7221378819147746,2.7221378819147746,0.0,1.0,1.0,1.0,1.0,1.0,150.0,0.0,0.0,0.0,0.0,0.0,0.0,0.0,,,,,
dynamic_prune,3,1,16,3.3754704920450846,2.689721428553263,0.6857490674654643,2.6496322186787924,2.6496322186787924,0.0,1.0,1.0,1.0,1.0,1.0,160.0,0.0,0.0,0.0,0.0,0.0,0.0,0.0,,,,,
dynamic_prune,3,1,17,3.3046655495961508,2.619268906911214,0.6853966212272644,2.5792837047576906,2.5792837047576906,0.0,1.0,1.0,1.0,1.0,1.0,170.0,0.0,0.0,0.0,0.0,0.0,0.0,0.0,,,,,
dynamic_prune,3,1,18,3.2618128363291423,2.551171073913574,0.7106417346000672,2.5135941092173257,2.5135941092173257,0.0,1.0,1.0,1.0,1.0,1.0,180.0,0.0,0.0,0.0,0.0,0.0,0.0,0.0,,,,,
dynamic_prune,3,1,19,3.209358746210734,2.4877421124776204,0.7216165804862976,2.4536097304026288,2.4536097304026288,0.0,1.0,1.0,1.0,1.0,1.0,190.0,0.0,0.0,0.0,0.0,0.0,0.0,0.0,,,,,
dynamic_prune,3,1,20,3.196608912150065,2.429534772237142,0.7670741144816081,2.397706085840861,2.397706085840861,0.0,1.0,1.0,1.0,1.0,1.0,200.0,0.0,0.0,0.0,0.0,0.0,0.0,0.0,,,,,
dynamic_prune,3,1,21,3.161988452275594,2.374637591044108,0.7873508842786153,2.3469243303934735,2.3469243303934735,0.0,1.0,1.0,1.0,1.0,1.0,210.0,0.0,0.0,0.0,0.0,0.0,0.0,0.0,,,,,
dynamic_prune,3,1,22,3.114641342163086,2.326718886693319,0.7879224530855815,2.2987790648142497,2.2987790648142497,0.0,1.0,1.0,1.0,1.0,1.0,220.0,0.0,0.0,0.0,0.0,0.0,0.0,0.0,,,,,
dynamic_prune,3,1,23,3.1351838366190594,2.278321695327759,0.8568621285756429,2.2545460510253905,2.2545460510253905,0.0,1.0,1.0,1.0,1.0,1.0,230.0,0.0,0.0,0.0,0.0,0.0,0.0,0.0,,,,,
dynamic_prune,3,1,24,3.2979497973124188,2.2371100044250487,1.0608397912979126,2.2120489851633707,2.2120489851633707,0.0,1.0,1.0,1.0,1.0,1.0,240.0,0.0,0.0,0.0,0.0,0.0,0.0,0.0,,,,,
dynamic_prune,3,1,25,3.3985240014394122,2.1945191637674966,1.204004824956258,2.173771858215332,2.173771858215332,0.0,1.0,1.0,1.0,1.0,1.0,250.0,0.0,0.0,0.0,0.0,0.0,0.0,0.0,,,,,
dynamic_prune,3,1,26,3.3859466234842936,2.158073342641195,1.227873272895813,2.1368670018513996,2.1368670018513996,0.0,1.0,1.0,1.0,1.0,1.0,260.0,0.0,0.0,0.0,0.0,0.0,0.0,0.0,,,,,
dynamic_prune,3,1,27,3.40733962059021,2.1226728026072186,1.284666830698649,2.1035093148549397,2.1035093148549397,0.0,1.0,1.0,1.0,1.0,1.0,270.0,0.0,0.0,0.0,0.0,0.0,0.0,0.0,,,,,
dynamic_prune,3,1,28,3.5191628487904865,2.0903537940979002,1.4288090674082439,2.0722900263468422,2.0722900263468422,0.0,1.0,1.0,1.0,1.0,1.0,280.0,0.0,0.0,0.0,0.0,0.0,0.0,0.0,,,,,
dynamic_prune,3,1,29,3.638946272532145,2.059858544667562,1.5790877914428711,2.0430452473958334,2.0430452473958334,0.0,1.0,1.0,1.0,1.0,1.0,290.0,0.0,0.0,0.0,0.0,0.0,0.0,0.0,,,,,
dynamic_prune,3,1,30,3.7060380681355793,2.0314568201700847,1.6745812352498373,2.0161795139312746,2.0161795139312746,0.0,1.0,1.0,1.0,1.0,1.0,300.0,300.0,0.0,0.0,1.0,0.0,0.0,0.0,13.937179565429688,45.791744232177734,57.227317810058594,138.3466339111328,86.0
dynamic_prune,3,1,31,3.8037427616119386,2.005521593093872,1.7982212066650392,1.991304718653361,1.991304718653361,0.0,1.0,1.0,1.0,1.0,1.0,310.0,300.0,0.0,0.0,1.0,0.0,0.0,0.0,13.937179565429688,45.791744232177734,57.227317810058594,138.3466339111328,86.0
dynamic_prune,3,1,32,3.8625453249613444,1.981436217625936,1.8811091121037802,1.9681794452667236,1.9681794452667236,0.0,1.0,1.0,1.0,1.0,1.0,320.0,300.0,0.0,0.0,1.0,0.0,0.0,0.0,13.937179565429688,45.791744232177734,57.227317810058594,138.3466339111328,86.0
dynamic_prune,3,1,33,3.969613653818766,1.9592722908655802,2.010341329574585,1.9464809862772623,1.9464809862772623,0.0,1.0,1.0,1.0,1.0,1.0,330.0,300.0,0.0,0.0,1.0,0.0,0.0,0.0,13.937179565429688,45.791744232177734,57.227317810058594,138.3466339111328,86.0
dynamic_prune,3,1,34,4.004876289367676,1.9379432662328084,2.0669330183664956,1.9267394510904947,1.9267394510904947,0.0,1.0,1.0,1.0,1.0,1.0,340.0,300.0,0.0,0.0,1.0,0.0,0.0,0.0,13.937179565429688,45.791744232177734,57.227317810058594,138.3466339111328,86.0
dynamic_prune,3,1,35,4.001528622309367,1.9193650976816814,2.0821635500590006,1.9078959465026855,1.9078959465026855,0.0,1.0,1.0,1.0,1.0,1.0,350.0,300.0,0.0,0.0,1.0,0.0,0.0,0.0,13.937179565429688,45.791744232177734,57.227317810058594,138.3466339111328,86.0
dynamic_prune,3,1,36,4.087486267089844,1.9007739798227945,2.1867122650146484,1.8913051795959472,1.8913051795959472,0.0,1.0,1.0,1.0,1.0,1.0,360.0,300.0,0.0,0.0,1.0,0.0,0.0,0.0,13.937179565429688,45.791744232177734,57.227317810058594,138.3466339111328,86.0
dynamic_prune,3,1,37,4.19058656056722,1.88421324412028,2.3063733037312826,1.8761618200937906,1.8761618200937906,0.0,1.0,1.0,1.0,1.0,1.0,370.0,300.0,0.0,0.0,1.0,0.0,0.0,0.0,13.937179565429688,45.791744232177734,57.227317810058594,138.3466339111328,86.0
dynamic_prune,3,1,38,4.275195140838623,1.8700395822525024,2.405155553817749,1.8618756834665935,1.8618756834665935,0.0,1.0,1.0,1.0,1.0,1.0,380.0,300.0,0.0,0.0,1.0,0.0,0.0,0.0,13.937179565429688,45.791744232177734,57.227317810058594,138.3466339111328,86.0
dynamic_prune,3,1,39,4.347214736938477,1.8563063430786133,2.4909083811442057,1.8490189933776855,1.8490189933776855,0.0,1.0,1.0,1.0,1.0,1.0,390.0,300.0,0.0,0.0,1.0,0.0,0.0,0.0,13.937179565429688,45.791744232177734,57.227317810058594,138.3466339111328,86.0
dynamic_prune,3,1,40,4.419440676371257,1.8783103879292806,2.541130329767863,2.876945063273112,2.876945063273112,0.0,2.0,2.0,0.28377076983451843,0.716229259967804,1.8157151937484741,400.0,400.0,0.0,400.0,0.0,1.0,0.0,0.0,20.79463005065918,64.45846557617188,92.49251556396484,111.2863998413086,93.0
dynamic_prune,3,1,41,5.062488174438476,2.9676065826416016,2.094881556828817,3.066280886332194,3.066280886332194,0.0,2.0,2.0,0.3172208368778229,0.6827791929244995,1.867791771888733,410.0,400.0,0.0,400.0,0.0,1.0,0.0,0.0,20.79463005065918,64.45846557617188,92.49251556396484,111.2863998413086,93.0
dynamic_prune,3,1,42,4.582891864776611,2.906557725270589,1.676334088643392,2.8568788878122966,2.8568788878122966,0.0,2.0,2.0,0.3471382260322571,0.6528617739677429,1.9072397947311401,420.0,400.0,0.0,400.0,0.0,1.0,0.0,0.0,20.79463005065918,64.45846557617188,92.49251556396484,111.2863998413086,93.0
dynamic_prune,3,1,43,3.7545848751068114,2.6074170939127606,1.147167842388153,2.443960892359416,2.443960892359416,0.0,2.0,2.0,0.37437692284584045,0.6256230473518372,1.9372010231018066,430.0,400.0,0.0,400.0,0.0,1.0,0.0,0.0,20.79463005065918,64.45846557617188,92.49251556396484,111.2863998413086,93.0
dynamic_prune,3,1,44,2.9862673886617026,2.284105135599772,0.70216228723526,2.094409383138021,2.094409383138021,0.0,2.0,2.0,0.3959217965602875,0.6040781736373901,1.9568252563476562,440.0,400.0,0.0,400.0,0.0,1.0,0.0,0.0,20.79463005065918,64.45846557617188,92.49251556396484,111.2863998413086,93.0
dynamic_prune,3,1,45,2.551578976313273,2.074246335029602,0.47733269453048705,1.885361671447754,1.885361671447754,0.0,2.0,2.0,0.41027939319610596,0.5897206664085388,1.9678863286972046,450.0,400.0,0.0,400.0,0.0,1.0,0.0,0.0,20.79463005065918,64.45846557617188,92.49251556396484,111.2863998413086,93.0
dynamic_prune,3,1,46,2.3680264854431154,1.9457643540700276,0.42226215402285255,1.718033431371053,1.718033431371053,0.0,2.0,2.0,0.4246464669704437,0.5753535628318787,1.977329969406128,460.0,400.0,0.0,400.0,0.0,1.0,0.0,0.0,20.79463005065918,64.45846557617188,92.49251556396484,111.2863998413086,93.0
dynamic_prune,3,1,47,2.181346950531006,1.7401714690526326,0.4411754790941874,1.5333867804209391,1.5333867804209391,0.0,2.0,2.0,0.44635897874832153,0.5536409616470337,1.9885015487670898,470.0,400.0,0.0,400.0,0.0,1.0,0.0,0.0,20.79463005065918,64.45846557617188,92.49251556396484,111.2863998413086,93.0
dynamic_prune,3,1,48,1.9771706295013427,1.5657249561945596,0.4114457106590271,1.4221644067764283,1.4221644067764283,0.0,2.0,2.0,0.46921759843826294,0.5307824015617371,1.9962109327316284,480.0,400.0,0.0,400.0,0.0,1.0,0.0,0.0,20.79463005065918,64.45846557617188,92.49251556396484,111.2863998413086,93.0
dynamic_prune,3,1,49,1.8402784792582194,1.4984719594319662,0.34180651982625326,1.3493256616592406,1.3493256616592406,0.0,2.0,2.0,0.49024340510368347,0.5097566246986389,1.9996191263198853,490.0,400.0,0.0,400.0,0.0,1.0,0.0,0.0,20.79463005065918,64.45846557617188,92.49251556396484,111.2863998413086,93.0
dynamic_prune,3,1,50,1.6840941651662191,1.4132592662175496,0.27083489815394085,1.294114654858907,1.294114654858907,0.0,2.0,2.0,0.48992276191711426,0.5100772976875305,1.999593734741211,500.0,400.0,0.0,400.0,0.0,1.0,0.0,0.0,20.79463005065918,64.45846557617188,92.49251556396484,111.2863998413086,93.0
dynamic_prune,3,1,51,1.6877856222788492,1.4980010652542115,0.18978455722332,1.245526703198751,1.245526703198751,0.0,2.0,2.0,0.4770463705062866,0.5229535698890686,1.99789297580719,510.0,400.0,0.0,400.0,0.0,1.0,0.0,0.0,20.79463005065918,64.45846557617188,92.49251556396484,111.2863998413086,93.0
dynamic_prune,3,1,52,2.1210599994659423,1.9860057512919107,0.1350542398293813,1.4592870140075684,1.4592870140075684,0.0,2.0,2.0,0.48454540967941284,0.5154545903205872,1.99904465675354,520.0,400.0,0.0,400.0,0.0,1.0,0.0,0.0,20.79463005065918,64.45846557617188,92.49251556396484,111.2863998413086,93.0
dynamic_prune,3,1,53,2.426268590291341,2.172179689407349,0.2540889048576355,1.8157918389638266,1.8157918389638266,0.0,2.0,2.0,0.4975852072238922,0.5024147629737854,1.999976634979248,530.0,400.0,0.0,400.0,0.0,1.0,0.0,0.0,20.79463005065918,64.45846557617188,92.49251556396484,111.2863998413086,93.0
dynamic_prune,3,1,54,2.656155926386515,2.179795336723328,0.47636057615280153,2.0327267519632977,2.0327267519632977,0.0,2.0,2.0,0.48819801211357117,0.5118020176887512,1.9994429349899292,540.0,400.0,0.0,400.0,0.0,1.0,0.0,0.0,20.79463005065918,64.45846557617188,92.49251556396484,111.2863998413086,93.0
dynamic_prune,3,1,55,2.833679501215617,2.1133689371744793,0.7203105235099793,2.0061871242523193,2.0061871242523193,0.0,2.0,2.0,0.4717729985713959,0.5282269716262817,1.9968137741088867,550.0,400.0,0.0,400.0,0.0,1.0,0.0,0.0,20.79463005065918,64.45846557617188,92.49251556396484,111.2863998413086,93.0
dynamic_prune,3,1,56,2.947841583887736,2.000928061803182,0.9469135411580404,1.924718418121338,1.924718418121338,0.0,2.0,2.0,0.4567277431488037,0.5432722568511963,1.9925146102905273,560.0,400.0,0.0,400.0,0.0,1.0,0.0,0.0,20.79463005065918,64.45846557617188,92.49251556396484,111.2863998413086,93.0
dynamic_prune,3,1,57,3.056012331644694,1.921305243174235,1.1347070837020874,1.8778155199686686,1.8778155199686686,0.0,2.0,2.0,0.44279810786247253,0.5572018623352051,1.9869259595870972,570.0,400.0,0.0,400.0,0.0,1.0,0.0,0.0,20.79463005065918,64.45846557617188,92.49251556396484,111.2863998413086,93.0
dynamic_prune,3,1,58,3.3159841283162437,1.982765000661214,1.3332191228866577,2.003199005126953,2.003199005126953,0.0,2.0,2.0,0.43060189485549927,0.5693981647491455,1.9807661771774292,580.0,400.0,0.0,400.0,0.0,1.0,0.0,0.0,20.79463005065918,64.45846557617188,92.49251556396484,111.2863998413086,93.0
dynamic_prune,3,1,59,3.5472483603159586,2.1230530675252277,1.4241953055063883,2.1137425676981607,2.1137425676981607,0.0,2.0,2.0,0.4235895574092865,0.5764104127883911,1.9766910076141357,590.0,400.0,0.0,400.0,0.0,1.0,0.0,0.0,20.79463005065918,64.45846557617188,92.49251556396484,111.2863998413086,93.0
dynamic_prune,3,1,60,3.460559129714966,2.1061556784311932,1.3544034639994302,2.0795906321207682,2.0795906321207682,0.0,2.0,2.0,0.4171604812145233,0.5828395485877991,1.9726126194000244,600.0,400.0,0.0,400.0,0.0,1.0,0.0,0.0,20.79463005065918,64.45846557617188,92.49251556396484,111.2863998413086,93.0
dynamic_prune,3,1,61,3.252566693623861,2.070539884567261,1.1820267788569132,1.9974296855926514,1.9974296855926514,0.0,2.0,2.0,0.408953458070755,0.5910465717315674,1.966932773590088,610.0,400.0,0.0,400.0,0.0,1.0,0.0,0.0,20.79463005065918,64.45846557617188,92.49251556396484,111.2863998413086,93.0
dynamic_prune,3,1,62,3.042702808380127,2.000185480117798,1.0425173449516296,1.8620887724558512,1.8620887724558512,0.0,2.0,2.0,0.39687681198120117,0.6031231880187988,1.957611322402954,620.0,400.0,0.0,400.0,0.0,1.0,0.0,0.0,20.79463005065918,64.45846557617188,92.49251556396484,111.2863998413086,93.0
dynamic_prune,3,1,63,2.69498171488444,1.8062773370742797,0.8887043714523315,1.72502472559611,1.72502472559611,0.0,2.0,2.0,0.37937721610069275,0.6206227540969849,1.9420777559280396,630.0,400.0,0.0,400.0,0.0,1.0,0.0,0.0,20.79463005065918,64.45846557617188,92.49251556396484,111.2863998413086,93.0
dynamic_prune,3,1,64,2.4521127128601075,1.6313361056645712,0.8207765523592631,1.5486160786946614,1.5486160786946614,0.0,2.0,2.0,0.36499279737472534,0.6350072026252747,1.927525281906128,640.0,400.0,0.0,400.0,0.0,1.0,0.0,0.0,20.79463005065918,64.45846557617188,92.49251556396484,111.2863998413086,93.0
dynamic_prune,3,1,65,2.392607453664144,1.6105423323313395,0.7820651070276896,1.4528695837656658,1.4528695837656658,0.0,2.0,2.0,0.3570355474948883,0.6429644227027893,1.9187874794006348,650.0,400.0,0.0,400.0,0.0,1.0,0.0,0.0,20.79463005065918,64.45846557617188,92.49251556396484,111.2863998413086,93.0
dynamic_prune,3,1,66,2.210254675547282,1.5749674463272094,0.635287192662557,1.3639369360605875,1.3639369360605875,0.0,2.0,2.0,0.3518112003803253,0.6481888294219971,1.9127856492996216,660.0,400.0,0.0,400.0,0.0,1.0,0.0,0.0,20.79463005065918,64.45846557617188,92.49251556396484,111.2863998413086,93.0
dynamic_prune,3,1,67,2.0709643840789793,1.5471930678685506,0.5237713225682576,1.2848354784647624,1.2848354784647624,0.0,2.0,2.0,0.34856733679771423,0.6514326930046082,1.9089536666870117,670.0,400.0,0.0,400.0,0.0,1.0,0.0,0.0,20.79463005065918,64.45846557617188,92.49251556396484,111.2863998413086,93.0
dynamic_prune,3,1,68,1.850133910179138,1.4013011519114176,0.4488327507177989,1.207789061864217,1.207789061864217,0.0,2.0,2.0,0.3429560661315918,0.6570439338684082,1.902134656906128,680.0,400.0,0.0,400.0,0.0,1.0,0.0,0.0,20.79463005065918,64.45846557617188,92.49251556396484,111.2863998413086,93.0
dynamic_prune,3,1,69,1.6771275266011556,1.326258962949117,0.35086854139963786,1.1626005427042643,1.1626005427042643,0.0,2.0,2.0,0.33524012565612793,0.6647599339485168,1.8923654556274414,690.0,400.0,0.0,400.0,0.0,1.0,0.0,0.0,20.79463005065918,64.45846557617188,92.49251556396484,111.2863998413086,93.0
dynamic_prune,3,1,70,1.451292823155721,1.1994302479426067,0.25186256408691404,1.1285851081212361,1.1285851081212361,0.0,2.0,2.0,0.32599955797195435,0.6740004420280457,1.8800705671310425,700.0,700.0,0.0,400.0,1.0,1.0,0.0,0.0,1.6930515766143799,5.225061416625977,6.417048454284668,12.848128318786621,44.0
dynamic_prune,3,1,71,1.3958743842442831,1.1998966503143311,0.19597772439320882,1.1083831977844238,1.1083831977844238,0.0,2.0,2.0,0.31827449798583984,0.6817255020141602,1.8692960739135742,710.0,700.0,0.0,400.0,1.0,1.0,0.0,0.0,1.6930515766143799,5.225061416625977,6.417048454284668,12.848128318786621,44.0
dynamic_prune,3,1,72,1.3460977093378703,1.1860144980748495,0.16008322735627492,1.0963226222991944,1.0963226222991944,0.0,2.0,2.0,0.31237584352493286,0.6876240968704224,1.8607664108276367,720.0,700.0,0.0,400.0,1.0,1.0,0.0,0.0,1.6930515766143799,5.225061416625977,6.417048454284668,12.848128318786621,44.0
dynamic_prune,3,1,73,1.3079804690678913,1.163451199531555,0.14452926735083263,1.0700335264205934,1.0700335264205934,0.0,2.0,2.0,0.30618247389793396,0.6938174962997437,1.851529598236084,730.0,700.0,0.0,400.0,1.0,1.0,0.0,0.0,1.6930515766143799,5.225061416625977,6.417048454284668,12.848128318786621,44.0
dynamic_prune,3,1,74,1.2528788375854492,1.1096155786514281,0.1432632710536321,1.0502680857976279,1.0502680857976279,0.0,2.0,2.0,0.3000137507915497,0.6999862194061279,1.8420442342758179,740.0,700.0,0.0,400.0,1.0,1.0,0.0,0.0,1.6930515766143799,5.225061416625977,6.417048454284668,12.848128318786621,44.0
dynamic_prune,3,1,75,1.2370459302266439,1.0823391898473105,0.1547067360083262,1.0183328739802042,1.0183328739802042,0.0,2.0,2.0,0.2936367094516754,0.7063632607460022,1.831940770149231,750.0,700.0,0.0,400.0,1.0,1.0,0.0,0.0,1.6930515766143799,5.225061416625977,6.417048454284668,12.848128318786621,44.0
dynamic_prune,3,1,76,1.1963057947158813,1.0287808696428935,0.1675249139467875,0.9950997606913249,0.9950997606913249,0.0,2.0,2.0,0.2869328260421753,0.7130671739578247,1.8209941387176514,760.0,700.0,0.0,400.0,1.0,1.0,0.0,0.0,1.6930515766143799,5.225061416625977,6.417048454284668,12.848128318786621,44.0
dynamic_prune,3,1,77,1.177122319539388,1.005809381008148,0.17131294091542562,0.9721462408701579,0.9721462408701579,0.0,2.0,2.0,0.2812025845050812,0.7187974452972412,1.8113737106323242,770.0,700.0,0.0,400.0,1.0,1.0,0.0,0.0,1.6930515766143799,5.225061416625977,6.417048454284668,12.848128318786621,44.0
dynamic_prune,3,1,78,1.1847166522343953,1.000335160891215,0.18438146789868673,0.9513751713434855,0.9513751713434855,0.0,2.0,2.0,0.2761092483997345,0.7238907217979431,1.8026196956634521,780.0,700.0,0.0,400.0,1.0,1.0,0.0,0.0,1.6930515766143799,5.225061416625977,6.417048454284668,12.848128318786621,44.0
dynamic_prune,3,1,79,1.2043672529856364,1.0136969113349914,0.1906703313191732,0.933234445254008,0.933234445254008,0.0,2.0,2.0,0.27292028069496155,0.7270797491073608,1.797041654586792,790.0,700.0,0.0,400.0,1.0,1.0,0.0,0.0,1.6930515766143799,5.225061416625977,6.417048454284668,12.848128318786621,44.0
dynamic_prune,3,1,80,1.181961145401001,0.991638601620992,0.19032253980636596,1.11756010611852,1.11756010611852,0.0,3.0,3.0,0.14245320856571198,0.6259304881095886,2.4834330081939697,800.0,800.0,0.0,800.0,0.0,2.0,0.0,0.0,1.30892014503479,2.213656425476074,4.167463302612305,10.740339279174805,40.0
dynamic_prune,3,1,81,1.2321095943450928,1.109626013437907,0.12248358964920043,1.1805011582374574,1.1805011582374574,0.0,3.0,3.0,0.16117534041404724,0.6103039979934692,2.5418193340301514,810.0,800.0,0.0,800.0,0.0,2.0,0.0,0.0,1.30892014503479,2.213656425476074,4.167463302612305,10.740339279174805,40.0
dynamic_prune,3,1,82,1.015585945447286,0.9249898735682169,0.09059608221054077,1.0193671917915343,1.0193671917915343,0.0,3.0,3.0,0.16367343068122864,0.6106032729148865,2.543196678161621,820.0,800.0,0.0,800.0,0.0,2.0,0.0,0.0,1.30892014503479,2.213656425476074,4.167463302612305,10.740339279174805,40.0
dynamic_prune,3,1,83,0.9733710352579753,0.8963891649246216,0.0769818718234698,0.8661309798558553,0.8661309798558553,0.0,3.0,3.0,0.1642766296863556,0.6127903461456299,2.5381031036376953,830.0,800.0,0.0,800.0,0.0,2.0,0.0,0.0,1.30892014503479,2.213656425476074,4.167463302612305,10.740339279174805,40.0
dynamic_prune,3,1,84,0.9550642204284668,0.8888907400767009,0.06617348293463389,0.8524220315615336,0.8524220315615336,0.0,3.0,3.0,0.16788889467716217,0.6116483807563782,2.543701648712158,840.0,800.0,0.0,800.0,0.0,2.0,0.0,0.0,1.30892014503479,2.213656425476074,4.167463302612305,10.740339279174805,40.0
dynamic_prune,3,1,85,1.007653013865153,0.9504849529266357,0.05716806908448537,0.8523122843106588,0.8523122843106588,0.0,3.0,3.0,0.17916084825992584,0.6030923128128052,2.5727484226226807,850.0,800.0,0.0,800.0,0.0,2.0,0.0,0.0,1.30892014503479,2.213656425476074,4.167463302612305,10.740339279174805,40.0
dynamic_prune,3,1,86,0.9529086915651958,0.9083300964037577,0.04457859501242638,0.8643369102478027,0.8643369102478027,0.0,3.0,3.0,0.1888701617717743,0.5956207513809204,2.5964980125427246,860.0,800.0,0.0,800.0,0.0,2.0,0.0,0.0,1.30892014503479,2.213656425476074,4.167463302612305,10.740339279174805,40.0
dynamic_prune,3,1,87,0.9114537914594014,0.8759872444470723,0.03546654681364695,0.8547782079378764,0.8547782079378764,0.0,3.0,3.0,0.19806160032749176,0.5886410474777222,2.6174471378326416,870.0,800.0,0.0,800.0,0.0,2.0,0.0,0.0,1.30892014503479,2.213656425476074,4.167463302612305,10.740339279174805,40.0
dynamic_prune,3,1,88,0.9238814838727315,0.8919891961415609,0.03189229552944501,0.8359143122037251,0.8359143122037251,0.0,3.0,3.0,0.20637424290180206,0.5823562741279602,2.6352550983428955,880.0,800.0,0.0,800.0,0.0,2.0,0.0,0.0,1.30892014503479,2.213656425476074,4.167463302612305,10.740339279174805,40.0
dynamic_prune,3,1,89,0.9002897342046102,0.86900390625,0.03128581936160724,0.8267865045865377,0.8267865045865377,0.0,3.0,3.0,0.20941932499408722,0.5749030709266663,2.6551270484924316,890.0,800.0,0.0,800.0,0.0,2.0,0.0,0.0,1.30892014503479,2.213656425476074,4.167463302612305,10.740339279174805,40.0
dynamic_prune,3,1,90,0.8854951254526774,0.8539206139246622,0.0315745114783446,0.8183673882484436,0.8183673882484436,0.0,3.0,3.0,0.20771856606006622,0.5657121539115906,2.6780853271484375,900.0,800.0,0.0,800.0,0.0,2.0,0.0,0.0,1.30892014503479,2.213656425476074,4.167463302612305,10.740339279174805,40.0
dynamic_prune,3,1,91,0.8998195878664652,0.8683961733182272,0.031423412164052325,0.8065885917345683,0.8065885917345683,0.0,3.0,3.0,0.20620380342006683,0.5581322908401489,2.6957316398620605,910.0,800.0,0.0,800.0,0.0,2.0,0.0,0.0,1.30892014503479,2.213656425476074,4.167463302612305,10.740339279174805,40.0
dynamic_prune,3,1,92,0.8658614261945089,0.8340179292360942,0.03184349462389946,0.7841927381356557,0.7841927381356557,0.0,3.0,3.0,0.2049388289451599,0.5528460144996643,2.707266330718994,920.0,800.0,0.0,800.0,0.0,2.0,0.0,0.0,1.30892014503479,2.213656425476074,4.167463302612305,10.740339279174805,40.0
dynamic_prune,3,1,93,0.843052039941152,0.8099755970637004,0.03307644627988338,0.779014828602473,0.779014828602473,0.0,3.0,3.0,0.20380257070064545,0.5459499955177307,2.7217154502868652,930.0,800.0,0.0,800.0,0.0,2.0,0.0,0.0,1.30892014503479,2.213656425476074,4.167463302612305,10.740339279174805,40.0
dynamic_prune,3,1,94,0.8274648412068685,0.7966051157315572,0.030859729448954265,0.7705902814865112,0.7705902814865112,0.0,3.0,3.0,0.20315583050251007,0.541668176651001,2.730278491973877,940.0,800.0,0.0,800.0,0.0,2.0,0.0,0.0,1.30892014503479,2.213656425476074,4.167463302612305,10.740339279174805,40.0
dynamic_prune,3,1,95,0.8222218600908915,0.792433975537618,0.02978788616756598,0.7529827702045441,0.7529827702045441,0.0,3.0,3.0,0.20241352915763855,0.5389894247055054,2.7352418899536133,950.0,800.0,0.0,800.0,0.0,2.0,0.0,0.0,1.30892014503479,2.213656425476074,4.167463302612305,10.740339279174805,40.0
dynamic_prune,3,1,96,0.8249193255106608,0.7942384012540181,0.030680922518173854,0.7540401462713877,0.7540401462713877,0.0,3.0,3.0,0.20186598598957062,0.5335825085639954,2.745492935180664,960.0,800.0,0.0,800.0,0.0,2.0,0.0,0.0,1.30892014503479,2.213656425476074,4.167463302612305,10.740339279174805,40.0
dynamic_prune,3,1,97,0.7871786991755167,0.7575987633069357,0.029579939196507136,0.7415922252337138,0.7415922252337138,0.0,3.0,3.0,0.20131316781044006,0.528653085231781,2.7543723583221436,970.0,800.0,0.0,800.0,0.0,2.0,0.0,0.0,1.30892014503479,2.213656425476074,4.167463302612305,10.740339279174805,40.0
dynamic_prune,3,1,98,0.793262931505839,0.7664690454800923,0.02679389260709286,0.7335954940319062,0.7335954940319062,0.0,3.0,3.0,0.2007085382938385,0.5243015885353088,2.7617685794830322,980.0,800.0,0.0,800.0,0.0,2.0,0.0,0.0,1.30892014503479,2.213656425476074,4.167463302612305,10.740339279174805,40.0
dynamic_prune,3,1,99,0.7959261322021485,0.7690193239847819,0.02690681318442027,0.7284415809313456,0.7284415809313456,0.0,3.0,3.0,0.20019394159317017,0.5193779468536377,2.76989483833313,990.0,800.0,0.0,800.0,0.0,2.0,0.0,0.0,1.30892014503479,2.213656425476074,4.167463302612305,10.740339279174805,40.0
dynamic_prune,3,1,100,0.786853330930074,0.761707292397817,0.025146031230688096,0.7180766932169597,0.7180766932169597,0.0,3.0,3.0,0.19981971383094788,0.5140438675880432,2.7784273624420166,1000.0,800.0,0.0,800.0,0.0,2.0,0.0,0.0,1.30892014503479,2.213656425476074,4.167463302612305,10.740339279174805,40.0
dynamic_prune,3,1,101,0.7631915235519409,0.7388864167531332,0.024305117626984913,0.7100072928269704,0.7100072928269704,0.0,3.0,3.0,0.1995435506105423,0.5096378326416016,2.785172700881958,1010.0,800.0,0.0,800.0,0.0,2.0,0.0,0.0,1.30892014503479,2.213656425476074,4.167463302612305,10.740339279174805,40.0
dynamic_prune,3,1,102,0.7696458450953165,0.7466368913650513,0.023008950278162955,0.7071790381272633,0.7071790381272633,0.0,3.0,3.0,0.19922053813934326,0.5044199228286743,2.7927753925323486,1020.0,800.0,0.0,800.0,0.0,2.0,0.0,0.0,1.30892014503479,2.213656425476074,4.167463302612305,10.740339279174805,40.0
dynamic_prune,3,1,103,0.7757881991068523,0.7528499476114909,0.02293824444214503,0.7010519727071126,0.7010519727071126,0.0,3.0,3.0,0.19878427684307098,0.4979655146598816,2.801553249359131,1030.0,800.0,0.0,800.0,0.0,2.0,0.0,0.0,1.30892014503479,2.213656425476074,4.167463302612305,10.740339279174805,40.0
dynamic_prune,3,1,104,0.7503006227811178,0.7283366243044536,0.02196400721867879,0.6969501547018687,0.6969501547018687,0.0,3.0,3.0,0.19856993854045868,0.49351027607917786,2.807339668273926,1040.0,800.0,0.0,800.0,0.0,2.0,0.0,0.0,1.30892014503479,2.213656425476074,4.167463302612305,10.740339279174805,40.0
dynamic_prune,3,1,105,0.7228984498977661,0.7029430890083312,0.01995536118745804,0.688905885219574,0.688905885219574,0.0,3.0,3.0,0.19864661991596222,0.48789912462234497,2.814645528793335,1050.0,800.0,0.0,800.0,0.0,2.0,0.0,0.0,1.30892014503479,2.213656425476074,4.167463302612305,10.740339279174805,40.0
dynamic_prune,3,1,106,0.7377106396357218,0.7175692423184713,0.020141403476397198,0.6853295195102692,0.6853295195102692,0.0,3.0,3.0,0.19863805174827576,0.48259976506233215,2.8210339546203613,1060.0,800.0,0.0,800.0,0.0,2.0,0.0,0.0,1.30892014503479,2.213656425476074,4.167463302612305,10.740339279174805,40.0
dynamic_prune,3,1,107,0.7200111548105875,0.7003901155789694,0.019621024255951247,0.6792962308724722,0.6792962308724722,0.0,3.0,3.0,0.19870246946811676,0.4771587550640106,2.8272783756256104,1070.0,800.0,0.0,800.0,0.0,2.0,0.0,0.0,1.30892014503479,2.213656425476074,4.167463302612305,10.740339279174805,40.0
dynamic_prune,3,1,108,0.7241931176185608,0.7053509799639384,0.01884213959177335,0.6824836591879527,0.6824836591879527,0.0,3.0,3.0,0.19866937398910522,0.47174084186553955,2.8329453468322754,1080.0,800.0,0.0,800.0,0.0,2.0,0.0,0.0,1.30892014503479,2.213656425476074,4.167463302612305,10.740339279174805,40.0
dynamic_prune,3,1,109,0.7374020139376323,0.7167794545491536,0.02062255914012591,0.6715254563093186,0.6715254563093186,0.0,3.0,3.0,0.19835199415683746,0.46365055441856384,2.8402183055877686,1090.0,800.0,0.0,800.0,0.0,2.0,0.0,0.0,1.30892014503479,2.213656425476074,4.167463302612305,10.740339279174805,40.0
dynamic_prune,3,1,110,0.7330830947558085,0.7122732297579447,0.020809863557418186,0.6672965216636658,0.6672965216636658,0.0,3.0,3.0,0.19829560816287994,0.4550110399723053,2.847353458404541,1100.0,1100.0,1100.0,800.0,0.0,2.0,0.0,0.0,0.15510675311088562,0.4007081985473633,0.5828571319580078,2.7828121185302734,1.0
dynamic_prune,3,1,111,0.7111516523361207,0.6918920119603474,0.019259634365638097,0.6641194121042887,0.6641194121042887,0.0,3.0,3.0,0.19837403297424316,0.44859692454338074,2.852154016494751,1110.0,1100.0,1100.0,800.0,0.0,2.0,0.0,0.0,0.15510675311088562,0.4007081985473633,0.5828571319580078,2.7828121185302734,1.0
dynamic_prune,3,1,112,0.7055319754282633,0.6870580816268921,0.018473896309733392,0.6641655570268631,0.6641655570268631,0.0,3.0,3.0,0.1983499825000763,0.44317904114723206,2.8556060791015625,1120.0,1100.0,1100.0,800.0,0.0,2.0,0.0,0.0,0.15510675311088562,0.4007081985473633,0.5828571319580078,2.7828121185302734,1.0
dynamic_prune,3,1,113,0.6885394414265951,0.670745575428009,0.01779387111465136,0.6603004467487336,0.6603004467487336,0.0,3.0,3.0,0.19844576716423035,0.43721017241477966,2.8591339588165283,1130.0,1100.0,1100.0,800.0,0.0,2.0,0.0,0.0,0.15510675311088562,0.4007081985473633,0.5828571319580078,2.7828121185302734,1.0
dynamic_prune,3,1,114,0.6910765814781189,0.6733866786956787,0.01768990640838941,0.6585268284877142,0.6585268284877142,0.0,3.0,3.0,0.1984538584947586,0.4330969750881195,2.8611714839935303,1140.0,1100.0,1100.0,800.0,0.0,2.0,0.0,0.0,0.15510675311088562,0.4007081985473633,0.5828571319580078,2.7828121185302734,1.0
dynamic_prune,3,1,115,0.7102693065007528,0.6909718465805054,0.019297450929880142,0.6514197365442912,0.6514197365442912,0.0,3.0,3.0,0.19844451546669006,0.429485023021698,2.86273193359375,1150.0,1100.0,1100.0,800.0,0.0,2.0,0.0,0.0,0.15510675311088562,0.4007081985473633,0.5828571319580078,2.7828121185302734,1.0
dynamic_prune,3,1,116,0.6954612461725871,0.6764613167444865,0.01899993511537711,0.6525349245468776,0.6525349245468776,0.0,3.0,3.0,0.19842244684696198,0.4250989556312561,2.8643555641174316,1160.0,1100.0,1100.0,800.0,0.0,2.0,0.0,0.0,0.15510675311088562,0.4007081985473633,0.5828571319580078,2.7828121185302734,1.0
dynamic_prune,3,1,117,0.6895946375528972,0.6711794471740723,0.0184151949485143,0.64843283812205,0.64843283812205,0.0,3.0,3.0,0.1984555423259735,0.42178061604499817,2.865493059158325,1170.0,1100.0,1100.0,800.0,0.0,2.0,0.0,0.0,0.15510675311088562,0.4007081985473633,0.5828571319580078,2.7828121185302734,1.0
dynamic_prune,3,1,118,0.6974293152491252,0.6785618313153585,0.01886748100320498,0.6455084067583085,0.6455084067583085,0.0,3.0,3.0,0.19843676686286926,0.4172267019748688,2.866678476333618,1180.0,1100.0,1100.0,800.0,0.0,2.0,0.0,0.0,0.15510675311088562,0.4007081985473633,0.5828571319580078,2.7828121185302734,1.0
dynamic_prune,3,1,119,0.682204258441925,0.6625789006551107,0.019625371148188908,0.6439067679643631,0.6439067679643631,0.0,3.0,3.0,0.1985669881105423,0.4159132242202759,2.8672232627868652,1190.0,1100.0,1100.0,800.0,0.0,2.0,0.0,0.0,0.15510675311088562,0.4007081985473633,0.5828571319580078,2.7828121185302734,1.0
dynamic_prune,3,1,120,0.6792959062258402,0.6613653429349263,0.017930564731359483,0.6421417433023453,0.6421417433023453,0.0,3.0,3.0,0.19868548214435577,0.41464802622795105,2.867713451385498,1200.0,1200.0,1200.0,800.0,0.0,2.0,0.0,0.0,0.13070011138916016,0.3370295763015747,0.5539674758911133,0.9977595806121826,0.0
dynamic_prune,3,1,121,0.6797000471750895,0.6597886268297831,0.019911412497361503,0.6363823531071345,0.6363823531071345,0.0,3.0,3.0,0.19864346086978912,0.41085922718048096,2.868288278579712,1210.0,1200.0,1200.0,800.0,0.0,2.0,0.0,0.0,0.13070011138916016,0.3370295763015747,0.5539674758911133,0.9977595806121826,0.0
dynamic_prune,3,1,122,0.6795209606488546,0.6596553365389506,0.019865630393226943,0.6380645787715912,0.6380645787715912,0.0,3.0,3.0,0.1985863447189331,0.40780213475227356,2.8685553073883057,1220.0,1200.0,1200.0,800.0,0.0,2.0,0.0,0.0,0.13070011138916016,0.3370295763015747,0.5539674758911133,0.9977595806121826,0.0
dynamic_prune,3,1,123,0.6573921100298563,0.6379506134986878,0.019441496382157007,0.6340843659639358,0.6340843659639358,0.0,3.0,3.0,0.19870954751968384,0.4063964784145355,2.868926525115967,1230.0,1200.0,1200.0,800.0,0.0,2.0,0.0,0.0,0.13070011138916016,0.3370295763015747,0.5539674758911133,0.9977595806121826,0.0
dynamic_prune,3,1,124,0.6667411875724792,0.6467567936579386,0.019984389742215475,0.6343888471523921,0.6343888471523921,0.0,3.0,3.0,0.19874358177185059,0.40274518728256226,2.869199752807617,1240.0,1200.0,1200.0,800.0,0.0,2.0,0.0,0.0,0.13070011138916016,0.3370295763015747,0.5539674758911133,0.9977595806121826,0.0
dynamic_prune,3,1,125,0.6727753098805745,0.6533483711878458,0.019426939686139424,0.6303337941567103,0.6303337941567103,0.0,3.0,3.0,0.19880595803260803,0.4007796347141266,2.8693573474884033,1250.0,1200.0,1200.0,800.0,0.0,2.0,0.0,0.0,0.13070011138916016,0.3370295763015747,0.5539674758911133,0.9977595806121826,0.0
dynamic_prune,3,1,126,0.6614384007453918,0.6409874773025512,0.02045092557867368,0.6240827073653539,0.6240827073653539,0.0,3.0,3.0,0.19891959428787231,0.40204763412475586,2.8695693016052246,1260.0,1200.0,1200.0,800.0,0.0,2.0,0.0,0.0,0.13070011138916016,0.3370295763015747,0.5539674758911133,0.9977595806121826,0.0
dynamic_prune,3,1,127,0.6509540200233459,0.6324374032020569,0.018516610811154046,0.6224905544519425,0.6224905544519425,0.0,3.0,3.0,0.19902177155017853,0.40382522344589233,2.86971116065979,1270.0,1200.0,1200.0,800.0,0.0,2.0,0.0,0.0,0.13070011138916016,0.3370295763015747,0.5539674758911133,0.9977595806121826,0.0
dynamic_prune,3,1,128,0.6604586140314738,0.6399824611345927,0.020476154709855716,0.6231193240483602,0.6231193240483602,0.0,3.0,3.0,0.1990968883037567,0.40705370903015137,2.869629144668579,1280.0,1200.0,1200.0,800.0,0.0,2.0,0.0,0.0,0.13070011138916016,0.3370295763015747,0.5539674758911133,0.9977595806121826,0.0
dynamic_prune,3,1,129,0.6656735491752624,0.6447704156239827,0.020903139511744183,0.6226207123200098,0.6226207123200098,0.0,3.0,3.0,0.19901180267333984,0.4090332090854645,2.869248390197754,1290.0,1200.0,1200.0,800.0,0.0,2.0,0.0,0.0,0.13070011138916016,0.3370295763015747,0.5539674758911133,0.9977595806121826,0.0
dynamic_prune,3,1,130,0.6521976192792257,0.6316587964693705,0.02053881806631883,0.6196135630210241,0.6196135630210241,0.0,3.0,3.0,0.19892410933971405,0.4090326130390167,2.869077682495117,1300.0,1300.0,1300.0,800.0,0.0,2.0,0.0,0.0,0.17043881118297577,0.4339373707771301,0.5294201374053955,1.6109771728515625,2.0
dynamic_prune,3,1,131,0.6485982775688172,0.6278703745206197,0.0207279097288847,0.618220004439354,0.618220004439354,0.0,3.0,3.0,0.19898675382137299,0.4100995659828186,2.86906099319458,1310.0,1300.0,1300.0,800.0,0.0,2.0,0.0,0.0,0.17043881118297577,0.4339373707771301,0.5294201374053955,1.6109771728515625,2.0
dynamic_prune,3,1,132,0.6530469799041748,0.6309340174992879,0.02211296816666921,0.6167927694320678,0.6167927694320678,0.0,3.0,3.0,0.1990678459405899,0.4111446440219879,2.8690662384033203,1320.0,1300.0,1300.0,800.0,0.0,2.0,0.0,0.0,0.17043881118297577,0.4339373707771301,0.5294201374053955,1.6109771728515625,2.0
dynamic_prune,3,1,133,0.6484990731875102,0.6270500659942627,0.021449001928170522,0.6144521727164587,0.6144521727164587,0.0,3.0,3.0,0.19917386770248413,0.41122496128082275,2.869257926940918,1330.0,1300.0,1300.0,800.0,0.0,2.0,0.0,0.0,0.17043881118297577,0.4339373707771301,0.5294201374053955,1.6109771728515625,2.0
dynamic_prune,3,1,134,0.6567559925715128,0.6342702198028565,0.022485771775245668,0.616442257364591,0.616442257364591,0.0,3.0,3.0,0.19913354516029358,0.4112054705619812,2.8691835403442383,1340.0,1300.0,1300.0,800.0,0.0,2.0,0.0,0.0,0.17043881118297577,0.4339373707771301,0.5294201374053955,1.6109771728515625,2.0
dynamic_prune,3,1,135,0.6450318710009257,0.62207524061203,0.022956633965174358,0.616144959727923,0.616144959727923,0.0,3.0,3.0,0.1990780532360077,0.4103504717350006,2.8692028522491455,1350.0,1300.0,1300.0,800.0,0.0,2.0,0.0,0.0,0.17043881118297577,0.4339373707771301,0.5294201374053955,1.6109771728515625,2.0
dynamic_prune,3,1,136,0.6506433908144633,0.6279228981335958,0.022720482101043066,0.6097373221317927,0.6097373221317927,0.0,3.0,3.0,0.19908836483955383,0.40938565135002136,2.8693530559539795,1360.0,1300.0,1300.0,800.0,0.0,2.0,0.0,0.0,0.17043881118297577,0.4339373707771301,0.5294201374053955,1.6109771728515625,2.0
dynamic_prune,3,1,137,0.6462386441230774,0.6238558769226075,0.022382769311467807,0.6134342286984126,0.6134342286984126,0.0,3.0,3.0,0.19910357892513275,0.4101444184780121,2.869281053543091,1370.0,1300.0,1300.0,800.0,0.0,2.0,0.0,0.0,0.17043881118297577,0.4339373707771301,0.5294201374053955,1.6109771728515625,2.0
dynamic_prune,3,1,138,0.6533626206715901,0.6301780947049459,0.023184523011247318,0.6134082046151161,0.6134082046151161,0.0,3.0,3.0,0.1990768015384674,0.40888112783432007,2.8693931102752686,1380.0,1300.0,1300.0,800.0,0.0,2.0,0.0,0.0,0.17043881118297577,0.4339373707771301,0.5294201374053955,1.6109771728515625,2.0
dynamic_prune,3,1,139,0.6489190387725831,0.6261842075983683,0.022734838177760442,0.609142078657945,0.609142078657945,0.0,3.0,3.0,0.19910240173339844,0.40729254484176636,2.869616985321045,1390.0,1300.0,1300.0,800.0,0.0,2.0,0.0,0.0,0.17043881118297577,0.4339373707771301,0.5294201374053955,1.6109771728515625,2.0
dynamic_prune,3,1,140,0.6383061281840007,0.6148363049825033,0.023469822605450948,0.6038613819082578,0.6038613819082578,0.0,3.0,3.0,0.1991163045167923,0.4056808650493622,2.869783878326416,1400.0,1400.0,1400.0,800.0,0.0,2.0,0.0,0.0,0.23200997710227966,0.6918964982032776,0.9697663187980652,1.9793281555175781,3.0
dynamic_prune,3,1,141,0.639420706431071,0.6171862530708313,0.022234445214271547,0.6040367527802786,0.6040367527802786,0.0,3.0,3.0,0.19909371435642242,0.4058166742324829,2.8697290420532227,1410.0,1400.0,1400.0,800.0,0.0,2.0,0.0,0.0,0.23200997710227966,0.6918964982032776,0.9697663187980652,1.9793281555175781,3.0
dynamic_prune,3,1,142,0.6389938338597616,0.6157958149909973,0.02319801688194275,0.600583213865757,0.600583213865757,0.0,3.0,3.0,0.19904033839702606,0.40432921051979065,2.8697218894958496,1420.0,1400.0,1400.0,800.0,0.0,2.0,0.0,0.0,0.23200997710227966,0.6918964982032776,0.9697663187980652,1.9793281555175781,3.0
dynamic_prune,3,1,143,0.6322732083002727,0.6093299682935079,0.02294325073560079,0.6008892104029655,0.6008892104029655,0.0,3.0,3.0,0.1991279125213623,0.4014566242694855,2.8699965476989746,1430.0,1400.0,1400.0,800.0,0.0,2.0,0.0,0.0,0.23200997710227966,0.6918964982032776,0.9697663187980652,1.9793281555175781,3.0
dynamic_prune,3,1,144,0.6341330552101135,0.6095868770281474,0.024546174655357998,0.5997988103826841,0.5997988103826841,0.0,3.0,3.0,0.19906358420848846,0.4013653099536896,2.8698689937591553,1440.0,1400.0,1400.0,800.0,0.0,2.0,0.0,0.0,0.23200997710227966,0.6918964982032776,0.9697663187980652,1.9793281555175781,3.0
dynamic_prune,3,1,145,0.6329298035303752,0.6083016061782837,0.02462819608549277,0.6005224909385045,0.6005224909385045,0.0,3.0,3.0,0.19914713501930237,0.4014999568462372,2.8700337409973145,1450.0,1400.0,1400.0,800.0,0.0,2.0,0.0,0.0,0.23200997710227966,0.6918964982032776,0.9697663187980652,1.9793281555175781,3.0
dynamic_prune,3,1,146,0.6355443048477173,0.6110726920763652,0.024471609195073445,0.6012884901960691,0.6012884901960691,0.0,3.0,3.0,0.19917471706867218,0.40441399812698364,2.8699827194213867,1460.0,1400.0,1400.0,800.0,0.0,2.0,0.0,0.0,0.23200997710227966,0.6918964982032776,0.9697663187980652,1.9793281555175781,3.0
dynamic_prune,3,1,147,0.6337399379412333,0.6079219532012939,0.02581799551844597,0.597401757935683,0.597401757935683,0.0,3.0,3.0,0.1991572231054306,0.4053499698638916,2.8698883056640625,1470.0,1400.0,1400.0,800.0,0.0,2.0,0.0,0.0,0.23200997710227966,0.6918964982032776,0.9697663187980652,1.9793281555175781,3.0
dynamic_prune,3,1,148,0.6255919122695923,0.5988185675938924,0.02677335262298584,0.5937636929750443,0.5937636929750443,0.0,3.0,3.0,0.1990782618522644,0.4074048399925232,2.869558572769165,1480.0,1400.0,1400.0,800.0,0.0,2.0,0.0,0.0,0.23200997710227966,0.6918964982032776,0.9697663187980652,1.9793281555175781,3.0
dynamic_prune,3,1,149,0.6212313183148702,0.5947269384066264,0.02650437407195568,0.5944214632113775,0.5944214632113775,0.0,3.0,3.0,0.19911569356918335,0.40923240780830383,2.8694252967834473,1490.0,1400.0,1400.0,800.0,0.0,2.0,0.0,0.0,0.23200997710227966,0.6918964982032776,0.9697663187980652,1.9793281555175781,3.0
dynamic_prune,3,1,150,0.6321951293945313,0.6062469514211019,0.02594816210369269,0.5934243255853653,0.5934243255853653,0.0,3.0,3.0,0.19920714199543,0.410820871591568,2.8693835735321045,1500.0,1500.0,1500.0,800.0,0.0,2.0,0.0,0.0,0.1761343777179718,0.37650108337402344,0.4801228642463684,0.9675807952880859,0.0
dynamic_prune,3,1,151,0.6294111486275991,0.6038348881403605,0.025576266447703045,0.591558647553126,0.591558647553126,0.0,3.0,3.0,0.199286550283432,0.41323763132095337,2.8691320419311523,1510.0,1500.0,1500.0,800.0,0.0,2.0,0.0,0.0,0.1761343777179718,0.37650108337402344,0.4801228642463684,0.9675807952880859,0.0
dynamic_prune,3,1,152,0.6347689708073934,0.608132209777832,0.026636772056420645,0.5895561014612516,0.5895561014612516,0.0,3.0,3.0,0.19932666420936584,0.41527727246284485,2.8688013553619385,1520.0,1500.0,1500.0,800.0,0.0,2.0,0.0,0.0,0.1761343777179718,0.37650108337402344,0.4801228642463684,0.9675807952880859,0.0
dynamic_prune,3,1,153,0.6222374844551086,0.5954273541768392,0.026810129433870317,0.5920544681946437,0.5920544681946437,0.0,3.0,3.0,0.19933849573135376,0.4167967140674591,2.8684816360473633,1530.0,1500.0,1500.0,800.0,0.0,2.0,0.0,0.0,0.1761343777179718,0.37650108337402344,0.4801228642463684,0.9675807952880859,0.0
dynamic_prune,3,1,154,0.6197823294003805,0.5929122193654378,0.02687010606129964,0.5929451343417168,0.5929451343417168,0.0,3.0,3.0,0.19938747584819794,0.41919267177581787,2.8679661750793457,1540.0,1500.0,1500.0,800.0,0.0,2.0,0.0,0.0,0.1761343777179718,0.37650108337402344,0.4801228642463684,0.9675807952880859,0.0
dynamic_prune,3,1,155,0.6223288194338481,0.5948242251078287,0.02750459551811218,0.5860900041460991,0.5860900041460991,0.0,3.0,3.0,0.19932781159877777,0.42120376229286194,2.8672821521759033,1550.0,1500.0,1500.0,800.0,0.0,2.0,0.0,0.0,0.1761343777179718,0.37650108337402344,0.4801228642463684,0.9675807952880859,0.0
dynamic_prune,3,1,156,0.6278984022140502,0.5998192580540975,0.02807915021975835,0.5874076439936956,0.5874076439936956,0.0,3.0,3.0,0.19931665062904358,0.4230395555496216,2.8666884899139404,1560.0,1500.0,1500.0,800.0,0.0,2.0,0.0,0.0,0.1761343777179718,0.37650108337402344,0.4801228642463684,0.9675807952880859,0.0
dynamic_prune,3,1,157,0.6219454789161682,0.5938332931200663,0.028112185299396516,0.5902707326412201,0.5902707326412201,0.0,3.0,3.0,0.19923628866672516,0.42545852065086365,2.865713596343994,1570.0,1500.0,1500.0,800.0,0.0,2.0,0.0,0.0,0.1761343777179718,0.37650108337402344,0.4801228642463684,0.9675807952880859,0.0
dynamic_prune,3,1,158,0.6217880654335022,0.5935370024045309,0.02825106553733349,0.5877251114447911,0.5877251114447911,0.0,3.0,3.0,0.19921435415744781,0.42798060178756714,2.8647220134735107,1580.0,1500.0,1500.0,800.0,0.0,2.0,0.0,0.0,0.1761343777179718,0.37650108337402344,0.4801228642463684,0.9675807952880859,0.0
dynamic_prune,3,1,159,0.6171069892247518,0.5873797289530436,0.029727263649304708,0.5853753617405891,0.5853753617405891,0.0,3.0,3.0,0.1991790533065796,0.4301622807979584,2.863762617111206,1590.0,1500.0,1500.0,800.0,0.0,2.0,0.0,0.0,0.1761343777179718,0.37650108337402344,0.4801228642463684,0.9675807952880859,0.0
dynamic_prune,3,1,160,0.6258193278312683,0.5954005805651347,0.03041875407099724,0.5853113031387329,0.5853113031387329,0.0,3.0,3.0,0.19918330013751984,0.4321475923061371,2.8628952503204346,1600.0,1600.0,1600.0,800.0,0.0,2.0,0.0,0.0,0.3109276294708252,0.7656453251838684,1.040205478668213,2.3655824661254883,6.0
dynamic_prune,3,1,161,0.6189444502194722,0.588691307703654,0.030253148873647055,0.5834180726607641,0.5834180726607641,0.0,3.0,3.0,0.1993066370487213,0.4340008497238159,2.862243175506592,1610.0,1600.0,1600.0,800.0,0.0,2.0,0.0,0.0,0.3109276294708252,0.7656453251838684,1.040205478668213,2.3655824661254883,6.0
dynamic_prune,3,1,162,0.6249372005462647,0.5943807490666707,0.030556458656986554,0.5841814231872559,0.5841814231872559,0.0,3.0,3.0,0.19932636618614197,0.43593326210975647,2.861318826675415,1620.0,1600.0,1600.0,800.0,0.0,2.0,0.0,0.0,0.3109276294708252,0.7656453251838684,1.040205478668213,2.3655824661254883,6.0
dynamic_prune,3,1,163,0.6155983114242554,0.5860120256741842,0.029586286892493565,0.5809039877851804,0.5809039877851804,0.0,3.0,3.0,0.19940601289272308,0.4386385977268219,2.8600215911865234,1630.0,1600.0,1600.0,800.0,0.0,2.0,0.0,0.0,0.3109276294708252,0.7656453251838684,1.040205478668213,2.3655824661254883,6.0
dynamic_prune,3,1,164,0.6259004282951355,0.5933440391222636,0.03255638976891836,0.5809192249178886,0.5809192249178886,0.0,3.0,3.0,0.19934684038162231,0.43920019268989563,2.859610080718994,1640.0,1600.0,1600.0,800.0,0.0,2.0,0.0,0.0,0.3109276294708252,0.7656453251838684,1.040205478668213,2.3655824661254883,6.0
dynamic_prune,3,1,165,0.6178561313947042,0.58702743212382,0.03082870488365491,0.5841294129689535,0.5841294129689535,0.0,3.0,3.0,0.19932711124420166,0.4412749409675598,2.8583903312683105,1650.0,1600.0,1600.0,800.0,0.0,2.0,0.0,0.0,0.3109276294708252,0.7656453251838684,1.040205478668213,2.3655824661254883,6.0
dynamic_prune,3,1,166,0.6214680695533752,0.5912539935112,0.030214070826768875,0.5808383122086525,0.5808383122086525,0.0,3.0,3.0,0.19940285384655,0.44412603974342346,2.856785297393799,1660.0,1600.0,1600.0,800.0,0.0,2.0,0.0,0.0,0.3109276294708252,0.7656453251838684,1.040205478668213,2.3655824661254883,6.0
dynamic_prune,3,1,167,0.6087591481208802,0.5771710793177287,0.03158806790908178,0.5781866779923439,0.5781866779923439,0.0,3.0,3.0,0.19933968782424927,0.445448637008667,2.855837821960449,1670.0,1600.0,1600.0,800.0,0.0,2.0,0.0,0.0,0.3109276294708252,0.7656453251838684,1.040205478668213,2.3655824661254883,6.0
dynamic_prune,3,1,168,0.6097172578175862,0.5786108462015788,0.031106411268313726,0.5741840719183287,0.5741840719183287,0.0,3.0,3.0,0.19938485324382782,0.44687923789024353,2.8549723625183105,1680.0,1600.0,1600.0,800.0,0.0,2.0,0.0,0.0,0.3109276294708252,0.7656453251838684,1.040205478668213,2.3655824661254883,6.0
dynamic_prune,3,1,169,0.6229256534576416,0.5911222036679585,0.03180345873037974,0.5728039665023485,0.5728039665023485,0.0,3.0,3.0,0.19926805794239044,0.44831788539886475,2.8538074493408203,1690.0,1600.0,1600.0,800.0,0.0,2.0,0.0,0.0,0.3109276294708252,0.7656453251838684,1.040205478668213,2.3655824661254883,6.0
dynamic_prune,3,1,170,0.6113499665260315,0.5784246651331584,0.03292530745267868,0.5711519164840381,0.5711519164840381,0.0,3.0,3.0,0.1992810070514679,0.4503747522830963,2.8523855209350586,1700.0,1700.0,1700.0,800.0,0.0,2.0,0.0,0.0,0.26729702949523926,0.6054582595825195,0.9684991240501404,1.8053617477416992,5.0
dynamic_prune,3,1,171,0.6150081825256347,0.5824603275458018,0.03254786243041356,0.572210030357043,0.572210030357043,0.0,3.0,3.0,0.1993851661682129,0.4525919258594513,2.8509275913238525,1710.0,1700.0,1700.0,800.0,0.0,2.0,0.0,0.0,0.26729702949523926,0.6054582595825195,0.9684991240501404,1.8053617477416992,5.0
dynamic_prune,3,1,172,0.6180400117238363,0.5849110368887583,0.03312897284825643,0.5751779576142629,0.5751779576142629,0.0,3.0,3.0,0.1993030458688736,0.45476189255714417,2.84913969039917,1720.0,1700.0,1700.0,800.0,0.0,2.0,0.0,0.0,0.26729702949523926,0.6054582595825195,0.9684991240501404,1.8053617477416992,5.0
dynamic_prune,3,1,173,0.608125410079956,0.5744368521372477,0.0336885666847229,0.5722593375047048,0.5722593375047048,0.0,3.0,3.0,0.19932036101818085,0.4557775557041168,2.848367691040039,1730.0,1700.0,1700.0,800.0,0.0,2.0,0.0,0.0,0.26729702949523926,0.6054582595825195,0.9684991240501404,1.8053617477416992,5.0
dynamic_prune,3,1,174,0.6110080973307291,0.5768689409891764,0.03413915639122327,0.5750605284174284,0.5750605284174284,0.0,3.0,3.0,0.1993798017501831,0.4592894911766052,2.8455820083618164,1740.0,1700.0,1700.0,800.0,0.0,2.0,0.0,0.0,0.26729702949523926,0.6054582595825195,0.9684991240501404,1.8053617477416992,5.0
dynamic_prune,3,1,175,0.6085845359166463,0.5764956672986349,0.03208885689576467,0.5719534336527189,0.5719534336527189,0.0,3.0,3.0,0.19941899180412292,0.46071258187294006,2.8444249629974365,1750.0,1700.0,1700.0,800.0,0.0,2.0,0.0,0.0,0.26729702949523926,0.6054582595825195,0.9684991240501404,1.8053617477416992,5.0
dynamic_prune,3,1,176,0.6057096362113953,0.5737164624532064,0.03199317047993342,0.5675198712944984,0.5675198712944984,0.0,3.0,3.0,0.1994517296552658,0.4620480239391327,2.843306064605713,1760.0,1700.0,1700.0,800.0,0.0,2.0,0.0,0.0,0.26729702949523926,0.6054582595825195,0.9684991240501404,1.8053617477416992,5.0
dynamic_prune,3,1,177,0.5885082689921061,0.5571388634045918,0.03136940668026606,0.5666672916213671,0.5666672916213671,0.0,3.0,3.0,0.1994665563106537,0.4636349081993103,2.8419063091278076,1770.0,1700.0,1700.0,800.0,0.0,2.0,0.0,0.0,0.26729702949523926,0.6054582595825195,0.9684991240501404,1.8053617477416992,5.0
dynamic_prune,3,1,178,0.5953929018974304,0.5636202804247539,0.03177261844277382,0.5648129713535309,0.5648129713535309,0.0,3.0,3.0,0.19947420060634613,0.464761883020401,2.840885639190674,1780.0,1700.0,1700.0,800.0,0.0,2.0,0.0,0.0,0.26729702949523926,0.6054582595825195,0.9684991240501404,1.8053617477416992,5.0
dynamic_prune,3,1,179,0.607251435915629,0.5751380034287771,0.03211343189080556,0.5656196760137876,0.5656196760137876,0.0,3.0,3.0,0.19945085048675537,0.4656418561935425,2.8400332927703857,1790.0,1700.0,1700.0,800.0,0.0,2.0,0.0,0.0,0.26729702949523926,0.6054582595825195,0.9684991240501404,1.8053617477416992,5.0
dynamic_prune,3,1,180,0.6050390346844992,0.5726455815633138,0.032393454139431316,0.5581120775143306,0.5581120775143306,0.0,3.0,3.0,0.19940203428268433,0.4656437933444977,2.8399598598480225,1800.0,1800.0,1800.0,800.0,0.0,2.0,0.0,0.0,0.19541887938976288,0.44862550497055054,0.6494147777557373,1.4562721252441406,2.0
dynamic_prune,3,1,181,0.5911722826957703,0.5601290603478749,0.031043227910995484,0.5608020626505216,0.5608020626505216,0.0,3.0,3.0,0.19934943318367004,0.46730878949165344,2.8383054733276367,1810.0,1800.0,1800.0,800.0,0.0,2.0,0.0,0.0,0.19541887938976288,0.44862550497055054,0.6494147777557373,1.4562721252441406,2.0
dynamic_prune,3,1,182,0.591990377108256,0.5585737856229146,0.0334165845811367,0.5570309282342593,0.5570309282342593,0.0,3.0,3.0,0.19946298003196716,0.46752607822418213,2.8382620811462402,1820.0,1800.0,1800.0,800.0,0.0,2.0,0.0,0.0,0.19541887938976288,0.44862550497055054,0.6494147777557373,1.4562721252441406,2.0
dynamic_prune,3,1,183,0.5898635768890381,0.5573520239194234,0.032511548524101576,0.5547981488704682,0.5547981488704682,0.0,3.0,3.0,0.19948220252990723,0.46692007780075073,2.8388712406158447,1830.0,1800.0,1800.0,800.0,0.0,2.0,0.0,0.0,0.19541887938976288,0.44862550497055054,0.6494147777557373,1.4562721252441406,2.0
dynamic_prune,3,1,184,0.5875544571876525,0.5556902972857157,0.03186416069666544,0.5580858360727629,0.5580858360727629,0.0,3.0,3.0,0.19942446053028107,0.4668901562690735,2.8388147354125977,1840.0,1800.0,1800.0,800.0,0.0,2.0,0.0,0.0,0.19541887938976288,0.44862550497055054,0.6494147777557373,1.4562721252441406,2.0
dynamic_prune,3,1,185,0.5800523567199707,0.5463365916411081,0.033715761204560594,0.556156901816527,0.556156901816527,0.0,3.0,3.0,0.1995275914669037,0.46674180030822754,2.8391072750091553,1850.0,1800.0,1800.0,800.0,0.0,2.0,0.0,0.0,0.19541887938976288,0.44862550497055054,0.6494147777557373,1.4562721252441406,2.0
dynamic_prune,3,1,186,0.5864522139231364,0.5515399825572967,0.034912235836188,0.5510687111814817,0.5510687111814817,0.0,3.0,3.0,0.19956478476524353,0.46580663323402405,2.8400464057922363,1860.0,1800.0,1800.0,800.0,0.0,2.0,0.0,0.0,0.19541887938976288,0.44862550497055054,0.6494147777557373,1.4562721252441406,2.0
dynamic_prune,3,1,187,0.5850386889775594,0.5518099474906921,0.033228736519813534,0.5507418710986773,0.5507418710986773,0.0,3.0,3.0,0.1996111422777176,0.4646822214126587,2.8411622047424316,1870.0,1800.0,1800.0,800.0,0.0,2.0,0.0,0.0,0.19541887938976288,0.44862550497055054,0.6494147777557373,1.4562721252441406,2.0
dynamic_prune,3,1,188,0.5789662949244181,0.5453388134638468,0.03362747366229693,0.5472452329595884,0.5472452329595884,0.0,3.0,3.0,0.19968371093273163,0.4642837643623352,2.8416359424591064,1880.0,1800.0,1800.0,800.0,0.0,2.0,0.0,0.0,0.19541887938976288,0.44862550497055054,0.6494147777557373,1.4562721252441406,2.0
dynamic_prune,3,1,189,0.5733026003837586,0.5389849464098613,0.03431765784819921,0.5417499471704165,0.5417499471704165,0.0,3.0,3.0,0.19961829483509064,0.46278417110443115,2.842899799346924,1890.0,1800.0,1800.0,800.0,0.0,2.0,0.0,0.0,0.19541887938976288,0.44862550497055054,0.6494147777557373,1.4562721252441406,2.0
dynamic_prune,3,1,190,0.5741973694165547,0.5404917009671529,0.03370566109816233,0.5431900177399317,0.5431900177399317,0.0,3.0,3.0,0.19958063960075378,0.46221527457237244,2.843351364135742,1900.0,1900.0,1900.0,800.0,0.0,2.0,0.0,0.0,0.29194149374961853,0.7044049501419067,1.1490154266357422,2.527012348175049,6.0
dynamic_prune,3,1,191,0.5783392421404521,0.5435272733370463,0.034811971932649614,0.5488140439987182,0.5488140439987182,0.0,3.0,3.0,0.1995975226163864,0.4620380103588104,2.843533992767334,1910.0,1900.0,1900.0,800.0,0.0,2.0,0.0,0.0,0.29194149374961853,0.7044049501419067,1.1490154266357422,2.527012348175049,6.0
dynamic_prune,3,1,192,0.5712281346321106,0.535691917737325,0.03553621691962083,0.5416700120766957,0.5416700120766957,0.0,3.0,3.0,0.19961291551589966,0.46028465032577515,2.845088481903076,1920.0,1900.0,1900.0,800.0,0.0,2.0,0.0,0.0,0.29194149374961853,0.7044049501419067,1.1490154266357422,2.527012348175049,6.0
dynamic_prune,3,1,193,0.5764641125996908,0.5410509061813354,0.03541320870320002,0.5354923118154208,0.5354923118154208,0.0,3.0,3.0,0.19958189129829407,0.458978533744812,2.8461530208587646,1930.0,1900.0,1900.0,800.0,0.0,2.0,0.0,0.0,0.29194149374961853,0.7044049501419067,1.1490154266357422,2.527012348175049,6.0
dynamic_prune,3,1,194,0.5817929816246032,0.5443760927518209,0.03741688350836436,0.5440534883737564,0.5440534883737564,0.0,3.0,3.0,0.19959458708763123,0.45835405588150024,2.846696138381958,1940.0,1900.0,1900.0,800.0,0.0,2.0,0.0,0.0,0.29194149374961853,0.7044049501419067,1.1490154266357422,2.527012348175049,6.0
dynamic_prune,3,1,195,0.5850566895802816,0.5465780313809713,0.03847866714000702,0.5335421763857205,0.5335421763857205,0.0,3.0,3.0,0.19965864717960358,0.4573918581008911,2.8475897312164307,1950.0,1900.0,1900.0,800.0,0.0,2.0,0.0,0.0,0.29194149374961853,0.7044049501419067,1.1490154266357422,2.527012348175049,6.0
dynamic_prune,3,1,196,0.5710476064682006,0.5333957314491272,0.03765187283356985,0.5307521038254102,0.5307521038254102,0.0,3.0,3.0,0.19979164004325867,0.45628949999809265,2.848690986633301,1960.0,1900.0,1900.0,800.0,0.0,2.0,0.0,0.0,0.29194149374961853,0.7044049501419067,1.1490154266357422,2.527012348175049,6.0
dynamic_prune,3,1,197,0.5702296797434488,0.5322861631711324,0.03794351905584335,0.5292083410422007,0.5292083410422007,0.0,3.0,3.0,0.19980797171592712,0.45474570989608765,2.849942922592163,1970.0,1900.0,1900.0,800.0,0.0,2.0,0.0,0.0,0.29194149374961853,0.7044049501419067,1.1490154266357422,2.527012348175049,6.0
dynamic_prune,3,1,198,0.5885247675577799,0.5502982676029206,0.03822649955749512,0.5316362843910853,0.5316362843910853,0.0,3.0,3.0,0.19977222383022308,0.4536381661891937,2.85074520111084,1980.0,1900.0,1900.0,800.0,0.0,2.0,0.0,0.0,0.29194149374961853,0.7044049501419067,1.1490154266357422,2.527012348175049,6.0
dynamic_prune,3,1,199,0.5623124265670776,0.5246582214037577,0.037654205014308294,0.5341345396637917,0.5341345396637917,0.0,3.0,3.0,0.19984009861946106,0.452844500541687,2.851456880569458,1990.0,1900.0,1900.0,800.0,0.0,2.0,0.0,0.0,0.29194149374961853,0.7044049501419067,1.1490154266357422,2.527012348175049,6.0
dynamic_prune,3,1,200,0.5611468756198883,0.5225338931878408,0.03861297885576884,0.5242202507456144,0.5242202507456144,0.0,3.0,3.0,0.1999385803937912,0.4508377015590668,2.8531033992767334,2000.0,2000.0,2000.0,800.0,0.0,2.0,0.0,0.0,0.27490049600601196,0.4598892331123352,1.3364113569259644,2.0597362518310547,6.0
dynamic_prune,3,1,201,0.5682669083277384,0.5310893845558167,0.03717751920223236,0.5244383731484413,0.5244383731484413,0.0,3.0,3.0,0.20023752748966217,0.45065438747406006,2.8537116050720215,2010.0,2000.0,2000.0,800.0,0.0,2.0,0.0,0.0,0.27490049600601196,0.4598892331123352,1.3364113569259644,2.0597362518310547,6.0
dynamic_prune,3,1,202,0.5570925418535868,0.5187927083174387,0.03829982936382294,0.5318264260888099,0.5318264260888099,0.0,3.0,3.0,0.20040155947208405,0.44937029480934143,2.8548972606658936,2020.0,2000.0,2000.0,800.0,0.0,2.0,0.0,0.0,0.27490049600601196,0.4598892331123352,1.3364113569259644,2.0597362518310547,6.0
dynamic_prune,3,1,203,0.567152187426885,0.5272339475154877,0.03991824338833491,0.531629948715369,0.531629948715369,0.0,3.0,3.0,0.20055897533893585,0.44831642508506775,2.855891466140747,2030.0,2000.0,2000.0,800.0,0.0,2.0,0.0,0.0,0.27490049600601196,0.4598892331123352,1.3364113569259644,2.0597362518310547,6.0
dynamic_prune,3,1,204,0.5739998014767965,0.5329281632105509,0.04107163493831952,0.5289986977974573,0.5289986977974573,0.0,3.0,3.0,0.2008107453584671,0.44723862409591675,2.8570396900177,2040.0,2000.0,2000.0,800.0,0.0,2.0,0.0,0.0,0.27490049600601196,0.4598892331123352,1.3364113569259644,2.0597362518310547,6.0
dynamic_prune,3,1,205,0.5598722942670187,0.5196699166297912,0.04020238603154818,0.5261814100543658,0.5261814100543658,0.0,3.0,3.0,0.2009723037481308,0.4468171000480652,2.857585906982422,2050.0,2000.0,2000.0,800.0,0.0,2.0,0.0,0.0,0.27490049600601196,0.4598892331123352,1.3364113569259644,2.0597362518310547,6.0
dynamic_prune,3,1,206,0.5703135816256205,0.5295315925280253,0.040781989544630054,0.5315191477537156,0.5315191477537156,0.0,3.0,3.0,0.20098237693309784,0.4463382363319397,2.857926368713379,2060.0,2000.0,2000.0,800.0,0.0,2.0,0.0,0.0,0.27490049600601196,0.4598892331123352,1.3364113569259644,2.0597362518310547,6.0
dynamic_prune,3,1,207,0.5727192115783691,0.5298262023925782,0.042893011569976804,0.5233942049741745,0.5233942049741745,0.0,3.0,3.0,0.20128078758716583,0.44566458463668823,2.858856678009033,2070.0,2000.0,2000.0,800.0,0.0,2.0,0.0,0.0,0.27490049600601196,0.4598892331123352,1.3364113569259644,2.0597362518310547,6.0
dynamic_prune,3,1,208,0.5696906741460165,0.5260870122909546,0.043603657980759936,0.5222120090325674,0.5222120090325674,0.0,3.0,3.0,0.2015436589717865,0.44457244873046875,2.859999418258667,2080.0,2000.0,2000.0,800.0,0.0,2.0,0.0,0.0,0.27490049600601196,0.4598892331123352,1.3364113569259644,2.0597362518310547,6.0
dynamic_prune,3,1,209,0.5585065762201945,0.5132260767618815,0.04528049806753794,0.5238698317607244,0.5238698317607244,0.0,3.0,3.0,0.2018977254629135,0.4448992908000946,2.8603529930114746,2090.0,2000.0,2000.0,800.0,0.0,2.0,0.0,0.0,0.27490049600601196,0.4598892331123352,1.3364113569259644,2.0597362518310547,6.0
dynamic_prune,3,1,210,0.5711374211311341,0.5272257872422537,0.043911631107330325,0.51459653288126,0.51459653288126,0.0,3.0,3.0,0.2022590935230255,0.44308409094810486,2.8621103763580322,2100.0,2100.0,2100.0,800.0,0.0,2.0,0.0,0.0,0.3229444622993469,0.7428288459777832,1.148547887802124,1.887174129486084,6.0
dynamic_prune,3,1,211,0.5759009901682536,0.5318802833557129,0.044020707309246065,0.5161618238687515,0.5161618238687515,0.0,3.0,3.0,0.20241877436637878,0.44242024421691895,2.8627870082855225,2110.0,2100.0,2100.0,800.0,0.0,2.0,0.0,0.0,0.3229444622993469,0.7428288459777832,1.148547887802124,1.887174129486084,6.0
dynamic_prune,3,1,212,0.5680850712458293,0.5226052848498026,0.04547978515426318,0.5315366297960281,0.5315366297960281,0.0,3.0,3.0,0.2024221420288086,0.4433535039424896,2.862199306488037,2120.0,2100.0,2100.0,800.0,0.0,2.0,0.0,0.0,0.3229444622993469,0.7428288459777832,1.148547887802124,1.887174129486084,6.0
dynamic_prune,3,1,213,0.5568521424134573,0.5102344214916229,0.04661771779259046,0.5157814620931943,0.5157814620931943,0.0,3.0,3.0,0.2026318609714508,0.44276049733161926,2.8629143238067627,2130.0,2100.0,2100.0,800.0,0.0,2.0,0.0,0.0,0.3229444622993469,0.7428288459777832,1.148547887802124,1.887174129486084,6.0
dynamic_prune,3,1,214,0.5890822180112203,0.5422319030761719,0.04685031900803248,0.5172038154800733,0.5172038154800733,0.0,3.0,3.0,0.2032906860113144,0.44218161702156067,2.8643336296081543,2140.0,2100.0,2100.0,800.0,0.0,2.0,0.0,0.0,0.3229444622993469,0.7428288459777832,1.148547887802124,1.887174129486084,6.0
dynamic_prune,3,1,215,0.5802682145436605,0.5346362217267354,0.04563198725382487,0.5207658803462982,0.5207658803462982,0.0,3.0,3.0,0.20359040796756744,0.44191113114356995,2.8649818897247314,2150.0,2100.0,2100.0,800.0,0.0,2.0,0.0,0.0,0.3229444622993469,0.7428288459777832,1.148547887802124,1.887174129486084,6.0
dynamic_prune,3,1,216,0.5691621406873068,0.5240655342737833,0.04509660964210828,0.5141256558895111,0.5141256558895111,0.0,3.0,3.0,0.2034907191991806,0.443522572517395,2.86378812789917,2160.0,2100.0,2100.0,800.0,0.0,2.0,0.0,0.0,0.3229444622993469,0.7428288459777832,1.148547887802124,1.887174129486084,6.0
dynamic_prune,3,1,217,0.5715087183316548,0.5255654203891754,0.04594329838951429,0.5221166160702705,0.5221166160702705,0.0,3.0,3.0,0.20350690186023712,0.4438686668872833,2.863586664199829,2170.0,2100.0,2100.0,800.0,0.0,2.0,0.0,0.0,0.3229444622993469,0.7428288459777832,1.148547887802124,1.887174129486084,6.0
dynamic_prune,3,1,218,0.5600999395052592,0.5134231503804525,0.04667677680651347,0.5162339838345845,0.5162339838345845,0.0,3.0,3.0,0.2035391628742218,0.44252699613571167,2.864508867263794,2180.0,2100.0,2100.0,800.0,0.0,2.0,0.0,0.0,0.3229444622993469,0.7428288459777832,1.148547887802124,1.887174129486084,6.0
dynamic_prune,3,1,219,0.5722448428471884,0.5236805431048075,0.0485642945766449,0.520132360359033,0.520132360359033,0.0,3.0,3.0,0.20374849438667297,0.44377776980400085,2.8640263080596924,2190.0,2100.0,2100.0,800.0,0.0,2.0,0.0,0.0,0.3229444622993469,0.7428288459777832,1.148547887802124,1.887174129486084,6.0
dynamic_prune,3,1,220,0.5672335831324259,0.5191251301765442,0.04810843974351883,0.5185551555951436,0.5185551555951436,0.0,3.0,3.0,0.20360016822814941,0.44609421491622925,2.862229347229004,2200.0,2200.0,2200.0,800.0,1.0,2.0,0.0,0.0,0.40575656294822693,1.1993215084075928,1.5144972801208496,2.0190811157226562,14.0
dynamic_prune,3,1,221,0.5752645421028137,0.5242910210291545,0.05097351223230362,0.5134569885333379,0.5134569885333379,0.0,3.0,3.0,0.20368468761444092,0.44709160923957825,2.8616623878479004,2210.0,2200.0,2200.0,800.0,1.0,2.0,0.0,0.0,0.40575656294822693,1.1993215084075928,1.5144972801208496,2.0190811157226562,14.0
dynamic_prune,3,1,222,0.5753494723637899,0.5260804557800293,0.049269021054108936,0.5161317055424054,0.5161317055424054,0.0,3.0,3.0,0.20392097532749176,0.4474599361419678,2.861764430999756,2220.0,2200.0,2200.0,800.0,1.0,2.0,0.0,0.0,0.40575656294822693,1.1993215084075928,1.5144972801208496,2.0190811157226562,14.0
dynamic_prune,3,1,223,0.5532690715789795,0.5035745692253113,0.04969449122746786,0.5224451211094856,0.5224451211094856,0.0,3.0,3.0,0.2041284292936325,0.4474676251411438,2.862076759338379,2230.0,2200.0,2200.0,800.0,1.0,2.0,0.0,0.0,0.40575656294822693,1.1993215084075928,1.5144972801208496,2.0190811157226562,14.0
dynamic_prune,3,1,224,0.5603644839922587,0.5091599027315775,0.05120458314816157,0.5044925218820572,0.5044925218820572,0.0,3.0,3.0,0.20395144820213318,0.4480930268764496,2.861355781555176,2240.0,2200.0,2200.0,800.0,1.0,2.0,0.0,0.0,0.40575656294822693,1.1993215084075928,1.5144972801208496,2.0190811157226562,14.0
dynamic_prune,3,1,225,0.5829724009831746,0.5294411687056223,0.05353123550613721,0.5081197868784268,0.5081197868784268,0.0,3.0,3.0,0.20462219417095184,0.4481232166290283,2.862354040145874,2250.0,2200.0,2200.0,800.0,1.0,2.0,0.0,0.0,0.40575656294822693,1.1993215084075928,1.5144972801208496,2.0190811157226562,14.0
dynamic_prune,3,1,226,0.5618550403912862,0.5110371526082357,0.050817888726790744,0.5034335999687513,0.5034335999687513,0.0,3.0,3.0,0.2047417163848877,0.4488852322101593,2.861974000930786,2260.0,2200.0,2200.0,800.0,1.0,2.0,0.0,0.0,0.40575656294822693,1.1993215084075928,1.5144972801208496,2.0190811157226562,14.0
dynamic_prune,3,1,227,0.5633839321136475,0.5113665449619293,0.05201739052931468,0.5112052158514658,0.5112052158514658,0.0,3.0,3.0,0.20452770590782166,0.4497736096382141,2.860987901687622,2270.0,2200.0,2200.0,800.0,1.0,2.0,0.0,0.0,0.40575656294822693,1.1993215084075928,1.5144972801208496,2.0190811157226562,14.0
dynamic_prune,3,1,228,0.5757620708147685,0.5224777579307556,0.05328430697321892,0.5024512502551078,0.5024512502551078,0.0,3.0,3.0,0.20462824404239655,0.45029696822166443,2.8607425689697266,2280.0,2200.0,2200.0,800.0,1.0,2.0,0.0,0.0,0.40575656294822693,1.1993215084075928,1.5144972801208496,2.0190811157226562,14.0
dynamic_prune,3,1,229,0.5695924671490987,0.5186171519756317,0.050975314776102704,0.5088510254025459,0.5088510254025459,0.0,3.0,3.0,0.2045024186372757,0.4523032009601593,2.8589999675750732,2290.0,2200.0,2200.0,800.0,1.0,2.0,0.0,0.0,0.40575656294822693,1.1993215084075928,1.5144972801208496,2.0190811157226562,14.0
dynamic_prune,3,1,230,0.5533341685930888,0.4987778460979462,0.05455631658434868,0.5398187267780304,0.5398187267780304,0.0,4.0,4.0,0.04762151092290878,0.43044641613960266,3.293945789337158,2300.0,2300.0,2200.0,2300.0,0.0,3.0,0.0,0.0,0.4260942339897156,1.2371978759765625,1.4265801906585693,2.293692111968994,12.0
dynamic_prune,3,1,231,0.5723881292343139,0.5305730024973552,0.041815125544865925,0.526647986471653,0.526647986471653,0.0,4.0,4.0,0.05306766554713249,0.4329225718975067,3.3252384662628174,2310.0,2300.0,2200.0,2300.0,0.0,3.0,0.0,0.0,0.4260942339897156,1.2371978759765625,1.4265801906585693,2.293692111968994,12.0
dynamic_prune,3,1,232,0.5708507521947225,0.5297926044464112,0.041058149039745334,0.5175986337661743,0.5175986337661743,0.0,4.0,4.0,0.056309208273887634,0.43735256791114807,3.3398587703704834,2320.0,2300.0,2200.0,2300.0,0.0,3.0,0.0,0.0,0.4260942339897156,1.2371978759765625,1.4265801906585693,2.293692111968994,12.0
dynamic_prune,3,1,233,0.5507068498929342,0.5115242632230123,0.03918258170286815,0.5200848656892777,0.5200848656892777,0.0,4.0,4.0,0.05889249965548515,0.43940645456314087,3.352238655090332,2330.0,2300.0,2200.0,2300.0,0.0,3.0,0.0,0.0,0.4260942339897156,1.2371978759765625,1.4265801906585693,2.293692111968994,12.0
dynamic_prune,3,1,234,0.5277617677052816,0.49002432187398276,0.03773744583129883,0.5059815472364426,0.5059815472364426,0.0,4.0,4.0,0.062300022691488266,0.4394955337047577,3.370779037475586,2340.0,2300.0,2200.0,2300.0,0.0,3.0,0.0,0.0,0.4260942339897156,1.2371978759765625,1.4265801906585693,2.293692111968994,12.0
dynamic_prune,3,1,235,0.535963945388794,0.49802306334177654,0.037940882941087085,0.5130550797780354,0.5130550797780354,0.0,4.0,4.0,0.06415849924087524,0.44044414162635803,3.3796842098236084,2350.0,2300.0,2200.0,2300.0,0.0,3.0,0.0,0.0,0.4260942339897156,1.2371978759765625,1.4265801906585693,2.293692111968994,12.0
dynamic_prune,3,1,236,0.506010795434316,0.4689209854602814,0.03708980555335681,0.47857849727074303,0.47857849727074303,0.0,4.0,4.0,0.06573932617902756,0.4394431412220001,3.3896117210388184,2360.0,2300.0,2200.0,2300.0,0.0,3.0,0.0,0.0,0.4260942339897156,1.2371978759765625,1.4265801906585693,2.293692111968994,12.0
dynamic_prune,3,1,237,0.5114149872461955,0.47515245954195656,0.03626252790292104,0.4693344114224116,0.4693344114224116,0.0,4.0,4.0,0.06824786961078644,0.4386603534221649,3.4037089347839355,2370.0,2300.0,2200.0,2300.0,0.0,3.0,0.0,0.0,0.4260942339897156,1.2371978759765625,1.4265801906585693,2.293692111968994,12.0
dynamic_prune,3,1,238,0.5045754186312358,0.4686041994889577,0.03597121472160021,0.4761819290121396,0.4761819290121396,0.0,4.0,4.0,0.06939852982759476,0.4380739629268646,3.4104933738708496,2380.0,2300.0,2200.0,2300.0,0.0,3.0,0.0,0.0,0.4260942339897156,1.2371978759765625,1.4265801906585693,2.293692111968994,12.0
dynamic_prune,3,1,239,0.4923647765318553,0.456718647480011,0.03564612636963527,0.4672244017322858,0.4672244017322858,0.0,4.0,4.0,0.07128143310546875,0.4363502264022827,3.4222755432128906,2390.0,2300.0,2200.0,2300.0,0.0,3.0,0.0,0.0,0.4260942339897156,1.2371978759765625,1.4265801906585693,2.293692111968994,12.0
dynamic_prune,3,1,240,0.48461928685506184,0.4481852428118388,0.03643405000368754,0.45080933223168057,0.45080933223168057,0.0,4.0,4.0,0.07393509894609451,0.4333086907863617,3.4393885135650635,2400.0,2300.0,2200.0,2300.0,0.0,3.0,0.0,0.0,0.4260942339897156,1.2371978759765625,1.4265801906585693,2.293692111968994,12.0
dynamic_prune,3,1,241,0.4820004908243815,0.44504759391148885,0.03695289452870687,0.4389303296804428,0.4389303296804428,0.0,4.0,4.0,0.07751213759183884,0.4305362105369568,3.459587812423706,2410.0,2300.0,2200.0,2300.0,0.0,3.0,0.0,0.0,0.4260942339897156,1.2371978759765625,1.4265801906585693,2.293692111968994,12.0
dynamic_prune,3,1,242,0.46211877663930256,0.427030375401179,0.035088400642077126,0.4182701394955317,0.4182701394955317,0.0,4.0,4.0,0.08061902225017548,0.4273780882358551,3.478065013885498,2420.0,2300.0,2200.0,2300.0,0.0,3.0,0.0,0.0,0.4260942339897156,1.2371978759765625,1.4265801906585693,2.293692111968994,12.0
dynamic_prune,3,1,243,0.4597977912425995,0.4234649630387624,0.03633282686273257,0.41034412135680515,0.41034412135680515,0.0,4.0,4.0,0.0836009755730629,0.4236677289009094,3.496458053588867,2430.0,2300.0,2200.0,2300.0,0.0,3.0,0.0,0.0,0.4260942339897156,1.2371978759765625,1.4265801906585693,2.293692111968994,12.0
dynamic_prune,3,1,244,0.44950237274169924,0.4159010656674703,0.03360130627950032,0.4063968590895335,0.4063968590895335,0.0,4.0,4.0,0.086940698325634,0.4205400049686432,3.5151803493499756,2440.0,2300.0,2200.0,2300.0,0.0,3.0,0.0,0.0,0.4260942339897156,1.2371978759765625,1.4265801906585693,2.293692111968994,12.0
dynamic_prune,3,1,245,0.45296712636947634,0.4195433588822683,0.03342376495401064,0.40156072268883386,0.40156072268883386,0.0,4.0,4.0,0.09042457491159439,0.4170883595943451,3.5344903469085693,2450.0,2300.0,2200.0,2300.0,0.0,3.0,0.0,0.0,0.4260942339897156,1.2371978759765625,1.4265801906585693,2.293692111968994,12.0
dynamic_prune,3,1,246,0.4390003530184428,0.4066074780623118,0.03239287567635377,0.39626012861728666,0.39626012861728666,0.0,4.0,4.0,0.09408187121152878,0.41473689675331116,3.5525410175323486,2460.0,2300.0,2200.0,2300.0,0.0,3.0,0.0,0.0,0.4260942339897156,1.2371978759765625,1.4265801906585693,2.293692111968994,12.0
dynamic_prune,3,1,247,0.4434064412117004,0.4108100978533427,0.032596338242292404,0.39800726344188053,0.39800726344188053,0.0,4.0,4.0,0.0979500338435173,0.4126976728439331,3.5705251693725586,2470.0,2300.0,2200.0,2300.0,0.0,3.0,0.0,0.0,0.4260942339897156,1.2371978759765625,1.4265801906585693,2.293692111968994,12.0
dynamic_prune,3,1,248,0.43069023529688516,0.39621602217356366,0.03447421719630559,0.3903318135937055,0.3903318135937055,0.0,4.0,4.0,0.10111160576343536,0.40991175174713135,3.5863287448883057,2480.0,2300.0,2200.0,2300.0,0.0,3.0,0.0,0.0,0.4260942339897156,1.2371978759765625,1.4265801906585693,2.293692111968994,12.0
dynamic_prune,3,1,249,0.43855157375335696,0.40178878148396807,0.03676279356082281,0.3874513179063797,0.3874513179063797,0.0,4.0,4.0,0.10602809488773346,0.40637388825416565,3.608828544616699,2490.0,2300.0,2200.0,2300.0,0.0,3.0,0.0,0.0,0.4260942339897156,1.2371978759765625,1.4265801906585693,2.293692111968994,12.0
dynamic_prune,3,1,250,0.43704429268836975,0.3999988273779551,0.03704546799262365,0.38017367631196974,0.38017367631196974,0.0,4.0,4.0,0.11008772999048233,0.40351051092147827,3.626758098602295,2500.0,2300.0,2200.0,2300.0,0.0,3.0,0.0,0.0,0.4260942339897156,1.2371978759765625,1.4265801906585693,2.293692111968994,12.0
dynamic_prune,3,1,251,0.41613556424776715,0.3793456542491913,0.03678991198539734,0.3769493864973386,0.3769493864973386,0.0,4.0,4.0,0.11478273570537567,0.40154919028282166,3.6453278064727783,2510.0,2300.0,2200.0,2300.0,0.0,3.0,0.0,0.0,0.4260942339897156,1.2371978759765625,1.4265801906585693,2.293692111968994,12.0
dynamic_prune,3,1,252,0.4264288139343262,0.3890203026930491,0.0374085097014904,0.37689186026652655,0.37689186026652655,0.0,4.0,4.0,0.11911812424659729,0.3989308178424835,3.6627602577209473,2520.0,2300.0,2200.0,2300.0,0.0,3.0,0.0,0.0,0.4260942339897156,1.2371978759765625,1.4265801906585693,2.293692111968994,12.0
dynamic_prune,3,1,253,0.418234015305837,0.3805962113539378,0.03763780275980631,0.37714221080144245,0.37714221080144245,0.0,4.0,4.0,0.12297531962394714,0.3962620794773102,3.678217649459839,2530.0,2300.0,2200.0,2300.0,0.0,3.0,0.0,0.0,0.4260942339897156,1.2371978759765625,1.4265801906585693,2.293692111968994,12.0
dynamic_prune,3,1,254,0.40835818807284036,0.37177817781766254,0.03658000866572062,0.37006177177031835,0.37006177177031835,0.0,4.0,4.0,0.12663191556930542,0.39426836371421814,3.691913604736328,2540.0,2300.0,2200.0,2300.0,0.0,3.0,0.0,0.0,0.4260942339897156,1.2371978759765625,1.4265801906585693,2.293692111968994,12.0
dynamic_prune,3,1,255,0.40814762870470683,0.3728401843706767,0.035307448307673135,0.3693470142285029,0.3693470142285029,0.0,4.0,4.0,0.13082756102085114,0.392045259475708,3.70695424079895,2550.0,2300.0,2200.0,2300.0,0.0,3.0,0.0,0.0,0.4260942339897156,1.2371978759765625,1.4265801906585693,2.293692111968994,12.0
dynamic_prune,3,1,256,0.405982460975647,0.3712493121623993,0.034733149309953054,0.3653974640369415,0.3653974640369415,0.0,4.0,4.0,0.13457682728767395,0.39026397466659546,3.719691753387451,2560.0,2300.0,2200.0,2300.0,0.0,3.0,0.0,0.0,0.4260942339897156,1.2371978759765625,1.4265801906585693,2.293692111968994,12.0
dynamic_prune,3,1,257,0.4015520397822062,0.3660531679789225,0.03549886961778005,0.36860362042983374,0.36860362042983374,0.0,4.0,4.0,0.13834886252880096,0.38893118500709534,3.731344223022461,2570.0,2300.0,2200.0,2300.0,0.0,3.0,0.0,0.0,0.4260942339897156,1.2371978759765625,1.4265801906585693,2.293692111968994,12.0
dynamic_prune,3,1,258,0.3993143570423126,0.36489779750506085,0.034416562418142956,0.36056844572226204,0.36056844572226204,0.0,4.0,4.0,0.1416800320148468,0.3878461420536041,3.741236448287964,2580.0,2300.0,2200.0,2300.0,0.0,3.0,0.0,0.0,0.4260942339897156,1.2371978759765625,1.4265801906585693,2.293692111968994,12.0
dynamic_prune,3,1,259,0.40080283125241595,0.3652360502878825,0.03556677927573522,0.3565604976812998,0.3565604976812998,0.0,4.0,4.0,0.14503219723701477,0.38657620549201965,3.751014471054077,2590.0,2300.0,2200.0,2300.0,0.0,3.0,0.0,0.0,0.4260942339897156,1.2371978759765625,1.4265801906585693,2.293692111968994,12.0
dynamic_prune,3,1,260,0.3985251053174337,0.3622090021769206,0.03631610333919525,0.3584486596783002,0.3584486596783002,0.0,4.0,4.0,0.14737948775291443,0.38487935066223145,3.7588062286376953,2600.0,2600.0,2600.0,2300.0,1.0,3.0,0.0,0.0,0.2920145094394684,0.697492241859436,1.0630993843078613,1.4091501235961914,8.0
dynamic_prune,3,1,261,0.3893380065759023,0.35472243467966713,0.03461557393272718,0.36220623006423314,0.36220623006423314,0.0,4.0,4.0,0.15012352168560028,0.3841320276260376,3.7659895420074463,2610.0,2600.0,2600.0,2300.0,1.0,3.0,0.0,0.0,0.2920145094394684,0.697492241859436,1.0630993843078613,1.4091501235961914,8.0
dynamic_prune,3,1,262,0.38977535525957746,0.3545537567138672,0.03522159660855929,0.352685735921065,0.352685735921065,0.0,4.0,4.0,0.15259718894958496,0.38359156250953674,3.772085666656494,2620.0,2600.0,2600.0,2300.0,1.0,3.0,0.0,0.0,0.2920145094394684,0.697492241859436,1.0630993843078613,1.4091501235961914,8.0
dynamic_prune,3,1,263,0.3861042277018229,0.3505378754933675,0.035566349277893705,0.35851319392522174,0.35851319392522174,0.0,4.0,4.0,0.15500789880752563,0.38307833671569824,3.777782440185547,2630.0,2600.0,2600.0,2300.0,1.0,3.0,0.0,0.0,0.2920145094394684,0.697492241859436,1.0630993843078613,1.4091501235961914,8.0
dynamic_prune,3,1,264,0.3947789430618286,0.35793717940648395,0.03684176608920097,0.3499082975586255,0.3499082975586255,0.0,4.0,4.0,0.15782420337200165,0.382463276386261,3.784148931503296,2640.0,2600.0,2600.0,2300.0,1.0,3.0,0.0,0.0,0.2920145094394684,0.697492241859436,1.0630993843078613,1.4091501235961914,8.0
dynamic_prune,3,1,265,0.38391644636789957,0.3491356499989827,0.03478079328934352,0.34251137455304465,0.34251137455304465,0.0,4.0,4.0,0.15954965353012085,0.3822573721408844,3.7876250743865967,2650.0,2600.0,2600.0,2300.0,1.0,3.0,0.0,0.0,0.2920145094394684,0.697492241859436,1.0630993843078613,1.4091501235961914,8.0
dynamic_prune,3,1,266,0.3784153342247009,0.344500568707784,0.03391476139426231,0.34128779033819834,0.34128779033819834,0.0,4.0,4.0,0.16132277250289917,0.3817330002784729,3.7916855812072754,2660.0,2600.0,2600.0,2300.0,1.0,3.0,0.0,0.0,0.2920145094394684,0.697492241859436,1.0630993843078613,1.4091501235961914,8.0
dynamic_prune,3,1,267,0.3750320863723755,0.34022427916526793,0.034807805915673576,0.3348858321706454,0.3348858321706454,0.0,4.0,4.0,0.162242591381073,0.3812239170074463,3.7941224575042725,2670.0,2600.0,2600.0,2300.0,1.0,3.0,0.0,0.0,0.2920145094394684,0.697492241859436,1.0630993843078613,1.4091501235961914,8.0
dynamic_prune,3,1,268,0.379023494720459,0.3433480707804362,0.035675426125526426,0.3347313577930133,0.3347313577930133,0.0,4.0,4.0,0.1638288050889969,0.380411297082901,3.7980947494506836,2680.0,2600.0,2600.0,2300.0,1.0,3.0,0.0,0.0,0.2920145094394684,0.697492241859436,1.0630993843078613,1.4091501235961914,8.0
dynamic_prune,3,1,269,0.3796814751625061,0.3455423637231191,0.034139110495646795,0.3347695446014404,0.3347695446014404,0.0,4.0,4.0,0.16469696164131165,0.37985455989837646,3.8004283905029297,2690.0,2600.0,2600.0,2300.0,1.0,3.0,0.0,0.0,0.2920145094394684,0.697492241859436,1.0630993843078613,1.4091501235961914,8.0
dynamic_prune,3,1,270,0.3621235187848409,0.3305260407924652,0.03159747898578644,0.3260419385631879,0.3260419385631879,0.0,4.0,4.0,0.1654375046491623,0.38003334403038025,3.801410436630249,2700.0,2700.0,2700.0,2300.0,0.0,3.0,0.0,0.0,0.26447004079818726,0.5525352954864502,0.8043341636657715,1.6028060913085938,4.0
dynamic_prune,3,1,271,0.36725451548894245,0.33497483015060425,0.032279686232407886,0.32997886459032694,0.32997886459032694,0.0,4.0,4.0,0.1665894240140915,0.3797764182090759,3.8037123680114746,2710.0,2700.0,2700.0,2300.0,0.0,3.0,0.0,0.0,0.26447004079818726,0.5525352954864502,0.8043341636657715,1.6028060913085938,4.0
dynamic_prune,3,1,272,0.3650592533747355,0.33021556536356605,0.03484368582566579,0.32979502727588017,0.32979502727588017,0.0,4.0,4.0,0.16754165291786194,0.38005080819129944,3.8048505783081055,2720.0,2700.0,2700.0,2300.0,0.0,3.0,0.0,0.0,0.26447004079818726,0.5525352954864502,0.8043341636657715,1.6028060913085938,4.0
dynamic_prune,3,1,273,0.35016854405403136,0.3182510550816854,0.03191749483346939,0.3317918339371681,0.3317918339371681,0.0,4.0,4.0,0.16800762712955475,0.3807015120983124,3.80458927154541,2730.0,2700.0,2700.0,2300.0,0.0,3.0,0.0,0.0,0.26447004079818726,0.5525352954864502,0.8043341636657715,1.6028060913085938,4.0
dynamic_prune,3,1,274,0.35782557129859927,0.32417997082074484,0.033645600577195484,0.3270051657160123,0.3270051657160123,0.0,4.0,4.0,0.16914834082126617,0.38096117973327637,3.8059422969818115,2740.0,2700.0,2700.0,2300.0,0.0,3.0,0.0,0.0,0.26447004079818726,0.5525352954864502,0.8043341636657715,1.6028060913085938,4.0
dynamic_prune,3,1,275,0.35725215713183084,0.3223436923821767,0.034908466587464014,0.3167664367953936,0.3167664367953936,0.0,4.0,4.0,0.16908100247383118,0.3813663423061371,3.8051869869232178,2750.0,2700.0,2700.0,2300.0,0.0,3.0,0.0,0.0,0.26447004079818726,0.5525352954864502,0.8043341636657715,1.6028060913085938,4.0
dynamic_prune,3,1,276,0.3483070135116577,0.3132748238245646,0.03503218879302343,0.3186191629370054,0.3186191629370054,0.0,4.0,4.0,0.1694841980934143,0.3815772235393524,3.80547833442688,2760.0,2700.0,2700.0,2300.0,0.0,3.0,0.0,0.0,0.26447004079818726,0.5525352954864502,0.8043341636657715,1.6028060913085938,4.0
dynamic_prune,3,1,277,0.3531892283757528,0.31844470262527463,0.03474452500542005,0.3170569576819738,0.3170569576819738,0.0,4.0,4.0,0.16917705535888672,0.3818488121032715,3.8045847415924072,2770.0,2700.0,2700.0,2300.0,0.0,3.0,0.0,0.0,0.26447004079818726,0.5525352954864502,0.8043341636657715,1.6028060913085938,4.0
dynamic_prune,3,1,278,0.3515156650543213,0.31620814283688864,0.03530752251545588,0.3063010643919309,0.3063010643919309,0.0,4.0,4.0,0.16974517703056335,0.3820936679840088,3.8050198554992676,2780.0,2700.0,2700.0,2300.0,0.0,3.0,0.0,0.0,0.26447004079818726,0.5525352954864502,0.8043341636657715,1.6028060913085938,4.0
dynamic_prune,3,1,279,0.34484297116597495,0.31085054119427996,0.033992429375648496,0.2989059049884478,0.2989059049884478,0.0,4.0,4.0,0.1697084605693817,0.3825789988040924,3.804166793823242,2790.0,2700.0,2700.0,2300.0,0.0,3.0,0.0,0.0,0.26447004079818726,0.5525352954864502,0.8043341636657715,1.6028060913085938,4.0
dynamic_prune,3,1,280,0.3382851274808248,0.30496376315752666,0.03332136144240697,0.30200299233198163,0.30200299233198163,0.0,4.0,4.0,0.17038297653198242,0.3833761215209961,3.803800344467163,2800.0,2800.0,2800.0,2300.0,0.0,3.0,0.0,0.0,0.26380276679992676,0.618074893951416,0.8344746828079224,1.4357070922851562,4.0
dynamic_prune,3,1,281,0.34980478962262473,0.3147408378124237,0.03506394594907761,0.30022947112719217,0.30022947112719217,0.0,4.0,4.0,0.1701030135154724,0.3836423456668854,3.8029263019561768,2810.0,2800.0,2800.0,2300.0,0.0,3.0,0.0,0.0,0.26380276679992676,0.618074893951416,0.8344746828079224,1.4357070922851562,4.0
dynamic_prune,3,1,282,0.3344690171877543,0.30152182777722675,0.03294719124833743,0.2955294841527939,0.2955294841527939,0.0,4.0,4.0,0.17016953229904175,0.38437819480895996,3.80180025100708,2820.0,2800.0,2800.0,2300.0,0.0,3.0,0.0,0.0,0.26380276679992676,0.618074893951416,0.8344746828079224,1.4357070922851562,4.0
dynamic_prune,3,1,283,0.3445222584406535,0.3085629638036092,0.03595929384231567,0.29861930628617606,0.29861930628617606,0.0,4.0,4.0,0.17024078965187073,0.384489506483078,3.8017160892486572,2830.0,2800.0,2800.0,2300.0,0.0,3.0,0.0,0.0,0.26380276679992676,0.618074893951416,0.8344746828079224,1.4357070922851562,4.0
dynamic_prune,3,1,284,0.34287956754366555,0.3074124876658122,0.035467080225547155,0.294359741906325,0.294359741906325,0.0,4.0,4.0,0.169647678732872,0.3846094310283661,3.8006980419158936,2840.0,2800.0,2800.0,2300.0,0.0,3.0,0.0,0.0,0.26380276679992676,0.618074893951416,0.8344746828079224,1.4357070922851562,4.0
dynamic_prune,3,1,285,0.33962522983551025,0.3050042434533437,0.03462098628282547,0.29204019556442895,0.29204019556442895,0.0,4.0,4.0,0.1697625368833542,0.3853367567062378,3.7996127605438232,2850.0,2800.0,2800.0,2300.0,0.0,3.0,0.0,0.0,0.26380276679992676,0.618074893951416,0.8344746828079224,1.4357070922851562,4.0
dynamic_prune,3,1,286,0.3393139922618866,0.30337278962135317,0.03594120552142461,0.29042666643857956,0.29042666643857956,0.0,4.0,4.0,0.16932231187820435,0.3858237862586975,3.798208475112915,2860.0,2800.0,2800.0,2300.0,0.0,3.0,0.0,0.0,0.26380276679992676,0.618074893951416,0.8344746828079224,1.4357070922851562,4.0
dynamic_prune,3,1,287,0.3365323487917582,0.30004531343777974,0.0364870323240757,0.284670382241408,0.284670382241408,0.0,4.0,4.0,0.1702791005373001,0.3863911032676697,3.798525810241699,2870.0,2800.0,2800.0,2300.0,0.0,3.0,0.0,0.0,0.26380276679992676,0.618074893951416,0.8344746828079224,1.4357070922851562,4.0
dynamic_prune,3,1,288,0.33917795737584433,0.30113286117712657,0.038045094857613246,0.2843986385067304,0.2843986385067304,0.0,4.0,4.0,0.17042692005634308,0.38618069887161255,3.7990801334381104,2880.0,2800.0,2800.0,2300.0,0.0,3.0,0.0,0.0,0.26380276679992676,0.618074893951416,0.8344746828079224,1.4357070922851562,4.0
dynamic_prune,3,1,289,0.34441195329030355,0.3056537175178528,0.03875823805729548,0.28406192173560463,0.28406192173560463,0.0,4.0,4.0,0.17043785750865936,0.38667386770248413,3.7981934547424316,2890.0,2800.0,2800.0,2300.0,0.0,3.0,0.0,0.0,0.26380276679992676,0.618074893951416,0.8344746828079224,1.4357070922851562,4.0
dynamic_prune,3,1,290,0.3232829749584198,0.287158917983373,0.036124053299427035,0.27794990251461665,0.27794990251461665,0.0,4.0,4.0,0.170064315199852,0.3877416253089905,3.7958452701568604,2900.0,2900.0,2900.0,2300.0,0.0,3.0,0.0,0.0,0.27084970474243164,0.65967857837677,0.8143167495727539,1.0711698532104492,1.0
dynamic_prune,3,1,291,0.3306425074736277,0.2933644374211629,0.037278073926766714,0.27835959553718564,0.27835959553718564,0.0,4.0,4.0,0.17019067704677582,0.3879948556423187,3.7955610752105713,2910.0,2900.0,2900.0,2300.0,0.0,3.0,0.0,0.0,0.27084970474243164,0.65967857837677,0.8143167495727539,1.0711698532104492,1.0
dynamic_prune,3,1,292,0.32328346331914265,0.2864888640244802,0.03679460143049558,0.27926740745703377,0.27926740745703377,0.0,4.0,4.0,0.17020392417907715,0.3886996805667877,3.7942373752593994,2920.0,2900.0,2900.0,2300.0,0.0,3.0,0.0,0.0,0.27084970474243164,0.65967857837677,0.8143167495727539,1.0711698532104492,1.0
dynamic_prune,3,1,293,0.3143482748667399,0.2790749305486679,0.03527334580818812,0.27329243103663126,0.27329243103663126,0.0,4.0,4.0,0.17048266530036926,0.38938385248184204,3.7933502197265625,2930.0,2900.0,2900.0,2300.0,0.0,3.0,0.0,0.0,0.27084970474243164,0.65967857837677,0.8143167495727539,1.0711698532104492,1.0
dynamic_prune,3,1,294,0.33368420441945396,0.29579947352409364,0.037884728709856666,0.2736340699593226,0.2736340699593226,0.0,4.0,4.0,0.17096693813800812,0.38940927386283875,3.7939233779907227,2940.0,2900.0,2900.0,2300.0,0.0,3.0,0.0,0.0,0.27084970474243164,0.65967857837677,0.8143167495727539,1.0711698532104492,1.0
dynamic_prune,3,1,295,0.32397790551185607,0.28872719446818035,0.0352507109940052,0.2723832809925079,0.2723832809925079,0.0,4.0,4.0,0.17149131000041962,0.3896549940109253,3.794161319732666,2950.0,2900.0,2900.0,2300.0,0.0,3.0,0.0,0.0,0.27084970474243164,0.65967857837677,0.8143167495727539,1.0711698532104492,1.0
dynamic_prune,3,1,296,0.3137223184108734,0.27971726655960083,0.03400505135456721,0.271146009961764,0.271146009961764,0.0,4.0,4.0,0.1715935915708542,0.3901968002319336,3.793311834335327,2960.0,2900.0,2900.0,2300.0,0.0,3.0,0.0,0.0,0.27084970474243164,0.65967857837677,0.8143167495727539,1.0711698532104492,1.0
dynamic_prune,3,1,297,0.3120529862244924,0.2773333962758382,0.03471958940227826,0.26776693950096764,0.26776693950096764,0.0,4.0,4.0,0.17164607346057892,0.39070308208465576,3.7924394607543945,2970.0,2900.0,2900.0,2300.0,0.0,3.0,0.0,0.0,0.27084970474243164,0.65967857837677,0.8143167495727539,1.0711698532104492,1.0
dynamic_prune,3,1,298,0.31432024598121644,0.27901841640472413,0.03530182888110479,0.2688189728061358,0.2688189728061358,0.0,4.0,4.0,0.17186693847179413,0.39091286063194275,3.792335271835327,2980.0,2900.0,2900.0,2300.0,0.0,3.0,0.0,0.0,0.27084970474243164,0.65967857837677,0.8143167495727539,1.0711698532104492,1.0
dynamic_prune,3,1,299,0.319211980899175,0.28389853437741597,0.035313443640867866,0.26566577980915707,0.26566577980915707,0.0,4.0,4.0,0.1719396710395813,0.3909408152103424,3.7923991680145264,2990.0,2900.0,2900.0,2300.0,0.0,3.0,0.0,0.0,0.27084970474243164,0.65967857837677,0.8143167495727539,1.0711698532104492,1.0
dynamic_prune,3,1,300,0.30773428082466125,0.2731450617313385,0.03458921800057093,0.2661462198694547,0.2661462198694547,0.0,4.0,4.0,0.17177331447601318,0.3910202383995056,3.7920949459075928,3000.0,3000.0,3000.0,2300.0,0.0,3.0,0.0,0.0,0.25353145599365234,0.5440890789031982,0.8194921016693115,1.3074660301208496,3.0
dynamic_prune,3,1,301,0.32049317797025045,0.2851496104399363,0.03534357195099195,0.2719996942083041,0.2719996942083041,0.0,4.0,4.0,0.17105750739574432,0.39090096950531006,3.7914364337921143,3010.0,3000.0,3000.0,2300.0,0.0,3.0,0.0,0.0,0.25353145599365234,0.5440890789031982,0.8194921016693115,1.3074660301208496,3.0
dynamic_prune,3,1,302,0.3212741072972616,0.28597661972045896,0.03529748673240344,0.26411159416039787,0.26411159416039787,0.0,4.0,4.0,0.17085233330726624,0.3909473419189453,3.7911107540130615,3020.0,3000.0,3000.0,2300.0,0.0,3.0,0.0,0.0,0.25353145599365234,0.5440890789031982,0.8194921016693115,1.3074660301208496,3.0
dynamic_prune,3,1,303,0.3163713161150614,0.282752650976181,0.033618659377098084,0.26308894465367,0.26308894465367,0.0,4.0,4.0,0.17103077471256256,0.39111819863319397,3.7909984588623047,3030.0,3000.0,3000.0,2300.0,0.0,3.0,0.0,0.0,0.25353145599365234,0.5440890789031982,0.8194921016693115,1.3074660301208496,3.0
dynamic_prune,3,1,304,0.30649054368337,0.27269378463427224,0.03379675934712092,0.26721944202979403,0.26721944202979403,0.0,4.0,4.0,0.17032569646835327,0.3915119171142578,3.7893636226654053,3040.0,3000.0,3000.0,2300.0,0.0,3.0,0.0,0.0,0.25353145599365234,0.5440890789031982,0.8194921016693115,1.3074660301208496,3.0
dynamic_prune,3,1,305,0.31371026039123534,0.2794114581743876,0.03429880345861117,0.2712945075829824,0.2712945075829824,0.0,4.0,4.0,0.16963304579257965,0.39134320616722107,3.788801670074463,3050.0,3000.0,3000.0,2300.0,0.0,3.0,0.0,0.0,0.25353145599365234,0.5440890789031982,0.8194921016693115,1.3074660301208496,3.0
dynamic_prune,3,1,306,0.31655762910842894,0.28260884245236717,0.03394879122575124,0.2629778481523196,0.2629778481523196,0.0,4.0,4.0,0.16980059444904327,0.3909870386123657,3.7897024154663086,3060.0,3000.0,3000.0,2300.0,0.0,3.0,0.0,0.0,0.25353145599365234,0.5440890789031982,0.8194921016693115,1.3074660301208496,3.0
dynamic_prune,3,1,307,0.2966401529312134,0.26513545552889506,0.031504696210225426,0.2567360111077627,0.2567360111077627,0.0,4.0,4.0,0.17016534507274628,0.3913595676422119,3.789486885070801,3070.0,3000.0,3000.0,2300.0,0.0,3.0,0.0,0.0,0.25353145599365234,0.5440890789031982,0.8194921016693115,1.3074660301208496,3.0
dynamic_prune,3,1,308,0.3017238620917002,0.26708667119344076,0.03463719223936399,0.2616863798101743,0.2616863798101743,0.0,4.0,4.0,0.16965129971504211,0.39173629879951477,3.7881016731262207,3080.0,3000.0,3000.0,2300.0,0.0,3.0,0.0,0.0,0.25353145599365234,0.5440890789031982,0.8194921016693115,1.3074660301208496,3.0
dynamic_prune,3,1,309,0.3087827523549398,0.2721889986594518,0.0365937585135301,0.25739758253097533,0.25739758253097533,0.0,4.0,4.0,0.1689062863588333,0.39204078912734985,3.786588191986084,3090.0,3000.0,3000.0,2300.0,0.0,3.0,0.0,0.0,0.25353145599365234,0.5440890789031982,0.8194921016693115,1.3074660301208496,3.0
dynamic_prune,3,1,310,0.30231085181236267,0.2674819584687551,0.034828899105389916,0.2538521393140157,0.2538521393140157,0.0,4.0,4.0,0.167978435754776,0.3921281397342682,3.7851994037628174,3100.0,3100.0,3100.0,2300.0,1.0,3.0,0.0,0.0,0.3376283645629883,0.9050642251968384,1.1567282676696777,1.660780429840088,8.0
dynamic_prune,3,1,311,0.2956233350435893,0.26094914257526397,0.0346741958707571,0.25995577305555345,0.25995577305555345,0.0,4.0,4.0,0.16802778840065002,0.39233770966529846,3.784907817840576,3110.0,3100.0,3100.0,2300.0,1.0,3.0,0.0,0.0,0.3376283645629883,0.9050642251968384,1.1567282676696777,1.660780429840088,8.0
dynamic_prune,3,1,312,0.31693427205085756,0.2784929966926575,0.038441281865040464,0.25364261706670127,0.25364261706670127,0.0,4.0,4.0,0.16827420890331268,0.39198625087738037,3.785946846008301,3120.0,3100.0,3100.0,2300.0,1.0,3.0,0.0,0.0,0.3376283645629883,0.9050642251968384,1.1567282676696777,1.660780429840088,8.0
dynamic_prune,3,1,313,0.2950815506776174,0.2601272483666738,0.034954300224781035,0.25492089649041494,0.25492089649041494,0.0,4.0,4.0,0.1684391349554062,0.3921552896499634,3.785881519317627,3130.0,3100.0,3100.0,2300.0,1.0,3.0,0.0,0.0,0.3376283645629883,0.9050642251968384,1.1567282676696777,1.660780429840088,8.0
dynamic_prune,3,1,314,0.2998202093442281,0.26583724876244863,0.03398296922445297,0.25604417085647585,0.25604417085647585,0.0,4.0,4.0,0.1680586040019989,0.39219868183135986,3.7852845191955566,3140.0,3100.0,3100.0,2300.0,1.0,3.0,0.0,0.0,0.3376283645629883,0.9050642251968384,1.1567282676696777,1.660780429840088,8.0
dynamic_prune,3,1,315,0.30127272129058835,0.2650831913948059,0.03618952880303065,0.2596616157889366,0.2596616157889366,0.0,4.0,4.0,0.1684737205505371,0.3921557366847992,3.7858967781066895,3150.0,3100.0,3100.0,2300.0,1.0,3.0,0.0,0.0,0.3376283645629883,0.9050642251968384,1.1567282676696777,1.660780429840088,8.0
dynamic_prune,3,1,316,0.2996355211734772,0.2657476723194122,0.033887849847475685,0.2526550489664078,0.2526550489664078,0.0,4.0,4.0,0.16842395067214966,0.39216578006744385,3.785792112350464,3160.0,3100.0,3100.0,2300.0,1.0,3.0,0.0,0.0,0.3376283645629883,0.9050642251968384,1.1567282676696777,1.660780429840088,8.0
dynamic_prune,3,1,317,0.2847925223906835,0.2509285706281662,0.033863956133524574,0.2435132247209549,0.2435132247209549,0.0,4.0,4.0,0.1688867211341858,0.3926738202571869,3.7854583263397217,3170.0,3100.0,3100.0,2300.0,1.0,3.0,0.0,0.0,0.3376283645629883,0.9050642251968384,1.1567282676696777,1.660780429840088,8.0
dynamic_prune,3,1,318,0.2878071407477061,0.2525227129459381,0.035284426311651865,0.2603352636098862,0.2603352636098862,0.0,4.0,4.0,0.1688086986541748,0.39300477504730225,3.7847349643707275,3180.0,3100.0,3100.0,2300.0,1.0,3.0,0.0,0.0,0.3376283645629883,0.9050642251968384,1.1567282676696777,1.660780429840088,8.0
dynamic_prune,3,1,319,0.3015464170773824,0.2651471348603566,0.03639928460121155,0.24553756773471833,0.24553756773471833,0.0,4.0,4.0,0.16899213194847107,0.3930516541004181,3.784862518310547,3190.0,3100.0,3100.0,2300.0,1.0,3.0,0.0,0.0,0.3376283645629883,0.9050642251968384,1.1567282676696777,1.660780429840088,8.0
dynamic_prune,3,1,320,0.291081626812617,0.2551468523343404,0.03593476774791877,0.23916720420122148,0.23916720420122148,0.0,4.0,4.0,0.16923263669013977,0.39323803782463074,3.7848212718963623,3200.0,3200.0,3200.0,2300.0,0.0,3.0,0.0,0.0,0.24739818274974823,0.6005682945251465,0.7989804744720459,1.4018335342407227,1.0
dynamic_prune,3,1,321,0.28389090855916344,0.24930930654207864,0.03458160206675529,0.24552389552195866,0.24552389552195866,0.0,4.0,4.0,0.16893979907035828,0.39353692531585693,3.783876895904541,3210.0,3200.0,3200.0,2300.0,0.0,3.0,0.0,0.0,0.24739818274974823,0.6005682945251465,0.7989804744720459,1.4018335342407227,1.0
dynamic_prune,3,1,322,0.2915312389532725,0.2566422635316849,0.03488897745807966,0.24087529758612314,0.24087529758612314,0.0,4.0,4.0,0.16926172375679016,0.39343011379241943,3.784454822540283,3220.0,3200.0,3200.0,2300.0,0.0,3.0,0.0,0.0,0.24739818274974823,0.6005682945251465,0.7989804744720459,1.4018335342407227,1.0
dynamic_prune,3,1,323,0.27722985645135245,0.24301124413808187,0.034218608861168225,0.24172826329867045,0.24172826329867045,0.0,4.0,4.0,0.1698150634765625,0.39361968636512756,3.784773349761963,3230.0,3200.0,3200.0,2300.0,0.0,3.0,0.0,0.0,0.24739818274974823,0.6005682945251465,0.7989804744720459,1.4018335342407227,1.0
dynamic_prune,3,1,324,0.2833463637034098,0.248966939051946,0.03437942177057266,0.2386650949716568,0.2386650949716568,0.0,4.0,4.0,0.1698409914970398,0.39401522278785706,3.7840561866760254,3240.0,3200.0,3200.0,2300.0,0.0,3.0,0.0,0.0,0.24739818274974823,0.6005682945251465,0.7989804744720459,1.4018335342407227,1.0
dynamic_prune,3,1,325,0.28175955057144164,0.24786295413970946,0.03389659583568573,0.23983279844125113,0.23983279844125113,0.0,4.0,4.0,0.1694796085357666,0.3942290246486664,3.783186435699463,3250.0,3200.0,3200.0,2300.0,0.0,3.0,0.0,0.0,0.24739818274974823,0.6005682945251465,0.7989804744720459,1.4018335342407227,1.0
dynamic_prune,3,1,326,0.28690934896469117,0.25082079688707987,0.03608855028947194,0.23978140950202942,0.23978140950202942,0.0,4.0,4.0,0.169756680727005,0.3939058780670166,3.784160852432251,3260.0,3200.0,3200.0,2300.0,0.0,3.0,0.0,0.0,0.24739818274974823,0.6005682945251465,0.7989804744720459,1.4018335342407227,1.0
dynamic_prune,3,1,327,0.2923112046718597,0.2546872460842133,0.03762396017710368,0.24335054685672125,0.24335054685672125,0.0,4.0,4.0,0.17047962546348572,0.3936399817466736,3.785623550415039,3270.0,3200.0,3200.0,2300.0,0.0,3.0,0.0,0.0,0.24739818274974823,0.6005682945251465,0.7989804744720459,1.4018335342407227,1.0
dynamic_prune,3,1,328,0.27581178506215415,0.24173236886660257,0.03407941848039627,0.2362831152478854,0.2362831152478854,0.0,4.0,4.0,0.1711210459470749,0.3939558267593384,3.785789966583252,3280.0,3200.0,3200.0,2300.0,0.0,3.0,0.0,0.0,0.24739818274974823,0.6005682945251465,0.7989804744720459,1.4018335342407227,1.0
dynamic_prune,3,1,329,0.281692852973938,0.24741342822710674,0.03427942385276159,0.24270831813414892,0.24270831813414892,0.0,4.0,4.0,0.16995307803153992,0.39413222670555115,3.7840335369110107,3290.0,3200.0,3200.0,2300.0,0.0,3.0,0.0,0.0,0.24739818274974823,0.6005682945251465,0.7989804744720459,1.4018335342407227,1.0
dynamic_prune,3,1,330,0.2854800117015839,0.25059481044610343,0.034885199268658955,0.23142250070969264,0.23142250070969264,0.0,4.0,4.0,0.1703297197818756,0.3939114212989807,3.784914255142212,3300.0,3300.0,3300.0,2300.0,0.0,3.0,0.0,0.0,0.300049364566803,0.6703355312347412,1.0110187530517578,1.9016265869140625,5.0
dynamic_prune,3,1,331,0.2829183264573415,0.2462772355477015,0.03664109210173289,0.23528215060631433,0.23528215060631433,0.0,4.0,4.0,0.17121906578540802,0.3936728537082672,3.786510705947876,3310.0,3300.0,3300.0,2300.0,0.0,3.0,0.0,0.0,0.300049364566803,0.6703355312347412,1.0110187530517578,1.9016265869140625,5.0
dynamic_prune,3,1,332,0.2690424700578054,0.2353868349393209,0.03365563899278641,0.2304292804002762,0.2304292804002762,0.0,4.0,4.0,0.17194417119026184,0.3940946161746979,3.786550998687744,3320.0,3300.0,3300.0,2300.0,0.0,3.0,0.0,0.0,0.300049364566803,0.6703355312347412,1.0110187530517578,1.9016265869140625,5.0
dynamic_prune,3,1,333,0.2641205549240112,0.22959211905797322,0.0345284307996432,0.23340302973985672,0.23340302973985672,0.0,4.0,4.0,0.17187273502349854,0.3944838345050812,3.7856640815734863,3330.0,3300.0,3300.0,2300.0,0.0,3.0,0.0,0.0,0.300049364566803,0.6703355312347412,1.0110187530517578,1.9016265869140625,5.0
dynamic_prune,3,1,334,0.27818799098332725,0.2440375848611196,0.03415040358901024,0.2284990878899892,0.2284990878899892,0.0,4.0,4.0,0.17152824997901917,0.3945101499557495,3.7852065563201904,3340.0,3300.0,3300.0,2300.0,0.0,3.0,0.0,0.0,0.300049364566803,0.6703355312347412,1.0110187530517578,1.9016265869140625,5.0
dynamic_prune,3,1,335,0.2788674060503642,0.24300970395406088,0.03585770279169083,0.22514053970575332,0.22514053970575332,0.0,4.0,4.0,0.1722341626882553,0.39465662837028503,3.785737991333008,3350.0,3300.0,3300.0,2300.0,0.0,3.0,0.0,0.0,0.300049364566803,0.6703355312347412,1.0110187530517578,1.9016265869140625,5.0
dynamic_prune,3,1,336,0.2713202488422394,0.23591928044954935,0.03540096864104271,0.22686644941568374,0.22686644941568374,0.0,4.0,4.0,0.173051655292511,0.3947262167930603,3.786534070968628,3360.0,3300.0,3300.0,2300.0,0.0,3.0,0.0,0.0,0.300049364566803,0.6703355312347412,1.0110187530517578,1.9016265869140625,5.0
dynamic_prune,3,1,337,0.26804272810618085,0.23280191719532012,0.035240810960531235,0.22578156977891922,0.22578156977891922,0.0,4.0,4.0,0.17288267612457275,0.394905686378479,3.785989761352539,3370.0,3300.0,3300.0,2300.0,0.0,3.0,0.0,0.0,0.300049364566803,0.6703355312347412,1.0110187530517578,1.9016265869140625,5.0
dynamic_prune,3,1,338,0.27740574757258096,0.2430571856101354,0.03434855684638023,0.22328330248594283,0.22328330248594283,0.0,4.0,4.0,0.1725504994392395,0.3947463035583496,3.7859108448028564,3380.0,3300.0,3300.0,2300.0,0.0,3.0,0.0,0.0,0.300049364566803,0.6703355312347412,1.0110187530517578,1.9016265869140625,5.0
dynamic_prune,3,1,339,0.2715214641888936,0.2365470012029012,0.03497446621457736,0.21996652076641718,0.21996652076641718,0.0,4.0,4.0,0.17291481792926788,0.39458271861076355,3.7866618633270264,3390.0,3300.0,3300.0,2300.0,0.0,3.0,0.0,0.0,0.300049364566803,0.6703355312347412,1.0110187530517578,1.9016265869140625,5.0
dynamic_prune,3,1,340,0.2661635267734528,0.22997798124949137,0.036185546815395354,0.2189464772741,0.2189464772741,0.0,4.0,4.0,0.173170804977417,0.394697904586792,3.786724328994751,3400.0,3400.0,3400.0,2300.0,1.0,3.0,0.0,0.0,0.34739506244659424,0.909724235534668,1.118916630744934,1.7146198749542236,8.0
dynamic_prune,3,1,341,0.2610496743520101,0.22445218404134115,0.03659749041001002,0.22102352569500605,0.22102352569500605,0.0,4.0,4.0,0.1734197586774826,0.39514586329460144,3.786102771759033,3410.0,3400.0,3400.0,2300.0,1.0,3.0,0.0,0.0,0.34739506244659424,0.909724235534668,1.118916630744934,1.7146198749542236,8.0
dynamic_prune,3,1,342,0.27525283098220826,0.23455399751663208,0.04069883356491725,0.2343437361717224,0.2343437361717224,0.0,4.0,4.0,0.17280007898807526,0.39505988359451294,3.7856380939483643,3420.0,3400.0,3400.0,2300.0,1.0,3.0,0.0,0.0,0.34739506244659424,0.909724235534668,1.118916630744934,1.7146198749542236,8.0
dynamic_prune,3,1,343,0.29646565159161886,0.25475170493125915,0.04171394720673561,0.21620248685280483,0.21620248685280483,0.0,4.0,4.0,0.17331548035144806,0.3947182595729828,3.78702974319458,3430.0,3400.0,3400.0,2300.0,1.0,3.0,0.0,0.0,0.34739506244659424,0.909724235534668,1.118916630744934,1.7146198749542236,8.0
dynamic_prune,3,1,344,0.2718127918243408,0.23425692200660705,0.03755587488412857,0.21793727099895477,0.21793727099895477,0.0,4.0,4.0,0.17394614219665527,0.3948710262775421,3.7874832153320312,3440.0,3400.0,3400.0,2300.0,1.0,3.0,0.0,0.0,0.34739506244659424,0.909724235534668,1.118916630744934,1.7146198749542236,8.0
dynamic_prune,3,1,345,0.2540557547410329,0.21972069640954336,0.03433506081501643,0.21711464047431947,0.21711464047431947,0.0,4.0,4.0,0.17440173029899597,0.3949381113052368,3.7878339290618896,3450.0,3400.0,3400.0,2300.0,1.0,3.0,0.0,0.0,0.34739506244659424,0.909724235534668,1.118916630744934,1.7146198749542236,8.0
dynamic_prune,3,1,346,0.27044467329978944,0.23637332717577617,0.034071347763141,0.2188125823934873,0.2188125823934873,0.0,4.0,4.0,0.1738218367099762,0.3945786952972412,3.7879228591918945,3460.0,3400.0,3400.0,2300.0,1.0,3.0,0.0,0.0,0.34739506244659424,0.909724235534668,1.118916630744934,1.7146198749542236,8.0
dynamic_prune,3,1,347,0.27703220923741656,0.24092334667841594,0.03610886186361313,0.21167684157689412,0.21167684157689412,0.0,4.0,4.0,0.17507946491241455,0.39427319169044495,3.789909601211548,3470.0,3400.0,3400.0,2300.0,1.0,3.0,0.0,0.0,0.34739506244659424,0.909724235534668,1.118916630744934,1.7146198749542236,8.0
dynamic_prune,3,1,348,0.2628170740604401,0.22580984075864155,0.037007233202457426,0.2127237331867218,0.2127237331867218,0.0,4.0,4.0,0.175698384642601,0.3944815695285797,3.7901010513305664,3480.0,3400.0,3400.0,2300.0,1.0,3.0,0.0,0.0,0.34739506244659424,0.909724235534668,1.118916630744934,1.7146198749542236,8.0
dynamic_prune,3,1,349,0.2711444302399953,0.2315353931983312,0.03960903584957123,0.21642547518014907,0.21642547518014907,0.0,4.0,4.0,0.17533332109451294,0.39463117718696594,3.7894394397735596,3490.0,3400.0,3400.0,2300.0,1.0,3.0,0.0,0.0,0.34739506244659424,0.909724235534668,1.118916630744934,1.7146198749542236,8.0
dynamic_prune,3,1,350,0.26030447860558825,0.2226943443218867,0.03761013269424438,0.22028526941935223,0.22028526941935223,0.0,4.0,4.0,0.17463736236095428,0.39491790533065796,3.7881217002868652,3500.0,3500.0,3500.0,2300.0,0.0,3.0,0.0,0.0,0.2735448181629181,0.6007882356643677,0.7625757455825806,1.8736038208007812,2.0
dynamic_prune,3,1,351,0.2698679010073344,0.2305742593606313,0.039293635338544845,0.22251463641722996,0.22251463641722996,0.0,4.0,4.0,0.17447105050086975,0.3948122560977936,3.7881364822387695,3510.0,3500.0,3500.0,2300.0,0.0,3.0,0.0,0.0,0.2735448181629181,0.6007882356643677,0.7625757455825806,1.8736038208007812,2.0
dynamic_prune,3,1,352,0.28376062035560606,0.24161720395088196,0.042143419633309046,0.21088097910086315,0.21088097910086315,0.0,4.0,4.0,0.1750737875699997,0.39438143372535706,3.7897350788116455,3520.0,3500.0,3500.0,2300.0,0.0,3.0,0.0,0.0,0.2735448181629181,0.6007882356643677,0.7625757455825806,1.8736038208007812,2.0
dynamic_prune,3,1,353,0.2631416436036428,0.22519845525423685,0.03794318993886312,0.21027821133534114,0.21027821133534114,0.0,4.0,4.0,0.1757250428199768,0.39454105496406555,3.7901108264923096,3530.0,3500.0,3500.0,2300.0,0.0,3.0,0.0,0.0,0.2735448181629181,0.6007882356643677,0.7625757455825806,1.8736038208007812,2.0
dynamic_prune,3,1,354,0.2588078365723292,0.22329694529374441,0.0355108916759491,0.20904520551363628,0.20904520551363628,0.0,4.0,4.0,0.17514172196388245,0.3947901725769043,3.788978099822998,3540.0,3500.0,3500.0,2300.0,0.0,3.0,0.0,0.0,0.2735448181629181,0.6007882356643677,0.7625757455825806,1.8736038208007812,2.0
dynamic_prune,3,1,355,0.25885093291600547,0.22043594459692636,0.03841498414675395,0.20938242584466935,0.20938242584466935,0.0,4.0,4.0,0.17448724806308746,0.3948271870613098,3.7882466316223145,3550.0,3500.0,3500.0,2300.0,0.0,3.0,0.0,0.0,0.2735448181629181,0.6007882356643677,0.7625757455825806,1.8736038208007812,2.0
dynamic_prune,3,1,356,0.26807549357414245,0.22940863331158956,0.03866685872276624,0.20771776378154755,0.20771776378154755,0.0,4.0,4.0,0.17470432817935944,0.39487454295158386,3.788391590118408,3560.0,3500.0,3500.0,2300.0,0.0,3.0,0.0,0.0,0.2735448181629181,0.6007882356643677,0.7625757455825806,1.8736038208007812,2.0
dynamic_prune,3,1,357,0.26609017769495646,0.2272458597024282,0.03884432097276052,0.20727719525496166,0.20727719525496166,0.0,4.0,4.0,0.17560558021068573,0.3948870003223419,3.7893221378326416,3570.0,3500.0,3500.0,2300.0,0.0,3.0,0.0,0.0,0.2735448181629181,0.6007882356643677,0.7625757455825806,1.8736038208007812,2.0
dynamic_prune,3,1,358,0.254364226659139,0.2172627458969752,0.03710147961974144,0.2045918286840121,0.2045918286840121,0.0,4.0,4.0,0.17619973421096802,0.3952220678329468,3.789207696914673,3580.0,3500.0,3500.0,2300.0,0.0,3.0,0.0,0.0,0.2735448181629181,0.6007882356643677,0.7625757455825806,1.8736038208007812,2.0
dynamic_prune,3,1,359,0.24857367118199666,0.21134658455848693,0.037227087418238325,0.20919194494684537,0.20919194494684537,0.0,4.0,4.0,0.17610442638397217,0.39565372467041016,3.7882444858551025,3590.0,3500.0,3500.0,2300.0,0.0,3.0,0.0,0.0,0.2735448181629181,0.6007882356643677,0.7625757455825806,1.8736038208007812,2.0
dynamic_prune,3,1,360,0.2624549086888631,0.22606095711390178,0.03639395167430242,0.2017513108253479,0.2017513108253479,0.0,4.0,4.0,0.1763884276151657,0.3954642713069916,3.788921594619751,3600.0,3600.0,3600.0,2300.0,0.0,3.0,0.0,0.0,0.29381129145622253,0.7167174816131592,1.0057770013809204,1.4301047325134277,5.0
dynamic_prune,3,1,361,0.2521312125523885,0.21513666133085887,0.036994547446568805,0.2080003759264946,0.2080003759264946,0.0,4.0,4.0,0.17729756236076355,0.39555132389068604,3.7895724773406982,3610.0,3600.0,3600.0,2300.0,0.0,3.0,0.0,0.0,0.29381129145622253,0.7167174816131592,1.0057770013809204,1.4301047325134277,5.0
dynamic_prune,3,1,362,0.2516444285710653,0.2165239276488622,0.035120500326156615,0.2052595594028632,0.2052595594028632,0.0,4.0,4.0,0.17764291167259216,0.3954772651195526,3.7901148796081543,3620.0,3600.0,3600.0,2300.0,0.0,3.0,0.0,0.0,0.29381129145622253,0.7167174816131592,1.0057770013809204,1.4301047325134277,5.0
dynamic_prune,3,1,363,0.25846467971801756,0.221586151321729,0.03687853008508682,0.20129419734080634,0.20129419734080634,0.0,4.0,4.0,0.17734017968177795,0.39555925130844116,3.78959321975708,3630.0,3600.0,3600.0,2300.0,0.0,3.0,0.0,0.0,0.29381129145622253,0.7167174816131592,1.0057770013809204,1.4301047325134277,5.0
dynamic_prune,3,1,364,0.2442792578538259,0.20887473066647846,0.03540452425678571,0.20194074690341948,0.20194074690341948,0.0,4.0,4.0,0.17729711532592773,0.39554113149642944,3.789562940597534,3640.0,3600.0,3600.0,2300.0,0.0,3.0,0.0,0.0,0.29381129145622253,0.7167174816131592,1.0057770013809204,1.4301047325134277,5.0
dynamic_prune,3,1,365,0.2525346199671427,0.21674561540285747,0.035789007792870205,0.198299081325531,0.198299081325531,0.0,4.0,4.0,0.17801715433597565,0.3955126702785492,3.7902705669403076,3650.0,3600.0,3600.0,2300.0,0.0,3.0,0.0,0.0,0.29381129145622253,0.7167174816131592,1.0057770013809204,1.4301047325134277,5.0
dynamic_prune,3,1,366,0.24322453916072845,0.2061724517742793,0.03705208639303843,0.2045658941070239,0.2045658941070239,0.0,4.0,4.0,0.17866528034210205,0.39569053053855896,3.7904226779937744,3660.0,3600.0,3600.0,2300.0,0.0,3.0,0.0,0.0,0.29381129145622253,0.7167174816131592,1.0057770013809204,1.4301047325134277,5.0
dynamic_prune,3,1,367,0.2540895946820577,0.21459166526794435,0.03949792757630348,0.19731343120336534,0.19731343120336534,0.0,4.0,4.0,0.17871761322021484,0.3959944248199463,3.7898099422454834,3670.0,3600.0,3600.0,2300.0,0.0,3.0,0.0,0.0,0.29381129145622253,0.7167174816131592,1.0057770013809204,1.4301047325134277,5.0
dynamic_prune,3,1,368,0.2512232526143392,0.2134519879023234,0.03777126491069794,0.20128556008140247,0.20128556008140247,0.0,4.0,4.0,0.17843811213970184,0.39594292640686035,3.7896780967712402,3680.0,3600.0,3600.0,2300.0,0.0,3.0,0.0,0.0,0.29381129145622253,0.7167174816131592,1.0057770013809204,1.4301047325134277,5.0
dynamic_prune,3,1,369,0.25884189069271085,0.22357886056105294,0.03526302695274353,0.19419039512674013,0.19419039512674013,0.0,4.0,4.0,0.17926287651062012,0.3954571783542633,3.791417121887207,3690.0,3600.0,3600.0,2300.0,0.0,3.0,0.0,0.0,0.29381129145622253,0.7167174816131592,1.0057770013809204,1.4301047325134277,5.0
dynamic_prune,3,1,370,0.2346468691031138,0.20217368284861248,0.03247318595647812,0.19527328660090765,0.19527328660090765,0.0,4.0,4.0,0.17997780442237854,0.39568760991096497,3.7915091514587402,3700.0,3700.0,3700.0,2300.0,0.0,3.0,0.0,0.0,0.292331337928772,0.7300009727478027,0.940779447555542,1.4238109588623047,3.0
dynamic_prune,3,1,371,0.2307775358359019,0.2005534452199936,0.030224089125792185,0.19476247693101564,0.19476247693101564,0.0,4.0,4.0,0.18059396743774414,0.39584866166114807,3.7916338443756104,3710.0,3700.0,3700.0,2300.0,0.0,3.0,0.0,0.0,0.292331337928772,0.7300009727478027,0.940779447555542,1.4238109588623047,3.0
dynamic_prune,3,1,372,0.24014756441116333,0.2093624061346054,0.030785160958766936,0.19414645691712698,0.19414645691712698,0.0,4.0,4.0,0.18102362751960754,0.39593711495399475,3.791785478591919,3720.0,3700.0,3700.0,2300.0,0.0,3.0,0.0,0.0,0.292331337928772,0.7300009727478027,0.940779447555542,1.4238109588623047,3.0
dynamic_prune,3,1,373,0.24963075121243794,0.21669733464717866,0.032933416664600375,0.19174729908506075,0.19174729908506075,0.0,4.0,4.0,0.180754616856575,0.39567679166793823,3.7921502590179443,3730.0,3700.0,3700.0,2300.0,0.0,3.0,0.0,0.0,0.292331337928772,0.7300009727478027,0.940779447555542,1.4238109588623047,3.0
dynamic_prune,3,1,374,0.23146604776382446,0.19982101718584697,0.031645029584566754,0.19100316628813743,0.19100316628813743,0.0,4.0,4.0,0.18069471418857574,0.39576083421707153,3.7919039726257324,3740.0,3700.0,3700.0,2300.0,0.0,3.0,0.0,0.0,0.292331337928772,0.7300009727478027,0.940779447555542,1.4238109588623047,3.0
dynamic_prune,3,1,375,0.24363883078098297,0.2070709486802419,0.03656788361569246,0.19035471041997273,0.19035471041997273,0.0,4.0,4.0,0.18118995428085327,0.39593565464019775,3.7919921875,3750.0,3700.0,3700.0,2300.0,0.0,3.0,0.0,0.0,0.292331337928772,0.7300009727478027,0.940779447555542,1.4238109588623047,3.0
dynamic_prune,3,1,376,0.23587026039759318,0.19961872696876526,0.036251530051231384,0.19063705717523893,0.19063705717523893,0.0,4.0,4.0,0.18136312067508698,0.3961798846721649,3.7916030883789062,3760.0,3700.0,3700.0,2300.0,0.0,3.0,0.0,0.0,0.292331337928772,0.7300009727478027,0.940779447555542,1.4238109588623047,3.0
dynamic_prune,3,1,377,0.23710122625033062,0.2014973956346512,0.0356038336455822,0.19318926393985747,0.19318926393985747,0.0,4.0,4.0,0.18138237297534943,0.3963262438774109,3.791243553161621,3770.0,3700.0,3700.0,2300.0,0.0,3.0,0.0,0.0,0.292331337928772,0.7300009727478027,0.940779447555542,1.4238109588623047,3.0
dynamic_prune,3,1,378,0.2347472143173218,0.20088242510954538,0.03386478905876478,0.19251563241084416,0.19251563241084416,0.0,4.0,4.0,0.18143756687641144,0.3963947892189026,3.7911109924316406,3780.0,3700.0,3700.0,2300.0,0.0,3.0,0.0,0.0,0.292331337928772,0.7300009727478027,0.940779447555542,1.4238109588623047,3.0
dynamic_prune,3,1,379,0.23622812628746032,0.19969541629155477,0.036532706320285796,0.18960900515317916,0.18960900515317916,0.0,4.0,4.0,0.18129736185073853,0.39633119106292725,3.791172981262207,3790.0,3700.0,3700.0,2300.0,0.0,3.0,0.0,0.0,0.292331337928772,0.7300009727478027,0.940779447555542,1.4238109588623047,3.0
dynamic_prune,3,1,380,0.23654180785020193,0.20093523800373078,0.03560656930009524,0.18737812126676243,0.18737812126676243,0.0,4.0,4.0,0.18138951063156128,0.3966144621372223,3.790580987930298,3800.0,3800.0,3800.0,2300.0,0.0,3.0,0.0,0.0,0.25095197558403015,0.5898826122283936,0.7050921320915222,1.7241172790527344,3.0
dynamic_prune,3,1,381,0.24430384794871013,0.20661546806494394,0.03768837735056877,0.18866981570919356,0.18866981570919356,0.0,4.0,4.0,0.18139906227588654,0.39624083042144775,3.791409730911255,3810.0,3800.0,3800.0,2300.0,0.0,3.0,0.0,0.0,0.25095197558403015,0.5898826122283936,0.7050921320915222,1.7241172790527344,3.0
dynamic_prune,3,1,382,0.24105773687362672,0.20433818976084392,0.03671954487760862,0.1880635300775369,0.1880635300775369,0.0,4.0,4.0,0.18212629854679108,0.39623165130615234,3.792004346847534,3820.0,3800.0,3800.0,2300.0,0.0,3.0,0.0,0.0,0.25095197558403015,0.5898826122283936,0.7050921320915222,1.7241172790527344,3.0
dynamic_prune,3,1,383,0.24775186737378438,0.21029881079991658,0.03745305503408114,0.18734959185123443,0.18734959185123443,0.0,4.0,4.0,0.18171194195747375,0.3963329792022705,3.7915000915527344,3830.0,3800.0,3800.0,2300.0,0.0,3.0,0.0,0.0,0.25095197558403015,0.5898826122283936,0.7050921320915222,1.7241172790527344,3.0
dynamic_prune,3,1,384,0.2340781569480896,0.19665790994962057,0.037420247445503874,0.18735859856009485,0.18735859856009485,0.0,4.0,4.0,0.18163824081420898,0.3965984582901001,3.7908804416656494,3840.0,3800.0,3800.0,2300.0,0.0,3.0,0.0,0.0,0.25095197558403015,0.5898826122283936,0.7050921320915222,1.7241172790527344,3.0
dynamic_prune,3,1,385,0.237898135582606,0.19832308928171793,0.03957504719495773,0.20934958433111509,0.20934958433111509,0.0,4.0,4.0,0.18110209703445435,0.39651182293891907,3.790649890899658,3850.0,3800.0,3800.0,2300.0,0.0,3.0,0.0,0.0,0.25095197558403015,0.5898826122283936,0.7050921320915222,1.7241172790527344,3.0
dynamic_prune,3,1,386,0.2692703652381897,0.22917655448118845,0.04009381686647733,0.18661977206667266,0.18661977206667266,0.0,4.0,4.0,0.18133537471294403,0.3963516056537628,3.7912468910217285,3860.0,3800.0,3800.0,2300.0,0.0,3.0,0.0,0.0,0.25095197558403015,0.5898826122283936,0.7050921320915222,1.7241172790527344,3.0
dynamic_prune,3,1,387,0.24543651580810547,0.20606638411680858,0.039370130300521854,0.18674288670221964,0.18674288670221964,0.0,4.0,4.0,0.18187609314918518,0.3963051736354828,3.791790246963501,3870.0,3800.0,3800.0,2300.0,0.0,3.0,0.0,0.0,0.25095197558403015,0.5898826122283936,0.7050921320915222,1.7241172790527344,3.0
dynamic_prune,3,1,388,0.23023591021696727,0.1928045392036438,0.037431370466947556,0.18253836065530776,0.18253836065530776,0.0,4.0,4.0,0.18173301219940186,0.3965529501438141,3.7911221981048584,3880.0,3800.0,3800.0,2300.0,0.0,3.0,0.0,0.0,0.25095197558403015,0.5898826122283936,0.7050921320915222,1.7241172790527344,3.0
dynamic_prune,3,1,389,0.23753599385420482,0.19823213338851928,0.03930385967095693,0.19693358828624088,0.19693358828624088,0.0,4.0,4.0,0.1811174899339676,0.39678311347961426,3.790163516998291,3890.0,3800.0,3800.0,2300.0,0.0,3.0,0.0,0.0,0.25095197558403015,0.5898826122283936,0.7050921320915222,1.7241172790527344,3.0
dynamic_prune,3,1,390,0.26168089509010317,0.21903349399566652,0.042647400150696436,0.1964321750899156,0.1964321750899156,0.0,4.0,4.0,0.180978924036026,0.39666515588760376,3.7903525829315186,3900.0,3900.0,3900.0,2300.0,1.0,3.0,0.0,0.0,0.44761496782302856,1.1042671203613281,1.580979347229004,2.739497661590576,12.0
dynamic_prune,3,1,391,0.2587147961060206,0.21676141520341238,0.04195337851842244,0.18340938667456308,0.18340938667456308,0.0,4.0,4.0,0.18096373975276947,0.3964903950691223,3.7908096313476562,3910.0,3900.0,3900.0,2300.0,1.0,3.0,0.0,0.0,0.44761496782302856,1.1042671203613281,1.580979347229004,2.739497661590576,12.0
dynamic_prune,3,1,392,0.23384889105955758,0.19570069948832194,0.03814819435278575,0.18046997333566347,0.18046997333566347,0.0,4.0,4.0,0.18142357468605042,0.3966284692287445,3.7908475399017334,3920.0,3900.0,3900.0,2300.0,1.0,3.0,0.0,0.0,0.44761496782302856,1.1042671203613281,1.580979347229004,2.739497661590576,12.0
dynamic_prune,3,1,393,0.23352498352527618,0.1929719521601995,0.040553033202886585,0.19532185152173043,0.19532185152173043,0.0,4.0,4.0,0.1809844970703125,0.39687228202819824,3.789976119995117,3930.0,3900.0,3900.0,2300.0,1.0,3.0,0.0,0.0,0.44761496782302856,1.1042671203613281,1.580979347229004,2.739497661590576,12.0
dynamic_prune,3,1,394,0.24524041891098022,0.20428179641564687,0.04095862274368604,0.18914831827084225,0.18914831827084225,0.0,4.0,4.0,0.18040567636489868,0.39677855372428894,3.7897322177886963,3940.0,3900.0,3900.0,2300.0,1.0,3.0,0.0,0.0,0.44761496782302856,1.1042671203613281,1.580979347229004,2.739497661590576,12.0
dynamic_prune,3,1,395,0.25735808471838634,0.2141353319088618,0.04322275345524152,0.18855700130263964,0.18855700130263964,0.0,4.0,4.0,0.180365189909935,0.3965669870376587,3.7902908325195312,3950.0,3900.0,3900.0,2300.0,1.0,3.0,0.0,0.0,0.44761496782302856,1.1042671203613281,1.580979347229004,2.739497661590576,12.0
dynamic_prune,3,1,396,0.23777307192484537,0.1970735275745392,0.04069954474767049,0.18995240728060406,0.18995240728060406,0.0,4.0,4.0,0.18073181807994843,0.39675644040107727,3.790130853652954,3960.0,3900.0,3900.0,2300.0,1.0,3.0,0.0,0.0,0.44761496782302856,1.1042671203613281,1.580979347229004,2.739497661590576,12.0
dynamic_prune,3,1,397,0.23995704015096028,0.19915112415949504,0.04080591628948847,0.18028480688730875,0.18028480688730875,0.0,4.0,4.0,0.18066614866256714,0.39695748686790466,3.7896528244018555,3970.0,3900.0,3900.0,2300.0,1.0,3.0,0.0,0.0,0.44761496782302856,1.1042671203613281,1.580979347229004,2.739497661590576,12.0
dynamic_prune,3,1,398,0.22872564276059468,0.18996476471424104,0.038760879089434944,0.20061476598183314,0.20061476598183314,0.0,4.0,4.0,0.18033406138420105,0.3969779908657074,3.789304494857788,3980.0,3900.0,3900.0,2300.0,1.0,3.0,0.0,0.0,0.44761496782302856,1.1042671203613281,1.580979347229004,2.739497661590576,12.0
dynamic_prune,3,1,399,0.2803857700030009,0.23980548759301504,0.04058028702934583,0.18481006716688475,0.18481006716688475,0.0,4.0,4.0,0.18088504672050476,0.3963760435581207,3.7911276817321777,3990.0,3900.0,3900.0,2300.0,1.0,3.0,0.0,0.0,0.44761496782302856,1.1042671203613281,1.580979347229004,2.739497661590576,12.0
dynamic_prune,3,1,400,0.2503707832098007,0.2114015120267868,0.038969267606735226,0.1804861203332742,0.1804861203332742,0.0,4.0,4.0,0.18133507668972015,0.39606380462646484,3.7921981811523438,4000.0,4000.0,4000.0,2300.0,0.0,3.0,0.0,0.0,0.3045591413974762,0.8460372090339661,1.0728504657745361,2.794768810272217,6.0
dynamic_prune,3,1,401,0.232424951394399,0.19736034512519837,0.03506460775931676,0.1770491359134515,0.1770491359134515,0.0,4.0,4.0,0.18168959021568298,0.39615166187286377,3.7922534942626953,4010.0,4000.0,4000.0,2300.0,0.0,3.0,0.0,0.0,0.3045591413974762,0.8460372090339661,1.0728504657745361,2.794768810272217,6.0
dynamic_prune,3,1,402,0.21392832219600677,0.179127845565478,0.03480047464370727,0.17701132411758105,0.17701132411758105,0.0,4.0,4.0,0.181606262922287,0.39640745520591736,3.7915968894958496,4020.0,4000.0,4000.0,2300.0,0.0,3.0,0.0,0.0,0.3045591413974762,0.8460372090339661,1.0728504657745361,2.794768810272217,6.0
dynamic_prune,3,1,403,0.24030704299608865,0.2029901599884033,0.03731687878568967,0.19512146507700284,0.19512146507700284,0.0,4.0,4.0,0.18116861581802368,0.39647215604782104,3.7911453247070312,4030.0,4000.0,4000.0,2300.0,0.0,3.0,0.0,0.0,0.3045591413974762,0.8460372090339661,1.0728504657745361,2.794768810272217,6.0
dynamic_prune,3,1,404,0.2515259575843811,0.2120228930314382,0.03950306395689646,0.17866440311074258,0.17866440311074258,0.0,4.0,4.0,0.18129156529903412,0.3962427079677582,3.7917733192443848,4040.0,4000.0,4000.0,2300.0,0.0,3.0,0.0,0.0,0.3045591413974762,0.8460372090339661,1.0728504657745361,2.794768810272217,6.0
dynamic_prune,3,1,405,0.24011744340260824,0.2035179760058721,0.036599466105302174,0.17809933801492056,0.17809933801492056,0.0,4.0,4.0,0.18146350979804993,0.3961288332939148,3.7922043800354004,4050.0,4000.0,4000.0,2300.0,0.0,3.0,0.0,0.0,0.3045591413974762,0.8460372090339661,1.0728504657745361,2.794768810272217,6.0
dynamic_prune,3,1,406,0.2383635946114858,0.20236049314339954,0.03600310131907463,0.17521887858708698,0.17521887858708698,0.0,4.0,4.0,0.18159183859825134,0.39626482129096985,3.792034149169922,4060.0,4000.0,4000.0,2300.0,0.0,3.0,0.0,0.0,0.3045591413974762,0.8460372090339661,1.0728504657745361,2.794768810272217,6.0
dynamic_prune,3,1,407,0.22560604095458983,0.18998634298642478,0.03561969796816508,0.18700173929333685,0.18700173929333685,0.0,4.0,4.0,0.1810130923986435,0.3965538442134857,3.790935516357422,4070.0,4000.0,4000.0,2300.0,0.0,3.0,0.0,0.0,0.3045591413974762,0.8460372090339661,1.0728504657745361,2.794768810272217,6.0
dynamic_prune,3,1,408,0.2292898738384247,0.19049424946308136,0.03879562318325043,0.17533426597714424,0.17533426597714424,0.0,4.0,4.0,0.18074342608451843,0.3967004716396332,3.7903811931610107,4080.0,4000.0,4000.0,2300.0,0.0,3.0,0.0,0.0,0.3045591413974762,0.8460372090339661,1.0728504657745361,2.794768810272217,6.0
dynamic_prune,3,1,409,0.24640037735303244,0.20570313811302185,0.04069724107782046,0.17372150972485542,0.17372150972485542,0.0,4.0,4.0,0.1808713674545288,0.3967379331588745,3.790393590927124,4090.0,4000.0,4000.0,2300.0,0.0,3.0,0.0,0.0,0.3045591413974762,0.8460372090339661,1.0728504657745361,2.794768810272217,6.0
dynamic_prune,3,1,410,0.22664589206377664,0.1867226473490397,0.03992324560880661,0.17327463085452716,0.17327463085452716,0.0,4.0,4.0,0.18127329647541046,0.39694252610206604,3.7902584075927734,4100.0,4100.0,4100.0,2300.0,1.0,3.0,0.0,0.0,0.3484460711479187,0.8853234052658081,1.167724370956421,2.784055709838867,8.0
dynamic_prune,3,1,411,0.22541787425676982,0.18595232824484506,0.03946554521719615,0.18186749974886576,0.18186749974886576,0.0,4.0,4.0,0.18108434975147247,0.3970939815044403,3.7897231578826904,4110.0,4100.0,4100.0,2300.0,1.0,3.0,0.0,0.0,0.3484460711479187,0.8853234052658081,1.167724370956421,2.784055709838867,8.0
dynamic_prune,3,1,412,0.2469218134880066,0.20766305843989055,0.03925875475009282,0.17496011232336361,0.17496011232336361,0.0,4.0,4.0,0.18076403439044952,0.39705416560173035,3.789608955383301,4120.0,4100.0,4100.0,2300.0,1.0,3.0,0.0,0.0,0.3484460711479187,0.8853234052658081,1.167724370956421,2.784055709838867,8.0
dynamic_prune,3,1,413,0.22175472239653268,0.18648093104362487,0.035273791377743086,0.17216404130061466,0.17216404130061466,0.0,4.0,4.0,0.18105705082416534,0.3970613181591034,3.7897636890411377,4130.0,4100.0,4100.0,2300.0,1.0,3.0,0.0,0.0,0.3484460711479187,0.8853234052658081,1.167724370956421,2.784055709838867,8.0
dynamic_prune,3,1,414,0.2446390426158905,0.2074782152970632,0.03716082498431206,0.17687889630595843,0.17687889630595843,0.0,4.0,4.0,0.18142032623291016,0.39688917994499207,3.7904281616210938,4140.0,4100.0,4100.0,2300.0,1.0,3.0,0.0,0.0,0.3484460711479187,0.8853234052658081,1.167724370956421,2.784055709838867,8.0
dynamic_prune,3,1,415,0.2208314808209737,0.18494854112466177,0.035882943371931715,0.1702447482943535,0.1702447482943535,0.0,4.0,4.0,0.18129843473434448,0.3968825936317444,3.790327787399292,4150.0,4100.0,4100.0,2300.0,1.0,3.0,0.0,0.0,0.3484460711479187,0.8853234052658081,1.167724370956421,2.784055709838867,8.0
dynamic_prune,3,1,416,0.21014488101005555,0.17581690231959024,0.03432797566056252,0.17024344036976496,0.17024344036976496,0.0,4.0,4.0,0.18140771985054016,0.39709022641181946,3.789919853210449,4160.0,4100.0,4100.0,2300.0,1.0,3.0,0.0,0.0,0.3484460711479187,0.8853234052658081,1.167724370956421,2.784055709838867,8.0
dynamic_prune,3,1,417,0.22412110249201456,0.18887663900852203,0.035244464427232745,0.18779405732949575,0.18779405732949575,0.0,4.0,4.0,0.18092064559459686,0.39714398980140686,3.7894201278686523,4170.0,4100.0,4100.0,2300.0,1.0,3.0,0.0,0.0,0.3484460711479187,0.8853234052658081,1.167724370956421,2.784055709838867,8.0
dynamic_prune,3,1,418,0.27405615051587423,0.23262681643168132,0.04142933194835981,0.17100214545925457,0.17100214545925457,0.0,4.0,4.0,0.1812262237071991,0.3968234956264496,3.790541410446167,4180.0,4100.0,4100.0,2300.0,1.0,3.0,0.0,0.0,0.3484460711479187,0.8853234052658081,1.167724370956421,2.784055709838867,8.0
dynamic_prune,3,1,419,0.21694188515345256,0.18008424957593283,0.03685763359069824,0.1690255477031072,0.1690255477031072,0.0,4.0,4.0,0.18169628083705902,0.39698994159698486,3.790462017059326,4190.0,4100.0,4100.0,2300.0,1.0,3.0,0.0,0.0,0.3484460711479187,0.8853234052658081,1.167724370956421,2.784055709838867,8.0
dynamic_prune,3,1,420,0.2316277716557185,0.19481900036334993,0.036808767964442574,0.1798541245361169,0.1798541245361169,0.0,4.0,4.0,0.18183723092079163,0.3971005380153656,3.790337324142456,4200.0,4200.0,4200.0,2300.0,0.0,3.0,0.0,0.0,0.3116374611854553,0.5864777565002441,1.129544973373413,4.708207130432129,6.0
dynamic_prune,3,1,421,0.23345605889956156,0.19453081687291462,0.03892524386445681,0.17630176941553752,0.17630176941553752,0.0,4.0,4.0,0.18147554993629456,0.3971051573753357,3.7900586128234863,4210.0,4200.0,4200.0,2300.0,0.0,3.0,0.0,0.0,0.3116374611854553,0.5864777565002441,1.129544973373413,4.708207130432129,6.0
dynamic_prune,3,1,422,0.22495314836502076,0.18887859265009563,0.036074556807676954,0.1706979715327422,0.1706979715327422,0.0,4.0,4.0,0.18115444481372833,0.39713308215141296,3.789734125137329,4220.0,4200.0,4200.0,2300.0,0.0,3.0,0.0,0.0,0.3116374611854553,0.5864777565002441,1.129544973373413,4.708207130432129,6.0
dynamic_prune,3,1,423,0.22920011043548583,0.19210982978343963,0.03709028090039889,0.1673224799335003,0.1673224799335003,0.0,4.0,4.0,0.1808721423149109,0.3972976803779602,3.7892024517059326,4230.0,4200.0,4200.0,2300.0,0.0,3.0,0.0,0.0,0.3116374611854553,0.5864777565002441,1.129544973373413,4.708207130432129,6.0
dynamic_prune,3,1,424,0.21498567799727122,0.17553756376107535,0.039448113987843196,0.1648851757744948,0.1648851757744948,0.0,4.0,4.0,0.18127432465553284,0.3973357081413269,3.789477586746216,4240.0,4200.0,4200.0,2300.0,0.0,3.0,0.0,0.0,0.3116374611854553,0.5864777565002441,1.129544973373413,4.708207130432129,6.0
dynamic_prune,3,1,425,0.2221862804889679,0.18367286920547485,0.03851341287295024,0.20047331442435581,0.20047331442435581,0.0,4.0,4.0,0.18123725056648254,0.39728063344955444,3.7895984649658203,4250.0,4200.0,4200.0,2300.0,0.0,3.0,0.0,0.0,0.3116374611854553,0.5864777565002441,1.129544973373413,4.708207130432129,6.0
dynamic_prune,3,1,426,0.26084072411060333,0.21763600905736288,0.043204717834790546,0.17463794787724812,0.17463794787724812,0.0,4.0,4.0,0.18181978166103363,0.39689040184020996,3.7909717559814453,4260.0,4200.0,4200.0,2300.0,0.0,3.0,0.0,0.0,0.3116374611854553,0.5864777565002441,1.129544973373413,4.708207130432129,6.0
dynamic_prune,3,1,427,0.23023639579614003,0.19241208374500274,0.03782431284586588,0.16579592789212863,0.16579592789212863,0.0,4.0,4.0,0.18196368217468262,0.39717474579811096,3.7904610633850098,4270.0,4200.0,4200.0,2300.0,0.0,3.0,0.0,0.0,0.3116374611854553,0.5864777565002441,1.129544973373413,4.708207130432129,6.0
dynamic_prune,3,1,428,0.22252670904000602,0.18407796303431193,0.03844874545931816,0.1669835785528024,0.1669835785528024,0.0,4.0,4.0,0.18189670145511627,0.39725440740585327,3.790226697921753,4280.0,4200.0,4200.0,2300.0,0.0,3.0,0.0,0.0,0.3116374611854553,0.5864777565002441,1.129544973373413,4.708207130432129,6.0
dynamic_prune,3,1,429,0.21476649661858876,0.1756444428364436,0.03912205522259076,0.16835961158076923,0.16835961158076923,0.0,4.0,4.0,0.1819370836019516,0.39743199944496155,3.7898690700531006,4290.0,4200.0,4200.0,2300.0,0.0,3.0,0.0,0.0,0.3116374611854553,0.5864777565002441,1.129544973373413,4.708207130432129,6.0
dynamic_prune,3,1,430,0.21319348772366842,0.17489400426546733,0.038299485345681505,0.1680294876297315,0.1680294876297315,0.0,4.0,4.0,0.18168048560619354,0.39770761132240295,3.7890546321868896,4300.0,4300.0,4300.0,2300.0,1.0,3.0,0.0,0.0,0.33895164728164673,0.861764669418335,1.4857553243637085,1.932960033416748,9.0
dynamic_prune,3,1,431,0.21192926446596783,0.17155721068382263,0.04037205378214518,0.17714654102921487,0.17714654102921487,0.0,4.0,4.0,0.18176141381263733,0.3977130949497223,3.7890965938568115,4310.0,4300.0,4300.0,2300.0,1.0,3.0,0.0,0.0,0.33895164728164673,0.861764669418335,1.4857553243637085,1.932960033416748,9.0
dynamic_prune,3,1,432,0.24722567876180013,0.20617469290892282,0.041050986299912134,0.1687082909544309,0.1687082909544309,0.0,4.0,4.0,0.1816854029893875,0.39764851331710815,3.7892751693725586,4320.0,4300.0,4300.0,2300.0,1.0,3.0,0.0,0.0,0.33895164728164673,0.861764669418335,1.4857553243637085,1.932960033416748,9.0
dynamic_prune,3,1,433,0.2150155258178711,0.1789561508099238,0.0360593747595946,0.17016930013895035,0.17016930013895035,0.0,4.0,4.0,0.18208461999893188,0.3977072238922119,3.7893781661987305,4330.0,4300.0,4300.0,2300.0,1.0,3.0,0.0,0.0,0.33895164728164673,0.861764669418335,1.4857553243637085,1.932960033416748,9.0
dynamic_prune,3,1,434,0.22528046290079753,0.18872007032235463,0.03656039138635,0.16261051177978517,0.16261051177978517,0.0,4.0,4.0,0.18204787373542786,0.39780887961387634,3.789116621017456,4340.0,4300.0,4300.0,2300.0,1.0,3.0,0.0,0.0,0.33895164728164673,0.861764669418335,1.4857553243637085,1.932960033416748,9.0
dynamic_prune,3,1,435,0.22051083862781526,0.18286420683066051,0.03764662981033325,0.1807747322320938,0.1807747322320938,0.0,4.0,4.0,0.18203307688236237,0.3977559208869934,3.7892065048217773,4350.0,4300.0,4300.0,2300.0,1.0,3.0,0.0,0.0,0.33895164728164673,0.861764669418335,1.4857553243637085,1.932960033416748,9.0
dynamic_prune,3,1,436,0.2597494530677795,0.21844862520694733,0.04130082875490189,0.17761615966757138,0.17761615966757138,0.0,4.0,4.0,0.18214844167232513,0.3979131579399109,3.788985013961792,4360.0,4300.0,4300.0,2300.0,1.0,3.0,0.0,0.0,0.33895164728164673,0.861764669418335,1.4857553243637085,1.932960033416748,9.0
dynamic_prune,3,1,437,0.24554766734441122,0.20391223669052125,0.04163543169697126,0.1609945083161195,0.1609945083161195,0.0,4.0,4.0,0.18261416256427765,0.3978835344314575,3.789400577545166,4370.0,4300.0,4300.0,2300.0,1.0,3.0,0.0,0.0,0.33895164728164673,0.861764669418335,1.4857553243637085,1.932960033416748,9.0
dynamic_prune,3,1,438,0.21269843677679698,0.17531602482000988,0.03738241148491701,0.1639824808637301,0.1639824808637301,0.0,4.0,4.0,0.18309609591960907,0.3979969918727875,3.7894175052642822,4380.0,4300.0,4300.0,2300.0,1.0,3.0,0.0,0.0,0.33895164728164673,0.861764669418335,1.4857553243637085,1.932960033416748,9.0
dynamic_prune,3,1,439,0.22471017479896546,0.1840952221552531,0.04061495289206505,0.17024900555610656,0.17024900555610656,0.0,4.0,4.0,0.1831124871969223,0.3979543447494507,3.7895288467407227,4390.0,4300.0,4300.0,2300.0,1.0,3.0,0.0,0.0,0.33895164728164673,0.861764669418335,1.4857553243637085,1.932960033416748,9.0
dynamic_prune,3,1,440,0.22692097663879396,0.18762908220291138,0.03929189865787824,0.1611823611954848,0.1611823611954848,0.0,4.0,4.0,0.18326371908187866,0.39775678515434265,3.7900800704956055,4400.0,4400.0,4400.0,2300.0,0.0,3.0,0.0,0.0,0.3089033365249634,0.6795599460601807,0.8776079416275024,1.4966011047363281,4.0
dynamic_prune,3,1,441,0.21623856683572135,0.17859104136625925,0.03764752427736918,0.1597550722459952,0.1597550722459952,0.0,4.0,4.0,0.18325847387313843,0.3979308605194092,3.789623498916626,4410.0,4400.0,4400.0,2300.0,0.0,3.0,0.0,0.0,0.3089033365249634,0.6795599460601807,0.8776079416275024,1.4966011047363281,4.0
dynamic_prune,3,1,442,0.2170633880297343,0.18035944700241088,0.036703942120075224,0.15871385470032692,0.15871385470032692,0.0,4.0,4.0,0.1827331781387329,0.39817118644714355,3.788729667663574,4420.0,4400.0,4400.0,2300.0,0.0,3.0,0.0,0.0,0.3089033365249634,0.6795599460601807,0.8776079416275024,1.4966011047363281,4.0
dynamic_prune,3,1,443,0.21495359182357787,0.17848881761233013,0.036464774012565614,0.1598190260430177,0.1598190260430177,0.0,4.0,4.0,0.18292680382728577,0.3983232378959656,3.788498640060425,4430.0,4400.0,4400.0,2300.0,0.0,3.0,0.0,0.0,0.3089033365249634,0.6795599460601807,0.8776079416275024,1.4966011047363281,4.0
dynamic_prune,3,1,444,0.2287097922960917,0.18943233450253805,0.03927745838960012,0.16378466303149858,0.16378466303149858,0.0,4.0,4.0,0.1827835887670517,0.39835020899772644,3.7883546352386475,4440.0,4400.0,4400.0,2300.0,0.0,3.0,0.0,0.0,0.3089033365249634,0.6795599460601807,0.8776079416275024,1.4966011047363281,4.0
dynamic_prune,3,1,445,0.21885431210199993,0.18021600564320883,0.03863830635945002,0.16383440926671028,0.16383440926671028,0.0,4.0,4.0,0.18264922499656677,0.39826342463493347,3.788524627685547,4450.0,4400.0,4400.0,2300.0,0.0,3.0,0.0,0.0,0.3089033365249634,0.6795599460601807,0.8776079416275024,1.4966011047363281,4.0
dynamic_prune,3,1,446,0.21186008552710214,0.17242353717486064,0.03943654477596283,0.16659338772296906,0.16659338772296906,0.0,4.0,4.0,0.18274490535259247,0.39838534593582153,3.7883055210113525,4460.0,4400.0,4400.0,2300.0,0.0,3.0,0.0,0.0,0.3089033365249634,0.6795599460601807,0.8776079416275024,1.4966011047363281,4.0
dynamic_prune,3,1,447,0.2527323325475057,0.2084207119544347,0.04431162486473719,0.1800361710290114,0.1800361710290114,0.0,4.0,4.0,0.18249984085559845,0.39807066321372986,3.788942813873291,4470.0,4400.0,4400.0,2300.0,0.0,3.0,0.0,0.0,0.3089033365249634,0.6795599460601807,0.8776079416275024,1.4966011047363281,4.0
dynamic_prune,3,1,448,0.24553264061609903,0.20367071509361268,0.041861928304036455,0.15770172183712325,0.15770172183712325,0.0,4.0,4.0,0.18247339129447937,0.39804771542549133,3.789024591445923,4480.0,4400.0,4400.0,2300.0,0.0,3.0,0.0,0.0,0.3089033365249634,0.6795599460601807,0.8776079416275024,1.4966011047363281,4.0
dynamic_prune,3,1,449,0.20520098765691122,0.16559050639470418,0.039610479374726615,0.16040271311998366,0.16040271311998366,0.0,4.0,4.0,0.18254271149635315,0.39817240834236145,3.7887532711029053,4490.0,4400.0,4400.0,2300.0,0.0,3.0,0.0,0.0,0.3089033365249634,0.6795599460601807,0.8776079416275024,1.4966011047363281,4.0
dynamic_prune,3,1,450,0.22005126317342122,0.17932118197282154,0.04073007841904958,0.16022368078430493,0.16022368078430493,0.0,4.0,4.0,0.18267157673835754,0.3984798789024353,3.7880983352661133,4500.0,4500.0,4500.0,2300.0,0.0,3.0,0.0,0.0,0.26170462369918823,0.5291757583618164,0.8834124207496643,2.311184883117676,3.0
dynamic_prune,3,1,451,0.21227543632189433,0.1711716789007187,0.041103757669528326,0.15927958548069,0.15927958548069,0.0,4.0,4.0,0.18289752304553986,0.3984079360961914,3.788407802581787,4510.0,4500.0,4500.0,2300.0,0.0,3.0,0.0,0.0,0.26170462369918823,0.5291757583618164,0.8834124207496643,2.311184883117676,3.0
dynamic_prune,3,1,452,0.22437479575475058,0.18427102069060008,0.04010377769668897,0.15876482859253882,0.15876482859253882,0.0,4.0,4.0,0.18312543630599976,0.39833196997642517,3.7887067794799805,4520.0,4500.0,4500.0,2300.0,0.0,3.0,0.0,0.0,0.26170462369918823,0.5291757583618164,0.8834124207496643,2.311184883117676,3.0
dynamic_prune,3,1,453,0.2295700685183207,0.19012631952762604,0.0394437508781751,0.1553838054339091,0.1553838054339091,0.0,4.0,4.0,0.18333838880062103,0.39830532670021057,3.78889799118042,4530.0,4500.0,4500.0,2300.0,0.0,3.0,0.0,0.0,0.26170462369918823,0.5291757583618164,0.8834124207496643,2.311184883117676,3.0
dynamic_prune,3,1,454,0.20684734384218853,0.16728960653146108,0.039557737012704215,0.15787988826632499,0.15787988826632499,0.0,4.0,4.0,0.18341360986232758,0.3984273672103882,3.788661241531372,4540.0,4500.0,4500.0,2300.0,0.0,3.0,0.0,0.0,0.26170462369918823,0.5291757583618164,0.8834124207496643,2.311184883117676,3.0
dynamic_prune,3,1,455,0.20408887883027393,0.1654536658525467,0.03863521451751391,0.1578696538011233,0.1578696538011233,0.0,4.0,4.0,0.18365901708602905,0.3984611928462982,3.7886910438537598,4550.0,4500.0,4500.0,2300.0,0.0,3.0,0.0,0.0,0.26170462369918823,0.5291757583618164,0.8834124207496643,2.311184883117676,3.0
dynamic_prune,3,1,456,0.22817070404688516,0.18592046638329823,0.042250236769517266,0.17300923243165017,0.17300923243165017,0.0,4.0,4.0,0.18371203541755676,0.3983462452888489,3.789011240005493,4560.0,4500.0,4500.0,2300.0,0.0,3.0,0.0,0.0,0.26170462369918823,0.5291757583618164,0.8834124207496643,2.311184883117676,3.0
dynamic_prune,3,1,457,0.22281138837337494,0.18047660132249196,0.042334784666697184,0.16034182652831078,0.16034182652831078,0.0,4.0,4.0,0.1834130585193634,0.3985838294029236,3.788341522216797,4570.0,4500.0,4500.0,2300.0,0.0,3.0,0.0,0.0,0.26170462369918823,0.5291757583618164,0.8834124207496643,2.311184883117676,3.0
dynamic_prune,3,1,458,0.2051513127485911,0.16509584486484527,0.040055468281110125,0.16031519959370294,0.16031519959370294,0.0,4.0,4.0,0.18362779915332794,0.39853131771087646,3.7885730266571045,4580.0,4500.0,4500.0,2300.0,0.0,3.0,0.0,0.0,0.26170462369918823,0.5291757583618164,0.8834124207496643,2.311184883117676,3.0
dynamic_prune,3,1,459,0.21781980673472087,0.17651728431383767,0.04130252122879028,0.15975361694892248,0.15975361694892248,0.0,4.0,4.0,0.18313640356063843,0.3986242115497589,3.7880804538726807,4590.0,4500.0,4500.0,2300.0,0.0,3.0,0.0,0.0,0.26170462369918823,0.5291757583618164,0.8834124207496643,2.311184883117676,3.0
dynamic_prune,3,1,460,0.21951449871063233,0.18029758532842,0.0392169118920962,0.154459288418293,0.154459288418293,0.0,4.0,4.0,0.1827055662870407,0.3986765146255493,3.7877137660980225,4600.0,4600.0,4600.0,2300.0,0.0,3.0,0.0,0.0,0.32827967405319214,0.7998781204223633,1.1910014152526855,3.3478174209594727,6.0
dynamic_prune,3,1,461,0.21515649576981863,0.17465571741263072,0.0405007803440094,0.15863023897012074,0.15863023897012074,0.0,4.0,4.0,0.18258041143417358,0.39873337745666504,3.7875382900238037,4610.0,4600.0,4600.0,2300.0,0.0,3.0,0.0,0.0,0.32827967405319214,0.7998781204223633,1.1910014152526855,3.3478174209594727,6.0
dynamic_prune,3,1,462,0.2274389785528183,0.18678730448087055,0.04065167263150215,0.16174178183078766,0.16174178183078766,0.0,4.0,4.0,0.18279938399791718,0.3988803029060364,3.78733229637146,4620.0,4600.0,4600.0,2300.0,0.0,3.0,0.0,0.0,0.32827967405319214,0.7998781204223633,1.1910014152526855,3.3478174209594727,6.0
dynamic_prune,3,1,463,0.22340866645177204,0.1804125573237737,0.04299610882997513,0.16947235430280366,0.16947235430280366,0.0,4.0,4.0,0.1827472597360611,0.39896097779273987,3.787123680114746,4630.0,4600.0,4600.0,2300.0,0.0,3.0,0.0,0.0,0.32827967405319214,0.7998781204223633,1.1910014152526855,3.3478174209594727,6.0
dynamic_prune,3,1,464,0.21502874692281088,0.17299856503804525,0.042030182182788846,0.15949757516384125,0.15949757516384125,0.0,4.0,4.0,0.1831943392753601,0.39909249544143677,3.787055015563965,4640.0,4600.0,4600.0,2300.0,0.0,3.0,0.0,0.0,0.32827967405319214,0.7998781204223633,1.1910014152526855,3.3478174209594727,6.0
dynamic_prune,3,1,465,0.22115985830624899,0.17703352451324464,0.04412633642554283,0.20174528921643892,0.20174528921643892,0.0,4.0,4.0,0.18283575773239136,0.3992643654346466,3.786449432373047,4650.0,4600.0,4600.0,2300.0,0.0,3.0,0.0,0.0,0.32827967405319214,0.7998781204223633,1.1910014152526855,3.3478174209594727,6.0
dynamic_prune,3,1,466,0.27376713196436564,0.2219004887342453,0.0518666410446167,0.16881601115067799,0.16881601115067799,0.0,4.0,4.0,0.1834764927625656,0.3987129032611847,3.7882020473480225,4660.0,4600.0,4600.0,2300.0,0.0,3.0,0.0,0.0,0.32827967405319214,0.7998781204223633,1.1910014152526855,3.3478174209594727,6.0
dynamic_prune,3,1,467,0.24082569440205892,0.19443842132886252,0.0463872758547465,0.17614824583133062,0.17614824583133062,0.0,4.0,4.0,0.18381257355213165,0.39870747923851013,3.788433074951172,4670.0,4600.0,4600.0,2300.0,0.0,3.0,0.0,0.0,0.32827967405319214,0.7998781204223633,1.1910014152526855,3.3478174209594727,6.0
dynamic_prune,3,1,468,0.2129030321041743,0.16831776519616445,0.044585270484288536,0.1512345176935196,0.1512345176935196,0.0,4.0,4.0,0.18430301547050476,0.3988097310066223,3.7884461879730225,4680.0,4600.0,4600.0,2300.0,0.0,3.0,0.0,0.0,0.32827967405319214,0.7998781204223633,1.1910014152526855,3.3478174209594727,6.0
dynamic_prune,3,1,469,0.21386451760927835,0.17024830440680186,0.043616211464007695,0.1720414417485396,0.1720414417485396,0.0,4.0,4.0,0.18397054076194763,0.39896371960639954,3.7878994941711426,4690.0,4600.0,4600.0,2300.0,0.0,3.0,0.0,0.0,0.32827967405319214,0.7998781204223633,1.1910014152526855,3.3478174209594727,6.0
dynamic_prune,3,1,470,0.23417210618654888,0.1876580180724462,0.04651408796509107,0.15390388016899426,0.15390388016899426,0.0,4.0,4.0,0.18344420194625854,0.39879274368286133,3.7880165576934814,4700.0,4700.0,4700.0,2300.0,0.0,3.0,0.0,0.0,0.3624713122844696,0.8805263042449951,1.0787763595581055,4.979341506958008,5.0
dynamic_prune,3,1,471,0.21836261034011842,0.17349368075529734,0.04486892819404602,0.15607766007383664,0.15607766007383664,0.0,4.0,4.0,0.18320108950138092,0.39878806471824646,3.787893295288086,4710.0,4700.0,4700.0,2300.0,0.0,3.0,0.0,0.0,0.3624713122844696,0.8805263042449951,1.0787763595581055,4.979341506958008,5.0
dynamic_prune,3,1,472,0.20659952104091645,0.16358445306619007,0.04301506623625755,0.1669671126206716,0.1669671126206716,0.0,4.0,4.0,0.18321414291858673,0.3989969491958618,3.7874252796173096,4720.0,4700.0,4700.0,2300.0,0.0,3.0,0.0,0.0,0.3624713122844696,0.8805263042449951,1.0787763595581055,4.979341506958008,5.0
dynamic_prune,3,1,473,0.2030951197942098,0.1632781916856766,0.03981692542632421,0.15965653762221335,0.15965653762221335,0.0,4.0,4.0,0.1836809366941452,0.3990776836872101,3.7874772548675537,4730.0,4700.0,4700.0,2300.0,0.0,3.0,0.0,0.0,0.3624713122844696,0.8805263042449951,1.0787763595581055,4.979341506958008,5.0
dynamic_prune,3,1,474,0.21622430483500163,0.1740052056312561,0.04221910203496615,0.16118940144777297,0.16118940144777297,0.0,4.0,4.0,0.18374109268188477,0.3991473317146301,3.7873263359069824,4740.0,4700.0,4700.0,2300.0,0.0,3.0,0.0,0.0,0.3624713122844696,0.8805263042449951,1.0787763595581055,4.979341506958008,5.0
dynamic_prune,3,1,475,0.20934436241785684,0.17013592998186747,0.03920843084653219,0.15184829438726108,0.15184829438726108,0.0,4.0,4.0,0.18368667364120483,0.3993154466152191,3.786850690841675,4750.0,4700.0,4700.0,2300.0,0.0,3.0,0.0,0.0,0.3624713122844696,0.8805263042449951,1.0787763595581055,4.979341506958008,5.0
dynamic_prune,3,1,476,0.20222307721773783,0.16540579696496327,0.036817285666863125,0.1509733388821284,0.1509733388821284,0.0,4.0,4.0,0.1838478147983551,0.3993440866470337,3.7868425846099854,4760.0,4700.0,4700.0,2300.0,0.0,3.0,0.0,0.0,0.3624713122844696,0.8805263042449951,1.0787763595581055,4.979341506958008,5.0
dynamic_prune,3,1,477,0.20231266617774962,0.1626388269662857,0.03967384109894435,0.15429294069608052,0.15429294069608052,0.0,4.0,4.0,0.1841057986021042,0.39942896366119385,3.7867584228515625,4770.0,4700.0,4700.0,2300.0,0.0,3.0,0.0,0.0,0.3624713122844696,0.8805263042449951,1.0787763595581055,4.979341506958008,5.0
dynamic_prune,3,1,478,0.2082601499557495,0.16597735206286113,0.04228280231356621,0.16141800751288732,0.16141800751288732,0.0,4.0,4.0,0.18424126505851746,0.3996412456035614,3.786301612854004,4780.0,4700.0,4700.0,2300.0,0.0,3.0,0.0,0.0,0.3624713122844696,0.8805263042449951,1.0787763595581055,4.979341506958008,5.0
dynamic_prune,3,1,479,0.20681392669677734,0.16157712817192077,0.045236797233422596,0.17053461993734043,0.17053461993734043,0.0,4.0,4.0,0.18415452539920807,0.39946818351745605,3.786663770675659,4790.0,4700.0,4700.0,2300.0,0.0,3.0,0.0,0.0,0.3624713122844696,0.8805263042449951,1.0787763595581055,4.979341506958008,5.0
dynamic_prune,3,1,480,0.2731207585334778,0.22461946586767834,0.048501285016536715,0.1726318091650804,0.1726318091650804,0.0,4.0,4.0,0.18371593952178955,0.3992781341075897,3.7869527339935303,4800.0,4800.0,4800.0,2300.0,1.0,3.0,0.0,0.0,0.4144989252090454,0.9741754531860352,1.1905725002288818,2.3928604125976562,10.0
dynamic_prune,3,1,481,0.23130543490250904,0.18647927304108938,0.044826161315043765,0.16054967522621155,0.16054967522621155,0.0,4.0,4.0,0.18406942486763,0.3991480767726898,3.7874510288238525,4810.0,4800.0,4800.0,2300.0,1.0,3.0,0.0,0.0,0.4144989252090454,0.9741754531860352,1.1905725002288818,2.3928604125976562,10.0
dynamic_prune,3,1,482,0.19433962186177572,0.15169517676035563,0.04264444649219513,0.15643418803811074,0.15643418803811074,0.0,4.0,4.0,0.1844056397676468,0.39926081895828247,3.787343978881836,4820.0,4800.0,4800.0,2300.0,1.0,3.0,0.0,0.0,0.4144989252090454,0.9741754531860352,1.1905725002288818,2.3928604125976562,10.0
dynamic_prune,3,1,483,0.19074116468429567,0.14618184864521028,0.04455931509534518,0.1532315719127655,0.1532315719127655,0.0,4.0,4.0,0.18444471061229706,0.3994322419166565,3.7869386672973633,4830.0,4800.0,4800.0,2300.0,1.0,3.0,0.0,0.0,0.4144989252090454,0.9741754531860352,1.1905725002288818,2.3928604125976562,10.0
dynamic_prune,3,1,484,0.21982244928677877,0.1725930235783259,0.04722942610581716,0.17231510624289512,0.17231510624289512,0.0,4.0,4.0,0.18415887653827667,0.3994302451610565,3.7867510318756104,4840.0,4800.0,4800.0,2300.0,1.0,3.0,0.0,0.0,0.4144989252090454,0.9741754531860352,1.1905725002288818,2.3928604125976562,10.0
dynamic_prune,3,1,485,0.25320078134536744,0.20491957485675813,0.04828120455145836,0.17036105021834375,0.17036105021834375,0.0,4.0,4.0,0.18385818600654602,0.39938628673553467,3.7867770195007324,4850.0,4800.0,4800.0,2300.0,1.0,3.0,0.0,0.0,0.4144989252090454,0.9741754531860352,1.1905725002288818,2.3928604125976562,10.0
dynamic_prune,3,1,486,0.2026643079519272,0.15973648687203726,0.04292782386144002,0.16881456981102624,0.16881456981102624,0.0,4.0,4.0,0.1839248389005661,0.39950382709503174,3.786555051803589,4860.0,4800.0,4800.0,2300.0,1.0,3.0,0.0,0.0,0.4144989252090454,0.9741754531860352,1.1905725002288818,2.3928604125976562,10.0
dynamic_prune,3,1,487,0.2199390387535095,0.17391687234242756,0.046022168199221294,0.15905433172980946,0.15905433172980946,0.0,4.0,4.0,0.1835968792438507,0.39963099360466003,3.786085605621338,4870.0,4800.0,4800.0,2300.0,1.0,3.0,0.0,0.0,0.4144989252090454,0.9741754531860352,1.1905725002288818,2.3928604125976562,10.0
dynamic_prune,3,1,488,0.20868626594543457,0.1650819456577301,0.04360431974132856,0.16356815909345945,0.16356815909345945,0.0,4.0,4.0,0.18341687321662903,0.39973926544189453,3.7857203483581543,4880.0,4800.0,4800.0,2300.0,1.0,3.0,0.0,0.0,0.4144989252090454,0.9741754531860352,1.1905725002288818,2.3928604125976562,10.0
dynamic_prune,3,1,489,0.23087013641993204,0.1867774420976639,0.04409269501765569,0.1484838520983855,0.1484838520983855,0.0,4.0,4.0,0.1836194097995758,0.3997417986392975,3.7858071327209473,4890.0,4800.0,4800.0,2300.0,1.0,3.0,0.0,0.0,0.4144989252090454,0.9741754531860352,1.1905725002288818,2.3928604125976562,10.0
dynamic_prune,3,1,490,0.1986083467801412,0.154062828818957,0.04454551686843236,0.16871754959225654,0.16871754959225654,0.0,4.0,4.0,0.18383599817752838,0.3997097611427307,3.785993814468384,4900.0,4900.0,4900.0,2300.0,0.0,3.0,0.0,0.0,0.3253708779811859,0.6340103149414062,0.8639012575149536,4.2072553634643555,4.0
dynamic_prune,3,1,491,0.19798354029655457,0.15387487451235454,0.044108664443095524,0.15999750544627508,0.15999750544627508,0.0,4.0,4.0,0.1842806488275528,0.3996115028858185,3.7864537239074707,4910.0,4900.0,4900.0,2300.0,0.0,3.0,0.0,0.0,0.3253708779811859,0.6340103149414062,0.8639012575149536,4.2072553634643555,4.0
dynamic_prune,3,1,492,0.21816058874130248,0.16947816848754882,0.04868241856495539,0.1979681894183159,0.1979681894183159,0.0,4.0,4.0,0.18401475250720978,0.39944615960121155,3.7867608070373535,4920.0,4900.0,4900.0,2300.0,0.0,3.0,0.0,0.0,0.3253708779811859,0.6340103149414062,0.8639012575149536,4.2072553634643555,4.0
dynamic_prune,3,1,493,0.2817465370893478,0.23130519688129425,0.05044133767485619,0.1746703328192234,0.1746703328192234,0.0,4.0,4.0,0.18416082859039307,0.3993687033653259,3.7870659828186035,4930.0,4900.0,4900.0,2300.0,0.0,3.0,0.0,0.0,0.3253708779811859,0.6340103149414062,0.8639012575149536,4.2072553634643555,4.0
dynamic_prune,3,1,494,0.2219864503542582,0.17741699973742167,0.04456945131222407,0.15403732339541118,0.15403732339541118,0.0,4.0,4.0,0.1842982918024063,0.3992972671985626,3.7873270511627197,4940.0,4900.0,4900.0,2300.0,0.0,3.0,0.0,0.0,0.3253708779811859,0.6340103149414062,0.8639012575149536,4.2072553634643555,4.0
dynamic_prune,3,1,495,0.21769448041915893,0.1741853880882263,0.043509093821048735,0.15326304197311402,0.15326304197311402,0.0,4.0,4.0,0.1843135952949524,0.39935219287872314,3.7872121334075928,4950.0,4900.0,4900.0,2300.0,0.0,3.0,0.0,0.0,0.3253708779811859,0.6340103149414062,0.8639012575149536,4.2072553634643555,4.0
dynamic_prune,3,1,496,0.20989046057065328,0.1661116341749827,0.043778827289740245,0.14987856696049373,0.14987856696049373,0.0,4.0,4.0,0.18441900610923767,0.3993883430957794,3.7871859073638916,4960.0,4900.0,4900.0,2300.0,0.0,3.0,0.0,0.0,0.3253708779811859,0.6340103149414062,0.8639012575149536,4.2072553634643555,4.0
dynamic_prune,3,1,497,0.19791238029797872,0.1545005523165067,0.043411830614010494,0.14220872099200885,0.14220872099200885,0.0,4.0,4.0,0.18443915247917175,0.3993520438671112,3.7872509956359863,4970.0,4900.0,4900.0,2300.0,0.0,3.0,0.0,0.0,0.3253708779811859,0.6340103149414062,0.8639012575149536,4.2072553634643555,4.0
dynamic_prune,3,1,498,0.19780620336532592,0.15205973148345947,0.04574647227923075,0.14511924187342326,0.14511924187342326,0.0,4.0,4.0,0.18399201333522797,0.3993772566318512,3.786940574645996,4980.0,4900.0,4900.0,2300.0,0.0,3.0,0.0,0.0,0.3253708779811859,0.6340103149414062,0.8639012575149536,4.2072553634643555,4.0
dynamic_prune,3,1,499,0.23182178179423013,0.1856129171450933,0.04620886375506719,0.1490035966038704,0.1490035966038704,0.0,4.0,4.0,0.18366307020187378,0.39924314618110657,3.787134885787964,4990.0,4900.0,4900.0,2300.0,0.0,3.0,0.0,0.0,0.3253708779811859,0.6340103149414062,0.8639012575149536,4.2072553634643555,4.0
dynamic_prune,3,1,500,0.20141558011372884,0.1570117501417796,0.04440382868051529,0.1595882447063923,0.1595882447063923,0.0,4.0,4.0,0.18378417193889618,0.39939257502555847,3.78684663772583,5000.0,5000.0,5000.0,2300.0,1.0,3.0,0.0,0.0,0.39871785044670105,1.1190197467803955,1.5265909433364868,3.7722692489624023,10.0
