model,seed,level,epoch,train_total,train_effect,train_vq,eval_total,eval_effect,eval_vq,active_codes,ema_used_codes,step_counter,last_check_step,surprise_streak,distance_mean,distance_p90,distance_p95,distance_max,surprise_support
dynamic,2,1,1,5.186264610290527,5.153309834798177,0.032954719364643094,5.050823133786519,5.050823133786519,0.0,1.0,1.0,10.0,0.0,0.0,,,,,
dynamic,2,1,2,5.032326062520345,4.976318715413411,0.05600736757119497,4.871422201792399,4.871422201792399,0.0,1.0,1.0,20.0,0.0,0.0,,,,,
dynamic,2,1,3,4.8804016812642415,4.798388373057048,0.08201327214638392,4.698004849751791,4.698004849751791,0.0,1.0,1.0,30.0,0.0,0.0,,,,,
dynamic,2,1,4,4.732727788289388,4.628151823679606,0.1045759583512942,4.537880608240763,4.537880608240763,0.0,1.0,1.0,40.0,0.0,0.0,,,,,
dynamic,2,1,5,4.581456915537516,4.47484255472819,0.10661443084478378,4.38905910174052,4.38905910174052,0.0,1.0,1.0,50.0,0.0,0.0,,,,,
dynamic,2,1,6,4.4227268028259275,4.32974142074585,0.09298539956410726,4.245082213083903,4.245082213083903,0.0,1.0,1.0,60.0,0.0,0.0,,,,,
dynamic,2,1,7,4.2809555689493815,4.1887049357096355,0.09225062251091004,4.115445815722148,4.115445815722148,0.0,1.0,1.0,70.0,0.0,0.0,,,,,
dynamic,2,1,8,4.159602762858073,4.063500798543294,0.09610197325547536,3.9944682470957438,3.9944682470957438,0.0,1.0,1.0,80.0,0.0,0.0,,,,,
dynamic,2,1,9,4.058140137990316,3.9455958048502606,0.11254437724749247,3.8773487361272174,3.8773487361272174,0.0,1.0,1.0,90.0,0.0,0.0,,,,,
dynamic,2,1,10,3.9714711062113444,3.8322222518920896,0.13924882888793946,3.766964693069458,3.766964693069458,0.0,1.0,1.0,100.0,0.0,0.0,,,,,
dynamic,2,1,11,3.8931656551361082,3.7227809874216717,0.17038467526435852,3.6652990611394247,3.6652990611394247,0.0,1.0,1.0,110.0,0.0,0.0,,,,,
dynamic,2,1,12,3.8149690437316894,3.6222339407602946,0.1927350378036499,3.565957819620768,3.565957819620768,0.0,1.0,1.0,120.0,0.0,0.0,,,,,
dynamic,2,1,13,3.730178648630778,3.5263699754079183,0.20380868832270305,3.468696854909261,3.468696854909261,0.0,1.0,1.0,130.0,0.0,0.0,,,,,
dynamic,2,1,14,3.6172571722666422,3.4304568258921306,0.18680037677288056,3.3763271935780845,3.3763271935780845,0.0,1.0,1.0,140.0,0.0,0.0,,,,,
dynamic,2,1,15,3.487485138575236,3.339085855484009,0.14839928070704142,3.287259411811829,3.287259411811829,0.0,1.0,1.0,150.0,0.0,0.0,,,,,
dynamic,2,1,16,3.403139082590739,3.251978333791097,0.15116073409716288,3.2004642629623414,3.2004642629623414,0.0,1.0,1.0,160.0,0.0,0.0,,,,,
dynamic,2,1,17,3.3409680048624675,3.16477684656779,0.17619114418824514,3.11721971988678,3.11721971988678,0.0,1.0,1.0,170.0,0.0,0.0,,,,,
dynamic,2,1,18,3.2863695653279623,3.0832313760121663,0.20313819448153178,3.036978775660197,3.036978775660197,0.0,1.0,1.0,180.0,0.0,0.0,,,,,
dynamic,2,1,19,3.2320507748921714,3.0047510719299315,0.22729968746503193,2.961773393948873,2.961773393948873,0.0,1.0,1.0,190.0,0.0,0.0,,,,,
dynamic,2,1,20,3.1194336732228596,2.9318634478251138,0.187570241689682,2.888431213696798,2.888431213696798,0.0,1.0,1.0,200.0,0.0,0.0,,,,,
dynamic,2,1,21,3.0164459641774495,2.858503443400065,0.1579425311088562,2.818388965924581,2.818388965924581,0.0,1.0,1.0,210.0,201.0,1.0,1.3338093757629395,4.615778923034668,6.174473762512207,10.303565979003906,82.0
dynamic,2,1,22,2.95800835609436,2.7905069033304852,0.16750144759813945,2.7509499740600587,2.7509499740600587,0.0,1.0,1.0,220.0,201.0,1.0,1.3338093757629395,4.615778923034668,6.174473762512207,10.303565979003906,82.0
dynamic,2,1,23,2.9101637585957847,2.7242956574757895,0.18586809476216634,2.685794383684794,2.685794383684794,0.0,1.0,1.0,230.0,201.0,1.0,1.3338093757629395,4.615778923034668,6.174473762512207,10.303565979003906,82.0
dynamic,2,1,24,2.8706699784596763,2.659331523577372,0.21133848905563354,2.6233849859237672,2.6233849859237672,0.0,1.0,1.0,240.0,201.0,1.0,1.3338093757629395,4.615778923034668,6.174473762512207,10.303565979003906,82.0
dynamic,2,1,25,2.842911812464396,2.5981678009033202,0.2447440207004547,2.5633266178766885,2.5633266178766885,0.0,1.0,1.0,250.0,201.0,1.0,1.3338093757629395,4.615778923034668,6.174473762512207,10.303565979003906,82.0
dynamic,2,1,26,2.8307255268096925,2.5391182390848797,0.2916073075930278,2.5060791206359863,2.5060791206359863,0.0,1.0,1.0,260.0,201.0,1.0,1.3338093757629395,4.615778923034668,6.174473762512207,10.303565979003906,82.0
dynamic,2,1,27,2.8016152381896973,2.4820752239227293,0.3195400146643321,2.451192798614502,2.451192798614502,0.0,1.0,1.0,270.0,201.0,1.0,1.3338093757629395,4.615778923034668,6.174473762512207,10.303565979003906,82.0
dynamic,2,1,28,2.775981820424398,2.429447135925293,0.3465346976121267,2.4005700174967446,2.4005700174967446,0.0,1.0,1.0,280.0,201.0,1.0,1.3338093757629395,4.615778923034668,6.174473762512207,10.303565979003906,82.0
dynamic,2,1,29,2.7329128710428874,2.3792766030629475,0.35363627473513287,2.350340929031372,2.350340929031372,0.0,1.0,1.0,290.0,201.0,1.0,1.3338093757629395,4.615778923034668,6.174473762512207,10.303565979003906,82.0
dynamic,2,1,30,2.6970870685577393,2.3296225611368815,0.36746453483899433,2.301653019587199,2.301653019587199,0.0,1.0,1.0,300.0,201.0,1.0,1.3338093757629395,4.615778923034668,6.174473762512207,10.303565979003906,82.0
dynamic,2,1,31,2.4482017803192138,2.2039298248291015,0.24427199065685273,2.1595640341440836,2.1595640341440836,0.0,2.0,2.0,310.0,301.0,0.0,2.8604698181152344,7.722013473510742,13.370904922485352,43.249637603759766,115.0
dynamic,2,1,32,2.3211499881744384,2.138341813087463,0.18280818422635398,2.1158025074005127,2.1158025074005127,0.0,2.0,2.0,320.0,301.0,0.0,2.8604698181152344,7.722013473510742,13.370904922485352,43.249637603759766,115.0
dynamic,2,1,33,2.190286808013916,2.08381786664327,0.10646893421808878,2.073949089050293,2.073949089050293,0.0,2.0,2.0,330.0,301.0,0.0,2.8604698181152344,7.722013473510742,13.370904922485352,43.249637603759766,115.0
dynamic,2,1,34,2.105908063252767,2.034675331115723,0.0712327673037847,2.0104463545481366,2.0104463545481366,0.0,2.0,2.0,340.0,301.0,0.0,2.8604698181152344,7.722013473510742,13.370904922485352,43.249637603759766,115.0
dynamic,2,1,35,2.0345283444722493,1.9725745884577432,0.06195372740427653,1.9470248492558797,1.9470248492558797,0.0,2.0,2.0,350.0,301.0,0.0,2.8604698181152344,7.722013473510742,13.370904922485352,43.249637603759766,115.0
dynamic,2,1,36,1.980727367401123,1.9158390553792317,0.06488827248414357,1.908855889638265,1.908855889638265,0.0,2.0,2.0,360.0,301.0,0.0,2.8604698181152344,7.722013473510742,13.370904922485352,43.249637603759766,115.0
dynamic,2,1,37,1.9487635644276937,1.8548200178146361,0.09394355773925782,1.8239397446314494,1.8239397446314494,0.0,2.0,2.0,370.0,301.0,0.0,2.8604698181152344,7.722013473510742,13.370904922485352,43.249637603759766,115.0
dynamic,2,1,38,1.9157274627685548,1.7872533766428629,0.12847407937049865,1.7488929367065429,1.7488929367065429,0.0,2.0,2.0,380.0,301.0,0.0,2.8604698181152344,7.722013473510742,13.370904922485352,43.249637603759766,115.0
dynamic,2,1,39,1.8840149561564128,1.7073241758346558,0.17669079780578614,1.6646770970026652,1.6646770970026652,0.0,2.0,2.0,390.0,301.0,0.0,2.8604698181152344,7.722013473510742,13.370904922485352,43.249637603759766,115.0
dynamic,2,1,40,1.820546760559082,1.642163912455241,0.17838285207748414,1.5997591416041057,1.5997591416041057,0.0,2.0,2.0,400.0,301.0,0.0,2.8604698181152344,7.722013473510742,13.370904922485352,43.249637603759766,115.0
dynamic,2,1,41,1.7161651277542114,1.6055665763219198,0.11059853255748749,1.5473972940444947,1.5473972940444947,0.0,2.0,2.0,410.0,401.0,1.0,1.068453073501587,3.0612244606018066,4.466095447540283,12.160370826721191,69.0
dynamic,2,1,42,1.604114637374878,1.5451385752360025,0.05897605071465174,1.4886015844345093,1.4886015844345093,0.0,2.0,2.0,420.0,401.0,1.0,1.068453073501587,3.0612244606018066,4.466095447540283,12.160370826721191,69.0
dynamic,2,1,43,1.5032657114664714,1.4665591796239217,0.03670654277006785,1.439951426188151,1.439951426188151,0.0,2.0,2.0,430.0,401.0,1.0,1.068453073501587,3.0612244606018066,4.466095447540283,12.160370826721191,69.0
dynamic,2,1,44,1.4498650296529134,1.4186993630727132,0.031165662656227746,1.4097444423039753,1.4097444423039753,0.0,2.0,2.0,440.0,401.0,1.0,1.068453073501587,3.0612244606018066,4.466095447540283,12.160370826721191,69.0
dynamic,2,1,45,1.4311143493652343,1.3990729427337647,0.0320413912832737,1.364765944480896,1.364765944480896,0.0,2.0,2.0,450.0,401.0,1.0,1.068453073501587,3.0612244606018066,4.466095447540283,12.160370826721191,69.0
dynamic,2,1,46,1.3753193744023642,1.3465950759251912,0.02872429966926575,1.3103235292434692,1.3103235292434692,0.0,2.0,2.0,460.0,401.0,1.0,1.068453073501587,3.0612244606018066,4.466095447540283,12.160370826721191,69.0
dynamic,2,1,47,1.3181240844726563,1.2879165983200074,0.030207483023405077,1.2669216791788738,1.2669216791788738,0.0,2.0,2.0,470.0,401.0,1.0,1.068453073501587,3.0612244606018066,4.466095447540283,12.160370826721191,69.0
dynamic,2,1,48,1.2899067942301432,1.2553851588567098,0.03452164731919766,1.2314492321014405,1.2314492321014405,0.0,2.0,2.0,480.0,401.0,1.0,1.068453073501587,3.0612244606018066,4.466095447540283,12.160370826721191,69.0
dynamic,2,1,49,1.2668746169408163,1.2253459246953329,0.04152868991096814,1.202249428431193,1.202249428431193,0.0,2.0,2.0,490.0,401.0,1.0,1.068453073501587,3.0612244606018066,4.466095447540283,12.160370826721191,69.0
dynamic,2,1,50,1.2360725355148316,1.1928409767150878,0.043231553335984545,1.1832415310541788,1.1832415310541788,0.0,2.0,2.0,500.0,401.0,1.0,1.068453073501587,3.0612244606018066,4.466095447540283,12.160370826721191,69.0
dynamic,2,1,51,1.2131284729639689,1.1835740518569946,0.029554427762826282,1.1680605840682983,1.1680605840682983,0.0,3.0,3.0,510.0,501.0,0.0,0.3733852803707123,0.8935978412628174,1.3942135572433472,3.359874725341797,20.0
dynamic,2,1,52,1.172541610399882,1.1452280950546265,0.027313516040643058,1.120012226899465,1.120012226899465,0.0,3.0,3.0,520.0,501.0,0.0,0.3733852803707123,0.8935978412628174,1.3942135572433472,3.359874725341797,20.0
dynamic,2,1,53,1.1381156206130982,1.1134930658340454,0.024622563645243643,1.0934971674283345,1.0934971674283345,0.0,3.0,3.0,530.0,501.0,0.0,0.3733852803707123,0.8935978412628174,1.3942135572433472,3.359874725341797,20.0
dynamic,2,1,54,1.1114595317840577,1.0836545213063558,0.02780500610669454,1.073360804716746,1.073360804716746,0.0,3.0,3.0,540.0,501.0,0.0,0.3733852803707123,0.8935978412628174,1.3942135572433472,3.359874725341797,20.0
dynamic,2,1,55,1.0977961619695027,1.0719015582402547,0.025894609491030375,1.0580575609207152,1.0580575609207152,0.0,3.0,3.0,550.0,501.0,0.0,0.3733852803707123,0.8935978412628174,1.3942135572433472,3.359874725341797,20.0
dynamic,2,1,56,1.0594134124120076,1.0324691565831503,0.026944245398044585,1.0299915726979574,1.0299915726979574,0.0,3.0,3.0,560.0,501.0,0.0,0.3733852803707123,0.8935978412628174,1.3942135572433472,3.359874725341797,20.0
dynamic,2,1,57,1.0419525369008382,1.0132064159711203,0.02874612291653951,0.9940273149808247,0.9940273149808247,0.0,3.0,3.0,570.0,501.0,0.0,0.3733852803707123,0.8935978412628174,1.3942135572433472,3.359874725341797,20.0
dynamic,2,1,58,1.010921405951182,0.9837388412157695,0.02718256225188573,0.9712438861529032,0.9712438861529032,0.0,3.0,3.0,580.0,501.0,0.0,0.3733852803707123,0.8935978412628174,1.3942135572433472,3.359874725341797,20.0
dynamic,2,1,59,0.9874842357635498,0.9619133178393046,0.02557093103726705,0.9478120334943135,0.9478120334943135,0.0,3.0,3.0,590.0,501.0,0.0,0.3733852803707123,0.8935978412628174,1.3942135572433472,3.359874725341797,20.0
dynamic,2,1,60,0.9691442060470581,0.9434505637486775,0.025693647389610608,0.9251471590995789,0.9251471590995789,0.0,3.0,3.0,600.0,501.0,0.0,0.3733852803707123,0.8935978412628174,1.3942135572433472,3.359874725341797,20.0
dynamic,2,1,61,0.9443293960889181,0.9172375583648682,0.027091839959224064,0.9027239910761515,0.9027239910761515,0.0,3.0,3.0,610.0,601.0,0.0,0.19127678871154785,0.3647674322128296,0.7309900522232056,3.739954948425293,10.0
dynamic,2,1,62,0.937961061000824,0.9057057325045268,0.03225532988707225,0.8931154942512513,0.8931154942512513,0.0,3.0,3.0,620.0,601.0,0.0,0.19127678871154785,0.3647674322128296,0.7309900522232056,3.739954948425293,10.0
dynamic,2,1,63,0.908383866151174,0.8756672596931457,0.03271660655736923,0.8728878966967265,0.8728878966967265,0.0,3.0,3.0,630.0,601.0,0.0,0.19127678871154785,0.3647674322128296,0.7309900522232056,3.739954948425293,10.0
dynamic,2,1,64,0.8908067544301351,0.8608322405815124,0.029974511216084163,0.8684076229731242,0.8684076229731242,0.0,3.0,3.0,640.0,601.0,0.0,0.19127678871154785,0.3647674322128296,0.7309900522232056,3.739954948425293,10.0
dynamic,2,1,65,0.8773534695307413,0.8531813327471415,0.024172141949335733,0.8523652116457622,0.8523652116457622,0.0,3.0,3.0,650.0,601.0,0.0,0.19127678871154785,0.3647674322128296,0.7309900522232056,3.739954948425293,10.0
dynamic,2,1,66,0.8805032197634379,0.8590805983543396,0.021422627866268158,0.8351444331804911,0.8351444331804911,0.0,3.0,3.0,660.0,601.0,0.0,0.19127678871154785,0.3647674322128296,0.7309900522232056,3.739954948425293,10.0
dynamic,2,1,67,0.8519720260302226,0.8291212741533915,0.02285075550278028,0.8085257013638815,0.8085257013638815,0.0,3.0,3.0,670.0,601.0,0.0,0.19127678871154785,0.3647674322128296,0.7309900522232056,3.739954948425293,10.0
dynamic,2,1,68,0.8495586093266805,0.8224651233355205,0.02709347938497861,0.8001319138209025,0.8001319138209025,0.0,3.0,3.0,680.0,601.0,0.0,0.19127678871154785,0.3647674322128296,0.7309900522232056,3.739954948425293,10.0
dynamic,2,1,69,0.8430741397539775,0.8162799604733785,0.0267941781381766,0.7930824367205301,0.7930824367205301,0.0,3.0,3.0,690.0,601.0,0.0,0.19127678871154785,0.3647674322128296,0.7309900522232056,3.739954948425293,10.0
dynamic,2,1,70,0.8274201639493306,0.8028091621398926,0.024610989093780518,0.7897244517008464,0.7897244517008464,0.0,3.0,3.0,700.0,601.0,0.0,0.19127678871154785,0.3647674322128296,0.7309900522232056,3.739954948425293,10.0
dynamic,2,1,71,0.8314363169670105,0.8048444374402364,0.02659187600016594,0.7794260430335999,0.7794260430335999,0.0,3.0,3.0,710.0,701.0,0.0,0.20674178004264832,0.4888976812362671,0.9806199073791504,2.4397687911987305,12.0
dynamic,2,1,72,0.8064386725425721,0.7767485801378886,0.029690082023541134,0.7597659448782603,0.7597659448782603,0.0,3.0,3.0,720.0,701.0,0.0,0.20674178004264832,0.4888976812362671,0.9806199073791504,2.4397687911987305,12.0
dynamic,2,1,73,0.8012388594945272,0.7719864352544149,0.029252428313096365,0.7531671158472697,0.7531671158472697,0.0,3.0,3.0,730.0,701.0,0.0,0.20674178004264832,0.4888976812362671,0.9806199073791504,2.4397687911987305,12.0
dynamic,2,1,74,0.7770670445760092,0.750954666932424,0.026112381368875504,0.7488997515042622,0.7488997515042622,0.0,3.0,3.0,740.0,701.0,0.0,0.20674178004264832,0.4888976812362671,0.9806199073791504,2.4397687911987305,12.0
dynamic,2,1,75,0.7786180567741394,0.7488990767796835,0.029718990375598272,0.7361990690231324,0.7361990690231324,0.0,3.0,3.0,750.0,701.0,0.0,0.20674178004264832,0.4888976812362671,0.9806199073791504,2.4397687911987305,12.0
dynamic,2,1,76,0.7834699511528015,0.7553305021921793,0.028139457007249197,0.7290389625231425,0.7290389625231425,0.0,3.0,3.0,760.0,701.0,0.0,0.20674178004264832,0.4888976812362671,0.9806199073791504,2.4397687911987305,12.0
dynamic,2,1,77,0.7712962754567464,0.7429536811510722,0.028342589437961578,0.7232075556119283,0.7232075556119283,0.0,3.0,3.0,770.0,701.0,0.0,0.20674178004264832,0.4888976812362671,0.9806199073791504,2.4397687911987305,12.0
dynamic,2,1,78,0.752055287361145,0.72020183801651,0.03185344042877356,0.7157057253519694,0.7157057253519694,0.0,3.0,3.0,780.0,701.0,0.0,0.20674178004264832,0.4888976812362671,0.9806199073791504,2.4397687911987305,12.0
dynamic,2,1,79,0.7516397102673849,0.7195086693763733,0.032131046205759045,0.7103682510058085,0.7103682510058085,0.0,3.0,3.0,790.0,701.0,0.0,0.20674178004264832,0.4888976812362671,0.9806199073791504,2.4397687911987305,12.0
dynamic,2,1,80,0.7516251142819722,0.7195819075902303,0.032043213471770284,0.7057082573572795,0.7057082573572795,0.0,3.0,3.0,800.0,701.0,0.0,0.20674178004264832,0.4888976812362671,0.9806199073791504,2.4397687911987305,12.0
dynamic,2,1,81,0.7404558523495992,0.7089336768786112,0.03152217298746109,0.7140450024604797,0.7140450024604797,0.0,3.0,3.0,810.0,801.0,1.0,0.262446790933609,0.6284416317939758,1.4046748876571655,3.9929771423339844,17.0
dynamic,2,1,82,0.7433175460497539,0.7080558013916015,0.03526175126433372,0.7099488989512126,0.7099488989512126,0.0,3.0,3.0,820.0,801.0,1.0,0.262446790933609,0.6284416317939758,1.4046748876571655,3.9929771423339844,17.0
dynamic,2,1,83,0.7473627042770385,0.7118775447209676,0.03548514758547147,0.6874373968442281,0.6874373968442281,0.0,3.0,3.0,830.0,801.0,1.0,0.262446790933609,0.6284416317939758,1.4046748876571655,3.9929771423339844,17.0
dynamic,2,1,84,0.726477742989858,0.6911220097541809,0.03535573959350586,0.6890199891726176,0.6890199891726176,0.0,3.0,3.0,840.0,801.0,1.0,0.262446790933609,0.6284416317939758,1.4046748876571655,3.9929771423339844,17.0
dynamic,2,1,85,0.734052278995514,0.6985473561286927,0.035504926294088364,0.6791479881604513,0.6791479881604513,0.0,3.0,3.0,850.0,801.0,1.0,0.262446790933609,0.6284416317939758,1.4046748876571655,3.9929771423339844,17.0
dynamic,2,1,86,0.7228055127461751,0.6872471245129903,0.03555838753779729,0.6815224480628967,0.6815224480628967,0.0,3.0,3.0,860.0,801.0,1.0,0.262446790933609,0.6284416317939758,1.4046748876571655,3.9929771423339844,17.0
dynamic,2,1,87,0.7199869108200073,0.6811082156499227,0.03887868424256643,0.6813304428259531,0.6813304428259531,0.0,3.0,3.0,870.0,801.0,1.0,0.262446790933609,0.6284416317939758,1.4046748876571655,3.9929771423339844,17.0
dynamic,2,1,88,0.716322790781657,0.6768610922495524,0.039461699773867924,0.6683447766304016,0.6683447766304016,0.0,3.0,3.0,880.0,801.0,1.0,0.262446790933609,0.6284416317939758,1.4046748876571655,3.9929771423339844,17.0
dynamic,2,1,89,0.7253365230560302,0.6858794450759887,0.03945708394050598,0.6725660049915314,0.6725660049915314,0.0,3.0,3.0,890.0,801.0,1.0,0.262446790933609,0.6284416317939758,1.4046748876571655,3.9929771423339844,17.0
dynamic,2,1,90,0.7181122708320617,0.6775726286570231,0.040539645006259284,0.6616754114627839,0.6616754114627839,0.0,3.0,3.0,900.0,801.0,1.0,0.262446790933609,0.6284416317939758,1.4046748876571655,3.9929771423339844,17.0
dynamic,2,1,91,0.7126141722997029,0.6808520007133484,0.03176216304302216,0.6462890883286794,0.6462890883286794,0.0,4.0,4.0,910.0,901.0,0.0,0.3236132860183716,0.801171064376831,1.1137278079986572,2.5634613037109375,18.0
dynamic,2,1,92,0.6940231323242188,0.6582655056317648,0.0357576318581899,0.6331811567147573,0.6331811567147573,0.0,4.0,4.0,920.0,901.0,0.0,0.3236132860183716,0.801171064376831,1.1137278079986572,2.5634613037109375,18.0
dynamic,2,1,93,0.6863153600692748,0.6577167065938314,0.02859866661330064,0.634423342148463,0.634423342148463,0.0,4.0,4.0,930.0,901.0,0.0,0.3236132860183716,0.801171064376831,1.1137278079986572,2.5634613037109375,18.0
dynamic,2,1,94,0.686798612276713,0.6599650812149048,0.02683353453874588,0.6253639642397563,0.6253639642397563,0.0,4.0,4.0,940.0,901.0,0.0,0.3236132860183716,0.801171064376831,1.1137278079986572,2.5634613037109375,18.0
dynamic,2,1,95,0.6635713116327921,0.6382134858767191,0.02535782160858313,0.660603851477305,0.660603851477305,0.0,4.0,4.0,950.0,901.0,0.0,0.3236132860183716,0.801171064376831,1.1137278079986572,2.5634613037109375,18.0
dynamic,2,1,96,0.6841187556584676,0.6575562302271525,0.026562513162692387,0.6193647861480713,0.6193647861480713,0.0,4.0,4.0,960.0,901.0,0.0,0.3236132860183716,0.801171064376831,1.1137278079986572,2.5634613037109375,18.0
dynamic,2,1,97,0.6649939823150635,0.6396031928062439,0.025390797704458238,0.6076162683963776,0.6076162683963776,0.0,4.0,4.0,970.0,901.0,0.0,0.3236132860183716,0.801171064376831,1.1137278079986572,2.5634613037109375,18.0
dynamic,2,1,98,0.6522836089134216,0.6272451098759969,0.02503850112358729,0.6067273759841919,0.6067273759841919,0.0,4.0,4.0,980.0,901.0,0.0,0.3236132860183716,0.801171064376831,1.1137278079986572,2.5634613037109375,18.0
dynamic,2,1,99,0.6513202587763468,0.6266010292371114,0.024719220995903016,0.5950923911730448,0.5950923911730448,0.0,4.0,4.0,990.0,901.0,0.0,0.3236132860183716,0.801171064376831,1.1137278079986572,2.5634613037109375,18.0
dynamic,2,1,100,0.6511954991022746,0.6275782696406047,0.02361722712715467,0.5867292622725169,0.5867292622725169,0.0,4.0,4.0,1000.0,901.0,0.0,0.3236132860183716,0.801171064376831,1.1137278079986572,2.5634613037109375,18.0
dynamic,2,1,101,0.6519655664761861,0.6287990609804789,0.02316650261481603,0.5883644294738769,0.5883644294738769,0.0,4.0,4.0,1010.0,901.0,0.0,0.3236132860183716,0.801171064376831,1.1137278079986572,2.5634613037109375,18.0
dynamic,2,1,102,0.6152194484074911,0.5905712548891703,0.024648193915685016,0.5853454728921255,0.5853454728921255,0.0,4.0,4.0,1020.0,901.0,0.0,0.3236132860183716,0.801171064376831,1.1137278079986572,2.5634613037109375,18.0
dynamic,2,1,103,0.6226520824432373,0.6000850629806519,0.022567023659745854,0.5822881791989009,0.5822881791989009,0.0,4.0,4.0,1030.0,901.0,0.0,0.3236132860183716,0.801171064376831,1.1137278079986572,2.5634613037109375,18.0
dynamic,2,1,104,0.6255225602785747,0.6018417620658875,0.0236807897935311,0.5831908041238785,0.5831908041238785,0.0,4.0,4.0,1040.0,901.0,0.0,0.3236132860183716,0.801171064376831,1.1137278079986572,2.5634613037109375,18.0
dynamic,2,1,105,0.6068487926324209,0.582502864599228,0.02434591978788376,0.5713411535819372,0.5713411535819372,0.0,4.0,4.0,1050.0,901.0,0.0,0.3236132860183716,0.801171064376831,1.1137278079986572,2.5634613037109375,18.0
dynamic,2,1,106,0.6003947488466899,0.5781312545140584,0.022263492991526922,0.5741546209653219,0.5741546209653219,0.0,4.0,4.0,1060.0,901.0,0.0,0.3236132860183716,0.801171064376831,1.1137278079986572,2.5634613037109375,18.0
dynamic,2,1,107,0.5937727212905883,0.5699316040674846,0.023841119110584258,0.5617011642456055,0.5617011642456055,0.0,4.0,4.0,1070.0,901.0,0.0,0.3236132860183716,0.801171064376831,1.1137278079986572,2.5634613037109375,18.0
dynamic,2,1,108,0.5996924241383871,0.5760994342962901,0.02359299066166083,0.5572744832436244,0.5572744832436244,0.0,4.0,4.0,1080.0,901.0,0.0,0.3236132860183716,0.801171064376831,1.1137278079986572,2.5634613037109375,18.0
dynamic,2,1,109,0.6028432011604309,0.5786129562060038,0.024230236237247786,0.5707075142860413,0.5707075142860413,0.0,4.0,4.0,1090.0,901.0,0.0,0.3236132860183716,0.801171064376831,1.1137278079986572,2.5634613037109375,18.0
dynamic,2,1,110,0.579974619547526,0.557660216887792,0.022314406658212344,0.5490578484535217,0.5490578484535217,0.0,4.0,4.0,1100.0,901.0,0.0,0.3236132860183716,0.801171064376831,1.1137278079986572,2.5634613037109375,18.0
dynamic,2,1,111,0.593635360399882,0.5708799306551615,0.02275544062256813,0.55937388976415,0.55937388976415,0.0,4.0,4.0,1110.0,901.0,0.0,0.3236132860183716,0.801171064376831,1.1137278079986572,2.5634613037109375,18.0
dynamic,2,1,112,0.584240223566691,0.5590538191795349,0.02518640284736951,0.5374034788211187,0.5374034788211187,0.0,4.0,4.0,1120.0,901.0,0.0,0.3236132860183716,0.801171064376831,1.1137278079986572,2.5634613037109375,18.0
dynamic,2,1,113,0.564851237932841,0.5424092324574789,0.022442000408967336,0.5388924525181452,0.5388924525181452,0.0,4.0,4.0,1130.0,901.0,0.0,0.3236132860183716,0.801171064376831,1.1137278079986572,2.5634613037109375,18.0
dynamic,2,1,114,0.5815549230575562,0.5596494857470194,0.02190543790658315,0.5375787272055944,0.5375787272055944,0.0,4.0,4.0,1140.0,901.0,0.0,0.3236132860183716,0.801171064376831,1.1137278079986572,2.5634613037109375,18.0
dynamic,2,1,115,0.5718030166625977,0.5483013733228048,0.023501655360062917,0.5354290729761124,0.5354290729761124,0.0,4.0,4.0,1150.0,901.0,0.0,0.3236132860183716,0.801171064376831,1.1137278079986572,2.5634613037109375,18.0
dynamic,2,1,116,0.5636699287096659,0.5392756382624309,0.02439428895711899,0.5263451137145361,0.5263451137145361,0.0,4.0,4.0,1160.0,901.0,0.0,0.3236132860183716,0.801171064376831,1.1137278079986572,2.5634613037109375,18.0
dynamic,2,1,117,0.5784473538398742,0.5556529104709625,0.022794437830646833,0.5273304841915767,0.5273304841915767,0.0,4.0,4.0,1170.0,901.0,0.0,0.3236132860183716,0.801171064376831,1.1137278079986572,2.5634613037109375,18.0
dynamic,2,1,118,0.5728635934988657,0.5499363895257314,0.022927207176884016,0.527734219233195,0.527734219233195,0.0,4.0,4.0,1180.0,901.0,0.0,0.3236132860183716,0.801171064376831,1.1137278079986572,2.5634613037109375,18.0
dynamic,2,1,119,0.5509666975339254,0.527865956624349,0.02310074254870415,0.5265935571988424,0.5265935571988424,0.0,4.0,4.0,1190.0,901.0,0.0,0.3236132860183716,0.801171064376831,1.1137278079986572,2.5634613037109375,18.0
dynamic,2,1,120,0.5566712856292725,0.534470776716868,0.022200504541397093,0.5324681760867437,0.5324681760867437,0.0,4.0,4.0,1200.0,901.0,0.0,0.3236132860183716,0.801171064376831,1.1137278079986572,2.5634613037109375,18.0
dynamic,2,1,121,0.5522925078868866,0.5295590992768605,0.022733412037293118,0.5254231268167495,0.5254231268167495,0.0,4.0,4.0,1210.0,901.0,0.0,0.3236132860183716,0.801171064376831,1.1137278079986572,2.5634613037109375,18.0
dynamic,2,1,122,0.5505620908737182,0.527445158958435,0.02311693325638771,0.5169872949520747,0.5169872949520747,0.0,4.0,4.0,1220.0,901.0,0.0,0.3236132860183716,0.801171064376831,1.1137278079986572,2.5634613037109375,18.0
dynamic,2,1,123,0.5473051810264588,0.5228401148319244,0.02446507439017296,0.5180584255854289,0.5180584255854289,0.0,4.0,4.0,1230.0,901.0,0.0,0.3236132860183716,0.801171064376831,1.1137278079986572,2.5634613037109375,18.0
dynamic,2,1,124,0.5497573296229045,0.5242887194951376,0.02546861325701078,0.5179263065258662,0.5179263065258662,0.0,4.0,4.0,1240.0,901.0,0.0,0.3236132860183716,0.801171064376831,1.1137278079986572,2.5634613037109375,18.0
dynamic,2,1,125,0.542187598546346,0.5175906348228455,0.0245969661573569,0.5119553154706955,0.5119553154706955,0.0,4.0,4.0,1250.0,901.0,0.0,0.3236132860183716,0.801171064376831,1.1137278079986572,2.5634613037109375,18.0
dynamic,2,1,126,0.5350622268517812,0.5117277081807454,0.02333451693256696,0.5114680033922195,0.5114680033922195,0.0,4.0,4.0,1260.0,901.0,0.0,0.3236132860183716,0.801171064376831,1.1137278079986572,2.5634613037109375,18.0
dynamic,2,1,127,0.5312100752194723,0.5088521639506022,0.022357909232378004,0.5057753545045852,0.5057753545045852,0.0,4.0,4.0,1270.0,901.0,0.0,0.3236132860183716,0.801171064376831,1.1137278079986572,2.5634613037109375,18.0
dynamic,2,1,128,0.5408308021227519,0.5166120425860087,0.024218746821085612,0.5015866357088089,0.5015866357088089,0.0,4.0,4.0,1280.0,901.0,0.0,0.3236132860183716,0.801171064376831,1.1137278079986572,2.5634613037109375,18.0
dynamic,2,1,129,0.5397186191876729,0.5154775905609131,0.024241023163000742,0.49817344566186267,0.49817344566186267,0.0,4.0,4.0,1290.0,901.0,0.0,0.3236132860183716,0.801171064376831,1.1137278079986572,2.5634613037109375,18.0
dynamic,2,1,130,0.5342546161015829,0.5099643381436666,0.024290295069416365,0.4945454382896423,0.4945454382896423,0.0,4.0,4.0,1300.0,901.0,0.0,0.3236132860183716,0.801171064376831,1.1137278079986572,2.5634613037109375,18.0
dynamic,2,1,131,0.5339134013652802,0.5083236022790273,0.02558979295194149,0.4940135743220647,0.4940135743220647,0.0,4.0,4.0,1310.0,901.0,0.0,0.3236132860183716,0.801171064376831,1.1137278079986572,2.5634613037109375,18.0
dynamic,2,1,132,0.5322288266817728,0.5068765449523925,0.02535228004058202,0.4918426561355591,0.4918426561355591,0.0,4.0,4.0,1320.0,901.0,0.0,0.3236132860183716,0.801171064376831,1.1137278079986572,2.5634613037109375,18.0
dynamic,2,1,133,0.5314514271418254,0.5048679121335348,0.02658351679642995,0.49077596644560495,0.49077596644560495,0.0,4.0,4.0,1330.0,901.0,0.0,0.3236132860183716,0.801171064376831,1.1137278079986572,2.5634613037109375,18.0
dynamic,2,1,134,0.519957922299703,0.49326849619547525,0.026689428885777793,0.4888748089472453,0.4888748089472453,0.0,4.0,4.0,1340.0,901.0,0.0,0.3236132860183716,0.801171064376831,1.1137278079986572,2.5634613037109375,18.0
dynamic,2,1,135,0.5426050408681233,0.5174011079470316,0.025203940073649088,0.4852020436525345,0.4852020436525345,0.0,4.0,4.0,1350.0,901.0,0.0,0.3236132860183716,0.801171064376831,1.1137278079986572,2.5634613037109375,18.0
dynamic,2,1,136,0.5276883387565613,0.5011743386586507,0.02651399905482928,0.48481424848238625,0.48481424848238625,0.0,4.0,4.0,1360.0,901.0,0.0,0.3236132860183716,0.801171064376831,1.1137278079986572,2.5634613037109375,18.0
dynamic,2,1,137,0.5295386703809103,0.5039423362414042,0.025596337318420412,0.4802268775304159,0.4802268775304159,0.0,4.0,4.0,1370.0,901.0,0.0,0.3236132860183716,0.801171064376831,1.1137278079986572,2.5634613037109375,18.0
dynamic,2,1,138,0.5233549777666727,0.496496829589208,0.026858155479033786,0.48022394359111786,0.48022394359111786,0.0,4.0,4.0,1380.0,901.0,0.0,0.3236132860183716,0.801171064376831,1.1137278079986572,2.5634613037109375,18.0
dynamic,2,1,139,0.5167636060714722,0.4884825670719147,0.028281043693423272,0.4807368310292562,0.4807368310292562,0.0,4.0,4.0,1390.0,901.0,0.0,0.3236132860183716,0.801171064376831,1.1137278079986572,2.5634613037109375,18.0
dynamic,2,1,140,0.5167258564631144,0.4869981841246287,0.029727671841780344,0.47229645907878876,0.47229645907878876,0.0,4.0,4.0,1400.0,901.0,0.0,0.3236132860183716,0.801171064376831,1.1137278079986572,2.5634613037109375,18.0
dynamic,2,1,141,0.5092238815625508,0.47980642278989155,0.02941745698451996,0.47871281127134957,0.47871281127134957,0.0,4.0,4.0,1410.0,901.0,0.0,0.3236132860183716,0.801171064376831,1.1137278079986572,2.5634613037109375,18.0
dynamic,2,1,142,0.5179393728574117,0.48700543244679767,0.030933947364489237,0.4723142360647519,0.4723142360647519,0.0,4.0,4.0,1420.0,901.0,0.0,0.3236132860183716,0.801171064376831,1.1137278079986572,2.5634613037109375,18.0
dynamic,2,1,143,0.5070275990168254,0.47827636361122133,0.028751233071088792,0.47250019083420436,0.47250019083420436,0.0,4.0,4.0,1430.0,901.0,0.0,0.3236132860183716,0.801171064376831,1.1137278079986572,2.5634613037109375,18.0
dynamic,2,1,144,0.509260606765747,0.4814502247174581,0.027810382892688116,0.46551813622315724,0.46551813622315724,0.0,4.0,4.0,1440.0,901.0,0.0,0.3236132860183716,0.801171064376831,1.1137278079986572,2.5634613037109375,18.0
dynamic,2,1,145,0.5129452379544576,0.48419543425242106,0.028749809389313062,0.4595143299301465,0.4595143299301465,0.0,4.0,4.0,1450.0,901.0,0.0,0.3236132860183716,0.801171064376831,1.1137278079986572,2.5634613037109375,18.0
dynamic,2,1,146,0.5005604283014933,0.4728463037808736,0.027714124172925948,0.4691228104631106,0.4691228104631106,0.0,4.0,4.0,1460.0,901.0,0.0,0.3236132860183716,0.801171064376831,1.1137278079986572,2.5634613037109375,18.0
dynamic,2,1,147,0.5004815240701039,0.47186559398969014,0.028615920494000118,0.4602797821164131,0.4602797821164131,0.0,4.0,4.0,1470.0,901.0,0.0,0.3236132860183716,0.801171064376831,1.1137278079986572,2.5634613037109375,18.0
dynamic,2,1,148,0.497758731842041,0.46842005729675296,0.029338673800230027,0.4602495703101158,0.4602495703101158,0.0,4.0,4.0,1480.0,901.0,0.0,0.3236132860183716,0.801171064376831,1.1137278079986572,2.5634613037109375,18.0
dynamic,2,1,149,0.509378875096639,0.4786577037970225,0.0307211701075236,0.45796838581562044,0.45796838581562044,0.0,4.0,4.0,1490.0,901.0,0.0,0.3236132860183716,0.801171064376831,1.1137278079986572,2.5634613037109375,18.0
dynamic,2,1,150,0.4989926036198934,0.46786800980567933,0.031124597415328026,0.45214925438165665,0.45214925438165665,0.0,4.0,4.0,1500.0,901.0,0.0,0.3236132860183716,0.801171064376831,1.1137278079986572,2.5634613037109375,18.0
dynamic,2,1,151,0.48927302678426104,0.4591299013296763,0.030143117556969325,0.4530984730521838,0.4530984730521838,0.0,4.0,4.0,1510.0,901.0,0.0,0.3236132860183716,0.801171064376831,1.1137278079986572,2.5634613037109375,18.0
dynamic,2,1,152,0.4912988392512004,0.4599576226870219,0.0313412136832873,0.45298533827066423,0.45298533827066423,0.0,4.0,4.0,1520.0,901.0,0.0,0.3236132860183716,0.801171064376831,1.1137278079986572,2.5634613037109375,18.0
dynamic,2,1,153,0.4909151490529378,0.4608334759871165,0.03008166715502739,0.45290942629178366,0.45290942629178366,0.0,4.0,4.0,1530.0,901.0,0.0,0.3236132860183716,0.801171064376831,1.1137278079986572,2.5634613037109375,18.0
dynamic,2,1,154,0.4885606781641642,0.45971096833546954,0.028849709232648214,0.4455118152499199,0.4455118152499199,0.0,4.0,4.0,1540.0,901.0,0.0,0.3236132860183716,0.801171064376831,1.1137278079986572,2.5634613037109375,18.0
dynamic,2,1,155,0.49121482054392496,0.46238181670506795,0.028832996090253193,0.44024127840995786,0.44024127840995786,0.0,4.0,4.0,1550.0,901.0,0.0,0.3236132860183716,0.801171064376831,1.1137278079986572,2.5634613037109375,18.0
dynamic,2,1,156,0.49113221883773805,0.45947571674982707,0.03165650347868602,0.4473862601319949,0.4473862601319949,0.0,4.0,4.0,1560.0,901.0,0.0,0.3236132860183716,0.801171064376831,1.1137278079986572,2.5634613037109375,18.0
dynamic,2,1,157,0.4879589255650838,0.45696744004885353,0.03099148695667585,0.433523344596227,0.433523344596227,0.0,4.0,4.0,1570.0,901.0,0.0,0.3236132860183716,0.801171064376831,1.1137278079986572,2.5634613037109375,18.0
dynamic,2,1,158,0.47929400761922203,0.44708665092786154,0.03220735470453898,0.435866196056207,0.435866196056207,0.0,4.0,4.0,1580.0,901.0,0.0,0.3236132860183716,0.801171064376831,1.1137278079986572,2.5634613037109375,18.0
dynamic,2,1,159,0.491364909807841,0.4585213589668274,0.032843563159306845,0.4308444029092789,0.4308444029092789,0.0,4.0,4.0,1590.0,901.0,0.0,0.3236132860183716,0.801171064376831,1.1137278079986572,2.5634613037109375,18.0
dynamic,2,1,160,0.478294514020284,0.4457444202899933,0.032550092587868375,0.43438484023014706,0.43438484023014706,0.0,4.0,4.0,1600.0,901.0,0.0,0.3236132860183716,0.801171064376831,1.1137278079986572,2.5634613037109375,18.0
dynamic,2,1,161,0.4628565470377604,0.4320080041885376,0.030848541955153148,0.4293816017111142,0.4293816017111142,0.0,4.0,4.0,1610.0,901.0,0.0,0.3236132860183716,0.801171064376831,1.1137278079986572,2.5634613037109375,18.0
dynamic,2,1,162,0.46831018884976705,0.4352112917105357,0.03309890031814575,0.4304956782857577,0.4304956782857577,0.0,4.0,4.0,1620.0,901.0,0.0,0.3236132860183716,0.801171064376831,1.1137278079986572,2.5634613037109375,18.0
dynamic,2,1,163,0.4703580594062805,0.43703274528185526,0.03332531665762266,0.42261277814706166,0.42261277814706166,0.0,4.0,4.0,1630.0,901.0,0.0,0.3236132860183716,0.801171064376831,1.1137278079986572,2.5634613037109375,18.0
dynamic,2,1,164,0.4637543217341105,0.4307971103986104,0.03295721113681793,0.42327626874049507,0.42327626874049507,0.0,4.0,4.0,1640.0,901.0,0.0,0.3236132860183716,0.801171064376831,1.1137278079986572,2.5634613037109375,18.0
dynamic,2,1,165,0.46813764651616413,0.43370912194252015,0.03442852606376012,0.4180105895797412,0.4180105895797412,0.0,4.0,4.0,1650.0,901.0,0.0,0.3236132860183716,0.801171064376831,1.1137278079986572,2.5634613037109375,18.0
dynamic,2,1,166,0.4882823264598846,0.45071760535240174,0.03756471996506055,0.4183989980816841,0.4183989980816841,0.0,4.0,4.0,1660.0,901.0,0.0,0.3236132860183716,0.801171064376831,1.1137278079986572,2.5634613037109375,18.0
dynamic,2,1,167,0.4717082277933757,0.4365010571479797,0.03520716850956281,0.41724413881699246,0.41724413881699246,0.0,4.0,4.0,1670.0,901.0,0.0,0.3236132860183716,0.801171064376831,1.1137278079986572,2.5634613037109375,18.0
dynamic,2,1,168,0.47499497572580973,0.43872073411941526,0.03627424240112305,0.40449898958206176,0.40449898958206176,0.0,4.0,4.0,1680.0,901.0,0.0,0.3236132860183716,0.801171064376831,1.1137278079986572,2.5634613037109375,18.0
dynamic,2,1,169,0.45271892070770264,0.4185212484995524,0.034197674791018165,0.4304067653417587,0.4304067653417587,0.0,4.0,4.0,1690.0,901.0,0.0,0.3236132860183716,0.801171064376831,1.1137278079986572,2.5634613037109375,18.0
dynamic,2,1,170,0.46236870765686033,0.426744517882665,0.035624185055494306,0.40202068636814753,0.40202068636814753,0.0,4.0,4.0,1700.0,901.0,0.0,0.3236132860183716,0.801171064376831,1.1137278079986572,2.5634613037109375,18.0
dynamic,2,1,171,0.45439004302024844,0.419060093164444,0.03532994786898295,0.4015728255112966,0.4015728255112966,0.0,4.0,4.0,1710.0,901.0,0.0,0.3236132860183716,0.801171064376831,1.1137278079986572,2.5634613037109375,18.0
dynamic,2,1,172,0.458567803700765,0.42296291987101237,0.03560488075017929,0.40215342392524084,0.40215342392524084,0.0,4.0,4.0,1720.0,901.0,0.0,0.3236132860183716,0.801171064376831,1.1137278079986572,2.5634613037109375,18.0
dynamic,2,1,173,0.4573162190119425,0.4219834852218628,0.03533273726701736,0.41194622953732807,0.41194622953732807,0.0,4.0,4.0,1730.0,901.0,0.0,0.3236132860183716,0.801171064376831,1.1137278079986572,2.5634613037109375,18.0
dynamic,2,1,174,0.4534696896870931,0.41867483377456666,0.034794852038224536,0.39913301487763725,0.39913301487763725,0.0,4.0,4.0,1740.0,901.0,0.0,0.3236132860183716,0.801171064376831,1.1137278079986572,2.5634613037109375,18.0
dynamic,2,1,175,0.4391743842760722,0.40447036067644754,0.03470402161280314,0.3972279864549637,0.3972279864549637,0.0,4.0,4.0,1750.0,901.0,0.0,0.3236132860183716,0.801171064376831,1.1137278079986572,2.5634613037109375,18.0
dynamic,2,1,176,0.4514618770281474,0.41775486906369524,0.03370700140794118,0.40557669391234713,0.40557669391234713,0.0,4.0,4.0,1760.0,901.0,0.0,0.3236132860183716,0.801171064376831,1.1137278079986572,2.5634613037109375,18.0
dynamic,2,1,177,0.43812583446502684,0.40604743242263797,0.03207840661207835,0.40151080598433814,0.40151080598433814,0.0,4.0,4.0,1770.0,901.0,0.0,0.3236132860183716,0.801171064376831,1.1137278079986572,2.5634613037109375,18.0
dynamic,2,1,178,0.4446300649642944,0.4107694943745931,0.03386057163278262,0.40316920657952626,0.40316920657952626,0.0,4.0,4.0,1780.0,901.0,0.0,0.3236132860183716,0.801171064376831,1.1137278079986572,2.5634613037109375,18.0
dynamic,2,1,179,0.44007697304089866,0.4069452218214671,0.033131755391756695,0.4001952770352364,0.4001952770352364,0.0,4.0,4.0,1790.0,901.0,0.0,0.3236132860183716,0.801171064376831,1.1137278079986572,2.5634613037109375,18.0
dynamic,2,1,180,0.4531493139266968,0.41711547136306765,0.036033838838338855,0.38741884102423985,0.38741884102423985,0.0,4.0,4.0,1800.0,901.0,0.0,0.3236132860183716,0.801171064376831,1.1137278079986572,2.5634613037109375,18.0
dynamic,2,1,181,0.43232754230499265,0.3990982123215993,0.033229331622521084,0.3886052792270978,0.3886052792270978,0.0,4.0,4.0,1810.0,901.0,0.0,0.3236132860183716,0.801171064376831,1.1137278079986572,2.5634613037109375,18.0
dynamic,2,1,182,0.4332827476660411,0.4000014746189117,0.033281277120113376,0.40021499067544936,0.40021499067544936,0.0,4.0,4.0,1820.0,901.0,0.0,0.3236132860183716,0.801171064376831,1.1137278079986572,2.5634613037109375,18.0
dynamic,2,1,183,0.4393500280380249,0.40562379320462544,0.033726236820220946,0.3861518398920695,0.3861518398920695,0.0,4.0,4.0,1830.0,901.0,0.0,0.3236132860183716,0.801171064376831,1.1137278079986572,2.5634613037109375,18.0
dynamic,2,1,184,0.4230809390544891,0.3916387474536896,0.03144218886892001,0.38692600081364315,0.38692600081364315,0.0,4.0,4.0,1840.0,901.0,0.0,0.3236132860183716,0.801171064376831,1.1137278079986572,2.5634613037109375,18.0
dynamic,2,1,185,0.43201151172320046,0.39888341347376505,0.03312809601426125,0.38058831324179965,0.38058831324179965,0.0,4.0,4.0,1850.0,901.0,0.0,0.3236132860183716,0.801171064376831,1.1137278079986572,2.5634613037109375,18.0
dynamic,2,1,186,0.43349318742752074,0.4003461988766988,0.033146991382042565,0.3777721536159515,0.3777721536159515,0.0,4.0,4.0,1860.0,901.0,0.0,0.3236132860183716,0.801171064376831,1.1137278079986572,2.5634613037109375,18.0
dynamic,2,1,187,0.4175659143924713,0.38461563309033714,0.03295028209686279,0.38810301691293714,0.38810301691293714,0.0,4.0,4.0,1870.0,901.0,0.0,0.3236132860183716,0.801171064376831,1.1137278079986572,2.5634613037109375,18.0
dynamic,2,1,188,0.42219035267829896,0.3882761025428772,0.03391425222158432,0.37290416737397514,0.37290416737397514,0.0,4.0,4.0,1880.0,901.0,0.0,0.3236132860183716,0.801171064376831,1.1137278079986572,2.5634613037109375,18.0
dynamic,2,1,189,0.416508530775706,0.3832819072405497,0.03322662770748139,0.3738781933983167,0.3738781933983167,0.0,4.0,4.0,1890.0,901.0,0.0,0.3236132860183716,0.801171064376831,1.1137278079986572,2.5634613037109375,18.0
dynamic,2,1,190,0.41335361361503603,0.38003092288970947,0.03332268926004569,0.373078144689401,0.373078144689401,0.0,4.0,4.0,1900.0,901.0,0.0,0.3236132860183716,0.801171064376831,1.1137278079986572,2.5634613037109375,18.0
dynamic,2,1,191,0.4159218943119049,0.38217770218849184,0.033744198381900785,0.3671818940838178,0.3671818940838178,0.0,4.0,4.0,1910.0,901.0,0.0,0.3236132860183716,0.801171064376831,1.1137278079986572,2.5634613037109375,18.0
dynamic,2,1,192,0.4113879672686259,0.37913930813471475,0.03224866062402725,0.3696339237689972,0.3696339237689972,0.0,4.0,4.0,1920.0,901.0,0.0,0.3236132860183716,0.801171064376831,1.1137278079986572,2.5634613037109375,18.0
dynamic,2,1,193,0.4110343647003174,0.3759678836663564,0.0350664813319842,0.3738191662232081,0.3738191662232081,0.0,4.0,4.0,1930.0,901.0,0.0,0.3236132860183716,0.801171064376831,1.1137278079986572,2.5634613037109375,18.0
dynamic,2,1,194,0.4117533616224925,0.37653637846310933,0.03521697799364726,0.3579979642232259,0.3579979642232259,0.0,4.0,4.0,1940.0,901.0,0.0,0.3236132860183716,0.801171064376831,1.1137278079986572,2.5634613037109375,18.0
dynamic,2,1,195,0.4101588273048401,0.3759150024255117,0.03424382259448369,0.3630229246616363,0.3630229246616363,0.0,4.0,4.0,1950.0,901.0,0.0,0.3236132860183716,0.801171064376831,1.1137278079986572,2.5634613037109375,18.0
dynamic,2,1,196,0.4090150626500448,0.37376373648643496,0.035251325219869616,0.362445270717144,0.362445270717144,0.0,4.0,4.0,1960.0,901.0,0.0,0.3236132860183716,0.801171064376831,1.1137278079986572,2.5634613037109375,18.0
dynamic,2,1,197,0.4053773840268453,0.3723171095053355,0.03306027452150981,0.35783792078495025,0.35783792078495025,0.0,4.0,4.0,1970.0,901.0,0.0,0.3236132860183716,0.801171064376831,1.1137278079986572,2.5634613037109375,18.0
dynamic,2,1,198,0.40790282408396406,0.3746711115042369,0.03323171223203341,0.3499597041805585,0.3499597041805585,0.0,4.0,4.0,1980.0,901.0,0.0,0.3236132860183716,0.801171064376831,1.1137278079986572,2.5634613037109375,18.0
dynamic,2,1,199,0.41815440098444623,0.38357213338216145,0.03458226641019185,0.3656586433450381,0.3656586433450381,0.0,4.0,4.0,1990.0,901.0,0.0,0.3236132860183716,0.801171064376831,1.1137278079986572,2.5634613037109375,18.0
dynamic,2,1,200,0.41342120885849,0.37698232809702553,0.03643888339400291,0.3461290710171064,0.3461290710171064,0.0,4.0,4.0,2000.0,901.0,0.0,0.3236132860183716,0.801171064376831,1.1137278079986572,2.5634613037109375,18.0
dynamic,2,1,201,0.3954504958788554,0.3612006938457489,0.03424980233112971,0.3558863365650177,0.3558863365650177,0.0,4.0,4.0,2010.0,901.0,0.0,0.3236132860183716,0.801171064376831,1.1137278079986572,2.5634613037109375,18.0
dynamic,2,1,202,0.39946906646092734,0.36387067635854087,0.03559838871161143,0.3423308602968852,0.3423308602968852,0.0,4.0,4.0,2020.0,901.0,0.0,0.3236132860183716,0.801171064376831,1.1137278079986572,2.5634613037109375,18.0
dynamic,2,1,203,0.38250164270401,0.34770238200823467,0.03479925980170568,0.34613132908940314,0.34613132908940314,0.0,4.0,4.0,2030.0,901.0,0.0,0.3236132860183716,0.801171064376831,1.1137278079986572,2.5634613037109375,18.0
dynamic,2,1,204,0.3927483550707499,0.35529720266660053,0.03745114823182424,0.33892591347297035,0.33892591347297035,0.0,4.0,4.0,2040.0,901.0,0.0,0.3236132860183716,0.801171064376831,1.1137278079986572,2.5634613037109375,18.0
dynamic,2,1,205,0.3891789257526398,0.3544550931453705,0.03472383548816045,0.33556698749462766,0.33556698749462766,0.0,4.0,4.0,2050.0,901.0,0.0,0.3236132860183716,0.801171064376831,1.1137278079986572,2.5634613037109375,18.0
dynamic,2,1,206,0.3888960516452789,0.3523587346076965,0.03653731813033422,0.346421723117431,0.346421723117431,0.0,4.0,4.0,2060.0,901.0,0.0,0.3236132860183716,0.801171064376831,1.1137278079986572,2.5634613037109375,18.0
dynamic,2,1,207,0.37959399580955505,0.34348326206207275,0.03611073498924573,0.33123316874106723,0.33123316874106723,0.0,4.0,4.0,2070.0,901.0,0.0,0.3236132860183716,0.801171064376831,1.1137278079986572,2.5634613037109375,18.0
dynamic,2,1,208,0.39250630299250283,0.35483676711718243,0.03766953120628993,0.34450361867745716,0.34450361867745716,0.0,4.0,4.0,2080.0,901.0,0.0,0.3236132860183716,0.801171064376831,1.1137278079986572,2.5634613037109375,18.0
dynamic,2,1,209,0.3800132707754771,0.3437743977705638,0.036238878468672436,0.3353387315074603,0.3353387315074603,0.0,4.0,4.0,2090.0,901.0,0.0,0.3236132860183716,0.801171064376831,1.1137278079986572,2.5634613037109375,18.0
dynamic,2,1,210,0.3945849661032359,0.3566345218817393,0.03795044178764025,0.326628595640262,0.326628595640262,0.0,4.0,4.0,2100.0,901.0,0.0,0.3236132860183716,0.801171064376831,1.1137278079986572,2.5634613037109375,18.0
dynamic,2,1,211,0.3760000185171763,0.34086670796076457,0.03513330827156703,0.3333745593329271,0.3333745593329271,0.0,4.0,4.0,2110.0,901.0,0.0,0.3236132860183716,0.801171064376831,1.1137278079986572,2.5634613037109375,18.0
dynamic,2,1,212,0.37568533897399903,0.3389410595099131,0.036744284431139626,0.3427106806635857,0.3427106806635857,0.0,4.0,4.0,2120.0,901.0,0.0,0.3236132860183716,0.801171064376831,1.1137278079986572,2.5634613037109375,18.0
dynamic,2,1,213,0.3831970477104187,0.34436069130897523,0.03883635307351748,0.32765280331174534,0.32765280331174534,0.0,4.0,4.0,2130.0,901.0,0.0,0.3236132860183716,0.801171064376831,1.1137278079986572,2.5634613037109375,18.0
dynamic,2,1,214,0.37042243440945943,0.33327941576639813,0.03714301546414693,0.32337512756387393,0.32337512756387393,0.0,4.0,4.0,2140.0,901.0,0.0,0.3236132860183716,0.801171064376831,1.1137278079986572,2.5634613037109375,18.0
dynamic,2,1,215,0.3741324516137441,0.33811304767926537,0.036019405523935955,0.33505318661530814,0.33505318661530814,0.0,4.0,4.0,2150.0,901.0,0.0,0.3236132860183716,0.801171064376831,1.1137278079986572,2.5634613037109375,18.0
dynamic,2,1,216,0.3718790193398794,0.3337767338752747,0.038102280795574185,0.3233533314367135,0.3233533314367135,0.0,4.0,4.0,2160.0,901.0,0.0,0.3236132860183716,0.801171064376831,1.1137278079986572,2.5634613037109375,18.0
dynamic,2,1,217,0.3672076471646627,0.3313126281897227,0.03589501971999804,0.31492308850089706,0.31492308850089706,0.0,4.0,4.0,2170.0,901.0,0.0,0.3236132860183716,0.801171064376831,1.1137278079986572,2.5634613037109375,18.0
dynamic,2,1,218,0.36280447204907734,0.32537155826886494,0.03743291581670443,0.3326465393106143,0.3326465393106143,0.0,4.0,4.0,2180.0,901.0,0.0,0.3236132860183716,0.801171064376831,1.1137278079986572,2.5634613037109375,18.0
dynamic,2,1,219,0.37455857237180074,0.33684697151184084,0.03771160438656807,0.31106417511900264,0.31106417511900264,0.0,4.0,4.0,2190.0,901.0,0.0,0.3236132860183716,0.801171064376831,1.1137278079986572,2.5634613037109375,18.0
dynamic,2,1,220,0.3578416625658671,0.3225461928049723,0.035295469164848325,0.3081017728646596,0.3081017728646596,0.0,4.0,4.0,2200.0,901.0,0.0,0.3236132860183716,0.801171064376831,1.1137278079986572,2.5634613037109375,18.0
dynamic,2,1,221,0.363167686065038,0.3267633668581645,0.03640431741873423,0.3104957971473535,0.3104957971473535,0.0,4.0,4.0,2210.0,901.0,0.0,0.3236132860183716,0.801171064376831,1.1137278079986572,2.5634613037109375,18.0
dynamic,2,1,222,0.3522046709060669,0.3161484682559967,0.036056207716465,0.3361692179739475,0.3361692179739475,0.0,4.0,4.0,2220.0,901.0,0.0,0.3236132860183716,0.801171064376831,1.1137278079986572,2.5634613037109375,18.0
dynamic,2,1,223,0.370419944524765,0.3307288559277852,0.039691091875235236,0.3086496116220951,0.3086496116220951,0.0,4.0,4.0,2230.0,901.0,0.0,0.3236132860183716,0.801171064376831,1.1137278079986572,2.5634613037109375,18.0
dynamic,2,1,224,0.3494602370262146,0.31570913275082907,0.03375110472242038,0.31155522162715593,0.31155522162715593,0.0,4.0,4.0,2240.0,901.0,0.0,0.3236132860183716,0.801171064376831,1.1137278079986572,2.5634613037109375,18.0
dynamic,2,1,225,0.34079469005266827,0.307009303967158,0.033785381764173505,0.3021385430296262,0.3021385430296262,0.0,4.0,4.0,2250.0,901.0,0.0,0.3236132860183716,0.801171064376831,1.1137278079986572,2.5634613037109375,18.0
dynamic,2,1,226,0.3465327151616414,0.31177108724912006,0.034761629750331244,0.3069084567328294,0.3069084567328294,0.0,4.0,4.0,2260.0,901.0,0.0,0.3236132860183716,0.801171064376831,1.1137278079986572,2.5634613037109375,18.0
dynamic,2,1,227,0.35585023005803423,0.31941043575604755,0.036439797083536785,0.29596276476979255,0.29596276476979255,0.0,4.0,4.0,2270.0,901.0,0.0,0.3236132860183716,0.801171064376831,1.1137278079986572,2.5634613037109375,18.0
dynamic,2,1,228,0.3488177847862244,0.3132625734806061,0.035555211752653124,0.30304283792773884,0.30304283792773884,0.0,4.0,4.0,2280.0,901.0,0.0,0.3236132860183716,0.801171064376831,1.1137278079986572,2.5634613037109375,18.0
dynamic,2,1,229,0.337605588833491,0.3041820601622264,0.03342352559169134,0.2943251991271973,0.2943251991271973,0.0,4.0,4.0,2290.0,901.0,0.0,0.3236132860183716,0.801171064376831,1.1137278079986572,2.5634613037109375,18.0
dynamic,2,1,230,0.3324031043052673,0.300150861342748,0.032252242068449656,0.3063928925494353,0.3063928925494353,0.0,4.0,4.0,2300.0,901.0,0.0,0.3236132860183716,0.801171064376831,1.1137278079986572,2.5634613037109375,18.0
dynamic,2,1,231,0.35459137399991353,0.31690415501594543,0.03768722126881281,0.29623826215664545,0.29623826215664545,0.0,4.0,4.0,2310.0,901.0,0.0,0.3236132860183716,0.801171064376831,1.1137278079986572,2.5634613037109375,18.0
dynamic,2,1,232,0.340419636964798,0.3065082716941834,0.03391137331724167,0.2973449464639028,0.2973449464639028,0.0,4.0,4.0,2320.0,901.0,0.0,0.3236132860183716,0.801171064376831,1.1137278079986572,2.5634613037109375,18.0
dynamic,2,1,233,0.34543994108835857,0.3079159124692281,0.03752403005957603,0.2926446641484896,0.2926446641484896,0.0,4.0,4.0,2330.0,901.0,0.0,0.3236132860183716,0.801171064376831,1.1137278079986572,2.5634613037109375,18.0
dynamic,2,1,234,0.33336678743362425,0.30156195640563965,0.03180483261744181,0.31105480089783666,0.31105480089783666,0.0,4.0,4.0,2340.0,901.0,0.0,0.3236132860183716,0.801171064376831,1.1137278079986572,2.5634613037109375,18.0
dynamic,2,1,235,0.35713356177012123,0.3191123449802399,0.03802121758460999,0.2967973128457864,0.2967973128457864,0.0,4.0,4.0,2350.0,901.0,0.0,0.3236132860183716,0.801171064376831,1.1137278079986572,2.5634613037109375,18.0
dynamic,2,1,236,0.3216738466421763,0.28783570329348246,0.03383813848098119,0.2995384341975053,0.2995384341975053,0.0,4.0,4.0,2360.0,901.0,0.0,0.3236132860183716,0.801171064376831,1.1137278079986572,2.5634613037109375,18.0
dynamic,2,1,237,0.34905182401339213,0.31059603611628217,0.03845579197009404,0.28544761806726454,0.28544761806726454,0.0,4.0,4.0,2370.0,901.0,0.0,0.3236132860183716,0.801171064376831,1.1137278079986572,2.5634613037109375,18.0
dynamic,2,1,238,0.3323496162891388,0.29710080424944557,0.03524880712231,0.30874577720959984,0.30874577720959984,0.0,4.0,4.0,2380.0,901.0,0.0,0.3236132860183716,0.801171064376831,1.1137278079986572,2.5634613037109375,18.0
dynamic,2,1,239,0.3429342452685038,0.30601478775342306,0.0369194587568442,0.2856397681434949,0.2856397681434949,0.0,4.0,4.0,2390.0,901.0,0.0,0.3236132860183716,0.801171064376831,1.1137278079986572,2.5634613037109375,18.0
dynamic,2,1,240,0.3214202030499776,0.28877185503641767,0.03264834562937419,0.29271496295928956,0.29271496295928956,0.0,4.0,4.0,2400.0,901.0,0.0,0.3236132860183716,0.801171064376831,1.1137278079986572,2.5634613037109375,18.0
dynamic,2,1,241,0.3464390444755554,0.3079647437731425,0.03847430229187012,0.2814168354868889,0.2814168354868889,0.0,4.0,4.0,2410.0,901.0,0.0,0.3236132860183716,0.801171064376831,1.1137278079986572,2.5634613037109375,18.0
dynamic,2,1,242,0.3251661296685537,0.2892501970132192,0.03591593494017919,0.2772907659908136,0.2772907659908136,0.0,4.0,4.0,2420.0,901.0,0.0,0.3236132860183716,0.801171064376831,1.1137278079986572,2.5634613037109375,18.0
dynamic,2,1,243,0.3298983689149221,0.2937524123986562,0.036145958900451663,0.2891744839648406,0.2891744839648406,0.0,4.0,4.0,2430.0,901.0,0.0,0.3236132860183716,0.801171064376831,1.1137278079986572,2.5634613037109375,18.0
dynamic,2,1,244,0.3247176146507263,0.28925613125165306,0.03546148086587588,0.2750116506715616,0.2750116506715616,0.0,4.0,4.0,2440.0,901.0,0.0,0.3236132860183716,0.801171064376831,1.1137278079986572,2.5634613037109375,18.0
dynamic,2,1,245,0.31253005266189576,0.27887311895688377,0.033656931817531585,0.27919740065932275,0.27919740065932275,0.0,4.0,4.0,2450.0,901.0,0.0,0.3236132860183716,0.801171064376831,1.1137278079986572,2.5634613037109375,18.0
dynamic,2,1,246,0.32578764120737713,0.28828546663125354,0.03750217447678248,0.2907588161528111,0.2907588161528111,0.0,4.0,4.0,2460.0,901.0,0.0,0.3236132860183716,0.801171064376831,1.1137278079986572,2.5634613037109375,18.0
dynamic,2,1,247,0.3159802919626236,0.2807316430409749,0.035248648275931674,0.2733750203748544,0.2733750203748544,0.0,4.0,4.0,2470.0,901.0,0.0,0.3236132860183716,0.801171064376831,1.1137278079986572,2.5634613037109375,18.0
dynamic,2,1,248,0.32388468702634177,0.28887717207272845,0.035007513910532,0.270450326949358,0.270450326949358,0.0,4.0,4.0,2480.0,901.0,0.0,0.3236132860183716,0.801171064376831,1.1137278079986572,2.5634613037109375,18.0
dynamic,2,1,249,0.3061354168256124,0.27532231926918027,0.030813097208738326,0.2720624772707621,0.2720624772707621,0.0,4.0,4.0,2490.0,901.0,0.0,0.3236132860183716,0.801171064376831,1.1137278079986572,2.5634613037109375,18.0
dynamic,2,1,250,0.31807500958442686,0.283795801003774,0.03427920709053675,0.28727326199412345,0.28727326199412345,0.0,4.0,4.0,2500.0,901.0,0.0,0.3236132860183716,0.801171064376831,1.1137278079986572,2.5634613037109375,18.0
dynamic,2,1,251,0.3107054881254832,0.2766589566071828,0.034046533952156705,0.26685271059473353,0.26685271059473353,0.0,4.0,4.0,2510.0,901.0,0.0,0.3236132860183716,0.801171064376831,1.1137278079986572,2.5634613037109375,18.0
dynamic,2,1,252,0.30628543535868324,0.2728952674070994,0.03339016889532407,0.2695061655342579,0.2695061655342579,0.0,4.0,4.0,2520.0,901.0,0.0,0.3236132860183716,0.801171064376831,1.1137278079986572,2.5634613037109375,18.0
dynamic,2,1,253,0.31336885690689087,0.2796773099899292,0.03369154577453931,0.2722873654961586,0.2722873654961586,0.0,4.0,4.0,2530.0,901.0,0.0,0.3236132860183716,0.801171064376831,1.1137278079986572,2.5634613037109375,18.0
dynamic,2,1,254,0.3159162990252177,0.2801470732688904,0.03576922416687012,0.26229279468456906,0.26229279468456906,0.0,4.0,4.0,2540.0,901.0,0.0,0.3236132860183716,0.801171064376831,1.1137278079986572,2.5634613037109375,18.0
dynamic,2,1,255,0.2994157580534617,0.2673587131500244,0.03205704256892204,0.2610482796529929,0.2610482796529929,0.0,4.0,4.0,2550.0,901.0,0.0,0.3236132860183716,0.801171064376831,1.1137278079986572,2.5634613037109375,18.0
dynamic,2,1,256,0.3109979542096456,0.27296527902285256,0.03803267647822698,0.28036150788267455,0.28036150788267455,0.0,4.0,4.0,2560.0,901.0,0.0,0.3236132860183716,0.801171064376831,1.1137278079986572,2.5634613037109375,18.0
dynamic,2,1,257,0.3142870926856995,0.2767689065138499,0.03751818696657817,0.26989441429575284,0.26989441429575284,0.0,4.0,4.0,2570.0,901.0,0.0,0.3236132860183716,0.801171064376831,1.1137278079986572,2.5634613037109375,18.0
dynamic,2,1,258,0.3142230494817098,0.2768091823657354,0.037413870841264726,0.26743910734852155,0.26743910734852155,0.0,4.0,4.0,2580.0,901.0,0.0,0.3236132860183716,0.801171064376831,1.1137278079986572,2.5634613037109375,18.0
dynamic,2,1,259,0.3059607374668121,0.2699860386053721,0.03597470074892044,0.25984554449717207,0.25984554449717207,0.0,4.0,4.0,2590.0,901.0,0.0,0.3236132860183716,0.801171064376831,1.1137278079986572,2.5634613037109375,18.0
dynamic,2,1,260,0.307079797188441,0.2709325917561849,0.03614720821380615,0.2652583080033461,0.2652583080033461,0.0,4.0,4.0,2600.0,901.0,0.0,0.3236132860183716,0.801171064376831,1.1137278079986572,2.5634613037109375,18.0
dynamic,2,1,261,0.314423641761144,0.27817294279734295,0.03625070095062256,0.2658252161741257,0.2658252161741257,0.0,4.0,4.0,2610.0,901.0,0.0,0.3236132860183716,0.801171064376831,1.1137278079986572,2.5634613037109375,18.0
dynamic,2,1,262,0.3179527803262075,0.27986661076545716,0.03808617358406385,0.2530966960390409,0.2530966960390409,0.0,4.0,4.0,2620.0,901.0,0.0,0.3236132860183716,0.801171064376831,1.1137278079986572,2.5634613037109375,18.0
dynamic,2,1,263,0.2960154592990875,0.26026059488455455,0.035754863222440085,0.2593645137051741,0.2593645137051741,0.0,4.0,4.0,2630.0,901.0,0.0,0.3236132860183716,0.801171064376831,1.1137278079986572,2.5634613037109375,18.0
dynamic,2,1,264,0.3019721515973409,0.2660502938429515,0.03592185790340106,0.25324160342415175,0.25324160342415175,0.0,4.0,4.0,2640.0,901.0,0.0,0.3236132860183716,0.801171064376831,1.1137278079986572,2.5634613037109375,18.0
dynamic,2,1,265,0.295846004486084,0.2609165108203888,0.0349294963479042,0.2509818781912327,0.2509818781912327,0.0,4.0,4.0,2650.0,901.0,0.0,0.3236132860183716,0.801171064376831,1.1137278079986572,2.5634613037109375,18.0
dynamic,2,1,266,0.2999073664347331,0.2637109013398488,0.03619646449883779,0.26390041420857113,0.26390041420857113,0.0,4.0,4.0,2660.0,901.0,0.0,0.3236132860183716,0.801171064376831,1.1137278079986572,2.5634613037109375,18.0
dynamic,2,1,267,0.31203590949376425,0.27402240931987765,0.038013505041599276,0.2511913029104471,0.2511913029104471,0.0,4.0,4.0,2670.0,901.0,0.0,0.3236132860183716,0.801171064376831,1.1137278079986572,2.5634613037109375,18.0
dynamic,2,1,268,0.2907526425520579,0.25643560707569124,0.034317035575707755,0.2476045444359382,0.2476045444359382,0.0,4.0,4.0,2680.0,901.0,0.0,0.3236132860183716,0.801171064376831,1.1137278079986572,2.5634613037109375,18.0
dynamic,2,1,269,0.30091742912928265,0.2643260125319163,0.03659141957759857,0.25055022853116193,0.25055022853116193,0.0,4.0,4.0,2690.0,901.0,0.0,0.3236132860183716,0.801171064376831,1.1137278079986572,2.5634613037109375,18.0
dynamic,2,1,270,0.3165847233931224,0.27573028206825256,0.04085444276531537,0.24692672895888487,0.24692672895888487,0.0,4.0,4.0,2700.0,901.0,0.0,0.3236132860183716,0.801171064376831,1.1137278079986572,2.5634613037109375,18.0
dynamic,2,1,271,0.2820853877067566,0.24825860222180685,0.033826790650685626,0.2570640011628469,0.2570640011628469,0.0,4.0,4.0,2710.0,901.0,0.0,0.3236132860183716,0.801171064376831,1.1137278079986572,2.5634613037109375,18.0
dynamic,2,1,272,0.30161438981691996,0.2632363712787628,0.03837801511089007,0.24311445576449237,0.24311445576449237,0.0,4.0,4.0,2720.0,901.0,0.0,0.3236132860183716,0.801171064376831,1.1137278079986572,2.5634613037109375,18.0
dynamic,2,1,273,0.28943029840787254,0.25412835041681925,0.035301952411731084,0.27090648462375005,0.27090648462375005,0.0,4.0,4.0,2730.0,901.0,0.0,0.3236132860183716,0.801171064376831,1.1137278079986572,2.5634613037109375,18.0
dynamic,2,1,274,0.30931772152582804,0.2681868068377177,0.0411309140920639,0.24426371298730373,0.24426371298730373,0.0,4.0,4.0,2740.0,901.0,0.0,0.3236132860183716,0.801171064376831,1.1137278079986572,2.5634613037109375,18.0
dynamic,2,1,275,0.298013166586558,0.25722034931182863,0.040792818466822305,0.24550390844543776,0.24550390844543776,0.0,4.0,4.0,2750.0,901.0,0.0,0.3236132860183716,0.801171064376831,1.1137278079986572,2.5634613037109375,18.0
dynamic,2,1,276,0.29987783590952555,0.26001022140185037,0.03986761877934138,0.24222572175165016,0.24222572175165016,0.0,4.0,4.0,2760.0,901.0,0.0,0.3236132860183716,0.801171064376831,1.1137278079986572,2.5634613037109375,18.0
dynamic,2,1,277,0.28232076168060305,0.24673883974552155,0.03558191984891892,0.23847465691467126,0.23847465691467126,0.0,4.0,4.0,2770.0,901.0,0.0,0.3236132860183716,0.801171064376831,1.1137278079986572,2.5634613037109375,18.0
dynamic,2,1,278,0.28956870953241987,0.252153124610583,0.03741558715701103,0.23947744148472944,0.23947744148472944,0.0,4.0,4.0,2780.0,901.0,0.0,0.3236132860183716,0.801171064376831,1.1137278079986572,2.5634613037109375,18.0
dynamic,2,1,279,0.28985156695048014,0.25259270270665485,0.03725886190931002,0.27613562643527984,0.27613562643527984,0.0,4.0,4.0,2790.0,901.0,0.0,0.3236132860183716,0.801171064376831,1.1137278079986572,2.5634613037109375,18.0
dynamic,2,1,280,0.3054184937477112,0.26518717964490257,0.04023131584127744,0.23807908897598584,0.23807908897598584,0.0,4.0,4.0,2800.0,901.0,0.0,0.3236132860183716,0.801171064376831,1.1137278079986572,2.5634613037109375,18.0
dynamic,2,1,281,0.2928572607040405,0.2545772296190262,0.03828003431359927,0.23815833854178586,0.23815833854178586,0.0,4.0,4.0,2810.0,901.0,0.0,0.3236132860183716,0.801171064376831,1.1137278079986572,2.5634613037109375,18.0
dynamic,2,1,282,0.27173380891482035,0.23822425365447997,0.03350955431660017,0.2368883641064167,0.2368883641064167,0.0,4.0,4.0,2820.0,901.0,0.0,0.3236132860183716,0.801171064376831,1.1137278079986572,2.5634613037109375,18.0
dynamic,2,1,283,0.2757286667823792,0.24015774408976237,0.035570924580097196,0.26190538244942824,0.26190538244942824,0.0,4.0,4.0,2830.0,901.0,0.0,0.3236132860183716,0.801171064376831,1.1137278079986572,2.5634613037109375,18.0
dynamic,2,1,284,0.2937574815750122,0.25416233619054157,0.03959515199065208,0.23890063628554345,0.23890063628554345,0.0,4.0,4.0,2840.0,901.0,0.0,0.3236132860183716,0.801171064376831,1.1137278079986572,2.5634613037109375,18.0
dynamic,2,1,285,0.2905877661705017,0.25055244127909343,0.04003532290458679,0.23247405330340068,0.23247405330340068,0.0,4.0,4.0,2850.0,901.0,0.0,0.3236132860183716,0.801171064376831,1.1137278079986572,2.5634613037109375,18.0
dynamic,2,1,286,0.2811197996139526,0.24311695714791615,0.03800284594297409,0.2800841930260261,0.2800841930260261,0.0,4.0,4.0,2860.0,901.0,0.0,0.3236132860183716,0.801171064376831,1.1137278079986572,2.5634613037109375,18.0
dynamic,2,1,287,0.29578925371170045,0.2565531319379806,0.03923612390955289,0.227872060512503,0.227872060512503,0.0,4.0,4.0,2870.0,901.0,0.0,0.3236132860183716,0.801171064376831,1.1137278079986572,2.5634613037109375,18.0
dynamic,2,1,288,0.2721576217810313,0.23782751739025115,0.03433010190725327,0.2419016763319572,0.2419016763319572,0.0,4.0,4.0,2880.0,901.0,0.0,0.3236132860183716,0.801171064376831,1.1137278079986572,2.5634613037109375,18.0
dynamic,2,1,289,0.26266515731811524,0.22881597022215525,0.033849190771579746,0.27934699416160585,0.27934699416160585,0.0,4.0,4.0,2890.0,901.0,0.0,0.3236132860183716,0.801171064376831,1.1137278079986572,2.5634613037109375,18.0
dynamic,2,1,290,0.2969863247871399,0.25786181608835856,0.03912450994054476,0.22601412303745747,0.22601412303745747,0.0,4.0,4.0,2900.0,901.0,0.0,0.3236132860183716,0.801171064376831,1.1137278079986572,2.5634613037109375,18.0
dynamic,2,1,291,0.274526481628418,0.23896309614181518,0.0355633865793546,0.23863417898615202,0.23863417898615202,0.0,4.0,4.0,2910.0,901.0,0.0,0.3236132860183716,0.801171064376831,1.1137278079986572,2.5634613037109375,18.0
dynamic,2,1,292,0.2896965865294139,0.24751714368661246,0.042179443488518396,0.22430486924946308,0.22430486924946308,0.0,4.0,4.0,2920.0,901.0,0.0,0.3236132860183716,0.801171064376831,1.1137278079986572,2.5634613037109375,18.0
dynamic,2,1,293,0.2592855413754781,0.22794992208480835,0.03133561839660009,0.22488693644603094,0.22488693644603094,0.0,4.0,4.0,2930.0,901.0,0.0,0.3236132860183716,0.801171064376831,1.1137278079986572,2.5634613037109375,18.0
dynamic,2,1,294,0.2829793977737427,0.24543275594711303,0.037546643018722535,0.23056002259254454,0.23056002259254454,0.0,4.0,4.0,2940.0,901.0,0.0,0.3236132860183716,0.801171064376831,1.1137278079986572,2.5634613037109375,18.0
dynamic,2,1,295,0.273687243660291,0.2367787629365921,0.03690848136941592,0.2220531013607979,0.2220531013607979,0.0,4.0,4.0,2950.0,901.0,0.0,0.3236132860183716,0.801171064376831,1.1137278079986572,2.5634613037109375,18.0
dynamic,2,1,296,0.271410271525383,0.2343594342470169,0.0370508348941803,0.2391134649515152,0.2391134649515152,0.0,4.0,4.0,2960.0,901.0,0.0,0.3236132860183716,0.801171064376831,1.1137278079986572,2.5634613037109375,18.0
dynamic,2,1,297,0.26544938604036966,0.2305640951792399,0.034885290960470834,0.26021071163316567,0.26021071163316567,0.0,4.0,4.0,2970.0,901.0,0.0,0.3236132860183716,0.801171064376831,1.1137278079986572,2.5634613037109375,18.0
dynamic,2,1,298,0.2947753596305847,0.25375746071338656,0.041017902940511705,0.23339957950015863,0.23339957950015863,0.0,4.0,4.0,2980.0,901.0,0.0,0.3236132860183716,0.801171064376831,1.1137278079986572,2.5634613037109375,18.0
dynamic,2,1,299,0.27599921147028605,0.2367711293697357,0.039228085875511166,0.2270912279188633,0.2270912279188633,0.0,4.0,4.0,2990.0,901.0,0.0,0.3236132860183716,0.801171064376831,1.1137278079986572,2.5634613037109375,18.0
dynamic,2,1,300,0.26550790111223854,0.22860152999560038,0.03690637285510699,0.21648635648190975,0.21648635648190975,0.0,4.0,4.0,3000.0,901.0,0.0,0.3236132860183716,0.801171064376831,1.1137278079986572,2.5634613037109375,18.0
dynamic,2,1,301,0.2662155250708262,0.22914083123207094,0.03707469552755356,0.22086811944842338,0.22086811944842338,0.0,4.0,4.0,3010.0,901.0,0.0,0.3236132860183716,0.801171064376831,1.1137278079986572,2.5634613037109375,18.0
dynamic,2,1,302,0.27846260905265807,0.23737340966860454,0.04108920206626256,0.22126495383679867,0.22126495383679867,0.0,4.0,4.0,3020.0,901.0,0.0,0.3236132860183716,0.801171064376831,1.1137278079986572,2.5634613037109375,18.0
dynamic,2,1,303,0.2780105968316396,0.2368135607242584,0.041197032034397126,0.21545194116731484,0.21545194116731484,0.0,4.0,4.0,3030.0,901.0,0.0,0.3236132860183716,0.801171064376831,1.1137278079986572,2.5634613037109375,18.0
dynamic,2,1,304,0.2695500675837199,0.23054967184861502,0.039000395586093264,0.21146095626056194,0.21146095626056194,0.0,4.0,4.0,3040.0,901.0,0.0,0.3236132860183716,0.801171064376831,1.1137278079986572,2.5634613037109375,18.0
dynamic,2,1,305,0.26469380060831704,0.22785707771778108,0.036836725076039634,0.2523342967778444,0.2523342967778444,0.0,4.0,4.0,3050.0,901.0,0.0,0.3236132860183716,0.801171064376831,1.1137278079986572,2.5634613037109375,18.0
dynamic,2,1,306,0.2740746235847473,0.23433794776598613,0.03973667671283086,0.21539354585111142,0.21539354585111142,0.0,4.0,4.0,3060.0,901.0,0.0,0.3236132860183716,0.801171064376831,1.1137278079986572,2.5634613037109375,18.0
dynamic,2,1,307,0.2645396101474762,0.22572456498940785,0.03881504322091738,0.25183649830520155,0.25183649830520155,0.0,4.0,4.0,3070.0,901.0,0.0,0.3236132860183716,0.801171064376831,1.1137278079986572,2.5634613037109375,18.0
dynamic,2,1,308,0.2709710494677226,0.2318633230527242,0.03910772696137428,0.23528831916550796,0.23528831916550796,0.0,4.0,4.0,3080.0,901.0,0.0,0.3236132860183716,0.801171064376831,1.1137278079986572,2.5634613037109375,18.0
dynamic,2,1,309,0.2632599254449209,0.22520535588264465,0.038054570257663727,0.26278266571462155,0.26278266571462155,0.0,4.0,4.0,3090.0,901.0,0.0,0.3236132860183716,0.801171064376831,1.1137278079986572,2.5634613037109375,18.0
dynamic,2,1,310,0.29324994881947836,0.2492533870538076,0.0439965661863486,0.21793980742494265,0.21793980742494265,0.0,4.0,4.0,3100.0,901.0,0.0,0.3236132860183716,0.801171064376831,1.1137278079986572,2.5634613037109375,18.0
dynamic,2,1,311,0.26004268010457354,0.2222762405872345,0.03776643355687459,0.21495966357489427,0.21495966357489427,0.0,4.0,4.0,3110.0,901.0,0.0,0.3236132860183716,0.801171064376831,1.1137278079986572,2.5634613037109375,18.0
dynamic,2,1,312,0.26461718599001566,0.22732059637705485,0.037296590904394786,0.20729829204579195,0.20729829204579195,0.0,4.0,4.0,3120.0,901.0,0.0,0.3236132860183716,0.801171064376831,1.1137278079986572,2.5634613037109375,18.0
dynamic,2,1,313,0.25234657963116963,0.21597701211770376,0.03636956835786501,0.2407197761287292,0.2407197761287292,0.0,4.0,4.0,3130.0,901.0,0.0,0.3236132860183716,0.801171064376831,1.1137278079986572,2.5634613037109375,18.0
dynamic,2,1,314,0.2788763483365377,0.23682960351308188,0.04204674392938614,0.20693286980191866,0.20693286980191866,0.0,4.0,4.0,3140.0,901.0,0.0,0.3236132860183716,0.801171064376831,1.1137278079986572,2.5634613037109375,18.0
dynamic,2,1,315,0.24972040394941966,0.21206317206223807,0.03765723124146461,0.20565327542523543,0.20565327542523543,0.0,4.0,4.0,3150.0,901.0,0.0,0.3236132860183716,0.801171064376831,1.1137278079986572,2.5634613037109375,18.0
dynamic,2,1,316,0.2548536396026611,0.2170168916384379,0.03783674523234368,0.21332818587621052,0.21332818587621052,0.0,4.0,4.0,3160.0,901.0,0.0,0.3236132860183716,0.801171064376831,1.1137278079986572,2.5634613037109375,18.0
dynamic,2,1,317,0.2554665430386861,0.21838075498739878,0.03708578964074453,0.20716248147189617,0.20716248147189617,0.0,4.0,4.0,3170.0,901.0,0.0,0.3236132860183716,0.801171064376831,1.1137278079986572,2.5634613037109375,18.0
dynamic,2,1,318,0.26403696815172834,0.2247060066461563,0.0393309623003006,0.21351633926232655,0.21351633926232655,0.0,4.0,4.0,3180.0,901.0,0.0,0.3236132860183716,0.801171064376831,1.1137278079986572,2.5634613037109375,18.0
dynamic,2,1,319,0.250377609928449,0.21457629680633544,0.03580131217837334,0.21745980076491833,0.21745980076491833,0.0,4.0,4.0,3190.0,901.0,0.0,0.3236132860183716,0.801171064376831,1.1137278079986572,2.5634613037109375,18.0
dynamic,2,1,320,0.24065704822540282,0.20562416096528371,0.03503288721044858,0.24742517329752445,0.24742517329752445,0.0,4.0,4.0,3200.0,901.0,0.0,0.3236132860183716,0.801171064376831,1.1137278079986572,2.5634613037109375,18.0
dynamic,2,1,321,0.26889619449774427,0.22646632651487986,0.04242986917495727,0.20437611274421216,0.20437611274421216,0.0,4.0,4.0,3210.0,901.0,0.0,0.3236132860183716,0.801171064376831,1.1137278079986572,2.5634613037109375,18.0
dynamic,2,1,322,0.26282939831415814,0.22059995770454408,0.04222944065928459,0.2037881641338269,0.2037881641338269,0.0,4.0,4.0,3220.0,901.0,0.0,0.3236132860183716,0.801171064376831,1.1137278079986572,2.5634613037109375,18.0
dynamic,2,1,323,0.2454653565088908,0.2084815728664398,0.03698378304640452,0.19865955082078776,0.19865955082078776,0.0,4.0,4.0,3230.0,901.0,0.0,0.3236132860183716,0.801171064376831,1.1137278079986572,2.5634613037109375,18.0
dynamic,2,1,324,0.24015087882677713,0.20548197706540425,0.03466890146334966,0.22856562274197736,0.22856562274197736,0.0,4.0,4.0,3240.0,901.0,0.0,0.3236132860183716,0.801171064376831,1.1137278079986572,2.5634613037109375,18.0
dynamic,2,1,325,0.27195729851722716,0.23226225356260935,0.039695040037234626,0.20957508203883965,0.20957508203883965,0.0,4.0,4.0,3250.0,901.0,0.0,0.3236132860183716,0.801171064376831,1.1137278079986572,2.5634613037109375,18.0
dynamic,2,1,326,0.2538455212116241,0.21531968156496684,0.0385258420308431,0.21261052233477434,0.21261052233477434,0.0,4.0,4.0,3260.0,901.0,0.0,0.3236132860183716,0.801171064376831,1.1137278079986572,2.5634613037109375,18.0
dynamic,2,1,327,0.27145848512649534,0.22904679377873738,0.0424116916457812,0.197516869554917,0.197516869554917,0.0,4.0,4.0,3270.0,901.0,0.0,0.3236132860183716,0.801171064376831,1.1137278079986572,2.5634613037109375,18.0
dynamic,2,1,328,0.26392438769340515,0.21880044768253962,0.045123938272396726,0.20874676339328288,0.20874676339328288,0.0,4.0,4.0,3280.0,901.0,0.0,0.3236132860183716,0.801171064376831,1.1137278079986572,2.5634613037109375,18.0
dynamic,2,1,329,0.2580269485712051,0.21594003677368165,0.04208691403269768,0.19552129782736302,0.19552129782736302,0.0,4.0,4.0,3290.0,901.0,0.0,0.3236132860183716,0.801171064376831,1.1137278079986572,2.5634613037109375,18.0
dynamic,2,1,330,0.23993363777796428,0.20274233678976694,0.037191303173700965,0.2022462226698796,0.2022462226698796,0.0,4.0,4.0,3300.0,901.0,0.0,0.3236132860183716,0.801171064376831,1.1137278079986572,2.5634613037109375,18.0
dynamic,2,1,331,0.25462217450141905,0.21743962208429973,0.03718255480130513,0.21742800913751126,0.21742800913751126,0.0,4.0,4.0,3310.0,901.0,0.0,0.3236132860183716,0.801171064376831,1.1137278079986572,2.5634613037109375,18.0
dynamic,2,1,332,0.24315592209498088,0.20651664853096008,0.036639273663361865,0.193710212012132,0.193710212012132,0.0,4.0,4.0,3320.0,901.0,0.0,0.3236132860183716,0.801171064376831,1.1137278079986572,2.5634613037109375,18.0
dynamic,2,1,333,0.2588666594028473,0.21895012497901917,0.03991653839747111,0.2205584608266751,0.2205584608266751,0.0,4.0,4.0,3330.0,901.0,0.0,0.3236132860183716,0.801171064376831,1.1137278079986572,2.5634613037109375,18.0
dynamic,2,1,334,0.2430011741320292,0.20833223720391592,0.03466894100109736,0.1943366048236688,0.1943366048236688,0.0,4.0,4.0,3340.0,901.0,0.0,0.3236132860183716,0.801171064376831,1.1137278079986572,2.5634613037109375,18.0
dynamic,2,1,335,0.24494145154953004,0.20898285349210102,0.03595859706401825,0.20178989080091317,0.20178989080091317,0.0,4.0,4.0,3350.0,901.0,0.0,0.3236132860183716,0.801171064376831,1.1137278079986572,2.5634613037109375,18.0
dynamic,2,1,336,0.23472947597503663,0.19718690117200216,0.03754257544875145,0.19844030934075516,0.19844030934075516,0.0,4.0,4.0,3360.0,901.0,0.0,0.3236132860183716,0.801171064376831,1.1137278079986572,2.5634613037109375,18.0
dynamic,2,1,337,0.24300671180089314,0.20489765346050262,0.038109055012464525,0.24961492627859116,0.24961492627859116,0.0,4.0,4.0,3370.0,901.0,0.0,0.3236132860183716,0.801171064376831,1.1137278079986572,2.5634613037109375,18.0
dynamic,2,1,338,0.26171717325846355,0.22016796886920928,0.041549210548400876,0.1895246843000253,0.1895246843000253,0.0,4.0,4.0,3380.0,901.0,0.0,0.3236132860183716,0.801171064376831,1.1137278079986572,2.5634613037109375,18.0
dynamic,2,1,339,0.22734056770801545,0.19292032798131306,0.03442024166385333,0.18885719932615758,0.18885719932615758,0.0,4.0,4.0,3390.0,901.0,0.0,0.3236132860183716,0.801171064376831,1.1137278079986572,2.5634613037109375,18.0
dynamic,2,1,340,0.23509888887405395,0.20167893886566163,0.033419950207074486,0.21027289954324563,0.21027289954324563,0.0,4.0,4.0,3400.0,901.0,0.0,0.3236132860183716,0.801171064376831,1.1137278079986572,2.5634613037109375,18.0
dynamic,2,1,341,0.24361940542856853,0.20305155674616496,0.04056784510612488,0.19576071980098883,0.19576071980098883,0.0,4.0,4.0,3410.0,901.0,0.0,0.3236132860183716,0.801171064376831,1.1137278079986572,2.5634613037109375,18.0
dynamic,2,1,342,0.2523998824755351,0.2062980071703593,0.04610187441110611,0.19131472013890743,0.19131472013890743,0.0,4.0,4.0,3420.0,901.0,0.0,0.3236132860183716,0.801171064376831,1.1137278079986572,2.5634613037109375,18.0
dynamic,2,1,343,0.2375820207595825,0.19804707527160645,0.03953494558731715,0.18806659596661726,0.18806659596661726,0.0,4.0,4.0,3430.0,901.0,0.0,0.3236132860183716,0.801171064376831,1.1137278079986572,2.5634613037109375,18.0
dynamic,2,1,344,0.22505300045013427,0.19192205250263214,0.03313094809651375,0.18628619248668352,0.18628619248668352,0.0,4.0,4.0,3440.0,901.0,0.0,0.3236132860183716,0.801171064376831,1.1137278079986572,2.5634613037109375,18.0
dynamic,2,1,345,0.2287952729066213,0.19424047470092773,0.034554797162612276,0.19890541252990565,0.19890541252990565,0.0,4.0,4.0,3450.0,901.0,0.0,0.3236132860183716,0.801171064376831,1.1137278079986572,2.5634613037109375,18.0
dynamic,2,1,346,0.24447759707768757,0.2037395077943802,0.040738093107938765,0.18769551441073418,0.18769551441073418,0.0,4.0,4.0,3460.0,901.0,0.0,0.3236132860183716,0.801171064376831,1.1137278079986572,2.5634613037109375,18.0
dynamic,2,1,347,0.23383144418398538,0.19277024885018668,0.04106119602918625,0.20938164042929808,0.20938164042929808,0.0,4.0,4.0,3470.0,901.0,0.0,0.3236132860183716,0.801171064376831,1.1137278079986572,2.5634613037109375,18.0
dynamic,2,1,348,0.25443976879119873,0.21288773496945698,0.04155203511317571,0.18392502096792063,0.18392502096792063,0.0,4.0,4.0,3480.0,901.0,0.0,0.3236132860183716,0.801171064376831,1.1137278079986572,2.5634613037109375,18.0
dynamic,2,1,349,0.22404489835103353,0.19016866703828175,0.033876232504844665,0.1834478632112344,0.1834478632112344,0.0,4.0,4.0,3490.0,901.0,0.0,0.3236132860183716,0.801171064376831,1.1137278079986572,2.5634613037109375,18.0
dynamic,2,1,350,0.24065711855888366,0.20340931057929992,0.03724780549605688,0.1830468846609195,0.1830468846609195,0.0,4.0,4.0,3500.0,901.0,0.0,0.3236132860183716,0.801171064376831,1.1137278079986572,2.5634613037109375,18.0
dynamic,2,1,351,0.23033317168553671,0.1934826523065567,0.036850521663824715,0.18387863017618655,0.18387863017618655,0.0,4.0,4.0,3510.0,901.0,0.0,0.3236132860183716,0.801171064376831,1.1137278079986572,2.5634613037109375,18.0
dynamic,2,1,352,0.23230741580327352,0.19235879957675933,0.039948613941669465,0.23573036250968774,0.23573036250968774,0.0,4.0,4.0,3520.0,901.0,0.0,0.3236132860183716,0.801171064376831,1.1137278079986572,2.5634613037109375,18.0
dynamic,2,1,353,0.2627964413166046,0.21492334882418315,0.04787309214472771,0.1827182447661956,0.1827182447661956,0.0,4.0,4.0,3530.0,901.0,0.0,0.3236132860183716,0.801171064376831,1.1137278079986572,2.5634613037109375,18.0
dynamic,2,1,354,0.23736753622690837,0.19573799669742584,0.041629538834095,0.1810099536180496,0.1810099536180496,0.0,4.0,4.0,3540.0,901.0,0.0,0.3236132860183716,0.801171064376831,1.1137278079986572,2.5634613037109375,18.0
dynamic,2,1,355,0.23088733712832132,0.19350829323132832,0.03737904772162438,0.18046837784349917,0.18046837784349917,0.0,4.0,4.0,3550.0,901.0,0.0,0.3236132860183716,0.801171064376831,1.1137278079986572,2.5634613037109375,18.0
dynamic,2,1,356,0.2355627461274465,0.19854348957538603,0.037019255657990774,0.20633809400101502,0.20633809400101502,0.0,4.0,4.0,3560.0,901.0,0.0,0.3236132860183716,0.801171064376831,1.1137278079986572,2.5634613037109375,18.0
dynamic,2,1,357,0.26981568257013955,0.22275338371594747,0.0470622968673706,0.18485380786160627,0.18485380786160627,0.0,4.0,4.0,3570.0,901.0,0.0,0.3236132860183716,0.801171064376831,1.1137278079986572,2.5634613037109375,18.0
dynamic,2,1,358,0.22927871882915496,0.18780563076337178,0.04147308751940727,0.19472007590035598,0.19472007590035598,0.0,4.0,4.0,3580.0,901.0,0.0,0.3236132860183716,0.801171064376831,1.1137278079986572,2.5634613037109375,18.0
dynamic,2,1,359,0.26537585894266763,0.21956104874610902,0.045814811786015826,0.22708637982606888,0.22708637982606888,0.0,4.0,4.0,3590.0,901.0,0.0,0.3236132860183716,0.801171064376831,1.1137278079986572,2.5634613037109375,18.0
dynamic,2,1,360,0.24027867476145426,0.20112873921791713,0.03914993365605672,0.184813809171319,0.184813809171319,0.0,4.0,4.0,3600.0,901.0,0.0,0.3236132860183716,0.801171064376831,1.1137278079986572,2.5634613037109375,18.0
dynamic,2,1,361,0.22609298129876454,0.18962788800398508,0.03646509274840355,0.18149769981702168,0.18149769981702168,0.0,4.0,4.0,3610.0,901.0,0.0,0.3236132860183716,0.801171064376831,1.1137278079986572,2.5634613037109375,18.0
dynamic,2,1,362,0.23005886952082316,0.19203009247779845,0.038028774112463,0.20711777245004973,0.20711777245004973,0.0,4.0,4.0,3620.0,901.0,0.0,0.3236132860183716,0.801171064376831,1.1137278079986572,2.5634613037109375,18.0
dynamic,2,1,363,0.25370337227980294,0.21275508483250935,0.040948289185762404,0.17708048239350319,0.17708048239350319,0.0,4.0,4.0,3630.0,901.0,0.0,0.3236132860183716,0.801171064376831,1.1137278079986572,2.5634613037109375,18.0
dynamic,2,1,364,0.22868887106577554,0.19018388271331788,0.03850498755772908,0.17672934350868066,0.17672934350868066,0.0,4.0,4.0,3640.0,901.0,0.0,0.3236132860183716,0.801171064376831,1.1137278079986572,2.5634613037109375,18.0
dynamic,2,1,365,0.2181690239906311,0.18350239753723144,0.03466662565867106,0.17697142916421096,0.17697142916421096,0.0,4.0,4.0,3650.0,901.0,0.0,0.3236132860183716,0.801171064376831,1.1137278079986572,2.5634613037109375,18.0
dynamic,2,1,366,0.2306947475671768,0.19306005676587423,0.037634690006574,0.21287526873250803,0.21287526873250803,0.0,4.0,4.0,3660.0,901.0,0.0,0.3236132860183716,0.801171064376831,1.1137278079986572,2.5634613037109375,18.0
dynamic,2,1,367,0.24061903913815816,0.19756060977776846,0.0430584280192852,0.1770833919942379,0.1770833919942379,0.0,4.0,4.0,3670.0,901.0,0.0,0.3236132860183716,0.801171064376831,1.1137278079986572,2.5634613037109375,18.0
dynamic,2,1,368,0.2333779623111089,0.19180418988068898,0.041573776652415594,0.19068395517766476,0.19068395517766476,0.0,4.0,4.0,3680.0,901.0,0.0,0.3236132860183716,0.801171064376831,1.1137278079986572,2.5634613037109375,18.0
dynamic,2,1,369,0.23587186515331268,0.1969340165456136,0.038937850197156273,0.1818913804491361,0.1818913804491361,0.0,4.0,4.0,3690.0,901.0,0.0,0.3236132860183716,0.801171064376831,1.1137278079986572,2.5634613037109375,18.0
dynamic,2,1,370,0.21847524404525756,0.1805994302034378,0.03787581374247869,0.19205537435909112,0.19205537435909112,0.0,4.0,4.0,3700.0,901.0,0.0,0.3236132860183716,0.801171064376831,1.1137278079986572,2.5634613037109375,18.0
dynamic,2,1,371,0.2511399495601654,0.20510064919789633,0.04603930021325747,0.1859960581858953,0.1859960581858953,0.0,4.0,4.0,3710.0,901.0,0.0,0.3236132860183716,0.801171064376831,1.1137278079986572,2.5634613037109375,18.0
dynamic,2,1,372,0.2347209135691325,0.1909238862991333,0.043797027766704556,0.17589351519942284,0.17589351519942284,0.0,4.0,4.0,3720.0,901.0,0.0,0.3236132860183716,0.801171064376831,1.1137278079986572,2.5634613037109375,18.0
dynamic,2,1,373,0.22690554896990459,0.1868020890156428,0.04010345861315727,0.1742711995045344,0.1742711995045344,0.0,4.0,4.0,3730.0,901.0,0.0,0.3236132860183716,0.801171064376831,1.1137278079986572,2.5634613037109375,18.0
dynamic,2,1,374,0.22431359966595968,0.18605402290821074,0.03825957799951236,0.19313250102102755,0.19313250102102755,0.0,4.0,4.0,3740.0,901.0,0.0,0.3236132860183716,0.801171064376831,1.1137278079986572,2.5634613037109375,18.0
dynamic,2,1,375,0.2338722538948059,0.1928612099091212,0.04101104666789373,0.1777286225060622,0.1777286225060622,0.0,4.0,4.0,3750.0,901.0,0.0,0.3236132860183716,0.801171064376831,1.1137278079986572,2.5634613037109375,18.0
dynamic,2,1,376,0.23446834405263264,0.1904214143753052,0.04404692848523458,0.17440894400080045,0.17440894400080045,0.0,4.0,4.0,3760.0,901.0,0.0,0.3236132860183716,0.801171064376831,1.1137278079986572,2.5634613037109375,18.0
dynamic,2,1,377,0.2263754133383433,0.18557805816332498,0.04079735596974691,0.1738992804537217,0.1738992804537217,0.0,4.0,4.0,3770.0,901.0,0.0,0.3236132860183716,0.801171064376831,1.1137278079986572,2.5634613037109375,18.0
dynamic,2,1,378,0.23089280545711519,0.18994493822256725,0.040947866290807725,0.19626712635159493,0.19626712635159493,0.0,4.0,4.0,3780.0,901.0,0.0,0.3236132860183716,0.801171064376831,1.1137278079986572,2.5634613037109375,18.0
dynamic,2,1,379,0.24874440908432008,0.208291028936704,0.04045337975025177,0.170756079852581,0.170756079852581,0.0,4.0,4.0,3790.0,901.0,0.0,0.3236132860183716,0.801171064376831,1.1137278079986572,2.5634613037109375,18.0
dynamic,2,1,380,0.21765218218167623,0.18162459830443065,0.036027585764726006,0.1691884529342254,0.1691884529342254,0.0,4.0,4.0,3800.0,901.0,0.0,0.3236132860183716,0.801171064376831,1.1137278079986572,2.5634613037109375,18.0
dynamic,2,1,381,0.23095234235127768,0.19304127335548402,0.03791106700897217,0.21382714735964933,0.21382714735964933,0.0,4.0,4.0,3810.0,901.0,0.0,0.3236132860183716,0.801171064376831,1.1137278079986572,2.5634613037109375,18.0
dynamic,2,1,382,0.2362529389063517,0.197219251592954,0.039033686965703966,0.1736999513457219,0.1736999513457219,0.0,4.0,4.0,3820.0,901.0,0.0,0.3236132860183716,0.801171064376831,1.1137278079986572,2.5634613037109375,18.0
dynamic,2,1,383,0.24758633335431418,0.2017636054754257,0.04582272738218308,0.19775562959412735,0.19775562959412735,0.0,4.0,4.0,3830.0,901.0,0.0,0.3236132860183716,0.801171064376831,1.1137278079986572,2.5634613037109375,18.0
dynamic,2,1,384,0.24187071084976197,0.1969480413198471,0.044922668834527335,0.2151069617519776,0.2151069617519776,0.0,4.0,4.0,3840.0,901.0,0.0,0.3236132860183716,0.801171064376831,1.1137278079986572,2.5634613037109375,18.0
dynamic,2,1,385,0.21755190948645273,0.1752288160721461,0.04232309619585673,0.20484879528482755,0.20484879528482755,0.0,4.0,4.0,3850.0,901.0,0.0,0.3236132860183716,0.801171064376831,1.1137278079986572,2.5634613037109375,18.0
dynamic,2,1,386,0.25294295032819114,0.20718055884043377,0.045762394269307456,0.17838537168999513,0.17838537168999513,0.0,4.0,4.0,3860.0,901.0,0.0,0.3236132860183716,0.801171064376831,1.1137278079986572,2.5634613037109375,18.0
dynamic,2,1,387,0.24669742345809936,0.19656600634257,0.050131416519482934,0.17584136267503103,0.17584136267503103,0.0,4.0,4.0,3870.0,901.0,0.0,0.3236132860183716,0.801171064376831,1.1137278079986572,2.5634613037109375,18.0
dynamic,2,1,388,0.24714766184488932,0.19776761651039124,0.04938004717230797,0.17567995980381965,0.17567995980381965,0.0,4.0,4.0,3880.0,901.0,0.0,0.3236132860183716,0.801171064376831,1.1137278079986572,2.5634613037109375,18.0
dynamic,2,1,389,0.22999598344167074,0.18295270522435506,0.04704327791929245,0.16909584927062193,0.16909584927062193,0.0,4.0,4.0,3890.0,901.0,0.0,0.3236132860183716,0.801171064376831,1.1137278079986572,2.5634613037109375,18.0
dynamic,2,1,390,0.23741957227389018,0.19226910412311554,0.04515046829978625,0.19160282495121161,0.19160282495121161,0.0,4.0,4.0,3900.0,901.0,0.0,0.3236132860183716,0.801171064376831,1.1137278079986572,2.5634613037109375,18.0
dynamic,2,1,391,0.25158484836419426,0.20502017577489218,0.046564672191937766,0.17442733118931453,0.17442733118931453,0.0,4.0,4.0,3910.0,901.0,0.0,0.3236132860183716,0.801171064376831,1.1137278079986572,2.5634613037109375,18.0
dynamic,2,1,392,0.24269795258839924,0.1967338353395462,0.04596411794424057,0.1658193740993738,0.1658193740993738,0.0,4.0,4.0,3920.0,901.0,0.0,0.3236132860183716,0.801171064376831,1.1137278079986572,2.5634613037109375,18.0
dynamic,2,1,393,0.23320945580800376,0.18903019150098166,0.044179260929425555,0.24937564472357432,0.24937564472357432,0.0,4.0,4.0,3930.0,901.0,0.0,0.3236132860183716,0.801171064376831,1.1137278079986572,2.5634613037109375,18.0
dynamic,2,1,394,0.25416738390922544,0.20195500095685323,0.05221238041917483,0.353412934790055,0.353412934790055,0.0,4.0,4.0,3940.0,901.0,0.0,0.3236132860183716,0.801171064376831,1.1137278079986572,2.5634613037109375,18.0
dynamic,2,1,395,0.23160477419694264,0.17887424071629843,0.0527305361131827,0.22823747525612514,0.22823747525612514,0.0,4.0,4.0,3950.0,901.0,0.0,0.3236132860183716,0.801171064376831,1.1137278079986572,2.5634613037109375,18.0
dynamic,2,1,396,0.25770254035790763,0.21016025582949321,0.047542287160952885,0.16719464605053266,0.16719464605053266,0.0,4.0,4.0,3960.0,901.0,0.0,0.3236132860183716,0.801171064376831,1.1137278079986572,2.5634613037109375,18.0
dynamic,2,1,397,0.22059702316919963,0.17906580050786336,0.041531219979127246,0.16379700082043808,0.16379700082043808,0.0,4.0,4.0,3970.0,901.0,0.0,0.3236132860183716,0.801171064376831,1.1137278079986572,2.5634613037109375,18.0
dynamic,2,1,398,0.24324302395184835,0.19950948854287465,0.04373353540897369,0.221013236840566,0.221013236840566,0.0,4.0,4.0,3980.0,901.0,0.0,0.3236132860183716,0.801171064376831,1.1137278079986572,2.5634613037109375,18.0
dynamic,2,1,399,0.23395024220148722,0.18860698183377583,0.04534326275189718,0.18330839688579242,0.18330839688579242,0.0,4.0,4.0,3990.0,901.0,0.0,0.3236132860183716,0.801171064376831,1.1137278079986572,2.5634613037109375,18.0
dynamic,2,1,400,0.22780917008717855,0.18125816365083058,0.04655101031064987,0.2218603420505921,0.2218603420505921,0.0,4.0,4.0,4000.0,901.0,0.0,0.3236132860183716,0.801171064376831,1.1137278079986572,2.5634613037109375,18.0
dynamic,2,1,401,0.24032508750756582,0.19509269376595814,0.04523239096005758,0.16435093410313129,0.16435093410313129,0.0,4.0,4.0,4010.0,901.0,0.0,0.3236132860183716,0.801171064376831,1.1137278079986572,2.5634613037109375,18.0
dynamic,2,1,402,0.2207311624288559,0.17784552435080211,0.042885642846425376,0.16410748881598314,0.16410748881598314,0.0,4.0,4.0,4020.0,901.0,0.0,0.3236132860183716,0.801171064376831,1.1137278079986572,2.5634613037109375,18.0
dynamic,2,1,403,0.22027179956436158,0.18114619692166647,0.03912560145060221,0.23483462740977606,0.23483462740977606,0.0,4.0,4.0,4030.0,901.0,0.0,0.3236132860183716,0.801171064376831,1.1137278079986572,2.5634613037109375,18.0
dynamic,2,1,404,0.23738555391629537,0.1957744566599528,0.0416110992928346,0.16395189389586448,0.16395189389586448,0.0,4.0,4.0,4040.0,901.0,0.0,0.3236132860183716,0.801171064376831,1.1137278079986572,2.5634613037109375,18.0
dynamic,2,1,405,0.21064488391081493,0.17411652823289236,0.03652835528055827,0.16325019558270773,0.16325019558270773,0.0,4.0,4.0,4050.0,901.0,0.0,0.3236132860183716,0.801171064376831,1.1137278079986572,2.5634613037109375,18.0
dynamic,2,1,406,0.22881594816843667,0.1891845828294754,0.03963136831919352,0.16295974197487037,0.16295974197487037,0.0,4.0,4.0,4060.0,901.0,0.0,0.3236132860183716,0.801171064376831,1.1137278079986572,2.5634613037109375,18.0
dynamic,2,1,407,0.21925058166186015,0.1794894454876582,0.039761139005422594,0.17202687633534272,0.17202687633534272,0.0,4.0,4.0,4070.0,901.0,0.0,0.3236132860183716,0.801171064376831,1.1137278079986572,2.5634613037109375,18.0
dynamic,2,1,408,0.23738533079624177,0.19331329802672068,0.04407203182578087,0.18366789552072685,0.18366789552072685,0.0,4.0,4.0,4080.0,901.0,0.0,0.3236132860183716,0.801171064376831,1.1137278079986572,2.5634613037109375,18.0
dynamic,2,1,409,0.23204673250516256,0.19101820896069208,0.041028520911931994,0.1634167276074489,0.1634167276074489,0.0,4.0,4.0,4090.0,901.0,0.0,0.3236132860183716,0.801171064376831,1.1137278079986572,2.5634613037109375,18.0
dynamic,2,1,410,0.20479401389757793,0.16989763577779135,0.0348963792125384,0.16405293464660645,0.16405293464660645,0.0,4.0,4.0,4100.0,901.0,0.0,0.3236132860183716,0.801171064376831,1.1137278079986572,2.5634613037109375,18.0
dynamic,2,1,411,0.24036104003588357,0.19659231662750243,0.04376872499783834,0.1807721310357253,0.1807721310357253,0.0,4.0,4.0,4110.0,901.0,0.0,0.3236132860183716,0.801171064376831,1.1137278079986572,2.5634613037109375,18.0
dynamic,2,1,412,0.2333210043112437,0.1814280237754186,0.0518929801384608,0.17354540882011255,0.17354540882011255,0.0,4.0,4.0,4120.0,901.0,0.0,0.3236132860183716,0.801171064376831,1.1137278079986572,2.5634613037109375,18.0
dynamic,2,1,413,0.23093483626842498,0.17652187506357828,0.05441295946637789,0.183619017675519,0.183619017675519,0.0,4.0,4.0,4130.0,901.0,0.0,0.3236132860183716,0.801171064376831,1.1137278079986572,2.5634613037109375,18.0
dynamic,2,1,414,0.23030504882335662,0.17849904914697012,0.051805994361639025,0.16048245059947172,0.16048245059947172,0.0,4.0,4.0,4140.0,901.0,0.0,0.3236132860183716,0.801171064376831,1.1137278079986572,2.5634613037109375,18.0
dynamic,2,1,415,0.22370787421862284,0.17779952843983968,0.045908344437678654,0.21678652768333753,0.21678652768333753,0.0,4.0,4.0,4150.0,901.0,0.0,0.3236132860183716,0.801171064376831,1.1137278079986572,2.5634613037109375,18.0
dynamic,2,1,416,0.25911327759424846,0.2100041882197062,0.04910909160971642,0.19819382049143314,0.19819382049143314,0.0,4.0,4.0,4160.0,901.0,0.0,0.3236132860183716,0.801171064376831,1.1137278079986572,2.5634613037109375,18.0
dynamic,2,1,417,0.21022475043932598,0.16744236012299857,0.04278239140907923,0.1600131245950858,0.1600131245950858,0.0,4.0,4.0,4170.0,901.0,0.0,0.3236132860183716,0.801171064376831,1.1137278079986572,2.5634613037109375,18.0
dynamic,2,1,418,0.2414672307173411,0.19574500739574432,0.04572222237785657,0.2409289799630642,0.2409289799630642,0.0,4.0,4.0,4180.0,901.0,0.0,0.3236132860183716,0.801171064376831,1.1137278079986572,2.5634613037109375,18.0
dynamic,2,1,419,0.2527729437748591,0.20561716854572296,0.04715577602386475,0.16036340040465197,0.16036340040465197,0.0,4.0,4.0,4190.0,901.0,0.0,0.3236132860183716,0.801171064376831,1.1137278079986572,2.5634613037109375,18.0
dynamic,2,1,420,0.22708003203074137,0.1800315378109614,0.04704849481582642,0.18417675013343493,0.18417675013343493,0.0,4.0,4.0,4200.0,901.0,0.0,0.3236132860183716,0.801171064376831,1.1137278079986572,2.5634613037109375,18.0
dynamic,2,1,421,0.2477298104763031,0.19811806797981263,0.04961174254616101,0.1620597389837106,0.1620597389837106,0.0,4.0,4.0,4210.0,901.0,0.0,0.3236132860183716,0.801171064376831,1.1137278079986572,2.5634613037109375,18.0
dynamic,2,1,422,0.2395779275894165,0.18858496725559235,0.05099296142657598,0.15689226818581423,0.15689226818581423,0.0,4.0,4.0,4220.0,901.0,0.0,0.3236132860183716,0.801171064376831,1.1137278079986572,2.5634613037109375,18.0
dynamic,2,1,423,0.24944995601971945,0.20209444185098013,0.04735551377137502,0.24713473665217559,0.24713473665217559,0.0,4.0,4.0,4230.0,901.0,0.0,0.3236132860183716,0.801171064376831,1.1137278079986572,2.5634613037109375,18.0
dynamic,2,1,424,0.24557546297709146,0.1938618713617325,0.05171359360218048,0.1642944713185231,0.1642944713185231,0.0,4.0,4.0,4240.0,901.0,0.0,0.3236132860183716,0.801171064376831,1.1137278079986572,2.5634613037109375,18.0
dynamic,2,1,425,0.23564883470535278,0.18322108070055643,0.052427753309408825,0.1972860572983821,0.1972860572983821,0.0,4.0,4.0,4250.0,901.0,0.0,0.3236132860183716,0.801171064376831,1.1137278079986572,2.5634613037109375,18.0
dynamic,2,1,426,0.23521491169929504,0.18520046333471935,0.05001444786787033,0.16263121301929157,0.16263121301929157,0.0,4.0,4.0,4260.0,901.0,0.0,0.3236132860183716,0.801171064376831,1.1137278079986572,2.5634613037109375,18.0
dynamic,2,1,427,0.23452829877535503,0.18259732226530712,0.051930977205435436,0.1666917878886064,0.1666917878886064,0.0,4.0,4.0,4270.0,901.0,0.0,0.3236132860183716,0.801171064376831,1.1137278079986572,2.5634613037109375,18.0
dynamic,2,1,428,0.2347178033987681,0.18424421012401582,0.05047359397013982,0.17522222965955733,0.17522222965955733,0.0,4.0,4.0,4280.0,901.0,0.0,0.3236132860183716,0.801171064376831,1.1137278079986572,2.5634613037109375,18.0
dynamic,2,1,429,0.2213327697912852,0.1724213268359502,0.04891144375006358,0.15709388804932437,0.15709388804932437,0.0,4.0,4.0,4290.0,901.0,0.0,0.3236132860183716,0.801171064376831,1.1137278079986572,2.5634613037109375,18.0
dynamic,2,1,430,0.2469759504000346,0.19879982988039652,0.04817612032095591,0.19390710577368736,0.19390710577368736,0.0,4.0,4.0,4300.0,901.0,0.0,0.3236132860183716,0.801171064376831,1.1137278079986572,2.5634613037109375,18.0
dynamic,2,1,431,0.2134850855668386,0.17028377374013265,0.04320131152868271,0.16271714051564534,0.16271714051564534,0.0,4.0,4.0,4310.0,901.0,0.0,0.3236132860183716,0.801171064376831,1.1137278079986572,2.5634613037109375,18.0
dynamic,2,1,432,0.21422901670138042,0.17301979859670003,0.04120921601851781,0.23525388499101002,0.23525388499101002,0.0,4.0,4.0,4320.0,901.0,0.0,0.3236132860183716,0.801171064376831,1.1137278079986572,2.5634613037109375,18.0
dynamic,2,1,433,0.24290204842885335,0.1962879317998886,0.04661411608258883,0.17616635906199615,0.17616635906199615,0.0,4.0,4.0,4330.0,901.0,0.0,0.3236132860183716,0.801171064376831,1.1137278079986572,2.5634613037109375,18.0
dynamic,2,1,434,0.21815497318903604,0.17679661711057026,0.041358353793621065,0.15615591866274675,0.15615591866274675,0.0,4.0,4.0,4340.0,901.0,0.0,0.3236132860183716,0.801171064376831,1.1137278079986572,2.5634613037109375,18.0
dynamic,2,1,435,0.2098750106493632,0.16977810541788738,0.04009690334399541,0.1577391982326905,0.1577391982326905,0.0,4.0,4.0,4350.0,901.0,0.0,0.3236132860183716,0.801171064376831,1.1137278079986572,2.5634613037109375,18.0
dynamic,2,1,436,0.21320886055628457,0.17175284246603648,0.04145601992805799,0.18874132096767426,0.18874132096767426,0.0,4.0,4.0,4360.0,901.0,0.0,0.3236132860183716,0.801171064376831,1.1137278079986572,2.5634613037109375,18.0
dynamic,2,1,437,0.22337087670962016,0.18330672721068064,0.04006415019432703,0.15701284550130368,0.15701284550130368,0.0,4.0,4.0,4370.0,901.0,0.0,0.3236132860183716,0.801171064376831,1.1137278079986572,2.5634613037109375,18.0
dynamic,2,1,438,0.19981942395369212,0.16211662828922271,0.03770279765129089,0.15423332837720713,0.15423332837720713,0.0,4.0,4.0,4380.0,901.0,0.0,0.3236132860183716,0.801171064376831,1.1137278079986572,2.5634613037109375,18.0
dynamic,2,1,439,0.22661391139030457,0.18826391239960988,0.03834999645749728,0.20413612621525923,0.20413612621525923,0.0,4.0,4.0,4390.0,901.0,0.0,0.3236132860183716,0.801171064376831,1.1137278079986572,2.5634613037109375,18.0
dynamic,2,1,440,0.21633986473083497,0.17494944790999095,0.041390417466561,0.15467237529655298,0.15467237529655298,0.0,4.0,4.0,4400.0,901.0,0.0,0.3236132860183716,0.801171064376831,1.1137278079986572,2.5634613037109375,18.0
dynamic,2,1,441,0.22441166202227275,0.18413497547308605,0.04027668903271357,0.16469794938961665,0.16469794938961665,0.0,4.0,4.0,4410.0,901.0,0.0,0.3236132860183716,0.801171064376831,1.1137278079986572,2.5634613037109375,18.0
dynamic,2,1,442,0.22915305614471435,0.18897952695687611,0.04017353107531865,0.15473009938995044,0.15473009938995044,0.0,4.0,4.0,4420.0,901.0,0.0,0.3236132860183716,0.801171064376831,1.1137278079986572,2.5634613037109375,18.0
dynamic,2,1,443,0.20326999306678772,0.166112200319767,0.03715779423713684,0.15505325679977736,0.15505325679977736,0.0,4.0,4.0,4430.0,901.0,0.0,0.3236132860183716,0.801171064376831,1.1137278079986572,2.5634613037109375,18.0
dynamic,2,1,444,0.21849406401316324,0.1794764463106791,0.03901761988798777,0.2311783847461144,0.2311783847461144,0.0,4.0,4.0,4440.0,901.0,0.0,0.3236132860183716,0.801171064376831,1.1137278079986572,2.5634613037109375,18.0
dynamic,2,1,445,0.26393290638923644,0.21480440616607666,0.04912849913040797,0.15707016619543235,0.15707016619543235,0.0,4.0,4.0,4450.0,901.0,0.0,0.3236132860183716,0.801171064376831,1.1137278079986572,2.5634613037109375,18.0
dynamic,2,1,446,0.19934841752052307,0.16027055263519288,0.03907786339521408,0.15170820139348506,0.15170820139348506,0.0,4.0,4.0,4460.0,901.0,0.0,0.3236132860183716,0.801171064376831,1.1137278079986572,2.5634613037109375,18.0
dynamic,2,1,447,0.22006825268268584,0.17607093791166942,0.043997313032547634,0.2402526434759299,0.2402526434759299,0.0,4.0,4.0,4470.0,901.0,0.0,0.3236132860183716,0.801171064376831,1.1137278079986572,2.5634613037109375,18.0
dynamic,2,1,448,0.21525694290796915,0.17309910883506138,0.04215783397356669,0.15266545328001183,0.15266545328001183,0.0,4.0,4.0,4480.0,901.0,0.0,0.3236132860183716,0.801171064376831,1.1137278079986572,2.5634613037109375,18.0
dynamic,2,1,449,0.20721130311489105,0.16228568474451702,0.04492561702926954,0.15083292325337727,0.15083292325337727,0.0,4.0,4.0,4490.0,901.0,0.0,0.3236132860183716,0.801171064376831,1.1137278079986572,2.5634613037109375,18.0
dynamic,2,1,450,0.23364570538202922,0.18595096707344055,0.047694739600022636,0.1662074692795674,0.1662074692795674,0.0,4.0,4.0,4500.0,901.0,0.0,0.3236132860183716,0.801171064376831,1.1137278079986572,2.5634613037109375,18.0
dynamic,2,1,451,0.2119112398227056,0.1697887839873632,0.042122456083695095,0.15217856782178085,0.15217856782178085,0.0,4.0,4.0,4510.0,901.0,0.0,0.3236132860183716,0.801171064376831,1.1137278079986572,2.5634613037109375,18.0
dynamic,2,1,452,0.19948552389939625,0.1593488589922587,0.040136664907137555,0.21888031480213008,0.21888031480213008,0.0,4.0,4.0,4520.0,901.0,0.0,0.3236132860183716,0.801171064376831,1.1137278079986572,2.5634613037109375,18.0
dynamic,2,1,453,0.24899142066637675,0.20017420172691344,0.04881722375750542,0.15714524837831656,0.15714524837831656,0.0,4.0,4.0,4530.0,901.0,0.0,0.3236132860183716,0.801171064376831,1.1137278079986572,2.5634613037109375,18.0
dynamic,2,1,454,0.21735076308250428,0.1720019547144572,0.045348808864752455,0.15465430227418742,0.15465430227418742,0.0,4.0,4.0,4540.0,901.0,0.0,0.3236132860183716,0.801171064376831,1.1137278079986572,2.5634613037109375,18.0
dynamic,2,1,455,0.2211775275071462,0.17410264690717062,0.04707488308350245,0.22421913750469685,0.22421913750469685,0.0,4.0,4.0,4550.0,901.0,0.0,0.3236132860183716,0.801171064376831,1.1137278079986572,2.5634613037109375,18.0
dynamic,2,1,456,0.23857487599054972,0.18764831840991975,0.05092655936876933,0.15473570331931114,0.15473570331931114,0.0,4.0,4.0,4560.0,901.0,0.0,0.3236132860183716,0.801171064376831,1.1137278079986572,2.5634613037109375,18.0
dynamic,2,1,457,0.2251454472541809,0.17640707770983377,0.04873836934566498,0.15295346160729725,0.15295346160729725,0.0,4.0,4.0,4570.0,901.0,0.0,0.3236132860183716,0.801171064376831,1.1137278079986572,2.5634613037109375,18.0
dynamic,2,1,458,0.21052596489588418,0.167455934882164,0.043070031503836315,0.22830224392314752,0.22830224392314752,0.0,4.0,4.0,4580.0,901.0,0.0,0.3236132860183716,0.801171064376831,1.1137278079986572,2.5634613037109375,18.0
dynamic,2,1,459,0.25820006608963014,0.2091535605986913,0.04904650176564852,0.15561572549243768,0.15561572549243768,0.0,4.0,4.0,4590.0,901.0,0.0,0.3236132860183716,0.801171064376831,1.1137278079986572,2.5634613037109375,18.0
dynamic,2,1,460,0.2212745040655136,0.17485609432061514,0.04641840919852257,0.15209541164338589,0.15209541164338589,0.0,4.0,4.0,4600.0,901.0,0.0,0.3236132860183716,0.801171064376831,1.1137278079986572,2.5634613037109375,18.0
dynamic,2,1,461,0.2283991742134094,0.18259520530700685,0.04580396910508474,0.2318721159050862,0.2318721159050862,0.0,4.0,4.0,4610.0,901.0,0.0,0.3236132860183716,0.801171064376831,1.1137278079986572,2.5634613037109375,18.0
dynamic,2,1,462,0.24145806113878887,0.19127283493677774,0.050185228486855825,0.1562481031815211,0.1562481031815211,0.0,4.0,4.0,4620.0,901.0,0.0,0.3236132860183716,0.801171064376831,1.1137278079986572,2.5634613037109375,18.0
dynamic,2,1,463,0.21121376633644104,0.16295445134242376,0.0482593131562074,0.1669722395390272,0.1669722395390272,0.0,4.0,4.0,4630.0,901.0,0.0,0.3236132860183716,0.801171064376831,1.1137278079986572,2.5634613037109375,18.0
dynamic,2,1,464,0.22758644660313923,0.18105074048042297,0.0465357073644797,0.1738834170252085,0.1738834170252085,0.0,4.0,4.0,4640.0,901.0,0.0,0.3236132860183716,0.801171064376831,1.1137278079986572,2.5634613037109375,18.0
dynamic,2,1,465,0.2041146659851074,0.16317162215709685,0.040943046311537425,0.1497925356775522,0.1497925356775522,0.0,4.0,4.0,4650.0,901.0,0.0,0.3236132860183716,0.801171064376831,1.1137278079986572,2.5634613037109375,18.0
dynamic,2,1,466,0.19501636505126954,0.1575652454296748,0.03745112051566442,0.2093582530816396,0.2093582530816396,0.0,4.0,4.0,4660.0,901.0,0.0,0.3236132860183716,0.801171064376831,1.1137278079986572,2.5634613037109375,18.0
dynamic,2,1,467,0.22093488693237304,0.17795180479685466,0.042983081638813016,0.15287465833127498,0.15287465833127498,0.0,4.0,4.0,4670.0,901.0,0.0,0.3236132860183716,0.801171064376831,1.1137278079986572,2.5634613037109375,18.0
dynamic,2,1,468,0.20386388619740803,0.16482074479262035,0.03904313991467158,0.16351814379294713,0.16351814379294713,0.0,4.0,4.0,4680.0,901.0,0.0,0.3236132860183716,0.801171064376831,1.1137278079986572,2.5634613037109375,18.0
dynamic,2,1,469,0.19533453424771627,0.15749485035737357,0.03783968299627304,0.2024928142875433,0.2024928142875433,0.0,4.0,4.0,4690.0,901.0,0.0,0.3236132860183716,0.801171064376831,1.1137278079986572,2.5634613037109375,18.0
dynamic,2,1,470,0.2370453707377116,0.19210802733898164,0.04493734339872996,0.16037985098858673,0.16037985098858673,0.0,4.0,4.0,4700.0,901.0,0.0,0.3236132860183716,0.801171064376831,1.1137278079986572,2.5634613037109375,18.0
dynamic,2,1,471,0.2042478132247925,0.1650872669617335,0.03916054705778758,0.1484579867621263,0.1484579867621263,0.0,4.0,4.0,4710.0,901.0,0.0,0.3236132860183716,0.801171064376831,1.1137278079986572,2.5634613037109375,18.0
dynamic,2,1,472,0.19866354505221048,0.16116028666496277,0.03750325918197632,0.1629927118619283,0.1629927118619283,0.0,4.0,4.0,4720.0,901.0,0.0,0.3236132860183716,0.801171064376831,1.1137278079986572,2.5634613037109375,18.0
dynamic,2,1,473,0.19984041770299277,0.16233513335386912,0.03750528578956922,0.14855722067256769,0.14855722067256769,0.0,4.0,4.0,4730.0,901.0,0.0,0.3236132860183716,0.801171064376831,1.1137278079986572,2.5634613037109375,18.0
dynamic,2,1,474,0.20695567230383555,0.164616184035937,0.04233948667844137,0.15097717913488548,0.15097717913488548,0.0,4.0,4.0,4740.0,901.0,0.0,0.3236132860183716,0.801171064376831,1.1137278079986572,2.5634613037109375,18.0
dynamic,2,1,475,0.21393643260002138,0.1714033567905426,0.04253307486573855,0.1702710770567258,0.1702710770567258,0.0,4.0,4.0,4750.0,901.0,0.0,0.3236132860183716,0.801171064376831,1.1137278079986572,2.5634613037109375,18.0
dynamic,2,1,476,0.21465959668159484,0.17089402079582214,0.04376557692885399,0.14760664420823255,0.14760664420823255,0.0,4.0,4.0,4760.0,901.0,0.0,0.3236132860183716,0.801171064376831,1.1137278079986572,2.5634613037109375,18.0
dynamic,2,1,477,0.19418704748153687,0.15467833538850148,0.03950871507326762,0.14757197253406049,0.14757197253406049,0.0,4.0,4.0,4770.0,901.0,0.0,0.3236132860183716,0.801171064376831,1.1137278079986572,2.5634613037109375,18.0
dynamic,2,1,478,0.21981245199839275,0.17605745414892832,0.04375499412417412,0.20437265286842982,0.20437265286842982,0.0,4.0,4.0,4780.0,901.0,0.0,0.3236132860183716,0.801171064376831,1.1137278079986572,2.5634613037109375,18.0
dynamic,2,1,479,0.22133186638355254,0.1768304161230723,0.04450145105520884,0.1488329319904248,0.1488329319904248,0.0,4.0,4.0,4790.0,901.0,0.0,0.3236132860183716,0.801171064376831,1.1137278079986572,2.5634613037109375,18.0
dynamic,2,1,480,0.20907793482144674,0.16765373170375825,0.041424204806486765,0.1543059125294288,0.1543059125294288,0.0,4.0,4.0,4800.0,901.0,0.0,0.3236132860183716,0.801171064376831,1.1137278079986572,2.5634613037109375,18.0
dynamic,2,1,481,0.21736047943433126,0.1716817945241928,0.045678685555855435,0.1656472754230102,0.1656472754230102,0.0,4.0,4.0,4810.0,901.0,0.0,0.3236132860183716,0.801171064376831,1.1137278079986572,2.5634613037109375,18.0
dynamic,2,1,482,0.2100640026728312,0.1647922662893931,0.04527173727750778,0.150361780077219,0.150361780077219,0.0,4.0,4.0,4820.0,901.0,0.0,0.3236132860183716,0.801171064376831,1.1137278079986572,2.5634613037109375,18.0
dynamic,2,1,483,0.1982557652393977,0.15627722024917604,0.04197854697704315,0.15019079578419525,0.15019079578419525,0.0,4.0,4.0,4830.0,901.0,0.0,0.3236132860183716,0.801171064376831,1.1137278079986572,2.5634613037109375,18.0
dynamic,2,1,484,0.2072684121131897,0.16618845065434773,0.04107996106147766,0.15585988101859888,0.15585988101859888,0.0,4.0,4.0,4840.0,901.0,0.0,0.3236132860183716,0.801171064376831,1.1137278079986572,2.5634613037109375,18.0
dynamic,2,1,485,0.23118047952651977,0.18727872093518574,0.043901757846275966,0.15121142528951168,0.15121142528951168,0.0,4.0,4.0,4850.0,901.0,0.0,0.3236132860183716,0.801171064376831,1.1137278079986572,2.5634613037109375,18.0
dynamic,2,1,486,0.2026367775599162,0.1609453746676445,0.04169140249490738,0.14821776275833448,0.14821776275833448,0.0,4.0,4.0,4860.0,901.0,0.0,0.3236132860183716,0.801171064376831,1.1137278079986572,2.5634613037109375,18.0
dynamic,2,1,487,0.2272706272204717,0.18164867838223775,0.04562194829185804,0.17999175528685252,0.17999175528685252,0.0,4.0,4.0,4870.0,901.0,0.0,0.3236132860183716,0.801171064376831,1.1137278079986572,2.5634613037109375,18.0
dynamic,2,1,488,0.20280541062355043,0.16095415870348612,0.04185125177105268,0.14957022507985432,0.14957022507985432,0.0,4.0,4.0,4880.0,901.0,0.0,0.3236132860183716,0.801171064376831,1.1137278079986572,2.5634613037109375,18.0
dynamic,2,1,489,0.2000261296828588,0.1613204695781072,0.038705660104751585,0.14617381033798058,0.14617381033798058,0.0,4.0,4.0,4890.0,901.0,0.0,0.3236132860183716,0.801171064376831,1.1137278079986572,2.5634613037109375,18.0
dynamic,2,1,490,0.21419578075408935,0.17279312252998352,0.0414026552438736,0.21428104189534983,0.21428104189534983,0.0,4.0,4.0,4900.0,901.0,0.0,0.3236132860183716,0.801171064376831,1.1137278079986572,2.5634613037109375,18.0
dynamic,2,1,491,0.23328399538993835,0.1900971970955531,0.043186801721652346,0.145828271061182,0.145828271061182,0.0,4.0,4.0,4910.0,901.0,0.0,0.3236132860183716,0.801171064376831,1.1137278079986572,2.5634613037109375,18.0
dynamic,2,1,492,0.2031523847579956,0.16705021381378174,0.03610217233498891,0.14610735972722372,0.14610735972722372,0.0,4.0,4.0,4920.0,901.0,0.0,0.3236132860183716,0.801171064376831,1.1137278079986572,2.5634613037109375,18.0
dynamic,2,1,493,0.21632659316062927,0.17799593488375345,0.038330657879511516,0.1787708497295777,0.1787708497295777,0.0,4.0,4.0,4930.0,901.0,0.0,0.3236132860183716,0.801171064376831,1.1137278079986572,2.5634613037109375,18.0
dynamic,2,1,494,0.2116066598892212,0.16889132976531981,0.04271532664696376,0.16987883997460207,0.16987883997460207,0.0,4.0,4.0,4940.0,901.0,0.0,0.3236132860183716,0.801171064376831,1.1137278079986572,2.5634613037109375,18.0
dynamic,2,1,495,0.18974348644415537,0.15067173490921656,0.039071750342845914,0.18070163304607073,0.18070163304607073,0.0,4.0,4.0,4950.0,901.0,0.0,0.3236132860183716,0.801171064376831,1.1137278079986572,2.5634613037109375,18.0
dynamic,2,1,496,0.21743341406186423,0.17621026694774627,0.04122314617037773,0.1542112700889508,0.1542112700889508,0.0,4.0,4.0,4960.0,901.0,0.0,0.3236132860183716,0.801171064376831,1.1137278079986572,2.5634613037109375,18.0
dynamic,2,1,497,0.18582544028759002,0.1506000151236852,0.03522542377312978,0.1502342183391253,0.1502342183391253,0.0,4.0,4.0,4970.0,901.0,0.0,0.3236132860183716,0.801171064376831,1.1137278079986572,2.5634613037109375,18.0
dynamic,2,1,498,0.18640257239341737,0.1496051949262619,0.03679737538099289,0.17923161712785562,0.17923161712785562,0.0,4.0,4.0,4980.0,901.0,0.0,0.3236132860183716,0.801171064376831,1.1137278079986572,2.5634613037109375,18.0
dynamic,2,1,499,0.2352711933851242,0.19052191197872162,0.0447492786248525,0.15580825122694175,0.15580825122694175,0.0,4.0,4.0,4990.0,901.0,0.0,0.3236132860183716,0.801171064376831,1.1137278079986572,2.5634613037109375,18.0
dynamic,2,1,500,0.19617063283920289,0.1564958417415619,0.039674789508183796,0.14800021377702555,0.14800021377702555,0.0,4.0,4.0,5000.0,901.0,0.0,0.3236132860183716,0.801171064376831,1.1137278079986572,2.5634613037109375,18.0
