model,seed,level,epoch,train_total,train_effect,train_vq,eval_total,eval_effect,eval_vq,active_codes,ema_used_codes,step_counter,last_check_step,surprise_streak,distance_mean,distance_p90,distance_p95,distance_max,surprise_support
dynamic,1,1,1,2.7274348004659017,2.7170538552602133,0.010380949837466081,2.6667020225524904,2.6667020225524904,0.0,1.0,1.0,10.0,0.0,0.0,,,,,
dynamic,1,1,2,2.6493395519256593,2.630164702733358,0.019174852992097535,2.5812971115112306,2.5812971115112306,0.0,1.0,1.0,20.0,0.0,0.0,,,,,
dynamic,1,1,3,2.582445240020752,2.5471702988942466,0.03527493759989739,2.5036396026611327,2.5036396026611327,0.0,1.0,1.0,30.0,0.0,0.0,,,,,
dynamic,1,1,4,2.5245429197947185,2.4713725248972573,0.05317037880420685,2.4300550333658855,2.4300550333658855,0.0,1.0,1.0,40.0,0.0,0.0,,,,,
dynamic,1,1,5,2.488002560933431,2.4008124415079752,0.08719009737173716,2.363408800760905,2.363408800760905,0.0,1.0,1.0,50.0,0.0,0.0,,,,,
dynamic,1,1,6,2.48265775680542,2.3340470663706463,0.14861065904299417,2.295663725535075,2.295663725535075,0.0,1.0,1.0,60.0,0.0,0.0,,,,,
dynamic,1,1,7,2.506562738418579,2.267730452219645,0.23883222977320354,2.2317049153645834,2.2317049153645834,0.0,1.0,1.0,70.0,0.0,0.0,,,,,
dynamic,1,1,8,2.5643520482381184,2.20606037457784,0.3582916835943858,2.1734062004089356,2.1734062004089356,0.0,1.0,1.0,80.0,0.0,0.0,,,,,
dynamic,1,1,9,2.6374804878234865,2.150577883720398,0.4869025564193726,2.1209055455525716,2.1209055455525716,0.0,1.0,1.0,90.0,0.0,0.0,,,,,
dynamic,1,1,10,2.713022839228312,2.0995496972401937,0.6134731904665629,2.0739100265502928,2.0739100265502928,0.0,1.0,1.0,100.0,0.0,0.0,,,,,
dynamic,1,1,11,2.770373379389445,2.055596707661947,0.714776656627655,2.0313092358907063,2.0313092358907063,0.0,1.0,1.0,110.0,0.0,0.0,,,,,
dynamic,1,1,12,2.7844522857666014,2.015072037378947,0.7693802881240844,1.9940088526407878,1.9940088526407878,0.0,1.0,1.0,120.0,0.0,0.0,,,,,
dynamic,1,1,13,2.786921609242757,1.9798783715566,0.8070432043075562,1.9616364860534667,1.9616364860534667,0.0,1.0,1.0,130.0,0.0,0.0,,,,,
dynamic,1,1,14,2.8118109067281085,1.94941059589386,0.862400328318278,1.9341678428649902,1.9341678428649902,0.0,1.0,1.0,140.0,0.0,0.0,,,,,
dynamic,1,1,15,2.8151618448893228,1.9238624747594197,0.8912993383407593,1.9103787803649903,1.9103787803649903,0.0,1.0,1.0,150.0,0.0,0.0,,,,,
dynamic,1,1,16,2.8654863770802814,1.901863570213318,0.9636228322982788,1.890855801900228,1.890855801900228,0.0,1.0,1.0,160.0,0.0,0.0,,,,,
dynamic,1,1,17,2.95424427986145,1.8831965351104736,1.0710478019714356,1.8733426602681478,1.8733426602681478,0.0,1.0,1.0,170.0,0.0,0.0,,,,,
dynamic,1,1,18,3.103170337677002,1.8669335397084554,1.2362368408838909,1.8587570826212565,1.8587570826212565,0.0,1.0,1.0,180.0,0.0,0.0,,,,,
dynamic,1,1,19,3.2782258224487304,1.8531877740224203,1.4250380531946818,1.846223684946696,1.846223684946696,0.0,1.0,1.0,190.0,0.0,0.0,,,,,
dynamic,1,1,20,3.4454550711313883,1.8416097418467203,1.6038453674316406,1.835453421274821,1.835453421274821,0.0,1.0,1.0,200.0,0.0,0.0,,,,,
dynamic,1,1,21,3.5672117360432942,1.831881383260091,1.7353303782145182,1.8261100323994954,1.8261100323994954,0.0,1.0,1.0,210.0,201.0,1.0,13.12119197845459,36.83106231689453,62.807491302490234,198.51968383789062,162.0
dynamic,1,1,22,3.6251493072509766,1.8227472925186157,1.8024020449320475,1.8179356447855632,1.8179356447855632,0.0,1.0,1.0,220.0,201.0,1.0,13.12119197845459,36.83106231689453,62.807491302490234,198.51968383789062,162.0
dynamic,1,1,23,3.6439172999064127,1.814779553413391,1.8291377417246502,1.8104064877827961,1.8104064877827961,0.0,1.0,1.0,230.0,201.0,1.0,13.12119197845459,36.83106231689453,62.807491302490234,198.51968383789062,162.0
dynamic,1,1,24,3.65462168375651,1.8074783515930175,1.8471433401107789,1.803595911661784,1.803595911661784,0.0,1.0,1.0,240.0,201.0,1.0,13.12119197845459,36.83106231689453,62.807491302490234,198.51968383789062,162.0
dynamic,1,1,25,3.6516762415568036,1.800792048772176,1.8508841927846273,1.7970008913675943,1.7970008913675943,0.0,1.0,1.0,250.0,201.0,1.0,13.12119197845459,36.83106231689453,62.807491302490234,198.51968383789062,162.0
dynamic,1,1,26,3.6522760073343914,1.7943951845169068,1.8578808180491129,1.7909330368041991,1.7909330368041991,0.0,1.0,1.0,260.0,201.0,1.0,13.12119197845459,36.83106231689453,62.807491302490234,198.51968383789062,162.0
dynamic,1,1,27,3.678112589518229,1.7886617581049602,1.889450823465983,1.785440050760905,1.785440050760905,0.0,1.0,1.0,270.0,201.0,1.0,13.12119197845459,36.83106231689453,62.807491302490234,198.51968383789062,162.0
dynamic,1,1,28,3.691146926879883,1.7833327913284303,1.9078141530354817,1.7805097452799479,1.7805097452799479,0.0,1.0,1.0,280.0,201.0,1.0,13.12119197845459,36.83106231689453,62.807491302490234,198.51968383789062,162.0
dynamic,1,1,29,3.6786546262105304,1.778804357846578,1.899850247701009,1.775881315867106,1.775881315867106,0.0,1.0,1.0,290.0,201.0,1.0,13.12119197845459,36.83106231689453,62.807491302490234,198.51968383789062,162.0
dynamic,1,1,30,3.6685250027974448,1.7742128769556682,1.8943120924631756,1.7717484219868977,1.7717484219868977,0.0,1.0,1.0,300.0,201.0,1.0,13.12119197845459,36.83106231689453,62.807491302490234,198.51968383789062,162.0
dynamic,1,1,31,4.077882385253906,2.576784054438273,1.5010984071095785,2.528302577336629,2.528302577336629,0.0,2.0,2.0,310.0,301.0,0.0,15.86831283569336,51.59462356567383,71.86688232421875,172.99258422851562,208.0
dynamic,1,1,32,3.577083797454834,2.4964290459950766,1.0806547808647156,2.4224695841471355,2.4224695841471355,0.0,2.0,2.0,320.0,301.0,0.0,15.86831283569336,51.59462356567383,71.86688232421875,172.99258422851562,208.0
dynamic,1,1,33,2.9535130564371745,2.3351786518096924,0.6183344221115112,2.245043134689331,2.245043134689331,0.0,2.0,2.0,330.0,301.0,0.0,15.86831283569336,51.59462356567383,71.86688232421875,172.99258422851562,208.0
dynamic,1,1,34,2.5465180587768557,2.230704991022746,0.31581308325131735,2.1138363711039223,2.1138363711039223,0.0,2.0,2.0,340.0,301.0,0.0,15.86831283569336,51.59462356567383,71.86688232421875,172.99258422851562,208.0
dynamic,1,1,35,2.4055663935343423,2.1872316710154216,0.21833472967147827,2.1287999979654946,2.1287999979654946,0.0,2.0,2.0,350.0,301.0,0.0,15.86831283569336,51.59462356567383,71.86688232421875,172.99258422851562,208.0
dynamic,1,1,36,2.3924123732248943,2.1525210412343343,0.23989131490389506,1.930764185587565,1.930764185587565,0.0,2.0,2.0,360.0,301.0,0.0,15.86831283569336,51.59462356567383,71.86688232421875,172.99258422851562,208.0
dynamic,1,1,37,2.280979226430257,1.9801480960845947,0.30083113034566245,1.833543430964152,1.833543430964152,0.0,2.0,2.0,370.0,301.0,0.0,15.86831283569336,51.59462356567383,71.86688232421875,172.99258422851562,208.0
dynamic,1,1,38,2.112569408416748,1.8242554664611816,0.288313946723938,1.712010825475057,1.712010825475057,0.0,2.0,2.0,380.0,301.0,0.0,15.86831283569336,51.59462356567383,71.86688232421875,172.99258422851562,208.0
dynamic,1,1,39,2.015082988739014,1.760635132789612,0.25444783727327985,1.6231886609395345,1.6231886609395345,0.0,2.0,2.0,390.0,301.0,0.0,15.86831283569336,51.59462356567383,71.86688232421875,172.99258422851562,208.0
dynamic,1,1,40,1.8262324237823486,1.599998909632365,0.22623352805773417,1.5024857457478842,1.5024857457478842,0.0,2.0,2.0,400.0,301.0,0.0,15.86831283569336,51.59462356567383,71.86688232421875,172.99258422851562,208.0
dynamic,1,1,41,1.695707581837972,1.4975687456130982,0.1981388376156489,1.4303222688039143,1.4303222688039143,0.0,2.0,2.0,410.0,401.0,1.0,1.6176223754882812,4.624938011169434,7.5092034339904785,16.75348663330078,78.0
dynamic,1,1,42,1.6047425651550293,1.4277260828018188,0.17701648811499276,1.3656338119506837,1.3656338119506837,0.0,2.0,2.0,420.0,401.0,1.0,1.6176223754882812,4.624938011169434,7.5092034339904785,16.75348663330078,78.0
dynamic,1,1,43,1.5108858680725097,1.3436416705449423,0.1672442134221395,1.3024587122599285,1.3024587122599285,0.0,2.0,2.0,430.0,401.0,1.0,1.6176223754882812,4.624938011169434,7.5092034339904785,16.75348663330078,78.0
dynamic,1,1,44,1.4538199011484783,1.2907226785024006,0.1630972202618917,1.2515073776245118,1.2515073776245118,0.0,2.0,2.0,440.0,401.0,1.0,1.6176223754882812,4.624938011169434,7.5092034339904785,16.75348663330078,78.0
dynamic,1,1,45,1.4322125991185506,1.258403255144755,0.17380933423837025,1.2167753187815349,1.2167753187815349,0.0,2.0,2.0,450.0,401.0,1.0,1.6176223754882812,4.624938011169434,7.5092034339904785,16.75348663330078,78.0
dynamic,1,1,46,1.3977466694513956,1.2530692625045776,0.14467741509278614,1.1891165288289387,1.1891165288289387,0.0,2.0,2.0,460.0,401.0,1.0,1.6176223754882812,4.624938011169434,7.5092034339904785,16.75348663330078,78.0
dynamic,1,1,47,1.3298012940088908,1.22665855884552,0.10314275403817495,1.1839819939931233,1.1839819939931233,0.0,2.0,2.0,470.0,401.0,1.0,1.6176223754882812,4.624938011169434,7.5092034339904785,16.75348663330078,78.0
dynamic,1,1,48,1.3107988373438517,1.2402769088745118,0.07052194158236186,1.1747127723693849,1.1747127723693849,0.0,2.0,2.0,480.0,401.0,1.0,1.6176223754882812,4.624938011169434,7.5092034339904785,16.75348663330078,78.0
dynamic,1,1,49,1.269222011566162,1.2116682799657186,0.05755373348792394,1.1813846810658772,1.1813846810658772,0.0,2.0,2.0,490.0,401.0,1.0,1.6176223754882812,4.624938011169434,7.5092034339904785,16.75348663330078,78.0
dynamic,1,1,50,1.2528106594085693,1.2009317143758138,0.05187896271546682,1.1727809206644695,1.1727809206644695,0.0,2.0,2.0,500.0,401.0,1.0,1.6176223754882812,4.624938011169434,7.5092034339904785,16.75348663330078,78.0
dynamic,1,1,51,1.238076753616333,1.1929120635986328,0.04516468053062757,1.1298684406280517,1.1298684406280517,0.0,2.0,2.0,510.0,501.0,0.0,0.3480413258075714,0.6565237045288086,0.8149076700210571,2.1803300380706787,6.0
dynamic,1,1,52,1.205354167620341,1.1632100947697956,0.04214407910903295,1.100032714207967,1.100032714207967,0.0,2.0,2.0,520.0,501.0,0.0,0.3480413258075714,0.6565237045288086,0.8149076700210571,2.1803300380706787,6.0
dynamic,1,1,53,1.1894439363479614,1.1404790425300597,0.04896490141749382,1.0896133629480997,1.0896133629480997,0.0,2.0,2.0,530.0,501.0,0.0,0.3480413258075714,0.6565237045288086,0.8149076700210571,2.1803300380706787,6.0
dynamic,1,1,54,1.209863249460856,1.147636456489563,0.06222678472598394,1.0697629324595133,1.0697629324595133,0.0,2.0,2.0,540.0,501.0,0.0,0.3480413258075714,0.6565237045288086,0.8149076700210571,2.1803300380706787,6.0
dynamic,1,1,55,1.1102700487772623,1.0449438627560934,0.06532616833845774,1.024378539721171,1.024378539721171,0.0,2.0,2.0,550.0,501.0,0.0,0.3480413258075714,0.6565237045288086,0.8149076700210571,2.1803300380706787,6.0
dynamic,1,1,56,1.1030311075846355,1.0256413412094116,0.07738975137472152,1.0186373504002888,1.0186373504002888,0.0,2.0,2.0,560.0,501.0,0.0,0.3480413258075714,0.6565237045288086,0.8149076700210571,2.1803300380706787,6.0
dynamic,1,1,57,1.1137449169158935,1.0219755609830221,0.09176934242248536,1.0002794377009074,1.0002794377009074,0.0,2.0,2.0,570.0,501.0,0.0,0.3480413258075714,0.6565237045288086,0.8149076700210571,2.1803300380706787,6.0
dynamic,1,1,58,1.1222157446543375,1.029127802848816,0.09308793644110362,0.995145762761434,0.995145762761434,0.0,2.0,2.0,580.0,501.0,0.0,0.3480413258075714,0.6565237045288086,0.8149076700210571,2.1803300380706787,6.0
dynamic,1,1,59,1.1337171347935995,1.040420010884603,0.09329714437325795,0.9918176952997844,0.9918176952997844,0.0,2.0,2.0,590.0,501.0,0.0,0.3480413258075714,0.6565237045288086,0.8149076700210571,2.1803300380706787,6.0
dynamic,1,1,60,1.0796275838216145,0.9923924032847087,0.08723518500725429,0.9934821049372355,0.9934821049372355,0.0,2.0,2.0,600.0,501.0,0.0,0.3480413258075714,0.6565237045288086,0.8149076700210571,2.1803300380706787,6.0
dynamic,1,1,61,1.0968884833653767,1.0173594903945924,0.07952897856632868,0.9915611966451009,0.9915611966451009,0.0,2.0,2.0,610.0,601.0,1.0,0.5939344763755798,0.8551239967346191,1.5175442695617676,17.912981033325195,23.0
dynamic,1,1,62,1.1014750130971274,1.0161014811197917,0.08537354707717895,0.9862969462076823,0.9862969462076823,0.0,2.0,2.0,620.0,601.0,1.0,0.5939344763755798,0.8551239967346191,1.5175442695617676,17.912981033325195,23.0
dynamic,1,1,63,1.0873453362782797,0.9962798754374186,0.09106546024481456,1.0009895467758179,1.0009895467758179,0.0,2.0,2.0,630.0,601.0,1.0,0.5939344763755798,0.8551239967346191,1.5175442695617676,17.912981033325195,23.0
dynamic,1,1,64,1.0653762340545654,0.9773881777127584,0.08798806846141816,1.0004569355646769,1.0004569355646769,0.0,2.0,2.0,640.0,601.0,1.0,0.5939344763755798,0.8551239967346191,1.5175442695617676,17.912981033325195,23.0
dynamic,1,1,65,1.0666694370905558,0.9690673438707987,0.09760210484266281,0.9871592998504639,0.9871592998504639,0.0,2.0,2.0,650.0,601.0,1.0,0.5939344763755798,0.8551239967346191,1.5175442695617676,17.912981033325195,23.0
dynamic,1,1,66,1.0715718666712444,0.9679904858271281,0.10358138769865036,0.9843076435724895,0.9843076435724895,0.0,2.0,2.0,660.0,601.0,1.0,0.5939344763755798,0.8551239967346191,1.5175442695617676,17.912981033325195,23.0
dynamic,1,1,67,1.0776606114705403,0.9706074857711792,0.10705312093098958,1.004611398379008,1.004611398379008,0.0,2.0,2.0,670.0,601.0,1.0,0.5939344763755798,0.8551239967346191,1.5175442695617676,17.912981033325195,23.0
dynamic,1,1,68,1.0390994922320047,0.9394790490468343,0.09962043702602387,0.964568223953247,0.964568223953247,0.0,2.0,2.0,680.0,601.0,1.0,0.5939344763755798,0.8551239967346191,1.5175442695617676,17.912981033325195,23.0
dynamic,1,1,69,1.0499365123112996,0.9467968646685282,0.10313963830471039,0.9626224581400553,0.9626224581400553,0.0,2.0,2.0,690.0,601.0,1.0,0.5939344763755798,0.8551239967346191,1.5175442695617676,17.912981033325195,23.0
dynamic,1,1,70,1.0552969217300414,0.9579187194506328,0.09737821559111277,1.0059404691060385,1.0059404691060385,0.0,2.0,2.0,700.0,601.0,1.0,0.5939344763755798,0.8551239967346191,1.5175442695617676,17.912981033325195,23.0
dynamic,1,1,71,1.1052547327677409,1.063878317674001,0.04137642542521159,1.3415677563349406,1.3415677563349406,0.0,3.0,3.0,710.0,701.0,0.0,0.7867058515548706,2.025204658508301,3.096916675567627,9.587869644165039,42.0
dynamic,1,1,72,1.089674431482951,1.063038002649943,0.026636416837573052,0.9838914640744527,0.9838914640744527,0.0,3.0,3.0,720.0,701.0,0.0,0.7867058515548706,2.025204658508301,3.096916675567627,9.587869644165039,42.0
dynamic,1,1,73,0.9783842213948568,0.9513404337565105,0.027043784161408742,0.9317152428627015,0.9317152428627015,0.0,3.0,3.0,730.0,701.0,0.0,0.7867058515548706,2.025204658508301,3.096916675567627,9.587869644165039,42.0
dynamic,1,1,74,0.9510160342852274,0.9227202773094177,0.028295747662583987,0.9312940589586893,0.9312940589586893,0.0,3.0,3.0,740.0,701.0,0.0,0.7867058515548706,2.025204658508301,3.096916675567627,9.587869644165039,42.0
dynamic,1,1,75,0.9243761976559957,0.8958242623011271,0.02855193667113781,0.9257918310165405,0.9257918310165405,0.0,3.0,3.0,750.0,701.0,0.0,0.7867058515548706,2.025204658508301,3.096916675567627,9.587869644165039,42.0
dynamic,1,1,76,0.915966944694519,0.8865275239944458,0.029439420228203138,0.923805631796519,0.923805631796519,0.0,3.0,3.0,760.0,701.0,0.0,0.7867058515548706,2.025204658508301,3.096916675567627,9.587869644165039,42.0
dynamic,1,1,77,0.9098743637402852,0.8803587778409322,0.029515580038229624,0.8939999787012736,0.8939999787012736,0.0,3.0,3.0,770.0,701.0,0.0,0.7867058515548706,2.025204658508301,3.096916675567627,9.587869644165039,42.0
dynamic,1,1,78,0.8986552699406942,0.8688208572069804,0.02983440433939298,0.8994590957959493,0.8994590957959493,0.0,3.0,3.0,780.0,701.0,0.0,0.7867058515548706,2.025204658508301,3.096916675567627,9.587869644165039,42.0
dynamic,1,1,79,0.8960411294301351,0.8668771568934123,0.029163967619339624,0.8884798431396485,0.8884798431396485,0.0,3.0,3.0,790.0,701.0,0.0,0.7867058515548706,2.025204658508301,3.096916675567627,9.587869644165039,42.0
dynamic,1,1,80,0.8640821464856465,0.8345426575342814,0.029539485226074854,0.8613288362820943,0.8613288362820943,0.0,3.0,3.0,800.0,701.0,0.0,0.7867058515548706,2.025204658508301,3.096916675567627,9.587869644165039,42.0
dynamic,1,1,81,0.8659529129664103,0.836376444498698,0.029576480090618133,0.871015210946401,0.871015210946401,0.0,3.0,3.0,810.0,801.0,0.0,0.2421075403690338,0.5541442632675171,0.8021421432495117,1.722783088684082,6.0
dynamic,1,1,82,0.8610749594370524,0.8328649957974752,0.028209954649209976,0.8193014089266459,0.8193014089266459,0.0,3.0,3.0,820.0,801.0,0.0,0.2421075403690338,0.5541442632675171,0.8021421432495117,1.722783088684082,6.0
dynamic,1,1,83,0.8468939240773519,0.8204381442070008,0.026455776294072468,0.8272724866867065,0.8272724866867065,0.0,3.0,3.0,830.0,801.0,0.0,0.2421075403690338,0.5541442632675171,0.8021421432495117,1.722783088684082,6.0
dynamic,1,1,84,0.8345436843236288,0.8071156644821167,0.027428008764982224,0.7988538352648417,0.7988538352648417,0.0,3.0,3.0,840.0,801.0,0.0,0.2421075403690338,0.5541442632675171,0.8021421432495117,1.722783088684082,6.0
dynamic,1,1,85,0.805993472735087,0.7805124592781066,0.02548101030290127,0.7851922305425009,0.7851922305425009,0.0,3.0,3.0,850.0,801.0,0.0,0.2421075403690338,0.5541442632675171,0.8021421432495117,1.722783088684082,6.0
dynamic,1,1,86,0.8070594557126363,0.7817155941327413,0.02534386580189069,0.7932782395680745,0.7932782395680745,0.0,3.0,3.0,860.0,801.0,0.0,0.2421075403690338,0.5541442632675171,0.8021421432495117,1.722783088684082,6.0
dynamic,1,1,87,0.7944278868039449,0.7689452489217122,0.025482646425565084,0.7790501268704733,0.7790501268704733,0.0,3.0,3.0,870.0,801.0,0.0,0.2421075403690338,0.5541442632675171,0.8021421432495117,1.722783088684082,6.0
dynamic,1,1,88,0.7706702129046122,0.745724454720815,0.02494576377173265,0.7691104435920715,0.7691104435920715,0.0,3.0,3.0,880.0,801.0,0.0,0.2421075403690338,0.5541442632675171,0.8021421432495117,1.722783088684082,6.0
dynamic,1,1,89,0.7605141607920328,0.7348762027422587,0.0256379638115565,0.757217093706131,0.757217093706131,0.0,3.0,3.0,890.0,801.0,0.0,0.2421075403690338,0.5541442632675171,0.8021421432495117,1.722783088684082,6.0
dynamic,1,1,90,0.7594785380363465,0.7345733491579691,0.024905182669560114,0.7464324843883514,0.7464324843883514,0.0,3.0,3.0,900.0,801.0,0.0,0.2421075403690338,0.5541442632675171,0.8021421432495117,1.722783088684082,6.0
dynamic,1,1,91,0.7378441182772318,0.7139130274454752,0.023931101486086844,0.7194113341967264,0.7194113341967264,0.0,3.0,3.0,910.0,901.0,0.0,0.20887725055217743,0.6661844253540039,0.784115195274353,1.304530143737793,5.0
dynamic,1,1,92,0.7320614639918009,0.7089380168914795,0.023123442207773525,0.7119557770093282,0.7119557770093282,0.0,3.0,3.0,920.0,901.0,0.0,0.20887725055217743,0.6661844253540039,0.784115195274353,1.304530143737793,5.0
dynamic,1,1,93,0.720734543800354,0.6976108853022257,0.023123664408922197,0.7257525900999705,0.7257525900999705,0.0,3.0,3.0,930.0,901.0,0.0,0.20887725055217743,0.6661844253540039,0.784115195274353,1.304530143737793,5.0
dynamic,1,1,94,0.7574648698170979,0.7339629419644673,0.02350193403661251,0.7137523885567983,0.7137523885567983,0.0,3.0,3.0,940.0,901.0,0.0,0.20887725055217743,0.6661844253540039,0.784115195274353,1.304530143737793,5.0
dynamic,1,1,95,0.730048589706421,0.7067553098996481,0.023293270121018093,0.6978147876262665,0.6978147876262665,0.0,3.0,3.0,950.0,901.0,0.0,0.20887725055217743,0.6661844253540039,0.784115195274353,1.304530143737793,5.0
dynamic,1,1,96,0.7254899406433105,0.701720290184021,0.023769644821683564,0.6989719418684641,0.6989719418684641,0.0,3.0,3.0,960.0,901.0,0.0,0.20887725055217743,0.6661844253540039,0.784115195274353,1.304530143737793,5.0
dynamic,1,1,97,0.7183588894208273,0.6963882287343343,0.021970658302307128,0.6954928620656331,0.6954928620656331,0.0,3.0,3.0,970.0,901.0,0.0,0.20887725055217743,0.6661844253540039,0.784115195274353,1.304530143737793,5.0
dynamic,1,1,98,0.710855708916982,0.6884360488255818,0.022419650703668595,0.6867930022875468,0.6867930022875468,0.0,3.0,3.0,980.0,901.0,0.0,0.20887725055217743,0.6661844253540039,0.784115195274353,1.304530143737793,5.0
dynamic,1,1,99,0.7090817205111186,0.6866231298446656,0.022458597421646118,0.6853114954630534,0.6853114954630534,0.0,3.0,3.0,990.0,901.0,0.0,0.20887725055217743,0.6661844253540039,0.784115195274353,1.304530143737793,5.0
dynamic,1,1,100,0.6974698837598164,0.675791749159495,0.021678147663672764,0.6857609887917836,0.6857609887917836,0.0,3.0,3.0,1000.0,901.0,0.0,0.20887725055217743,0.6661844253540039,0.784115195274353,1.304530143737793,5.0
dynamic,1,1,101,0.7005765016873677,0.6783959110577901,0.022180589288473128,0.6786116508642832,0.6786116508642832,0.0,3.0,3.0,1010.0,1001.0,0.0,0.17152166366577148,0.41282469034194946,0.6471520066261292,1.460428237915039,3.0
dynamic,1,1,102,0.6863547412554423,0.6651621890068055,0.021192549094557762,0.6735752964019776,0.6735752964019776,0.0,3.0,3.0,1020.0,1001.0,0.0,0.17152166366577148,0.41282469034194946,0.6471520066261292,1.460428237915039,3.0
dynamic,1,1,103,0.6893259167671204,0.6678523421287537,0.021473579034209253,0.6759772821267446,0.6759772821267446,0.0,3.0,3.0,1030.0,1001.0,0.0,0.17152166366577148,0.41282469034194946,0.6471520066261292,1.460428237915039,3.0
dynamic,1,1,104,0.6955082670847574,0.6746546864509583,0.020853575865427652,0.6734107303619384,0.6734107303619384,0.0,3.0,3.0,1040.0,1001.0,0.0,0.17152166366577148,0.41282469034194946,0.6471520066261292,1.460428237915039,3.0
dynamic,1,1,105,0.6935208241144816,0.6721603806813558,0.02136043831706047,0.6671860194206238,0.6671860194206238,0.0,3.0,3.0,1050.0,1001.0,0.0,0.17152166366577148,0.41282469034194946,0.6471520066261292,1.460428237915039,3.0
dynamic,1,1,106,0.6818090128898621,0.660510180791219,0.021298834110299748,0.6707956524689992,0.6707956524689992,0.0,3.0,3.0,1060.0,1001.0,0.0,0.17152166366577148,0.41282469034194946,0.6471520066261292,1.460428237915039,3.0
dynamic,1,1,107,0.6653941655158997,0.6440391969680787,0.021354972546299297,0.6670904930432637,0.6670904930432637,0.0,3.0,3.0,1070.0,1001.0,0.0,0.17152166366577148,0.41282469034194946,0.6471520066261292,1.460428237915039,3.0
dynamic,1,1,108,0.68340704758962,0.6609376462300619,0.022469404463966686,0.674650814930598,0.674650814930598,0.0,3.0,3.0,1080.0,1001.0,0.0,0.17152166366577148,0.41282469034194946,0.6471520066261292,1.460428237915039,3.0
dynamic,1,1,109,0.6943610938390096,0.6732555802663167,0.021105509946743647,0.6719831073284149,0.6719831073284149,0.0,3.0,3.0,1090.0,1001.0,0.0,0.17152166366577148,0.41282469034194946,0.6471520066261292,1.460428237915039,3.0
dynamic,1,1,110,0.6773134605089823,0.6556650940577189,0.021648368562261263,0.6632960577805836,0.6632960577805836,0.0,3.0,3.0,1100.0,1001.0,0.0,0.17152166366577148,0.41282469034194946,0.6471520066261292,1.460428237915039,3.0
dynamic,1,1,111,0.6846977480252584,0.6628877830505371,0.021809962168335913,0.6584758941332499,0.6584758941332499,0.0,3.0,3.0,1110.0,1101.0,0.0,0.17142389714717865,0.36565470695495605,0.5457903146743774,1.3016595840454102,1.0
dynamic,1,1,112,0.6700859800974528,0.6478334061304728,0.02225256068011125,0.6492287798722585,0.6492287798722585,0.0,3.0,3.0,1120.0,1101.0,0.0,0.17142389714717865,0.36565470695495605,0.5457903146743774,1.3016595840454102,1.0
dynamic,1,1,113,0.665956285794576,0.6433708357810974,0.022585456172625223,0.6500671752293905,0.6500671752293905,0.0,3.0,3.0,1130.0,1101.0,0.0,0.17142389714717865,0.36565470695495605,0.5457903146743774,1.3016595840454102,1.0
dynamic,1,1,114,0.665265322526296,0.6422057859102885,0.02305952673157056,0.6514331718285878,0.6514331718285878,0.0,3.0,3.0,1140.0,1101.0,0.0,0.17142389714717865,0.36565470695495605,0.5457903146743774,1.3016595840454102,1.0
dynamic,1,1,115,0.6629528903961182,0.6398881387710571,0.023064751053849857,0.6468664360046387,0.6468664360046387,0.0,3.0,3.0,1150.0,1101.0,0.0,0.17142389714717865,0.36565470695495605,0.5457903146743774,1.3016595840454102,1.0
dynamic,1,1,116,0.6758174022038778,0.6522149213155111,0.023602479348580042,0.6407775920629502,0.6407775920629502,0.0,3.0,3.0,1160.0,1101.0,0.0,0.17142389714717865,0.36565470695495605,0.5457903146743774,1.3016595840454102,1.0
dynamic,1,1,117,0.6716026202837626,0.6475424822171529,0.02406013146042824,0.653533701300621,0.653533701300621,0.0,3.0,3.0,1170.0,1101.0,0.0,0.17142389714717865,0.36565470695495605,0.5457903146743774,1.3016595840454102,1.0
dynamic,1,1,118,0.6516509970029195,0.6286302415529886,0.023020744646588962,0.644036113023758,0.644036113023758,0.0,3.0,3.0,1180.0,1101.0,0.0,0.17142389714717865,0.36565470695495605,0.5457903146743774,1.3016595840454102,1.0
dynamic,1,1,119,0.6533546304702759,0.6306610544522603,0.02269357773164908,0.6280847853422165,0.6280847853422165,0.0,3.0,3.0,1190.0,1101.0,0.0,0.17142389714717865,0.36565470695495605,0.5457903146743774,1.3016595840454102,1.0
dynamic,1,1,120,0.6513443239529928,0.6285728255907694,0.02277150742709637,0.6236039874951045,0.6236039874951045,0.0,3.0,3.0,1200.0,1101.0,0.0,0.17142389714717865,0.36565470695495605,0.5457903146743774,1.3016595840454102,1.0
dynamic,1,1,121,0.6553944166501363,0.6317271812756856,0.02366722986102104,0.6209173129002253,0.6209173129002253,0.0,3.0,3.0,1210.0,1201.0,0.0,0.20433038473129272,0.47124361991882324,0.6361241340637207,1.8933258056640625,5.0
dynamic,1,1,122,0.656593025525411,0.6322418077786763,0.024351219336191814,0.6207056258122127,0.6207056258122127,0.0,3.0,3.0,1220.0,1201.0,0.0,0.20433038473129272,0.47124361991882324,0.6361241340637207,1.8933258056640625,5.0
dynamic,1,1,123,0.6562923574447632,0.6322387901941935,0.02405356985827287,0.6292761449019114,0.6292761449019114,0.0,3.0,3.0,1230.0,1201.0,0.0,0.20433038473129272,0.47124361991882324,0.6361241340637207,1.8933258056640625,5.0
dynamic,1,1,124,0.6465988063812256,0.6217225464185079,0.024876258869965872,0.6303922021389008,0.6303922021389008,0.0,3.0,3.0,1240.0,1201.0,0.0,0.20433038473129272,0.47124361991882324,0.6361241340637207,1.8933258056640625,5.0
dynamic,1,1,125,0.6507727507750193,0.6270321170488994,0.023740637029210726,0.6121561868985494,0.6121561868985494,0.0,3.0,3.0,1250.0,1201.0,0.0,0.20433038473129272,0.47124361991882324,0.6361241340637207,1.8933258056640625,5.0
dynamic,1,1,126,0.6362359094619751,0.6108869942029317,0.025348924125234287,0.6118966044982275,0.6118966044982275,0.0,3.0,3.0,1260.0,1201.0,0.0,0.20433038473129272,0.47124361991882324,0.6361241340637207,1.8933258056640625,5.0
dynamic,1,1,127,0.6531845855712891,0.6281682562828064,0.025016331498821577,0.6116666956742605,0.6116666956742605,0.0,3.0,3.0,1270.0,1201.0,0.0,0.20433038473129272,0.47124361991882324,0.6361241340637207,1.8933258056640625,5.0
dynamic,1,1,128,0.6612856960296631,0.63526913245519,0.02601656916240851,0.637016834616661,0.637016834616661,0.0,3.0,3.0,1280.0,1201.0,0.0,0.20433038473129272,0.47124361991882324,0.6361241340637207,1.8933258056640625,5.0
dynamic,1,1,129,0.6374547370274861,0.6118256187438965,0.02562912846604983,0.6191619338591894,0.6191619338591894,0.0,3.0,3.0,1290.0,1201.0,0.0,0.20433038473129272,0.47124361991882324,0.6361241340637207,1.8933258056640625,5.0
dynamic,1,1,130,0.6502779006958008,0.6243635233243306,0.025914370516935983,0.6103217514355977,0.6103217514355977,0.0,3.0,3.0,1300.0,1201.0,0.0,0.20433038473129272,0.47124361991882324,0.6361241340637207,1.8933258056640625,5.0
dynamic,1,1,131,0.6369305419921875,0.6089599665006001,0.02797057499488195,0.6283400982618332,0.6283400982618332,0.0,3.0,3.0,1310.0,1301.0,0.0,0.23834477365016937,0.587937593460083,0.8737554550170898,1.809675693511963,9.0
dynamic,1,1,132,0.6510521666208903,0.6239115889867147,0.027140583992004395,0.6159699795643488,0.6159699795643488,0.0,3.0,3.0,1320.0,1301.0,0.0,0.23834477365016937,0.587937593460083,0.8737554550170898,1.809675693511963,9.0
dynamic,1,1,133,0.644042862256368,0.6153838976224264,0.028658960883816084,0.6086995750665665,0.6086995750665665,0.0,3.0,3.0,1330.0,1301.0,0.0,0.23834477365016937,0.587937593460083,0.8737554550170898,1.809675693511963,9.0
dynamic,1,1,134,0.638884007136027,0.6100700092315674,0.02881399989128113,0.631178476413091,0.631178476413091,0.0,3.0,3.0,1340.0,1301.0,0.0,0.23834477365016937,0.587937593460083,0.8737554550170898,1.809675693511963,9.0
dynamic,1,1,135,0.6459194429715475,0.6187233734130859,0.027196070154507954,0.6055108845233917,0.6055108845233917,0.0,3.0,3.0,1350.0,1301.0,0.0,0.23834477365016937,0.587937593460083,0.8737554550170898,1.809675693511963,9.0
dynamic,1,1,136,0.6360842108726501,0.6063770476977031,0.0297071639696757,0.6015038400888443,0.6015038400888443,0.0,3.0,3.0,1360.0,1301.0,0.0,0.23834477365016937,0.587937593460083,0.8737554550170898,1.809675693511963,9.0
dynamic,1,1,137,0.6244560138384501,0.5964742263158163,0.027981794277826946,0.5997644517819086,0.5997644517819086,0.0,3.0,3.0,1370.0,1301.0,0.0,0.23834477365016937,0.587937593460083,0.8737554550170898,1.809675693511963,9.0
dynamic,1,1,138,0.6265585335095724,0.5976799925168356,0.02887854874134064,0.6043609325091044,0.6043609325091044,0.0,3.0,3.0,1380.0,1301.0,0.0,0.23834477365016937,0.587937593460083,0.8737554550170898,1.809675693511963,9.0
dynamic,1,1,139,0.6298114148775736,0.6023910768826802,0.027420339037974674,0.5958231868346532,0.5958231868346532,0.0,3.0,3.0,1390.0,1301.0,0.0,0.23834477365016937,0.587937593460083,0.8737554550170898,1.809675693511963,9.0
dynamic,1,1,140,0.6260416571299235,0.596858430703481,0.029183224762479466,0.5935111417373021,0.5935111417373021,0.0,3.0,3.0,1400.0,1301.0,0.0,0.23834477365016937,0.587937593460083,0.8737554550170898,1.809675693511963,9.0
dynamic,1,1,141,0.6385662531852723,0.608827310403188,0.029738953014214833,0.5984846413135528,0.5984846413135528,0.0,3.0,3.0,1410.0,1401.0,0.0,0.2511337101459503,0.5586197376251221,0.7244517803192139,2.4757165908813477,8.0
dynamic,1,1,142,0.6342479387919108,0.6057601189613342,0.028487817347049714,0.5976204246282577,0.5976204246282577,0.0,3.0,3.0,1420.0,1401.0,0.0,0.2511337101459503,0.5586197376251221,0.7244517803192139,2.4757165908813477,8.0
dynamic,1,1,143,0.6336255264282227,0.6021484041213989,0.031477131346861524,0.5993271706501643,0.5993271706501643,0.0,3.0,3.0,1430.0,1401.0,0.0,0.2511337101459503,0.5586197376251221,0.7244517803192139,2.4757165908813477,8.0
dynamic,1,1,144,0.6238347729047139,0.5940962560971578,0.029738515466451645,0.5974503157536188,0.5974503157536188,0.0,3.0,3.0,1440.0,1401.0,0.0,0.2511337101459503,0.5586197376251221,0.7244517803192139,2.4757165908813477,8.0
dynamic,1,1,145,0.6199478181203206,0.5884105785687764,0.031537235975265504,0.5964383544524511,0.5964383544524511,0.0,3.0,3.0,1450.0,1401.0,0.0,0.2511337101459503,0.5586197376251221,0.7244517803192139,2.4757165908813477,8.0
dynamic,1,1,146,0.6216347551345826,0.5903914856910706,0.031243268276254337,0.5997783952951431,0.5997783952951431,0.0,3.0,3.0,1460.0,1401.0,0.0,0.2511337101459503,0.5586197376251221,0.7244517803192139,2.4757165908813477,8.0
dynamic,1,1,147,0.6298982723553975,0.5984618179003398,0.031436451574166614,0.5940173035860061,0.5940173035860061,0.0,3.0,3.0,1470.0,1401.0,0.0,0.2511337101459503,0.5586197376251221,0.7244517803192139,2.4757165908813477,8.0
dynamic,1,1,148,0.6322945427894592,0.6006993810335796,0.03159516056378683,0.5977660514911016,0.5977660514911016,0.0,3.0,3.0,1480.0,1401.0,0.0,0.2511337101459503,0.5586197376251221,0.7244517803192139,2.4757165908813477,8.0
dynamic,1,1,149,0.6142155424753825,0.582358824412028,0.031856716920932136,0.6036701263984044,0.6036701263984044,0.0,3.0,3.0,1490.0,1401.0,0.0,0.2511337101459503,0.5586197376251221,0.7244517803192139,2.4757165908813477,8.0
dynamic,1,1,150,0.6166130749384562,0.5856547451019287,0.03095832546552022,0.5928517844279607,0.5928517844279607,0.0,3.0,3.0,1500.0,1401.0,0.0,0.2511337101459503,0.5586197376251221,0.7244517803192139,2.4757165908813477,8.0
dynamic,1,1,151,0.6086153435707092,0.5772695342699686,0.031345806966225305,0.587854090332985,0.587854090332985,0.0,3.0,3.0,1510.0,1501.0,0.0,0.25421464443206787,0.5423094034194946,0.8633723258972168,1.5531072616577148,11.0
dynamic,1,1,152,0.6182591843605042,0.5877900306383769,0.03046915476520856,0.5903086155653,0.5903086155653,0.0,3.0,3.0,1520.0,1501.0,0.0,0.25421464443206787,0.5423094034194946,0.8633723258972168,1.5531072616577148,11.0
dynamic,1,1,153,0.6284633032480875,0.6000068147977193,0.0284564907848835,0.5857186428705852,0.5857186428705852,0.0,3.0,3.0,1530.0,1501.0,0.0,0.25421464443206787,0.5423094034194946,0.8633723258972168,1.5531072616577148,11.0
dynamic,1,1,154,0.6221536262830099,0.5911419693628946,0.031011658410231274,0.5855191451311111,0.5855191451311111,0.0,3.0,3.0,1540.0,1501.0,0.0,0.25421464443206787,0.5423094034194946,0.8633723258972168,1.5531072616577148,11.0
dynamic,1,1,155,0.6157697041829427,0.5839959549903869,0.031773739953835804,0.5848193673292795,0.5848193673292795,0.0,3.0,3.0,1550.0,1501.0,0.0,0.25421464443206787,0.5423094034194946,0.8633723258972168,1.5531072616577148,11.0
dynamic,1,1,156,0.6109509722391764,0.5792003738880157,0.03175060138106346,0.6011761472622553,0.6011761472622553,0.0,3.0,3.0,1560.0,1501.0,0.0,0.25421464443206787,0.5423094034194946,0.8633723258972168,1.5531072616577148,11.0
dynamic,1,1,157,0.5995716762542724,0.5711705613136292,0.02840111754834652,0.5909116452932358,0.5909116452932358,0.0,3.0,3.0,1570.0,1501.0,0.0,0.25421464443206787,0.5423094034194946,0.8633723258972168,1.5531072616577148,11.0
dynamic,1,1,158,0.6040583546956381,0.5743807498613993,0.029677595595518746,0.5852372976144155,0.5852372976144155,0.0,3.0,3.0,1580.0,1501.0,0.0,0.25421464443206787,0.5423094034194946,0.8633723258972168,1.5531072616577148,11.0
dynamic,1,1,159,0.616926728884379,0.5853974843025207,0.03152924249569575,0.5932556970914205,0.5932556970914205,0.0,3.0,3.0,1590.0,1501.0,0.0,0.25421464443206787,0.5423094034194946,0.8633723258972168,1.5531072616577148,11.0
dynamic,1,1,160,0.5976769359906514,0.5686764971415201,0.029000436365604402,0.5823400656382243,0.5823400656382243,0.0,3.0,3.0,1600.0,1501.0,0.0,0.25421464443206787,0.5423094034194946,0.8633723258972168,1.5531072616577148,11.0
dynamic,1,1,161,0.6152796125411988,0.5836139686902364,0.031665646284818647,0.5884696187575659,0.5884696187575659,0.0,3.0,3.0,1610.0,1601.0,0.0,0.20501673221588135,0.42896246910095215,0.7300530672073364,2.0608596801757812,7.0
dynamic,1,1,162,0.6204527854919434,0.5895334045092265,0.030919383019208907,0.5882949000597,0.5882949000597,0.0,3.0,3.0,1620.0,1601.0,0.0,0.20501673221588135,0.42896246910095215,0.7300530672073364,2.0608596801757812,7.0
dynamic,1,1,163,0.5972041893005371,0.5666236742337545,0.03058051270743211,0.5785175999005635,0.5785175999005635,0.0,3.0,3.0,1630.0,1601.0,0.0,0.20501673221588135,0.42896246910095215,0.7300530672073364,2.0608596801757812,7.0
dynamic,1,1,164,0.6098139667510987,0.5774505917231242,0.03236337703963121,0.5862627400954564,0.5862627400954564,0.0,3.0,3.0,1640.0,1601.0,0.0,0.20501673221588135,0.42896246910095215,0.7300530672073364,2.0608596801757812,7.0
dynamic,1,1,165,0.603650807539622,0.5729038802782694,0.030746924877166747,0.5776407380898794,0.5776407380898794,0.0,3.0,3.0,1650.0,1601.0,0.0,0.20501673221588135,0.42896246910095215,0.7300530672073364,2.0608596801757812,7.0
dynamic,1,1,166,0.5951208647092183,0.5638892229398091,0.031231641620397568,0.5760578179359436,0.5760578179359436,0.0,3.0,3.0,1660.0,1601.0,0.0,0.20501673221588135,0.42896246910095215,0.7300530672073364,2.0608596801757812,7.0
dynamic,1,1,167,0.6017671378453573,0.5706563651561737,0.03111077380677064,0.5834061081210772,0.5834061081210772,0.0,3.0,3.0,1670.0,1601.0,0.0,0.20501673221588135,0.42896246910095215,0.7300530672073364,2.0608596801757812,7.0
dynamic,1,1,168,0.5968898582458496,0.5644617668787638,0.03242809476951758,0.5789350062608719,0.5789350062608719,0.0,3.0,3.0,1680.0,1601.0,0.0,0.20501673221588135,0.42896246910095215,0.7300530672073364,2.0608596801757812,7.0
dynamic,1,1,169,0.6001203989982605,0.567923659880956,0.03219674989581108,0.5895312707622846,0.5895312707622846,0.0,3.0,3.0,1690.0,1601.0,0.0,0.20501673221588135,0.42896246910095215,0.7300530672073364,2.0608596801757812,7.0
dynamic,1,1,170,0.5986747495333353,0.5659999044736227,0.0326748443643252,0.5725189088781675,0.5725189088781675,0.0,3.0,3.0,1700.0,1601.0,0.0,0.20501673221588135,0.42896246910095215,0.7300530672073364,2.0608596801757812,7.0
dynamic,1,1,171,0.6107552814483642,0.5757683809598287,0.03498689894874891,0.6001257440447807,0.6001257440447807,0.0,3.0,3.0,1710.0,1701.0,0.0,0.244354709982872,0.5144758224487305,0.8351923823356628,1.5047798156738281,6.0
dynamic,1,1,172,0.6041255394617716,0.5728924262523651,0.031233115941286086,0.5662723875045776,0.5662723875045776,0.0,3.0,3.0,1720.0,1701.0,0.0,0.244354709982872,0.5144758224487305,0.8351923823356628,1.5047798156738281,6.0
dynamic,1,1,173,0.6016929507255554,0.5684859697024027,0.03320698072512945,0.5690600896875063,0.5690600896875063,0.0,3.0,3.0,1730.0,1701.0,0.0,0.244354709982872,0.5144758224487305,0.8351923823356628,1.5047798156738281,6.0
dynamic,1,1,174,0.6007754055658976,0.5650638349850973,0.035711565713087715,0.5702640088399251,0.5702640088399251,0.0,3.0,3.0,1740.0,1701.0,0.0,0.244354709982872,0.5144758224487305,0.8351923823356628,1.5047798156738281,6.0
dynamic,1,1,175,0.5980733029047648,0.5650028483072916,0.03307045976320903,0.5703261058529218,0.5703261058529218,0.0,3.0,3.0,1750.0,1701.0,0.0,0.244354709982872,0.5144758224487305,0.8351923823356628,1.5047798156738281,6.0
dynamic,1,1,176,0.5886027773221334,0.556874809662501,0.031727967212597526,0.5686892399191856,0.5686892399191856,0.0,3.0,3.0,1760.0,1701.0,0.0,0.244354709982872,0.5144758224487305,0.8351923823356628,1.5047798156738281,6.0
dynamic,1,1,177,0.5877839159965516,0.5550044465065003,0.03277946775158246,0.5668770413597425,0.5668770413597425,0.0,3.0,3.0,1770.0,1701.0,0.0,0.244354709982872,0.5144758224487305,0.8351923823356628,1.5047798156738281,6.0
dynamic,1,1,178,0.6080317934354146,0.5741279419263204,0.03390385354558627,0.581209225555261,0.581209225555261,0.0,3.0,3.0,1780.0,1701.0,0.0,0.244354709982872,0.5144758224487305,0.8351923823356628,1.5047798156738281,6.0
dynamic,1,1,179,0.5982822895050048,0.5650538221995036,0.033228457818428675,0.5654934271176656,0.5654934271176656,0.0,3.0,3.0,1790.0,1701.0,0.0,0.244354709982872,0.5144758224487305,0.8351923823356628,1.5047798156738281,6.0
dynamic,1,1,180,0.5963971432050069,0.5617120043436686,0.034685129622618355,0.5652671964963277,0.5652671964963277,0.0,3.0,3.0,1800.0,1701.0,0.0,0.244354709982872,0.5144758224487305,0.8351923823356628,1.5047798156738281,6.0
dynamic,1,1,181,0.5848201036453247,0.5519446269671122,0.03287548343340556,0.5601797005534173,0.5601797005534173,0.0,3.0,3.0,1810.0,1801.0,0.0,0.24893048405647278,0.5116767883300781,0.7343099117279053,1.7092175483703613,7.0
dynamic,1,1,182,0.5909678188959757,0.5569213573137919,0.034046478271484375,0.5596707250674565,0.5596707250674565,0.0,3.0,3.0,1820.0,1801.0,0.0,0.24893048405647278,0.5116767883300781,0.7343099117279053,1.7092175483703613,7.0
dynamic,1,1,183,0.5839854327837626,0.5476661475499471,0.03631928965449333,0.563964701294899,0.563964701294899,0.0,3.0,3.0,1830.0,1801.0,0.0,0.24893048405647278,0.5116767883300781,0.7343099117279053,1.7092175483703613,7.0
dynamic,1,1,184,0.5950563931465149,0.5610038820902506,0.03405250370502472,0.5639984919627508,0.5639984919627508,0.0,3.0,3.0,1840.0,1801.0,0.0,0.24893048405647278,0.5116767883300781,0.7343099117279053,1.7092175483703613,7.0
dynamic,1,1,185,0.5771241553624471,0.5431715440750122,0.03395260905226072,0.5665150316556294,0.5665150316556294,0.0,3.0,3.0,1850.0,1801.0,0.0,0.24893048405647278,0.5116767883300781,0.7343099117279053,1.7092175483703613,7.0
dynamic,1,1,186,0.5826943906148275,0.5504541675249736,0.03224021206299464,0.5601324516534806,0.5601324516534806,0.0,3.0,3.0,1860.0,1801.0,0.0,0.24893048405647278,0.5116767883300781,0.7343099117279053,1.7092175483703613,7.0
dynamic,1,1,187,0.6061036292711893,0.571664216518402,0.03443941121300061,0.5534398032228152,0.5534398032228152,0.0,3.0,3.0,1870.0,1801.0,0.0,0.24893048405647278,0.5116767883300781,0.7343099117279053,1.7092175483703613,7.0
dynamic,1,1,188,0.5914200623830159,0.5559886328379313,0.035431430836518604,0.5596497962872188,0.5596497962872188,0.0,3.0,3.0,1880.0,1801.0,0.0,0.24893048405647278,0.5116767883300781,0.7343099117279053,1.7092175483703613,7.0
dynamic,1,1,189,0.5963137189547221,0.5614143570264181,0.03489936610062917,0.5604302969574928,0.5604302969574928,0.0,3.0,3.0,1890.0,1801.0,0.0,0.24893048405647278,0.5116767883300781,0.7343099117279053,1.7092175483703613,7.0
dynamic,1,1,190,0.5894076784451803,0.5532726709047954,0.03613500600059827,0.5563721440235774,0.5563721440235774,0.0,3.0,3.0,1900.0,1801.0,0.0,0.24893048405647278,0.5116767883300781,0.7343099117279053,1.7092175483703613,7.0
dynamic,1,1,191,0.585374280611674,0.5484759449958801,0.03689833402633667,0.5721584915121396,0.5721584915121396,0.0,3.0,3.0,1910.0,1901.0,0.0,0.26812487840652466,0.5895745754241943,0.8314247131347656,1.8111953735351562,8.0
dynamic,1,1,192,0.588334572315216,0.5534229056040446,0.03491166852414608,0.5545921348532041,0.5545921348532041,0.0,3.0,3.0,1920.0,1901.0,0.0,0.26812487840652466,0.5895745754241943,0.8314247131347656,1.8111953735351562,8.0
dynamic,1,1,193,0.5766168999671936,0.5419712404410044,0.0346456595758597,0.5540795135498047,0.5540795135498047,0.0,3.0,3.0,1930.0,1901.0,0.0,0.26812487840652466,0.5895745754241943,0.8314247131347656,1.8111953735351562,8.0
dynamic,1,1,194,0.5790451041857402,0.5452212647596995,0.033823840667804084,0.5541667085886002,0.5541667085886002,0.0,3.0,3.0,1940.0,1901.0,0.0,0.26812487840652466,0.5895745754241943,0.8314247131347656,1.8111953735351562,8.0
dynamic,1,1,195,0.5934548417727152,0.5601305564244589,0.033324290563662845,0.5518385750055314,0.5518385750055314,0.0,3.0,3.0,1950.0,1901.0,0.0,0.26812487840652466,0.5895745754241943,0.8314247131347656,1.8111953735351562,8.0
dynamic,1,1,196,0.5804638838768006,0.544624232451121,0.03583964834610621,0.5521622329950333,0.5521622329950333,0.0,3.0,3.0,1960.0,1901.0,0.0,0.26812487840652466,0.5895745754241943,0.8314247131347656,1.8111953735351562,8.0
dynamic,1,1,197,0.5916324710845947,0.5566241637865702,0.035008321354786556,0.551256078183651,0.551256078183651,0.0,3.0,3.0,1970.0,1901.0,0.0,0.26812487840652466,0.5895745754241943,0.8314247131347656,1.8111953735351562,8.0
dynamic,1,1,198,0.5756141551335653,0.5414474717775981,0.03416668022672335,0.5506739539901415,0.5506739539901415,0.0,3.0,3.0,1980.0,1901.0,0.0,0.26812487840652466,0.5895745754241943,0.8314247131347656,1.8111953735351562,8.0
dynamic,1,1,199,0.5856010699272156,0.5512843147913615,0.034316754440466564,0.5487170120080312,0.5487170120080312,0.0,3.0,3.0,1990.0,1901.0,0.0,0.26812487840652466,0.5895745754241943,0.8314247131347656,1.8111953735351562,8.0
dynamic,1,1,200,0.5832216540972391,0.5468451174100241,0.03637653976678848,0.5479371971885363,0.5479371971885363,0.0,3.0,3.0,2000.0,1901.0,0.0,0.26812487840652466,0.5895745754241943,0.8314247131347656,1.8111953735351562,8.0
dynamic,1,1,201,0.574108468691508,0.5401419432957967,0.03396651675303777,0.5546698068579038,0.5546698068579038,0.0,3.0,3.0,2010.0,2001.0,0.0,0.24186092615127563,0.5553126335144043,0.6860774755477905,1.5894088745117188,7.0
dynamic,1,1,202,0.599241106112798,0.5622682209809621,0.03697288086016973,0.5593609884381294,0.5593609884381294,0.0,3.0,3.0,2020.0,2001.0,0.0,0.24186092615127563,0.5553126335144043,0.6860774755477905,1.5894088745117188,7.0
dynamic,1,1,203,0.5822764388720194,0.5481760573387146,0.03410038039088249,0.5591148777802786,0.5591148777802786,0.0,3.0,3.0,2030.0,2001.0,0.0,0.24186092615127563,0.5553126335144043,0.6860774755477905,1.5894088745117188,7.0
dynamic,1,1,204,0.5620678075154623,0.5279691843191783,0.03409862081209818,0.5445785050590833,0.5445785050590833,0.0,3.0,3.0,2040.0,2001.0,0.0,0.24186092615127563,0.5553126335144043,0.6860774755477905,1.5894088745117188,7.0
dynamic,1,1,205,0.6016160400708517,0.564408446153005,0.03720758746067683,0.5537119316061337,0.5537119316061337,0.0,3.0,3.0,2050.0,2001.0,0.0,0.24186092615127563,0.5553126335144043,0.6860774755477905,1.5894088745117188,7.0
dynamic,1,1,206,0.5769510785738627,0.5428590416908264,0.03409204145272573,0.5404229739308357,0.5404229739308357,0.0,3.0,3.0,2060.0,2001.0,0.0,0.24186092615127563,0.5553126335144043,0.6860774755477905,1.5894088745117188,7.0
dynamic,1,1,207,0.5663430166244506,0.5327073121070862,0.03363570516308149,0.540004728337129,0.540004728337129,0.0,3.0,3.0,2070.0,2001.0,0.0,0.24186092615127563,0.5553126335144043,0.6860774755477905,1.5894088745117188,7.0
dynamic,1,1,208,0.5750100445747376,0.5395105727513632,0.03549947475393613,0.5390148232380549,0.5390148232380549,0.0,3.0,3.0,2080.0,2001.0,0.0,0.24186092615127563,0.5553126335144043,0.6860774755477905,1.5894088745117188,7.0
dynamic,1,1,209,0.5714626324176788,0.5375918300946554,0.03387080863118172,0.5382793700695038,0.5382793700695038,0.0,3.0,3.0,2090.0,2001.0,0.0,0.24186092615127563,0.5553126335144043,0.6860774755477905,1.5894088745117188,7.0
dynamic,1,1,210,0.5621926363309224,0.528337037563324,0.033855596035718916,0.5379799715677898,0.5379799715677898,0.0,3.0,3.0,2100.0,2001.0,0.0,0.24186092615127563,0.5553126335144043,0.6860774755477905,1.5894088745117188,7.0
dynamic,1,1,211,0.5765516455968221,0.5408747680981953,0.03567687859137853,0.5404791087905566,0.5404791087905566,0.0,3.0,3.0,2110.0,2101.0,1.0,0.3271574378013611,0.6542061567306519,1.1599544286727905,1.9552974700927734,15.0
dynamic,1,1,212,0.5720636264483134,0.536570110321045,0.0354935189584891,0.536853264371554,0.536853264371554,0.0,3.0,3.0,2120.0,2101.0,1.0,0.3271574378013611,0.6542061567306519,1.1599544286727905,1.9552974700927734,15.0
dynamic,1,1,213,0.5782202482223511,0.5409220663706461,0.037298193176587426,0.549782182474931,0.549782182474931,0.0,3.0,3.0,2130.0,2101.0,1.0,0.3271574378013611,0.6542061567306519,1.1599544286727905,1.9552974700927734,15.0
dynamic,1,1,214,0.5733503293991089,0.5391487177213033,0.03420161286989848,0.5396921584010124,0.5396921584010124,0.0,3.0,3.0,2140.0,2101.0,1.0,0.3271574378013611,0.6542061567306519,1.1599544286727905,1.9552974700927734,15.0
dynamic,1,1,215,0.5679391185442607,0.5330977511405944,0.03484136919180552,0.5351910060644149,0.5351910060644149,0.0,3.0,3.0,2150.0,2101.0,1.0,0.3271574378013611,0.6542061567306519,1.1599544286727905,1.9552974700927734,15.0
dynamic,1,1,216,0.587330813407898,0.5483334179719289,0.0389973850051562,0.543250273168087,0.543250273168087,0.0,3.0,3.0,2160.0,2101.0,1.0,0.3271574378013611,0.6542061567306519,1.1599544286727905,1.9552974700927734,15.0
dynamic,1,1,217,0.5797968339920044,0.5420489792029063,0.03774786313374837,0.5425496778885524,0.5425496778885524,0.0,3.0,3.0,2170.0,2101.0,1.0,0.3271574378013611,0.6542061567306519,1.1599544286727905,1.9552974700927734,15.0
dynamic,1,1,218,0.5736050438880921,0.5357497278849284,0.037855316052834195,0.5423387566208839,0.5423387566208839,0.0,3.0,3.0,2180.0,2101.0,1.0,0.3271574378013611,0.6542061567306519,1.1599544286727905,1.9552974700927734,15.0
dynamic,1,1,219,0.565615843931834,0.5282332885265351,0.03738254790504773,0.5437147024273873,0.5437147024273873,0.0,3.0,3.0,2190.0,2101.0,1.0,0.3271574378013611,0.6542061567306519,1.1599544286727905,1.9552974700927734,15.0
dynamic,1,1,220,0.591948174238205,0.5503771396478018,0.04157103449106216,0.5506620525320371,0.5506620525320371,0.0,3.0,3.0,2200.0,2101.0,1.0,0.3271574378013611,0.6542061567306519,1.1599544286727905,1.9552974700927734,15.0
dynamic,1,1,221,0.586061593691508,0.557548790772756,0.028512805725137393,0.5576371446251869,0.5576371446251869,0.0,4.0,4.0,2210.0,2201.0,0.0,0.3207324147224426,0.752310037612915,1.0723531246185303,2.1812591552734375,14.0
dynamic,1,1,222,0.5729053449630738,0.5446301964918773,0.028275145689646404,0.5520722749829292,0.5520722749829292,0.0,4.0,4.0,2220.0,2201.0,0.0,0.3207324147224426,0.752310037612915,1.0723531246185303,2.1812591552734375,14.0
dynamic,1,1,223,0.5751063998540242,0.5468662015597026,0.028240199436744055,0.5459748948613803,0.5459748948613803,0.0,4.0,4.0,2230.0,2201.0,0.0,0.3207324147224426,0.752310037612915,1.0723531246185303,2.1812591552734375,14.0
dynamic,1,1,224,0.5630555820465087,0.5357415382067362,0.027314048210779825,0.5340313673019409,0.5340313673019409,0.0,4.0,4.0,2240.0,2201.0,0.0,0.3207324147224426,0.752310037612915,1.0723531246185303,2.1812591552734375,14.0
dynamic,1,1,225,0.56845707654953,0.5422146447499593,0.026242433910568554,0.5336677782734235,0.5336677782734235,0.0,4.0,4.0,2250.0,2201.0,0.0,0.3207324147224426,0.752310037612915,1.0723531246185303,2.1812591552734375,14.0
dynamic,1,1,226,0.5611469380060832,0.534349061648051,0.02679788147409757,0.5391077672441801,0.5391077672441801,0.0,4.0,4.0,2260.0,2201.0,0.0,0.3207324147224426,0.752310037612915,1.0723531246185303,2.1812591552734375,14.0
dynamic,1,1,227,0.5548340670267741,0.5278495613733928,0.026984500885009765,0.5279441263278325,0.5279441263278325,0.0,4.0,4.0,2270.0,2201.0,0.0,0.3207324147224426,0.752310037612915,1.0723531246185303,2.1812591552734375,14.0
dynamic,1,1,228,0.5564454372723897,0.5309389805793763,0.02550646151105563,0.5242759429415067,0.5242759429415067,0.0,4.0,4.0,2280.0,2201.0,0.0,0.3207324147224426,0.752310037612915,1.0723531246185303,2.1812591552734375,14.0
dynamic,1,1,229,0.5597718381881713,0.5333359869321187,0.02643585612376531,0.5170739498734475,0.5170739498734475,0.0,4.0,4.0,2290.0,2201.0,0.0,0.3207324147224426,0.752310037612915,1.0723531246185303,2.1812591552734375,14.0
dynamic,1,1,230,0.5536619091033935,0.5293206842740377,0.024341221352418264,0.5182644414901734,0.5182644414901734,0.0,4.0,4.0,2300.0,2201.0,0.0,0.3207324147224426,0.752310037612915,1.0723531246185303,2.1812591552734375,14.0
dynamic,1,1,231,0.5339213013648987,0.5111215607325236,0.02279973477125168,0.5017720258235931,0.5017720258235931,0.0,4.0,4.0,2310.0,2301.0,0.0,0.18457962572574615,0.48850923776626587,0.632512092590332,1.849792718887329,5.0
dynamic,1,1,232,0.5430601334571838,0.5187708671887715,0.024289263884226482,0.5193356723586718,0.5193356723586718,0.0,4.0,4.0,2320.0,2301.0,0.0,0.18457962572574615,0.48850923776626587,0.632512092590332,1.849792718887329,5.0
dynamic,1,1,233,0.5384145601590474,0.5144810597101848,0.023933497220277787,0.5198391592502594,0.5198391592502594,0.0,4.0,4.0,2330.0,2301.0,0.0,0.18457962572574615,0.48850923776626587,0.632512092590332,1.849792718887329,5.0
dynamic,1,1,234,0.5314868545532226,0.5094540047645569,0.02203284958998362,0.5091516793767611,0.5091516793767611,0.0,4.0,4.0,2340.0,2301.0,0.0,0.18457962572574615,0.48850923776626587,0.632512092590332,1.849792718887329,5.0
dynamic,1,1,235,0.5260696669419607,0.5036975459257762,0.02237211599946022,0.5114679046471914,0.5114679046471914,0.0,4.0,4.0,2350.0,2301.0,0.0,0.18457962572574615,0.48850923776626587,0.632512092590332,1.849792718887329,5.0
dynamic,1,1,236,0.5466212860743205,0.5232035485903422,0.023417735894521077,0.5123155057430268,0.5123155057430268,0.0,4.0,4.0,2360.0,2301.0,0.0,0.18457962572574615,0.48850923776626587,0.632512092590332,1.849792718887329,5.0
dynamic,1,1,237,0.5264856521288553,0.5048766414324443,0.021609018097321193,0.4977993267774582,0.4977993267774582,0.0,4.0,4.0,2370.0,2301.0,0.0,0.18457962572574615,0.48850923776626587,0.632512092590332,1.849792718887329,5.0
dynamic,1,1,238,0.5216439493497212,0.4996479320526123,0.02199602166811625,0.5097779503464699,0.5097779503464699,0.0,4.0,4.0,2380.0,2301.0,0.0,0.18457962572574615,0.48850923776626587,0.632512092590332,1.849792718887329,5.0
dynamic,1,1,239,0.5319341810544332,0.5098110961914063,0.022123086005449294,0.5111111211776733,0.5111111211776733,0.0,4.0,4.0,2390.0,2301.0,0.0,0.18457962572574615,0.48850923776626587,0.632512092590332,1.849792718887329,5.0
dynamic,1,1,240,0.5350476082166036,0.513284044265747,0.021763567154606183,0.4943848795692126,0.4943848795692126,0.0,4.0,4.0,2400.0,2301.0,0.0,0.18457962572574615,0.48850923776626587,0.632512092590332,1.849792718887329,5.0
dynamic,1,1,241,0.531060182650884,0.5098040107885996,0.021256175984938938,0.48833186805248263,0.48833186805248263,0.0,4.0,4.0,2410.0,2401.0,0.0,0.16703608632087708,0.4726954698562622,0.6343527436256409,1.4742155075073242,3.0
dynamic,1,1,242,0.5400277352333069,0.5179959301153819,0.022031810532013574,0.4916602425773938,0.4916602425773938,0.0,4.0,4.0,2420.0,2401.0,0.0,0.16703608632087708,0.4726954698562622,0.6343527436256409,1.4742155075073242,3.0
dynamic,1,1,243,0.5439519572257996,0.5217664408683776,0.02218551516532898,0.4899110573530197,0.4899110573530197,0.0,4.0,4.0,2430.0,2401.0,0.0,0.16703608632087708,0.4726954698562622,0.6343527436256409,1.4742155075073242,3.0
dynamic,1,1,244,0.5190234104792277,0.4985681327184041,0.020455282280842462,0.486558567682902,0.486558567682902,0.0,4.0,4.0,2440.0,2401.0,0.0,0.16703608632087708,0.4726954698562622,0.6343527436256409,1.4742155075073242,3.0
dynamic,1,1,245,0.5151772658030193,0.49452122847239177,0.020656034077207248,0.48245755702257154,0.48245755702257154,0.0,4.0,4.0,2450.0,2401.0,0.0,0.16703608632087708,0.4726954698562622,0.6343527436256409,1.4742155075073242,3.0
dynamic,1,1,246,0.524573978583018,0.5033459345499675,0.02122803802291552,0.47553254117568333,0.47553254117568333,0.0,4.0,4.0,2460.0,2401.0,0.0,0.16703608632087708,0.4726954698562622,0.6343527436256409,1.4742155075073242,3.0
dynamic,1,1,247,0.519246187210083,0.49884842077891034,0.020397767821947733,0.4694765701889992,0.4694765701889992,0.0,4.0,4.0,2470.0,2401.0,0.0,0.16703608632087708,0.4726954698562622,0.6343527436256409,1.4742155075073242,3.0
dynamic,1,1,248,0.4970444385210673,0.4767917788028717,0.020252660115559897,0.472318011422952,0.472318011422952,0.0,4.0,4.0,2480.0,2401.0,0.0,0.16703608632087708,0.4726954698562622,0.6343527436256409,1.4742155075073242,3.0
dynamic,1,1,249,0.5156553208827972,0.4935229019323985,0.022132415200273196,0.4659259143471718,0.4659259143471718,0.0,4.0,4.0,2490.0,2401.0,0.0,0.16703608632087708,0.4726954698562622,0.6343527436256409,1.4742155075073242,3.0
dynamic,1,1,250,0.503788845539093,0.48251496473948163,0.021273882488409678,0.4593385684490204,0.4593385684490204,0.0,4.0,4.0,2500.0,2401.0,0.0,0.16703608632087708,0.4726954698562622,0.6343527436256409,1.4742155075073242,3.0
dynamic,1,1,251,0.49620070060094196,0.47395315845807395,0.0222475399573644,0.4573797916372617,0.4573797916372617,0.0,4.0,4.0,2510.0,2501.0,0.0,0.17187754809856415,0.41529151797294617,0.6322596073150635,1.03668212890625,1.0
dynamic,1,1,252,0.498184285958608,0.47660964488983154,0.021574634661277136,0.4476234145959218,0.4476234145959218,0.0,4.0,4.0,2520.0,2501.0,0.0,0.17187754809856415,0.41529151797294617,0.6322596073150635,1.03668212890625,1.0
dynamic,1,1,253,0.4788865411281586,0.458985614379247,0.01990092928210894,0.45610410392284395,0.45610410392284395,0.0,4.0,4.0,2530.0,2501.0,0.0,0.17187754809856415,0.41529151797294617,0.6322596073150635,1.03668212890625,1.0
dynamic,1,1,254,0.48691574891408285,0.46514070709546407,0.02177504390478134,0.4536286062002182,0.4536286062002182,0.0,4.0,4.0,2540.0,2501.0,0.0,0.17187754809856415,0.41529151797294617,0.6322596073150635,1.03668212890625,1.0
dynamic,1,1,255,0.48714242696762083,0.46578977823257445,0.02135264535744985,0.44948977639277776,0.44948977639277776,0.0,4.0,4.0,2550.0,2501.0,0.0,0.17187754809856415,0.41529151797294617,0.6322596073150635,1.03668212890625,1.0
dynamic,1,1,256,0.4942484903335571,0.4733239702383677,0.02092451569934686,0.4435155954460303,0.4435155954460303,0.0,4.0,4.0,2560.0,2501.0,0.0,0.17187754809856415,0.41529151797294617,0.6322596073150635,1.03668212890625,1.0
dynamic,1,1,257,0.46851269006729124,0.4479553286234538,0.020557365243633587,0.4400765126943588,0.4400765126943588,0.0,4.0,4.0,2570.0,2501.0,0.0,0.17187754809856415,0.41529151797294617,0.6322596073150635,1.03668212890625,1.0
dynamic,1,1,258,0.479364120165507,0.4579011809825897,0.02146294149259726,0.43319826111197474,0.43319826111197474,0.0,4.0,4.0,2580.0,2501.0,0.0,0.17187754809856415,0.41529151797294617,0.6322596073150635,1.03668212890625,1.0
dynamic,1,1,259,0.45797252257665,0.43761379361152647,0.02035872717698415,0.4294410871962706,0.4294410871962706,0.0,4.0,4.0,2590.0,2501.0,0.0,0.17187754809856415,0.41529151797294617,0.6322596073150635,1.03668212890625,1.0
dynamic,1,1,260,0.46959729154904684,0.44831435561180116,0.021282939140995345,0.4291494143505891,0.4291494143505891,0.0,4.0,4.0,2600.0,2501.0,0.0,0.17187754809856415,0.41529151797294617,0.6322596073150635,1.03668212890625,1.0
dynamic,1,1,261,0.4637524739901225,0.443065699338913,0.020686774452527364,0.42705970600247384,0.42705970600247384,0.0,4.0,4.0,2610.0,2601.0,0.0,0.17473973333835602,0.37034547328948975,0.5214381217956543,2.1955814361572266,3.0
dynamic,1,1,262,0.46131165941556296,0.4398360300064087,0.021475620716810227,0.42351628104845684,0.42351628104845684,0.0,4.0,4.0,2620.0,2601.0,0.0,0.17473973333835602,0.37034547328948975,0.5214381217956543,2.1955814361572266,3.0
dynamic,1,1,263,0.46241341829299926,0.4411446754137675,0.02126874268054962,0.42276908218860626,0.42276908218860626,0.0,4.0,4.0,2630.0,2601.0,0.0,0.17473973333835602,0.37034547328948975,0.5214381217956543,2.1955814361572266,3.0
dynamic,1,1,264,0.4675775996843974,0.4449073529243469,0.022670241942008337,0.4198270469903946,0.4198270469903946,0.0,4.0,4.0,2640.0,2601.0,0.0,0.17473973333835602,0.37034547328948975,0.5214381217956543,2.1955814361572266,3.0
dynamic,1,1,265,0.4472163085142771,0.4274700574080149,0.019746251553297043,0.41185257310668627,0.41185257310668627,0.0,4.0,4.0,2650.0,2601.0,0.0,0.17473973333835602,0.37034547328948975,0.5214381217956543,2.1955814361572266,3.0
dynamic,1,1,266,0.4487009867032369,0.4273907931645711,0.021310190185904503,0.4228918841481209,0.4228918841481209,0.0,4.0,4.0,2660.0,2601.0,0.0,0.17473973333835602,0.37034547328948975,0.5214381217956543,2.1955814361572266,3.0
dynamic,1,1,267,0.462807461420695,0.44102477669715884,0.021782683754960695,0.41318074559171997,0.41318074559171997,0.0,4.0,4.0,2670.0,2601.0,0.0,0.17473973333835602,0.37034547328948975,0.5214381217956543,2.1955814361572266,3.0
dynamic,1,1,268,0.4440772525469462,0.4233275282382965,0.020749725004037222,0.40899584084749224,0.40899584084749224,0.0,4.0,4.0,2680.0,2601.0,0.0,0.17473973333835602,0.37034547328948975,0.5214381217956543,2.1955814361572266,3.0
dynamic,1,1,269,0.4438704951604207,0.42406625707944234,0.01980423922340075,0.4126295534769694,0.4126295534769694,0.0,4.0,4.0,2690.0,2601.0,0.0,0.17473973333835602,0.37034547328948975,0.5214381217956543,2.1955814361572266,3.0
dynamic,1,1,270,0.4441999864578247,0.4234614876906077,0.020738499363263448,0.40959090312321983,0.40959090312321983,0.0,4.0,4.0,2700.0,2601.0,0.0,0.17473973333835602,0.37034547328948975,0.5214381217956543,2.1955814361572266,3.0
dynamic,1,1,271,0.4551112469037374,0.43335629304250084,0.02175495738784472,0.40834738637010254,0.40834738637010254,0.0,4.0,4.0,2710.0,2701.0,0.0,0.1459391713142395,0.3532099723815918,0.5051016211509705,1.7829971313476562,2.0
dynamic,1,1,272,0.4336233588059743,0.4136760421593984,0.0199473162740469,0.4040869386990865,0.4040869386990865,0.0,4.0,4.0,2720.0,2701.0,0.0,0.1459391713142395,0.3532099723815918,0.5051016211509705,1.7829971313476562,2.0
dynamic,1,1,273,0.4387692419687907,0.4186813179651896,0.020087922513484954,0.4036244860788186,0.4036244860788186,0.0,4.0,4.0,2730.0,2701.0,0.0,0.1459391713142395,0.3532099723815918,0.5051016211509705,1.7829971313476562,2.0
dynamic,1,1,274,0.43552711804707844,0.4158326427141825,0.01969447468717893,0.3950088120996952,0.3950088120996952,0.0,4.0,4.0,2740.0,2701.0,0.0,0.1459391713142395,0.3532099723815918,0.5051016211509705,1.7829971313476562,2.0
dynamic,1,1,275,0.4186826185385386,0.39896430691083273,0.019718307082851726,0.4096780447661877,0.4096780447661877,0.0,4.0,4.0,2750.0,2701.0,0.0,0.1459391713142395,0.3532099723815918,0.5051016211509705,1.7829971313476562,2.0
dynamic,1,1,276,0.4249248174826304,0.40422958970069883,0.020695226242144902,0.4082619347174962,0.4082619347174962,0.0,4.0,4.0,2760.0,2701.0,0.0,0.1459391713142395,0.3532099723815918,0.5051016211509705,1.7829971313476562,2.0
dynamic,1,1,277,0.4300847899913788,0.4082354919115702,0.021849300886193912,0.39054950937628746,0.39054950937628746,0.0,4.0,4.0,2770.0,2701.0,0.0,0.1459391713142395,0.3532099723815918,0.5051016211509705,1.7829971313476562,2.0
dynamic,1,1,278,0.42475879430770874,0.40348776936531067,0.021271023601293564,0.3865626891454061,0.3865626891454061,0.0,4.0,4.0,2780.0,2701.0,0.0,0.1459391713142395,0.3532099723815918,0.5051016211509705,1.7829971313476562,2.0
dynamic,1,1,279,0.41279062032699587,0.39210071563720705,0.020689900840322177,0.39157814159989357,0.39157814159989357,0.0,4.0,4.0,2790.0,2701.0,0.0,0.1459391713142395,0.3532099723815918,0.5051016211509705,1.7829971313476562,2.0
dynamic,1,1,280,0.42396592020988466,0.402242591381073,0.021723333646853766,0.3881233239173889,0.3881233239173889,0.0,4.0,4.0,2800.0,2701.0,0.0,0.1459391713142395,0.3532099723815918,0.5051016211509705,1.7829971313476562,2.0
dynamic,1,1,281,0.4270891245206197,0.40443729400634765,0.022651834686597188,0.38752743527293204,0.38752743527293204,0.0,4.0,4.0,2810.0,2801.0,0.0,0.1532421112060547,0.36223649978637695,0.5077135562896729,1.3599777221679688,2.0
dynamic,1,1,282,0.4142925437291463,0.39264180183410646,0.021650739312171936,0.3721045225361983,0.3721045225361983,0.0,4.0,4.0,2820.0,2801.0,0.0,0.1532421112060547,0.36223649978637695,0.5077135562896729,1.3599777221679688,2.0
dynamic,1,1,283,0.42177402893702187,0.3999077665805817,0.02186626076698303,0.3751719070971012,0.3751719070971012,0.0,4.0,4.0,2830.0,2801.0,0.0,0.1532421112060547,0.36223649978637695,0.5077135562896729,1.3599777221679688,2.0
dynamic,1,1,284,0.4082507983843486,0.3859417561690013,0.022309041569630306,0.3815102215607961,0.3815102215607961,0.0,4.0,4.0,2840.0,2801.0,0.0,0.1532421112060547,0.36223649978637695,0.5077135562896729,1.3599777221679688,2.0
dynamic,1,1,285,0.40585734605789187,0.3844028766949972,0.021454468071460724,0.36488229359189667,0.36488229359189667,0.0,4.0,4.0,2850.0,2801.0,0.0,0.1532421112060547,0.36223649978637695,0.5077135562896729,1.3599777221679688,2.0
dynamic,1,1,286,0.4027544935544332,0.3815253722667694,0.021229122405250867,0.3704566719631354,0.3704566719631354,0.0,4.0,4.0,2860.0,2801.0,0.0,0.1532421112060547,0.36223649978637695,0.5077135562896729,1.3599777221679688,2.0
dynamic,1,1,287,0.3975238498051961,0.37579926252365115,0.0217245860149463,0.3657650688787301,0.3657650688787301,0.0,4.0,4.0,2870.0,2801.0,0.0,0.1532421112060547,0.36223649978637695,0.5077135562896729,1.3599777221679688,2.0
dynamic,1,1,288,0.3928392883141836,0.3721623647212982,0.020676921606063842,0.35526855250199635,0.35526855250199635,0.0,4.0,4.0,2880.0,2801.0,0.0,0.1532421112060547,0.36223649978637695,0.5077135562896729,1.3599777221679688,2.0
dynamic,1,1,289,0.39175554990768435,0.371438543399175,0.02031700516740481,0.360311486274004,0.360311486274004,0.0,4.0,4.0,2890.0,2801.0,0.0,0.1532421112060547,0.36223649978637695,0.5077135562896729,1.3599777221679688,2.0
dynamic,1,1,290,0.39542930324872333,0.3724219560623169,0.0230073419213295,0.3579971078534921,0.3579971078534921,0.0,4.0,4.0,2900.0,2801.0,0.0,0.1532421112060547,0.36223649978637695,0.5077135562896729,1.3599777221679688,2.0
dynamic,1,1,291,0.3992332251866659,0.37629944920539854,0.022933779060840608,0.35207844952742257,0.35207844952742257,0.0,4.0,4.0,2910.0,2901.0,0.0,0.19493122398853302,0.4679846167564392,0.6096081137657166,1.460733413696289,3.0
dynamic,1,1,292,0.3869869494438171,0.3648005294799805,0.02218641549348831,0.34653648460904757,0.34653648460904757,0.0,4.0,4.0,2920.0,2901.0,0.0,0.19493122398853302,0.4679846167564392,0.6096081137657166,1.460733413696289,3.0
dynamic,1,1,293,0.38303645809491477,0.3604552272955577,0.02258123276134332,0.3447963148355484,0.3447963148355484,0.0,4.0,4.0,2930.0,2901.0,0.0,0.19493122398853302,0.4679846167564392,0.6096081137657166,1.460733413696289,3.0
dynamic,1,1,294,0.3841384017467499,0.36252273003260294,0.02161567156513532,0.35239525844653447,0.35239525844653447,0.0,4.0,4.0,2940.0,2901.0,0.0,0.19493122398853302,0.4679846167564392,0.6096081137657166,1.460733413696289,3.0
dynamic,1,1,295,0.37699671983718874,0.35416126648585,0.022835452382763227,0.3448784443239371,0.3448784443239371,0.0,4.0,4.0,2950.0,2901.0,0.0,0.19493122398853302,0.4679846167564392,0.6096081137657166,1.460733413696289,3.0
dynamic,1,1,296,0.3701645298798879,0.3499609669049581,0.02020356071492036,0.343449202477932,0.343449202477932,0.0,4.0,4.0,2960.0,2901.0,0.0,0.19493122398853302,0.4679846167564392,0.6096081137657166,1.460733413696289,3.0
dynamic,1,1,297,0.386321108341217,0.36252681811650594,0.023794287890195845,0.3457825633386771,0.3457825633386771,0.0,4.0,4.0,2970.0,2901.0,0.0,0.19493122398853302,0.4679846167564392,0.6096081137657166,1.460733413696289,3.0
dynamic,1,1,298,0.3755175761381785,0.35297631939252216,0.022541254510482153,0.34040974314014116,0.34040974314014116,0.0,4.0,4.0,2980.0,2901.0,0.0,0.19493122398853302,0.4679846167564392,0.6096081137657166,1.460733413696289,3.0
dynamic,1,1,299,0.3767904452482859,0.3541723724206289,0.02261807583272457,0.34564907108743986,0.34564907108743986,0.0,4.0,4.0,2990.0,2901.0,0.0,0.19493122398853302,0.4679846167564392,0.6096081137657166,1.460733413696289,3.0
dynamic,1,1,300,0.3723804223537445,0.34893062591552737,0.02344979926943779,0.3372856330871582,0.3372856330871582,0.0,4.0,4.0,3000.0,2901.0,0.0,0.19493122398853302,0.4679846167564392,0.6096081137657166,1.460733413696289,3.0
dynamic,1,1,301,0.3639133290449778,0.3418425460656484,0.022070785810550053,0.3380116563042005,0.3380116563042005,0.0,4.0,4.0,3010.0,3001.0,0.0,0.1925453394651413,0.5101100206375122,0.6407084465026855,1.3957654237747192,5.0
dynamic,1,1,302,0.36637910962104797,0.3449572785695394,0.021421833286682766,0.33286472568909325,0.33286472568909325,0.0,4.0,4.0,3020.0,3001.0,0.0,0.1925453394651413,0.5101100206375122,0.6407084465026855,1.3957654237747192,5.0
dynamic,1,1,303,0.36815612951914467,0.34535567442576093,0.022800451939304668,0.3361960271000862,0.3361960271000862,0.0,4.0,4.0,3030.0,3001.0,0.0,0.1925453394651413,0.5101100206375122,0.6407084465026855,1.3957654237747192,5.0
dynamic,1,1,304,0.36551822106043497,0.3426453777154287,0.022872842301925024,0.3300766086081664,0.3300766086081664,0.0,4.0,4.0,3040.0,3001.0,0.0,0.1925453394651413,0.5101100206375122,0.6407084465026855,1.3957654237747192,5.0
dynamic,1,1,305,0.35803416013717654,0.33707054615020754,0.020963611230254173,0.3284688660502434,0.3284688660502434,0.0,4.0,4.0,3050.0,3001.0,0.0,0.1925453394651413,0.5101100206375122,0.6407084465026855,1.3957654237747192,5.0
dynamic,1,1,306,0.36263877669970196,0.3402335600058238,0.022405217985312142,0.32828360418478647,0.32828360418478647,0.0,4.0,4.0,3060.0,3001.0,0.0,0.1925453394651413,0.5101100206375122,0.6407084465026855,1.3957654237747192,5.0
dynamic,1,1,307,0.3553608616193136,0.3335313109556834,0.02182954842845599,0.3222516412536303,0.3222516412536303,0.0,4.0,4.0,3070.0,3001.0,0.0,0.1925453394651413,0.5101100206375122,0.6407084465026855,1.3957654237747192,5.0
dynamic,1,1,308,0.3538613283634186,0.33144211292266845,0.022419214869538944,0.3331836432218552,0.3331836432218552,0.0,4.0,4.0,3080.0,3001.0,0.0,0.1925453394651413,0.5101100206375122,0.6407084465026855,1.3957654237747192,5.0
dynamic,1,1,309,0.35198537349700926,0.3294487404823303,0.022536632219950357,0.32130935808022815,0.32130935808022815,0.0,4.0,4.0,3090.0,3001.0,0.0,0.1925453394651413,0.5101100206375122,0.6407084465026855,1.3957654237747192,5.0
dynamic,1,1,310,0.3518461847305298,0.32953595876693725,0.022310223405559857,0.33198966458439827,0.33198966458439827,0.0,4.0,4.0,3100.0,3001.0,0.0,0.1925453394651413,0.5101100206375122,0.6407084465026855,1.3957654237747192,5.0
dynamic,1,1,311,0.3654211644331614,0.3406369332472483,0.024784234662850697,0.3201516269147396,0.3201516269147396,0.0,4.0,4.0,3110.0,3101.0,0.0,0.19283011555671692,0.4526247978210449,0.6363840103149414,1.6362109184265137,4.0
dynamic,1,1,312,0.3484032658735911,0.3283932244777679,0.02001004417737325,0.31436495631933215,0.31436495631933215,0.0,4.0,4.0,3120.0,3101.0,0.0,0.19283011555671692,0.4526247978210449,0.6363840103149414,1.6362109184265137,4.0
dynamic,1,1,313,0.3591762912273407,0.33646559437115986,0.022710699687401453,0.3196742198864619,0.3196742198864619,0.0,4.0,4.0,3130.0,3101.0,0.0,0.19283011555671692,0.4526247978210449,0.6363840103149414,1.6362109184265137,4.0
dynamic,1,1,314,0.3476237960656484,0.32389602541923523,0.02372777466972669,0.31877835308512054,0.31877835308512054,0.0,4.0,4.0,3140.0,3101.0,0.0,0.19283011555671692,0.4526247978210449,0.6363840103149414,1.6362109184265137,4.0
dynamic,1,1,315,0.35394470890363056,0.3313937282562256,0.022550978312889734,0.30845936050017675,0.30845936050017675,0.0,4.0,4.0,3150.0,3101.0,0.0,0.19283011555671692,0.4526247978210449,0.6363840103149414,1.6362109184265137,4.0
dynamic,1,1,316,0.3390402734279633,0.3176009428501129,0.021439327920476595,0.30629029507438343,0.30629029507438343,0.0,4.0,4.0,3160.0,3101.0,0.0,0.19283011555671692,0.4526247978210449,0.6363840103149414,1.6362109184265137,4.0
dynamic,1,1,317,0.3383154392242432,0.3161185038089752,0.022196935415267946,0.3197418834269047,0.3197418834269047,0.0,4.0,4.0,3170.0,3101.0,0.0,0.19283011555671692,0.4526247978210449,0.6363840103149414,1.6362109184265137,4.0
dynamic,1,1,318,0.34884111166000364,0.32404875159263613,0.02479236217836539,0.30494097525874775,0.30494097525874775,0.0,4.0,4.0,3180.0,3101.0,0.0,0.19283011555671692,0.4526247978210449,0.6363840103149414,1.6362109184265137,4.0
dynamic,1,1,319,0.33374585668245954,0.3128280731042226,0.02091778422395388,0.2974022126197815,0.2974022126197815,0.0,4.0,4.0,3190.0,3101.0,0.0,0.19283011555671692,0.4526247978210449,0.6363840103149414,1.6362109184265137,4.0
dynamic,1,1,320,0.34698886156082154,0.3219825271765391,0.0250063336143891,0.31981135204434397,0.31981135204434397,0.0,4.0,4.0,3200.0,3101.0,0.0,0.19283011555671692,0.4526247978210449,0.6363840103149414,1.6362109184265137,4.0
dynamic,1,1,321,0.34558543999989827,0.32145999987920126,0.02412543962399165,0.3043639854093393,0.3043639854093393,0.0,4.0,4.0,3210.0,3201.0,0.0,0.16439993679523468,0.43193864822387695,0.6010951399803162,1.2082061767578125,1.0
dynamic,1,1,322,0.3362178186575572,0.31322976112365725,0.02298805224398772,0.30117948323488236,0.30117948323488236,0.0,4.0,4.0,3220.0,3201.0,0.0,0.16439993679523468,0.43193864822387695,0.6010951399803162,1.2082061767578125,1.0
dynamic,1,1,323,0.3252861193815867,0.3036363899707794,0.021649725611011188,0.31116926337281864,0.31116926337281864,0.0,4.0,4.0,3230.0,3201.0,0.0,0.16439993679523468,0.43193864822387695,0.6010951399803162,1.2082061767578125,1.0
dynamic,1,1,324,0.33160471002260844,0.30941115856170653,0.02219354823231697,0.310741215099891,0.310741215099891,0.0,4.0,4.0,3240.0,3201.0,0.0,0.16439993679523468,0.43193864822387695,0.6010951399803162,1.2082061767578125,1.0
dynamic,1,1,325,0.3257933513323466,0.3031059809525808,0.022687367325027782,0.2929927615324656,0.2929927615324656,0.0,4.0,4.0,3250.0,3201.0,0.0,0.16439993679523468,0.43193864822387695,0.6010951399803162,1.2082061767578125,1.0
dynamic,1,1,326,0.325846088329951,0.3041256674130758,0.02172041207551956,0.3001717552045981,0.3001717552045981,0.0,4.0,4.0,3260.0,3201.0,0.0,0.16439993679523468,0.43193864822387695,0.6010951399803162,1.2082061767578125,1.0
dynamic,1,1,327,0.3254485499858856,0.3023597908020019,0.023088754738370576,0.2987725712358952,0.2987725712358952,0.0,4.0,4.0,3270.0,3201.0,0.0,0.16439993679523468,0.43193864822387695,0.6010951399803162,1.2082061767578125,1.0
dynamic,1,1,328,0.32669631878534955,0.30472736378510795,0.021968956192334493,0.29288845996061963,0.29288845996061963,0.0,4.0,4.0,3280.0,3201.0,0.0,0.16439993679523468,0.43193864822387695,0.6010951399803162,1.2082061767578125,1.0
dynamic,1,1,329,0.32872773726781207,0.3066591835021973,0.02206855428715547,0.29573776682217917,0.29573776682217917,0.0,4.0,4.0,3290.0,3201.0,0.0,0.16439993679523468,0.43193864822387695,0.6010951399803162,1.2082061767578125,1.0
dynamic,1,1,330,0.32069481650988263,0.29928457697232563,0.021410239785909654,0.2857629596690337,0.2857629596690337,0.0,4.0,4.0,3300.0,3201.0,0.0,0.16439993679523468,0.43193864822387695,0.6010951399803162,1.2082061767578125,1.0
dynamic,1,1,331,0.32914753516515094,0.3051109786828359,0.02403655747572581,0.2896515876551469,0.2896515876551469,0.0,4.0,4.0,3310.0,3301.0,0.0,0.17217540740966797,0.40482044219970703,0.5619922876358032,1.9098091125488281,2.0
dynamic,1,1,332,0.3271616061528524,0.3040616885821025,0.023099917123715084,0.28685184836387634,0.28685184836387634,0.0,4.0,4.0,3320.0,3301.0,0.0,0.17217540740966797,0.40482044219970703,0.5619922876358032,1.9098091125488281,2.0
dynamic,1,1,333,0.326264343659083,0.3016090416908264,0.024655302166938783,0.290121235648791,0.290121235648791,0.0,4.0,4.0,3330.0,3301.0,0.0,0.17217540740966797,0.40482044219970703,0.5619922876358032,1.9098091125488281,2.0
dynamic,1,1,334,0.32022730271021527,0.2972570466995239,0.02297025720278422,0.2831729627152284,0.2831729627152284,0.0,4.0,4.0,3340.0,3301.0,0.0,0.17217540740966797,0.40482044219970703,0.5619922876358032,1.9098091125488281,2.0
dynamic,1,1,335,0.3110123387972514,0.2894338345527649,0.021578505635261536,0.28478103424112,0.28478103424112,0.0,4.0,4.0,3350.0,3301.0,0.0,0.17217540740966797,0.40482044219970703,0.5619922876358032,1.9098091125488281,2.0
dynamic,1,1,336,0.31789984107017516,0.29489158391952514,0.02300826514760653,0.29292011772592863,0.29292011772592863,0.0,4.0,4.0,3360.0,3301.0,0.0,0.17217540740966797,0.40482044219970703,0.5619922876358032,1.9098091125488281,2.0
dynamic,1,1,337,0.32322736938794455,0.3001905620098114,0.023036807179450988,0.2783761550486088,0.2783761550486088,0.0,4.0,4.0,3370.0,3301.0,0.0,0.17217540740966797,0.40482044219970703,0.5619922876358032,1.9098091125488281,2.0
dynamic,1,1,338,0.31393455584843954,0.2932359584172567,0.02069859822591146,0.2803585701684157,0.2803585701684157,0.0,4.0,4.0,3380.0,3301.0,0.0,0.17217540740966797,0.40482044219970703,0.5619922876358032,1.9098091125488281,2.0
dynamic,1,1,339,0.3140327485402425,0.2904714250564575,0.023561325371265412,0.28269514764348663,0.28269514764348663,0.0,4.0,4.0,3390.0,3301.0,0.0,0.17217540740966797,0.40482044219970703,0.5619922876358032,1.9098091125488281,2.0
dynamic,1,1,340,0.30439862569173176,0.28205249945322675,0.022346128523349763,0.2747725044687589,0.2747725044687589,0.0,4.0,4.0,3400.0,3301.0,0.0,0.17217540740966797,0.40482044219970703,0.5619922876358032,1.9098091125488281,2.0
dynamic,1,1,341,0.301090087890625,0.27951915899912516,0.021570924719174704,0.2762084369858106,0.2762084369858106,0.0,4.0,4.0,3410.0,3401.0,0.0,0.1631733626127243,0.4173259437084198,0.5829105377197266,0.8506759405136108,0.0
dynamic,1,1,342,0.31008227984110515,0.2886262273788452,0.021456054175893465,0.2875726307928562,0.2875726307928562,0.0,4.0,4.0,3420.0,3401.0,0.0,0.1631733626127243,0.4173259437084198,0.5829105377197266,0.8506759405136108,0.0
dynamic,1,1,343,0.3125181146462758,0.28895559191703796,0.02356252225736777,0.2847528018554052,0.2847528018554052,0.0,4.0,4.0,3430.0,3401.0,0.0,0.1631733626127243,0.4173259437084198,0.5829105377197266,0.8506759405136108,0.0
dynamic,1,1,344,0.3125574990113576,0.28970365166664125,0.02285384587943554,0.2695755403737227,0.2695755403737227,0.0,4.0,4.0,3440.0,3401.0,0.0,0.1631733626127243,0.4173259437084198,0.5829105377197266,0.8506759405136108,0.0
dynamic,1,1,345,0.2918105578422546,0.27191798309485116,0.019892576734224954,0.27751940285166105,0.27751940285166105,0.0,4.0,4.0,3450.0,3401.0,0.0,0.1631733626127243,0.4173259437084198,0.5829105377197266,0.8506759405136108,0.0
dynamic,1,1,346,0.30628836154937744,0.2824593444665273,0.023829017480214435,0.27770114049315453,0.27770114049315453,0.0,4.0,4.0,3460.0,3401.0,0.0,0.1631733626127243,0.4173259437084198,0.5829105377197266,0.8506759405136108,0.0
dynamic,1,1,347,0.30828672766685483,0.2852449623743693,0.023041759977738063,0.27237219259142875,0.27237219259142875,0.0,4.0,4.0,3470.0,3401.0,0.0,0.1631733626127243,0.4173259437084198,0.5829105377197266,0.8506759405136108,0.0
dynamic,1,1,348,0.30230104247728984,0.2801270671685537,0.02217397913336754,0.26349187900622684,0.26349187900622684,0.0,4.0,4.0,3480.0,3401.0,0.0,0.1631733626127243,0.4173259437084198,0.5829105377197266,0.8506759405136108,0.0
dynamic,1,1,349,0.2911422149340312,0.2707844881216685,0.020357729842265446,0.27106965805093447,0.27106965805093447,0.0,4.0,4.0,3490.0,3401.0,0.0,0.1631733626127243,0.4173259437084198,0.5829105377197266,0.8506759405136108,0.0
dynamic,1,1,350,0.3022961437702179,0.27946115255355836,0.02283499111731847,0.26699436783790587,0.26699436783790587,0.0,4.0,4.0,3500.0,3401.0,0.0,0.1631733626127243,0.4173259437084198,0.5829105377197266,0.8506759405136108,0.0
dynamic,1,1,351,0.29835130969683327,0.2762837533156077,0.02206755762298902,0.2628062115112941,0.2628062115112941,0.0,4.0,4.0,3510.0,3501.0,0.0,0.14116926491260529,0.322934627532959,0.4838089942932129,1.1270523071289062,1.0
dynamic,1,1,352,0.30656004826227823,0.2827432870864868,0.023816761424144108,0.26435119107365607,0.26435119107365607,0.0,4.0,4.0,3520.0,3501.0,0.0,0.14116926491260529,0.322934627532959,0.4838089942932129,1.1270523071289062,1.0
dynamic,1,1,353,0.3050853745142619,0.2825678014755249,0.02251757010817528,0.26084187150001525,0.26084187150001525,0.0,4.0,4.0,3530.0,3501.0,0.0,0.14116926491260529,0.322934627532959,0.4838089942932129,1.1270523071289062,1.0
dynamic,1,1,354,0.283160316546758,0.2627221989631653,0.02043811373412609,0.2628361161053181,0.2628361161053181,0.0,4.0,4.0,3540.0,3501.0,0.0,0.14116926491260529,0.322934627532959,0.4838089942932129,1.1270523071289062,1.0
dynamic,1,1,355,0.2928130129973094,0.27159738063812255,0.021215634296337764,0.2602763731777668,0.2602763731777668,0.0,4.0,4.0,3550.0,3501.0,0.0,0.14116926491260529,0.322934627532959,0.4838089942932129,1.1270523071289062,1.0
dynamic,1,1,356,0.28675421277681984,0.2663683565457662,0.02038585603237152,0.274902085463206,0.274902085463206,0.0,4.0,4.0,3560.0,3501.0,0.0,0.14116926491260529,0.322934627532959,0.4838089942932129,1.1270523071289062,1.0
dynamic,1,1,357,0.29358767906824745,0.2690805192788442,0.024507158199946085,0.26248930444320046,0.26248930444320046,0.0,4.0,4.0,3570.0,3501.0,0.0,0.14116926491260529,0.322934627532959,0.4838089942932129,1.1270523071289062,1.0
dynamic,1,1,358,0.288360728820165,0.26701231320699054,0.021348421797156333,0.2557422185440858,0.2557422185440858,0.0,4.0,4.0,3580.0,3501.0,0.0,0.14116926491260529,0.322934627532959,0.4838089942932129,1.1270523071289062,1.0
dynamic,1,1,359,0.2796556568145752,0.25887706836064656,0.020778584033250808,0.2653790104389191,0.2653790104389191,0.0,4.0,4.0,3590.0,3501.0,0.0,0.14116926491260529,0.322934627532959,0.4838089942932129,1.1270523071289062,1.0
dynamic,1,1,360,0.299948771794637,0.27718190431594847,0.022766872172554332,0.26358813007672627,0.26358813007672627,0.0,4.0,4.0,3600.0,3501.0,0.0,0.14116926491260529,0.322934627532959,0.4838089942932129,1.1270523071289062,1.0
dynamic,1,1,361,0.3016968003908793,0.27752535661061606,0.024171441992123923,0.25026012072960535,0.25026012072960535,0.0,4.0,4.0,3610.0,3601.0,0.0,0.2101808786392212,0.5206766128540039,0.7460112571716309,1.3805866241455078,7.0
dynamic,1,1,362,0.279510733683904,0.25931917945543925,0.020191552067796388,0.2557407015065352,0.2557407015065352,0.0,4.0,4.0,3620.0,3601.0,0.0,0.2101808786392212,0.5206766128540039,0.7460112571716309,1.3805866241455078,7.0
dynamic,1,1,363,0.28355443199475605,0.2614855575561523,0.02206887354453405,0.25688677340745925,0.25688677340745925,0.0,4.0,4.0,3630.0,3601.0,0.0,0.2101808786392212,0.5206766128540039,0.7460112571716309,1.3805866241455078,7.0
dynamic,1,1,364,0.28831677039464315,0.2643802205721537,0.023936550617218017,0.24510099445780117,0.24510099445780117,0.0,4.0,4.0,3640.0,3601.0,0.0,0.2101808786392212,0.5206766128540039,0.7460112571716309,1.3805866241455078,7.0
dynamic,1,1,365,0.28239020029703776,0.2609401247898738,0.02145007374385993,0.26166833127538364,0.26166833127538364,0.0,4.0,4.0,3650.0,3601.0,0.0,0.2101808786392212,0.5206766128540039,0.7460112571716309,1.3805866241455078,7.0
dynamic,1,1,366,0.2805308973789215,0.2575563983122508,0.02297450582186381,0.2471810007095337,0.2471810007095337,0.0,4.0,4.0,3660.0,3601.0,0.0,0.2101808786392212,0.5206766128540039,0.7460112571716309,1.3805866241455078,7.0
dynamic,1,1,367,0.26800376097361245,0.2476770579814911,0.02032670855522156,0.2450979267557462,0.2450979267557462,0.0,4.0,4.0,3670.0,3601.0,0.0,0.2101808786392212,0.5206766128540039,0.7460112571716309,1.3805866241455078,7.0
dynamic,1,1,368,0.2760218338171641,0.25432531972726186,0.02169651210308075,0.25710245698690415,0.25710245698690415,0.0,4.0,4.0,3680.0,3601.0,0.0,0.2101808786392212,0.5206766128540039,0.7460112571716309,1.3805866241455078,7.0
dynamic,1,1,369,0.2813614614804586,0.25892400244871777,0.02243746320406596,0.2434477191666762,0.2434477191666762,0.0,4.0,4.0,3690.0,3601.0,0.0,0.2101808786392212,0.5206766128540039,0.7460112571716309,1.3805866241455078,7.0
dynamic,1,1,370,0.270691788593928,0.2494387682278951,0.021253018975257873,0.256244673927625,0.256244673927625,0.0,4.0,4.0,3700.0,3601.0,0.0,0.2101808786392212,0.5206766128540039,0.7460112571716309,1.3805866241455078,7.0
dynamic,1,1,371,0.28636425415674843,0.26383626262346904,0.022527990986903508,0.24367708822091422,0.24367708822091422,0.0,4.0,4.0,3710.0,3701.0,0.0,0.17236065864562988,0.42638063430786133,0.5804967880249023,1.2175064086914062,2.0
dynamic,1,1,372,0.2643455878893534,0.24535194555918374,0.01899364672601223,0.23815105045835178,0.23815105045835178,0.0,4.0,4.0,3720.0,3701.0,0.0,0.17236065864562988,0.42638063430786133,0.5804967880249023,1.2175064086914062,2.0
dynamic,1,1,373,0.26914828022321063,0.24876985927422843,0.020378421917557718,0.25990329310297966,0.25990329310297966,0.0,4.0,4.0,3730.0,3701.0,0.0,0.17236065864562988,0.42638063430786133,0.5804967880249023,1.2175064086914062,2.0
dynamic,1,1,374,0.28259884973367055,0.259146333138148,0.02345251296957334,0.24457683915893236,0.24457683915893236,0.0,4.0,4.0,3740.0,3701.0,0.0,0.17236065864562988,0.42638063430786133,0.5804967880249023,1.2175064086914062,2.0
dynamic,1,1,375,0.27167771100997923,0.24964289685090382,0.022034812197089197,0.23443930049737294,0.23443930049737294,0.0,4.0,4.0,3750.0,3701.0,0.0,0.17236065864562988,0.42638063430786133,0.5804967880249023,1.2175064086914062,2.0
dynamic,1,1,376,0.26625516335169475,0.24596569379170735,0.02028946759800116,0.27052264114220936,0.27052264114220936,0.0,4.0,4.0,3760.0,3701.0,0.0,0.17236065864562988,0.42638063430786133,0.5804967880249023,1.2175064086914062,2.0
dynamic,1,1,377,0.2899839198589325,0.2662484550476074,0.023735465332865715,0.23633553052941958,0.23633553052941958,0.0,4.0,4.0,3770.0,3701.0,0.0,0.17236065864562988,0.42638063430786133,0.5804967880249023,1.2175064086914062,2.0
dynamic,1,1,378,0.26666224519411724,0.24676817655563354,0.019894066949685416,0.23349843541781107,0.23349843541781107,0.0,4.0,4.0,3780.0,3701.0,0.0,0.17236065864562988,0.42638063430786133,0.5804967880249023,1.2175064086914062,2.0
dynamic,1,1,379,0.2760008883476257,0.25317858676115673,0.022822302281856537,0.24063296059767406,0.24063296059767406,0.0,4.0,4.0,3790.0,3701.0,0.0,0.17236065864562988,0.42638063430786133,0.5804967880249023,1.2175064086914062,2.0
dynamic,1,1,380,0.2744302948315938,0.2511604261398315,0.0232698655128479,0.23229181652267775,0.23229181652267775,0.0,4.0,4.0,3800.0,3701.0,0.0,0.17236065864562988,0.42638063430786133,0.5804967880249023,1.2175064086914062,2.0
dynamic,1,1,381,0.2612621355056763,0.24131526450316113,0.019946870704491932,0.24217611913879714,0.24217611913879714,0.0,4.0,4.0,3810.0,3801.0,0.0,0.15645301342010498,0.3796544075012207,0.4907345771789551,0.9547529220581055,0.0
dynamic,1,1,382,0.27601631442705793,0.2526779158910116,0.023338397790988286,0.24163023496667543,0.24163023496667543,0.0,4.0,4.0,3820.0,3801.0,0.0,0.15645301342010498,0.3796544075012207,0.4907345771789551,0.9547529220581055,0.0
dynamic,1,1,383,0.2721200744311015,0.24953153053919475,0.022588540563980738,0.23218484749396642,0.23218484749396642,0.0,4.0,4.0,3830.0,3801.0,0.0,0.15645301342010498,0.3796544075012207,0.4907345771789551,0.9547529220581055,0.0
dynamic,1,1,384,0.2673529887199402,0.24541633943716684,0.021936649282773335,0.23980077321330706,0.23980077321330706,0.0,4.0,4.0,3840.0,3801.0,0.0,0.15645301342010498,0.3796544075012207,0.4907345771789551,0.9547529220581055,0.0
dynamic,1,1,385,0.2798130770524343,0.25650403141975403,0.023309044962128003,0.23183001870910327,0.23183001870910327,0.0,4.0,4.0,3850.0,3801.0,0.0,0.15645301342010498,0.3796544075012207,0.4907345771789551,0.9547529220581055,0.0
dynamic,1,1,386,0.27084327598412833,0.24883811811606088,0.02200515352189541,0.2348524083197117,0.2348524083197117,0.0,4.0,4.0,3860.0,3801.0,0.0,0.15645301342010498,0.3796544075012207,0.4907345771789551,0.9547529220581055,0.0
dynamic,1,1,387,0.2749920302629471,0.2516137021780014,0.02337832731505235,0.26289074882864955,0.26289074882864955,0.0,4.0,4.0,3870.0,3801.0,0.0,0.15645301342010498,0.3796544075012207,0.4907345771789551,0.9547529220581055,0.0
dynamic,1,1,388,0.2678228171666463,0.2448763664563497,0.022946448226769764,0.23123754029472668,0.23123754029472668,0.0,4.0,4.0,3880.0,3801.0,0.0,0.15645301342010498,0.3796544075012207,0.4907345771789551,0.9547529220581055,0.0
dynamic,1,1,389,0.2573048849900564,0.2361833659807841,0.02112152268489202,0.22730391432841618,0.22730391432841618,0.0,4.0,4.0,3890.0,3801.0,0.0,0.15645301342010498,0.3796544075012207,0.4907345771789551,0.9547529220581055,0.0
dynamic,1,1,390,0.2667034860452016,0.24444827377796174,0.02225521132349968,0.25414704615871114,0.25414704615871114,0.0,4.0,4.0,3900.0,3801.0,0.0,0.15645301342010498,0.3796544075012207,0.4907345771789551,0.9547529220581055,0.0
dynamic,1,1,391,0.26924220005671184,0.24746423562367756,0.021777964110175768,0.22230940769116084,0.22230940769116084,0.0,4.0,4.0,3910.0,3901.0,0.0,0.14972199499607086,0.3413194417953491,0.5000877380371094,1.0102357864379883,1.0
dynamic,1,1,392,0.26122004946072896,0.24189502636591592,0.019325025503834088,0.22258070409297942,0.22258070409297942,0.0,4.0,4.0,3920.0,3901.0,0.0,0.14972199499607086,0.3413194417953491,0.5000877380371094,1.0102357864379883,1.0
dynamic,1,1,393,0.27044946352640786,0.24781875928243002,0.022630701859792074,0.25166043122609455,0.25166043122609455,0.0,4.0,4.0,3930.0,3901.0,0.0,0.14972199499607086,0.3413194417953491,0.5000877380371094,1.0102357864379883,1.0
dynamic,1,1,394,0.26825313051541644,0.24447773655255636,0.02377539150416851,0.22544621412952742,0.22544621412952742,0.0,4.0,4.0,3940.0,3901.0,0.0,0.14972199499607086,0.3413194417953491,0.5000877380371094,1.0102357864379883,1.0
dynamic,1,1,395,0.25818899552027386,0.2370033057530721,0.0211856909096241,0.2259217849870523,0.2259217849870523,0.0,4.0,4.0,3950.0,3901.0,0.0,0.14972199499607086,0.3413194417953491,0.5000877380371094,1.0102357864379883,1.0
dynamic,1,1,396,0.25166316906611125,0.23128529667854308,0.020377868562936784,0.23926375423868498,0.23926375423868498,0.0,4.0,4.0,3960.0,3901.0,0.0,0.14972199499607086,0.3413194417953491,0.5000877380371094,1.0102357864379883,1.0
dynamic,1,1,397,0.26871097207069394,0.2460447859764099,0.022666188528140386,0.22576081588864327,0.22576081588864327,0.0,4.0,4.0,3970.0,3901.0,0.0,0.14972199499607086,0.3413194417953491,0.5000877380371094,1.0102357864379883,1.0
dynamic,1,1,398,0.25941375374794007,0.23746469140052795,0.021949062769611675,0.23165672808885573,0.23165672808885573,0.0,4.0,4.0,3980.0,3901.0,0.0,0.14972199499607086,0.3413194417953491,0.5000877380371094,1.0102357864379883,1.0
dynamic,1,1,399,0.2542686382929484,0.23311026235421498,0.021158373380700746,0.2300437260667483,0.2300437260667483,0.0,4.0,4.0,3990.0,3901.0,0.0,0.14972199499607086,0.3413194417953491,0.5000877380371094,1.0102357864379883,1.0
dynamic,1,1,400,0.25262270172437035,0.23140368580818177,0.021219019194444022,0.21874173780282338,0.21874173780282338,0.0,4.0,4.0,4000.0,3901.0,0.0,0.14972199499607086,0.3413194417953491,0.5000877380371094,1.0102357864379883,1.0
dynamic,1,1,401,0.24676775336265563,0.22680914163589477,0.019958614905675253,0.23340016836921373,0.23340016836921373,0.0,4.0,4.0,4010.0,4001.0,0.0,0.14197780191898346,0.3245469629764557,0.4424920082092285,0.8770389556884766,0.0
dynamic,1,1,402,0.2686561159292857,0.24472899357477823,0.02392712118724982,0.21834689711531002,0.21834689711531002,0.0,4.0,4.0,4020.0,4001.0,0.0,0.14197780191898346,0.3245469629764557,0.4424920082092285,0.8770389556884766,0.0
dynamic,1,1,403,0.24776519815127054,0.22782388846079507,0.01994130844871203,0.2158978208899498,0.2158978208899498,0.0,4.0,4.0,4030.0,4001.0,0.0,0.14197780191898346,0.3245469629764557,0.4424920082092285,0.8770389556884766,0.0
dynamic,1,1,404,0.27263447682062786,0.2501166703303655,0.022517806912461916,0.21967499410112698,0.21967499410112698,0.0,4.0,4.0,4040.0,4001.0,0.0,0.14197780191898346,0.3245469629764557,0.4424920082092285,0.8770389556884766,0.0
dynamic,1,1,405,0.25559669037659966,0.23156658709049224,0.024030105471611024,0.22328039546807607,0.22328039546807607,0.0,4.0,4.0,4050.0,4001.0,0.0,0.14197780191898346,0.3245469629764557,0.4424920082092285,0.8770389556884766,0.0
dynamic,1,1,406,0.25983014861742654,0.2366945970058441,0.02313555044432481,0.2161081275343895,0.2161081275343895,0.0,4.0,4.0,4060.0,4001.0,0.0,0.14197780191898346,0.3245469629764557,0.4424920082092285,0.8770389556884766,0.0
dynamic,1,1,407,0.25393088420232135,0.23270862718423208,0.021222259451945624,0.21440014496445656,0.21440014496445656,0.0,4.0,4.0,4070.0,4001.0,0.0,0.14197780191898346,0.3245469629764557,0.4424920082092285,0.8770389556884766,0.0
dynamic,1,1,408,0.2509240007400513,0.22900554418563843,0.021918453623851142,0.21464431156714758,0.21464431156714758,0.0,4.0,4.0,4080.0,4001.0,0.0,0.14197780191898346,0.3245469629764557,0.4424920082092285,0.8770389556884766,0.0
dynamic,1,1,409,0.24273603598276774,0.22253938337167103,0.0201966526110967,0.21862511858344078,0.21862511858344078,0.0,4.0,4.0,4090.0,4001.0,0.0,0.14197780191898346,0.3245469629764557,0.4424920082092285,0.8770389556884766,0.0
dynamic,1,1,410,0.24795639395713806,0.22713621020317076,0.020820182263851166,0.22230631202459336,0.22230631202459336,0.0,4.0,4.0,4100.0,4001.0,0.0,0.14197780191898346,0.3245469629764557,0.4424920082092285,0.8770389556884766,0.0
dynamic,1,1,411,0.24911871751149495,0.22607384085655213,0.02304487446943919,0.21260148252050082,0.21260148252050082,0.0,4.0,4.0,4110.0,4101.0,0.0,0.21521355211734772,0.4986463785171509,0.7354669570922852,2.020907402038574,4.0
dynamic,1,1,412,0.24073624730110169,0.2216629409790039,0.019073303466041882,0.21166403368115425,0.21166403368115425,0.0,4.0,4.0,4120.0,4101.0,0.0,0.21521355211734772,0.4986463785171509,0.7354669570922852,2.020907402038574,4.0
dynamic,1,1,413,0.2632038311163584,0.23862645785013833,0.024577374284466106,0.22275810753305753,0.22275810753305753,0.0,4.0,4.0,4130.0,4101.0,0.0,0.21521355211734772,0.4986463785171509,0.7354669570922852,2.020907402038574,4.0
dynamic,1,1,414,0.251524920463562,0.22844343026479086,0.023081487913926443,0.21216987734039625,0.21216987734039625,0.0,4.0,4.0,4140.0,4101.0,0.0,0.21521355211734772,0.4986463785171509,0.7354669570922852,2.020907402038574,4.0
dynamic,1,1,415,0.25034327507019044,0.2287753266096115,0.021567944486935935,0.21377235482136409,0.21377235482136409,0.0,4.0,4.0,4150.0,4101.0,0.0,0.21521355211734772,0.4986463785171509,0.7354669570922852,2.020907402038574,4.0
dynamic,1,1,416,0.24524636387825013,0.22316214084625244,0.022084218909343083,0.2136312870681286,0.2136312870681286,0.0,4.0,4.0,4160.0,4101.0,0.0,0.21521355211734772,0.4986463785171509,0.7354669570922852,2.020907402038574,4.0
dynamic,1,1,417,0.23661627749602,0.2162705914179484,0.020345685333013536,0.20769115000963212,0.20769115000963212,0.0,4.0,4.0,4170.0,4101.0,0.0,0.21521355211734772,0.4986463785171509,0.7354669570922852,2.020907402038574,4.0
dynamic,1,1,418,0.23946397682030995,0.2193772409359614,0.02008673531313737,0.2199130180478096,0.2199130180478096,0.0,4.0,4.0,4180.0,4101.0,0.0,0.21521355211734772,0.4986463785171509,0.7354669570922852,2.020907402038574,4.0
dynamic,1,1,419,0.26003363450368244,0.23649333775043488,0.023540293698509535,0.20756480241815248,0.20756480241815248,0.0,4.0,4.0,4190.0,4101.0,0.0,0.21521355211734772,0.4986463785171509,0.7354669570922852,2.020907402038574,4.0
dynamic,1,1,420,0.2485185064872106,0.22844903469085692,0.02006947122514248,0.20767620474100112,0.20767620474100112,0.0,4.0,4.0,4200.0,4101.0,0.0,0.21521355211734772,0.4986463785171509,0.7354669570922852,2.020907402038574,4.0
dynamic,1,1,421,0.24988651037216186,0.22726555009682972,0.02262096385161082,0.21804785922169687,0.21804785922169687,0.0,4.0,4.0,4210.0,4201.0,0.0,0.1917722374200821,0.4496650695800781,0.6673083305358887,1.8648643493652344,2.0
dynamic,1,1,422,0.2590102430184682,0.23467381715774535,0.02433642846842607,0.20864704345663387,0.20864704345663387,0.0,4.0,4.0,4220.0,4201.0,0.0,0.1917722374200821,0.4496650695800781,0.6673083305358887,1.8648643493652344,2.0
dynamic,1,1,423,0.24983009934425354,0.22695196906725565,0.02287812888622284,0.20319164017836253,0.20319164017836253,0.0,4.0,4.0,4230.0,4201.0,0.0,0.1917722374200821,0.4496650695800781,0.6673083305358887,1.8648643493652344,2.0
dynamic,1,1,424,0.23815746406714122,0.21720128993193308,0.020956174979607264,0.21651619498928387,0.21651619498928387,0.0,4.0,4.0,4240.0,4201.0,0.0,0.1917722374200821,0.4496650695800781,0.6673083305358887,1.8648643493652344,2.0
dynamic,1,1,425,0.2390600683291753,0.21667619268099467,0.0223838738600413,0.21158357312281925,0.21158357312281925,0.0,4.0,4.0,4250.0,4201.0,0.0,0.1917722374200821,0.4496650695800781,0.6673083305358887,1.8648643493652344,2.0
dynamic,1,1,426,0.24604999860127766,0.22359603901704153,0.022453957001368204,0.20426007275780042,0.20426007275780042,0.0,4.0,4.0,4260.0,4201.0,0.0,0.1917722374200821,0.4496650695800781,0.6673083305358887,1.8648643493652344,2.0
dynamic,1,1,427,0.23855960687001546,0.21799614747365315,0.020563462004065513,0.21318955684701602,0.21318955684701602,0.0,4.0,4.0,4270.0,4201.0,0.0,0.1917722374200821,0.4496650695800781,0.6673083305358887,1.8648643493652344,2.0
dynamic,1,1,428,0.2396311835447947,0.21827582895755768,0.021355356102188427,0.20883465791742006,0.20883465791742006,0.0,4.0,4.0,4280.0,4201.0,0.0,0.1917722374200821,0.4496650695800781,0.6673083305358887,1.8648643493652344,2.0
dynamic,1,1,429,0.24873509208361308,0.22522761782010398,0.02350747471054395,0.20116243402163186,0.20116243402163186,0.0,4.0,4.0,4290.0,4201.0,0.0,0.1917722374200821,0.4496650695800781,0.6673083305358887,1.8648643493652344,2.0
dynamic,1,1,430,0.23161067088445028,0.21085377236207326,0.02075690060853958,0.2019630456964175,0.2019630456964175,0.0,4.0,4.0,4300.0,4201.0,0.0,0.1917722374200821,0.4496650695800781,0.6673083305358887,1.8648643493652344,2.0
dynamic,1,1,431,0.23974080661932629,0.2178228344519933,0.02191797209282716,0.22045321653286615,0.22045321653286615,0.0,4.0,4.0,4310.0,4301.0,0.0,0.16745105385780334,0.3579692840576172,0.4733247756958008,1.2409515380859375,1.0
dynamic,1,1,432,0.24431660254796347,0.22214266459147136,0.02217393959561984,0.19846012885371844,0.19846012885371844,0.0,4.0,4.0,4320.0,4301.0,0.0,0.16745105385780334,0.3579692840576172,0.4733247756958008,1.2409515380859375,1.0
dynamic,1,1,433,0.22837157746156056,0.20873945673306782,0.019632120952010154,0.19780972734093666,0.19780972734093666,0.0,4.0,4.0,4330.0,4301.0,0.0,0.16745105385780334,0.3579692840576172,0.4733247756958008,1.2409515380859375,1.0
dynamic,1,1,434,0.23170045574506123,0.21117713729540508,0.020523317481080692,0.21811199257771174,0.21811199257771174,0.0,4.0,4.0,4340.0,4301.0,0.0,0.16745105385780334,0.3579692840576172,0.4733247756958008,1.2409515380859375,1.0
dynamic,1,1,435,0.2502201696236928,0.22496346990267435,0.02525670183201631,0.20295728663603466,0.20295728663603466,0.0,4.0,4.0,4350.0,4301.0,0.0,0.16745105385780334,0.3579692840576172,0.4733247756958008,1.2409515380859375,1.0
dynamic,1,1,436,0.23620932340621947,0.21288086732228598,0.023328456605474154,0.1988257699708144,0.1988257699708144,0.0,4.0,4.0,4360.0,4301.0,0.0,0.16745105385780334,0.3579692840576172,0.4733247756958008,1.2409515380859375,1.0
dynamic,1,1,437,0.23572557270526887,0.21243380347887675,0.023291769549250604,0.1961987030506134,0.1961987030506134,0.0,4.0,4.0,4370.0,4301.0,0.0,0.16745105385780334,0.3579692840576172,0.4733247756958008,1.2409515380859375,1.0
dynamic,1,1,438,0.2410287078221639,0.21811905304590862,0.022909653633832933,0.21605447406570116,0.21605447406570116,0.0,4.0,4.0,4380.0,4301.0,0.0,0.16745105385780334,0.3579692840576172,0.4733247756958008,1.2409515380859375,1.0
dynamic,1,1,439,0.24322893023490905,0.2190078639984131,0.024221065292755764,0.19906159435709317,0.19906159435709317,0.0,4.0,4.0,4390.0,4301.0,0.0,0.16745105385780334,0.3579692840576172,0.4733247756958008,1.2409515380859375,1.0
dynamic,1,1,440,0.22237726012865702,0.20221803784370423,0.02015922153989474,0.1948584838708242,0.1948584838708242,0.0,4.0,4.0,4400.0,4301.0,0.0,0.16745105385780334,0.3579692840576172,0.4733247756958008,1.2409515380859375,1.0
dynamic,1,1,441,0.2231223201751709,0.20254585067431133,0.0205764685322841,0.19467713043093682,0.19467713043093682,0.0,4.0,4.0,4410.0,4401.0,0.0,0.13278725743293762,0.3267824649810791,0.390217661857605,0.9258909225463867,0.0
dynamic,1,1,442,0.23315767844518026,0.21029082655906678,0.022866851290067037,0.22200945327679317,0.22200945327679317,0.0,4.0,4.0,4420.0,4401.0,0.0,0.13278725743293762,0.3267824649810791,0.390217661857605,0.9258909225463867,0.0
dynamic,1,1,443,0.23269735097885133,0.20879190723101299,0.023905446032683055,0.1993387373785178,0.1993387373785178,0.0,4.0,4.0,4430.0,4401.0,0.0,0.13278725743293762,0.3267824649810791,0.390217661857605,0.9258909225463867,0.0
dynamic,1,1,444,0.22338441650072732,0.20190255026022594,0.021481867854793866,0.19605708127220473,0.19605708127220473,0.0,4.0,4.0,4440.0,4401.0,0.0,0.13278725743293762,0.3267824649810791,0.390217661857605,0.9258909225463867,0.0
dynamic,1,1,445,0.23546356399854024,0.21167541901270548,0.023788144638140996,0.22813410113255184,0.22813410113255184,0.0,4.0,4.0,4450.0,4401.0,0.0,0.13278725743293762,0.3267824649810791,0.390217661857605,0.9258909225463867,0.0
dynamic,1,1,446,0.24643259326616923,0.22114824096361796,0.025284353494644165,0.19812828128536542,0.19812828128536542,0.0,4.0,4.0,4460.0,4401.0,0.0,0.13278725743293762,0.3267824649810791,0.390217661857605,0.9258909225463867,0.0
dynamic,1,1,447,0.2182359186808268,0.1971480025847753,0.021087916443745296,0.19293161128958067,0.19293161128958067,0.0,4.0,4.0,4470.0,4401.0,0.0,0.13278725743293762,0.3267824649810791,0.390217661857605,0.9258909225463867,0.0
dynamic,1,1,448,0.22335381070772806,0.20080662846565248,0.022547180900971096,0.19431494856874149,0.19431494856874149,0.0,4.0,4.0,4480.0,4401.0,0.0,0.13278725743293762,0.3267824649810791,0.390217661857605,0.9258909225463867,0.0
dynamic,1,1,449,0.22947699666023255,0.2065123506387075,0.02296465034286181,0.19252783219019573,0.19252783219019573,0.0,4.0,4.0,4490.0,4401.0,0.0,0.13278725743293762,0.3267824649810791,0.390217661857605,0.9258909225463867,0.0
dynamic,1,1,450,0.22567679504553476,0.20429084718227386,0.02138594927887122,0.19243322903911272,0.19243322903911272,0.0,4.0,4.0,4500.0,4401.0,0.0,0.13278725743293762,0.3267824649810791,0.390217661857605,0.9258909225463867,0.0
dynamic,1,1,451,0.22122992773850758,0.19878197928269703,0.022447946468989056,0.2120510689417521,0.2120510689417521,0.0,4.0,4.0,4510.0,4501.0,0.0,0.1612950563430786,0.34707164764404297,0.4625755548477173,1.3065881729125977,1.0
dynamic,1,1,452,0.23772626241048178,0.21257373134295146,0.025152529527743658,0.1955009455482165,0.1955009455482165,0.0,4.0,4.0,4520.0,4501.0,0.0,0.1612950563430786,0.34707164764404297,0.4625755548477173,1.3065881729125977,1.0
dynamic,1,1,453,0.22980746785799663,0.20664396246274314,0.023163508027791976,0.19542778328061103,0.19542778328061103,0.0,4.0,4.0,4530.0,4501.0,0.0,0.1612950563430786,0.34707164764404297,0.4625755548477173,1.3065881729125977,1.0
dynamic,1,1,454,0.21941396792729695,0.19828013300895692,0.021133834968010586,0.1900904196004073,0.1900904196004073,0.0,4.0,4.0,4540.0,4501.0,0.0,0.1612950563430786,0.34707164764404297,0.4625755548477173,1.3065881729125977,1.0
dynamic,1,1,455,0.23584369858105977,0.20982468803723653,0.02601900910337766,0.20083928580085436,0.20083928580085436,0.0,4.0,4.0,4550.0,4501.0,0.0,0.1612950563430786,0.34707164764404297,0.4625755548477173,1.3065881729125977,1.0
dynamic,1,1,456,0.23568768461545309,0.21166730523109437,0.024020379011829695,0.18899584333101907,0.18899584333101907,0.0,4.0,4.0,4560.0,4501.0,0.0,0.1612950563430786,0.34707164764404297,0.4625755548477173,1.3065881729125977,1.0
dynamic,1,1,457,0.21722194055716196,0.19596333940823873,0.021258600875735282,0.21084820891420047,0.21084820891420047,0.0,4.0,4.0,4570.0,4501.0,0.0,0.1612950563430786,0.34707164764404297,0.4625755548477173,1.3065881729125977,1.0
dynamic,1,1,458,0.2548919367790222,0.22845062454541523,0.026441314468781153,0.1925006070236365,0.1925006070236365,0.0,4.0,4.0,4580.0,4501.0,0.0,0.1612950563430786,0.34707164764404297,0.4625755548477173,1.3065881729125977,1.0
dynamic,1,1,459,0.21802843868732452,0.19668277939160664,0.021345659643411636,0.18807117372751236,0.18807117372751236,0.0,4.0,4.0,4590.0,4501.0,0.0,0.1612950563430786,0.34707164764404297,0.4625755548477173,1.3065881729125977,1.0
dynamic,1,1,460,0.22031744877497356,0.1998137899239858,0.02050365721186002,0.19348198249936105,0.19348198249936105,0.0,4.0,4.0,4600.0,4501.0,0.0,0.1612950563430786,0.34707164764404297,0.4625755548477173,1.3065881729125977,1.0
dynamic,1,1,461,0.23482768774032592,0.21200705647468568,0.022820631215969722,0.18568523625532787,0.18568523625532787,0.0,4.0,4.0,4610.0,4601.0,0.0,0.16979262232780457,0.4446931481361389,0.5417783260345459,1.4133014678955078,1.0
dynamic,1,1,462,0.2147592657804489,0.19388301074504852,0.020876254960894583,0.19461432228485742,0.19461432228485742,0.0,4.0,4.0,4620.0,4601.0,0.0,0.16979262232780457,0.4446931481361389,0.5417783260345459,1.4133014678955078,1.0
dynamic,1,1,463,0.2414336665471395,0.2163288935025533,0.025104771157105764,0.20431588659683864,0.20431588659683864,0.0,4.0,4.0,4630.0,4601.0,0.0,0.16979262232780457,0.4446931481361389,0.5417783260345459,1.4133014678955078,1.0
dynamic,1,1,464,0.21811386187871298,0.19652973353862763,0.0215841273466746,0.18379390155275663,0.18379390155275663,0.0,4.0,4.0,4640.0,4601.0,0.0,0.16979262232780457,0.4446931481361389,0.5417783260345459,1.4133014678955078,1.0
dynamic,1,1,465,0.20876953224341074,0.18800405820210775,0.020765473768115043,0.22629621947805087,0.22629621947805087,0.0,4.0,4.0,4650.0,4601.0,0.0,0.16979262232780457,0.4446931481361389,0.5417783260345459,1.4133014678955078,1.0
dynamic,1,1,466,0.23756678620974223,0.21110681354999541,0.02645997593800227,0.19049340163667997,0.19049340163667997,0.0,4.0,4.0,4660.0,4601.0,0.0,0.16979262232780457,0.4446931481361389,0.5417783260345459,1.4133014678955078,1.0
dynamic,1,1,467,0.21638842125733693,0.19545335988203685,0.020935063585639,0.1825302454829216,0.1825302454829216,0.0,4.0,4.0,4670.0,4601.0,0.0,0.16979262232780457,0.4446931481361389,0.5417783260345459,1.4133014678955078,1.0
dynamic,1,1,468,0.23213206529617308,0.20860300600528717,0.02352906028429667,0.2173126723865668,0.2173126723865668,0.0,4.0,4.0,4680.0,4601.0,0.0,0.16979262232780457,0.4446931481361389,0.5417783260345459,1.4133014678955078,1.0
dynamic,1,1,469,0.24035481015841167,0.21470459640026093,0.025650217160582543,0.19610940809051194,0.19610940809051194,0.0,4.0,4.0,4690.0,4601.0,0.0,0.16979262232780457,0.4446931481361389,0.5417783260345459,1.4133014678955078,1.0
dynamic,1,1,470,0.23328798274199167,0.20898282508055369,0.02430515711506208,0.1828559129933516,0.1828559129933516,0.0,4.0,4.0,4700.0,4601.0,0.0,0.16979262232780457,0.4446931481361389,0.5417783260345459,1.4133014678955078,1.0
dynamic,1,1,471,0.21937135696411134,0.1968514480193456,0.022519911428292592,0.20732636029521626,0.20732636029521626,0.0,4.0,4.0,4710.0,4701.0,0.0,0.15068358182907104,0.363528847694397,0.4842624068260193,1.2017269134521484,2.0
dynamic,1,1,472,0.22268077691396077,0.19782740970452625,0.024853366017341613,0.19116235171755155,0.19116235171755155,0.0,4.0,4.0,4720.0,4701.0,0.0,0.15068358182907104,0.363528847694397,0.4842624068260193,1.2017269134521484,2.0
dynamic,1,1,473,0.22148885369300841,0.1980800066391627,0.02340884874264399,0.18568888222177823,0.18568888222177823,0.0,4.0,4.0,4730.0,4701.0,0.0,0.15068358182907104,0.363528847694397,0.4842624068260193,1.2017269134521484,2.0
dynamic,1,1,474,0.22088064153989156,0.19746238986651102,0.023418250530958175,0.22698570027947426,0.22698570027947426,0.0,4.0,4.0,4740.0,4701.0,0.0,0.15068358182907104,0.363528847694397,0.4842624068260193,1.2017269134521484,2.0
dynamic,1,1,475,0.24317991137504577,0.21796943147977194,0.02521047813196977,0.19376187031467756,0.19376187031467756,0.0,4.0,4.0,4750.0,4701.0,0.0,0.15068358182907104,0.363528847694397,0.4842624068260193,1.2017269134521484,2.0
dynamic,1,1,476,0.21576918045679727,0.19346018075942994,0.022308997189005215,0.18124176805218062,0.18124176805218062,0.0,4.0,4.0,4760.0,4701.0,0.0,0.15068358182907104,0.363528847694397,0.4842624068260193,1.2017269134521484,2.0
dynamic,1,1,477,0.23297873695691426,0.20916540304819742,0.023813335994879406,0.1810674433906873,0.1810674433906873,0.0,4.0,4.0,4770.0,4701.0,0.0,0.15068358182907104,0.363528847694397,0.4842624068260193,1.2017269134521484,2.0
dynamic,1,1,478,0.21786603450775147,0.1948689874013265,0.022997046038508415,0.20979497795303662,0.20979497795303662,0.0,4.0,4.0,4780.0,4701.0,0.0,0.15068358182907104,0.363528847694397,0.4842624068260193,1.2017269134521484,2.0
dynamic,1,1,479,0.2253005673487981,0.2020427542924881,0.023257810398936273,0.18102015942335128,0.18102015942335128,0.0,4.0,4.0,4790.0,4701.0,0.0,0.15068358182907104,0.363528847694397,0.4842624068260193,1.2017269134521484,2.0
dynamic,1,1,480,0.21749240159988403,0.19514597018559773,0.022346428881088894,0.22124803041418392,0.22124803041418392,0.0,4.0,4.0,4800.0,4701.0,0.0,0.15068358182907104,0.363528847694397,0.4842624068260193,1.2017269134521484,2.0
dynamic,1,1,481,0.21709964791933695,0.1939007157087326,0.023198931912581124,0.18244362577795983,0.18244362577795983,0.0,4.0,4.0,4810.0,4801.0,0.0,0.17840933799743652,0.4493110179901123,0.630307137966156,1.2243995666503906,1.0
dynamic,1,1,482,0.2182074197133382,0.19574786335229874,0.022459558447202047,0.18653152644634247,0.18653152644634247,0.0,4.0,4.0,4820.0,4801.0,0.0,0.17840933799743652,0.4493110179901123,0.630307137966156,1.2243995666503906,1.0
dynamic,1,1,483,0.21359755436579386,0.18999118129412332,0.023606376151243846,0.21113845840096473,0.21113845840096473,0.0,4.0,4.0,4830.0,4801.0,0.0,0.17840933799743652,0.4493110179901123,0.630307137966156,1.2243995666503906,1.0
dynamic,1,1,484,0.21943632026513418,0.19458061059315998,0.024855709224939345,0.17704002802570662,0.17704002802570662,0.0,4.0,4.0,4840.0,4801.0,0.0,0.17840933799743652,0.4493110179901123,0.630307137966156,1.2243995666503906,1.0
dynamic,1,1,485,0.20099871277809142,0.1812932946284612,0.019705417578419048,0.18954672753810883,0.18954672753810883,0.0,4.0,4.0,4850.0,4801.0,0.0,0.17840933799743652,0.4493110179901123,0.630307137966156,1.2243995666503906,1.0
dynamic,1,1,486,0.2307646894454956,0.20563491304715475,0.025129774461189906,0.1901067448159059,0.1901067448159059,0.0,4.0,4.0,4860.0,4801.0,0.0,0.17840933799743652,0.4493110179901123,0.630307137966156,1.2243995666503906,1.0
dynamic,1,1,487,0.21282055179278056,0.19005592048168182,0.02276463304956754,0.17596480508645376,0.17596480508645376,0.0,4.0,4.0,4870.0,4801.0,0.0,0.17840933799743652,0.4493110179901123,0.630307137966156,1.2243995666503906,1.0
dynamic,1,1,488,0.22382633129755655,0.20068031072616577,0.023146018286546072,0.2145866852502028,0.2145866852502028,0.0,4.0,4.0,4880.0,4801.0,0.0,0.17840933799743652,0.4493110179901123,0.630307137966156,1.2243995666503906,1.0
dynamic,1,1,489,0.229390859802564,0.2044882720708847,0.024902588178714116,0.18312511896093686,0.18312511896093686,0.0,4.0,4.0,4890.0,4801.0,0.0,0.17840933799743652,0.4493110179901123,0.630307137966156,1.2243995666503906,1.0
dynamic,1,1,490,0.21171602010726928,0.18904974043369294,0.02266627868016561,0.17668581282099088,0.17668581282099088,0.0,4.0,4.0,4900.0,4801.0,0.0,0.17840933799743652,0.4493110179901123,0.630307137966156,1.2243995666503906,1.0
dynamic,1,1,491,0.20229363501071929,0.17948695133129755,0.022806681444247565,0.2015269850194454,0.2015269850194454,0.0,4.0,4.0,4910.0,4901.0,0.0,0.15974491834640503,0.3956340551376343,0.4895634353160858,0.86773681640625,0.0
dynamic,1,1,492,0.2259941041469574,0.19967655797799427,0.0263175472120444,0.17982907935976983,0.17982907935976983,0.0,4.0,4.0,4920.0,4901.0,0.0,0.15974491834640503,0.3956340551376343,0.4895634353160858,0.86773681640625,0.0
dynamic,1,1,493,0.2206321406364441,0.19674126029014588,0.02389087716738383,0.17928586731354396,0.17928586731354396,0.0,4.0,4.0,4930.0,4901.0,0.0,0.15974491834640503,0.3956340551376343,0.4895634353160858,0.86773681640625,0.0
dynamic,1,1,494,0.21221968154112497,0.1890162738164266,0.023203408320744832,0.20371848478913307,0.20371848478913307,0.0,4.0,4.0,4940.0,4901.0,0.0,0.15974491834640503,0.3956340551376343,0.4895634353160858,0.86773681640625,0.0
dynamic,1,1,495,0.23141458173592885,0.2066119142373403,0.024802667622764906,0.18154001360138258,0.18154001360138258,0.0,4.0,4.0,4950.0,4901.0,0.0,0.15974491834640503,0.3956340551376343,0.4895634353160858,0.86773681640625,0.0
dynamic,1,1,496,0.21251313328742982,0.18937225580215455,0.023140877584616342,0.17636877169211707,0.17636877169211707,0.0,4.0,4.0,4960.0,4901.0,0.0,0.15974491834640503,0.3956340551376343,0.4895634353160858,0.86773681640625,0.0
dynamic,1,1,497,0.2155668552716573,0.19240436693032584,0.023162486578027407,0.17684475829203924,0.17684475829203924,0.0,4.0,4.0,4970.0,4901.0,0.0,0.15974491834640503,0.3956340551376343,0.4895634353160858,0.86773681640625,0.0
dynamic,1,1,498,0.2188224991162618,0.19411536435286203,0.024707135185599326,0.1825009628633658,0.1825009628633658,0.0,4.0,4.0,4980.0,4901.0,0.0,0.15974491834640503,0.3956340551376343,0.4895634353160858,0.86773681640625,0.0
dynamic,1,1,499,0.234088613986969,0.20937875548998514,0.02470985770225525,0.18904582177599272,0.18904582177599272,0.0,4.0,4.0,4990.0,4901.0,0.0,0.15974491834640503,0.3956340551376343,0.4895634353160858,0.86773681640625,0.0
dynamic,1,1,500,0.21360406478246052,0.189676011800766,0.023928055266539256,0.18176792378226916,0.18176792378226916,0.0,4.0,4.0,5000.0,4901.0,0.0,0.15974491834640503,0.3956340551376343,0.4895634353160858,0.86773681640625,0.0
